
$ python3 /home/ivo/Evaluation-of-Live-Migration-Strategies-at-the-Edge/Network-live-migration/scripts/setup/reset_nodes.py edge-node-1 edge-node-2 edge-host-1 10.138.215.250
[06:42:30] Resetting nodes: edge-node-1 -> edge-node-2 (server: edge-host-1, vip: 10.138.215.250)
[06:42:30] Step 1: Killing any existing processes on source...
[06:42:31]   Killing PID 126538 (from /home/ubuntu/tcp_client.pid)
[06:42:32]   Killing PID 126538 (from /home/ubuntu/client.pid)
[06:42:32]   Killing any remaining background processes...
[06:42:34] Step 2: Cleaning source node...
[06:42:35] Step 3: Cleaning destination node...
[06:42:36]   Killing PID 126538 on destination (from /home/ubuntu/tcp_client.pid)
[06:42:37]   Killing PID 126538 on destination (from /home/ubuntu/client.pid)
[06:42:37]   Killing all remaining TCP processes on destination...
[06:42:41] Step 4: Cleaning server node (edge-host-1)...
[06:42:42]   Killing PID 557044 on server (from /home/ubuntu/tcp_server.pid)
[06:42:44] ✓ Reset complete, nodes are clean
[06:42:44]   Next: Start your application
[exit=0]

$ bash /home/ivo/Evaluation-of-Live-Migration-Strategies-at-the-Edge/Network-live-migration/scripts/workloads/start_tcp_server.sh edge-host-1 5000
[tcp-server] Ensuring tcp-howto binary on edge-host-1...
[tcp-server] Reusing existing /tmp/tcp-howto on edge-host-1
[tcp-server] Starting on edge-host-1 (port 5000)...
[tcp-server] Waiting for listen...
✓ TCP server listening on edge-host-1:5000
[tcp-server] Logs: multipass exec edge-host-1 -- tail -f /home/ubuntu/tcp_server.out
[exit=0]

$ bash /home/ivo/Evaluation-of-Live-Migration-Strategies-at-the-Edge/Network-live-migration/scripts/workloads/start_tcp_client.sh edge-node-1 edge-host-1 5000
[tcp-client] Server endpoint: 10.138.215.36:5000
[tcp-client] Client VIP: 10.138.215.250
[tcp-client] Ensuring tcp-howto binary on edge-node-1...
[tcp-client] Transferring tcp-howto.c to edge-node-1...
[tcp-client] Compiling on edge-node-1...
[tcp-client] Ensuring VIP 10.138.215.250 is present on edge-node-1...
ARPING 10.138.215.250 from 10.138.215.250 ens3
Sent 3 probes (3 broadcast(s))
Received 0 response(s)
[tcp-client] Starting on edge-node-1...
[tcp-client] Waiting for established TCP connection...
✓ TCP client connected (PID: 2965)
[tcp-client] Logs: multipass exec edge-node-1 -- tail -f /home/ubuntu/tcp_client.out
[exit=0]

$ python3 /home/ivo/Evaluation-of-Live-Migration-Strategies-at-the-Edge/Network-live-migration/scripts/orchestrators/tcp_client_benchmark.py cold --source edge-node-1 --dest edge-node-2 --server edge-host-1 --transfer-mode host --run-id 05-05-2026-host-cold-0020 --csv /home/ivo/Evaluation-of-Live-Migration-Strategies-at-the-Edge/Network-live-migration/metrics/migration_metrics.csv --profile-name 4_Starlink --relay-node edge-host-1
[06:42:54] === TCP CLIENT MIGRATION ===
[06:42:54] Run ID: 05-05-2026-host-cold-0020
[06:42:54] Source: edge-node-1, Dest: edge-node-2
[06:42:54] Server: edge-host-1
[06:42:54] Transfer mode: host
[06:42:54] Relay node: edge-host-1

[06:42:54] === TCP CLIENT COLD MIGRATION ===
[06:42:54] Step 1: Checking source client process...
[06:42:54]   Using PID from /home/ubuntu/tcp_client.pid: 2965
[06:42:55]   Server connections so far: 1
[06:42:56] Step 2: Dumping client with CRIU (--tcp-established)...
[06:42:56] Step 2.5: Moving VIP to destination...
[06:42:57]   Moving VIP 10.138.215.250 from edge-node-1:ens3 -> edge-node-2:ens3
[06:43:01] Step 3: Creating archive...
[06:43:02] Step 4: Transferring archive...
  Transferring /home/ubuntu/CRIU-tcp-client.tar.gz via relay node edge-host-1...
Setting up SSH trust: edge-node-1 → ubuntu@10.138.215.36
  Adding public key to destination's authorized_keys...
  Testing SSH connectivity...
  ✓ SSH trust ready
Setting up SSH trust: edge-host-1 → ubuntu@10.138.215.137
  Adding public key to destination's authorized_keys...
  Testing SSH connectivity...
  ✓ SSH trust ready
[06:43:15] Step 5: Unpacking on destination...
[06:43:16] Step 6: Preparing restore environment...
[06:43:16]   /tmp/tcp-howto missing on destination, copying from source...
[06:43:17] Step 7: Restoring client with CRIU (--tcp-established)...
[06:43:18]   Restored PID: 2965
[06:43:18] Step 8: Verifying connection continuity...
[06:43:21]   Client output (tail): PP 5 -> 5
[06:43:21]   Server connections so far: 1
[06:43:21] ✓ SUCCESS: Client restored and TCP socket appears established
[06:43:21] Total downtime: 14220 ms
[06:43:21] Metrics saved to /home/ivo/Evaluation-of-Live-Migration-Strategies-at-the-Edge/Network-live-migration/metrics/migration_metrics.csv
[exit=0]

$ python3 /home/ivo/Evaluation-of-Live-Migration-Strategies-at-the-Edge/Network-live-migration/scripts/setup/reset_nodes.py edge-node-1 edge-node-2 edge-host-1 10.138.215.250
[06:43:22] Resetting nodes: edge-node-1 -> edge-node-2 (server: edge-host-1, vip: 10.138.215.250)
[06:43:22] Step 1: Killing any existing processes on source...
[06:43:22]   Killing PID 2965 (from /home/ubuntu/tcp_client.pid)
[06:43:23]   Killing PID 2965 (from /home/ubuntu/client.pid)
[06:43:23]   Killing any remaining background processes...
[06:43:25] Step 2: Cleaning source node...
[06:43:26] Step 3: Cleaning destination node...
[06:43:27]   Killing PID 2965 on destination (from /home/ubuntu/tcp_client.pid)
[06:43:27]   Killing PID 2965 on destination (from /home/ubuntu/client.pid)
[06:43:28]   Killing all remaining TCP processes on destination...
[06:43:31] Step 4: Cleaning server node (edge-host-1)...
[06:43:31]   Killing PID 564430 on server (from /home/ubuntu/tcp_server.pid)
[06:43:34] ✓ Reset complete, nodes are clean
[06:43:34]   Next: Start your application
[exit=0]

$ bash /home/ivo/Evaluation-of-Live-Migration-Strategies-at-the-Edge/Network-live-migration/scripts/workloads/start_tcp_server.sh edge-host-1 5000
[tcp-server] Ensuring tcp-howto binary on edge-host-1...
[tcp-server] Reusing existing /tmp/tcp-howto on edge-host-1
[tcp-server] Starting on edge-host-1 (port 5000)...
[tcp-server] Waiting for listen...
✓ TCP server listening on edge-host-1:5000
[tcp-server] Logs: multipass exec edge-host-1 -- tail -f /home/ubuntu/tcp_server.out
[exit=0]

$ bash /home/ivo/Evaluation-of-Live-Migration-Strategies-at-the-Edge/Network-live-migration/scripts/workloads/start_tcp_client.sh edge-node-1 edge-host-1 5000
[tcp-client] Server endpoint: 10.138.215.36:5000
[tcp-client] Client VIP: 10.138.215.250
[tcp-client] Ensuring tcp-howto binary on edge-node-1...
[tcp-client] Reusing existing /tmp/tcp-howto on edge-node-1
[tcp-client] Ensuring VIP 10.138.215.250 is present on edge-node-1...
ARPING 10.138.215.250 from 10.138.215.250 ens3
Sent 3 probes (3 broadcast(s))
Received 0 response(s)
[tcp-client] Starting on edge-node-1...
[tcp-client] Waiting for established TCP connection...
✓ TCP client connected (PID: 4941)
[tcp-client] Logs: multipass exec edge-node-1 -- tail -f /home/ubuntu/tcp_client.out
[exit=0]

$ python3 /home/ivo/Evaluation-of-Live-Migration-Strategies-at-the-Edge/Network-live-migration/scripts/orchestrators/tcp_client_benchmark.py cold --source edge-node-1 --dest edge-node-2 --server edge-host-1 --transfer-mode host --run-id 05-05-2026-host-cold-0021 --csv /home/ivo/Evaluation-of-Live-Migration-Strategies-at-the-Edge/Network-live-migration/metrics/migration_metrics.csv --profile-name 4_Starlink --relay-node edge-host-1
[06:43:43] === TCP CLIENT MIGRATION ===
[06:43:43] Run ID: 05-05-2026-host-cold-0021
[06:43:43] Source: edge-node-1, Dest: edge-node-2
[06:43:43] Server: edge-host-1
[06:43:43] Transfer mode: host
[06:43:43] Relay node: edge-host-1

[06:43:43] === TCP CLIENT COLD MIGRATION ===
[06:43:43] Step 1: Checking source client process...
[06:43:43]   Using PID from /home/ubuntu/tcp_client.pid: 4941
[06:43:44]   Server connections so far: 1
[06:43:44] Step 2: Dumping client with CRIU (--tcp-established)...
[06:43:45] Step 2.5: Moving VIP to destination...
[06:43:45]   Moving VIP 10.138.215.250 from edge-node-1:ens3 -> edge-node-2:ens3
[06:43:50] Step 3: Creating archive...
[06:43:51] Step 4: Transferring archive...
  Transferring /home/ubuntu/CRIU-tcp-client.tar.gz via relay node edge-host-1...
Setting up SSH trust: edge-node-1 → ubuntu@10.138.215.36
  Adding public key to destination's authorized_keys...
  Testing SSH connectivity...
  ✓ SSH trust ready
Setting up SSH trust: edge-host-1 → ubuntu@10.138.215.137
  Adding public key to destination's authorized_keys...
  Testing SSH connectivity...
  ✓ SSH trust ready
[06:44:03] Step 5: Unpacking on destination...
[06:44:03] Step 6: Preparing restore environment...
[06:44:04] Step 7: Restoring client with CRIU (--tcp-established)...
[06:44:04]   Restored PID: 4941
[06:44:04] Step 8: Verifying connection continuity...
[06:44:08]   Client output (tail): PP 5 -> 5
[06:44:08]   Server connections so far: 1
[06:44:08] ✓ SUCCESS: Client restored and TCP socket appears established
[06:44:08] Total downtime: 13038 ms
[06:44:08] Metrics saved to /home/ivo/Evaluation-of-Live-Migration-Strategies-at-the-Edge/Network-live-migration/metrics/migration_metrics.csv
[exit=0]

$ python3 /home/ivo/Evaluation-of-Live-Migration-Strategies-at-the-Edge/Network-live-migration/scripts/setup/reset_nodes.py edge-node-1 edge-node-2 edge-host-1 10.138.215.250
[06:44:09] Resetting nodes: edge-node-1 -> edge-node-2 (server: edge-host-1, vip: 10.138.215.250)
[06:44:09] Step 1: Killing any existing processes on source...
[06:44:09]   Killing PID 4941 (from /home/ubuntu/tcp_client.pid)
[06:44:10]   Killing PID 4941 (from /home/ubuntu/client.pid)
[06:44:10]   Killing any remaining background processes...
[06:44:12] Step 2: Cleaning source node...
[06:44:13] Step 3: Cleaning destination node...
[06:44:14]   Killing PID 4941 on destination (from /home/ubuntu/tcp_client.pid)
[06:44:14]   Killing PID 4941 on destination (from /home/ubuntu/client.pid)
[06:44:15]   Killing all remaining TCP processes on destination...
[06:44:18] Step 4: Cleaning server node (edge-host-1)...
[06:44:18]   Killing PID 566009 on server (from /home/ubuntu/tcp_server.pid)
[06:44:21] ✓ Reset complete, nodes are clean
[06:44:21]   Next: Start your application
[exit=0]

$ bash /home/ivo/Evaluation-of-Live-Migration-Strategies-at-the-Edge/Network-live-migration/scripts/workloads/start_tcp_server.sh edge-host-1 5000
[tcp-server] Ensuring tcp-howto binary on edge-host-1...
[tcp-server] Reusing existing /tmp/tcp-howto on edge-host-1
[tcp-server] Starting on edge-host-1 (port 5000)...
[tcp-server] Waiting for listen...
✓ TCP server listening on edge-host-1:5000
[tcp-server] Logs: multipass exec edge-host-1 -- tail -f /home/ubuntu/tcp_server.out
[exit=0]

$ bash /home/ivo/Evaluation-of-Live-Migration-Strategies-at-the-Edge/Network-live-migration/scripts/workloads/start_tcp_client.sh edge-node-1 edge-host-1 5000
[tcp-client] Server endpoint: 10.138.215.36:5000
[tcp-client] Client VIP: 10.138.215.250
[tcp-client] Ensuring tcp-howto binary on edge-node-1...
[tcp-client] Reusing existing /tmp/tcp-howto on edge-node-1
[tcp-client] Ensuring VIP 10.138.215.250 is present on edge-node-1...
ARPING 10.138.215.250 from 10.138.215.250 ens3
Sent 3 probes (3 broadcast(s))
Received 0 response(s)
[tcp-client] Starting on edge-node-1...
[tcp-client] Waiting for established TCP connection...
✓ TCP client connected (PID: 6838)
[tcp-client] Logs: multipass exec edge-node-1 -- tail -f /home/ubuntu/tcp_client.out
[exit=0]

$ python3 /home/ivo/Evaluation-of-Live-Migration-Strategies-at-the-Edge/Network-live-migration/scripts/orchestrators/tcp_client_benchmark.py cold --source edge-node-1 --dest edge-node-2 --server edge-host-1 --transfer-mode host --run-id 05-05-2026-host-cold-0022 --csv /home/ivo/Evaluation-of-Live-Migration-Strategies-at-the-Edge/Network-live-migration/metrics/migration_metrics.csv --profile-name 4_Starlink --relay-node edge-host-1
[06:44:29] === TCP CLIENT MIGRATION ===
[06:44:29] Run ID: 05-05-2026-host-cold-0022
[06:44:29] Source: edge-node-1, Dest: edge-node-2
[06:44:29] Server: edge-host-1
[06:44:29] Transfer mode: host
[06:44:29] Relay node: edge-host-1

[06:44:29] === TCP CLIENT COLD MIGRATION ===
[06:44:29] Step 1: Checking source client process...
[06:44:29]   Using PID from /home/ubuntu/tcp_client.pid: 6838
[06:44:30]   Server connections so far: 1
[06:44:31] Step 2: Dumping client with CRIU (--tcp-established)...
[06:44:31] Step 2.5: Moving VIP to destination...
[06:44:32]   Moving VIP 10.138.215.250 from edge-node-1:ens3 -> edge-node-2:ens3
[06:44:36] Step 3: Creating archive...
[06:44:37] Step 4: Transferring archive...
  Transferring /home/ubuntu/CRIU-tcp-client.tar.gz via relay node edge-host-1...
Setting up SSH trust: edge-node-1 → ubuntu@10.138.215.36
  Adding public key to destination's authorized_keys...
  Testing SSH connectivity...
  ✓ SSH trust ready
Setting up SSH trust: edge-host-1 → ubuntu@10.138.215.137
  Adding public key to destination's authorized_keys...
  Testing SSH connectivity...
  ✓ SSH trust ready
[06:44:51] Step 5: Unpacking on destination...
[06:44:51] Step 6: Preparing restore environment...
[06:44:52] Step 7: Restoring client with CRIU (--tcp-established)...
[06:44:53]   Restored PID: 6838
[06:44:53] Step 8: Verifying connection continuity...
[06:44:56]   Client output (tail): PP 5 -> 5
[06:44:57]   Server connections so far: 1
[06:44:57] ✓ SUCCESS: Client restored and TCP socket appears established
[06:44:57] Total downtime: 14522 ms
[06:44:57] Metrics saved to /home/ivo/Evaluation-of-Live-Migration-Strategies-at-the-Edge/Network-live-migration/metrics/migration_metrics.csv
[exit=0]

$ python3 /home/ivo/Evaluation-of-Live-Migration-Strategies-at-the-Edge/Network-live-migration/scripts/setup/reset_nodes.py edge-node-1 edge-node-2 edge-host-1 10.138.215.250
[06:44:57] Resetting nodes: edge-node-1 -> edge-node-2 (server: edge-host-1, vip: 10.138.215.250)
[06:44:57] Step 1: Killing any existing processes on source...
[06:44:57]   Killing PID 6838 (from /home/ubuntu/tcp_client.pid)
[06:44:58]   Killing PID 6838 (from /home/ubuntu/client.pid)
[06:44:59]   Killing any remaining background processes...
[06:45:00] Step 2: Cleaning source node...
[06:45:02] Step 3: Cleaning destination node...
[06:45:02]   Killing PID 6838 on destination (from /home/ubuntu/tcp_client.pid)
[06:45:03]   Killing PID 6838 on destination (from /home/ubuntu/client.pid)
[06:45:03]   Killing all remaining TCP processes on destination...
[06:45:06] Step 4: Cleaning server node (edge-host-1)...
[06:45:07]   Killing PID 567606 on server (from /home/ubuntu/tcp_server.pid)
[06:45:09] ✓ Reset complete, nodes are clean
[06:45:09]   Next: Start your application
[exit=0]

$ bash /home/ivo/Evaluation-of-Live-Migration-Strategies-at-the-Edge/Network-live-migration/scripts/workloads/start_tcp_server.sh edge-host-1 5000
[tcp-server] Ensuring tcp-howto binary on edge-host-1...
[tcp-server] Reusing existing /tmp/tcp-howto on edge-host-1
[tcp-server] Starting on edge-host-1 (port 5000)...
[tcp-server] Waiting for listen...
✓ TCP server listening on edge-host-1:5000
[tcp-server] Logs: multipass exec edge-host-1 -- tail -f /home/ubuntu/tcp_server.out
[exit=0]

$ bash /home/ivo/Evaluation-of-Live-Migration-Strategies-at-the-Edge/Network-live-migration/scripts/workloads/start_tcp_client.sh edge-node-1 edge-host-1 5000
[tcp-client] Server endpoint: 10.138.215.36:5000
[tcp-client] Client VIP: 10.138.215.250
[tcp-client] Ensuring tcp-howto binary on edge-node-1...
[tcp-client] Reusing existing /tmp/tcp-howto on edge-node-1
[tcp-client] Ensuring VIP 10.138.215.250 is present on edge-node-1...
ARPING 10.138.215.250 from 10.138.215.250 ens3
Sent 3 probes (3 broadcast(s))
Received 0 response(s)
[tcp-client] Starting on edge-node-1...
[tcp-client] Waiting for established TCP connection...
✓ TCP client connected (PID: 8747)
[tcp-client] Logs: multipass exec edge-node-1 -- tail -f /home/ubuntu/tcp_client.out
[exit=0]

$ python3 /home/ivo/Evaluation-of-Live-Migration-Strategies-at-the-Edge/Network-live-migration/scripts/orchestrators/tcp_client_benchmark.py cold --source edge-node-1 --dest edge-node-2 --server edge-host-1 --transfer-mode host --run-id 05-05-2026-host-cold-0023 --csv /home/ivo/Evaluation-of-Live-Migration-Strategies-at-the-Edge/Network-live-migration/metrics/migration_metrics.csv --profile-name 4_Starlink --relay-node edge-host-1
[06:45:17] === TCP CLIENT MIGRATION ===
[06:45:17] Run ID: 05-05-2026-host-cold-0023
[06:45:17] Source: edge-node-1, Dest: edge-node-2
[06:45:17] Server: edge-host-1
[06:45:17] Transfer mode: host
[06:45:17] Relay node: edge-host-1

[06:45:17] === TCP CLIENT COLD MIGRATION ===
[06:45:17] Step 1: Checking source client process...
[06:45:18]   Using PID from /home/ubuntu/tcp_client.pid: 8747
[06:45:19]   Server connections so far: 1
[06:45:19] Step 2: Dumping client with CRIU (--tcp-established)...
[06:45:20] Step 2.5: Moving VIP to destination...
[06:45:20]   Moving VIP 10.138.215.250 from edge-node-1:ens3 -> edge-node-2:ens3
[06:45:25] Step 3: Creating archive...
[06:45:26] Step 4: Transferring archive...
  Transferring /home/ubuntu/CRIU-tcp-client.tar.gz via relay node edge-host-1...
Setting up SSH trust: edge-node-1 → ubuntu@10.138.215.36
  Adding public key to destination's authorized_keys...
  Testing SSH connectivity...
  ✓ SSH trust ready
Setting up SSH trust: edge-host-1 → ubuntu@10.138.215.137
  Adding public key to destination's authorized_keys...
  Testing SSH connectivity...
  ✓ SSH trust ready
[06:45:38] Step 5: Unpacking on destination...
[06:45:38] Step 6: Preparing restore environment...
[06:45:39] Step 7: Restoring client with CRIU (--tcp-established)...
[06:45:40]   Restored PID: 8747
[06:45:40] Step 8: Verifying connection continuity...
[06:45:43]   Client output (tail): PP 5 -> 5
[06:45:44]   Server connections so far: 1
[06:45:44] ✓ SUCCESS: Client restored and TCP socket appears established
[06:45:44] Total downtime: 12993 ms
[06:45:44] Metrics saved to /home/ivo/Evaluation-of-Live-Migration-Strategies-at-the-Edge/Network-live-migration/metrics/migration_metrics.csv
[exit=0]

$ python3 /home/ivo/Evaluation-of-Live-Migration-Strategies-at-the-Edge/Network-live-migration/scripts/setup/reset_nodes.py edge-node-1 edge-node-2 edge-host-1 10.138.215.250
[06:45:44] Resetting nodes: edge-node-1 -> edge-node-2 (server: edge-host-1, vip: 10.138.215.250)
[06:45:44] Step 1: Killing any existing processes on source...
[06:45:45]   Killing PID 8747 (from /home/ubuntu/tcp_client.pid)
[06:45:45]   Killing PID 8747 (from /home/ubuntu/client.pid)
[06:45:46]   Killing any remaining background processes...
[06:45:47] Step 2: Cleaning source node...
[06:45:49] Step 3: Cleaning destination node...
[06:45:50]   Killing PID 8747 on destination (from /home/ubuntu/tcp_client.pid)
[06:45:50]   Killing PID 8747 on destination (from /home/ubuntu/client.pid)
[06:45:51]   Killing all remaining TCP processes on destination...
[06:45:54] Step 4: Cleaning server node (edge-host-1)...
[06:45:54]   Killing PID 569209 on server (from /home/ubuntu/tcp_server.pid)
[06:45:56] ✓ Reset complete, nodes are clean
[06:45:56]   Next: Start your application
[exit=0]

$ bash /home/ivo/Evaluation-of-Live-Migration-Strategies-at-the-Edge/Network-live-migration/scripts/workloads/start_tcp_server.sh edge-host-1 5000
[tcp-server] Ensuring tcp-howto binary on edge-host-1...
[tcp-server] Reusing existing /tmp/tcp-howto on edge-host-1
[tcp-server] Starting on edge-host-1 (port 5000)...
[tcp-server] Waiting for listen...
✓ TCP server listening on edge-host-1:5000
[tcp-server] Logs: multipass exec edge-host-1 -- tail -f /home/ubuntu/tcp_server.out
[exit=0]

$ bash /home/ivo/Evaluation-of-Live-Migration-Strategies-at-the-Edge/Network-live-migration/scripts/workloads/start_tcp_client.sh edge-node-1 edge-host-1 5000
[tcp-client] Server endpoint: 10.138.215.36:5000
[tcp-client] Client VIP: 10.138.215.250
[tcp-client] Ensuring tcp-howto binary on edge-node-1...
[tcp-client] Reusing existing /tmp/tcp-howto on edge-node-1
[tcp-client] Ensuring VIP 10.138.215.250 is present on edge-node-1...
ARPING 10.138.215.250 from 10.138.215.250 ens3
Sent 3 probes (3 broadcast(s))
Received 0 response(s)
[tcp-client] Starting on edge-node-1...
[tcp-client] Waiting for established TCP connection...
✓ TCP client connected (PID: 10648)
[tcp-client] Logs: multipass exec edge-node-1 -- tail -f /home/ubuntu/tcp_client.out
[exit=0]

$ python3 /home/ivo/Evaluation-of-Live-Migration-Strategies-at-the-Edge/Network-live-migration/scripts/orchestrators/tcp_client_benchmark.py cold --source edge-node-1 --dest edge-node-2 --server edge-host-1 --transfer-mode host --run-id 05-05-2026-host-cold-0024 --csv /home/ivo/Evaluation-of-Live-Migration-Strategies-at-the-Edge/Network-live-migration/metrics/migration_metrics.csv --profile-name 4_Starlink --relay-node edge-host-1
[06:46:05] === TCP CLIENT MIGRATION ===
[06:46:05] Run ID: 05-05-2026-host-cold-0024
[06:46:05] Source: edge-node-1, Dest: edge-node-2
[06:46:05] Server: edge-host-1
[06:46:05] Transfer mode: host
[06:46:05] Relay node: edge-host-1

[06:46:05] === TCP CLIENT COLD MIGRATION ===
[06:46:05] Step 1: Checking source client process...
[06:46:05]   Using PID from /home/ubuntu/tcp_client.pid: 10648
[06:46:06]   Server connections so far: 1
[06:46:07] Step 2: Dumping client with CRIU (--tcp-established)...
[06:46:07] Step 2.5: Moving VIP to destination...
[06:46:08]   Moving VIP 10.138.215.250 from edge-node-1:ens3 -> edge-node-2:ens3
[06:46:12] Step 3: Creating archive...
[06:46:13] Step 4: Transferring archive...
  Transferring /home/ubuntu/CRIU-tcp-client.tar.gz via relay node edge-host-1...
Setting up SSH trust: edge-node-1 → ubuntu@10.138.215.36
  Adding public key to destination's authorized_keys...
  Testing SSH connectivity...
  ✓ SSH trust ready
Setting up SSH trust: edge-host-1 → ubuntu@10.138.215.137
  Adding public key to destination's authorized_keys...
  Testing SSH connectivity...
  ✓ SSH trust ready
[06:46:26] Step 5: Unpacking on destination...
[06:46:26] Step 6: Preparing restore environment...
[06:46:27] Step 7: Restoring client with CRIU (--tcp-established)...
[06:46:27]   Restored PID: 10648
[06:46:27] Step 8: Verifying connection continuity...
[06:46:31]   Client output (tail): PP 5 -> 5
[06:46:31]   Server connections so far: 1
[06:46:31] ✓ SUCCESS: Client restored and TCP socket appears established
[06:46:31] Total downtime: 13582 ms
[06:46:31] Metrics saved to /home/ivo/Evaluation-of-Live-Migration-Strategies-at-the-Edge/Network-live-migration/metrics/migration_metrics.csv
[exit=0]

$ python3 /home/ivo/Evaluation-of-Live-Migration-Strategies-at-the-Edge/Network-live-migration/scripts/setup/reset_nodes.py edge-node-1 edge-node-2 edge-host-1 10.138.215.250
[06:46:32] Resetting nodes: edge-node-1 -> edge-node-2 (server: edge-host-1, vip: 10.138.215.250)
[06:46:32] Step 1: Killing any existing processes on source...
[06:46:32]   Killing PID 10648 (from /home/ubuntu/tcp_client.pid)
[06:46:33]   Killing PID 10648 (from /home/ubuntu/client.pid)
[06:46:33]   Killing any remaining background processes...
[06:46:35] Step 2: Cleaning source node...
[06:46:36] Step 3: Cleaning destination node...
[06:46:37]   Killing PID 10648 on destination (from /home/ubuntu/tcp_client.pid)
[06:46:37]   Killing PID 10648 on destination (from /home/ubuntu/client.pid)
[06:46:38]   Killing all remaining TCP processes on destination...
[06:46:41] Step 4: Cleaning server node (edge-host-1)...
[06:46:41]   Killing PID 570799 on server (from /home/ubuntu/tcp_server.pid)
[06:46:43] ✓ Reset complete, nodes are clean
[06:46:43]   Next: Start your application
[exit=0]

$ bash /home/ivo/Evaluation-of-Live-Migration-Strategies-at-the-Edge/Network-live-migration/scripts/workloads/start_tcp_server.sh edge-host-1 5000
[tcp-server] Ensuring tcp-howto binary on edge-host-1...
[tcp-server] Reusing existing /tmp/tcp-howto on edge-host-1
[tcp-server] Starting on edge-host-1 (port 5000)...
[tcp-server] Waiting for listen...
✓ TCP server listening on edge-host-1:5000
[tcp-server] Logs: multipass exec edge-host-1 -- tail -f /home/ubuntu/tcp_server.out
[exit=0]

$ bash /home/ivo/Evaluation-of-Live-Migration-Strategies-at-the-Edge/Network-live-migration/scripts/workloads/start_tcp_client.sh edge-node-1 edge-host-1 5000
[tcp-client] Server endpoint: 10.138.215.36:5000
[tcp-client] Client VIP: 10.138.215.250
[tcp-client] Ensuring tcp-howto binary on edge-node-1...
[tcp-client] Reusing existing /tmp/tcp-howto on edge-node-1
[tcp-client] Ensuring VIP 10.138.215.250 is present on edge-node-1...
ARPING 10.138.215.250 from 10.138.215.250 ens3
Sent 3 probes (3 broadcast(s))
Received 0 response(s)
[tcp-client] Starting on edge-node-1...
[tcp-client] Waiting for established TCP connection...
✓ TCP client connected (PID: 12555)
[tcp-client] Logs: multipass exec edge-node-1 -- tail -f /home/ubuntu/tcp_client.out
[exit=0]

$ python3 /home/ivo/Evaluation-of-Live-Migration-Strategies-at-the-Edge/Network-live-migration/scripts/orchestrators/tcp_client_benchmark.py cold --source edge-node-1 --dest edge-node-2 --server edge-host-1 --transfer-mode host --run-id 05-05-2026-host-cold-0025 --csv /home/ivo/Evaluation-of-Live-Migration-Strategies-at-the-Edge/Network-live-migration/metrics/migration_metrics.csv --profile-name 4_Starlink --relay-node edge-host-1
[06:46:53] === TCP CLIENT MIGRATION ===
[06:46:53] Run ID: 05-05-2026-host-cold-0025
[06:46:53] Source: edge-node-1, Dest: edge-node-2
[06:46:53] Server: edge-host-1
[06:46:53] Transfer mode: host
[06:46:53] Relay node: edge-host-1

[06:46:53] === TCP CLIENT COLD MIGRATION ===
[06:46:53] Step 1: Checking source client process...
[06:46:53]   Using PID from /home/ubuntu/tcp_client.pid: 12555
[06:46:54]   Server connections so far: 1
[06:46:54] Step 2: Dumping client with CRIU (--tcp-established)...
[06:46:55] Step 2.5: Moving VIP to destination...
[06:46:55]   Moving VIP 10.138.215.250 from edge-node-1:ens3 -> edge-node-2:ens3
[06:47:00] Step 3: Creating archive...
[06:47:01] Step 4: Transferring archive...
  Transferring /home/ubuntu/CRIU-tcp-client.tar.gz via relay node edge-host-1...
Setting up SSH trust: edge-node-1 → ubuntu@10.138.215.36
  Adding public key to destination's authorized_keys...
  Testing SSH connectivity...
  ✓ SSH trust ready
Setting up SSH trust: edge-host-1 → ubuntu@10.138.215.137
  Adding public key to destination's authorized_keys...
  Testing SSH connectivity...
  ✓ SSH trust ready
[06:47:13] Step 5: Unpacking on destination...
[06:47:13] Step 6: Preparing restore environment...
[06:47:14] Step 7: Restoring client with CRIU (--tcp-established)...
[06:47:15]   Restored PID: 12555
[06:47:15] Step 8: Verifying connection continuity...
[06:47:18]   Client output (tail): PP 5 -> 5
[06:47:18]   Server connections so far: 1
[06:47:18] ✓ SUCCESS: Client restored and TCP socket appears established
[06:47:18] Total downtime: 12708 ms
[06:47:18] Metrics saved to /home/ivo/Evaluation-of-Live-Migration-Strategies-at-the-Edge/Network-live-migration/metrics/migration_metrics.csv
[exit=0]

$ python3 /home/ivo/Evaluation-of-Live-Migration-Strategies-at-the-Edge/Network-live-migration/scripts/setup/reset_nodes.py edge-node-1 edge-node-2 edge-host-1 10.138.215.250
[06:47:19] Resetting nodes: edge-node-1 -> edge-node-2 (server: edge-host-1, vip: 10.138.215.250)
[06:47:19] Step 1: Killing any existing processes on source...
[06:47:19]   Killing PID 12555 (from /home/ubuntu/tcp_client.pid)
[06:47:20]   Killing PID 12555 (from /home/ubuntu/client.pid)
[06:47:20]   Killing any remaining background processes...
[06:47:22] Step 2: Cleaning source node...
[06:47:23] Step 3: Cleaning destination node...
[06:47:24]   Killing PID 12555 on destination (from /home/ubuntu/tcp_client.pid)
[06:47:24]   Killing PID 12555 on destination (from /home/ubuntu/client.pid)
[06:47:25]   Killing all remaining TCP processes on destination...
[06:47:28] Step 4: Cleaning server node (edge-host-1)...
[06:47:28]   Killing PID 572410 on server (from /home/ubuntu/tcp_server.pid)
[06:47:30] ✓ Reset complete, nodes are clean
[06:47:30]   Next: Start your application
[exit=0]

$ bash /home/ivo/Evaluation-of-Live-Migration-Strategies-at-the-Edge/Network-live-migration/scripts/workloads/start_tcp_server.sh edge-host-1 5000
[tcp-server] Ensuring tcp-howto binary on edge-host-1...
[tcp-server] Reusing existing /tmp/tcp-howto on edge-host-1
[tcp-server] Starting on edge-host-1 (port 5000)...
[tcp-server] Waiting for listen...
✓ TCP server listening on edge-host-1:5000
[tcp-server] Logs: multipass exec edge-host-1 -- tail -f /home/ubuntu/tcp_server.out
[exit=0]

$ bash /home/ivo/Evaluation-of-Live-Migration-Strategies-at-the-Edge/Network-live-migration/scripts/workloads/start_tcp_client.sh edge-node-1 edge-host-1 5000
[tcp-client] Server endpoint: 10.138.215.36:5000
[tcp-client] Client VIP: 10.138.215.250
[tcp-client] Ensuring tcp-howto binary on edge-node-1...
[tcp-client] Reusing existing /tmp/tcp-howto on edge-node-1
[tcp-client] Ensuring VIP 10.138.215.250 is present on edge-node-1...
ARPING 10.138.215.250 from 10.138.215.250 ens3
Sent 3 probes (3 broadcast(s))
Received 0 response(s)
[tcp-client] Starting on edge-node-1...
[tcp-client] Waiting for established TCP connection...
✓ TCP client connected (PID: 14445)
[tcp-client] Logs: multipass exec edge-node-1 -- tail -f /home/ubuntu/tcp_client.out
[exit=0]

$ python3 /home/ivo/Evaluation-of-Live-Migration-Strategies-at-the-Edge/Network-live-migration/scripts/orchestrators/tcp_client_benchmark.py cold --source edge-node-1 --dest edge-node-2 --server edge-host-1 --transfer-mode host --run-id 05-05-2026-host-cold-0026 --csv /home/ivo/Evaluation-of-Live-Migration-Strategies-at-the-Edge/Network-live-migration/metrics/migration_metrics.csv --profile-name 4_Starlink --relay-node edge-host-1
[06:47:39] === TCP CLIENT MIGRATION ===
[06:47:39] Run ID: 05-05-2026-host-cold-0026
[06:47:39] Source: edge-node-1, Dest: edge-node-2
[06:47:39] Server: edge-host-1
[06:47:39] Transfer mode: host
[06:47:39] Relay node: edge-host-1

[06:47:39] === TCP CLIENT COLD MIGRATION ===
[06:47:39] Step 1: Checking source client process...
[06:47:39]   Using PID from /home/ubuntu/tcp_client.pid: 14445
[06:47:40]   Server connections so far: 1
[06:47:41] Step 2: Dumping client with CRIU (--tcp-established)...
[06:47:41] Step 2.5: Moving VIP to destination...
[06:47:41]   Moving VIP 10.138.215.250 from edge-node-1:ens3 -> edge-node-2:ens3
[06:47:47] Step 3: Creating archive...
[06:47:48] Step 4: Transferring archive...
  Transferring /home/ubuntu/CRIU-tcp-client.tar.gz via relay node edge-host-1...
Setting up SSH trust: edge-node-1 → ubuntu@10.138.215.36
  Adding public key to destination's authorized_keys...
  Testing SSH connectivity...
  ✓ SSH trust ready
Setting up SSH trust: edge-host-1 → ubuntu@10.138.215.137
  Adding public key to destination's authorized_keys...
  Testing SSH connectivity...
  ✓ SSH trust ready
[06:48:00] Step 5: Unpacking on destination...
[06:48:00] Step 6: Preparing restore environment...
[06:48:01] Step 7: Restoring client with CRIU (--tcp-established)...
[06:48:01]   Restored PID: 14445
[06:48:01] Step 8: Verifying connection continuity...
[06:48:04]   Client output (tail): PP 5 -> 5
[06:48:05]   Server connections so far: 1
[06:48:05] ✓ SUCCESS: Client restored and TCP socket appears established
[06:48:05] Total downtime: 12840 ms
[06:48:05] Metrics saved to /home/ivo/Evaluation-of-Live-Migration-Strategies-at-the-Edge/Network-live-migration/metrics/migration_metrics.csv
[exit=0]

$ python3 /home/ivo/Evaluation-of-Live-Migration-Strategies-at-the-Edge/Network-live-migration/scripts/setup/reset_nodes.py edge-node-1 edge-node-2 edge-host-1 10.138.215.250
[06:48:06] Resetting nodes: edge-node-1 -> edge-node-2 (server: edge-host-1, vip: 10.138.215.250)
[06:48:06] Step 1: Killing any existing processes on source...
[06:48:06]   Killing PID 14445 (from /home/ubuntu/tcp_client.pid)
[06:48:07]   Killing PID 14445 (from /home/ubuntu/client.pid)
[06:48:07]   Killing any remaining background processes...
[06:48:09] Step 2: Cleaning source node...
[06:48:10] Step 3: Cleaning destination node...
[06:48:11]   Killing PID 14445 on destination (from /home/ubuntu/tcp_client.pid)
[06:48:12]   Killing PID 14445 on destination (from /home/ubuntu/client.pid)
[06:48:12]   Killing all remaining TCP processes on destination...
[06:48:15] Step 4: Cleaning server node (edge-host-1)...
[06:48:15]   Killing PID 573998 on server (from /home/ubuntu/tcp_server.pid)
[06:48:18] ✓ Reset complete, nodes are clean
[06:48:18]   Next: Start your application
[exit=0]

$ bash /home/ivo/Evaluation-of-Live-Migration-Strategies-at-the-Edge/Network-live-migration/scripts/workloads/start_tcp_server.sh edge-host-1 5000
[tcp-server] Ensuring tcp-howto binary on edge-host-1...
[tcp-server] Reusing existing /tmp/tcp-howto on edge-host-1
[tcp-server] Starting on edge-host-1 (port 5000)...
[tcp-server] Waiting for listen...
✓ TCP server listening on edge-host-1:5000
[tcp-server] Logs: multipass exec edge-host-1 -- tail -f /home/ubuntu/tcp_server.out
[exit=0]

$ bash /home/ivo/Evaluation-of-Live-Migration-Strategies-at-the-Edge/Network-live-migration/scripts/workloads/start_tcp_client.sh edge-node-1 edge-host-1 5000
[tcp-client] Server endpoint: 10.138.215.36:5000
[tcp-client] Client VIP: 10.138.215.250
[tcp-client] Ensuring tcp-howto binary on edge-node-1...
[tcp-client] Reusing existing /tmp/tcp-howto on edge-node-1
[tcp-client] Ensuring VIP 10.138.215.250 is present on edge-node-1...
ARPING 10.138.215.250 from 10.138.215.250 ens3
Sent 3 probes (3 broadcast(s))
Received 0 response(s)
[tcp-client] Starting on edge-node-1...
[tcp-client] Waiting for established TCP connection...
✓ TCP client connected (PID: 16350)
[tcp-client] Logs: multipass exec edge-node-1 -- tail -f /home/ubuntu/tcp_client.out
[exit=0]

$ python3 /home/ivo/Evaluation-of-Live-Migration-Strategies-at-the-Edge/Network-live-migration/scripts/orchestrators/tcp_client_benchmark.py cold --source edge-node-1 --dest edge-node-2 --server edge-host-1 --transfer-mode host --run-id 05-05-2026-host-cold-0027 --csv /home/ivo/Evaluation-of-Live-Migration-Strategies-at-the-Edge/Network-live-migration/metrics/migration_metrics.csv --profile-name 4_Starlink --relay-node edge-host-1
[06:48:26] === TCP CLIENT MIGRATION ===
[06:48:26] Run ID: 05-05-2026-host-cold-0027
[06:48:26] Source: edge-node-1, Dest: edge-node-2
[06:48:26] Server: edge-host-1
[06:48:26] Transfer mode: host
[06:48:26] Relay node: edge-host-1

[06:48:26] === TCP CLIENT COLD MIGRATION ===
[06:48:26] Step 1: Checking source client process...
[06:48:26]   Using PID from /home/ubuntu/tcp_client.pid: 16350
[06:48:27]   Server connections so far: 1
[06:48:28] Step 2: Dumping client with CRIU (--tcp-established)...
[06:48:28] Step 2.5: Moving VIP to destination...
[06:48:29]   Moving VIP 10.138.215.250 from edge-node-1:ens3 -> edge-node-2:ens3
[06:48:34] Step 3: Creating archive...
[06:48:34] Step 4: Transferring archive...
  Transferring /home/ubuntu/CRIU-tcp-client.tar.gz via relay node edge-host-1...
Setting up SSH trust: edge-node-1 → ubuntu@10.138.215.36
  Adding public key to destination's authorized_keys...
  Testing SSH connectivity...
  ✓ SSH trust ready
Setting up SSH trust: edge-host-1 → ubuntu@10.138.215.137
  Adding public key to destination's authorized_keys...
  Testing SSH connectivity...
  ✓ SSH trust ready
[06:48:47] Step 5: Unpacking on destination...
[06:48:47] Step 6: Preparing restore environment...
[06:48:48] Step 7: Restoring client with CRIU (--tcp-established)...
[06:48:49]   Restored PID: 16350
[06:48:49] Step 8: Verifying connection continuity...
[06:48:52]   Client output (tail): PP 5 -> 5
[06:48:52]   Server connections so far: 1
[06:48:52] ✓ SUCCESS: Client restored and TCP socket appears established
[06:48:52] Total downtime: 13578 ms
[06:48:52] Metrics saved to /home/ivo/Evaluation-of-Live-Migration-Strategies-at-the-Edge/Network-live-migration/metrics/migration_metrics.csv
[exit=0]

$ python3 /home/ivo/Evaluation-of-Live-Migration-Strategies-at-the-Edge/Network-live-migration/scripts/setup/reset_nodes.py edge-node-1 edge-node-2 edge-host-1 10.138.215.250
[06:48:53] Resetting nodes: edge-node-1 -> edge-node-2 (server: edge-host-1, vip: 10.138.215.250)
[06:48:53] Step 1: Killing any existing processes on source...
[06:48:53]   Killing PID 16350 (from /home/ubuntu/tcp_client.pid)
[06:48:54]   Killing PID 16350 (from /home/ubuntu/client.pid)
[06:48:55]   Killing any remaining background processes...
[06:48:56] Step 2: Cleaning source node...
[06:48:58] Step 3: Cleaning destination node...
[06:48:59]   Killing PID 16350 on destination (from /home/ubuntu/tcp_client.pid)
[06:48:59]   Killing PID 16350 on destination (from /home/ubuntu/client.pid)
[06:49:00]   Killing all remaining TCP processes on destination...
[06:49:03] Step 4: Cleaning server node (edge-host-1)...
[06:49:03]   Killing PID 575585 on server (from /home/ubuntu/tcp_server.pid)
[06:49:05] ✓ Reset complete, nodes are clean
[06:49:05]   Next: Start your application
[exit=0]

$ bash /home/ivo/Evaluation-of-Live-Migration-Strategies-at-the-Edge/Network-live-migration/scripts/workloads/start_tcp_server.sh edge-host-1 5000
[tcp-server] Ensuring tcp-howto binary on edge-host-1...
[tcp-server] Reusing existing /tmp/tcp-howto on edge-host-1
[tcp-server] Starting on edge-host-1 (port 5000)...
[tcp-server] Waiting for listen...
✓ TCP server listening on edge-host-1:5000
[tcp-server] Logs: multipass exec edge-host-1 -- tail -f /home/ubuntu/tcp_server.out
[exit=0]

$ bash /home/ivo/Evaluation-of-Live-Migration-Strategies-at-the-Edge/Network-live-migration/scripts/workloads/start_tcp_client.sh edge-node-1 edge-host-1 5000
[tcp-client] Server endpoint: 10.138.215.36:5000
[tcp-client] Client VIP: 10.138.215.250
[tcp-client] Ensuring tcp-howto binary on edge-node-1...
[tcp-client] Reusing existing /tmp/tcp-howto on edge-node-1
[tcp-client] Ensuring VIP 10.138.215.250 is present on edge-node-1...
ARPING 10.138.215.250 from 10.138.215.250 ens3
Sent 3 probes (3 broadcast(s))
Received 0 response(s)
[tcp-client] Starting on edge-node-1...
[tcp-client] Waiting for established TCP connection...
✓ TCP client connected (PID: 18257)
[tcp-client] Logs: multipass exec edge-node-1 -- tail -f /home/ubuntu/tcp_client.out
[exit=0]

$ python3 /home/ivo/Evaluation-of-Live-Migration-Strategies-at-the-Edge/Network-live-migration/scripts/orchestrators/tcp_client_benchmark.py cold --source edge-node-1 --dest edge-node-2 --server edge-host-1 --transfer-mode host --run-id 05-05-2026-host-cold-0028 --csv /home/ivo/Evaluation-of-Live-Migration-Strategies-at-the-Edge/Network-live-migration/metrics/migration_metrics.csv --profile-name 4_Starlink --relay-node edge-host-1
[06:49:14] === TCP CLIENT MIGRATION ===
[06:49:14] Run ID: 05-05-2026-host-cold-0028
[06:49:14] Source: edge-node-1, Dest: edge-node-2
[06:49:14] Server: edge-host-1
[06:49:14] Transfer mode: host
[06:49:14] Relay node: edge-host-1

[06:49:14] === TCP CLIENT COLD MIGRATION ===
[06:49:14] Step 1: Checking source client process...
[06:49:14]   Using PID from /home/ubuntu/tcp_client.pid: 18257
[06:49:15]   Server connections so far: 1
[06:49:16] Step 2: Dumping client with CRIU (--tcp-established)...
[06:49:16] Step 2.5: Moving VIP to destination...
[06:49:17]   Moving VIP 10.138.215.250 from edge-node-1:ens3 -> edge-node-2:ens3
[06:49:21] Step 3: Creating archive...
[06:49:22] Step 4: Transferring archive...
  Transferring /home/ubuntu/CRIU-tcp-client.tar.gz via relay node edge-host-1...
Setting up SSH trust: edge-node-1 → ubuntu@10.138.215.36
  Adding public key to destination's authorized_keys...
  Testing SSH connectivity...
  ✓ SSH trust ready
Setting up SSH trust: edge-host-1 → ubuntu@10.138.215.137
  Adding public key to destination's authorized_keys...
  Testing SSH connectivity...
  ✓ SSH trust ready
[06:49:35] Step 5: Unpacking on destination...
[06:49:35] Step 6: Preparing restore environment...
[06:49:36] Step 7: Restoring client with CRIU (--tcp-established)...
[06:49:37]   Restored PID: 18257
[06:49:37] Step 8: Verifying connection continuity...
[06:49:40]   Client output (tail): PP 5 -> 5
[06:49:41]   Server connections so far: 1
[06:49:41] ✓ SUCCESS: Client restored and TCP socket appears established
[06:49:41] Total downtime: 13672 ms
[06:49:41] Metrics saved to /home/ivo/Evaluation-of-Live-Migration-Strategies-at-the-Edge/Network-live-migration/metrics/migration_metrics.csv
[exit=0]

$ python3 /home/ivo/Evaluation-of-Live-Migration-Strategies-at-the-Edge/Network-live-migration/scripts/setup/reset_nodes.py edge-node-1 edge-node-2 edge-host-1 10.138.215.250
[06:49:41] Resetting nodes: edge-node-1 -> edge-node-2 (server: edge-host-1, vip: 10.138.215.250)
[06:49:41] Step 1: Killing any existing processes on source...
[06:49:41]   Killing PID 18257 (from /home/ubuntu/tcp_client.pid)
[06:49:42]   Killing PID 18257 (from /home/ubuntu/client.pid)
[06:49:43]   Killing any remaining background processes...
[06:49:44] Step 2: Cleaning source node...
[06:49:46] Step 3: Cleaning destination node...
[06:49:46]   Killing PID 18257 on destination (from /home/ubuntu/tcp_client.pid)
[06:49:47]   Killing PID 18257 on destination (from /home/ubuntu/client.pid)
[06:49:47]   Killing all remaining TCP processes on destination...
[06:49:50] Step 4: Cleaning server node (edge-host-1)...
[06:49:51]   Killing PID 577180 on server (from /home/ubuntu/tcp_server.pid)
[06:49:53] ✓ Reset complete, nodes are clean
[06:49:53]   Next: Start your application
[exit=0]

$ bash /home/ivo/Evaluation-of-Live-Migration-Strategies-at-the-Edge/Network-live-migration/scripts/workloads/start_tcp_server.sh edge-host-1 5000
[tcp-server] Ensuring tcp-howto binary on edge-host-1...
[tcp-server] Reusing existing /tmp/tcp-howto on edge-host-1
[tcp-server] Starting on edge-host-1 (port 5000)...
[tcp-server] Waiting for listen...
✓ TCP server listening on edge-host-1:5000
[tcp-server] Logs: multipass exec edge-host-1 -- tail -f /home/ubuntu/tcp_server.out
[exit=0]

$ bash /home/ivo/Evaluation-of-Live-Migration-Strategies-at-the-Edge/Network-live-migration/scripts/workloads/start_tcp_client.sh edge-node-1 edge-host-1 5000
[tcp-client] Server endpoint: 10.138.215.36:5000
[tcp-client] Client VIP: 10.138.215.250
[tcp-client] Ensuring tcp-howto binary on edge-node-1...
[tcp-client] Reusing existing /tmp/tcp-howto on edge-node-1
[tcp-client] Ensuring VIP 10.138.215.250 is present on edge-node-1...
ARPING 10.138.215.250 from 10.138.215.250 ens3
Sent 3 probes (3 broadcast(s))
Received 0 response(s)
[tcp-client] Starting on edge-node-1...
[tcp-client] Waiting for established TCP connection...
✓ TCP client connected (PID: 20165)
[tcp-client] Logs: multipass exec edge-node-1 -- tail -f /home/ubuntu/tcp_client.out
[exit=0]

$ python3 /home/ivo/Evaluation-of-Live-Migration-Strategies-at-the-Edge/Network-live-migration/scripts/orchestrators/tcp_client_benchmark.py cold --source edge-node-1 --dest edge-node-2 --server edge-host-1 --transfer-mode host --run-id 05-05-2026-host-cold-0029 --csv /home/ivo/Evaluation-of-Live-Migration-Strategies-at-the-Edge/Network-live-migration/metrics/migration_metrics.csv --profile-name 4_Starlink --relay-node edge-host-1
[06:50:02] === TCP CLIENT MIGRATION ===
[06:50:02] Run ID: 05-05-2026-host-cold-0029
[06:50:02] Source: edge-node-1, Dest: edge-node-2
[06:50:02] Server: edge-host-1
[06:50:02] Transfer mode: host
[06:50:02] Relay node: edge-host-1

[06:50:02] === TCP CLIENT COLD MIGRATION ===
[06:50:02] Step 1: Checking source client process...
[06:50:03]   Using PID from /home/ubuntu/tcp_client.pid: 20165
[06:50:04]   Server connections so far: 1
[06:50:04] Step 2: Dumping client with CRIU (--tcp-established)...
[06:50:05] Step 2.5: Moving VIP to destination...
[06:50:05]   Moving VIP 10.138.215.250 from edge-node-1:ens3 -> edge-node-2:ens3
[06:50:10] Step 3: Creating archive...
[06:50:11] Step 4: Transferring archive...
  Transferring /home/ubuntu/CRIU-tcp-client.tar.gz via relay node edge-host-1...
Setting up SSH trust: edge-node-1 → ubuntu@10.138.215.36
  Adding public key to destination's authorized_keys...
  Testing SSH connectivity...
  ✓ SSH trust ready
Setting up SSH trust: edge-host-1 → ubuntu@10.138.215.137
  Adding public key to destination's authorized_keys...
  Testing SSH connectivity...
  ✓ SSH trust ready
[06:50:24] Step 5: Unpacking on destination...
[06:50:24] Step 6: Preparing restore environment...
[06:50:25] Step 7: Restoring client with CRIU (--tcp-established)...
[06:50:25]   Restored PID: 20165
[06:50:25] Step 8: Verifying connection continuity...
[06:50:28]   Client output (tail): PP 5 -> 5
[06:50:29]   Server connections so far: 1
[06:50:29] ✓ SUCCESS: Client restored and TCP socket appears established
[06:50:29] Total downtime: 13738 ms
[06:50:29] Metrics saved to /home/ivo/Evaluation-of-Live-Migration-Strategies-at-the-Edge/Network-live-migration/metrics/migration_metrics.csv
[exit=0]

$ python3 /home/ivo/Evaluation-of-Live-Migration-Strategies-at-the-Edge/Network-live-migration/scripts/setup/reset_nodes.py edge-node-1 edge-node-2 edge-host-1 10.138.215.250
[06:50:30] Resetting nodes: edge-node-1 -> edge-node-2 (server: edge-host-1, vip: 10.138.215.250)
[06:50:30] Step 1: Killing any existing processes on source...
[06:50:30]   Killing PID 20165 (from /home/ubuntu/tcp_client.pid)
[06:50:31]   Killing PID 20165 (from /home/ubuntu/client.pid)
[06:50:31]   Killing any remaining background processes...
[06:50:32] Step 2: Cleaning source node...
[06:50:34] Step 3: Cleaning destination node...
[06:50:34]   Killing PID 20165 on destination (from /home/ubuntu/tcp_client.pid)
[06:50:35]   Killing PID 20165 on destination (from /home/ubuntu/client.pid)
[06:50:36]   Killing all remaining TCP processes on destination...
[06:50:39] Step 4: Cleaning server node (edge-host-1)...
[06:50:39]   Killing PID 578777 on server (from /home/ubuntu/tcp_server.pid)
[06:50:41] ✓ Reset complete, nodes are clean
[06:50:41]   Next: Start your application
[exit=0]

$ bash /home/ivo/Evaluation-of-Live-Migration-Strategies-at-the-Edge/Network-live-migration/scripts/workloads/start_tcp_server.sh edge-host-1 5000
[tcp-server] Ensuring tcp-howto binary on edge-host-1...
[tcp-server] Reusing existing /tmp/tcp-howto on edge-host-1
[tcp-server] Starting on edge-host-1 (port 5000)...
[tcp-server] Waiting for listen...
✓ TCP server listening on edge-host-1:5000
[tcp-server] Logs: multipass exec edge-host-1 -- tail -f /home/ubuntu/tcp_server.out
[exit=0]

$ bash /home/ivo/Evaluation-of-Live-Migration-Strategies-at-the-Edge/Network-live-migration/scripts/workloads/start_tcp_client.sh edge-node-1 edge-host-1 5000
[tcp-client] Server endpoint: 10.138.215.36:5000
[tcp-client] Client VIP: 10.138.215.250
[tcp-client] Ensuring tcp-howto binary on edge-node-1...
[tcp-client] Reusing existing /tmp/tcp-howto on edge-node-1
[tcp-client] Ensuring VIP 10.138.215.250 is present on edge-node-1...
ARPING 10.138.215.250 from 10.138.215.250 ens3
Sent 3 probes (3 broadcast(s))
Received 0 response(s)
[tcp-client] Starting on edge-node-1...
[tcp-client] Waiting for established TCP connection...
✓ TCP client connected (PID: 22053)
[tcp-client] Logs: multipass exec edge-node-1 -- tail -f /home/ubuntu/tcp_client.out
[exit=0]

$ python3 /home/ivo/Evaluation-of-Live-Migration-Strategies-at-the-Edge/Network-live-migration/scripts/orchestrators/tcp_client_benchmark.py cold --source edge-node-1 --dest edge-node-2 --server edge-host-1 --transfer-mode direct --run-id 05-05-2026-direct-cold-0020 --csv /home/ivo/Evaluation-of-Live-Migration-Strategies-at-the-Edge/Network-live-migration/metrics/migration_metrics.csv --profile-name 4_Starlink
[06:50:50] === TCP CLIENT MIGRATION ===
[06:50:50] Run ID: 05-05-2026-direct-cold-0020
[06:50:50] Source: edge-node-1, Dest: edge-node-2
[06:50:50] Server: edge-host-1
[06:50:50] Transfer mode: direct

[06:50:50] === TCP CLIENT COLD MIGRATION ===
[06:50:50] Step 1: Checking source client process...
[06:50:50]   Using PID from /home/ubuntu/tcp_client.pid: 22053
[06:50:51]   Server connections so far: 1
[06:50:52] Step 2: Dumping client with CRIU (--tcp-established)...
[06:50:52] Step 2.5: Moving VIP to destination...
[06:50:53]   Moving VIP 10.138.215.250 from edge-node-1:ens3 -> edge-node-2:ens3
[06:50:58] Step 3: Creating archive...
[06:50:59] Step 4: Transferring archive...
[06:50:59]   Setting up direct SSH trust...
Setting up SSH trust: edge-node-1 → ubuntu@10.138.215.137
  Adding public key to destination's authorized_keys...
  Testing SSH connectivity...
  ✓ SSH trust ready
Setting up SSH trust: edge-node-1 → ubuntu@10.138.215.137
  Adding public key to destination's authorized_keys...
  Testing SSH connectivity...
  ✓ SSH trust ready
  Transferring /home/ubuntu/CRIU-tcp-client.tar.gz via SCP...
[06:51:07] Step 5: Unpacking on destination...
[06:51:07] Step 6: Preparing restore environment...
[06:51:08] Step 7: Restoring client with CRIU (--tcp-established)...
[06:51:09]   Restored PID: 22053
[06:51:09] Step 8: Verifying connection continuity...
[06:51:12]   Client output (tail): PP 5 -> 5
[06:51:13]   Server connections so far: 1
[06:51:13] ✓ SUCCESS: Client restored and TCP socket appears established
[06:51:13] Total downtime: 6522 ms
[06:51:13] Metrics saved to /home/ivo/Evaluation-of-Live-Migration-Strategies-at-the-Edge/Network-live-migration/metrics/migration_metrics.csv
[exit=0]

$ python3 /home/ivo/Evaluation-of-Live-Migration-Strategies-at-the-Edge/Network-live-migration/scripts/setup/reset_nodes.py edge-node-1 edge-node-2 edge-host-1 10.138.215.250
[06:51:13] Resetting nodes: edge-node-1 -> edge-node-2 (server: edge-host-1, vip: 10.138.215.250)
[06:51:13] Step 1: Killing any existing processes on source...
[06:51:13]   Killing PID 22053 (from /home/ubuntu/tcp_client.pid)
[06:51:14]   Killing PID 22053 (from /home/ubuntu/client.pid)
[06:51:15]   Killing any remaining background processes...
[06:51:16] Step 2: Cleaning source node...
[06:51:18] Step 3: Cleaning destination node...
[06:51:18]   Killing PID 22053 on destination (from /home/ubuntu/tcp_client.pid)
[06:51:19]   Killing PID 22053 on destination (from /home/ubuntu/client.pid)
[06:51:19]   Killing all remaining TCP processes on destination...
[06:51:22] Step 4: Cleaning server node (edge-host-1)...
[06:51:23]   Killing PID 580360 on server (from /home/ubuntu/tcp_server.pid)
[06:51:25] ✓ Reset complete, nodes are clean
[06:51:25]   Next: Start your application
[exit=0]

$ bash /home/ivo/Evaluation-of-Live-Migration-Strategies-at-the-Edge/Network-live-migration/scripts/workloads/start_tcp_server.sh edge-host-1 5000
[tcp-server] Ensuring tcp-howto binary on edge-host-1...
[tcp-server] Reusing existing /tmp/tcp-howto on edge-host-1
[tcp-server] Starting on edge-host-1 (port 5000)...
[tcp-server] Waiting for listen...
✓ TCP server listening on edge-host-1:5000
[tcp-server] Logs: multipass exec edge-host-1 -- tail -f /home/ubuntu/tcp_server.out
[exit=0]

$ bash /home/ivo/Evaluation-of-Live-Migration-Strategies-at-the-Edge/Network-live-migration/scripts/workloads/start_tcp_client.sh edge-node-1 edge-host-1 5000
[tcp-client] Server endpoint: 10.138.215.36:5000
[tcp-client] Client VIP: 10.138.215.250
[tcp-client] Ensuring tcp-howto binary on edge-node-1...
[tcp-client] Reusing existing /tmp/tcp-howto on edge-node-1
[tcp-client] Ensuring VIP 10.138.215.250 is present on edge-node-1...
ARPING 10.138.215.250 from 10.138.215.250 ens3
Sent 3 probes (3 broadcast(s))
Received 0 response(s)
[tcp-client] Starting on edge-node-1...
[tcp-client] Waiting for established TCP connection...
✓ TCP client connected (PID: 24055)
[tcp-client] Logs: multipass exec edge-node-1 -- tail -f /home/ubuntu/tcp_client.out
[exit=0]

$ python3 /home/ivo/Evaluation-of-Live-Migration-Strategies-at-the-Edge/Network-live-migration/scripts/orchestrators/tcp_client_benchmark.py cold --source edge-node-1 --dest edge-node-2 --server edge-host-1 --transfer-mode direct --run-id 05-05-2026-direct-cold-0021 --csv /home/ivo/Evaluation-of-Live-Migration-Strategies-at-the-Edge/Network-live-migration/metrics/migration_metrics.csv --profile-name 4_Starlink
[06:51:33] === TCP CLIENT MIGRATION ===
[06:51:33] Run ID: 05-05-2026-direct-cold-0021
[06:51:33] Source: edge-node-1, Dest: edge-node-2
[06:51:33] Server: edge-host-1
[06:51:33] Transfer mode: direct

[06:51:33] === TCP CLIENT COLD MIGRATION ===
[06:51:33] Step 1: Checking source client process...
[06:51:34]   Using PID from /home/ubuntu/tcp_client.pid: 24055
[06:51:34]   Server connections so far: 1
[06:51:35] Step 2: Dumping client with CRIU (--tcp-established)...
[06:51:35] Step 2.5: Moving VIP to destination...
[06:51:36]   Moving VIP 10.138.215.250 from edge-node-1:ens3 -> edge-node-2:ens3
[06:51:41] Step 3: Creating archive...
[06:51:41] Step 4: Transferring archive...
[06:51:41]   Setting up direct SSH trust...
Setting up SSH trust: edge-node-1 → ubuntu@10.138.215.137
  Adding public key to destination's authorized_keys...
  Testing SSH connectivity...
  ✓ SSH trust ready
Setting up SSH trust: edge-node-1 → ubuntu@10.138.215.137
  Adding public key to destination's authorized_keys...
  Testing SSH connectivity...
  ✓ SSH trust ready
  Transferring /home/ubuntu/CRIU-tcp-client.tar.gz via SCP...
[06:51:50] Step 5: Unpacking on destination...
[06:51:50] Step 6: Preparing restore environment...
[06:51:51] Step 7: Restoring client with CRIU (--tcp-established)...
[06:51:51]   Restored PID: 24055
[06:51:51] Step 8: Verifying connection continuity...
[06:51:55]   Client output (tail): PP 5 -> 5
[06:51:55]   Server connections so far: 1
[06:51:55] ✓ SUCCESS: Client restored and TCP socket appears established
[06:51:55] Total downtime: 6486 ms
[06:51:55] Metrics saved to /home/ivo/Evaluation-of-Live-Migration-Strategies-at-the-Edge/Network-live-migration/metrics/migration_metrics.csv
[exit=0]

$ python3 /home/ivo/Evaluation-of-Live-Migration-Strategies-at-the-Edge/Network-live-migration/scripts/setup/reset_nodes.py edge-node-1 edge-node-2 edge-host-1 10.138.215.250
[06:51:56] Resetting nodes: edge-node-1 -> edge-node-2 (server: edge-host-1, vip: 10.138.215.250)
[06:51:56] Step 1: Killing any existing processes on source...
[06:51:56]   Killing PID 24055 (from /home/ubuntu/tcp_client.pid)
[06:51:57]   Killing PID 24055 (from /home/ubuntu/client.pid)
[06:51:57]   Killing any remaining background processes...
[06:51:59] Step 2: Cleaning source node...
[06:52:01] Step 3: Cleaning destination node...
[06:52:01]   Killing PID 24055 on destination (from /home/ubuntu/tcp_client.pid)
[06:52:02]   Killing PID 24055 on destination (from /home/ubuntu/client.pid)
[06:52:02]   Killing all remaining TCP processes on destination...
[06:52:06] Step 4: Cleaning server node (edge-host-1)...
[06:52:06]   Killing PID 581684 on server (from /home/ubuntu/tcp_server.pid)
[06:52:09] ✓ Reset complete, nodes are clean
[06:52:09]   Next: Start your application
[exit=0]

$ bash /home/ivo/Evaluation-of-Live-Migration-Strategies-at-the-Edge/Network-live-migration/scripts/workloads/start_tcp_server.sh edge-host-1 5000
[tcp-server] Ensuring tcp-howto binary on edge-host-1...
[tcp-server] Reusing existing /tmp/tcp-howto on edge-host-1
[tcp-server] Starting on edge-host-1 (port 5000)...
[tcp-server] Waiting for listen...
✓ TCP server listening on edge-host-1:5000
[tcp-server] Logs: multipass exec edge-host-1 -- tail -f /home/ubuntu/tcp_server.out
[exit=0]

$ bash /home/ivo/Evaluation-of-Live-Migration-Strategies-at-the-Edge/Network-live-migration/scripts/workloads/start_tcp_client.sh edge-node-1 edge-host-1 5000
[tcp-client] Server endpoint: 10.138.215.36:5000
[tcp-client] Client VIP: 10.138.215.250
[tcp-client] Ensuring tcp-howto binary on edge-node-1...
[tcp-client] Reusing existing /tmp/tcp-howto on edge-node-1
[tcp-client] Ensuring VIP 10.138.215.250 is present on edge-node-1...
ARPING 10.138.215.250 from 10.138.215.250 ens3
Sent 3 probes (3 broadcast(s))
Received 0 response(s)
[tcp-client] Starting on edge-node-1...
[tcp-client] Waiting for established TCP connection...
✓ TCP client connected (PID: 26064)
[tcp-client] Logs: multipass exec edge-node-1 -- tail -f /home/ubuntu/tcp_client.out
[exit=0]

$ python3 /home/ivo/Evaluation-of-Live-Migration-Strategies-at-the-Edge/Network-live-migration/scripts/orchestrators/tcp_client_benchmark.py cold --source edge-node-1 --dest edge-node-2 --server edge-host-1 --transfer-mode direct --run-id 05-05-2026-direct-cold-0022 --csv /home/ivo/Evaluation-of-Live-Migration-Strategies-at-the-Edge/Network-live-migration/metrics/migration_metrics.csv --profile-name 4_Starlink
[06:52:17] === TCP CLIENT MIGRATION ===
[06:52:17] Run ID: 05-05-2026-direct-cold-0022
[06:52:17] Source: edge-node-1, Dest: edge-node-2
[06:52:17] Server: edge-host-1
[06:52:17] Transfer mode: direct

[06:52:17] === TCP CLIENT COLD MIGRATION ===
[06:52:17] Step 1: Checking source client process...
[06:52:18]   Using PID from /home/ubuntu/tcp_client.pid: 26064
[06:52:18]   Server connections so far: 1
[06:52:19] Step 2: Dumping client with CRIU (--tcp-established)...
[06:52:19] Step 2.5: Moving VIP to destination...
[06:52:20]   Moving VIP 10.138.215.250 from edge-node-1:ens3 -> edge-node-2:ens3
[06:52:25] Step 3: Creating archive...
[06:52:25] Step 4: Transferring archive...
[06:52:25]   Setting up direct SSH trust...
Setting up SSH trust: edge-node-1 → ubuntu@10.138.215.137
  Adding public key to destination's authorized_keys...
  Testing SSH connectivity...
  ✓ SSH trust ready
Setting up SSH trust: edge-node-1 → ubuntu@10.138.215.137
  Adding public key to destination's authorized_keys...
  Testing SSH connectivity...
  ✓ SSH trust ready
  Transferring /home/ubuntu/CRIU-tcp-client.tar.gz via SCP...
[06:52:34] Step 5: Unpacking on destination...
[06:52:34] Step 6: Preparing restore environment...
[06:52:35] Step 7: Restoring client with CRIU (--tcp-established)...
[06:52:35]   Restored PID: 26064
[06:52:35] Step 8: Verifying connection continuity...
[06:52:39]   Client output (tail): PP 5 -> 5
[06:52:39]   Server connections so far: 1
[06:52:39] ✓ SUCCESS: Client restored and TCP socket appears established
[06:52:39] Total downtime: 6662 ms
[06:52:39] Metrics saved to /home/ivo/Evaluation-of-Live-Migration-Strategies-at-the-Edge/Network-live-migration/metrics/migration_metrics.csv
[exit=0]

$ python3 /home/ivo/Evaluation-of-Live-Migration-Strategies-at-the-Edge/Network-live-migration/scripts/setup/reset_nodes.py edge-node-1 edge-node-2 edge-host-1 10.138.215.250
[06:52:40] Resetting nodes: edge-node-1 -> edge-node-2 (server: edge-host-1, vip: 10.138.215.250)
[06:52:40] Step 1: Killing any existing processes on source...
[06:52:40]   Killing PID 26064 (from /home/ubuntu/tcp_client.pid)
[06:52:41]   Killing PID 26064 (from /home/ubuntu/client.pid)
[06:52:41]   Killing any remaining background processes...
[06:52:43] Step 2: Cleaning source node...
[06:52:45] Step 3: Cleaning destination node...
[06:52:45]   Killing PID 26064 on destination (from /home/ubuntu/tcp_client.pid)
[06:52:46]   Killing PID 26064 on destination (from /home/ubuntu/client.pid)
[06:52:46]   Killing all remaining TCP processes on destination...
[06:52:49] Step 4: Cleaning server node (edge-host-1)...
[06:52:50]   Killing PID 582743 on server (from /home/ubuntu/tcp_server.pid)
[06:52:52] ✓ Reset complete, nodes are clean
[06:52:52]   Next: Start your application
[exit=0]

$ bash /home/ivo/Evaluation-of-Live-Migration-Strategies-at-the-Edge/Network-live-migration/scripts/workloads/start_tcp_server.sh edge-host-1 5000
[tcp-server] Ensuring tcp-howto binary on edge-host-1...
[tcp-server] Reusing existing /tmp/tcp-howto on edge-host-1
[tcp-server] Starting on edge-host-1 (port 5000)...
[tcp-server] Waiting for listen...
✓ TCP server listening on edge-host-1:5000
[tcp-server] Logs: multipass exec edge-host-1 -- tail -f /home/ubuntu/tcp_server.out
[exit=0]

$ bash /home/ivo/Evaluation-of-Live-Migration-Strategies-at-the-Edge/Network-live-migration/scripts/workloads/start_tcp_client.sh edge-node-1 edge-host-1 5000
[tcp-client] Server endpoint: 10.138.215.36:5000
[tcp-client] Client VIP: 10.138.215.250
[tcp-client] Ensuring tcp-howto binary on edge-node-1...
[tcp-client] Reusing existing /tmp/tcp-howto on edge-node-1
[tcp-client] Ensuring VIP 10.138.215.250 is present on edge-node-1...
ARPING 10.138.215.250 from 10.138.215.250 ens3
Sent 3 probes (3 broadcast(s))
Received 0 response(s)
[tcp-client] Starting on edge-node-1...
[tcp-client] Waiting for established TCP connection...
✓ TCP client connected (PID: 28055)
[tcp-client] Logs: multipass exec edge-node-1 -- tail -f /home/ubuntu/tcp_client.out
[exit=0]

$ python3 /home/ivo/Evaluation-of-Live-Migration-Strategies-at-the-Edge/Network-live-migration/scripts/orchestrators/tcp_client_benchmark.py cold --source edge-node-1 --dest edge-node-2 --server edge-host-1 --transfer-mode direct --run-id 05-05-2026-direct-cold-0023 --csv /home/ivo/Evaluation-of-Live-Migration-Strategies-at-the-Edge/Network-live-migration/metrics/migration_metrics.csv --profile-name 4_Starlink
[06:53:00] === TCP CLIENT MIGRATION ===
[06:53:00] Run ID: 05-05-2026-direct-cold-0023
[06:53:00] Source: edge-node-1, Dest: edge-node-2
[06:53:00] Server: edge-host-1
[06:53:00] Transfer mode: direct

[06:53:00] === TCP CLIENT COLD MIGRATION ===
[06:53:00] Step 1: Checking source client process...
[06:53:01]   Using PID from /home/ubuntu/tcp_client.pid: 28055
[06:53:02]   Server connections so far: 1
[06:53:02] Step 2: Dumping client with CRIU (--tcp-established)...
[06:53:03] Step 2.5: Moving VIP to destination...
[06:53:03]   Moving VIP 10.138.215.250 from edge-node-1:ens3 -> edge-node-2:ens3
[06:53:09] Step 3: Creating archive...
[06:53:09] Step 4: Transferring archive...
[06:53:09]   Setting up direct SSH trust...
Setting up SSH trust: edge-node-1 → ubuntu@10.138.215.137
  Adding public key to destination's authorized_keys...
  Testing SSH connectivity...
  ✓ SSH trust ready
Setting up SSH trust: edge-node-1 → ubuntu@10.138.215.137
  Adding public key to destination's authorized_keys...
  Testing SSH connectivity...
  ✓ SSH trust ready
  Transferring /home/ubuntu/CRIU-tcp-client.tar.gz via SCP...
[06:53:18] Step 5: Unpacking on destination...
[06:53:18] Step 6: Preparing restore environment...
[06:53:19] Step 7: Restoring client with CRIU (--tcp-established)...
[06:53:19]   Restored PID: 28055
[06:53:19] Step 8: Verifying connection continuity...
[06:53:23]   Client output (tail): PP 5 -> 5
[06:53:23]   Server connections so far: 1
[06:53:23] ✓ SUCCESS: Client restored and TCP socket appears established
[06:53:23] Total downtime: 6353 ms
[06:53:23] Metrics saved to /home/ivo/Evaluation-of-Live-Migration-Strategies-at-the-Edge/Network-live-migration/metrics/migration_metrics.csv
[exit=0]

$ python3 /home/ivo/Evaluation-of-Live-Migration-Strategies-at-the-Edge/Network-live-migration/scripts/setup/reset_nodes.py edge-node-1 edge-node-2 edge-host-1 10.138.215.250
[06:53:24] Resetting nodes: edge-node-1 -> edge-node-2 (server: edge-host-1, vip: 10.138.215.250)
[06:53:24] Step 1: Killing any existing processes on source...
[06:53:24]   Killing PID 28055 (from /home/ubuntu/tcp_client.pid)
[06:53:25]   Killing PID 28055 (from /home/ubuntu/client.pid)
[06:53:25]   Killing any remaining background processes...
[06:53:27] Step 2: Cleaning source node...
[06:53:28] Step 3: Cleaning destination node...
[06:53:29]   Killing PID 28055 on destination (from /home/ubuntu/tcp_client.pid)
[06:53:29]   Killing PID 28055 on destination (from /home/ubuntu/client.pid)
[06:53:30]   Killing all remaining TCP processes on destination...
[06:53:33] Step 4: Cleaning server node (edge-host-1)...
[06:53:33]   Killing PID 583795 on server (from /home/ubuntu/tcp_server.pid)
[06:53:35] ✓ Reset complete, nodes are clean
[06:53:35]   Next: Start your application
[exit=0]

$ bash /home/ivo/Evaluation-of-Live-Migration-Strategies-at-the-Edge/Network-live-migration/scripts/workloads/start_tcp_server.sh edge-host-1 5000
[tcp-server] Ensuring tcp-howto binary on edge-host-1...
[tcp-server] Reusing existing /tmp/tcp-howto on edge-host-1
[tcp-server] Starting on edge-host-1 (port 5000)...
[tcp-server] Waiting for listen...
✓ TCP server listening on edge-host-1:5000
[tcp-server] Logs: multipass exec edge-host-1 -- tail -f /home/ubuntu/tcp_server.out
[exit=0]

$ bash /home/ivo/Evaluation-of-Live-Migration-Strategies-at-the-Edge/Network-live-migration/scripts/workloads/start_tcp_client.sh edge-node-1 edge-host-1 5000
[tcp-client] Server endpoint: 10.138.215.36:5000
[tcp-client] Client VIP: 10.138.215.250
[tcp-client] Ensuring tcp-howto binary on edge-node-1...
[tcp-client] Reusing existing /tmp/tcp-howto on edge-node-1
[tcp-client] Ensuring VIP 10.138.215.250 is present on edge-node-1...
ARPING 10.138.215.250 from 10.138.215.250 ens3
Sent 3 probes (3 broadcast(s))
Received 0 response(s)
[tcp-client] Starting on edge-node-1...
[tcp-client] Waiting for established TCP connection...
✓ TCP client connected (PID: 30056)
[tcp-client] Logs: multipass exec edge-node-1 -- tail -f /home/ubuntu/tcp_client.out
[exit=0]

$ python3 /home/ivo/Evaluation-of-Live-Migration-Strategies-at-the-Edge/Network-live-migration/scripts/orchestrators/tcp_client_benchmark.py cold --source edge-node-1 --dest edge-node-2 --server edge-host-1 --transfer-mode direct --run-id 05-05-2026-direct-cold-0024 --csv /home/ivo/Evaluation-of-Live-Migration-Strategies-at-the-Edge/Network-live-migration/metrics/migration_metrics.csv --profile-name 4_Starlink
[06:53:44] === TCP CLIENT MIGRATION ===
[06:53:44] Run ID: 05-05-2026-direct-cold-0024
[06:53:44] Source: edge-node-1, Dest: edge-node-2
[06:53:44] Server: edge-host-1
[06:53:44] Transfer mode: direct

[06:53:44] === TCP CLIENT COLD MIGRATION ===
[06:53:44] Step 1: Checking source client process...
[06:53:44]   Using PID from /home/ubuntu/tcp_client.pid: 30056
[06:53:45]   Server connections so far: 1
[06:53:46] Step 2: Dumping client with CRIU (--tcp-established)...
[06:53:46] Step 2.5: Moving VIP to destination...
[06:53:47]   Moving VIP 10.138.215.250 from edge-node-1:ens3 -> edge-node-2:ens3
[06:53:51] Step 3: Creating archive...
[06:53:52] Step 4: Transferring archive...
[06:53:52]   Setting up direct SSH trust...
Setting up SSH trust: edge-node-1 → ubuntu@10.138.215.137
  Adding public key to destination's authorized_keys...
  Testing SSH connectivity...
  ✓ SSH trust ready
Setting up SSH trust: edge-node-1 → ubuntu@10.138.215.137
  Adding public key to destination's authorized_keys...
  Testing SSH connectivity...
  ✓ SSH trust ready
  Transferring /home/ubuntu/CRIU-tcp-client.tar.gz via SCP...
[06:54:02] Step 5: Unpacking on destination...
[06:54:02] Step 6: Preparing restore environment...
[06:54:03] Step 7: Restoring client with CRIU (--tcp-established)...
[06:54:04]   Restored PID: 30056
[06:54:04] Step 8: Verifying connection continuity...
[06:54:07]   Client output (tail): PP 5 -> 5
[06:54:08]   Server connections so far: 1
[06:54:08] ✓ SUCCESS: Client restored and TCP socket appears established
[06:54:08] Total downtime: 7810 ms
[06:54:08] Metrics saved to /home/ivo/Evaluation-of-Live-Migration-Strategies-at-the-Edge/Network-live-migration/metrics/migration_metrics.csv
[exit=0]

$ python3 /home/ivo/Evaluation-of-Live-Migration-Strategies-at-the-Edge/Network-live-migration/scripts/setup/reset_nodes.py edge-node-1 edge-node-2 edge-host-1 10.138.215.250
[06:54:09] Resetting nodes: edge-node-1 -> edge-node-2 (server: edge-host-1, vip: 10.138.215.250)
[06:54:09] Step 1: Killing any existing processes on source...
[06:54:09]   Killing PID 30056 (from /home/ubuntu/tcp_client.pid)
[06:54:10]   Killing PID 30056 (from /home/ubuntu/client.pid)
[06:54:10]   Killing any remaining background processes...
[06:54:11] Step 2: Cleaning source node...
[06:54:13] Step 3: Cleaning destination node...
[06:54:13]   Killing PID 30056 on destination (from /home/ubuntu/tcp_client.pid)
[06:54:14]   Killing PID 30056 on destination (from /home/ubuntu/client.pid)
[06:54:15]   Killing all remaining TCP processes on destination...
[06:54:18] Step 4: Cleaning server node (edge-host-1)...
[06:54:18]   Killing PID 584853 on server (from /home/ubuntu/tcp_server.pid)
[06:54:20] ✓ Reset complete, nodes are clean
[06:54:20]   Next: Start your application
[exit=0]

$ bash /home/ivo/Evaluation-of-Live-Migration-Strategies-at-the-Edge/Network-live-migration/scripts/workloads/start_tcp_server.sh edge-host-1 5000
[tcp-server] Ensuring tcp-howto binary on edge-host-1...
[tcp-server] Reusing existing /tmp/tcp-howto on edge-host-1
[tcp-server] Starting on edge-host-1 (port 5000)...
[tcp-server] Waiting for listen...
✓ TCP server listening on edge-host-1:5000
[tcp-server] Logs: multipass exec edge-host-1 -- tail -f /home/ubuntu/tcp_server.out
[exit=0]

$ bash /home/ivo/Evaluation-of-Live-Migration-Strategies-at-the-Edge/Network-live-migration/scripts/workloads/start_tcp_client.sh edge-node-1 edge-host-1 5000
[tcp-client] Server endpoint: 10.138.215.36:5000
[tcp-client] Client VIP: 10.138.215.250
[tcp-client] Ensuring tcp-howto binary on edge-node-1...
[tcp-client] Reusing existing /tmp/tcp-howto on edge-node-1
[tcp-client] Ensuring VIP 10.138.215.250 is present on edge-node-1...
ARPING 10.138.215.250 from 10.138.215.250 ens3
Sent 3 probes (3 broadcast(s))
Received 0 response(s)
[tcp-client] Starting on edge-node-1...
[tcp-client] Waiting for established TCP connection...
✓ TCP client connected (PID: 32066)
[tcp-client] Logs: multipass exec edge-node-1 -- tail -f /home/ubuntu/tcp_client.out
[exit=0]

$ python3 /home/ivo/Evaluation-of-Live-Migration-Strategies-at-the-Edge/Network-live-migration/scripts/orchestrators/tcp_client_benchmark.py cold --source edge-node-1 --dest edge-node-2 --server edge-host-1 --transfer-mode direct --run-id 05-05-2026-direct-cold-0025 --csv /home/ivo/Evaluation-of-Live-Migration-Strategies-at-the-Edge/Network-live-migration/metrics/migration_metrics.csv --profile-name 4_Starlink
[06:54:29] === TCP CLIENT MIGRATION ===
[06:54:29] Run ID: 05-05-2026-direct-cold-0025
[06:54:29] Source: edge-node-1, Dest: edge-node-2
[06:54:29] Server: edge-host-1
[06:54:29] Transfer mode: direct

[06:54:29] === TCP CLIENT COLD MIGRATION ===
[06:54:29] Step 1: Checking source client process...
[06:54:29]   Using PID from /home/ubuntu/tcp_client.pid: 32066
[06:54:30]   Server connections so far: 1
[06:54:31] Step 2: Dumping client with CRIU (--tcp-established)...
[06:54:31] Step 2.5: Moving VIP to destination...
[06:54:32]   Moving VIP 10.138.215.250 from edge-node-1:ens3 -> edge-node-2:ens3
[06:54:37] Step 3: Creating archive...
[06:54:37] Step 4: Transferring archive...
[06:54:37]   Setting up direct SSH trust...
Setting up SSH trust: edge-node-1 → ubuntu@10.138.215.137
  Adding public key to destination's authorized_keys...
  Testing SSH connectivity...
  ✓ SSH trust ready
Setting up SSH trust: edge-node-1 → ubuntu@10.138.215.137
  Adding public key to destination's authorized_keys...
  Testing SSH connectivity...
  ✓ SSH trust ready
  Transferring /home/ubuntu/CRIU-tcp-client.tar.gz via SCP...
[06:54:46] Step 5: Unpacking on destination...
[06:54:46] Step 6: Preparing restore environment...
[06:54:47] Step 7: Restoring client with CRIU (--tcp-established)...
[06:54:47]   Restored PID: 32066
[06:54:47] Step 8: Verifying connection continuity...
[06:54:51]   Client output (tail): PP 5 -> 5
[06:54:51]   Server connections so far: 1
[06:54:51] ✓ SUCCESS: Client restored and TCP socket appears established
[06:54:51] Total downtime: 6517 ms
[06:54:51] Metrics saved to /home/ivo/Evaluation-of-Live-Migration-Strategies-at-the-Edge/Network-live-migration/metrics/migration_metrics.csv
[exit=0]

$ python3 /home/ivo/Evaluation-of-Live-Migration-Strategies-at-the-Edge/Network-live-migration/scripts/setup/reset_nodes.py edge-node-1 edge-node-2 edge-host-1 10.138.215.250
[06:54:52] Resetting nodes: edge-node-1 -> edge-node-2 (server: edge-host-1, vip: 10.138.215.250)
[06:54:52] Step 1: Killing any existing processes on source...
[06:54:52]   Killing PID 32066 (from /home/ubuntu/tcp_client.pid)
[06:54:53]   Killing PID 32066 (from /home/ubuntu/client.pid)
[06:54:54]   Killing any remaining background processes...
[06:54:55] Step 2: Cleaning source node...
[06:54:57] Step 3: Cleaning destination node...
[06:54:57]   Killing PID 32066 on destination (from /home/ubuntu/tcp_client.pid)
[06:54:58]   Killing PID 32066 on destination (from /home/ubuntu/client.pid)
[06:54:58]   Killing all remaining TCP processes on destination...
[06:55:01] Step 4: Cleaning server node (edge-host-1)...
[06:55:01]   Killing PID 585919 on server (from /home/ubuntu/tcp_server.pid)
[06:55:04] ✓ Reset complete, nodes are clean
[06:55:04]   Next: Start your application
[exit=0]

$ bash /home/ivo/Evaluation-of-Live-Migration-Strategies-at-the-Edge/Network-live-migration/scripts/workloads/start_tcp_server.sh edge-host-1 5000
[tcp-server] Ensuring tcp-howto binary on edge-host-1...
[tcp-server] Reusing existing /tmp/tcp-howto on edge-host-1
[tcp-server] Starting on edge-host-1 (port 5000)...
[tcp-server] Waiting for listen...
✓ TCP server listening on edge-host-1:5000
[tcp-server] Logs: multipass exec edge-host-1 -- tail -f /home/ubuntu/tcp_server.out
[exit=0]

$ bash /home/ivo/Evaluation-of-Live-Migration-Strategies-at-the-Edge/Network-live-migration/scripts/workloads/start_tcp_client.sh edge-node-1 edge-host-1 5000
[tcp-client] Server endpoint: 10.138.215.36:5000
[tcp-client] Client VIP: 10.138.215.250
[tcp-client] Ensuring tcp-howto binary on edge-node-1...
[tcp-client] Reusing existing /tmp/tcp-howto on edge-node-1
[tcp-client] Ensuring VIP 10.138.215.250 is present on edge-node-1...
ARPING 10.138.215.250 from 10.138.215.250 ens3
Sent 3 probes (3 broadcast(s))
Received 0 response(s)
[tcp-client] Starting on edge-node-1...
[tcp-client] Waiting for established TCP connection...
✓ TCP client connected (PID: 34069)
[tcp-client] Logs: multipass exec edge-node-1 -- tail -f /home/ubuntu/tcp_client.out
[exit=0]

$ python3 /home/ivo/Evaluation-of-Live-Migration-Strategies-at-the-Edge/Network-live-migration/scripts/orchestrators/tcp_client_benchmark.py cold --source edge-node-1 --dest edge-node-2 --server edge-host-1 --transfer-mode direct --run-id 05-05-2026-direct-cold-0026 --csv /home/ivo/Evaluation-of-Live-Migration-Strategies-at-the-Edge/Network-live-migration/metrics/migration_metrics.csv --profile-name 4_Starlink
[06:55:13] === TCP CLIENT MIGRATION ===
[06:55:13] Run ID: 05-05-2026-direct-cold-0026
[06:55:13] Source: edge-node-1, Dest: edge-node-2
[06:55:13] Server: edge-host-1
[06:55:13] Transfer mode: direct

[06:55:13] === TCP CLIENT COLD MIGRATION ===
[06:55:13] Step 1: Checking source client process...
[06:55:13]   Using PID from /home/ubuntu/tcp_client.pid: 34069
[06:55:14]   Server connections so far: 1
[06:55:15] Step 2: Dumping client with CRIU (--tcp-established)...
[06:55:15] Step 2.5: Moving VIP to destination...
[06:55:16]   Moving VIP 10.138.215.250 from edge-node-1:ens3 -> edge-node-2:ens3
[06:55:21] Step 3: Creating archive...
[06:55:21] Step 4: Transferring archive...
[06:55:21]   Setting up direct SSH trust...
Setting up SSH trust: edge-node-1 → ubuntu@10.138.215.137
  Adding public key to destination's authorized_keys...
  Testing SSH connectivity...
  ✓ SSH trust ready
Setting up SSH trust: edge-node-1 → ubuntu@10.138.215.137
  Adding public key to destination's authorized_keys...
  Testing SSH connectivity...
  ✓ SSH trust ready
  Transferring /home/ubuntu/CRIU-tcp-client.tar.gz via SCP...
[06:55:30] Step 5: Unpacking on destination...
[06:55:31] Step 6: Preparing restore environment...
[06:55:31] Step 7: Restoring client with CRIU (--tcp-established)...
[06:55:32]   Restored PID: 34069
[06:55:32] Step 8: Verifying connection continuity...
[06:55:35]   Client output (tail): PP 5 -> 5
[06:55:36]   Server connections so far: 1
[06:55:36] ✓ SUCCESS: Client restored and TCP socket appears established
[06:55:36] Total downtime: 6843 ms
[06:55:36] Metrics saved to /home/ivo/Evaluation-of-Live-Migration-Strategies-at-the-Edge/Network-live-migration/metrics/migration_metrics.csv
[exit=0]

$ python3 /home/ivo/Evaluation-of-Live-Migration-Strategies-at-the-Edge/Network-live-migration/scripts/setup/reset_nodes.py edge-node-1 edge-node-2 edge-host-1 10.138.215.250
[06:55:36] Resetting nodes: edge-node-1 -> edge-node-2 (server: edge-host-1, vip: 10.138.215.250)
[06:55:36] Step 1: Killing any existing processes on source...
[06:55:36]   Killing PID 34069 (from /home/ubuntu/tcp_client.pid)
[06:55:37]   Killing PID 34069 (from /home/ubuntu/client.pid)
[06:55:38]   Killing any remaining background processes...
[06:55:39] Step 2: Cleaning source node...
[06:55:41] Step 3: Cleaning destination node...
[06:55:41]   Killing PID 34069 on destination (from /home/ubuntu/tcp_client.pid)
[06:55:42]   Killing PID 34069 on destination (from /home/ubuntu/client.pid)
[06:55:42]   Killing all remaining TCP processes on destination...
[06:55:45] Step 4: Cleaning server node (edge-host-1)...
[06:55:46]   Killing PID 586975 on server (from /home/ubuntu/tcp_server.pid)
[06:55:48] ✓ Reset complete, nodes are clean
[06:55:48]   Next: Start your application
[exit=0]

$ bash /home/ivo/Evaluation-of-Live-Migration-Strategies-at-the-Edge/Network-live-migration/scripts/workloads/start_tcp_server.sh edge-host-1 5000
[tcp-server] Ensuring tcp-howto binary on edge-host-1...
[tcp-server] Reusing existing /tmp/tcp-howto on edge-host-1
[tcp-server] Starting on edge-host-1 (port 5000)...
[tcp-server] Waiting for listen...
✓ TCP server listening on edge-host-1:5000
[tcp-server] Logs: multipass exec edge-host-1 -- tail -f /home/ubuntu/tcp_server.out
[exit=0]

$ bash /home/ivo/Evaluation-of-Live-Migration-Strategies-at-the-Edge/Network-live-migration/scripts/workloads/start_tcp_client.sh edge-node-1 edge-host-1 5000
[tcp-client] Server endpoint: 10.138.215.36:5000
[tcp-client] Client VIP: 10.138.215.250
[tcp-client] Ensuring tcp-howto binary on edge-node-1...
[tcp-client] Reusing existing /tmp/tcp-howto on edge-node-1
[tcp-client] Ensuring VIP 10.138.215.250 is present on edge-node-1...
ARPING 10.138.215.250 from 10.138.215.250 ens3
Sent 3 probes (3 broadcast(s))
Received 0 response(s)
[tcp-client] Starting on edge-node-1...
[tcp-client] Waiting for established TCP connection...
✓ TCP client connected (PID: 36062)
[tcp-client] Logs: multipass exec edge-node-1 -- tail -f /home/ubuntu/tcp_client.out
[exit=0]

$ python3 /home/ivo/Evaluation-of-Live-Migration-Strategies-at-the-Edge/Network-live-migration/scripts/orchestrators/tcp_client_benchmark.py cold --source edge-node-1 --dest edge-node-2 --server edge-host-1 --transfer-mode direct --run-id 05-05-2026-direct-cold-0027 --csv /home/ivo/Evaluation-of-Live-Migration-Strategies-at-the-Edge/Network-live-migration/metrics/migration_metrics.csv --profile-name 4_Starlink
[06:55:56] === TCP CLIENT MIGRATION ===
[06:55:56] Run ID: 05-05-2026-direct-cold-0027
[06:55:56] Source: edge-node-1, Dest: edge-node-2
[06:55:56] Server: edge-host-1
[06:55:56] Transfer mode: direct

[06:55:56] === TCP CLIENT COLD MIGRATION ===
[06:55:56] Step 1: Checking source client process...
[06:55:57]   Using PID from /home/ubuntu/tcp_client.pid: 36062
[06:55:57]   Server connections so far: 1
[06:55:58] Step 2: Dumping client with CRIU (--tcp-established)...
[06:55:58] Step 2.5: Moving VIP to destination...
[06:55:59]   Moving VIP 10.138.215.250 from edge-node-1:ens3 -> edge-node-2:ens3
[06:56:04] Step 3: Creating archive...
[06:56:04] Step 4: Transferring archive...
[06:56:04]   Setting up direct SSH trust...
Setting up SSH trust: edge-node-1 → ubuntu@10.138.215.137
  Adding public key to destination's authorized_keys...
  Testing SSH connectivity...
  ✓ SSH trust ready
Setting up SSH trust: edge-node-1 → ubuntu@10.138.215.137
  Adding public key to destination's authorized_keys...
  Testing SSH connectivity...
  ✓ SSH trust ready
  Transferring /home/ubuntu/CRIU-tcp-client.tar.gz via SCP...
[06:56:13] Step 5: Unpacking on destination...
[06:56:14] Step 6: Preparing restore environment...
[06:56:15] Step 7: Restoring client with CRIU (--tcp-established)...
[06:56:15]   Restored PID: 36062
[06:56:15] Step 8: Verifying connection continuity...
[06:56:19]   Client output (tail): PP 5 -> 5
[06:56:19]   Server connections so far: 1
[06:56:19] ✓ SUCCESS: Client restored and TCP socket appears established
[06:56:19] Total downtime: 6823 ms
[06:56:19] Metrics saved to /home/ivo/Evaluation-of-Live-Migration-Strategies-at-the-Edge/Network-live-migration/metrics/migration_metrics.csv
[exit=0]

$ python3 /home/ivo/Evaluation-of-Live-Migration-Strategies-at-the-Edge/Network-live-migration/scripts/setup/reset_nodes.py edge-node-1 edge-node-2 edge-host-1 10.138.215.250
[06:56:20] Resetting nodes: edge-node-1 -> edge-node-2 (server: edge-host-1, vip: 10.138.215.250)
[06:56:20] Step 1: Killing any existing processes on source...
[06:56:20]   Killing PID 36062 (from /home/ubuntu/tcp_client.pid)
[06:56:21]   Killing PID 36062 (from /home/ubuntu/client.pid)
[06:56:21]   Killing any remaining background processes...
[06:56:23] Step 2: Cleaning source node...
[06:56:24] Step 3: Cleaning destination node...
[06:56:25]   Killing PID 36062 on destination (from /home/ubuntu/tcp_client.pid)
[06:56:25]   Killing PID 36062 on destination (from /home/ubuntu/client.pid)
[06:56:26]   Killing all remaining TCP processes on destination...
[06:56:29] Step 4: Cleaning server node (edge-host-1)...
[06:56:29]   Killing PID 588033 on server (from /home/ubuntu/tcp_server.pid)
[06:56:32] ✓ Reset complete, nodes are clean
[06:56:32]   Next: Start your application
[exit=0]

$ bash /home/ivo/Evaluation-of-Live-Migration-Strategies-at-the-Edge/Network-live-migration/scripts/workloads/start_tcp_server.sh edge-host-1 5000
[tcp-server] Ensuring tcp-howto binary on edge-host-1...
[tcp-server] Reusing existing /tmp/tcp-howto on edge-host-1
[tcp-server] Starting on edge-host-1 (port 5000)...
[tcp-server] Waiting for listen...
✓ TCP server listening on edge-host-1:5000
[tcp-server] Logs: multipass exec edge-host-1 -- tail -f /home/ubuntu/tcp_server.out
[exit=0]

$ bash /home/ivo/Evaluation-of-Live-Migration-Strategies-at-the-Edge/Network-live-migration/scripts/workloads/start_tcp_client.sh edge-node-1 edge-host-1 5000
[tcp-client] Server endpoint: 10.138.215.36:5000
[tcp-client] Client VIP: 10.138.215.250
[tcp-client] Ensuring tcp-howto binary on edge-node-1...
[tcp-client] Reusing existing /tmp/tcp-howto on edge-node-1
[tcp-client] Ensuring VIP 10.138.215.250 is present on edge-node-1...
ARPING 10.138.215.250 from 10.138.215.250 ens3
Sent 3 probes (3 broadcast(s))
Received 0 response(s)
[tcp-client] Starting on edge-node-1...
[tcp-client] Waiting for established TCP connection...
✓ TCP client connected (PID: 38325)
[tcp-client] Logs: multipass exec edge-node-1 -- tail -f /home/ubuntu/tcp_client.out
[exit=0]

$ python3 /home/ivo/Evaluation-of-Live-Migration-Strategies-at-the-Edge/Network-live-migration/scripts/orchestrators/tcp_client_benchmark.py cold --source edge-node-1 --dest edge-node-2 --server edge-host-1 --transfer-mode direct --run-id 05-05-2026-direct-cold-0028 --csv /home/ivo/Evaluation-of-Live-Migration-Strategies-at-the-Edge/Network-live-migration/metrics/migration_metrics.csv --profile-name 4_Starlink
[06:56:40] === TCP CLIENT MIGRATION ===
[06:56:40] Run ID: 05-05-2026-direct-cold-0028
[06:56:40] Source: edge-node-1, Dest: edge-node-2
[06:56:40] Server: edge-host-1
[06:56:40] Transfer mode: direct

[06:56:40] === TCP CLIENT COLD MIGRATION ===
[06:56:40] Step 1: Checking source client process...
[06:56:40]   Using PID from /home/ubuntu/tcp_client.pid: 38325
[06:56:41]   Server connections so far: 1
[06:56:42] Step 2: Dumping client with CRIU (--tcp-established)...
[06:56:42] Step 2.5: Moving VIP to destination...
[06:56:43]   Moving VIP 10.138.215.250 from edge-node-1:ens3 -> edge-node-2:ens3
[06:56:48] Step 3: Creating archive...
[06:56:48] Step 4: Transferring archive...
[06:56:48]   Setting up direct SSH trust...
Setting up SSH trust: edge-node-1 → ubuntu@10.138.215.137
  Adding public key to destination's authorized_keys...
  Testing SSH connectivity...
  ✓ SSH trust ready
Setting up SSH trust: edge-node-1 → ubuntu@10.138.215.137
  Adding public key to destination's authorized_keys...
  Testing SSH connectivity...
  ✓ SSH trust ready
  Transferring /home/ubuntu/CRIU-tcp-client.tar.gz via SCP...
[06:56:57] Step 5: Unpacking on destination...
[06:56:57] Step 6: Preparing restore environment...
[06:56:58] Step 7: Restoring client with CRIU (--tcp-established)...
[06:56:58]   Restored PID: 38325
[06:56:58] Step 8: Verifying connection continuity...
[06:57:02]   Client output (tail): PP 5 -> 5
[06:57:02]   Server connections so far: 1
[06:57:02] ✓ SUCCESS: Client restored and TCP socket appears established
[06:57:02] Total downtime: 6397 ms
[06:57:02] Metrics saved to /home/ivo/Evaluation-of-Live-Migration-Strategies-at-the-Edge/Network-live-migration/metrics/migration_metrics.csv
[exit=0]

$ python3 /home/ivo/Evaluation-of-Live-Migration-Strategies-at-the-Edge/Network-live-migration/scripts/setup/reset_nodes.py edge-node-1 edge-node-2 edge-host-1 10.138.215.250
[06:57:03] Resetting nodes: edge-node-1 -> edge-node-2 (server: edge-host-1, vip: 10.138.215.250)
[06:57:03] Step 1: Killing any existing processes on source...
[06:57:03]   Killing PID 38325 (from /home/ubuntu/tcp_client.pid)
[06:57:04]   Killing PID 38325 (from /home/ubuntu/client.pid)
[06:57:04]   Killing any remaining background processes...
[06:57:05] Step 2: Cleaning source node...
[06:57:07] Step 3: Cleaning destination node...
[06:57:08]   Killing PID 38325 on destination (from /home/ubuntu/tcp_client.pid)
[06:57:08]   Killing PID 38325 on destination (from /home/ubuntu/client.pid)
[06:57:09]   Killing all remaining TCP processes on destination...
[06:57:12] Step 4: Cleaning server node (edge-host-1)...
[06:57:12]   Killing PID 589101 on server (from /home/ubuntu/tcp_server.pid)
[06:57:14] ✓ Reset complete, nodes are clean
[06:57:14]   Next: Start your application
[exit=0]

$ bash /home/ivo/Evaluation-of-Live-Migration-Strategies-at-the-Edge/Network-live-migration/scripts/workloads/start_tcp_server.sh edge-host-1 5000
[tcp-server] Ensuring tcp-howto binary on edge-host-1...
[tcp-server] Reusing existing /tmp/tcp-howto on edge-host-1
[tcp-server] Starting on edge-host-1 (port 5000)...
[tcp-server] Waiting for listen...
✓ TCP server listening on edge-host-1:5000
[tcp-server] Logs: multipass exec edge-host-1 -- tail -f /home/ubuntu/tcp_server.out
[exit=0]

$ bash /home/ivo/Evaluation-of-Live-Migration-Strategies-at-the-Edge/Network-live-migration/scripts/workloads/start_tcp_client.sh edge-node-1 edge-host-1 5000
[tcp-client] Server endpoint: 10.138.215.36:5000
[tcp-client] Client VIP: 10.138.215.250
[tcp-client] Ensuring tcp-howto binary on edge-node-1...
[tcp-client] Reusing existing /tmp/tcp-howto on edge-node-1
[tcp-client] Ensuring VIP 10.138.215.250 is present on edge-node-1...
ARPING 10.138.215.250 from 10.138.215.250 ens3
Sent 3 probes (3 broadcast(s))
Received 0 response(s)
[tcp-client] Starting on edge-node-1...
[tcp-client] Waiting for established TCP connection...
✓ TCP client connected (PID: 40325)
[tcp-client] Logs: multipass exec edge-node-1 -- tail -f /home/ubuntu/tcp_client.out
[exit=0]

$ python3 /home/ivo/Evaluation-of-Live-Migration-Strategies-at-the-Edge/Network-live-migration/scripts/orchestrators/tcp_client_benchmark.py cold --source edge-node-1 --dest edge-node-2 --server edge-host-1 --transfer-mode direct --run-id 05-05-2026-direct-cold-0029 --csv /home/ivo/Evaluation-of-Live-Migration-Strategies-at-the-Edge/Network-live-migration/metrics/migration_metrics.csv --profile-name 4_Starlink
[06:57:33] === TCP CLIENT MIGRATION ===
[06:57:33] Run ID: 05-05-2026-direct-cold-0029
[06:57:33] Source: edge-node-1, Dest: edge-node-2
[06:57:33] Server: edge-host-1
[06:57:33] Transfer mode: direct

[06:57:33] === TCP CLIENT COLD MIGRATION ===
[06:57:33] Step 1: Checking source client process...
[06:57:33]   Using PID from /home/ubuntu/tcp_client.pid: 40325
[06:57:35]   Server connections so far: 1
[06:57:35] Step 2: Dumping client with CRIU (--tcp-established)...
[06:57:36] Step 2.5: Moving VIP to destination...
[06:57:36]   Moving VIP 10.138.215.250 from edge-node-1:ens3 -> edge-node-2:ens3
[06:57:41] Step 3: Creating archive...
[06:57:42] Step 4: Transferring archive...
[06:57:42]   Setting up direct SSH trust...
Setting up SSH trust: edge-node-1 → ubuntu@10.138.215.137
  Adding public key to destination's authorized_keys...
  Testing SSH connectivity...
  ✓ SSH trust ready
Setting up SSH trust: edge-node-1 → ubuntu@10.138.215.137
  Adding public key to destination's authorized_keys...
  Testing SSH connectivity...
  ✓ SSH trust ready
  Transferring /home/ubuntu/CRIU-tcp-client.tar.gz via SCP...
[06:57:50] Step 5: Unpacking on destination...
[06:57:50] Step 6: Preparing restore environment...
[06:57:51] Step 7: Restoring client with CRIU (--tcp-established)...
[06:57:52]   Restored PID: 40325
[06:57:52] Step 8: Verifying connection continuity...
[06:57:55]   Client output (tail): PP 10 -> 10
[06:57:55]   Server connections so far: 1
[06:57:55] ✓ SUCCESS: Client restored and TCP socket appears established
[06:57:55] Total downtime: 6231 ms
[06:57:55] Metrics saved to /home/ivo/Evaluation-of-Live-Migration-Strategies-at-the-Edge/Network-live-migration/metrics/migration_metrics.csv
[exit=0]

$ python3 /home/ivo/Evaluation-of-Live-Migration-Strategies-at-the-Edge/Network-live-migration/scripts/setup/reset_nodes.py edge-node-1 edge-node-2 edge-host-1 10.138.215.250
[06:57:56] Resetting nodes: edge-node-1 -> edge-node-2 (server: edge-host-1, vip: 10.138.215.250)
[06:57:56] Step 1: Killing any existing processes on source...
[06:57:56]   Killing PID 40325 (from /home/ubuntu/tcp_client.pid)
[06:57:57]   Killing PID 40325 (from /home/ubuntu/client.pid)
[06:57:58]   Killing any remaining background processes...
[06:57:59] Step 2: Cleaning source node...
[06:58:01] Step 3: Cleaning destination node...
[06:58:01]   Killing PID 40325 on destination (from /home/ubuntu/tcp_client.pid)
[06:58:02]   Killing PID 40325 on destination (from /home/ubuntu/client.pid)
[06:58:02]   Killing all remaining TCP processes on destination...
[06:58:05] Step 4: Cleaning server node (edge-host-1)...
[06:58:06]   Killing PID 590150 on server (from /home/ubuntu/tcp_server.pid)
[06:58:08] ✓ Reset complete, nodes are clean
[06:58:08]   Next: Start your application
[exit=0]

$ bash /home/ivo/Evaluation-of-Live-Migration-Strategies-at-the-Edge/Network-live-migration/scripts/workloads/start_tcp_server.sh edge-host-1 5000
[tcp-server] Ensuring tcp-howto binary on edge-host-1...
[tcp-server] Reusing existing /tmp/tcp-howto on edge-host-1
[tcp-server] Starting on edge-host-1 (port 5000)...
[tcp-server] Waiting for listen...
✓ TCP server listening on edge-host-1:5000
[tcp-server] Logs: multipass exec edge-host-1 -- tail -f /home/ubuntu/tcp_server.out
[exit=0]

$ bash /home/ivo/Evaluation-of-Live-Migration-Strategies-at-the-Edge/Network-live-migration/scripts/workloads/start_tcp_client.sh edge-node-1 edge-host-1 5000
[tcp-client] Server endpoint: 10.138.215.36:5000
[tcp-client] Client VIP: 10.138.215.250
[tcp-client] Ensuring tcp-howto binary on edge-node-1...
[tcp-client] Reusing existing /tmp/tcp-howto on edge-node-1
[tcp-client] Ensuring VIP 10.138.215.250 is present on edge-node-1...
ARPING 10.138.215.250 from 10.138.215.250 ens3
Sent 3 probes (3 broadcast(s))
Received 0 response(s)
[tcp-client] Starting on edge-node-1...
[tcp-client] Waiting for established TCP connection...
✓ TCP client connected (PID: 42323)
[tcp-client] Logs: multipass exec edge-node-1 -- tail -f /home/ubuntu/tcp_client.out
[exit=0]

$ python3 /home/ivo/Evaluation-of-Live-Migration-Strategies-at-the-Edge/Network-live-migration/scripts/orchestrators/tcp_client_benchmark.py precopy --source edge-node-1 --dest edge-node-2 --server edge-host-1 --transfer-mode host --run-id 05-05-2026-host-precopy-0020 --csv /home/ivo/Evaluation-of-Live-Migration-Strategies-at-the-Edge/Network-live-migration/metrics/migration_metrics.csv --profile-name 4_Starlink --relay-node edge-host-1 --iterations 3
[06:58:16] === TCP CLIENT MIGRATION ===
[06:58:16] Run ID: 05-05-2026-host-precopy-0020
[06:58:16] Source: edge-node-1, Dest: edge-node-2
[06:58:16] Server: edge-host-1
[06:58:16] Transfer mode: host
[06:58:16] Relay node: edge-host-1

[06:58:16] === TCP CLIENT PRE-COPY MIGRATION (3 iterations) ===
[06:58:16] Step 1: Checking source client process...
[06:58:17]   Using PID from /home/ubuntu/tcp_client.pid: 42323
[06:58:18]   Server connections so far: 1
[06:58:19] Step 2: Preparing CRIU directory...
[06:58:19] Step 3: Running 3 pre-dumps (client keeps running)...
[06:58:19]   Pre-dump 1/3 complete
[06:58:21]   Pre-dump 2/3 complete
[06:58:22]   Pre-dump 3/3 complete
[06:58:23] Step 4: Final dump (freezing client)...
[06:58:23] Step 4.5: Moving VIP to destination...
[06:58:24]   Moving VIP 10.138.215.250 from edge-node-1:ens3 -> edge-node-2:ens3
[06:58:28] Step 5: Creating archive...
[06:58:29] Step 6: Transferring archive...
  Transferring /home/ubuntu/CRIU-tcp-client.tar.gz via relay node edge-host-1...
Setting up SSH trust: edge-node-1 → ubuntu@10.138.215.36
  Adding public key to destination's authorized_keys...
  Testing SSH connectivity...
  ✓ SSH trust ready
Setting up SSH trust: edge-host-1 → ubuntu@10.138.215.137
  Adding public key to destination's authorized_keys...
  Testing SSH connectivity...
  ✓ SSH trust ready
[06:58:42] Step 7: Unpacking on destination...
[06:58:43] Step 8: Preparing restore environment...
[06:58:43] Step 9: Restoring client (--tcp-established)...
[06:58:44] Step 10: Verifying connection continuity...
[06:58:47]   Client output (tail): PP 8 -> 8
[06:58:48]   Server connections so far: 1
[06:58:48] ✓ SUCCESS: Client restored and TCP socket appears established
[06:58:48] Metrics saved to /home/ivo/Evaluation-of-Live-Migration-Strategies-at-the-Edge/Network-live-migration/metrics/migration_metrics.csv
[exit=0]

$ python3 /home/ivo/Evaluation-of-Live-Migration-Strategies-at-the-Edge/Network-live-migration/scripts/setup/reset_nodes.py edge-node-1 edge-node-2 edge-host-1 10.138.215.250
[06:58:48] Resetting nodes: edge-node-1 -> edge-node-2 (server: edge-host-1, vip: 10.138.215.250)
[06:58:48] Step 1: Killing any existing processes on source...
[06:58:48]   Killing PID 42323 (from /home/ubuntu/tcp_client.pid)
[06:58:49]   Killing PID 42323 (from /home/ubuntu/client.pid)
[06:58:50]   Killing any remaining background processes...
[06:58:51] Step 2: Cleaning source node...
[06:58:53] Step 3: Cleaning destination node...
[06:58:53]   Killing PID 42323 on destination (from /home/ubuntu/tcp_client.pid)
[06:58:54]   Killing PID 42323 on destination (from /home/ubuntu/client.pid)
[06:58:54]   Killing all remaining TCP processes on destination...
[06:58:57] Step 4: Cleaning server node (edge-host-1)...
[06:58:58]   Killing PID 591215 on server (from /home/ubuntu/tcp_server.pid)
[06:59:00] ✓ Reset complete, nodes are clean
[06:59:00]   Next: Start your application
[exit=0]

$ bash /home/ivo/Evaluation-of-Live-Migration-Strategies-at-the-Edge/Network-live-migration/scripts/workloads/start_tcp_server.sh edge-host-1 5000
[tcp-server] Ensuring tcp-howto binary on edge-host-1...
[tcp-server] Reusing existing /tmp/tcp-howto on edge-host-1
[tcp-server] Starting on edge-host-1 (port 5000)...
[tcp-server] Waiting for listen...
✓ TCP server listening on edge-host-1:5000
[tcp-server] Logs: multipass exec edge-host-1 -- tail -f /home/ubuntu/tcp_server.out
[exit=0]

$ bash /home/ivo/Evaluation-of-Live-Migration-Strategies-at-the-Edge/Network-live-migration/scripts/workloads/start_tcp_client.sh edge-node-1 edge-host-1 5000
[tcp-client] Server endpoint: 10.138.215.36:5000
[tcp-client] Client VIP: 10.138.215.250
[tcp-client] Ensuring tcp-howto binary on edge-node-1...
[tcp-client] Reusing existing /tmp/tcp-howto on edge-node-1
[tcp-client] Ensuring VIP 10.138.215.250 is present on edge-node-1...
ARPING 10.138.215.250 from 10.138.215.250 ens3
Sent 3 probes (3 broadcast(s))
Received 0 response(s)
[tcp-client] Starting on edge-node-1...
[tcp-client] Waiting for established TCP connection...
✓ TCP client connected (PID: 44444)
[tcp-client] Logs: multipass exec edge-node-1 -- tail -f /home/ubuntu/tcp_client.out
[exit=0]

$ python3 /home/ivo/Evaluation-of-Live-Migration-Strategies-at-the-Edge/Network-live-migration/scripts/orchestrators/tcp_client_benchmark.py precopy --source edge-node-1 --dest edge-node-2 --server edge-host-1 --transfer-mode host --run-id 05-05-2026-host-precopy-0021 --csv /home/ivo/Evaluation-of-Live-Migration-Strategies-at-the-Edge/Network-live-migration/metrics/migration_metrics.csv --profile-name 4_Starlink --relay-node edge-host-1 --iterations 3
[06:59:08] === TCP CLIENT MIGRATION ===
[06:59:08] Run ID: 05-05-2026-host-precopy-0021
[06:59:08] Source: edge-node-1, Dest: edge-node-2
[06:59:08] Server: edge-host-1
[06:59:08] Transfer mode: host
[06:59:08] Relay node: edge-host-1

[06:59:08] === TCP CLIENT PRE-COPY MIGRATION (3 iterations) ===
[06:59:08] Step 1: Checking source client process...
[06:59:09]   Using PID from /home/ubuntu/tcp_client.pid: 44444
[06:59:09]   Server connections so far: 1
[06:59:10] Step 2: Preparing CRIU directory...
[06:59:10] Step 3: Running 3 pre-dumps (client keeps running)...
[06:59:11]   Pre-dump 1/3 complete
[06:59:12]   Pre-dump 2/3 complete
[06:59:13]   Pre-dump 3/3 complete
[06:59:14] Step 4: Final dump (freezing client)...
[06:59:15] Step 4.5: Moving VIP to destination...
[06:59:15]   Moving VIP 10.138.215.250 from edge-node-1:ens3 -> edge-node-2:ens3
[06:59:20] Step 5: Creating archive...
[06:59:21] Step 6: Transferring archive...
  Transferring /home/ubuntu/CRIU-tcp-client.tar.gz via relay node edge-host-1...
Setting up SSH trust: edge-node-1 → ubuntu@10.138.215.36
  Adding public key to destination's authorized_keys...
  Testing SSH connectivity...
  ✓ SSH trust ready
Setting up SSH trust: edge-host-1 → ubuntu@10.138.215.137
  Adding public key to destination's authorized_keys...
  Testing SSH connectivity...
  ✓ SSH trust ready
[06:59:34] Step 7: Unpacking on destination...
[06:59:34] Step 8: Preparing restore environment...
[06:59:34] Step 9: Restoring client (--tcp-established)...
[06:59:35] Step 10: Verifying connection continuity...
[06:59:38]   Client output (tail): PP 8 -> 8
[06:59:39]   Server connections so far: 1
[06:59:39] ✓ SUCCESS: Client restored and TCP socket appears established
[06:59:39] Metrics saved to /home/ivo/Evaluation-of-Live-Migration-Strategies-at-the-Edge/Network-live-migration/metrics/migration_metrics.csv
[exit=0]

$ python3 /home/ivo/Evaluation-of-Live-Migration-Strategies-at-the-Edge/Network-live-migration/scripts/setup/reset_nodes.py edge-node-1 edge-node-2 edge-host-1 10.138.215.250
[06:59:40] Resetting nodes: edge-node-1 -> edge-node-2 (server: edge-host-1, vip: 10.138.215.250)
[06:59:40] Step 1: Killing any existing processes on source...
[06:59:40]   Killing PID 44444 (from /home/ubuntu/tcp_client.pid)
[06:59:41]   Killing PID 44444 (from /home/ubuntu/client.pid)
[06:59:41]   Killing any remaining background processes...
[06:59:43] Step 2: Cleaning source node...
[06:59:44] Step 3: Cleaning destination node...
[06:59:45]   Killing PID 44444 on destination (from /home/ubuntu/tcp_client.pid)
[06:59:45]   Killing PID 44444 on destination (from /home/ubuntu/client.pid)
[06:59:46]   Killing all remaining TCP processes on destination...
[06:59:49] Step 4: Cleaning server node (edge-host-1)...
[06:59:49]   Killing PID 592810 on server (from /home/ubuntu/tcp_server.pid)
[06:59:51] ✓ Reset complete, nodes are clean
[06:59:51]   Next: Start your application
[exit=0]

$ bash /home/ivo/Evaluation-of-Live-Migration-Strategies-at-the-Edge/Network-live-migration/scripts/workloads/start_tcp_server.sh edge-host-1 5000
[tcp-server] Ensuring tcp-howto binary on edge-host-1...
[tcp-server] Reusing existing /tmp/tcp-howto on edge-host-1
[tcp-server] Starting on edge-host-1 (port 5000)...
[tcp-server] Waiting for listen...
✓ TCP server listening on edge-host-1:5000
[tcp-server] Logs: multipass exec edge-host-1 -- tail -f /home/ubuntu/tcp_server.out
[exit=0]

$ bash /home/ivo/Evaluation-of-Live-Migration-Strategies-at-the-Edge/Network-live-migration/scripts/workloads/start_tcp_client.sh edge-node-1 edge-host-1 5000
[tcp-client] Server endpoint: 10.138.215.36:5000
[tcp-client] Client VIP: 10.138.215.250
[tcp-client] Ensuring tcp-howto binary on edge-node-1...
[tcp-client] Reusing existing /tmp/tcp-howto on edge-node-1
[tcp-client] Ensuring VIP 10.138.215.250 is present on edge-node-1...
ARPING 10.138.215.250 from 10.138.215.250 ens3
Sent 3 probes (3 broadcast(s))
Received 0 response(s)
[tcp-client] Starting on edge-node-1...
[tcp-client] Waiting for established TCP connection...
✓ TCP client connected (PID: 46565)
[tcp-client] Logs: multipass exec edge-node-1 -- tail -f /home/ubuntu/tcp_client.out
[exit=0]

$ python3 /home/ivo/Evaluation-of-Live-Migration-Strategies-at-the-Edge/Network-live-migration/scripts/orchestrators/tcp_client_benchmark.py precopy --source edge-node-1 --dest edge-node-2 --server edge-host-1 --transfer-mode host --run-id 05-05-2026-host-precopy-0022 --csv /home/ivo/Evaluation-of-Live-Migration-Strategies-at-the-Edge/Network-live-migration/metrics/migration_metrics.csv --profile-name 4_Starlink --relay-node edge-host-1 --iterations 3
[06:59:59] === TCP CLIENT MIGRATION ===
[06:59:59] Run ID: 05-05-2026-host-precopy-0022
[06:59:59] Source: edge-node-1, Dest: edge-node-2
[06:59:59] Server: edge-host-1
[06:59:59] Transfer mode: host
[06:59:59] Relay node: edge-host-1

[06:59:59] === TCP CLIENT PRE-COPY MIGRATION (3 iterations) ===
[06:59:59] Step 1: Checking source client process...
[07:00:00]   Using PID from /home/ubuntu/tcp_client.pid: 46565
[07:00:01]   Server connections so far: 1
[07:00:01] Step 2: Preparing CRIU directory...
[07:00:02] Step 3: Running 3 pre-dumps (client keeps running)...
[07:00:02]   Pre-dump 1/3 complete
[07:00:03]   Pre-dump 2/3 complete
[07:00:05]   Pre-dump 3/3 complete
[07:00:06] Step 4: Final dump (freezing client)...
[07:00:06] Step 4.5: Moving VIP to destination...
[07:00:06]   Moving VIP 10.138.215.250 from edge-node-1:ens3 -> edge-node-2:ens3
[07:00:11] Step 5: Creating archive...
[07:00:12] Step 6: Transferring archive...
  Transferring /home/ubuntu/CRIU-tcp-client.tar.gz via relay node edge-host-1...
Setting up SSH trust: edge-node-1 → ubuntu@10.138.215.36
  Adding public key to destination's authorized_keys...
  Testing SSH connectivity...
  ✓ SSH trust ready
Setting up SSH trust: edge-host-1 → ubuntu@10.138.215.137
  Adding public key to destination's authorized_keys...
  Testing SSH connectivity...
  ✓ SSH trust ready
[07:00:24] Step 7: Unpacking on destination...
[07:00:25] Step 8: Preparing restore environment...
[07:00:25] Step 9: Restoring client (--tcp-established)...
[07:00:26] Step 10: Verifying connection continuity...
[07:00:29]   Client output (tail): PP 8 -> 8
[07:00:30]   Server connections so far: 1
[07:00:30] ✓ SUCCESS: Client restored and TCP socket appears established
[07:00:30] Metrics saved to /home/ivo/Evaluation-of-Live-Migration-Strategies-at-the-Edge/Network-live-migration/metrics/migration_metrics.csv
[exit=0]

$ python3 /home/ivo/Evaluation-of-Live-Migration-Strategies-at-the-Edge/Network-live-migration/scripts/setup/reset_nodes.py edge-node-1 edge-node-2 edge-host-1 10.138.215.250
[07:00:31] Resetting nodes: edge-node-1 -> edge-node-2 (server: edge-host-1, vip: 10.138.215.250)
[07:00:31] Step 1: Killing any existing processes on source...
[07:00:31]   Killing PID 46565 (from /home/ubuntu/tcp_client.pid)
[07:00:32]   Killing PID 46565 (from /home/ubuntu/client.pid)
[07:00:32]   Killing any remaining background processes...
[07:00:33] Step 2: Cleaning source node...
[07:00:35] Step 3: Cleaning destination node...
[07:00:35]   Killing PID 46565 on destination (from /home/ubuntu/tcp_client.pid)
[07:00:36]   Killing PID 46565 on destination (from /home/ubuntu/client.pid)
[07:00:36]   Killing all remaining TCP processes on destination...
[07:00:39] Step 4: Cleaning server node (edge-host-1)...
[07:00:40]   Killing PID 594408 on server (from /home/ubuntu/tcp_server.pid)
[07:00:42] ✓ Reset complete, nodes are clean
[07:00:42]   Next: Start your application
[exit=0]

$ bash /home/ivo/Evaluation-of-Live-Migration-Strategies-at-the-Edge/Network-live-migration/scripts/workloads/start_tcp_server.sh edge-host-1 5000
[tcp-server] Ensuring tcp-howto binary on edge-host-1...
[tcp-server] Reusing existing /tmp/tcp-howto on edge-host-1
[tcp-server] Starting on edge-host-1 (port 5000)...
[tcp-server] Waiting for listen...
✓ TCP server listening on edge-host-1:5000
[tcp-server] Logs: multipass exec edge-host-1 -- tail -f /home/ubuntu/tcp_server.out
[exit=0]

$ bash /home/ivo/Evaluation-of-Live-Migration-Strategies-at-the-Edge/Network-live-migration/scripts/workloads/start_tcp_client.sh edge-node-1 edge-host-1 5000
[tcp-client] Server endpoint: 10.138.215.36:5000
[tcp-client] Client VIP: 10.138.215.250
[tcp-client] Ensuring tcp-howto binary on edge-node-1...
[tcp-client] Reusing existing /tmp/tcp-howto on edge-node-1
[tcp-client] Ensuring VIP 10.138.215.250 is present on edge-node-1...
ARPING 10.138.215.250 from 10.138.215.250 ens3
Sent 3 probes (3 broadcast(s))
Received 0 response(s)
[tcp-client] Starting on edge-node-1...
[tcp-client] Waiting for established TCP connection...
✓ TCP client connected (PID: 48688)
[tcp-client] Logs: multipass exec edge-node-1 -- tail -f /home/ubuntu/tcp_client.out
[exit=0]

$ python3 /home/ivo/Evaluation-of-Live-Migration-Strategies-at-the-Edge/Network-live-migration/scripts/orchestrators/tcp_client_benchmark.py precopy --source edge-node-1 --dest edge-node-2 --server edge-host-1 --transfer-mode host --run-id 05-05-2026-host-precopy-0023 --csv /home/ivo/Evaluation-of-Live-Migration-Strategies-at-the-Edge/Network-live-migration/metrics/migration_metrics.csv --profile-name 4_Starlink --relay-node edge-host-1 --iterations 3
[07:00:50] === TCP CLIENT MIGRATION ===
[07:00:50] Run ID: 05-05-2026-host-precopy-0023
[07:00:50] Source: edge-node-1, Dest: edge-node-2
[07:00:50] Server: edge-host-1
[07:00:50] Transfer mode: host
[07:00:50] Relay node: edge-host-1

[07:00:50] === TCP CLIENT PRE-COPY MIGRATION (3 iterations) ===
[07:00:50] Step 1: Checking source client process...
[07:00:51]   Using PID from /home/ubuntu/tcp_client.pid: 48688
[07:00:52]   Server connections so far: 1
[07:00:52] Step 2: Preparing CRIU directory...
[07:00:53] Step 3: Running 3 pre-dumps (client keeps running)...
[07:00:53]   Pre-dump 1/3 complete
[07:00:54]   Pre-dump 2/3 complete
[07:00:56]   Pre-dump 3/3 complete
[07:00:57] Step 4: Final dump (freezing client)...
[07:00:57] Step 4.5: Moving VIP to destination...
[07:00:58]   Moving VIP 10.138.215.250 from edge-node-1:ens3 -> edge-node-2:ens3
[07:01:02] Step 5: Creating archive...
[07:01:03] Step 6: Transferring archive...
  Transferring /home/ubuntu/CRIU-tcp-client.tar.gz via relay node edge-host-1...
Setting up SSH trust: edge-node-1 → ubuntu@10.138.215.36
  Adding public key to destination's authorized_keys...
  Testing SSH connectivity...
  ✓ SSH trust ready
Setting up SSH trust: edge-host-1 → ubuntu@10.138.215.137
  Adding public key to destination's authorized_keys...
  Testing SSH connectivity...
  ✓ SSH trust ready
[07:01:16] Step 7: Unpacking on destination...
[07:01:16] Step 8: Preparing restore environment...
[07:01:16] Step 9: Restoring client (--tcp-established)...
[07:01:17] Step 10: Verifying connection continuity...
[07:01:20]   Client output (tail): PP 8 -> 8
[07:01:21]   Server connections so far: 1
[07:01:21] ✓ SUCCESS: Client restored and TCP socket appears established
[07:01:21] Metrics saved to /home/ivo/Evaluation-of-Live-Migration-Strategies-at-the-Edge/Network-live-migration/metrics/migration_metrics.csv
[exit=0]

$ python3 /home/ivo/Evaluation-of-Live-Migration-Strategies-at-the-Edge/Network-live-migration/scripts/setup/reset_nodes.py edge-node-1 edge-node-2 edge-host-1 10.138.215.250
[07:01:21] Resetting nodes: edge-node-1 -> edge-node-2 (server: edge-host-1, vip: 10.138.215.250)
[07:01:21] Step 1: Killing any existing processes on source...
[07:01:22]   Killing PID 48688 (from /home/ubuntu/tcp_client.pid)
[07:01:22]   Killing PID 48688 (from /home/ubuntu/client.pid)
[07:01:23]   Killing any remaining background processes...
[07:01:24] Step 2: Cleaning source node...
[07:01:26] Step 3: Cleaning destination node...
[07:01:26]   Killing PID 48688 on destination (from /home/ubuntu/tcp_client.pid)
[07:01:27]   Killing PID 48688 on destination (from /home/ubuntu/client.pid)
[07:01:28]   Killing all remaining TCP processes on destination...
[07:01:31] Step 4: Cleaning server node (edge-host-1)...
[07:01:31]   Killing PID 596013 on server (from /home/ubuntu/tcp_server.pid)
[07:01:33] ✓ Reset complete, nodes are clean
[07:01:33]   Next: Start your application
[exit=0]

$ bash /home/ivo/Evaluation-of-Live-Migration-Strategies-at-the-Edge/Network-live-migration/scripts/workloads/start_tcp_server.sh edge-host-1 5000
[tcp-server] Ensuring tcp-howto binary on edge-host-1...
[tcp-server] Reusing existing /tmp/tcp-howto on edge-host-1
[tcp-server] Starting on edge-host-1 (port 5000)...
[tcp-server] Waiting for listen...
✓ TCP server listening on edge-host-1:5000
[tcp-server] Logs: multipass exec edge-host-1 -- tail -f /home/ubuntu/tcp_server.out
[exit=0]

$ bash /home/ivo/Evaluation-of-Live-Migration-Strategies-at-the-Edge/Network-live-migration/scripts/workloads/start_tcp_client.sh edge-node-1 edge-host-1 5000
[tcp-client] Server endpoint: 10.138.215.36:5000
[tcp-client] Client VIP: 10.138.215.250
[tcp-client] Ensuring tcp-howto binary on edge-node-1...
[tcp-client] Reusing existing /tmp/tcp-howto on edge-node-1
[tcp-client] Ensuring VIP 10.138.215.250 is present on edge-node-1...
ARPING 10.138.215.250 from 10.138.215.250 ens3
Sent 3 probes (3 broadcast(s))
Received 0 response(s)
[tcp-client] Starting on edge-node-1...
[tcp-client] Waiting for established TCP connection...
✓ TCP client connected (PID: 50815)
[tcp-client] Logs: multipass exec edge-node-1 -- tail -f /home/ubuntu/tcp_client.out
[exit=0]

$ python3 /home/ivo/Evaluation-of-Live-Migration-Strategies-at-the-Edge/Network-live-migration/scripts/orchestrators/tcp_client_benchmark.py precopy --source edge-node-1 --dest edge-node-2 --server edge-host-1 --transfer-mode host --run-id 05-05-2026-host-precopy-0024 --csv /home/ivo/Evaluation-of-Live-Migration-Strategies-at-the-Edge/Network-live-migration/metrics/migration_metrics.csv --profile-name 4_Starlink --relay-node edge-host-1 --iterations 3
[07:01:42] === TCP CLIENT MIGRATION ===
[07:01:42] Run ID: 05-05-2026-host-precopy-0024
[07:01:42] Source: edge-node-1, Dest: edge-node-2
[07:01:42] Server: edge-host-1
[07:01:42] Transfer mode: host
[07:01:42] Relay node: edge-host-1

[07:01:42] === TCP CLIENT PRE-COPY MIGRATION (3 iterations) ===
[07:01:42] Step 1: Checking source client process...
[07:01:43]   Using PID from /home/ubuntu/tcp_client.pid: 50815
[07:01:44]   Server connections so far: 1
[07:01:44] Step 2: Preparing CRIU directory...
[07:01:45] Step 3: Running 3 pre-dumps (client keeps running)...
[07:01:45]   Pre-dump 1/3 complete
[07:01:46]   Pre-dump 2/3 complete
[07:01:48]   Pre-dump 3/3 complete
[07:01:49] Step 4: Final dump (freezing client)...
[07:01:49] Step 4.5: Moving VIP to destination...
[07:01:50]   Moving VIP 10.138.215.250 from edge-node-1:ens3 -> edge-node-2:ens3
[07:01:54] Step 5: Creating archive...
[07:01:55] Step 6: Transferring archive...
  Transferring /home/ubuntu/CRIU-tcp-client.tar.gz via relay node edge-host-1...
Setting up SSH trust: edge-node-1 → ubuntu@10.138.215.36
  Adding public key to destination's authorized_keys...
  Testing SSH connectivity...
  ✓ SSH trust ready
Setting up SSH trust: edge-host-1 → ubuntu@10.138.215.137
  Adding public key to destination's authorized_keys...
  Testing SSH connectivity...
  ✓ SSH trust ready
[07:02:08] Step 7: Unpacking on destination...
[07:02:08] Step 8: Preparing restore environment...
[07:02:09] Step 9: Restoring client (--tcp-established)...
[07:02:09] Step 10: Verifying connection continuity...
[07:02:13]   Client output (tail): PP 8 -> 8
[07:02:13]   Server connections so far: 1
[07:02:13] ✓ SUCCESS: Client restored and TCP socket appears established
[07:02:13] Metrics saved to /home/ivo/Evaluation-of-Live-Migration-Strategies-at-the-Edge/Network-live-migration/metrics/migration_metrics.csv
[exit=0]

$ python3 /home/ivo/Evaluation-of-Live-Migration-Strategies-at-the-Edge/Network-live-migration/scripts/setup/reset_nodes.py edge-node-1 edge-node-2 edge-host-1 10.138.215.250
[07:02:14] Resetting nodes: edge-node-1 -> edge-node-2 (server: edge-host-1, vip: 10.138.215.250)
[07:02:14] Step 1: Killing any existing processes on source...
[07:02:14]   Killing PID 50815 (from /home/ubuntu/tcp_client.pid)
[07:02:15]   Killing PID 50815 (from /home/ubuntu/client.pid)
[07:02:15]   Killing any remaining background processes...
[07:02:17] Step 2: Cleaning source node...
[07:02:19] Step 3: Cleaning destination node...
[07:02:19]   Killing PID 50815 on destination (from /home/ubuntu/tcp_client.pid)
[07:02:20]   Killing PID 50815 on destination (from /home/ubuntu/client.pid)
[07:02:20]   Killing all remaining TCP processes on destination...
[07:02:23] Step 4: Cleaning server node (edge-host-1)...
[07:02:24]   Killing PID 597600 on server (from /home/ubuntu/tcp_server.pid)
[07:02:26] ✓ Reset complete, nodes are clean
[07:02:26]   Next: Start your application
[exit=0]

$ bash /home/ivo/Evaluation-of-Live-Migration-Strategies-at-the-Edge/Network-live-migration/scripts/workloads/start_tcp_server.sh edge-host-1 5000
[tcp-server] Ensuring tcp-howto binary on edge-host-1...
[tcp-server] Reusing existing /tmp/tcp-howto on edge-host-1
[tcp-server] Starting on edge-host-1 (port 5000)...
[tcp-server] Waiting for listen...
✓ TCP server listening on edge-host-1:5000
[tcp-server] Logs: multipass exec edge-host-1 -- tail -f /home/ubuntu/tcp_server.out
[exit=0]

$ bash /home/ivo/Evaluation-of-Live-Migration-Strategies-at-the-Edge/Network-live-migration/scripts/workloads/start_tcp_client.sh edge-node-1 edge-host-1 5000
[tcp-client] Server endpoint: 10.138.215.36:5000
[tcp-client] Client VIP: 10.138.215.250
[tcp-client] Ensuring tcp-howto binary on edge-node-1...
[tcp-client] Reusing existing /tmp/tcp-howto on edge-node-1
[tcp-client] Ensuring VIP 10.138.215.250 is present on edge-node-1...
ARPING 10.138.215.250 from 10.138.215.250 ens3
Sent 3 probes (3 broadcast(s))
Received 0 response(s)
[tcp-client] Starting on edge-node-1...
[tcp-client] Waiting for established TCP connection...
✓ TCP client connected (PID: 52925)
[tcp-client] Logs: multipass exec edge-node-1 -- tail -f /home/ubuntu/tcp_client.out
[exit=0]

$ python3 /home/ivo/Evaluation-of-Live-Migration-Strategies-at-the-Edge/Network-live-migration/scripts/orchestrators/tcp_client_benchmark.py precopy --source edge-node-1 --dest edge-node-2 --server edge-host-1 --transfer-mode host --run-id 05-05-2026-host-precopy-0025 --csv /home/ivo/Evaluation-of-Live-Migration-Strategies-at-the-Edge/Network-live-migration/metrics/migration_metrics.csv --profile-name 4_Starlink --relay-node edge-host-1 --iterations 3
[07:02:34] === TCP CLIENT MIGRATION ===
[07:02:34] Run ID: 05-05-2026-host-precopy-0025
[07:02:34] Source: edge-node-1, Dest: edge-node-2
[07:02:34] Server: edge-host-1
[07:02:34] Transfer mode: host
[07:02:34] Relay node: edge-host-1

[07:02:34] === TCP CLIENT PRE-COPY MIGRATION (3 iterations) ===
[07:02:34] Step 1: Checking source client process...
[07:02:35]   Using PID from /home/ubuntu/tcp_client.pid: 52925
[07:02:36]   Server connections so far: 1
[07:02:36] Step 2: Preparing CRIU directory...
[07:02:37] Step 3: Running 3 pre-dumps (client keeps running)...
[07:02:37]   Pre-dump 1/3 complete
[07:02:38]   Pre-dump 2/3 complete
[07:02:40]   Pre-dump 3/3 complete
[07:02:41] Step 4: Final dump (freezing client)...
[07:02:41] Step 4.5: Moving VIP to destination...
[07:02:42]   Moving VIP 10.138.215.250 from edge-node-1:ens3 -> edge-node-2:ens3
[07:02:47] Step 5: Creating archive...
[07:02:47] Step 6: Transferring archive...
  Transferring /home/ubuntu/CRIU-tcp-client.tar.gz via relay node edge-host-1...
Setting up SSH trust: edge-node-1 → ubuntu@10.138.215.36
  Adding public key to destination's authorized_keys...
  Testing SSH connectivity...
  ✓ SSH trust ready
Setting up SSH trust: edge-host-1 → ubuntu@10.138.215.137
  Adding public key to destination's authorized_keys...
  Testing SSH connectivity...
  ✓ SSH trust ready
[07:03:00] Step 7: Unpacking on destination...
[07:03:00] Step 8: Preparing restore environment...
[07:03:01] Step 9: Restoring client (--tcp-established)...
[07:03:01] Step 10: Verifying connection continuity...
[07:03:05]   Client output (tail): PP 8 -> 8
[07:03:05]   Server connections so far: 1
[07:03:05] ✓ SUCCESS: Client restored and TCP socket appears established
[07:03:05] Metrics saved to /home/ivo/Evaluation-of-Live-Migration-Strategies-at-the-Edge/Network-live-migration/metrics/migration_metrics.csv
[exit=0]

$ python3 /home/ivo/Evaluation-of-Live-Migration-Strategies-at-the-Edge/Network-live-migration/scripts/setup/reset_nodes.py edge-node-1 edge-node-2 edge-host-1 10.138.215.250
[07:03:06] Resetting nodes: edge-node-1 -> edge-node-2 (server: edge-host-1, vip: 10.138.215.250)
[07:03:06] Step 1: Killing any existing processes on source...
[07:03:06]   Killing PID 52925 (from /home/ubuntu/tcp_client.pid)
[07:03:07]   Killing PID 52925 (from /home/ubuntu/client.pid)
[07:03:07]   Killing any remaining background processes...
[07:03:09] Step 2: Cleaning source node...
[07:03:10] Step 3: Cleaning destination node...
[07:03:11]   Killing PID 52925 on destination (from /home/ubuntu/tcp_client.pid)
[07:03:11]   Killing PID 52925 on destination (from /home/ubuntu/client.pid)
[07:03:12]   Killing all remaining TCP processes on destination...
[07:03:15] Step 4: Cleaning server node (edge-host-1)...
[07:03:15]   Killing PID 599196 on server (from /home/ubuntu/tcp_server.pid)
[07:03:17] ✓ Reset complete, nodes are clean
[07:03:17]   Next: Start your application
[exit=0]

$ bash /home/ivo/Evaluation-of-Live-Migration-Strategies-at-the-Edge/Network-live-migration/scripts/workloads/start_tcp_server.sh edge-host-1 5000
[tcp-server] Ensuring tcp-howto binary on edge-host-1...
[tcp-server] Reusing existing /tmp/tcp-howto on edge-host-1
[tcp-server] Starting on edge-host-1 (port 5000)...
[tcp-server] Waiting for listen...
✓ TCP server listening on edge-host-1:5000
[tcp-server] Logs: multipass exec edge-host-1 -- tail -f /home/ubuntu/tcp_server.out
[exit=0]

$ bash /home/ivo/Evaluation-of-Live-Migration-Strategies-at-the-Edge/Network-live-migration/scripts/workloads/start_tcp_client.sh edge-node-1 edge-host-1 5000
[tcp-client] Server endpoint: 10.138.215.36:5000
[tcp-client] Client VIP: 10.138.215.250
[tcp-client] Ensuring tcp-howto binary on edge-node-1...
[tcp-client] Reusing existing /tmp/tcp-howto on edge-node-1
[tcp-client] Ensuring VIP 10.138.215.250 is present on edge-node-1...
ARPING 10.138.215.250 from 10.138.215.250 ens3
Sent 3 probes (3 broadcast(s))
Received 0 response(s)
[tcp-client] Starting on edge-node-1...
[tcp-client] Waiting for established TCP connection...
✓ TCP client connected (PID: 55045)
[tcp-client] Logs: multipass exec edge-node-1 -- tail -f /home/ubuntu/tcp_client.out
[exit=0]

$ python3 /home/ivo/Evaluation-of-Live-Migration-Strategies-at-the-Edge/Network-live-migration/scripts/orchestrators/tcp_client_benchmark.py precopy --source edge-node-1 --dest edge-node-2 --server edge-host-1 --transfer-mode host --run-id 05-05-2026-host-precopy-0026 --csv /home/ivo/Evaluation-of-Live-Migration-Strategies-at-the-Edge/Network-live-migration/metrics/migration_metrics.csv --profile-name 4_Starlink --relay-node edge-host-1 --iterations 3
[07:03:26] === TCP CLIENT MIGRATION ===
[07:03:26] Run ID: 05-05-2026-host-precopy-0026
[07:03:26] Source: edge-node-1, Dest: edge-node-2
[07:03:26] Server: edge-host-1
[07:03:26] Transfer mode: host
[07:03:26] Relay node: edge-host-1

[07:03:26] === TCP CLIENT PRE-COPY MIGRATION (3 iterations) ===
[07:03:26] Step 1: Checking source client process...
[07:03:26]   Using PID from /home/ubuntu/tcp_client.pid: 55045
[07:03:27]   Server connections so far: 1
[07:03:28] Step 2: Preparing CRIU directory...
[07:03:28] Step 3: Running 3 pre-dumps (client keeps running)...
[07:03:28]   Pre-dump 1/3 complete
[07:03:30]   Pre-dump 2/3 complete
[07:03:31]   Pre-dump 3/3 complete
[07:03:32] Step 4: Final dump (freezing client)...
[07:03:32] Step 4.5: Moving VIP to destination...
[07:03:33]   Moving VIP 10.138.215.250 from edge-node-1:ens3 -> edge-node-2:ens3
[07:03:38] Step 5: Creating archive...
[07:03:39] Step 6: Transferring archive...
  Transferring /home/ubuntu/CRIU-tcp-client.tar.gz via relay node edge-host-1...
Setting up SSH trust: edge-node-1 → ubuntu@10.138.215.36
  Adding public key to destination's authorized_keys...
  Testing SSH connectivity...
  ✓ SSH trust ready
Setting up SSH trust: edge-host-1 → ubuntu@10.138.215.137
  Adding public key to destination's authorized_keys...
  Testing SSH connectivity...
  ✓ SSH trust ready
[07:03:51] Step 7: Unpacking on destination...
[07:03:52] Step 8: Preparing restore environment...
[07:03:52] Step 9: Restoring client (--tcp-established)...
[07:03:53] Step 10: Verifying connection continuity...
[07:03:56]   Client output (tail): PP 8 -> 8
[07:03:57]   Server connections so far: 1
[07:03:57] ✓ SUCCESS: Client restored and TCP socket appears established
[07:03:57] Metrics saved to /home/ivo/Evaluation-of-Live-Migration-Strategies-at-the-Edge/Network-live-migration/metrics/migration_metrics.csv
[exit=0]

$ python3 /home/ivo/Evaluation-of-Live-Migration-Strategies-at-the-Edge/Network-live-migration/scripts/setup/reset_nodes.py edge-node-1 edge-node-2 edge-host-1 10.138.215.250
[07:03:57] Resetting nodes: edge-node-1 -> edge-node-2 (server: edge-host-1, vip: 10.138.215.250)
[07:03:57] Step 1: Killing any existing processes on source...
[07:03:57]   Killing PID 55045 (from /home/ubuntu/tcp_client.pid)
[07:03:58]   Killing PID 55045 (from /home/ubuntu/client.pid)
[07:03:59]   Killing any remaining background processes...
[07:04:00] Step 2: Cleaning source node...
[07:04:02] Step 3: Cleaning destination node...
[07:04:02]   Killing PID 55045 on destination (from /home/ubuntu/tcp_client.pid)
[07:04:03]   Killing PID 55045 on destination (from /home/ubuntu/client.pid)
[07:04:03]   Killing all remaining TCP processes on destination...
[07:04:06] Step 4: Cleaning server node (edge-host-1)...
[07:04:07]   Killing PID 600793 on server (from /home/ubuntu/tcp_server.pid)
[07:04:09] ✓ Reset complete, nodes are clean
[07:04:09]   Next: Start your application
[exit=0]

$ bash /home/ivo/Evaluation-of-Live-Migration-Strategies-at-the-Edge/Network-live-migration/scripts/workloads/start_tcp_server.sh edge-host-1 5000
[tcp-server] Ensuring tcp-howto binary on edge-host-1...
[tcp-server] Reusing existing /tmp/tcp-howto on edge-host-1
[tcp-server] Starting on edge-host-1 (port 5000)...
[tcp-server] Waiting for listen...
✓ TCP server listening on edge-host-1:5000
[tcp-server] Logs: multipass exec edge-host-1 -- tail -f /home/ubuntu/tcp_server.out
[exit=0]

$ bash /home/ivo/Evaluation-of-Live-Migration-Strategies-at-the-Edge/Network-live-migration/scripts/workloads/start_tcp_client.sh edge-node-1 edge-host-1 5000
[tcp-client] Server endpoint: 10.138.215.36:5000
[tcp-client] Client VIP: 10.138.215.250
[tcp-client] Ensuring tcp-howto binary on edge-node-1...
[tcp-client] Reusing existing /tmp/tcp-howto on edge-node-1
[tcp-client] Ensuring VIP 10.138.215.250 is present on edge-node-1...
ARPING 10.138.215.250 from 10.138.215.250 ens3
Sent 3 probes (3 broadcast(s))
Received 0 response(s)
[tcp-client] Starting on edge-node-1...
[tcp-client] Waiting for established TCP connection...
✓ TCP client connected (PID: 57167)
[tcp-client] Logs: multipass exec edge-node-1 -- tail -f /home/ubuntu/tcp_client.out
[exit=0]

$ python3 /home/ivo/Evaluation-of-Live-Migration-Strategies-at-the-Edge/Network-live-migration/scripts/orchestrators/tcp_client_benchmark.py precopy --source edge-node-1 --dest edge-node-2 --server edge-host-1 --transfer-mode host --run-id 05-05-2026-host-precopy-0027 --csv /home/ivo/Evaluation-of-Live-Migration-Strategies-at-the-Edge/Network-live-migration/metrics/migration_metrics.csv --profile-name 4_Starlink --relay-node edge-host-1 --iterations 3
[07:04:17] === TCP CLIENT MIGRATION ===
[07:04:17] Run ID: 05-05-2026-host-precopy-0027
[07:04:17] Source: edge-node-1, Dest: edge-node-2
[07:04:17] Server: edge-host-1
[07:04:17] Transfer mode: host
[07:04:17] Relay node: edge-host-1

[07:04:17] === TCP CLIENT PRE-COPY MIGRATION (3 iterations) ===
[07:04:17] Step 1: Checking source client process...
[07:04:18]   Using PID from /home/ubuntu/tcp_client.pid: 57167
[07:04:19]   Server connections so far: 1
[07:04:19] Step 2: Preparing CRIU directory...
[07:04:19] Step 3: Running 3 pre-dumps (client keeps running)...
[07:04:20]   Pre-dump 1/3 complete
[07:04:21]   Pre-dump 2/3 complete
[07:04:22]   Pre-dump 3/3 complete
[07:04:23] Step 4: Final dump (freezing client)...
[07:04:24] Step 4.5: Moving VIP to destination...
[07:04:24]   Moving VIP 10.138.215.250 from edge-node-1:ens3 -> edge-node-2:ens3
[07:04:29] Step 5: Creating archive...
[07:04:29] Step 6: Transferring archive...
  Transferring /home/ubuntu/CRIU-tcp-client.tar.gz via relay node edge-host-1...
Setting up SSH trust: edge-node-1 → ubuntu@10.138.215.36
  Adding public key to destination's authorized_keys...
  Testing SSH connectivity...
  ✓ SSH trust ready
Setting up SSH trust: edge-host-1 → ubuntu@10.138.215.137
  Adding public key to destination's authorized_keys...
  Testing SSH connectivity...
  ✓ SSH trust ready
[07:04:42] Step 7: Unpacking on destination...
[07:04:42] Step 8: Preparing restore environment...
[07:04:43] Step 9: Restoring client (--tcp-established)...
[07:04:43] Step 10: Verifying connection continuity...
[07:04:47]   Client output (tail): PP 8 -> 8
[07:04:48]   Server connections so far: 1
[07:04:48] ✓ SUCCESS: Client restored and TCP socket appears established
[07:04:48] Metrics saved to /home/ivo/Evaluation-of-Live-Migration-Strategies-at-the-Edge/Network-live-migration/metrics/migration_metrics.csv
[exit=0]

$ python3 /home/ivo/Evaluation-of-Live-Migration-Strategies-at-the-Edge/Network-live-migration/scripts/setup/reset_nodes.py edge-node-1 edge-node-2 edge-host-1 10.138.215.250
[07:04:48] Resetting nodes: edge-node-1 -> edge-node-2 (server: edge-host-1, vip: 10.138.215.250)
[07:04:48] Step 1: Killing any existing processes on source...
[07:04:49]   Killing PID 57167 (from /home/ubuntu/tcp_client.pid)
[07:04:49]   Killing PID 57167 (from /home/ubuntu/client.pid)
[07:04:50]   Killing any remaining background processes...
[07:04:51] Step 2: Cleaning source node...
[07:04:53] Step 3: Cleaning destination node...
[07:04:53]   Killing PID 57167 on destination (from /home/ubuntu/tcp_client.pid)
[07:04:54]   Killing PID 57167 on destination (from /home/ubuntu/client.pid)
[07:04:54]   Killing all remaining TCP processes on destination...
[07:04:57] Step 4: Cleaning server node (edge-host-1)...
[07:04:58]   Killing PID 602389 on server (from /home/ubuntu/tcp_server.pid)
[07:05:00] ✓ Reset complete, nodes are clean
[07:05:00]   Next: Start your application
[exit=0]

$ bash /home/ivo/Evaluation-of-Live-Migration-Strategies-at-the-Edge/Network-live-migration/scripts/workloads/start_tcp_server.sh edge-host-1 5000
[tcp-server] Ensuring tcp-howto binary on edge-host-1...
[tcp-server] Reusing existing /tmp/tcp-howto on edge-host-1
[tcp-server] Starting on edge-host-1 (port 5000)...
[tcp-server] Waiting for listen...
✓ TCP server listening on edge-host-1:5000
[tcp-server] Logs: multipass exec edge-host-1 -- tail -f /home/ubuntu/tcp_server.out
[exit=0]

$ bash /home/ivo/Evaluation-of-Live-Migration-Strategies-at-the-Edge/Network-live-migration/scripts/workloads/start_tcp_client.sh edge-node-1 edge-host-1 5000
[tcp-client] Server endpoint: 10.138.215.36:5000
[tcp-client] Client VIP: 10.138.215.250
[tcp-client] Ensuring tcp-howto binary on edge-node-1...
[tcp-client] Reusing existing /tmp/tcp-howto on edge-node-1
[tcp-client] Ensuring VIP 10.138.215.250 is present on edge-node-1...
ARPING 10.138.215.250 from 10.138.215.250 ens3
Sent 3 probes (3 broadcast(s))
Received 0 response(s)
[tcp-client] Starting on edge-node-1...
[tcp-client] Waiting for established TCP connection...
✓ TCP client connected (PID: 59290)
[tcp-client] Logs: multipass exec edge-node-1 -- tail -f /home/ubuntu/tcp_client.out
[exit=0]

$ python3 /home/ivo/Evaluation-of-Live-Migration-Strategies-at-the-Edge/Network-live-migration/scripts/orchestrators/tcp_client_benchmark.py precopy --source edge-node-1 --dest edge-node-2 --server edge-host-1 --transfer-mode host --run-id 05-05-2026-host-precopy-0028 --csv /home/ivo/Evaluation-of-Live-Migration-Strategies-at-the-Edge/Network-live-migration/metrics/migration_metrics.csv --profile-name 4_Starlink --relay-node edge-host-1 --iterations 3
[07:05:08] === TCP CLIENT MIGRATION ===
[07:05:08] Run ID: 05-05-2026-host-precopy-0028
[07:05:08] Source: edge-node-1, Dest: edge-node-2
[07:05:08] Server: edge-host-1
[07:05:08] Transfer mode: host
[07:05:08] Relay node: edge-host-1

[07:05:08] === TCP CLIENT PRE-COPY MIGRATION (3 iterations) ===
[07:05:08] Step 1: Checking source client process...
[07:05:09]   Using PID from /home/ubuntu/tcp_client.pid: 59290
[07:05:10]   Server connections so far: 1
[07:05:10] Step 2: Preparing CRIU directory...
[07:05:10] Step 3: Running 3 pre-dumps (client keeps running)...
[07:05:11]   Pre-dump 1/3 complete
[07:05:12]   Pre-dump 2/3 complete
[07:05:13]   Pre-dump 3/3 complete
[07:05:14] Step 4: Final dump (freezing client)...
[07:05:15] Step 4.5: Moving VIP to destination...
[07:05:15]   Moving VIP 10.138.215.250 from edge-node-1:ens3 -> edge-node-2:ens3
[07:05:20] Step 5: Creating archive...
[07:05:21] Step 6: Transferring archive...
  Transferring /home/ubuntu/CRIU-tcp-client.tar.gz via relay node edge-host-1...
Setting up SSH trust: edge-node-1 → ubuntu@10.138.215.36
  Adding public key to destination's authorized_keys...
  Testing SSH connectivity...
  ✓ SSH trust ready
Setting up SSH trust: edge-host-1 → ubuntu@10.138.215.137
  Adding public key to destination's authorized_keys...
  Testing SSH connectivity...
  ✓ SSH trust ready
[07:05:34] Step 7: Unpacking on destination...
[07:05:34] Step 8: Preparing restore environment...
[07:05:35] Step 9: Restoring client (--tcp-established)...
[07:05:35] Step 10: Verifying connection continuity...
[07:05:38]   Client output (tail): PP 8 -> 8
[07:05:39]   Server connections so far: 1
[07:05:39] ✓ SUCCESS: Client restored and TCP socket appears established
[07:05:39] Metrics saved to /home/ivo/Evaluation-of-Live-Migration-Strategies-at-the-Edge/Network-live-migration/metrics/migration_metrics.csv
[exit=0]

$ python3 /home/ivo/Evaluation-of-Live-Migration-Strategies-at-the-Edge/Network-live-migration/scripts/setup/reset_nodes.py edge-node-1 edge-node-2 edge-host-1 10.138.215.250
[07:05:40] Resetting nodes: edge-node-1 -> edge-node-2 (server: edge-host-1, vip: 10.138.215.250)
[07:05:40] Step 1: Killing any existing processes on source...
[07:05:40]   Killing PID 59290 (from /home/ubuntu/tcp_client.pid)
[07:05:41]   Killing PID 59290 (from /home/ubuntu/client.pid)
[07:05:41]   Killing any remaining background processes...
[07:05:42] Step 2: Cleaning source node...
[07:05:44] Step 3: Cleaning destination node...
[07:05:45]   Killing PID 59290 on destination (from /home/ubuntu/tcp_client.pid)
[07:05:45]   Killing PID 59290 on destination (from /home/ubuntu/client.pid)
[07:05:46]   Killing all remaining TCP processes on destination...
[07:05:49] Step 4: Cleaning server node (edge-host-1)...
[07:05:50]   Killing PID 603990 on server (from /home/ubuntu/tcp_server.pid)
[07:05:52] ✓ Reset complete, nodes are clean
[07:05:52]   Next: Start your application
[exit=0]

$ bash /home/ivo/Evaluation-of-Live-Migration-Strategies-at-the-Edge/Network-live-migration/scripts/workloads/start_tcp_server.sh edge-host-1 5000
[tcp-server] Ensuring tcp-howto binary on edge-host-1...
[tcp-server] Reusing existing /tmp/tcp-howto on edge-host-1
[tcp-server] Starting on edge-host-1 (port 5000)...
[tcp-server] Waiting for listen...
✓ TCP server listening on edge-host-1:5000
[tcp-server] Logs: multipass exec edge-host-1 -- tail -f /home/ubuntu/tcp_server.out
[exit=0]

$ bash /home/ivo/Evaluation-of-Live-Migration-Strategies-at-the-Edge/Network-live-migration/scripts/workloads/start_tcp_client.sh edge-node-1 edge-host-1 5000
[tcp-client] Server endpoint: 10.138.215.36:5000
[tcp-client] Client VIP: 10.138.215.250
[tcp-client] Ensuring tcp-howto binary on edge-node-1...
[tcp-client] Reusing existing /tmp/tcp-howto on edge-node-1
[tcp-client] Ensuring VIP 10.138.215.250 is present on edge-node-1...
ARPING 10.138.215.250 from 10.138.215.250 ens3
Sent 3 probes (3 broadcast(s))
Received 0 response(s)
[tcp-client] Starting on edge-node-1...
[tcp-client] Waiting for established TCP connection...
✓ TCP client connected (PID: 61419)
[tcp-client] Logs: multipass exec edge-node-1 -- tail -f /home/ubuntu/tcp_client.out
[exit=0]

$ python3 /home/ivo/Evaluation-of-Live-Migration-Strategies-at-the-Edge/Network-live-migration/scripts/orchestrators/tcp_client_benchmark.py precopy --source edge-node-1 --dest edge-node-2 --server edge-host-1 --transfer-mode host --run-id 05-05-2026-host-precopy-0029 --csv /home/ivo/Evaluation-of-Live-Migration-Strategies-at-the-Edge/Network-live-migration/metrics/migration_metrics.csv --profile-name 4_Starlink --relay-node edge-host-1 --iterations 3
[07:06:00] === TCP CLIENT MIGRATION ===
[07:06:00] Run ID: 05-05-2026-host-precopy-0029
[07:06:00] Source: edge-node-1, Dest: edge-node-2
[07:06:00] Server: edge-host-1
[07:06:00] Transfer mode: host
[07:06:00] Relay node: edge-host-1

[07:06:00] === TCP CLIENT PRE-COPY MIGRATION (3 iterations) ===
[07:06:00] Step 1: Checking source client process...
[07:06:01]   Using PID from /home/ubuntu/tcp_client.pid: 61419
[07:06:02]   Server connections so far: 1
[07:06:02] Step 2: Preparing CRIU directory...
[07:06:03] Step 3: Running 3 pre-dumps (client keeps running)...
[07:06:03]   Pre-dump 1/3 complete
[07:06:04]   Pre-dump 2/3 complete
[07:06:06]   Pre-dump 3/3 complete
[07:06:07] Step 4: Final dump (freezing client)...
[07:06:07] Step 4.5: Moving VIP to destination...
[07:06:08]   Moving VIP 10.138.215.250 from edge-node-1:ens3 -> edge-node-2:ens3
[07:06:12] Step 5: Creating archive...
[07:06:13] Step 6: Transferring archive...
  Transferring /home/ubuntu/CRIU-tcp-client.tar.gz via relay node edge-host-1...
Setting up SSH trust: edge-node-1 → ubuntu@10.138.215.36
  Adding public key to destination's authorized_keys...
  Testing SSH connectivity...
  ✓ SSH trust ready
Setting up SSH trust: edge-host-1 → ubuntu@10.138.215.137
  Adding public key to destination's authorized_keys...
  Testing SSH connectivity...
  ✓ SSH trust ready
[07:06:26] Step 7: Unpacking on destination...
[07:06:26] Step 8: Preparing restore environment...
[07:06:27] Step 9: Restoring client (--tcp-established)...
[07:06:27] Step 10: Verifying connection continuity...
[07:06:30]   Client output (tail): PP 8 -> 8
[07:06:31]   Server connections so far: 1
[07:06:31] ✓ SUCCESS: Client restored and TCP socket appears established
[07:06:31] Metrics saved to /home/ivo/Evaluation-of-Live-Migration-Strategies-at-the-Edge/Network-live-migration/metrics/migration_metrics.csv
[exit=0]

$ python3 /home/ivo/Evaluation-of-Live-Migration-Strategies-at-the-Edge/Network-live-migration/scripts/setup/reset_nodes.py edge-node-1 edge-node-2 edge-host-1 10.138.215.250
[07:06:32] Resetting nodes: edge-node-1 -> edge-node-2 (server: edge-host-1, vip: 10.138.215.250)
[07:06:32] Step 1: Killing any existing processes on source...
[07:06:32]   Killing PID 61419 (from /home/ubuntu/tcp_client.pid)
[07:06:33]   Killing PID 61419 (from /home/ubuntu/client.pid)
[07:06:33]   Killing any remaining background processes...
[07:06:34] Step 2: Cleaning source node...
[07:06:36] Step 3: Cleaning destination node...
[07:06:36]   Killing PID 61419 on destination (from /home/ubuntu/tcp_client.pid)
[07:06:37]   Killing PID 61419 on destination (from /home/ubuntu/client.pid)
[07:06:38]   Killing all remaining TCP processes on destination...
[07:06:41] Step 4: Cleaning server node (edge-host-1)...
[07:06:41]   Killing PID 605597 on server (from /home/ubuntu/tcp_server.pid)
[07:06:43] ✓ Reset complete, nodes are clean
[07:06:43]   Next: Start your application
[exit=0]

$ bash /home/ivo/Evaluation-of-Live-Migration-Strategies-at-the-Edge/Network-live-migration/scripts/workloads/start_tcp_server.sh edge-host-1 5000
[tcp-server] Ensuring tcp-howto binary on edge-host-1...
[tcp-server] Reusing existing /tmp/tcp-howto on edge-host-1
[tcp-server] Starting on edge-host-1 (port 5000)...
[tcp-server] Waiting for listen...
✓ TCP server listening on edge-host-1:5000
[tcp-server] Logs: multipass exec edge-host-1 -- tail -f /home/ubuntu/tcp_server.out
[exit=0]

$ bash /home/ivo/Evaluation-of-Live-Migration-Strategies-at-the-Edge/Network-live-migration/scripts/workloads/start_tcp_client.sh edge-node-1 edge-host-1 5000
[tcp-client] Server endpoint: 10.138.215.36:5000
[tcp-client] Client VIP: 10.138.215.250
[tcp-client] Ensuring tcp-howto binary on edge-node-1...
[tcp-client] Reusing existing /tmp/tcp-howto on edge-node-1
[tcp-client] Ensuring VIP 10.138.215.250 is present on edge-node-1...
ARPING 10.138.215.250 from 10.138.215.250 ens3
Sent 3 probes (3 broadcast(s))
Received 0 response(s)
[tcp-client] Starting on edge-node-1...
[tcp-client] Waiting for established TCP connection...
✓ TCP client connected (PID: 63534)
[tcp-client] Logs: multipass exec edge-node-1 -- tail -f /home/ubuntu/tcp_client.out
[exit=0]

$ python3 /home/ivo/Evaluation-of-Live-Migration-Strategies-at-the-Edge/Network-live-migration/scripts/orchestrators/tcp_client_benchmark.py precopy --source edge-node-1 --dest edge-node-2 --server edge-host-1 --transfer-mode direct --run-id 05-05-2026-direct-precopy-0020 --csv /home/ivo/Evaluation-of-Live-Migration-Strategies-at-the-Edge/Network-live-migration/metrics/migration_metrics.csv --profile-name 4_Starlink --iterations 3
[07:06:52] === TCP CLIENT MIGRATION ===
[07:06:52] Run ID: 05-05-2026-direct-precopy-0020
[07:06:52] Source: edge-node-1, Dest: edge-node-2
[07:06:52] Server: edge-host-1
[07:06:52] Transfer mode: direct

[07:06:52] === TCP CLIENT PRE-COPY MIGRATION (3 iterations) ===
[07:06:52] Step 1: Checking source client process...
[07:06:52]   Using PID from /home/ubuntu/tcp_client.pid: 63534
[07:06:54]   Server connections so far: 1
[07:06:54] Step 2: Preparing CRIU directory...
[07:06:54] Step 3: Running 3 pre-dumps (client keeps running)...
[07:06:55]   Pre-dump 1/3 complete
[07:06:56]   Pre-dump 2/3 complete
[07:06:57]   Pre-dump 3/3 complete
[07:06:58] Step 4: Final dump (freezing client)...
[07:06:59] Step 4.5: Moving VIP to destination...
[07:06:59]   Moving VIP 10.138.215.250 from edge-node-1:ens3 -> edge-node-2:ens3
[07:07:04] Step 5: Creating archive...
[07:07:05] Step 6: Transferring archive...
[07:07:05]   Setting up direct SSH trust...
Setting up SSH trust: edge-node-1 → ubuntu@10.138.215.137
  Adding public key to destination's authorized_keys...
  Testing SSH connectivity...
  ✓ SSH trust ready
Setting up SSH trust: edge-node-1 → ubuntu@10.138.215.137
  Adding public key to destination's authorized_keys...
  Testing SSH connectivity...
  ✓ SSH trust ready
  Transferring /home/ubuntu/CRIU-tcp-client.tar.gz via SCP...
[07:07:14] Step 7: Unpacking on destination...
[07:07:14] Step 8: Preparing restore environment...
[07:07:14] Step 9: Restoring client (--tcp-established)...
[07:07:15] Step 10: Verifying connection continuity...
[07:07:18]   Client output (tail): PP 8 -> 8
[07:07:19]   Server connections so far: 1
[07:07:19] ✓ SUCCESS: Client restored and TCP socket appears established
[07:07:19] Metrics saved to /home/ivo/Evaluation-of-Live-Migration-Strategies-at-the-Edge/Network-live-migration/metrics/migration_metrics.csv
[exit=0]

$ python3 /home/ivo/Evaluation-of-Live-Migration-Strategies-at-the-Edge/Network-live-migration/scripts/setup/reset_nodes.py edge-node-1 edge-node-2 edge-host-1 10.138.215.250
[07:07:19] Resetting nodes: edge-node-1 -> edge-node-2 (server: edge-host-1, vip: 10.138.215.250)
[07:07:19] Step 1: Killing any existing processes on source...
[07:07:20]   Killing PID 63534 (from /home/ubuntu/tcp_client.pid)
[07:07:20]   Killing PID 63534 (from /home/ubuntu/client.pid)
[07:07:21]   Killing any remaining background processes...
[07:07:22] Step 2: Cleaning source node...
[07:07:24] Step 3: Cleaning destination node...
[07:07:24]   Killing PID 63534 on destination (from /home/ubuntu/tcp_client.pid)
[07:07:25]   Killing PID 63534 on destination (from /home/ubuntu/client.pid)
[07:07:26]   Killing all remaining TCP processes on destination...
[07:07:29] Step 4: Cleaning server node (edge-host-1)...
[07:07:29]   Killing PID 607439 on server (from /home/ubuntu/tcp_server.pid)
[07:07:31] ✓ Reset complete, nodes are clean
[07:07:31]   Next: Start your application
[exit=0]

$ bash /home/ivo/Evaluation-of-Live-Migration-Strategies-at-the-Edge/Network-live-migration/scripts/workloads/start_tcp_server.sh edge-host-1 5000
[tcp-server] Ensuring tcp-howto binary on edge-host-1...
[tcp-server] Reusing existing /tmp/tcp-howto on edge-host-1
[tcp-server] Starting on edge-host-1 (port 5000)...
[tcp-server] Waiting for listen...
✓ TCP server listening on edge-host-1:5000
[tcp-server] Logs: multipass exec edge-host-1 -- tail -f /home/ubuntu/tcp_server.out
[exit=0]

$ bash /home/ivo/Evaluation-of-Live-Migration-Strategies-at-the-Edge/Network-live-migration/scripts/workloads/start_tcp_client.sh edge-node-1 edge-host-1 5000
[tcp-client] Server endpoint: 10.138.215.36:5000
[tcp-client] Client VIP: 10.138.215.250
[tcp-client] Ensuring tcp-howto binary on edge-node-1...
[tcp-client] Reusing existing /tmp/tcp-howto on edge-node-1
[tcp-client] Ensuring VIP 10.138.215.250 is present on edge-node-1...
ARPING 10.138.215.250 from 10.138.215.250 ens3
Sent 3 probes (3 broadcast(s))
Received 0 response(s)
[tcp-client] Starting on edge-node-1...
[tcp-client] Waiting for established TCP connection...
✓ TCP client connected (PID: 65748)
[tcp-client] Logs: multipass exec edge-node-1 -- tail -f /home/ubuntu/tcp_client.out
[exit=0]

$ python3 /home/ivo/Evaluation-of-Live-Migration-Strategies-at-the-Edge/Network-live-migration/scripts/orchestrators/tcp_client_benchmark.py precopy --source edge-node-1 --dest edge-node-2 --server edge-host-1 --transfer-mode direct --run-id 05-05-2026-direct-precopy-0021 --csv /home/ivo/Evaluation-of-Live-Migration-Strategies-at-the-Edge/Network-live-migration/metrics/migration_metrics.csv --profile-name 4_Starlink --iterations 3
[07:07:40] === TCP CLIENT MIGRATION ===
[07:07:40] Run ID: 05-05-2026-direct-precopy-0021
[07:07:40] Source: edge-node-1, Dest: edge-node-2
[07:07:40] Server: edge-host-1
[07:07:40] Transfer mode: direct

[07:07:40] === TCP CLIENT PRE-COPY MIGRATION (3 iterations) ===
[07:07:40] Step 1: Checking source client process...
[07:07:40]   Using PID from /home/ubuntu/tcp_client.pid: 65748
[07:07:41]   Server connections so far: 1
[07:07:42] Step 2: Preparing CRIU directory...
[07:07:42] Step 3: Running 3 pre-dumps (client keeps running)...
[07:07:42]   Pre-dump 1/3 complete
[07:07:44]   Pre-dump 2/3 complete
[07:07:45]   Pre-dump 3/3 complete
[07:07:46] Step 4: Final dump (freezing client)...
[07:07:46] Step 4.5: Moving VIP to destination...
[07:07:47]   Moving VIP 10.138.215.250 from edge-node-1:ens3 -> edge-node-2:ens3
[07:07:51] Step 5: Creating archive...
[07:07:52] Step 6: Transferring archive...
[07:07:52]   Setting up direct SSH trust...
Setting up SSH trust: edge-node-1 → ubuntu@10.138.215.137
  Adding public key to destination's authorized_keys...
  Testing SSH connectivity...
  ✓ SSH trust ready
Setting up SSH trust: edge-node-1 → ubuntu@10.138.215.137
  Adding public key to destination's authorized_keys...
  Testing SSH connectivity...
  ✓ SSH trust ready
  Transferring /home/ubuntu/CRIU-tcp-client.tar.gz via SCP...
[07:08:02] Step 7: Unpacking on destination...
[07:08:02] Step 8: Preparing restore environment...
[07:08:03] Step 9: Restoring client (--tcp-established)...
[07:08:04] Step 10: Verifying connection continuity...
[07:08:07]   Client output (tail): PP 8 -> 8
[07:08:08]   Server connections so far: 1
[07:08:08] ✓ SUCCESS: Client restored and TCP socket appears established
[07:08:08] Metrics saved to /home/ivo/Evaluation-of-Live-Migration-Strategies-at-the-Edge/Network-live-migration/metrics/migration_metrics.csv
[exit=0]

$ python3 /home/ivo/Evaluation-of-Live-Migration-Strategies-at-the-Edge/Network-live-migration/scripts/setup/reset_nodes.py edge-node-1 edge-node-2 edge-host-1 10.138.215.250
[07:08:08] Resetting nodes: edge-node-1 -> edge-node-2 (server: edge-host-1, vip: 10.138.215.250)
[07:08:08] Step 1: Killing any existing processes on source...
[07:08:09]   Killing PID 65748 (from /home/ubuntu/tcp_client.pid)
[07:08:09]   Killing PID 65748 (from /home/ubuntu/client.pid)
[07:08:10]   Killing any remaining background processes...
[07:08:11] Step 2: Cleaning source node...
[07:08:13] Step 3: Cleaning destination node...
[07:08:13]   Killing PID 65748 on destination (from /home/ubuntu/tcp_client.pid)
[07:08:14]   Killing PID 65748 on destination (from /home/ubuntu/client.pid)
[07:08:15]   Killing all remaining TCP processes on destination...
[07:08:18] Step 4: Cleaning server node (edge-host-1)...
[07:08:18]   Killing PID 608498 on server (from /home/ubuntu/tcp_server.pid)
[07:08:20] ✓ Reset complete, nodes are clean
[07:08:20]   Next: Start your application
[exit=0]

$ bash /home/ivo/Evaluation-of-Live-Migration-Strategies-at-the-Edge/Network-live-migration/scripts/workloads/start_tcp_server.sh edge-host-1 5000
[tcp-server] Ensuring tcp-howto binary on edge-host-1...
[tcp-server] Reusing existing /tmp/tcp-howto on edge-host-1
[tcp-server] Starting on edge-host-1 (port 5000)...
[tcp-server] Waiting for listen...
✓ TCP server listening on edge-host-1:5000
[tcp-server] Logs: multipass exec edge-host-1 -- tail -f /home/ubuntu/tcp_server.out
[exit=0]

$ bash /home/ivo/Evaluation-of-Live-Migration-Strategies-at-the-Edge/Network-live-migration/scripts/workloads/start_tcp_client.sh edge-node-1 edge-host-1 5000
[tcp-client] Server endpoint: 10.138.215.36:5000
[tcp-client] Client VIP: 10.138.215.250
[tcp-client] Ensuring tcp-howto binary on edge-node-1...
[tcp-client] Reusing existing /tmp/tcp-howto on edge-node-1
[tcp-client] Ensuring VIP 10.138.215.250 is present on edge-node-1...
ARPING 10.138.215.250 from 10.138.215.250 ens3
Sent 3 probes (3 broadcast(s))
Received 0 response(s)
[tcp-client] Starting on edge-node-1...
[tcp-client] Waiting for established TCP connection...
✓ TCP client connected (PID: 67971)
[tcp-client] Logs: multipass exec edge-node-1 -- tail -f /home/ubuntu/tcp_client.out
[exit=0]

$ python3 /home/ivo/Evaluation-of-Live-Migration-Strategies-at-the-Edge/Network-live-migration/scripts/orchestrators/tcp_client_benchmark.py precopy --source edge-node-1 --dest edge-node-2 --server edge-host-1 --transfer-mode direct --run-id 05-05-2026-direct-precopy-0022 --csv /home/ivo/Evaluation-of-Live-Migration-Strategies-at-the-Edge/Network-live-migration/metrics/migration_metrics.csv --profile-name 4_Starlink --iterations 3
[07:08:29] === TCP CLIENT MIGRATION ===
[07:08:29] Run ID: 05-05-2026-direct-precopy-0022
[07:08:29] Source: edge-node-1, Dest: edge-node-2
[07:08:29] Server: edge-host-1
[07:08:29] Transfer mode: direct

[07:08:29] === TCP CLIENT PRE-COPY MIGRATION (3 iterations) ===
[07:08:29] Step 1: Checking source client process...
[07:08:29]   Using PID from /home/ubuntu/tcp_client.pid: 67971
[07:08:30]   Server connections so far: 1
[07:08:31] Step 2: Preparing CRIU directory...
[07:08:31] Step 3: Running 3 pre-dumps (client keeps running)...
[07:08:31]   Pre-dump 1/3 complete
[07:08:33]   Pre-dump 2/3 complete
[07:08:34]   Pre-dump 3/3 complete
[07:08:35] Step 4: Final dump (freezing client)...
[07:08:35] Step 4.5: Moving VIP to destination...
[07:08:36]   Moving VIP 10.138.215.250 from edge-node-1:ens3 -> edge-node-2:ens3
[07:08:41] Step 5: Creating archive...
[07:08:41] Step 6: Transferring archive...
[07:08:41]   Setting up direct SSH trust...
Setting up SSH trust: edge-node-1 → ubuntu@10.138.215.137
  Adding public key to destination's authorized_keys...
  Testing SSH connectivity...
  ✓ SSH trust ready
Setting up SSH trust: edge-node-1 → ubuntu@10.138.215.137
  Adding public key to destination's authorized_keys...
  Testing SSH connectivity...
  ✓ SSH trust ready
  Transferring /home/ubuntu/CRIU-tcp-client.tar.gz via SCP...
[07:08:50] Step 7: Unpacking on destination...
[07:08:50] Step 8: Preparing restore environment...
[07:08:51] Step 9: Restoring client (--tcp-established)...
[07:08:51] Step 10: Verifying connection continuity...
[07:08:55]   Client output (tail): PP 8 -> 8
[07:08:55]   Server connections so far: 1
[07:08:55] ✓ SUCCESS: Client restored and TCP socket appears established
[07:08:55] Metrics saved to /home/ivo/Evaluation-of-Live-Migration-Strategies-at-the-Edge/Network-live-migration/metrics/migration_metrics.csv
[exit=0]

$ python3 /home/ivo/Evaluation-of-Live-Migration-Strategies-at-the-Edge/Network-live-migration/scripts/setup/reset_nodes.py edge-node-1 edge-node-2 edge-host-1 10.138.215.250
[07:08:56] Resetting nodes: edge-node-1 -> edge-node-2 (server: edge-host-1, vip: 10.138.215.250)
[07:08:56] Step 1: Killing any existing processes on source...
[07:08:56]   Killing PID 67971 (from /home/ubuntu/tcp_client.pid)
[07:08:57]   Killing PID 67971 (from /home/ubuntu/client.pid)
[07:08:58]   Killing any remaining background processes...
[07:08:59] Step 2: Cleaning source node...
[07:09:01] Step 3: Cleaning destination node...
[07:09:01]   Killing PID 67971 on destination (from /home/ubuntu/tcp_client.pid)
[07:09:02]   Killing PID 67971 on destination (from /home/ubuntu/client.pid)
[07:09:02]   Killing all remaining TCP processes on destination...
[07:09:05] Step 4: Cleaning server node (edge-host-1)...
[07:09:06]   Killing PID 609567 on server (from /home/ubuntu/tcp_server.pid)
[07:09:08] ✓ Reset complete, nodes are clean
[07:09:08]   Next: Start your application
[exit=0]

$ bash /home/ivo/Evaluation-of-Live-Migration-Strategies-at-the-Edge/Network-live-migration/scripts/workloads/start_tcp_server.sh edge-host-1 5000
[tcp-server] Ensuring tcp-howto binary on edge-host-1...
[tcp-server] Reusing existing /tmp/tcp-howto on edge-host-1
[tcp-server] Starting on edge-host-1 (port 5000)...
[tcp-server] Waiting for listen...
✓ TCP server listening on edge-host-1:5000
[tcp-server] Logs: multipass exec edge-host-1 -- tail -f /home/ubuntu/tcp_server.out
[exit=0]

$ bash /home/ivo/Evaluation-of-Live-Migration-Strategies-at-the-Edge/Network-live-migration/scripts/workloads/start_tcp_client.sh edge-node-1 edge-host-1 5000
[tcp-client] Server endpoint: 10.138.215.36:5000
[tcp-client] Client VIP: 10.138.215.250
[tcp-client] Ensuring tcp-howto binary on edge-node-1...
[tcp-client] Reusing existing /tmp/tcp-howto on edge-node-1
[tcp-client] Ensuring VIP 10.138.215.250 is present on edge-node-1...
ARPING 10.138.215.250 from 10.138.215.250 ens3
Sent 3 probes (3 broadcast(s))
Received 0 response(s)
[tcp-client] Starting on edge-node-1...
[tcp-client] Waiting for established TCP connection...
✓ TCP client connected (PID: 70193)
[tcp-client] Logs: multipass exec edge-node-1 -- tail -f /home/ubuntu/tcp_client.out
[exit=0]

$ python3 /home/ivo/Evaluation-of-Live-Migration-Strategies-at-the-Edge/Network-live-migration/scripts/orchestrators/tcp_client_benchmark.py precopy --source edge-node-1 --dest edge-node-2 --server edge-host-1 --transfer-mode direct --run-id 05-05-2026-direct-precopy-0023 --csv /home/ivo/Evaluation-of-Live-Migration-Strategies-at-the-Edge/Network-live-migration/metrics/migration_metrics.csv --profile-name 4_Starlink --iterations 3
[07:09:16] === TCP CLIENT MIGRATION ===
[07:09:16] Run ID: 05-05-2026-direct-precopy-0023
[07:09:16] Source: edge-node-1, Dest: edge-node-2
[07:09:16] Server: edge-host-1
[07:09:16] Transfer mode: direct

[07:09:16] === TCP CLIENT PRE-COPY MIGRATION (3 iterations) ===
[07:09:16] Step 1: Checking source client process...
[07:09:17]   Using PID from /home/ubuntu/tcp_client.pid: 70193
[07:09:18]   Server connections so far: 1
[07:09:18] Step 2: Preparing CRIU directory...
[07:09:18] Step 3: Running 3 pre-dumps (client keeps running)...
[07:09:19]   Pre-dump 1/3 complete
[07:09:20]   Pre-dump 2/3 complete
[07:09:21]   Pre-dump 3/3 complete
[07:09:22] Step 4: Final dump (freezing client)...
[07:09:23] Step 4.5: Moving VIP to destination...
[07:09:23]   Moving VIP 10.138.215.250 from edge-node-1:ens3 -> edge-node-2:ens3
[07:09:28] Step 5: Creating archive...
[07:09:29] Step 6: Transferring archive...
[07:09:29]   Setting up direct SSH trust...
Setting up SSH trust: edge-node-1 → ubuntu@10.138.215.137
  Adding public key to destination's authorized_keys...
  Testing SSH connectivity...
  ✓ SSH trust ready
Setting up SSH trust: edge-node-1 → ubuntu@10.138.215.137
  Adding public key to destination's authorized_keys...
  Testing SSH connectivity...
  ✓ SSH trust ready
  Transferring /home/ubuntu/CRIU-tcp-client.tar.gz via SCP...
[07:09:39] Step 7: Unpacking on destination...
[07:09:39] Step 8: Preparing restore environment...
[07:09:40] Step 9: Restoring client (--tcp-established)...
[07:09:40] Step 10: Verifying connection continuity...
[07:09:43]   Client output (tail): PP 8 -> 8
[07:09:44]   Server connections so far: 1
[07:09:44] ✓ SUCCESS: Client restored and TCP socket appears established
[07:09:44] Metrics saved to /home/ivo/Evaluation-of-Live-Migration-Strategies-at-the-Edge/Network-live-migration/metrics/migration_metrics.csv
[exit=0]

$ python3 /home/ivo/Evaluation-of-Live-Migration-Strategies-at-the-Edge/Network-live-migration/scripts/setup/reset_nodes.py edge-node-1 edge-node-2 edge-host-1 10.138.215.250
[07:09:45] Resetting nodes: edge-node-1 -> edge-node-2 (server: edge-host-1, vip: 10.138.215.250)
[07:09:45] Step 1: Killing any existing processes on source...
[07:09:45]   Killing PID 70193 (from /home/ubuntu/tcp_client.pid)
[07:09:46]   Killing PID 70193 (from /home/ubuntu/client.pid)
[07:09:46]   Killing any remaining background processes...
[07:09:47] Step 2: Cleaning source node...
[07:09:49] Step 3: Cleaning destination node...
[07:09:50]   Killing PID 70193 on destination (from /home/ubuntu/tcp_client.pid)
[07:09:50]   Killing PID 70193 on destination (from /home/ubuntu/client.pid)
[07:09:51]   Killing all remaining TCP processes on destination...
[07:09:54] Step 4: Cleaning server node (edge-host-1)...
[07:09:54]   Killing PID 610632 on server (from /home/ubuntu/tcp_server.pid)
[07:09:57] ✓ Reset complete, nodes are clean
[07:09:57]   Next: Start your application
[exit=0]

$ bash /home/ivo/Evaluation-of-Live-Migration-Strategies-at-the-Edge/Network-live-migration/scripts/workloads/start_tcp_server.sh edge-host-1 5000
[tcp-server] Ensuring tcp-howto binary on edge-host-1...
[tcp-server] Reusing existing /tmp/tcp-howto on edge-host-1
[tcp-server] Starting on edge-host-1 (port 5000)...
[tcp-server] Waiting for listen...
✓ TCP server listening on edge-host-1:5000
[tcp-server] Logs: multipass exec edge-host-1 -- tail -f /home/ubuntu/tcp_server.out
[exit=0]

$ bash /home/ivo/Evaluation-of-Live-Migration-Strategies-at-the-Edge/Network-live-migration/scripts/workloads/start_tcp_client.sh edge-node-1 edge-host-1 5000
[tcp-client] Server endpoint: 10.138.215.36:5000
[tcp-client] Client VIP: 10.138.215.250
[tcp-client] Ensuring tcp-howto binary on edge-node-1...
[tcp-client] Reusing existing /tmp/tcp-howto on edge-node-1
[tcp-client] Ensuring VIP 10.138.215.250 is present on edge-node-1...
ARPING 10.138.215.250 from 10.138.215.250 ens3
Sent 3 probes (3 broadcast(s))
Received 0 response(s)
[tcp-client] Starting on edge-node-1...
[tcp-client] Waiting for established TCP connection...
✓ TCP client connected (PID: 72417)
[tcp-client] Logs: multipass exec edge-node-1 -- tail -f /home/ubuntu/tcp_client.out
[exit=0]

$ python3 /home/ivo/Evaluation-of-Live-Migration-Strategies-at-the-Edge/Network-live-migration/scripts/orchestrators/tcp_client_benchmark.py precopy --source edge-node-1 --dest edge-node-2 --server edge-host-1 --transfer-mode direct --run-id 05-05-2026-direct-precopy-0024 --csv /home/ivo/Evaluation-of-Live-Migration-Strategies-at-the-Edge/Network-live-migration/metrics/migration_metrics.csv --profile-name 4_Starlink --iterations 3
[07:10:05] === TCP CLIENT MIGRATION ===
[07:10:05] Run ID: 05-05-2026-direct-precopy-0024
[07:10:05] Source: edge-node-1, Dest: edge-node-2
[07:10:05] Server: edge-host-1
[07:10:05] Transfer mode: direct

[07:10:05] === TCP CLIENT PRE-COPY MIGRATION (3 iterations) ===
[07:10:05] Step 1: Checking source client process...
[07:10:06]   Using PID from /home/ubuntu/tcp_client.pid: 72417
[07:10:07]   Server connections so far: 1
[07:10:07] Step 2: Preparing CRIU directory...
[07:10:08] Step 3: Running 3 pre-dumps (client keeps running)...
[07:10:08]   Pre-dump 1/3 complete
[07:10:09]   Pre-dump 2/3 complete
[07:10:11]   Pre-dump 3/3 complete
[07:10:12] Step 4: Final dump (freezing client)...
[07:10:12] Step 4.5: Moving VIP to destination...
[07:10:13]   Moving VIP 10.138.215.250 from edge-node-1:ens3 -> edge-node-2:ens3
[07:10:18] Step 5: Creating archive...
[07:10:18] Step 6: Transferring archive...
[07:10:18]   Setting up direct SSH trust...
Setting up SSH trust: edge-node-1 → ubuntu@10.138.215.137
  Adding public key to destination's authorized_keys...
  Testing SSH connectivity...
  ✓ SSH trust ready
Setting up SSH trust: edge-node-1 → ubuntu@10.138.215.137
  Adding public key to destination's authorized_keys...
  Testing SSH connectivity...
  ✓ SSH trust ready
  Transferring /home/ubuntu/CRIU-tcp-client.tar.gz via SCP...
[07:10:29] Step 7: Unpacking on destination...
[07:10:29] Step 8: Preparing restore environment...
[07:10:29] Step 9: Restoring client (--tcp-established)...
[07:10:30] Step 10: Verifying connection continuity...
[07:10:33]   Client output (tail): PP 8 -> 8
[07:10:34]   Server connections so far: 1
[07:10:34] ✓ SUCCESS: Client restored and TCP socket appears established
[07:10:34] Metrics saved to /home/ivo/Evaluation-of-Live-Migration-Strategies-at-the-Edge/Network-live-migration/metrics/migration_metrics.csv
[exit=0]

$ python3 /home/ivo/Evaluation-of-Live-Migration-Strategies-at-the-Edge/Network-live-migration/scripts/setup/reset_nodes.py edge-node-1 edge-node-2 edge-host-1 10.138.215.250
[07:10:35] Resetting nodes: edge-node-1 -> edge-node-2 (server: edge-host-1, vip: 10.138.215.250)
[07:10:35] Step 1: Killing any existing processes on source...
[07:10:35]   Killing PID 72417 (from /home/ubuntu/tcp_client.pid)
[07:10:36]   Killing PID 72417 (from /home/ubuntu/client.pid)
[07:10:36]   Killing any remaining background processes...
[07:10:37] Step 2: Cleaning source node...
[07:10:39] Step 3: Cleaning destination node...
[07:10:39]   Killing PID 72417 on destination (from /home/ubuntu/tcp_client.pid)
[07:10:40]   Killing PID 72417 on destination (from /home/ubuntu/client.pid)
[07:10:41]   Killing all remaining TCP processes on destination...
[07:10:44] Step 4: Cleaning server node (edge-host-1)...
[07:10:44]   Killing PID 611688 on server (from /home/ubuntu/tcp_server.pid)
[07:10:46] ✓ Reset complete, nodes are clean
[07:10:46]   Next: Start your application
[exit=0]

$ bash /home/ivo/Evaluation-of-Live-Migration-Strategies-at-the-Edge/Network-live-migration/scripts/workloads/start_tcp_server.sh edge-host-1 5000
[tcp-server] Ensuring tcp-howto binary on edge-host-1...
[tcp-server] Reusing existing /tmp/tcp-howto on edge-host-1
[tcp-server] Starting on edge-host-1 (port 5000)...
[tcp-server] Waiting for listen...
✓ TCP server listening on edge-host-1:5000
[tcp-server] Logs: multipass exec edge-host-1 -- tail -f /home/ubuntu/tcp_server.out
[exit=0]

$ bash /home/ivo/Evaluation-of-Live-Migration-Strategies-at-the-Edge/Network-live-migration/scripts/workloads/start_tcp_client.sh edge-node-1 edge-host-1 5000
[tcp-client] Server endpoint: 10.138.215.36:5000
[tcp-client] Client VIP: 10.138.215.250
[tcp-client] Ensuring tcp-howto binary on edge-node-1...
[tcp-client] Reusing existing /tmp/tcp-howto on edge-node-1
[tcp-client] Ensuring VIP 10.138.215.250 is present on edge-node-1...
ARPING 10.138.215.250 from 10.138.215.250 ens3
Sent 3 probes (3 broadcast(s))
Received 0 response(s)
[tcp-client] Starting on edge-node-1...
[tcp-client] Waiting for established TCP connection...
✓ TCP client connected (PID: 74622)
[tcp-client] Logs: multipass exec edge-node-1 -- tail -f /home/ubuntu/tcp_client.out
[exit=0]

$ python3 /home/ivo/Evaluation-of-Live-Migration-Strategies-at-the-Edge/Network-live-migration/scripts/orchestrators/tcp_client_benchmark.py precopy --source edge-node-1 --dest edge-node-2 --server edge-host-1 --transfer-mode direct --run-id 05-05-2026-direct-precopy-0025 --csv /home/ivo/Evaluation-of-Live-Migration-Strategies-at-the-Edge/Network-live-migration/metrics/migration_metrics.csv --profile-name 4_Starlink --iterations 3
[07:10:55] === TCP CLIENT MIGRATION ===
[07:10:55] Run ID: 05-05-2026-direct-precopy-0025
[07:10:55] Source: edge-node-1, Dest: edge-node-2
[07:10:55] Server: edge-host-1
[07:10:55] Transfer mode: direct

[07:10:55] === TCP CLIENT PRE-COPY MIGRATION (3 iterations) ===
[07:10:55] Step 1: Checking source client process...
[07:10:55]   Using PID from /home/ubuntu/tcp_client.pid: 74622
[07:10:56]   Server connections so far: 1
[07:10:57] Step 2: Preparing CRIU directory...
[07:10:57] Step 3: Running 3 pre-dumps (client keeps running)...
[07:10:57]   Pre-dump 1/3 complete
[07:10:59]   Pre-dump 2/3 complete
[07:11:00]   Pre-dump 3/3 complete
[07:11:01] Step 4: Final dump (freezing client)...
[07:11:01] Step 4.5: Moving VIP to destination...
[07:11:02]   Moving VIP 10.138.215.250 from edge-node-1:ens3 -> edge-node-2:ens3
[07:11:07] Step 5: Creating archive...
[07:11:08] Step 6: Transferring archive...
[07:11:08]   Setting up direct SSH trust...
Setting up SSH trust: edge-node-1 → ubuntu@10.138.215.137
  Adding public key to destination's authorized_keys...
  Testing SSH connectivity...
  ✓ SSH trust ready
Setting up SSH trust: edge-node-1 → ubuntu@10.138.215.137
  Adding public key to destination's authorized_keys...
  Testing SSH connectivity...
  ✓ SSH trust ready
  Transferring /home/ubuntu/CRIU-tcp-client.tar.gz via SCP...
[07:11:17] Step 7: Unpacking on destination...
[07:11:17] Step 8: Preparing restore environment...
[07:11:17] Step 9: Restoring client (--tcp-established)...
[07:11:18] Step 10: Verifying connection continuity...
[07:11:21]   Client output (tail): PP 8 -> 8
[07:11:22]   Server connections so far: 1
[07:11:22] ✓ SUCCESS: Client restored and TCP socket appears established
[07:11:22] Metrics saved to /home/ivo/Evaluation-of-Live-Migration-Strategies-at-the-Edge/Network-live-migration/metrics/migration_metrics.csv
[exit=0]

$ python3 /home/ivo/Evaluation-of-Live-Migration-Strategies-at-the-Edge/Network-live-migration/scripts/setup/reset_nodes.py edge-node-1 edge-node-2 edge-host-1 10.138.215.250
[07:11:23] Resetting nodes: edge-node-1 -> edge-node-2 (server: edge-host-1, vip: 10.138.215.250)
[07:11:23] Step 1: Killing any existing processes on source...
[07:11:23]   Killing PID 74622 (from /home/ubuntu/tcp_client.pid)
[07:11:24]   Killing PID 74622 (from /home/ubuntu/client.pid)
[07:11:24]   Killing any remaining background processes...
[07:11:26] Step 2: Cleaning source node...
[07:11:27] Step 3: Cleaning destination node...
[07:11:28]   Killing PID 74622 on destination (from /home/ubuntu/tcp_client.pid)
[07:11:28]   Killing PID 74622 on destination (from /home/ubuntu/client.pid)
[07:11:29]   Killing all remaining TCP processes on destination...
[07:11:32] Step 4: Cleaning server node (edge-host-1)...
[07:11:32]   Killing PID 612752 on server (from /home/ubuntu/tcp_server.pid)
[07:11:35] ✓ Reset complete, nodes are clean
[07:11:35]   Next: Start your application
[exit=0]

$ bash /home/ivo/Evaluation-of-Live-Migration-Strategies-at-the-Edge/Network-live-migration/scripts/workloads/start_tcp_server.sh edge-host-1 5000
[tcp-server] Ensuring tcp-howto binary on edge-host-1...
[tcp-server] Reusing existing /tmp/tcp-howto on edge-host-1
[tcp-server] Starting on edge-host-1 (port 5000)...
[tcp-server] Waiting for listen...
✓ TCP server listening on edge-host-1:5000
[tcp-server] Logs: multipass exec edge-host-1 -- tail -f /home/ubuntu/tcp_server.out
[exit=0]

$ bash /home/ivo/Evaluation-of-Live-Migration-Strategies-at-the-Edge/Network-live-migration/scripts/workloads/start_tcp_client.sh edge-node-1 edge-host-1 5000
[tcp-client] Server endpoint: 10.138.215.36:5000
[tcp-client] Client VIP: 10.138.215.250
[tcp-client] Ensuring tcp-howto binary on edge-node-1...
[tcp-client] Reusing existing /tmp/tcp-howto on edge-node-1
[tcp-client] Ensuring VIP 10.138.215.250 is present on edge-node-1...
ARPING 10.138.215.250 from 10.138.215.250 ens3
Sent 3 probes (3 broadcast(s))
Received 0 response(s)
[tcp-client] Starting on edge-node-1...
[tcp-client] Waiting for established TCP connection...
✓ TCP client connected (PID: 77104)
[tcp-client] Logs: multipass exec edge-node-1 -- tail -f /home/ubuntu/tcp_client.out
[exit=0]

$ python3 /home/ivo/Evaluation-of-Live-Migration-Strategies-at-the-Edge/Network-live-migration/scripts/orchestrators/tcp_client_benchmark.py precopy --source edge-node-1 --dest edge-node-2 --server edge-host-1 --transfer-mode direct --run-id 05-05-2026-direct-precopy-0026 --csv /home/ivo/Evaluation-of-Live-Migration-Strategies-at-the-Edge/Network-live-migration/metrics/migration_metrics.csv --profile-name 4_Starlink --iterations 3
[07:11:43] === TCP CLIENT MIGRATION ===
[07:11:43] Run ID: 05-05-2026-direct-precopy-0026
[07:11:43] Source: edge-node-1, Dest: edge-node-2
[07:11:43] Server: edge-host-1
[07:11:43] Transfer mode: direct

[07:11:43] === TCP CLIENT PRE-COPY MIGRATION (3 iterations) ===
[07:11:43] Step 1: Checking source client process...
[07:11:43]   Using PID from /home/ubuntu/tcp_client.pid: 77104
[07:11:44]   Server connections so far: 1
[07:11:45] Step 2: Preparing CRIU directory...
[07:11:45] Step 3: Running 3 pre-dumps (client keeps running)...
[07:11:45]   Pre-dump 1/3 complete
[07:11:47]   Pre-dump 2/3 complete
[07:11:48]   Pre-dump 3/3 complete
[07:11:49] Step 4: Final dump (freezing client)...
[07:11:49] Step 4.5: Moving VIP to destination...
[07:11:50]   Moving VIP 10.138.215.250 from edge-node-1:ens3 -> edge-node-2:ens3
[07:11:55] Step 5: Creating archive...
[07:11:55] Step 6: Transferring archive...
[07:11:55]   Setting up direct SSH trust...
Setting up SSH trust: edge-node-1 → ubuntu@10.138.215.137
  Adding public key to destination's authorized_keys...
  Testing SSH connectivity...
  ✓ SSH trust ready
Setting up SSH trust: edge-node-1 → ubuntu@10.138.215.137
  Adding public key to destination's authorized_keys...
  Testing SSH connectivity...
  ✓ SSH trust ready
  Transferring /home/ubuntu/CRIU-tcp-client.tar.gz via SCP...
[07:12:05] Step 7: Unpacking on destination...
[07:12:05] Step 8: Preparing restore environment...
[07:12:06] Step 9: Restoring client (--tcp-established)...
[07:12:06] Step 10: Verifying connection continuity...
[07:12:10]   Client output (tail): PP 8 -> 8
[07:12:10]   Server connections so far: 1
[07:12:10] ✓ SUCCESS: Client restored and TCP socket appears established
[07:12:10] Metrics saved to /home/ivo/Evaluation-of-Live-Migration-Strategies-at-the-Edge/Network-live-migration/metrics/migration_metrics.csv
[exit=0]

$ python3 /home/ivo/Evaluation-of-Live-Migration-Strategies-at-the-Edge/Network-live-migration/scripts/setup/reset_nodes.py edge-node-1 edge-node-2 edge-host-1 10.138.215.250
[07:12:11] Resetting nodes: edge-node-1 -> edge-node-2 (server: edge-host-1, vip: 10.138.215.250)
[07:12:11] Step 1: Killing any existing processes on source...
[07:12:11]   Killing PID 77104 (from /home/ubuntu/tcp_client.pid)
[07:12:12]   Killing PID 77104 (from /home/ubuntu/client.pid)
[07:12:12]   Killing any remaining background processes...
[07:12:14] Step 2: Cleaning source node...
[07:12:15] Step 3: Cleaning destination node...
[07:12:16]   Killing PID 77104 on destination (from /home/ubuntu/tcp_client.pid)
[07:12:17]   Killing PID 77104 on destination (from /home/ubuntu/client.pid)
[07:12:17]   Killing all remaining TCP processes on destination...
[07:12:20] Step 4: Cleaning server node (edge-host-1)...
[07:12:21]   Killing PID 613818 on server (from /home/ubuntu/tcp_server.pid)
[07:12:23] ✓ Reset complete, nodes are clean
[07:12:23]   Next: Start your application
[exit=0]

$ bash /home/ivo/Evaluation-of-Live-Migration-Strategies-at-the-Edge/Network-live-migration/scripts/workloads/start_tcp_server.sh edge-host-1 5000
[tcp-server] Ensuring tcp-howto binary on edge-host-1...
[tcp-server] Reusing existing /tmp/tcp-howto on edge-host-1
[tcp-server] Starting on edge-host-1 (port 5000)...
[tcp-server] Waiting for listen...
✓ TCP server listening on edge-host-1:5000
[tcp-server] Logs: multipass exec edge-host-1 -- tail -f /home/ubuntu/tcp_server.out
[exit=0]

$ bash /home/ivo/Evaluation-of-Live-Migration-Strategies-at-the-Edge/Network-live-migration/scripts/workloads/start_tcp_client.sh edge-node-1 edge-host-1 5000
[tcp-client] Server endpoint: 10.138.215.36:5000
[tcp-client] Client VIP: 10.138.215.250
[tcp-client] Ensuring tcp-howto binary on edge-node-1...
[tcp-client] Reusing existing /tmp/tcp-howto on edge-node-1
[tcp-client] Ensuring VIP 10.138.215.250 is present on edge-node-1...
ARPING 10.138.215.250 from 10.138.215.250 ens3
Sent 3 probes (3 broadcast(s))
Received 0 response(s)
[tcp-client] Starting on edge-node-1...
[tcp-client] Waiting for established TCP connection...
✓ TCP client connected (PID: 79327)
[tcp-client] Logs: multipass exec edge-node-1 -- tail -f /home/ubuntu/tcp_client.out
[exit=0]

$ python3 /home/ivo/Evaluation-of-Live-Migration-Strategies-at-the-Edge/Network-live-migration/scripts/orchestrators/tcp_client_benchmark.py precopy --source edge-node-1 --dest edge-node-2 --server edge-host-1 --transfer-mode direct --run-id 05-05-2026-direct-precopy-0027 --csv /home/ivo/Evaluation-of-Live-Migration-Strategies-at-the-Edge/Network-live-migration/metrics/migration_metrics.csv --profile-name 4_Starlink --iterations 3
[07:12:31] === TCP CLIENT MIGRATION ===
[07:12:31] Run ID: 05-05-2026-direct-precopy-0027
[07:12:31] Source: edge-node-1, Dest: edge-node-2
[07:12:31] Server: edge-host-1
[07:12:31] Transfer mode: direct

[07:12:31] === TCP CLIENT PRE-COPY MIGRATION (3 iterations) ===
[07:12:31] Step 1: Checking source client process...
[07:12:32]   Using PID from /home/ubuntu/tcp_client.pid: 79327
[07:12:33]   Server connections so far: 1
[07:12:33] Step 2: Preparing CRIU directory...
[07:12:34] Step 3: Running 3 pre-dumps (client keeps running)...
[07:12:34]   Pre-dump 1/3 complete
[07:12:35]   Pre-dump 2/3 complete
[07:12:37]   Pre-dump 3/3 complete
[07:12:38] Step 4: Final dump (freezing client)...
[07:12:38] Step 4.5: Moving VIP to destination...
[07:12:39]   Moving VIP 10.138.215.250 from edge-node-1:ens3 -> edge-node-2:ens3
[07:12:43] Step 5: Creating archive...
[07:12:44] Step 6: Transferring archive...
[07:12:44]   Setting up direct SSH trust...
Setting up SSH trust: edge-node-1 → ubuntu@10.138.215.137
  Adding public key to destination's authorized_keys...
  Testing SSH connectivity...
  ✓ SSH trust ready
Setting up SSH trust: edge-node-1 → ubuntu@10.138.215.137
  Adding public key to destination's authorized_keys...
  Testing SSH connectivity...
  ✓ SSH trust ready
  Transferring /home/ubuntu/CRIU-tcp-client.tar.gz via SCP...
[07:12:54] Step 7: Unpacking on destination...
[07:12:54] Step 8: Preparing restore environment...
[07:12:55] Step 9: Restoring client (--tcp-established)...
[07:12:55] Step 10: Verifying connection continuity...
[07:12:58]   Client output (tail): PP 8 -> 8
[07:12:59]   Server connections so far: 1
[07:12:59] ✓ SUCCESS: Client restored and TCP socket appears established
[07:12:59] Metrics saved to /home/ivo/Evaluation-of-Live-Migration-Strategies-at-the-Edge/Network-live-migration/metrics/migration_metrics.csv
[exit=0]

$ python3 /home/ivo/Evaluation-of-Live-Migration-Strategies-at-the-Edge/Network-live-migration/scripts/setup/reset_nodes.py edge-node-1 edge-node-2 edge-host-1 10.138.215.250
[07:13:00] Resetting nodes: edge-node-1 -> edge-node-2 (server: edge-host-1, vip: 10.138.215.250)
[07:13:00] Step 1: Killing any existing processes on source...
[07:13:00]   Killing PID 79327 (from /home/ubuntu/tcp_client.pid)
[07:13:01]   Killing PID 79327 (from /home/ubuntu/client.pid)
[07:13:01]   Killing any remaining background processes...
[07:13:03] Step 2: Cleaning source node...
[07:13:04] Step 3: Cleaning destination node...
[07:13:05]   Killing PID 79327 on destination (from /home/ubuntu/tcp_client.pid)
[07:13:06]   Killing PID 79327 on destination (from /home/ubuntu/client.pid)
[07:13:06]   Killing all remaining TCP processes on destination...
[07:13:09] Step 4: Cleaning server node (edge-host-1)...
[07:13:10]   Killing PID 614884 on server (from /home/ubuntu/tcp_server.pid)
[07:13:12] ✓ Reset complete, nodes are clean
[07:13:12]   Next: Start your application
[exit=0]

$ bash /home/ivo/Evaluation-of-Live-Migration-Strategies-at-the-Edge/Network-live-migration/scripts/workloads/start_tcp_server.sh edge-host-1 5000
[tcp-server] Ensuring tcp-howto binary on edge-host-1...
[tcp-server] Reusing existing /tmp/tcp-howto on edge-host-1
[tcp-server] Starting on edge-host-1 (port 5000)...
[tcp-server] Waiting for listen...
✓ TCP server listening on edge-host-1:5000
[tcp-server] Logs: multipass exec edge-host-1 -- tail -f /home/ubuntu/tcp_server.out
[exit=0]

$ bash /home/ivo/Evaluation-of-Live-Migration-Strategies-at-the-Edge/Network-live-migration/scripts/workloads/start_tcp_client.sh edge-node-1 edge-host-1 5000
[tcp-client] Server endpoint: 10.138.215.36:5000
[tcp-client] Client VIP: 10.138.215.250
[tcp-client] Ensuring tcp-howto binary on edge-node-1...
[tcp-client] Reusing existing /tmp/tcp-howto on edge-node-1
[tcp-client] Ensuring VIP 10.138.215.250 is present on edge-node-1...
ARPING 10.138.215.250 from 10.138.215.250 ens3
Sent 3 probes (3 broadcast(s))
Received 0 response(s)
[tcp-client] Starting on edge-node-1...
[tcp-client] Waiting for established TCP connection...
✓ TCP client connected (PID: 81551)
[tcp-client] Logs: multipass exec edge-node-1 -- tail -f /home/ubuntu/tcp_client.out
[exit=0]

$ python3 /home/ivo/Evaluation-of-Live-Migration-Strategies-at-the-Edge/Network-live-migration/scripts/orchestrators/tcp_client_benchmark.py precopy --source edge-node-1 --dest edge-node-2 --server edge-host-1 --transfer-mode direct --run-id 05-05-2026-direct-precopy-0028 --csv /home/ivo/Evaluation-of-Live-Migration-Strategies-at-the-Edge/Network-live-migration/metrics/migration_metrics.csv --profile-name 4_Starlink --iterations 3
[07:13:20] === TCP CLIENT MIGRATION ===
[07:13:20] Run ID: 05-05-2026-direct-precopy-0028
[07:13:20] Source: edge-node-1, Dest: edge-node-2
[07:13:20] Server: edge-host-1
[07:13:20] Transfer mode: direct

[07:13:20] === TCP CLIENT PRE-COPY MIGRATION (3 iterations) ===
[07:13:20] Step 1: Checking source client process...
[07:13:21]   Using PID from /home/ubuntu/tcp_client.pid: 81551
[07:13:21]   Server connections so far: 1
[07:13:22] Step 2: Preparing CRIU directory...
[07:13:22] Step 3: Running 3 pre-dumps (client keeps running)...
[07:13:23]   Pre-dump 1/3 complete
[07:13:24]   Pre-dump 2/3 complete
[07:13:25]   Pre-dump 3/3 complete
[07:13:26] Step 4: Final dump (freezing client)...
[07:13:27] Step 4.5: Moving VIP to destination...
[07:13:27]   Moving VIP 10.138.215.250 from edge-node-1:ens3 -> edge-node-2:ens3
[07:13:32] Step 5: Creating archive...
[07:13:33] Step 6: Transferring archive...
[07:13:33]   Setting up direct SSH trust...
Setting up SSH trust: edge-node-1 → ubuntu@10.138.215.137
  Adding public key to destination's authorized_keys...
  Testing SSH connectivity...
  ✓ SSH trust ready
Setting up SSH trust: edge-node-1 → ubuntu@10.138.215.137
  Adding public key to destination's authorized_keys...
  Testing SSH connectivity...
  ✓ SSH trust ready
  Transferring /home/ubuntu/CRIU-tcp-client.tar.gz via SCP...
[07:13:43] Step 7: Unpacking on destination...
[07:13:43] Step 8: Preparing restore environment...
[07:13:43] Step 9: Restoring client (--tcp-established)...
[07:13:44] Step 10: Verifying connection continuity...
[07:13:47]   Client output (tail): PP 8 -> 8
[07:13:48]   Server connections so far: 1
[07:13:48] ✓ SUCCESS: Client restored and TCP socket appears established
[07:13:48] Metrics saved to /home/ivo/Evaluation-of-Live-Migration-Strategies-at-the-Edge/Network-live-migration/metrics/migration_metrics.csv
[exit=0]

$ python3 /home/ivo/Evaluation-of-Live-Migration-Strategies-at-the-Edge/Network-live-migration/scripts/setup/reset_nodes.py edge-node-1 edge-node-2 edge-host-1 10.138.215.250
[07:13:48] Resetting nodes: edge-node-1 -> edge-node-2 (server: edge-host-1, vip: 10.138.215.250)
[07:13:48] Step 1: Killing any existing processes on source...
[07:13:49]   Killing PID 81551 (from /home/ubuntu/tcp_client.pid)
[07:13:49]   Killing PID 81551 (from /home/ubuntu/client.pid)
[07:13:50]   Killing any remaining background processes...
[07:13:51] Step 2: Cleaning source node...
[07:13:53] Step 3: Cleaning destination node...
[07:13:53]   Killing PID 81551 on destination (from /home/ubuntu/tcp_client.pid)
[07:13:54]   Killing PID 81551 on destination (from /home/ubuntu/client.pid)
[07:13:54]   Killing all remaining TCP processes on destination...
[07:13:57] Step 4: Cleaning server node (edge-host-1)...
[07:13:58]   Killing PID 615982 on server (from /home/ubuntu/tcp_server.pid)
[07:14:00] ✓ Reset complete, nodes are clean
[07:14:00]   Next: Start your application
[exit=0]

$ bash /home/ivo/Evaluation-of-Live-Migration-Strategies-at-the-Edge/Network-live-migration/scripts/workloads/start_tcp_server.sh edge-host-1 5000
[tcp-server] Ensuring tcp-howto binary on edge-host-1...
[tcp-server] Reusing existing /tmp/tcp-howto on edge-host-1
[tcp-server] Starting on edge-host-1 (port 5000)...
[tcp-server] Waiting for listen...
✓ TCP server listening on edge-host-1:5000
[tcp-server] Logs: multipass exec edge-host-1 -- tail -f /home/ubuntu/tcp_server.out
[exit=0]

$ bash /home/ivo/Evaluation-of-Live-Migration-Strategies-at-the-Edge/Network-live-migration/scripts/workloads/start_tcp_client.sh edge-node-1 edge-host-1 5000
[tcp-client] Server endpoint: 10.138.215.36:5000
[tcp-client] Client VIP: 10.138.215.250
[tcp-client] Ensuring tcp-howto binary on edge-node-1...
[tcp-client] Reusing existing /tmp/tcp-howto on edge-node-1
[tcp-client] Ensuring VIP 10.138.215.250 is present on edge-node-1...
ARPING 10.138.215.250 from 10.138.215.250 ens3
Sent 3 probes (3 broadcast(s))
Received 0 response(s)
[tcp-client] Starting on edge-node-1...
[tcp-client] Waiting for established TCP connection...
✓ TCP client connected (PID: 83765)
[tcp-client] Logs: multipass exec edge-node-1 -- tail -f /home/ubuntu/tcp_client.out
[exit=0]

$ python3 /home/ivo/Evaluation-of-Live-Migration-Strategies-at-the-Edge/Network-live-migration/scripts/orchestrators/tcp_client_benchmark.py precopy --source edge-node-1 --dest edge-node-2 --server edge-host-1 --transfer-mode direct --run-id 05-05-2026-direct-precopy-0029 --csv /home/ivo/Evaluation-of-Live-Migration-Strategies-at-the-Edge/Network-live-migration/metrics/migration_metrics.csv --profile-name 4_Starlink --iterations 3
[07:14:09] === TCP CLIENT MIGRATION ===
[07:14:09] Run ID: 05-05-2026-direct-precopy-0029
[07:14:09] Source: edge-node-1, Dest: edge-node-2
[07:14:09] Server: edge-host-1
[07:14:09] Transfer mode: direct

[07:14:09] === TCP CLIENT PRE-COPY MIGRATION (3 iterations) ===
[07:14:09] Step 1: Checking source client process...
[07:14:09]   Using PID from /home/ubuntu/tcp_client.pid: 83765
[07:14:10]   Server connections so far: 1
[07:14:11] Step 2: Preparing CRIU directory...
[07:14:11] Step 3: Running 3 pre-dumps (client keeps running)...
[07:14:11]   Pre-dump 1/3 complete
[07:14:13]   Pre-dump 2/3 complete
[07:14:14]   Pre-dump 3/3 complete
[07:14:15] Step 4: Final dump (freezing client)...
[07:14:15] Step 4.5: Moving VIP to destination...
[07:14:16]   Moving VIP 10.138.215.250 from edge-node-1:ens3 -> edge-node-2:ens3
[07:14:20] Step 5: Creating archive...
[07:14:21] Step 6: Transferring archive...
[07:14:21]   Setting up direct SSH trust...
Setting up SSH trust: edge-node-1 → ubuntu@10.138.215.137
  Adding public key to destination's authorized_keys...
  Testing SSH connectivity...
  ✓ SSH trust ready
Setting up SSH trust: edge-node-1 → ubuntu@10.138.215.137
  Adding public key to destination's authorized_keys...
  Testing SSH connectivity...
  ✓ SSH trust ready
  Transferring /home/ubuntu/CRIU-tcp-client.tar.gz via SCP...
[07:14:30] Step 7: Unpacking on destination...
[07:14:30] Step 8: Preparing restore environment...
[07:14:31] Step 9: Restoring client (--tcp-established)...
[07:14:31] Step 10: Verifying connection continuity...
[07:14:35]   Client output (tail): PP 8 -> 8
[07:14:36]   Server connections so far: 1
[07:14:36] ✓ SUCCESS: Client restored and TCP socket appears established
[07:14:36] Metrics saved to /home/ivo/Evaluation-of-Live-Migration-Strategies-at-the-Edge/Network-live-migration/metrics/migration_metrics.csv
[exit=0]

$ python3 /home/ivo/Evaluation-of-Live-Migration-Strategies-at-the-Edge/Network-live-migration/scripts/setup/reset_nodes.py edge-node-1 edge-node-2 edge-host-1 10.138.215.250
[07:14:36] Resetting nodes: edge-node-1 -> edge-node-2 (server: edge-host-1, vip: 10.138.215.250)
[07:14:36] Step 1: Killing any existing processes on source...
[07:14:36]   Killing PID 83765 (from /home/ubuntu/tcp_client.pid)
[07:14:37]   Killing PID 83765 (from /home/ubuntu/client.pid)
[07:14:38]   Killing any remaining background processes...
[07:14:39] Step 2: Cleaning source node...
[07:14:41] Step 3: Cleaning destination node...
[07:14:41]   Killing PID 83765 on destination (from /home/ubuntu/tcp_client.pid)
[07:14:42]   Killing PID 83765 on destination (from /home/ubuntu/client.pid)
[07:14:42]   Killing all remaining TCP processes on destination...
[07:14:45] Step 4: Cleaning server node (edge-host-1)...
[07:14:46]   Killing PID 617041 on server (from /home/ubuntu/tcp_server.pid)
[07:14:48] ✓ Reset complete, nodes are clean
[07:14:48]   Next: Start your application
[exit=0]

$ bash /home/ivo/Evaluation-of-Live-Migration-Strategies-at-the-Edge/Network-live-migration/scripts/workloads/start_tcp_server.sh edge-host-1 5000
[tcp-server] Ensuring tcp-howto binary on edge-host-1...
[tcp-server] Reusing existing /tmp/tcp-howto on edge-host-1
[tcp-server] Starting on edge-host-1 (port 5000)...
[tcp-server] Waiting for listen...
✓ TCP server listening on edge-host-1:5000
[tcp-server] Logs: multipass exec edge-host-1 -- tail -f /home/ubuntu/tcp_server.out
[exit=0]

$ bash /home/ivo/Evaluation-of-Live-Migration-Strategies-at-the-Edge/Network-live-migration/scripts/workloads/start_tcp_client.sh edge-node-1 edge-host-1 5000
[tcp-client] Server endpoint: 10.138.215.36:5000
[tcp-client] Client VIP: 10.138.215.250
[tcp-client] Ensuring tcp-howto binary on edge-node-1...
[tcp-client] Reusing existing /tmp/tcp-howto on edge-node-1
[tcp-client] Ensuring VIP 10.138.215.250 is present on edge-node-1...
ARPING 10.138.215.250 from 10.138.215.250 ens3
Sent 3 probes (3 broadcast(s))
Received 0 response(s)
[tcp-client] Starting on edge-node-1...
[tcp-client] Waiting for established TCP connection...
✓ TCP client connected (PID: 85979)
[tcp-client] Logs: multipass exec edge-node-1 -- tail -f /home/ubuntu/tcp_client.out
[exit=0]

$ python3 /home/ivo/Evaluation-of-Live-Migration-Strategies-at-the-Edge/Network-live-migration/scripts/orchestrators/tcp_client_benchmark.py postcopy --source edge-node-1 --dest edge-node-2 --server edge-host-1 --transfer-mode host --run-id 05-05-2026-host-postcopy-0020 --csv /home/ivo/Evaluation-of-Live-Migration-Strategies-at-the-Edge/Network-live-migration/metrics/migration_metrics.csv --profile-name 4_Starlink --relay-node edge-host-1 --page-server-port 9999
[07:14:56] === TCP CLIENT MIGRATION ===
[07:14:56] Run ID: 05-05-2026-host-postcopy-0020
[07:14:56] Source: edge-node-1, Dest: edge-node-2
[07:14:56] Server: edge-host-1
[07:14:56] Transfer mode: host
[07:14:56] Relay node: edge-host-1

[07:14:56] === TCP CLIENT POST-COPY (LAZY-PAGES) MIGRATION ===
[07:14:56] Step 1: Checking source client process...
[07:14:57]   Using PID from /home/ubuntu/tcp_client.pid: 85979
[07:14:57]   Server connections so far: 1
[07:14:58]   Page-server endpoint: 10.138.215.218:9999
[07:14:58] Step 2: Final dump (freezing client) with --lazy-pages...
[07:14:59]   Dump PID: 86511
[07:14:59]   Final dump time (freeze duration): 761 ms
[07:14:59] Step 2.5: Moving VIP to destination...
[07:15:00]   Moving VIP 10.138.215.250 from edge-node-1:ens3 -> edge-node-2:ens3
[07:15:04] Step 3: Creating archive...
[07:15:05] Step 4: Transferring archive...
  Transferring /home/ubuntu/CRIU-tcp-client.tar.gz via relay node edge-host-1...
Setting up SSH trust: edge-node-1 → ubuntu@10.138.215.36
  Adding public key to destination's authorized_keys...
  Testing SSH connectivity...
  ✓ SSH trust ready
Setting up SSH trust: edge-host-1 → ubuntu@10.138.215.137
  Adding public key to destination's authorized_keys...
  Testing SSH connectivity...
  ✓ SSH trust ready
[07:15:19] Step 5: Unpacking on destination...
[07:15:20] Step 6: Starting lazy-pages daemon on destination...
[07:15:21] Step 7: Restoring client...
[07:15:22] Step 8: Verifying connection continuity...
[07:15:25]   Client output (tail): PP 5 -> 5
[07:15:26]   Server connections so far: 1
[07:15:26] ✓ SUCCESS: Client restored and TCP socket appears established
[07:15:26] Metrics saved to /home/ivo/Evaluation-of-Live-Migration-Strategies-at-the-Edge/Network-live-migration/metrics/migration_metrics.csv
[exit=0]

$ python3 /home/ivo/Evaluation-of-Live-Migration-Strategies-at-the-Edge/Network-live-migration/scripts/setup/reset_nodes.py edge-node-1 edge-node-2 edge-host-1 10.138.215.250
[07:15:27] Resetting nodes: edge-node-1 -> edge-node-2 (server: edge-host-1, vip: 10.138.215.250)
[07:15:27] Step 1: Killing any existing processes on source...
[07:15:27]   Killing PID 85979 (from /home/ubuntu/tcp_client.pid)
[07:15:28]   Killing PID 85979 (from /home/ubuntu/client.pid)
[07:15:28]   Killing any remaining background processes...
[07:15:30] Step 2: Cleaning source node...
[07:15:31] Step 3: Cleaning destination node...
[07:15:32]   Killing PID 85979 on destination (from /home/ubuntu/tcp_client.pid)
[07:15:32]   Killing PID 85979 on destination (from /home/ubuntu/client.pid)
[07:15:33]   Killing all remaining TCP processes on destination...
[07:15:36] Step 4: Cleaning server node (edge-host-1)...
[07:15:37]   Killing PID 618110 on server (from /home/ubuntu/tcp_server.pid)
[07:15:39] ✓ Reset complete, nodes are clean
[07:15:39]   Next: Start your application
[exit=0]

$ bash /home/ivo/Evaluation-of-Live-Migration-Strategies-at-the-Edge/Network-live-migration/scripts/workloads/start_tcp_server.sh edge-host-1 5000
[tcp-server] Ensuring tcp-howto binary on edge-host-1...
[tcp-server] Reusing existing /tmp/tcp-howto on edge-host-1
[tcp-server] Starting on edge-host-1 (port 5000)...
[tcp-server] Waiting for listen...
✓ TCP server listening on edge-host-1:5000
[tcp-server] Logs: multipass exec edge-host-1 -- tail -f /home/ubuntu/tcp_server.out
[exit=0]

$ bash /home/ivo/Evaluation-of-Live-Migration-Strategies-at-the-Edge/Network-live-migration/scripts/workloads/start_tcp_client.sh edge-node-1 edge-host-1 5000
[tcp-client] Server endpoint: 10.138.215.36:5000
[tcp-client] Client VIP: 10.138.215.250
[tcp-client] Ensuring tcp-howto binary on edge-node-1...
[tcp-client] Reusing existing /tmp/tcp-howto on edge-node-1
[tcp-client] Ensuring VIP 10.138.215.250 is present on edge-node-1...
ARPING 10.138.215.250 from 10.138.215.250 ens3
Sent 3 probes (3 broadcast(s))
Received 0 response(s)
[tcp-client] Starting on edge-node-1...
[tcp-client] Waiting for established TCP connection...
✓ TCP client connected (PID: 88051)
[tcp-client] Logs: multipass exec edge-node-1 -- tail -f /home/ubuntu/tcp_client.out
[exit=0]

$ python3 /home/ivo/Evaluation-of-Live-Migration-Strategies-at-the-Edge/Network-live-migration/scripts/orchestrators/tcp_client_benchmark.py postcopy --source edge-node-1 --dest edge-node-2 --server edge-host-1 --transfer-mode host --run-id 05-05-2026-host-postcopy-0021 --csv /home/ivo/Evaluation-of-Live-Migration-Strategies-at-the-Edge/Network-live-migration/metrics/migration_metrics.csv --profile-name 4_Starlink --relay-node edge-host-1 --page-server-port 9999
[07:15:47] === TCP CLIENT MIGRATION ===
[07:15:47] Run ID: 05-05-2026-host-postcopy-0021
[07:15:47] Source: edge-node-1, Dest: edge-node-2
[07:15:47] Server: edge-host-1
[07:15:47] Transfer mode: host
[07:15:47] Relay node: edge-host-1

[07:15:47] === TCP CLIENT POST-COPY (LAZY-PAGES) MIGRATION ===
[07:15:47] Step 1: Checking source client process...
[07:15:48]   Using PID from /home/ubuntu/tcp_client.pid: 88051
[07:15:49]   Server connections so far: 1
[07:15:50]   Page-server endpoint: 10.138.215.218:9999
[07:15:50] Step 2: Final dump (freezing client) with --lazy-pages...
[07:15:50]   Dump PID: 88583
[07:15:50]   Final dump time (freeze duration): 706 ms
[07:15:50] Step 2.5: Moving VIP to destination...
[07:15:51]   Moving VIP 10.138.215.250 from edge-node-1:ens3 -> edge-node-2:ens3
[07:15:56] Step 3: Creating archive...
[07:15:56] Step 4: Transferring archive...
  Transferring /home/ubuntu/CRIU-tcp-client.tar.gz via relay node edge-host-1...
Setting up SSH trust: edge-node-1 → ubuntu@10.138.215.36
  Adding public key to destination's authorized_keys...
  Testing SSH connectivity...
  ✓ SSH trust ready
Setting up SSH trust: edge-host-1 → ubuntu@10.138.215.137
  Adding public key to destination's authorized_keys...
  Testing SSH connectivity...
  ✓ SSH trust ready
[07:16:09] Step 5: Unpacking on destination...
[07:16:09] Step 6: Starting lazy-pages daemon on destination...
[07:16:10] Step 7: Restoring client...
[07:16:11] Step 8: Verifying connection continuity...
[07:16:15]   Client output (tail): PP 5 -> 5
[07:16:15]   Server connections so far: 1
[07:16:15] ✓ SUCCESS: Client restored and TCP socket appears established
[07:16:16] Metrics saved to /home/ivo/Evaluation-of-Live-Migration-Strategies-at-the-Edge/Network-live-migration/metrics/migration_metrics.csv
[exit=0]

$ python3 /home/ivo/Evaluation-of-Live-Migration-Strategies-at-the-Edge/Network-live-migration/scripts/setup/reset_nodes.py edge-node-1 edge-node-2 edge-host-1 10.138.215.250
[07:16:17] Resetting nodes: edge-node-1 -> edge-node-2 (server: edge-host-1, vip: 10.138.215.250)
[07:16:17] Step 1: Killing any existing processes on source...
[07:16:17]   Killing PID 88051 (from /home/ubuntu/tcp_client.pid)
[07:16:18]   Killing PID 88051 (from /home/ubuntu/client.pid)
[07:16:18]   Killing any remaining background processes...
[07:16:20] Step 2: Cleaning source node...
[07:16:21] Step 3: Cleaning destination node...
[07:16:22]   Killing PID 88051 on destination (from /home/ubuntu/tcp_client.pid)
[07:16:22]   Killing PID 88051 on destination (from /home/ubuntu/client.pid)
[07:16:23]   Killing all remaining TCP processes on destination...
[07:16:26] Step 4: Cleaning server node (edge-host-1)...
[07:16:26]   Killing PID 619715 on server (from /home/ubuntu/tcp_server.pid)
[07:16:28] ✓ Reset complete, nodes are clean
[07:16:28]   Next: Start your application
[exit=0]

$ bash /home/ivo/Evaluation-of-Live-Migration-Strategies-at-the-Edge/Network-live-migration/scripts/workloads/start_tcp_server.sh edge-host-1 5000
[tcp-server] Ensuring tcp-howto binary on edge-host-1...
[tcp-server] Reusing existing /tmp/tcp-howto on edge-host-1
[tcp-server] Starting on edge-host-1 (port 5000)...
[tcp-server] Waiting for listen...
✓ TCP server listening on edge-host-1:5000
[tcp-server] Logs: multipass exec edge-host-1 -- tail -f /home/ubuntu/tcp_server.out
[exit=0]

$ bash /home/ivo/Evaluation-of-Live-Migration-Strategies-at-the-Edge/Network-live-migration/scripts/workloads/start_tcp_client.sh edge-node-1 edge-host-1 5000
[tcp-client] Server endpoint: 10.138.215.36:5000
[tcp-client] Client VIP: 10.138.215.250
[tcp-client] Ensuring tcp-howto binary on edge-node-1...
[tcp-client] Reusing existing /tmp/tcp-howto on edge-node-1
[tcp-client] Ensuring VIP 10.138.215.250 is present on edge-node-1...
ARPING 10.138.215.250 from 10.138.215.250 ens3
Sent 3 probes (3 broadcast(s))
Received 0 response(s)
[tcp-client] Starting on edge-node-1...
[tcp-client] Waiting for established TCP connection...
✓ TCP client connected (PID: 90122)
[tcp-client] Logs: multipass exec edge-node-1 -- tail -f /home/ubuntu/tcp_client.out
[exit=0]

$ python3 /home/ivo/Evaluation-of-Live-Migration-Strategies-at-the-Edge/Network-live-migration/scripts/orchestrators/tcp_client_benchmark.py postcopy --source edge-node-1 --dest edge-node-2 --server edge-host-1 --transfer-mode host --run-id 05-05-2026-host-postcopy-0022 --csv /home/ivo/Evaluation-of-Live-Migration-Strategies-at-the-Edge/Network-live-migration/metrics/migration_metrics.csv --profile-name 4_Starlink --relay-node edge-host-1 --page-server-port 9999
[07:16:37] === TCP CLIENT MIGRATION ===
[07:16:37] Run ID: 05-05-2026-host-postcopy-0022
[07:16:37] Source: edge-node-1, Dest: edge-node-2
[07:16:37] Server: edge-host-1
[07:16:37] Transfer mode: host
[07:16:37] Relay node: edge-host-1

[07:16:37] === TCP CLIENT POST-COPY (LAZY-PAGES) MIGRATION ===
[07:16:37] Step 1: Checking source client process...
[07:16:37]   Using PID from /home/ubuntu/tcp_client.pid: 90122
[07:16:38]   Server connections so far: 1
[07:16:39]   Page-server endpoint: 10.138.215.218:9999
[07:16:39] Step 2: Final dump (freezing client) with --lazy-pages...
[07:16:40]   Dump PID: 90646
[07:16:40]   Final dump time (freeze duration): 719 ms
[07:16:40] Step 2.5: Moving VIP to destination...
[07:16:40]   Moving VIP 10.138.215.250 from edge-node-1:ens3 -> edge-node-2:ens3
[07:16:45] Step 3: Creating archive...
[07:16:46] Step 4: Transferring archive...
  Transferring /home/ubuntu/CRIU-tcp-client.tar.gz via relay node edge-host-1...
Setting up SSH trust: edge-node-1 → ubuntu@10.138.215.36
  Adding public key to destination's authorized_keys...
  Testing SSH connectivity...
  ✓ SSH trust ready
Setting up SSH trust: edge-host-1 → ubuntu@10.138.215.137
  Adding public key to destination's authorized_keys...
  Testing SSH connectivity...
  ✓ SSH trust ready
[07:16:58] Step 5: Unpacking on destination...
[07:16:59] Step 6: Starting lazy-pages daemon on destination...
[07:17:00] Step 7: Restoring client...
[07:17:01] Step 8: Verifying connection continuity...
[07:17:04]   Client output (tail): PP 5 -> 5
[07:17:05]   Server connections so far: 1
[07:17:05] ✓ SUCCESS: Client restored and TCP socket appears established
[07:17:06] Metrics saved to /home/ivo/Evaluation-of-Live-Migration-Strategies-at-the-Edge/Network-live-migration/metrics/migration_metrics.csv
[exit=0]

$ python3 /home/ivo/Evaluation-of-Live-Migration-Strategies-at-the-Edge/Network-live-migration/scripts/setup/reset_nodes.py edge-node-1 edge-node-2 edge-host-1 10.138.215.250
[07:17:06] Resetting nodes: edge-node-1 -> edge-node-2 (server: edge-host-1, vip: 10.138.215.250)
[07:17:06] Step 1: Killing any existing processes on source...
[07:17:06]   Killing PID 90122 (from /home/ubuntu/tcp_client.pid)
[07:17:07]   Killing PID 90122 (from /home/ubuntu/client.pid)
[07:17:08]   Killing any remaining background processes...
[07:17:09] Step 2: Cleaning source node...
[07:17:11] Step 3: Cleaning destination node...
[07:17:11]   Killing PID 90122 on destination (from /home/ubuntu/tcp_client.pid)
[07:17:12]   Killing PID 90122 on destination (from /home/ubuntu/client.pid)
[07:17:13]   Killing all remaining TCP processes on destination...
[07:17:16] Step 4: Cleaning server node (edge-host-1)...
[07:17:16]   Killing PID 621303 on server (from /home/ubuntu/tcp_server.pid)
[07:17:18] ✓ Reset complete, nodes are clean
[07:17:18]   Next: Start your application
[exit=0]

$ bash /home/ivo/Evaluation-of-Live-Migration-Strategies-at-the-Edge/Network-live-migration/scripts/workloads/start_tcp_server.sh edge-host-1 5000
[tcp-server] Ensuring tcp-howto binary on edge-host-1...
[tcp-server] Reusing existing /tmp/tcp-howto on edge-host-1
[tcp-server] Starting on edge-host-1 (port 5000)...
[tcp-server] Waiting for listen...
✓ TCP server listening on edge-host-1:5000
[tcp-server] Logs: multipass exec edge-host-1 -- tail -f /home/ubuntu/tcp_server.out
[exit=0]

$ bash /home/ivo/Evaluation-of-Live-Migration-Strategies-at-the-Edge/Network-live-migration/scripts/workloads/start_tcp_client.sh edge-node-1 edge-host-1 5000
[tcp-client] Server endpoint: 10.138.215.36:5000
[tcp-client] Client VIP: 10.138.215.250
[tcp-client] Ensuring tcp-howto binary on edge-node-1...
[tcp-client] Reusing existing /tmp/tcp-howto on edge-node-1
[tcp-client] Ensuring VIP 10.138.215.250 is present on edge-node-1...
ARPING 10.138.215.250 from 10.138.215.250 ens3
Sent 3 probes (3 broadcast(s))
Received 0 response(s)
[tcp-client] Starting on edge-node-1...
[tcp-client] Waiting for established TCP connection...
✓ TCP client connected (PID: 92195)
[tcp-client] Logs: multipass exec edge-node-1 -- tail -f /home/ubuntu/tcp_client.out
[exit=0]

$ python3 /home/ivo/Evaluation-of-Live-Migration-Strategies-at-the-Edge/Network-live-migration/scripts/orchestrators/tcp_client_benchmark.py postcopy --source edge-node-1 --dest edge-node-2 --server edge-host-1 --transfer-mode host --run-id 05-05-2026-host-postcopy-0023 --csv /home/ivo/Evaluation-of-Live-Migration-Strategies-at-the-Edge/Network-live-migration/metrics/migration_metrics.csv --profile-name 4_Starlink --relay-node edge-host-1 --page-server-port 9999
[07:17:27] === TCP CLIENT MIGRATION ===
[07:17:27] Run ID: 05-05-2026-host-postcopy-0023
[07:17:27] Source: edge-node-1, Dest: edge-node-2
[07:17:27] Server: edge-host-1
[07:17:27] Transfer mode: host
[07:17:27] Relay node: edge-host-1

[07:17:27] === TCP CLIENT POST-COPY (LAZY-PAGES) MIGRATION ===
[07:17:27] Step 1: Checking source client process...
[07:17:27]   Using PID from /home/ubuntu/tcp_client.pid: 92195
[07:17:28]   Server connections so far: 1
[07:17:29]   Page-server endpoint: 10.138.215.218:9999
[07:17:29] Step 2: Final dump (freezing client) with --lazy-pages...
[07:17:29]   Dump PID: 92719
[07:17:30]   Final dump time (freeze duration): 805 ms
[07:17:30] Step 2.5: Moving VIP to destination...
[07:17:30]   Moving VIP 10.138.215.250 from edge-node-1:ens3 -> edge-node-2:ens3
[07:17:35] Step 3: Creating archive...
[07:17:36] Step 4: Transferring archive...
  Transferring /home/ubuntu/CRIU-tcp-client.tar.gz via relay node edge-host-1...
Setting up SSH trust: edge-node-1 → ubuntu@10.138.215.36
  Adding public key to destination's authorized_keys...
  Testing SSH connectivity...
  ✓ SSH trust ready
Setting up SSH trust: edge-host-1 → ubuntu@10.138.215.137
  Adding public key to destination's authorized_keys...
  Testing SSH connectivity...
  ✓ SSH trust ready
[07:17:49] Step 5: Unpacking on destination...
[07:17:50] Step 6: Starting lazy-pages daemon on destination...
[07:17:51] Step 7: Restoring client...
[07:17:51] Step 8: Verifying connection continuity...
[07:17:55]   Client output (tail): PP 5 -> 5
[07:17:55]   Server connections so far: 1
[07:17:55] ✓ SUCCESS: Client restored and TCP socket appears established
[07:17:56] Metrics saved to /home/ivo/Evaluation-of-Live-Migration-Strategies-at-the-Edge/Network-live-migration/metrics/migration_metrics.csv
[exit=0]

$ python3 /home/ivo/Evaluation-of-Live-Migration-Strategies-at-the-Edge/Network-live-migration/scripts/setup/reset_nodes.py edge-node-1 edge-node-2 edge-host-1 10.138.215.250
[07:17:57] Resetting nodes: edge-node-1 -> edge-node-2 (server: edge-host-1, vip: 10.138.215.250)
[07:17:57] Step 1: Killing any existing processes on source...
[07:17:57]   Killing PID 92195 (from /home/ubuntu/tcp_client.pid)
[07:17:58]   Killing PID 92195 (from /home/ubuntu/client.pid)
[07:17:58]   Killing any remaining background processes...
[07:18:00] Step 2: Cleaning source node...
[07:18:01] Step 3: Cleaning destination node...
[07:18:02]   Killing PID 92195 on destination (from /home/ubuntu/tcp_client.pid)
[07:18:02]   Killing PID 92195 on destination (from /home/ubuntu/client.pid)
[07:18:03]   Killing all remaining TCP processes on destination...
[07:18:06] Step 4: Cleaning server node (edge-host-1)...
[07:18:06]   Killing PID 622903 on server (from /home/ubuntu/tcp_server.pid)
[07:18:08] ✓ Reset complete, nodes are clean
[07:18:08]   Next: Start your application
[exit=0]

$ bash /home/ivo/Evaluation-of-Live-Migration-Strategies-at-the-Edge/Network-live-migration/scripts/workloads/start_tcp_server.sh edge-host-1 5000
[tcp-server] Ensuring tcp-howto binary on edge-host-1...
[tcp-server] Reusing existing /tmp/tcp-howto on edge-host-1
[tcp-server] Starting on edge-host-1 (port 5000)...
[tcp-server] Waiting for listen...
✓ TCP server listening on edge-host-1:5000
[tcp-server] Logs: multipass exec edge-host-1 -- tail -f /home/ubuntu/tcp_server.out
[exit=0]

$ bash /home/ivo/Evaluation-of-Live-Migration-Strategies-at-the-Edge/Network-live-migration/scripts/workloads/start_tcp_client.sh edge-node-1 edge-host-1 5000
[tcp-client] Server endpoint: 10.138.215.36:5000
[tcp-client] Client VIP: 10.138.215.250
[tcp-client] Ensuring tcp-howto binary on edge-node-1...
[tcp-client] Reusing existing /tmp/tcp-howto on edge-node-1
[tcp-client] Ensuring VIP 10.138.215.250 is present on edge-node-1...
ARPING 10.138.215.250 from 10.138.215.250 ens3
Sent 3 probes (3 broadcast(s))
Received 0 response(s)
[tcp-client] Starting on edge-node-1...
[tcp-client] Waiting for established TCP connection...
✓ TCP client connected (PID: 94253)
[tcp-client] Logs: multipass exec edge-node-1 -- tail -f /home/ubuntu/tcp_client.out
[exit=0]

$ python3 /home/ivo/Evaluation-of-Live-Migration-Strategies-at-the-Edge/Network-live-migration/scripts/orchestrators/tcp_client_benchmark.py postcopy --source edge-node-1 --dest edge-node-2 --server edge-host-1 --transfer-mode host --run-id 05-05-2026-host-postcopy-0024 --csv /home/ivo/Evaluation-of-Live-Migration-Strategies-at-the-Edge/Network-live-migration/metrics/migration_metrics.csv --profile-name 4_Starlink --relay-node edge-host-1 --page-server-port 9999
[07:18:17] === TCP CLIENT MIGRATION ===
[07:18:17] Run ID: 05-05-2026-host-postcopy-0024
[07:18:17] Source: edge-node-1, Dest: edge-node-2
[07:18:17] Server: edge-host-1
[07:18:17] Transfer mode: host
[07:18:17] Relay node: edge-host-1

[07:18:17] === TCP CLIENT POST-COPY (LAZY-PAGES) MIGRATION ===
[07:18:17] Step 1: Checking source client process...
[07:18:17]   Using PID from /home/ubuntu/tcp_client.pid: 94253
[07:18:18]   Server connections so far: 1
[07:18:19]   Page-server endpoint: 10.138.215.218:9999
[07:18:19] Step 2: Final dump (freezing client) with --lazy-pages...
[07:18:20]   Dump PID: 94786
[07:18:20]   Final dump time (freeze duration): 723 ms
[07:18:20] Step 2.5: Moving VIP to destination...
[07:18:21]   Moving VIP 10.138.215.250 from edge-node-1:ens3 -> edge-node-2:ens3
[07:18:26] Step 3: Creating archive...
[07:18:26] Step 4: Transferring archive...
  Transferring /home/ubuntu/CRIU-tcp-client.tar.gz via relay node edge-host-1...
Setting up SSH trust: edge-node-1 → ubuntu@10.138.215.36
  Adding public key to destination's authorized_keys...
  Testing SSH connectivity...
  ✓ SSH trust ready
Setting up SSH trust: edge-host-1 → ubuntu@10.138.215.137
  Adding public key to destination's authorized_keys...
  Testing SSH connectivity...
  ✓ SSH trust ready
[07:18:39] Step 5: Unpacking on destination...
[07:18:39] Step 6: Starting lazy-pages daemon on destination...
[07:18:40] Step 7: Restoring client...
[07:18:41] Step 8: Verifying connection continuity...
[07:18:44]   Client output (tail): PP 5 -> 5
[07:18:45]   Server connections so far: 1
[07:18:45] ✓ SUCCESS: Client restored and TCP socket appears established
[07:18:46] Metrics saved to /home/ivo/Evaluation-of-Live-Migration-Strategies-at-the-Edge/Network-live-migration/metrics/migration_metrics.csv
[exit=0]

$ python3 /home/ivo/Evaluation-of-Live-Migration-Strategies-at-the-Edge/Network-live-migration/scripts/setup/reset_nodes.py edge-node-1 edge-node-2 edge-host-1 10.138.215.250
[07:18:47] Resetting nodes: edge-node-1 -> edge-node-2 (server: edge-host-1, vip: 10.138.215.250)
[07:18:47] Step 1: Killing any existing processes on source...
[07:18:47]   Killing PID 94253 (from /home/ubuntu/tcp_client.pid)
[07:18:48]   Killing PID 94253 (from /home/ubuntu/client.pid)
[07:18:48]   Killing any remaining background processes...
[07:18:50] Step 2: Cleaning source node...
[07:18:51] Step 3: Cleaning destination node...
[07:18:52]   Killing PID 94253 on destination (from /home/ubuntu/tcp_client.pid)
[07:18:52]   Killing PID 94253 on destination (from /home/ubuntu/client.pid)
[07:18:53]   Killing all remaining TCP processes on destination...
[07:18:56] Step 4: Cleaning server node (edge-host-1)...
[07:18:56]   Killing PID 624502 on server (from /home/ubuntu/tcp_server.pid)
[07:18:58] ✓ Reset complete, nodes are clean
[07:18:58]   Next: Start your application
[exit=0]

$ bash /home/ivo/Evaluation-of-Live-Migration-Strategies-at-the-Edge/Network-live-migration/scripts/workloads/start_tcp_server.sh edge-host-1 5000
[tcp-server] Ensuring tcp-howto binary on edge-host-1...
[tcp-server] Reusing existing /tmp/tcp-howto on edge-host-1
[tcp-server] Starting on edge-host-1 (port 5000)...
[tcp-server] Waiting for listen...
✓ TCP server listening on edge-host-1:5000
[tcp-server] Logs: multipass exec edge-host-1 -- tail -f /home/ubuntu/tcp_server.out
[exit=0]

$ bash /home/ivo/Evaluation-of-Live-Migration-Strategies-at-the-Edge/Network-live-migration/scripts/workloads/start_tcp_client.sh edge-node-1 edge-host-1 5000
[tcp-client] Server endpoint: 10.138.215.36:5000
[tcp-client] Client VIP: 10.138.215.250
[tcp-client] Ensuring tcp-howto binary on edge-node-1...
[tcp-client] Reusing existing /tmp/tcp-howto on edge-node-1
[tcp-client] Ensuring VIP 10.138.215.250 is present on edge-node-1...
ARPING 10.138.215.250 from 10.138.215.250 ens3
Sent 3 probes (3 broadcast(s))
Received 0 response(s)
[tcp-client] Starting on edge-node-1...
[tcp-client] Waiting for established TCP connection...
✓ TCP client connected (PID: 96322)
[tcp-client] Logs: multipass exec edge-node-1 -- tail -f /home/ubuntu/tcp_client.out
[exit=0]

$ python3 /home/ivo/Evaluation-of-Live-Migration-Strategies-at-the-Edge/Network-live-migration/scripts/orchestrators/tcp_client_benchmark.py postcopy --source edge-node-1 --dest edge-node-2 --server edge-host-1 --transfer-mode host --run-id 05-05-2026-host-postcopy-0025 --csv /home/ivo/Evaluation-of-Live-Migration-Strategies-at-the-Edge/Network-live-migration/metrics/migration_metrics.csv --profile-name 4_Starlink --relay-node edge-host-1 --page-server-port 9999
[07:19:07] === TCP CLIENT MIGRATION ===
[07:19:07] Run ID: 05-05-2026-host-postcopy-0025
[07:19:07] Source: edge-node-1, Dest: edge-node-2
[07:19:07] Server: edge-host-1
[07:19:07] Transfer mode: host
[07:19:07] Relay node: edge-host-1

[07:19:07] === TCP CLIENT POST-COPY (LAZY-PAGES) MIGRATION ===
[07:19:07] Step 1: Checking source client process...
[07:19:07]   Using PID from /home/ubuntu/tcp_client.pid: 96322
[07:19:08]   Server connections so far: 1
[07:19:09]   Page-server endpoint: 10.138.215.218:9999
[07:19:09] Step 2: Final dump (freezing client) with --lazy-pages...
[07:19:09]   Dump PID: 96846
[07:19:10]   Final dump time (freeze duration): 702 ms
[07:19:10] Step 2.5: Moving VIP to destination...
[07:19:10]   Moving VIP 10.138.215.250 from edge-node-1:ens3 -> edge-node-2:ens3
[07:19:15] Step 3: Creating archive...
[07:19:15] Step 4: Transferring archive...
  Transferring /home/ubuntu/CRIU-tcp-client.tar.gz via relay node edge-host-1...
Setting up SSH trust: edge-node-1 → ubuntu@10.138.215.36
  Adding public key to destination's authorized_keys...
  Testing SSH connectivity...
  ✓ SSH trust ready
Setting up SSH trust: edge-host-1 → ubuntu@10.138.215.137
  Adding public key to destination's authorized_keys...
  Testing SSH connectivity...
  ✓ SSH trust ready
[07:19:28] Step 5: Unpacking on destination...
[07:19:29] Step 6: Starting lazy-pages daemon on destination...
[07:19:30] Step 7: Restoring client...
[07:19:31] Step 8: Verifying connection continuity...
[07:19:34]   Client output (tail): PP 5 -> 5
[07:19:35]   Server connections so far: 1
[07:19:35] ✓ SUCCESS: Client restored and TCP socket appears established
[07:19:35] Metrics saved to /home/ivo/Evaluation-of-Live-Migration-Strategies-at-the-Edge/Network-live-migration/metrics/migration_metrics.csv
[exit=0]

$ python3 /home/ivo/Evaluation-of-Live-Migration-Strategies-at-the-Edge/Network-live-migration/scripts/setup/reset_nodes.py edge-node-1 edge-node-2 edge-host-1 10.138.215.250
[07:19:36] Resetting nodes: edge-node-1 -> edge-node-2 (server: edge-host-1, vip: 10.138.215.250)
[07:19:36] Step 1: Killing any existing processes on source...
[07:19:36]   Killing PID 96322 (from /home/ubuntu/tcp_client.pid)
[07:19:37]   Killing PID 96322 (from /home/ubuntu/client.pid)
[07:19:38]   Killing any remaining background processes...
[07:19:39] Step 2: Cleaning source node...
[07:19:41] Step 3: Cleaning destination node...
[07:19:41]   Killing PID 96322 on destination (from /home/ubuntu/tcp_client.pid)
[07:19:42]   Killing PID 96322 on destination (from /home/ubuntu/client.pid)
[07:19:42]   Killing all remaining TCP processes on destination...
[07:19:45] Step 4: Cleaning server node (edge-host-1)...
[07:19:46]   Killing PID 626090 on server (from /home/ubuntu/tcp_server.pid)
[07:19:48] ✓ Reset complete, nodes are clean
[07:19:48]   Next: Start your application
[exit=0]

$ bash /home/ivo/Evaluation-of-Live-Migration-Strategies-at-the-Edge/Network-live-migration/scripts/workloads/start_tcp_server.sh edge-host-1 5000
[tcp-server] Ensuring tcp-howto binary on edge-host-1...
[tcp-server] Reusing existing /tmp/tcp-howto on edge-host-1
[tcp-server] Starting on edge-host-1 (port 5000)...
[tcp-server] Waiting for listen...
✓ TCP server listening on edge-host-1:5000
[tcp-server] Logs: multipass exec edge-host-1 -- tail -f /home/ubuntu/tcp_server.out
[exit=0]

$ bash /home/ivo/Evaluation-of-Live-Migration-Strategies-at-the-Edge/Network-live-migration/scripts/workloads/start_tcp_client.sh edge-node-1 edge-host-1 5000
[tcp-client] Server endpoint: 10.138.215.36:5000
[tcp-client] Client VIP: 10.138.215.250
[tcp-client] Ensuring tcp-howto binary on edge-node-1...
[tcp-client] Reusing existing /tmp/tcp-howto on edge-node-1
[tcp-client] Ensuring VIP 10.138.215.250 is present on edge-node-1...
ARPING 10.138.215.250 from 10.138.215.250 ens3
Sent 3 probes (3 broadcast(s))
Received 0 response(s)
[tcp-client] Starting on edge-node-1...
[tcp-client] Waiting for established TCP connection...
✓ TCP client connected (PID: 98382)
[tcp-client] Logs: multipass exec edge-node-1 -- tail -f /home/ubuntu/tcp_client.out
[exit=0]

$ python3 /home/ivo/Evaluation-of-Live-Migration-Strategies-at-the-Edge/Network-live-migration/scripts/orchestrators/tcp_client_benchmark.py postcopy --source edge-node-1 --dest edge-node-2 --server edge-host-1 --transfer-mode host --run-id 05-05-2026-host-postcopy-0026 --csv /home/ivo/Evaluation-of-Live-Migration-Strategies-at-the-Edge/Network-live-migration/metrics/migration_metrics.csv --profile-name 4_Starlink --relay-node edge-host-1 --page-server-port 9999
[07:19:56] === TCP CLIENT MIGRATION ===
[07:19:56] Run ID: 05-05-2026-host-postcopy-0026
[07:19:56] Source: edge-node-1, Dest: edge-node-2
[07:19:56] Server: edge-host-1
[07:19:56] Transfer mode: host
[07:19:56] Relay node: edge-host-1

[07:19:56] === TCP CLIENT POST-COPY (LAZY-PAGES) MIGRATION ===
[07:19:56] Step 1: Checking source client process...
[07:19:57]   Using PID from /home/ubuntu/tcp_client.pid: 98382
[07:19:58]   Server connections so far: 1
[07:19:58]   Page-server endpoint: 10.138.215.218:9999
[07:19:58] Step 2: Final dump (freezing client) with --lazy-pages...
[07:19:59]   Dump PID: 98914
[07:19:59]   Final dump time (freeze duration): 815 ms
[07:19:59] Step 2.5: Moving VIP to destination...
[07:20:00]   Moving VIP 10.138.215.250 from edge-node-1:ens3 -> edge-node-2:ens3
[07:20:05] Step 3: Creating archive...
[07:20:05] Step 4: Transferring archive...
  Transferring /home/ubuntu/CRIU-tcp-client.tar.gz via relay node edge-host-1...
Setting up SSH trust: edge-node-1 → ubuntu@10.138.215.36
  Adding public key to destination's authorized_keys...
  Testing SSH connectivity...
  ✓ SSH trust ready
Setting up SSH trust: edge-host-1 → ubuntu@10.138.215.137
  Adding public key to destination's authorized_keys...
  Testing SSH connectivity...
  ✓ SSH trust ready
[07:20:18] Step 5: Unpacking on destination...
[07:20:19] Step 6: Starting lazy-pages daemon on destination...
[07:20:19] Step 7: Restoring client...
[07:20:21] Step 8: Verifying connection continuity...
[07:20:24]   Client output (tail): PP 5 -> 5
[07:20:24]   Server connections so far: 1
[07:20:24] ✓ SUCCESS: Client restored and TCP socket appears established
[07:20:26] Metrics saved to /home/ivo/Evaluation-of-Live-Migration-Strategies-at-the-Edge/Network-live-migration/metrics/migration_metrics.csv
[exit=0]

$ python3 /home/ivo/Evaluation-of-Live-Migration-Strategies-at-the-Edge/Network-live-migration/scripts/setup/reset_nodes.py edge-node-1 edge-node-2 edge-host-1 10.138.215.250
[07:20:26] Resetting nodes: edge-node-1 -> edge-node-2 (server: edge-host-1, vip: 10.138.215.250)
[07:20:26] Step 1: Killing any existing processes on source...
[07:20:26]   Killing PID 98382 (from /home/ubuntu/tcp_client.pid)
[07:20:27]   Killing PID 98382 (from /home/ubuntu/client.pid)
[07:20:28]   Killing any remaining background processes...
[07:20:29] Step 2: Cleaning source node...
[07:20:31] Step 3: Cleaning destination node...
[07:20:31]   Killing PID 98382 on destination (from /home/ubuntu/tcp_client.pid)
[07:20:32]   Killing PID 98382 on destination (from /home/ubuntu/client.pid)
[07:20:32]   Killing all remaining TCP processes on destination...
[07:20:35] Step 4: Cleaning server node (edge-host-1)...
[07:20:35]   Killing PID 627685 on server (from /home/ubuntu/tcp_server.pid)
[07:20:38] ✓ Reset complete, nodes are clean
[07:20:38]   Next: Start your application
[exit=0]

$ bash /home/ivo/Evaluation-of-Live-Migration-Strategies-at-the-Edge/Network-live-migration/scripts/workloads/start_tcp_server.sh edge-host-1 5000
[tcp-server] Ensuring tcp-howto binary on edge-host-1...
[tcp-server] Reusing existing /tmp/tcp-howto on edge-host-1
[tcp-server] Starting on edge-host-1 (port 5000)...
[tcp-server] Waiting for listen...
✓ TCP server listening on edge-host-1:5000
[tcp-server] Logs: multipass exec edge-host-1 -- tail -f /home/ubuntu/tcp_server.out
[exit=0]

$ bash /home/ivo/Evaluation-of-Live-Migration-Strategies-at-the-Edge/Network-live-migration/scripts/workloads/start_tcp_client.sh edge-node-1 edge-host-1 5000
[tcp-client] Server endpoint: 10.138.215.36:5000
[tcp-client] Client VIP: 10.138.215.250
[tcp-client] Ensuring tcp-howto binary on edge-node-1...
[tcp-client] Reusing existing /tmp/tcp-howto on edge-node-1
[tcp-client] Ensuring VIP 10.138.215.250 is present on edge-node-1...
ARPING 10.138.215.250 from 10.138.215.250 ens3
Sent 3 probes (3 broadcast(s))
Received 0 response(s)
[tcp-client] Starting on edge-node-1...
[tcp-client] Waiting for established TCP connection...
✓ TCP client connected (PID: 100453)
[tcp-client] Logs: multipass exec edge-node-1 -- tail -f /home/ubuntu/tcp_client.out
[exit=0]

$ python3 /home/ivo/Evaluation-of-Live-Migration-Strategies-at-the-Edge/Network-live-migration/scripts/orchestrators/tcp_client_benchmark.py postcopy --source edge-node-1 --dest edge-node-2 --server edge-host-1 --transfer-mode host --run-id 05-05-2026-host-postcopy-0027 --csv /home/ivo/Evaluation-of-Live-Migration-Strategies-at-the-Edge/Network-live-migration/metrics/migration_metrics.csv --profile-name 4_Starlink --relay-node edge-host-1 --page-server-port 9999
[07:20:46] === TCP CLIENT MIGRATION ===
[07:20:46] Run ID: 05-05-2026-host-postcopy-0027
[07:20:46] Source: edge-node-1, Dest: edge-node-2
[07:20:46] Server: edge-host-1
[07:20:46] Transfer mode: host
[07:20:46] Relay node: edge-host-1

[07:20:46] === TCP CLIENT POST-COPY (LAZY-PAGES) MIGRATION ===
[07:20:46] Step 1: Checking source client process...
[07:20:47]   Using PID from /home/ubuntu/tcp_client.pid: 100453
[07:20:48]   Server connections so far: 1
[07:20:49]   Page-server endpoint: 10.138.215.218:9999
[07:20:49] Step 2: Final dump (freezing client) with --lazy-pages...
[07:20:49]   Dump PID: 100985
[07:20:50]   Final dump time (freeze duration): 776 ms
[07:20:50] Step 2.5: Moving VIP to destination...
[07:20:50]   Moving VIP 10.138.215.250 from edge-node-1:ens3 -> edge-node-2:ens3
[07:20:55] Step 3: Creating archive...
[07:20:56] Step 4: Transferring archive...
  Transferring /home/ubuntu/CRIU-tcp-client.tar.gz via relay node edge-host-1...
Setting up SSH trust: edge-node-1 → ubuntu@10.138.215.36
  Adding public key to destination's authorized_keys...
  Testing SSH connectivity...
  ✓ SSH trust ready
Setting up SSH trust: edge-host-1 → ubuntu@10.138.215.137
  Adding public key to destination's authorized_keys...
  Testing SSH connectivity...
  ✓ SSH trust ready
[07:21:09] Step 5: Unpacking on destination...
[07:21:10] Step 6: Starting lazy-pages daemon on destination...
[07:21:11] Step 7: Restoring client...
[07:21:12] Step 8: Verifying connection continuity...
[07:21:15]   Client output (tail): PP 5 -> 5
[07:21:15]   Server connections so far: 1
[07:21:15] ✓ SUCCESS: Client restored and TCP socket appears established
[07:21:16] Metrics saved to /home/ivo/Evaluation-of-Live-Migration-Strategies-at-the-Edge/Network-live-migration/metrics/migration_metrics.csv
[exit=0]

$ python3 /home/ivo/Evaluation-of-Live-Migration-Strategies-at-the-Edge/Network-live-migration/scripts/setup/reset_nodes.py edge-node-1 edge-node-2 edge-host-1 10.138.215.250
[07:21:17] Resetting nodes: edge-node-1 -> edge-node-2 (server: edge-host-1, vip: 10.138.215.250)
[07:21:17] Step 1: Killing any existing processes on source...
[07:21:17]   Killing PID 100453 (from /home/ubuntu/tcp_client.pid)
[07:21:18]   Killing PID 100453 (from /home/ubuntu/client.pid)
[07:21:18]   Killing any remaining background processes...
[07:21:20] Step 2: Cleaning source node...
[07:21:22] Step 3: Cleaning destination node...
[07:21:22]   Killing PID 100453 on destination (from /home/ubuntu/tcp_client.pid)
[07:21:23]   Killing PID 100453 on destination (from /home/ubuntu/client.pid)
[07:21:23]   Killing all remaining TCP processes on destination...
[07:21:26] Step 4: Cleaning server node (edge-host-1)...
[07:21:27]   Killing PID 629276 on server (from /home/ubuntu/tcp_server.pid)
[07:21:29] ✓ Reset complete, nodes are clean
[07:21:29]   Next: Start your application
[exit=0]

$ bash /home/ivo/Evaluation-of-Live-Migration-Strategies-at-the-Edge/Network-live-migration/scripts/workloads/start_tcp_server.sh edge-host-1 5000
[tcp-server] Ensuring tcp-howto binary on edge-host-1...
[tcp-server] Reusing existing /tmp/tcp-howto on edge-host-1
[tcp-server] Starting on edge-host-1 (port 5000)...
[tcp-server] Waiting for listen...
✓ TCP server listening on edge-host-1:5000
[tcp-server] Logs: multipass exec edge-host-1 -- tail -f /home/ubuntu/tcp_server.out
[exit=0]

$ bash /home/ivo/Evaluation-of-Live-Migration-Strategies-at-the-Edge/Network-live-migration/scripts/workloads/start_tcp_client.sh edge-node-1 edge-host-1 5000
[tcp-client] Server endpoint: 10.138.215.36:5000
[tcp-client] Client VIP: 10.138.215.250
[tcp-client] Ensuring tcp-howto binary on edge-node-1...
[tcp-client] Reusing existing /tmp/tcp-howto on edge-node-1
[tcp-client] Ensuring VIP 10.138.215.250 is present on edge-node-1...
ARPING 10.138.215.250 from 10.138.215.250 ens3
Sent 3 probes (3 broadcast(s))
Received 0 response(s)
[tcp-client] Starting on edge-node-1...
[tcp-client] Waiting for established TCP connection...
✓ TCP client connected (PID: 102525)
[tcp-client] Logs: multipass exec edge-node-1 -- tail -f /home/ubuntu/tcp_client.out
[exit=0]

$ python3 /home/ivo/Evaluation-of-Live-Migration-Strategies-at-the-Edge/Network-live-migration/scripts/orchestrators/tcp_client_benchmark.py postcopy --source edge-node-1 --dest edge-node-2 --server edge-host-1 --transfer-mode host --run-id 05-05-2026-host-postcopy-0028 --csv /home/ivo/Evaluation-of-Live-Migration-Strategies-at-the-Edge/Network-live-migration/metrics/migration_metrics.csv --profile-name 4_Starlink --relay-node edge-host-1 --page-server-port 9999
[07:21:38] === TCP CLIENT MIGRATION ===
[07:21:38] Run ID: 05-05-2026-host-postcopy-0028
[07:21:38] Source: edge-node-1, Dest: edge-node-2
[07:21:38] Server: edge-host-1
[07:21:38] Transfer mode: host
[07:21:38] Relay node: edge-host-1

[07:21:38] === TCP CLIENT POST-COPY (LAZY-PAGES) MIGRATION ===
[07:21:38] Step 1: Checking source client process...
[07:21:38]   Using PID from /home/ubuntu/tcp_client.pid: 102525
[07:21:39]   Server connections so far: 1
[07:21:40]   Page-server endpoint: 10.138.215.218:9999
[07:21:40] Step 2: Final dump (freezing client) with --lazy-pages...
[07:21:40]   Dump PID: 103057
[07:21:41]   Final dump time (freeze duration): 712 ms
[07:21:41] Step 2.5: Moving VIP to destination...
[07:21:41]   Moving VIP 10.138.215.250 from edge-node-1:ens3 -> edge-node-2:ens3
[07:21:46] Step 3: Creating archive...
[07:21:46] Step 4: Transferring archive...
  Transferring /home/ubuntu/CRIU-tcp-client.tar.gz via relay node edge-host-1...
Setting up SSH trust: edge-node-1 → ubuntu@10.138.215.36
  Adding public key to destination's authorized_keys...
  Testing SSH connectivity...
  ✓ SSH trust ready
Setting up SSH trust: edge-host-1 → ubuntu@10.138.215.137
  Adding public key to destination's authorized_keys...
  Testing SSH connectivity...
  ✓ SSH trust ready
[07:21:59] Step 5: Unpacking on destination...
[07:22:00] Step 6: Starting lazy-pages daemon on destination...
[07:22:01] Step 7: Restoring client...
[07:22:02] Step 8: Verifying connection continuity...
[07:22:05]   Client output (tail): PP 5 -> 5
[07:22:05]   Server connections so far: 1
[07:22:05] ✓ SUCCESS: Client restored and TCP socket appears established
[07:22:06] Metrics saved to /home/ivo/Evaluation-of-Live-Migration-Strategies-at-the-Edge/Network-live-migration/metrics/migration_metrics.csv
[exit=0]

$ python3 /home/ivo/Evaluation-of-Live-Migration-Strategies-at-the-Edge/Network-live-migration/scripts/setup/reset_nodes.py edge-node-1 edge-node-2 edge-host-1 10.138.215.250
[07:22:07] Resetting nodes: edge-node-1 -> edge-node-2 (server: edge-host-1, vip: 10.138.215.250)
[07:22:07] Step 1: Killing any existing processes on source...
[07:22:07]   Killing PID 102525 (from /home/ubuntu/tcp_client.pid)
[07:22:08]   Killing PID 102525 (from /home/ubuntu/client.pid)
[07:22:08]   Killing any remaining background processes...
[07:22:10] Step 2: Cleaning source node...
[07:22:11] Step 3: Cleaning destination node...
[07:22:12]   Killing PID 102525 on destination (from /home/ubuntu/tcp_client.pid)
[07:22:12]   Killing PID 102525 on destination (from /home/ubuntu/client.pid)
[07:22:13]   Killing all remaining TCP processes on destination...
[07:22:16] Step 4: Cleaning server node (edge-host-1)...
[07:22:16]   Killing PID 631124 on server (from /home/ubuntu/tcp_server.pid)
[07:22:19] ✓ Reset complete, nodes are clean
[07:22:19]   Next: Start your application
[exit=0]

$ bash /home/ivo/Evaluation-of-Live-Migration-Strategies-at-the-Edge/Network-live-migration/scripts/workloads/start_tcp_server.sh edge-host-1 5000
[tcp-server] Ensuring tcp-howto binary on edge-host-1...
[tcp-server] Reusing existing /tmp/tcp-howto on edge-host-1
[tcp-server] Starting on edge-host-1 (port 5000)...
[tcp-server] Waiting for listen...
✓ TCP server listening on edge-host-1:5000
[tcp-server] Logs: multipass exec edge-host-1 -- tail -f /home/ubuntu/tcp_server.out
[exit=0]

$ bash /home/ivo/Evaluation-of-Live-Migration-Strategies-at-the-Edge/Network-live-migration/scripts/workloads/start_tcp_client.sh edge-node-1 edge-host-1 5000
[tcp-client] Server endpoint: 10.138.215.36:5000
[tcp-client] Client VIP: 10.138.215.250
[tcp-client] Ensuring tcp-howto binary on edge-node-1...
[tcp-client] Reusing existing /tmp/tcp-howto on edge-node-1
[tcp-client] Ensuring VIP 10.138.215.250 is present on edge-node-1...
ARPING 10.138.215.250 from 10.138.215.250 ens3
Sent 3 probes (3 broadcast(s))
Received 0 response(s)
[tcp-client] Starting on edge-node-1...
[tcp-client] Waiting for established TCP connection...
✓ TCP client connected (PID: 104585)
[tcp-client] Logs: multipass exec edge-node-1 -- tail -f /home/ubuntu/tcp_client.out
[exit=0]

$ python3 /home/ivo/Evaluation-of-Live-Migration-Strategies-at-the-Edge/Network-live-migration/scripts/orchestrators/tcp_client_benchmark.py postcopy --source edge-node-1 --dest edge-node-2 --server edge-host-1 --transfer-mode host --run-id 05-05-2026-host-postcopy-0029 --csv /home/ivo/Evaluation-of-Live-Migration-Strategies-at-the-Edge/Network-live-migration/metrics/migration_metrics.csv --profile-name 4_Starlink --relay-node edge-host-1 --page-server-port 9999
[07:22:27] === TCP CLIENT MIGRATION ===
[07:22:27] Run ID: 05-05-2026-host-postcopy-0029
[07:22:27] Source: edge-node-1, Dest: edge-node-2
[07:22:27] Server: edge-host-1
[07:22:27] Transfer mode: host
[07:22:27] Relay node: edge-host-1

[07:22:27] === TCP CLIENT POST-COPY (LAZY-PAGES) MIGRATION ===
[07:22:27] Step 1: Checking source client process...
[07:22:28]   Using PID from /home/ubuntu/tcp_client.pid: 104585
[07:22:28]   Server connections so far: 1
[07:22:29]   Page-server endpoint: 10.138.215.218:9999
[07:22:29] Step 2: Final dump (freezing client) with --lazy-pages...
[07:22:30]   Dump PID: 105126
[07:22:30]   Final dump time (freeze duration): 1048 ms
[07:22:30] Step 2.5: Moving VIP to destination...
[07:22:31]   Moving VIP 10.138.215.250 from edge-node-1:ens3 -> edge-node-2:ens3
[07:22:36] Step 3: Creating archive...
[07:22:37] Step 4: Transferring archive...
  Transferring /home/ubuntu/CRIU-tcp-client.tar.gz via relay node edge-host-1...
Setting up SSH trust: edge-node-1 → ubuntu@10.138.215.36
  Adding public key to destination's authorized_keys...
  Testing SSH connectivity...
  ✓ SSH trust ready
Setting up SSH trust: edge-host-1 → ubuntu@10.138.215.137
  Adding public key to destination's authorized_keys...
  Testing SSH connectivity...
  ✓ SSH trust ready
[07:22:49] Step 5: Unpacking on destination...
[07:22:50] Step 6: Starting lazy-pages daemon on destination...
[07:22:50] Step 7: Restoring client...
[07:22:51] Step 8: Verifying connection continuity...
[07:22:55]   Client output (tail): PP 5 -> 5
[07:22:55]   Server connections so far: 1
[07:22:55] ✓ SUCCESS: Client restored and TCP socket appears established
[07:22:56] Metrics saved to /home/ivo/Evaluation-of-Live-Migration-Strategies-at-the-Edge/Network-live-migration/metrics/migration_metrics.csv
[exit=0]

$ python3 /home/ivo/Evaluation-of-Live-Migration-Strategies-at-the-Edge/Network-live-migration/scripts/setup/reset_nodes.py edge-node-1 edge-node-2 edge-host-1 10.138.215.250
[07:22:57] Resetting nodes: edge-node-1 -> edge-node-2 (server: edge-host-1, vip: 10.138.215.250)
[07:22:57] Step 1: Killing any existing processes on source...
[07:22:57]   Killing PID 104585 (from /home/ubuntu/tcp_client.pid)
[07:22:58]   Killing PID 104585 (from /home/ubuntu/client.pid)
[07:22:58]   Killing any remaining background processes...
[07:23:00] Step 2: Cleaning source node...
[07:23:01] Step 3: Cleaning destination node...
[07:23:02]   Killing PID 104585 on destination (from /home/ubuntu/tcp_client.pid)
[07:23:02]   Killing PID 104585 on destination (from /home/ubuntu/client.pid)
[07:23:03]   Killing all remaining TCP processes on destination...
[07:23:06] Step 4: Cleaning server node (edge-host-1)...
[07:23:06]   Killing PID 632721 on server (from /home/ubuntu/tcp_server.pid)
[07:23:08] ✓ Reset complete, nodes are clean
[07:23:08]   Next: Start your application
[exit=0]

$ bash /home/ivo/Evaluation-of-Live-Migration-Strategies-at-the-Edge/Network-live-migration/scripts/workloads/start_tcp_server.sh edge-host-1 5000
[tcp-server] Ensuring tcp-howto binary on edge-host-1...
[tcp-server] Reusing existing /tmp/tcp-howto on edge-host-1
[tcp-server] Starting on edge-host-1 (port 5000)...
[tcp-server] Waiting for listen...
✓ TCP server listening on edge-host-1:5000
[tcp-server] Logs: multipass exec edge-host-1 -- tail -f /home/ubuntu/tcp_server.out
[exit=0]

$ bash /home/ivo/Evaluation-of-Live-Migration-Strategies-at-the-Edge/Network-live-migration/scripts/workloads/start_tcp_client.sh edge-node-1 edge-host-1 5000
[tcp-client] Server endpoint: 10.138.215.36:5000
[tcp-client] Client VIP: 10.138.215.250
[tcp-client] Ensuring tcp-howto binary on edge-node-1...
[tcp-client] Reusing existing /tmp/tcp-howto on edge-node-1
[tcp-client] Ensuring VIP 10.138.215.250 is present on edge-node-1...
ARPING 10.138.215.250 from 10.138.215.250 ens3
Sent 3 probes (3 broadcast(s))
Received 0 response(s)
[tcp-client] Starting on edge-node-1...
[tcp-client] Waiting for established TCP connection...
✓ TCP client connected (PID: 106653)
[tcp-client] Logs: multipass exec edge-node-1 -- tail -f /home/ubuntu/tcp_client.out
[exit=0]

$ python3 /home/ivo/Evaluation-of-Live-Migration-Strategies-at-the-Edge/Network-live-migration/scripts/orchestrators/tcp_client_benchmark.py postcopy --source edge-node-1 --dest edge-node-2 --server edge-host-1 --transfer-mode direct --run-id 05-05-2026-direct-postcopy-0020 --csv /home/ivo/Evaluation-of-Live-Migration-Strategies-at-the-Edge/Network-live-migration/metrics/migration_metrics.csv --profile-name 4_Starlink --page-server-port 9999
[07:23:17] === TCP CLIENT MIGRATION ===
[07:23:17] Run ID: 05-05-2026-direct-postcopy-0020
[07:23:17] Source: edge-node-1, Dest: edge-node-2
[07:23:17] Server: edge-host-1
[07:23:17] Transfer mode: direct

[07:23:17] === TCP CLIENT POST-COPY (LAZY-PAGES) MIGRATION ===
[07:23:17] Step 1: Checking source client process...
[07:23:17]   Using PID from /home/ubuntu/tcp_client.pid: 106653
[07:23:18]   Server connections so far: 1
[07:23:19]   Page-server endpoint: 10.138.215.218:9999
[07:23:19] Step 2: Final dump (freezing client) with --lazy-pages...
[07:23:19]   Dump PID: 107185
[07:23:20]   Final dump time (freeze duration): 713 ms
[07:23:20] Step 2.5: Moving VIP to destination...
[07:23:20]   Moving VIP 10.138.215.250 from edge-node-1:ens3 -> edge-node-2:ens3
[07:23:25] Step 3: Creating archive...
[07:23:26] Step 4: Transferring archive...
[07:23:26]   Setting up direct SSH trust...
Setting up SSH trust: edge-node-1 → ubuntu@10.138.215.137
  Adding public key to destination's authorized_keys...
  Testing SSH connectivity...
  ✓ SSH trust ready
Setting up SSH trust: edge-node-1 → ubuntu@10.138.215.137
  Adding public key to destination's authorized_keys...
  Testing SSH connectivity...
  ✓ SSH trust ready
  Transferring /home/ubuntu/CRIU-tcp-client.tar.gz via SCP...
[07:23:35] Step 5: Unpacking on destination...
[07:23:36] Step 6: Starting lazy-pages daemon on destination...
[07:23:36] Step 7: Restoring client...
[07:23:37] Step 8: Verifying connection continuity...
[07:23:40]   Client output (tail): PP 5 -> 5
[07:23:41]   Server connections so far: 1
[07:23:41] ✓ SUCCESS: Client restored and TCP socket appears established
[07:23:42] Metrics saved to /home/ivo/Evaluation-of-Live-Migration-Strategies-at-the-Edge/Network-live-migration/metrics/migration_metrics.csv
[exit=0]

$ python3 /home/ivo/Evaluation-of-Live-Migration-Strategies-at-the-Edge/Network-live-migration/scripts/setup/reset_nodes.py edge-node-1 edge-node-2 edge-host-1 10.138.215.250
[07:23:42] Resetting nodes: edge-node-1 -> edge-node-2 (server: edge-host-1, vip: 10.138.215.250)
[07:23:42] Step 1: Killing any existing processes on source...
[07:23:43]   Killing PID 106653 (from /home/ubuntu/tcp_client.pid)
[07:23:43]   Killing PID 106653 (from /home/ubuntu/client.pid)
[07:23:44]   Killing any remaining background processes...
[07:23:45] Step 2: Cleaning source node...
[07:23:47] Step 3: Cleaning destination node...
[07:23:47]   Killing PID 106653 on destination (from /home/ubuntu/tcp_client.pid)
[07:23:48]   Killing PID 106653 on destination (from /home/ubuntu/client.pid)
[07:23:48]   Killing all remaining TCP processes on destination...
[07:23:52] Step 4: Cleaning server node (edge-host-1)...
[07:23:52]   Killing PID 634320 on server (from /home/ubuntu/tcp_server.pid)
[07:23:54] ✓ Reset complete, nodes are clean
[07:23:54]   Next: Start your application
[exit=0]

$ bash /home/ivo/Evaluation-of-Live-Migration-Strategies-at-the-Edge/Network-live-migration/scripts/workloads/start_tcp_server.sh edge-host-1 5000
[tcp-server] Ensuring tcp-howto binary on edge-host-1...
[tcp-server] Reusing existing /tmp/tcp-howto on edge-host-1
[tcp-server] Starting on edge-host-1 (port 5000)...
[tcp-server] Waiting for listen...
✓ TCP server listening on edge-host-1:5000
[tcp-server] Logs: multipass exec edge-host-1 -- tail -f /home/ubuntu/tcp_server.out
[exit=0]

$ bash /home/ivo/Evaluation-of-Live-Migration-Strategies-at-the-Edge/Network-live-migration/scripts/workloads/start_tcp_client.sh edge-node-1 edge-host-1 5000
[tcp-client] Server endpoint: 10.138.215.36:5000
[tcp-client] Client VIP: 10.138.215.250
[tcp-client] Ensuring tcp-howto binary on edge-node-1...
[tcp-client] Reusing existing /tmp/tcp-howto on edge-node-1
[tcp-client] Ensuring VIP 10.138.215.250 is present on edge-node-1...
ARPING 10.138.215.250 from 10.138.215.250 ens3
Sent 3 probes (3 broadcast(s))
Received 0 response(s)
[tcp-client] Starting on edge-node-1...
[tcp-client] Waiting for established TCP connection...
✓ TCP client connected (PID: 108825)
[tcp-client] Logs: multipass exec edge-node-1 -- tail -f /home/ubuntu/tcp_client.out
[exit=0]

$ python3 /home/ivo/Evaluation-of-Live-Migration-Strategies-at-the-Edge/Network-live-migration/scripts/orchestrators/tcp_client_benchmark.py postcopy --source edge-node-1 --dest edge-node-2 --server edge-host-1 --transfer-mode direct --run-id 05-05-2026-direct-postcopy-0021 --csv /home/ivo/Evaluation-of-Live-Migration-Strategies-at-the-Edge/Network-live-migration/metrics/migration_metrics.csv --profile-name 4_Starlink --page-server-port 9999
[07:24:03] === TCP CLIENT MIGRATION ===
[07:24:03] Run ID: 05-05-2026-direct-postcopy-0021
[07:24:03] Source: edge-node-1, Dest: edge-node-2
[07:24:03] Server: edge-host-1
[07:24:03] Transfer mode: direct

[07:24:03] === TCP CLIENT POST-COPY (LAZY-PAGES) MIGRATION ===
[07:24:03] Step 1: Checking source client process...
[07:24:03]   Using PID from /home/ubuntu/tcp_client.pid: 108825
[07:24:04]   Server connections so far: 1
[07:24:05]   Page-server endpoint: 10.138.215.218:9999
[07:24:05] Step 2: Final dump (freezing client) with --lazy-pages...
[07:24:05]   Dump PID: 109349
[07:24:05]   Final dump time (freeze duration): 709 ms
[07:24:05] Step 2.5: Moving VIP to destination...
[07:24:06]   Moving VIP 10.138.215.250 from edge-node-1:ens3 -> edge-node-2:ens3
[07:24:11] Step 3: Creating archive...
[07:24:12] Step 4: Transferring archive...
[07:24:12]   Setting up direct SSH trust...
Setting up SSH trust: edge-node-1 → ubuntu@10.138.215.137
  Adding public key to destination's authorized_keys...
  Testing SSH connectivity...
  ✓ SSH trust ready
Setting up SSH trust: edge-node-1 → ubuntu@10.138.215.137
  Adding public key to destination's authorized_keys...
  Testing SSH connectivity...
  ✓ SSH trust ready
  Transferring /home/ubuntu/CRIU-tcp-client.tar.gz via SCP...
[07:24:20] Step 5: Unpacking on destination...
[07:24:21] Step 6: Starting lazy-pages daemon on destination...
[07:24:22] Step 7: Restoring client...
[07:24:23] Step 8: Verifying connection continuity...
[07:24:26]   Client output (tail): PP 5 -> 5
[07:24:27]   Server connections so far: 1
[07:24:27] ✓ SUCCESS: Client restored and TCP socket appears established
[07:24:28] Metrics saved to /home/ivo/Evaluation-of-Live-Migration-Strategies-at-the-Edge/Network-live-migration/metrics/migration_metrics.csv
[exit=0]

$ python3 /home/ivo/Evaluation-of-Live-Migration-Strategies-at-the-Edge/Network-live-migration/scripts/setup/reset_nodes.py edge-node-1 edge-node-2 edge-host-1 10.138.215.250
[07:24:28] Resetting nodes: edge-node-1 -> edge-node-2 (server: edge-host-1, vip: 10.138.215.250)
[07:24:28] Step 1: Killing any existing processes on source...
[07:24:28]   Killing PID 108825 (from /home/ubuntu/tcp_client.pid)
[07:24:29]   Killing PID 108825 (from /home/ubuntu/client.pid)
[07:24:30]   Killing any remaining background processes...
[07:24:31] Step 2: Cleaning source node...
[07:24:33] Step 3: Cleaning destination node...
[07:24:34]   Killing PID 108825 on destination (from /home/ubuntu/tcp_client.pid)
[07:24:35]   Killing PID 108825 on destination (from /home/ubuntu/client.pid)
[07:24:35]   Killing all remaining TCP processes on destination...
[07:24:38] Step 4: Cleaning server node (edge-host-1)...
[07:24:38]   Killing PID 635378 on server (from /home/ubuntu/tcp_server.pid)
[07:24:41] ✓ Reset complete, nodes are clean
[07:24:41]   Next: Start your application
[exit=0]

$ bash /home/ivo/Evaluation-of-Live-Migration-Strategies-at-the-Edge/Network-live-migration/scripts/workloads/start_tcp_server.sh edge-host-1 5000
[tcp-server] Ensuring tcp-howto binary on edge-host-1...
[tcp-server] Reusing existing /tmp/tcp-howto on edge-host-1
[tcp-server] Starting on edge-host-1 (port 5000)...
[tcp-server] Waiting for listen...
✓ TCP server listening on edge-host-1:5000
[tcp-server] Logs: multipass exec edge-host-1 -- tail -f /home/ubuntu/tcp_server.out
[exit=0]

$ bash /home/ivo/Evaluation-of-Live-Migration-Strategies-at-the-Edge/Network-live-migration/scripts/workloads/start_tcp_client.sh edge-node-1 edge-host-1 5000
[tcp-client] Server endpoint: 10.138.215.36:5000
[tcp-client] Client VIP: 10.138.215.250
[tcp-client] Ensuring tcp-howto binary on edge-node-1...
[tcp-client] Reusing existing /tmp/tcp-howto on edge-node-1
[tcp-client] Ensuring VIP 10.138.215.250 is present on edge-node-1...
ARPING 10.138.215.250 from 10.138.215.250 ens3
Sent 3 probes (3 broadcast(s))
Received 0 response(s)
[tcp-client] Starting on edge-node-1...
[tcp-client] Waiting for established TCP connection...
✓ TCP client connected (PID: 110987)
[tcp-client] Logs: multipass exec edge-node-1 -- tail -f /home/ubuntu/tcp_client.out
[exit=0]

$ python3 /home/ivo/Evaluation-of-Live-Migration-Strategies-at-the-Edge/Network-live-migration/scripts/orchestrators/tcp_client_benchmark.py postcopy --source edge-node-1 --dest edge-node-2 --server edge-host-1 --transfer-mode direct --run-id 05-05-2026-direct-postcopy-0022 --csv /home/ivo/Evaluation-of-Live-Migration-Strategies-at-the-Edge/Network-live-migration/metrics/migration_metrics.csv --profile-name 4_Starlink --page-server-port 9999
[07:24:49] === TCP CLIENT MIGRATION ===
[07:24:49] Run ID: 05-05-2026-direct-postcopy-0022
[07:24:49] Source: edge-node-1, Dest: edge-node-2
[07:24:49] Server: edge-host-1
[07:24:49] Transfer mode: direct

[07:24:49] === TCP CLIENT POST-COPY (LAZY-PAGES) MIGRATION ===
[07:24:49] Step 1: Checking source client process...
[07:24:49]   Using PID from /home/ubuntu/tcp_client.pid: 110987
[07:24:50]   Server connections so far: 1
[07:24:51]   Page-server endpoint: 10.138.215.218:9999
[07:24:51] Step 2: Final dump (freezing client) with --lazy-pages...
[07:24:52]   Dump PID: 111519
[07:24:52]   Final dump time (freeze duration): 704 ms
[07:24:52] Step 2.5: Moving VIP to destination...
[07:24:52]   Moving VIP 10.138.215.250 from edge-node-1:ens3 -> edge-node-2:ens3
[07:24:58] Step 3: Creating archive...
[07:24:58] Step 4: Transferring archive...
[07:24:58]   Setting up direct SSH trust...
Setting up SSH trust: edge-node-1 → ubuntu@10.138.215.137
  Adding public key to destination's authorized_keys...
  Testing SSH connectivity...
  ✓ SSH trust ready
Setting up SSH trust: edge-node-1 → ubuntu@10.138.215.137
  Adding public key to destination's authorized_keys...
  Testing SSH connectivity...
  ✓ SSH trust ready
  Transferring /home/ubuntu/CRIU-tcp-client.tar.gz via SCP...
[07:25:08] Step 5: Unpacking on destination...
[07:25:08] Step 6: Starting lazy-pages daemon on destination...
[07:25:09] Step 7: Restoring client...
[07:25:10] Step 8: Verifying connection continuity...
[07:25:13]   Client output (tail): PP 5 -> 5
[07:25:14]   Server connections so far: 1
[07:25:14] ✓ SUCCESS: Client restored and TCP socket appears established
[07:25:15] Metrics saved to /home/ivo/Evaluation-of-Live-Migration-Strategies-at-the-Edge/Network-live-migration/metrics/migration_metrics.csv
[exit=0]

$ python3 /home/ivo/Evaluation-of-Live-Migration-Strategies-at-the-Edge/Network-live-migration/scripts/setup/reset_nodes.py edge-node-1 edge-node-2 edge-host-1 10.138.215.250
[07:25:15] Resetting nodes: edge-node-1 -> edge-node-2 (server: edge-host-1, vip: 10.138.215.250)
[07:25:15] Step 1: Killing any existing processes on source...
[07:25:15]   Killing PID 110987 (from /home/ubuntu/tcp_client.pid)
[07:25:16]   Killing PID 110987 (from /home/ubuntu/client.pid)
[07:25:17]   Killing any remaining background processes...
[07:25:18] Step 2: Cleaning source node...
[07:25:20] Step 3: Cleaning destination node...
[07:25:20]   Killing PID 110987 on destination (from /home/ubuntu/tcp_client.pid)
[07:25:21]   Killing PID 110987 on destination (from /home/ubuntu/client.pid)
[07:25:21]   Killing all remaining TCP processes on destination...
[07:25:24] Step 4: Cleaning server node (edge-host-1)...
[07:25:25]   Killing PID 636437 on server (from /home/ubuntu/tcp_server.pid)
[07:25:27] ✓ Reset complete, nodes are clean
[07:25:27]   Next: Start your application
[exit=0]

$ bash /home/ivo/Evaluation-of-Live-Migration-Strategies-at-the-Edge/Network-live-migration/scripts/workloads/start_tcp_server.sh edge-host-1 5000
[tcp-server] Ensuring tcp-howto binary on edge-host-1...
[tcp-server] Reusing existing /tmp/tcp-howto on edge-host-1
[tcp-server] Starting on edge-host-1 (port 5000)...
[tcp-server] Waiting for listen...
✓ TCP server listening on edge-host-1:5000
[tcp-server] Logs: multipass exec edge-host-1 -- tail -f /home/ubuntu/tcp_server.out
[exit=0]

$ bash /home/ivo/Evaluation-of-Live-Migration-Strategies-at-the-Edge/Network-live-migration/scripts/workloads/start_tcp_client.sh edge-node-1 edge-host-1 5000
[tcp-client] Server endpoint: 10.138.215.36:5000
[tcp-client] Client VIP: 10.138.215.250
[tcp-client] Ensuring tcp-howto binary on edge-node-1...
[tcp-client] Reusing existing /tmp/tcp-howto on edge-node-1
[tcp-client] Ensuring VIP 10.138.215.250 is present on edge-node-1...
ARPING 10.138.215.250 from 10.138.215.250 ens3
Sent 3 probes (3 broadcast(s))
Received 0 response(s)
[tcp-client] Starting on edge-node-1...
[tcp-client] Waiting for established TCP connection...
✓ TCP client connected (PID: 113159)
[tcp-client] Logs: multipass exec edge-node-1 -- tail -f /home/ubuntu/tcp_client.out
[exit=0]

$ python3 /home/ivo/Evaluation-of-Live-Migration-Strategies-at-the-Edge/Network-live-migration/scripts/orchestrators/tcp_client_benchmark.py postcopy --source edge-node-1 --dest edge-node-2 --server edge-host-1 --transfer-mode direct --run-id 05-05-2026-direct-postcopy-0023 --csv /home/ivo/Evaluation-of-Live-Migration-Strategies-at-the-Edge/Network-live-migration/metrics/migration_metrics.csv --profile-name 4_Starlink --page-server-port 9999
[07:25:36] === TCP CLIENT MIGRATION ===
[07:25:36] Run ID: 05-05-2026-direct-postcopy-0023
[07:25:36] Source: edge-node-1, Dest: edge-node-2
[07:25:36] Server: edge-host-1
[07:25:36] Transfer mode: direct

[07:25:36] === TCP CLIENT POST-COPY (LAZY-PAGES) MIGRATION ===
[07:25:36] Step 1: Checking source client process...
[07:25:36]   Using PID from /home/ubuntu/tcp_client.pid: 113159
[07:25:37]   Server connections so far: 1
[07:25:38]   Page-server endpoint: 10.138.215.218:9999
[07:25:38] Step 2: Final dump (freezing client) with --lazy-pages...
[07:25:38]   Dump PID: 113683
[07:25:39]   Final dump time (freeze duration): 774 ms
[07:25:39] Step 2.5: Moving VIP to destination...
[07:25:39]   Moving VIP 10.138.215.250 from edge-node-1:ens3 -> edge-node-2:ens3
[07:25:44] Step 3: Creating archive...
[07:25:45] Step 4: Transferring archive...
[07:25:45]   Setting up direct SSH trust...
Setting up SSH trust: edge-node-1 → ubuntu@10.138.215.137
  Adding public key to destination's authorized_keys...
  Testing SSH connectivity...
  ✓ SSH trust ready
Setting up SSH trust: edge-node-1 → ubuntu@10.138.215.137
  Adding public key to destination's authorized_keys...
  Testing SSH connectivity...
  ✓ SSH trust ready
  Transferring /home/ubuntu/CRIU-tcp-client.tar.gz via SCP...
[07:25:54] Step 5: Unpacking on destination...
[07:25:55] Step 6: Starting lazy-pages daemon on destination...
[07:25:55] Step 7: Restoring client...
[07:25:56] Step 8: Verifying connection continuity...
[07:25:59]   Client output (tail): PP 5 -> 5
[07:26:00]   Server connections so far: 1
[07:26:00] ✓ SUCCESS: Client restored and TCP socket appears established
[07:26:01] Metrics saved to /home/ivo/Evaluation-of-Live-Migration-Strategies-at-the-Edge/Network-live-migration/metrics/migration_metrics.csv
[exit=0]

$ python3 /home/ivo/Evaluation-of-Live-Migration-Strategies-at-the-Edge/Network-live-migration/scripts/setup/reset_nodes.py edge-node-1 edge-node-2 edge-host-1 10.138.215.250
[07:26:02] Resetting nodes: edge-node-1 -> edge-node-2 (server: edge-host-1, vip: 10.138.215.250)
[07:26:02] Step 1: Killing any existing processes on source...
[07:26:02]   Killing PID 113159 (from /home/ubuntu/tcp_client.pid)
[07:26:03]   Killing PID 113159 (from /home/ubuntu/client.pid)
[07:26:03]   Killing any remaining background processes...
[07:26:05] Step 2: Cleaning source node...
[07:26:06] Step 3: Cleaning destination node...
[07:26:07]   Killing PID 113159 on destination (from /home/ubuntu/tcp_client.pid)
[07:26:07]   Killing PID 113159 on destination (from /home/ubuntu/client.pid)
[07:26:08]   Killing all remaining TCP processes on destination...
[07:26:11] Step 4: Cleaning server node (edge-host-1)...
[07:26:11]   Killing PID 637502 on server (from /home/ubuntu/tcp_server.pid)
[07:26:13] ✓ Reset complete, nodes are clean
[07:26:13]   Next: Start your application
[exit=0]

$ bash /home/ivo/Evaluation-of-Live-Migration-Strategies-at-the-Edge/Network-live-migration/scripts/workloads/start_tcp_server.sh edge-host-1 5000
[tcp-server] Ensuring tcp-howto binary on edge-host-1...
[tcp-server] Reusing existing /tmp/tcp-howto on edge-host-1
[tcp-server] Starting on edge-host-1 (port 5000)...
[tcp-server] Waiting for listen...
✓ TCP server listening on edge-host-1:5000
[tcp-server] Logs: multipass exec edge-host-1 -- tail -f /home/ubuntu/tcp_server.out
[exit=0]

$ bash /home/ivo/Evaluation-of-Live-Migration-Strategies-at-the-Edge/Network-live-migration/scripts/workloads/start_tcp_client.sh edge-node-1 edge-host-1 5000
[tcp-client] Server endpoint: 10.138.215.36:5000
[tcp-client] Client VIP: 10.138.215.250
[tcp-client] Ensuring tcp-howto binary on edge-node-1...
[tcp-client] Reusing existing /tmp/tcp-howto on edge-node-1
[tcp-client] Ensuring VIP 10.138.215.250 is present on edge-node-1...
ARPING 10.138.215.250 from 10.138.215.250 ens3
Sent 3 probes (3 broadcast(s))
Received 0 response(s)
[tcp-client] Starting on edge-node-1...
[tcp-client] Waiting for established TCP connection...
✓ TCP client connected (PID: 115569)
[tcp-client] Logs: multipass exec edge-node-1 -- tail -f /home/ubuntu/tcp_client.out
[exit=0]

$ python3 /home/ivo/Evaluation-of-Live-Migration-Strategies-at-the-Edge/Network-live-migration/scripts/orchestrators/tcp_client_benchmark.py postcopy --source edge-node-1 --dest edge-node-2 --server edge-host-1 --transfer-mode direct --run-id 05-05-2026-direct-postcopy-0024 --csv /home/ivo/Evaluation-of-Live-Migration-Strategies-at-the-Edge/Network-live-migration/metrics/migration_metrics.csv --profile-name 4_Starlink --page-server-port 9999
[07:26:22] === TCP CLIENT MIGRATION ===
[07:26:22] Run ID: 05-05-2026-direct-postcopy-0024
[07:26:22] Source: edge-node-1, Dest: edge-node-2
[07:26:22] Server: edge-host-1
[07:26:22] Transfer mode: direct

[07:26:22] === TCP CLIENT POST-COPY (LAZY-PAGES) MIGRATION ===
[07:26:22] Step 1: Checking source client process...
[07:26:22]   Using PID from /home/ubuntu/tcp_client.pid: 115569
[07:26:23]   Server connections so far: 1
[07:26:24]   Page-server endpoint: 10.138.215.218:9999
[07:26:24] Step 2: Final dump (freezing client) with --lazy-pages...
[07:26:24]   Dump PID: 116101
[07:26:25]   Final dump time (freeze duration): 725 ms
[07:26:25] Step 2.5: Moving VIP to destination...
[07:26:25]   Moving VIP 10.138.215.250 from edge-node-1:ens3 -> edge-node-2:ens3
[07:26:30] Step 3: Creating archive...
[07:26:31] Step 4: Transferring archive...
[07:26:31]   Setting up direct SSH trust...
Setting up SSH trust: edge-node-1 → ubuntu@10.138.215.137
  Adding public key to destination's authorized_keys...
  Testing SSH connectivity...
  ✓ SSH trust ready
Setting up SSH trust: edge-node-1 → ubuntu@10.138.215.137
  Adding public key to destination's authorized_keys...
  Testing SSH connectivity...
  ✓ SSH trust ready
  Transferring /home/ubuntu/CRIU-tcp-client.tar.gz via SCP...
[07:26:40] Step 5: Unpacking on destination...
[07:26:41] Step 6: Starting lazy-pages daemon on destination...
[07:26:41] Step 7: Restoring client...
[07:26:42] Step 8: Verifying connection continuity...
[07:26:45]   Client output (tail): PP 5 -> 5
[07:26:46]   Server connections so far: 1
[07:26:46] ✓ SUCCESS: Client restored and TCP socket appears established
[07:26:47] Metrics saved to /home/ivo/Evaluation-of-Live-Migration-Strategies-at-the-Edge/Network-live-migration/metrics/migration_metrics.csv
[exit=0]

$ python3 /home/ivo/Evaluation-of-Live-Migration-Strategies-at-the-Edge/Network-live-migration/scripts/setup/reset_nodes.py edge-node-1 edge-node-2 edge-host-1 10.138.215.250
[07:26:47] Resetting nodes: edge-node-1 -> edge-node-2 (server: edge-host-1, vip: 10.138.215.250)
[07:26:47] Step 1: Killing any existing processes on source...
[07:26:48]   Killing PID 115569 (from /home/ubuntu/tcp_client.pid)
[07:26:48]   Killing PID 115569 (from /home/ubuntu/client.pid)
[07:26:49]   Killing any remaining background processes...
[07:26:50] Step 2: Cleaning source node...
[07:26:52] Step 3: Cleaning destination node...
[07:26:52]   Killing PID 115569 on destination (from /home/ubuntu/tcp_client.pid)
[07:26:53]   Killing PID 115569 on destination (from /home/ubuntu/client.pid)
[07:26:53]   Killing all remaining TCP processes on destination...
[07:26:56] Step 4: Cleaning server node (edge-host-1)...
[07:26:57]   Killing PID 638569 on server (from /home/ubuntu/tcp_server.pid)
[07:26:59] ✓ Reset complete, nodes are clean
[07:26:59]   Next: Start your application
[exit=0]

$ bash /home/ivo/Evaluation-of-Live-Migration-Strategies-at-the-Edge/Network-live-migration/scripts/workloads/start_tcp_server.sh edge-host-1 5000
[tcp-server] Ensuring tcp-howto binary on edge-host-1...
[tcp-server] Reusing existing /tmp/tcp-howto on edge-host-1
[tcp-server] Starting on edge-host-1 (port 5000)...
[tcp-server] Waiting for listen...
✓ TCP server listening on edge-host-1:5000
[tcp-server] Logs: multipass exec edge-host-1 -- tail -f /home/ubuntu/tcp_server.out
[exit=0]

$ bash /home/ivo/Evaluation-of-Live-Migration-Strategies-at-the-Edge/Network-live-migration/scripts/workloads/start_tcp_client.sh edge-node-1 edge-host-1 5000
[tcp-client] Server endpoint: 10.138.215.36:5000
[tcp-client] Client VIP: 10.138.215.250
[tcp-client] Ensuring tcp-howto binary on edge-node-1...
[tcp-client] Reusing existing /tmp/tcp-howto on edge-node-1
[tcp-client] Ensuring VIP 10.138.215.250 is present on edge-node-1...
ARPING 10.138.215.250 from 10.138.215.250 ens3
Sent 3 probes (3 broadcast(s))
Received 0 response(s)
[tcp-client] Starting on edge-node-1...
[tcp-client] Waiting for established TCP connection...
✓ TCP client connected (PID: 117740)
[tcp-client] Logs: multipass exec edge-node-1 -- tail -f /home/ubuntu/tcp_client.out
[exit=0]

$ python3 /home/ivo/Evaluation-of-Live-Migration-Strategies-at-the-Edge/Network-live-migration/scripts/orchestrators/tcp_client_benchmark.py postcopy --source edge-node-1 --dest edge-node-2 --server edge-host-1 --transfer-mode direct --run-id 05-05-2026-direct-postcopy-0025 --csv /home/ivo/Evaluation-of-Live-Migration-Strategies-at-the-Edge/Network-live-migration/metrics/migration_metrics.csv --profile-name 4_Starlink --page-server-port 9999
[07:27:08] === TCP CLIENT MIGRATION ===
[07:27:08] Run ID: 05-05-2026-direct-postcopy-0025
[07:27:08] Source: edge-node-1, Dest: edge-node-2
[07:27:08] Server: edge-host-1
[07:27:08] Transfer mode: direct

[07:27:08] === TCP CLIENT POST-COPY (LAZY-PAGES) MIGRATION ===
[07:27:08] Step 1: Checking source client process...
[07:27:08]   Using PID from /home/ubuntu/tcp_client.pid: 117740
[07:27:09]   Server connections so far: 1
[07:27:10]   Page-server endpoint: 10.138.215.218:9999
[07:27:10] Step 2: Final dump (freezing client) with --lazy-pages...
[07:27:10]   Dump PID: 118264
[07:27:11]   Final dump time (freeze duration): 741 ms
[07:27:11] Step 2.5: Moving VIP to destination...
[07:27:11]   Moving VIP 10.138.215.250 from edge-node-1:ens3 -> edge-node-2:ens3
[07:27:16] Step 3: Creating archive...
[07:27:17] Step 4: Transferring archive...
[07:27:17]   Setting up direct SSH trust...
Setting up SSH trust: edge-node-1 → ubuntu@10.138.215.137
  Adding public key to destination's authorized_keys...
  Testing SSH connectivity...
  ✓ SSH trust ready
Setting up SSH trust: edge-node-1 → ubuntu@10.138.215.137
  Adding public key to destination's authorized_keys...
  Testing SSH connectivity...
  ✓ SSH trust ready
  Transferring /home/ubuntu/CRIU-tcp-client.tar.gz via SCP...
[07:27:25] Step 5: Unpacking on destination...
[07:27:26] Step 6: Starting lazy-pages daemon on destination...
[07:27:27] Step 7: Restoring client...
[07:27:28] Step 8: Verifying connection continuity...
[07:27:31]   Client output (tail): PP 5 -> 5
[07:27:32]   Server connections so far: 1
[07:27:32] ✓ SUCCESS: Client restored and TCP socket appears established
[07:27:33] Metrics saved to /home/ivo/Evaluation-of-Live-Migration-Strategies-at-the-Edge/Network-live-migration/metrics/migration_metrics.csv
[exit=0]

$ python3 /home/ivo/Evaluation-of-Live-Migration-Strategies-at-the-Edge/Network-live-migration/scripts/setup/reset_nodes.py edge-node-1 edge-node-2 edge-host-1 10.138.215.250
[07:27:33] Resetting nodes: edge-node-1 -> edge-node-2 (server: edge-host-1, vip: 10.138.215.250)
[07:27:33] Step 1: Killing any existing processes on source...
[07:27:33]   Killing PID 117740 (from /home/ubuntu/tcp_client.pid)
[07:27:34]   Killing PID 117740 (from /home/ubuntu/client.pid)
[07:27:35]   Killing any remaining background processes...
[07:27:36] Step 2: Cleaning source node...
[07:27:38] Step 3: Cleaning destination node...
[07:27:39]   Killing PID 117740 on destination (from /home/ubuntu/tcp_client.pid)
[07:27:39]   Killing PID 117740 on destination (from /home/ubuntu/client.pid)
[07:27:40]   Killing all remaining TCP processes on destination...
[07:27:43] Step 4: Cleaning server node (edge-host-1)...
[07:27:43]   Killing PID 639617 on server (from /home/ubuntu/tcp_server.pid)
[07:27:45] ✓ Reset complete, nodes are clean
[07:27:45]   Next: Start your application
[exit=0]

$ bash /home/ivo/Evaluation-of-Live-Migration-Strategies-at-the-Edge/Network-live-migration/scripts/workloads/start_tcp_server.sh edge-host-1 5000
[tcp-server] Ensuring tcp-howto binary on edge-host-1...
[tcp-server] Reusing existing /tmp/tcp-howto on edge-host-1
[tcp-server] Starting on edge-host-1 (port 5000)...
[tcp-server] Waiting for listen...
✓ TCP server listening on edge-host-1:5000
[tcp-server] Logs: multipass exec edge-host-1 -- tail -f /home/ubuntu/tcp_server.out
[exit=0]

$ bash /home/ivo/Evaluation-of-Live-Migration-Strategies-at-the-Edge/Network-live-migration/scripts/workloads/start_tcp_client.sh edge-node-1 edge-host-1 5000
[tcp-client] Server endpoint: 10.138.215.36:5000
[tcp-client] Client VIP: 10.138.215.250
[tcp-client] Ensuring tcp-howto binary on edge-node-1...
[tcp-client] Reusing existing /tmp/tcp-howto on edge-node-1
[tcp-client] Ensuring VIP 10.138.215.250 is present on edge-node-1...
ARPING 10.138.215.250 from 10.138.215.250 ens3
Sent 3 probes (3 broadcast(s))
Received 0 response(s)
[tcp-client] Starting on edge-node-1...
[tcp-client] Waiting for established TCP connection...
✓ TCP client connected (PID: 119916)
[tcp-client] Logs: multipass exec edge-node-1 -- tail -f /home/ubuntu/tcp_client.out
[exit=0]

$ python3 /home/ivo/Evaluation-of-Live-Migration-Strategies-at-the-Edge/Network-live-migration/scripts/orchestrators/tcp_client_benchmark.py postcopy --source edge-node-1 --dest edge-node-2 --server edge-host-1 --transfer-mode direct --run-id 05-05-2026-direct-postcopy-0026 --csv /home/ivo/Evaluation-of-Live-Migration-Strategies-at-the-Edge/Network-live-migration/metrics/migration_metrics.csv --profile-name 4_Starlink --page-server-port 9999
[07:27:53] === TCP CLIENT MIGRATION ===
[07:27:53] Run ID: 05-05-2026-direct-postcopy-0026
[07:27:53] Source: edge-node-1, Dest: edge-node-2
[07:27:53] Server: edge-host-1
[07:27:53] Transfer mode: direct

[07:27:53] === TCP CLIENT POST-COPY (LAZY-PAGES) MIGRATION ===
[07:27:53] Step 1: Checking source client process...
[07:27:54]   Using PID from /home/ubuntu/tcp_client.pid: 119916
[07:27:55]   Server connections so far: 1
[07:27:56]   Page-server endpoint: 10.138.215.218:9999
[07:27:56] Step 2: Final dump (freezing client) with --lazy-pages...
[07:27:56]   Dump PID: 120449
[07:27:56]   Final dump time (freeze duration): 751 ms
[07:27:56] Step 2.5: Moving VIP to destination...
[07:27:57]   Moving VIP 10.138.215.250 from edge-node-1:ens3 -> edge-node-2:ens3
[07:28:02] Step 3: Creating archive...
[07:28:03] Step 4: Transferring archive...
[07:28:03]   Setting up direct SSH trust...
Setting up SSH trust: edge-node-1 → ubuntu@10.138.215.137
  Adding public key to destination's authorized_keys...
  Testing SSH connectivity...
  ✓ SSH trust ready
Setting up SSH trust: edge-node-1 → ubuntu@10.138.215.137
  Adding public key to destination's authorized_keys...
  Testing SSH connectivity...
  ✓ SSH trust ready
  Transferring /home/ubuntu/CRIU-tcp-client.tar.gz via SCP...
[07:28:11] Step 5: Unpacking on destination...
[07:28:12] Step 6: Starting lazy-pages daemon on destination...
[07:28:13] Step 7: Restoring client...
[07:28:14] Step 8: Verifying connection continuity...
[07:28:17]   Client output (tail): PP 5 -> 5
[07:28:18]   Server connections so far: 1
[07:28:18] ✓ SUCCESS: Client restored and TCP socket appears established
[07:28:19] Metrics saved to /home/ivo/Evaluation-of-Live-Migration-Strategies-at-the-Edge/Network-live-migration/metrics/migration_metrics.csv
[exit=0]

$ python3 /home/ivo/Evaluation-of-Live-Migration-Strategies-at-the-Edge/Network-live-migration/scripts/setup/reset_nodes.py edge-node-1 edge-node-2 edge-host-1 10.138.215.250
[07:28:19] Resetting nodes: edge-node-1 -> edge-node-2 (server: edge-host-1, vip: 10.138.215.250)
[07:28:19] Step 1: Killing any existing processes on source...
[07:28:19]   Killing PID 119916 (from /home/ubuntu/tcp_client.pid)
[07:28:20]   Killing PID 119916 (from /home/ubuntu/client.pid)
[07:28:21]   Killing any remaining background processes...
[07:28:22] Step 2: Cleaning source node...
[07:28:24] Step 3: Cleaning destination node...
[07:28:24]   Killing PID 119916 on destination (from /home/ubuntu/tcp_client.pid)
[07:28:25]   Killing PID 119916 on destination (from /home/ubuntu/client.pid)
[07:28:25]   Killing all remaining TCP processes on destination...
[07:28:28] Step 4: Cleaning server node (edge-host-1)...
[07:28:29]   Killing PID 640683 on server (from /home/ubuntu/tcp_server.pid)
[07:28:31] ✓ Reset complete, nodes are clean
[07:28:31]   Next: Start your application
[exit=0]

$ bash /home/ivo/Evaluation-of-Live-Migration-Strategies-at-the-Edge/Network-live-migration/scripts/workloads/start_tcp_server.sh edge-host-1 5000
[tcp-server] Ensuring tcp-howto binary on edge-host-1...
[tcp-server] Reusing existing /tmp/tcp-howto on edge-host-1
[tcp-server] Starting on edge-host-1 (port 5000)...
[tcp-server] Waiting for listen...
✓ TCP server listening on edge-host-1:5000
[tcp-server] Logs: multipass exec edge-host-1 -- tail -f /home/ubuntu/tcp_server.out
[exit=0]

$ bash /home/ivo/Evaluation-of-Live-Migration-Strategies-at-the-Edge/Network-live-migration/scripts/workloads/start_tcp_client.sh edge-node-1 edge-host-1 5000
[tcp-client] Server endpoint: 10.138.215.36:5000
[tcp-client] Client VIP: 10.138.215.250
[tcp-client] Ensuring tcp-howto binary on edge-node-1...
[tcp-client] Reusing existing /tmp/tcp-howto on edge-node-1
[tcp-client] Ensuring VIP 10.138.215.250 is present on edge-node-1...
ARPING 10.138.215.250 from 10.138.215.250 ens3
Sent 3 probes (3 broadcast(s))
Received 0 response(s)
[tcp-client] Starting on edge-node-1...
[tcp-client] Waiting for established TCP connection...
✓ TCP client connected (PID: 122117)
[tcp-client] Logs: multipass exec edge-node-1 -- tail -f /home/ubuntu/tcp_client.out
[exit=0]

$ python3 /home/ivo/Evaluation-of-Live-Migration-Strategies-at-the-Edge/Network-live-migration/scripts/orchestrators/tcp_client_benchmark.py postcopy --source edge-node-1 --dest edge-node-2 --server edge-host-1 --transfer-mode direct --run-id 05-05-2026-direct-postcopy-0027 --csv /home/ivo/Evaluation-of-Live-Migration-Strategies-at-the-Edge/Network-live-migration/metrics/migration_metrics.csv --profile-name 4_Starlink --page-server-port 9999
[07:28:40] === TCP CLIENT MIGRATION ===
[07:28:40] Run ID: 05-05-2026-direct-postcopy-0027
[07:28:40] Source: edge-node-1, Dest: edge-node-2
[07:28:40] Server: edge-host-1
[07:28:40] Transfer mode: direct

[07:28:40] === TCP CLIENT POST-COPY (LAZY-PAGES) MIGRATION ===
[07:28:40] Step 1: Checking source client process...
[07:28:41]   Using PID from /home/ubuntu/tcp_client.pid: 122117
[07:28:41]   Server connections so far: 1
[07:28:42]   Page-server endpoint: 10.138.215.218:9999
[07:28:42] Step 2: Final dump (freezing client) with --lazy-pages...
[07:28:43]   Dump PID: 122652
[07:28:43]   Final dump time (freeze duration): 726 ms
[07:28:43] Step 2.5: Moving VIP to destination...
[07:28:44]   Moving VIP 10.138.215.250 from edge-node-1:ens3 -> edge-node-2:ens3
[07:28:48] Step 3: Creating archive...
[07:28:49] Step 4: Transferring archive...
[07:28:49]   Setting up direct SSH trust...
Setting up SSH trust: edge-node-1 → ubuntu@10.138.215.137
  Adding public key to destination's authorized_keys...
  Testing SSH connectivity...
  ✓ SSH trust ready
Setting up SSH trust: edge-node-1 → ubuntu@10.138.215.137
  Adding public key to destination's authorized_keys...
  Testing SSH connectivity...
  ✓ SSH trust ready
  Transferring /home/ubuntu/CRIU-tcp-client.tar.gz via SCP...
[07:28:58] Step 5: Unpacking on destination...
[07:28:58] Step 6: Starting lazy-pages daemon on destination...
[07:28:59] Step 7: Restoring client...
[07:29:00] Step 8: Verifying connection continuity...
[07:29:03]   Client output (tail): PP 5 -> 5
[07:29:04]   Server connections so far: 1
[07:29:04] ✓ SUCCESS: Client restored and TCP socket appears established
[07:29:05] Metrics saved to /home/ivo/Evaluation-of-Live-Migration-Strategies-at-the-Edge/Network-live-migration/metrics/migration_metrics.csv
[exit=0]

$ python3 /home/ivo/Evaluation-of-Live-Migration-Strategies-at-the-Edge/Network-live-migration/scripts/setup/reset_nodes.py edge-node-1 edge-node-2 edge-host-1 10.138.215.250
[07:29:05] Resetting nodes: edge-node-1 -> edge-node-2 (server: edge-host-1, vip: 10.138.215.250)
[07:29:05] Step 1: Killing any existing processes on source...
[07:29:06]   Killing PID 122117 (from /home/ubuntu/tcp_client.pid)
[07:29:06]   Killing PID 122117 (from /home/ubuntu/client.pid)
[07:29:07]   Killing any remaining background processes...
[07:29:08] Step 2: Cleaning source node...
[07:29:10] Step 3: Cleaning destination node...
[07:29:10]   Killing PID 122117 on destination (from /home/ubuntu/tcp_client.pid)
[07:29:11]   Killing PID 122117 on destination (from /home/ubuntu/client.pid)
[07:29:11]   Killing all remaining TCP processes on destination...
[07:29:15] Step 4: Cleaning server node (edge-host-1)...
[07:29:15]   Killing PID 641742 on server (from /home/ubuntu/tcp_server.pid)
[07:29:17] ✓ Reset complete, nodes are clean
[07:29:17]   Next: Start your application
[exit=0]

$ bash /home/ivo/Evaluation-of-Live-Migration-Strategies-at-the-Edge/Network-live-migration/scripts/workloads/start_tcp_server.sh edge-host-1 5000
[tcp-server] Ensuring tcp-howto binary on edge-host-1...
[tcp-server] Reusing existing /tmp/tcp-howto on edge-host-1
[tcp-server] Starting on edge-host-1 (port 5000)...
[tcp-server] Waiting for listen...
✓ TCP server listening on edge-host-1:5000
[tcp-server] Logs: multipass exec edge-host-1 -- tail -f /home/ubuntu/tcp_server.out
[exit=0]

$ bash /home/ivo/Evaluation-of-Live-Migration-Strategies-at-the-Edge/Network-live-migration/scripts/workloads/start_tcp_client.sh edge-node-1 edge-host-1 5000
[tcp-client] Server endpoint: 10.138.215.36:5000
[tcp-client] Client VIP: 10.138.215.250
[tcp-client] Ensuring tcp-howto binary on edge-node-1...
[tcp-client] Reusing existing /tmp/tcp-howto on edge-node-1
[tcp-client] Ensuring VIP 10.138.215.250 is present on edge-node-1...
ARPING 10.138.215.250 from 10.138.215.250 ens3
Sent 3 probes (3 broadcast(s))
Received 0 response(s)
[tcp-client] Starting on edge-node-1...
[tcp-client] Waiting for established TCP connection...
✓ TCP client connected (PID: 124311)
[tcp-client] Logs: multipass exec edge-node-1 -- tail -f /home/ubuntu/tcp_client.out
[exit=0]

$ python3 /home/ivo/Evaluation-of-Live-Migration-Strategies-at-the-Edge/Network-live-migration/scripts/orchestrators/tcp_client_benchmark.py postcopy --source edge-node-1 --dest edge-node-2 --server edge-host-1 --transfer-mode direct --run-id 05-05-2026-direct-postcopy-0028 --csv /home/ivo/Evaluation-of-Live-Migration-Strategies-at-the-Edge/Network-live-migration/metrics/migration_metrics.csv --profile-name 4_Starlink --page-server-port 9999
[07:29:25] === TCP CLIENT MIGRATION ===
[07:29:25] Run ID: 05-05-2026-direct-postcopy-0028
[07:29:25] Source: edge-node-1, Dest: edge-node-2
[07:29:25] Server: edge-host-1
[07:29:25] Transfer mode: direct

[07:29:25] === TCP CLIENT POST-COPY (LAZY-PAGES) MIGRATION ===
[07:29:25] Step 1: Checking source client process...
[07:29:26]   Using PID from /home/ubuntu/tcp_client.pid: 124311
[07:29:27]   Server connections so far: 1
[07:29:28]   Page-server endpoint: 10.138.215.218:9999
[07:29:28] Step 2: Final dump (freezing client) with --lazy-pages...
[07:29:28]   Dump PID: 124852
[07:29:28]   Final dump time (freeze duration): 725 ms
[07:29:28] Step 2.5: Moving VIP to destination...
[07:29:29]   Moving VIP 10.138.215.250 from edge-node-1:ens3 -> edge-node-2:ens3
[07:29:34] Step 3: Creating archive...
[07:29:34] Step 4: Transferring archive...
[07:29:34]   Setting up direct SSH trust...
Setting up SSH trust: edge-node-1 → ubuntu@10.138.215.137
  Adding public key to destination's authorized_keys...
  Testing SSH connectivity...
  ✓ SSH trust ready
Setting up SSH trust: edge-node-1 → ubuntu@10.138.215.137
  Adding public key to destination's authorized_keys...
  Testing SSH connectivity...
  ✓ SSH trust ready
  Transferring /home/ubuntu/CRIU-tcp-client.tar.gz via SCP...
[07:29:44] Step 5: Unpacking on destination...
[07:29:45] Step 6: Starting lazy-pages daemon on destination...
[07:29:46] Step 7: Restoring client...
[07:29:47] Step 8: Verifying connection continuity...
[07:29:50]   Client output (tail): PP 5 -> 5
[07:29:50]   Server connections so far: 1
[07:29:50] ✓ SUCCESS: Client restored and TCP socket appears established
[07:29:51] Metrics saved to /home/ivo/Evaluation-of-Live-Migration-Strategies-at-the-Edge/Network-live-migration/metrics/migration_metrics.csv
[exit=0]

$ python3 /home/ivo/Evaluation-of-Live-Migration-Strategies-at-the-Edge/Network-live-migration/scripts/setup/reset_nodes.py edge-node-1 edge-node-2 edge-host-1 10.138.215.250
[07:29:52] Resetting nodes: edge-node-1 -> edge-node-2 (server: edge-host-1, vip: 10.138.215.250)
[07:29:52] Step 1: Killing any existing processes on source...
[07:29:52]   Killing PID 124311 (from /home/ubuntu/tcp_client.pid)
[07:29:53]   Killing PID 124311 (from /home/ubuntu/client.pid)
[07:29:53]   Killing any remaining background processes...
[07:29:55] Step 2: Cleaning source node...
[07:29:56] Step 3: Cleaning destination node...
[07:29:56]   Killing PID 124311 on destination (from /home/ubuntu/tcp_client.pid)
[07:29:57]   Killing PID 124311 on destination (from /home/ubuntu/client.pid)
[07:29:58]   Killing all remaining TCP processes on destination...
[07:30:01] Step 4: Cleaning server node (edge-host-1)...
[07:30:01]   Killing PID 642810 on server (from /home/ubuntu/tcp_server.pid)
[07:30:03] ✓ Reset complete, nodes are clean
[07:30:03]   Next: Start your application
[exit=0]

$ bash /home/ivo/Evaluation-of-Live-Migration-Strategies-at-the-Edge/Network-live-migration/scripts/workloads/start_tcp_server.sh edge-host-1 5000
[tcp-server] Ensuring tcp-howto binary on edge-host-1...
[tcp-server] Reusing existing /tmp/tcp-howto on edge-host-1
[tcp-server] Starting on edge-host-1 (port 5000)...
[tcp-server] Waiting for listen...
✓ TCP server listening on edge-host-1:5000
[tcp-server] Logs: multipass exec edge-host-1 -- tail -f /home/ubuntu/tcp_server.out
[exit=0]

$ bash /home/ivo/Evaluation-of-Live-Migration-Strategies-at-the-Edge/Network-live-migration/scripts/workloads/start_tcp_client.sh edge-node-1 edge-host-1 5000
[tcp-client] Server endpoint: 10.138.215.36:5000
[tcp-client] Client VIP: 10.138.215.250
[tcp-client] Ensuring tcp-howto binary on edge-node-1...
[tcp-client] Reusing existing /tmp/tcp-howto on edge-node-1
[tcp-client] Ensuring VIP 10.138.215.250 is present on edge-node-1...
ARPING 10.138.215.250 from 10.138.215.250 ens3
Sent 3 probes (3 broadcast(s))
Received 0 response(s)
[tcp-client] Starting on edge-node-1...
[tcp-client] Waiting for established TCP connection...
✓ TCP client connected (PID: 126526)
[tcp-client] Logs: multipass exec edge-node-1 -- tail -f /home/ubuntu/tcp_client.out
[exit=0]

$ python3 /home/ivo/Evaluation-of-Live-Migration-Strategies-at-the-Edge/Network-live-migration/scripts/orchestrators/tcp_client_benchmark.py postcopy --source edge-node-1 --dest edge-node-2 --server edge-host-1 --transfer-mode direct --run-id 05-05-2026-direct-postcopy-0029 --csv /home/ivo/Evaluation-of-Live-Migration-Strategies-at-the-Edge/Network-live-migration/metrics/migration_metrics.csv --profile-name 4_Starlink --page-server-port 9999
[07:30:12] === TCP CLIENT MIGRATION ===
[07:30:12] Run ID: 05-05-2026-direct-postcopy-0029
[07:30:12] Source: edge-node-1, Dest: edge-node-2
[07:30:12] Server: edge-host-1
[07:30:12] Transfer mode: direct

[07:30:12] === TCP CLIENT POST-COPY (LAZY-PAGES) MIGRATION ===
[07:30:12] Step 1: Checking source client process...
[07:30:12]   Using PID from /home/ubuntu/tcp_client.pid: 126526
[07:30:13]   Server connections so far: 1
[07:30:14]   Page-server endpoint: 10.138.215.218:9999
[07:30:14] Step 2: Final dump (freezing client) with --lazy-pages...
[07:30:15]   Dump PID: 127060
[07:30:15]   Final dump time (freeze duration): 784 ms
[07:30:15] Step 2.5: Moving VIP to destination...
[07:30:15]   Moving VIP 10.138.215.250 from edge-node-1:ens3 -> edge-node-2:ens3
[07:30:20] Step 3: Creating archive...
[07:30:21] Step 4: Transferring archive...
[07:30:21]   Setting up direct SSH trust...
Setting up SSH trust: edge-node-1 → ubuntu@10.138.215.137
  Adding public key to destination's authorized_keys...
  Testing SSH connectivity...
  ✓ SSH trust ready
Setting up SSH trust: edge-node-1 → ubuntu@10.138.215.137
  Adding public key to destination's authorized_keys...
  Testing SSH connectivity...
  ✓ SSH trust ready
  Transferring /home/ubuntu/CRIU-tcp-client.tar.gz via SCP...
[07:30:30] Step 5: Unpacking on destination...
[07:30:31] Step 6: Starting lazy-pages daemon on destination...
[07:30:32] Step 7: Restoring client...
[07:30:32] Step 8: Verifying connection continuity...
[07:30:36]   Client output (tail): PP 5 -> 5
[07:30:36]   Server connections so far: 1
[07:30:36] ✓ SUCCESS: Client restored and TCP socket appears established
[07:30:37] Metrics saved to /home/ivo/Evaluation-of-Live-Migration-Strategies-at-the-Edge/Network-live-migration/metrics/migration_metrics.csv
[exit=0]
