
$ python3 /home/ivo/Evaluation-of-Live-Migration-Strategies-at-the-Edge/Network-live-migration/scripts/setup/reset_nodes.py edge-node-1 edge-node-2 edge-host-1 10.138.215.250
[15:36:36] Resetting nodes: edge-node-1 -> edge-node-2 (server: edge-host-1, vip: 10.138.215.250)
[15:36:36] Step 1: Killing any existing processes on source...
[15:36:37]   Killing PID 147441 (from /home/ubuntu/tcp_client.pid)
[15:36:38]   Killing PID 147441 (from /home/ubuntu/client.pid)
[15:36:38]   Killing any remaining background processes...
[15:36:40] Step 2: Cleaning source node...
[15:36:41] Step 3: Cleaning destination node...
[15:36:42]   Killing PID 147441 on destination (from /home/ubuntu/tcp_client.pid)
[15:36:43]   Killing PID 147441 on destination (from /home/ubuntu/client.pid)
[15:36:43]   Killing all remaining TCP processes on destination...
[15:36:46] Step 4: Cleaning server node (edge-host-1)...
[15:36:47]   Killing PID 1056030 on server (from /home/ubuntu/tcp_server.pid)
[15:36:49] ✓ Reset complete, nodes are clean
[15:36:49]   Next: Start your application
[exit=0]

$ bash /home/ivo/Evaluation-of-Live-Migration-Strategies-at-the-Edge/Network-live-migration/scripts/workloads/start_tcp_server.sh edge-host-1 5000
[tcp-server] Ensuring tcp-howto binary on edge-host-1...
[tcp-server] Reusing existing /tmp/tcp-howto on edge-host-1
[tcp-server] Starting on edge-host-1 (port 5000)...
[tcp-server] Waiting for listen...
✓ TCP server listening on edge-host-1:5000
[tcp-server] Logs: multipass exec edge-host-1 -- tail -f /home/ubuntu/tcp_server.out
[exit=0]

$ bash /home/ivo/Evaluation-of-Live-Migration-Strategies-at-the-Edge/Network-live-migration/scripts/workloads/start_tcp_client.sh edge-node-1 edge-host-1 5000
[tcp-client] Server endpoint: 10.138.215.36:5000
[tcp-client] Client VIP: 10.138.215.250
[tcp-client] Ensuring tcp-howto binary on edge-node-1...
[tcp-client] Transferring tcp-howto.c to edge-node-1...
[tcp-client] Compiling on edge-node-1...
[tcp-client] Ensuring VIP 10.138.215.250 is present on edge-node-1...
ARPING 10.138.215.250 from 10.138.215.250 ens3
Sent 3 probes (3 broadcast(s))
Received 0 response(s)
[tcp-client] Starting on edge-node-1...
[tcp-client] Waiting for established TCP connection...
✓ TCP client connected (PID: 2952)
[tcp-client] Logs: multipass exec edge-node-1 -- tail -f /home/ubuntu/tcp_client.out
[exit=0]

$ python3 /home/ivo/Evaluation-of-Live-Migration-Strategies-at-the-Edge/Network-live-migration/scripts/orchestrators/tcp_client_benchmark.py cold --source edge-node-1 --dest edge-node-2 --server edge-host-1 --transfer-mode host --run-id 11-05-2026-host-cold-0010 --csv /home/ivo/Evaluation-of-Live-Migration-Strategies-at-the-Edge/Network-live-migration/metrics/migration_metrics.csv --profile-name 3_LTE --relay-node edge-host-1
[15:36:59] === TCP CLIENT MIGRATION ===
[15:36:59] Run ID: 11-05-2026-host-cold-0010
[15:36:59] Source: edge-node-1, Dest: edge-node-2
[15:36:59] Server: edge-host-1
[15:36:59] Transfer mode: host
[15:36:59] Relay node: edge-host-1

[15:36:59] === TCP CLIENT COLD MIGRATION ===
[15:36:59] Step 1: Checking source client process...
[15:36:59]   Using PID from /home/ubuntu/tcp_client.pid: 2952
[15:37:00]   Server connections so far: 1
[15:37:01] Step 2: Dumping client with CRIU (--tcp-established)...
[15:37:01] Step 2.5: Moving VIP to destination...
[15:37:02]   Moving VIP 10.138.215.250 from edge-node-1:ens3 -> edge-node-2:ens3
[15:37:07] Step 3: Creating archive...
[15:37:07] Step 4: Transferring archive...
  Transferring /home/ubuntu/CRIU-tcp-client.tar.gz via relay node edge-host-1...
Setting up SSH trust: edge-node-1 → ubuntu@10.138.215.36
  Adding public key to destination's authorized_keys...
  Testing SSH connectivity...
  ✓ SSH trust ready
Setting up SSH trust: edge-host-1 → ubuntu@10.138.215.137
  Adding public key to destination's authorized_keys...
  Testing SSH connectivity...
  ✓ SSH trust ready
[15:37:19] Step 5: Unpacking on destination...
[15:37:19] Step 6: Preparing restore environment...
[15:37:20]   /tmp/tcp-howto missing on destination, copying from source...
[15:37:20] Step 7: Restoring client with CRIU (--tcp-established)...
[15:37:21]   Restored PID: 2952
[15:37:21] Step 8: Verifying connection continuity...
[15:37:24]   Client output (tail): PP 5 -> 5
[15:37:25]   Server connections so far: 1
[15:37:25] ✓ SUCCESS: Client restored and TCP socket appears established
[15:37:25] Total downtime: 12291 ms
[15:37:25] Metrics saved to /home/ivo/Evaluation-of-Live-Migration-Strategies-at-the-Edge/Network-live-migration/metrics/migration_metrics.csv
[exit=0]

$ python3 /home/ivo/Evaluation-of-Live-Migration-Strategies-at-the-Edge/Network-live-migration/scripts/setup/reset_nodes.py edge-node-1 edge-node-2 edge-host-1 10.138.215.250
[15:37:25] Resetting nodes: edge-node-1 -> edge-node-2 (server: edge-host-1, vip: 10.138.215.250)
[15:37:25] Step 1: Killing any existing processes on source...
[15:37:26]   Killing PID 2952 (from /home/ubuntu/tcp_client.pid)
[15:37:26]   Killing PID 2952 (from /home/ubuntu/client.pid)
[15:37:27]   Killing any remaining background processes...
[15:37:28] Step 2: Cleaning source node...
[15:37:30] Step 3: Cleaning destination node...
[15:37:30]   Killing PID 2952 on destination (from /home/ubuntu/tcp_client.pid)
[15:37:31]   Killing PID 2952 on destination (from /home/ubuntu/client.pid)
[15:37:32]   Killing all remaining TCP processes on destination...
[15:37:35] Step 4: Cleaning server node (edge-host-1)...
[15:37:35]   Killing PID 1057664 on server (from /home/ubuntu/tcp_server.pid)
[15:37:37] ✓ Reset complete, nodes are clean
[15:37:37]   Next: Start your application
[exit=0]

$ bash /home/ivo/Evaluation-of-Live-Migration-Strategies-at-the-Edge/Network-live-migration/scripts/workloads/start_tcp_server.sh edge-host-1 5000
[tcp-server] Ensuring tcp-howto binary on edge-host-1...
[tcp-server] Reusing existing /tmp/tcp-howto on edge-host-1
[tcp-server] Starting on edge-host-1 (port 5000)...
[tcp-server] Waiting for listen...
✓ TCP server listening on edge-host-1:5000
[tcp-server] Logs: multipass exec edge-host-1 -- tail -f /home/ubuntu/tcp_server.out
[exit=0]

$ bash /home/ivo/Evaluation-of-Live-Migration-Strategies-at-the-Edge/Network-live-migration/scripts/workloads/start_tcp_client.sh edge-node-1 edge-host-1 5000
[tcp-client] Server endpoint: 10.138.215.36:5000
[tcp-client] Client VIP: 10.138.215.250
[tcp-client] Ensuring tcp-howto binary on edge-node-1...
[tcp-client] Reusing existing /tmp/tcp-howto on edge-node-1
[tcp-client] Ensuring VIP 10.138.215.250 is present on edge-node-1...
ARPING 10.138.215.250 from 10.138.215.250 ens3
Sent 3 probes (3 broadcast(s))
Received 0 response(s)
[tcp-client] Starting on edge-node-1...
[tcp-client] Waiting for established TCP connection...
✓ TCP client connected (PID: 4931)
[tcp-client] Logs: multipass exec edge-node-1 -- tail -f /home/ubuntu/tcp_client.out
[exit=0]

$ python3 /home/ivo/Evaluation-of-Live-Migration-Strategies-at-the-Edge/Network-live-migration/scripts/orchestrators/tcp_client_benchmark.py cold --source edge-node-1 --dest edge-node-2 --server edge-host-1 --transfer-mode host --run-id 11-05-2026-host-cold-0011 --csv /home/ivo/Evaluation-of-Live-Migration-Strategies-at-the-Edge/Network-live-migration/metrics/migration_metrics.csv --profile-name 3_LTE --relay-node edge-host-1
[15:37:46] === TCP CLIENT MIGRATION ===
[15:37:46] Run ID: 11-05-2026-host-cold-0011
[15:37:46] Source: edge-node-1, Dest: edge-node-2
[15:37:46] Server: edge-host-1
[15:37:46] Transfer mode: host
[15:37:46] Relay node: edge-host-1

[15:37:46] === TCP CLIENT COLD MIGRATION ===
[15:37:46] Step 1: Checking source client process...
[15:37:47]   Using PID from /home/ubuntu/tcp_client.pid: 4931
[15:37:48]   Server connections so far: 1
[15:37:48] Step 2: Dumping client with CRIU (--tcp-established)...
[15:37:49] Step 2.5: Moving VIP to destination...
[15:37:49]   Moving VIP 10.138.215.250 from edge-node-1:ens3 -> edge-node-2:ens3
[15:37:54] Step 3: Creating archive...
[15:37:54] Step 4: Transferring archive...
  Transferring /home/ubuntu/CRIU-tcp-client.tar.gz via relay node edge-host-1...
Setting up SSH trust: edge-node-1 → ubuntu@10.138.215.36
  Adding public key to destination's authorized_keys...
  Testing SSH connectivity...
  ✓ SSH trust ready
Setting up SSH trust: edge-host-1 → ubuntu@10.138.215.137
  Adding public key to destination's authorized_keys...
  Testing SSH connectivity...
  ✓ SSH trust ready
[15:38:06] Step 5: Unpacking on destination...
[15:38:06] Step 6: Preparing restore environment...
[15:38:07] Step 7: Restoring client with CRIU (--tcp-established)...
[15:38:07]   Restored PID: 4931
[15:38:07] Step 8: Verifying connection continuity...
[15:38:10]   Client output (tail): PP 5 -> 5
[15:38:11]   Server connections so far: 1
[15:38:11] ✓ SUCCESS: Client restored and TCP socket appears established
[15:38:11] Total downtime: 11872 ms
[15:38:11] Metrics saved to /home/ivo/Evaluation-of-Live-Migration-Strategies-at-the-Edge/Network-live-migration/metrics/migration_metrics.csv
[exit=0]

$ python3 /home/ivo/Evaluation-of-Live-Migration-Strategies-at-the-Edge/Network-live-migration/scripts/setup/reset_nodes.py edge-node-1 edge-node-2 edge-host-1 10.138.215.250
[15:38:11] Resetting nodes: edge-node-1 -> edge-node-2 (server: edge-host-1, vip: 10.138.215.250)
[15:38:11] Step 1: Killing any existing processes on source...
[15:38:12]   Killing PID 4931 (from /home/ubuntu/tcp_client.pid)
[15:38:13]   Killing PID 4931 (from /home/ubuntu/client.pid)
[15:38:13]   Killing any remaining background processes...
[15:38:14] Step 2: Cleaning source node...
[15:38:16] Step 3: Cleaning destination node...
[15:38:16]   Killing PID 4931 on destination (from /home/ubuntu/tcp_client.pid)
[15:38:17]   Killing PID 4931 on destination (from /home/ubuntu/client.pid)
[15:38:18]   Killing all remaining TCP processes on destination...
[15:38:21] Step 4: Cleaning server node (edge-host-1)...
[15:38:21]   Killing PID 1059226 on server (from /home/ubuntu/tcp_server.pid)
[15:38:23] ✓ Reset complete, nodes are clean
[15:38:23]   Next: Start your application
[exit=0]

$ bash /home/ivo/Evaluation-of-Live-Migration-Strategies-at-the-Edge/Network-live-migration/scripts/workloads/start_tcp_server.sh edge-host-1 5000
[tcp-server] Ensuring tcp-howto binary on edge-host-1...
[tcp-server] Reusing existing /tmp/tcp-howto on edge-host-1
[tcp-server] Starting on edge-host-1 (port 5000)...
[tcp-server] Waiting for listen...
✓ TCP server listening on edge-host-1:5000
[tcp-server] Logs: multipass exec edge-host-1 -- tail -f /home/ubuntu/tcp_server.out
[exit=0]

$ bash /home/ivo/Evaluation-of-Live-Migration-Strategies-at-the-Edge/Network-live-migration/scripts/workloads/start_tcp_client.sh edge-node-1 edge-host-1 5000
[tcp-client] Server endpoint: 10.138.215.36:5000
[tcp-client] Client VIP: 10.138.215.250
[tcp-client] Ensuring tcp-howto binary on edge-node-1...
[tcp-client] Reusing existing /tmp/tcp-howto on edge-node-1
[tcp-client] Ensuring VIP 10.138.215.250 is present on edge-node-1...
ARPING 10.138.215.250 from 10.138.215.250 ens3
Sent 3 probes (3 broadcast(s))
Received 0 response(s)
[tcp-client] Starting on edge-node-1...
[tcp-client] Waiting for established TCP connection...
✓ TCP client connected (PID: 6830)
[tcp-client] Logs: multipass exec edge-node-1 -- tail -f /home/ubuntu/tcp_client.out
[exit=0]

$ python3 /home/ivo/Evaluation-of-Live-Migration-Strategies-at-the-Edge/Network-live-migration/scripts/orchestrators/tcp_client_benchmark.py cold --source edge-node-1 --dest edge-node-2 --server edge-host-1 --transfer-mode host --run-id 11-05-2026-host-cold-0012 --csv /home/ivo/Evaluation-of-Live-Migration-Strategies-at-the-Edge/Network-live-migration/metrics/migration_metrics.csv --profile-name 3_LTE --relay-node edge-host-1
[15:38:31] === TCP CLIENT MIGRATION ===
[15:38:31] Run ID: 11-05-2026-host-cold-0012
[15:38:31] Source: edge-node-1, Dest: edge-node-2
[15:38:31] Server: edge-host-1
[15:38:31] Transfer mode: host
[15:38:31] Relay node: edge-host-1

[15:38:31] === TCP CLIENT COLD MIGRATION ===
[15:38:31] Step 1: Checking source client process...
[15:38:32]   Using PID from /home/ubuntu/tcp_client.pid: 6830
[15:38:33]   Server connections so far: 1
[15:38:33] Step 2: Dumping client with CRIU (--tcp-established)...
[15:38:34] Step 2.5: Moving VIP to destination...
[15:38:34]   Moving VIP 10.138.215.250 from edge-node-1:ens3 -> edge-node-2:ens3
[15:38:39] Step 3: Creating archive...
[15:38:40] Step 4: Transferring archive...
  Transferring /home/ubuntu/CRIU-tcp-client.tar.gz via relay node edge-host-1...
Setting up SSH trust: edge-node-1 → ubuntu@10.138.215.36
  Adding public key to destination's authorized_keys...
  Testing SSH connectivity...
  ✓ SSH trust ready
Setting up SSH trust: edge-host-1 → ubuntu@10.138.215.137
  Adding public key to destination's authorized_keys...
  Testing SSH connectivity...
  ✓ SSH trust ready
[15:38:52] Step 5: Unpacking on destination...
[15:38:52] Step 6: Preparing restore environment...
[15:38:53] Step 7: Restoring client with CRIU (--tcp-established)...
[15:38:54]   Restored PID: 6830
[15:38:54] Step 8: Verifying connection continuity...
[15:38:57]   Client output (tail): PP 5 -> 5
[15:38:57]   Server connections so far: 1
[15:38:57] ✓ SUCCESS: Client restored and TCP socket appears established
[15:38:57] Total downtime: 12655 ms
[15:38:57] Metrics saved to /home/ivo/Evaluation-of-Live-Migration-Strategies-at-the-Edge/Network-live-migration/metrics/migration_metrics.csv
[exit=0]

$ python3 /home/ivo/Evaluation-of-Live-Migration-Strategies-at-the-Edge/Network-live-migration/scripts/setup/reset_nodes.py edge-node-1 edge-node-2 edge-host-1 10.138.215.250
[15:38:58] Resetting nodes: edge-node-1 -> edge-node-2 (server: edge-host-1, vip: 10.138.215.250)
[15:38:58] Step 1: Killing any existing processes on source...
[15:38:58]   Killing PID 6830 (from /home/ubuntu/tcp_client.pid)
[15:38:59]   Killing PID 6830 (from /home/ubuntu/client.pid)
[15:38:59]   Killing any remaining background processes...
[15:39:01] Step 2: Cleaning source node...
[15:39:02] Step 3: Cleaning destination node...
[15:39:03]   Killing PID 6830 on destination (from /home/ubuntu/tcp_client.pid)
[15:39:03]   Killing PID 6830 on destination (from /home/ubuntu/client.pid)
[15:39:04]   Killing all remaining TCP processes on destination...
[15:39:07] Step 4: Cleaning server node (edge-host-1)...
[15:39:07]   Killing PID 1060787 on server (from /home/ubuntu/tcp_server.pid)
[15:39:09] ✓ Reset complete, nodes are clean
[15:39:09]   Next: Start your application
[exit=0]

$ bash /home/ivo/Evaluation-of-Live-Migration-Strategies-at-the-Edge/Network-live-migration/scripts/workloads/start_tcp_server.sh edge-host-1 5000
[tcp-server] Ensuring tcp-howto binary on edge-host-1...
[tcp-server] Reusing existing /tmp/tcp-howto on edge-host-1
[tcp-server] Starting on edge-host-1 (port 5000)...
[tcp-server] Waiting for listen...
✓ TCP server listening on edge-host-1:5000
[tcp-server] Logs: multipass exec edge-host-1 -- tail -f /home/ubuntu/tcp_server.out
[exit=0]

$ bash /home/ivo/Evaluation-of-Live-Migration-Strategies-at-the-Edge/Network-live-migration/scripts/workloads/start_tcp_client.sh edge-node-1 edge-host-1 5000
[tcp-client] Server endpoint: 10.138.215.36:5000
[tcp-client] Client VIP: 10.138.215.250
[tcp-client] Ensuring tcp-howto binary on edge-node-1...
[tcp-client] Reusing existing /tmp/tcp-howto on edge-node-1
[tcp-client] Ensuring VIP 10.138.215.250 is present on edge-node-1...
ARPING 10.138.215.250 from 10.138.215.250 ens3
Sent 3 probes (3 broadcast(s))
Received 0 response(s)
[tcp-client] Starting on edge-node-1...
[tcp-client] Waiting for established TCP connection...
✓ TCP client connected (PID: 8730)
[tcp-client] Logs: multipass exec edge-node-1 -- tail -f /home/ubuntu/tcp_client.out
[exit=0]

$ python3 /home/ivo/Evaluation-of-Live-Migration-Strategies-at-the-Edge/Network-live-migration/scripts/orchestrators/tcp_client_benchmark.py cold --source edge-node-1 --dest edge-node-2 --server edge-host-1 --transfer-mode host --run-id 11-05-2026-host-cold-0013 --csv /home/ivo/Evaluation-of-Live-Migration-Strategies-at-the-Edge/Network-live-migration/metrics/migration_metrics.csv --profile-name 3_LTE --relay-node edge-host-1
[15:39:18] === TCP CLIENT MIGRATION ===
[15:39:18] Run ID: 11-05-2026-host-cold-0013
[15:39:18] Source: edge-node-1, Dest: edge-node-2
[15:39:18] Server: edge-host-1
[15:39:18] Transfer mode: host
[15:39:18] Relay node: edge-host-1

[15:39:18] === TCP CLIENT COLD MIGRATION ===
[15:39:18] Step 1: Checking source client process...
[15:39:18]   Using PID from /home/ubuntu/tcp_client.pid: 8730
[15:39:19]   Server connections so far: 1
[15:39:20] Step 2: Dumping client with CRIU (--tcp-established)...
[15:39:20] Step 2.5: Moving VIP to destination...
[15:39:21]   Moving VIP 10.138.215.250 from edge-node-1:ens3 -> edge-node-2:ens3
[15:39:25] Step 3: Creating archive...
[15:39:26] Step 4: Transferring archive...
  Transferring /home/ubuntu/CRIU-tcp-client.tar.gz via relay node edge-host-1...
Setting up SSH trust: edge-node-1 → ubuntu@10.138.215.36
  Adding public key to destination's authorized_keys...
  Testing SSH connectivity...
  ✓ SSH trust ready
Setting up SSH trust: edge-host-1 → ubuntu@10.138.215.137
  Adding public key to destination's authorized_keys...
  Testing SSH connectivity...
  ✓ SSH trust ready
[15:39:37] Step 5: Unpacking on destination...
[15:39:37] Step 6: Preparing restore environment...
[15:39:38] Step 7: Restoring client with CRIU (--tcp-established)...
[15:39:39]   Restored PID: 8730
[15:39:39] Step 8: Verifying connection continuity...
[15:39:42]   Client output (tail): PP 5 -> 5
[15:39:42]   Server connections so far: 1
[15:39:42] ✓ SUCCESS: Client restored and TCP socket appears established
[15:39:42] Total downtime: 11893 ms
[15:39:42] Metrics saved to /home/ivo/Evaluation-of-Live-Migration-Strategies-at-the-Edge/Network-live-migration/metrics/migration_metrics.csv
[exit=0]

$ python3 /home/ivo/Evaluation-of-Live-Migration-Strategies-at-the-Edge/Network-live-migration/scripts/setup/reset_nodes.py edge-node-1 edge-node-2 edge-host-1 10.138.215.250
[15:39:43] Resetting nodes: edge-node-1 -> edge-node-2 (server: edge-host-1, vip: 10.138.215.250)
[15:39:43] Step 1: Killing any existing processes on source...
[15:39:44]   Killing PID 8730 (from /home/ubuntu/tcp_client.pid)
[15:39:44]   Killing PID 8730 (from /home/ubuntu/client.pid)
[15:39:45]   Killing any remaining background processes...
[15:39:46] Step 2: Cleaning source node...
[15:39:48] Step 3: Cleaning destination node...
[15:39:48]   Killing PID 8730 on destination (from /home/ubuntu/tcp_client.pid)
[15:39:49]   Killing PID 8730 on destination (from /home/ubuntu/client.pid)
[15:39:50]   Killing all remaining TCP processes on destination...
[15:39:53] Step 4: Cleaning server node (edge-host-1)...
[15:39:53]   Killing PID 1062360 on server (from /home/ubuntu/tcp_server.pid)
[15:39:56] ✓ Reset complete, nodes are clean
[15:39:56]   Next: Start your application
[exit=0]

$ bash /home/ivo/Evaluation-of-Live-Migration-Strategies-at-the-Edge/Network-live-migration/scripts/workloads/start_tcp_server.sh edge-host-1 5000
[tcp-server] Ensuring tcp-howto binary on edge-host-1...
[tcp-server] Reusing existing /tmp/tcp-howto on edge-host-1
[tcp-server] Starting on edge-host-1 (port 5000)...
[tcp-server] Waiting for listen...
✓ TCP server listening on edge-host-1:5000
[tcp-server] Logs: multipass exec edge-host-1 -- tail -f /home/ubuntu/tcp_server.out
[exit=0]

$ bash /home/ivo/Evaluation-of-Live-Migration-Strategies-at-the-Edge/Network-live-migration/scripts/workloads/start_tcp_client.sh edge-node-1 edge-host-1 5000
[tcp-client] Server endpoint: 10.138.215.36:5000
[tcp-client] Client VIP: 10.138.215.250
[tcp-client] Ensuring tcp-howto binary on edge-node-1...
[tcp-client] Reusing existing /tmp/tcp-howto on edge-node-1
[tcp-client] Ensuring VIP 10.138.215.250 is present on edge-node-1...
ARPING 10.138.215.250 from 10.138.215.250 ens3
Sent 3 probes (3 broadcast(s))
Received 0 response(s)
[tcp-client] Starting on edge-node-1...
[tcp-client] Waiting for established TCP connection...
✓ TCP client connected (PID: 10640)
[tcp-client] Logs: multipass exec edge-node-1 -- tail -f /home/ubuntu/tcp_client.out
[exit=0]

$ python3 /home/ivo/Evaluation-of-Live-Migration-Strategies-at-the-Edge/Network-live-migration/scripts/orchestrators/tcp_client_benchmark.py cold --source edge-node-1 --dest edge-node-2 --server edge-host-1 --transfer-mode host --run-id 11-05-2026-host-cold-0014 --csv /home/ivo/Evaluation-of-Live-Migration-Strategies-at-the-Edge/Network-live-migration/metrics/migration_metrics.csv --profile-name 3_LTE --relay-node edge-host-1
[15:40:04] === TCP CLIENT MIGRATION ===
[15:40:04] Run ID: 11-05-2026-host-cold-0014
[15:40:04] Source: edge-node-1, Dest: edge-node-2
[15:40:04] Server: edge-host-1
[15:40:04] Transfer mode: host
[15:40:04] Relay node: edge-host-1

[15:40:04] === TCP CLIENT COLD MIGRATION ===
[15:40:04] Step 1: Checking source client process...
[15:40:05]   Using PID from /home/ubuntu/tcp_client.pid: 10640
[15:40:05]   Server connections so far: 1
[15:40:06] Step 2: Dumping client with CRIU (--tcp-established)...
[15:40:06] Step 2.5: Moving VIP to destination...
[15:40:07]   Moving VIP 10.138.215.250 from edge-node-1:ens3 -> edge-node-2:ens3
[15:40:12] Step 3: Creating archive...
[15:40:12] Step 4: Transferring archive...
  Transferring /home/ubuntu/CRIU-tcp-client.tar.gz via relay node edge-host-1...
Setting up SSH trust: edge-node-1 → ubuntu@10.138.215.36
  Adding public key to destination's authorized_keys...
  Testing SSH connectivity...
  ✓ SSH trust ready
Setting up SSH trust: edge-host-1 → ubuntu@10.138.215.137
  Adding public key to destination's authorized_keys...
  Testing SSH connectivity...
  ✓ SSH trust ready
[15:40:23] Step 5: Unpacking on destination...
[15:40:24] Step 6: Preparing restore environment...
[15:40:24] Step 7: Restoring client with CRIU (--tcp-established)...
[15:40:25]   Restored PID: 10640
[15:40:25] Step 8: Verifying connection continuity...
[15:40:28]   Client output (tail): PP 5 -> 5
[15:40:29]   Server connections so far: 1
[15:40:29] ✓ SUCCESS: Client restored and TCP socket appears established
[15:40:29] Total downtime: 12036 ms
[15:40:29] Metrics saved to /home/ivo/Evaluation-of-Live-Migration-Strategies-at-the-Edge/Network-live-migration/metrics/migration_metrics.csv
[exit=0]

$ python3 /home/ivo/Evaluation-of-Live-Migration-Strategies-at-the-Edge/Network-live-migration/scripts/setup/reset_nodes.py edge-node-1 edge-node-2 edge-host-1 10.138.215.250
[15:40:29] Resetting nodes: edge-node-1 -> edge-node-2 (server: edge-host-1, vip: 10.138.215.250)
[15:40:29] Step 1: Killing any existing processes on source...
[15:40:30]   Killing PID 10640 (from /home/ubuntu/tcp_client.pid)
[15:40:30]   Killing PID 10640 (from /home/ubuntu/client.pid)
[15:40:31]   Killing any remaining background processes...
[15:40:32] Step 2: Cleaning source node...
[15:40:34] Step 3: Cleaning destination node...
[15:40:34]   Killing PID 10640 on destination (from /home/ubuntu/tcp_client.pid)
[15:40:35]   Killing PID 10640 on destination (from /home/ubuntu/client.pid)
[15:40:36]   Killing all remaining TCP processes on destination...
[15:40:39] Step 4: Cleaning server node (edge-host-1)...
[15:40:39]   Killing PID 1063966 on server (from /home/ubuntu/tcp_server.pid)
[15:40:41] ✓ Reset complete, nodes are clean
[15:40:41]   Next: Start your application
[exit=0]

$ bash /home/ivo/Evaluation-of-Live-Migration-Strategies-at-the-Edge/Network-live-migration/scripts/workloads/start_tcp_server.sh edge-host-1 5000
[tcp-server] Ensuring tcp-howto binary on edge-host-1...
[tcp-server] Reusing existing /tmp/tcp-howto on edge-host-1
[tcp-server] Starting on edge-host-1 (port 5000)...
[tcp-server] Waiting for listen...
✓ TCP server listening on edge-host-1:5000
[tcp-server] Logs: multipass exec edge-host-1 -- tail -f /home/ubuntu/tcp_server.out
[exit=0]

$ bash /home/ivo/Evaluation-of-Live-Migration-Strategies-at-the-Edge/Network-live-migration/scripts/workloads/start_tcp_client.sh edge-node-1 edge-host-1 5000
[tcp-client] Server endpoint: 10.138.215.36:5000
[tcp-client] Client VIP: 10.138.215.250
[tcp-client] Ensuring tcp-howto binary on edge-node-1...
[tcp-client] Reusing existing /tmp/tcp-howto on edge-node-1
[tcp-client] Ensuring VIP 10.138.215.250 is present on edge-node-1...
ARPING 10.138.215.250 from 10.138.215.250 ens3
Sent 3 probes (3 broadcast(s))
Received 0 response(s)
[tcp-client] Starting on edge-node-1...
[tcp-client] Waiting for established TCP connection...
✓ TCP client connected (PID: 12544)
[tcp-client] Logs: multipass exec edge-node-1 -- tail -f /home/ubuntu/tcp_client.out
[exit=0]

$ python3 /home/ivo/Evaluation-of-Live-Migration-Strategies-at-the-Edge/Network-live-migration/scripts/orchestrators/tcp_client_benchmark.py cold --source edge-node-1 --dest edge-node-2 --server edge-host-1 --transfer-mode host --run-id 11-05-2026-host-cold-0015 --csv /home/ivo/Evaluation-of-Live-Migration-Strategies-at-the-Edge/Network-live-migration/metrics/migration_metrics.csv --profile-name 3_LTE --relay-node edge-host-1
[15:40:50] === TCP CLIENT MIGRATION ===
[15:40:50] Run ID: 11-05-2026-host-cold-0015
[15:40:50] Source: edge-node-1, Dest: edge-node-2
[15:40:50] Server: edge-host-1
[15:40:50] Transfer mode: host
[15:40:50] Relay node: edge-host-1

[15:40:50] === TCP CLIENT COLD MIGRATION ===
[15:40:50] Step 1: Checking source client process...
[15:40:51]   Using PID from /home/ubuntu/tcp_client.pid: 12544
[15:40:52]   Server connections so far: 1
[15:40:52] Step 2: Dumping client with CRIU (--tcp-established)...
[15:40:53] Step 2.5: Moving VIP to destination...
[15:40:53]   Moving VIP 10.138.215.250 from edge-node-1:ens3 -> edge-node-2:ens3
[15:40:58] Step 3: Creating archive...
[15:40:59] Step 4: Transferring archive...
  Transferring /home/ubuntu/CRIU-tcp-client.tar.gz via relay node edge-host-1...
Setting up SSH trust: edge-node-1 → ubuntu@10.138.215.36
  Adding public key to destination's authorized_keys...
  Testing SSH connectivity...
  ✓ SSH trust ready
Setting up SSH trust: edge-host-1 → ubuntu@10.138.215.137
  Adding public key to destination's authorized_keys...
  Testing SSH connectivity...
  ✓ SSH trust ready
[15:41:10] Step 5: Unpacking on destination...
[15:41:11] Step 6: Preparing restore environment...
[15:41:11] Step 7: Restoring client with CRIU (--tcp-established)...
[15:41:12]   Restored PID: 12544
[15:41:12] Step 8: Verifying connection continuity...
[15:41:15]   Client output (tail): PP 5 -> 5
[15:41:16]   Server connections so far: 1
[15:41:16] ✓ SUCCESS: Client restored and TCP socket appears established
[15:41:16] Total downtime: 11940 ms
[15:41:16] Metrics saved to /home/ivo/Evaluation-of-Live-Migration-Strategies-at-the-Edge/Network-live-migration/metrics/migration_metrics.csv
[exit=0]

$ python3 /home/ivo/Evaluation-of-Live-Migration-Strategies-at-the-Edge/Network-live-migration/scripts/setup/reset_nodes.py edge-node-1 edge-node-2 edge-host-1 10.138.215.250
[15:41:16] Resetting nodes: edge-node-1 -> edge-node-2 (server: edge-host-1, vip: 10.138.215.250)
[15:41:16] Step 1: Killing any existing processes on source...
[15:41:16]   Killing PID 12544 (from /home/ubuntu/tcp_client.pid)
[15:41:17]   Killing PID 12544 (from /home/ubuntu/client.pid)
[15:41:18]   Killing any remaining background processes...
[15:41:19] Step 2: Cleaning source node...
[15:41:21] Step 3: Cleaning destination node...
[15:41:21]   Killing PID 12544 on destination (from /home/ubuntu/tcp_client.pid)
[15:41:22]   Killing PID 12544 on destination (from /home/ubuntu/client.pid)
[15:41:22]   Killing all remaining TCP processes on destination...
[15:41:25] Step 4: Cleaning server node (edge-host-1)...
[15:41:25]   Killing PID 1065528 on server (from /home/ubuntu/tcp_server.pid)
[15:41:28] ✓ Reset complete, nodes are clean
[15:41:28]   Next: Start your application
[exit=0]

$ bash /home/ivo/Evaluation-of-Live-Migration-Strategies-at-the-Edge/Network-live-migration/scripts/workloads/start_tcp_server.sh edge-host-1 5000
[tcp-server] Ensuring tcp-howto binary on edge-host-1...
[tcp-server] Reusing existing /tmp/tcp-howto on edge-host-1
[tcp-server] Starting on edge-host-1 (port 5000)...
[tcp-server] Waiting for listen...
✓ TCP server listening on edge-host-1:5000
[tcp-server] Logs: multipass exec edge-host-1 -- tail -f /home/ubuntu/tcp_server.out
[exit=0]

$ bash /home/ivo/Evaluation-of-Live-Migration-Strategies-at-the-Edge/Network-live-migration/scripts/workloads/start_tcp_client.sh edge-node-1 edge-host-1 5000
[tcp-client] Server endpoint: 10.138.215.36:5000
[tcp-client] Client VIP: 10.138.215.250
[tcp-client] Ensuring tcp-howto binary on edge-node-1...
[tcp-client] Reusing existing /tmp/tcp-howto on edge-node-1
[tcp-client] Ensuring VIP 10.138.215.250 is present on edge-node-1...
ARPING 10.138.215.250 from 10.138.215.250 ens3
Sent 3 probes (3 broadcast(s))
Received 0 response(s)
[tcp-client] Starting on edge-node-1...
[tcp-client] Waiting for established TCP connection...
✓ TCP client connected (PID: 14444)
[tcp-client] Logs: multipass exec edge-node-1 -- tail -f /home/ubuntu/tcp_client.out
[exit=0]

$ python3 /home/ivo/Evaluation-of-Live-Migration-Strategies-at-the-Edge/Network-live-migration/scripts/orchestrators/tcp_client_benchmark.py cold --source edge-node-1 --dest edge-node-2 --server edge-host-1 --transfer-mode host --run-id 11-05-2026-host-cold-0016 --csv /home/ivo/Evaluation-of-Live-Migration-Strategies-at-the-Edge/Network-live-migration/metrics/migration_metrics.csv --profile-name 3_LTE --relay-node edge-host-1
[15:41:36] === TCP CLIENT MIGRATION ===
[15:41:36] Run ID: 11-05-2026-host-cold-0016
[15:41:36] Source: edge-node-1, Dest: edge-node-2
[15:41:36] Server: edge-host-1
[15:41:36] Transfer mode: host
[15:41:36] Relay node: edge-host-1

[15:41:36] === TCP CLIENT COLD MIGRATION ===
[15:41:36] Step 1: Checking source client process...
[15:41:36]   Using PID from /home/ubuntu/tcp_client.pid: 14444
[15:41:37]   Server connections so far: 1
[15:41:38] Step 2: Dumping client with CRIU (--tcp-established)...
[15:41:38] Step 2.5: Moving VIP to destination...
[15:41:39]   Moving VIP 10.138.215.250 from edge-node-1:ens3 -> edge-node-2:ens3
[15:41:44] Step 3: Creating archive...
[15:41:44] Step 4: Transferring archive...
  Transferring /home/ubuntu/CRIU-tcp-client.tar.gz via relay node edge-host-1...
Setting up SSH trust: edge-node-1 → ubuntu@10.138.215.36
  Adding public key to destination's authorized_keys...
  Testing SSH connectivity...
  ✓ SSH trust ready
Setting up SSH trust: edge-host-1 → ubuntu@10.138.215.137
  Adding public key to destination's authorized_keys...
  Testing SSH connectivity...
  ✓ SSH trust ready
[15:41:56] Step 5: Unpacking on destination...
[15:41:57] Step 6: Preparing restore environment...
[15:41:57] Step 7: Restoring client with CRIU (--tcp-established)...
[15:41:58]   Restored PID: 14444
[15:41:58] Step 8: Verifying connection continuity...
[15:42:01]   Client output (tail): PP 5 -> 5
[15:42:02]   Server connections so far: 1
[15:42:02] ✓ SUCCESS: Client restored and TCP socket appears established
[15:42:02] Total downtime: 12589 ms
[15:42:02] Metrics saved to /home/ivo/Evaluation-of-Live-Migration-Strategies-at-the-Edge/Network-live-migration/metrics/migration_metrics.csv
[exit=0]

$ python3 /home/ivo/Evaluation-of-Live-Migration-Strategies-at-the-Edge/Network-live-migration/scripts/setup/reset_nodes.py edge-node-1 edge-node-2 edge-host-1 10.138.215.250
[15:42:03] Resetting nodes: edge-node-1 -> edge-node-2 (server: edge-host-1, vip: 10.138.215.250)
[15:42:03] Step 1: Killing any existing processes on source...
[15:42:03]   Killing PID 14444 (from /home/ubuntu/tcp_client.pid)
[15:42:04]   Killing PID 14444 (from /home/ubuntu/client.pid)
[15:42:04]   Killing any remaining background processes...
[15:42:06] Step 2: Cleaning source node...
[15:42:07] Step 3: Cleaning destination node...
[15:42:08]   Killing PID 14444 on destination (from /home/ubuntu/tcp_client.pid)
[15:42:08]   Killing PID 14444 on destination (from /home/ubuntu/client.pid)
[15:42:09]   Killing all remaining TCP processes on destination...
[15:42:12] Step 4: Cleaning server node (edge-host-1)...
[15:42:12]   Killing PID 1067090 on server (from /home/ubuntu/tcp_server.pid)
[15:42:14] ✓ Reset complete, nodes are clean
[15:42:14]   Next: Start your application
[exit=0]

$ bash /home/ivo/Evaluation-of-Live-Migration-Strategies-at-the-Edge/Network-live-migration/scripts/workloads/start_tcp_server.sh edge-host-1 5000
[tcp-server] Ensuring tcp-howto binary on edge-host-1...
[tcp-server] Reusing existing /tmp/tcp-howto on edge-host-1
[tcp-server] Starting on edge-host-1 (port 5000)...
[tcp-server] Waiting for listen...
✓ TCP server listening on edge-host-1:5000
[tcp-server] Logs: multipass exec edge-host-1 -- tail -f /home/ubuntu/tcp_server.out
[exit=0]

$ bash /home/ivo/Evaluation-of-Live-Migration-Strategies-at-the-Edge/Network-live-migration/scripts/workloads/start_tcp_client.sh edge-node-1 edge-host-1 5000
[tcp-client] Server endpoint: 10.138.215.36:5000
[tcp-client] Client VIP: 10.138.215.250
[tcp-client] Ensuring tcp-howto binary on edge-node-1...
[tcp-client] Reusing existing /tmp/tcp-howto on edge-node-1
[tcp-client] Ensuring VIP 10.138.215.250 is present on edge-node-1...
ARPING 10.138.215.250 from 10.138.215.250 ens3
Sent 3 probes (3 broadcast(s))
Received 0 response(s)
[tcp-client] Starting on edge-node-1...
[tcp-client] Waiting for established TCP connection...
✓ TCP client connected (PID: 16352)
[tcp-client] Logs: multipass exec edge-node-1 -- tail -f /home/ubuntu/tcp_client.out
[exit=0]

$ python3 /home/ivo/Evaluation-of-Live-Migration-Strategies-at-the-Edge/Network-live-migration/scripts/orchestrators/tcp_client_benchmark.py cold --source edge-node-1 --dest edge-node-2 --server edge-host-1 --transfer-mode host --run-id 11-05-2026-host-cold-0017 --csv /home/ivo/Evaluation-of-Live-Migration-Strategies-at-the-Edge/Network-live-migration/metrics/migration_metrics.csv --profile-name 3_LTE --relay-node edge-host-1
[15:42:22] === TCP CLIENT MIGRATION ===
[15:42:22] Run ID: 11-05-2026-host-cold-0017
[15:42:22] Source: edge-node-1, Dest: edge-node-2
[15:42:22] Server: edge-host-1
[15:42:22] Transfer mode: host
[15:42:22] Relay node: edge-host-1

[15:42:22] === TCP CLIENT COLD MIGRATION ===
[15:42:22] Step 1: Checking source client process...
[15:42:23]   Using PID from /home/ubuntu/tcp_client.pid: 16352
[15:42:24]   Server connections so far: 1
[15:42:24] Step 2: Dumping client with CRIU (--tcp-established)...
[15:42:25] Step 2.5: Moving VIP to destination...
[15:42:25]   Moving VIP 10.138.215.250 from edge-node-1:ens3 -> edge-node-2:ens3
[15:42:30] Step 3: Creating archive...
[15:42:31] Step 4: Transferring archive...
  Transferring /home/ubuntu/CRIU-tcp-client.tar.gz via relay node edge-host-1...
Setting up SSH trust: edge-node-1 → ubuntu@10.138.215.36
  Adding public key to destination's authorized_keys...
  Testing SSH connectivity...
  ✓ SSH trust ready
Setting up SSH trust: edge-host-1 → ubuntu@10.138.215.137
  Adding public key to destination's authorized_keys...
  Testing SSH connectivity...
  ✓ SSH trust ready
[15:42:42] Step 5: Unpacking on destination...
[15:42:42] Step 6: Preparing restore environment...
[15:42:43] Step 7: Restoring client with CRIU (--tcp-established)...
[15:42:43]   Restored PID: 16352
[15:42:43] Step 8: Verifying connection continuity...
[15:42:47]   Client output (tail): PP 5 -> 5
[15:42:47]   Server connections so far: 1
[15:42:47] ✓ SUCCESS: Client restored and TCP socket appears established
[15:42:47] Total downtime: 11833 ms
[15:42:47] Metrics saved to /home/ivo/Evaluation-of-Live-Migration-Strategies-at-the-Edge/Network-live-migration/metrics/migration_metrics.csv
[exit=0]

$ python3 /home/ivo/Evaluation-of-Live-Migration-Strategies-at-the-Edge/Network-live-migration/scripts/setup/reset_nodes.py edge-node-1 edge-node-2 edge-host-1 10.138.215.250
[15:42:48] Resetting nodes: edge-node-1 -> edge-node-2 (server: edge-host-1, vip: 10.138.215.250)
[15:42:48] Step 1: Killing any existing processes on source...
[15:42:49]   Killing PID 16352 (from /home/ubuntu/tcp_client.pid)
[15:42:49]   Killing PID 16352 (from /home/ubuntu/client.pid)
[15:42:50]   Killing any remaining background processes...
[15:42:51] Step 2: Cleaning source node...
[15:42:53] Step 3: Cleaning destination node...
[15:42:53]   Killing PID 16352 on destination (from /home/ubuntu/tcp_client.pid)
[15:42:54]   Killing PID 16352 on destination (from /home/ubuntu/client.pid)
[15:42:55]   Killing all remaining TCP processes on destination...
[15:42:58] Step 4: Cleaning server node (edge-host-1)...
[15:42:58]   Killing PID 1068659 on server (from /home/ubuntu/tcp_server.pid)
[15:43:00] ✓ Reset complete, nodes are clean
[15:43:00]   Next: Start your application
[exit=0]

$ bash /home/ivo/Evaluation-of-Live-Migration-Strategies-at-the-Edge/Network-live-migration/scripts/workloads/start_tcp_server.sh edge-host-1 5000
[tcp-server] Ensuring tcp-howto binary on edge-host-1...
[tcp-server] Reusing existing /tmp/tcp-howto on edge-host-1
[tcp-server] Starting on edge-host-1 (port 5000)...
[tcp-server] Waiting for listen...
✓ TCP server listening on edge-host-1:5000
[tcp-server] Logs: multipass exec edge-host-1 -- tail -f /home/ubuntu/tcp_server.out
[exit=0]

$ bash /home/ivo/Evaluation-of-Live-Migration-Strategies-at-the-Edge/Network-live-migration/scripts/workloads/start_tcp_client.sh edge-node-1 edge-host-1 5000
[tcp-client] Server endpoint: 10.138.215.36:5000
[tcp-client] Client VIP: 10.138.215.250
[tcp-client] Ensuring tcp-howto binary on edge-node-1...
[tcp-client] Reusing existing /tmp/tcp-howto on edge-node-1
[tcp-client] Ensuring VIP 10.138.215.250 is present on edge-node-1...
ARPING 10.138.215.250 from 10.138.215.250 ens3
Sent 3 probes (3 broadcast(s))
Received 0 response(s)
[tcp-client] Starting on edge-node-1...
[tcp-client] Waiting for established TCP connection...
✓ TCP client connected (PID: 18252)
[tcp-client] Logs: multipass exec edge-node-1 -- tail -f /home/ubuntu/tcp_client.out
[exit=0]

$ python3 /home/ivo/Evaluation-of-Live-Migration-Strategies-at-the-Edge/Network-live-migration/scripts/orchestrators/tcp_client_benchmark.py cold --source edge-node-1 --dest edge-node-2 --server edge-host-1 --transfer-mode host --run-id 11-05-2026-host-cold-0018 --csv /home/ivo/Evaluation-of-Live-Migration-Strategies-at-the-Edge/Network-live-migration/metrics/migration_metrics.csv --profile-name 3_LTE --relay-node edge-host-1
[15:43:09] === TCP CLIENT MIGRATION ===
[15:43:09] Run ID: 11-05-2026-host-cold-0018
[15:43:09] Source: edge-node-1, Dest: edge-node-2
[15:43:09] Server: edge-host-1
[15:43:09] Transfer mode: host
[15:43:09] Relay node: edge-host-1

[15:43:09] === TCP CLIENT COLD MIGRATION ===
[15:43:09] Step 1: Checking source client process...
[15:43:10]   Using PID from /home/ubuntu/tcp_client.pid: 18252
[15:43:11]   Server connections so far: 1
[15:43:11] Step 2: Dumping client with CRIU (--tcp-established)...
[15:43:11] Step 2.5: Moving VIP to destination...
[15:43:12]   Moving VIP 10.138.215.250 from edge-node-1:ens3 -> edge-node-2:ens3
[15:43:17] Step 3: Creating archive...
[15:43:17] Step 4: Transferring archive...
  Transferring /home/ubuntu/CRIU-tcp-client.tar.gz via relay node edge-host-1...
Setting up SSH trust: edge-node-1 → ubuntu@10.138.215.36
  Adding public key to destination's authorized_keys...
  Testing SSH connectivity...
  ✓ SSH trust ready
Setting up SSH trust: edge-host-1 → ubuntu@10.138.215.137
  Adding public key to destination's authorized_keys...
  Testing SSH connectivity...
  ✓ SSH trust ready
[15:43:29] Step 5: Unpacking on destination...
[15:43:29] Step 6: Preparing restore environment...
[15:43:30] Step 7: Restoring client with CRIU (--tcp-established)...
[15:43:30]   Restored PID: 18252
[15:43:30] Step 8: Verifying connection continuity...
[15:43:34]   Client output (tail): PP 5 -> 5
[15:43:34]   Server connections so far: 1
[15:43:34] ✓ SUCCESS: Client restored and TCP socket appears established
[15:43:34] Total downtime: 12102 ms
[15:43:34] Metrics saved to /home/ivo/Evaluation-of-Live-Migration-Strategies-at-the-Edge/Network-live-migration/metrics/migration_metrics.csv
[exit=0]

$ python3 /home/ivo/Evaluation-of-Live-Migration-Strategies-at-the-Edge/Network-live-migration/scripts/setup/reset_nodes.py edge-node-1 edge-node-2 edge-host-1 10.138.215.250
[15:43:35] Resetting nodes: edge-node-1 -> edge-node-2 (server: edge-host-1, vip: 10.138.215.250)
[15:43:35] Step 1: Killing any existing processes on source...
[15:43:35]   Killing PID 18252 (from /home/ubuntu/tcp_client.pid)
[15:43:36]   Killing PID 18252 (from /home/ubuntu/client.pid)
[15:43:36]   Killing any remaining background processes...
[15:43:38] Step 2: Cleaning source node...
[15:43:39] Step 3: Cleaning destination node...
[15:43:40]   Killing PID 18252 on destination (from /home/ubuntu/tcp_client.pid)
[15:43:40]   Killing PID 18252 on destination (from /home/ubuntu/client.pid)
[15:43:41]   Killing all remaining TCP processes on destination...
[15:43:44] Step 4: Cleaning server node (edge-host-1)...
[15:43:44]   Killing PID 1070225 on server (from /home/ubuntu/tcp_server.pid)
[15:43:46] ✓ Reset complete, nodes are clean
[15:43:46]   Next: Start your application
[exit=0]

$ bash /home/ivo/Evaluation-of-Live-Migration-Strategies-at-the-Edge/Network-live-migration/scripts/workloads/start_tcp_server.sh edge-host-1 5000
[tcp-server] Ensuring tcp-howto binary on edge-host-1...
[tcp-server] Reusing existing /tmp/tcp-howto on edge-host-1
[tcp-server] Starting on edge-host-1 (port 5000)...
[tcp-server] Waiting for listen...
✓ TCP server listening on edge-host-1:5000
[tcp-server] Logs: multipass exec edge-host-1 -- tail -f /home/ubuntu/tcp_server.out
[exit=0]

$ bash /home/ivo/Evaluation-of-Live-Migration-Strategies-at-the-Edge/Network-live-migration/scripts/workloads/start_tcp_client.sh edge-node-1 edge-host-1 5000
[tcp-client] Server endpoint: 10.138.215.36:5000
[tcp-client] Client VIP: 10.138.215.250
[tcp-client] Ensuring tcp-howto binary on edge-node-1...
[tcp-client] Reusing existing /tmp/tcp-howto on edge-node-1
[tcp-client] Ensuring VIP 10.138.215.250 is present on edge-node-1...
ARPING 10.138.215.250 from 10.138.215.250 ens3
Sent 3 probes (3 broadcast(s))
Received 0 response(s)
[tcp-client] Starting on edge-node-1...
[tcp-client] Waiting for established TCP connection...
✓ TCP client connected (PID: 20159)
[tcp-client] Logs: multipass exec edge-node-1 -- tail -f /home/ubuntu/tcp_client.out
[exit=0]

$ python3 /home/ivo/Evaluation-of-Live-Migration-Strategies-at-the-Edge/Network-live-migration/scripts/orchestrators/tcp_client_benchmark.py cold --source edge-node-1 --dest edge-node-2 --server edge-host-1 --transfer-mode host --run-id 11-05-2026-host-cold-0019 --csv /home/ivo/Evaluation-of-Live-Migration-Strategies-at-the-Edge/Network-live-migration/metrics/migration_metrics.csv --profile-name 3_LTE --relay-node edge-host-1
[15:43:55] === TCP CLIENT MIGRATION ===
[15:43:55] Run ID: 11-05-2026-host-cold-0019
[15:43:55] Source: edge-node-1, Dest: edge-node-2
[15:43:55] Server: edge-host-1
[15:43:55] Transfer mode: host
[15:43:55] Relay node: edge-host-1

[15:43:55] === TCP CLIENT COLD MIGRATION ===
[15:43:55] Step 1: Checking source client process...
[15:43:56]   Using PID from /home/ubuntu/tcp_client.pid: 20159
[15:43:57]   Server connections so far: 1
[15:43:57] Step 2: Dumping client with CRIU (--tcp-established)...
[15:43:58] Step 2.5: Moving VIP to destination...
[15:43:58]   Moving VIP 10.138.215.250 from edge-node-1:ens3 -> edge-node-2:ens3
[15:44:03] Step 3: Creating archive...
[15:44:04] Step 4: Transferring archive...
  Transferring /home/ubuntu/CRIU-tcp-client.tar.gz via relay node edge-host-1...
Setting up SSH trust: edge-node-1 → ubuntu@10.138.215.36
  Adding public key to destination's authorized_keys...
  Testing SSH connectivity...
  ✓ SSH trust ready
Setting up SSH trust: edge-host-1 → ubuntu@10.138.215.137
  Adding public key to destination's authorized_keys...
  Testing SSH connectivity...
  ✓ SSH trust ready
[15:44:16] Step 5: Unpacking on destination...
[15:44:16] Step 6: Preparing restore environment...
[15:44:16] Step 7: Restoring client with CRIU (--tcp-established)...
[15:44:17]   Restored PID: 20159
[15:44:17] Step 8: Verifying connection continuity...
[15:44:20]   Client output (tail): PP 5 -> 5
[15:44:21]   Server connections so far: 1
[15:44:21] ✓ SUCCESS: Client restored and TCP socket appears established
[15:44:21] Total downtime: 12181 ms
[15:44:21] Metrics saved to /home/ivo/Evaluation-of-Live-Migration-Strategies-at-the-Edge/Network-live-migration/metrics/migration_metrics.csv
[exit=0]

$ python3 /home/ivo/Evaluation-of-Live-Migration-Strategies-at-the-Edge/Network-live-migration/scripts/setup/reset_nodes.py edge-node-1 edge-node-2 edge-host-1 10.138.215.250
[15:44:21] Resetting nodes: edge-node-1 -> edge-node-2 (server: edge-host-1, vip: 10.138.215.250)
[15:44:21] Step 1: Killing any existing processes on source...
[15:44:22]   Killing PID 20159 (from /home/ubuntu/tcp_client.pid)
[15:44:22]   Killing PID 20159 (from /home/ubuntu/client.pid)
[15:44:23]   Killing any remaining background processes...
[15:44:24] Step 2: Cleaning source node...
[15:44:26] Step 3: Cleaning destination node...
[15:44:26]   Killing PID 20159 on destination (from /home/ubuntu/tcp_client.pid)
[15:44:27]   Killing PID 20159 on destination (from /home/ubuntu/client.pid)
[15:44:28]   Killing all remaining TCP processes on destination...
[15:44:31] Step 4: Cleaning server node (edge-host-1)...
[15:44:31]   Killing PID 1071795 on server (from /home/ubuntu/tcp_server.pid)
[15:44:33] ✓ Reset complete, nodes are clean
[15:44:33]   Next: Start your application
[exit=0]

$ bash /home/ivo/Evaluation-of-Live-Migration-Strategies-at-the-Edge/Network-live-migration/scripts/workloads/start_tcp_server.sh edge-host-1 5000
[tcp-server] Ensuring tcp-howto binary on edge-host-1...
[tcp-server] Reusing existing /tmp/tcp-howto on edge-host-1
[tcp-server] Starting on edge-host-1 (port 5000)...
[tcp-server] Waiting for listen...
✓ TCP server listening on edge-host-1:5000
[tcp-server] Logs: multipass exec edge-host-1 -- tail -f /home/ubuntu/tcp_server.out
[exit=0]

$ bash /home/ivo/Evaluation-of-Live-Migration-Strategies-at-the-Edge/Network-live-migration/scripts/workloads/start_tcp_client.sh edge-node-1 edge-host-1 5000
[tcp-client] Server endpoint: 10.138.215.36:5000
[tcp-client] Client VIP: 10.138.215.250
[tcp-client] Ensuring tcp-howto binary on edge-node-1...
[tcp-client] Reusing existing /tmp/tcp-howto on edge-node-1
[tcp-client] Ensuring VIP 10.138.215.250 is present on edge-node-1...
ARPING 10.138.215.250 from 10.138.215.250 ens3
Sent 3 probes (3 broadcast(s))
Received 0 response(s)
[tcp-client] Starting on edge-node-1...
[tcp-client] Waiting for established TCP connection...
✓ TCP client connected (PID: 22051)
[tcp-client] Logs: multipass exec edge-node-1 -- tail -f /home/ubuntu/tcp_client.out
[exit=0]

$ python3 /home/ivo/Evaluation-of-Live-Migration-Strategies-at-the-Edge/Network-live-migration/scripts/orchestrators/tcp_client_benchmark.py cold --source edge-node-1 --dest edge-node-2 --server edge-host-1 --transfer-mode direct --run-id 11-05-2026-direct-cold-0010 --csv /home/ivo/Evaluation-of-Live-Migration-Strategies-at-the-Edge/Network-live-migration/metrics/migration_metrics.csv --profile-name 3_LTE
[15:44:41] === TCP CLIENT MIGRATION ===
[15:44:41] Run ID: 11-05-2026-direct-cold-0010
[15:44:41] Source: edge-node-1, Dest: edge-node-2
[15:44:41] Server: edge-host-1
[15:44:41] Transfer mode: direct

[15:44:41] === TCP CLIENT COLD MIGRATION ===
[15:44:41] Step 1: Checking source client process...
[15:44:42]   Using PID from /home/ubuntu/tcp_client.pid: 22051
[15:44:43]   Server connections so far: 1
[15:44:43] Step 2: Dumping client with CRIU (--tcp-established)...
[15:44:44] Step 2.5: Moving VIP to destination...
[15:44:44]   Moving VIP 10.138.215.250 from edge-node-1:ens3 -> edge-node-2:ens3
[15:44:49] Step 3: Creating archive...
[15:44:50] Step 4: Transferring archive...
[15:44:50]   Setting up direct SSH trust...
Setting up SSH trust: edge-node-1 → ubuntu@10.138.215.137
  Adding public key to destination's authorized_keys...
  Testing SSH connectivity...
  ✓ SSH trust ready
Setting up SSH trust: edge-node-1 → ubuntu@10.138.215.137
  Adding public key to destination's authorized_keys...
  Testing SSH connectivity...
  ✓ SSH trust ready
  Transferring /home/ubuntu/CRIU-tcp-client.tar.gz via SCP...
[15:44:59] Step 5: Unpacking on destination...
[15:44:59] Step 6: Preparing restore environment...
[15:44:59] Step 7: Restoring client with CRIU (--tcp-established)...
[15:45:00]   Restored PID: 22051
[15:45:00] Step 8: Verifying connection continuity...
[15:45:03]   Client output (tail): PP 5 -> 5
[15:45:04]   Server connections so far: 1
[15:45:04] ✓ SUCCESS: Client restored and TCP socket appears established
[15:45:04] Total downtime: 6484 ms
[15:45:04] Metrics saved to /home/ivo/Evaluation-of-Live-Migration-Strategies-at-the-Edge/Network-live-migration/metrics/migration_metrics.csv
[exit=0]

$ python3 /home/ivo/Evaluation-of-Live-Migration-Strategies-at-the-Edge/Network-live-migration/scripts/setup/reset_nodes.py edge-node-1 edge-node-2 edge-host-1 10.138.215.250
[15:45:05] Resetting nodes: edge-node-1 -> edge-node-2 (server: edge-host-1, vip: 10.138.215.250)
[15:45:05] Step 1: Killing any existing processes on source...
[15:45:05]   Killing PID 22051 (from /home/ubuntu/tcp_client.pid)
[15:45:06]   Killing PID 22051 (from /home/ubuntu/client.pid)
[15:45:06]   Killing any remaining background processes...
[15:45:08] Step 2: Cleaning source node...
[15:45:10] Step 3: Cleaning destination node...
[15:45:10]   Killing PID 22051 on destination (from /home/ubuntu/tcp_client.pid)
[15:45:11]   Killing PID 22051 on destination (from /home/ubuntu/client.pid)
[15:45:11]   Killing all remaining TCP processes on destination...
[15:45:14] Step 4: Cleaning server node (edge-host-1)...
[15:45:14]   Killing PID 1073366 on server (from /home/ubuntu/tcp_server.pid)
[15:45:17] ✓ Reset complete, nodes are clean
[15:45:17]   Next: Start your application
[exit=0]

$ bash /home/ivo/Evaluation-of-Live-Migration-Strategies-at-the-Edge/Network-live-migration/scripts/workloads/start_tcp_server.sh edge-host-1 5000
[tcp-server] Ensuring tcp-howto binary on edge-host-1...
[tcp-server] Reusing existing /tmp/tcp-howto on edge-host-1
[tcp-server] Starting on edge-host-1 (port 5000)...
[tcp-server] Waiting for listen...
✓ TCP server listening on edge-host-1:5000
[tcp-server] Logs: multipass exec edge-host-1 -- tail -f /home/ubuntu/tcp_server.out
[exit=0]

$ bash /home/ivo/Evaluation-of-Live-Migration-Strategies-at-the-Edge/Network-live-migration/scripts/workloads/start_tcp_client.sh edge-node-1 edge-host-1 5000
[tcp-client] Server endpoint: 10.138.215.36:5000
[tcp-client] Client VIP: 10.138.215.250
[tcp-client] Ensuring tcp-howto binary on edge-node-1...
[tcp-client] Reusing existing /tmp/tcp-howto on edge-node-1
[tcp-client] Ensuring VIP 10.138.215.250 is present on edge-node-1...
ARPING 10.138.215.250 from 10.138.215.250 ens3
Sent 3 probes (3 broadcast(s))
Received 0 response(s)
[tcp-client] Starting on edge-node-1...
[tcp-client] Waiting for established TCP connection...
✓ TCP client connected (PID: 24060)
[tcp-client] Logs: multipass exec edge-node-1 -- tail -f /home/ubuntu/tcp_client.out
[exit=0]

$ python3 /home/ivo/Evaluation-of-Live-Migration-Strategies-at-the-Edge/Network-live-migration/scripts/orchestrators/tcp_client_benchmark.py cold --source edge-node-1 --dest edge-node-2 --server edge-host-1 --transfer-mode direct --run-id 11-05-2026-direct-cold-0011 --csv /home/ivo/Evaluation-of-Live-Migration-Strategies-at-the-Edge/Network-live-migration/metrics/migration_metrics.csv --profile-name 3_LTE
[15:45:25] === TCP CLIENT MIGRATION ===
[15:45:25] Run ID: 11-05-2026-direct-cold-0011
[15:45:25] Source: edge-node-1, Dest: edge-node-2
[15:45:25] Server: edge-host-1
[15:45:25] Transfer mode: direct

[15:45:25] === TCP CLIENT COLD MIGRATION ===
[15:45:25] Step 1: Checking source client process...
[15:45:25]   Using PID from /home/ubuntu/tcp_client.pid: 24060
[15:45:26]   Server connections so far: 1
[15:45:27] Step 2: Dumping client with CRIU (--tcp-established)...
[15:45:27] Step 2.5: Moving VIP to destination...
[15:45:28]   Moving VIP 10.138.215.250 from edge-node-1:ens3 -> edge-node-2:ens3
[15:45:33] Step 3: Creating archive...
[15:45:33] Step 4: Transferring archive...
[15:45:33]   Setting up direct SSH trust...
Setting up SSH trust: edge-node-1 → ubuntu@10.138.215.137
  Adding public key to destination's authorized_keys...
  Testing SSH connectivity...
  ✓ SSH trust ready
Setting up SSH trust: edge-node-1 → ubuntu@10.138.215.137
  Adding public key to destination's authorized_keys...
  Testing SSH connectivity...
  ✓ SSH trust ready
  Transferring /home/ubuntu/CRIU-tcp-client.tar.gz via SCP...
[15:45:42] Step 5: Unpacking on destination...
[15:45:42] Step 6: Preparing restore environment...
[15:45:43] Step 7: Restoring client with CRIU (--tcp-established)...
[15:45:43]   Restored PID: 24060
[15:45:43] Step 8: Verifying connection continuity...
[15:45:46]   Client output (tail): PP 5 -> 5
[15:45:47]   Server connections so far: 1
[15:45:47] ✓ SUCCESS: Client restored and TCP socket appears established
[15:45:47] Total downtime: 6346 ms
[15:45:47] Metrics saved to /home/ivo/Evaluation-of-Live-Migration-Strategies-at-the-Edge/Network-live-migration/metrics/migration_metrics.csv
[exit=0]

$ python3 /home/ivo/Evaluation-of-Live-Migration-Strategies-at-the-Edge/Network-live-migration/scripts/setup/reset_nodes.py edge-node-1 edge-node-2 edge-host-1 10.138.215.250
[15:45:48] Resetting nodes: edge-node-1 -> edge-node-2 (server: edge-host-1, vip: 10.138.215.250)
[15:45:48] Step 1: Killing any existing processes on source...
[15:45:48]   Killing PID 24060 (from /home/ubuntu/tcp_client.pid)
[15:45:49]   Killing PID 24060 (from /home/ubuntu/client.pid)
[15:45:49]   Killing any remaining background processes...
[15:45:51] Step 2: Cleaning source node...
[15:45:53] Step 3: Cleaning destination node...
[15:45:53]   Killing PID 24060 on destination (from /home/ubuntu/tcp_client.pid)
[15:45:54]   Killing PID 24060 on destination (from /home/ubuntu/client.pid)
[15:45:54]   Killing all remaining TCP processes on destination...
[15:45:57] Step 4: Cleaning server node (edge-host-1)...
[15:45:58]   Killing PID 1074409 on server (from /home/ubuntu/tcp_server.pid)
[15:46:00] ✓ Reset complete, nodes are clean
[15:46:00]   Next: Start your application
[exit=0]

$ bash /home/ivo/Evaluation-of-Live-Migration-Strategies-at-the-Edge/Network-live-migration/scripts/workloads/start_tcp_server.sh edge-host-1 5000
[tcp-server] Ensuring tcp-howto binary on edge-host-1...
[tcp-server] Reusing existing /tmp/tcp-howto on edge-host-1
[tcp-server] Starting on edge-host-1 (port 5000)...
[tcp-server] Waiting for listen...
✓ TCP server listening on edge-host-1:5000
[tcp-server] Logs: multipass exec edge-host-1 -- tail -f /home/ubuntu/tcp_server.out
[exit=0]

$ bash /home/ivo/Evaluation-of-Live-Migration-Strategies-at-the-Edge/Network-live-migration/scripts/workloads/start_tcp_client.sh edge-node-1 edge-host-1 5000
[tcp-client] Server endpoint: 10.138.215.36:5000
[tcp-client] Client VIP: 10.138.215.250
[tcp-client] Ensuring tcp-howto binary on edge-node-1...
[tcp-client] Reusing existing /tmp/tcp-howto on edge-node-1
[tcp-client] Ensuring VIP 10.138.215.250 is present on edge-node-1...
ARPING 10.138.215.250 from 10.138.215.250 ens3
Sent 3 probes (3 broadcast(s))
Received 0 response(s)
[tcp-client] Starting on edge-node-1...
[tcp-client] Waiting for established TCP connection...
✓ TCP client connected (PID: 26072)
[tcp-client] Logs: multipass exec edge-node-1 -- tail -f /home/ubuntu/tcp_client.out
[exit=0]

$ python3 /home/ivo/Evaluation-of-Live-Migration-Strategies-at-the-Edge/Network-live-migration/scripts/orchestrators/tcp_client_benchmark.py cold --source edge-node-1 --dest edge-node-2 --server edge-host-1 --transfer-mode direct --run-id 11-05-2026-direct-cold-0012 --csv /home/ivo/Evaluation-of-Live-Migration-Strategies-at-the-Edge/Network-live-migration/metrics/migration_metrics.csv --profile-name 3_LTE
[15:46:08] === TCP CLIENT MIGRATION ===
[15:46:08] Run ID: 11-05-2026-direct-cold-0012
[15:46:08] Source: edge-node-1, Dest: edge-node-2
[15:46:08] Server: edge-host-1
[15:46:08] Transfer mode: direct

[15:46:08] === TCP CLIENT COLD MIGRATION ===
[15:46:08] Step 1: Checking source client process...
[15:46:09]   Using PID from /home/ubuntu/tcp_client.pid: 26072
[15:46:10]   Server connections so far: 1
[15:46:10] Step 2: Dumping client with CRIU (--tcp-established)...
[15:46:11] Step 2.5: Moving VIP to destination...
[15:46:11]   Moving VIP 10.138.215.250 from edge-node-1:ens3 -> edge-node-2:ens3
[15:46:16] Step 3: Creating archive...
[15:46:17] Step 4: Transferring archive...
[15:46:17]   Setting up direct SSH trust...
Setting up SSH trust: edge-node-1 → ubuntu@10.138.215.137
  Adding public key to destination's authorized_keys...
  Testing SSH connectivity...
  ✓ SSH trust ready
Setting up SSH trust: edge-node-1 → ubuntu@10.138.215.137
  Adding public key to destination's authorized_keys...
  Testing SSH connectivity...
  ✓ SSH trust ready
  Transferring /home/ubuntu/CRIU-tcp-client.tar.gz via SCP...
[15:46:25] Step 5: Unpacking on destination...
[15:46:26] Step 6: Preparing restore environment...
[15:46:26] Step 7: Restoring client with CRIU (--tcp-established)...
[15:46:27]   Restored PID: 26072
[15:46:27] Step 8: Verifying connection continuity...
[15:46:30]   Client output (tail): PP 5 -> 5
[15:46:31]   Server connections so far: 1
[15:46:31] ✓ SUCCESS: Client restored and TCP socket appears established
[15:46:31] Total downtime: 6163 ms
[15:46:31] Metrics saved to /home/ivo/Evaluation-of-Live-Migration-Strategies-at-the-Edge/Network-live-migration/metrics/migration_metrics.csv
[exit=0]

$ python3 /home/ivo/Evaluation-of-Live-Migration-Strategies-at-the-Edge/Network-live-migration/scripts/setup/reset_nodes.py edge-node-1 edge-node-2 edge-host-1 10.138.215.250
[15:46:31] Resetting nodes: edge-node-1 -> edge-node-2 (server: edge-host-1, vip: 10.138.215.250)
[15:46:31] Step 1: Killing any existing processes on source...
[15:46:31]   Killing PID 26072 (from /home/ubuntu/tcp_client.pid)
[15:46:32]   Killing PID 26072 (from /home/ubuntu/client.pid)
[15:46:33]   Killing any remaining background processes...
[15:46:34] Step 2: Cleaning source node...
[15:46:36] Step 3: Cleaning destination node...
[15:46:36]   Killing PID 26072 on destination (from /home/ubuntu/tcp_client.pid)
[15:46:37]   Killing PID 26072 on destination (from /home/ubuntu/client.pid)
[15:46:37]   Killing all remaining TCP processes on destination...
[15:46:40] Step 4: Cleaning server node (edge-host-1)...
[15:46:41]   Killing PID 1075441 on server (from /home/ubuntu/tcp_server.pid)
[15:46:43] ✓ Reset complete, nodes are clean
[15:46:43]   Next: Start your application
[exit=0]

$ bash /home/ivo/Evaluation-of-Live-Migration-Strategies-at-the-Edge/Network-live-migration/scripts/workloads/start_tcp_server.sh edge-host-1 5000
[tcp-server] Ensuring tcp-howto binary on edge-host-1...
[tcp-server] Reusing existing /tmp/tcp-howto on edge-host-1
[tcp-server] Starting on edge-host-1 (port 5000)...
[tcp-server] Waiting for listen...
✓ TCP server listening on edge-host-1:5000
[tcp-server] Logs: multipass exec edge-host-1 -- tail -f /home/ubuntu/tcp_server.out
[exit=0]

$ bash /home/ivo/Evaluation-of-Live-Migration-Strategies-at-the-Edge/Network-live-migration/scripts/workloads/start_tcp_client.sh edge-node-1 edge-host-1 5000
[tcp-client] Server endpoint: 10.138.215.36:5000
[tcp-client] Client VIP: 10.138.215.250
[tcp-client] Ensuring tcp-howto binary on edge-node-1...
[tcp-client] Reusing existing /tmp/tcp-howto on edge-node-1
[tcp-client] Ensuring VIP 10.138.215.250 is present on edge-node-1...
ARPING 10.138.215.250 from 10.138.215.250 ens3
Sent 3 probes (3 broadcast(s))
Received 0 response(s)
[tcp-client] Starting on edge-node-1...
[tcp-client] Waiting for established TCP connection...
✓ TCP client connected (PID: 28066)
[tcp-client] Logs: multipass exec edge-node-1 -- tail -f /home/ubuntu/tcp_client.out
[exit=0]

$ python3 /home/ivo/Evaluation-of-Live-Migration-Strategies-at-the-Edge/Network-live-migration/scripts/orchestrators/tcp_client_benchmark.py cold --source edge-node-1 --dest edge-node-2 --server edge-host-1 --transfer-mode direct --run-id 11-05-2026-direct-cold-0013 --csv /home/ivo/Evaluation-of-Live-Migration-Strategies-at-the-Edge/Network-live-migration/metrics/migration_metrics.csv --profile-name 3_LTE
[15:46:52] === TCP CLIENT MIGRATION ===
[15:46:52] Run ID: 11-05-2026-direct-cold-0013
[15:46:52] Source: edge-node-1, Dest: edge-node-2
[15:46:52] Server: edge-host-1
[15:46:52] Transfer mode: direct

[15:46:52] === TCP CLIENT COLD MIGRATION ===
[15:46:52] Step 1: Checking source client process...
[15:46:52]   Using PID from /home/ubuntu/tcp_client.pid: 28066
[15:46:53]   Server connections so far: 1
[15:46:53] Step 2: Dumping client with CRIU (--tcp-established)...
[15:46:54] Step 2.5: Moving VIP to destination...
[15:46:54]   Moving VIP 10.138.215.250 from edge-node-1:ens3 -> edge-node-2:ens3
[15:46:59] Step 3: Creating archive...
[15:47:00] Step 4: Transferring archive...
[15:47:00]   Setting up direct SSH trust...
Setting up SSH trust: edge-node-1 → ubuntu@10.138.215.137
  Adding public key to destination's authorized_keys...
  Testing SSH connectivity...
  ✓ SSH trust ready
Setting up SSH trust: edge-node-1 → ubuntu@10.138.215.137
  Adding public key to destination's authorized_keys...
  Testing SSH connectivity...
  ✓ SSH trust ready
  Transferring /home/ubuntu/CRIU-tcp-client.tar.gz via SCP...
[15:47:08] Step 5: Unpacking on destination...
[15:47:09] Step 6: Preparing restore environment...
[15:47:09] Step 7: Restoring client with CRIU (--tcp-established)...
[15:47:10]   Restored PID: 28066
[15:47:10] Step 8: Verifying connection continuity...
[15:47:13]   Client output (tail): PP 5 -> 5
[15:47:14]   Server connections so far: 1
[15:47:14] ✓ SUCCESS: Client restored and TCP socket appears established
[15:47:14] Total downtime: 6208 ms
[15:47:14] Metrics saved to /home/ivo/Evaluation-of-Live-Migration-Strategies-at-the-Edge/Network-live-migration/metrics/migration_metrics.csv
[exit=0]

$ python3 /home/ivo/Evaluation-of-Live-Migration-Strategies-at-the-Edge/Network-live-migration/scripts/setup/reset_nodes.py edge-node-1 edge-node-2 edge-host-1 10.138.215.250
[15:47:15] Resetting nodes: edge-node-1 -> edge-node-2 (server: edge-host-1, vip: 10.138.215.250)
[15:47:15] Step 1: Killing any existing processes on source...
[15:47:15]   Killing PID 28066 (from /home/ubuntu/tcp_client.pid)
[15:47:16]   Killing PID 28066 (from /home/ubuntu/client.pid)
[15:47:16]   Killing any remaining background processes...
[15:47:17] Step 2: Cleaning source node...
[15:47:19] Step 3: Cleaning destination node...
[15:47:19]   Killing PID 28066 on destination (from /home/ubuntu/tcp_client.pid)
[15:47:20]   Killing PID 28066 on destination (from /home/ubuntu/client.pid)
[15:47:21]   Killing all remaining TCP processes on destination...
[15:47:24] Step 4: Cleaning server node (edge-host-1)...
[15:47:24]   Killing PID 1076482 on server (from /home/ubuntu/tcp_server.pid)
[15:47:26] ✓ Reset complete, nodes are clean
[15:47:26]   Next: Start your application
[exit=0]

$ bash /home/ivo/Evaluation-of-Live-Migration-Strategies-at-the-Edge/Network-live-migration/scripts/workloads/start_tcp_server.sh edge-host-1 5000
[tcp-server] Ensuring tcp-howto binary on edge-host-1...
[tcp-server] Reusing existing /tmp/tcp-howto on edge-host-1
[tcp-server] Starting on edge-host-1 (port 5000)...
[tcp-server] Waiting for listen...
✓ TCP server listening on edge-host-1:5000
[tcp-server] Logs: multipass exec edge-host-1 -- tail -f /home/ubuntu/tcp_server.out
[exit=0]

$ bash /home/ivo/Evaluation-of-Live-Migration-Strategies-at-the-Edge/Network-live-migration/scripts/workloads/start_tcp_client.sh edge-node-1 edge-host-1 5000
[tcp-client] Server endpoint: 10.138.215.36:5000
[tcp-client] Client VIP: 10.138.215.250
[tcp-client] Ensuring tcp-howto binary on edge-node-1...
[tcp-client] Reusing existing /tmp/tcp-howto on edge-node-1
[tcp-client] Ensuring VIP 10.138.215.250 is present on edge-node-1...
ARPING 10.138.215.250 from 10.138.215.250 ens3
Sent 3 probes (3 broadcast(s))
Received 0 response(s)
[tcp-client] Starting on edge-node-1...
[tcp-client] Waiting for established TCP connection...
✓ TCP client connected (PID: 30069)
[tcp-client] Logs: multipass exec edge-node-1 -- tail -f /home/ubuntu/tcp_client.out
[exit=0]

$ python3 /home/ivo/Evaluation-of-Live-Migration-Strategies-at-the-Edge/Network-live-migration/scripts/orchestrators/tcp_client_benchmark.py cold --source edge-node-1 --dest edge-node-2 --server edge-host-1 --transfer-mode direct --run-id 11-05-2026-direct-cold-0014 --csv /home/ivo/Evaluation-of-Live-Migration-Strategies-at-the-Edge/Network-live-migration/metrics/migration_metrics.csv --profile-name 3_LTE
[15:47:35] === TCP CLIENT MIGRATION ===
[15:47:35] Run ID: 11-05-2026-direct-cold-0014
[15:47:35] Source: edge-node-1, Dest: edge-node-2
[15:47:35] Server: edge-host-1
[15:47:35] Transfer mode: direct

[15:47:35] === TCP CLIENT COLD MIGRATION ===
[15:47:35] Step 1: Checking source client process...
[15:47:35]   Using PID from /home/ubuntu/tcp_client.pid: 30069
[15:47:36]   Server connections so far: 1
[15:47:36] Step 2: Dumping client with CRIU (--tcp-established)...
[15:47:37] Step 2.5: Moving VIP to destination...
[15:47:37]   Moving VIP 10.138.215.250 from edge-node-1:ens3 -> edge-node-2:ens3
[15:47:42] Step 3: Creating archive...
[15:47:43] Step 4: Transferring archive...
[15:47:43]   Setting up direct SSH trust...
Setting up SSH trust: edge-node-1 → ubuntu@10.138.215.137
  Adding public key to destination's authorized_keys...
  Testing SSH connectivity...
  ✓ SSH trust ready
Setting up SSH trust: edge-node-1 → ubuntu@10.138.215.137
  Adding public key to destination's authorized_keys...
  Testing SSH connectivity...
  ✓ SSH trust ready
  Transferring /home/ubuntu/CRIU-tcp-client.tar.gz via SCP...
[15:47:51] Step 5: Unpacking on destination...
[15:47:51] Step 6: Preparing restore environment...
[15:47:52] Step 7: Restoring client with CRIU (--tcp-established)...
[15:47:52]   Restored PID: 30069
[15:47:52] Step 8: Verifying connection continuity...
[15:47:56]   Client output (tail): PP 5 -> 5
[15:47:56]   Server connections so far: 1
[15:47:56] ✓ SUCCESS: Client restored and TCP socket appears established
[15:47:56] Total downtime: 5998 ms
[15:47:56] Metrics saved to /home/ivo/Evaluation-of-Live-Migration-Strategies-at-the-Edge/Network-live-migration/metrics/migration_metrics.csv
[exit=0]

$ python3 /home/ivo/Evaluation-of-Live-Migration-Strategies-at-the-Edge/Network-live-migration/scripts/setup/reset_nodes.py edge-node-1 edge-node-2 edge-host-1 10.138.215.250
[15:47:57] Resetting nodes: edge-node-1 -> edge-node-2 (server: edge-host-1, vip: 10.138.215.250)
[15:47:57] Step 1: Killing any existing processes on source...
[15:47:57]   Killing PID 30069 (from /home/ubuntu/tcp_client.pid)
[15:47:58]   Killing PID 30069 (from /home/ubuntu/client.pid)
[15:47:58]   Killing any remaining background processes...
[15:48:00] Step 2: Cleaning source node...
[15:48:01] Step 3: Cleaning destination node...
[15:48:02]   Killing PID 30069 on destination (from /home/ubuntu/tcp_client.pid)
[15:48:03]   Killing PID 30069 on destination (from /home/ubuntu/client.pid)
[15:48:03]   Killing all remaining TCP processes on destination...
[15:48:06] Step 4: Cleaning server node (edge-host-1)...
[15:48:07]   Killing PID 1077530 on server (from /home/ubuntu/tcp_server.pid)
[15:48:09] ✓ Reset complete, nodes are clean
[15:48:09]   Next: Start your application
[exit=0]

$ bash /home/ivo/Evaluation-of-Live-Migration-Strategies-at-the-Edge/Network-live-migration/scripts/workloads/start_tcp_server.sh edge-host-1 5000
[tcp-server] Ensuring tcp-howto binary on edge-host-1...
[tcp-server] Reusing existing /tmp/tcp-howto on edge-host-1
[tcp-server] Starting on edge-host-1 (port 5000)...
[tcp-server] Waiting for listen...
✓ TCP server listening on edge-host-1:5000
[tcp-server] Logs: multipass exec edge-host-1 -- tail -f /home/ubuntu/tcp_server.out
[exit=0]

$ bash /home/ivo/Evaluation-of-Live-Migration-Strategies-at-the-Edge/Network-live-migration/scripts/workloads/start_tcp_client.sh edge-node-1 edge-host-1 5000
[tcp-client] Server endpoint: 10.138.215.36:5000
[tcp-client] Client VIP: 10.138.215.250
[tcp-client] Ensuring tcp-howto binary on edge-node-1...
[tcp-client] Reusing existing /tmp/tcp-howto on edge-node-1
[tcp-client] Ensuring VIP 10.138.215.250 is present on edge-node-1...
ARPING 10.138.215.250 from 10.138.215.250 ens3
Sent 3 probes (3 broadcast(s))
Received 0 response(s)
[tcp-client] Starting on edge-node-1...
[tcp-client] Waiting for established TCP connection...
✓ TCP client connected (PID: 32073)
[tcp-client] Logs: multipass exec edge-node-1 -- tail -f /home/ubuntu/tcp_client.out
[exit=0]

$ python3 /home/ivo/Evaluation-of-Live-Migration-Strategies-at-the-Edge/Network-live-migration/scripts/orchestrators/tcp_client_benchmark.py cold --source edge-node-1 --dest edge-node-2 --server edge-host-1 --transfer-mode direct --run-id 11-05-2026-direct-cold-0015 --csv /home/ivo/Evaluation-of-Live-Migration-Strategies-at-the-Edge/Network-live-migration/metrics/migration_metrics.csv --profile-name 3_LTE
[15:48:17] === TCP CLIENT MIGRATION ===
[15:48:17] Run ID: 11-05-2026-direct-cold-0015
[15:48:17] Source: edge-node-1, Dest: edge-node-2
[15:48:17] Server: edge-host-1
[15:48:17] Transfer mode: direct

[15:48:17] === TCP CLIENT COLD MIGRATION ===
[15:48:17] Step 1: Checking source client process...
[15:48:18]   Using PID from /home/ubuntu/tcp_client.pid: 32073
[15:48:19]   Server connections so far: 1
[15:48:19] Step 2: Dumping client with CRIU (--tcp-established)...
[15:48:20] Step 2.5: Moving VIP to destination...
[15:48:20]   Moving VIP 10.138.215.250 from edge-node-1:ens3 -> edge-node-2:ens3
[15:48:25] Step 3: Creating archive...
[15:48:26] Step 4: Transferring archive...
[15:48:26]   Setting up direct SSH trust...
Setting up SSH trust: edge-node-1 → ubuntu@10.138.215.137
  Adding public key to destination's authorized_keys...
  Testing SSH connectivity...
  ✓ SSH trust ready
Setting up SSH trust: edge-node-1 → ubuntu@10.138.215.137
  Adding public key to destination's authorized_keys...
  Testing SSH connectivity...
  ✓ SSH trust ready
  Transferring /home/ubuntu/CRIU-tcp-client.tar.gz via SCP...
[15:48:34] Step 5: Unpacking on destination...
[15:48:34] Step 6: Preparing restore environment...
[15:48:35] Step 7: Restoring client with CRIU (--tcp-established)...
[15:48:35]   Restored PID: 32073
[15:48:35] Step 8: Verifying connection continuity...
[15:48:38]   Client output (tail): PP 5 -> 5
[15:48:39]   Server connections so far: 1
[15:48:39] ✓ SUCCESS: Client restored and TCP socket appears established
[15:48:39] Total downtime: 6108 ms
[15:48:39] Metrics saved to /home/ivo/Evaluation-of-Live-Migration-Strategies-at-the-Edge/Network-live-migration/metrics/migration_metrics.csv
[exit=0]

$ python3 /home/ivo/Evaluation-of-Live-Migration-Strategies-at-the-Edge/Network-live-migration/scripts/setup/reset_nodes.py edge-node-1 edge-node-2 edge-host-1 10.138.215.250
[15:48:40] Resetting nodes: edge-node-1 -> edge-node-2 (server: edge-host-1, vip: 10.138.215.250)
[15:48:40] Step 1: Killing any existing processes on source...
[15:48:40]   Killing PID 32073 (from /home/ubuntu/tcp_client.pid)
[15:48:41]   Killing PID 32073 (from /home/ubuntu/client.pid)
[15:48:41]   Killing any remaining background processes...
[15:48:43] Step 2: Cleaning source node...
[15:48:44] Step 3: Cleaning destination node...
[15:48:44]   Killing PID 32073 on destination (from /home/ubuntu/tcp_client.pid)
[15:48:45]   Killing PID 32073 on destination (from /home/ubuntu/client.pid)
[15:48:46]   Killing all remaining TCP processes on destination...
[15:48:49] Step 4: Cleaning server node (edge-host-1)...
[15:48:49]   Killing PID 1078565 on server (from /home/ubuntu/tcp_server.pid)
[15:48:51] ✓ Reset complete, nodes are clean
[15:48:51]   Next: Start your application
[exit=0]

$ bash /home/ivo/Evaluation-of-Live-Migration-Strategies-at-the-Edge/Network-live-migration/scripts/workloads/start_tcp_server.sh edge-host-1 5000
[tcp-server] Ensuring tcp-howto binary on edge-host-1...
[tcp-server] Reusing existing /tmp/tcp-howto on edge-host-1
[tcp-server] Starting on edge-host-1 (port 5000)...
[tcp-server] Waiting for listen...
✓ TCP server listening on edge-host-1:5000
[tcp-server] Logs: multipass exec edge-host-1 -- tail -f /home/ubuntu/tcp_server.out
[exit=0]

$ bash /home/ivo/Evaluation-of-Live-Migration-Strategies-at-the-Edge/Network-live-migration/scripts/workloads/start_tcp_client.sh edge-node-1 edge-host-1 5000
[tcp-client] Server endpoint: 10.138.215.36:5000
[tcp-client] Client VIP: 10.138.215.250
[tcp-client] Ensuring tcp-howto binary on edge-node-1...
[tcp-client] Reusing existing /tmp/tcp-howto on edge-node-1
[tcp-client] Ensuring VIP 10.138.215.250 is present on edge-node-1...
ARPING 10.138.215.250 from 10.138.215.250 ens3
Sent 3 probes (3 broadcast(s))
Received 0 response(s)
[tcp-client] Starting on edge-node-1...
[tcp-client] Waiting for established TCP connection...
✓ TCP client connected (PID: 34085)
[tcp-client] Logs: multipass exec edge-node-1 -- tail -f /home/ubuntu/tcp_client.out
[exit=0]

$ python3 /home/ivo/Evaluation-of-Live-Migration-Strategies-at-the-Edge/Network-live-migration/scripts/orchestrators/tcp_client_benchmark.py cold --source edge-node-1 --dest edge-node-2 --server edge-host-1 --transfer-mode direct --run-id 11-05-2026-direct-cold-0016 --csv /home/ivo/Evaluation-of-Live-Migration-Strategies-at-the-Edge/Network-live-migration/metrics/migration_metrics.csv --profile-name 3_LTE
[15:49:00] === TCP CLIENT MIGRATION ===
[15:49:00] Run ID: 11-05-2026-direct-cold-0016
[15:49:00] Source: edge-node-1, Dest: edge-node-2
[15:49:00] Server: edge-host-1
[15:49:00] Transfer mode: direct

[15:49:00] === TCP CLIENT COLD MIGRATION ===
[15:49:00] Step 1: Checking source client process...
[15:49:01]   Using PID from /home/ubuntu/tcp_client.pid: 34085
[15:49:01]   Server connections so far: 1
[15:49:02] Step 2: Dumping client with CRIU (--tcp-established)...
[15:49:02] Step 2.5: Moving VIP to destination...
[15:49:03]   Moving VIP 10.138.215.250 from edge-node-1:ens3 -> edge-node-2:ens3
[15:49:08] Step 3: Creating archive...
[15:49:09] Step 4: Transferring archive...
[15:49:09]   Setting up direct SSH trust...
Setting up SSH trust: edge-node-1 → ubuntu@10.138.215.137
  Adding public key to destination's authorized_keys...
  Testing SSH connectivity...
  ✓ SSH trust ready
Setting up SSH trust: edge-node-1 → ubuntu@10.138.215.137
  Adding public key to destination's authorized_keys...
  Testing SSH connectivity...
  ✓ SSH trust ready
  Transferring /home/ubuntu/CRIU-tcp-client.tar.gz via SCP...
[15:49:17] Step 5: Unpacking on destination...
[15:49:17] Step 6: Preparing restore environment...
[15:49:18] Step 7: Restoring client with CRIU (--tcp-established)...
[15:49:18]   Restored PID: 34085
[15:49:18] Step 8: Verifying connection continuity...
[15:49:22]   Client output (tail): PP 5 -> 5
[15:49:22]   Server connections so far: 1
[15:49:22] ✓ SUCCESS: Client restored and TCP socket appears established
[15:49:22] Total downtime: 6064 ms
[15:49:22] Metrics saved to /home/ivo/Evaluation-of-Live-Migration-Strategies-at-the-Edge/Network-live-migration/metrics/migration_metrics.csv
[exit=0]

$ python3 /home/ivo/Evaluation-of-Live-Migration-Strategies-at-the-Edge/Network-live-migration/scripts/setup/reset_nodes.py edge-node-1 edge-node-2 edge-host-1 10.138.215.250
[15:49:23] Resetting nodes: edge-node-1 -> edge-node-2 (server: edge-host-1, vip: 10.138.215.250)
[15:49:23] Step 1: Killing any existing processes on source...
[15:49:23]   Killing PID 34085 (from /home/ubuntu/tcp_client.pid)
[15:49:24]   Killing PID 34085 (from /home/ubuntu/client.pid)
[15:49:24]   Killing any remaining background processes...
[15:49:26] Step 2: Cleaning source node...
[15:49:28] Step 3: Cleaning destination node...
[15:49:28]   Killing PID 34085 on destination (from /home/ubuntu/tcp_client.pid)
[15:49:28]   Killing PID 34085 on destination (from /home/ubuntu/client.pid)
[15:49:29]   Killing all remaining TCP processes on destination...
[15:49:32] Step 4: Cleaning server node (edge-host-1)...
[15:49:32]   Killing PID 1079857 on server (from /home/ubuntu/tcp_server.pid)
[15:49:35] ✓ Reset complete, nodes are clean
[15:49:35]   Next: Start your application
[exit=0]

$ bash /home/ivo/Evaluation-of-Live-Migration-Strategies-at-the-Edge/Network-live-migration/scripts/workloads/start_tcp_server.sh edge-host-1 5000
[tcp-server] Ensuring tcp-howto binary on edge-host-1...
[tcp-server] Reusing existing /tmp/tcp-howto on edge-host-1
[tcp-server] Starting on edge-host-1 (port 5000)...
[tcp-server] Waiting for listen...
✓ TCP server listening on edge-host-1:5000
[tcp-server] Logs: multipass exec edge-host-1 -- tail -f /home/ubuntu/tcp_server.out
[exit=0]

$ bash /home/ivo/Evaluation-of-Live-Migration-Strategies-at-the-Edge/Network-live-migration/scripts/workloads/start_tcp_client.sh edge-node-1 edge-host-1 5000
[tcp-client] Server endpoint: 10.138.215.36:5000
[tcp-client] Client VIP: 10.138.215.250
[tcp-client] Ensuring tcp-howto binary on edge-node-1...
[tcp-client] Reusing existing /tmp/tcp-howto on edge-node-1
[tcp-client] Ensuring VIP 10.138.215.250 is present on edge-node-1...
ARPING 10.138.215.250 from 10.138.215.250 ens3
Sent 3 probes (3 broadcast(s))
Received 0 response(s)
[tcp-client] Starting on edge-node-1...
[tcp-client] Waiting for established TCP connection...
✓ TCP client connected (PID: 36079)
[tcp-client] Logs: multipass exec edge-node-1 -- tail -f /home/ubuntu/tcp_client.out
[exit=0]

$ python3 /home/ivo/Evaluation-of-Live-Migration-Strategies-at-the-Edge/Network-live-migration/scripts/orchestrators/tcp_client_benchmark.py cold --source edge-node-1 --dest edge-node-2 --server edge-host-1 --transfer-mode direct --run-id 11-05-2026-direct-cold-0017 --csv /home/ivo/Evaluation-of-Live-Migration-Strategies-at-the-Edge/Network-live-migration/metrics/migration_metrics.csv --profile-name 3_LTE
[15:49:43] === TCP CLIENT MIGRATION ===
[15:49:43] Run ID: 11-05-2026-direct-cold-0017
[15:49:43] Source: edge-node-1, Dest: edge-node-2
[15:49:43] Server: edge-host-1
[15:49:43] Transfer mode: direct

[15:49:43] === TCP CLIENT COLD MIGRATION ===
[15:49:43] Step 1: Checking source client process...
[15:49:43]   Using PID from /home/ubuntu/tcp_client.pid: 36079
[15:49:44]   Server connections so far: 1
[15:49:45] Step 2: Dumping client with CRIU (--tcp-established)...
[15:49:45] Step 2.5: Moving VIP to destination...
[15:49:46]   Moving VIP 10.138.215.250 from edge-node-1:ens3 -> edge-node-2:ens3
[15:49:50] Step 3: Creating archive...
[15:49:51] Step 4: Transferring archive...
[15:49:51]   Setting up direct SSH trust...
Setting up SSH trust: edge-node-1 → ubuntu@10.138.215.137
  Adding public key to destination's authorized_keys...
  Testing SSH connectivity...
  ✓ SSH trust ready
Setting up SSH trust: edge-node-1 → ubuntu@10.138.215.137
  Adding public key to destination's authorized_keys...
  Testing SSH connectivity...
  ✓ SSH trust ready
  Transferring /home/ubuntu/CRIU-tcp-client.tar.gz via SCP...
[15:49:59] Step 5: Unpacking on destination...
[15:49:59] Step 6: Preparing restore environment...
[15:50:00] Step 7: Restoring client with CRIU (--tcp-established)...
[15:50:01]   Restored PID: 36079
[15:50:01] Step 8: Verifying connection continuity...
[15:50:04]   Client output (tail): PP 5 -> 5
[15:50:05]   Server connections so far: 1
[15:50:05] ✓ SUCCESS: Client restored and TCP socket appears established
[15:50:05] Total downtime: 5961 ms
[15:50:05] Metrics saved to /home/ivo/Evaluation-of-Live-Migration-Strategies-at-the-Edge/Network-live-migration/metrics/migration_metrics.csv
[exit=0]

$ python3 /home/ivo/Evaluation-of-Live-Migration-Strategies-at-the-Edge/Network-live-migration/scripts/setup/reset_nodes.py edge-node-1 edge-node-2 edge-host-1 10.138.215.250
[15:50:06] Resetting nodes: edge-node-1 -> edge-node-2 (server: edge-host-1, vip: 10.138.215.250)
[15:50:06] Step 1: Killing any existing processes on source...
[15:50:06]   Killing PID 36079 (from /home/ubuntu/tcp_client.pid)
[15:50:07]   Killing PID 36079 (from /home/ubuntu/client.pid)
[15:50:07]   Killing any remaining background processes...
[15:50:08] Step 2: Cleaning source node...
[15:50:10] Step 3: Cleaning destination node...
[15:50:10]   Killing PID 36079 on destination (from /home/ubuntu/tcp_client.pid)
[15:50:11]   Killing PID 36079 on destination (from /home/ubuntu/client.pid)
[15:50:12]   Killing all remaining TCP processes on destination...
[15:50:15] Step 4: Cleaning server node (edge-host-1)...
[15:50:15]   Killing PID 1080898 on server (from /home/ubuntu/tcp_server.pid)
[15:50:17] ✓ Reset complete, nodes are clean
[15:50:17]   Next: Start your application
[exit=0]

$ bash /home/ivo/Evaluation-of-Live-Migration-Strategies-at-the-Edge/Network-live-migration/scripts/workloads/start_tcp_server.sh edge-host-1 5000
[tcp-server] Ensuring tcp-howto binary on edge-host-1...
[tcp-server] Reusing existing /tmp/tcp-howto on edge-host-1
[tcp-server] Starting on edge-host-1 (port 5000)...
[tcp-server] Waiting for listen...
✓ TCP server listening on edge-host-1:5000
[tcp-server] Logs: multipass exec edge-host-1 -- tail -f /home/ubuntu/tcp_server.out
[exit=0]

$ bash /home/ivo/Evaluation-of-Live-Migration-Strategies-at-the-Edge/Network-live-migration/scripts/workloads/start_tcp_client.sh edge-node-1 edge-host-1 5000
[tcp-client] Server endpoint: 10.138.215.36:5000
[tcp-client] Client VIP: 10.138.215.250
[tcp-client] Ensuring tcp-howto binary on edge-node-1...
[tcp-client] Reusing existing /tmp/tcp-howto on edge-node-1
[tcp-client] Ensuring VIP 10.138.215.250 is present on edge-node-1...
ARPING 10.138.215.250 from 10.138.215.250 ens3
Sent 3 probes (3 broadcast(s))
Received 0 response(s)
[tcp-client] Starting on edge-node-1...
[tcp-client] Waiting for established TCP connection...
✓ TCP client connected (PID: 38343)
[tcp-client] Logs: multipass exec edge-node-1 -- tail -f /home/ubuntu/tcp_client.out
[exit=0]

$ python3 /home/ivo/Evaluation-of-Live-Migration-Strategies-at-the-Edge/Network-live-migration/scripts/orchestrators/tcp_client_benchmark.py cold --source edge-node-1 --dest edge-node-2 --server edge-host-1 --transfer-mode direct --run-id 11-05-2026-direct-cold-0018 --csv /home/ivo/Evaluation-of-Live-Migration-Strategies-at-the-Edge/Network-live-migration/metrics/migration_metrics.csv --profile-name 3_LTE
[15:50:26] === TCP CLIENT MIGRATION ===
[15:50:26] Run ID: 11-05-2026-direct-cold-0018
[15:50:26] Source: edge-node-1, Dest: edge-node-2
[15:50:26] Server: edge-host-1
[15:50:26] Transfer mode: direct

[15:50:26] === TCP CLIENT COLD MIGRATION ===
[15:50:26] Step 1: Checking source client process...
[15:50:26]   Using PID from /home/ubuntu/tcp_client.pid: 38343
[15:50:27]   Server connections so far: 1
[15:50:28] Step 2: Dumping client with CRIU (--tcp-established)...
[15:50:28] Step 2.5: Moving VIP to destination...
[15:50:29]   Moving VIP 10.138.215.250 from edge-node-1:ens3 -> edge-node-2:ens3
[15:50:33] Step 3: Creating archive...
[15:50:34] Step 4: Transferring archive...
[15:50:34]   Setting up direct SSH trust...
Setting up SSH trust: edge-node-1 → ubuntu@10.138.215.137
  Adding public key to destination's authorized_keys...
  Testing SSH connectivity...
  ✓ SSH trust ready
Setting up SSH trust: edge-node-1 → ubuntu@10.138.215.137
  Adding public key to destination's authorized_keys...
  Testing SSH connectivity...
  ✓ SSH trust ready
  Transferring /home/ubuntu/CRIU-tcp-client.tar.gz via SCP...
[15:50:42] Step 5: Unpacking on destination...
[15:50:42] Step 6: Preparing restore environment...
[15:50:43] Step 7: Restoring client with CRIU (--tcp-established)...
[15:50:43]   Restored PID: 38343
[15:50:43] Step 8: Verifying connection continuity...
[15:50:47]   Client output (tail): PP 5 -> 5
[15:50:47]   Server connections so far: 1
[15:50:47] ✓ SUCCESS: Client restored and TCP socket appears established
[15:50:47] Total downtime: 6046 ms
[15:50:47] Metrics saved to /home/ivo/Evaluation-of-Live-Migration-Strategies-at-the-Edge/Network-live-migration/metrics/migration_metrics.csv
[exit=0]

$ python3 /home/ivo/Evaluation-of-Live-Migration-Strategies-at-the-Edge/Network-live-migration/scripts/setup/reset_nodes.py edge-node-1 edge-node-2 edge-host-1 10.138.215.250
[15:50:48] Resetting nodes: edge-node-1 -> edge-node-2 (server: edge-host-1, vip: 10.138.215.250)
[15:50:48] Step 1: Killing any existing processes on source...
[15:50:48]   Killing PID 38343 (from /home/ubuntu/tcp_client.pid)
[15:50:49]   Killing PID 38343 (from /home/ubuntu/client.pid)
[15:50:49]   Killing any remaining background processes...
[15:50:51] Step 2: Cleaning source node...
[15:50:52] Step 3: Cleaning destination node...
[15:50:53]   Killing PID 38343 on destination (from /home/ubuntu/tcp_client.pid)
[15:50:53]   Killing PID 38343 on destination (from /home/ubuntu/client.pid)
[15:50:54]   Killing all remaining TCP processes on destination...
[15:50:57] Step 4: Cleaning server node (edge-host-1)...
[15:50:57]   Killing PID 1081931 on server (from /home/ubuntu/tcp_server.pid)
[15:50:59] ✓ Reset complete, nodes are clean
[15:50:59]   Next: Start your application
[exit=0]

$ bash /home/ivo/Evaluation-of-Live-Migration-Strategies-at-the-Edge/Network-live-migration/scripts/workloads/start_tcp_server.sh edge-host-1 5000
[tcp-server] Ensuring tcp-howto binary on edge-host-1...
[tcp-server] Reusing existing /tmp/tcp-howto on edge-host-1
[tcp-server] Starting on edge-host-1 (port 5000)...
[tcp-server] Waiting for listen...
✓ TCP server listening on edge-host-1:5000
[tcp-server] Logs: multipass exec edge-host-1 -- tail -f /home/ubuntu/tcp_server.out
[exit=0]

$ bash /home/ivo/Evaluation-of-Live-Migration-Strategies-at-the-Edge/Network-live-migration/scripts/workloads/start_tcp_client.sh edge-node-1 edge-host-1 5000
[tcp-client] Server endpoint: 10.138.215.36:5000
[tcp-client] Client VIP: 10.138.215.250
[tcp-client] Ensuring tcp-howto binary on edge-node-1...
[tcp-client] Reusing existing /tmp/tcp-howto on edge-node-1
[tcp-client] Ensuring VIP 10.138.215.250 is present on edge-node-1...
ARPING 10.138.215.250 from 10.138.215.250 ens3
Sent 3 probes (3 broadcast(s))
Received 0 response(s)
[tcp-client] Starting on edge-node-1...
[tcp-client] Waiting for established TCP connection...
✓ TCP client connected (PID: 40336)
[tcp-client] Logs: multipass exec edge-node-1 -- tail -f /home/ubuntu/tcp_client.out
[exit=0]

$ python3 /home/ivo/Evaluation-of-Live-Migration-Strategies-at-the-Edge/Network-live-migration/scripts/orchestrators/tcp_client_benchmark.py cold --source edge-node-1 --dest edge-node-2 --server edge-host-1 --transfer-mode direct --run-id 11-05-2026-direct-cold-0019 --csv /home/ivo/Evaluation-of-Live-Migration-Strategies-at-the-Edge/Network-live-migration/metrics/migration_metrics.csv --profile-name 3_LTE
[15:51:08] === TCP CLIENT MIGRATION ===
[15:51:08] Run ID: 11-05-2026-direct-cold-0019
[15:51:08] Source: edge-node-1, Dest: edge-node-2
[15:51:08] Server: edge-host-1
[15:51:08] Transfer mode: direct

[15:51:08] === TCP CLIENT COLD MIGRATION ===
[15:51:08] Step 1: Checking source client process...
[15:51:09]   Using PID from /home/ubuntu/tcp_client.pid: 40336
[15:51:10]   Server connections so far: 1
[15:51:10] Step 2: Dumping client with CRIU (--tcp-established)...
[15:51:11] Step 2.5: Moving VIP to destination...
[15:51:11]   Moving VIP 10.138.215.250 from edge-node-1:ens3 -> edge-node-2:ens3
[15:51:16] Step 3: Creating archive...
[15:51:17] Step 4: Transferring archive...
[15:51:17]   Setting up direct SSH trust...
Setting up SSH trust: edge-node-1 → ubuntu@10.138.215.137
  Adding public key to destination's authorized_keys...
  Testing SSH connectivity...
  ✓ SSH trust ready
Setting up SSH trust: edge-node-1 → ubuntu@10.138.215.137
  Adding public key to destination's authorized_keys...
  Testing SSH connectivity...
  ✓ SSH trust ready
  Transferring /home/ubuntu/CRIU-tcp-client.tar.gz via SCP...
[15:51:25] Step 5: Unpacking on destination...
[15:51:25] Step 6: Preparing restore environment...
[15:51:26] Step 7: Restoring client with CRIU (--tcp-established)...
[15:51:26]   Restored PID: 40336
[15:51:26] Step 8: Verifying connection continuity...
[15:51:30]   Client output (tail): PP 5 -> 5
[15:51:31]   Server connections so far: 1
[15:51:31] ✓ SUCCESS: Client restored and TCP socket appears established
[15:51:31] Total downtime: 6005 ms
[15:51:31] Metrics saved to /home/ivo/Evaluation-of-Live-Migration-Strategies-at-the-Edge/Network-live-migration/metrics/migration_metrics.csv
[exit=0]

$ python3 /home/ivo/Evaluation-of-Live-Migration-Strategies-at-the-Edge/Network-live-migration/scripts/setup/reset_nodes.py edge-node-1 edge-node-2 edge-host-1 10.138.215.250
[15:51:31] Resetting nodes: edge-node-1 -> edge-node-2 (server: edge-host-1, vip: 10.138.215.250)
[15:51:31] Step 1: Killing any existing processes on source...
[15:51:31]   Killing PID 40336 (from /home/ubuntu/tcp_client.pid)
[15:51:32]   Killing PID 40336 (from /home/ubuntu/client.pid)
[15:51:33]   Killing any remaining background processes...
[15:51:34] Step 2: Cleaning source node...
[15:51:36] Step 3: Cleaning destination node...
[15:51:36]   Killing PID 40336 on destination (from /home/ubuntu/tcp_client.pid)
[15:51:37]   Killing PID 40336 on destination (from /home/ubuntu/client.pid)
[15:51:37]   Killing all remaining TCP processes on destination...
[15:51:40] Step 4: Cleaning server node (edge-host-1)...
[15:51:41]   Killing PID 1082971 on server (from /home/ubuntu/tcp_server.pid)
[15:51:43] ✓ Reset complete, nodes are clean
[15:51:43]   Next: Start your application
[exit=0]

$ bash /home/ivo/Evaluation-of-Live-Migration-Strategies-at-the-Edge/Network-live-migration/scripts/workloads/start_tcp_server.sh edge-host-1 5000
[tcp-server] Ensuring tcp-howto binary on edge-host-1...
[tcp-server] Reusing existing /tmp/tcp-howto on edge-host-1
[tcp-server] Starting on edge-host-1 (port 5000)...
[tcp-server] Waiting for listen...
✓ TCP server listening on edge-host-1:5000
[tcp-server] Logs: multipass exec edge-host-1 -- tail -f /home/ubuntu/tcp_server.out
[exit=0]

$ bash /home/ivo/Evaluation-of-Live-Migration-Strategies-at-the-Edge/Network-live-migration/scripts/workloads/start_tcp_client.sh edge-node-1 edge-host-1 5000
[tcp-client] Server endpoint: 10.138.215.36:5000
[tcp-client] Client VIP: 10.138.215.250
[tcp-client] Ensuring tcp-howto binary on edge-node-1...
[tcp-client] Reusing existing /tmp/tcp-howto on edge-node-1
[tcp-client] Ensuring VIP 10.138.215.250 is present on edge-node-1...
ARPING 10.138.215.250 from 10.138.215.250 ens3
Sent 3 probes (3 broadcast(s))
Received 0 response(s)
[tcp-client] Starting on edge-node-1...
[tcp-client] Waiting for established TCP connection...
✓ TCP client connected (PID: 42339)
[tcp-client] Logs: multipass exec edge-node-1 -- tail -f /home/ubuntu/tcp_client.out
[exit=0]

$ python3 /home/ivo/Evaluation-of-Live-Migration-Strategies-at-the-Edge/Network-live-migration/scripts/orchestrators/tcp_client_benchmark.py precopy --source edge-node-1 --dest edge-node-2 --server edge-host-1 --transfer-mode host --run-id 11-05-2026-host-precopy-0010 --csv /home/ivo/Evaluation-of-Live-Migration-Strategies-at-the-Edge/Network-live-migration/metrics/migration_metrics.csv --profile-name 3_LTE --relay-node edge-host-1 --iterations 3
[15:51:51] === TCP CLIENT MIGRATION ===
[15:51:51] Run ID: 11-05-2026-host-precopy-0010
[15:51:51] Source: edge-node-1, Dest: edge-node-2
[15:51:51] Server: edge-host-1
[15:51:51] Transfer mode: host
[15:51:51] Relay node: edge-host-1

[15:51:51] === TCP CLIENT PRE-COPY MIGRATION (3 iterations) ===
[15:51:51] Step 1: Checking source client process...
[15:51:52]   Using PID from /home/ubuntu/tcp_client.pid: 42339
[15:51:53]   Server connections so far: 1
[15:51:53] Step 2: Preparing CRIU directory...
[15:51:53] Step 3: Running 3 pre-dumps and transferring them while client keeps running...
[15:51:54]   Pre-dump 1/3 complete
[15:51:54]   Archiving and transferring pre-dump 1...
  Transferring /home/ubuntu/CRIU-tcp-client-iter-0.tar.gz via relay node edge-host-1...
Setting up SSH trust: edge-node-1 → ubuntu@10.138.215.36
  Adding public key to destination's authorized_keys...
  Testing SSH connectivity...
  ✓ SSH trust ready
Setting up SSH trust: edge-host-1 → ubuntu@10.138.215.137
  Adding public key to destination's authorized_keys...
  Testing SSH connectivity...
  ✓ SSH trust ready
[15:52:08]   Pre-dump 2/3 complete
[15:52:08]   Archiving and transferring pre-dump 2...
  Transferring /home/ubuntu/CRIU-tcp-client-iter-1.tar.gz via relay node edge-host-1...
Setting up SSH trust: edge-node-1 → ubuntu@10.138.215.36
  Adding public key to destination's authorized_keys...
  Testing SSH connectivity...
  ✓ SSH trust ready
Setting up SSH trust: edge-host-1 → ubuntu@10.138.215.137
  Adding public key to destination's authorized_keys...
  Testing SSH connectivity...
  ✓ SSH trust ready
[15:52:21]   Pre-dump 3/3 complete
[15:52:21]   Archiving and transferring pre-dump 3...
  Transferring /home/ubuntu/CRIU-tcp-client-iter-2.tar.gz via relay node edge-host-1...
Setting up SSH trust: edge-node-1 → ubuntu@10.138.215.36
  Adding public key to destination's authorized_keys...
  Testing SSH connectivity...
  ✓ SSH trust ready
Setting up SSH trust: edge-host-1 → ubuntu@10.138.215.137
  Adding public key to destination's authorized_keys...
  Testing SSH connectivity...
  ✓ SSH trust ready
[15:52:36]   Pre-copy transfer outside downtime: archive=907 ms, transfer=35156 ms, unpack=967 ms, bytes=23258
[15:52:36] Step 4: Final dump (freezing client)...
[15:52:36] Step 4.5: Moving VIP to destination...
[15:52:37]   Moving VIP 10.138.215.250 from edge-node-1:ens3 -> edge-node-2:ens3
[15:52:41] Step 5: Creating final dump archive...
[15:52:42] Step 6: Transferring archive...
  Transferring /home/ubuntu/CRIU-tcp-client-final.tar.gz via relay node edge-host-1...
Setting up SSH trust: edge-node-1 → ubuntu@10.138.215.36
  Adding public key to destination's authorized_keys...
  Testing SSH connectivity...
  ✓ SSH trust ready
Setting up SSH trust: edge-host-1 → ubuntu@10.138.215.137
  Adding public key to destination's authorized_keys...
  Testing SSH connectivity...
  ✓ SSH trust ready
[15:52:53] Step 7: Unpacking on destination...
[15:52:54] Step 8: Preparing restore environment...
[15:52:54] Step 9: Restoring client (--tcp-established)...
[15:52:55] Step 10: Verifying connection continuity...
[15:52:58]   Client output (tail): PP 27 -> 27
[15:52:59]   Server connections so far: 1
[15:52:59] ✓ SUCCESS: Client restored and TCP socket appears established
[15:52:59] Metrics saved to /home/ivo/Evaluation-of-Live-Migration-Strategies-at-the-Edge/Network-live-migration/metrics/migration_metrics.csv
[exit=0]

$ python3 /home/ivo/Evaluation-of-Live-Migration-Strategies-at-the-Edge/Network-live-migration/scripts/setup/reset_nodes.py edge-node-1 edge-node-2 edge-host-1 10.138.215.250
[15:52:59] Resetting nodes: edge-node-1 -> edge-node-2 (server: edge-host-1, vip: 10.138.215.250)
[15:52:59] Step 1: Killing any existing processes on source...
[15:53:00]   Killing PID 42339 (from /home/ubuntu/tcp_client.pid)
[15:53:00]   Killing PID 42339 (from /home/ubuntu/client.pid)
[15:53:01]   Killing any remaining background processes...
[15:53:02] Step 2: Cleaning source node...
[15:53:04] Step 3: Cleaning destination node...
[15:53:04]   Killing PID 42339 on destination (from /home/ubuntu/tcp_client.pid)
[15:53:05]   Killing PID 42339 on destination (from /home/ubuntu/client.pid)
[15:53:05]   Killing all remaining TCP processes on destination...
[15:53:08] Step 4: Cleaning server node (edge-host-1)...
[15:53:09]   Killing PID 1084020 on server (from /home/ubuntu/tcp_server.pid)
[15:53:11] ✓ Reset complete, nodes are clean
[15:53:11]   Next: Start your application
[exit=0]

$ bash /home/ivo/Evaluation-of-Live-Migration-Strategies-at-the-Edge/Network-live-migration/scripts/workloads/start_tcp_server.sh edge-host-1 5000
[tcp-server] Ensuring tcp-howto binary on edge-host-1...
[tcp-server] Reusing existing /tmp/tcp-howto on edge-host-1
[tcp-server] Starting on edge-host-1 (port 5000)...
[tcp-server] Waiting for listen...
✓ TCP server listening on edge-host-1:5000
[tcp-server] Logs: multipass exec edge-host-1 -- tail -f /home/ubuntu/tcp_server.out
[exit=0]

$ bash /home/ivo/Evaluation-of-Live-Migration-Strategies-at-the-Edge/Network-live-migration/scripts/workloads/start_tcp_client.sh edge-node-1 edge-host-1 5000
[tcp-client] Server endpoint: 10.138.215.36:5000
[tcp-client] Client VIP: 10.138.215.250
[tcp-client] Ensuring tcp-howto binary on edge-node-1...
[tcp-client] Reusing existing /tmp/tcp-howto on edge-node-1
[tcp-client] Ensuring VIP 10.138.215.250 is present on edge-node-1...
ARPING 10.138.215.250 from 10.138.215.250 ens3
Sent 3 probes (3 broadcast(s))
Received 0 response(s)
[tcp-client] Starting on edge-node-1...
[tcp-client] Waiting for established TCP connection...
✓ TCP client connected (PID: 45599)
[tcp-client] Logs: multipass exec edge-node-1 -- tail -f /home/ubuntu/tcp_client.out
[exit=0]

$ python3 /home/ivo/Evaluation-of-Live-Migration-Strategies-at-the-Edge/Network-live-migration/scripts/orchestrators/tcp_client_benchmark.py precopy --source edge-node-1 --dest edge-node-2 --server edge-host-1 --transfer-mode host --run-id 11-05-2026-host-precopy-0011 --csv /home/ivo/Evaluation-of-Live-Migration-Strategies-at-the-Edge/Network-live-migration/metrics/migration_metrics.csv --profile-name 3_LTE --relay-node edge-host-1 --iterations 3
[15:53:20] === TCP CLIENT MIGRATION ===
[15:53:20] Run ID: 11-05-2026-host-precopy-0011
[15:53:20] Source: edge-node-1, Dest: edge-node-2
[15:53:20] Server: edge-host-1
[15:53:20] Transfer mode: host
[15:53:20] Relay node: edge-host-1

[15:53:20] === TCP CLIENT PRE-COPY MIGRATION (3 iterations) ===
[15:53:20] Step 1: Checking source client process...
[15:53:20]   Using PID from /home/ubuntu/tcp_client.pid: 45599
[15:53:21]   Server connections so far: 1
[15:53:22] Step 2: Preparing CRIU directory...
[15:53:22] Step 3: Running 3 pre-dumps and transferring them while client keeps running...
[15:53:22]   Pre-dump 1/3 complete
[15:53:22]   Archiving and transferring pre-dump 1...
  Transferring /home/ubuntu/CRIU-tcp-client-iter-0.tar.gz via relay node edge-host-1...
Setting up SSH trust: edge-node-1 → ubuntu@10.138.215.36
  Adding public key to destination's authorized_keys...
  Testing SSH connectivity...
  ✓ SSH trust ready
Setting up SSH trust: edge-host-1 → ubuntu@10.138.215.137
  Adding public key to destination's authorized_keys...
  Testing SSH connectivity...
  ✓ SSH trust ready
[15:53:36]   Pre-dump 2/3 complete
[15:53:36]   Archiving and transferring pre-dump 2...
  Transferring /home/ubuntu/CRIU-tcp-client-iter-1.tar.gz via relay node edge-host-1...
Setting up SSH trust: edge-node-1 → ubuntu@10.138.215.36
  Adding public key to destination's authorized_keys...
  Testing SSH connectivity...
  ✓ SSH trust ready
Setting up SSH trust: edge-host-1 → ubuntu@10.138.215.137
  Adding public key to destination's authorized_keys...
  Testing SSH connectivity...
  ✓ SSH trust ready
[15:53:49]   Pre-dump 3/3 complete
[15:53:49]   Archiving and transferring pre-dump 3...
  Transferring /home/ubuntu/CRIU-tcp-client-iter-2.tar.gz via relay node edge-host-1...
Setting up SSH trust: edge-node-1 → ubuntu@10.138.215.36
  Adding public key to destination's authorized_keys...
  Testing SSH connectivity...
  ✓ SSH trust ready
Setting up SSH trust: edge-host-1 → ubuntu@10.138.215.137
  Adding public key to destination's authorized_keys...
  Testing SSH connectivity...
  ✓ SSH trust ready
[15:54:02]   Pre-copy transfer outside downtime: archive=871 ms, transfer=34011 ms, unpack=946 ms, bytes=22539
[15:54:02] Step 4: Final dump (freezing client)...
[15:54:03] Step 4.5: Moving VIP to destination...
[15:54:03]   Moving VIP 10.138.215.250 from edge-node-1:ens3 -> edge-node-2:ens3
[15:54:08] Step 5: Creating final dump archive...
[15:54:09] Step 6: Transferring archive...
  Transferring /home/ubuntu/CRIU-tcp-client-final.tar.gz via relay node edge-host-1...
Setting up SSH trust: edge-node-1 → ubuntu@10.138.215.36
  Adding public key to destination's authorized_keys...
  Testing SSH connectivity...
  ✓ SSH trust ready
Setting up SSH trust: edge-host-1 → ubuntu@10.138.215.137
  Adding public key to destination's authorized_keys...
  Testing SSH connectivity...
  ✓ SSH trust ready
[15:54:21] Step 7: Unpacking on destination...
[15:54:21] Step 8: Preparing restore environment...
[15:54:22] Step 9: Restoring client (--tcp-established)...
[15:54:22] Step 10: Verifying connection continuity...
[15:54:25]   Client output (tail): PP 26 -> 26
[15:54:26]   Server connections so far: 1
[15:54:26] ✓ SUCCESS: Client restored and TCP socket appears established
[15:54:26] Metrics saved to /home/ivo/Evaluation-of-Live-Migration-Strategies-at-the-Edge/Network-live-migration/metrics/migration_metrics.csv
[exit=0]

$ python3 /home/ivo/Evaluation-of-Live-Migration-Strategies-at-the-Edge/Network-live-migration/scripts/setup/reset_nodes.py edge-node-1 edge-node-2 edge-host-1 10.138.215.250
[15:54:27] Resetting nodes: edge-node-1 -> edge-node-2 (server: edge-host-1, vip: 10.138.215.250)
[15:54:27] Step 1: Killing any existing processes on source...
[15:54:27]   Killing PID 45599 (from /home/ubuntu/tcp_client.pid)
[15:54:28]   Killing PID 45599 (from /home/ubuntu/client.pid)
[15:54:28]   Killing any remaining background processes...
[15:54:30] Step 2: Cleaning source node...
[15:54:31] Step 3: Cleaning destination node...
[15:54:32]   Killing PID 45599 on destination (from /home/ubuntu/tcp_client.pid)
[15:54:32]   Killing PID 45599 on destination (from /home/ubuntu/client.pid)
[15:54:33]   Killing all remaining TCP processes on destination...
[15:54:36] Step 4: Cleaning server node (edge-host-1)...
[15:54:36]   Killing PID 1087179 on server (from /home/ubuntu/tcp_server.pid)
[15:54:39] ✓ Reset complete, nodes are clean
[15:54:39]   Next: Start your application
[exit=0]

$ bash /home/ivo/Evaluation-of-Live-Migration-Strategies-at-the-Edge/Network-live-migration/scripts/workloads/start_tcp_server.sh edge-host-1 5000
[tcp-server] Ensuring tcp-howto binary on edge-host-1...
[tcp-server] Reusing existing /tmp/tcp-howto on edge-host-1
[tcp-server] Starting on edge-host-1 (port 5000)...
[tcp-server] Waiting for listen...
✓ TCP server listening on edge-host-1:5000
[tcp-server] Logs: multipass exec edge-host-1 -- tail -f /home/ubuntu/tcp_server.out
[exit=0]

$ bash /home/ivo/Evaluation-of-Live-Migration-Strategies-at-the-Edge/Network-live-migration/scripts/workloads/start_tcp_client.sh edge-node-1 edge-host-1 5000
[tcp-client] Server endpoint: 10.138.215.36:5000
[tcp-client] Client VIP: 10.138.215.250
[tcp-client] Ensuring tcp-howto binary on edge-node-1...
[tcp-client] Reusing existing /tmp/tcp-howto on edge-node-1
[tcp-client] Ensuring VIP 10.138.215.250 is present on edge-node-1...
ARPING 10.138.215.250 from 10.138.215.250 ens3
Sent 3 probes (3 broadcast(s))
Received 0 response(s)
[tcp-client] Starting on edge-node-1...
[tcp-client] Waiting for established TCP connection...
✓ TCP client connected (PID: 48847)
[tcp-client] Logs: multipass exec edge-node-1 -- tail -f /home/ubuntu/tcp_client.out
[exit=0]

$ python3 /home/ivo/Evaluation-of-Live-Migration-Strategies-at-the-Edge/Network-live-migration/scripts/orchestrators/tcp_client_benchmark.py precopy --source edge-node-1 --dest edge-node-2 --server edge-host-1 --transfer-mode host --run-id 11-05-2026-host-precopy-0012 --csv /home/ivo/Evaluation-of-Live-Migration-Strategies-at-the-Edge/Network-live-migration/metrics/migration_metrics.csv --profile-name 3_LTE --relay-node edge-host-1 --iterations 3
[15:54:47] === TCP CLIENT MIGRATION ===
[15:54:47] Run ID: 11-05-2026-host-precopy-0012
[15:54:47] Source: edge-node-1, Dest: edge-node-2
[15:54:47] Server: edge-host-1
[15:54:47] Transfer mode: host
[15:54:47] Relay node: edge-host-1

[15:54:47] === TCP CLIENT PRE-COPY MIGRATION (3 iterations) ===
[15:54:47] Step 1: Checking source client process...
[15:54:48]   Using PID from /home/ubuntu/tcp_client.pid: 48847
[15:54:49]   Server connections so far: 1
[15:54:49] Step 2: Preparing CRIU directory...
[15:54:50] Step 3: Running 3 pre-dumps and transferring them while client keeps running...
[15:54:50]   Pre-dump 1/3 complete
[15:54:50]   Archiving and transferring pre-dump 1...
  Transferring /home/ubuntu/CRIU-tcp-client-iter-0.tar.gz via relay node edge-host-1...
Setting up SSH trust: edge-node-1 → ubuntu@10.138.215.36
  Adding public key to destination's authorized_keys...
  Testing SSH connectivity...
  ✓ SSH trust ready
Setting up SSH trust: edge-host-1 → ubuntu@10.138.215.137
  Adding public key to destination's authorized_keys...
  Testing SSH connectivity...
  ✓ SSH trust ready
[15:55:03]   Pre-dump 2/3 complete
[15:55:03]   Archiving and transferring pre-dump 2...
  Transferring /home/ubuntu/CRIU-tcp-client-iter-1.tar.gz via relay node edge-host-1...
Setting up SSH trust: edge-node-1 → ubuntu@10.138.215.36
  Adding public key to destination's authorized_keys...
  Testing SSH connectivity...
  ✓ SSH trust ready
Setting up SSH trust: edge-host-1 → ubuntu@10.138.215.137
  Adding public key to destination's authorized_keys...
  Testing SSH connectivity...
  ✓ SSH trust ready
[15:55:17]   Pre-dump 3/3 complete
[15:55:17]   Archiving and transferring pre-dump 3...
  Transferring /home/ubuntu/CRIU-tcp-client-iter-2.tar.gz via relay node edge-host-1...
Setting up SSH trust: edge-node-1 → ubuntu@10.138.215.36
  Adding public key to destination's authorized_keys...
  Testing SSH connectivity...
  ✓ SSH trust ready
Setting up SSH trust: edge-host-1 → ubuntu@10.138.215.137
  Adding public key to destination's authorized_keys...
  Testing SSH connectivity...
  ✓ SSH trust ready
[15:55:30]   Pre-copy transfer outside downtime: archive=886 ms, transfer=33780 ms, unpack=901 ms, bytes=22310
[15:55:30] Step 4: Final dump (freezing client)...
[15:55:31] Step 4.5: Moving VIP to destination...
[15:55:31]   Moving VIP 10.138.215.250 from edge-node-1:ens3 -> edge-node-2:ens3
[15:55:36] Step 5: Creating final dump archive...
[15:55:37] Step 6: Transferring archive...
  Transferring /home/ubuntu/CRIU-tcp-client-final.tar.gz via relay node edge-host-1...
Setting up SSH trust: edge-node-1 → ubuntu@10.138.215.36
  Adding public key to destination's authorized_keys...
  Testing SSH connectivity...
  ✓ SSH trust ready
Setting up SSH trust: edge-host-1 → ubuntu@10.138.215.137
  Adding public key to destination's authorized_keys...
  Testing SSH connectivity...
  ✓ SSH trust ready
[15:55:48] Step 7: Unpacking on destination...
[15:55:49] Step 8: Preparing restore environment...
[15:55:49] Step 9: Restoring client (--tcp-established)...
[15:55:50] Step 10: Verifying connection continuity...
[15:55:53]   Client output (tail): PP 26 -> 26
[15:55:54]   Server connections so far: 1
[15:55:54] ✓ SUCCESS: Client restored and TCP socket appears established
[15:55:54] Metrics saved to /home/ivo/Evaluation-of-Live-Migration-Strategies-at-the-Edge/Network-live-migration/metrics/migration_metrics.csv
[exit=0]

$ python3 /home/ivo/Evaluation-of-Live-Migration-Strategies-at-the-Edge/Network-live-migration/scripts/setup/reset_nodes.py edge-node-1 edge-node-2 edge-host-1 10.138.215.250
[15:55:54] Resetting nodes: edge-node-1 -> edge-node-2 (server: edge-host-1, vip: 10.138.215.250)
[15:55:54] Step 1: Killing any existing processes on source...
[15:55:55]   Killing PID 48847 (from /home/ubuntu/tcp_client.pid)
[15:55:56]   Killing PID 48847 (from /home/ubuntu/client.pid)
[15:55:56]   Killing any remaining background processes...
[15:55:57] Step 2: Cleaning source node...
[15:55:59] Step 3: Cleaning destination node...
[15:55:59]   Killing PID 48847 on destination (from /home/ubuntu/tcp_client.pid)
[15:56:00]   Killing PID 48847 on destination (from /home/ubuntu/client.pid)
[15:56:01]   Killing all remaining TCP processes on destination...
[15:56:04] Step 4: Cleaning server node (edge-host-1)...
[15:56:04]   Killing PID 1090361 on server (from /home/ubuntu/tcp_server.pid)
[15:56:06] ✓ Reset complete, nodes are clean
[15:56:06]   Next: Start your application
[exit=0]

$ bash /home/ivo/Evaluation-of-Live-Migration-Strategies-at-the-Edge/Network-live-migration/scripts/workloads/start_tcp_server.sh edge-host-1 5000
[tcp-server] Ensuring tcp-howto binary on edge-host-1...
[tcp-server] Reusing existing /tmp/tcp-howto on edge-host-1
[tcp-server] Starting on edge-host-1 (port 5000)...
[tcp-server] Waiting for listen...
✓ TCP server listening on edge-host-1:5000
[tcp-server] Logs: multipass exec edge-host-1 -- tail -f /home/ubuntu/tcp_server.out
[exit=0]

$ bash /home/ivo/Evaluation-of-Live-Migration-Strategies-at-the-Edge/Network-live-migration/scripts/workloads/start_tcp_client.sh edge-node-1 edge-host-1 5000
[tcp-client] Server endpoint: 10.138.215.36:5000
[tcp-client] Client VIP: 10.138.215.250
[tcp-client] Ensuring tcp-howto binary on edge-node-1...
[tcp-client] Reusing existing /tmp/tcp-howto on edge-node-1
[tcp-client] Ensuring VIP 10.138.215.250 is present on edge-node-1...
ARPING 10.138.215.250 from 10.138.215.250 ens3
Sent 3 probes (3 broadcast(s))
Received 0 response(s)
[tcp-client] Starting on edge-node-1...
[tcp-client] Waiting for established TCP connection...
✓ TCP client connected (PID: 52091)
[tcp-client] Logs: multipass exec edge-node-1 -- tail -f /home/ubuntu/tcp_client.out
[exit=0]

$ python3 /home/ivo/Evaluation-of-Live-Migration-Strategies-at-the-Edge/Network-live-migration/scripts/orchestrators/tcp_client_benchmark.py precopy --source edge-node-1 --dest edge-node-2 --server edge-host-1 --transfer-mode host --run-id 11-05-2026-host-precopy-0013 --csv /home/ivo/Evaluation-of-Live-Migration-Strategies-at-the-Edge/Network-live-migration/metrics/migration_metrics.csv --profile-name 3_LTE --relay-node edge-host-1 --iterations 3
[15:56:15] === TCP CLIENT MIGRATION ===
[15:56:15] Run ID: 11-05-2026-host-precopy-0013
[15:56:15] Source: edge-node-1, Dest: edge-node-2
[15:56:15] Server: edge-host-1
[15:56:15] Transfer mode: host
[15:56:15] Relay node: edge-host-1

[15:56:15] === TCP CLIENT PRE-COPY MIGRATION (3 iterations) ===
[15:56:15] Step 1: Checking source client process...
[15:56:15]   Using PID from /home/ubuntu/tcp_client.pid: 52091
[15:56:16]   Server connections so far: 1
[15:56:17] Step 2: Preparing CRIU directory...
[15:56:17] Step 3: Running 3 pre-dumps and transferring them while client keeps running...
[15:56:18]   Pre-dump 1/3 complete
[15:56:18]   Archiving and transferring pre-dump 1...
  Transferring /home/ubuntu/CRIU-tcp-client-iter-0.tar.gz via relay node edge-host-1...
Setting up SSH trust: edge-node-1 → ubuntu@10.138.215.36
  Adding public key to destination's authorized_keys...
  Testing SSH connectivity...
  ✓ SSH trust ready
Setting up SSH trust: edge-host-1 → ubuntu@10.138.215.137
  Adding public key to destination's authorized_keys...
  Testing SSH connectivity...
  ✓ SSH trust ready
[15:56:31]   Pre-dump 2/3 complete
[15:56:31]   Archiving and transferring pre-dump 2...
  Transferring /home/ubuntu/CRIU-tcp-client-iter-1.tar.gz via relay node edge-host-1...
Setting up SSH trust: edge-node-1 → ubuntu@10.138.215.36
  Adding public key to destination's authorized_keys...
  Testing SSH connectivity...
  ✓ SSH trust ready
Setting up SSH trust: edge-host-1 → ubuntu@10.138.215.137
  Adding public key to destination's authorized_keys...
  Testing SSH connectivity...
  ✓ SSH trust ready
[15:56:45]   Pre-dump 3/3 complete
[15:56:45]   Archiving and transferring pre-dump 3...
  Transferring /home/ubuntu/CRIU-tcp-client-iter-2.tar.gz via relay node edge-host-1...
Setting up SSH trust: edge-node-1 → ubuntu@10.138.215.36
  Adding public key to destination's authorized_keys...
  Testing SSH connectivity...
  ✓ SSH trust ready
Setting up SSH trust: edge-host-1 → ubuntu@10.138.215.137
  Adding public key to destination's authorized_keys...
  Testing SSH connectivity...
  ✓ SSH trust ready
[15:56:58]   Pre-copy transfer outside downtime: archive=875 ms, transfer=33714 ms, unpack=938 ms, bytes=22979
[15:56:58] Step 4: Final dump (freezing client)...
[15:56:58] Step 4.5: Moving VIP to destination...
[15:56:59]   Moving VIP 10.138.215.250 from edge-node-1:ens3 -> edge-node-2:ens3
[15:57:03] Step 5: Creating final dump archive...
[15:57:04] Step 6: Transferring archive...
  Transferring /home/ubuntu/CRIU-tcp-client-final.tar.gz via relay node edge-host-1...
Setting up SSH trust: edge-node-1 → ubuntu@10.138.215.36
  Adding public key to destination's authorized_keys...
  Testing SSH connectivity...
  ✓ SSH trust ready
Setting up SSH trust: edge-host-1 → ubuntu@10.138.215.137
  Adding public key to destination's authorized_keys...
  Testing SSH connectivity...
  ✓ SSH trust ready
[15:57:15] Step 7: Unpacking on destination...
[15:57:16] Step 8: Preparing restore environment...
[15:57:16] Step 9: Restoring client (--tcp-established)...
[15:57:17] Step 10: Verifying connection continuity...
[15:57:20]   Client output (tail): PP 26 -> 26
[15:57:21]   Server connections so far: 1
[15:57:21] ✓ SUCCESS: Client restored and TCP socket appears established
[15:57:21] Metrics saved to /home/ivo/Evaluation-of-Live-Migration-Strategies-at-the-Edge/Network-live-migration/metrics/migration_metrics.csv
[exit=0]

$ python3 /home/ivo/Evaluation-of-Live-Migration-Strategies-at-the-Edge/Network-live-migration/scripts/setup/reset_nodes.py edge-node-1 edge-node-2 edge-host-1 10.138.215.250
[15:57:22] Resetting nodes: edge-node-1 -> edge-node-2 (server: edge-host-1, vip: 10.138.215.250)
[15:57:22] Step 1: Killing any existing processes on source...
[15:57:22]   Killing PID 52091 (from /home/ubuntu/tcp_client.pid)
[15:57:23]   Killing PID 52091 (from /home/ubuntu/client.pid)
[15:57:23]   Killing any remaining background processes...
[15:57:25] Step 2: Cleaning source node...
[15:57:26] Step 3: Cleaning destination node...
[15:57:26]   Killing PID 52091 on destination (from /home/ubuntu/tcp_client.pid)
[15:57:27]   Killing PID 52091 on destination (from /home/ubuntu/client.pid)
[15:57:28]   Killing all remaining TCP processes on destination...
[15:57:31] Step 4: Cleaning server node (edge-host-1)...
[15:57:31]   Killing PID 1093523 on server (from /home/ubuntu/tcp_server.pid)
[15:57:33] ✓ Reset complete, nodes are clean
[15:57:33]   Next: Start your application
[exit=0]

$ bash /home/ivo/Evaluation-of-Live-Migration-Strategies-at-the-Edge/Network-live-migration/scripts/workloads/start_tcp_server.sh edge-host-1 5000
[tcp-server] Ensuring tcp-howto binary on edge-host-1...
[tcp-server] Reusing existing /tmp/tcp-howto on edge-host-1
[tcp-server] Starting on edge-host-1 (port 5000)...
[tcp-server] Waiting for listen...
✓ TCP server listening on edge-host-1:5000
[tcp-server] Logs: multipass exec edge-host-1 -- tail -f /home/ubuntu/tcp_server.out
[exit=0]

$ bash /home/ivo/Evaluation-of-Live-Migration-Strategies-at-the-Edge/Network-live-migration/scripts/workloads/start_tcp_client.sh edge-node-1 edge-host-1 5000
[tcp-client] Server endpoint: 10.138.215.36:5000
[tcp-client] Client VIP: 10.138.215.250
[tcp-client] Ensuring tcp-howto binary on edge-node-1...
[tcp-client] Reusing existing /tmp/tcp-howto on edge-node-1
[tcp-client] Ensuring VIP 10.138.215.250 is present on edge-node-1...
ARPING 10.138.215.250 from 10.138.215.250 ens3
Sent 3 probes (3 broadcast(s))
Received 0 response(s)
[tcp-client] Starting on edge-node-1...
[tcp-client] Waiting for established TCP connection...
✓ TCP client connected (PID: 55347)
[tcp-client] Logs: multipass exec edge-node-1 -- tail -f /home/ubuntu/tcp_client.out
[exit=0]

$ python3 /home/ivo/Evaluation-of-Live-Migration-Strategies-at-the-Edge/Network-live-migration/scripts/orchestrators/tcp_client_benchmark.py precopy --source edge-node-1 --dest edge-node-2 --server edge-host-1 --transfer-mode host --run-id 11-05-2026-host-precopy-0014 --csv /home/ivo/Evaluation-of-Live-Migration-Strategies-at-the-Edge/Network-live-migration/metrics/migration_metrics.csv --profile-name 3_LTE --relay-node edge-host-1 --iterations 3
[15:57:42] === TCP CLIENT MIGRATION ===
[15:57:42] Run ID: 11-05-2026-host-precopy-0014
[15:57:42] Source: edge-node-1, Dest: edge-node-2
[15:57:42] Server: edge-host-1
[15:57:42] Transfer mode: host
[15:57:42] Relay node: edge-host-1

[15:57:42] === TCP CLIENT PRE-COPY MIGRATION (3 iterations) ===
[15:57:42] Step 1: Checking source client process...
[15:57:43]   Using PID from /home/ubuntu/tcp_client.pid: 55347
[15:57:43]   Server connections so far: 1
[15:57:44] Step 2: Preparing CRIU directory...
[15:57:44] Step 3: Running 3 pre-dumps and transferring them while client keeps running...
[15:57:45]   Pre-dump 1/3 complete
[15:57:45]   Archiving and transferring pre-dump 1...
  Transferring /home/ubuntu/CRIU-tcp-client-iter-0.tar.gz via relay node edge-host-1...
Setting up SSH trust: edge-node-1 → ubuntu@10.138.215.36
  Adding public key to destination's authorized_keys...
  Testing SSH connectivity...
  ✓ SSH trust ready
Setting up SSH trust: edge-host-1 → ubuntu@10.138.215.137
  Adding public key to destination's authorized_keys...
  Testing SSH connectivity...
  ✓ SSH trust ready
[15:57:58]   Pre-dump 2/3 complete
[15:57:58]   Archiving and transferring pre-dump 2...
  Transferring /home/ubuntu/CRIU-tcp-client-iter-1.tar.gz via relay node edge-host-1...
Setting up SSH trust: edge-node-1 → ubuntu@10.138.215.36
  Adding public key to destination's authorized_keys...
  Testing SSH connectivity...
  ✓ SSH trust ready
Setting up SSH trust: edge-host-1 → ubuntu@10.138.215.137
  Adding public key to destination's authorized_keys...
  Testing SSH connectivity...
  ✓ SSH trust ready
[15:58:11]   Pre-dump 3/3 complete
[15:58:11]   Archiving and transferring pre-dump 3...
  Transferring /home/ubuntu/CRIU-tcp-client-iter-2.tar.gz via relay node edge-host-1...
Setting up SSH trust: edge-node-1 → ubuntu@10.138.215.36
  Adding public key to destination's authorized_keys...
  Testing SSH connectivity...
  ✓ SSH trust ready
Setting up SSH trust: edge-host-1 → ubuntu@10.138.215.137
  Adding public key to destination's authorized_keys...
  Testing SSH connectivity...
  ✓ SSH trust ready
[15:58:25]   Pre-copy transfer outside downtime: archive=997 ms, transfer=33950 ms, unpack=987 ms, bytes=22202
[15:58:25] Step 4: Final dump (freezing client)...
[15:58:26] Step 4.5: Moving VIP to destination...
[15:58:26]   Moving VIP 10.138.215.250 from edge-node-1:ens3 -> edge-node-2:ens3
[15:58:31] Step 5: Creating final dump archive...
[15:58:32] Step 6: Transferring archive...
  Transferring /home/ubuntu/CRIU-tcp-client-final.tar.gz via relay node edge-host-1...
Setting up SSH trust: edge-node-1 → ubuntu@10.138.215.36
  Adding public key to destination's authorized_keys...
  Testing SSH connectivity...
  ✓ SSH trust ready
Setting up SSH trust: edge-host-1 → ubuntu@10.138.215.137
  Adding public key to destination's authorized_keys...
  Testing SSH connectivity...
  ✓ SSH trust ready
[15:58:43] Step 7: Unpacking on destination...
[15:58:44] Step 8: Preparing restore environment...
[15:58:44] Step 9: Restoring client (--tcp-established)...
[15:58:45] Step 10: Verifying connection continuity...
[15:58:48]   Client output (tail): PP 26 -> 26
[15:58:49]   Server connections so far: 1
[15:58:49] ✓ SUCCESS: Client restored and TCP socket appears established
[15:58:49] Metrics saved to /home/ivo/Evaluation-of-Live-Migration-Strategies-at-the-Edge/Network-live-migration/metrics/migration_metrics.csv
[exit=0]

$ python3 /home/ivo/Evaluation-of-Live-Migration-Strategies-at-the-Edge/Network-live-migration/scripts/setup/reset_nodes.py edge-node-1 edge-node-2 edge-host-1 10.138.215.250
[15:58:49] Resetting nodes: edge-node-1 -> edge-node-2 (server: edge-host-1, vip: 10.138.215.250)
[15:58:49] Step 1: Killing any existing processes on source...
[15:58:49]   Killing PID 55347 (from /home/ubuntu/tcp_client.pid)
[15:58:50]   Killing PID 55347 (from /home/ubuntu/client.pid)
[15:58:51]   Killing any remaining background processes...
[15:58:52] Step 2: Cleaning source node...
[15:58:54] Step 3: Cleaning destination node...
[15:58:54]   Killing PID 55347 on destination (from /home/ubuntu/tcp_client.pid)
[15:58:55]   Killing PID 55347 on destination (from /home/ubuntu/client.pid)
[15:58:55]   Killing all remaining TCP processes on destination...
[15:58:58] Step 4: Cleaning server node (edge-host-1)...
[15:58:59]   Killing PID 1096690 on server (from /home/ubuntu/tcp_server.pid)
[15:59:01] ✓ Reset complete, nodes are clean
[15:59:01]   Next: Start your application
[exit=0]

$ bash /home/ivo/Evaluation-of-Live-Migration-Strategies-at-the-Edge/Network-live-migration/scripts/workloads/start_tcp_server.sh edge-host-1 5000
[tcp-server] Ensuring tcp-howto binary on edge-host-1...
[tcp-server] Reusing existing /tmp/tcp-howto on edge-host-1
[tcp-server] Starting on edge-host-1 (port 5000)...
[tcp-server] Waiting for listen...
✓ TCP server listening on edge-host-1:5000
[tcp-server] Logs: multipass exec edge-host-1 -- tail -f /home/ubuntu/tcp_server.out
[exit=0]

$ bash /home/ivo/Evaluation-of-Live-Migration-Strategies-at-the-Edge/Network-live-migration/scripts/workloads/start_tcp_client.sh edge-node-1 edge-host-1 5000
[tcp-client] Server endpoint: 10.138.215.36:5000
[tcp-client] Client VIP: 10.138.215.250
[tcp-client] Ensuring tcp-howto binary on edge-node-1...
[tcp-client] Reusing existing /tmp/tcp-howto on edge-node-1
[tcp-client] Ensuring VIP 10.138.215.250 is present on edge-node-1...
ARPING 10.138.215.250 from 10.138.215.250 ens3
Sent 3 probes (3 broadcast(s))
Received 0 response(s)
[tcp-client] Starting on edge-node-1...
[tcp-client] Waiting for established TCP connection...
✓ TCP client connected (PID: 58585)
[tcp-client] Logs: multipass exec edge-node-1 -- tail -f /home/ubuntu/tcp_client.out
[exit=0]

$ python3 /home/ivo/Evaluation-of-Live-Migration-Strategies-at-the-Edge/Network-live-migration/scripts/orchestrators/tcp_client_benchmark.py precopy --source edge-node-1 --dest edge-node-2 --server edge-host-1 --transfer-mode host --run-id 11-05-2026-host-precopy-0015 --csv /home/ivo/Evaluation-of-Live-Migration-Strategies-at-the-Edge/Network-live-migration/metrics/migration_metrics.csv --profile-name 3_LTE --relay-node edge-host-1 --iterations 3
[15:59:09] === TCP CLIENT MIGRATION ===
[15:59:09] Run ID: 11-05-2026-host-precopy-0015
[15:59:09] Source: edge-node-1, Dest: edge-node-2
[15:59:09] Server: edge-host-1
[15:59:09] Transfer mode: host
[15:59:09] Relay node: edge-host-1

[15:59:09] === TCP CLIENT PRE-COPY MIGRATION (3 iterations) ===
[15:59:09] Step 1: Checking source client process...
[15:59:09]   Using PID from /home/ubuntu/tcp_client.pid: 58585
[15:59:10]   Server connections so far: 1
[15:59:11] Step 2: Preparing CRIU directory...
[15:59:11] Step 3: Running 3 pre-dumps and transferring them while client keeps running...
[15:59:12]   Pre-dump 1/3 complete
[15:59:12]   Archiving and transferring pre-dump 1...
  Transferring /home/ubuntu/CRIU-tcp-client-iter-0.tar.gz via relay node edge-host-1...
Setting up SSH trust: edge-node-1 → ubuntu@10.138.215.36
  Adding public key to destination's authorized_keys...
  Testing SSH connectivity...
  ✓ SSH trust ready
Setting up SSH trust: edge-host-1 → ubuntu@10.138.215.137
  Adding public key to destination's authorized_keys...
  Testing SSH connectivity...
  ✓ SSH trust ready
[15:59:25]   Pre-dump 2/3 complete
[15:59:25]   Archiving and transferring pre-dump 2...
  Transferring /home/ubuntu/CRIU-tcp-client-iter-1.tar.gz via relay node edge-host-1...
Setting up SSH trust: edge-node-1 → ubuntu@10.138.215.36
  Adding public key to destination's authorized_keys...
  Testing SSH connectivity...
  ✓ SSH trust ready
Setting up SSH trust: edge-host-1 → ubuntu@10.138.215.137
  Adding public key to destination's authorized_keys...
  Testing SSH connectivity...
  ✓ SSH trust ready
[15:59:39]   Pre-dump 3/3 complete
[15:59:39]   Archiving and transferring pre-dump 3...
  Transferring /home/ubuntu/CRIU-tcp-client-iter-2.tar.gz via relay node edge-host-1...
Setting up SSH trust: edge-node-1 → ubuntu@10.138.215.36
  Adding public key to destination's authorized_keys...
  Testing SSH connectivity...
  ✓ SSH trust ready
Setting up SSH trust: edge-host-1 → ubuntu@10.138.215.137
  Adding public key to destination's authorized_keys...
  Testing SSH connectivity...
  ✓ SSH trust ready
[15:59:52]   Pre-copy transfer outside downtime: archive=897 ms, transfer=33942 ms, unpack=940 ms, bytes=22530
[15:59:52] Step 4: Final dump (freezing client)...
[15:59:52] Step 4.5: Moving VIP to destination...
[15:59:53]   Moving VIP 10.138.215.250 from edge-node-1:ens3 -> edge-node-2:ens3
[15:59:58] Step 5: Creating final dump archive...
[15:59:58] Step 6: Transferring archive...
  Transferring /home/ubuntu/CRIU-tcp-client-final.tar.gz via relay node edge-host-1...
Setting up SSH trust: edge-node-1 → ubuntu@10.138.215.36
  Adding public key to destination's authorized_keys...
  Testing SSH connectivity...
  ✓ SSH trust ready
Setting up SSH trust: edge-host-1 → ubuntu@10.138.215.137
  Adding public key to destination's authorized_keys...
  Testing SSH connectivity...
  ✓ SSH trust ready
[16:00:10] Step 7: Unpacking on destination...
[16:00:10] Step 8: Preparing restore environment...
[16:00:10] Step 9: Restoring client (--tcp-established)...
[16:00:11] Step 10: Verifying connection continuity...
[16:00:14]   Client output (tail): PP 26 -> 26
[16:00:15]   Server connections so far: 1
[16:00:15] ✓ SUCCESS: Client restored and TCP socket appears established
[16:00:15] Metrics saved to /home/ivo/Evaluation-of-Live-Migration-Strategies-at-the-Edge/Network-live-migration/metrics/migration_metrics.csv
[exit=0]

$ python3 /home/ivo/Evaluation-of-Live-Migration-Strategies-at-the-Edge/Network-live-migration/scripts/setup/reset_nodes.py edge-node-1 edge-node-2 edge-host-1 10.138.215.250
[16:00:15] Resetting nodes: edge-node-1 -> edge-node-2 (server: edge-host-1, vip: 10.138.215.250)
[16:00:15] Step 1: Killing any existing processes on source...
[16:00:16]   Killing PID 58585 (from /home/ubuntu/tcp_client.pid)
[16:00:16]   Killing PID 58585 (from /home/ubuntu/client.pid)
[16:00:17]   Killing any remaining background processes...
[16:00:18] Step 2: Cleaning source node...
[16:00:20] Step 3: Cleaning destination node...
[16:00:21]   Killing PID 58585 on destination (from /home/ubuntu/tcp_client.pid)
[16:00:21]   Killing PID 58585 on destination (from /home/ubuntu/client.pid)
[16:00:22]   Killing all remaining TCP processes on destination...
[16:00:25] Step 4: Cleaning server node (edge-host-1)...
[16:00:25]   Killing PID 1099863 on server (from /home/ubuntu/tcp_server.pid)
[16:00:27] ✓ Reset complete, nodes are clean
[16:00:27]   Next: Start your application
[exit=0]

$ bash /home/ivo/Evaluation-of-Live-Migration-Strategies-at-the-Edge/Network-live-migration/scripts/workloads/start_tcp_server.sh edge-host-1 5000
[tcp-server] Ensuring tcp-howto binary on edge-host-1...
[tcp-server] Reusing existing /tmp/tcp-howto on edge-host-1
[tcp-server] Starting on edge-host-1 (port 5000)...
[tcp-server] Waiting for listen...
✓ TCP server listening on edge-host-1:5000
[tcp-server] Logs: multipass exec edge-host-1 -- tail -f /home/ubuntu/tcp_server.out
[exit=0]

$ bash /home/ivo/Evaluation-of-Live-Migration-Strategies-at-the-Edge/Network-live-migration/scripts/workloads/start_tcp_client.sh edge-node-1 edge-host-1 5000
[tcp-client] Server endpoint: 10.138.215.36:5000
[tcp-client] Client VIP: 10.138.215.250
[tcp-client] Ensuring tcp-howto binary on edge-node-1...
[tcp-client] Reusing existing /tmp/tcp-howto on edge-node-1
[tcp-client] Ensuring VIP 10.138.215.250 is present on edge-node-1...
ARPING 10.138.215.250 from 10.138.215.250 ens3
Sent 3 probes (3 broadcast(s))
Received 0 response(s)
[tcp-client] Starting on edge-node-1...
[tcp-client] Waiting for established TCP connection...
✓ TCP client connected (PID: 61846)
[tcp-client] Logs: multipass exec edge-node-1 -- tail -f /home/ubuntu/tcp_client.out
[exit=0]

$ python3 /home/ivo/Evaluation-of-Live-Migration-Strategies-at-the-Edge/Network-live-migration/scripts/orchestrators/tcp_client_benchmark.py precopy --source edge-node-1 --dest edge-node-2 --server edge-host-1 --transfer-mode host --run-id 11-05-2026-host-precopy-0016 --csv /home/ivo/Evaluation-of-Live-Migration-Strategies-at-the-Edge/Network-live-migration/metrics/migration_metrics.csv --profile-name 3_LTE --relay-node edge-host-1 --iterations 3
[16:00:36] === TCP CLIENT MIGRATION ===
[16:00:36] Run ID: 11-05-2026-host-precopy-0016
[16:00:36] Source: edge-node-1, Dest: edge-node-2
[16:00:36] Server: edge-host-1
[16:00:36] Transfer mode: host
[16:00:36] Relay node: edge-host-1

[16:00:36] === TCP CLIENT PRE-COPY MIGRATION (3 iterations) ===
[16:00:36] Step 1: Checking source client process...
[16:00:36]   Using PID from /home/ubuntu/tcp_client.pid: 61846
[16:00:37]   Server connections so far: 1
[16:00:38] Step 2: Preparing CRIU directory...
[16:00:38] Step 3: Running 3 pre-dumps and transferring them while client keeps running...
[16:00:38]   Pre-dump 1/3 complete
[16:00:38]   Archiving and transferring pre-dump 1...
  Transferring /home/ubuntu/CRIU-tcp-client-iter-0.tar.gz via relay node edge-host-1...
Setting up SSH trust: edge-node-1 → ubuntu@10.138.215.36
  Adding public key to destination's authorized_keys...
  Testing SSH connectivity...
  ✓ SSH trust ready
Setting up SSH trust: edge-host-1 → ubuntu@10.138.215.137
  Adding public key to destination's authorized_keys...
  Testing SSH connectivity...
  ✓ SSH trust ready
[16:00:52]   Pre-dump 2/3 complete
[16:00:52]   Archiving and transferring pre-dump 2...
  Transferring /home/ubuntu/CRIU-tcp-client-iter-1.tar.gz via relay node edge-host-1...
Setting up SSH trust: edge-node-1 → ubuntu@10.138.215.36
  Adding public key to destination's authorized_keys...
  Testing SSH connectivity...
  ✓ SSH trust ready
Setting up SSH trust: edge-host-1 → ubuntu@10.138.215.137
  Adding public key to destination's authorized_keys...
  Testing SSH connectivity...
  ✓ SSH trust ready
[16:01:05]   Pre-dump 3/3 complete
[16:01:05]   Archiving and transferring pre-dump 3...
  Transferring /home/ubuntu/CRIU-tcp-client-iter-2.tar.gz via relay node edge-host-1...
Setting up SSH trust: edge-node-1 → ubuntu@10.138.215.36
  Adding public key to destination's authorized_keys...
  Testing SSH connectivity...
  ✓ SSH trust ready
Setting up SSH trust: edge-host-1 → ubuntu@10.138.215.137
  Adding public key to destination's authorized_keys...
  Testing SSH connectivity...
  ✓ SSH trust ready
[16:01:18]   Pre-copy transfer outside downtime: archive=912 ms, transfer=33613 ms, unpack=909 ms, bytes=21665
[16:01:18] Step 4: Final dump (freezing client)...
[16:01:19] Step 4.5: Moving VIP to destination...
[16:01:19]   Moving VIP 10.138.215.250 from edge-node-1:ens3 -> edge-node-2:ens3
[16:01:24] Step 5: Creating final dump archive...
[16:01:25] Step 6: Transferring archive...
  Transferring /home/ubuntu/CRIU-tcp-client-final.tar.gz via relay node edge-host-1...
Setting up SSH trust: edge-node-1 → ubuntu@10.138.215.36
  Adding public key to destination's authorized_keys...
  Testing SSH connectivity...
  ✓ SSH trust ready
Setting up SSH trust: edge-host-1 → ubuntu@10.138.215.137
  Adding public key to destination's authorized_keys...
  Testing SSH connectivity...
  ✓ SSH trust ready
[16:01:36] Step 7: Unpacking on destination...
[16:01:37] Step 8: Preparing restore environment...
[16:01:37] Step 9: Restoring client (--tcp-established)...
[16:01:38] Step 10: Verifying connection continuity...
[16:01:41]   Client output (tail): PP 26 -> 26
[16:01:42]   Server connections so far: 1
[16:01:42] ✓ SUCCESS: Client restored and TCP socket appears established
[16:01:42] Metrics saved to /home/ivo/Evaluation-of-Live-Migration-Strategies-at-the-Edge/Network-live-migration/metrics/migration_metrics.csv
[exit=0]

$ python3 /home/ivo/Evaluation-of-Live-Migration-Strategies-at-the-Edge/Network-live-migration/scripts/setup/reset_nodes.py edge-node-1 edge-node-2 edge-host-1 10.138.215.250
[16:01:42] Resetting nodes: edge-node-1 -> edge-node-2 (server: edge-host-1, vip: 10.138.215.250)
[16:01:42] Step 1: Killing any existing processes on source...
[16:01:43]   Killing PID 61846 (from /home/ubuntu/tcp_client.pid)
[16:01:43]   Killing PID 61846 (from /home/ubuntu/client.pid)
[16:01:44]   Killing any remaining background processes...
[16:01:45] Step 2: Cleaning source node...
[16:01:47] Step 3: Cleaning destination node...
[16:01:47]   Killing PID 61846 on destination (from /home/ubuntu/tcp_client.pid)
[16:01:48]   Killing PID 61846 on destination (from /home/ubuntu/client.pid)
[16:01:48]   Killing all remaining TCP processes on destination...
[16:01:52] Step 4: Cleaning server node (edge-host-1)...
[16:01:52]   Killing PID 1103034 on server (from /home/ubuntu/tcp_server.pid)
[16:01:55] ✓ Reset complete, nodes are clean
[16:01:55]   Next: Start your application
[exit=0]

$ bash /home/ivo/Evaluation-of-Live-Migration-Strategies-at-the-Edge/Network-live-migration/scripts/workloads/start_tcp_server.sh edge-host-1 5000
[tcp-server] Ensuring tcp-howto binary on edge-host-1...
[tcp-server] Reusing existing /tmp/tcp-howto on edge-host-1
[tcp-server] Starting on edge-host-1 (port 5000)...
[tcp-server] Waiting for listen...
✓ TCP server listening on edge-host-1:5000
[tcp-server] Logs: multipass exec edge-host-1 -- tail -f /home/ubuntu/tcp_server.out
[exit=0]

$ bash /home/ivo/Evaluation-of-Live-Migration-Strategies-at-the-Edge/Network-live-migration/scripts/workloads/start_tcp_client.sh edge-node-1 edge-host-1 5000
[tcp-client] Server endpoint: 10.138.215.36:5000
[tcp-client] Client VIP: 10.138.215.250
[tcp-client] Ensuring tcp-howto binary on edge-node-1...
[tcp-client] Reusing existing /tmp/tcp-howto on edge-node-1
[tcp-client] Ensuring VIP 10.138.215.250 is present on edge-node-1...
ARPING 10.138.215.250 from 10.138.215.250 ens3
Sent 3 probes (3 broadcast(s))
Received 0 response(s)
[tcp-client] Starting on edge-node-1...
[tcp-client] Waiting for established TCP connection...
✓ TCP client connected (PID: 65086)
[tcp-client] Logs: multipass exec edge-node-1 -- tail -f /home/ubuntu/tcp_client.out
[exit=0]

$ python3 /home/ivo/Evaluation-of-Live-Migration-Strategies-at-the-Edge/Network-live-migration/scripts/orchestrators/tcp_client_benchmark.py precopy --source edge-node-1 --dest edge-node-2 --server edge-host-1 --transfer-mode host --run-id 11-05-2026-host-precopy-0017 --csv /home/ivo/Evaluation-of-Live-Migration-Strategies-at-the-Edge/Network-live-migration/metrics/migration_metrics.csv --profile-name 3_LTE --relay-node edge-host-1 --iterations 3
[16:02:03] === TCP CLIENT MIGRATION ===
[16:02:03] Run ID: 11-05-2026-host-precopy-0017
[16:02:03] Source: edge-node-1, Dest: edge-node-2
[16:02:03] Server: edge-host-1
[16:02:03] Transfer mode: host
[16:02:03] Relay node: edge-host-1

[16:02:03] === TCP CLIENT PRE-COPY MIGRATION (3 iterations) ===
[16:02:03] Step 1: Checking source client process...
[16:02:03]   Using PID from /home/ubuntu/tcp_client.pid: 65086
[16:02:04]   Server connections so far: 1
[16:02:05] Step 2: Preparing CRIU directory...
[16:02:05] Step 3: Running 3 pre-dumps and transferring them while client keeps running...
[16:02:05]   Pre-dump 1/3 complete
[16:02:05]   Archiving and transferring pre-dump 1...
  Transferring /home/ubuntu/CRIU-tcp-client-iter-0.tar.gz via relay node edge-host-1...
Setting up SSH trust: edge-node-1 → ubuntu@10.138.215.36
  Adding public key to destination's authorized_keys...
  Testing SSH connectivity...
  ✓ SSH trust ready
Setting up SSH trust: edge-host-1 → ubuntu@10.138.215.137
  Adding public key to destination's authorized_keys...
  Testing SSH connectivity...
  ✓ SSH trust ready
[16:02:19]   Pre-dump 2/3 complete
[16:02:19]   Archiving and transferring pre-dump 2...
  Transferring /home/ubuntu/CRIU-tcp-client-iter-1.tar.gz via relay node edge-host-1...
Setting up SSH trust: edge-node-1 → ubuntu@10.138.215.36
  Adding public key to destination's authorized_keys...
  Testing SSH connectivity...
  ✓ SSH trust ready
Setting up SSH trust: edge-host-1 → ubuntu@10.138.215.137
  Adding public key to destination's authorized_keys...
  Testing SSH connectivity...
  ✓ SSH trust ready
[16:02:33]   Pre-dump 3/3 complete
[16:02:33]   Archiving and transferring pre-dump 3...
  Transferring /home/ubuntu/CRIU-tcp-client-iter-2.tar.gz via relay node edge-host-1...
Setting up SSH trust: edge-node-1 → ubuntu@10.138.215.36
  Adding public key to destination's authorized_keys...
  Testing SSH connectivity...
  ✓ SSH trust ready
Setting up SSH trust: edge-host-1 → ubuntu@10.138.215.137
  Adding public key to destination's authorized_keys...
  Testing SSH connectivity...
  ✓ SSH trust ready
[16:02:46]   Pre-copy transfer outside downtime: archive=874 ms, transfer=33722 ms, unpack=925 ms, bytes=23099
[16:02:46] Step 4: Final dump (freezing client)...
[16:02:46] Step 4.5: Moving VIP to destination...
[16:02:47]   Moving VIP 10.138.215.250 from edge-node-1:ens3 -> edge-node-2:ens3
[16:02:51] Step 5: Creating final dump archive...
[16:02:52] Step 6: Transferring archive...
  Transferring /home/ubuntu/CRIU-tcp-client-final.tar.gz via relay node edge-host-1...
Setting up SSH trust: edge-node-1 → ubuntu@10.138.215.36
  Adding public key to destination's authorized_keys...
  Testing SSH connectivity...
  ✓ SSH trust ready
Setting up SSH trust: edge-host-1 → ubuntu@10.138.215.137
  Adding public key to destination's authorized_keys...
  Testing SSH connectivity...
  ✓ SSH trust ready
[16:03:04] Step 7: Unpacking on destination...
[16:03:04] Step 8: Preparing restore environment...
[16:03:05] Step 9: Restoring client (--tcp-established)...
[16:03:05] Step 10: Verifying connection continuity...
[16:03:09]   Client output (tail): PP 26 -> 26
[16:03:09]   Server connections so far: 1
[16:03:09] ✓ SUCCESS: Client restored and TCP socket appears established
[16:03:09] Metrics saved to /home/ivo/Evaluation-of-Live-Migration-Strategies-at-the-Edge/Network-live-migration/metrics/migration_metrics.csv
[exit=0]

$ python3 /home/ivo/Evaluation-of-Live-Migration-Strategies-at-the-Edge/Network-live-migration/scripts/setup/reset_nodes.py edge-node-1 edge-node-2 edge-host-1 10.138.215.250
[16:03:10] Resetting nodes: edge-node-1 -> edge-node-2 (server: edge-host-1, vip: 10.138.215.250)
[16:03:10] Step 1: Killing any existing processes on source...
[16:03:10]   Killing PID 65086 (from /home/ubuntu/tcp_client.pid)
[16:03:11]   Killing PID 65086 (from /home/ubuntu/client.pid)
[16:03:11]   Killing any remaining background processes...
[16:03:13] Step 2: Cleaning source node...
[16:03:14] Step 3: Cleaning destination node...
[16:03:15]   Killing PID 65086 on destination (from /home/ubuntu/tcp_client.pid)
[16:03:15]   Killing PID 65086 on destination (from /home/ubuntu/client.pid)
[16:03:16]   Killing all remaining TCP processes on destination...
[16:03:19] Step 4: Cleaning server node (edge-host-1)...
[16:03:19]   Killing PID 1106212 on server (from /home/ubuntu/tcp_server.pid)
[16:03:21] ✓ Reset complete, nodes are clean
[16:03:21]   Next: Start your application
[exit=0]

$ bash /home/ivo/Evaluation-of-Live-Migration-Strategies-at-the-Edge/Network-live-migration/scripts/workloads/start_tcp_server.sh edge-host-1 5000
[tcp-server] Ensuring tcp-howto binary on edge-host-1...
[tcp-server] Reusing existing /tmp/tcp-howto on edge-host-1
[tcp-server] Starting on edge-host-1 (port 5000)...
[tcp-server] Waiting for listen...
✓ TCP server listening on edge-host-1:5000
[tcp-server] Logs: multipass exec edge-host-1 -- tail -f /home/ubuntu/tcp_server.out
[exit=0]

$ bash /home/ivo/Evaluation-of-Live-Migration-Strategies-at-the-Edge/Network-live-migration/scripts/workloads/start_tcp_client.sh edge-node-1 edge-host-1 5000
[tcp-client] Server endpoint: 10.138.215.36:5000
[tcp-client] Client VIP: 10.138.215.250
[tcp-client] Ensuring tcp-howto binary on edge-node-1...
[tcp-client] Reusing existing /tmp/tcp-howto on edge-node-1
[tcp-client] Ensuring VIP 10.138.215.250 is present on edge-node-1...
ARPING 10.138.215.250 from 10.138.215.250 ens3
Sent 3 probes (3 broadcast(s))
Received 0 response(s)
[tcp-client] Starting on edge-node-1...
[tcp-client] Waiting for established TCP connection...
✓ TCP client connected (PID: 68334)
[tcp-client] Logs: multipass exec edge-node-1 -- tail -f /home/ubuntu/tcp_client.out
[exit=0]

$ python3 /home/ivo/Evaluation-of-Live-Migration-Strategies-at-the-Edge/Network-live-migration/scripts/orchestrators/tcp_client_benchmark.py precopy --source edge-node-1 --dest edge-node-2 --server edge-host-1 --transfer-mode host --run-id 11-05-2026-host-precopy-0018 --csv /home/ivo/Evaluation-of-Live-Migration-Strategies-at-the-Edge/Network-live-migration/metrics/migration_metrics.csv --profile-name 3_LTE --relay-node edge-host-1 --iterations 3
[16:03:30] === TCP CLIENT MIGRATION ===
[16:03:30] Run ID: 11-05-2026-host-precopy-0018
[16:03:30] Source: edge-node-1, Dest: edge-node-2
[16:03:30] Server: edge-host-1
[16:03:30] Transfer mode: host
[16:03:30] Relay node: edge-host-1

[16:03:30] === TCP CLIENT PRE-COPY MIGRATION (3 iterations) ===
[16:03:30] Step 1: Checking source client process...
[16:03:30]   Using PID from /home/ubuntu/tcp_client.pid: 68334
[16:03:31]   Server connections so far: 1
[16:03:32] Step 2: Preparing CRIU directory...
[16:03:32] Step 3: Running 3 pre-dumps and transferring them while client keeps running...
[16:03:32]   Pre-dump 1/3 complete
[16:03:32]   Archiving and transferring pre-dump 1...
  Transferring /home/ubuntu/CRIU-tcp-client-iter-0.tar.gz via relay node edge-host-1...
Setting up SSH trust: edge-node-1 → ubuntu@10.138.215.36
  Adding public key to destination's authorized_keys...
  Testing SSH connectivity...
  ✓ SSH trust ready
Setting up SSH trust: edge-host-1 → ubuntu@10.138.215.137
  Adding public key to destination's authorized_keys...
  Testing SSH connectivity...
  ✓ SSH trust ready
[16:03:46]   Pre-dump 2/3 complete
[16:03:46]   Archiving and transferring pre-dump 2...
  Transferring /home/ubuntu/CRIU-tcp-client-iter-1.tar.gz via relay node edge-host-1...
Setting up SSH trust: edge-node-1 → ubuntu@10.138.215.36
  Adding public key to destination's authorized_keys...
  Testing SSH connectivity...
  ✓ SSH trust ready
Setting up SSH trust: edge-host-1 → ubuntu@10.138.215.137
  Adding public key to destination's authorized_keys...
  Testing SSH connectivity...
  ✓ SSH trust ready
[16:03:59]   Pre-dump 3/3 complete
[16:03:59]   Archiving and transferring pre-dump 3...
  Transferring /home/ubuntu/CRIU-tcp-client-iter-2.tar.gz via relay node edge-host-1...
Setting up SSH trust: edge-node-1 → ubuntu@10.138.215.36
  Adding public key to destination's authorized_keys...
  Testing SSH connectivity...
  ✓ SSH trust ready
Setting up SSH trust: edge-host-1 → ubuntu@10.138.215.137
  Adding public key to destination's authorized_keys...
  Testing SSH connectivity...
  ✓ SSH trust ready
[16:04:12]   Pre-copy transfer outside downtime: archive=911 ms, transfer=33236 ms, unpack=872 ms, bytes=21904
[16:04:12] Step 4: Final dump (freezing client)...
[16:04:13] Step 4.5: Moving VIP to destination...
[16:04:13]   Moving VIP 10.138.215.250 from edge-node-1:ens3 -> edge-node-2:ens3
[16:04:18] Step 5: Creating final dump archive...
[16:04:19] Step 6: Transferring archive...
  Transferring /home/ubuntu/CRIU-tcp-client-final.tar.gz via relay node edge-host-1...
Setting up SSH trust: edge-node-1 → ubuntu@10.138.215.36
  Adding public key to destination's authorized_keys...
  Testing SSH connectivity...
  ✓ SSH trust ready
Setting up SSH trust: edge-host-1 → ubuntu@10.138.215.137
  Adding public key to destination's authorized_keys...
  Testing SSH connectivity...
  ✓ SSH trust ready
[16:04:30] Step 7: Unpacking on destination...
[16:04:30] Step 8: Preparing restore environment...
[16:04:31] Step 9: Restoring client (--tcp-established)...
[16:04:32] Step 10: Verifying connection continuity...
[16:04:35]   Client output (tail): PP 26 -> 26
[16:04:35]   Server connections so far: 1
[16:04:35] ✓ SUCCESS: Client restored and TCP socket appears established
[16:04:35] Metrics saved to /home/ivo/Evaluation-of-Live-Migration-Strategies-at-the-Edge/Network-live-migration/metrics/migration_metrics.csv
[exit=0]

$ python3 /home/ivo/Evaluation-of-Live-Migration-Strategies-at-the-Edge/Network-live-migration/scripts/setup/reset_nodes.py edge-node-1 edge-node-2 edge-host-1 10.138.215.250
[16:04:36] Resetting nodes: edge-node-1 -> edge-node-2 (server: edge-host-1, vip: 10.138.215.250)
[16:04:36] Step 1: Killing any existing processes on source...
[16:04:37]   Killing PID 68334 (from /home/ubuntu/tcp_client.pid)
[16:04:37]   Killing PID 68334 (from /home/ubuntu/client.pid)
[16:04:38]   Killing any remaining background processes...
[16:04:39] Step 2: Cleaning source node...
[16:04:41] Step 3: Cleaning destination node...
[16:04:41]   Killing PID 68334 on destination (from /home/ubuntu/tcp_client.pid)
[16:04:42]   Killing PID 68334 on destination (from /home/ubuntu/client.pid)
[16:04:42]   Killing all remaining TCP processes on destination...
[16:04:45] Step 4: Cleaning server node (edge-host-1)...
[16:04:46]   Killing PID 1109373 on server (from /home/ubuntu/tcp_server.pid)
[16:04:48] ✓ Reset complete, nodes are clean
[16:04:48]   Next: Start your application
[exit=0]

$ bash /home/ivo/Evaluation-of-Live-Migration-Strategies-at-the-Edge/Network-live-migration/scripts/workloads/start_tcp_server.sh edge-host-1 5000
[tcp-server] Ensuring tcp-howto binary on edge-host-1...
[tcp-server] Reusing existing /tmp/tcp-howto on edge-host-1
[tcp-server] Starting on edge-host-1 (port 5000)...
[tcp-server] Waiting for listen...
✓ TCP server listening on edge-host-1:5000
[tcp-server] Logs: multipass exec edge-host-1 -- tail -f /home/ubuntu/tcp_server.out
[exit=0]

$ bash /home/ivo/Evaluation-of-Live-Migration-Strategies-at-the-Edge/Network-live-migration/scripts/workloads/start_tcp_client.sh edge-node-1 edge-host-1 5000
[tcp-client] Server endpoint: 10.138.215.36:5000
[tcp-client] Client VIP: 10.138.215.250
[tcp-client] Ensuring tcp-howto binary on edge-node-1...
[tcp-client] Reusing existing /tmp/tcp-howto on edge-node-1
[tcp-client] Ensuring VIP 10.138.215.250 is present on edge-node-1...
ARPING 10.138.215.250 from 10.138.215.250 ens3
Sent 3 probes (3 broadcast(s))
Received 0 response(s)
[tcp-client] Starting on edge-node-1...
[tcp-client] Waiting for established TCP connection...
✓ TCP client connected (PID: 71581)
[tcp-client] Logs: multipass exec edge-node-1 -- tail -f /home/ubuntu/tcp_client.out
[exit=0]

$ python3 /home/ivo/Evaluation-of-Live-Migration-Strategies-at-the-Edge/Network-live-migration/scripts/orchestrators/tcp_client_benchmark.py precopy --source edge-node-1 --dest edge-node-2 --server edge-host-1 --transfer-mode host --run-id 11-05-2026-host-precopy-0019 --csv /home/ivo/Evaluation-of-Live-Migration-Strategies-at-the-Edge/Network-live-migration/metrics/migration_metrics.csv --profile-name 3_LTE --relay-node edge-host-1 --iterations 3
[16:04:56] === TCP CLIENT MIGRATION ===
[16:04:56] Run ID: 11-05-2026-host-precopy-0019
[16:04:56] Source: edge-node-1, Dest: edge-node-2
[16:04:56] Server: edge-host-1
[16:04:56] Transfer mode: host
[16:04:56] Relay node: edge-host-1

[16:04:56] === TCP CLIENT PRE-COPY MIGRATION (3 iterations) ===
[16:04:56] Step 1: Checking source client process...
[16:04:57]   Using PID from /home/ubuntu/tcp_client.pid: 71581
[16:04:58]   Server connections so far: 1
[16:04:58] Step 2: Preparing CRIU directory...
[16:04:59] Step 3: Running 3 pre-dumps and transferring them while client keeps running...
[16:04:59]   Pre-dump 1/3 complete
[16:04:59]   Archiving and transferring pre-dump 1...
  Transferring /home/ubuntu/CRIU-tcp-client-iter-0.tar.gz via relay node edge-host-1...
Setting up SSH trust: edge-node-1 → ubuntu@10.138.215.36
  Adding public key to destination's authorized_keys...
  Testing SSH connectivity...
  ✓ SSH trust ready
Setting up SSH trust: edge-host-1 → ubuntu@10.138.215.137
  Adding public key to destination's authorized_keys...
  Testing SSH connectivity...
  ✓ SSH trust ready
[16:05:13]   Pre-dump 2/3 complete
[16:05:13]   Archiving and transferring pre-dump 2...
  Transferring /home/ubuntu/CRIU-tcp-client-iter-1.tar.gz via relay node edge-host-1...
Setting up SSH trust: edge-node-1 → ubuntu@10.138.215.36
  Adding public key to destination's authorized_keys...
  Testing SSH connectivity...
  ✓ SSH trust ready
Setting up SSH trust: edge-host-1 → ubuntu@10.138.215.137
  Adding public key to destination's authorized_keys...
  Testing SSH connectivity...
  ✓ SSH trust ready
[16:05:26]   Pre-dump 3/3 complete
[16:05:26]   Archiving and transferring pre-dump 3...
  Transferring /home/ubuntu/CRIU-tcp-client-iter-2.tar.gz via relay node edge-host-1...
Setting up SSH trust: edge-node-1 → ubuntu@10.138.215.36
  Adding public key to destination's authorized_keys...
  Testing SSH connectivity...
  ✓ SSH trust ready
Setting up SSH trust: edge-host-1 → ubuntu@10.138.215.137
  Adding public key to destination's authorized_keys...
  Testing SSH connectivity...
  ✓ SSH trust ready
[16:05:39]   Pre-copy transfer outside downtime: archive=985 ms, transfer=34271 ms, unpack=918 ms, bytes=22373
[16:05:39] Step 4: Final dump (freezing client)...
[16:05:40] Step 4.5: Moving VIP to destination...
[16:05:41]   Moving VIP 10.138.215.250 from edge-node-1:ens3 -> edge-node-2:ens3
[16:05:46] Step 5: Creating final dump archive...
[16:05:46] Step 6: Transferring archive...
  Transferring /home/ubuntu/CRIU-tcp-client-final.tar.gz via relay node edge-host-1...
Setting up SSH trust: edge-node-1 → ubuntu@10.138.215.36
  Adding public key to destination's authorized_keys...
  Testing SSH connectivity...
  ✓ SSH trust ready
Setting up SSH trust: edge-host-1 → ubuntu@10.138.215.137
  Adding public key to destination's authorized_keys...
  Testing SSH connectivity...
  ✓ SSH trust ready
[16:05:58] Step 7: Unpacking on destination...
[16:05:58] Step 8: Preparing restore environment...
[16:05:59] Step 9: Restoring client (--tcp-established)...
[16:05:59] Step 10: Verifying connection continuity...
[16:06:03]   Client output (tail): PP 26 -> 26
[16:06:03]   Server connections so far: 1
[16:06:03] ✓ SUCCESS: Client restored and TCP socket appears established
[16:06:03] Metrics saved to /home/ivo/Evaluation-of-Live-Migration-Strategies-at-the-Edge/Network-live-migration/metrics/migration_metrics.csv
[exit=0]

$ python3 /home/ivo/Evaluation-of-Live-Migration-Strategies-at-the-Edge/Network-live-migration/scripts/setup/reset_nodes.py edge-node-1 edge-node-2 edge-host-1 10.138.215.250
[16:06:04] Resetting nodes: edge-node-1 -> edge-node-2 (server: edge-host-1, vip: 10.138.215.250)
[16:06:04] Step 1: Killing any existing processes on source...
[16:06:04]   Killing PID 71581 (from /home/ubuntu/tcp_client.pid)
[16:06:05]   Killing PID 71581 (from /home/ubuntu/client.pid)
[16:06:05]   Killing any remaining background processes...
[16:06:07] Step 2: Cleaning source node...
[16:06:08] Step 3: Cleaning destination node...
[16:06:09]   Killing PID 71581 on destination (from /home/ubuntu/tcp_client.pid)
[16:06:10]   Killing PID 71581 on destination (from /home/ubuntu/client.pid)
[16:06:10]   Killing all remaining TCP processes on destination...
[16:06:13] Step 4: Cleaning server node (edge-host-1)...
[16:06:13]   Killing PID 1112797 on server (from /home/ubuntu/tcp_server.pid)
[16:06:16] ✓ Reset complete, nodes are clean
[16:06:16]   Next: Start your application
[exit=0]

$ bash /home/ivo/Evaluation-of-Live-Migration-Strategies-at-the-Edge/Network-live-migration/scripts/workloads/start_tcp_server.sh edge-host-1 5000
[tcp-server] Ensuring tcp-howto binary on edge-host-1...
[tcp-server] Reusing existing /tmp/tcp-howto on edge-host-1
[tcp-server] Starting on edge-host-1 (port 5000)...
[tcp-server] Waiting for listen...
✓ TCP server listening on edge-host-1:5000
[tcp-server] Logs: multipass exec edge-host-1 -- tail -f /home/ubuntu/tcp_server.out
[exit=0]

$ bash /home/ivo/Evaluation-of-Live-Migration-Strategies-at-the-Edge/Network-live-migration/scripts/workloads/start_tcp_client.sh edge-node-1 edge-host-1 5000
[tcp-client] Server endpoint: 10.138.215.36:5000
[tcp-client] Client VIP: 10.138.215.250
[tcp-client] Ensuring tcp-howto binary on edge-node-1...
[tcp-client] Reusing existing /tmp/tcp-howto on edge-node-1
[tcp-client] Ensuring VIP 10.138.215.250 is present on edge-node-1...
ARPING 10.138.215.250 from 10.138.215.250 ens3
Sent 3 probes (3 broadcast(s))
Received 0 response(s)
[tcp-client] Starting on edge-node-1...
[tcp-client] Waiting for established TCP connection...
✓ TCP client connected (PID: 75088)
[tcp-client] Logs: multipass exec edge-node-1 -- tail -f /home/ubuntu/tcp_client.out
[exit=0]

$ python3 /home/ivo/Evaluation-of-Live-Migration-Strategies-at-the-Edge/Network-live-migration/scripts/orchestrators/tcp_client_benchmark.py precopy --source edge-node-1 --dest edge-node-2 --server edge-host-1 --transfer-mode direct --run-id 11-05-2026-direct-precopy-0010 --csv /home/ivo/Evaluation-of-Live-Migration-Strategies-at-the-Edge/Network-live-migration/metrics/migration_metrics.csv --profile-name 3_LTE --iterations 3
[16:06:24] === TCP CLIENT MIGRATION ===
[16:06:24] Run ID: 11-05-2026-direct-precopy-0010
[16:06:24] Source: edge-node-1, Dest: edge-node-2
[16:06:24] Server: edge-host-1
[16:06:24] Transfer mode: direct

[16:06:24] === TCP CLIENT PRE-COPY MIGRATION (3 iterations) ===
[16:06:24] Step 1: Checking source client process...
[16:06:24]   Using PID from /home/ubuntu/tcp_client.pid: 75088
[16:06:25]   Server connections so far: 1
[16:06:26] Step 2: Preparing CRIU directory...
[16:06:26] Step 3: Running 3 pre-dumps and transferring them while client keeps running...
[16:06:26]   Pre-dump 1/3 complete
[16:06:26]   Archiving and transferring pre-dump 1...
Setting up SSH trust: edge-node-1 → ubuntu@10.138.215.137
  Adding public key to destination's authorized_keys...
  Testing SSH connectivity...
  ✓ SSH trust ready
  Transferring /home/ubuntu/CRIU-tcp-client-iter-0.tar.gz via SCP...
[16:06:34]   Pre-dump 2/3 complete
[16:06:34]   Archiving and transferring pre-dump 2...
Setting up SSH trust: edge-node-1 → ubuntu@10.138.215.137
  Adding public key to destination's authorized_keys...
  Testing SSH connectivity...
  ✓ SSH trust ready
  Transferring /home/ubuntu/CRIU-tcp-client-iter-1.tar.gz via SCP...
[16:06:42]   Pre-dump 3/3 complete
[16:06:42]   Archiving and transferring pre-dump 3...
Setting up SSH trust: edge-node-1 → ubuntu@10.138.215.137
  Adding public key to destination's authorized_keys...
  Testing SSH connectivity...
  ✓ SSH trust ready
  Transferring /home/ubuntu/CRIU-tcp-client-iter-2.tar.gz via SCP...
[16:06:49]   Pre-copy transfer outside downtime: archive=979 ms, transfer=16301 ms, unpack=884 ms, bytes=22007
[16:06:49] Step 4: Final dump (freezing client)...
[16:06:50] Step 4.5: Moving VIP to destination...
[16:06:50]   Moving VIP 10.138.215.250 from edge-node-1:ens3 -> edge-node-2:ens3
[16:06:55] Step 5: Creating final dump archive...
[16:06:55] Step 6: Transferring archive...
[16:06:55]   Setting up direct SSH trust...
Setting up SSH trust: edge-node-1 → ubuntu@10.138.215.137
  Adding public key to destination's authorized_keys...
  Testing SSH connectivity...
  ✓ SSH trust ready
Setting up SSH trust: edge-node-1 → ubuntu@10.138.215.137
  Adding public key to destination's authorized_keys...
  Testing SSH connectivity...
  ✓ SSH trust ready
  Transferring /home/ubuntu/CRIU-tcp-client-final.tar.gz via SCP...
[16:07:04] Step 7: Unpacking on destination...
[16:07:04] Step 8: Preparing restore environment...
[16:07:05] Step 9: Restoring client (--tcp-established)...
[16:07:05] Step 10: Verifying connection continuity...
[16:07:08]   Client output (tail): PP 17 -> 17
[16:07:09]   Server connections so far: 1
[16:07:09] ✓ SUCCESS: Client restored and TCP socket appears established
[16:07:09] Metrics saved to /home/ivo/Evaluation-of-Live-Migration-Strategies-at-the-Edge/Network-live-migration/metrics/migration_metrics.csv
[exit=0]

$ python3 /home/ivo/Evaluation-of-Live-Migration-Strategies-at-the-Edge/Network-live-migration/scripts/setup/reset_nodes.py edge-node-1 edge-node-2 edge-host-1 10.138.215.250
[16:07:10] Resetting nodes: edge-node-1 -> edge-node-2 (server: edge-host-1, vip: 10.138.215.250)
[16:07:10] Step 1: Killing any existing processes on source...
[16:07:10]   Killing PID 75088 (from /home/ubuntu/tcp_client.pid)
[16:07:11]   Killing PID 75088 (from /home/ubuntu/client.pid)
[16:07:11]   Killing any remaining background processes...
[16:07:13] Step 2: Cleaning source node...
[16:07:14] Step 3: Cleaning destination node...
[16:07:15]   Killing PID 75088 on destination (from /home/ubuntu/tcp_client.pid)
[16:07:15]   Killing PID 75088 on destination (from /home/ubuntu/client.pid)
[16:07:16]   Killing all remaining TCP processes on destination...
[16:07:19] Step 4: Cleaning server node (edge-host-1)...
[16:07:19]   Killing PID 1115971 on server (from /home/ubuntu/tcp_server.pid)
[16:07:21] ✓ Reset complete, nodes are clean
[16:07:21]   Next: Start your application
[exit=0]

$ bash /home/ivo/Evaluation-of-Live-Migration-Strategies-at-the-Edge/Network-live-migration/scripts/workloads/start_tcp_server.sh edge-host-1 5000
[tcp-server] Ensuring tcp-howto binary on edge-host-1...
[tcp-server] Reusing existing /tmp/tcp-howto on edge-host-1
[tcp-server] Starting on edge-host-1 (port 5000)...
[tcp-server] Waiting for listen...
✓ TCP server listening on edge-host-1:5000
[tcp-server] Logs: multipass exec edge-host-1 -- tail -f /home/ubuntu/tcp_server.out
[exit=0]

$ bash /home/ivo/Evaluation-of-Live-Migration-Strategies-at-the-Edge/Network-live-migration/scripts/workloads/start_tcp_client.sh edge-node-1 edge-host-1 5000
[tcp-client] Server endpoint: 10.138.215.36:5000
[tcp-client] Client VIP: 10.138.215.250
[tcp-client] Ensuring tcp-howto binary on edge-node-1...
[tcp-client] Reusing existing /tmp/tcp-howto on edge-node-1
[tcp-client] Ensuring VIP 10.138.215.250 is present on edge-node-1...
ARPING 10.138.215.250 from 10.138.215.250 ens3
Sent 3 probes (3 broadcast(s))
Received 0 response(s)
[tcp-client] Starting on edge-node-1...
[tcp-client] Waiting for established TCP connection...
✓ TCP client connected (PID: 78261)
[tcp-client] Logs: multipass exec edge-node-1 -- tail -f /home/ubuntu/tcp_client.out
[exit=0]

$ python3 /home/ivo/Evaluation-of-Live-Migration-Strategies-at-the-Edge/Network-live-migration/scripts/orchestrators/tcp_client_benchmark.py precopy --source edge-node-1 --dest edge-node-2 --server edge-host-1 --transfer-mode direct --run-id 11-05-2026-direct-precopy-0011 --csv /home/ivo/Evaluation-of-Live-Migration-Strategies-at-the-Edge/Network-live-migration/metrics/migration_metrics.csv --profile-name 3_LTE --iterations 3
[16:07:30] === TCP CLIENT MIGRATION ===
[16:07:30] Run ID: 11-05-2026-direct-precopy-0011
[16:07:30] Source: edge-node-1, Dest: edge-node-2
[16:07:30] Server: edge-host-1
[16:07:30] Transfer mode: direct

[16:07:30] === TCP CLIENT PRE-COPY MIGRATION (3 iterations) ===
[16:07:30] Step 1: Checking source client process...
[16:07:30]   Using PID from /home/ubuntu/tcp_client.pid: 78261
[16:07:31]   Server connections so far: 1
[16:07:32] Step 2: Preparing CRIU directory...
[16:07:32] Step 3: Running 3 pre-dumps and transferring them while client keeps running...
[16:07:32]   Pre-dump 1/3 complete
[16:07:32]   Archiving and transferring pre-dump 1...
Setting up SSH trust: edge-node-1 → ubuntu@10.138.215.137
  Adding public key to destination's authorized_keys...
  Testing SSH connectivity...
  ✓ SSH trust ready
  Transferring /home/ubuntu/CRIU-tcp-client-iter-0.tar.gz via SCP...
[16:07:40]   Pre-dump 2/3 complete
[16:07:40]   Archiving and transferring pre-dump 2...
Setting up SSH trust: edge-node-1 → ubuntu@10.138.215.137
  Adding public key to destination's authorized_keys...
  Testing SSH connectivity...
  ✓ SSH trust ready
  Transferring /home/ubuntu/CRIU-tcp-client-iter-1.tar.gz via SCP...
[16:07:48]   Pre-dump 3/3 complete
[16:07:48]   Archiving and transferring pre-dump 3...
Setting up SSH trust: edge-node-1 → ubuntu@10.138.215.137
  Adding public key to destination's authorized_keys...
  Testing SSH connectivity...
  ✓ SSH trust ready
  Transferring /home/ubuntu/CRIU-tcp-client-iter-2.tar.gz via SCP...
[16:07:55]   Pre-copy transfer outside downtime: archive=904 ms, transfer=16527 ms, unpack=875 ms, bytes=23189
[16:07:55] Step 4: Final dump (freezing client)...
[16:07:55] Step 4.5: Moving VIP to destination...
[16:07:56]   Moving VIP 10.138.215.250 from edge-node-1:ens3 -> edge-node-2:ens3
[16:08:01] Step 5: Creating final dump archive...
[16:08:01] Step 6: Transferring archive...
[16:08:01]   Setting up direct SSH trust...
Setting up SSH trust: edge-node-1 → ubuntu@10.138.215.137
  Adding public key to destination's authorized_keys...
  Testing SSH connectivity...
  ✓ SSH trust ready
Setting up SSH trust: edge-node-1 → ubuntu@10.138.215.137
  Adding public key to destination's authorized_keys...
  Testing SSH connectivity...
  ✓ SSH trust ready
  Transferring /home/ubuntu/CRIU-tcp-client-final.tar.gz via SCP...
[16:08:10] Step 7: Unpacking on destination...
[16:08:10] Step 8: Preparing restore environment...
[16:08:10] Step 9: Restoring client (--tcp-established)...
[16:08:11] Step 10: Verifying connection continuity...
[16:08:14]   Client output (tail): PP 17 -> 17
[16:08:15]   Server connections so far: 1
[16:08:15] ✓ SUCCESS: Client restored and TCP socket appears established
[16:08:15] Metrics saved to /home/ivo/Evaluation-of-Live-Migration-Strategies-at-the-Edge/Network-live-migration/metrics/migration_metrics.csv
[exit=0]

$ python3 /home/ivo/Evaluation-of-Live-Migration-Strategies-at-the-Edge/Network-live-migration/scripts/setup/reset_nodes.py edge-node-1 edge-node-2 edge-host-1 10.138.215.250
[16:08:16] Resetting nodes: edge-node-1 -> edge-node-2 (server: edge-host-1, vip: 10.138.215.250)
[16:08:16] Step 1: Killing any existing processes on source...
[16:08:16]   Killing PID 78261 (from /home/ubuntu/tcp_client.pid)
[16:08:17]   Killing PID 78261 (from /home/ubuntu/client.pid)
[16:08:17]   Killing any remaining background processes...
[16:08:19] Step 2: Cleaning source node...
[16:08:20] Step 3: Cleaning destination node...
[16:08:21]   Killing PID 78261 on destination (from /home/ubuntu/tcp_client.pid)
[16:08:21]   Killing PID 78261 on destination (from /home/ubuntu/client.pid)
[16:08:22]   Killing all remaining TCP processes on destination...
[16:08:25] Step 4: Cleaning server node (edge-host-1)...
[16:08:25]   Killing PID 1117035 on server (from /home/ubuntu/tcp_server.pid)
[16:08:28] ✓ Reset complete, nodes are clean
[16:08:28]   Next: Start your application
[exit=0]

$ bash /home/ivo/Evaluation-of-Live-Migration-Strategies-at-the-Edge/Network-live-migration/scripts/workloads/start_tcp_server.sh edge-host-1 5000
[tcp-server] Ensuring tcp-howto binary on edge-host-1...
[tcp-server] Reusing existing /tmp/tcp-howto on edge-host-1
[tcp-server] Starting on edge-host-1 (port 5000)...
[tcp-server] Waiting for listen...
✓ TCP server listening on edge-host-1:5000
[tcp-server] Logs: multipass exec edge-host-1 -- tail -f /home/ubuntu/tcp_server.out
[exit=0]

$ bash /home/ivo/Evaluation-of-Live-Migration-Strategies-at-the-Edge/Network-live-migration/scripts/workloads/start_tcp_client.sh edge-node-1 edge-host-1 5000
[tcp-client] Server endpoint: 10.138.215.36:5000
[tcp-client] Client VIP: 10.138.215.250
[tcp-client] Ensuring tcp-howto binary on edge-node-1...
[tcp-client] Reusing existing /tmp/tcp-howto on edge-node-1
[tcp-client] Ensuring VIP 10.138.215.250 is present on edge-node-1...
ARPING 10.138.215.250 from 10.138.215.250 ens3
Sent 3 probes (3 broadcast(s))
Received 0 response(s)
[tcp-client] Starting on edge-node-1...
[tcp-client] Waiting for established TCP connection...
✓ TCP client connected (PID: 81442)
[tcp-client] Logs: multipass exec edge-node-1 -- tail -f /home/ubuntu/tcp_client.out
[exit=0]

$ python3 /home/ivo/Evaluation-of-Live-Migration-Strategies-at-the-Edge/Network-live-migration/scripts/orchestrators/tcp_client_benchmark.py precopy --source edge-node-1 --dest edge-node-2 --server edge-host-1 --transfer-mode direct --run-id 11-05-2026-direct-precopy-0012 --csv /home/ivo/Evaluation-of-Live-Migration-Strategies-at-the-Edge/Network-live-migration/metrics/migration_metrics.csv --profile-name 3_LTE --iterations 3
[16:08:36] === TCP CLIENT MIGRATION ===
[16:08:36] Run ID: 11-05-2026-direct-precopy-0012
[16:08:36] Source: edge-node-1, Dest: edge-node-2
[16:08:36] Server: edge-host-1
[16:08:36] Transfer mode: direct

[16:08:36] === TCP CLIENT PRE-COPY MIGRATION (3 iterations) ===
[16:08:36] Step 1: Checking source client process...
[16:08:37]   Using PID from /home/ubuntu/tcp_client.pid: 81442
[16:08:38]   Server connections so far: 1
[16:08:38] Step 2: Preparing CRIU directory...
[16:08:39] Step 3: Running 3 pre-dumps and transferring them while client keeps running...
[16:08:39]   Pre-dump 1/3 complete
[16:08:39]   Archiving and transferring pre-dump 1...
Setting up SSH trust: edge-node-1 → ubuntu@10.138.215.137
  Adding public key to destination's authorized_keys...
  Testing SSH connectivity...
  ✓ SSH trust ready
  Transferring /home/ubuntu/CRIU-tcp-client-iter-0.tar.gz via SCP...
[16:08:47]   Pre-dump 2/3 complete
[16:08:47]   Archiving and transferring pre-dump 2...
Setting up SSH trust: edge-node-1 → ubuntu@10.138.215.137
  Adding public key to destination's authorized_keys...
  Testing SSH connectivity...
  ✓ SSH trust ready
  Transferring /home/ubuntu/CRIU-tcp-client-iter-1.tar.gz via SCP...
[16:08:54]   Pre-dump 3/3 complete
[16:08:54]   Archiving and transferring pre-dump 3...
Setting up SSH trust: edge-node-1 → ubuntu@10.138.215.137
  Adding public key to destination's authorized_keys...
  Testing SSH connectivity...
  ✓ SSH trust ready
  Transferring /home/ubuntu/CRIU-tcp-client-iter-2.tar.gz via SCP...
[16:09:01]   Pre-copy transfer outside downtime: archive=881 ms, transfer=15912 ms, unpack=859 ms, bytes=21389
[16:09:01] Step 4: Final dump (freezing client)...
[16:09:01] Step 4.5: Moving VIP to destination...
[16:09:02]   Moving VIP 10.138.215.250 from edge-node-1:ens3 -> edge-node-2:ens3
[16:09:07] Step 5: Creating final dump archive...
[16:09:07] Step 6: Transferring archive...
[16:09:07]   Setting up direct SSH trust...
Setting up SSH trust: edge-node-1 → ubuntu@10.138.215.137
  Adding public key to destination's authorized_keys...
  Testing SSH connectivity...
  ✓ SSH trust ready
Setting up SSH trust: edge-node-1 → ubuntu@10.138.215.137
  Adding public key to destination's authorized_keys...
  Testing SSH connectivity...
  ✓ SSH trust ready
  Transferring /home/ubuntu/CRIU-tcp-client-final.tar.gz via SCP...
[16:09:15] Step 7: Unpacking on destination...
[16:09:16] Step 8: Preparing restore environment...
[16:09:16] Step 9: Restoring client (--tcp-established)...
[16:09:17] Step 10: Verifying connection continuity...
[16:09:20]   Client output (tail): PP 17 -> 17
[16:09:21]   Server connections so far: 1
[16:09:21] ✓ SUCCESS: Client restored and TCP socket appears established
[16:09:21] Metrics saved to /home/ivo/Evaluation-of-Live-Migration-Strategies-at-the-Edge/Network-live-migration/metrics/migration_metrics.csv
[exit=0]

$ python3 /home/ivo/Evaluation-of-Live-Migration-Strategies-at-the-Edge/Network-live-migration/scripts/setup/reset_nodes.py edge-node-1 edge-node-2 edge-host-1 10.138.215.250
[16:09:22] Resetting nodes: edge-node-1 -> edge-node-2 (server: edge-host-1, vip: 10.138.215.250)
[16:09:22] Step 1: Killing any existing processes on source...
[16:09:22]   Killing PID 81442 (from /home/ubuntu/tcp_client.pid)
[16:09:23]   Killing PID 81442 (from /home/ubuntu/client.pid)
[16:09:23]   Killing any remaining background processes...
[16:09:25] Step 2: Cleaning source node...
[16:09:26] Step 3: Cleaning destination node...
[16:09:26]   Killing PID 81442 on destination (from /home/ubuntu/tcp_client.pid)
[16:09:27]   Killing PID 81442 on destination (from /home/ubuntu/client.pid)
[16:09:28]   Killing all remaining TCP processes on destination...
[16:09:31] Step 4: Cleaning server node (edge-host-1)...
[16:09:31]   Killing PID 1118092 on server (from /home/ubuntu/tcp_server.pid)
[16:09:33] ✓ Reset complete, nodes are clean
[16:09:33]   Next: Start your application
[exit=0]

$ bash /home/ivo/Evaluation-of-Live-Migration-Strategies-at-the-Edge/Network-live-migration/scripts/workloads/start_tcp_server.sh edge-host-1 5000
[tcp-server] Ensuring tcp-howto binary on edge-host-1...
[tcp-server] Reusing existing /tmp/tcp-howto on edge-host-1
[tcp-server] Starting on edge-host-1 (port 5000)...
[tcp-server] Waiting for listen...
✓ TCP server listening on edge-host-1:5000
[tcp-server] Logs: multipass exec edge-host-1 -- tail -f /home/ubuntu/tcp_server.out
[exit=0]

$ bash /home/ivo/Evaluation-of-Live-Migration-Strategies-at-the-Edge/Network-live-migration/scripts/workloads/start_tcp_client.sh edge-node-1 edge-host-1 5000
[tcp-client] Server endpoint: 10.138.215.36:5000
[tcp-client] Client VIP: 10.138.215.250
[tcp-client] Ensuring tcp-howto binary on edge-node-1...
[tcp-client] Reusing existing /tmp/tcp-howto on edge-node-1
[tcp-client] Ensuring VIP 10.138.215.250 is present on edge-node-1...
ARPING 10.138.215.250 from 10.138.215.250 ens3
Sent 3 probes (3 broadcast(s))
Received 0 response(s)
[tcp-client] Starting on edge-node-1...
[tcp-client] Waiting for established TCP connection...
✓ TCP client connected (PID: 84614)
[tcp-client] Logs: multipass exec edge-node-1 -- tail -f /home/ubuntu/tcp_client.out
[exit=0]

$ python3 /home/ivo/Evaluation-of-Live-Migration-Strategies-at-the-Edge/Network-live-migration/scripts/orchestrators/tcp_client_benchmark.py precopy --source edge-node-1 --dest edge-node-2 --server edge-host-1 --transfer-mode direct --run-id 11-05-2026-direct-precopy-0013 --csv /home/ivo/Evaluation-of-Live-Migration-Strategies-at-the-Edge/Network-live-migration/metrics/migration_metrics.csv --profile-name 3_LTE --iterations 3
[16:09:42] === TCP CLIENT MIGRATION ===
[16:09:42] Run ID: 11-05-2026-direct-precopy-0013
[16:09:42] Source: edge-node-1, Dest: edge-node-2
[16:09:42] Server: edge-host-1
[16:09:42] Transfer mode: direct

[16:09:42] === TCP CLIENT PRE-COPY MIGRATION (3 iterations) ===
[16:09:42] Step 1: Checking source client process...
[16:09:42]   Using PID from /home/ubuntu/tcp_client.pid: 84614
[16:09:43]   Server connections so far: 1
[16:09:44] Step 2: Preparing CRIU directory...
[16:09:44] Step 3: Running 3 pre-dumps and transferring them while client keeps running...
[16:09:45]   Pre-dump 1/3 complete
[16:09:45]   Archiving and transferring pre-dump 1...
Setting up SSH trust: edge-node-1 → ubuntu@10.138.215.137
  Adding public key to destination's authorized_keys...
  Testing SSH connectivity...
  ✓ SSH trust ready
  Transferring /home/ubuntu/CRIU-tcp-client-iter-0.tar.gz via SCP...
[16:09:52]   Pre-dump 2/3 complete
[16:09:52]   Archiving and transferring pre-dump 2...
Setting up SSH trust: edge-node-1 → ubuntu@10.138.215.137
  Adding public key to destination's authorized_keys...
  Testing SSH connectivity...
  ✓ SSH trust ready
  Transferring /home/ubuntu/CRIU-tcp-client-iter-1.tar.gz via SCP...
[16:10:00]   Pre-dump 3/3 complete
[16:10:00]   Archiving and transferring pre-dump 3...
Setting up SSH trust: edge-node-1 → ubuntu@10.138.215.137
  Adding public key to destination's authorized_keys...
  Testing SSH connectivity...
  ✓ SSH trust ready
  Transferring /home/ubuntu/CRIU-tcp-client-iter-2.tar.gz via SCP...
[16:10:07]   Pre-copy transfer outside downtime: archive=901 ms, transfer=16255 ms, unpack=880 ms, bytes=22578
[16:10:07] Step 4: Final dump (freezing client)...
[16:10:07] Step 4.5: Moving VIP to destination...
[16:10:08]   Moving VIP 10.138.215.250 from edge-node-1:ens3 -> edge-node-2:ens3
[16:10:13] Step 5: Creating final dump archive...
[16:10:13] Step 6: Transferring archive...
[16:10:13]   Setting up direct SSH trust...
Setting up SSH trust: edge-node-1 → ubuntu@10.138.215.137
  Adding public key to destination's authorized_keys...
  Testing SSH connectivity...
  ✓ SSH trust ready
Setting up SSH trust: edge-node-1 → ubuntu@10.138.215.137
  Adding public key to destination's authorized_keys...
  Testing SSH connectivity...
  ✓ SSH trust ready
  Transferring /home/ubuntu/CRIU-tcp-client-final.tar.gz via SCP...
[16:10:22] Step 7: Unpacking on destination...
[16:10:22] Step 8: Preparing restore environment...
[16:10:23] Step 9: Restoring client (--tcp-established)...
[16:10:23] Step 10: Verifying connection continuity...
[16:10:27]   Client output (tail): PP 17 -> 17
[16:10:27]   Server connections so far: 1
[16:10:27] ✓ SUCCESS: Client restored and TCP socket appears established
[16:10:27] Metrics saved to /home/ivo/Evaluation-of-Live-Migration-Strategies-at-the-Edge/Network-live-migration/metrics/migration_metrics.csv
[exit=0]

$ python3 /home/ivo/Evaluation-of-Live-Migration-Strategies-at-the-Edge/Network-live-migration/scripts/setup/reset_nodes.py edge-node-1 edge-node-2 edge-host-1 10.138.215.250
[16:10:28] Resetting nodes: edge-node-1 -> edge-node-2 (server: edge-host-1, vip: 10.138.215.250)
[16:10:28] Step 1: Killing any existing processes on source...
[16:10:28]   Killing PID 84614 (from /home/ubuntu/tcp_client.pid)
[16:10:29]   Killing PID 84614 (from /home/ubuntu/client.pid)
[16:10:29]   Killing any remaining background processes...
[16:10:31] Step 2: Cleaning source node...
[16:10:33] Step 3: Cleaning destination node...
[16:10:33]   Killing PID 84614 on destination (from /home/ubuntu/tcp_client.pid)
[16:10:33]   Killing PID 84614 on destination (from /home/ubuntu/client.pid)
[16:10:34]   Killing all remaining TCP processes on destination...
[16:10:37] Step 4: Cleaning server node (edge-host-1)...
[16:10:37]   Killing PID 1119151 on server (from /home/ubuntu/tcp_server.pid)
[16:10:40] ✓ Reset complete, nodes are clean
[16:10:40]   Next: Start your application
[exit=0]

$ bash /home/ivo/Evaluation-of-Live-Migration-Strategies-at-the-Edge/Network-live-migration/scripts/workloads/start_tcp_server.sh edge-host-1 5000
[tcp-server] Ensuring tcp-howto binary on edge-host-1...
[tcp-server] Reusing existing /tmp/tcp-howto on edge-host-1
[tcp-server] Starting on edge-host-1 (port 5000)...
[tcp-server] Waiting for listen...
✓ TCP server listening on edge-host-1:5000
[tcp-server] Logs: multipass exec edge-host-1 -- tail -f /home/ubuntu/tcp_server.out
[exit=0]

$ bash /home/ivo/Evaluation-of-Live-Migration-Strategies-at-the-Edge/Network-live-migration/scripts/workloads/start_tcp_client.sh edge-node-1 edge-host-1 5000
[tcp-client] Server endpoint: 10.138.215.36:5000
[tcp-client] Client VIP: 10.138.215.250
[tcp-client] Ensuring tcp-howto binary on edge-node-1...
[tcp-client] Reusing existing /tmp/tcp-howto on edge-node-1
[tcp-client] Ensuring VIP 10.138.215.250 is present on edge-node-1...
ARPING 10.138.215.250 from 10.138.215.250 ens3
Sent 3 probes (3 broadcast(s))
Received 0 response(s)
[tcp-client] Starting on edge-node-1...
[tcp-client] Waiting for established TCP connection...
✓ TCP client connected (PID: 87810)
[tcp-client] Logs: multipass exec edge-node-1 -- tail -f /home/ubuntu/tcp_client.out
[exit=0]

$ python3 /home/ivo/Evaluation-of-Live-Migration-Strategies-at-the-Edge/Network-live-migration/scripts/orchestrators/tcp_client_benchmark.py precopy --source edge-node-1 --dest edge-node-2 --server edge-host-1 --transfer-mode direct --run-id 11-05-2026-direct-precopy-0014 --csv /home/ivo/Evaluation-of-Live-Migration-Strategies-at-the-Edge/Network-live-migration/metrics/migration_metrics.csv --profile-name 3_LTE --iterations 3
[16:10:48] === TCP CLIENT MIGRATION ===
[16:10:48] Run ID: 11-05-2026-direct-precopy-0014
[16:10:48] Source: edge-node-1, Dest: edge-node-2
[16:10:48] Server: edge-host-1
[16:10:48] Transfer mode: direct

[16:10:48] === TCP CLIENT PRE-COPY MIGRATION (3 iterations) ===
[16:10:48] Step 1: Checking source client process...
[16:10:49]   Using PID from /home/ubuntu/tcp_client.pid: 87810
[16:10:50]   Server connections so far: 1
[16:10:50] Step 2: Preparing CRIU directory...
[16:10:51] Step 3: Running 3 pre-dumps and transferring them while client keeps running...
[16:10:51]   Pre-dump 1/3 complete
[16:10:51]   Archiving and transferring pre-dump 1...
Setting up SSH trust: edge-node-1 → ubuntu@10.138.215.137
  Adding public key to destination's authorized_keys...
  Testing SSH connectivity...
  ✓ SSH trust ready
  Transferring /home/ubuntu/CRIU-tcp-client-iter-0.tar.gz via SCP...
[16:10:58]   Pre-dump 2/3 complete
[16:10:58]   Archiving and transferring pre-dump 2...
Setting up SSH trust: edge-node-1 → ubuntu@10.138.215.137
  Adding public key to destination's authorized_keys...
  Testing SSH connectivity...
  ✓ SSH trust ready
  Transferring /home/ubuntu/CRIU-tcp-client-iter-1.tar.gz via SCP...
[16:11:06]   Pre-dump 3/3 complete
[16:11:06]   Archiving and transferring pre-dump 3...
Setting up SSH trust: edge-node-1 → ubuntu@10.138.215.137
  Adding public key to destination's authorized_keys...
  Testing SSH connectivity...
  ✓ SSH trust ready
  Transferring /home/ubuntu/CRIU-tcp-client-iter-2.tar.gz via SCP...
[16:11:13]   Pre-copy transfer outside downtime: archive=1019 ms, transfer=15917 ms, unpack=903 ms, bytes=21978
[16:11:13] Step 4: Final dump (freezing client)...
[16:11:13] Step 4.5: Moving VIP to destination...
[16:11:14]   Moving VIP 10.138.215.250 from edge-node-1:ens3 -> edge-node-2:ens3
[16:11:19] Step 5: Creating final dump archive...
[16:11:19] Step 6: Transferring archive...
[16:11:19]   Setting up direct SSH trust...
Setting up SSH trust: edge-node-1 → ubuntu@10.138.215.137
  Adding public key to destination's authorized_keys...
  Testing SSH connectivity...
  ✓ SSH trust ready
Setting up SSH trust: edge-node-1 → ubuntu@10.138.215.137
  Adding public key to destination's authorized_keys...
  Testing SSH connectivity...
  ✓ SSH trust ready
  Transferring /home/ubuntu/CRIU-tcp-client-final.tar.gz via SCP...
[16:11:28] Step 7: Unpacking on destination...
[16:11:28] Step 8: Preparing restore environment...
[16:11:28] Step 9: Restoring client (--tcp-established)...
[16:11:29] Step 10: Verifying connection continuity...
[16:11:32]   Client output (tail): PP 17 -> 17
[16:11:33]   Server connections so far: 1
[16:11:33] ✓ SUCCESS: Client restored and TCP socket appears established
[16:11:33] Metrics saved to /home/ivo/Evaluation-of-Live-Migration-Strategies-at-the-Edge/Network-live-migration/metrics/migration_metrics.csv
[exit=0]

$ python3 /home/ivo/Evaluation-of-Live-Migration-Strategies-at-the-Edge/Network-live-migration/scripts/setup/reset_nodes.py edge-node-1 edge-node-2 edge-host-1 10.138.215.250
[16:11:34] Resetting nodes: edge-node-1 -> edge-node-2 (server: edge-host-1, vip: 10.138.215.250)
[16:11:34] Step 1: Killing any existing processes on source...
[16:11:34]   Killing PID 87810 (from /home/ubuntu/tcp_client.pid)
[16:11:35]   Killing PID 87810 (from /home/ubuntu/client.pid)
[16:11:35]   Killing any remaining background processes...
[16:11:37] Step 2: Cleaning source node...
[16:11:38] Step 3: Cleaning destination node...
[16:11:39]   Killing PID 87810 on destination (from /home/ubuntu/tcp_client.pid)
[16:11:39]   Killing PID 87810 on destination (from /home/ubuntu/client.pid)
[16:11:40]   Killing all remaining TCP processes on destination...
[16:11:43] Step 4: Cleaning server node (edge-host-1)...
[16:11:43]   Killing PID 1120215 on server (from /home/ubuntu/tcp_server.pid)
[16:11:45] ✓ Reset complete, nodes are clean
[16:11:45]   Next: Start your application
[exit=0]

$ bash /home/ivo/Evaluation-of-Live-Migration-Strategies-at-the-Edge/Network-live-migration/scripts/workloads/start_tcp_server.sh edge-host-1 5000
[tcp-server] Ensuring tcp-howto binary on edge-host-1...
[tcp-server] Reusing existing /tmp/tcp-howto on edge-host-1
[tcp-server] Starting on edge-host-1 (port 5000)...
[tcp-server] Waiting for listen...
✓ TCP server listening on edge-host-1:5000
[tcp-server] Logs: multipass exec edge-host-1 -- tail -f /home/ubuntu/tcp_server.out
[exit=0]

$ bash /home/ivo/Evaluation-of-Live-Migration-Strategies-at-the-Edge/Network-live-migration/scripts/workloads/start_tcp_client.sh edge-node-1 edge-host-1 5000
[tcp-client] Server endpoint: 10.138.215.36:5000
[tcp-client] Client VIP: 10.138.215.250
[tcp-client] Ensuring tcp-howto binary on edge-node-1...
[tcp-client] Reusing existing /tmp/tcp-howto on edge-node-1
[tcp-client] Ensuring VIP 10.138.215.250 is present on edge-node-1...
ARPING 10.138.215.250 from 10.138.215.250 ens3
Sent 3 probes (3 broadcast(s))
Received 0 response(s)
[tcp-client] Starting on edge-node-1...
[tcp-client] Waiting for established TCP connection...
✓ TCP client connected (PID: 90984)
[tcp-client] Logs: multipass exec edge-node-1 -- tail -f /home/ubuntu/tcp_client.out
[exit=0]

$ python3 /home/ivo/Evaluation-of-Live-Migration-Strategies-at-the-Edge/Network-live-migration/scripts/orchestrators/tcp_client_benchmark.py precopy --source edge-node-1 --dest edge-node-2 --server edge-host-1 --transfer-mode direct --run-id 11-05-2026-direct-precopy-0015 --csv /home/ivo/Evaluation-of-Live-Migration-Strategies-at-the-Edge/Network-live-migration/metrics/migration_metrics.csv --profile-name 3_LTE --iterations 3
[16:11:54] === TCP CLIENT MIGRATION ===
[16:11:54] Run ID: 11-05-2026-direct-precopy-0015
[16:11:54] Source: edge-node-1, Dest: edge-node-2
[16:11:54] Server: edge-host-1
[16:11:54] Transfer mode: direct

[16:11:54] === TCP CLIENT PRE-COPY MIGRATION (3 iterations) ===
[16:11:54] Step 1: Checking source client process...
[16:11:55]   Using PID from /home/ubuntu/tcp_client.pid: 90984
[16:11:56]   Server connections so far: 1
[16:11:56] Step 2: Preparing CRIU directory...
[16:11:56] Step 3: Running 3 pre-dumps and transferring them while client keeps running...
[16:11:57]   Pre-dump 1/3 complete
[16:11:57]   Archiving and transferring pre-dump 1...
Setting up SSH trust: edge-node-1 → ubuntu@10.138.215.137
  Adding public key to destination's authorized_keys...
  Testing SSH connectivity...
  ✓ SSH trust ready
  Transferring /home/ubuntu/CRIU-tcp-client-iter-0.tar.gz via SCP...
[16:12:04]   Pre-dump 2/3 complete
[16:12:04]   Archiving and transferring pre-dump 2...
Setting up SSH trust: edge-node-1 → ubuntu@10.138.215.137
  Adding public key to destination's authorized_keys...
  Testing SSH connectivity...
  ✓ SSH trust ready
  Transferring /home/ubuntu/CRIU-tcp-client-iter-1.tar.gz via SCP...
[16:12:12]   Pre-dump 3/3 complete
[16:12:12]   Archiving and transferring pre-dump 3...
Setting up SSH trust: edge-node-1 → ubuntu@10.138.215.137
  Adding public key to destination's authorized_keys...
  Testing SSH connectivity...
  ✓ SSH trust ready
  Transferring /home/ubuntu/CRIU-tcp-client-iter-2.tar.gz via SCP...
[16:12:19]   Pre-copy transfer outside downtime: archive=891 ms, transfer=15887 ms, unpack=890 ms, bytes=23141
[16:12:19] Step 4: Final dump (freezing client)...
[16:12:19] Step 4.5: Moving VIP to destination...
[16:12:20]   Moving VIP 10.138.215.250 from edge-node-1:ens3 -> edge-node-2:ens3
[16:12:25] Step 5: Creating final dump archive...
[16:12:25] Step 6: Transferring archive...
[16:12:25]   Setting up direct SSH trust...
Setting up SSH trust: edge-node-1 → ubuntu@10.138.215.137
  Adding public key to destination's authorized_keys...
  Testing SSH connectivity...
  ✓ SSH trust ready
Setting up SSH trust: edge-node-1 → ubuntu@10.138.215.137
  Adding public key to destination's authorized_keys...
  Testing SSH connectivity...
  ✓ SSH trust ready
  Transferring /home/ubuntu/CRIU-tcp-client-final.tar.gz via SCP...
[16:12:33] Step 7: Unpacking on destination...
[16:12:34] Step 8: Preparing restore environment...
[16:12:34] Step 9: Restoring client (--tcp-established)...
[16:12:35] Step 10: Verifying connection continuity...
[16:12:38]   Client output (tail): PP 17 -> 17
[16:12:39]   Server connections so far: 1
[16:12:39] ✓ SUCCESS: Client restored and TCP socket appears established
[16:12:39] Metrics saved to /home/ivo/Evaluation-of-Live-Migration-Strategies-at-the-Edge/Network-live-migration/metrics/migration_metrics.csv
[exit=0]

$ python3 /home/ivo/Evaluation-of-Live-Migration-Strategies-at-the-Edge/Network-live-migration/scripts/setup/reset_nodes.py edge-node-1 edge-node-2 edge-host-1 10.138.215.250
[16:12:40] Resetting nodes: edge-node-1 -> edge-node-2 (server: edge-host-1, vip: 10.138.215.250)
[16:12:40] Step 1: Killing any existing processes on source...
[16:12:40]   Killing PID 90984 (from /home/ubuntu/tcp_client.pid)
[16:12:41]   Killing PID 90984 (from /home/ubuntu/client.pid)
[16:12:41]   Killing any remaining background processes...
[16:12:43] Step 2: Cleaning source node...
[16:12:44] Step 3: Cleaning destination node...
[16:12:44]   Killing PID 90984 on destination (from /home/ubuntu/tcp_client.pid)
[16:12:45]   Killing PID 90984 on destination (from /home/ubuntu/client.pid)
[16:12:46]   Killing all remaining TCP processes on destination...
[16:12:49] Step 4: Cleaning server node (edge-host-1)...
[16:12:49]   Killing PID 1121272 on server (from /home/ubuntu/tcp_server.pid)
[16:12:51] ✓ Reset complete, nodes are clean
[16:12:51]   Next: Start your application
[exit=0]

$ bash /home/ivo/Evaluation-of-Live-Migration-Strategies-at-the-Edge/Network-live-migration/scripts/workloads/start_tcp_server.sh edge-host-1 5000
[tcp-server] Ensuring tcp-howto binary on edge-host-1...
[tcp-server] Reusing existing /tmp/tcp-howto on edge-host-1
[tcp-server] Starting on edge-host-1 (port 5000)...
[tcp-server] Waiting for listen...
✓ TCP server listening on edge-host-1:5000
[tcp-server] Logs: multipass exec edge-host-1 -- tail -f /home/ubuntu/tcp_server.out
[exit=0]

$ bash /home/ivo/Evaluation-of-Live-Migration-Strategies-at-the-Edge/Network-live-migration/scripts/workloads/start_tcp_client.sh edge-node-1 edge-host-1 5000
[tcp-client] Server endpoint: 10.138.215.36:5000
[tcp-client] Client VIP: 10.138.215.250
[tcp-client] Ensuring tcp-howto binary on edge-node-1...
[tcp-client] Reusing existing /tmp/tcp-howto on edge-node-1
[tcp-client] Ensuring VIP 10.138.215.250 is present on edge-node-1...
ARPING 10.138.215.250 from 10.138.215.250 ens3
Sent 3 probes (3 broadcast(s))
Received 0 response(s)
[tcp-client] Starting on edge-node-1...
[tcp-client] Waiting for established TCP connection...
✓ TCP client connected (PID: 94186)
[tcp-client] Logs: multipass exec edge-node-1 -- tail -f /home/ubuntu/tcp_client.out
[exit=0]

$ python3 /home/ivo/Evaluation-of-Live-Migration-Strategies-at-the-Edge/Network-live-migration/scripts/orchestrators/tcp_client_benchmark.py precopy --source edge-node-1 --dest edge-node-2 --server edge-host-1 --transfer-mode direct --run-id 11-05-2026-direct-precopy-0016 --csv /home/ivo/Evaluation-of-Live-Migration-Strategies-at-the-Edge/Network-live-migration/metrics/migration_metrics.csv --profile-name 3_LTE --iterations 3
[16:13:00] === TCP CLIENT MIGRATION ===
[16:13:00] Run ID: 11-05-2026-direct-precopy-0016
[16:13:00] Source: edge-node-1, Dest: edge-node-2
[16:13:00] Server: edge-host-1
[16:13:00] Transfer mode: direct

[16:13:00] === TCP CLIENT PRE-COPY MIGRATION (3 iterations) ===
[16:13:00] Step 1: Checking source client process...
[16:13:01]   Using PID from /home/ubuntu/tcp_client.pid: 94186
[16:13:02]   Server connections so far: 1
[16:13:02] Step 2: Preparing CRIU directory...
[16:13:02] Step 3: Running 3 pre-dumps and transferring them while client keeps running...
[16:13:03]   Pre-dump 1/3 complete
[16:13:03]   Archiving and transferring pre-dump 1...
Setting up SSH trust: edge-node-1 → ubuntu@10.138.215.137
  Adding public key to destination's authorized_keys...
  Testing SSH connectivity...
  ✓ SSH trust ready
  Transferring /home/ubuntu/CRIU-tcp-client-iter-0.tar.gz via SCP...
[16:13:10]   Pre-dump 2/3 complete
[16:13:10]   Archiving and transferring pre-dump 2...
Setting up SSH trust: edge-node-1 → ubuntu@10.138.215.137
  Adding public key to destination's authorized_keys...
  Testing SSH connectivity...
  ✓ SSH trust ready
  Transferring /home/ubuntu/CRIU-tcp-client-iter-1.tar.gz via SCP...
[16:13:18]   Pre-dump 3/3 complete
[16:13:18]   Archiving and transferring pre-dump 3...
Setting up SSH trust: edge-node-1 → ubuntu@10.138.215.137
  Adding public key to destination's authorized_keys...
  Testing SSH connectivity...
  ✓ SSH trust ready
  Transferring /home/ubuntu/CRIU-tcp-client-iter-2.tar.gz via SCP...
[16:13:25]   Pre-copy transfer outside downtime: archive=958 ms, transfer=15850 ms, unpack=1024 ms, bytes=21671
[16:13:25] Step 4: Final dump (freezing client)...
[16:13:25] Step 4.5: Moving VIP to destination...
[16:13:26]   Moving VIP 10.138.215.250 from edge-node-1:ens3 -> edge-node-2:ens3
[16:13:31] Step 5: Creating final dump archive...
[16:13:31] Step 6: Transferring archive...
[16:13:31]   Setting up direct SSH trust...
Setting up SSH trust: edge-node-1 → ubuntu@10.138.215.137
  Adding public key to destination's authorized_keys...
  Testing SSH connectivity...
  ✓ SSH trust ready
Setting up SSH trust: edge-node-1 → ubuntu@10.138.215.137
  Adding public key to destination's authorized_keys...
  Testing SSH connectivity...
  ✓ SSH trust ready
  Transferring /home/ubuntu/CRIU-tcp-client-final.tar.gz via SCP...
[16:13:40] Step 7: Unpacking on destination...
[16:13:40] Step 8: Preparing restore environment...
[16:13:40] Step 9: Restoring client (--tcp-established)...
[16:13:41] Step 10: Verifying connection continuity...
[16:13:44]   Client output (tail): PP 17 -> 17
[16:13:45]   Server connections so far: 1
[16:13:45] ✓ SUCCESS: Client restored and TCP socket appears established
[16:13:45] Metrics saved to /home/ivo/Evaluation-of-Live-Migration-Strategies-at-the-Edge/Network-live-migration/metrics/migration_metrics.csv
[exit=0]

$ python3 /home/ivo/Evaluation-of-Live-Migration-Strategies-at-the-Edge/Network-live-migration/scripts/setup/reset_nodes.py edge-node-1 edge-node-2 edge-host-1 10.138.215.250
[16:13:46] Resetting nodes: edge-node-1 -> edge-node-2 (server: edge-host-1, vip: 10.138.215.250)
[16:13:46] Step 1: Killing any existing processes on source...
[16:13:46]   Killing PID 94186 (from /home/ubuntu/tcp_client.pid)
[16:13:47]   Killing PID 94186 (from /home/ubuntu/client.pid)
[16:13:47]   Killing any remaining background processes...
[16:13:49] Step 2: Cleaning source node...
[16:13:50] Step 3: Cleaning destination node...
[16:13:50]   Killing PID 94186 on destination (from /home/ubuntu/tcp_client.pid)
[16:13:51]   Killing PID 94186 on destination (from /home/ubuntu/client.pid)
[16:13:52]   Killing all remaining TCP processes on destination...
[16:13:55] Step 4: Cleaning server node (edge-host-1)...
[16:13:55]   Killing PID 1122336 on server (from /home/ubuntu/tcp_server.pid)
[16:13:57] ✓ Reset complete, nodes are clean
[16:13:57]   Next: Start your application
[exit=0]

$ bash /home/ivo/Evaluation-of-Live-Migration-Strategies-at-the-Edge/Network-live-migration/scripts/workloads/start_tcp_server.sh edge-host-1 5000
[tcp-server] Ensuring tcp-howto binary on edge-host-1...
[tcp-server] Reusing existing /tmp/tcp-howto on edge-host-1
[tcp-server] Starting on edge-host-1 (port 5000)...
[tcp-server] Waiting for listen...
✓ TCP server listening on edge-host-1:5000
[tcp-server] Logs: multipass exec edge-host-1 -- tail -f /home/ubuntu/tcp_server.out
[exit=0]

$ bash /home/ivo/Evaluation-of-Live-Migration-Strategies-at-the-Edge/Network-live-migration/scripts/workloads/start_tcp_client.sh edge-node-1 edge-host-1 5000
[tcp-client] Server endpoint: 10.138.215.36:5000
[tcp-client] Client VIP: 10.138.215.250
[tcp-client] Ensuring tcp-howto binary on edge-node-1...
[tcp-client] Reusing existing /tmp/tcp-howto on edge-node-1
[tcp-client] Ensuring VIP 10.138.215.250 is present on edge-node-1...
ARPING 10.138.215.250 from 10.138.215.250 ens3
Sent 3 probes (3 broadcast(s))
Received 0 response(s)
[tcp-client] Starting on edge-node-1...
[tcp-client] Waiting for established TCP connection...
✓ TCP client connected (PID: 97420)
[tcp-client] Logs: multipass exec edge-node-1 -- tail -f /home/ubuntu/tcp_client.out
[exit=0]

$ python3 /home/ivo/Evaluation-of-Live-Migration-Strategies-at-the-Edge/Network-live-migration/scripts/orchestrators/tcp_client_benchmark.py precopy --source edge-node-1 --dest edge-node-2 --server edge-host-1 --transfer-mode direct --run-id 11-05-2026-direct-precopy-0017 --csv /home/ivo/Evaluation-of-Live-Migration-Strategies-at-the-Edge/Network-live-migration/metrics/migration_metrics.csv --profile-name 3_LTE --iterations 3
[16:14:06] === TCP CLIENT MIGRATION ===
[16:14:06] Run ID: 11-05-2026-direct-precopy-0017
[16:14:06] Source: edge-node-1, Dest: edge-node-2
[16:14:06] Server: edge-host-1
[16:14:06] Transfer mode: direct

[16:14:06] === TCP CLIENT PRE-COPY MIGRATION (3 iterations) ===
[16:14:06] Step 1: Checking source client process...
[16:14:07]   Using PID from /home/ubuntu/tcp_client.pid: 97420
[16:14:08]   Server connections so far: 1
[16:14:08] Step 2: Preparing CRIU directory...
[16:14:09] Step 3: Running 3 pre-dumps and transferring them while client keeps running...
[16:14:09]   Pre-dump 1/3 complete
[16:14:09]   Archiving and transferring pre-dump 1...
Setting up SSH trust: edge-node-1 → ubuntu@10.138.215.137
  Adding public key to destination's authorized_keys...
  Testing SSH connectivity...
  ✓ SSH trust ready
  Transferring /home/ubuntu/CRIU-tcp-client-iter-0.tar.gz via SCP...
[16:14:17]   Pre-dump 2/3 complete
[16:14:17]   Archiving and transferring pre-dump 2...
Setting up SSH trust: edge-node-1 → ubuntu@10.138.215.137
  Adding public key to destination's authorized_keys...
  Testing SSH connectivity...
  ✓ SSH trust ready
  Transferring /home/ubuntu/CRIU-tcp-client-iter-1.tar.gz via SCP...
[16:14:24]   Pre-dump 3/3 complete
[16:14:24]   Archiving and transferring pre-dump 3...
Setting up SSH trust: edge-node-1 → ubuntu@10.138.215.137
  Adding public key to destination's authorized_keys...
  Testing SSH connectivity...
  ✓ SSH trust ready
  Transferring /home/ubuntu/CRIU-tcp-client-iter-2.tar.gz via SCP...
[16:14:31]   Pre-copy transfer outside downtime: archive=985 ms, transfer=16229 ms, unpack=869 ms, bytes=21961
[16:14:31] Step 4: Final dump (freezing client)...
[16:14:32] Step 4.5: Moving VIP to destination...
[16:14:32]   Moving VIP 10.138.215.250 from edge-node-1:ens3 -> edge-node-2:ens3
[16:14:37] Step 5: Creating final dump archive...
[16:14:38] Step 6: Transferring archive...
[16:14:38]   Setting up direct SSH trust...
Setting up SSH trust: edge-node-1 → ubuntu@10.138.215.137
  Adding public key to destination's authorized_keys...
  Testing SSH connectivity...
  ✓ SSH trust ready
Setting up SSH trust: edge-node-1 → ubuntu@10.138.215.137
  Adding public key to destination's authorized_keys...
  Testing SSH connectivity...
  ✓ SSH trust ready
  Transferring /home/ubuntu/CRIU-tcp-client-final.tar.gz via SCP...
[16:14:46] Step 7: Unpacking on destination...
[16:14:46] Step 8: Preparing restore environment...
[16:14:47] Step 9: Restoring client (--tcp-established)...
[16:14:47] Step 10: Verifying connection continuity...
[16:14:51]   Client output (tail): PP 17 -> 17
[16:14:51]   Server connections so far: 1
[16:14:51] ✓ SUCCESS: Client restored and TCP socket appears established
[16:14:51] Metrics saved to /home/ivo/Evaluation-of-Live-Migration-Strategies-at-the-Edge/Network-live-migration/metrics/migration_metrics.csv
[exit=0]

$ python3 /home/ivo/Evaluation-of-Live-Migration-Strategies-at-the-Edge/Network-live-migration/scripts/setup/reset_nodes.py edge-node-1 edge-node-2 edge-host-1 10.138.215.250
[16:14:52] Resetting nodes: edge-node-1 -> edge-node-2 (server: edge-host-1, vip: 10.138.215.250)
[16:14:52] Step 1: Killing any existing processes on source...
[16:14:52]   Killing PID 97420 (from /home/ubuntu/tcp_client.pid)
[16:14:53]   Killing PID 97420 (from /home/ubuntu/client.pid)
[16:14:53]   Killing any remaining background processes...
[16:14:55] Step 2: Cleaning source node...
[16:14:57] Step 3: Cleaning destination node...
[16:14:57]   Killing PID 97420 on destination (from /home/ubuntu/tcp_client.pid)
[16:14:58]   Killing PID 97420 on destination (from /home/ubuntu/client.pid)
[16:14:58]   Killing all remaining TCP processes on destination...
[16:15:01] Step 4: Cleaning server node (edge-host-1)...
[16:15:02]   Killing PID 1123391 on server (from /home/ubuntu/tcp_server.pid)
[16:15:04] ✓ Reset complete, nodes are clean
[16:15:04]   Next: Start your application
[exit=0]

$ bash /home/ivo/Evaluation-of-Live-Migration-Strategies-at-the-Edge/Network-live-migration/scripts/workloads/start_tcp_server.sh edge-host-1 5000
[tcp-server] Ensuring tcp-howto binary on edge-host-1...
[tcp-server] Reusing existing /tmp/tcp-howto on edge-host-1
[tcp-server] Starting on edge-host-1 (port 5000)...
[tcp-server] Waiting for listen...
✓ TCP server listening on edge-host-1:5000
[tcp-server] Logs: multipass exec edge-host-1 -- tail -f /home/ubuntu/tcp_server.out
[exit=0]

$ bash /home/ivo/Evaluation-of-Live-Migration-Strategies-at-the-Edge/Network-live-migration/scripts/workloads/start_tcp_client.sh edge-node-1 edge-host-1 5000
[tcp-client] Server endpoint: 10.138.215.36:5000
[tcp-client] Client VIP: 10.138.215.250
[tcp-client] Ensuring tcp-howto binary on edge-node-1...
[tcp-client] Reusing existing /tmp/tcp-howto on edge-node-1
[tcp-client] Ensuring VIP 10.138.215.250 is present on edge-node-1...
ARPING 10.138.215.250 from 10.138.215.250 ens3
Sent 3 probes (3 broadcast(s))
Received 0 response(s)
[tcp-client] Starting on edge-node-1...
[tcp-client] Waiting for established TCP connection...
✓ TCP client connected (PID: 100666)
[tcp-client] Logs: multipass exec edge-node-1 -- tail -f /home/ubuntu/tcp_client.out
[exit=0]

$ python3 /home/ivo/Evaluation-of-Live-Migration-Strategies-at-the-Edge/Network-live-migration/scripts/orchestrators/tcp_client_benchmark.py precopy --source edge-node-1 --dest edge-node-2 --server edge-host-1 --transfer-mode direct --run-id 11-05-2026-direct-precopy-0018 --csv /home/ivo/Evaluation-of-Live-Migration-Strategies-at-the-Edge/Network-live-migration/metrics/migration_metrics.csv --profile-name 3_LTE --iterations 3
[16:15:12] === TCP CLIENT MIGRATION ===
[16:15:12] Run ID: 11-05-2026-direct-precopy-0018
[16:15:12] Source: edge-node-1, Dest: edge-node-2
[16:15:12] Server: edge-host-1
[16:15:12] Transfer mode: direct

[16:15:12] === TCP CLIENT PRE-COPY MIGRATION (3 iterations) ===
[16:15:12] Step 1: Checking source client process...
[16:15:13]   Using PID from /home/ubuntu/tcp_client.pid: 100666
[16:15:14]   Server connections so far: 1
[16:15:14] Step 2: Preparing CRIU directory...
[16:15:15] Step 3: Running 3 pre-dumps and transferring them while client keeps running...
[16:15:15]   Pre-dump 1/3 complete
[16:15:15]   Archiving and transferring pre-dump 1...
Setting up SSH trust: edge-node-1 → ubuntu@10.138.215.137
  Adding public key to destination's authorized_keys...
  Testing SSH connectivity...
  ✓ SSH trust ready
  Transferring /home/ubuntu/CRIU-tcp-client-iter-0.tar.gz via SCP...
[16:15:23]   Pre-dump 2/3 complete
[16:15:23]   Archiving and transferring pre-dump 2...
Setting up SSH trust: edge-node-1 → ubuntu@10.138.215.137
  Adding public key to destination's authorized_keys...
  Testing SSH connectivity...
  ✓ SSH trust ready
  Transferring /home/ubuntu/CRIU-tcp-client-iter-1.tar.gz via SCP...
[16:15:30]   Pre-dump 3/3 complete
[16:15:30]   Archiving and transferring pre-dump 3...
Setting up SSH trust: edge-node-1 → ubuntu@10.138.215.137
  Adding public key to destination's authorized_keys...
  Testing SSH connectivity...
  ✓ SSH trust ready
  Transferring /home/ubuntu/CRIU-tcp-client-iter-2.tar.gz via SCP...
[16:15:37]   Pre-copy transfer outside downtime: archive=846 ms, transfer=15944 ms, unpack=906 ms, bytes=22203
[16:15:37] Step 4: Final dump (freezing client)...
[16:15:38] Step 4.5: Moving VIP to destination...
[16:15:38]   Moving VIP 10.138.215.250 from edge-node-1:ens3 -> edge-node-2:ens3
[16:15:43] Step 5: Creating final dump archive...
[16:15:44] Step 6: Transferring archive...
[16:15:44]   Setting up direct SSH trust...
Setting up SSH trust: edge-node-1 → ubuntu@10.138.215.137
  Adding public key to destination's authorized_keys...
  Testing SSH connectivity...
  ✓ SSH trust ready
Setting up SSH trust: edge-node-1 → ubuntu@10.138.215.137
  Adding public key to destination's authorized_keys...
  Testing SSH connectivity...
  ✓ SSH trust ready
  Transferring /home/ubuntu/CRIU-tcp-client-final.tar.gz via SCP...
[16:15:52] Step 7: Unpacking on destination...
[16:15:52] Step 8: Preparing restore environment...
[16:15:53] Step 9: Restoring client (--tcp-established)...
[16:15:53] Step 10: Verifying connection continuity...
[16:15:57]   Client output (tail): PP 17 -> 17
[16:15:58]   Server connections so far: 1
[16:15:58] ✓ SUCCESS: Client restored and TCP socket appears established
[16:15:58] Metrics saved to /home/ivo/Evaluation-of-Live-Migration-Strategies-at-the-Edge/Network-live-migration/metrics/migration_metrics.csv
[exit=0]

$ python3 /home/ivo/Evaluation-of-Live-Migration-Strategies-at-the-Edge/Network-live-migration/scripts/setup/reset_nodes.py edge-node-1 edge-node-2 edge-host-1 10.138.215.250
[16:15:58] Resetting nodes: edge-node-1 -> edge-node-2 (server: edge-host-1, vip: 10.138.215.250)
[16:15:58] Step 1: Killing any existing processes on source...
[16:15:58]   Killing PID 100666 (from /home/ubuntu/tcp_client.pid)
[16:15:59]   Killing PID 100666 (from /home/ubuntu/client.pid)
[16:16:00]   Killing any remaining background processes...
[16:16:01] Step 2: Cleaning source node...
[16:16:03] Step 3: Cleaning destination node...
[16:16:03]   Killing PID 100666 on destination (from /home/ubuntu/tcp_client.pid)
[16:16:04]   Killing PID 100666 on destination (from /home/ubuntu/client.pid)
[16:16:04]   Killing all remaining TCP processes on destination...
[16:16:07] Step 4: Cleaning server node (edge-host-1)...
[16:16:08]   Killing PID 1124461 on server (from /home/ubuntu/tcp_server.pid)
[16:16:10] ✓ Reset complete, nodes are clean
[16:16:10]   Next: Start your application
[exit=0]

$ bash /home/ivo/Evaluation-of-Live-Migration-Strategies-at-the-Edge/Network-live-migration/scripts/workloads/start_tcp_server.sh edge-host-1 5000
[tcp-server] Ensuring tcp-howto binary on edge-host-1...
[tcp-server] Reusing existing /tmp/tcp-howto on edge-host-1
[tcp-server] Starting on edge-host-1 (port 5000)...
[tcp-server] Waiting for listen...
✓ TCP server listening on edge-host-1:5000
[tcp-server] Logs: multipass exec edge-host-1 -- tail -f /home/ubuntu/tcp_server.out
[exit=0]

$ bash /home/ivo/Evaluation-of-Live-Migration-Strategies-at-the-Edge/Network-live-migration/scripts/workloads/start_tcp_client.sh edge-node-1 edge-host-1 5000
[tcp-client] Server endpoint: 10.138.215.36:5000
[tcp-client] Client VIP: 10.138.215.250
[tcp-client] Ensuring tcp-howto binary on edge-node-1...
[tcp-client] Reusing existing /tmp/tcp-howto on edge-node-1
[tcp-client] Ensuring VIP 10.138.215.250 is present on edge-node-1...
ARPING 10.138.215.250 from 10.138.215.250 ens3
Sent 3 probes (3 broadcast(s))
Received 0 response(s)
[tcp-client] Starting on edge-node-1...
[tcp-client] Waiting for established TCP connection...
✓ TCP client connected (PID: 103903)
[tcp-client] Logs: multipass exec edge-node-1 -- tail -f /home/ubuntu/tcp_client.out
[exit=0]

$ python3 /home/ivo/Evaluation-of-Live-Migration-Strategies-at-the-Edge/Network-live-migration/scripts/orchestrators/tcp_client_benchmark.py precopy --source edge-node-1 --dest edge-node-2 --server edge-host-1 --transfer-mode direct --run-id 11-05-2026-direct-precopy-0019 --csv /home/ivo/Evaluation-of-Live-Migration-Strategies-at-the-Edge/Network-live-migration/metrics/migration_metrics.csv --profile-name 3_LTE --iterations 3
[16:16:19] === TCP CLIENT MIGRATION ===
[16:16:19] Run ID: 11-05-2026-direct-precopy-0019
[16:16:19] Source: edge-node-1, Dest: edge-node-2
[16:16:19] Server: edge-host-1
[16:16:19] Transfer mode: direct

[16:16:19] === TCP CLIENT PRE-COPY MIGRATION (3 iterations) ===
[16:16:19] Step 1: Checking source client process...
[16:16:19]   Using PID from /home/ubuntu/tcp_client.pid: 103903
[16:16:20]   Server connections so far: 1
[16:16:21] Step 2: Preparing CRIU directory...
[16:16:21] Step 3: Running 3 pre-dumps and transferring them while client keeps running...
[16:16:22]   Pre-dump 1/3 complete
[16:16:22]   Archiving and transferring pre-dump 1...
Setting up SSH trust: edge-node-1 → ubuntu@10.138.215.137
  Adding public key to destination's authorized_keys...
  Testing SSH connectivity...
  ✓ SSH trust ready
  Transferring /home/ubuntu/CRIU-tcp-client-iter-0.tar.gz via SCP...
[16:16:29]   Pre-dump 2/3 complete
[16:16:29]   Archiving and transferring pre-dump 2...
Setting up SSH trust: edge-node-1 → ubuntu@10.138.215.137
  Adding public key to destination's authorized_keys...
  Testing SSH connectivity...
  ✓ SSH trust ready
  Transferring /home/ubuntu/CRIU-tcp-client-iter-1.tar.gz via SCP...
[16:16:36]   Pre-dump 3/3 complete
[16:16:36]   Archiving and transferring pre-dump 3...
Setting up SSH trust: edge-node-1 → ubuntu@10.138.215.137
  Adding public key to destination's authorized_keys...
  Testing SSH connectivity...
  ✓ SSH trust ready
  Transferring /home/ubuntu/CRIU-tcp-client-iter-2.tar.gz via SCP...
[16:16:44]   Pre-copy transfer outside downtime: archive=939 ms, transfer=15862 ms, unpack=863 ms, bytes=21415
[16:16:44] Step 4: Final dump (freezing client)...
[16:16:44] Step 4.5: Moving VIP to destination...
[16:16:45]   Moving VIP 10.138.215.250 from edge-node-1:ens3 -> edge-node-2:ens3
[16:16:49] Step 5: Creating final dump archive...
[16:16:50] Step 6: Transferring archive...
[16:16:50]   Setting up direct SSH trust...
Setting up SSH trust: edge-node-1 → ubuntu@10.138.215.137
  Adding public key to destination's authorized_keys...
  Testing SSH connectivity...
  ✓ SSH trust ready
Setting up SSH trust: edge-node-1 → ubuntu@10.138.215.137
  Adding public key to destination's authorized_keys...
  Testing SSH connectivity...
  ✓ SSH trust ready
  Transferring /home/ubuntu/CRIU-tcp-client-final.tar.gz via SCP...
[16:16:58] Step 7: Unpacking on destination...
[16:16:59] Step 8: Preparing restore environment...
[16:16:59] Step 9: Restoring client (--tcp-established)...
[16:17:00] Step 10: Verifying connection continuity...
[16:17:03]   Client output (tail): PP 17 -> 17
[16:17:04]   Server connections so far: 1
[16:17:04] ✓ SUCCESS: Client restored and TCP socket appears established
[16:17:04] Metrics saved to /home/ivo/Evaluation-of-Live-Migration-Strategies-at-the-Edge/Network-live-migration/metrics/migration_metrics.csv
[exit=0]

$ python3 /home/ivo/Evaluation-of-Live-Migration-Strategies-at-the-Edge/Network-live-migration/scripts/setup/reset_nodes.py edge-node-1 edge-node-2 edge-host-1 10.138.215.250
[16:17:05] Resetting nodes: edge-node-1 -> edge-node-2 (server: edge-host-1, vip: 10.138.215.250)
[16:17:05] Step 1: Killing any existing processes on source...
[16:17:05]   Killing PID 103903 (from /home/ubuntu/tcp_client.pid)
[16:17:06]   Killing PID 103903 (from /home/ubuntu/client.pid)
[16:17:06]   Killing any remaining background processes...
[16:17:07] Step 2: Cleaning source node...
[16:17:09] Step 3: Cleaning destination node...
[16:17:09]   Killing PID 103903 on destination (from /home/ubuntu/tcp_client.pid)
[16:17:10]   Killing PID 103903 on destination (from /home/ubuntu/client.pid)
[16:17:11]   Killing all remaining TCP processes on destination...
[16:17:14] Step 4: Cleaning server node (edge-host-1)...
[16:17:14]   Killing PID 1125518 on server (from /home/ubuntu/tcp_server.pid)
[16:17:16] ✓ Reset complete, nodes are clean
[16:17:16]   Next: Start your application
[exit=0]

$ bash /home/ivo/Evaluation-of-Live-Migration-Strategies-at-the-Edge/Network-live-migration/scripts/workloads/start_tcp_server.sh edge-host-1 5000
[tcp-server] Ensuring tcp-howto binary on edge-host-1...
[tcp-server] Reusing existing /tmp/tcp-howto on edge-host-1
[tcp-server] Starting on edge-host-1 (port 5000)...
[tcp-server] Waiting for listen...
✓ TCP server listening on edge-host-1:5000
[tcp-server] Logs: multipass exec edge-host-1 -- tail -f /home/ubuntu/tcp_server.out
[exit=0]

$ bash /home/ivo/Evaluation-of-Live-Migration-Strategies-at-the-Edge/Network-live-migration/scripts/workloads/start_tcp_client.sh edge-node-1 edge-host-1 5000
[tcp-client] Server endpoint: 10.138.215.36:5000
[tcp-client] Client VIP: 10.138.215.250
[tcp-client] Ensuring tcp-howto binary on edge-node-1...
[tcp-client] Reusing existing /tmp/tcp-howto on edge-node-1
[tcp-client] Ensuring VIP 10.138.215.250 is present on edge-node-1...
ARPING 10.138.215.250 from 10.138.215.250 ens3
Sent 3 probes (3 broadcast(s))
Received 0 response(s)
[tcp-client] Starting on edge-node-1...
[tcp-client] Waiting for established TCP connection...
✓ TCP client connected (PID: 107151)
[tcp-client] Logs: multipass exec edge-node-1 -- tail -f /home/ubuntu/tcp_client.out
[exit=0]

$ python3 /home/ivo/Evaluation-of-Live-Migration-Strategies-at-the-Edge/Network-live-migration/scripts/orchestrators/tcp_client_benchmark.py postcopy --source edge-node-1 --dest edge-node-2 --server edge-host-1 --transfer-mode host --run-id 11-05-2026-host-postcopy-0010 --csv /home/ivo/Evaluation-of-Live-Migration-Strategies-at-the-Edge/Network-live-migration/metrics/migration_metrics.csv --profile-name 3_LTE --relay-node edge-host-1 --page-server-port 9999
[16:17:25] === TCP CLIENT MIGRATION ===
[16:17:25] Run ID: 11-05-2026-host-postcopy-0010
[16:17:25] Source: edge-node-1, Dest: edge-node-2
[16:17:25] Server: edge-host-1
[16:17:25] Transfer mode: host
[16:17:25] Relay node: edge-host-1

[16:17:25] === TCP CLIENT POST-COPY (LAZY-PAGES) MIGRATION ===
[16:17:25] Step 1: Checking source client process...
[16:17:26]   Using PID from /home/ubuntu/tcp_client.pid: 107151
[16:17:27]   Server connections so far: 1
[16:17:28]   Page-server endpoint: 10.138.215.218:9999
[16:17:28] Step 2: Final dump (freezing client) with --lazy-pages...
[16:17:28]   Dump PID: 107685
[16:17:29]   Final dump time (freeze duration): 745 ms
[16:17:29] Step 2.5: Moving VIP to destination...
[16:17:29]   Moving VIP 10.138.215.250 from edge-node-1:ens3 -> edge-node-2:ens3
[16:17:34] Step 3: Creating archive...
[16:17:34] Step 4: Transferring archive...
  Transferring /home/ubuntu/CRIU-tcp-client.tar.gz via relay node edge-host-1...
Setting up SSH trust: edge-node-1 → ubuntu@10.138.215.36
  Adding public key to destination's authorized_keys...
  Testing SSH connectivity...
  ✓ SSH trust ready
Setting up SSH trust: edge-host-1 → ubuntu@10.138.215.137
  Adding public key to destination's authorized_keys...
  Testing SSH connectivity...
  ✓ SSH trust ready
[16:17:46] Step 5: Unpacking on destination...
[16:17:47] Step 6: Starting lazy-pages daemon on destination...
[16:17:47] Step 7: Restoring client...
[16:17:48] Step 8: Verifying connection continuity...
[16:17:52]   Client output (tail): PP 5 -> 5
[16:17:52]   Server connections so far: 1
[16:17:52] ✓ SUCCESS: Client restored and TCP socket appears established
[16:17:53] Metrics saved to /home/ivo/Evaluation-of-Live-Migration-Strategies-at-the-Edge/Network-live-migration/metrics/migration_metrics.csv
[exit=0]

$ python3 /home/ivo/Evaluation-of-Live-Migration-Strategies-at-the-Edge/Network-live-migration/scripts/setup/reset_nodes.py edge-node-1 edge-node-2 edge-host-1 10.138.215.250
[16:17:54] Resetting nodes: edge-node-1 -> edge-node-2 (server: edge-host-1, vip: 10.138.215.250)
[16:17:54] Step 1: Killing any existing processes on source...
[16:17:54]   Killing PID 107151 (from /home/ubuntu/tcp_client.pid)
[16:17:55]   Killing PID 107151 (from /home/ubuntu/client.pid)
[16:17:55]   Killing any remaining background processes...
[16:17:56] Step 2: Cleaning source node...
[16:17:58] Step 3: Cleaning destination node...
[16:17:58]   Killing PID 107151 on destination (from /home/ubuntu/tcp_client.pid)
[16:17:59]   Killing PID 107151 on destination (from /home/ubuntu/client.pid)
[16:18:00]   Killing all remaining TCP processes on destination...
[16:18:03] Step 4: Cleaning server node (edge-host-1)...
[16:18:03]   Killing PID 1126582 on server (from /home/ubuntu/tcp_server.pid)
[16:18:06] ✓ Reset complete, nodes are clean
[16:18:06]   Next: Start your application
[exit=0]

$ bash /home/ivo/Evaluation-of-Live-Migration-Strategies-at-the-Edge/Network-live-migration/scripts/workloads/start_tcp_server.sh edge-host-1 5000
[tcp-server] Ensuring tcp-howto binary on edge-host-1...
[tcp-server] Reusing existing /tmp/tcp-howto on edge-host-1
[tcp-server] Starting on edge-host-1 (port 5000)...
[tcp-server] Waiting for listen...
✓ TCP server listening on edge-host-1:5000
[tcp-server] Logs: multipass exec edge-host-1 -- tail -f /home/ubuntu/tcp_server.out
[exit=0]

$ bash /home/ivo/Evaluation-of-Live-Migration-Strategies-at-the-Edge/Network-live-migration/scripts/workloads/start_tcp_client.sh edge-node-1 edge-host-1 5000
[tcp-client] Server endpoint: 10.138.215.36:5000
[tcp-client] Client VIP: 10.138.215.250
[tcp-client] Ensuring tcp-howto binary on edge-node-1...
[tcp-client] Reusing existing /tmp/tcp-howto on edge-node-1
[tcp-client] Ensuring VIP 10.138.215.250 is present on edge-node-1...
ARPING 10.138.215.250 from 10.138.215.250 ens3
Sent 3 probes (3 broadcast(s))
Received 0 response(s)
[tcp-client] Starting on edge-node-1...
[tcp-client] Waiting for established TCP connection...
✓ TCP client connected (PID: 109254)
[tcp-client] Logs: multipass exec edge-node-1 -- tail -f /home/ubuntu/tcp_client.out
[exit=0]

$ python3 /home/ivo/Evaluation-of-Live-Migration-Strategies-at-the-Edge/Network-live-migration/scripts/orchestrators/tcp_client_benchmark.py postcopy --source edge-node-1 --dest edge-node-2 --server edge-host-1 --transfer-mode host --run-id 11-05-2026-host-postcopy-0011 --csv /home/ivo/Evaluation-of-Live-Migration-Strategies-at-the-Edge/Network-live-migration/metrics/migration_metrics.csv --profile-name 3_LTE --relay-node edge-host-1 --page-server-port 9999
[16:18:14] === TCP CLIENT MIGRATION ===
[16:18:14] Run ID: 11-05-2026-host-postcopy-0011
[16:18:14] Source: edge-node-1, Dest: edge-node-2
[16:18:14] Server: edge-host-1
[16:18:14] Transfer mode: host
[16:18:14] Relay node: edge-host-1

[16:18:14] === TCP CLIENT POST-COPY (LAZY-PAGES) MIGRATION ===
[16:18:14] Step 1: Checking source client process...
[16:18:15]   Using PID from /home/ubuntu/tcp_client.pid: 109254
[16:18:16]   Server connections so far: 1
[16:18:16]   Page-server endpoint: 10.138.215.218:9999
[16:18:16] Step 2: Final dump (freezing client) with --lazy-pages...
[16:18:17]   Dump PID: 109788
[16:18:18]   Final dump time (freeze duration): 1150 ms
[16:18:18] Step 2.5: Moving VIP to destination...
[16:18:18]   Moving VIP 10.138.215.250 from edge-node-1:ens3 -> edge-node-2:ens3
[16:18:23] Step 3: Creating archive...
[16:18:24] Step 4: Transferring archive...
  Transferring /home/ubuntu/CRIU-tcp-client.tar.gz via relay node edge-host-1...
Setting up SSH trust: edge-node-1 → ubuntu@10.138.215.36
  Adding public key to destination's authorized_keys...
  Testing SSH connectivity...
  ✓ SSH trust ready
Setting up SSH trust: edge-host-1 → ubuntu@10.138.215.137
  Adding public key to destination's authorized_keys...
  Testing SSH connectivity...
  ✓ SSH trust ready
[16:18:35] Step 5: Unpacking on destination...
[16:18:36] Step 6: Starting lazy-pages daemon on destination...
[16:18:37] Step 7: Restoring client...
[16:18:38] Step 8: Verifying connection continuity...
[16:18:41]   Client output (tail): PP 5 -> 5
[16:18:41]   Server connections so far: 1
[16:18:41] ✓ SUCCESS: Client restored and TCP socket appears established
[16:18:42] Metrics saved to /home/ivo/Evaluation-of-Live-Migration-Strategies-at-the-Edge/Network-live-migration/metrics/migration_metrics.csv
[exit=0]

$ python3 /home/ivo/Evaluation-of-Live-Migration-Strategies-at-the-Edge/Network-live-migration/scripts/setup/reset_nodes.py edge-node-1 edge-node-2 edge-host-1 10.138.215.250
[16:18:43] Resetting nodes: edge-node-1 -> edge-node-2 (server: edge-host-1, vip: 10.138.215.250)
[16:18:43] Step 1: Killing any existing processes on source...
[16:18:43]   Killing PID 109254 (from /home/ubuntu/tcp_client.pid)
[16:18:44]   Killing PID 109254 (from /home/ubuntu/client.pid)
[16:18:44]   Killing any remaining background processes...
[16:18:46] Step 2: Cleaning source node...
[16:18:48] Step 3: Cleaning destination node...
[16:18:48]   Killing PID 109254 on destination (from /home/ubuntu/tcp_client.pid)
[16:18:49]   Killing PID 109254 on destination (from /home/ubuntu/client.pid)
[16:18:49]   Killing all remaining TCP processes on destination...
[16:18:52] Step 4: Cleaning server node (edge-host-1)...
[16:18:53]   Killing PID 1128152 on server (from /home/ubuntu/tcp_server.pid)
[16:18:55] ✓ Reset complete, nodes are clean
[16:18:55]   Next: Start your application
[exit=0]

$ bash /home/ivo/Evaluation-of-Live-Migration-Strategies-at-the-Edge/Network-live-migration/scripts/workloads/start_tcp_server.sh edge-host-1 5000
[tcp-server] Ensuring tcp-howto binary on edge-host-1...
[tcp-server] Reusing existing /tmp/tcp-howto on edge-host-1
[tcp-server] Starting on edge-host-1 (port 5000)...
[tcp-server] Waiting for listen...
✓ TCP server listening on edge-host-1:5000
[tcp-server] Logs: multipass exec edge-host-1 -- tail -f /home/ubuntu/tcp_server.out
[exit=0]

$ bash /home/ivo/Evaluation-of-Live-Migration-Strategies-at-the-Edge/Network-live-migration/scripts/workloads/start_tcp_client.sh edge-node-1 edge-host-1 5000
[tcp-client] Server endpoint: 10.138.215.36:5000
[tcp-client] Client VIP: 10.138.215.250
[tcp-client] Ensuring tcp-howto binary on edge-node-1...
[tcp-client] Reusing existing /tmp/tcp-howto on edge-node-1
[tcp-client] Ensuring VIP 10.138.215.250 is present on edge-node-1...
ARPING 10.138.215.250 from 10.138.215.250 ens3
Sent 3 probes (3 broadcast(s))
Received 0 response(s)
[tcp-client] Starting on edge-node-1...
[tcp-client] Waiting for established TCP connection...
✓ TCP client connected (PID: 111356)
[tcp-client] Logs: multipass exec edge-node-1 -- tail -f /home/ubuntu/tcp_client.out
[exit=0]

$ python3 /home/ivo/Evaluation-of-Live-Migration-Strategies-at-the-Edge/Network-live-migration/scripts/orchestrators/tcp_client_benchmark.py postcopy --source edge-node-1 --dest edge-node-2 --server edge-host-1 --transfer-mode host --run-id 11-05-2026-host-postcopy-0012 --csv /home/ivo/Evaluation-of-Live-Migration-Strategies-at-the-Edge/Network-live-migration/metrics/migration_metrics.csv --profile-name 3_LTE --relay-node edge-host-1 --page-server-port 9999
[16:19:03] === TCP CLIENT MIGRATION ===
[16:19:03] Run ID: 11-05-2026-host-postcopy-0012
[16:19:03] Source: edge-node-1, Dest: edge-node-2
[16:19:03] Server: edge-host-1
[16:19:03] Transfer mode: host
[16:19:03] Relay node: edge-host-1

[16:19:03] === TCP CLIENT POST-COPY (LAZY-PAGES) MIGRATION ===
[16:19:03] Step 1: Checking source client process...
[16:19:04]   Using PID from /home/ubuntu/tcp_client.pid: 111356
[16:19:05]   Server connections so far: 1
[16:19:06]   Page-server endpoint: 10.138.215.218:9999
[16:19:06] Step 2: Final dump (freezing client) with --lazy-pages...
[16:19:06]   Dump PID: 111898
[16:19:07]   Final dump time (freeze duration): 787 ms
[16:19:07] Step 2.5: Moving VIP to destination...
[16:19:07]   Moving VIP 10.138.215.250 from edge-node-1:ens3 -> edge-node-2:ens3
[16:19:12] Step 3: Creating archive...
[16:19:13] Step 4: Transferring archive...
  Transferring /home/ubuntu/CRIU-tcp-client.tar.gz via relay node edge-host-1...
Setting up SSH trust: edge-node-1 → ubuntu@10.138.215.36
  Adding public key to destination's authorized_keys...
  Testing SSH connectivity...
  ✓ SSH trust ready
Setting up SSH trust: edge-host-1 → ubuntu@10.138.215.137
  Adding public key to destination's authorized_keys...
  Testing SSH connectivity...
  ✓ SSH trust ready
[16:19:25] Step 5: Unpacking on destination...
[16:19:25] Step 6: Starting lazy-pages daemon on destination...
[16:19:26] Step 7: Restoring client...
[16:19:27] Step 8: Verifying connection continuity...
[16:19:31]   Client output (tail): PP 5 -> 5
[16:19:31]   Server connections so far: 1
[16:19:31] ✓ SUCCESS: Client restored and TCP socket appears established
[16:19:32] Metrics saved to /home/ivo/Evaluation-of-Live-Migration-Strategies-at-the-Edge/Network-live-migration/metrics/migration_metrics.csv
[exit=0]

$ python3 /home/ivo/Evaluation-of-Live-Migration-Strategies-at-the-Edge/Network-live-migration/scripts/setup/reset_nodes.py edge-node-1 edge-node-2 edge-host-1 10.138.215.250
[16:19:33] Resetting nodes: edge-node-1 -> edge-node-2 (server: edge-host-1, vip: 10.138.215.250)
[16:19:33] Step 1: Killing any existing processes on source...
[16:19:33]   Killing PID 111356 (from /home/ubuntu/tcp_client.pid)
[16:19:34]   Killing PID 111356 (from /home/ubuntu/client.pid)
[16:19:34]   Killing any remaining background processes...
[16:19:35] Step 2: Cleaning source node...
[16:19:37] Step 3: Cleaning destination node...
[16:19:38]   Killing PID 111356 on destination (from /home/ubuntu/tcp_client.pid)
[16:19:38]   Killing PID 111356 on destination (from /home/ubuntu/client.pid)
[16:19:39]   Killing all remaining TCP processes on destination...
[16:19:42] Step 4: Cleaning server node (edge-host-1)...
[16:19:42]   Killing PID 1129961 on server (from /home/ubuntu/tcp_server.pid)
[16:19:44] ✓ Reset complete, nodes are clean
[16:19:44]   Next: Start your application
[exit=0]

$ bash /home/ivo/Evaluation-of-Live-Migration-Strategies-at-the-Edge/Network-live-migration/scripts/workloads/start_tcp_server.sh edge-host-1 5000
[tcp-server] Ensuring tcp-howto binary on edge-host-1...
[tcp-server] Reusing existing /tmp/tcp-howto on edge-host-1
[tcp-server] Starting on edge-host-1 (port 5000)...
[tcp-server] Waiting for listen...
✓ TCP server listening on edge-host-1:5000
[tcp-server] Logs: multipass exec edge-host-1 -- tail -f /home/ubuntu/tcp_server.out
[exit=0]

$ bash /home/ivo/Evaluation-of-Live-Migration-Strategies-at-the-Edge/Network-live-migration/scripts/workloads/start_tcp_client.sh edge-node-1 edge-host-1 5000
[tcp-client] Server endpoint: 10.138.215.36:5000
[tcp-client] Client VIP: 10.138.215.250
[tcp-client] Ensuring tcp-howto binary on edge-node-1...
[tcp-client] Reusing existing /tmp/tcp-howto on edge-node-1
[tcp-client] Ensuring VIP 10.138.215.250 is present on edge-node-1...
ARPING 10.138.215.250 from 10.138.215.250 ens3
Sent 3 probes (3 broadcast(s))
Received 0 response(s)
[tcp-client] Starting on edge-node-1...
[tcp-client] Waiting for established TCP connection...
✓ TCP client connected (PID: 113466)
[tcp-client] Logs: multipass exec edge-node-1 -- tail -f /home/ubuntu/tcp_client.out
[exit=0]

$ python3 /home/ivo/Evaluation-of-Live-Migration-Strategies-at-the-Edge/Network-live-migration/scripts/orchestrators/tcp_client_benchmark.py postcopy --source edge-node-1 --dest edge-node-2 --server edge-host-1 --transfer-mode host --run-id 11-05-2026-host-postcopy-0013 --csv /home/ivo/Evaluation-of-Live-Migration-Strategies-at-the-Edge/Network-live-migration/metrics/migration_metrics.csv --profile-name 3_LTE --relay-node edge-host-1 --page-server-port 9999
[16:19:52] === TCP CLIENT MIGRATION ===
[16:19:52] Run ID: 11-05-2026-host-postcopy-0013
[16:19:52] Source: edge-node-1, Dest: edge-node-2
[16:19:52] Server: edge-host-1
[16:19:52] Transfer mode: host
[16:19:52] Relay node: edge-host-1

[16:19:52] === TCP CLIENT POST-COPY (LAZY-PAGES) MIGRATION ===
[16:19:52] Step 1: Checking source client process...
[16:19:53]   Using PID from /home/ubuntu/tcp_client.pid: 113466
[16:19:54]   Server connections so far: 1
[16:19:55]   Page-server endpoint: 10.138.215.218:9999
[16:19:55] Step 2: Final dump (freezing client) with --lazy-pages...
[16:19:55]   Dump PID: 114007
[16:19:56]   Final dump time (freeze duration): 773 ms
[16:19:56] Step 2.5: Moving VIP to destination...
[16:19:56]   Moving VIP 10.138.215.250 from edge-node-1:ens3 -> edge-node-2:ens3
[16:20:01] Step 3: Creating archive...
[16:20:02] Step 4: Transferring archive...
  Transferring /home/ubuntu/CRIU-tcp-client.tar.gz via relay node edge-host-1...
Setting up SSH trust: edge-node-1 → ubuntu@10.138.215.36
  Adding public key to destination's authorized_keys...
  Testing SSH connectivity...
  ✓ SSH trust ready
Setting up SSH trust: edge-host-1 → ubuntu@10.138.215.137
  Adding public key to destination's authorized_keys...
  Testing SSH connectivity...
  ✓ SSH trust ready
[16:20:13] Step 5: Unpacking on destination...
[16:20:14] Step 6: Starting lazy-pages daemon on destination...
[16:20:15] Step 7: Restoring client...
[16:20:16] Step 8: Verifying connection continuity...
[16:20:19]   Client output (tail): PP 5 -> 5
[16:20:20]   Server connections so far: 1
[16:20:20] ✓ SUCCESS: Client restored and TCP socket appears established
[16:20:21] Metrics saved to /home/ivo/Evaluation-of-Live-Migration-Strategies-at-the-Edge/Network-live-migration/metrics/migration_metrics.csv
[exit=0]

$ python3 /home/ivo/Evaluation-of-Live-Migration-Strategies-at-the-Edge/Network-live-migration/scripts/setup/reset_nodes.py edge-node-1 edge-node-2 edge-host-1 10.138.215.250
[16:20:21] Resetting nodes: edge-node-1 -> edge-node-2 (server: edge-host-1, vip: 10.138.215.250)
[16:20:21] Step 1: Killing any existing processes on source...
[16:20:22]   Killing PID 113466 (from /home/ubuntu/tcp_client.pid)
[16:20:23]   Killing PID 113466 (from /home/ubuntu/client.pid)
[16:20:23]   Killing any remaining background processes...
[16:20:25] Step 2: Cleaning source node...
[16:20:26] Step 3: Cleaning destination node...
[16:20:27]   Killing PID 113466 on destination (from /home/ubuntu/tcp_client.pid)
[16:20:27]   Killing PID 113466 on destination (from /home/ubuntu/client.pid)
[16:20:28]   Killing all remaining TCP processes on destination...
[16:20:31] Step 4: Cleaning server node (edge-host-1)...
[16:20:32]   Killing PID 1131533 on server (from /home/ubuntu/tcp_server.pid)
[16:20:34] ✓ Reset complete, nodes are clean
[16:20:34]   Next: Start your application
[exit=0]

$ bash /home/ivo/Evaluation-of-Live-Migration-Strategies-at-the-Edge/Network-live-migration/scripts/workloads/start_tcp_server.sh edge-host-1 5000
[tcp-server] Ensuring tcp-howto binary on edge-host-1...
[tcp-server] Reusing existing /tmp/tcp-howto on edge-host-1
[tcp-server] Starting on edge-host-1 (port 5000)...
[tcp-server] Waiting for listen...
✓ TCP server listening on edge-host-1:5000
[tcp-server] Logs: multipass exec edge-host-1 -- tail -f /home/ubuntu/tcp_server.out
[exit=0]

$ bash /home/ivo/Evaluation-of-Live-Migration-Strategies-at-the-Edge/Network-live-migration/scripts/workloads/start_tcp_client.sh edge-node-1 edge-host-1 5000
[tcp-client] Server endpoint: 10.138.215.36:5000
[tcp-client] Client VIP: 10.138.215.250
[tcp-client] Ensuring tcp-howto binary on edge-node-1...
[tcp-client] Reusing existing /tmp/tcp-howto on edge-node-1
[tcp-client] Ensuring VIP 10.138.215.250 is present on edge-node-1...
ARPING 10.138.215.250 from 10.138.215.250 ens3
Sent 3 probes (3 broadcast(s))
Received 0 response(s)
[tcp-client] Starting on edge-node-1...
[tcp-client] Waiting for established TCP connection...
✓ TCP client connected (PID: 115832)
[tcp-client] Logs: multipass exec edge-node-1 -- tail -f /home/ubuntu/tcp_client.out
[exit=0]

$ python3 /home/ivo/Evaluation-of-Live-Migration-Strategies-at-the-Edge/Network-live-migration/scripts/orchestrators/tcp_client_benchmark.py postcopy --source edge-node-1 --dest edge-node-2 --server edge-host-1 --transfer-mode host --run-id 11-05-2026-host-postcopy-0014 --csv /home/ivo/Evaluation-of-Live-Migration-Strategies-at-the-Edge/Network-live-migration/metrics/migration_metrics.csv --profile-name 3_LTE --relay-node edge-host-1 --page-server-port 9999
[16:20:42] === TCP CLIENT MIGRATION ===
[16:20:42] Run ID: 11-05-2026-host-postcopy-0014
[16:20:42] Source: edge-node-1, Dest: edge-node-2
[16:20:42] Server: edge-host-1
[16:20:42] Transfer mode: host
[16:20:42] Relay node: edge-host-1

[16:20:42] === TCP CLIENT POST-COPY (LAZY-PAGES) MIGRATION ===
[16:20:42] Step 1: Checking source client process...
[16:20:43]   Using PID from /home/ubuntu/tcp_client.pid: 115832
[16:20:44]   Server connections so far: 1
[16:20:44]   Page-server endpoint: 10.138.215.218:9999
[16:20:44] Step 2: Final dump (freezing client) with --lazy-pages...
[16:20:45]   Dump PID: 116374
[16:20:45]   Final dump time (freeze duration): 762 ms
[16:20:45] Step 2.5: Moving VIP to destination...
[16:20:46]   Moving VIP 10.138.215.250 from edge-node-1:ens3 -> edge-node-2:ens3
[16:20:51] Step 3: Creating archive...
[16:20:51] Step 4: Transferring archive...
  Transferring /home/ubuntu/CRIU-tcp-client.tar.gz via relay node edge-host-1...
Setting up SSH trust: edge-node-1 → ubuntu@10.138.215.36
  Adding public key to destination's authorized_keys...
  Testing SSH connectivity...
  ✓ SSH trust ready
Setting up SSH trust: edge-host-1 → ubuntu@10.138.215.137
  Adding public key to destination's authorized_keys...
  Testing SSH connectivity...
  ✓ SSH trust ready
[16:21:03] Step 5: Unpacking on destination...
[16:21:03] Step 6: Starting lazy-pages daemon on destination...
[16:21:04] Step 7: Restoring client...
[16:21:05] Step 8: Verifying connection continuity...
[16:21:08]   Client output (tail): PP 5 -> 5
[16:21:09]   Server connections so far: 1
[16:21:09] ✓ SUCCESS: Client restored and TCP socket appears established
[16:21:10] Metrics saved to /home/ivo/Evaluation-of-Live-Migration-Strategies-at-the-Edge/Network-live-migration/metrics/migration_metrics.csv
[exit=0]

$ python3 /home/ivo/Evaluation-of-Live-Migration-Strategies-at-the-Edge/Network-live-migration/scripts/setup/reset_nodes.py edge-node-1 edge-node-2 edge-host-1 10.138.215.250
[16:21:10] Resetting nodes: edge-node-1 -> edge-node-2 (server: edge-host-1, vip: 10.138.215.250)
[16:21:10] Step 1: Killing any existing processes on source...
[16:21:11]   Killing PID 115832 (from /home/ubuntu/tcp_client.pid)
[16:21:11]   Killing PID 115832 (from /home/ubuntu/client.pid)
[16:21:12]   Killing any remaining background processes...
[16:21:13] Step 2: Cleaning source node...
[16:21:15] Step 3: Cleaning destination node...
[16:21:15]   Killing PID 115832 on destination (from /home/ubuntu/tcp_client.pid)
[16:21:16]   Killing PID 115832 on destination (from /home/ubuntu/client.pid)
[16:21:17]   Killing all remaining TCP processes on destination...
[16:21:20] Step 4: Cleaning server node (edge-host-1)...
[16:21:20]   Killing PID 1133107 on server (from /home/ubuntu/tcp_server.pid)
[16:21:22] ✓ Reset complete, nodes are clean
[16:21:22]   Next: Start your application
[exit=0]

$ bash /home/ivo/Evaluation-of-Live-Migration-Strategies-at-the-Edge/Network-live-migration/scripts/workloads/start_tcp_server.sh edge-host-1 5000
[tcp-server] Ensuring tcp-howto binary on edge-host-1...
[tcp-server] Reusing existing /tmp/tcp-howto on edge-host-1
[tcp-server] Starting on edge-host-1 (port 5000)...
[tcp-server] Waiting for listen...
✓ TCP server listening on edge-host-1:5000
[tcp-server] Logs: multipass exec edge-host-1 -- tail -f /home/ubuntu/tcp_server.out
[exit=0]

$ bash /home/ivo/Evaluation-of-Live-Migration-Strategies-at-the-Edge/Network-live-migration/scripts/workloads/start_tcp_client.sh edge-node-1 edge-host-1 5000
[tcp-client] Server endpoint: 10.138.215.36:5000
[tcp-client] Client VIP: 10.138.215.250
[tcp-client] Ensuring tcp-howto binary on edge-node-1...
[tcp-client] Reusing existing /tmp/tcp-howto on edge-node-1
[tcp-client] Ensuring VIP 10.138.215.250 is present on edge-node-1...
ARPING 10.138.215.250 from 10.138.215.250 ens3
Sent 3 probes (3 broadcast(s))
Received 0 response(s)
[tcp-client] Starting on edge-node-1...
[tcp-client] Waiting for established TCP connection...
✓ TCP client connected (PID: 117944)
[tcp-client] Logs: multipass exec edge-node-1 -- tail -f /home/ubuntu/tcp_client.out
[exit=0]

$ python3 /home/ivo/Evaluation-of-Live-Migration-Strategies-at-the-Edge/Network-live-migration/scripts/orchestrators/tcp_client_benchmark.py postcopy --source edge-node-1 --dest edge-node-2 --server edge-host-1 --transfer-mode host --run-id 11-05-2026-host-postcopy-0015 --csv /home/ivo/Evaluation-of-Live-Migration-Strategies-at-the-Edge/Network-live-migration/metrics/migration_metrics.csv --profile-name 3_LTE --relay-node edge-host-1 --page-server-port 9999
[16:21:31] === TCP CLIENT MIGRATION ===
[16:21:31] Run ID: 11-05-2026-host-postcopy-0015
[16:21:31] Source: edge-node-1, Dest: edge-node-2
[16:21:31] Server: edge-host-1
[16:21:31] Transfer mode: host
[16:21:31] Relay node: edge-host-1

[16:21:31] === TCP CLIENT POST-COPY (LAZY-PAGES) MIGRATION ===
[16:21:31] Step 1: Checking source client process...
[16:21:31]   Using PID from /home/ubuntu/tcp_client.pid: 117944
[16:21:32]   Server connections so far: 1
[16:21:33]   Page-server endpoint: 10.138.215.218:9999
[16:21:33] Step 2: Final dump (freezing client) with --lazy-pages...
[16:21:34]   Dump PID: 118478
[16:21:34]   Final dump time (freeze duration): 738 ms
[16:21:34] Step 2.5: Moving VIP to destination...
[16:21:35]   Moving VIP 10.138.215.250 from edge-node-1:ens3 -> edge-node-2:ens3
[16:21:39] Step 3: Creating archive...
[16:21:40] Step 4: Transferring archive...
  Transferring /home/ubuntu/CRIU-tcp-client.tar.gz via relay node edge-host-1...
Setting up SSH trust: edge-node-1 → ubuntu@10.138.215.36
  Adding public key to destination's authorized_keys...
  Testing SSH connectivity...
  ✓ SSH trust ready
Setting up SSH trust: edge-host-1 → ubuntu@10.138.215.137
  Adding public key to destination's authorized_keys...
  Testing SSH connectivity...
  ✓ SSH trust ready
[16:21:51] Step 5: Unpacking on destination...
[16:21:52] Step 6: Starting lazy-pages daemon on destination...
[16:21:53] Step 7: Restoring client...
[16:21:54] Step 8: Verifying connection continuity...
[16:21:57]   Client output (tail): PP 5 -> 5
[16:21:57]   Server connections so far: 1
[16:21:57] ✓ SUCCESS: Client restored and TCP socket appears established
[16:21:58] Metrics saved to /home/ivo/Evaluation-of-Live-Migration-Strategies-at-the-Edge/Network-live-migration/metrics/migration_metrics.csv
[exit=0]

$ python3 /home/ivo/Evaluation-of-Live-Migration-Strategies-at-the-Edge/Network-live-migration/scripts/setup/reset_nodes.py edge-node-1 edge-node-2 edge-host-1 10.138.215.250
[16:21:59] Resetting nodes: edge-node-1 -> edge-node-2 (server: edge-host-1, vip: 10.138.215.250)
[16:21:59] Step 1: Killing any existing processes on source...
[16:21:59]   Killing PID 117944 (from /home/ubuntu/tcp_client.pid)
[16:22:00]   Killing PID 117944 (from /home/ubuntu/client.pid)
[16:22:00]   Killing any remaining background processes...
[16:22:02] Step 2: Cleaning source node...
[16:22:03] Step 3: Cleaning destination node...
[16:22:03]   Killing PID 117944 on destination (from /home/ubuntu/tcp_client.pid)
[16:22:04]   Killing PID 117944 on destination (from /home/ubuntu/client.pid)
[16:22:05]   Killing all remaining TCP processes on destination...
[16:22:08] Step 4: Cleaning server node (edge-host-1)...
[16:22:08]   Killing PID 1134677 on server (from /home/ubuntu/tcp_server.pid)
[16:22:11] ✓ Reset complete, nodes are clean
[16:22:11]   Next: Start your application
[exit=0]

$ bash /home/ivo/Evaluation-of-Live-Migration-Strategies-at-the-Edge/Network-live-migration/scripts/workloads/start_tcp_server.sh edge-host-1 5000
[tcp-server] Ensuring tcp-howto binary on edge-host-1...
[tcp-server] Reusing existing /tmp/tcp-howto on edge-host-1
[tcp-server] Starting on edge-host-1 (port 5000)...
[tcp-server] Waiting for listen...
✓ TCP server listening on edge-host-1:5000
[tcp-server] Logs: multipass exec edge-host-1 -- tail -f /home/ubuntu/tcp_server.out
[exit=0]

$ bash /home/ivo/Evaluation-of-Live-Migration-Strategies-at-the-Edge/Network-live-migration/scripts/workloads/start_tcp_client.sh edge-node-1 edge-host-1 5000
[tcp-client] Server endpoint: 10.138.215.36:5000
[tcp-client] Client VIP: 10.138.215.250
[tcp-client] Ensuring tcp-howto binary on edge-node-1...
[tcp-client] Reusing existing /tmp/tcp-howto on edge-node-1
[tcp-client] Ensuring VIP 10.138.215.250 is present on edge-node-1...
ARPING 10.138.215.250 from 10.138.215.250 ens3
Sent 3 probes (3 broadcast(s))
Received 0 response(s)
[tcp-client] Starting on edge-node-1...
[tcp-client] Waiting for established TCP connection...
✓ TCP client connected (PID: 120045)
[tcp-client] Logs: multipass exec edge-node-1 -- tail -f /home/ubuntu/tcp_client.out
[exit=0]

$ python3 /home/ivo/Evaluation-of-Live-Migration-Strategies-at-the-Edge/Network-live-migration/scripts/orchestrators/tcp_client_benchmark.py postcopy --source edge-node-1 --dest edge-node-2 --server edge-host-1 --transfer-mode host --run-id 11-05-2026-host-postcopy-0016 --csv /home/ivo/Evaluation-of-Live-Migration-Strategies-at-the-Edge/Network-live-migration/metrics/migration_metrics.csv --profile-name 3_LTE --relay-node edge-host-1 --page-server-port 9999
[16:22:19] === TCP CLIENT MIGRATION ===
[16:22:19] Run ID: 11-05-2026-host-postcopy-0016
[16:22:19] Source: edge-node-1, Dest: edge-node-2
[16:22:19] Server: edge-host-1
[16:22:19] Transfer mode: host
[16:22:19] Relay node: edge-host-1

[16:22:19] === TCP CLIENT POST-COPY (LAZY-PAGES) MIGRATION ===
[16:22:19] Step 1: Checking source client process...
[16:22:19]   Using PID from /home/ubuntu/tcp_client.pid: 120045
[16:22:20]   Server connections so far: 1
[16:22:21]   Page-server endpoint: 10.138.215.218:9999
[16:22:21] Step 2: Final dump (freezing client) with --lazy-pages...
[16:22:22]   Dump PID: 120579
[16:22:22]   Final dump time (freeze duration): 709 ms
[16:22:22] Step 2.5: Moving VIP to destination...
[16:22:22]   Moving VIP 10.138.215.250 from edge-node-1:ens3 -> edge-node-2:ens3
[16:22:27] Step 3: Creating archive...
[16:22:28] Step 4: Transferring archive...
  Transferring /home/ubuntu/CRIU-tcp-client.tar.gz via relay node edge-host-1...
Setting up SSH trust: edge-node-1 → ubuntu@10.138.215.36
  Adding public key to destination's authorized_keys...
  Testing SSH connectivity...
  ✓ SSH trust ready
Setting up SSH trust: edge-host-1 → ubuntu@10.138.215.137
  Adding public key to destination's authorized_keys...
  Testing SSH connectivity...
  ✓ SSH trust ready
[16:22:40] Step 5: Unpacking on destination...
[16:22:41] Step 6: Starting lazy-pages daemon on destination...
[16:22:41] Step 7: Restoring client...
[16:22:42] Step 8: Verifying connection continuity...
[16:22:45]   Client output (tail): PP 5 -> 5
[16:22:46]   Server connections so far: 1
[16:22:46] ✓ SUCCESS: Client restored and TCP socket appears established
[16:22:47] Metrics saved to /home/ivo/Evaluation-of-Live-Migration-Strategies-at-the-Edge/Network-live-migration/metrics/migration_metrics.csv
[exit=0]

$ python3 /home/ivo/Evaluation-of-Live-Migration-Strategies-at-the-Edge/Network-live-migration/scripts/setup/reset_nodes.py edge-node-1 edge-node-2 edge-host-1 10.138.215.250
[16:22:47] Resetting nodes: edge-node-1 -> edge-node-2 (server: edge-host-1, vip: 10.138.215.250)
[16:22:47] Step 1: Killing any existing processes on source...
[16:22:48]   Killing PID 120045 (from /home/ubuntu/tcp_client.pid)
[16:22:49]   Killing PID 120045 (from /home/ubuntu/client.pid)
[16:22:49]   Killing any remaining background processes...
[16:22:50] Step 2: Cleaning source node...
[16:22:52] Step 3: Cleaning destination node...
[16:22:52]   Killing PID 120045 on destination (from /home/ubuntu/tcp_client.pid)
[16:22:53]   Killing PID 120045 on destination (from /home/ubuntu/client.pid)
[16:22:54]   Killing all remaining TCP processes on destination...
[16:22:57] Step 4: Cleaning server node (edge-host-1)...
[16:22:57]   Killing PID 1136247 on server (from /home/ubuntu/tcp_server.pid)
[16:22:59] ✓ Reset complete, nodes are clean
[16:22:59]   Next: Start your application
[exit=0]

$ bash /home/ivo/Evaluation-of-Live-Migration-Strategies-at-the-Edge/Network-live-migration/scripts/workloads/start_tcp_server.sh edge-host-1 5000
[tcp-server] Ensuring tcp-howto binary on edge-host-1...
[tcp-server] Reusing existing /tmp/tcp-howto on edge-host-1
[tcp-server] Starting on edge-host-1 (port 5000)...
[tcp-server] Waiting for listen...
✓ TCP server listening on edge-host-1:5000
[tcp-server] Logs: multipass exec edge-host-1 -- tail -f /home/ubuntu/tcp_server.out
[exit=0]

$ bash /home/ivo/Evaluation-of-Live-Migration-Strategies-at-the-Edge/Network-live-migration/scripts/workloads/start_tcp_client.sh edge-node-1 edge-host-1 5000
[tcp-client] Server endpoint: 10.138.215.36:5000
[tcp-client] Client VIP: 10.138.215.250
[tcp-client] Ensuring tcp-howto binary on edge-node-1...
[tcp-client] Reusing existing /tmp/tcp-howto on edge-node-1
[tcp-client] Ensuring VIP 10.138.215.250 is present on edge-node-1...
ARPING 10.138.215.250 from 10.138.215.250 ens3
Sent 3 probes (3 broadcast(s))
Received 0 response(s)
[tcp-client] Starting on edge-node-1...
[tcp-client] Waiting for established TCP connection...
✓ TCP client connected (PID: 122144)
[tcp-client] Logs: multipass exec edge-node-1 -- tail -f /home/ubuntu/tcp_client.out
[exit=0]

$ python3 /home/ivo/Evaluation-of-Live-Migration-Strategies-at-the-Edge/Network-live-migration/scripts/orchestrators/tcp_client_benchmark.py postcopy --source edge-node-1 --dest edge-node-2 --server edge-host-1 --transfer-mode host --run-id 11-05-2026-host-postcopy-0017 --csv /home/ivo/Evaluation-of-Live-Migration-Strategies-at-the-Edge/Network-live-migration/metrics/migration_metrics.csv --profile-name 3_LTE --relay-node edge-host-1 --page-server-port 9999
[16:23:07] === TCP CLIENT MIGRATION ===
[16:23:07] Run ID: 11-05-2026-host-postcopy-0017
[16:23:07] Source: edge-node-1, Dest: edge-node-2
[16:23:07] Server: edge-host-1
[16:23:07] Transfer mode: host
[16:23:07] Relay node: edge-host-1

[16:23:07] === TCP CLIENT POST-COPY (LAZY-PAGES) MIGRATION ===
[16:23:07] Step 1: Checking source client process...
[16:23:08]   Using PID from /home/ubuntu/tcp_client.pid: 122144
[16:23:09]   Server connections so far: 1
[16:23:09]   Page-server endpoint: 10.138.215.218:9999
[16:23:09] Step 2: Final dump (freezing client) with --lazy-pages...
[16:23:10]   Dump PID: 122686
[16:23:10]   Final dump time (freeze duration): 728 ms
[16:23:10] Step 2.5: Moving VIP to destination...
[16:23:11]   Moving VIP 10.138.215.250 from edge-node-1:ens3 -> edge-node-2:ens3
[16:23:16] Step 3: Creating archive...
[16:23:16] Step 4: Transferring archive...
  Transferring /home/ubuntu/CRIU-tcp-client.tar.gz via relay node edge-host-1...
Setting up SSH trust: edge-node-1 → ubuntu@10.138.215.36
  Adding public key to destination's authorized_keys...
  Testing SSH connectivity...
  ✓ SSH trust ready
Setting up SSH trust: edge-host-1 → ubuntu@10.138.215.137
  Adding public key to destination's authorized_keys...
  Testing SSH connectivity...
  ✓ SSH trust ready
[16:23:28] Step 5: Unpacking on destination...
[16:23:29] Step 6: Starting lazy-pages daemon on destination...
[16:23:29] Step 7: Restoring client...
[16:23:30] Step 8: Verifying connection continuity...
[16:23:33]   Client output (tail): PP 5 -> 5
[16:23:34]   Server connections so far: 1
[16:23:34] ✓ SUCCESS: Client restored and TCP socket appears established
[16:23:36] Metrics saved to /home/ivo/Evaluation-of-Live-Migration-Strategies-at-the-Edge/Network-live-migration/metrics/migration_metrics.csv
[exit=0]

$ python3 /home/ivo/Evaluation-of-Live-Migration-Strategies-at-the-Edge/Network-live-migration/scripts/setup/reset_nodes.py edge-node-1 edge-node-2 edge-host-1 10.138.215.250
[16:23:46] Resetting nodes: edge-node-1 -> edge-node-2 (server: edge-host-1, vip: 10.138.215.250)
[16:23:46] Step 1: Killing any existing processes on source...
[16:23:46]   Killing PID 122144 (from /home/ubuntu/tcp_client.pid)
[16:23:47]   Killing PID 122144 (from /home/ubuntu/client.pid)
[16:23:47]   Killing any remaining background processes...
[16:23:49] Step 2: Cleaning source node...
[16:23:50] Step 3: Cleaning destination node...
[16:23:51]   Killing PID 122144 on destination (from /home/ubuntu/tcp_client.pid)
[16:23:51]   Killing PID 122144 on destination (from /home/ubuntu/client.pid)
[16:23:52]   Killing all remaining TCP processes on destination...
[16:23:55] Step 4: Cleaning server node (edge-host-1)...
[16:23:55]   Killing PID 1137798 on server (from /home/ubuntu/tcp_server.pid)
[16:23:57] ✓ Reset complete, nodes are clean
[16:23:57]   Next: Start your application
[exit=0]

$ bash /home/ivo/Evaluation-of-Live-Migration-Strategies-at-the-Edge/Network-live-migration/scripts/workloads/start_tcp_server.sh edge-host-1 5000
[tcp-server] Ensuring tcp-howto binary on edge-host-1...
[tcp-server] Reusing existing /tmp/tcp-howto on edge-host-1
[tcp-server] Starting on edge-host-1 (port 5000)...
[tcp-server] Waiting for listen...
✓ TCP server listening on edge-host-1:5000
[tcp-server] Logs: multipass exec edge-host-1 -- tail -f /home/ubuntu/tcp_server.out
[exit=0]

$ bash /home/ivo/Evaluation-of-Live-Migration-Strategies-at-the-Edge/Network-live-migration/scripts/workloads/start_tcp_client.sh edge-node-1 edge-host-1 5000
[tcp-client] Server endpoint: 10.138.215.36:5000
[tcp-client] Client VIP: 10.138.215.250
[tcp-client] Ensuring tcp-howto binary on edge-node-1...
[tcp-client] Reusing existing /tmp/tcp-howto on edge-node-1
[tcp-client] Ensuring VIP 10.138.215.250 is present on edge-node-1...
ARPING 10.138.215.250 from 10.138.215.250 ens3
Sent 3 probes (3 broadcast(s))
Received 0 response(s)
[tcp-client] Starting on edge-node-1...
[tcp-client] Waiting for established TCP connection...
✓ TCP client connected (PID: 124262)
[tcp-client] Logs: multipass exec edge-node-1 -- tail -f /home/ubuntu/tcp_client.out
[exit=0]

$ python3 /home/ivo/Evaluation-of-Live-Migration-Strategies-at-the-Edge/Network-live-migration/scripts/orchestrators/tcp_client_benchmark.py postcopy --source edge-node-1 --dest edge-node-2 --server edge-host-1 --transfer-mode host --run-id 11-05-2026-host-postcopy-0018 --csv /home/ivo/Evaluation-of-Live-Migration-Strategies-at-the-Edge/Network-live-migration/metrics/migration_metrics.csv --profile-name 3_LTE --relay-node edge-host-1 --page-server-port 9999
[16:24:06] === TCP CLIENT MIGRATION ===
[16:24:06] Run ID: 11-05-2026-host-postcopy-0018
[16:24:06] Source: edge-node-1, Dest: edge-node-2
[16:24:06] Server: edge-host-1
[16:24:06] Transfer mode: host
[16:24:06] Relay node: edge-host-1

[16:24:06] === TCP CLIENT POST-COPY (LAZY-PAGES) MIGRATION ===
[16:24:06] Step 1: Checking source client process...
[16:24:06]   Using PID from /home/ubuntu/tcp_client.pid: 124262
[16:24:07]   Server connections so far: 1
[16:24:08]   Page-server endpoint: 10.138.215.218:9999
[16:24:08] Step 2: Final dump (freezing client) with --lazy-pages...
[16:24:08]   Dump PID: 124803
[16:24:09]   Final dump time (freeze duration): 724 ms
[16:24:09] Step 2.5: Moving VIP to destination...
[16:24:09]   Moving VIP 10.138.215.250 from edge-node-1:ens3 -> edge-node-2:ens3
[16:24:14] Step 3: Creating archive...
[16:24:15] Step 4: Transferring archive...
  Transferring /home/ubuntu/CRIU-tcp-client.tar.gz via relay node edge-host-1...
Setting up SSH trust: edge-node-1 → ubuntu@10.138.215.36
  Adding public key to destination's authorized_keys...
  Testing SSH connectivity...
  ✓ SSH trust ready
Setting up SSH trust: edge-host-1 → ubuntu@10.138.215.137
  Adding public key to destination's authorized_keys...
  Testing SSH connectivity...
  ✓ SSH trust ready
[16:24:26] Step 5: Unpacking on destination...
[16:24:27] Step 6: Starting lazy-pages daemon on destination...
[16:24:27] Step 7: Restoring client...
[16:24:28] Step 8: Verifying connection continuity...
[16:24:31]   Client output (tail): PP 5 -> 5
[16:24:32]   Server connections so far: 1
[16:24:32] ✓ SUCCESS: Client restored and TCP socket appears established
[16:24:33] Metrics saved to /home/ivo/Evaluation-of-Live-Migration-Strategies-at-the-Edge/Network-live-migration/metrics/migration_metrics.csv
[exit=0]

$ python3 /home/ivo/Evaluation-of-Live-Migration-Strategies-at-the-Edge/Network-live-migration/scripts/setup/reset_nodes.py edge-node-1 edge-node-2 edge-host-1 10.138.215.250
[16:24:33] Resetting nodes: edge-node-1 -> edge-node-2 (server: edge-host-1, vip: 10.138.215.250)
[16:24:33] Step 1: Killing any existing processes on source...
[16:24:34]   Killing PID 124262 (from /home/ubuntu/tcp_client.pid)
[16:24:34]   Killing PID 124262 (from /home/ubuntu/client.pid)
[16:24:35]   Killing any remaining background processes...
[16:24:37] Step 2: Cleaning source node...
[16:24:38] Step 3: Cleaning destination node...
[16:24:39]   Killing PID 124262 on destination (from /home/ubuntu/tcp_client.pid)
[16:24:40]   Killing PID 124262 on destination (from /home/ubuntu/client.pid)
[16:24:40]   Killing all remaining TCP processes on destination...
[16:24:43] Step 4: Cleaning server node (edge-host-1)...
[16:24:44]   Killing PID 1139375 on server (from /home/ubuntu/tcp_server.pid)
[16:24:46] ✓ Reset complete, nodes are clean
[16:24:46]   Next: Start your application
[exit=0]

$ bash /home/ivo/Evaluation-of-Live-Migration-Strategies-at-the-Edge/Network-live-migration/scripts/workloads/start_tcp_server.sh edge-host-1 5000
[tcp-server] Ensuring tcp-howto binary on edge-host-1...
[tcp-server] Reusing existing /tmp/tcp-howto on edge-host-1
[tcp-server] Starting on edge-host-1 (port 5000)...
[tcp-server] Waiting for listen...
✓ TCP server listening on edge-host-1:5000
[tcp-server] Logs: multipass exec edge-host-1 -- tail -f /home/ubuntu/tcp_server.out
[exit=0]

$ bash /home/ivo/Evaluation-of-Live-Migration-Strategies-at-the-Edge/Network-live-migration/scripts/workloads/start_tcp_client.sh edge-node-1 edge-host-1 5000
[tcp-client] Server endpoint: 10.138.215.36:5000
[tcp-client] Client VIP: 10.138.215.250
[tcp-client] Ensuring tcp-howto binary on edge-node-1...
[tcp-client] Reusing existing /tmp/tcp-howto on edge-node-1
[tcp-client] Ensuring VIP 10.138.215.250 is present on edge-node-1...
ARPING 10.138.215.250 from 10.138.215.250 ens3
Sent 3 probes (3 broadcast(s))
Received 0 response(s)
[tcp-client] Starting on edge-node-1...
[tcp-client] Waiting for established TCP connection...
✓ TCP client connected (PID: 126370)
[tcp-client] Logs: multipass exec edge-node-1 -- tail -f /home/ubuntu/tcp_client.out
[exit=0]

$ python3 /home/ivo/Evaluation-of-Live-Migration-Strategies-at-the-Edge/Network-live-migration/scripts/orchestrators/tcp_client_benchmark.py postcopy --source edge-node-1 --dest edge-node-2 --server edge-host-1 --transfer-mode host --run-id 11-05-2026-host-postcopy-0019 --csv /home/ivo/Evaluation-of-Live-Migration-Strategies-at-the-Edge/Network-live-migration/metrics/migration_metrics.csv --profile-name 3_LTE --relay-node edge-host-1 --page-server-port 9999
[16:24:54] === TCP CLIENT MIGRATION ===
[16:24:54] Run ID: 11-05-2026-host-postcopy-0019
[16:24:54] Source: edge-node-1, Dest: edge-node-2
[16:24:54] Server: edge-host-1
[16:24:54] Transfer mode: host
[16:24:54] Relay node: edge-host-1

[16:24:54] === TCP CLIENT POST-COPY (LAZY-PAGES) MIGRATION ===
[16:24:54] Step 1: Checking source client process...
[16:24:55]   Using PID from /home/ubuntu/tcp_client.pid: 126370
[16:24:55]   Server connections so far: 1
[16:24:56]   Page-server endpoint: 10.138.215.218:9999
[16:24:56] Step 2: Final dump (freezing client) with --lazy-pages...
[16:24:57]   Dump PID: 126904
[16:24:57]   Final dump time (freeze duration): 778 ms
[16:24:57] Step 2.5: Moving VIP to destination...
[16:24:58]   Moving VIP 10.138.215.250 from edge-node-1:ens3 -> edge-node-2:ens3
[16:25:03] Step 3: Creating archive...
[16:25:03] Step 4: Transferring archive...
  Transferring /home/ubuntu/CRIU-tcp-client.tar.gz via relay node edge-host-1...
Setting up SSH trust: edge-node-1 → ubuntu@10.138.215.36
  Adding public key to destination's authorized_keys...
  Testing SSH connectivity...
  ✓ SSH trust ready
Setting up SSH trust: edge-host-1 → ubuntu@10.138.215.137
  Adding public key to destination's authorized_keys...
  Testing SSH connectivity...
  ✓ SSH trust ready
[16:25:14] Step 5: Unpacking on destination...
[16:25:15] Step 6: Starting lazy-pages daemon on destination...
[16:25:16] Step 7: Restoring client...
[16:25:17] Step 8: Verifying connection continuity...
[16:25:20]   Client output (tail): PP 5 -> 5
[16:25:21]   Server connections so far: 1
[16:25:21] ✓ SUCCESS: Client restored and TCP socket appears established
[16:25:22] Metrics saved to /home/ivo/Evaluation-of-Live-Migration-Strategies-at-the-Edge/Network-live-migration/metrics/migration_metrics.csv
[exit=0]

$ python3 /home/ivo/Evaluation-of-Live-Migration-Strategies-at-the-Edge/Network-live-migration/scripts/setup/reset_nodes.py edge-node-1 edge-node-2 edge-host-1 10.138.215.250
[16:25:22] Resetting nodes: edge-node-1 -> edge-node-2 (server: edge-host-1, vip: 10.138.215.250)
[16:25:22] Step 1: Killing any existing processes on source...
[16:25:23]   Killing PID 126370 (from /home/ubuntu/tcp_client.pid)
[16:25:23]   Killing PID 126370 (from /home/ubuntu/client.pid)
[16:25:24]   Killing any remaining background processes...
[16:25:25] Step 2: Cleaning source node...
[16:25:27] Step 3: Cleaning destination node...
[16:25:27]   Killing PID 126370 on destination (from /home/ubuntu/tcp_client.pid)
[16:25:28]   Killing PID 126370 on destination (from /home/ubuntu/client.pid)
[16:25:29]   Killing all remaining TCP processes on destination...
[16:25:32] Step 4: Cleaning server node (edge-host-1)...
[16:25:32]   Killing PID 1140946 on server (from /home/ubuntu/tcp_server.pid)
[16:25:34] ✓ Reset complete, nodes are clean
[16:25:34]   Next: Start your application
[exit=0]

$ bash /home/ivo/Evaluation-of-Live-Migration-Strategies-at-the-Edge/Network-live-migration/scripts/workloads/start_tcp_server.sh edge-host-1 5000
[tcp-server] Ensuring tcp-howto binary on edge-host-1...
[tcp-server] Reusing existing /tmp/tcp-howto on edge-host-1
[tcp-server] Starting on edge-host-1 (port 5000)...
[tcp-server] Waiting for listen...
✓ TCP server listening on edge-host-1:5000
[tcp-server] Logs: multipass exec edge-host-1 -- tail -f /home/ubuntu/tcp_server.out
[exit=0]

$ bash /home/ivo/Evaluation-of-Live-Migration-Strategies-at-the-Edge/Network-live-migration/scripts/workloads/start_tcp_client.sh edge-node-1 edge-host-1 5000
[tcp-client] Server endpoint: 10.138.215.36:5000
[tcp-client] Client VIP: 10.138.215.250
[tcp-client] Ensuring tcp-howto binary on edge-node-1...
[tcp-client] Reusing existing /tmp/tcp-howto on edge-node-1
[tcp-client] Ensuring VIP 10.138.215.250 is present on edge-node-1...
ARPING 10.138.215.250 from 10.138.215.250 ens3
Sent 3 probes (3 broadcast(s))
Received 0 response(s)
[tcp-client] Starting on edge-node-1...
[tcp-client] Waiting for established TCP connection...
✓ TCP client connected (PID: 128484)
[tcp-client] Logs: multipass exec edge-node-1 -- tail -f /home/ubuntu/tcp_client.out
[exit=0]

$ python3 /home/ivo/Evaluation-of-Live-Migration-Strategies-at-the-Edge/Network-live-migration/scripts/orchestrators/tcp_client_benchmark.py postcopy --source edge-node-1 --dest edge-node-2 --server edge-host-1 --transfer-mode direct --run-id 11-05-2026-direct-postcopy-0010 --csv /home/ivo/Evaluation-of-Live-Migration-Strategies-at-the-Edge/Network-live-migration/metrics/migration_metrics.csv --profile-name 3_LTE --page-server-port 9999
[16:25:43] === TCP CLIENT MIGRATION ===
[16:25:43] Run ID: 11-05-2026-direct-postcopy-0010
[16:25:43] Source: edge-node-1, Dest: edge-node-2
[16:25:43] Server: edge-host-1
[16:25:43] Transfer mode: direct

[16:25:43] === TCP CLIENT POST-COPY (LAZY-PAGES) MIGRATION ===
[16:25:43] Step 1: Checking source client process...
[16:25:44]   Using PID from /home/ubuntu/tcp_client.pid: 128484
[16:25:45]   Server connections so far: 1
[16:25:45]   Page-server endpoint: 10.138.215.218:9999
[16:25:45] Step 2: Final dump (freezing client) with --lazy-pages...
[16:25:46]   Dump PID: 129018
[16:25:46]   Final dump time (freeze duration): 713 ms
[16:25:46] Step 2.5: Moving VIP to destination...
[16:25:47]   Moving VIP 10.138.215.250 from edge-node-1:ens3 -> edge-node-2:ens3
[16:25:51] Step 3: Creating archive...
[16:25:52] Step 4: Transferring archive...
[16:25:52]   Setting up direct SSH trust...
Setting up SSH trust: edge-node-1 → ubuntu@10.138.215.137
  Adding public key to destination's authorized_keys...
  Testing SSH connectivity...
  ✓ SSH trust ready
Setting up SSH trust: edge-node-1 → ubuntu@10.138.215.137
  Adding public key to destination's authorized_keys...
  Testing SSH connectivity...
  ✓ SSH trust ready
  Transferring /home/ubuntu/CRIU-tcp-client.tar.gz via SCP...
[16:26:00] Step 5: Unpacking on destination...
[16:26:01] Step 6: Starting lazy-pages daemon on destination...
[16:26:02] Step 7: Restoring client...
[16:26:03] Step 8: Verifying connection continuity...
[16:26:06]   Client output (tail): PP 5 -> 5
[16:26:07]   Server connections so far: 1
[16:26:07] ✓ SUCCESS: Client restored and TCP socket appears established
[16:26:08] Metrics saved to /home/ivo/Evaluation-of-Live-Migration-Strategies-at-the-Edge/Network-live-migration/metrics/migration_metrics.csv
[exit=0]

$ python3 /home/ivo/Evaluation-of-Live-Migration-Strategies-at-the-Edge/Network-live-migration/scripts/setup/reset_nodes.py edge-node-1 edge-node-2 edge-host-1 10.138.215.250
[16:26:08] Resetting nodes: edge-node-1 -> edge-node-2 (server: edge-host-1, vip: 10.138.215.250)
[16:26:08] Step 1: Killing any existing processes on source...
[16:26:08]   Killing PID 128484 (from /home/ubuntu/tcp_client.pid)
[16:26:09]   Killing PID 128484 (from /home/ubuntu/client.pid)
[16:26:10]   Killing any remaining background processes...
[16:26:11] Step 2: Cleaning source node...
[16:26:13] Step 3: Cleaning destination node...
[16:26:13]   Killing PID 128484 on destination (from /home/ubuntu/tcp_client.pid)
[16:26:14]   Killing PID 128484 on destination (from /home/ubuntu/client.pid)
[16:26:14]   Killing all remaining TCP processes on destination...
[16:26:17] Step 4: Cleaning server node (edge-host-1)...
[16:26:18]   Killing PID 1142519 on server (from /home/ubuntu/tcp_server.pid)
[16:26:20] ✓ Reset complete, nodes are clean
[16:26:20]   Next: Start your application
[exit=0]

$ bash /home/ivo/Evaluation-of-Live-Migration-Strategies-at-the-Edge/Network-live-migration/scripts/workloads/start_tcp_server.sh edge-host-1 5000
[tcp-server] Ensuring tcp-howto binary on edge-host-1...
[tcp-server] Reusing existing /tmp/tcp-howto on edge-host-1
[tcp-server] Starting on edge-host-1 (port 5000)...
[tcp-server] Waiting for listen...
✓ TCP server listening on edge-host-1:5000
[tcp-server] Logs: multipass exec edge-host-1 -- tail -f /home/ubuntu/tcp_server.out
[exit=0]

$ bash /home/ivo/Evaluation-of-Live-Migration-Strategies-at-the-Edge/Network-live-migration/scripts/workloads/start_tcp_client.sh edge-node-1 edge-host-1 5000
[tcp-client] Server endpoint: 10.138.215.36:5000
[tcp-client] Client VIP: 10.138.215.250
[tcp-client] Ensuring tcp-howto binary on edge-node-1...
[tcp-client] Reusing existing /tmp/tcp-howto on edge-node-1
[tcp-client] Ensuring VIP 10.138.215.250 is present on edge-node-1...
ARPING 10.138.215.250 from 10.138.215.250 ens3
Sent 3 probes (3 broadcast(s))
Received 0 response(s)
[tcp-client] Starting on edge-node-1...
[tcp-client] Waiting for established TCP connection...
✓ TCP client connected (PID: 130681)
[tcp-client] Logs: multipass exec edge-node-1 -- tail -f /home/ubuntu/tcp_client.out
[exit=0]

$ python3 /home/ivo/Evaluation-of-Live-Migration-Strategies-at-the-Edge/Network-live-migration/scripts/orchestrators/tcp_client_benchmark.py postcopy --source edge-node-1 --dest edge-node-2 --server edge-host-1 --transfer-mode direct --run-id 11-05-2026-direct-postcopy-0011 --csv /home/ivo/Evaluation-of-Live-Migration-Strategies-at-the-Edge/Network-live-migration/metrics/migration_metrics.csv --profile-name 3_LTE --page-server-port 9999
[16:26:28] === TCP CLIENT MIGRATION ===
[16:26:28] Run ID: 11-05-2026-direct-postcopy-0011
[16:26:28] Source: edge-node-1, Dest: edge-node-2
[16:26:28] Server: edge-host-1
[16:26:28] Transfer mode: direct

[16:26:28] === TCP CLIENT POST-COPY (LAZY-PAGES) MIGRATION ===
[16:26:28] Step 1: Checking source client process...
[16:26:29]   Using PID from /home/ubuntu/tcp_client.pid: 130681
[16:26:30]   Server connections so far: 1
[16:26:31]   Page-server endpoint: 10.138.215.218:9999
[16:26:31] Step 2: Final dump (freezing client) with --lazy-pages...
[16:26:31]   Dump PID: 131224
[16:26:31]   Final dump time (freeze duration): 705 ms
[16:26:31] Step 2.5: Moving VIP to destination...
[16:26:32]   Moving VIP 10.138.215.250 from edge-node-1:ens3 -> edge-node-2:ens3
[16:26:37] Step 3: Creating archive...
[16:26:38] Step 4: Transferring archive...
[16:26:38]   Setting up direct SSH trust...
Setting up SSH trust: edge-node-1 → ubuntu@10.138.215.137
  Adding public key to destination's authorized_keys...
  Testing SSH connectivity...
  ✓ SSH trust ready
Setting up SSH trust: edge-node-1 → ubuntu@10.138.215.137
  Adding public key to destination's authorized_keys...
  Testing SSH connectivity...
  ✓ SSH trust ready
  Transferring /home/ubuntu/CRIU-tcp-client.tar.gz via SCP...
[16:26:46] Step 5: Unpacking on destination...
[16:26:47] Step 6: Starting lazy-pages daemon on destination...
[16:26:48] Step 7: Restoring client...
[16:26:49] Step 8: Verifying connection continuity...
[16:26:52]   Client output (tail): PP 5 -> 5
[16:26:52]   Server connections so far: 1
[16:26:52] ✓ SUCCESS: Client restored and TCP socket appears established
[16:26:53] Metrics saved to /home/ivo/Evaluation-of-Live-Migration-Strategies-at-the-Edge/Network-live-migration/metrics/migration_metrics.csv
[exit=0]

$ python3 /home/ivo/Evaluation-of-Live-Migration-Strategies-at-the-Edge/Network-live-migration/scripts/setup/reset_nodes.py edge-node-1 edge-node-2 edge-host-1 10.138.215.250
[16:26:54] Resetting nodes: edge-node-1 -> edge-node-2 (server: edge-host-1, vip: 10.138.215.250)
[16:26:54] Step 1: Killing any existing processes on source...
[16:26:54]   Killing PID 130681 (from /home/ubuntu/tcp_client.pid)
[16:26:55]   Killing PID 130681 (from /home/ubuntu/client.pid)
[16:26:55]   Killing any remaining background processes...
[16:26:57] Step 2: Cleaning source node...
[16:26:58] Step 3: Cleaning destination node...
[16:26:59]   Killing PID 130681 on destination (from /home/ubuntu/tcp_client.pid)
[16:26:59]   Killing PID 130681 on destination (from /home/ubuntu/client.pid)
[16:27:00]   Killing all remaining TCP processes on destination...
[16:27:03] Step 4: Cleaning server node (edge-host-1)...
[16:27:03]   Killing PID 1143559 on server (from /home/ubuntu/tcp_server.pid)
[16:27:06] ✓ Reset complete, nodes are clean
[16:27:06]   Next: Start your application
[exit=0]

$ bash /home/ivo/Evaluation-of-Live-Migration-Strategies-at-the-Edge/Network-live-migration/scripts/workloads/start_tcp_server.sh edge-host-1 5000
[tcp-server] Ensuring tcp-howto binary on edge-host-1...
[tcp-server] Reusing existing /tmp/tcp-howto on edge-host-1
[tcp-server] Starting on edge-host-1 (port 5000)...
[tcp-server] Waiting for listen...
✓ TCP server listening on edge-host-1:5000
[tcp-server] Logs: multipass exec edge-host-1 -- tail -f /home/ubuntu/tcp_server.out
[exit=0]

$ bash /home/ivo/Evaluation-of-Live-Migration-Strategies-at-the-Edge/Network-live-migration/scripts/workloads/start_tcp_client.sh edge-node-1 edge-host-1 5000
[tcp-client] Server endpoint: 10.138.215.36:5000
[tcp-client] Client VIP: 10.138.215.250
[tcp-client] Ensuring tcp-howto binary on edge-node-1...
[tcp-client] Reusing existing /tmp/tcp-howto on edge-node-1
[tcp-client] Ensuring VIP 10.138.215.250 is present on edge-node-1...
ARPING 10.138.215.250 from 10.138.215.250 ens3
Sent 3 probes (3 broadcast(s))
Received 0 response(s)
[tcp-client] Starting on edge-node-1...
[tcp-client] Waiting for established TCP connection...
✓ TCP client connected (PID: 132889)
[tcp-client] Logs: multipass exec edge-node-1 -- tail -f /home/ubuntu/tcp_client.out
[exit=0]

$ python3 /home/ivo/Evaluation-of-Live-Migration-Strategies-at-the-Edge/Network-live-migration/scripts/orchestrators/tcp_client_benchmark.py postcopy --source edge-node-1 --dest edge-node-2 --server edge-host-1 --transfer-mode direct --run-id 11-05-2026-direct-postcopy-0012 --csv /home/ivo/Evaluation-of-Live-Migration-Strategies-at-the-Edge/Network-live-migration/metrics/migration_metrics.csv --profile-name 3_LTE --page-server-port 9999
[16:27:14] === TCP CLIENT MIGRATION ===
[16:27:14] Run ID: 11-05-2026-direct-postcopy-0012
[16:27:14] Source: edge-node-1, Dest: edge-node-2
[16:27:14] Server: edge-host-1
[16:27:14] Transfer mode: direct

[16:27:14] === TCP CLIENT POST-COPY (LAZY-PAGES) MIGRATION ===
[16:27:14] Step 1: Checking source client process...
[16:27:14]   Using PID from /home/ubuntu/tcp_client.pid: 132889
[16:27:15]   Server connections so far: 1
[16:27:16]   Page-server endpoint: 10.138.215.218:9999
[16:27:16] Step 2: Final dump (freezing client) with --lazy-pages...
[16:27:16]   Dump PID: 133431
[16:27:17]   Final dump time (freeze duration): 719 ms
[16:27:17] Step 2.5: Moving VIP to destination...
[16:27:17]   Moving VIP 10.138.215.250 from edge-node-1:ens3 -> edge-node-2:ens3
[16:27:22] Step 3: Creating archive...
[16:27:23] Step 4: Transferring archive...
[16:27:23]   Setting up direct SSH trust...
Setting up SSH trust: edge-node-1 → ubuntu@10.138.215.137
  Adding public key to destination's authorized_keys...
  Testing SSH connectivity...
  ✓ SSH trust ready
Setting up SSH trust: edge-node-1 → ubuntu@10.138.215.137
  Adding public key to destination's authorized_keys...
  Testing SSH connectivity...
  ✓ SSH trust ready
  Transferring /home/ubuntu/CRIU-tcp-client.tar.gz via SCP...
[16:27:31] Step 5: Unpacking on destination...
[16:27:32] Step 6: Starting lazy-pages daemon on destination...
[16:27:32] Step 7: Restoring client...
[16:27:33] Step 8: Verifying connection continuity...
[16:27:37]   Client output (tail): PP 5 -> 5
[16:27:37]   Server connections so far: 1
[16:27:37] ✓ SUCCESS: Client restored and TCP socket appears established
[16:27:38] Metrics saved to /home/ivo/Evaluation-of-Live-Migration-Strategies-at-the-Edge/Network-live-migration/metrics/migration_metrics.csv
[exit=0]

$ python3 /home/ivo/Evaluation-of-Live-Migration-Strategies-at-the-Edge/Network-live-migration/scripts/setup/reset_nodes.py edge-node-1 edge-node-2 edge-host-1 10.138.215.250
[16:27:39] Resetting nodes: edge-node-1 -> edge-node-2 (server: edge-host-1, vip: 10.138.215.250)
[16:27:39] Step 1: Killing any existing processes on source...
[16:27:39]   Killing PID 132889 (from /home/ubuntu/tcp_client.pid)
[16:27:40]   Killing PID 132889 (from /home/ubuntu/client.pid)
[16:27:40]   Killing any remaining background processes...
[16:27:42] Step 2: Cleaning source node...
[16:27:43] Step 3: Cleaning destination node...
[16:27:44]   Killing PID 132889 on destination (from /home/ubuntu/tcp_client.pid)
[16:27:45]   Killing PID 132889 on destination (from /home/ubuntu/client.pid)
[16:27:45]   Killing all remaining TCP processes on destination...
[16:27:48] Step 4: Cleaning server node (edge-host-1)...
[16:27:48]   Killing PID 1144598 on server (from /home/ubuntu/tcp_server.pid)
[16:27:51] ✓ Reset complete, nodes are clean
[16:27:51]   Next: Start your application
[exit=0]

$ bash /home/ivo/Evaluation-of-Live-Migration-Strategies-at-the-Edge/Network-live-migration/scripts/workloads/start_tcp_server.sh edge-host-1 5000
[tcp-server] Ensuring tcp-howto binary on edge-host-1...
[tcp-server] Reusing existing /tmp/tcp-howto on edge-host-1
[tcp-server] Starting on edge-host-1 (port 5000)...
[tcp-server] Waiting for listen...
✓ TCP server listening on edge-host-1:5000
[tcp-server] Logs: multipass exec edge-host-1 -- tail -f /home/ubuntu/tcp_server.out
[exit=0]

$ bash /home/ivo/Evaluation-of-Live-Migration-Strategies-at-the-Edge/Network-live-migration/scripts/workloads/start_tcp_client.sh edge-node-1 edge-host-1 5000
[tcp-client] Server endpoint: 10.138.215.36:5000
[tcp-client] Client VIP: 10.138.215.250
[tcp-client] Ensuring tcp-howto binary on edge-node-1...
[tcp-client] Reusing existing /tmp/tcp-howto on edge-node-1
[tcp-client] Ensuring VIP 10.138.215.250 is present on edge-node-1...
ARPING 10.138.215.250 from 10.138.215.250 ens3
Sent 3 probes (3 broadcast(s))
Received 0 response(s)
[tcp-client] Starting on edge-node-1...
[tcp-client] Waiting for established TCP connection...
✓ TCP client connected (PID: 135105)
[tcp-client] Logs: multipass exec edge-node-1 -- tail -f /home/ubuntu/tcp_client.out
[exit=0]

$ python3 /home/ivo/Evaluation-of-Live-Migration-Strategies-at-the-Edge/Network-live-migration/scripts/orchestrators/tcp_client_benchmark.py postcopy --source edge-node-1 --dest edge-node-2 --server edge-host-1 --transfer-mode direct --run-id 11-05-2026-direct-postcopy-0013 --csv /home/ivo/Evaluation-of-Live-Migration-Strategies-at-the-Edge/Network-live-migration/metrics/migration_metrics.csv --profile-name 3_LTE --page-server-port 9999
[16:27:59] === TCP CLIENT MIGRATION ===
[16:27:59] Run ID: 11-05-2026-direct-postcopy-0013
[16:27:59] Source: edge-node-1, Dest: edge-node-2
[16:27:59] Server: edge-host-1
[16:27:59] Transfer mode: direct

[16:27:59] === TCP CLIENT POST-COPY (LAZY-PAGES) MIGRATION ===
[16:27:59] Step 1: Checking source client process...
[16:27:59]   Using PID from /home/ubuntu/tcp_client.pid: 135105
[16:28:00]   Server connections so far: 1
[16:28:01]   Page-server endpoint: 10.138.215.218:9999
[16:28:01] Step 2: Final dump (freezing client) with --lazy-pages...
[16:28:02]   Dump PID: 135639
[16:28:02]   Final dump time (freeze duration): 730 ms
[16:28:02] Step 2.5: Moving VIP to destination...
[16:28:02]   Moving VIP 10.138.215.250 from edge-node-1:ens3 -> edge-node-2:ens3
[16:28:07] Step 3: Creating archive...
[16:28:08] Step 4: Transferring archive...
[16:28:08]   Setting up direct SSH trust...
Setting up SSH trust: edge-node-1 → ubuntu@10.138.215.137
  Adding public key to destination's authorized_keys...
  Testing SSH connectivity...
  ✓ SSH trust ready
Setting up SSH trust: edge-node-1 → ubuntu@10.138.215.137
  Adding public key to destination's authorized_keys...
  Testing SSH connectivity...
  ✓ SSH trust ready
  Transferring /home/ubuntu/CRIU-tcp-client.tar.gz via SCP...
[16:28:16] Step 5: Unpacking on destination...
[16:28:17] Step 6: Starting lazy-pages daemon on destination...
[16:28:17] Step 7: Restoring client...
[16:28:18] Step 8: Verifying connection continuity...
[16:28:21]   Client output (tail): PP 5 -> 5
[16:28:22]   Server connections so far: 1
[16:28:22] ✓ SUCCESS: Client restored and TCP socket appears established
[16:28:23] Metrics saved to /home/ivo/Evaluation-of-Live-Migration-Strategies-at-the-Edge/Network-live-migration/metrics/migration_metrics.csv
[exit=0]

$ python3 /home/ivo/Evaluation-of-Live-Migration-Strategies-at-the-Edge/Network-live-migration/scripts/setup/reset_nodes.py edge-node-1 edge-node-2 edge-host-1 10.138.215.250
[16:28:24] Resetting nodes: edge-node-1 -> edge-node-2 (server: edge-host-1, vip: 10.138.215.250)
[16:28:24] Step 1: Killing any existing processes on source...
[16:28:24]   Killing PID 135105 (from /home/ubuntu/tcp_client.pid)
[16:28:25]   Killing PID 135105 (from /home/ubuntu/client.pid)
[16:28:25]   Killing any remaining background processes...
[16:28:27] Step 2: Cleaning source node...
[16:28:28] Step 3: Cleaning destination node...
[16:28:28]   Killing PID 135105 on destination (from /home/ubuntu/tcp_client.pid)
[16:28:29]   Killing PID 135105 on destination (from /home/ubuntu/client.pid)
[16:28:30]   Killing all remaining TCP processes on destination...
[16:28:33] Step 4: Cleaning server node (edge-host-1)...
[16:28:33]   Killing PID 1145637 on server (from /home/ubuntu/tcp_server.pid)
[16:28:35] ✓ Reset complete, nodes are clean
[16:28:35]   Next: Start your application
[exit=0]

$ bash /home/ivo/Evaluation-of-Live-Migration-Strategies-at-the-Edge/Network-live-migration/scripts/workloads/start_tcp_server.sh edge-host-1 5000
[tcp-server] Ensuring tcp-howto binary on edge-host-1...
[tcp-server] Reusing existing /tmp/tcp-howto on edge-host-1
[tcp-server] Starting on edge-host-1 (port 5000)...
[tcp-server] Waiting for listen...
✓ TCP server listening on edge-host-1:5000
[tcp-server] Logs: multipass exec edge-host-1 -- tail -f /home/ubuntu/tcp_server.out
[exit=0]

$ bash /home/ivo/Evaluation-of-Live-Migration-Strategies-at-the-Edge/Network-live-migration/scripts/workloads/start_tcp_client.sh edge-node-1 edge-host-1 5000
[tcp-client] Server endpoint: 10.138.215.36:5000
[tcp-client] Client VIP: 10.138.215.250
[tcp-client] Ensuring tcp-howto binary on edge-node-1...
[tcp-client] Reusing existing /tmp/tcp-howto on edge-node-1
[tcp-client] Ensuring VIP 10.138.215.250 is present on edge-node-1...
ARPING 10.138.215.250 from 10.138.215.250 ens3
Sent 3 probes (3 broadcast(s))
Received 0 response(s)
[tcp-client] Starting on edge-node-1...
[tcp-client] Waiting for established TCP connection...
✓ TCP client connected (PID: 137313)
[tcp-client] Logs: multipass exec edge-node-1 -- tail -f /home/ubuntu/tcp_client.out
[exit=0]

$ python3 /home/ivo/Evaluation-of-Live-Migration-Strategies-at-the-Edge/Network-live-migration/scripts/orchestrators/tcp_client_benchmark.py postcopy --source edge-node-1 --dest edge-node-2 --server edge-host-1 --transfer-mode direct --run-id 11-05-2026-direct-postcopy-0014 --csv /home/ivo/Evaluation-of-Live-Migration-Strategies-at-the-Edge/Network-live-migration/metrics/migration_metrics.csv --profile-name 3_LTE --page-server-port 9999
[16:28:44] === TCP CLIENT MIGRATION ===
[16:28:44] Run ID: 11-05-2026-direct-postcopy-0014
[16:28:44] Source: edge-node-1, Dest: edge-node-2
[16:28:44] Server: edge-host-1
[16:28:44] Transfer mode: direct

[16:28:44] === TCP CLIENT POST-COPY (LAZY-PAGES) MIGRATION ===
[16:28:44] Step 1: Checking source client process...
[16:28:44]   Using PID from /home/ubuntu/tcp_client.pid: 137313
[16:28:45]   Server connections so far: 1
[16:28:47]   Page-server endpoint: 10.138.215.218:9999
[16:28:47] Step 2: Final dump (freezing client) with --lazy-pages...
[16:28:47]   Dump PID: 137855
[16:28:47]   Final dump time (freeze duration): 761 ms
[16:28:47] Step 2.5: Moving VIP to destination...
[16:28:48]   Moving VIP 10.138.215.250 from edge-node-1:ens3 -> edge-node-2:ens3
[16:28:53] Step 3: Creating archive...
[16:28:53] Step 4: Transferring archive...
[16:28:53]   Setting up direct SSH trust...
Setting up SSH trust: edge-node-1 → ubuntu@10.138.215.137
  Adding public key to destination's authorized_keys...
  Testing SSH connectivity...
  ✓ SSH trust ready
Setting up SSH trust: edge-node-1 → ubuntu@10.138.215.137
  Adding public key to destination's authorized_keys...
  Testing SSH connectivity...
  ✓ SSH trust ready
  Transferring /home/ubuntu/CRIU-tcp-client.tar.gz via SCP...
[16:29:01] Step 5: Unpacking on destination...
[16:29:02] Step 6: Starting lazy-pages daemon on destination...
[16:29:03] Step 7: Restoring client...
[16:29:04] Step 8: Verifying connection continuity...
[16:29:07]   Client output (tail): PP 5 -> 5
[16:29:07]   Server connections so far: 1
[16:29:07] ✓ SUCCESS: Client restored and TCP socket appears established
[16:29:08] Metrics saved to /home/ivo/Evaluation-of-Live-Migration-Strategies-at-the-Edge/Network-live-migration/metrics/migration_metrics.csv
[exit=0]

$ python3 /home/ivo/Evaluation-of-Live-Migration-Strategies-at-the-Edge/Network-live-migration/scripts/setup/reset_nodes.py edge-node-1 edge-node-2 edge-host-1 10.138.215.250
[16:29:09] Resetting nodes: edge-node-1 -> edge-node-2 (server: edge-host-1, vip: 10.138.215.250)
[16:29:09] Step 1: Killing any existing processes on source...
[16:29:09]   Killing PID 137313 (from /home/ubuntu/tcp_client.pid)
[16:29:10]   Killing PID 137313 (from /home/ubuntu/client.pid)
[16:29:10]   Killing any remaining background processes...
[16:29:12] Step 2: Cleaning source node...
[16:29:14] Step 3: Cleaning destination node...
[16:29:14]   Killing PID 137313 on destination (from /home/ubuntu/tcp_client.pid)
[16:29:15]   Killing PID 137313 on destination (from /home/ubuntu/client.pid)
[16:29:15]   Killing all remaining TCP processes on destination...
[16:29:18] Step 4: Cleaning server node (edge-host-1)...
[16:29:18]   Killing PID 1146676 on server (from /home/ubuntu/tcp_server.pid)
[16:29:20] ✓ Reset complete, nodes are clean
[16:29:20]   Next: Start your application
[exit=0]

$ bash /home/ivo/Evaluation-of-Live-Migration-Strategies-at-the-Edge/Network-live-migration/scripts/workloads/start_tcp_server.sh edge-host-1 5000
[tcp-server] Ensuring tcp-howto binary on edge-host-1...
[tcp-server] Reusing existing /tmp/tcp-howto on edge-host-1
[tcp-server] Starting on edge-host-1 (port 5000)...
[tcp-server] Waiting for listen...
✓ TCP server listening on edge-host-1:5000
[tcp-server] Logs: multipass exec edge-host-1 -- tail -f /home/ubuntu/tcp_server.out
[exit=0]

$ bash /home/ivo/Evaluation-of-Live-Migration-Strategies-at-the-Edge/Network-live-migration/scripts/workloads/start_tcp_client.sh edge-node-1 edge-host-1 5000
[tcp-client] Server endpoint: 10.138.215.36:5000
[tcp-client] Client VIP: 10.138.215.250
[tcp-client] Ensuring tcp-howto binary on edge-node-1...
[tcp-client] Reusing existing /tmp/tcp-howto on edge-node-1
[tcp-client] Ensuring VIP 10.138.215.250 is present on edge-node-1...
ARPING 10.138.215.250 from 10.138.215.250 ens3
Sent 3 probes (3 broadcast(s))
Received 0 response(s)
[tcp-client] Starting on edge-node-1...
[tcp-client] Waiting for established TCP connection...
✓ TCP client connected (PID: 139519)
[tcp-client] Logs: multipass exec edge-node-1 -- tail -f /home/ubuntu/tcp_client.out
[exit=0]

$ python3 /home/ivo/Evaluation-of-Live-Migration-Strategies-at-the-Edge/Network-live-migration/scripts/orchestrators/tcp_client_benchmark.py postcopy --source edge-node-1 --dest edge-node-2 --server edge-host-1 --transfer-mode direct --run-id 11-05-2026-direct-postcopy-0015 --csv /home/ivo/Evaluation-of-Live-Migration-Strategies-at-the-Edge/Network-live-migration/metrics/migration_metrics.csv --profile-name 3_LTE --page-server-port 9999
[16:29:29] === TCP CLIENT MIGRATION ===
[16:29:29] Run ID: 11-05-2026-direct-postcopy-0015
[16:29:29] Source: edge-node-1, Dest: edge-node-2
[16:29:29] Server: edge-host-1
[16:29:29] Transfer mode: direct

[16:29:29] === TCP CLIENT POST-COPY (LAZY-PAGES) MIGRATION ===
[16:29:29] Step 1: Checking source client process...
[16:29:30]   Using PID from /home/ubuntu/tcp_client.pid: 139519
[16:29:31]   Server connections so far: 1
[16:29:31]   Page-server endpoint: 10.138.215.218:9999
[16:29:31] Step 2: Final dump (freezing client) with --lazy-pages...
[16:29:32]   Dump PID: 140053
[16:29:32]   Final dump time (freeze duration): 702 ms
[16:29:32] Step 2.5: Moving VIP to destination...
[16:29:33]   Moving VIP 10.138.215.250 from edge-node-1:ens3 -> edge-node-2:ens3
[16:29:38] Step 3: Creating archive...
[16:29:38] Step 4: Transferring archive...
[16:29:38]   Setting up direct SSH trust...
Setting up SSH trust: edge-node-1 → ubuntu@10.138.215.137
  Adding public key to destination's authorized_keys...
  Testing SSH connectivity...
  ✓ SSH trust ready
Setting up SSH trust: edge-node-1 → ubuntu@10.138.215.137
  Adding public key to destination's authorized_keys...
  Testing SSH connectivity...
  ✓ SSH trust ready
  Transferring /home/ubuntu/CRIU-tcp-client.tar.gz via SCP...
[16:29:46] Step 5: Unpacking on destination...
[16:29:48] Step 6: Starting lazy-pages daemon on destination...
[16:29:48] Step 7: Restoring client...
[16:29:49] Step 8: Verifying connection continuity...
[16:29:52]   Client output (tail): PP 5 -> 5
[16:29:53]   Server connections so far: 1
[16:29:53] ✓ SUCCESS: Client restored and TCP socket appears established
[16:29:54] Metrics saved to /home/ivo/Evaluation-of-Live-Migration-Strategies-at-the-Edge/Network-live-migration/metrics/migration_metrics.csv
[exit=0]

$ python3 /home/ivo/Evaluation-of-Live-Migration-Strategies-at-the-Edge/Network-live-migration/scripts/setup/reset_nodes.py edge-node-1 edge-node-2 edge-host-1 10.138.215.250
[16:29:54] Resetting nodes: edge-node-1 -> edge-node-2 (server: edge-host-1, vip: 10.138.215.250)
[16:29:54] Step 1: Killing any existing processes on source...
[16:29:55]   Killing PID 139519 (from /home/ubuntu/tcp_client.pid)
[16:29:56]   Killing PID 139519 (from /home/ubuntu/client.pid)
[16:29:56]   Killing any remaining background processes...
[16:29:57] Step 2: Cleaning source node...
[16:29:59] Step 3: Cleaning destination node...
[16:29:59]   Killing PID 139519 on destination (from /home/ubuntu/tcp_client.pid)
[16:30:00]   Killing PID 139519 on destination (from /home/ubuntu/client.pid)
[16:30:01]   Killing all remaining TCP processes on destination...
[16:30:04] Step 4: Cleaning server node (edge-host-1)...
[16:30:04]   Killing PID 1147719 on server (from /home/ubuntu/tcp_server.pid)
[16:30:06] ✓ Reset complete, nodes are clean
[16:30:06]   Next: Start your application
[exit=0]

$ bash /home/ivo/Evaluation-of-Live-Migration-Strategies-at-the-Edge/Network-live-migration/scripts/workloads/start_tcp_server.sh edge-host-1 5000
[tcp-server] Ensuring tcp-howto binary on edge-host-1...
[tcp-server] Reusing existing /tmp/tcp-howto on edge-host-1
[tcp-server] Starting on edge-host-1 (port 5000)...
[tcp-server] Waiting for listen...
✓ TCP server listening on edge-host-1:5000
[tcp-server] Logs: multipass exec edge-host-1 -- tail -f /home/ubuntu/tcp_server.out
[exit=0]

$ bash /home/ivo/Evaluation-of-Live-Migration-Strategies-at-the-Edge/Network-live-migration/scripts/workloads/start_tcp_client.sh edge-node-1 edge-host-1 5000
[tcp-client] Server endpoint: 10.138.215.36:5000
[tcp-client] Client VIP: 10.138.215.250
[tcp-client] Ensuring tcp-howto binary on edge-node-1...
[tcp-client] Reusing existing /tmp/tcp-howto on edge-node-1
[tcp-client] Ensuring VIP 10.138.215.250 is present on edge-node-1...
ARPING 10.138.215.250 from 10.138.215.250 ens3
Sent 3 probes (3 broadcast(s))
Received 0 response(s)
[tcp-client] Starting on edge-node-1...
[tcp-client] Waiting for established TCP connection...
✓ TCP client connected (PID: 141728)
[tcp-client] Logs: multipass exec edge-node-1 -- tail -f /home/ubuntu/tcp_client.out
[exit=0]

$ python3 /home/ivo/Evaluation-of-Live-Migration-Strategies-at-the-Edge/Network-live-migration/scripts/orchestrators/tcp_client_benchmark.py postcopy --source edge-node-1 --dest edge-node-2 --server edge-host-1 --transfer-mode direct --run-id 11-05-2026-direct-postcopy-0016 --csv /home/ivo/Evaluation-of-Live-Migration-Strategies-at-the-Edge/Network-live-migration/metrics/migration_metrics.csv --profile-name 3_LTE --page-server-port 9999
[16:30:14] === TCP CLIENT MIGRATION ===
[16:30:14] Run ID: 11-05-2026-direct-postcopy-0016
[16:30:14] Source: edge-node-1, Dest: edge-node-2
[16:30:14] Server: edge-host-1
[16:30:14] Transfer mode: direct

[16:30:14] === TCP CLIENT POST-COPY (LAZY-PAGES) MIGRATION ===
[16:30:14] Step 1: Checking source client process...
[16:30:15]   Using PID from /home/ubuntu/tcp_client.pid: 141728
[16:30:16]   Server connections so far: 1
[16:30:17]   Page-server endpoint: 10.138.215.218:9999
[16:30:17] Step 2: Final dump (freezing client) with --lazy-pages...
[16:30:17]   Dump PID: 142270
[16:30:17]   Final dump time (freeze duration): 712 ms
[16:30:17] Step 2.5: Moving VIP to destination...
[16:30:18]   Moving VIP 10.138.215.250 from edge-node-1:ens3 -> edge-node-2:ens3
[16:30:23] Step 3: Creating archive...
[16:30:23] Step 4: Transferring archive...
[16:30:23]   Setting up direct SSH trust...
Setting up SSH trust: edge-node-1 → ubuntu@10.138.215.137
  Adding public key to destination's authorized_keys...
  Testing SSH connectivity...
  ✓ SSH trust ready
Setting up SSH trust: edge-node-1 → ubuntu@10.138.215.137
  Adding public key to destination's authorized_keys...
  Testing SSH connectivity...
  ✓ SSH trust ready
  Transferring /home/ubuntu/CRIU-tcp-client.tar.gz via SCP...
[16:30:31] Step 5: Unpacking on destination...
[16:30:32] Step 6: Starting lazy-pages daemon on destination...
[16:30:33] Step 7: Restoring client...
[16:30:34] Step 8: Verifying connection continuity...
[16:30:37]   Client output (tail): PP 5 -> 5
[16:30:38]   Server connections so far: 1
[16:30:38] ✓ SUCCESS: Client restored and TCP socket appears established
[16:30:39] Metrics saved to /home/ivo/Evaluation-of-Live-Migration-Strategies-at-the-Edge/Network-live-migration/metrics/migration_metrics.csv
[exit=0]

$ python3 /home/ivo/Evaluation-of-Live-Migration-Strategies-at-the-Edge/Network-live-migration/scripts/setup/reset_nodes.py edge-node-1 edge-node-2 edge-host-1 10.138.215.250
[16:30:39] Resetting nodes: edge-node-1 -> edge-node-2 (server: edge-host-1, vip: 10.138.215.250)
[16:30:39] Step 1: Killing any existing processes on source...
[16:30:40]   Killing PID 141728 (from /home/ubuntu/tcp_client.pid)
[16:30:40]   Killing PID 141728 (from /home/ubuntu/client.pid)
[16:30:41]   Killing any remaining background processes...
[16:30:42] Step 2: Cleaning source node...
[16:30:44] Step 3: Cleaning destination node...
[16:30:44]   Killing PID 141728 on destination (from /home/ubuntu/tcp_client.pid)
[16:30:45]   Killing PID 141728 on destination (from /home/ubuntu/client.pid)
[16:30:46]   Killing all remaining TCP processes on destination...
[16:30:49] Step 4: Cleaning server node (edge-host-1)...
[16:30:49]   Killing PID 1148761 on server (from /home/ubuntu/tcp_server.pid)
[16:30:52] ✓ Reset complete, nodes are clean
[16:30:52]   Next: Start your application
[exit=0]

$ bash /home/ivo/Evaluation-of-Live-Migration-Strategies-at-the-Edge/Network-live-migration/scripts/workloads/start_tcp_server.sh edge-host-1 5000
[tcp-server] Ensuring tcp-howto binary on edge-host-1...
[tcp-server] Reusing existing /tmp/tcp-howto on edge-host-1
[tcp-server] Starting on edge-host-1 (port 5000)...
[tcp-server] Waiting for listen...
✓ TCP server listening on edge-host-1:5000
[tcp-server] Logs: multipass exec edge-host-1 -- tail -f /home/ubuntu/tcp_server.out
[exit=0]

$ bash /home/ivo/Evaluation-of-Live-Migration-Strategies-at-the-Edge/Network-live-migration/scripts/workloads/start_tcp_client.sh edge-node-1 edge-host-1 5000
[tcp-client] Server endpoint: 10.138.215.36:5000
[tcp-client] Client VIP: 10.138.215.250
[tcp-client] Ensuring tcp-howto binary on edge-node-1...
[tcp-client] Reusing existing /tmp/tcp-howto on edge-node-1
[tcp-client] Ensuring VIP 10.138.215.250 is present on edge-node-1...
ARPING 10.138.215.250 from 10.138.215.250 ens3
Sent 3 probes (3 broadcast(s))
Received 0 response(s)
[tcp-client] Starting on edge-node-1...
[tcp-client] Waiting for established TCP connection...
✓ TCP client connected (PID: 143944)
[tcp-client] Logs: multipass exec edge-node-1 -- tail -f /home/ubuntu/tcp_client.out
[exit=0]

$ python3 /home/ivo/Evaluation-of-Live-Migration-Strategies-at-the-Edge/Network-live-migration/scripts/orchestrators/tcp_client_benchmark.py postcopy --source edge-node-1 --dest edge-node-2 --server edge-host-1 --transfer-mode direct --run-id 11-05-2026-direct-postcopy-0017 --csv /home/ivo/Evaluation-of-Live-Migration-Strategies-at-the-Edge/Network-live-migration/metrics/migration_metrics.csv --profile-name 3_LTE --page-server-port 9999
[16:31:00] === TCP CLIENT MIGRATION ===
[16:31:00] Run ID: 11-05-2026-direct-postcopy-0017
[16:31:00] Source: edge-node-1, Dest: edge-node-2
[16:31:00] Server: edge-host-1
[16:31:00] Transfer mode: direct

[16:31:00] === TCP CLIENT POST-COPY (LAZY-PAGES) MIGRATION ===
[16:31:00] Step 1: Checking source client process...
[16:31:00]   Using PID from /home/ubuntu/tcp_client.pid: 143944
[16:31:01]   Server connections so far: 1
[16:31:02]   Page-server endpoint: 10.138.215.218:9999
[16:31:02] Step 2: Final dump (freezing client) with --lazy-pages...
[16:31:03]   Dump PID: 144478
[16:31:03]   Final dump time (freeze duration): 694 ms
[16:31:03] Step 2.5: Moving VIP to destination...
[16:31:03]   Moving VIP 10.138.215.250 from edge-node-1:ens3 -> edge-node-2:ens3
[16:31:08] Step 3: Creating archive...
[16:31:09] Step 4: Transferring archive...
[16:31:09]   Setting up direct SSH trust...
Setting up SSH trust: edge-node-1 → ubuntu@10.138.215.137
  Adding public key to destination's authorized_keys...
  Testing SSH connectivity...
  ✓ SSH trust ready
Setting up SSH trust: edge-node-1 → ubuntu@10.138.215.137
  Adding public key to destination's authorized_keys...
  Testing SSH connectivity...
  ✓ SSH trust ready
  Transferring /home/ubuntu/CRIU-tcp-client.tar.gz via SCP...
[16:31:17] Step 5: Unpacking on destination...
[16:31:18] Step 6: Starting lazy-pages daemon on destination...
[16:31:18] Step 7: Restoring client...
[16:31:19] Step 8: Verifying connection continuity...
[16:31:22]   Client output (tail): PP 5 -> 5
[16:31:23]   Server connections so far: 1
[16:31:23] ✓ SUCCESS: Client restored and TCP socket appears established
[16:31:24] Metrics saved to /home/ivo/Evaluation-of-Live-Migration-Strategies-at-the-Edge/Network-live-migration/metrics/migration_metrics.csv
[exit=0]

$ python3 /home/ivo/Evaluation-of-Live-Migration-Strategies-at-the-Edge/Network-live-migration/scripts/setup/reset_nodes.py edge-node-1 edge-node-2 edge-host-1 10.138.215.250
[16:31:24] Resetting nodes: edge-node-1 -> edge-node-2 (server: edge-host-1, vip: 10.138.215.250)
[16:31:24] Step 1: Killing any existing processes on source...
[16:31:25]   Killing PID 143944 (from /home/ubuntu/tcp_client.pid)
[16:31:25]   Killing PID 143944 (from /home/ubuntu/client.pid)
[16:31:26]   Killing any remaining background processes...
[16:31:27] Step 2: Cleaning source node...
[16:31:29] Step 3: Cleaning destination node...
[16:31:29]   Killing PID 143944 on destination (from /home/ubuntu/tcp_client.pid)
[16:31:30]   Killing PID 143944 on destination (from /home/ubuntu/client.pid)
[16:31:30]   Killing all remaining TCP processes on destination...
[16:31:33] Step 4: Cleaning server node (edge-host-1)...
[16:31:34]   Killing PID 1149808 on server (from /home/ubuntu/tcp_server.pid)
[16:31:36] ✓ Reset complete, nodes are clean
[16:31:36]   Next: Start your application
[exit=0]

$ bash /home/ivo/Evaluation-of-Live-Migration-Strategies-at-the-Edge/Network-live-migration/scripts/workloads/start_tcp_server.sh edge-host-1 5000
[tcp-server] Ensuring tcp-howto binary on edge-host-1...
[tcp-server] Reusing existing /tmp/tcp-howto on edge-host-1
[tcp-server] Starting on edge-host-1 (port 5000)...
[tcp-server] Waiting for listen...
✓ TCP server listening on edge-host-1:5000
[tcp-server] Logs: multipass exec edge-host-1 -- tail -f /home/ubuntu/tcp_server.out
[exit=0]

$ bash /home/ivo/Evaluation-of-Live-Migration-Strategies-at-the-Edge/Network-live-migration/scripts/workloads/start_tcp_client.sh edge-node-1 edge-host-1 5000
[tcp-client] Server endpoint: 10.138.215.36:5000
[tcp-client] Client VIP: 10.138.215.250
[tcp-client] Ensuring tcp-howto binary on edge-node-1...
[tcp-client] Reusing existing /tmp/tcp-howto on edge-node-1
[tcp-client] Ensuring VIP 10.138.215.250 is present on edge-node-1...
ARPING 10.138.215.250 from 10.138.215.250 ens3
Sent 3 probes (3 broadcast(s))
Received 0 response(s)
[tcp-client] Starting on edge-node-1...
[tcp-client] Waiting for established TCP connection...
✓ TCP client connected (PID: 146143)
[tcp-client] Logs: multipass exec edge-node-1 -- tail -f /home/ubuntu/tcp_client.out
[exit=0]

$ python3 /home/ivo/Evaluation-of-Live-Migration-Strategies-at-the-Edge/Network-live-migration/scripts/orchestrators/tcp_client_benchmark.py postcopy --source edge-node-1 --dest edge-node-2 --server edge-host-1 --transfer-mode direct --run-id 11-05-2026-direct-postcopy-0018 --csv /home/ivo/Evaluation-of-Live-Migration-Strategies-at-the-Edge/Network-live-migration/metrics/migration_metrics.csv --profile-name 3_LTE --page-server-port 9999
[16:31:45] === TCP CLIENT MIGRATION ===
[16:31:45] Run ID: 11-05-2026-direct-postcopy-0018
[16:31:45] Source: edge-node-1, Dest: edge-node-2
[16:31:45] Server: edge-host-1
[16:31:45] Transfer mode: direct

[16:31:45] === TCP CLIENT POST-COPY (LAZY-PAGES) MIGRATION ===
[16:31:45] Step 1: Checking source client process...
[16:31:45]   Using PID from /home/ubuntu/tcp_client.pid: 146143
[16:31:46]   Server connections so far: 1
[16:31:47]   Page-server endpoint: 10.138.215.218:9999
[16:31:47] Step 2: Final dump (freezing client) with --lazy-pages...
[16:31:48]   Dump PID: 146694
[16:31:48]   Final dump time (freeze duration): 843 ms
[16:31:48] Step 2.5: Moving VIP to destination...
[16:31:49]   Moving VIP 10.138.215.250 from edge-node-1:ens3 -> edge-node-2:ens3
[16:31:54] Step 3: Creating archive...
[16:31:54] Step 4: Transferring archive...
[16:31:54]   Setting up direct SSH trust...
Setting up SSH trust: edge-node-1 → ubuntu@10.138.215.137
  Adding public key to destination's authorized_keys...
  Testing SSH connectivity...
  ✓ SSH trust ready
Setting up SSH trust: edge-node-1 → ubuntu@10.138.215.137
  Adding public key to destination's authorized_keys...
  Testing SSH connectivity...
  ✓ SSH trust ready
  Transferring /home/ubuntu/CRIU-tcp-client.tar.gz via SCP...
[16:32:02] Step 5: Unpacking on destination...
[16:32:03] Step 6: Starting lazy-pages daemon on destination...
[16:32:04] Step 7: Restoring client...
[16:32:05] Step 8: Verifying connection continuity...
[16:32:08]   Client output (tail): PP 5 -> 5
[16:32:09]   Server connections so far: 1
[16:32:09] ✓ SUCCESS: Client restored and TCP socket appears established
[16:32:10] Metrics saved to /home/ivo/Evaluation-of-Live-Migration-Strategies-at-the-Edge/Network-live-migration/metrics/migration_metrics.csv
[exit=0]

$ python3 /home/ivo/Evaluation-of-Live-Migration-Strategies-at-the-Edge/Network-live-migration/scripts/setup/reset_nodes.py edge-node-1 edge-node-2 edge-host-1 10.138.215.250
[16:32:10] Resetting nodes: edge-node-1 -> edge-node-2 (server: edge-host-1, vip: 10.138.215.250)
[16:32:10] Step 1: Killing any existing processes on source...
[16:32:10]   Killing PID 146143 (from /home/ubuntu/tcp_client.pid)
[16:32:11]   Killing PID 146143 (from /home/ubuntu/client.pid)
[16:32:12]   Killing any remaining background processes...
[16:32:13] Step 2: Cleaning source node...
[16:32:15] Step 3: Cleaning destination node...
[16:32:15]   Killing PID 146143 on destination (from /home/ubuntu/tcp_client.pid)
[16:32:16]   Killing PID 146143 on destination (from /home/ubuntu/client.pid)
[16:32:16]   Killing all remaining TCP processes on destination...
[16:32:19] Step 4: Cleaning server node (edge-host-1)...
[16:32:20]   Killing PID 1150839 on server (from /home/ubuntu/tcp_server.pid)
[16:32:22] ✓ Reset complete, nodes are clean
[16:32:22]   Next: Start your application
[exit=0]

$ bash /home/ivo/Evaluation-of-Live-Migration-Strategies-at-the-Edge/Network-live-migration/scripts/workloads/start_tcp_server.sh edge-host-1 5000
[tcp-server] Ensuring tcp-howto binary on edge-host-1...
[tcp-server] Reusing existing /tmp/tcp-howto on edge-host-1
[tcp-server] Starting on edge-host-1 (port 5000)...
[tcp-server] Waiting for listen...
✓ TCP server listening on edge-host-1:5000
[tcp-server] Logs: multipass exec edge-host-1 -- tail -f /home/ubuntu/tcp_server.out
[exit=0]

$ bash /home/ivo/Evaluation-of-Live-Migration-Strategies-at-the-Edge/Network-live-migration/scripts/workloads/start_tcp_client.sh edge-node-1 edge-host-1 5000
[tcp-client] Server endpoint: 10.138.215.36:5000
[tcp-client] Client VIP: 10.138.215.250
[tcp-client] Ensuring tcp-howto binary on edge-node-1...
[tcp-client] Reusing existing /tmp/tcp-howto on edge-node-1
[tcp-client] Ensuring VIP 10.138.215.250 is present on edge-node-1...
ARPING 10.138.215.250 from 10.138.215.250 ens3
Sent 3 probes (3 broadcast(s))
Received 0 response(s)
[tcp-client] Starting on edge-node-1...
[tcp-client] Waiting for established TCP connection...
✓ TCP client connected (PID: 148358)
[tcp-client] Logs: multipass exec edge-node-1 -- tail -f /home/ubuntu/tcp_client.out
[exit=0]

$ python3 /home/ivo/Evaluation-of-Live-Migration-Strategies-at-the-Edge/Network-live-migration/scripts/orchestrators/tcp_client_benchmark.py postcopy --source edge-node-1 --dest edge-node-2 --server edge-host-1 --transfer-mode direct --run-id 11-05-2026-direct-postcopy-0019 --csv /home/ivo/Evaluation-of-Live-Migration-Strategies-at-the-Edge/Network-live-migration/metrics/migration_metrics.csv --profile-name 3_LTE --page-server-port 9999
[16:32:30] === TCP CLIENT MIGRATION ===
[16:32:30] Run ID: 11-05-2026-direct-postcopy-0019
[16:32:30] Source: edge-node-1, Dest: edge-node-2
[16:32:30] Server: edge-host-1
[16:32:30] Transfer mode: direct

[16:32:30] === TCP CLIENT POST-COPY (LAZY-PAGES) MIGRATION ===
[16:32:30] Step 1: Checking source client process...
[16:32:31]   Using PID from /home/ubuntu/tcp_client.pid: 148358
[16:32:32]   Server connections so far: 1
[16:32:32]   Page-server endpoint: 10.138.215.218:9999
[16:32:32] Step 2: Final dump (freezing client) with --lazy-pages...
[16:32:33]   Dump PID: 148892
[16:32:33]   Final dump time (freeze duration): 771 ms
[16:32:33] Step 2.5: Moving VIP to destination...
[16:32:34]   Moving VIP 10.138.215.250 from edge-node-1:ens3 -> edge-node-2:ens3
[16:32:39] Step 3: Creating archive...
[16:32:39] Step 4: Transferring archive...
[16:32:39]   Setting up direct SSH trust...
Setting up SSH trust: edge-node-1 → ubuntu@10.138.215.137
  Adding public key to destination's authorized_keys...
  Testing SSH connectivity...
  ✓ SSH trust ready
Setting up SSH trust: edge-node-1 → ubuntu@10.138.215.137
  Adding public key to destination's authorized_keys...
  Testing SSH connectivity...
  ✓ SSH trust ready
  Transferring /home/ubuntu/CRIU-tcp-client.tar.gz via SCP...
[16:32:48] Step 5: Unpacking on destination...
[16:32:48] Step 6: Starting lazy-pages daemon on destination...
[16:32:49] Step 7: Restoring client...
[16:32:50] Step 8: Verifying connection continuity...
[16:32:54]   Client output (tail): PP 5 -> 5
[16:32:54]   Server connections so far: 1
[16:32:54] ✓ SUCCESS: Client restored and TCP socket appears established
[16:32:55] Metrics saved to /home/ivo/Evaluation-of-Live-Migration-Strategies-at-the-Edge/Network-live-migration/metrics/migration_metrics.csv
[exit=0]
