
$ python3 /home/ivo/Evaluation-of-Live-Migration-Strategies-at-the-Edge/Network-live-migration/scripts/setup/reset_nodes.py edge-node-1 edge-node-2 edge-host-1 10.138.215.250
[03:21:54] Resetting nodes: edge-node-1 -> edge-node-2 (server: edge-host-1, vip: 10.138.215.250)
[03:21:54] Step 1: Killing any existing processes on source...
[03:21:54]   Killing PID 148060 (from /home/ubuntu/tcp_client.pid)
[03:21:55]   Killing PID 148060 (from /home/ubuntu/client.pid)
[03:21:55]   Killing any remaining background processes...
[03:21:57] Step 2: Cleaning source node...
[03:21:58] Step 3: Cleaning destination node...
[03:21:59]   Killing PID 148060 on destination (from /home/ubuntu/tcp_client.pid)
[03:22:00]   Killing PID 148060 on destination (from /home/ubuntu/client.pid)
[03:22:00]   Killing all remaining TCP processes on destination...
[03:22:03] Step 4: Cleaning server node (edge-host-1)...
[03:22:04]   Killing PID 1751526 on server (from /home/ubuntu/tcp_server.pid)
[03:22:06] ✓ Reset complete, nodes are clean
[03:22:06]   Next: Start your application
[exit=0]

$ bash /home/ivo/Evaluation-of-Live-Migration-Strategies-at-the-Edge/Network-live-migration/scripts/workloads/start_tcp_server.sh edge-host-1 5000
[tcp-server] Ensuring tcp-howto binary on edge-host-1...
[tcp-server] Reusing existing /tmp/tcp-howto on edge-host-1
[tcp-server] Starting on edge-host-1 (port 5000)...
[tcp-server] Waiting for listen...
✓ TCP server listening on edge-host-1:5000
[tcp-server] Logs: multipass exec edge-host-1 -- tail -f /home/ubuntu/tcp_server.out
[exit=0]

$ bash /home/ivo/Evaluation-of-Live-Migration-Strategies-at-the-Edge/Network-live-migration/scripts/workloads/start_tcp_client.sh edge-node-1 edge-host-1 5000
[tcp-client] Server endpoint: 10.138.215.36:5000
[tcp-client] Client VIP: 10.138.215.250
[tcp-client] Ensuring tcp-howto binary on edge-node-1...
[tcp-client] Transferring tcp-howto.c to edge-node-1...
[tcp-client] Compiling on edge-node-1...
[tcp-client] Ensuring VIP 10.138.215.250 is present on edge-node-1...
ARPING 10.138.215.250 from 10.138.215.250 ens3
Sent 3 probes (3 broadcast(s))
Received 0 response(s)
[tcp-client] Starting on edge-node-1...
[tcp-client] Waiting for established TCP connection...
✓ TCP client connected (PID: 2946)
[tcp-client] Logs: multipass exec edge-node-1 -- tail -f /home/ubuntu/tcp_client.out
[exit=0]

$ python3 /home/ivo/Evaluation-of-Live-Migration-Strategies-at-the-Edge/Network-live-migration/scripts/orchestrators/tcp_client_benchmark.py cold --source edge-node-1 --dest edge-node-2 --server edge-host-1 --transfer-mode host --run-id 12-05-2026-host-cold-0010 --csv /home/ivo/Evaluation-of-Live-Migration-Strategies-at-the-Edge/Network-live-migration/metrics/migration_metrics.csv --profile-name 4_Starlink --relay-node edge-host-1
[03:22:16] === TCP CLIENT MIGRATION ===
[03:22:16] Run ID: 12-05-2026-host-cold-0010
[03:22:16] Source: edge-node-1, Dest: edge-node-2
[03:22:16] Server: edge-host-1
[03:22:16] Transfer mode: host
[03:22:16] Relay node: edge-host-1

[03:22:16] === TCP CLIENT COLD MIGRATION ===
[03:22:16] Step 1: Checking source client process...
[03:22:16]   Using PID from /home/ubuntu/tcp_client.pid: 2946
[03:22:17]   Server connections so far: 1
[03:22:18] Step 2: Dumping client with CRIU (--tcp-established)...
[03:22:18] Step 2.5: Moving VIP to destination...
[03:22:19]   Moving VIP 10.138.215.250 from edge-node-1:ens3 -> edge-node-2:ens3
[03:22:23] Step 3: Creating archive...
[03:22:24] Step 4: Transferring archive...
  Transferring /home/ubuntu/CRIU-tcp-client.tar.gz via relay node edge-host-1...
Setting up SSH trust: edge-node-1 → ubuntu@10.138.215.36
  Adding public key to destination's authorized_keys...
  Testing SSH connectivity...
  ✓ SSH trust ready
Setting up SSH trust: edge-host-1 → ubuntu@10.138.215.137
  Adding public key to destination's authorized_keys...
  Testing SSH connectivity...
  ✓ SSH trust ready
[03:22:36] Step 5: Unpacking on destination...
[03:22:37] Step 6: Preparing restore environment...
[03:22:37]   /tmp/tcp-howto missing on destination, copying from source...
[03:22:38] Step 7: Restoring client with CRIU (--tcp-established)...
[03:22:38]   Restored PID: 2946
[03:22:38] Step 8: Verifying connection continuity...
[03:22:42]   Client output (tail): PP 5 -> 5
[03:22:42]   Server connections so far: 1
[03:22:42] ✓ SUCCESS: Client restored and TCP socket appears established
[03:22:42] Total downtime: 12837 ms
[03:22:42] Metrics saved to /home/ivo/Evaluation-of-Live-Migration-Strategies-at-the-Edge/Network-live-migration/metrics/migration_metrics.csv
[exit=0]

$ python3 /home/ivo/Evaluation-of-Live-Migration-Strategies-at-the-Edge/Network-live-migration/scripts/setup/reset_nodes.py edge-node-1 edge-node-2 edge-host-1 10.138.215.250
[03:22:43] Resetting nodes: edge-node-1 -> edge-node-2 (server: edge-host-1, vip: 10.138.215.250)
[03:22:43] Step 1: Killing any existing processes on source...
[03:22:43]   Killing PID 2946 (from /home/ubuntu/tcp_client.pid)
[03:22:44]   Killing PID 2946 (from /home/ubuntu/client.pid)
[03:22:44]   Killing any remaining background processes...
[03:22:46] Step 2: Cleaning source node...
[03:22:47] Step 3: Cleaning destination node...
[03:22:47]   Killing PID 2946 on destination (from /home/ubuntu/tcp_client.pid)
[03:22:48]   Killing PID 2946 on destination (from /home/ubuntu/client.pid)
[03:22:49]   Killing all remaining TCP processes on destination...
[03:22:52] Step 4: Cleaning server node (edge-host-1)...
[03:22:52]   Killing PID 1753416 on server (from /home/ubuntu/tcp_server.pid)
[03:22:54] ✓ Reset complete, nodes are clean
[03:22:54]   Next: Start your application
[exit=0]

$ bash /home/ivo/Evaluation-of-Live-Migration-Strategies-at-the-Edge/Network-live-migration/scripts/workloads/start_tcp_server.sh edge-host-1 5000
[tcp-server] Ensuring tcp-howto binary on edge-host-1...
[tcp-server] Reusing existing /tmp/tcp-howto on edge-host-1
[tcp-server] Starting on edge-host-1 (port 5000)...
[tcp-server] Waiting for listen...
✓ TCP server listening on edge-host-1:5000
[tcp-server] Logs: multipass exec edge-host-1 -- tail -f /home/ubuntu/tcp_server.out
[exit=0]

$ bash /home/ivo/Evaluation-of-Live-Migration-Strategies-at-the-Edge/Network-live-migration/scripts/workloads/start_tcp_client.sh edge-node-1 edge-host-1 5000
[tcp-client] Server endpoint: 10.138.215.36:5000
[tcp-client] Client VIP: 10.138.215.250
[tcp-client] Ensuring tcp-howto binary on edge-node-1...
[tcp-client] Reusing existing /tmp/tcp-howto on edge-node-1
[tcp-client] Ensuring VIP 10.138.215.250 is present on edge-node-1...
ARPING 10.138.215.250 from 10.138.215.250 ens3
Sent 3 probes (3 broadcast(s))
Received 0 response(s)
[tcp-client] Starting on edge-node-1...
[tcp-client] Waiting for established TCP connection...
✓ TCP client connected (PID: 4924)
[tcp-client] Logs: multipass exec edge-node-1 -- tail -f /home/ubuntu/tcp_client.out
[exit=0]

$ python3 /home/ivo/Evaluation-of-Live-Migration-Strategies-at-the-Edge/Network-live-migration/scripts/orchestrators/tcp_client_benchmark.py cold --source edge-node-1 --dest edge-node-2 --server edge-host-1 --transfer-mode host --run-id 12-05-2026-host-cold-0011 --csv /home/ivo/Evaluation-of-Live-Migration-Strategies-at-the-Edge/Network-live-migration/metrics/migration_metrics.csv --profile-name 4_Starlink --relay-node edge-host-1
[03:23:03] === TCP CLIENT MIGRATION ===
[03:23:03] Run ID: 12-05-2026-host-cold-0011
[03:23:03] Source: edge-node-1, Dest: edge-node-2
[03:23:03] Server: edge-host-1
[03:23:03] Transfer mode: host
[03:23:03] Relay node: edge-host-1

[03:23:03] === TCP CLIENT COLD MIGRATION ===
[03:23:03] Step 1: Checking source client process...
[03:23:04]   Using PID from /home/ubuntu/tcp_client.pid: 4924
[03:23:05]   Server connections so far: 1
[03:23:05] Step 2: Dumping client with CRIU (--tcp-established)...
[03:23:06] Step 2.5: Moving VIP to destination...
[03:23:06]   Moving VIP 10.138.215.250 from edge-node-1:ens3 -> edge-node-2:ens3
[03:23:11] Step 3: Creating archive...
[03:23:12] Step 4: Transferring archive...
  Transferring /home/ubuntu/CRIU-tcp-client.tar.gz via relay node edge-host-1...
Setting up SSH trust: edge-node-1 → ubuntu@10.138.215.36
  Adding public key to destination's authorized_keys...
  Testing SSH connectivity...
  ✓ SSH trust ready
Setting up SSH trust: edge-host-1 → ubuntu@10.138.215.137
  Adding public key to destination's authorized_keys...
  Testing SSH connectivity...
  ✓ SSH trust ready
[03:23:24] Step 5: Unpacking on destination...
[03:23:24] Step 6: Preparing restore environment...
[03:23:25] Step 7: Restoring client with CRIU (--tcp-established)...
[03:23:26]   Restored PID: 4924
[03:23:26] Step 8: Verifying connection continuity...
[03:23:29]   Client output (tail): PP 5 -> 5
[03:23:29]   Server connections so far: 1
[03:23:29] ✓ SUCCESS: Client restored and TCP socket appears established
[03:23:29] Total downtime: 12661 ms
[03:23:29] Metrics saved to /home/ivo/Evaluation-of-Live-Migration-Strategies-at-the-Edge/Network-live-migration/metrics/migration_metrics.csv
[exit=0]

$ python3 /home/ivo/Evaluation-of-Live-Migration-Strategies-at-the-Edge/Network-live-migration/scripts/setup/reset_nodes.py edge-node-1 edge-node-2 edge-host-1 10.138.215.250
[03:23:30] Resetting nodes: edge-node-1 -> edge-node-2 (server: edge-host-1, vip: 10.138.215.250)
[03:23:30] Step 1: Killing any existing processes on source...
[03:23:30]   Killing PID 4924 (from /home/ubuntu/tcp_client.pid)
[03:23:31]   Killing PID 4924 (from /home/ubuntu/client.pid)
[03:23:31]   Killing any remaining background processes...
[03:23:33] Step 2: Cleaning source node...
[03:23:35] Step 3: Cleaning destination node...
[03:23:35]   Killing PID 4924 on destination (from /home/ubuntu/tcp_client.pid)
[03:23:36]   Killing PID 4924 on destination (from /home/ubuntu/client.pid)
[03:23:36]   Killing all remaining TCP processes on destination...
[03:23:39] Step 4: Cleaning server node (edge-host-1)...
[03:23:39]   Killing PID 1754967 on server (from /home/ubuntu/tcp_server.pid)
[03:23:42] ✓ Reset complete, nodes are clean
[03:23:42]   Next: Start your application
[exit=0]

$ bash /home/ivo/Evaluation-of-Live-Migration-Strategies-at-the-Edge/Network-live-migration/scripts/workloads/start_tcp_server.sh edge-host-1 5000
[tcp-server] Ensuring tcp-howto binary on edge-host-1...
[tcp-server] Reusing existing /tmp/tcp-howto on edge-host-1
[tcp-server] Starting on edge-host-1 (port 5000)...
[tcp-server] Waiting for listen...
✓ TCP server listening on edge-host-1:5000
[tcp-server] Logs: multipass exec edge-host-1 -- tail -f /home/ubuntu/tcp_server.out
[exit=0]

$ bash /home/ivo/Evaluation-of-Live-Migration-Strategies-at-the-Edge/Network-live-migration/scripts/workloads/start_tcp_client.sh edge-node-1 edge-host-1 5000
[tcp-client] Server endpoint: 10.138.215.36:5000
[tcp-client] Client VIP: 10.138.215.250
[tcp-client] Ensuring tcp-howto binary on edge-node-1...
[tcp-client] Reusing existing /tmp/tcp-howto on edge-node-1
[tcp-client] Ensuring VIP 10.138.215.250 is present on edge-node-1...
ARPING 10.138.215.250 from 10.138.215.250 ens3
Sent 3 probes (3 broadcast(s))
Received 0 response(s)
[tcp-client] Starting on edge-node-1...
[tcp-client] Waiting for established TCP connection...
✓ TCP client connected (PID: 6823)
[tcp-client] Logs: multipass exec edge-node-1 -- tail -f /home/ubuntu/tcp_client.out
[exit=0]

$ python3 /home/ivo/Evaluation-of-Live-Migration-Strategies-at-the-Edge/Network-live-migration/scripts/orchestrators/tcp_client_benchmark.py cold --source edge-node-1 --dest edge-node-2 --server edge-host-1 --transfer-mode host --run-id 12-05-2026-host-cold-0012 --csv /home/ivo/Evaluation-of-Live-Migration-Strategies-at-the-Edge/Network-live-migration/metrics/migration_metrics.csv --profile-name 4_Starlink --relay-node edge-host-1
[03:23:50] === TCP CLIENT MIGRATION ===
[03:23:50] Run ID: 12-05-2026-host-cold-0012
[03:23:50] Source: edge-node-1, Dest: edge-node-2
[03:23:50] Server: edge-host-1
[03:23:50] Transfer mode: host
[03:23:50] Relay node: edge-host-1

[03:23:50] === TCP CLIENT COLD MIGRATION ===
[03:23:50] Step 1: Checking source client process...
[03:23:50]   Using PID from /home/ubuntu/tcp_client.pid: 6823
[03:23:51]   Server connections so far: 1
[03:23:52] Step 2: Dumping client with CRIU (--tcp-established)...
[03:23:52] Step 2.5: Moving VIP to destination...
[03:23:53]   Moving VIP 10.138.215.250 from edge-node-1:ens3 -> edge-node-2:ens3
[03:23:57] Step 3: Creating archive...
[03:23:58] Step 4: Transferring archive...
  Transferring /home/ubuntu/CRIU-tcp-client.tar.gz via relay node edge-host-1...
Setting up SSH trust: edge-node-1 → ubuntu@10.138.215.36
  Adding public key to destination's authorized_keys...
  Testing SSH connectivity...
  ✓ SSH trust ready
Setting up SSH trust: edge-host-1 → ubuntu@10.138.215.137
  Adding public key to destination's authorized_keys...
  Testing SSH connectivity...
  ✓ SSH trust ready
[03:24:12] Step 5: Unpacking on destination...
[03:24:12] Step 6: Preparing restore environment...
[03:24:13] Step 7: Restoring client with CRIU (--tcp-established)...
[03:24:13]   Restored PID: 6823
[03:24:13] Step 8: Verifying connection continuity...
[03:24:17]   Client output (tail): PP 5 -> 5
[03:24:17]   Server connections so far: 1
[03:24:17] ✓ SUCCESS: Client restored and TCP socket appears established
[03:24:17] Total downtime: 14135 ms
[03:24:17] Metrics saved to /home/ivo/Evaluation-of-Live-Migration-Strategies-at-the-Edge/Network-live-migration/metrics/migration_metrics.csv
[exit=0]

$ python3 /home/ivo/Evaluation-of-Live-Migration-Strategies-at-the-Edge/Network-live-migration/scripts/setup/reset_nodes.py edge-node-1 edge-node-2 edge-host-1 10.138.215.250
[03:24:18] Resetting nodes: edge-node-1 -> edge-node-2 (server: edge-host-1, vip: 10.138.215.250)
[03:24:18] Step 1: Killing any existing processes on source...
[03:24:18]   Killing PID 6823 (from /home/ubuntu/tcp_client.pid)
[03:24:19]   Killing PID 6823 (from /home/ubuntu/client.pid)
[03:24:19]   Killing any remaining background processes...
[03:24:21] Step 2: Cleaning source node...
[03:24:22] Step 3: Cleaning destination node...
[03:24:23]   Killing PID 6823 on destination (from /home/ubuntu/tcp_client.pid)
[03:24:23]   Killing PID 6823 on destination (from /home/ubuntu/client.pid)
[03:24:24]   Killing all remaining TCP processes on destination...
[03:24:27] Step 4: Cleaning server node (edge-host-1)...
[03:24:27]   Killing PID 1756539 on server (from /home/ubuntu/tcp_server.pid)
[03:24:29] ✓ Reset complete, nodes are clean
[03:24:29]   Next: Start your application
[exit=0]

$ bash /home/ivo/Evaluation-of-Live-Migration-Strategies-at-the-Edge/Network-live-migration/scripts/workloads/start_tcp_server.sh edge-host-1 5000
[tcp-server] Ensuring tcp-howto binary on edge-host-1...
[tcp-server] Reusing existing /tmp/tcp-howto on edge-host-1
[tcp-server] Starting on edge-host-1 (port 5000)...
[tcp-server] Waiting for listen...
✓ TCP server listening on edge-host-1:5000
[tcp-server] Logs: multipass exec edge-host-1 -- tail -f /home/ubuntu/tcp_server.out
[exit=0]

$ bash /home/ivo/Evaluation-of-Live-Migration-Strategies-at-the-Edge/Network-live-migration/scripts/workloads/start_tcp_client.sh edge-node-1 edge-host-1 5000
[tcp-client] Server endpoint: 10.138.215.36:5000
[tcp-client] Client VIP: 10.138.215.250
[tcp-client] Ensuring tcp-howto binary on edge-node-1...
[tcp-client] Reusing existing /tmp/tcp-howto on edge-node-1
[tcp-client] Ensuring VIP 10.138.215.250 is present on edge-node-1...
ARPING 10.138.215.250 from 10.138.215.250 ens3
Sent 3 probes (3 broadcast(s))
Received 0 response(s)
[tcp-client] Starting on edge-node-1...
[tcp-client] Waiting for established TCP connection...
✓ TCP client connected (PID: 8730)
[tcp-client] Logs: multipass exec edge-node-1 -- tail -f /home/ubuntu/tcp_client.out
[exit=0]

$ python3 /home/ivo/Evaluation-of-Live-Migration-Strategies-at-the-Edge/Network-live-migration/scripts/orchestrators/tcp_client_benchmark.py cold --source edge-node-1 --dest edge-node-2 --server edge-host-1 --transfer-mode host --run-id 12-05-2026-host-cold-0013 --csv /home/ivo/Evaluation-of-Live-Migration-Strategies-at-the-Edge/Network-live-migration/metrics/migration_metrics.csv --profile-name 4_Starlink --relay-node edge-host-1
[03:24:38] === TCP CLIENT MIGRATION ===
[03:24:38] Run ID: 12-05-2026-host-cold-0013
[03:24:38] Source: edge-node-1, Dest: edge-node-2
[03:24:38] Server: edge-host-1
[03:24:38] Transfer mode: host
[03:24:38] Relay node: edge-host-1

[03:24:38] === TCP CLIENT COLD MIGRATION ===
[03:24:38] Step 1: Checking source client process...
[03:24:38]   Using PID from /home/ubuntu/tcp_client.pid: 8730
[03:24:39]   Server connections so far: 1
[03:24:39] Step 2: Dumping client with CRIU (--tcp-established)...
[03:24:40] Step 2.5: Moving VIP to destination...
[03:24:40]   Moving VIP 10.138.215.250 from edge-node-1:ens3 -> edge-node-2:ens3
[03:24:45] Step 3: Creating archive...
[03:24:46] Step 4: Transferring archive...
  Transferring /home/ubuntu/CRIU-tcp-client.tar.gz via relay node edge-host-1...
Setting up SSH trust: edge-node-1 → ubuntu@10.138.215.36
  Adding public key to destination's authorized_keys...
  Testing SSH connectivity...
  ✓ SSH trust ready
Setting up SSH trust: edge-host-1 → ubuntu@10.138.215.137
  Adding public key to destination's authorized_keys...
  Testing SSH connectivity...
  ✓ SSH trust ready
[03:24:58] Step 5: Unpacking on destination...
[03:24:58] Step 6: Preparing restore environment...
[03:24:59] Step 7: Restoring client with CRIU (--tcp-established)...
[03:25:00]   Restored PID: 8730
[03:25:00] Step 8: Verifying connection continuity...
[03:25:03]   Client output (tail): PP 5 -> 5
[03:25:03]   Server connections so far: 1
[03:25:03] ✓ SUCCESS: Client restored and TCP socket appears established
[03:25:03] Total downtime: 13030 ms
[03:25:03] Metrics saved to /home/ivo/Evaluation-of-Live-Migration-Strategies-at-the-Edge/Network-live-migration/metrics/migration_metrics.csv
[exit=0]

$ python3 /home/ivo/Evaluation-of-Live-Migration-Strategies-at-the-Edge/Network-live-migration/scripts/setup/reset_nodes.py edge-node-1 edge-node-2 edge-host-1 10.138.215.250
[03:25:04] Resetting nodes: edge-node-1 -> edge-node-2 (server: edge-host-1, vip: 10.138.215.250)
[03:25:04] Step 1: Killing any existing processes on source...
[03:25:04]   Killing PID 8730 (from /home/ubuntu/tcp_client.pid)
[03:25:05]   Killing PID 8730 (from /home/ubuntu/client.pid)
[03:25:06]   Killing any remaining background processes...
[03:25:07] Step 2: Cleaning source node...
[03:25:09] Step 3: Cleaning destination node...
[03:25:09]   Killing PID 8730 on destination (from /home/ubuntu/tcp_client.pid)
[03:25:10]   Killing PID 8730 on destination (from /home/ubuntu/client.pid)
[03:25:10]   Killing all remaining TCP processes on destination...
[03:25:14] Step 4: Cleaning server node (edge-host-1)...
[03:25:14]   Killing PID 1758107 on server (from /home/ubuntu/tcp_server.pid)
[03:25:16] ✓ Reset complete, nodes are clean
[03:25:16]   Next: Start your application
[exit=0]

$ bash /home/ivo/Evaluation-of-Live-Migration-Strategies-at-the-Edge/Network-live-migration/scripts/workloads/start_tcp_server.sh edge-host-1 5000
[tcp-server] Ensuring tcp-howto binary on edge-host-1...
[tcp-server] Reusing existing /tmp/tcp-howto on edge-host-1
[tcp-server] Starting on edge-host-1 (port 5000)...
[tcp-server] Waiting for listen...
✓ TCP server listening on edge-host-1:5000
[tcp-server] Logs: multipass exec edge-host-1 -- tail -f /home/ubuntu/tcp_server.out
[exit=0]

$ bash /home/ivo/Evaluation-of-Live-Migration-Strategies-at-the-Edge/Network-live-migration/scripts/workloads/start_tcp_client.sh edge-node-1 edge-host-1 5000
[tcp-client] Server endpoint: 10.138.215.36:5000
[tcp-client] Client VIP: 10.138.215.250
[tcp-client] Ensuring tcp-howto binary on edge-node-1...
[tcp-client] Reusing existing /tmp/tcp-howto on edge-node-1
[tcp-client] Ensuring VIP 10.138.215.250 is present on edge-node-1...
ARPING 10.138.215.250 from 10.138.215.250 ens3
Sent 3 probes (3 broadcast(s))
Received 0 response(s)
[tcp-client] Starting on edge-node-1...
[tcp-client] Waiting for established TCP connection...
✓ TCP client connected (PID: 10634)
[tcp-client] Logs: multipass exec edge-node-1 -- tail -f /home/ubuntu/tcp_client.out
[exit=0]

$ python3 /home/ivo/Evaluation-of-Live-Migration-Strategies-at-the-Edge/Network-live-migration/scripts/orchestrators/tcp_client_benchmark.py cold --source edge-node-1 --dest edge-node-2 --server edge-host-1 --transfer-mode host --run-id 12-05-2026-host-cold-0014 --csv /home/ivo/Evaluation-of-Live-Migration-Strategies-at-the-Edge/Network-live-migration/metrics/migration_metrics.csv --profile-name 4_Starlink --relay-node edge-host-1
[03:25:25] === TCP CLIENT MIGRATION ===
[03:25:25] Run ID: 12-05-2026-host-cold-0014
[03:25:25] Source: edge-node-1, Dest: edge-node-2
[03:25:25] Server: edge-host-1
[03:25:25] Transfer mode: host
[03:25:25] Relay node: edge-host-1

[03:25:25] === TCP CLIENT COLD MIGRATION ===
[03:25:25] Step 1: Checking source client process...
[03:25:25]   Using PID from /home/ubuntu/tcp_client.pid: 10634
[03:25:26]   Server connections so far: 1
[03:25:27] Step 2: Dumping client with CRIU (--tcp-established)...
[03:25:27] Step 2.5: Moving VIP to destination...
[03:25:28]   Moving VIP 10.138.215.250 from edge-node-1:ens3 -> edge-node-2:ens3
[03:25:32] Step 3: Creating archive...
[03:25:33] Step 4: Transferring archive...
  Transferring /home/ubuntu/CRIU-tcp-client.tar.gz via relay node edge-host-1...
Setting up SSH trust: edge-node-1 → ubuntu@10.138.215.36
  Adding public key to destination's authorized_keys...
  Testing SSH connectivity...
  ✓ SSH trust ready
Setting up SSH trust: edge-host-1 → ubuntu@10.138.215.137
  Adding public key to destination's authorized_keys...
  Testing SSH connectivity...
  ✓ SSH trust ready
[03:25:46] Step 5: Unpacking on destination...
[03:25:46] Step 6: Preparing restore environment...
[03:25:47] Step 7: Restoring client with CRIU (--tcp-established)...
[03:25:48]   Restored PID: 10634
[03:25:48] Step 8: Verifying connection continuity...
[03:25:51]   Client output (tail): PP 5 -> 5
[03:25:51]   Server connections so far: 1
[03:25:51] ✓ SUCCESS: Client restored and TCP socket appears established
[03:25:51] Total downtime: 13710 ms
[03:25:51] Metrics saved to /home/ivo/Evaluation-of-Live-Migration-Strategies-at-the-Edge/Network-live-migration/metrics/migration_metrics.csv
[exit=0]

$ python3 /home/ivo/Evaluation-of-Live-Migration-Strategies-at-the-Edge/Network-live-migration/scripts/setup/reset_nodes.py edge-node-1 edge-node-2 edge-host-1 10.138.215.250
[03:25:52] Resetting nodes: edge-node-1 -> edge-node-2 (server: edge-host-1, vip: 10.138.215.250)
[03:25:52] Step 1: Killing any existing processes on source...
[03:25:52]   Killing PID 10634 (from /home/ubuntu/tcp_client.pid)
[03:25:53]   Killing PID 10634 (from /home/ubuntu/client.pid)
[03:25:53]   Killing any remaining background processes...
[03:25:55] Step 2: Cleaning source node...
[03:25:57] Step 3: Cleaning destination node...
[03:25:57]   Killing PID 10634 on destination (from /home/ubuntu/tcp_client.pid)
[03:25:58]   Killing PID 10634 on destination (from /home/ubuntu/client.pid)
[03:25:58]   Killing all remaining TCP processes on destination...
[03:26:01] Step 4: Cleaning server node (edge-host-1)...
[03:26:01]   Killing PID 1759672 on server (from /home/ubuntu/tcp_server.pid)
[03:26:04] ✓ Reset complete, nodes are clean
[03:26:04]   Next: Start your application
[exit=0]

$ bash /home/ivo/Evaluation-of-Live-Migration-Strategies-at-the-Edge/Network-live-migration/scripts/workloads/start_tcp_server.sh edge-host-1 5000
[tcp-server] Ensuring tcp-howto binary on edge-host-1...
[tcp-server] Reusing existing /tmp/tcp-howto on edge-host-1
[tcp-server] Starting on edge-host-1 (port 5000)...
[tcp-server] Waiting for listen...
✓ TCP server listening on edge-host-1:5000
[tcp-server] Logs: multipass exec edge-host-1 -- tail -f /home/ubuntu/tcp_server.out
[exit=0]

$ bash /home/ivo/Evaluation-of-Live-Migration-Strategies-at-the-Edge/Network-live-migration/scripts/workloads/start_tcp_client.sh edge-node-1 edge-host-1 5000
[tcp-client] Server endpoint: 10.138.215.36:5000
[tcp-client] Client VIP: 10.138.215.250
[tcp-client] Ensuring tcp-howto binary on edge-node-1...
[tcp-client] Reusing existing /tmp/tcp-howto on edge-node-1
[tcp-client] Ensuring VIP 10.138.215.250 is present on edge-node-1...
ARPING 10.138.215.250 from 10.138.215.250 ens3
Sent 3 probes (3 broadcast(s))
Received 0 response(s)
[tcp-client] Starting on edge-node-1...
[tcp-client] Waiting for established TCP connection...
✓ TCP client connected (PID: 12548)
[tcp-client] Logs: multipass exec edge-node-1 -- tail -f /home/ubuntu/tcp_client.out
[exit=0]

$ python3 /home/ivo/Evaluation-of-Live-Migration-Strategies-at-the-Edge/Network-live-migration/scripts/orchestrators/tcp_client_benchmark.py cold --source edge-node-1 --dest edge-node-2 --server edge-host-1 --transfer-mode host --run-id 12-05-2026-host-cold-0015 --csv /home/ivo/Evaluation-of-Live-Migration-Strategies-at-the-Edge/Network-live-migration/metrics/migration_metrics.csv --profile-name 4_Starlink --relay-node edge-host-1
[03:26:13] === TCP CLIENT MIGRATION ===
[03:26:13] Run ID: 12-05-2026-host-cold-0015
[03:26:13] Source: edge-node-1, Dest: edge-node-2
[03:26:13] Server: edge-host-1
[03:26:13] Transfer mode: host
[03:26:13] Relay node: edge-host-1

[03:26:13] === TCP CLIENT COLD MIGRATION ===
[03:26:13] Step 1: Checking source client process...
[03:26:13]   Using PID from /home/ubuntu/tcp_client.pid: 12548
[03:26:14]   Server connections so far: 1
[03:26:15] Step 2: Dumping client with CRIU (--tcp-established)...
[03:26:15] Step 2.5: Moving VIP to destination...
[03:26:15]   Moving VIP 10.138.215.250 from edge-node-1:ens3 -> edge-node-2:ens3
[03:26:21] Step 3: Creating archive...
[03:26:21] Step 4: Transferring archive...
  Transferring /home/ubuntu/CRIU-tcp-client.tar.gz via relay node edge-host-1...
Setting up SSH trust: edge-node-1 → ubuntu@10.138.215.36
  Adding public key to destination's authorized_keys...
  Testing SSH connectivity...
  ✓ SSH trust ready
Setting up SSH trust: edge-host-1 → ubuntu@10.138.215.137
  Adding public key to destination's authorized_keys...
  Testing SSH connectivity...
  ✓ SSH trust ready
[03:26:33] Step 5: Unpacking on destination...
[03:26:34] Step 6: Preparing restore environment...
[03:26:34] Step 7: Restoring client with CRIU (--tcp-established)...
[03:26:35]   Restored PID: 12548
[03:26:35] Step 8: Verifying connection continuity...
[03:26:38]   Client output (tail): PP 5 -> 5
[03:26:39]   Server connections so far: 1
[03:26:39] ✓ SUCCESS: Client restored and TCP socket appears established
[03:26:39] Total downtime: 12857 ms
[03:26:39] Metrics saved to /home/ivo/Evaluation-of-Live-Migration-Strategies-at-the-Edge/Network-live-migration/metrics/migration_metrics.csv
[exit=0]

$ python3 /home/ivo/Evaluation-of-Live-Migration-Strategies-at-the-Edge/Network-live-migration/scripts/setup/reset_nodes.py edge-node-1 edge-node-2 edge-host-1 10.138.215.250
[03:26:39] Resetting nodes: edge-node-1 -> edge-node-2 (server: edge-host-1, vip: 10.138.215.250)
[03:26:39] Step 1: Killing any existing processes on source...
[03:26:39]   Killing PID 12548 (from /home/ubuntu/tcp_client.pid)
[03:26:40]   Killing PID 12548 (from /home/ubuntu/client.pid)
[03:26:41]   Killing any remaining background processes...
[03:26:42] Step 2: Cleaning source node...
[03:26:44] Step 3: Cleaning destination node...
[03:26:44]   Killing PID 12548 on destination (from /home/ubuntu/tcp_client.pid)
[03:26:45]   Killing PID 12548 on destination (from /home/ubuntu/client.pid)
[03:26:45]   Killing all remaining TCP processes on destination...
[03:26:48] Step 4: Cleaning server node (edge-host-1)...
[03:26:48]   Killing PID 1761232 on server (from /home/ubuntu/tcp_server.pid)
[03:26:51] ✓ Reset complete, nodes are clean
[03:26:51]   Next: Start your application
[exit=0]

$ bash /home/ivo/Evaluation-of-Live-Migration-Strategies-at-the-Edge/Network-live-migration/scripts/workloads/start_tcp_server.sh edge-host-1 5000
[tcp-server] Ensuring tcp-howto binary on edge-host-1...
[tcp-server] Reusing existing /tmp/tcp-howto on edge-host-1
[tcp-server] Starting on edge-host-1 (port 5000)...
[tcp-server] Waiting for listen...
✓ TCP server listening on edge-host-1:5000
[tcp-server] Logs: multipass exec edge-host-1 -- tail -f /home/ubuntu/tcp_server.out
[exit=0]

$ bash /home/ivo/Evaluation-of-Live-Migration-Strategies-at-the-Edge/Network-live-migration/scripts/workloads/start_tcp_client.sh edge-node-1 edge-host-1 5000
[tcp-client] Server endpoint: 10.138.215.36:5000
[tcp-client] Client VIP: 10.138.215.250
[tcp-client] Ensuring tcp-howto binary on edge-node-1...
[tcp-client] Reusing existing /tmp/tcp-howto on edge-node-1
[tcp-client] Ensuring VIP 10.138.215.250 is present on edge-node-1...
ARPING 10.138.215.250 from 10.138.215.250 ens3
Sent 3 probes (3 broadcast(s))
Received 0 response(s)
[tcp-client] Starting on edge-node-1...
[tcp-client] Waiting for established TCP connection...
✓ TCP client connected (PID: 14438)
[tcp-client] Logs: multipass exec edge-node-1 -- tail -f /home/ubuntu/tcp_client.out
[exit=0]

$ python3 /home/ivo/Evaluation-of-Live-Migration-Strategies-at-the-Edge/Network-live-migration/scripts/orchestrators/tcp_client_benchmark.py cold --source edge-node-1 --dest edge-node-2 --server edge-host-1 --transfer-mode host --run-id 12-05-2026-host-cold-0016 --csv /home/ivo/Evaluation-of-Live-Migration-Strategies-at-the-Edge/Network-live-migration/metrics/migration_metrics.csv --profile-name 4_Starlink --relay-node edge-host-1
[03:26:59] === TCP CLIENT MIGRATION ===
[03:26:59] Run ID: 12-05-2026-host-cold-0016
[03:26:59] Source: edge-node-1, Dest: edge-node-2
[03:26:59] Server: edge-host-1
[03:26:59] Transfer mode: host
[03:26:59] Relay node: edge-host-1

[03:26:59] === TCP CLIENT COLD MIGRATION ===
[03:26:59] Step 1: Checking source client process...
[03:27:00]   Using PID from /home/ubuntu/tcp_client.pid: 14438
[03:27:00]   Server connections so far: 1
[03:27:01] Step 2: Dumping client with CRIU (--tcp-established)...
[03:27:01] Step 2.5: Moving VIP to destination...
[03:27:02]   Moving VIP 10.138.215.250 from edge-node-1:ens3 -> edge-node-2:ens3
[03:27:07] Step 3: Creating archive...
[03:27:08] Step 4: Transferring archive...
  Transferring /home/ubuntu/CRIU-tcp-client.tar.gz via relay node edge-host-1...
Setting up SSH trust: edge-node-1 → ubuntu@10.138.215.36
  Adding public key to destination's authorized_keys...
  Testing SSH connectivity...
  ✓ SSH trust ready
Setting up SSH trust: edge-host-1 → ubuntu@10.138.215.137
  Adding public key to destination's authorized_keys...
  Testing SSH connectivity...
  ✓ SSH trust ready
[03:27:21] Step 5: Unpacking on destination...
[03:27:21] Step 6: Preparing restore environment...
[03:27:22] Step 7: Restoring client with CRIU (--tcp-established)...
[03:27:22]   Restored PID: 14438
[03:27:22] Step 8: Verifying connection continuity...
[03:27:26]   Client output (tail): PP 5 -> 5
[03:27:26]   Server connections so far: 1
[03:27:26] ✓ SUCCESS: Client restored and TCP socket appears established
[03:27:26] Total downtime: 13744 ms
[03:27:26] Metrics saved to /home/ivo/Evaluation-of-Live-Migration-Strategies-at-the-Edge/Network-live-migration/metrics/migration_metrics.csv
[exit=0]

$ python3 /home/ivo/Evaluation-of-Live-Migration-Strategies-at-the-Edge/Network-live-migration/scripts/setup/reset_nodes.py edge-node-1 edge-node-2 edge-host-1 10.138.215.250
[03:27:27] Resetting nodes: edge-node-1 -> edge-node-2 (server: edge-host-1, vip: 10.138.215.250)
[03:27:27] Step 1: Killing any existing processes on source...
[03:27:27]   Killing PID 14438 (from /home/ubuntu/tcp_client.pid)
[03:27:28]   Killing PID 14438 (from /home/ubuntu/client.pid)
[03:27:28]   Killing any remaining background processes...
[03:27:30] Step 2: Cleaning source node...
[03:27:31] Step 3: Cleaning destination node...
[03:27:32]   Killing PID 14438 on destination (from /home/ubuntu/tcp_client.pid)
[03:27:32]   Killing PID 14438 on destination (from /home/ubuntu/client.pid)
[03:27:33]   Killing all remaining TCP processes on destination...
[03:27:36] Step 4: Cleaning server node (edge-host-1)...
[03:27:36]   Killing PID 1762801 on server (from /home/ubuntu/tcp_server.pid)
[03:27:38] ✓ Reset complete, nodes are clean
[03:27:38]   Next: Start your application
[exit=0]

$ bash /home/ivo/Evaluation-of-Live-Migration-Strategies-at-the-Edge/Network-live-migration/scripts/workloads/start_tcp_server.sh edge-host-1 5000
[tcp-server] Ensuring tcp-howto binary on edge-host-1...
[tcp-server] Reusing existing /tmp/tcp-howto on edge-host-1
[tcp-server] Starting on edge-host-1 (port 5000)...
[tcp-server] Waiting for listen...
✓ TCP server listening on edge-host-1:5000
[tcp-server] Logs: multipass exec edge-host-1 -- tail -f /home/ubuntu/tcp_server.out
[exit=0]

$ bash /home/ivo/Evaluation-of-Live-Migration-Strategies-at-the-Edge/Network-live-migration/scripts/workloads/start_tcp_client.sh edge-node-1 edge-host-1 5000
[tcp-client] Server endpoint: 10.138.215.36:5000
[tcp-client] Client VIP: 10.138.215.250
[tcp-client] Ensuring tcp-howto binary on edge-node-1...
[tcp-client] Reusing existing /tmp/tcp-howto on edge-node-1
[tcp-client] Ensuring VIP 10.138.215.250 is present on edge-node-1...
ARPING 10.138.215.250 from 10.138.215.250 ens3
Sent 3 probes (3 broadcast(s))
Received 0 response(s)
[tcp-client] Starting on edge-node-1...
[tcp-client] Waiting for established TCP connection...
✓ TCP client connected (PID: 16346)
[tcp-client] Logs: multipass exec edge-node-1 -- tail -f /home/ubuntu/tcp_client.out
[exit=0]

$ python3 /home/ivo/Evaluation-of-Live-Migration-Strategies-at-the-Edge/Network-live-migration/scripts/orchestrators/tcp_client_benchmark.py cold --source edge-node-1 --dest edge-node-2 --server edge-host-1 --transfer-mode host --run-id 12-05-2026-host-cold-0017 --csv /home/ivo/Evaluation-of-Live-Migration-Strategies-at-the-Edge/Network-live-migration/metrics/migration_metrics.csv --profile-name 4_Starlink --relay-node edge-host-1
[03:27:47] === TCP CLIENT MIGRATION ===
[03:27:47] Run ID: 12-05-2026-host-cold-0017
[03:27:47] Source: edge-node-1, Dest: edge-node-2
[03:27:47] Server: edge-host-1
[03:27:47] Transfer mode: host
[03:27:47] Relay node: edge-host-1

[03:27:47] === TCP CLIENT COLD MIGRATION ===
[03:27:47] Step 1: Checking source client process...
[03:27:47]   Using PID from /home/ubuntu/tcp_client.pid: 16346
[03:27:48]   Server connections so far: 1
[03:27:49] Step 2: Dumping client with CRIU (--tcp-established)...
[03:27:49] Step 2.5: Moving VIP to destination...
[03:27:50]   Moving VIP 10.138.215.250 from edge-node-1:ens3 -> edge-node-2:ens3
[03:27:55] Step 3: Creating archive...
[03:27:55] Step 4: Transferring archive...
  Transferring /home/ubuntu/CRIU-tcp-client.tar.gz via relay node edge-host-1...
Setting up SSH trust: edge-node-1 → ubuntu@10.138.215.36
  Adding public key to destination's authorized_keys...
  Testing SSH connectivity...
  ✓ SSH trust ready
Setting up SSH trust: edge-host-1 → ubuntu@10.138.215.137
  Adding public key to destination's authorized_keys...
  Testing SSH connectivity...
  ✓ SSH trust ready
[03:28:07] Step 5: Unpacking on destination...
[03:28:07] Step 6: Preparing restore environment...
[03:28:08] Step 7: Restoring client with CRIU (--tcp-established)...
[03:28:09]   Restored PID: 16346
[03:28:09] Step 8: Verifying connection continuity...
[03:28:12]   Client output (tail): PP 5 -> 5
[03:28:13]   Server connections so far: 1
[03:28:13] ✓ SUCCESS: Client restored and TCP socket appears established
[03:28:13] Total downtime: 12670 ms
[03:28:13] Metrics saved to /home/ivo/Evaluation-of-Live-Migration-Strategies-at-the-Edge/Network-live-migration/metrics/migration_metrics.csv
[exit=0]

$ python3 /home/ivo/Evaluation-of-Live-Migration-Strategies-at-the-Edge/Network-live-migration/scripts/setup/reset_nodes.py edge-node-1 edge-node-2 edge-host-1 10.138.215.250
[03:28:13] Resetting nodes: edge-node-1 -> edge-node-2 (server: edge-host-1, vip: 10.138.215.250)
[03:28:13] Step 1: Killing any existing processes on source...
[03:28:14]   Killing PID 16346 (from /home/ubuntu/tcp_client.pid)
[03:28:14]   Killing PID 16346 (from /home/ubuntu/client.pid)
[03:28:15]   Killing any remaining background processes...
[03:28:16] Step 2: Cleaning source node...
[03:28:18] Step 3: Cleaning destination node...
[03:28:19]   Killing PID 16346 on destination (from /home/ubuntu/tcp_client.pid)
[03:28:19]   Killing PID 16346 on destination (from /home/ubuntu/client.pid)
[03:28:20]   Killing all remaining TCP processes on destination...
[03:28:23] Step 4: Cleaning server node (edge-host-1)...
[03:28:23]   Killing PID 1764363 on server (from /home/ubuntu/tcp_server.pid)
[03:28:25] ✓ Reset complete, nodes are clean
[03:28:25]   Next: Start your application
[exit=0]

$ bash /home/ivo/Evaluation-of-Live-Migration-Strategies-at-the-Edge/Network-live-migration/scripts/workloads/start_tcp_server.sh edge-host-1 5000
[tcp-server] Ensuring tcp-howto binary on edge-host-1...
[tcp-server] Reusing existing /tmp/tcp-howto on edge-host-1
[tcp-server] Starting on edge-host-1 (port 5000)...
[tcp-server] Waiting for listen...
✓ TCP server listening on edge-host-1:5000
[tcp-server] Logs: multipass exec edge-host-1 -- tail -f /home/ubuntu/tcp_server.out
[exit=0]

$ bash /home/ivo/Evaluation-of-Live-Migration-Strategies-at-the-Edge/Network-live-migration/scripts/workloads/start_tcp_client.sh edge-node-1 edge-host-1 5000
[tcp-client] Server endpoint: 10.138.215.36:5000
[tcp-client] Client VIP: 10.138.215.250
[tcp-client] Ensuring tcp-howto binary on edge-node-1...
[tcp-client] Reusing existing /tmp/tcp-howto on edge-node-1
[tcp-client] Ensuring VIP 10.138.215.250 is present on edge-node-1...
ARPING 10.138.215.250 from 10.138.215.250 ens3
Sent 3 probes (3 broadcast(s))
Received 0 response(s)
[tcp-client] Starting on edge-node-1...
[tcp-client] Waiting for established TCP connection...
✓ TCP client connected (PID: 18257)
[tcp-client] Logs: multipass exec edge-node-1 -- tail -f /home/ubuntu/tcp_client.out
[exit=0]

$ python3 /home/ivo/Evaluation-of-Live-Migration-Strategies-at-the-Edge/Network-live-migration/scripts/orchestrators/tcp_client_benchmark.py cold --source edge-node-1 --dest edge-node-2 --server edge-host-1 --transfer-mode host --run-id 12-05-2026-host-cold-0018 --csv /home/ivo/Evaluation-of-Live-Migration-Strategies-at-the-Edge/Network-live-migration/metrics/migration_metrics.csv --profile-name 4_Starlink --relay-node edge-host-1
[03:28:34] === TCP CLIENT MIGRATION ===
[03:28:34] Run ID: 12-05-2026-host-cold-0018
[03:28:34] Source: edge-node-1, Dest: edge-node-2
[03:28:34] Server: edge-host-1
[03:28:34] Transfer mode: host
[03:28:34] Relay node: edge-host-1

[03:28:34] === TCP CLIENT COLD MIGRATION ===
[03:28:34] Step 1: Checking source client process...
[03:28:34]   Using PID from /home/ubuntu/tcp_client.pid: 18257
[03:28:35]   Server connections so far: 1
[03:28:36] Step 2: Dumping client with CRIU (--tcp-established)...
[03:28:36] Step 2.5: Moving VIP to destination...
[03:28:37]   Moving VIP 10.138.215.250 from edge-node-1:ens3 -> edge-node-2:ens3
[03:28:41] Step 3: Creating archive...
[03:28:42] Step 4: Transferring archive...
  Transferring /home/ubuntu/CRIU-tcp-client.tar.gz via relay node edge-host-1...
Setting up SSH trust: edge-node-1 → ubuntu@10.138.215.36
  Adding public key to destination's authorized_keys...
  Testing SSH connectivity...
  ✓ SSH trust ready
Setting up SSH trust: edge-host-1 → ubuntu@10.138.215.137
  Adding public key to destination's authorized_keys...
  Testing SSH connectivity...
  ✓ SSH trust ready
[03:28:54] Step 5: Unpacking on destination...
[03:28:54] Step 6: Preparing restore environment...
[03:28:55] Step 7: Restoring client with CRIU (--tcp-established)...
[03:28:55]   Restored PID: 18257
[03:28:55] Step 8: Verifying connection continuity...
[03:28:59]   Client output (tail): PP 5 -> 5
[03:28:59]   Server connections so far: 1
[03:28:59] ✓ SUCCESS: Client restored and TCP socket appears established
[03:28:59] Total downtime: 12609 ms
[03:28:59] Metrics saved to /home/ivo/Evaluation-of-Live-Migration-Strategies-at-the-Edge/Network-live-migration/metrics/migration_metrics.csv
[exit=0]

$ python3 /home/ivo/Evaluation-of-Live-Migration-Strategies-at-the-Edge/Network-live-migration/scripts/setup/reset_nodes.py edge-node-1 edge-node-2 edge-host-1 10.138.215.250
[03:29:00] Resetting nodes: edge-node-1 -> edge-node-2 (server: edge-host-1, vip: 10.138.215.250)
[03:29:00] Step 1: Killing any existing processes on source...
[03:29:00]   Killing PID 18257 (from /home/ubuntu/tcp_client.pid)
[03:29:01]   Killing PID 18257 (from /home/ubuntu/client.pid)
[03:29:01]   Killing any remaining background processes...
[03:29:03] Step 2: Cleaning source node...
[03:29:04] Step 3: Cleaning destination node...
[03:29:05]   Killing PID 18257 on destination (from /home/ubuntu/tcp_client.pid)
[03:29:06]   Killing PID 18257 on destination (from /home/ubuntu/client.pid)
[03:29:06]   Killing all remaining TCP processes on destination...
[03:29:09] Step 4: Cleaning server node (edge-host-1)...
[03:29:09]   Killing PID 1765933 on server (from /home/ubuntu/tcp_server.pid)
[03:29:12] ✓ Reset complete, nodes are clean
[03:29:12]   Next: Start your application
[exit=0]

$ bash /home/ivo/Evaluation-of-Live-Migration-Strategies-at-the-Edge/Network-live-migration/scripts/workloads/start_tcp_server.sh edge-host-1 5000
[tcp-server] Ensuring tcp-howto binary on edge-host-1...
[tcp-server] Reusing existing /tmp/tcp-howto on edge-host-1
[tcp-server] Starting on edge-host-1 (port 5000)...
[tcp-server] Waiting for listen...
✓ TCP server listening on edge-host-1:5000
[tcp-server] Logs: multipass exec edge-host-1 -- tail -f /home/ubuntu/tcp_server.out
[exit=0]

$ bash /home/ivo/Evaluation-of-Live-Migration-Strategies-at-the-Edge/Network-live-migration/scripts/workloads/start_tcp_client.sh edge-node-1 edge-host-1 5000
[tcp-client] Server endpoint: 10.138.215.36:5000
[tcp-client] Client VIP: 10.138.215.250
[tcp-client] Ensuring tcp-howto binary on edge-node-1...
[tcp-client] Reusing existing /tmp/tcp-howto on edge-node-1
[tcp-client] Ensuring VIP 10.138.215.250 is present on edge-node-1...
ARPING 10.138.215.250 from 10.138.215.250 ens3
Sent 3 probes (3 broadcast(s))
Received 0 response(s)
[tcp-client] Starting on edge-node-1...
[tcp-client] Waiting for established TCP connection...
✓ TCP client connected (PID: 20158)
[tcp-client] Logs: multipass exec edge-node-1 -- tail -f /home/ubuntu/tcp_client.out
[exit=0]

$ python3 /home/ivo/Evaluation-of-Live-Migration-Strategies-at-the-Edge/Network-live-migration/scripts/orchestrators/tcp_client_benchmark.py cold --source edge-node-1 --dest edge-node-2 --server edge-host-1 --transfer-mode host --run-id 12-05-2026-host-cold-0019 --csv /home/ivo/Evaluation-of-Live-Migration-Strategies-at-the-Edge/Network-live-migration/metrics/migration_metrics.csv --profile-name 4_Starlink --relay-node edge-host-1
[03:29:21] === TCP CLIENT MIGRATION ===
[03:29:21] Run ID: 12-05-2026-host-cold-0019
[03:29:21] Source: edge-node-1, Dest: edge-node-2
[03:29:21] Server: edge-host-1
[03:29:21] Transfer mode: host
[03:29:21] Relay node: edge-host-1

[03:29:21] === TCP CLIENT COLD MIGRATION ===
[03:29:21] Step 1: Checking source client process...
[03:29:21]   Using PID from /home/ubuntu/tcp_client.pid: 20158
[03:29:22]   Server connections so far: 1
[03:29:23] Step 2: Dumping client with CRIU (--tcp-established)...
[03:29:23] Step 2.5: Moving VIP to destination...
[03:29:24]   Moving VIP 10.138.215.250 from edge-node-1:ens3 -> edge-node-2:ens3
[03:29:29] Step 3: Creating archive...
[03:29:29] Step 4: Transferring archive...
  Transferring /home/ubuntu/CRIU-tcp-client.tar.gz via relay node edge-host-1...
Setting up SSH trust: edge-node-1 → ubuntu@10.138.215.36
  Adding public key to destination's authorized_keys...
  Testing SSH connectivity...
  ✓ SSH trust ready
Setting up SSH trust: edge-host-1 → ubuntu@10.138.215.137
  Adding public key to destination's authorized_keys...
  Testing SSH connectivity...
  ✓ SSH trust ready
[03:29:41] Step 5: Unpacking on destination...
[03:29:42] Step 6: Preparing restore environment...
[03:29:42] Step 7: Restoring client with CRIU (--tcp-established)...
[03:29:43]   Restored PID: 20158
[03:29:43] Step 8: Verifying connection continuity...
[03:29:46]   Client output (tail): PP 5 -> 5
[03:29:47]   Server connections so far: 1
[03:29:47] ✓ SUCCESS: Client restored and TCP socket appears established
[03:29:47] Total downtime: 12748 ms
[03:29:47] Metrics saved to /home/ivo/Evaluation-of-Live-Migration-Strategies-at-the-Edge/Network-live-migration/metrics/migration_metrics.csv
[exit=0]

$ python3 /home/ivo/Evaluation-of-Live-Migration-Strategies-at-the-Edge/Network-live-migration/scripts/setup/reset_nodes.py edge-node-1 edge-node-2 edge-host-1 10.138.215.250
[03:29:47] Resetting nodes: edge-node-1 -> edge-node-2 (server: edge-host-1, vip: 10.138.215.250)
[03:29:47] Step 1: Killing any existing processes on source...
[03:29:47]   Killing PID 20158 (from /home/ubuntu/tcp_client.pid)
[03:29:48]   Killing PID 20158 (from /home/ubuntu/client.pid)
[03:29:49]   Killing any remaining background processes...
[03:29:50] Step 2: Cleaning source node...
[03:29:52] Step 3: Cleaning destination node...
[03:29:52]   Killing PID 20158 on destination (from /home/ubuntu/tcp_client.pid)
[03:29:53]   Killing PID 20158 on destination (from /home/ubuntu/client.pid)
[03:29:53]   Killing all remaining TCP processes on destination...
[03:29:57] Step 4: Cleaning server node (edge-host-1)...
[03:29:57]   Killing PID 1767486 on server (from /home/ubuntu/tcp_server.pid)
[03:29:59] ✓ Reset complete, nodes are clean
[03:29:59]   Next: Start your application
[exit=0]

$ bash /home/ivo/Evaluation-of-Live-Migration-Strategies-at-the-Edge/Network-live-migration/scripts/workloads/start_tcp_server.sh edge-host-1 5000
[tcp-server] Ensuring tcp-howto binary on edge-host-1...
[tcp-server] Reusing existing /tmp/tcp-howto on edge-host-1
[tcp-server] Starting on edge-host-1 (port 5000)...
[tcp-server] Waiting for listen...
✓ TCP server listening on edge-host-1:5000
[tcp-server] Logs: multipass exec edge-host-1 -- tail -f /home/ubuntu/tcp_server.out
[exit=0]

$ bash /home/ivo/Evaluation-of-Live-Migration-Strategies-at-the-Edge/Network-live-migration/scripts/workloads/start_tcp_client.sh edge-node-1 edge-host-1 5000
[tcp-client] Server endpoint: 10.138.215.36:5000
[tcp-client] Client VIP: 10.138.215.250
[tcp-client] Ensuring tcp-howto binary on edge-node-1...
[tcp-client] Reusing existing /tmp/tcp-howto on edge-node-1
[tcp-client] Ensuring VIP 10.138.215.250 is present on edge-node-1...
ARPING 10.138.215.250 from 10.138.215.250 ens3
Sent 3 probes (3 broadcast(s))
Received 0 response(s)
[tcp-client] Starting on edge-node-1...
[tcp-client] Waiting for established TCP connection...
✓ TCP client connected (PID: 22058)
[tcp-client] Logs: multipass exec edge-node-1 -- tail -f /home/ubuntu/tcp_client.out
[exit=0]

$ python3 /home/ivo/Evaluation-of-Live-Migration-Strategies-at-the-Edge/Network-live-migration/scripts/orchestrators/tcp_client_benchmark.py cold --source edge-node-1 --dest edge-node-2 --server edge-host-1 --transfer-mode direct --run-id 12-05-2026-direct-cold-0010 --csv /home/ivo/Evaluation-of-Live-Migration-Strategies-at-the-Edge/Network-live-migration/metrics/migration_metrics.csv --profile-name 4_Starlink
[03:30:07] === TCP CLIENT MIGRATION ===
[03:30:07] Run ID: 12-05-2026-direct-cold-0010
[03:30:07] Source: edge-node-1, Dest: edge-node-2
[03:30:07] Server: edge-host-1
[03:30:07] Transfer mode: direct

[03:30:07] === TCP CLIENT COLD MIGRATION ===
[03:30:07] Step 1: Checking source client process...
[03:30:08]   Using PID from /home/ubuntu/tcp_client.pid: 22058
[03:30:09]   Server connections so far: 1
[03:30:09] Step 2: Dumping client with CRIU (--tcp-established)...
[03:30:10] Step 2.5: Moving VIP to destination...
[03:30:10]   Moving VIP 10.138.215.250 from edge-node-1:ens3 -> edge-node-2:ens3
[03:30:15] Step 3: Creating archive...
[03:30:16] Step 4: Transferring archive...
[03:30:16]   Setting up direct SSH trust...
Setting up SSH trust: edge-node-1 → ubuntu@10.138.215.137
  Adding public key to destination's authorized_keys...
  Testing SSH connectivity...
  ✓ SSH trust ready
Setting up SSH trust: edge-node-1 → ubuntu@10.138.215.137
  Adding public key to destination's authorized_keys...
  Testing SSH connectivity...
  ✓ SSH trust ready
  Transferring /home/ubuntu/CRIU-tcp-client.tar.gz via SCP...
[03:30:25] Step 5: Unpacking on destination...
[03:30:25] Step 6: Preparing restore environment...
[03:30:26] Step 7: Restoring client with CRIU (--tcp-established)...
[03:30:27]   Restored PID: 22058
[03:30:27] Step 8: Verifying connection continuity...
[03:30:30]   Client output (tail): PP 5 -> 5
[03:30:31]   Server connections so far: 1
[03:30:31] ✓ SUCCESS: Client restored and TCP socket appears established
[03:30:31] Total downtime: 6690 ms
[03:30:31] Metrics saved to /home/ivo/Evaluation-of-Live-Migration-Strategies-at-the-Edge/Network-live-migration/metrics/migration_metrics.csv
[exit=0]

$ python3 /home/ivo/Evaluation-of-Live-Migration-Strategies-at-the-Edge/Network-live-migration/scripts/setup/reset_nodes.py edge-node-1 edge-node-2 edge-host-1 10.138.215.250
[03:30:31] Resetting nodes: edge-node-1 -> edge-node-2 (server: edge-host-1, vip: 10.138.215.250)
[03:30:31] Step 1: Killing any existing processes on source...
[03:30:32]   Killing PID 22058 (from /home/ubuntu/tcp_client.pid)
[03:30:32]   Killing PID 22058 (from /home/ubuntu/client.pid)
[03:30:33]   Killing any remaining background processes...
[03:30:34] Step 2: Cleaning source node...
[03:30:36] Step 3: Cleaning destination node...
[03:30:36]   Killing PID 22058 on destination (from /home/ubuntu/tcp_client.pid)
[03:30:37]   Killing PID 22058 on destination (from /home/ubuntu/client.pid)
[03:30:37]   Killing all remaining TCP processes on destination...
[03:30:40] Step 4: Cleaning server node (edge-host-1)...
[03:30:41]   Killing PID 1769058 on server (from /home/ubuntu/tcp_server.pid)
[03:30:43] ✓ Reset complete, nodes are clean
[03:30:43]   Next: Start your application
[exit=0]

$ bash /home/ivo/Evaluation-of-Live-Migration-Strategies-at-the-Edge/Network-live-migration/scripts/workloads/start_tcp_server.sh edge-host-1 5000
[tcp-server] Ensuring tcp-howto binary on edge-host-1...
[tcp-server] Reusing existing /tmp/tcp-howto on edge-host-1
[tcp-server] Starting on edge-host-1 (port 5000)...
[tcp-server] Waiting for listen...
✓ TCP server listening on edge-host-1:5000
[tcp-server] Logs: multipass exec edge-host-1 -- tail -f /home/ubuntu/tcp_server.out
[exit=0]

$ bash /home/ivo/Evaluation-of-Live-Migration-Strategies-at-the-Edge/Network-live-migration/scripts/workloads/start_tcp_client.sh edge-node-1 edge-host-1 5000
[tcp-client] Server endpoint: 10.138.215.36:5000
[tcp-client] Client VIP: 10.138.215.250
[tcp-client] Ensuring tcp-howto binary on edge-node-1...
[tcp-client] Reusing existing /tmp/tcp-howto on edge-node-1
[tcp-client] Ensuring VIP 10.138.215.250 is present on edge-node-1...
ARPING 10.138.215.250 from 10.138.215.250 ens3
Sent 3 probes (3 broadcast(s))
Received 0 response(s)
[tcp-client] Starting on edge-node-1...
[tcp-client] Waiting for established TCP connection...
✓ TCP client connected (PID: 24066)
[tcp-client] Logs: multipass exec edge-node-1 -- tail -f /home/ubuntu/tcp_client.out
[exit=0]

$ python3 /home/ivo/Evaluation-of-Live-Migration-Strategies-at-the-Edge/Network-live-migration/scripts/orchestrators/tcp_client_benchmark.py cold --source edge-node-1 --dest edge-node-2 --server edge-host-1 --transfer-mode direct --run-id 12-05-2026-direct-cold-0011 --csv /home/ivo/Evaluation-of-Live-Migration-Strategies-at-the-Edge/Network-live-migration/metrics/migration_metrics.csv --profile-name 4_Starlink
[03:30:51] === TCP CLIENT MIGRATION ===
[03:30:51] Run ID: 12-05-2026-direct-cold-0011
[03:30:51] Source: edge-node-1, Dest: edge-node-2
[03:30:51] Server: edge-host-1
[03:30:51] Transfer mode: direct

[03:30:51] === TCP CLIENT COLD MIGRATION ===
[03:30:51] Step 1: Checking source client process...
[03:30:52]   Using PID from /home/ubuntu/tcp_client.pid: 24066
[03:30:52]   Server connections so far: 1
[03:30:53] Step 2: Dumping client with CRIU (--tcp-established)...
[03:30:53] Step 2.5: Moving VIP to destination...
[03:30:54]   Moving VIP 10.138.215.250 from edge-node-1:ens3 -> edge-node-2:ens3
[03:30:59] Step 3: Creating archive...
[03:30:59] Step 4: Transferring archive...
[03:30:59]   Setting up direct SSH trust...
Setting up SSH trust: edge-node-1 → ubuntu@10.138.215.137
  Adding public key to destination's authorized_keys...
  Testing SSH connectivity...
  ✓ SSH trust ready
Setting up SSH trust: edge-node-1 → ubuntu@10.138.215.137
  Adding public key to destination's authorized_keys...
  Testing SSH connectivity...
  ✓ SSH trust ready
  Transferring /home/ubuntu/CRIU-tcp-client.tar.gz via SCP...
[03:31:08] Step 5: Unpacking on destination...
[03:31:08] Step 6: Preparing restore environment...
[03:31:09] Step 7: Restoring client with CRIU (--tcp-established)...
[03:31:10]   Restored PID: 24066
[03:31:10] Step 8: Verifying connection continuity...
[03:31:13]   Client output (tail): PP 5 -> 5
[03:31:13]   Server connections so far: 1
[03:31:13] ✓ SUCCESS: Client restored and TCP socket appears established
[03:31:13] Total downtime: 6270 ms
[03:31:13] Metrics saved to /home/ivo/Evaluation-of-Live-Migration-Strategies-at-the-Edge/Network-live-migration/metrics/migration_metrics.csv
[exit=0]

$ python3 /home/ivo/Evaluation-of-Live-Migration-Strategies-at-the-Edge/Network-live-migration/scripts/setup/reset_nodes.py edge-node-1 edge-node-2 edge-host-1 10.138.215.250
[03:31:14] Resetting nodes: edge-node-1 -> edge-node-2 (server: edge-host-1, vip: 10.138.215.250)
[03:31:14] Step 1: Killing any existing processes on source...
[03:31:14]   Killing PID 24066 (from /home/ubuntu/tcp_client.pid)
[03:31:15]   Killing PID 24066 (from /home/ubuntu/client.pid)
[03:31:15]   Killing any remaining background processes...
[03:31:17] Step 2: Cleaning source node...
[03:31:19] Step 3: Cleaning destination node...
[03:31:19]   Killing PID 24066 on destination (from /home/ubuntu/tcp_client.pid)
[03:31:20]   Killing PID 24066 on destination (from /home/ubuntu/client.pid)
[03:31:21]   Killing all remaining TCP processes on destination...
[03:31:24] Step 4: Cleaning server node (edge-host-1)...
[03:31:24]   Killing PID 1770097 on server (from /home/ubuntu/tcp_server.pid)
[03:31:27] ✓ Reset complete, nodes are clean
[03:31:27]   Next: Start your application
[exit=0]

$ bash /home/ivo/Evaluation-of-Live-Migration-Strategies-at-the-Edge/Network-live-migration/scripts/workloads/start_tcp_server.sh edge-host-1 5000
[tcp-server] Ensuring tcp-howto binary on edge-host-1...
[tcp-server] Reusing existing /tmp/tcp-howto on edge-host-1
[tcp-server] Starting on edge-host-1 (port 5000)...
[tcp-server] Waiting for listen...
✓ TCP server listening on edge-host-1:5000
[tcp-server] Logs: multipass exec edge-host-1 -- tail -f /home/ubuntu/tcp_server.out
[exit=0]

$ bash /home/ivo/Evaluation-of-Live-Migration-Strategies-at-the-Edge/Network-live-migration/scripts/workloads/start_tcp_client.sh edge-node-1 edge-host-1 5000
[tcp-client] Server endpoint: 10.138.215.36:5000
[tcp-client] Client VIP: 10.138.215.250
[tcp-client] Ensuring tcp-howto binary on edge-node-1...
[tcp-client] Reusing existing /tmp/tcp-howto on edge-node-1
[tcp-client] Ensuring VIP 10.138.215.250 is present on edge-node-1...
ARPING 10.138.215.250 from 10.138.215.250 ens3
Sent 3 probes (3 broadcast(s))
Received 0 response(s)
[tcp-client] Starting on edge-node-1...
[tcp-client] Waiting for established TCP connection...
✓ TCP client connected (PID: 26077)
[tcp-client] Logs: multipass exec edge-node-1 -- tail -f /home/ubuntu/tcp_client.out
[exit=0]

$ python3 /home/ivo/Evaluation-of-Live-Migration-Strategies-at-the-Edge/Network-live-migration/scripts/orchestrators/tcp_client_benchmark.py cold --source edge-node-1 --dest edge-node-2 --server edge-host-1 --transfer-mode direct --run-id 12-05-2026-direct-cold-0012 --csv /home/ivo/Evaluation-of-Live-Migration-Strategies-at-the-Edge/Network-live-migration/metrics/migration_metrics.csv --profile-name 4_Starlink
[03:31:35] === TCP CLIENT MIGRATION ===
[03:31:35] Run ID: 12-05-2026-direct-cold-0012
[03:31:35] Source: edge-node-1, Dest: edge-node-2
[03:31:35] Server: edge-host-1
[03:31:35] Transfer mode: direct

[03:31:35] === TCP CLIENT COLD MIGRATION ===
[03:31:35] Step 1: Checking source client process...
[03:31:36]   Using PID from /home/ubuntu/tcp_client.pid: 26077
[03:31:37]   Server connections so far: 1
[03:31:37] Step 2: Dumping client with CRIU (--tcp-established)...
[03:31:38] Step 2.5: Moving VIP to destination...
[03:31:38]   Moving VIP 10.138.215.250 from edge-node-1:ens3 -> edge-node-2:ens3
[03:31:43] Step 3: Creating archive...
[03:31:44] Step 4: Transferring archive...
[03:31:44]   Setting up direct SSH trust...
Setting up SSH trust: edge-node-1 → ubuntu@10.138.215.137
  Adding public key to destination's authorized_keys...
  Testing SSH connectivity...
  ✓ SSH trust ready
Setting up SSH trust: edge-node-1 → ubuntu@10.138.215.137
  Adding public key to destination's authorized_keys...
  Testing SSH connectivity...
  ✓ SSH trust ready
  Transferring /home/ubuntu/CRIU-tcp-client.tar.gz via SCP...
[03:31:52] Step 5: Unpacking on destination...
[03:31:53] Step 6: Preparing restore environment...
[03:31:53] Step 7: Restoring client with CRIU (--tcp-established)...
[03:31:54]   Restored PID: 26077
[03:31:54] Step 8: Verifying connection continuity...
[03:31:57]   Client output (tail): PP 5 -> 5
[03:31:58]   Server connections so far: 1
[03:31:58] ✓ SUCCESS: Client restored and TCP socket appears established
[03:31:58] Total downtime: 6704 ms
[03:31:58] Metrics saved to /home/ivo/Evaluation-of-Live-Migration-Strategies-at-the-Edge/Network-live-migration/metrics/migration_metrics.csv
[exit=0]

$ python3 /home/ivo/Evaluation-of-Live-Migration-Strategies-at-the-Edge/Network-live-migration/scripts/setup/reset_nodes.py edge-node-1 edge-node-2 edge-host-1 10.138.215.250
[03:31:58] Resetting nodes: edge-node-1 -> edge-node-2 (server: edge-host-1, vip: 10.138.215.250)
[03:31:58] Step 1: Killing any existing processes on source...
[03:31:59]   Killing PID 26077 (from /home/ubuntu/tcp_client.pid)
[03:31:59]   Killing PID 26077 (from /home/ubuntu/client.pid)
[03:32:00]   Killing any remaining background processes...
[03:32:01] Step 2: Cleaning source node...
[03:32:03] Step 3: Cleaning destination node...
[03:32:03]   Killing PID 26077 on destination (from /home/ubuntu/tcp_client.pid)
[03:32:04]   Killing PID 26077 on destination (from /home/ubuntu/client.pid)
[03:32:05]   Killing all remaining TCP processes on destination...
[03:32:08] Step 4: Cleaning server node (edge-host-1)...
[03:32:08]   Killing PID 1771137 on server (from /home/ubuntu/tcp_server.pid)
[03:32:10] ✓ Reset complete, nodes are clean
[03:32:10]   Next: Start your application
[exit=0]

$ bash /home/ivo/Evaluation-of-Live-Migration-Strategies-at-the-Edge/Network-live-migration/scripts/workloads/start_tcp_server.sh edge-host-1 5000
[tcp-server] Ensuring tcp-howto binary on edge-host-1...
[tcp-server] Reusing existing /tmp/tcp-howto on edge-host-1
[tcp-server] Starting on edge-host-1 (port 5000)...
[tcp-server] Waiting for listen...
✓ TCP server listening on edge-host-1:5000
[tcp-server] Logs: multipass exec edge-host-1 -- tail -f /home/ubuntu/tcp_server.out
[exit=0]

$ bash /home/ivo/Evaluation-of-Live-Migration-Strategies-at-the-Edge/Network-live-migration/scripts/workloads/start_tcp_client.sh edge-node-1 edge-host-1 5000
[tcp-client] Server endpoint: 10.138.215.36:5000
[tcp-client] Client VIP: 10.138.215.250
[tcp-client] Ensuring tcp-howto binary on edge-node-1...
[tcp-client] Reusing existing /tmp/tcp-howto on edge-node-1
[tcp-client] Ensuring VIP 10.138.215.250 is present on edge-node-1...
ARPING 10.138.215.250 from 10.138.215.250 ens3
Sent 3 probes (3 broadcast(s))
Received 0 response(s)
[tcp-client] Starting on edge-node-1...
[tcp-client] Waiting for established TCP connection...
✓ TCP client connected (PID: 28071)
[tcp-client] Logs: multipass exec edge-node-1 -- tail -f /home/ubuntu/tcp_client.out
[exit=0]

$ python3 /home/ivo/Evaluation-of-Live-Migration-Strategies-at-the-Edge/Network-live-migration/scripts/orchestrators/tcp_client_benchmark.py cold --source edge-node-1 --dest edge-node-2 --server edge-host-1 --transfer-mode direct --run-id 12-05-2026-direct-cold-0013 --csv /home/ivo/Evaluation-of-Live-Migration-Strategies-at-the-Edge/Network-live-migration/metrics/migration_metrics.csv --profile-name 4_Starlink
[03:32:19] === TCP CLIENT MIGRATION ===
[03:32:19] Run ID: 12-05-2026-direct-cold-0013
[03:32:19] Source: edge-node-1, Dest: edge-node-2
[03:32:19] Server: edge-host-1
[03:32:19] Transfer mode: direct

[03:32:19] === TCP CLIENT COLD MIGRATION ===
[03:32:19] Step 1: Checking source client process...
[03:32:19]   Using PID from /home/ubuntu/tcp_client.pid: 28071
[03:32:20]   Server connections so far: 1
[03:32:21] Step 2: Dumping client with CRIU (--tcp-established)...
[03:32:21] Step 2.5: Moving VIP to destination...
[03:32:22]   Moving VIP 10.138.215.250 from edge-node-1:ens3 -> edge-node-2:ens3
[03:32:26] Step 3: Creating archive...
[03:32:27] Step 4: Transferring archive...
[03:32:27]   Setting up direct SSH trust...
Setting up SSH trust: edge-node-1 → ubuntu@10.138.215.137
  Adding public key to destination's authorized_keys...
  Testing SSH connectivity...
  ✓ SSH trust ready
Setting up SSH trust: edge-node-1 → ubuntu@10.138.215.137
  Adding public key to destination's authorized_keys...
  Testing SSH connectivity...
  ✓ SSH trust ready
  Transferring /home/ubuntu/CRIU-tcp-client.tar.gz via SCP...
[03:32:37] Step 5: Unpacking on destination...
[03:32:37] Step 6: Preparing restore environment...
[03:32:38] Step 7: Restoring client with CRIU (--tcp-established)...
[03:32:38]   Restored PID: 28071
[03:32:38] Step 8: Verifying connection continuity...
[03:32:42]   Client output (tail): PP 5 -> 5
[03:32:43]   Server connections so far: 1
[03:32:43] ✓ SUCCESS: Client restored and TCP socket appears established
[03:32:43] Total downtime: 6969 ms
[03:32:43] Metrics saved to /home/ivo/Evaluation-of-Live-Migration-Strategies-at-the-Edge/Network-live-migration/metrics/migration_metrics.csv
[exit=0]

$ python3 /home/ivo/Evaluation-of-Live-Migration-Strategies-at-the-Edge/Network-live-migration/scripts/setup/reset_nodes.py edge-node-1 edge-node-2 edge-host-1 10.138.215.250
[03:32:43] Resetting nodes: edge-node-1 -> edge-node-2 (server: edge-host-1, vip: 10.138.215.250)
[03:32:43] Step 1: Killing any existing processes on source...
[03:32:43]   Killing PID 28071 (from /home/ubuntu/tcp_client.pid)
[03:32:44]   Killing PID 28071 (from /home/ubuntu/client.pid)
[03:32:45]   Killing any remaining background processes...
[03:32:46] Step 2: Cleaning source node...
[03:32:48] Step 3: Cleaning destination node...
[03:32:48]   Killing PID 28071 on destination (from /home/ubuntu/tcp_client.pid)
[03:32:49]   Killing PID 28071 on destination (from /home/ubuntu/client.pid)
[03:32:49]   Killing all remaining TCP processes on destination...
[03:32:52] Step 4: Cleaning server node (edge-host-1)...
[03:32:53]   Killing PID 1772177 on server (from /home/ubuntu/tcp_server.pid)
[03:32:55] ✓ Reset complete, nodes are clean
[03:32:55]   Next: Start your application
[exit=0]

$ bash /home/ivo/Evaluation-of-Live-Migration-Strategies-at-the-Edge/Network-live-migration/scripts/workloads/start_tcp_server.sh edge-host-1 5000
[tcp-server] Ensuring tcp-howto binary on edge-host-1...
[tcp-server] Reusing existing /tmp/tcp-howto on edge-host-1
[tcp-server] Starting on edge-host-1 (port 5000)...
[tcp-server] Waiting for listen...
✓ TCP server listening on edge-host-1:5000
[tcp-server] Logs: multipass exec edge-host-1 -- tail -f /home/ubuntu/tcp_server.out
[exit=0]

$ bash /home/ivo/Evaluation-of-Live-Migration-Strategies-at-the-Edge/Network-live-migration/scripts/workloads/start_tcp_client.sh edge-node-1 edge-host-1 5000
[tcp-client] Server endpoint: 10.138.215.36:5000
[tcp-client] Client VIP: 10.138.215.250
[tcp-client] Ensuring tcp-howto binary on edge-node-1...
[tcp-client] Reusing existing /tmp/tcp-howto on edge-node-1
[tcp-client] Ensuring VIP 10.138.215.250 is present on edge-node-1...
ARPING 10.138.215.250 from 10.138.215.250 ens3
Sent 3 probes (3 broadcast(s))
Received 0 response(s)
[tcp-client] Starting on edge-node-1...
[tcp-client] Waiting for established TCP connection...
✓ TCP client connected (PID: 30076)
[tcp-client] Logs: multipass exec edge-node-1 -- tail -f /home/ubuntu/tcp_client.out
[exit=0]

$ python3 /home/ivo/Evaluation-of-Live-Migration-Strategies-at-the-Edge/Network-live-migration/scripts/orchestrators/tcp_client_benchmark.py cold --source edge-node-1 --dest edge-node-2 --server edge-host-1 --transfer-mode direct --run-id 12-05-2026-direct-cold-0014 --csv /home/ivo/Evaluation-of-Live-Migration-Strategies-at-the-Edge/Network-live-migration/metrics/migration_metrics.csv --profile-name 4_Starlink
[03:33:03] === TCP CLIENT MIGRATION ===
[03:33:03] Run ID: 12-05-2026-direct-cold-0014
[03:33:03] Source: edge-node-1, Dest: edge-node-2
[03:33:03] Server: edge-host-1
[03:33:03] Transfer mode: direct

[03:33:03] === TCP CLIENT COLD MIGRATION ===
[03:33:03] Step 1: Checking source client process...
[03:33:04]   Using PID from /home/ubuntu/tcp_client.pid: 30076
[03:33:05]   Server connections so far: 1
[03:33:05] Step 2: Dumping client with CRIU (--tcp-established)...
[03:33:06] Step 2.5: Moving VIP to destination...
[03:33:06]   Moving VIP 10.138.215.250 from edge-node-1:ens3 -> edge-node-2:ens3
[03:33:11] Step 3: Creating archive...
[03:33:12] Step 4: Transferring archive...
[03:33:12]   Setting up direct SSH trust...
Setting up SSH trust: edge-node-1 → ubuntu@10.138.215.137
  Adding public key to destination's authorized_keys...
  Testing SSH connectivity...
  ✓ SSH trust ready
Setting up SSH trust: edge-node-1 → ubuntu@10.138.215.137
  Adding public key to destination's authorized_keys...
  Testing SSH connectivity...
  ✓ SSH trust ready
  Transferring /home/ubuntu/CRIU-tcp-client.tar.gz via SCP...
[03:33:22] Step 5: Unpacking on destination...
[03:33:22] Step 6: Preparing restore environment...
[03:33:23] Step 7: Restoring client with CRIU (--tcp-established)...
[03:33:23]   Restored PID: 30076
[03:33:23] Step 8: Verifying connection continuity...
[03:33:26]   Client output (tail): PP 5 -> 5
[03:33:27]   Server connections so far: 1
[03:33:27] ✓ SUCCESS: Client restored and TCP socket appears established
[03:33:27] Total downtime: 7628 ms
[03:33:27] Metrics saved to /home/ivo/Evaluation-of-Live-Migration-Strategies-at-the-Edge/Network-live-migration/metrics/migration_metrics.csv
[exit=0]

$ python3 /home/ivo/Evaluation-of-Live-Migration-Strategies-at-the-Edge/Network-live-migration/scripts/setup/reset_nodes.py edge-node-1 edge-node-2 edge-host-1 10.138.215.250
[03:33:28] Resetting nodes: edge-node-1 -> edge-node-2 (server: edge-host-1, vip: 10.138.215.250)
[03:33:28] Step 1: Killing any existing processes on source...
[03:33:28]   Killing PID 30076 (from /home/ubuntu/tcp_client.pid)
[03:33:29]   Killing PID 30076 (from /home/ubuntu/client.pid)
[03:33:29]   Killing any remaining background processes...
[03:33:30] Step 2: Cleaning source node...
[03:33:32] Step 3: Cleaning destination node...
[03:33:33]   Killing PID 30076 on destination (from /home/ubuntu/tcp_client.pid)
[03:33:33]   Killing PID 30076 on destination (from /home/ubuntu/client.pid)
[03:33:34]   Killing all remaining TCP processes on destination...
[03:33:37] Step 4: Cleaning server node (edge-host-1)...
[03:33:37]   Killing PID 1773217 on server (from /home/ubuntu/tcp_server.pid)
[03:33:40] ✓ Reset complete, nodes are clean
[03:33:40]   Next: Start your application
[exit=0]

$ bash /home/ivo/Evaluation-of-Live-Migration-Strategies-at-the-Edge/Network-live-migration/scripts/workloads/start_tcp_server.sh edge-host-1 5000
[tcp-server] Ensuring tcp-howto binary on edge-host-1...
[tcp-server] Reusing existing /tmp/tcp-howto on edge-host-1
[tcp-server] Starting on edge-host-1 (port 5000)...
[tcp-server] Waiting for listen...
✓ TCP server listening on edge-host-1:5000
[tcp-server] Logs: multipass exec edge-host-1 -- tail -f /home/ubuntu/tcp_server.out
[exit=0]

$ bash /home/ivo/Evaluation-of-Live-Migration-Strategies-at-the-Edge/Network-live-migration/scripts/workloads/start_tcp_client.sh edge-node-1 edge-host-1 5000
[tcp-client] Server endpoint: 10.138.215.36:5000
[tcp-client] Client VIP: 10.138.215.250
[tcp-client] Ensuring tcp-howto binary on edge-node-1...
[tcp-client] Reusing existing /tmp/tcp-howto on edge-node-1
[tcp-client] Ensuring VIP 10.138.215.250 is present on edge-node-1...
ARPING 10.138.215.250 from 10.138.215.250 ens3
Sent 3 probes (3 broadcast(s))
Received 0 response(s)
[tcp-client] Starting on edge-node-1...
[tcp-client] Waiting for established TCP connection...
✓ TCP client connected (PID: 32087)
[tcp-client] Logs: multipass exec edge-node-1 -- tail -f /home/ubuntu/tcp_client.out
[exit=0]

$ python3 /home/ivo/Evaluation-of-Live-Migration-Strategies-at-the-Edge/Network-live-migration/scripts/orchestrators/tcp_client_benchmark.py cold --source edge-node-1 --dest edge-node-2 --server edge-host-1 --transfer-mode direct --run-id 12-05-2026-direct-cold-0015 --csv /home/ivo/Evaluation-of-Live-Migration-Strategies-at-the-Edge/Network-live-migration/metrics/migration_metrics.csv --profile-name 4_Starlink
[03:33:48] === TCP CLIENT MIGRATION ===
[03:33:48] Run ID: 12-05-2026-direct-cold-0015
[03:33:48] Source: edge-node-1, Dest: edge-node-2
[03:33:48] Server: edge-host-1
[03:33:48] Transfer mode: direct

[03:33:48] === TCP CLIENT COLD MIGRATION ===
[03:33:48] Step 1: Checking source client process...
[03:33:49]   Using PID from /home/ubuntu/tcp_client.pid: 32087
[03:33:50]   Server connections so far: 1
[03:33:50] Step 2: Dumping client with CRIU (--tcp-established)...
[03:33:50] Step 2.5: Moving VIP to destination...
[03:33:51]   Moving VIP 10.138.215.250 from edge-node-1:ens3 -> edge-node-2:ens3
[03:33:56] Step 3: Creating archive...
[03:33:56] Step 4: Transferring archive...
[03:33:56]   Setting up direct SSH trust...
Setting up SSH trust: edge-node-1 → ubuntu@10.138.215.137
  Adding public key to destination's authorized_keys...
  Testing SSH connectivity...
  ✓ SSH trust ready
Setting up SSH trust: edge-node-1 → ubuntu@10.138.215.137
  Adding public key to destination's authorized_keys...
  Testing SSH connectivity...
  ✓ SSH trust ready
  Transferring /home/ubuntu/CRIU-tcp-client.tar.gz via SCP...
[03:34:06] Step 5: Unpacking on destination...
[03:34:06] Step 6: Preparing restore environment...
[03:34:07] Step 7: Restoring client with CRIU (--tcp-established)...
[03:34:07]   Restored PID: 32087
[03:34:07] Step 8: Verifying connection continuity...
[03:34:11]   Client output (tail): PP 5 -> 5
[03:34:11]   Server connections so far: 1
[03:34:11] ✓ SUCCESS: Client restored and TCP socket appears established
[03:34:11] Total downtime: 7321 ms
[03:34:11] Metrics saved to /home/ivo/Evaluation-of-Live-Migration-Strategies-at-the-Edge/Network-live-migration/metrics/migration_metrics.csv
[exit=0]

$ python3 /home/ivo/Evaluation-of-Live-Migration-Strategies-at-the-Edge/Network-live-migration/scripts/setup/reset_nodes.py edge-node-1 edge-node-2 edge-host-1 10.138.215.250
[03:34:12] Resetting nodes: edge-node-1 -> edge-node-2 (server: edge-host-1, vip: 10.138.215.250)
[03:34:12] Step 1: Killing any existing processes on source...
[03:34:12]   Killing PID 32087 (from /home/ubuntu/tcp_client.pid)
[03:34:13]   Killing PID 32087 (from /home/ubuntu/client.pid)
[03:34:13]   Killing any remaining background processes...
[03:34:15] Step 2: Cleaning source node...
[03:34:16] Step 3: Cleaning destination node...
[03:34:17]   Killing PID 32087 on destination (from /home/ubuntu/tcp_client.pid)
[03:34:18]   Killing PID 32087 on destination (from /home/ubuntu/client.pid)
[03:34:18]   Killing all remaining TCP processes on destination...
[03:34:21] Step 4: Cleaning server node (edge-host-1)...
[03:34:21]   Killing PID 1774258 on server (from /home/ubuntu/tcp_server.pid)
[03:34:24] ✓ Reset complete, nodes are clean
[03:34:24]   Next: Start your application
[exit=0]

$ bash /home/ivo/Evaluation-of-Live-Migration-Strategies-at-the-Edge/Network-live-migration/scripts/workloads/start_tcp_server.sh edge-host-1 5000
[tcp-server] Ensuring tcp-howto binary on edge-host-1...
[tcp-server] Reusing existing /tmp/tcp-howto on edge-host-1
[tcp-server] Starting on edge-host-1 (port 5000)...
[tcp-server] Waiting for listen...
✓ TCP server listening on edge-host-1:5000
[tcp-server] Logs: multipass exec edge-host-1 -- tail -f /home/ubuntu/tcp_server.out
[exit=0]

$ bash /home/ivo/Evaluation-of-Live-Migration-Strategies-at-the-Edge/Network-live-migration/scripts/workloads/start_tcp_client.sh edge-node-1 edge-host-1 5000
[tcp-client] Server endpoint: 10.138.215.36:5000
[tcp-client] Client VIP: 10.138.215.250
[tcp-client] Ensuring tcp-howto binary on edge-node-1...
[tcp-client] Reusing existing /tmp/tcp-howto on edge-node-1
[tcp-client] Ensuring VIP 10.138.215.250 is present on edge-node-1...
ARPING 10.138.215.250 from 10.138.215.250 ens3
Sent 3 probes (3 broadcast(s))
Received 0 response(s)
[tcp-client] Starting on edge-node-1...
[tcp-client] Waiting for established TCP connection...
✓ TCP client connected (PID: 34091)
[tcp-client] Logs: multipass exec edge-node-1 -- tail -f /home/ubuntu/tcp_client.out
[exit=0]

$ python3 /home/ivo/Evaluation-of-Live-Migration-Strategies-at-the-Edge/Network-live-migration/scripts/orchestrators/tcp_client_benchmark.py cold --source edge-node-1 --dest edge-node-2 --server edge-host-1 --transfer-mode direct --run-id 12-05-2026-direct-cold-0016 --csv /home/ivo/Evaluation-of-Live-Migration-Strategies-at-the-Edge/Network-live-migration/metrics/migration_metrics.csv --profile-name 4_Starlink
[03:34:32] === TCP CLIENT MIGRATION ===
[03:34:32] Run ID: 12-05-2026-direct-cold-0016
[03:34:32] Source: edge-node-1, Dest: edge-node-2
[03:34:32] Server: edge-host-1
[03:34:32] Transfer mode: direct

[03:34:32] === TCP CLIENT COLD MIGRATION ===
[03:34:32] Step 1: Checking source client process...
[03:34:33]   Using PID from /home/ubuntu/tcp_client.pid: 34091
[03:34:34]   Server connections so far: 1
[03:34:35] Step 2: Dumping client with CRIU (--tcp-established)...
[03:34:35] Step 2.5: Moving VIP to destination...
[03:34:35]   Moving VIP 10.138.215.250 from edge-node-1:ens3 -> edge-node-2:ens3
[03:34:40] Step 3: Creating archive...
[03:34:41] Step 4: Transferring archive...
[03:34:41]   Setting up direct SSH trust...
Setting up SSH trust: edge-node-1 → ubuntu@10.138.215.137
  Adding public key to destination's authorized_keys...
  Testing SSH connectivity...
  ✓ SSH trust ready
Setting up SSH trust: edge-node-1 → ubuntu@10.138.215.137
  Adding public key to destination's authorized_keys...
  Testing SSH connectivity...
  ✓ SSH trust ready
  Transferring /home/ubuntu/CRIU-tcp-client.tar.gz via SCP...
[03:34:50] Step 5: Unpacking on destination...
[03:34:50] Step 6: Preparing restore environment...
[03:34:51] Step 7: Restoring client with CRIU (--tcp-established)...
[03:34:51]   Restored PID: 34091
[03:34:51] Step 8: Verifying connection continuity...
[03:34:54]   Client output (tail): PP 5 -> 5
[03:34:55]   Server connections so far: 1
[03:34:55] ✓ SUCCESS: Client restored and TCP socket appears established
[03:34:55] Total downtime: 6674 ms
[03:34:55] Metrics saved to /home/ivo/Evaluation-of-Live-Migration-Strategies-at-the-Edge/Network-live-migration/metrics/migration_metrics.csv
[exit=0]

$ python3 /home/ivo/Evaluation-of-Live-Migration-Strategies-at-the-Edge/Network-live-migration/scripts/setup/reset_nodes.py edge-node-1 edge-node-2 edge-host-1 10.138.215.250
[03:34:56] Resetting nodes: edge-node-1 -> edge-node-2 (server: edge-host-1, vip: 10.138.215.250)
[03:34:56] Step 1: Killing any existing processes on source...
[03:34:56]   Killing PID 34091 (from /home/ubuntu/tcp_client.pid)
[03:34:57]   Killing PID 34091 (from /home/ubuntu/client.pid)
[03:34:57]   Killing any remaining background processes...
[03:34:59] Step 2: Cleaning source node...
[03:35:00] Step 3: Cleaning destination node...
[03:35:01]   Killing PID 34091 on destination (from /home/ubuntu/tcp_client.pid)
[03:35:01]   Killing PID 34091 on destination (from /home/ubuntu/client.pid)
[03:35:02]   Killing all remaining TCP processes on destination...
[03:35:05] Step 4: Cleaning server node (edge-host-1)...
[03:35:05]   Killing PID 1775297 on server (from /home/ubuntu/tcp_server.pid)
[03:35:08] ✓ Reset complete, nodes are clean
[03:35:08]   Next: Start your application
[exit=0]

$ bash /home/ivo/Evaluation-of-Live-Migration-Strategies-at-the-Edge/Network-live-migration/scripts/workloads/start_tcp_server.sh edge-host-1 5000
[tcp-server] Ensuring tcp-howto binary on edge-host-1...
[tcp-server] Reusing existing /tmp/tcp-howto on edge-host-1
[tcp-server] Starting on edge-host-1 (port 5000)...
[tcp-server] Waiting for listen...
✓ TCP server listening on edge-host-1:5000
[tcp-server] Logs: multipass exec edge-host-1 -- tail -f /home/ubuntu/tcp_server.out
[exit=0]

$ bash /home/ivo/Evaluation-of-Live-Migration-Strategies-at-the-Edge/Network-live-migration/scripts/workloads/start_tcp_client.sh edge-node-1 edge-host-1 5000
[tcp-client] Server endpoint: 10.138.215.36:5000
[tcp-client] Client VIP: 10.138.215.250
[tcp-client] Ensuring tcp-howto binary on edge-node-1...
[tcp-client] Reusing existing /tmp/tcp-howto on edge-node-1
[tcp-client] Ensuring VIP 10.138.215.250 is present on edge-node-1...
ARPING 10.138.215.250 from 10.138.215.250 ens3
Sent 3 probes (3 broadcast(s))
Received 0 response(s)
[tcp-client] Starting on edge-node-1...
[tcp-client] Waiting for established TCP connection...
✓ TCP client connected (PID: 36088)
[tcp-client] Logs: multipass exec edge-node-1 -- tail -f /home/ubuntu/tcp_client.out
[exit=0]

$ python3 /home/ivo/Evaluation-of-Live-Migration-Strategies-at-the-Edge/Network-live-migration/scripts/orchestrators/tcp_client_benchmark.py cold --source edge-node-1 --dest edge-node-2 --server edge-host-1 --transfer-mode direct --run-id 12-05-2026-direct-cold-0017 --csv /home/ivo/Evaluation-of-Live-Migration-Strategies-at-the-Edge/Network-live-migration/metrics/migration_metrics.csv --profile-name 4_Starlink
[03:35:16] === TCP CLIENT MIGRATION ===
[03:35:16] Run ID: 12-05-2026-direct-cold-0017
[03:35:16] Source: edge-node-1, Dest: edge-node-2
[03:35:16] Server: edge-host-1
[03:35:16] Transfer mode: direct

[03:35:16] === TCP CLIENT COLD MIGRATION ===
[03:35:16] Step 1: Checking source client process...
[03:35:16]   Using PID from /home/ubuntu/tcp_client.pid: 36088
[03:35:17]   Server connections so far: 1
[03:35:18] Step 2: Dumping client with CRIU (--tcp-established)...
[03:35:18] Step 2.5: Moving VIP to destination...
[03:35:19]   Moving VIP 10.138.215.250 from edge-node-1:ens3 -> edge-node-2:ens3
[03:35:24] Step 3: Creating archive...
[03:35:24] Step 4: Transferring archive...
[03:35:24]   Setting up direct SSH trust...
Setting up SSH trust: edge-node-1 → ubuntu@10.138.215.137
  Adding public key to destination's authorized_keys...
  Testing SSH connectivity...
  ✓ SSH trust ready
Setting up SSH trust: edge-node-1 → ubuntu@10.138.215.137
  Adding public key to destination's authorized_keys...
  Testing SSH connectivity...
  ✓ SSH trust ready
  Transferring /home/ubuntu/CRIU-tcp-client.tar.gz via SCP...
[03:35:34] Step 5: Unpacking on destination...
[03:35:34] Step 6: Preparing restore environment...
[03:35:34] Step 7: Restoring client with CRIU (--tcp-established)...
[03:35:35]   Restored PID: 36088
[03:35:35] Step 8: Verifying connection continuity...
[03:35:39]   Client output (tail): PP 5 -> 5
[03:35:39]   Server connections so far: 1
[03:35:39] ✓ SUCCESS: Client restored and TCP socket appears established
[03:35:39] Total downtime: 7068 ms
[03:35:39] Metrics saved to /home/ivo/Evaluation-of-Live-Migration-Strategies-at-the-Edge/Network-live-migration/metrics/migration_metrics.csv
[exit=0]

$ python3 /home/ivo/Evaluation-of-Live-Migration-Strategies-at-the-Edge/Network-live-migration/scripts/setup/reset_nodes.py edge-node-1 edge-node-2 edge-host-1 10.138.215.250
[03:35:40] Resetting nodes: edge-node-1 -> edge-node-2 (server: edge-host-1, vip: 10.138.215.250)
[03:35:40] Step 1: Killing any existing processes on source...
[03:35:40]   Killing PID 36088 (from /home/ubuntu/tcp_client.pid)
[03:35:41]   Killing PID 36088 (from /home/ubuntu/client.pid)
[03:35:41]   Killing any remaining background processes...
[03:35:43] Step 2: Cleaning source node...
[03:35:44] Step 3: Cleaning destination node...
[03:35:45]   Killing PID 36088 on destination (from /home/ubuntu/tcp_client.pid)
[03:35:45]   Killing PID 36088 on destination (from /home/ubuntu/client.pid)
[03:35:46]   Killing all remaining TCP processes on destination...
[03:35:49] Step 4: Cleaning server node (edge-host-1)...
[03:35:49]   Killing PID 1776341 on server (from /home/ubuntu/tcp_server.pid)
[03:35:52] ✓ Reset complete, nodes are clean
[03:35:52]   Next: Start your application
[exit=0]

$ bash /home/ivo/Evaluation-of-Live-Migration-Strategies-at-the-Edge/Network-live-migration/scripts/workloads/start_tcp_server.sh edge-host-1 5000
[tcp-server] Ensuring tcp-howto binary on edge-host-1...
[tcp-server] Reusing existing /tmp/tcp-howto on edge-host-1
[tcp-server] Starting on edge-host-1 (port 5000)...
[tcp-server] Waiting for listen...
✓ TCP server listening on edge-host-1:5000
[tcp-server] Logs: multipass exec edge-host-1 -- tail -f /home/ubuntu/tcp_server.out
[exit=0]

$ bash /home/ivo/Evaluation-of-Live-Migration-Strategies-at-the-Edge/Network-live-migration/scripts/workloads/start_tcp_client.sh edge-node-1 edge-host-1 5000
[tcp-client] Server endpoint: 10.138.215.36:5000
[tcp-client] Client VIP: 10.138.215.250
[tcp-client] Ensuring tcp-howto binary on edge-node-1...
[tcp-client] Reusing existing /tmp/tcp-howto on edge-node-1
[tcp-client] Ensuring VIP 10.138.215.250 is present on edge-node-1...
ARPING 10.138.215.250 from 10.138.215.250 ens3
Sent 3 probes (3 broadcast(s))
Received 0 response(s)
[tcp-client] Starting on edge-node-1...
[tcp-client] Waiting for established TCP connection...
✓ TCP client connected (PID: 38349)
[tcp-client] Logs: multipass exec edge-node-1 -- tail -f /home/ubuntu/tcp_client.out
[exit=0]

$ python3 /home/ivo/Evaluation-of-Live-Migration-Strategies-at-the-Edge/Network-live-migration/scripts/orchestrators/tcp_client_benchmark.py cold --source edge-node-1 --dest edge-node-2 --server edge-host-1 --transfer-mode direct --run-id 12-05-2026-direct-cold-0018 --csv /home/ivo/Evaluation-of-Live-Migration-Strategies-at-the-Edge/Network-live-migration/metrics/migration_metrics.csv --profile-name 4_Starlink
[03:36:00] === TCP CLIENT MIGRATION ===
[03:36:00] Run ID: 12-05-2026-direct-cold-0018
[03:36:00] Source: edge-node-1, Dest: edge-node-2
[03:36:00] Server: edge-host-1
[03:36:00] Transfer mode: direct

[03:36:00] === TCP CLIENT COLD MIGRATION ===
[03:36:00] Step 1: Checking source client process...
[03:36:01]   Using PID from /home/ubuntu/tcp_client.pid: 38349
[03:36:02]   Server connections so far: 1
[03:36:02] Step 2: Dumping client with CRIU (--tcp-established)...
[03:36:02] Step 2.5: Moving VIP to destination...
[03:36:03]   Moving VIP 10.138.215.250 from edge-node-1:ens3 -> edge-node-2:ens3
[03:36:09] Step 3: Creating archive...
[03:36:09] Step 4: Transferring archive...
[03:36:09]   Setting up direct SSH trust...
Setting up SSH trust: edge-node-1 → ubuntu@10.138.215.137
  Adding public key to destination's authorized_keys...
  Testing SSH connectivity...
  ✓ SSH trust ready
Setting up SSH trust: edge-node-1 → ubuntu@10.138.215.137
  Adding public key to destination's authorized_keys...
  Testing SSH connectivity...
  ✓ SSH trust ready
  Transferring /home/ubuntu/CRIU-tcp-client.tar.gz via SCP...
[03:36:19] Step 5: Unpacking on destination...
[03:36:19] Step 6: Preparing restore environment...
[03:36:20] Step 7: Restoring client with CRIU (--tcp-established)...
[03:36:20]   Restored PID: 38349
[03:36:20] Step 8: Verifying connection continuity...
[03:36:23]   Client output (tail): PP 5 -> 5
[03:36:24]   Server connections so far: 1
[03:36:24] ✓ SUCCESS: Client restored and TCP socket appears established
[03:36:24] Total downtime: 7276 ms
[03:36:24] Metrics saved to /home/ivo/Evaluation-of-Live-Migration-Strategies-at-the-Edge/Network-live-migration/metrics/migration_metrics.csv
[exit=0]

$ python3 /home/ivo/Evaluation-of-Live-Migration-Strategies-at-the-Edge/Network-live-migration/scripts/setup/reset_nodes.py edge-node-1 edge-node-2 edge-host-1 10.138.215.250
[03:36:25] Resetting nodes: edge-node-1 -> edge-node-2 (server: edge-host-1, vip: 10.138.215.250)
[03:36:25] Step 1: Killing any existing processes on source...
[03:36:25]   Killing PID 38349 (from /home/ubuntu/tcp_client.pid)
[03:36:26]   Killing PID 38349 (from /home/ubuntu/client.pid)
[03:36:26]   Killing any remaining background processes...
[03:36:28] Step 2: Cleaning source node...
[03:36:29] Step 3: Cleaning destination node...
[03:36:30]   Killing PID 38349 on destination (from /home/ubuntu/tcp_client.pid)
[03:36:31]   Killing PID 38349 on destination (from /home/ubuntu/client.pid)
[03:36:31]   Killing all remaining TCP processes on destination...
[03:36:34] Step 4: Cleaning server node (edge-host-1)...
[03:36:34]   Killing PID 1777624 on server (from /home/ubuntu/tcp_server.pid)
[03:36:37] ✓ Reset complete, nodes are clean
[03:36:37]   Next: Start your application
[exit=0]

$ bash /home/ivo/Evaluation-of-Live-Migration-Strategies-at-the-Edge/Network-live-migration/scripts/workloads/start_tcp_server.sh edge-host-1 5000
[tcp-server] Ensuring tcp-howto binary on edge-host-1...
[tcp-server] Reusing existing /tmp/tcp-howto on edge-host-1
[tcp-server] Starting on edge-host-1 (port 5000)...
[tcp-server] Waiting for listen...
✓ TCP server listening on edge-host-1:5000
[tcp-server] Logs: multipass exec edge-host-1 -- tail -f /home/ubuntu/tcp_server.out
[exit=0]

$ bash /home/ivo/Evaluation-of-Live-Migration-Strategies-at-the-Edge/Network-live-migration/scripts/workloads/start_tcp_client.sh edge-node-1 edge-host-1 5000
[tcp-client] Server endpoint: 10.138.215.36:5000
[tcp-client] Client VIP: 10.138.215.250
[tcp-client] Ensuring tcp-howto binary on edge-node-1...
[tcp-client] Reusing existing /tmp/tcp-howto on edge-node-1
[tcp-client] Ensuring VIP 10.138.215.250 is present on edge-node-1...
ARPING 10.138.215.250 from 10.138.215.250 ens3
Sent 3 probes (3 broadcast(s))
Received 0 response(s)
[tcp-client] Starting on edge-node-1...
[tcp-client] Waiting for established TCP connection...
✓ TCP client connected (PID: 40361)
[tcp-client] Logs: multipass exec edge-node-1 -- tail -f /home/ubuntu/tcp_client.out
[exit=0]

$ python3 /home/ivo/Evaluation-of-Live-Migration-Strategies-at-the-Edge/Network-live-migration/scripts/orchestrators/tcp_client_benchmark.py cold --source edge-node-1 --dest edge-node-2 --server edge-host-1 --transfer-mode direct --run-id 12-05-2026-direct-cold-0019 --csv /home/ivo/Evaluation-of-Live-Migration-Strategies-at-the-Edge/Network-live-migration/metrics/migration_metrics.csv --profile-name 4_Starlink
[03:36:45] === TCP CLIENT MIGRATION ===
[03:36:45] Run ID: 12-05-2026-direct-cold-0019
[03:36:45] Source: edge-node-1, Dest: edge-node-2
[03:36:45] Server: edge-host-1
[03:36:45] Transfer mode: direct

[03:36:45] === TCP CLIENT COLD MIGRATION ===
[03:36:45] Step 1: Checking source client process...
[03:36:46]   Using PID from /home/ubuntu/tcp_client.pid: 40361
[03:36:47]   Server connections so far: 1
[03:36:47] Step 2: Dumping client with CRIU (--tcp-established)...
[03:36:48] Step 2.5: Moving VIP to destination...
[03:36:48]   Moving VIP 10.138.215.250 from edge-node-1:ens3 -> edge-node-2:ens3
[03:36:53] Step 3: Creating archive...
[03:36:54] Step 4: Transferring archive...
[03:36:54]   Setting up direct SSH trust...
Setting up SSH trust: edge-node-1 → ubuntu@10.138.215.137
  Adding public key to destination's authorized_keys...
  Testing SSH connectivity...
  ✓ SSH trust ready
Setting up SSH trust: edge-node-1 → ubuntu@10.138.215.137
  Adding public key to destination's authorized_keys...
  Testing SSH connectivity...
  ✓ SSH trust ready
  Transferring /home/ubuntu/CRIU-tcp-client.tar.gz via SCP...
[03:37:02] Step 5: Unpacking on destination...
[03:37:02] Step 6: Preparing restore environment...
[03:37:03] Step 7: Restoring client with CRIU (--tcp-established)...
[03:37:04]   Restored PID: 40361
[03:37:04] Step 8: Verifying connection continuity...
[03:37:07]   Client output (tail): PP 5 -> 5
[03:37:08]   Server connections so far: 1
[03:37:08] ✓ SUCCESS: Client restored and TCP socket appears established
[03:37:08] Total downtime: 6368 ms
[03:37:08] Metrics saved to /home/ivo/Evaluation-of-Live-Migration-Strategies-at-the-Edge/Network-live-migration/metrics/migration_metrics.csv
[exit=0]

$ python3 /home/ivo/Evaluation-of-Live-Migration-Strategies-at-the-Edge/Network-live-migration/scripts/setup/reset_nodes.py edge-node-1 edge-node-2 edge-host-1 10.138.215.250
[03:37:08] Resetting nodes: edge-node-1 -> edge-node-2 (server: edge-host-1, vip: 10.138.215.250)
[03:37:08] Step 1: Killing any existing processes on source...
[03:37:09]   Killing PID 40361 (from /home/ubuntu/tcp_client.pid)
[03:37:09]   Killing PID 40361 (from /home/ubuntu/client.pid)
[03:37:10]   Killing any remaining background processes...
[03:37:11] Step 2: Cleaning source node...
[03:37:13] Step 3: Cleaning destination node...
[03:37:13]   Killing PID 40361 on destination (from /home/ubuntu/tcp_client.pid)
[03:37:14]   Killing PID 40361 on destination (from /home/ubuntu/client.pid)
[03:37:14]   Killing all remaining TCP processes on destination...
[03:37:18] Step 4: Cleaning server node (edge-host-1)...
[03:37:18]   Killing PID 1778672 on server (from /home/ubuntu/tcp_server.pid)
[03:37:20] ✓ Reset complete, nodes are clean
[03:37:20]   Next: Start your application
[exit=0]

$ bash /home/ivo/Evaluation-of-Live-Migration-Strategies-at-the-Edge/Network-live-migration/scripts/workloads/start_tcp_server.sh edge-host-1 5000
[tcp-server] Ensuring tcp-howto binary on edge-host-1...
[tcp-server] Reusing existing /tmp/tcp-howto on edge-host-1
[tcp-server] Starting on edge-host-1 (port 5000)...
[tcp-server] Waiting for listen...
✓ TCP server listening on edge-host-1:5000
[tcp-server] Logs: multipass exec edge-host-1 -- tail -f /home/ubuntu/tcp_server.out
[exit=0]

$ bash /home/ivo/Evaluation-of-Live-Migration-Strategies-at-the-Edge/Network-live-migration/scripts/workloads/start_tcp_client.sh edge-node-1 edge-host-1 5000
[tcp-client] Server endpoint: 10.138.215.36:5000
[tcp-client] Client VIP: 10.138.215.250
[tcp-client] Ensuring tcp-howto binary on edge-node-1...
[tcp-client] Reusing existing /tmp/tcp-howto on edge-node-1
[tcp-client] Ensuring VIP 10.138.215.250 is present on edge-node-1...
ARPING 10.138.215.250 from 10.138.215.250 ens3
Sent 3 probes (3 broadcast(s))
Received 0 response(s)
[tcp-client] Starting on edge-node-1...
[tcp-client] Waiting for established TCP connection...
✓ TCP client connected (PID: 42364)
[tcp-client] Logs: multipass exec edge-node-1 -- tail -f /home/ubuntu/tcp_client.out
[exit=0]

$ python3 /home/ivo/Evaluation-of-Live-Migration-Strategies-at-the-Edge/Network-live-migration/scripts/orchestrators/tcp_client_benchmark.py precopy --source edge-node-1 --dest edge-node-2 --server edge-host-1 --transfer-mode host --run-id 12-05-2026-host-precopy-0010 --csv /home/ivo/Evaluation-of-Live-Migration-Strategies-at-the-Edge/Network-live-migration/metrics/migration_metrics.csv --profile-name 4_Starlink --relay-node edge-host-1 --iterations 3
[03:37:29] === TCP CLIENT MIGRATION ===
[03:37:29] Run ID: 12-05-2026-host-precopy-0010
[03:37:29] Source: edge-node-1, Dest: edge-node-2
[03:37:29] Server: edge-host-1
[03:37:29] Transfer mode: host
[03:37:29] Relay node: edge-host-1

[03:37:29] === TCP CLIENT PRE-COPY MIGRATION (3 iterations) ===
[03:37:29] Step 1: Checking source client process...
[03:37:29]   Using PID from /home/ubuntu/tcp_client.pid: 42364
[03:37:30]   Server connections so far: 1
[03:37:31] Step 2: Preparing CRIU directory...
[03:37:31] Step 3: Running 3 pre-dumps and transferring them while client keeps running...
[03:37:31]   Pre-dump 1/3 complete
[03:37:31]   Archiving and transferring pre-dump 1...
  Transferring /home/ubuntu/CRIU-tcp-client-iter-0.tar.gz via relay node edge-host-1...
Setting up SSH trust: edge-node-1 → ubuntu@10.138.215.36
  Adding public key to destination's authorized_keys...
  Testing SSH connectivity...
  ✓ SSH trust ready
Setting up SSH trust: edge-host-1 → ubuntu@10.138.215.137
  Adding public key to destination's authorized_keys...
  Testing SSH connectivity...
  ✓ SSH trust ready
[03:37:46]   Pre-dump 2/3 complete
[03:37:46]   Archiving and transferring pre-dump 2...
  Transferring /home/ubuntu/CRIU-tcp-client-iter-1.tar.gz via relay node edge-host-1...
Setting up SSH trust: edge-node-1 → ubuntu@10.138.215.36
  Adding public key to destination's authorized_keys...
  Testing SSH connectivity...
  ✓ SSH trust ready
Setting up SSH trust: edge-host-1 → ubuntu@10.138.215.137
  Adding public key to destination's authorized_keys...
  Testing SSH connectivity...
  ✓ SSH trust ready
[03:38:00]   Pre-dump 3/3 complete
[03:38:00]   Archiving and transferring pre-dump 3...
  Transferring /home/ubuntu/CRIU-tcp-client-iter-2.tar.gz via relay node edge-host-1...
Setting up SSH trust: edge-node-1 → ubuntu@10.138.215.36
  Adding public key to destination's authorized_keys...
  Testing SSH connectivity...
  ✓ SSH trust ready
Setting up SSH trust: edge-host-1 → ubuntu@10.138.215.137
  Adding public key to destination's authorized_keys...
  Testing SSH connectivity...
  ✓ SSH trust ready
[03:38:14]   Pre-copy transfer outside downtime: archive=893 ms, transfer=36924 ms, unpack=923 ms, bytes=22442
[03:38:14] Step 4: Final dump (freezing client)...
[03:38:15] Step 4.5: Moving VIP to destination...
[03:38:15]   Moving VIP 10.138.215.250 from edge-node-1:ens3 -> edge-node-2:ens3
[03:38:20] Step 5: Creating final dump archive...
[03:38:21] Step 6: Transferring archive...
  Transferring /home/ubuntu/CRIU-tcp-client-final.tar.gz via relay node edge-host-1...
Setting up SSH trust: edge-node-1 → ubuntu@10.138.215.36
  Adding public key to destination's authorized_keys...
  Testing SSH connectivity...
  ✓ SSH trust ready
Setting up SSH trust: edge-host-1 → ubuntu@10.138.215.137
  Adding public key to destination's authorized_keys...
  Testing SSH connectivity...
  ✓ SSH trust ready
[03:38:34] Step 7: Unpacking on destination...
[03:38:34] Step 8: Preparing restore environment...
[03:38:35] Step 9: Restoring client (--tcp-established)...
[03:38:35] Step 10: Verifying connection continuity...
[03:38:39]   Client output (tail): PP 27 -> 27
[03:38:39]   Server connections so far: 1
[03:38:39] ✓ SUCCESS: Client restored and TCP socket appears established
[03:38:39] Metrics saved to /home/ivo/Evaluation-of-Live-Migration-Strategies-at-the-Edge/Network-live-migration/metrics/migration_metrics.csv
[exit=0]

$ python3 /home/ivo/Evaluation-of-Live-Migration-Strategies-at-the-Edge/Network-live-migration/scripts/setup/reset_nodes.py edge-node-1 edge-node-2 edge-host-1 10.138.215.250
[03:38:40] Resetting nodes: edge-node-1 -> edge-node-2 (server: edge-host-1, vip: 10.138.215.250)
[03:38:40] Step 1: Killing any existing processes on source...
[03:38:40]   Killing PID 42364 (from /home/ubuntu/tcp_client.pid)
[03:38:41]   Killing PID 42364 (from /home/ubuntu/client.pid)
[03:38:41]   Killing any remaining background processes...
[03:38:43] Step 2: Cleaning source node...
[03:38:44] Step 3: Cleaning destination node...
[03:38:45]   Killing PID 42364 on destination (from /home/ubuntu/tcp_client.pid)
[03:38:46]   Killing PID 42364 on destination (from /home/ubuntu/client.pid)
[03:38:46]   Killing all remaining TCP processes on destination...
[03:38:49] Step 4: Cleaning server node (edge-host-1)...
[03:38:49]   Killing PID 1779712 on server (from /home/ubuntu/tcp_server.pid)
[03:38:52] ✓ Reset complete, nodes are clean
[03:38:52]   Next: Start your application
[exit=0]

$ bash /home/ivo/Evaluation-of-Live-Migration-Strategies-at-the-Edge/Network-live-migration/scripts/workloads/start_tcp_server.sh edge-host-1 5000
[tcp-server] Ensuring tcp-howto binary on edge-host-1...
[tcp-server] Reusing existing /tmp/tcp-howto on edge-host-1
[tcp-server] Starting on edge-host-1 (port 5000)...
[tcp-server] Waiting for listen...
✓ TCP server listening on edge-host-1:5000
[tcp-server] Logs: multipass exec edge-host-1 -- tail -f /home/ubuntu/tcp_server.out
[exit=0]

$ bash /home/ivo/Evaluation-of-Live-Migration-Strategies-at-the-Edge/Network-live-migration/scripts/workloads/start_tcp_client.sh edge-node-1 edge-host-1 5000
[tcp-client] Server endpoint: 10.138.215.36:5000
[tcp-client] Client VIP: 10.138.215.250
[tcp-client] Ensuring tcp-howto binary on edge-node-1...
[tcp-client] Reusing existing /tmp/tcp-howto on edge-node-1
[tcp-client] Ensuring VIP 10.138.215.250 is present on edge-node-1...
ARPING 10.138.215.250 from 10.138.215.250 ens3
Sent 3 probes (3 broadcast(s))
Received 0 response(s)
[tcp-client] Starting on edge-node-1...
[tcp-client] Waiting for established TCP connection...
✓ TCP client connected (PID: 45611)
[tcp-client] Logs: multipass exec edge-node-1 -- tail -f /home/ubuntu/tcp_client.out
[exit=0]

$ python3 /home/ivo/Evaluation-of-Live-Migration-Strategies-at-the-Edge/Network-live-migration/scripts/orchestrators/tcp_client_benchmark.py precopy --source edge-node-1 --dest edge-node-2 --server edge-host-1 --transfer-mode host --run-id 12-05-2026-host-precopy-0011 --csv /home/ivo/Evaluation-of-Live-Migration-Strategies-at-the-Edge/Network-live-migration/metrics/migration_metrics.csv --profile-name 4_Starlink --relay-node edge-host-1 --iterations 3
[03:39:00] === TCP CLIENT MIGRATION ===
[03:39:00] Run ID: 12-05-2026-host-precopy-0011
[03:39:00] Source: edge-node-1, Dest: edge-node-2
[03:39:00] Server: edge-host-1
[03:39:00] Transfer mode: host
[03:39:00] Relay node: edge-host-1

[03:39:00] === TCP CLIENT PRE-COPY MIGRATION (3 iterations) ===
[03:39:00] Step 1: Checking source client process...
[03:39:01]   Using PID from /home/ubuntu/tcp_client.pid: 45611
[03:39:01]   Server connections so far: 1
[03:39:02] Step 2: Preparing CRIU directory...
[03:39:02] Step 3: Running 3 pre-dumps and transferring them while client keeps running...
[03:39:03]   Pre-dump 1/3 complete
[03:39:03]   Archiving and transferring pre-dump 1...
  Transferring /home/ubuntu/CRIU-tcp-client-iter-0.tar.gz via relay node edge-host-1...
Setting up SSH trust: edge-node-1 → ubuntu@10.138.215.36
  Adding public key to destination's authorized_keys...
  Testing SSH connectivity...
  ✓ SSH trust ready
Setting up SSH trust: edge-host-1 → ubuntu@10.138.215.137
  Adding public key to destination's authorized_keys...
  Testing SSH connectivity...
  ✓ SSH trust ready
[03:39:17]   Pre-dump 2/3 complete
[03:39:17]   Archiving and transferring pre-dump 2...
  Transferring /home/ubuntu/CRIU-tcp-client-iter-1.tar.gz via relay node edge-host-1...
Setting up SSH trust: edge-node-1 → ubuntu@10.138.215.36
  Adding public key to destination's authorized_keys...
  Testing SSH connectivity...
  ✓ SSH trust ready
Setting up SSH trust: edge-host-1 → ubuntu@10.138.215.137
  Adding public key to destination's authorized_keys...
  Testing SSH connectivity...
  ✓ SSH trust ready
[03:39:32]   Pre-dump 3/3 complete
[03:39:32]   Archiving and transferring pre-dump 3...
  Transferring /home/ubuntu/CRIU-tcp-client-iter-2.tar.gz via relay node edge-host-1...
Setting up SSH trust: edge-node-1 → ubuntu@10.138.215.36
  Adding public key to destination's authorized_keys...
  Testing SSH connectivity...
  ✓ SSH trust ready
Setting up SSH trust: edge-host-1 → ubuntu@10.138.215.137
  Adding public key to destination's authorized_keys...
  Testing SSH connectivity...
  ✓ SSH trust ready
[03:39:46]   Pre-copy transfer outside downtime: archive=852 ms, transfer=36624 ms, unpack=903 ms, bytes=21437
[03:39:46] Step 4: Final dump (freezing client)...
[03:39:46] Step 4.5: Moving VIP to destination...
[03:39:47]   Moving VIP 10.138.215.250 from edge-node-1:ens3 -> edge-node-2:ens3
[03:39:51] Step 5: Creating final dump archive...
[03:39:52] Step 6: Transferring archive...
  Transferring /home/ubuntu/CRIU-tcp-client-final.tar.gz via relay node edge-host-1...
Setting up SSH trust: edge-node-1 → ubuntu@10.138.215.36
  Adding public key to destination's authorized_keys...
  Testing SSH connectivity...
  ✓ SSH trust ready
Setting up SSH trust: edge-host-1 → ubuntu@10.138.215.137
  Adding public key to destination's authorized_keys...
  Testing SSH connectivity...
  ✓ SSH trust ready
[03:40:04] Step 7: Unpacking on destination...
[03:40:05] Step 8: Preparing restore environment...
[03:40:05] Step 9: Restoring client (--tcp-established)...
[03:40:06] Step 10: Verifying connection continuity...
[03:40:09]   Client output (tail): PP 27 -> 27
[03:40:10]   Server connections so far: 1
[03:40:10] ✓ SUCCESS: Client restored and TCP socket appears established
[03:40:10] Metrics saved to /home/ivo/Evaluation-of-Live-Migration-Strategies-at-the-Edge/Network-live-migration/metrics/migration_metrics.csv
[exit=0]

$ python3 /home/ivo/Evaluation-of-Live-Migration-Strategies-at-the-Edge/Network-live-migration/scripts/setup/reset_nodes.py edge-node-1 edge-node-2 edge-host-1 10.138.215.250
[03:40:10] Resetting nodes: edge-node-1 -> edge-node-2 (server: edge-host-1, vip: 10.138.215.250)
[03:40:10] Step 1: Killing any existing processes on source...
[03:40:11]   Killing PID 45611 (from /home/ubuntu/tcp_client.pid)
[03:40:11]   Killing PID 45611 (from /home/ubuntu/client.pid)
[03:40:12]   Killing any remaining background processes...
[03:40:13] Step 2: Cleaning source node...
[03:40:15] Step 3: Cleaning destination node...
[03:40:15]   Killing PID 45611 on destination (from /home/ubuntu/tcp_client.pid)
[03:40:16]   Killing PID 45611 on destination (from /home/ubuntu/client.pid)
[03:40:16]   Killing all remaining TCP processes on destination...
[03:40:20] Step 4: Cleaning server node (edge-host-1)...
[03:40:20]   Killing PID 1782881 on server (from /home/ubuntu/tcp_server.pid)
[03:40:23] ✓ Reset complete, nodes are clean
[03:40:23]   Next: Start your application
[exit=0]

$ bash /home/ivo/Evaluation-of-Live-Migration-Strategies-at-the-Edge/Network-live-migration/scripts/workloads/start_tcp_server.sh edge-host-1 5000
[tcp-server] Ensuring tcp-howto binary on edge-host-1...
[tcp-server] Reusing existing /tmp/tcp-howto on edge-host-1
[tcp-server] Starting on edge-host-1 (port 5000)...
[tcp-server] Waiting for listen...
✓ TCP server listening on edge-host-1:5000
[tcp-server] Logs: multipass exec edge-host-1 -- tail -f /home/ubuntu/tcp_server.out
[exit=0]

$ bash /home/ivo/Evaluation-of-Live-Migration-Strategies-at-the-Edge/Network-live-migration/scripts/workloads/start_tcp_client.sh edge-node-1 edge-host-1 5000
[tcp-client] Server endpoint: 10.138.215.36:5000
[tcp-client] Client VIP: 10.138.215.250
[tcp-client] Ensuring tcp-howto binary on edge-node-1...
[tcp-client] Reusing existing /tmp/tcp-howto on edge-node-1
[tcp-client] Ensuring VIP 10.138.215.250 is present on edge-node-1...
ARPING 10.138.215.250 from 10.138.215.250 ens3
Sent 3 probes (3 broadcast(s))
Received 0 response(s)
[tcp-client] Starting on edge-node-1...
[tcp-client] Waiting for established TCP connection...
✓ TCP client connected (PID: 48864)
[tcp-client] Logs: multipass exec edge-node-1 -- tail -f /home/ubuntu/tcp_client.out
[exit=0]

$ python3 /home/ivo/Evaluation-of-Live-Migration-Strategies-at-the-Edge/Network-live-migration/scripts/orchestrators/tcp_client_benchmark.py precopy --source edge-node-1 --dest edge-node-2 --server edge-host-1 --transfer-mode host --run-id 12-05-2026-host-precopy-0012 --csv /home/ivo/Evaluation-of-Live-Migration-Strategies-at-the-Edge/Network-live-migration/metrics/migration_metrics.csv --profile-name 4_Starlink --relay-node edge-host-1 --iterations 3
[03:40:31] === TCP CLIENT MIGRATION ===
[03:40:31] Run ID: 12-05-2026-host-precopy-0012
[03:40:31] Source: edge-node-1, Dest: edge-node-2
[03:40:31] Server: edge-host-1
[03:40:31] Transfer mode: host
[03:40:31] Relay node: edge-host-1

[03:40:31] === TCP CLIENT PRE-COPY MIGRATION (3 iterations) ===
[03:40:31] Step 1: Checking source client process...
[03:40:31]   Using PID from /home/ubuntu/tcp_client.pid: 48864
[03:40:33]   Server connections so far: 1
[03:40:33] Step 2: Preparing CRIU directory...
[03:40:34] Step 3: Running 3 pre-dumps and transferring them while client keeps running...
[03:40:34]   Pre-dump 1/3 complete
[03:40:34]   Archiving and transferring pre-dump 1...
  Transferring /home/ubuntu/CRIU-tcp-client-iter-0.tar.gz via relay node edge-host-1...
Setting up SSH trust: edge-node-1 → ubuntu@10.138.215.36
  Adding public key to destination's authorized_keys...
  Testing SSH connectivity...
  ✓ SSH trust ready
Setting up SSH trust: edge-host-1 → ubuntu@10.138.215.137
  Adding public key to destination's authorized_keys...
  Testing SSH connectivity...
  ✓ SSH trust ready
[03:40:48]   Pre-dump 2/3 complete
[03:40:48]   Archiving and transferring pre-dump 2...
  Transferring /home/ubuntu/CRIU-tcp-client-iter-1.tar.gz via relay node edge-host-1...
Setting up SSH trust: edge-node-1 → ubuntu@10.138.215.36
  Adding public key to destination's authorized_keys...
  Testing SSH connectivity...
  ✓ SSH trust ready
Setting up SSH trust: edge-host-1 → ubuntu@10.138.215.137
  Adding public key to destination's authorized_keys...
  Testing SSH connectivity...
  ✓ SSH trust ready
[03:41:03]   Pre-dump 3/3 complete
[03:41:03]   Archiving and transferring pre-dump 3...
  Transferring /home/ubuntu/CRIU-tcp-client-iter-2.tar.gz via relay node edge-host-1...
Setting up SSH trust: edge-node-1 → ubuntu@10.138.215.36
  Adding public key to destination's authorized_keys...
  Testing SSH connectivity...
  ✓ SSH trust ready
Setting up SSH trust: edge-host-1 → ubuntu@10.138.215.137
  Adding public key to destination's authorized_keys...
  Testing SSH connectivity...
  ✓ SSH trust ready
[03:41:17]   Pre-copy transfer outside downtime: archive=910 ms, transfer=36771 ms, unpack=911 ms, bytes=22568
[03:41:17] Step 4: Final dump (freezing client)...
[03:41:17] Step 4.5: Moving VIP to destination...
[03:41:18]   Moving VIP 10.138.215.250 from edge-node-1:ens3 -> edge-node-2:ens3
[03:41:23] Step 5: Creating final dump archive...
[03:41:23] Step 6: Transferring archive...
  Transferring /home/ubuntu/CRIU-tcp-client-final.tar.gz via relay node edge-host-1...
Setting up SSH trust: edge-node-1 → ubuntu@10.138.215.36
  Adding public key to destination's authorized_keys...
  Testing SSH connectivity...
  ✓ SSH trust ready
Setting up SSH trust: edge-host-1 → ubuntu@10.138.215.137
  Adding public key to destination's authorized_keys...
  Testing SSH connectivity...
  ✓ SSH trust ready
[03:41:36] Step 7: Unpacking on destination...
[03:41:36] Step 8: Preparing restore environment...
[03:41:37] Step 9: Restoring client (--tcp-established)...
[03:41:38] Step 10: Verifying connection continuity...
[03:41:41]   Client output (tail): PP 28 -> 28
[03:41:42]   Server connections so far: 1
[03:41:42] ✓ SUCCESS: Client restored and TCP socket appears established
[03:41:42] Metrics saved to /home/ivo/Evaluation-of-Live-Migration-Strategies-at-the-Edge/Network-live-migration/metrics/migration_metrics.csv
[exit=0]

$ python3 /home/ivo/Evaluation-of-Live-Migration-Strategies-at-the-Edge/Network-live-migration/scripts/setup/reset_nodes.py edge-node-1 edge-node-2 edge-host-1 10.138.215.250
[03:41:42] Resetting nodes: edge-node-1 -> edge-node-2 (server: edge-host-1, vip: 10.138.215.250)
[03:41:42] Step 1: Killing any existing processes on source...
[03:41:43]   Killing PID 48864 (from /home/ubuntu/tcp_client.pid)
[03:41:43]   Killing PID 48864 (from /home/ubuntu/client.pid)
[03:41:44]   Killing any remaining background processes...
[03:41:45] Step 2: Cleaning source node...
[03:41:47] Step 3: Cleaning destination node...
[03:41:48]   Killing PID 48864 on destination (from /home/ubuntu/tcp_client.pid)
[03:41:48]   Killing PID 48864 on destination (from /home/ubuntu/client.pid)
[03:41:49]   Killing all remaining TCP processes on destination...
[03:41:52] Step 4: Cleaning server node (edge-host-1)...
[03:41:52]   Killing PID 1786062 on server (from /home/ubuntu/tcp_server.pid)
[03:41:55] ✓ Reset complete, nodes are clean
[03:41:55]   Next: Start your application
[exit=0]

$ bash /home/ivo/Evaluation-of-Live-Migration-Strategies-at-the-Edge/Network-live-migration/scripts/workloads/start_tcp_server.sh edge-host-1 5000
[tcp-server] Ensuring tcp-howto binary on edge-host-1...
[tcp-server] Reusing existing /tmp/tcp-howto on edge-host-1
[tcp-server] Starting on edge-host-1 (port 5000)...
[tcp-server] Waiting for listen...
✓ TCP server listening on edge-host-1:5000
[tcp-server] Logs: multipass exec edge-host-1 -- tail -f /home/ubuntu/tcp_server.out
[exit=0]

$ bash /home/ivo/Evaluation-of-Live-Migration-Strategies-at-the-Edge/Network-live-migration/scripts/workloads/start_tcp_client.sh edge-node-1 edge-host-1 5000
[tcp-client] Server endpoint: 10.138.215.36:5000
[tcp-client] Client VIP: 10.138.215.250
[tcp-client] Ensuring tcp-howto binary on edge-node-1...
[tcp-client] Reusing existing /tmp/tcp-howto on edge-node-1
[tcp-client] Ensuring VIP 10.138.215.250 is present on edge-node-1...
ARPING 10.138.215.250 from 10.138.215.250 ens3
Sent 3 probes (3 broadcast(s))
Received 0 response(s)
[tcp-client] Starting on edge-node-1...
[tcp-client] Waiting for established TCP connection...
✓ TCP client connected (PID: 52120)
[tcp-client] Logs: multipass exec edge-node-1 -- tail -f /home/ubuntu/tcp_client.out
[exit=0]

$ python3 /home/ivo/Evaluation-of-Live-Migration-Strategies-at-the-Edge/Network-live-migration/scripts/orchestrators/tcp_client_benchmark.py precopy --source edge-node-1 --dest edge-node-2 --server edge-host-1 --transfer-mode host --run-id 12-05-2026-host-precopy-0013 --csv /home/ivo/Evaluation-of-Live-Migration-Strategies-at-the-Edge/Network-live-migration/metrics/migration_metrics.csv --profile-name 4_Starlink --relay-node edge-host-1 --iterations 3
[03:42:03] === TCP CLIENT MIGRATION ===
[03:42:03] Run ID: 12-05-2026-host-precopy-0013
[03:42:03] Source: edge-node-1, Dest: edge-node-2
[03:42:03] Server: edge-host-1
[03:42:03] Transfer mode: host
[03:42:03] Relay node: edge-host-1

[03:42:03] === TCP CLIENT PRE-COPY MIGRATION (3 iterations) ===
[03:42:03] Step 1: Checking source client process...
[03:42:03]   Using PID from /home/ubuntu/tcp_client.pid: 52120
[03:42:04]   Server connections so far: 1
[03:42:05] Step 2: Preparing CRIU directory...
[03:42:05] Step 3: Running 3 pre-dumps and transferring them while client keeps running...
[03:42:05]   Pre-dump 1/3 complete
[03:42:05]   Archiving and transferring pre-dump 1...
  Transferring /home/ubuntu/CRIU-tcp-client-iter-0.tar.gz via relay node edge-host-1...
Setting up SSH trust: edge-node-1 → ubuntu@10.138.215.36
  Adding public key to destination's authorized_keys...
  Testing SSH connectivity...
  ✓ SSH trust ready
Setting up SSH trust: edge-host-1 → ubuntu@10.138.215.137
  Adding public key to destination's authorized_keys...
  Testing SSH connectivity...
  ✓ SSH trust ready
[03:42:20]   Pre-dump 2/3 complete
[03:42:20]   Archiving and transferring pre-dump 2...
  Transferring /home/ubuntu/CRIU-tcp-client-iter-1.tar.gz via relay node edge-host-1...
Setting up SSH trust: edge-node-1 → ubuntu@10.138.215.36
  Adding public key to destination's authorized_keys...
  Testing SSH connectivity...
  ✓ SSH trust ready
Setting up SSH trust: edge-host-1 → ubuntu@10.138.215.137
  Adding public key to destination's authorized_keys...
  Testing SSH connectivity...
  ✓ SSH trust ready
[03:42:35]   Pre-dump 3/3 complete
[03:42:35]   Archiving and transferring pre-dump 3...
  Transferring /home/ubuntu/CRIU-tcp-client-iter-2.tar.gz via relay node edge-host-1...
Setting up SSH trust: edge-node-1 → ubuntu@10.138.215.36
  Adding public key to destination's authorized_keys...
  Testing SSH connectivity...
  ✓ SSH trust ready
Setting up SSH trust: edge-host-1 → ubuntu@10.138.215.137
  Adding public key to destination's authorized_keys...
  Testing SSH connectivity...
  ✓ SSH trust ready
[03:42:49]   Pre-copy transfer outside downtime: archive=934 ms, transfer=37137 ms, unpack=1235 ms, bytes=21891
[03:42:49] Step 4: Final dump (freezing client)...
[03:42:50] Step 4.5: Moving VIP to destination...
[03:42:50]   Moving VIP 10.138.215.250 from edge-node-1:ens3 -> edge-node-2:ens3
[03:42:55] Step 5: Creating final dump archive...
[03:42:56] Step 6: Transferring archive...
  Transferring /home/ubuntu/CRIU-tcp-client-final.tar.gz via relay node edge-host-1...
Setting up SSH trust: edge-node-1 → ubuntu@10.138.215.36
  Adding public key to destination's authorized_keys...
  Testing SSH connectivity...
  ✓ SSH trust ready
Setting up SSH trust: edge-host-1 → ubuntu@10.138.215.137
  Adding public key to destination's authorized_keys...
  Testing SSH connectivity...
  ✓ SSH trust ready
[03:43:09] Step 7: Unpacking on destination...
[03:43:09] Step 8: Preparing restore environment...
[03:43:10] Step 9: Restoring client (--tcp-established)...
[03:43:10] Step 10: Verifying connection continuity...
[03:43:14]   Client output (tail): PP 29 -> 29
[03:43:14]   Server connections so far: 1
[03:43:14] ✓ SUCCESS: Client restored and TCP socket appears established
[03:43:14] Metrics saved to /home/ivo/Evaluation-of-Live-Migration-Strategies-at-the-Edge/Network-live-migration/metrics/migration_metrics.csv
[exit=0]

$ python3 /home/ivo/Evaluation-of-Live-Migration-Strategies-at-the-Edge/Network-live-migration/scripts/setup/reset_nodes.py edge-node-1 edge-node-2 edge-host-1 10.138.215.250
[03:43:15] Resetting nodes: edge-node-1 -> edge-node-2 (server: edge-host-1, vip: 10.138.215.250)
[03:43:15] Step 1: Killing any existing processes on source...
[03:43:15]   Killing PID 52120 (from /home/ubuntu/tcp_client.pid)
[03:43:16]   Killing PID 52120 (from /home/ubuntu/client.pid)
[03:43:16]   Killing any remaining background processes...
[03:43:18] Step 2: Cleaning source node...
[03:43:19] Step 3: Cleaning destination node...
[03:43:20]   Killing PID 52120 on destination (from /home/ubuntu/tcp_client.pid)
[03:43:20]   Killing PID 52120 on destination (from /home/ubuntu/client.pid)
[03:43:21]   Killing all remaining TCP processes on destination...
[03:43:24] Step 4: Cleaning server node (edge-host-1)...
[03:43:25]   Killing PID 1789230 on server (from /home/ubuntu/tcp_server.pid)
[03:43:27] ✓ Reset complete, nodes are clean
[03:43:27]   Next: Start your application
[exit=0]

$ bash /home/ivo/Evaluation-of-Live-Migration-Strategies-at-the-Edge/Network-live-migration/scripts/workloads/start_tcp_server.sh edge-host-1 5000
[tcp-server] Ensuring tcp-howto binary on edge-host-1...
[tcp-server] Reusing existing /tmp/tcp-howto on edge-host-1
[tcp-server] Starting on edge-host-1 (port 5000)...
[tcp-server] Waiting for listen...
✓ TCP server listening on edge-host-1:5000
[tcp-server] Logs: multipass exec edge-host-1 -- tail -f /home/ubuntu/tcp_server.out
[exit=0]

$ bash /home/ivo/Evaluation-of-Live-Migration-Strategies-at-the-Edge/Network-live-migration/scripts/workloads/start_tcp_client.sh edge-node-1 edge-host-1 5000
[tcp-client] Server endpoint: 10.138.215.36:5000
[tcp-client] Client VIP: 10.138.215.250
[tcp-client] Ensuring tcp-howto binary on edge-node-1...
[tcp-client] Reusing existing /tmp/tcp-howto on edge-node-1
[tcp-client] Ensuring VIP 10.138.215.250 is present on edge-node-1...
ARPING 10.138.215.250 from 10.138.215.250 ens3
Sent 3 probes (3 broadcast(s))
Received 0 response(s)
[tcp-client] Starting on edge-node-1...
[tcp-client] Waiting for established TCP connection...
✓ TCP client connected (PID: 55365)
[tcp-client] Logs: multipass exec edge-node-1 -- tail -f /home/ubuntu/tcp_client.out
[exit=0]

$ python3 /home/ivo/Evaluation-of-Live-Migration-Strategies-at-the-Edge/Network-live-migration/scripts/orchestrators/tcp_client_benchmark.py precopy --source edge-node-1 --dest edge-node-2 --server edge-host-1 --transfer-mode host --run-id 12-05-2026-host-precopy-0014 --csv /home/ivo/Evaluation-of-Live-Migration-Strategies-at-the-Edge/Network-live-migration/metrics/migration_metrics.csv --profile-name 4_Starlink --relay-node edge-host-1 --iterations 3
[03:43:35] === TCP CLIENT MIGRATION ===
[03:43:35] Run ID: 12-05-2026-host-precopy-0014
[03:43:35] Source: edge-node-1, Dest: edge-node-2
[03:43:35] Server: edge-host-1
[03:43:35] Transfer mode: host
[03:43:35] Relay node: edge-host-1

[03:43:35] === TCP CLIENT PRE-COPY MIGRATION (3 iterations) ===
[03:43:35] Step 1: Checking source client process...
[03:43:35]   Using PID from /home/ubuntu/tcp_client.pid: 55365
[03:43:36]   Server connections so far: 1
[03:43:37] Step 2: Preparing CRIU directory...
[03:43:37] Step 3: Running 3 pre-dumps and transferring them while client keeps running...
[03:43:37]   Pre-dump 1/3 complete
[03:43:37]   Archiving and transferring pre-dump 1...
  Transferring /home/ubuntu/CRIU-tcp-client-iter-0.tar.gz via relay node edge-host-1...
Setting up SSH trust: edge-node-1 → ubuntu@10.138.215.36
  Adding public key to destination's authorized_keys...
  Testing SSH connectivity...
  ✓ SSH trust ready
Setting up SSH trust: edge-host-1 → ubuntu@10.138.215.137
  Adding public key to destination's authorized_keys...
  Testing SSH connectivity...
  ✓ SSH trust ready
[03:43:54]   Pre-dump 2/3 complete
[03:43:54]   Archiving and transferring pre-dump 2...
  Transferring /home/ubuntu/CRIU-tcp-client-iter-1.tar.gz via relay node edge-host-1...
Setting up SSH trust: edge-node-1 → ubuntu@10.138.215.36
  Adding public key to destination's authorized_keys...
  Testing SSH connectivity...
  ✓ SSH trust ready
Setting up SSH trust: edge-host-1 → ubuntu@10.138.215.137
  Adding public key to destination's authorized_keys...
  Testing SSH connectivity...
  ✓ SSH trust ready
[03:44:08]   Pre-dump 3/3 complete
[03:44:08]   Archiving and transferring pre-dump 3...
  Transferring /home/ubuntu/CRIU-tcp-client-iter-2.tar.gz via relay node edge-host-1...
Setting up SSH trust: edge-node-1 → ubuntu@10.138.215.36
  Adding public key to destination's authorized_keys...
  Testing SSH connectivity...
  ✓ SSH trust ready
Setting up SSH trust: edge-host-1 → ubuntu@10.138.215.137
  Adding public key to destination's authorized_keys...
  Testing SSH connectivity...
  ✓ SSH trust ready
[03:44:22]   Pre-copy transfer outside downtime: archive=877 ms, transfer=38181 ms, unpack=1004 ms, bytes=22547
[03:44:22] Step 4: Final dump (freezing client)...
[03:44:22] Step 4.5: Moving VIP to destination...
[03:44:23]   Moving VIP 10.138.215.250 from edge-node-1:ens3 -> edge-node-2:ens3
[03:44:28] Step 5: Creating final dump archive...
[03:44:28] Step 6: Transferring archive...
  Transferring /home/ubuntu/CRIU-tcp-client-final.tar.gz via relay node edge-host-1...
Setting up SSH trust: edge-node-1 → ubuntu@10.138.215.36
  Adding public key to destination's authorized_keys...
  Testing SSH connectivity...
  ✓ SSH trust ready
Setting up SSH trust: edge-host-1 → ubuntu@10.138.215.137
  Adding public key to destination's authorized_keys...
  Testing SSH connectivity...
  ✓ SSH trust ready
[03:44:40] Step 7: Unpacking on destination...
[03:44:41] Step 8: Preparing restore environment...
[03:44:41] Step 9: Restoring client (--tcp-established)...
[03:44:42] Step 10: Verifying connection continuity...
[03:44:45]   Client output (tail): PP 28 -> 28
[03:44:46]   Server connections so far: 1
[03:44:46] ✓ SUCCESS: Client restored and TCP socket appears established
[03:44:46] Metrics saved to /home/ivo/Evaluation-of-Live-Migration-Strategies-at-the-Edge/Network-live-migration/metrics/migration_metrics.csv
[exit=0]

$ python3 /home/ivo/Evaluation-of-Live-Migration-Strategies-at-the-Edge/Network-live-migration/scripts/setup/reset_nodes.py edge-node-1 edge-node-2 edge-host-1 10.138.215.250
[03:44:47] Resetting nodes: edge-node-1 -> edge-node-2 (server: edge-host-1, vip: 10.138.215.250)
[03:44:47] Step 1: Killing any existing processes on source...
[03:44:47]   Killing PID 55365 (from /home/ubuntu/tcp_client.pid)
[03:44:48]   Killing PID 55365 (from /home/ubuntu/client.pid)
[03:44:48]   Killing any remaining background processes...
[03:44:49] Step 2: Cleaning source node...
[03:44:51] Step 3: Cleaning destination node...
[03:44:52]   Killing PID 55365 on destination (from /home/ubuntu/tcp_client.pid)
[03:44:52]   Killing PID 55365 on destination (from /home/ubuntu/client.pid)
[03:44:53]   Killing all remaining TCP processes on destination...
[03:44:56] Step 4: Cleaning server node (edge-host-1)...
[03:44:56]   Killing PID 1792409 on server (from /home/ubuntu/tcp_server.pid)
[03:44:59] ✓ Reset complete, nodes are clean
[03:44:59]   Next: Start your application
[exit=0]

$ bash /home/ivo/Evaluation-of-Live-Migration-Strategies-at-the-Edge/Network-live-migration/scripts/workloads/start_tcp_server.sh edge-host-1 5000
[tcp-server] Ensuring tcp-howto binary on edge-host-1...
[tcp-server] Reusing existing /tmp/tcp-howto on edge-host-1
[tcp-server] Starting on edge-host-1 (port 5000)...
[tcp-server] Waiting for listen...
✓ TCP server listening on edge-host-1:5000
[tcp-server] Logs: multipass exec edge-host-1 -- tail -f /home/ubuntu/tcp_server.out
[exit=0]

$ bash /home/ivo/Evaluation-of-Live-Migration-Strategies-at-the-Edge/Network-live-migration/scripts/workloads/start_tcp_client.sh edge-node-1 edge-host-1 5000
[tcp-client] Server endpoint: 10.138.215.36:5000
[tcp-client] Client VIP: 10.138.215.250
[tcp-client] Ensuring tcp-howto binary on edge-node-1...
[tcp-client] Reusing existing /tmp/tcp-howto on edge-node-1
[tcp-client] Ensuring VIP 10.138.215.250 is present on edge-node-1...
ARPING 10.138.215.250 from 10.138.215.250 ens3
Sent 3 probes (3 broadcast(s))
Received 0 response(s)
[tcp-client] Starting on edge-node-1...
[tcp-client] Waiting for established TCP connection...
✓ TCP client connected (PID: 58627)
[tcp-client] Logs: multipass exec edge-node-1 -- tail -f /home/ubuntu/tcp_client.out
[exit=0]

$ python3 /home/ivo/Evaluation-of-Live-Migration-Strategies-at-the-Edge/Network-live-migration/scripts/orchestrators/tcp_client_benchmark.py precopy --source edge-node-1 --dest edge-node-2 --server edge-host-1 --transfer-mode host --run-id 12-05-2026-host-precopy-0015 --csv /home/ivo/Evaluation-of-Live-Migration-Strategies-at-the-Edge/Network-live-migration/metrics/migration_metrics.csv --profile-name 4_Starlink --relay-node edge-host-1 --iterations 3
[03:45:07] === TCP CLIENT MIGRATION ===
[03:45:07] Run ID: 12-05-2026-host-precopy-0015
[03:45:07] Source: edge-node-1, Dest: edge-node-2
[03:45:07] Server: edge-host-1
[03:45:07] Transfer mode: host
[03:45:07] Relay node: edge-host-1

[03:45:07] === TCP CLIENT PRE-COPY MIGRATION (3 iterations) ===
[03:45:07] Step 1: Checking source client process...
[03:45:07]   Using PID from /home/ubuntu/tcp_client.pid: 58627
[03:45:08]   Server connections so far: 1
[03:45:09] Step 2: Preparing CRIU directory...
[03:45:09] Step 3: Running 3 pre-dumps and transferring them while client keeps running...
[03:45:09]   Pre-dump 1/3 complete
[03:45:09]   Archiving and transferring pre-dump 1...
  Transferring /home/ubuntu/CRIU-tcp-client-iter-0.tar.gz via relay node edge-host-1...
Setting up SSH trust: edge-node-1 → ubuntu@10.138.215.36
  Adding public key to destination's authorized_keys...
  Testing SSH connectivity...
  ✓ SSH trust ready
Setting up SSH trust: edge-host-1 → ubuntu@10.138.215.137
  Adding public key to destination's authorized_keys...
  Testing SSH connectivity...
  ✓ SSH trust ready
[03:45:24]   Pre-dump 2/3 complete
[03:45:24]   Archiving and transferring pre-dump 2...
  Transferring /home/ubuntu/CRIU-tcp-client-iter-1.tar.gz via relay node edge-host-1...
Setting up SSH trust: edge-node-1 → ubuntu@10.138.215.36
  Adding public key to destination's authorized_keys...
  Testing SSH connectivity...
  ✓ SSH trust ready
Setting up SSH trust: edge-host-1 → ubuntu@10.138.215.137
  Adding public key to destination's authorized_keys...
  Testing SSH connectivity...
  ✓ SSH trust ready
[03:45:38]   Pre-dump 3/3 complete
[03:45:38]   Archiving and transferring pre-dump 3...
  Transferring /home/ubuntu/CRIU-tcp-client-iter-2.tar.gz via relay node edge-host-1...
Setting up SSH trust: edge-node-1 → ubuntu@10.138.215.36
  Adding public key to destination's authorized_keys...
  Testing SSH connectivity...
  ✓ SSH trust ready
Setting up SSH trust: edge-host-1 → ubuntu@10.138.215.137
  Adding public key to destination's authorized_keys...
  Testing SSH connectivity...
  ✓ SSH trust ready
[03:45:53]   Pre-copy transfer outside downtime: archive=929 ms, transfer=36858 ms, unpack=872 ms, bytes=21916
[03:45:53] Step 4: Final dump (freezing client)...
[03:45:53] Step 4.5: Moving VIP to destination...
[03:45:54]   Moving VIP 10.138.215.250 from edge-node-1:ens3 -> edge-node-2:ens3
[03:45:59] Step 5: Creating final dump archive...
[03:46:00] Step 6: Transferring archive...
  Transferring /home/ubuntu/CRIU-tcp-client-final.tar.gz via relay node edge-host-1...
Setting up SSH trust: edge-node-1 → ubuntu@10.138.215.36
  Adding public key to destination's authorized_keys...
  Testing SSH connectivity...
  ✓ SSH trust ready
Setting up SSH trust: edge-host-1 → ubuntu@10.138.215.137
  Adding public key to destination's authorized_keys...
  Testing SSH connectivity...
  ✓ SSH trust ready
[03:46:12] Step 7: Unpacking on destination...
[03:46:12] Step 8: Preparing restore environment...
[03:46:13] Step 9: Restoring client (--tcp-established)...
[03:46:13] Step 10: Verifying connection continuity...
[03:46:16]   Client output (tail): PP 28 -> 28
[03:46:17]   Server connections so far: 1
[03:46:17] ✓ SUCCESS: Client restored and TCP socket appears established
[03:46:17] Metrics saved to /home/ivo/Evaluation-of-Live-Migration-Strategies-at-the-Edge/Network-live-migration/metrics/migration_metrics.csv
[exit=0]

$ python3 /home/ivo/Evaluation-of-Live-Migration-Strategies-at-the-Edge/Network-live-migration/scripts/setup/reset_nodes.py edge-node-1 edge-node-2 edge-host-1 10.138.215.250
[03:46:18] Resetting nodes: edge-node-1 -> edge-node-2 (server: edge-host-1, vip: 10.138.215.250)
[03:46:18] Step 1: Killing any existing processes on source...
[03:46:18]   Killing PID 58627 (from /home/ubuntu/tcp_client.pid)
[03:46:19]   Killing PID 58627 (from /home/ubuntu/client.pid)
[03:46:19]   Killing any remaining background processes...
[03:46:21] Step 2: Cleaning source node...
[03:46:22] Step 3: Cleaning destination node...
[03:46:23]   Killing PID 58627 on destination (from /home/ubuntu/tcp_client.pid)
[03:46:23]   Killing PID 58627 on destination (from /home/ubuntu/client.pid)
[03:46:24]   Killing all remaining TCP processes on destination...
[03:46:27] Step 4: Cleaning server node (edge-host-1)...
[03:46:27]   Killing PID 1795578 on server (from /home/ubuntu/tcp_server.pid)
[03:46:30] ✓ Reset complete, nodes are clean
[03:46:30]   Next: Start your application
[exit=0]

$ bash /home/ivo/Evaluation-of-Live-Migration-Strategies-at-the-Edge/Network-live-migration/scripts/workloads/start_tcp_server.sh edge-host-1 5000
[tcp-server] Ensuring tcp-howto binary on edge-host-1...
[tcp-server] Reusing existing /tmp/tcp-howto on edge-host-1
[tcp-server] Starting on edge-host-1 (port 5000)...
[tcp-server] Waiting for listen...
✓ TCP server listening on edge-host-1:5000
[tcp-server] Logs: multipass exec edge-host-1 -- tail -f /home/ubuntu/tcp_server.out
[exit=0]

$ bash /home/ivo/Evaluation-of-Live-Migration-Strategies-at-the-Edge/Network-live-migration/scripts/workloads/start_tcp_client.sh edge-node-1 edge-host-1 5000
[tcp-client] Server endpoint: 10.138.215.36:5000
[tcp-client] Client VIP: 10.138.215.250
[tcp-client] Ensuring tcp-howto binary on edge-node-1...
[tcp-client] Reusing existing /tmp/tcp-howto on edge-node-1
[tcp-client] Ensuring VIP 10.138.215.250 is present on edge-node-1...
ARPING 10.138.215.250 from 10.138.215.250 ens3
Sent 3 probes (3 broadcast(s))
Received 0 response(s)
[tcp-client] Starting on edge-node-1...
[tcp-client] Waiting for established TCP connection...
✓ TCP client connected (PID: 61878)
[tcp-client] Logs: multipass exec edge-node-1 -- tail -f /home/ubuntu/tcp_client.out
[exit=0]

$ python3 /home/ivo/Evaluation-of-Live-Migration-Strategies-at-the-Edge/Network-live-migration/scripts/orchestrators/tcp_client_benchmark.py precopy --source edge-node-1 --dest edge-node-2 --server edge-host-1 --transfer-mode host --run-id 12-05-2026-host-precopy-0016 --csv /home/ivo/Evaluation-of-Live-Migration-Strategies-at-the-Edge/Network-live-migration/metrics/migration_metrics.csv --profile-name 4_Starlink --relay-node edge-host-1 --iterations 3
[03:46:38] === TCP CLIENT MIGRATION ===
[03:46:38] Run ID: 12-05-2026-host-precopy-0016
[03:46:38] Source: edge-node-1, Dest: edge-node-2
[03:46:38] Server: edge-host-1
[03:46:38] Transfer mode: host
[03:46:38] Relay node: edge-host-1

[03:46:38] === TCP CLIENT PRE-COPY MIGRATION (3 iterations) ===
[03:46:38] Step 1: Checking source client process...
[03:46:39]   Using PID from /home/ubuntu/tcp_client.pid: 61878
[03:46:39]   Server connections so far: 1
[03:46:40] Step 2: Preparing CRIU directory...
[03:46:40] Step 3: Running 3 pre-dumps and transferring them while client keeps running...
[03:46:41]   Pre-dump 1/3 complete
[03:46:41]   Archiving and transferring pre-dump 1...
  Transferring /home/ubuntu/CRIU-tcp-client-iter-0.tar.gz via relay node edge-host-1...
Setting up SSH trust: edge-node-1 → ubuntu@10.138.215.36
  Adding public key to destination's authorized_keys...
  Testing SSH connectivity...
  ✓ SSH trust ready
Setting up SSH trust: edge-host-1 → ubuntu@10.138.215.137
  Adding public key to destination's authorized_keys...
  Testing SSH connectivity...
  ✓ SSH trust ready
[03:46:56]   Pre-dump 2/3 complete
[03:46:56]   Archiving and transferring pre-dump 2...
  Transferring /home/ubuntu/CRIU-tcp-client-iter-1.tar.gz via relay node edge-host-1...
Setting up SSH trust: edge-node-1 → ubuntu@10.138.215.36
  Adding public key to destination's authorized_keys...
  Testing SSH connectivity...
  ✓ SSH trust ready
Setting up SSH trust: edge-host-1 → ubuntu@10.138.215.137
  Adding public key to destination's authorized_keys...
  Testing SSH connectivity...
  ✓ SSH trust ready
[03:47:10]   Pre-dump 3/3 complete
[03:47:10]   Archiving and transferring pre-dump 3...
  Transferring /home/ubuntu/CRIU-tcp-client-iter-2.tar.gz via relay node edge-host-1...
Setting up SSH trust: edge-node-1 → ubuntu@10.138.215.36
  Adding public key to destination's authorized_keys...
  Testing SSH connectivity...
  ✓ SSH trust ready
Setting up SSH trust: edge-host-1 → ubuntu@10.138.215.137
  Adding public key to destination's authorized_keys...
  Testing SSH connectivity...
  ✓ SSH trust ready
[03:47:24]   Pre-copy transfer outside downtime: archive=903 ms, transfer=36283 ms, unpack=933 ms, bytes=21864
[03:47:24] Step 4: Final dump (freezing client)...
[03:47:24] Step 4.5: Moving VIP to destination...
[03:47:25]   Moving VIP 10.138.215.250 from edge-node-1:ens3 -> edge-node-2:ens3
[03:47:30] Step 5: Creating final dump archive...
[03:47:30] Step 6: Transferring archive...
  Transferring /home/ubuntu/CRIU-tcp-client-final.tar.gz via relay node edge-host-1...
Setting up SSH trust: edge-node-1 → ubuntu@10.138.215.36
  Adding public key to destination's authorized_keys...
  Testing SSH connectivity...
  ✓ SSH trust ready
Setting up SSH trust: edge-host-1 → ubuntu@10.138.215.137
  Adding public key to destination's authorized_keys...
  Testing SSH connectivity...
  ✓ SSH trust ready
[03:47:43] Step 7: Unpacking on destination...
[03:47:44] Step 8: Preparing restore environment...
[03:47:44] Step 9: Restoring client (--tcp-established)...
[03:47:45] Step 10: Verifying connection continuity...
[03:47:48]   Client output (tail): PP 27 -> 27
[03:47:49]   Server connections so far: 1
[03:47:49] ✓ SUCCESS: Client restored and TCP socket appears established
[03:47:49] Metrics saved to /home/ivo/Evaluation-of-Live-Migration-Strategies-at-the-Edge/Network-live-migration/metrics/migration_metrics.csv
[exit=0]

$ python3 /home/ivo/Evaluation-of-Live-Migration-Strategies-at-the-Edge/Network-live-migration/scripts/setup/reset_nodes.py edge-node-1 edge-node-2 edge-host-1 10.138.215.250
[03:47:49] Resetting nodes: edge-node-1 -> edge-node-2 (server: edge-host-1, vip: 10.138.215.250)
[03:47:49] Step 1: Killing any existing processes on source...
[03:47:49]   Killing PID 61878 (from /home/ubuntu/tcp_client.pid)
[03:47:50]   Killing PID 61878 (from /home/ubuntu/client.pid)
[03:47:51]   Killing any remaining background processes...
[03:47:52] Step 2: Cleaning source node...
[03:47:54] Step 3: Cleaning destination node...
[03:47:54]   Killing PID 61878 on destination (from /home/ubuntu/tcp_client.pid)
[03:47:55]   Killing PID 61878 on destination (from /home/ubuntu/client.pid)
[03:47:55]   Killing all remaining TCP processes on destination...
[03:47:58] Step 4: Cleaning server node (edge-host-1)...
[03:47:59]   Killing PID 1798759 on server (from /home/ubuntu/tcp_server.pid)
[03:48:01] ✓ Reset complete, nodes are clean
[03:48:01]   Next: Start your application
[exit=0]

$ bash /home/ivo/Evaluation-of-Live-Migration-Strategies-at-the-Edge/Network-live-migration/scripts/workloads/start_tcp_server.sh edge-host-1 5000
[tcp-server] Ensuring tcp-howto binary on edge-host-1...
[tcp-server] Reusing existing /tmp/tcp-howto on edge-host-1
[tcp-server] Starting on edge-host-1 (port 5000)...
[tcp-server] Waiting for listen...
✓ TCP server listening on edge-host-1:5000
[tcp-server] Logs: multipass exec edge-host-1 -- tail -f /home/ubuntu/tcp_server.out
[exit=0]

$ bash /home/ivo/Evaluation-of-Live-Migration-Strategies-at-the-Edge/Network-live-migration/scripts/workloads/start_tcp_client.sh edge-node-1 edge-host-1 5000
[tcp-client] Server endpoint: 10.138.215.36:5000
[tcp-client] Client VIP: 10.138.215.250
[tcp-client] Ensuring tcp-howto binary on edge-node-1...
[tcp-client] Reusing existing /tmp/tcp-howto on edge-node-1
[tcp-client] Ensuring VIP 10.138.215.250 is present on edge-node-1...
ARPING 10.138.215.250 from 10.138.215.250 ens3
Sent 3 probes (3 broadcast(s))
Received 0 response(s)
[tcp-client] Starting on edge-node-1...
[tcp-client] Waiting for established TCP connection...
✓ TCP client connected (PID: 65133)
[tcp-client] Logs: multipass exec edge-node-1 -- tail -f /home/ubuntu/tcp_client.out
[exit=0]

$ python3 /home/ivo/Evaluation-of-Live-Migration-Strategies-at-the-Edge/Network-live-migration/scripts/orchestrators/tcp_client_benchmark.py precopy --source edge-node-1 --dest edge-node-2 --server edge-host-1 --transfer-mode host --run-id 12-05-2026-host-precopy-0017 --csv /home/ivo/Evaluation-of-Live-Migration-Strategies-at-the-Edge/Network-live-migration/metrics/migration_metrics.csv --profile-name 4_Starlink --relay-node edge-host-1 --iterations 3
[03:48:10] === TCP CLIENT MIGRATION ===
[03:48:10] Run ID: 12-05-2026-host-precopy-0017
[03:48:10] Source: edge-node-1, Dest: edge-node-2
[03:48:10] Server: edge-host-1
[03:48:10] Transfer mode: host
[03:48:10] Relay node: edge-host-1

[03:48:10] === TCP CLIENT PRE-COPY MIGRATION (3 iterations) ===
[03:48:10] Step 1: Checking source client process...
[03:48:10]   Using PID from /home/ubuntu/tcp_client.pid: 65133
[03:48:11]   Server connections so far: 1
[03:48:11] Step 2: Preparing CRIU directory...
[03:48:12] Step 3: Running 3 pre-dumps and transferring them while client keeps running...
[03:48:12]   Pre-dump 1/3 complete
[03:48:12]   Archiving and transferring pre-dump 1...
  Transferring /home/ubuntu/CRIU-tcp-client-iter-0.tar.gz via relay node edge-host-1...
Setting up SSH trust: edge-node-1 → ubuntu@10.138.215.36
  Adding public key to destination's authorized_keys...
  Testing SSH connectivity...
  ✓ SSH trust ready
Setting up SSH trust: edge-host-1 → ubuntu@10.138.215.137
  Adding public key to destination's authorized_keys...
  Testing SSH connectivity...
  ✓ SSH trust ready
[03:48:29]   Pre-dump 2/3 complete
[03:48:29]   Archiving and transferring pre-dump 2...
  Transferring /home/ubuntu/CRIU-tcp-client-iter-1.tar.gz via relay node edge-host-1...
Setting up SSH trust: edge-node-1 → ubuntu@10.138.215.36
  Adding public key to destination's authorized_keys...
  Testing SSH connectivity...
  ✓ SSH trust ready
Setting up SSH trust: edge-host-1 → ubuntu@10.138.215.137
  Adding public key to destination's authorized_keys...
  Testing SSH connectivity...
  ✓ SSH trust ready
[03:48:44]   Pre-dump 3/3 complete
[03:48:44]   Archiving and transferring pre-dump 3...
  Transferring /home/ubuntu/CRIU-tcp-client-iter-2.tar.gz via relay node edge-host-1...
Setting up SSH trust: edge-node-1 → ubuntu@10.138.215.36
  Adding public key to destination's authorized_keys...
  Testing SSH connectivity...
  ✓ SSH trust ready
Setting up SSH trust: edge-host-1 → ubuntu@10.138.215.137
  Adding public key to destination's authorized_keys...
  Testing SSH connectivity...
  ✓ SSH trust ready
[03:48:57]   Pre-copy transfer outside downtime: archive=946 ms, transfer=38652 ms, unpack=945 ms, bytes=21774
[03:48:57] Step 4: Final dump (freezing client)...
[03:48:57] Step 4.5: Moving VIP to destination...
[03:48:58]   Moving VIP 10.138.215.250 from edge-node-1:ens3 -> edge-node-2:ens3
[03:49:03] Step 5: Creating final dump archive...
[03:49:04] Step 6: Transferring archive...
  Transferring /home/ubuntu/CRIU-tcp-client-final.tar.gz via relay node edge-host-1...
Setting up SSH trust: edge-node-1 → ubuntu@10.138.215.36
  Adding public key to destination's authorized_keys...
  Testing SSH connectivity...
  ✓ SSH trust ready
Setting up SSH trust: edge-host-1 → ubuntu@10.138.215.137
  Adding public key to destination's authorized_keys...
  Testing SSH connectivity...
  ✓ SSH trust ready
[03:49:17] Step 7: Unpacking on destination...
[03:49:17] Step 8: Preparing restore environment...
[03:49:18] Step 9: Restoring client (--tcp-established)...
[03:49:18] Step 10: Verifying connection continuity...
[03:49:22]   Client output (tail): PP 29 -> 29
[03:49:22]   Server connections so far: 1
[03:49:22] ✓ SUCCESS: Client restored and TCP socket appears established
[03:49:22] Metrics saved to /home/ivo/Evaluation-of-Live-Migration-Strategies-at-the-Edge/Network-live-migration/metrics/migration_metrics.csv
[exit=0]

$ python3 /home/ivo/Evaluation-of-Live-Migration-Strategies-at-the-Edge/Network-live-migration/scripts/setup/reset_nodes.py edge-node-1 edge-node-2 edge-host-1 10.138.215.250
[03:49:23] Resetting nodes: edge-node-1 -> edge-node-2 (server: edge-host-1, vip: 10.138.215.250)
[03:49:23] Step 1: Killing any existing processes on source...
[03:49:23]   Killing PID 65133 (from /home/ubuntu/tcp_client.pid)
[03:49:24]   Killing PID 65133 (from /home/ubuntu/client.pid)
[03:49:24]   Killing any remaining background processes...
[03:49:26] Step 2: Cleaning source node...
[03:49:27] Step 3: Cleaning destination node...
[03:49:28]   Killing PID 65133 on destination (from /home/ubuntu/tcp_client.pid)
[03:49:28]   Killing PID 65133 on destination (from /home/ubuntu/client.pid)
[03:49:29]   Killing all remaining TCP processes on destination...
[03:49:32] Step 4: Cleaning server node (edge-host-1)...
[03:49:33]   Killing PID 1801926 on server (from /home/ubuntu/tcp_server.pid)
[03:49:35] ✓ Reset complete, nodes are clean
[03:49:35]   Next: Start your application
[exit=0]

$ bash /home/ivo/Evaluation-of-Live-Migration-Strategies-at-the-Edge/Network-live-migration/scripts/workloads/start_tcp_server.sh edge-host-1 5000
[tcp-server] Ensuring tcp-howto binary on edge-host-1...
[tcp-server] Reusing existing /tmp/tcp-howto on edge-host-1
[tcp-server] Starting on edge-host-1 (port 5000)...
[tcp-server] Waiting for listen...
✓ TCP server listening on edge-host-1:5000
[tcp-server] Logs: multipass exec edge-host-1 -- tail -f /home/ubuntu/tcp_server.out
[exit=0]

$ bash /home/ivo/Evaluation-of-Live-Migration-Strategies-at-the-Edge/Network-live-migration/scripts/workloads/start_tcp_client.sh edge-node-1 edge-host-1 5000
[tcp-client] Server endpoint: 10.138.215.36:5000
[tcp-client] Client VIP: 10.138.215.250
[tcp-client] Ensuring tcp-howto binary on edge-node-1...
[tcp-client] Reusing existing /tmp/tcp-howto on edge-node-1
[tcp-client] Ensuring VIP 10.138.215.250 is present on edge-node-1...
ARPING 10.138.215.250 from 10.138.215.250 ens3
Sent 3 probes (3 broadcast(s))
Received 0 response(s)
[tcp-client] Starting on edge-node-1...
[tcp-client] Waiting for established TCP connection...
✓ TCP client connected (PID: 68382)
[tcp-client] Logs: multipass exec edge-node-1 -- tail -f /home/ubuntu/tcp_client.out
[exit=0]

$ python3 /home/ivo/Evaluation-of-Live-Migration-Strategies-at-the-Edge/Network-live-migration/scripts/orchestrators/tcp_client_benchmark.py precopy --source edge-node-1 --dest edge-node-2 --server edge-host-1 --transfer-mode host --run-id 12-05-2026-host-precopy-0018 --csv /home/ivo/Evaluation-of-Live-Migration-Strategies-at-the-Edge/Network-live-migration/metrics/migration_metrics.csv --profile-name 4_Starlink --relay-node edge-host-1 --iterations 3
[03:49:43] === TCP CLIENT MIGRATION ===
[03:49:43] Run ID: 12-05-2026-host-precopy-0018
[03:49:43] Source: edge-node-1, Dest: edge-node-2
[03:49:43] Server: edge-host-1
[03:49:43] Transfer mode: host
[03:49:43] Relay node: edge-host-1

[03:49:43] === TCP CLIENT PRE-COPY MIGRATION (3 iterations) ===
[03:49:43] Step 1: Checking source client process...
[03:49:43]   Using PID from /home/ubuntu/tcp_client.pid: 68382
[03:49:44]   Server connections so far: 1
[03:49:45] Step 2: Preparing CRIU directory...
[03:49:45] Step 3: Running 3 pre-dumps and transferring them while client keeps running...
[03:49:46]   Pre-dump 1/3 complete
[03:49:46]   Archiving and transferring pre-dump 1...
  Transferring /home/ubuntu/CRIU-tcp-client-iter-0.tar.gz via relay node edge-host-1...
Setting up SSH trust: edge-node-1 → ubuntu@10.138.215.36
  Adding public key to destination's authorized_keys...
  Testing SSH connectivity...
  ✓ SSH trust ready
Setting up SSH trust: edge-host-1 → ubuntu@10.138.215.137
  Adding public key to destination's authorized_keys...
  Testing SSH connectivity...
  ✓ SSH trust ready
[03:50:00]   Pre-dump 2/3 complete
[03:50:00]   Archiving and transferring pre-dump 2...
  Transferring /home/ubuntu/CRIU-tcp-client-iter-1.tar.gz via relay node edge-host-1...
Setting up SSH trust: edge-node-1 → ubuntu@10.138.215.36
  Adding public key to destination's authorized_keys...
  Testing SSH connectivity...
  ✓ SSH trust ready
Setting up SSH trust: edge-host-1 → ubuntu@10.138.215.137
  Adding public key to destination's authorized_keys...
  Testing SSH connectivity...
  ✓ SSH trust ready
[03:50:15]   Pre-dump 3/3 complete
[03:50:15]   Archiving and transferring pre-dump 3...
  Transferring /home/ubuntu/CRIU-tcp-client-iter-2.tar.gz via relay node edge-host-1...
Setting up SSH trust: edge-node-1 → ubuntu@10.138.215.36
  Adding public key to destination's authorized_keys...
  Testing SSH connectivity...
  ✓ SSH trust ready
Setting up SSH trust: edge-host-1 → ubuntu@10.138.215.137
  Adding public key to destination's authorized_keys...
  Testing SSH connectivity...
  ✓ SSH trust ready
[03:50:29]   Pre-copy transfer outside downtime: archive=957 ms, transfer=36875 ms, unpack=958 ms, bytes=21685
[03:50:29] Step 4: Final dump (freezing client)...
[03:50:29] Step 4.5: Moving VIP to destination...
[03:50:30]   Moving VIP 10.138.215.250 from edge-node-1:ens3 -> edge-node-2:ens3
[03:50:35] Step 5: Creating final dump archive...
[03:50:35] Step 6: Transferring archive...
  Transferring /home/ubuntu/CRIU-tcp-client-final.tar.gz via relay node edge-host-1...
Setting up SSH trust: edge-node-1 → ubuntu@10.138.215.36
  Adding public key to destination's authorized_keys...
  Testing SSH connectivity...
  ✓ SSH trust ready
Setting up SSH trust: edge-host-1 → ubuntu@10.138.215.137
  Adding public key to destination's authorized_keys...
  Testing SSH connectivity...
  ✓ SSH trust ready
[03:50:47] Step 7: Unpacking on destination...
[03:50:47] Step 8: Preparing restore environment...
[03:50:48] Step 9: Restoring client (--tcp-established)...
[03:50:49] Step 10: Verifying connection continuity...
[03:50:52]   Client output (tail): PP 28 -> 28
[03:50:52]   Server connections so far: 1
[03:50:52] ✓ SUCCESS: Client restored and TCP socket appears established
[03:50:52] Metrics saved to /home/ivo/Evaluation-of-Live-Migration-Strategies-at-the-Edge/Network-live-migration/metrics/migration_metrics.csv
[exit=0]

$ python3 /home/ivo/Evaluation-of-Live-Migration-Strategies-at-the-Edge/Network-live-migration/scripts/setup/reset_nodes.py edge-node-1 edge-node-2 edge-host-1 10.138.215.250
[03:50:53] Resetting nodes: edge-node-1 -> edge-node-2 (server: edge-host-1, vip: 10.138.215.250)
[03:50:53] Step 1: Killing any existing processes on source...
[03:50:53]   Killing PID 68382 (from /home/ubuntu/tcp_client.pid)
[03:50:54]   Killing PID 68382 (from /home/ubuntu/client.pid)
[03:50:55]   Killing any remaining background processes...
[03:50:56] Step 2: Cleaning source node...
[03:50:58] Step 3: Cleaning destination node...
[03:50:58]   Killing PID 68382 on destination (from /home/ubuntu/tcp_client.pid)
[03:50:59]   Killing PID 68382 on destination (from /home/ubuntu/client.pid)
[03:50:59]   Killing all remaining TCP processes on destination...
[03:51:03] Step 4: Cleaning server node (edge-host-1)...
[03:51:03]   Killing PID 1805148 on server (from /home/ubuntu/tcp_server.pid)
[03:51:05] ✓ Reset complete, nodes are clean
[03:51:05]   Next: Start your application
[exit=0]

$ bash /home/ivo/Evaluation-of-Live-Migration-Strategies-at-the-Edge/Network-live-migration/scripts/workloads/start_tcp_server.sh edge-host-1 5000
[tcp-server] Ensuring tcp-howto binary on edge-host-1...
[tcp-server] Reusing existing /tmp/tcp-howto on edge-host-1
[tcp-server] Starting on edge-host-1 (port 5000)...
[tcp-server] Waiting for listen...
✓ TCP server listening on edge-host-1:5000
[tcp-server] Logs: multipass exec edge-host-1 -- tail -f /home/ubuntu/tcp_server.out
[exit=0]

$ bash /home/ivo/Evaluation-of-Live-Migration-Strategies-at-the-Edge/Network-live-migration/scripts/workloads/start_tcp_client.sh edge-node-1 edge-host-1 5000
[tcp-client] Server endpoint: 10.138.215.36:5000
[tcp-client] Client VIP: 10.138.215.250
[tcp-client] Ensuring tcp-howto binary on edge-node-1...
[tcp-client] Reusing existing /tmp/tcp-howto on edge-node-1
[tcp-client] Ensuring VIP 10.138.215.250 is present on edge-node-1...
ARPING 10.138.215.250 from 10.138.215.250 ens3
Sent 3 probes (3 broadcast(s))
Received 0 response(s)
[tcp-client] Starting on edge-node-1...
[tcp-client] Waiting for established TCP connection...
✓ TCP client connected (PID: 71897)
[tcp-client] Logs: multipass exec edge-node-1 -- tail -f /home/ubuntu/tcp_client.out
[exit=0]

$ python3 /home/ivo/Evaluation-of-Live-Migration-Strategies-at-the-Edge/Network-live-migration/scripts/orchestrators/tcp_client_benchmark.py precopy --source edge-node-1 --dest edge-node-2 --server edge-host-1 --transfer-mode host --run-id 12-05-2026-host-precopy-0019 --csv /home/ivo/Evaluation-of-Live-Migration-Strategies-at-the-Edge/Network-live-migration/metrics/migration_metrics.csv --profile-name 4_Starlink --relay-node edge-host-1 --iterations 3
[03:51:14] === TCP CLIENT MIGRATION ===
[03:51:14] Run ID: 12-05-2026-host-precopy-0019
[03:51:14] Source: edge-node-1, Dest: edge-node-2
[03:51:14] Server: edge-host-1
[03:51:14] Transfer mode: host
[03:51:14] Relay node: edge-host-1

[03:51:14] === TCP CLIENT PRE-COPY MIGRATION (3 iterations) ===
[03:51:14] Step 1: Checking source client process...
[03:51:14]   Using PID from /home/ubuntu/tcp_client.pid: 71897
[03:51:15]   Server connections so far: 1
[03:51:16] Step 2: Preparing CRIU directory...
[03:51:16] Step 3: Running 3 pre-dumps and transferring them while client keeps running...
[03:51:16]   Pre-dump 1/3 complete
[03:51:16]   Archiving and transferring pre-dump 1...
  Transferring /home/ubuntu/CRIU-tcp-client-iter-0.tar.gz via relay node edge-host-1...
Setting up SSH trust: edge-node-1 → ubuntu@10.138.215.36
  Adding public key to destination's authorized_keys...
  Testing SSH connectivity...
  ✓ SSH trust ready
Setting up SSH trust: edge-host-1 → ubuntu@10.138.215.137
  Adding public key to destination's authorized_keys...
  Testing SSH connectivity...
  ✓ SSH trust ready
[03:51:31]   Pre-dump 2/3 complete
[03:51:31]   Archiving and transferring pre-dump 2...
  Transferring /home/ubuntu/CRIU-tcp-client-iter-1.tar.gz via relay node edge-host-1...
Setting up SSH trust: edge-node-1 → ubuntu@10.138.215.36
  Adding public key to destination's authorized_keys...
  Testing SSH connectivity...
  ✓ SSH trust ready
Setting up SSH trust: edge-host-1 → ubuntu@10.138.215.137
  Adding public key to destination's authorized_keys...
  Testing SSH connectivity...
  ✓ SSH trust ready
[03:51:45]   Pre-dump 3/3 complete
[03:51:45]   Archiving and transferring pre-dump 3...
  Transferring /home/ubuntu/CRIU-tcp-client-iter-2.tar.gz via relay node edge-host-1...
Setting up SSH trust: edge-node-1 → ubuntu@10.138.215.36
  Adding public key to destination's authorized_keys...
  Testing SSH connectivity...
  ✓ SSH trust ready
Setting up SSH trust: edge-host-1 → ubuntu@10.138.215.137
  Adding public key to destination's authorized_keys...
  Testing SSH connectivity...
  ✓ SSH trust ready
[03:52:00]   Pre-copy transfer outside downtime: archive=909 ms, transfer=37409 ms, unpack=894 ms, bytes=22546
[03:52:00] Step 4: Final dump (freezing client)...
[03:52:01] Step 4.5: Moving VIP to destination...
[03:52:01]   Moving VIP 10.138.215.250 from edge-node-1:ens3 -> edge-node-2:ens3
[03:52:06] Step 5: Creating final dump archive...
[03:52:07] Step 6: Transferring archive...
  Transferring /home/ubuntu/CRIU-tcp-client-final.tar.gz via relay node edge-host-1...
Setting up SSH trust: edge-node-1 → ubuntu@10.138.215.36
  Adding public key to destination's authorized_keys...
  Testing SSH connectivity...
  ✓ SSH trust ready
Setting up SSH trust: edge-host-1 → ubuntu@10.138.215.137
  Adding public key to destination's authorized_keys...
  Testing SSH connectivity...
  ✓ SSH trust ready
[03:52:19] Step 7: Unpacking on destination...
[03:52:20] Step 8: Preparing restore environment...
[03:52:20] Step 9: Restoring client (--tcp-established)...
[03:52:21] Step 10: Verifying connection continuity...
[03:52:24]   Client output (tail): PP 28 -> 28
[03:52:25]   Server connections so far: 1
[03:52:25] ✓ SUCCESS: Client restored and TCP socket appears established
[03:52:25] Metrics saved to /home/ivo/Evaluation-of-Live-Migration-Strategies-at-the-Edge/Network-live-migration/metrics/migration_metrics.csv
[exit=0]

$ python3 /home/ivo/Evaluation-of-Live-Migration-Strategies-at-the-Edge/Network-live-migration/scripts/setup/reset_nodes.py edge-node-1 edge-node-2 edge-host-1 10.138.215.250
[03:52:25] Resetting nodes: edge-node-1 -> edge-node-2 (server: edge-host-1, vip: 10.138.215.250)
[03:52:25] Step 1: Killing any existing processes on source...
[03:52:26]   Killing PID 71897 (from /home/ubuntu/tcp_client.pid)
[03:52:26]   Killing PID 71897 (from /home/ubuntu/client.pid)
[03:52:27]   Killing any remaining background processes...
[03:52:28] Step 2: Cleaning source node...
[03:52:30] Step 3: Cleaning destination node...
[03:52:30]   Killing PID 71897 on destination (from /home/ubuntu/tcp_client.pid)
[03:52:31]   Killing PID 71897 on destination (from /home/ubuntu/client.pid)
[03:52:31]   Killing all remaining TCP processes on destination...
[03:52:34] Step 4: Cleaning server node (edge-host-1)...
[03:52:35]   Killing PID 1808575 on server (from /home/ubuntu/tcp_server.pid)
[03:52:37] ✓ Reset complete, nodes are clean
[03:52:37]   Next: Start your application
[exit=0]

$ bash /home/ivo/Evaluation-of-Live-Migration-Strategies-at-the-Edge/Network-live-migration/scripts/workloads/start_tcp_server.sh edge-host-1 5000
[tcp-server] Ensuring tcp-howto binary on edge-host-1...
[tcp-server] Reusing existing /tmp/tcp-howto on edge-host-1
[tcp-server] Starting on edge-host-1 (port 5000)...
[tcp-server] Waiting for listen...
✓ TCP server listening on edge-host-1:5000
[tcp-server] Logs: multipass exec edge-host-1 -- tail -f /home/ubuntu/tcp_server.out
[exit=0]

$ bash /home/ivo/Evaluation-of-Live-Migration-Strategies-at-the-Edge/Network-live-migration/scripts/workloads/start_tcp_client.sh edge-node-1 edge-host-1 5000
[tcp-client] Server endpoint: 10.138.215.36:5000
[tcp-client] Client VIP: 10.138.215.250
[tcp-client] Ensuring tcp-howto binary on edge-node-1...
[tcp-client] Reusing existing /tmp/tcp-howto on edge-node-1
[tcp-client] Ensuring VIP 10.138.215.250 is present on edge-node-1...
ARPING 10.138.215.250 from 10.138.215.250 ens3
Sent 3 probes (3 broadcast(s))
Received 0 response(s)
[tcp-client] Starting on edge-node-1...
[tcp-client] Waiting for established TCP connection...
✓ TCP client connected (PID: 75146)
[tcp-client] Logs: multipass exec edge-node-1 -- tail -f /home/ubuntu/tcp_client.out
[exit=0]

$ python3 /home/ivo/Evaluation-of-Live-Migration-Strategies-at-the-Edge/Network-live-migration/scripts/orchestrators/tcp_client_benchmark.py precopy --source edge-node-1 --dest edge-node-2 --server edge-host-1 --transfer-mode direct --run-id 12-05-2026-direct-precopy-0010 --csv /home/ivo/Evaluation-of-Live-Migration-Strategies-at-the-Edge/Network-live-migration/metrics/migration_metrics.csv --profile-name 4_Starlink --iterations 3
[03:52:46] === TCP CLIENT MIGRATION ===
[03:52:46] Run ID: 12-05-2026-direct-precopy-0010
[03:52:46] Source: edge-node-1, Dest: edge-node-2
[03:52:46] Server: edge-host-1
[03:52:46] Transfer mode: direct

[03:52:46] === TCP CLIENT PRE-COPY MIGRATION (3 iterations) ===
[03:52:46] Step 1: Checking source client process...
[03:52:46]   Using PID from /home/ubuntu/tcp_client.pid: 75146
[03:52:47]   Server connections so far: 1
[03:52:48] Step 2: Preparing CRIU directory...
[03:52:48] Step 3: Running 3 pre-dumps and transferring them while client keeps running...
[03:52:48]   Pre-dump 1/3 complete
[03:52:48]   Archiving and transferring pre-dump 1...
Setting up SSH trust: edge-node-1 → ubuntu@10.138.215.137
  Adding public key to destination's authorized_keys...
  Testing SSH connectivity...
  ✓ SSH trust ready
  Transferring /home/ubuntu/CRIU-tcp-client-iter-0.tar.gz via SCP...
[03:52:56]   Pre-dump 2/3 complete
[03:52:56]   Archiving and transferring pre-dump 2...
Setting up SSH trust: edge-node-1 → ubuntu@10.138.215.137
  Adding public key to destination's authorized_keys...
  Testing SSH connectivity...
  ✓ SSH trust ready
  Transferring /home/ubuntu/CRIU-tcp-client-iter-1.tar.gz via SCP...
[03:53:05]   Pre-dump 3/3 complete
[03:53:05]   Archiving and transferring pre-dump 3...
Setting up SSH trust: edge-node-1 → ubuntu@10.138.215.137
  Adding public key to destination's authorized_keys...
  Testing SSH connectivity...
  ✓ SSH trust ready
  Transferring /home/ubuntu/CRIU-tcp-client-iter-2.tar.gz via SCP...
[03:53:12]   Pre-copy transfer outside downtime: archive=946 ms, transfer=17277 ms, unpack=1202 ms, bytes=23128
[03:53:12] Step 4: Final dump (freezing client)...
[03:53:13] Step 4.5: Moving VIP to destination...
[03:53:13]   Moving VIP 10.138.215.250 from edge-node-1:ens3 -> edge-node-2:ens3
[03:53:18] Step 5: Creating final dump archive...
[03:53:19] Step 6: Transferring archive...
[03:53:19]   Setting up direct SSH trust...
Setting up SSH trust: edge-node-1 → ubuntu@10.138.215.137
  Adding public key to destination's authorized_keys...
  Testing SSH connectivity...
  ✓ SSH trust ready
Setting up SSH trust: edge-node-1 → ubuntu@10.138.215.137
  Adding public key to destination's authorized_keys...
  Testing SSH connectivity...
  ✓ SSH trust ready
  Transferring /home/ubuntu/CRIU-tcp-client-final.tar.gz via SCP...
[03:53:28] Step 7: Unpacking on destination...
[03:53:28] Step 8: Preparing restore environment...
[03:53:29] Step 9: Restoring client (--tcp-established)...
[03:53:29] Step 10: Verifying connection continuity...
[03:53:33]   Client output (tail): PP 18 -> 18
[03:53:33]   Server connections so far: 1
[03:53:33] ✓ SUCCESS: Client restored and TCP socket appears established
[03:53:33] Metrics saved to /home/ivo/Evaluation-of-Live-Migration-Strategies-at-the-Edge/Network-live-migration/metrics/migration_metrics.csv
[exit=0]

$ python3 /home/ivo/Evaluation-of-Live-Migration-Strategies-at-the-Edge/Network-live-migration/scripts/setup/reset_nodes.py edge-node-1 edge-node-2 edge-host-1 10.138.215.250
[03:53:34] Resetting nodes: edge-node-1 -> edge-node-2 (server: edge-host-1, vip: 10.138.215.250)
[03:53:34] Step 1: Killing any existing processes on source...
[03:53:34]   Killing PID 75146 (from /home/ubuntu/tcp_client.pid)
[03:53:35]   Killing PID 75146 (from /home/ubuntu/client.pid)
[03:53:35]   Killing any remaining background processes...
[03:53:37] Step 2: Cleaning source node...
[03:53:38] Step 3: Cleaning destination node...
[03:53:39]   Killing PID 75146 on destination (from /home/ubuntu/tcp_client.pid)
[03:53:39]   Killing PID 75146 on destination (from /home/ubuntu/client.pid)
[03:53:40]   Killing all remaining TCP processes on destination...
[03:53:43] Step 4: Cleaning server node (edge-host-1)...
[03:53:44]   Killing PID 1811757 on server (from /home/ubuntu/tcp_server.pid)
[03:53:46] ✓ Reset complete, nodes are clean
[03:53:46]   Next: Start your application
[exit=0]

$ bash /home/ivo/Evaluation-of-Live-Migration-Strategies-at-the-Edge/Network-live-migration/scripts/workloads/start_tcp_server.sh edge-host-1 5000
[tcp-server] Ensuring tcp-howto binary on edge-host-1...
[tcp-server] Reusing existing /tmp/tcp-howto on edge-host-1
[tcp-server] Starting on edge-host-1 (port 5000)...
[tcp-server] Waiting for listen...
✓ TCP server listening on edge-host-1:5000
[tcp-server] Logs: multipass exec edge-host-1 -- tail -f /home/ubuntu/tcp_server.out
[exit=0]

$ bash /home/ivo/Evaluation-of-Live-Migration-Strategies-at-the-Edge/Network-live-migration/scripts/workloads/start_tcp_client.sh edge-node-1 edge-host-1 5000
[tcp-client] Server endpoint: 10.138.215.36:5000
[tcp-client] Client VIP: 10.138.215.250
[tcp-client] Ensuring tcp-howto binary on edge-node-1...
[tcp-client] Reusing existing /tmp/tcp-howto on edge-node-1
[tcp-client] Ensuring VIP 10.138.215.250 is present on edge-node-1...
ARPING 10.138.215.250 from 10.138.215.250 ens3
Sent 3 probes (3 broadcast(s))
Received 0 response(s)
[tcp-client] Starting on edge-node-1...
[tcp-client] Waiting for established TCP connection...
✓ TCP client connected (PID: 78327)
[tcp-client] Logs: multipass exec edge-node-1 -- tail -f /home/ubuntu/tcp_client.out
[exit=0]

$ python3 /home/ivo/Evaluation-of-Live-Migration-Strategies-at-the-Edge/Network-live-migration/scripts/orchestrators/tcp_client_benchmark.py precopy --source edge-node-1 --dest edge-node-2 --server edge-host-1 --transfer-mode direct --run-id 12-05-2026-direct-precopy-0011 --csv /home/ivo/Evaluation-of-Live-Migration-Strategies-at-the-Edge/Network-live-migration/metrics/migration_metrics.csv --profile-name 4_Starlink --iterations 3
[03:53:54] === TCP CLIENT MIGRATION ===
[03:53:54] Run ID: 12-05-2026-direct-precopy-0011
[03:53:54] Source: edge-node-1, Dest: edge-node-2
[03:53:54] Server: edge-host-1
[03:53:54] Transfer mode: direct

[03:53:54] === TCP CLIENT PRE-COPY MIGRATION (3 iterations) ===
[03:53:54] Step 1: Checking source client process...
[03:53:55]   Using PID from /home/ubuntu/tcp_client.pid: 78327
[03:53:56]   Server connections so far: 1
[03:53:56] Step 2: Preparing CRIU directory...
[03:53:56] Step 3: Running 3 pre-dumps and transferring them while client keeps running...
[03:53:57]   Pre-dump 1/3 complete
[03:53:57]   Archiving and transferring pre-dump 1...
Setting up SSH trust: edge-node-1 → ubuntu@10.138.215.137
  Adding public key to destination's authorized_keys...
  Testing SSH connectivity...
  ✓ SSH trust ready
  Transferring /home/ubuntu/CRIU-tcp-client-iter-0.tar.gz via SCP...
[03:54:05]   Pre-dump 2/3 complete
[03:54:05]   Archiving and transferring pre-dump 2...
Setting up SSH trust: edge-node-1 → ubuntu@10.138.215.137
  Adding public key to destination's authorized_keys...
  Testing SSH connectivity...
  ✓ SSH trust ready
  Transferring /home/ubuntu/CRIU-tcp-client-iter-1.tar.gz via SCP...
[03:54:14]   Pre-dump 3/3 complete
[03:54:14]   Archiving and transferring pre-dump 3...
Setting up SSH trust: edge-node-1 → ubuntu@10.138.215.137
  Adding public key to destination's authorized_keys...
  Testing SSH connectivity...
  ✓ SSH trust ready
  Transferring /home/ubuntu/CRIU-tcp-client-iter-2.tar.gz via SCP...
[03:54:21]   Pre-copy transfer outside downtime: archive=971 ms, transfer=17693 ms, unpack=893 ms, bytes=21945
[03:54:21] Step 4: Final dump (freezing client)...
[03:54:21] Step 4.5: Moving VIP to destination...
[03:54:22]   Moving VIP 10.138.215.250 from edge-node-1:ens3 -> edge-node-2:ens3
[03:54:27] Step 5: Creating final dump archive...
[03:54:27] Step 6: Transferring archive...
[03:54:27]   Setting up direct SSH trust...
Setting up SSH trust: edge-node-1 → ubuntu@10.138.215.137
  Adding public key to destination's authorized_keys...
  Testing SSH connectivity...
  ✓ SSH trust ready
Setting up SSH trust: edge-node-1 → ubuntu@10.138.215.137
  Adding public key to destination's authorized_keys...
  Testing SSH connectivity...
  ✓ SSH trust ready
  Transferring /home/ubuntu/CRIU-tcp-client-final.tar.gz via SCP...
[03:54:36] Step 7: Unpacking on destination...
[03:54:36] Step 8: Preparing restore environment...
[03:54:37] Step 9: Restoring client (--tcp-established)...
[03:54:37] Step 10: Verifying connection continuity...
[03:54:41]   Client output (tail): PP 18 -> 18
[03:54:41]   Server connections so far: 1
[03:54:41] ✓ SUCCESS: Client restored and TCP socket appears established
[03:54:41] Metrics saved to /home/ivo/Evaluation-of-Live-Migration-Strategies-at-the-Edge/Network-live-migration/metrics/migration_metrics.csv
[exit=0]

$ python3 /home/ivo/Evaluation-of-Live-Migration-Strategies-at-the-Edge/Network-live-migration/scripts/setup/reset_nodes.py edge-node-1 edge-node-2 edge-host-1 10.138.215.250
[03:54:42] Resetting nodes: edge-node-1 -> edge-node-2 (server: edge-host-1, vip: 10.138.215.250)
[03:54:42] Step 1: Killing any existing processes on source...
[03:54:42]   Killing PID 78327 (from /home/ubuntu/tcp_client.pid)
[03:54:43]   Killing PID 78327 (from /home/ubuntu/client.pid)
[03:54:43]   Killing any remaining background processes...
[03:54:44] Step 2: Cleaning source node...
[03:54:46] Step 3: Cleaning destination node...
[03:54:46]   Killing PID 78327 on destination (from /home/ubuntu/tcp_client.pid)
[03:54:47]   Killing PID 78327 on destination (from /home/ubuntu/client.pid)
[03:54:48]   Killing all remaining TCP processes on destination...
[03:54:51] Step 4: Cleaning server node (edge-host-1)...
[03:54:51]   Killing PID 1812819 on server (from /home/ubuntu/tcp_server.pid)
[03:54:54] ✓ Reset complete, nodes are clean
[03:54:54]   Next: Start your application
[exit=0]

$ bash /home/ivo/Evaluation-of-Live-Migration-Strategies-at-the-Edge/Network-live-migration/scripts/workloads/start_tcp_server.sh edge-host-1 5000
[tcp-server] Ensuring tcp-howto binary on edge-host-1...
[tcp-server] Reusing existing /tmp/tcp-howto on edge-host-1
[tcp-server] Starting on edge-host-1 (port 5000)...
[tcp-server] Waiting for listen...
✓ TCP server listening on edge-host-1:5000
[tcp-server] Logs: multipass exec edge-host-1 -- tail -f /home/ubuntu/tcp_server.out
[exit=0]

$ bash /home/ivo/Evaluation-of-Live-Migration-Strategies-at-the-Edge/Network-live-migration/scripts/workloads/start_tcp_client.sh edge-node-1 edge-host-1 5000
[tcp-client] Server endpoint: 10.138.215.36:5000
[tcp-client] Client VIP: 10.138.215.250
[tcp-client] Ensuring tcp-howto binary on edge-node-1...
[tcp-client] Reusing existing /tmp/tcp-howto on edge-node-1
[tcp-client] Ensuring VIP 10.138.215.250 is present on edge-node-1...
ARPING 10.138.215.250 from 10.138.215.250 ens3
Sent 3 probes (3 broadcast(s))
Received 0 response(s)
[tcp-client] Starting on edge-node-1...
[tcp-client] Waiting for established TCP connection...
✓ TCP client connected (PID: 81510)
[tcp-client] Logs: multipass exec edge-node-1 -- tail -f /home/ubuntu/tcp_client.out
[exit=0]

$ python3 /home/ivo/Evaluation-of-Live-Migration-Strategies-at-the-Edge/Network-live-migration/scripts/orchestrators/tcp_client_benchmark.py precopy --source edge-node-1 --dest edge-node-2 --server edge-host-1 --transfer-mode direct --run-id 12-05-2026-direct-precopy-0012 --csv /home/ivo/Evaluation-of-Live-Migration-Strategies-at-the-Edge/Network-live-migration/metrics/migration_metrics.csv --profile-name 4_Starlink --iterations 3
[03:55:02] === TCP CLIENT MIGRATION ===
[03:55:02] Run ID: 12-05-2026-direct-precopy-0012
[03:55:02] Source: edge-node-1, Dest: edge-node-2
[03:55:02] Server: edge-host-1
[03:55:02] Transfer mode: direct

[03:55:02] === TCP CLIENT PRE-COPY MIGRATION (3 iterations) ===
[03:55:02] Step 1: Checking source client process...
[03:55:02]   Using PID from /home/ubuntu/tcp_client.pid: 81510
[03:55:03]   Server connections so far: 1
[03:55:04] Step 2: Preparing CRIU directory...
[03:55:04] Step 3: Running 3 pre-dumps and transferring them while client keeps running...
[03:55:04]   Pre-dump 1/3 complete
[03:55:04]   Archiving and transferring pre-dump 1...
Setting up SSH trust: edge-node-1 → ubuntu@10.138.215.137
  Adding public key to destination's authorized_keys...
  Testing SSH connectivity...
  ✓ SSH trust ready
  Transferring /home/ubuntu/CRIU-tcp-client-iter-0.tar.gz via SCP...
[03:55:13]   Pre-dump 2/3 complete
[03:55:13]   Archiving and transferring pre-dump 2...
Setting up SSH trust: edge-node-1 → ubuntu@10.138.215.137
  Adding public key to destination's authorized_keys...
  Testing SSH connectivity...
  ✓ SSH trust ready
  Transferring /home/ubuntu/CRIU-tcp-client-iter-1.tar.gz via SCP...
[03:55:21]   Pre-dump 3/3 complete
[03:55:21]   Archiving and transferring pre-dump 3...
Setting up SSH trust: edge-node-1 → ubuntu@10.138.215.137
  Adding public key to destination's authorized_keys...
  Testing SSH connectivity...
  ✓ SSH trust ready
  Transferring /home/ubuntu/CRIU-tcp-client-iter-2.tar.gz via SCP...
[03:55:28]   Pre-copy transfer outside downtime: archive=900 ms, transfer=17365 ms, unpack=876 ms, bytes=22188
[03:55:28] Step 4: Final dump (freezing client)...
[03:55:28] Step 4.5: Moving VIP to destination...
[03:55:29]   Moving VIP 10.138.215.250 from edge-node-1:ens3 -> edge-node-2:ens3
[03:55:34] Step 5: Creating final dump archive...
[03:55:34] Step 6: Transferring archive...
[03:55:34]   Setting up direct SSH trust...
Setting up SSH trust: edge-node-1 → ubuntu@10.138.215.137
  Adding public key to destination's authorized_keys...
  Testing SSH connectivity...
  ✓ SSH trust ready
Setting up SSH trust: edge-node-1 → ubuntu@10.138.215.137
  Adding public key to destination's authorized_keys...
  Testing SSH connectivity...
  ✓ SSH trust ready
  Transferring /home/ubuntu/CRIU-tcp-client-final.tar.gz via SCP...
[03:55:43] Step 7: Unpacking on destination...
[03:55:43] Step 8: Preparing restore environment...
[03:55:44] Step 9: Restoring client (--tcp-established)...
[03:55:44] Step 10: Verifying connection continuity...
[03:55:48]   Client output (tail): PP 17 -> 17
[03:55:48]   Server connections so far: 1
[03:55:48] ✓ SUCCESS: Client restored and TCP socket appears established
[03:55:48] Metrics saved to /home/ivo/Evaluation-of-Live-Migration-Strategies-at-the-Edge/Network-live-migration/metrics/migration_metrics.csv
[exit=0]

$ python3 /home/ivo/Evaluation-of-Live-Migration-Strategies-at-the-Edge/Network-live-migration/scripts/setup/reset_nodes.py edge-node-1 edge-node-2 edge-host-1 10.138.215.250
[03:55:49] Resetting nodes: edge-node-1 -> edge-node-2 (server: edge-host-1, vip: 10.138.215.250)
[03:55:49] Step 1: Killing any existing processes on source...
[03:55:49]   Killing PID 81510 (from /home/ubuntu/tcp_client.pid)
[03:55:50]   Killing PID 81510 (from /home/ubuntu/client.pid)
[03:55:50]   Killing any remaining background processes...
[03:55:52] Step 2: Cleaning source node...
[03:55:53] Step 3: Cleaning destination node...
[03:55:54]   Killing PID 81510 on destination (from /home/ubuntu/tcp_client.pid)
[03:55:54]   Killing PID 81510 on destination (from /home/ubuntu/client.pid)
[03:55:55]   Killing all remaining TCP processes on destination...
[03:55:58] Step 4: Cleaning server node (edge-host-1)...
[03:55:58]   Killing PID 1813876 on server (from /home/ubuntu/tcp_server.pid)
[03:56:01] ✓ Reset complete, nodes are clean
[03:56:01]   Next: Start your application
[exit=0]

$ bash /home/ivo/Evaluation-of-Live-Migration-Strategies-at-the-Edge/Network-live-migration/scripts/workloads/start_tcp_server.sh edge-host-1 5000
[tcp-server] Ensuring tcp-howto binary on edge-host-1...
[tcp-server] Reusing existing /tmp/tcp-howto on edge-host-1
[tcp-server] Starting on edge-host-1 (port 5000)...
[tcp-server] Waiting for listen...
✓ TCP server listening on edge-host-1:5000
[tcp-server] Logs: multipass exec edge-host-1 -- tail -f /home/ubuntu/tcp_server.out
[exit=0]

$ bash /home/ivo/Evaluation-of-Live-Migration-Strategies-at-the-Edge/Network-live-migration/scripts/workloads/start_tcp_client.sh edge-node-1 edge-host-1 5000
[tcp-client] Server endpoint: 10.138.215.36:5000
[tcp-client] Client VIP: 10.138.215.250
[tcp-client] Ensuring tcp-howto binary on edge-node-1...
[tcp-client] Reusing existing /tmp/tcp-howto on edge-node-1
[tcp-client] Ensuring VIP 10.138.215.250 is present on edge-node-1...
ARPING 10.138.215.250 from 10.138.215.250 ens3
Sent 3 probes (3 broadcast(s))
Received 0 response(s)
[tcp-client] Starting on edge-node-1...
[tcp-client] Waiting for established TCP connection...
✓ TCP client connected (PID: 84691)
[tcp-client] Logs: multipass exec edge-node-1 -- tail -f /home/ubuntu/tcp_client.out
[exit=0]

$ python3 /home/ivo/Evaluation-of-Live-Migration-Strategies-at-the-Edge/Network-live-migration/scripts/orchestrators/tcp_client_benchmark.py precopy --source edge-node-1 --dest edge-node-2 --server edge-host-1 --transfer-mode direct --run-id 12-05-2026-direct-precopy-0013 --csv /home/ivo/Evaluation-of-Live-Migration-Strategies-at-the-Edge/Network-live-migration/metrics/migration_metrics.csv --profile-name 4_Starlink --iterations 3
[03:56:09] === TCP CLIENT MIGRATION ===
[03:56:09] Run ID: 12-05-2026-direct-precopy-0013
[03:56:09] Source: edge-node-1, Dest: edge-node-2
[03:56:09] Server: edge-host-1
[03:56:09] Transfer mode: direct

[03:56:09] === TCP CLIENT PRE-COPY MIGRATION (3 iterations) ===
[03:56:09] Step 1: Checking source client process...
[03:56:10]   Using PID from /home/ubuntu/tcp_client.pid: 84691
[03:56:11]   Server connections so far: 1
[03:56:11] Step 2: Preparing CRIU directory...
[03:56:12] Step 3: Running 3 pre-dumps and transferring them while client keeps running...
[03:56:12]   Pre-dump 1/3 complete
[03:56:12]   Archiving and transferring pre-dump 1...
Setting up SSH trust: edge-node-1 → ubuntu@10.138.215.137
  Adding public key to destination's authorized_keys...
  Testing SSH connectivity...
  ✓ SSH trust ready
  Transferring /home/ubuntu/CRIU-tcp-client-iter-0.tar.gz via SCP...
[03:56:20]   Pre-dump 2/3 complete
[03:56:20]   Archiving and transferring pre-dump 2...
Setting up SSH trust: edge-node-1 → ubuntu@10.138.215.137
  Adding public key to destination's authorized_keys...
  Testing SSH connectivity...
  ✓ SSH trust ready
  Transferring /home/ubuntu/CRIU-tcp-client-iter-1.tar.gz via SCP...
[03:56:28]   Pre-dump 3/3 complete
[03:56:28]   Archiving and transferring pre-dump 3...
Setting up SSH trust: edge-node-1 → ubuntu@10.138.215.137
  Adding public key to destination's authorized_keys...
  Testing SSH connectivity...
  ✓ SSH trust ready
  Transferring /home/ubuntu/CRIU-tcp-client-iter-2.tar.gz via SCP...
[03:56:36]   Pre-copy transfer outside downtime: archive=944 ms, transfer=17640 ms, unpack=1029 ms, bytes=22346
[03:56:36] Step 4: Final dump (freezing client)...
[03:56:37] Step 4.5: Moving VIP to destination...
[03:56:37]   Moving VIP 10.138.215.250 from edge-node-1:ens3 -> edge-node-2:ens3
[03:56:42] Step 5: Creating final dump archive...
[03:56:43] Step 6: Transferring archive...
[03:56:43]   Setting up direct SSH trust...
Setting up SSH trust: edge-node-1 → ubuntu@10.138.215.137
  Adding public key to destination's authorized_keys...
  Testing SSH connectivity...
  ✓ SSH trust ready
Setting up SSH trust: edge-node-1 → ubuntu@10.138.215.137
  Adding public key to destination's authorized_keys...
  Testing SSH connectivity...
  ✓ SSH trust ready
  Transferring /home/ubuntu/CRIU-tcp-client-final.tar.gz via SCP...
[03:56:51] Step 7: Unpacking on destination...
[03:56:51] Step 8: Preparing restore environment...
[03:56:52] Step 9: Restoring client (--tcp-established)...
[03:56:52] Step 10: Verifying connection continuity...
[03:56:56]   Client output (tail): PP 18 -> 18
[03:56:56]   Server connections so far: 1
[03:56:56] ✓ SUCCESS: Client restored and TCP socket appears established
[03:56:56] Metrics saved to /home/ivo/Evaluation-of-Live-Migration-Strategies-at-the-Edge/Network-live-migration/metrics/migration_metrics.csv
[exit=0]

$ python3 /home/ivo/Evaluation-of-Live-Migration-Strategies-at-the-Edge/Network-live-migration/scripts/setup/reset_nodes.py edge-node-1 edge-node-2 edge-host-1 10.138.215.250
[03:56:57] Resetting nodes: edge-node-1 -> edge-node-2 (server: edge-host-1, vip: 10.138.215.250)
[03:56:57] Step 1: Killing any existing processes on source...
[03:56:57]   Killing PID 84691 (from /home/ubuntu/tcp_client.pid)
[03:56:58]   Killing PID 84691 (from /home/ubuntu/client.pid)
[03:56:58]   Killing any remaining background processes...
[03:57:00] Step 2: Cleaning source node...
[03:57:01] Step 3: Cleaning destination node...
[03:57:02]   Killing PID 84691 on destination (from /home/ubuntu/tcp_client.pid)
[03:57:02]   Killing PID 84691 on destination (from /home/ubuntu/client.pid)
[03:57:03]   Killing all remaining TCP processes on destination...
[03:57:06] Step 4: Cleaning server node (edge-host-1)...
[03:57:07]   Killing PID 1814944 on server (from /home/ubuntu/tcp_server.pid)
[03:57:09] ✓ Reset complete, nodes are clean
[03:57:09]   Next: Start your application
[exit=0]

$ bash /home/ivo/Evaluation-of-Live-Migration-Strategies-at-the-Edge/Network-live-migration/scripts/workloads/start_tcp_server.sh edge-host-1 5000
[tcp-server] Ensuring tcp-howto binary on edge-host-1...
[tcp-server] Reusing existing /tmp/tcp-howto on edge-host-1
[tcp-server] Starting on edge-host-1 (port 5000)...
[tcp-server] Waiting for listen...
✓ TCP server listening on edge-host-1:5000
[tcp-server] Logs: multipass exec edge-host-1 -- tail -f /home/ubuntu/tcp_server.out
[exit=0]

$ bash /home/ivo/Evaluation-of-Live-Migration-Strategies-at-the-Edge/Network-live-migration/scripts/workloads/start_tcp_client.sh edge-node-1 edge-host-1 5000
[tcp-client] Server endpoint: 10.138.215.36:5000
[tcp-client] Client VIP: 10.138.215.250
[tcp-client] Ensuring tcp-howto binary on edge-node-1...
[tcp-client] Reusing existing /tmp/tcp-howto on edge-node-1
[tcp-client] Ensuring VIP 10.138.215.250 is present on edge-node-1...
ARPING 10.138.215.250 from 10.138.215.250 ens3
Sent 3 probes (3 broadcast(s))
Received 0 response(s)
[tcp-client] Starting on edge-node-1...
[tcp-client] Waiting for established TCP connection...
✓ TCP client connected (PID: 87884)
[tcp-client] Logs: multipass exec edge-node-1 -- tail -f /home/ubuntu/tcp_client.out
[exit=0]

$ python3 /home/ivo/Evaluation-of-Live-Migration-Strategies-at-the-Edge/Network-live-migration/scripts/orchestrators/tcp_client_benchmark.py precopy --source edge-node-1 --dest edge-node-2 --server edge-host-1 --transfer-mode direct --run-id 12-05-2026-direct-precopy-0014 --csv /home/ivo/Evaluation-of-Live-Migration-Strategies-at-the-Edge/Network-live-migration/metrics/migration_metrics.csv --profile-name 4_Starlink --iterations 3
[03:57:18] === TCP CLIENT MIGRATION ===
[03:57:18] Run ID: 12-05-2026-direct-precopy-0014
[03:57:18] Source: edge-node-1, Dest: edge-node-2
[03:57:18] Server: edge-host-1
[03:57:18] Transfer mode: direct

[03:57:18] === TCP CLIENT PRE-COPY MIGRATION (3 iterations) ===
[03:57:18] Step 1: Checking source client process...
[03:57:18]   Using PID from /home/ubuntu/tcp_client.pid: 87884
[03:57:19]   Server connections so far: 1
[03:57:20] Step 2: Preparing CRIU directory...
[03:57:20] Step 3: Running 3 pre-dumps and transferring them while client keeps running...
[03:57:20]   Pre-dump 1/3 complete
[03:57:20]   Archiving and transferring pre-dump 1...
Setting up SSH trust: edge-node-1 → ubuntu@10.138.215.137
  Adding public key to destination's authorized_keys...
  Testing SSH connectivity...
  ✓ SSH trust ready
  Transferring /home/ubuntu/CRIU-tcp-client-iter-0.tar.gz via SCP...
[03:57:28]   Pre-dump 2/3 complete
[03:57:28]   Archiving and transferring pre-dump 2...
Setting up SSH trust: edge-node-1 → ubuntu@10.138.215.137
  Adding public key to destination's authorized_keys...
  Testing SSH connectivity...
  ✓ SSH trust ready
  Transferring /home/ubuntu/CRIU-tcp-client-iter-1.tar.gz via SCP...
[03:57:36]   Pre-dump 3/3 complete
[03:57:36]   Archiving and transferring pre-dump 3...
Setting up SSH trust: edge-node-1 → ubuntu@10.138.215.137
  Adding public key to destination's authorized_keys...
  Testing SSH connectivity...
  ✓ SSH trust ready
  Transferring /home/ubuntu/CRIU-tcp-client-iter-2.tar.gz via SCP...
[03:57:44]   Pre-copy transfer outside downtime: archive=866 ms, transfer=17062 ms, unpack=1043 ms, bytes=21740
[03:57:44] Step 4: Final dump (freezing client)...
[03:57:44] Step 4.5: Moving VIP to destination...
[03:57:45]   Moving VIP 10.138.215.250 from edge-node-1:ens3 -> edge-node-2:ens3
[03:57:50] Step 5: Creating final dump archive...
[03:57:50] Step 6: Transferring archive...
[03:57:50]   Setting up direct SSH trust...
Setting up SSH trust: edge-node-1 → ubuntu@10.138.215.137
  Adding public key to destination's authorized_keys...
  Testing SSH connectivity...
  ✓ SSH trust ready
Setting up SSH trust: edge-node-1 → ubuntu@10.138.215.137
  Adding public key to destination's authorized_keys...
  Testing SSH connectivity...
  ✓ SSH trust ready
  Transferring /home/ubuntu/CRIU-tcp-client-final.tar.gz via SCP...
[03:57:59] Step 7: Unpacking on destination...
[03:57:59] Step 8: Preparing restore environment...
[03:58:00] Step 9: Restoring client (--tcp-established)...
[03:58:00] Step 10: Verifying connection continuity...
[03:58:04]   Client output (tail): PP 17 -> 17
[03:58:04]   Server connections so far: 1
[03:58:04] ✓ SUCCESS: Client restored and TCP socket appears established
[03:58:04] Metrics saved to /home/ivo/Evaluation-of-Live-Migration-Strategies-at-the-Edge/Network-live-migration/metrics/migration_metrics.csv
[exit=0]

$ python3 /home/ivo/Evaluation-of-Live-Migration-Strategies-at-the-Edge/Network-live-migration/scripts/setup/reset_nodes.py edge-node-1 edge-node-2 edge-host-1 10.138.215.250
[03:58:05] Resetting nodes: edge-node-1 -> edge-node-2 (server: edge-host-1, vip: 10.138.215.250)
[03:58:05] Step 1: Killing any existing processes on source...
[03:58:05]   Killing PID 87884 (from /home/ubuntu/tcp_client.pid)
[03:58:06]   Killing PID 87884 (from /home/ubuntu/client.pid)
[03:58:07]   Killing any remaining background processes...
[03:58:08] Step 2: Cleaning source node...
[03:58:10] Step 3: Cleaning destination node...
[03:58:10]   Killing PID 87884 on destination (from /home/ubuntu/tcp_client.pid)
[03:58:11]   Killing PID 87884 on destination (from /home/ubuntu/client.pid)
[03:58:11]   Killing all remaining TCP processes on destination...
[03:58:14] Step 4: Cleaning server node (edge-host-1)...
[03:58:15]   Killing PID 1815999 on server (from /home/ubuntu/tcp_server.pid)
[03:58:17] ✓ Reset complete, nodes are clean
[03:58:17]   Next: Start your application
[exit=0]

$ bash /home/ivo/Evaluation-of-Live-Migration-Strategies-at-the-Edge/Network-live-migration/scripts/workloads/start_tcp_server.sh edge-host-1 5000
[tcp-server] Ensuring tcp-howto binary on edge-host-1...
[tcp-server] Reusing existing /tmp/tcp-howto on edge-host-1
[tcp-server] Starting on edge-host-1 (port 5000)...
[tcp-server] Waiting for listen...
✓ TCP server listening on edge-host-1:5000
[tcp-server] Logs: multipass exec edge-host-1 -- tail -f /home/ubuntu/tcp_server.out
[exit=0]

$ bash /home/ivo/Evaluation-of-Live-Migration-Strategies-at-the-Edge/Network-live-migration/scripts/workloads/start_tcp_client.sh edge-node-1 edge-host-1 5000
[tcp-client] Server endpoint: 10.138.215.36:5000
[tcp-client] Client VIP: 10.138.215.250
[tcp-client] Ensuring tcp-howto binary on edge-node-1...
[tcp-client] Reusing existing /tmp/tcp-howto on edge-node-1
[tcp-client] Ensuring VIP 10.138.215.250 is present on edge-node-1...
ARPING 10.138.215.250 from 10.138.215.250 ens3
Sent 3 probes (3 broadcast(s))
Received 0 response(s)
[tcp-client] Starting on edge-node-1...
[tcp-client] Waiting for established TCP connection...
✓ TCP client connected (PID: 91064)
[tcp-client] Logs: multipass exec edge-node-1 -- tail -f /home/ubuntu/tcp_client.out
[exit=0]

$ python3 /home/ivo/Evaluation-of-Live-Migration-Strategies-at-the-Edge/Network-live-migration/scripts/orchestrators/tcp_client_benchmark.py precopy --source edge-node-1 --dest edge-node-2 --server edge-host-1 --transfer-mode direct --run-id 12-05-2026-direct-precopy-0015 --csv /home/ivo/Evaluation-of-Live-Migration-Strategies-at-the-Edge/Network-live-migration/metrics/migration_metrics.csv --profile-name 4_Starlink --iterations 3
[03:58:26] === TCP CLIENT MIGRATION ===
[03:58:26] Run ID: 12-05-2026-direct-precopy-0015
[03:58:26] Source: edge-node-1, Dest: edge-node-2
[03:58:26] Server: edge-host-1
[03:58:26] Transfer mode: direct

[03:58:26] === TCP CLIENT PRE-COPY MIGRATION (3 iterations) ===
[03:58:26] Step 1: Checking source client process...
[03:58:27]   Using PID from /home/ubuntu/tcp_client.pid: 91064
[03:58:27]   Server connections so far: 1
[03:58:28] Step 2: Preparing CRIU directory...
[03:58:28] Step 3: Running 3 pre-dumps and transferring them while client keeps running...
[03:58:29]   Pre-dump 1/3 complete
[03:58:29]   Archiving and transferring pre-dump 1...
Setting up SSH trust: edge-node-1 → ubuntu@10.138.215.137
  Adding public key to destination's authorized_keys...
  Testing SSH connectivity...
  ✓ SSH trust ready
  Transferring /home/ubuntu/CRIU-tcp-client-iter-0.tar.gz via SCP...
[03:58:37]   Pre-dump 2/3 complete
[03:58:37]   Archiving and transferring pre-dump 2...
Setting up SSH trust: edge-node-1 → ubuntu@10.138.215.137
  Adding public key to destination's authorized_keys...
  Testing SSH connectivity...
  ✓ SSH trust ready
  Transferring /home/ubuntu/CRIU-tcp-client-iter-1.tar.gz via SCP...
[03:58:46]   Pre-dump 3/3 complete
[03:58:46]   Archiving and transferring pre-dump 3...
Setting up SSH trust: edge-node-1 → ubuntu@10.138.215.137
  Adding public key to destination's authorized_keys...
  Testing SSH connectivity...
  ✓ SSH trust ready
  Transferring /home/ubuntu/CRIU-tcp-client-iter-2.tar.gz via SCP...
[03:58:54]   Pre-copy transfer outside downtime: archive=922 ms, transfer=18557 ms, unpack=1074 ms, bytes=23100
[03:58:54] Step 4: Final dump (freezing client)...
[03:58:54] Step 4.5: Moving VIP to destination...
[03:58:55]   Moving VIP 10.138.215.250 from edge-node-1:ens3 -> edge-node-2:ens3
[03:58:59] Step 5: Creating final dump archive...
[03:59:00] Step 6: Transferring archive...
[03:59:00]   Setting up direct SSH trust...
Setting up SSH trust: edge-node-1 → ubuntu@10.138.215.137
  Adding public key to destination's authorized_keys...
  Testing SSH connectivity...
  ✓ SSH trust ready
Setting up SSH trust: edge-node-1 → ubuntu@10.138.215.137
  Adding public key to destination's authorized_keys...
  Testing SSH connectivity...
  ✓ SSH trust ready
  Transferring /home/ubuntu/CRIU-tcp-client-final.tar.gz via SCP...
[03:59:09] Step 7: Unpacking on destination...
[03:59:09] Step 8: Preparing restore environment...
[03:59:10] Step 9: Restoring client (--tcp-established)...
[03:59:10] Step 10: Verifying connection continuity...
[03:59:14]   Client output (tail): PP 18 -> 18
[03:59:14]   Server connections so far: 1
[03:59:14] ✓ SUCCESS: Client restored and TCP socket appears established
[03:59:14] Metrics saved to /home/ivo/Evaluation-of-Live-Migration-Strategies-at-the-Edge/Network-live-migration/metrics/migration_metrics.csv
[exit=0]

$ python3 /home/ivo/Evaluation-of-Live-Migration-Strategies-at-the-Edge/Network-live-migration/scripts/setup/reset_nodes.py edge-node-1 edge-node-2 edge-host-1 10.138.215.250
[03:59:15] Resetting nodes: edge-node-1 -> edge-node-2 (server: edge-host-1, vip: 10.138.215.250)
[03:59:15] Step 1: Killing any existing processes on source...
[03:59:15]   Killing PID 91064 (from /home/ubuntu/tcp_client.pid)
[03:59:16]   Killing PID 91064 (from /home/ubuntu/client.pid)
[03:59:16]   Killing any remaining background processes...
[03:59:18] Step 2: Cleaning source node...
[03:59:20] Step 3: Cleaning destination node...
[03:59:20]   Killing PID 91064 on destination (from /home/ubuntu/tcp_client.pid)
[03:59:21]   Killing PID 91064 on destination (from /home/ubuntu/client.pid)
[03:59:21]   Killing all remaining TCP processes on destination...
[03:59:24] Step 4: Cleaning server node (edge-host-1)...
[03:59:25]   Killing PID 1817063 on server (from /home/ubuntu/tcp_server.pid)
[03:59:27] ✓ Reset complete, nodes are clean
[03:59:27]   Next: Start your application
[exit=0]

$ bash /home/ivo/Evaluation-of-Live-Migration-Strategies-at-the-Edge/Network-live-migration/scripts/workloads/start_tcp_server.sh edge-host-1 5000
[tcp-server] Ensuring tcp-howto binary on edge-host-1...
[tcp-server] Reusing existing /tmp/tcp-howto on edge-host-1
[tcp-server] Starting on edge-host-1 (port 5000)...
[tcp-server] Waiting for listen...
✓ TCP server listening on edge-host-1:5000
[tcp-server] Logs: multipass exec edge-host-1 -- tail -f /home/ubuntu/tcp_server.out
[exit=0]

$ bash /home/ivo/Evaluation-of-Live-Migration-Strategies-at-the-Edge/Network-live-migration/scripts/workloads/start_tcp_client.sh edge-node-1 edge-host-1 5000
[tcp-client] Server endpoint: 10.138.215.36:5000
[tcp-client] Client VIP: 10.138.215.250
[tcp-client] Ensuring tcp-howto binary on edge-node-1...
[tcp-client] Reusing existing /tmp/tcp-howto on edge-node-1
[tcp-client] Ensuring VIP 10.138.215.250 is present on edge-node-1...
ARPING 10.138.215.250 from 10.138.215.250 ens3
Sent 3 probes (3 broadcast(s))
Received 0 response(s)
[tcp-client] Starting on edge-node-1...
[tcp-client] Waiting for established TCP connection...
✓ TCP client connected (PID: 94238)
[tcp-client] Logs: multipass exec edge-node-1 -- tail -f /home/ubuntu/tcp_client.out
[exit=0]

$ python3 /home/ivo/Evaluation-of-Live-Migration-Strategies-at-the-Edge/Network-live-migration/scripts/orchestrators/tcp_client_benchmark.py precopy --source edge-node-1 --dest edge-node-2 --server edge-host-1 --transfer-mode direct --run-id 12-05-2026-direct-precopy-0016 --csv /home/ivo/Evaluation-of-Live-Migration-Strategies-at-the-Edge/Network-live-migration/metrics/migration_metrics.csv --profile-name 4_Starlink --iterations 3
[03:59:36] === TCP CLIENT MIGRATION ===
[03:59:36] Run ID: 12-05-2026-direct-precopy-0016
[03:59:36] Source: edge-node-1, Dest: edge-node-2
[03:59:36] Server: edge-host-1
[03:59:36] Transfer mode: direct

[03:59:36] === TCP CLIENT PRE-COPY MIGRATION (3 iterations) ===
[03:59:36] Step 1: Checking source client process...
[03:59:36]   Using PID from /home/ubuntu/tcp_client.pid: 94238
[03:59:37]   Server connections so far: 1
[03:59:38] Step 2: Preparing CRIU directory...
[03:59:38] Step 3: Running 3 pre-dumps and transferring them while client keeps running...
[03:59:38]   Pre-dump 1/3 complete
[03:59:38]   Archiving and transferring pre-dump 1...
Setting up SSH trust: edge-node-1 → ubuntu@10.138.215.137
  Adding public key to destination's authorized_keys...
  Testing SSH connectivity...
  ✓ SSH trust ready
  Transferring /home/ubuntu/CRIU-tcp-client-iter-0.tar.gz via SCP...
[03:59:47]   Pre-dump 2/3 complete
[03:59:47]   Archiving and transferring pre-dump 2...
Setting up SSH trust: edge-node-1 → ubuntu@10.138.215.137
  Adding public key to destination's authorized_keys...
  Testing SSH connectivity...
  ✓ SSH trust ready
  Transferring /home/ubuntu/CRIU-tcp-client-iter-1.tar.gz via SCP...
[03:59:55]   Pre-dump 3/3 complete
[03:59:55]   Archiving and transferring pre-dump 3...
Setting up SSH trust: edge-node-1 → ubuntu@10.138.215.137
  Adding public key to destination's authorized_keys...
  Testing SSH connectivity...
  ✓ SSH trust ready
  Transferring /home/ubuntu/CRIU-tcp-client-iter-2.tar.gz via SCP...
[04:00:03]   Pre-copy transfer outside downtime: archive=1005 ms, transfer=17804 ms, unpack=922 ms, bytes=22472
[04:00:03] Step 4: Final dump (freezing client)...
[04:00:03] Step 4.5: Moving VIP to destination...
[04:00:03]   Moving VIP 10.138.215.250 from edge-node-1:ens3 -> edge-node-2:ens3
[04:00:08] Step 5: Creating final dump archive...
[04:00:09] Step 6: Transferring archive...
[04:00:09]   Setting up direct SSH trust...
Setting up SSH trust: edge-node-1 → ubuntu@10.138.215.137
  Adding public key to destination's authorized_keys...
  Testing SSH connectivity...
  ✓ SSH trust ready
Setting up SSH trust: edge-node-1 → ubuntu@10.138.215.137
  Adding public key to destination's authorized_keys...
  Testing SSH connectivity...
  ✓ SSH trust ready
  Transferring /home/ubuntu/CRIU-tcp-client-final.tar.gz via SCP...
[04:00:18] Step 7: Unpacking on destination...
[04:00:18] Step 8: Preparing restore environment...
[04:00:18] Step 9: Restoring client (--tcp-established)...
[04:00:19] Step 10: Verifying connection continuity...
[04:00:23]   Client output (tail): PP 18 -> 18
[04:00:23]   Server connections so far: 1
[04:00:23] ✓ SUCCESS: Client restored and TCP socket appears established
[04:00:23] Metrics saved to /home/ivo/Evaluation-of-Live-Migration-Strategies-at-the-Edge/Network-live-migration/metrics/migration_metrics.csv
[exit=0]

$ python3 /home/ivo/Evaluation-of-Live-Migration-Strategies-at-the-Edge/Network-live-migration/scripts/setup/reset_nodes.py edge-node-1 edge-node-2 edge-host-1 10.138.215.250
[04:00:24] Resetting nodes: edge-node-1 -> edge-node-2 (server: edge-host-1, vip: 10.138.215.250)
[04:00:24] Step 1: Killing any existing processes on source...
[04:00:24]   Killing PID 94238 (from /home/ubuntu/tcp_client.pid)
[04:00:25]   Killing PID 94238 (from /home/ubuntu/client.pid)
[04:00:25]   Killing any remaining background processes...
[04:00:27] Step 2: Cleaning source node...
[04:00:29] Step 3: Cleaning destination node...
[04:00:29]   Killing PID 94238 on destination (from /home/ubuntu/tcp_client.pid)
[04:00:30]   Killing PID 94238 on destination (from /home/ubuntu/client.pid)
[04:00:30]   Killing all remaining TCP processes on destination...
[04:00:33] Step 4: Cleaning server node (edge-host-1)...
[04:00:34]   Killing PID 1818128 on server (from /home/ubuntu/tcp_server.pid)
[04:00:36] ✓ Reset complete, nodes are clean
[04:00:36]   Next: Start your application
[exit=0]

$ bash /home/ivo/Evaluation-of-Live-Migration-Strategies-at-the-Edge/Network-live-migration/scripts/workloads/start_tcp_server.sh edge-host-1 5000
[tcp-server] Ensuring tcp-howto binary on edge-host-1...
[tcp-server] Reusing existing /tmp/tcp-howto on edge-host-1
[tcp-server] Starting on edge-host-1 (port 5000)...
[tcp-server] Waiting for listen...
✓ TCP server listening on edge-host-1:5000
[tcp-server] Logs: multipass exec edge-host-1 -- tail -f /home/ubuntu/tcp_server.out
[exit=0]

$ bash /home/ivo/Evaluation-of-Live-Migration-Strategies-at-the-Edge/Network-live-migration/scripts/workloads/start_tcp_client.sh edge-node-1 edge-host-1 5000
[tcp-client] Server endpoint: 10.138.215.36:5000
[tcp-client] Client VIP: 10.138.215.250
[tcp-client] Ensuring tcp-howto binary on edge-node-1...
[tcp-client] Reusing existing /tmp/tcp-howto on edge-node-1
[tcp-client] Ensuring VIP 10.138.215.250 is present on edge-node-1...
ARPING 10.138.215.250 from 10.138.215.250 ens3
Sent 3 probes (3 broadcast(s))
Received 0 response(s)
[tcp-client] Starting on edge-node-1...
[tcp-client] Waiting for established TCP connection...
✓ TCP client connected (PID: 97424)
[tcp-client] Logs: multipass exec edge-node-1 -- tail -f /home/ubuntu/tcp_client.out
[exit=0]

$ python3 /home/ivo/Evaluation-of-Live-Migration-Strategies-at-the-Edge/Network-live-migration/scripts/orchestrators/tcp_client_benchmark.py precopy --source edge-node-1 --dest edge-node-2 --server edge-host-1 --transfer-mode direct --run-id 12-05-2026-direct-precopy-0017 --csv /home/ivo/Evaluation-of-Live-Migration-Strategies-at-the-Edge/Network-live-migration/metrics/migration_metrics.csv --profile-name 4_Starlink --iterations 3
[04:00:44] === TCP CLIENT MIGRATION ===
[04:00:44] Run ID: 12-05-2026-direct-precopy-0017
[04:00:44] Source: edge-node-1, Dest: edge-node-2
[04:00:44] Server: edge-host-1
[04:00:44] Transfer mode: direct

[04:00:44] === TCP CLIENT PRE-COPY MIGRATION (3 iterations) ===
[04:00:44] Step 1: Checking source client process...
[04:00:45]   Using PID from /home/ubuntu/tcp_client.pid: 97424
[04:00:46]   Server connections so far: 1
[04:00:46] Step 2: Preparing CRIU directory...
[04:00:46] Step 3: Running 3 pre-dumps and transferring them while client keeps running...
[04:00:47]   Pre-dump 1/3 complete
[04:00:47]   Archiving and transferring pre-dump 1...
Setting up SSH trust: edge-node-1 → ubuntu@10.138.215.137
  Adding public key to destination's authorized_keys...
  Testing SSH connectivity...
  ✓ SSH trust ready
  Transferring /home/ubuntu/CRIU-tcp-client-iter-0.tar.gz via SCP...
[04:00:55]   Pre-dump 2/3 complete
[04:00:55]   Archiving and transferring pre-dump 2...
Setting up SSH trust: edge-node-1 → ubuntu@10.138.215.137
  Adding public key to destination's authorized_keys...
  Testing SSH connectivity...
  ✓ SSH trust ready
  Transferring /home/ubuntu/CRIU-tcp-client-iter-1.tar.gz via SCP...
[04:01:03]   Pre-dump 3/3 complete
[04:01:03]   Archiving and transferring pre-dump 3...
Setting up SSH trust: edge-node-1 → ubuntu@10.138.215.137
  Adding public key to destination's authorized_keys...
  Testing SSH connectivity...
  ✓ SSH trust ready
  Transferring /home/ubuntu/CRIU-tcp-client-iter-2.tar.gz via SCP...
[04:01:11]   Pre-copy transfer outside downtime: archive=940 ms, transfer=17460 ms, unpack=925 ms, bytes=22341
[04:01:11] Step 4: Final dump (freezing client)...
[04:01:11] Step 4.5: Moving VIP to destination...
[04:01:11]   Moving VIP 10.138.215.250 from edge-node-1:ens3 -> edge-node-2:ens3
[04:01:16] Step 5: Creating final dump archive...
[04:01:17] Step 6: Transferring archive...
[04:01:17]   Setting up direct SSH trust...
Setting up SSH trust: edge-node-1 → ubuntu@10.138.215.137
  Adding public key to destination's authorized_keys...
  Testing SSH connectivity...
  ✓ SSH trust ready
Setting up SSH trust: edge-node-1 → ubuntu@10.138.215.137
  Adding public key to destination's authorized_keys...
  Testing SSH connectivity...
  ✓ SSH trust ready
  Transferring /home/ubuntu/CRIU-tcp-client-final.tar.gz via SCP...
[04:01:26] Step 7: Unpacking on destination...
[04:01:26] Step 8: Preparing restore environment...
[04:01:27] Step 9: Restoring client (--tcp-established)...
[04:01:27] Step 10: Verifying connection continuity...
[04:01:30]   Client output (tail): PP 17 -> 17
[04:01:31]   Server connections so far: 1
[04:01:31] ✓ SUCCESS: Client restored and TCP socket appears established
[04:01:31] Metrics saved to /home/ivo/Evaluation-of-Live-Migration-Strategies-at-the-Edge/Network-live-migration/metrics/migration_metrics.csv
[exit=0]

$ python3 /home/ivo/Evaluation-of-Live-Migration-Strategies-at-the-Edge/Network-live-migration/scripts/setup/reset_nodes.py edge-node-1 edge-node-2 edge-host-1 10.138.215.250
[04:01:32] Resetting nodes: edge-node-1 -> edge-node-2 (server: edge-host-1, vip: 10.138.215.250)
[04:01:32] Step 1: Killing any existing processes on source...
[04:01:32]   Killing PID 97424 (from /home/ubuntu/tcp_client.pid)
[04:01:33]   Killing PID 97424 (from /home/ubuntu/client.pid)
[04:01:33]   Killing any remaining background processes...
[04:01:35] Step 2: Cleaning source node...
[04:01:37] Step 3: Cleaning destination node...
[04:01:37]   Killing PID 97424 on destination (from /home/ubuntu/tcp_client.pid)
[04:01:38]   Killing PID 97424 on destination (from /home/ubuntu/client.pid)
[04:01:38]   Killing all remaining TCP processes on destination...
[04:01:41] Step 4: Cleaning server node (edge-host-1)...
[04:01:42]   Killing PID 1819195 on server (from /home/ubuntu/tcp_server.pid)
[04:01:44] ✓ Reset complete, nodes are clean
[04:01:44]   Next: Start your application
[exit=0]

$ bash /home/ivo/Evaluation-of-Live-Migration-Strategies-at-the-Edge/Network-live-migration/scripts/workloads/start_tcp_server.sh edge-host-1 5000
[tcp-server] Ensuring tcp-howto binary on edge-host-1...
[tcp-server] Reusing existing /tmp/tcp-howto on edge-host-1
[tcp-server] Starting on edge-host-1 (port 5000)...
[tcp-server] Waiting for listen...
✓ TCP server listening on edge-host-1:5000
[tcp-server] Logs: multipass exec edge-host-1 -- tail -f /home/ubuntu/tcp_server.out
[exit=0]

$ bash /home/ivo/Evaluation-of-Live-Migration-Strategies-at-the-Edge/Network-live-migration/scripts/workloads/start_tcp_client.sh edge-node-1 edge-host-1 5000
[tcp-client] Server endpoint: 10.138.215.36:5000
[tcp-client] Client VIP: 10.138.215.250
[tcp-client] Ensuring tcp-howto binary on edge-node-1...
[tcp-client] Reusing existing /tmp/tcp-howto on edge-node-1
[tcp-client] Ensuring VIP 10.138.215.250 is present on edge-node-1...
ARPING 10.138.215.250 from 10.138.215.250 ens3
Sent 3 probes (3 broadcast(s))
Received 0 response(s)
[tcp-client] Starting on edge-node-1...
[tcp-client] Waiting for established TCP connection...
✓ TCP client connected (PID: 100608)
[tcp-client] Logs: multipass exec edge-node-1 -- tail -f /home/ubuntu/tcp_client.out
[exit=0]

$ python3 /home/ivo/Evaluation-of-Live-Migration-Strategies-at-the-Edge/Network-live-migration/scripts/orchestrators/tcp_client_benchmark.py precopy --source edge-node-1 --dest edge-node-2 --server edge-host-1 --transfer-mode direct --run-id 12-05-2026-direct-precopy-0018 --csv /home/ivo/Evaluation-of-Live-Migration-Strategies-at-the-Edge/Network-live-migration/metrics/migration_metrics.csv --profile-name 4_Starlink --iterations 3
[04:01:52] === TCP CLIENT MIGRATION ===
[04:01:52] Run ID: 12-05-2026-direct-precopy-0018
[04:01:52] Source: edge-node-1, Dest: edge-node-2
[04:01:52] Server: edge-host-1
[04:01:52] Transfer mode: direct

[04:01:52] === TCP CLIENT PRE-COPY MIGRATION (3 iterations) ===
[04:01:52] Step 1: Checking source client process...
[04:01:53]   Using PID from /home/ubuntu/tcp_client.pid: 100608
[04:01:54]   Server connections so far: 1
[04:01:54] Step 2: Preparing CRIU directory...
[04:01:55] Step 3: Running 3 pre-dumps and transferring them while client keeps running...
[04:01:55]   Pre-dump 1/3 complete
[04:01:55]   Archiving and transferring pre-dump 1...
Setting up SSH trust: edge-node-1 → ubuntu@10.138.215.137
  Adding public key to destination's authorized_keys...
  Testing SSH connectivity...
  ✓ SSH trust ready
  Transferring /home/ubuntu/CRIU-tcp-client-iter-0.tar.gz via SCP...
[04:02:03]   Pre-dump 2/3 complete
[04:02:03]   Archiving and transferring pre-dump 2...
Setting up SSH trust: edge-node-1 → ubuntu@10.138.215.137
  Adding public key to destination's authorized_keys...
  Testing SSH connectivity...
  ✓ SSH trust ready
  Transferring /home/ubuntu/CRIU-tcp-client-iter-1.tar.gz via SCP...
[04:02:10]   Pre-dump 3/3 complete
[04:02:10]   Archiving and transferring pre-dump 3...
Setting up SSH trust: edge-node-1 → ubuntu@10.138.215.137
  Adding public key to destination's authorized_keys...
  Testing SSH connectivity...
  ✓ SSH trust ready
  Transferring /home/ubuntu/CRIU-tcp-client-iter-2.tar.gz via SCP...
[04:02:18]   Pre-copy transfer outside downtime: archive=902 ms, transfer=16916 ms, unpack=901 ms, bytes=21697
[04:02:18] Step 4: Final dump (freezing client)...
[04:02:18] Step 4.5: Moving VIP to destination...
[04:02:19]   Moving VIP 10.138.215.250 from edge-node-1:ens3 -> edge-node-2:ens3
[04:02:24] Step 5: Creating final dump archive...
[04:02:24] Step 6: Transferring archive...
[04:02:24]   Setting up direct SSH trust...
Setting up SSH trust: edge-node-1 → ubuntu@10.138.215.137
  Adding public key to destination's authorized_keys...
  Testing SSH connectivity...
  ✓ SSH trust ready
Setting up SSH trust: edge-node-1 → ubuntu@10.138.215.137
  Adding public key to destination's authorized_keys...
  Testing SSH connectivity...
  ✓ SSH trust ready
  Transferring /home/ubuntu/CRIU-tcp-client-final.tar.gz via SCP...
[04:02:34] Step 7: Unpacking on destination...
[04:02:34] Step 8: Preparing restore environment...
[04:02:34] Step 9: Restoring client (--tcp-established)...
[04:02:35] Step 10: Verifying connection continuity...
[04:02:38]   Client output (tail): PP 17 -> 17
[04:02:39]   Server connections so far: 1
[04:02:39] ✓ SUCCESS: Client restored and TCP socket appears established
[04:02:39] Metrics saved to /home/ivo/Evaluation-of-Live-Migration-Strategies-at-the-Edge/Network-live-migration/metrics/migration_metrics.csv
[exit=0]

$ python3 /home/ivo/Evaluation-of-Live-Migration-Strategies-at-the-Edge/Network-live-migration/scripts/setup/reset_nodes.py edge-node-1 edge-node-2 edge-host-1 10.138.215.250
[04:02:40] Resetting nodes: edge-node-1 -> edge-node-2 (server: edge-host-1, vip: 10.138.215.250)
[04:02:40] Step 1: Killing any existing processes on source...
[04:02:40]   Killing PID 100608 (from /home/ubuntu/tcp_client.pid)
[04:02:41]   Killing PID 100608 (from /home/ubuntu/client.pid)
[04:02:41]   Killing any remaining background processes...
[04:02:43] Step 2: Cleaning source node...
[04:02:44] Step 3: Cleaning destination node...
[04:02:45]   Killing PID 100608 on destination (from /home/ubuntu/tcp_client.pid)
[04:02:45]   Killing PID 100608 on destination (from /home/ubuntu/client.pid)
[04:02:46]   Killing all remaining TCP processes on destination...
[04:02:49] Step 4: Cleaning server node (edge-host-1)...
[04:02:50]   Killing PID 1820253 on server (from /home/ubuntu/tcp_server.pid)
[04:02:52] ✓ Reset complete, nodes are clean
[04:02:52]   Next: Start your application
[exit=0]

$ bash /home/ivo/Evaluation-of-Live-Migration-Strategies-at-the-Edge/Network-live-migration/scripts/workloads/start_tcp_server.sh edge-host-1 5000
[tcp-server] Ensuring tcp-howto binary on edge-host-1...
[tcp-server] Reusing existing /tmp/tcp-howto on edge-host-1
[tcp-server] Starting on edge-host-1 (port 5000)...
[tcp-server] Waiting for listen...
✓ TCP server listening on edge-host-1:5000
[tcp-server] Logs: multipass exec edge-host-1 -- tail -f /home/ubuntu/tcp_server.out
[exit=0]

$ bash /home/ivo/Evaluation-of-Live-Migration-Strategies-at-the-Edge/Network-live-migration/scripts/workloads/start_tcp_client.sh edge-node-1 edge-host-1 5000
[tcp-client] Server endpoint: 10.138.215.36:5000
[tcp-client] Client VIP: 10.138.215.250
[tcp-client] Ensuring tcp-howto binary on edge-node-1...
[tcp-client] Reusing existing /tmp/tcp-howto on edge-node-1
[tcp-client] Ensuring VIP 10.138.215.250 is present on edge-node-1...
ARPING 10.138.215.250 from 10.138.215.250 ens3
Sent 3 probes (3 broadcast(s))
Received 0 response(s)
[tcp-client] Starting on edge-node-1...
[tcp-client] Waiting for established TCP connection...
✓ TCP client connected (PID: 103783)
[tcp-client] Logs: multipass exec edge-node-1 -- tail -f /home/ubuntu/tcp_client.out
[exit=0]

$ python3 /home/ivo/Evaluation-of-Live-Migration-Strategies-at-the-Edge/Network-live-migration/scripts/orchestrators/tcp_client_benchmark.py precopy --source edge-node-1 --dest edge-node-2 --server edge-host-1 --transfer-mode direct --run-id 12-05-2026-direct-precopy-0019 --csv /home/ivo/Evaluation-of-Live-Migration-Strategies-at-the-Edge/Network-live-migration/metrics/migration_metrics.csv --profile-name 4_Starlink --iterations 3
[04:03:00] === TCP CLIENT MIGRATION ===
[04:03:00] Run ID: 12-05-2026-direct-precopy-0019
[04:03:00] Source: edge-node-1, Dest: edge-node-2
[04:03:00] Server: edge-host-1
[04:03:00] Transfer mode: direct

[04:03:00] === TCP CLIENT PRE-COPY MIGRATION (3 iterations) ===
[04:03:00] Step 1: Checking source client process...
[04:03:01]   Using PID from /home/ubuntu/tcp_client.pid: 103783
[04:03:02]   Server connections so far: 1
[04:03:02] Step 2: Preparing CRIU directory...
[04:03:03] Step 3: Running 3 pre-dumps and transferring them while client keeps running...
[04:03:03]   Pre-dump 1/3 complete
[04:03:03]   Archiving and transferring pre-dump 1...
Setting up SSH trust: edge-node-1 → ubuntu@10.138.215.137
  Adding public key to destination's authorized_keys...
  Testing SSH connectivity...
  ✓ SSH trust ready
  Transferring /home/ubuntu/CRIU-tcp-client-iter-0.tar.gz via SCP...
[04:03:11]   Pre-dump 2/3 complete
[04:03:11]   Archiving and transferring pre-dump 2...
Setting up SSH trust: edge-node-1 → ubuntu@10.138.215.137
  Adding public key to destination's authorized_keys...
  Testing SSH connectivity...
  ✓ SSH trust ready
  Transferring /home/ubuntu/CRIU-tcp-client-iter-1.tar.gz via SCP...
[04:03:18]   Pre-dump 3/3 complete
[04:03:18]   Archiving and transferring pre-dump 3...
Setting up SSH trust: edge-node-1 → ubuntu@10.138.215.137
  Adding public key to destination's authorized_keys...
  Testing SSH connectivity...
  ✓ SSH trust ready
  Transferring /home/ubuntu/CRIU-tcp-client-iter-2.tar.gz via SCP...
[04:03:26]   Pre-copy transfer outside downtime: archive=890 ms, transfer=16917 ms, unpack=1215 ms, bytes=21615
[04:03:26] Step 4: Final dump (freezing client)...
[04:03:27] Step 4.5: Moving VIP to destination...
[04:03:27]   Moving VIP 10.138.215.250 from edge-node-1:ens3 -> edge-node-2:ens3
[04:03:32] Step 5: Creating final dump archive...
[04:03:33] Step 6: Transferring archive...
[04:03:33]   Setting up direct SSH trust...
Setting up SSH trust: edge-node-1 → ubuntu@10.138.215.137
  Adding public key to destination's authorized_keys...
  Testing SSH connectivity...
  ✓ SSH trust ready
Setting up SSH trust: edge-node-1 → ubuntu@10.138.215.137
  Adding public key to destination's authorized_keys...
  Testing SSH connectivity...
  ✓ SSH trust ready
  Transferring /home/ubuntu/CRIU-tcp-client-final.tar.gz via SCP...
[04:03:41] Step 7: Unpacking on destination...
[04:03:42] Step 8: Preparing restore environment...
[04:03:42] Step 9: Restoring client (--tcp-established)...
[04:03:43] Step 10: Verifying connection continuity...
[04:03:46]   Client output (tail): PP 18 -> 18
[04:03:47]   Server connections so far: 1
[04:03:47] ✓ SUCCESS: Client restored and TCP socket appears established
[04:03:47] Metrics saved to /home/ivo/Evaluation-of-Live-Migration-Strategies-at-the-Edge/Network-live-migration/metrics/migration_metrics.csv
[exit=0]

$ python3 /home/ivo/Evaluation-of-Live-Migration-Strategies-at-the-Edge/Network-live-migration/scripts/setup/reset_nodes.py edge-node-1 edge-node-2 edge-host-1 10.138.215.250
[04:03:47] Resetting nodes: edge-node-1 -> edge-node-2 (server: edge-host-1, vip: 10.138.215.250)
[04:03:47] Step 1: Killing any existing processes on source...
[04:03:48]   Killing PID 103783 (from /home/ubuntu/tcp_client.pid)
[04:03:48]   Killing PID 103783 (from /home/ubuntu/client.pid)
[04:03:49]   Killing any remaining background processes...
[04:03:50] Step 2: Cleaning source node...
[04:03:52] Step 3: Cleaning destination node...
[04:03:52]   Killing PID 103783 on destination (from /home/ubuntu/tcp_client.pid)
[04:03:53]   Killing PID 103783 on destination (from /home/ubuntu/client.pid)
[04:03:53]   Killing all remaining TCP processes on destination...
[04:03:56] Step 4: Cleaning server node (edge-host-1)...
[04:03:57]   Killing PID 1821316 on server (from /home/ubuntu/tcp_server.pid)
[04:03:59] ✓ Reset complete, nodes are clean
[04:03:59]   Next: Start your application
[exit=0]

$ bash /home/ivo/Evaluation-of-Live-Migration-Strategies-at-the-Edge/Network-live-migration/scripts/workloads/start_tcp_server.sh edge-host-1 5000
[tcp-server] Ensuring tcp-howto binary on edge-host-1...
[tcp-server] Reusing existing /tmp/tcp-howto on edge-host-1
[tcp-server] Starting on edge-host-1 (port 5000)...
[tcp-server] Waiting for listen...
✓ TCP server listening on edge-host-1:5000
[tcp-server] Logs: multipass exec edge-host-1 -- tail -f /home/ubuntu/tcp_server.out
[exit=0]

$ bash /home/ivo/Evaluation-of-Live-Migration-Strategies-at-the-Edge/Network-live-migration/scripts/workloads/start_tcp_client.sh edge-node-1 edge-host-1 5000
[tcp-client] Server endpoint: 10.138.215.36:5000
[tcp-client] Client VIP: 10.138.215.250
[tcp-client] Ensuring tcp-howto binary on edge-node-1...
[tcp-client] Reusing existing /tmp/tcp-howto on edge-node-1
[tcp-client] Ensuring VIP 10.138.215.250 is present on edge-node-1...
ARPING 10.138.215.250 from 10.138.215.250 ens3
Sent 3 probes (3 broadcast(s))
Received 0 response(s)
[tcp-client] Starting on edge-node-1...
[tcp-client] Waiting for established TCP connection...
✓ TCP client connected (PID: 106966)
[tcp-client] Logs: multipass exec edge-node-1 -- tail -f /home/ubuntu/tcp_client.out
[exit=0]

$ python3 /home/ivo/Evaluation-of-Live-Migration-Strategies-at-the-Edge/Network-live-migration/scripts/orchestrators/tcp_client_benchmark.py postcopy --source edge-node-1 --dest edge-node-2 --server edge-host-1 --transfer-mode host --run-id 12-05-2026-host-postcopy-0010 --csv /home/ivo/Evaluation-of-Live-Migration-Strategies-at-the-Edge/Network-live-migration/metrics/migration_metrics.csv --profile-name 4_Starlink --relay-node edge-host-1 --page-server-port 9999
[04:04:08] === TCP CLIENT MIGRATION ===
[04:04:08] Run ID: 12-05-2026-host-postcopy-0010
[04:04:08] Source: edge-node-1, Dest: edge-node-2
[04:04:08] Server: edge-host-1
[04:04:08] Transfer mode: host
[04:04:08] Relay node: edge-host-1

[04:04:08] === TCP CLIENT POST-COPY (LAZY-PAGES) MIGRATION ===
[04:04:08] Step 1: Checking source client process...
[04:04:08]   Using PID from /home/ubuntu/tcp_client.pid: 106966
[04:04:09]   Server connections so far: 1
[04:04:10]   Page-server endpoint: 10.138.215.218:9999
[04:04:10] Step 2: Final dump (freezing client) with --lazy-pages...
[04:04:10]   Dump PID: 107498
[04:04:11]   Final dump time (freeze duration): 752 ms
[04:04:11] Step 2.5: Moving VIP to destination...
[04:04:11]   Moving VIP 10.138.215.250 from edge-node-1:ens3 -> edge-node-2:ens3
[04:04:16] Step 3: Creating archive...
[04:04:17] Step 4: Transferring archive...
  Transferring /home/ubuntu/CRIU-tcp-client.tar.gz via relay node edge-host-1...
Setting up SSH trust: edge-node-1 → ubuntu@10.138.215.36
  Adding public key to destination's authorized_keys...
  Testing SSH connectivity...
  ✓ SSH trust ready
Setting up SSH trust: edge-host-1 → ubuntu@10.138.215.137
  Adding public key to destination's authorized_keys...
  Testing SSH connectivity...
  ✓ SSH trust ready
[04:04:30] Step 5: Unpacking on destination...
[04:04:31] Step 6: Starting lazy-pages daemon on destination...
[04:04:32] Step 7: Restoring client...
[04:04:32] Step 8: Verifying connection continuity...
[04:04:36]   Client output (tail): PP 5 -> 5
[04:04:36]   Server connections so far: 1
[04:04:36] ✓ SUCCESS: Client restored and TCP socket appears established
[04:04:37] Metrics saved to /home/ivo/Evaluation-of-Live-Migration-Strategies-at-the-Edge/Network-live-migration/metrics/migration_metrics.csv
[exit=0]

$ python3 /home/ivo/Evaluation-of-Live-Migration-Strategies-at-the-Edge/Network-live-migration/scripts/setup/reset_nodes.py edge-node-1 edge-node-2 edge-host-1 10.138.215.250
[04:04:38] Resetting nodes: edge-node-1 -> edge-node-2 (server: edge-host-1, vip: 10.138.215.250)
[04:04:38] Step 1: Killing any existing processes on source...
[04:04:38]   Killing PID 106966 (from /home/ubuntu/tcp_client.pid)
[04:04:39]   Killing PID 106966 (from /home/ubuntu/client.pid)
[04:04:39]   Killing any remaining background processes...
[04:04:41] Step 2: Cleaning source node...
[04:04:42] Step 3: Cleaning destination node...
[04:04:43]   Killing PID 106966 on destination (from /home/ubuntu/tcp_client.pid)
[04:04:43]   Killing PID 106966 on destination (from /home/ubuntu/client.pid)
[04:04:44]   Killing all remaining TCP processes on destination...
[04:04:47] Step 4: Cleaning server node (edge-host-1)...
[04:04:47]   Killing PID 1822381 on server (from /home/ubuntu/tcp_server.pid)
[04:04:49] ✓ Reset complete, nodes are clean
[04:04:49]   Next: Start your application
[exit=0]

$ bash /home/ivo/Evaluation-of-Live-Migration-Strategies-at-the-Edge/Network-live-migration/scripts/workloads/start_tcp_server.sh edge-host-1 5000
[tcp-server] Ensuring tcp-howto binary on edge-host-1...
[tcp-server] Reusing existing /tmp/tcp-howto on edge-host-1
[tcp-server] Starting on edge-host-1 (port 5000)...
[tcp-server] Waiting for listen...
✓ TCP server listening on edge-host-1:5000
[tcp-server] Logs: multipass exec edge-host-1 -- tail -f /home/ubuntu/tcp_server.out
[exit=0]

$ bash /home/ivo/Evaluation-of-Live-Migration-Strategies-at-the-Edge/Network-live-migration/scripts/workloads/start_tcp_client.sh edge-node-1 edge-host-1 5000
[tcp-client] Server endpoint: 10.138.215.36:5000
[tcp-client] Client VIP: 10.138.215.250
[tcp-client] Ensuring tcp-howto binary on edge-node-1...
[tcp-client] Reusing existing /tmp/tcp-howto on edge-node-1
[tcp-client] Ensuring VIP 10.138.215.250 is present on edge-node-1...
ARPING 10.138.215.250 from 10.138.215.250 ens3
Sent 3 probes (3 broadcast(s))
Received 0 response(s)
[tcp-client] Starting on edge-node-1...
[tcp-client] Waiting for established TCP connection...
✓ TCP client connected (PID: 109036)
[tcp-client] Logs: multipass exec edge-node-1 -- tail -f /home/ubuntu/tcp_client.out
[exit=0]

$ python3 /home/ivo/Evaluation-of-Live-Migration-Strategies-at-the-Edge/Network-live-migration/scripts/orchestrators/tcp_client_benchmark.py postcopy --source edge-node-1 --dest edge-node-2 --server edge-host-1 --transfer-mode host --run-id 12-05-2026-host-postcopy-0011 --csv /home/ivo/Evaluation-of-Live-Migration-Strategies-at-the-Edge/Network-live-migration/metrics/migration_metrics.csv --profile-name 4_Starlink --relay-node edge-host-1 --page-server-port 9999
[04:04:58] === TCP CLIENT MIGRATION ===
[04:04:58] Run ID: 12-05-2026-host-postcopy-0011
[04:04:58] Source: edge-node-1, Dest: edge-node-2
[04:04:58] Server: edge-host-1
[04:04:58] Transfer mode: host
[04:04:58] Relay node: edge-host-1

[04:04:58] === TCP CLIENT POST-COPY (LAZY-PAGES) MIGRATION ===
[04:04:58] Step 1: Checking source client process...
[04:04:59]   Using PID from /home/ubuntu/tcp_client.pid: 109036
[04:05:00]   Server connections so far: 1
[04:05:01]   Page-server endpoint: 10.138.215.218:9999
[04:05:01] Step 2: Final dump (freezing client) with --lazy-pages...
[04:05:01]   Dump PID: 109571
[04:05:01]   Final dump time (freeze duration): 712 ms
[04:05:01] Step 2.5: Moving VIP to destination...
[04:05:02]   Moving VIP 10.138.215.250 from edge-node-1:ens3 -> edge-node-2:ens3
[04:05:07] Step 3: Creating archive...
[04:05:07] Step 4: Transferring archive...
  Transferring /home/ubuntu/CRIU-tcp-client.tar.gz via relay node edge-host-1...
Setting up SSH trust: edge-node-1 → ubuntu@10.138.215.36
  Adding public key to destination's authorized_keys...
  Testing SSH connectivity...
  ✓ SSH trust ready
Setting up SSH trust: edge-host-1 → ubuntu@10.138.215.137
  Adding public key to destination's authorized_keys...
  Testing SSH connectivity...
  ✓ SSH trust ready
[04:05:20] Step 5: Unpacking on destination...
[04:05:21] Step 6: Starting lazy-pages daemon on destination...
[04:05:22] Step 7: Restoring client...
[04:05:23] Step 8: Verifying connection continuity...
[04:05:26]   Client output (tail): PP 5 -> 5
[04:05:26]   Server connections so far: 1
[04:05:26] ✓ SUCCESS: Client restored and TCP socket appears established
[04:05:27] Metrics saved to /home/ivo/Evaluation-of-Live-Migration-Strategies-at-the-Edge/Network-live-migration/metrics/migration_metrics.csv
[exit=0]

$ python3 /home/ivo/Evaluation-of-Live-Migration-Strategies-at-the-Edge/Network-live-migration/scripts/setup/reset_nodes.py edge-node-1 edge-node-2 edge-host-1 10.138.215.250
[04:05:37] Resetting nodes: edge-node-1 -> edge-node-2 (server: edge-host-1, vip: 10.138.215.250)
[04:05:37] Step 1: Killing any existing processes on source...
[04:05:38]   Killing PID 109036 (from /home/ubuntu/tcp_client.pid)
[04:05:39]   Killing PID 109036 (from /home/ubuntu/client.pid)
[04:05:39]   Killing any remaining background processes...
[04:05:41] Step 2: Cleaning source node...
[04:05:42] Step 3: Cleaning destination node...
[04:05:43]   Killing PID 109036 on destination (from /home/ubuntu/tcp_client.pid)
[04:05:44]   Killing PID 109036 on destination (from /home/ubuntu/client.pid)
[04:05:44]   Killing all remaining TCP processes on destination...
[04:05:47] Step 4: Cleaning server node (edge-host-1)...
[04:05:48]   Killing PID 1823941 on server (from /home/ubuntu/tcp_server.pid)
[04:05:50] ✓ Reset complete, nodes are clean
[04:05:50]   Next: Start your application
[exit=0]

$ bash /home/ivo/Evaluation-of-Live-Migration-Strategies-at-the-Edge/Network-live-migration/scripts/workloads/start_tcp_server.sh edge-host-1 5000
[tcp-server] Ensuring tcp-howto binary on edge-host-1...
[tcp-server] Reusing existing /tmp/tcp-howto on edge-host-1
[tcp-server] Starting on edge-host-1 (port 5000)...
[tcp-server] Waiting for listen...
✓ TCP server listening on edge-host-1:5000
[tcp-server] Logs: multipass exec edge-host-1 -- tail -f /home/ubuntu/tcp_server.out
[exit=0]

$ bash /home/ivo/Evaluation-of-Live-Migration-Strategies-at-the-Edge/Network-live-migration/scripts/workloads/start_tcp_client.sh edge-node-1 edge-host-1 5000
[tcp-client] Server endpoint: 10.138.215.36:5000
[tcp-client] Client VIP: 10.138.215.250
[tcp-client] Ensuring tcp-howto binary on edge-node-1...
[tcp-client] Reusing existing /tmp/tcp-howto on edge-node-1
[tcp-client] Ensuring VIP 10.138.215.250 is present on edge-node-1...
ARPING 10.138.215.250 from 10.138.215.250 ens3
Sent 3 probes (3 broadcast(s))
Received 0 response(s)
[tcp-client] Starting on edge-node-1...
[tcp-client] Waiting for established TCP connection...
✓ TCP client connected (PID: 111373)
[tcp-client] Logs: multipass exec edge-node-1 -- tail -f /home/ubuntu/tcp_client.out
[exit=0]

$ python3 /home/ivo/Evaluation-of-Live-Migration-Strategies-at-the-Edge/Network-live-migration/scripts/orchestrators/tcp_client_benchmark.py postcopy --source edge-node-1 --dest edge-node-2 --server edge-host-1 --transfer-mode host --run-id 12-05-2026-host-postcopy-0012 --csv /home/ivo/Evaluation-of-Live-Migration-Strategies-at-the-Edge/Network-live-migration/metrics/migration_metrics.csv --profile-name 4_Starlink --relay-node edge-host-1 --page-server-port 9999
[04:05:59] === TCP CLIENT MIGRATION ===
[04:05:59] Run ID: 12-05-2026-host-postcopy-0012
[04:05:59] Source: edge-node-1, Dest: edge-node-2
[04:05:59] Server: edge-host-1
[04:05:59] Transfer mode: host
[04:05:59] Relay node: edge-host-1

[04:05:59] === TCP CLIENT POST-COPY (LAZY-PAGES) MIGRATION ===
[04:05:59] Step 1: Checking source client process...
[04:05:59]   Using PID from /home/ubuntu/tcp_client.pid: 111373
[04:06:00]   Server connections so far: 1
[04:06:01]   Page-server endpoint: 10.138.215.218:9999
[04:06:01] Step 2: Final dump (freezing client) with --lazy-pages...
[04:06:01]   Dump PID: 111897
[04:06:02]   Final dump time (freeze duration): 731 ms
[04:06:02] Step 2.5: Moving VIP to destination...
[04:06:02]   Moving VIP 10.138.215.250 from edge-node-1:ens3 -> edge-node-2:ens3
[04:06:07] Step 3: Creating archive...
[04:06:08] Step 4: Transferring archive...
  Transferring /home/ubuntu/CRIU-tcp-client.tar.gz via relay node edge-host-1...
Setting up SSH trust: edge-node-1 → ubuntu@10.138.215.36
  Adding public key to destination's authorized_keys...
  Testing SSH connectivity...
  ✓ SSH trust ready
Setting up SSH trust: edge-host-1 → ubuntu@10.138.215.137
  Adding public key to destination's authorized_keys...
  Testing SSH connectivity...
  ✓ SSH trust ready
[04:06:20] Step 5: Unpacking on destination...
[04:06:21] Step 6: Starting lazy-pages daemon on destination...
[04:06:22] Step 7: Restoring client...
[04:06:23] Step 8: Verifying connection continuity...
[04:06:26]   Client output (tail): PP 5 -> 5
[04:06:27]   Server connections so far: 1
[04:06:27] ✓ SUCCESS: Client restored and TCP socket appears established
[04:06:27] Metrics saved to /home/ivo/Evaluation-of-Live-Migration-Strategies-at-the-Edge/Network-live-migration/metrics/migration_metrics.csv
[exit=0]

$ python3 /home/ivo/Evaluation-of-Live-Migration-Strategies-at-the-Edge/Network-live-migration/scripts/setup/reset_nodes.py edge-node-1 edge-node-2 edge-host-1 10.138.215.250
[04:06:28] Resetting nodes: edge-node-1 -> edge-node-2 (server: edge-host-1, vip: 10.138.215.250)
[04:06:28] Step 1: Killing any existing processes on source...
[04:06:28]   Killing PID 111373 (from /home/ubuntu/tcp_client.pid)
[04:06:29]   Killing PID 111373 (from /home/ubuntu/client.pid)
[04:06:29]   Killing any remaining background processes...
[04:06:31] Step 2: Cleaning source node...
[04:06:33] Step 3: Cleaning destination node...
[04:06:33]   Killing PID 111373 on destination (from /home/ubuntu/tcp_client.pid)
[04:06:34]   Killing PID 111373 on destination (from /home/ubuntu/client.pid)
[04:06:34]   Killing all remaining TCP processes on destination...
[04:06:37] Step 4: Cleaning server node (edge-host-1)...
[04:06:38]   Killing PID 1825766 on server (from /home/ubuntu/tcp_server.pid)
[04:06:40] ✓ Reset complete, nodes are clean
[04:06:40]   Next: Start your application
[exit=0]

$ bash /home/ivo/Evaluation-of-Live-Migration-Strategies-at-the-Edge/Network-live-migration/scripts/workloads/start_tcp_server.sh edge-host-1 5000
[tcp-server] Ensuring tcp-howto binary on edge-host-1...
[tcp-server] Reusing existing /tmp/tcp-howto on edge-host-1
[tcp-server] Starting on edge-host-1 (port 5000)...
[tcp-server] Waiting for listen...
✓ TCP server listening on edge-host-1:5000
[tcp-server] Logs: multipass exec edge-host-1 -- tail -f /home/ubuntu/tcp_server.out
[exit=0]

$ bash /home/ivo/Evaluation-of-Live-Migration-Strategies-at-the-Edge/Network-live-migration/scripts/workloads/start_tcp_client.sh edge-node-1 edge-host-1 5000
[tcp-client] Server endpoint: 10.138.215.36:5000
[tcp-client] Client VIP: 10.138.215.250
[tcp-client] Ensuring tcp-howto binary on edge-node-1...
[tcp-client] Reusing existing /tmp/tcp-howto on edge-node-1
[tcp-client] Ensuring VIP 10.138.215.250 is present on edge-node-1...
ARPING 10.138.215.250 from 10.138.215.250 ens3
Sent 3 probes (3 broadcast(s))
Received 0 response(s)
[tcp-client] Starting on edge-node-1...
[tcp-client] Waiting for established TCP connection...
✓ TCP client connected (PID: 113436)
[tcp-client] Logs: multipass exec edge-node-1 -- tail -f /home/ubuntu/tcp_client.out
[exit=0]

$ python3 /home/ivo/Evaluation-of-Live-Migration-Strategies-at-the-Edge/Network-live-migration/scripts/orchestrators/tcp_client_benchmark.py postcopy --source edge-node-1 --dest edge-node-2 --server edge-host-1 --transfer-mode host --run-id 12-05-2026-host-postcopy-0013 --csv /home/ivo/Evaluation-of-Live-Migration-Strategies-at-the-Edge/Network-live-migration/metrics/migration_metrics.csv --profile-name 4_Starlink --relay-node edge-host-1 --page-server-port 9999
[04:06:48] === TCP CLIENT MIGRATION ===
[04:06:48] Run ID: 12-05-2026-host-postcopy-0013
[04:06:48] Source: edge-node-1, Dest: edge-node-2
[04:06:48] Server: edge-host-1
[04:06:48] Transfer mode: host
[04:06:48] Relay node: edge-host-1

[04:06:48] === TCP CLIENT POST-COPY (LAZY-PAGES) MIGRATION ===
[04:06:48] Step 1: Checking source client process...
[04:06:49]   Using PID from /home/ubuntu/tcp_client.pid: 113436
[04:06:50]   Server connections so far: 1
[04:06:50]   Page-server endpoint: 10.138.215.218:9999
[04:06:50] Step 2: Final dump (freezing client) with --lazy-pages...
[04:06:51]   Dump PID: 113969
[04:06:51]   Final dump time (freeze duration): 1026 ms
[04:06:51] Step 2.5: Moving VIP to destination...
[04:06:52]   Moving VIP 10.138.215.250 from edge-node-1:ens3 -> edge-node-2:ens3
[04:06:57] Step 3: Creating archive...
[04:06:57] Step 4: Transferring archive...
  Transferring /home/ubuntu/CRIU-tcp-client.tar.gz via relay node edge-host-1...
Setting up SSH trust: edge-node-1 → ubuntu@10.138.215.36
  Adding public key to destination's authorized_keys...
  Testing SSH connectivity...
  ✓ SSH trust ready
Setting up SSH trust: edge-host-1 → ubuntu@10.138.215.137
  Adding public key to destination's authorized_keys...
  Testing SSH connectivity...
  ✓ SSH trust ready
[04:07:10] Step 5: Unpacking on destination...
[04:07:11] Step 6: Starting lazy-pages daemon on destination...
[04:07:11] Step 7: Restoring client...
[04:07:12] Step 8: Verifying connection continuity...
[04:07:15]   Client output (tail): PP 5 -> 5
[04:07:16]   Server connections so far: 1
[04:07:16] ✓ SUCCESS: Client restored and TCP socket appears established
[04:07:17] Metrics saved to /home/ivo/Evaluation-of-Live-Migration-Strategies-at-the-Edge/Network-live-migration/metrics/migration_metrics.csv
[exit=0]

$ python3 /home/ivo/Evaluation-of-Live-Migration-Strategies-at-the-Edge/Network-live-migration/scripts/setup/reset_nodes.py edge-node-1 edge-node-2 edge-host-1 10.138.215.250
[04:07:17] Resetting nodes: edge-node-1 -> edge-node-2 (server: edge-host-1, vip: 10.138.215.250)
[04:07:17] Step 1: Killing any existing processes on source...
[04:07:18]   Killing PID 113436 (from /home/ubuntu/tcp_client.pid)
[04:07:18]   Killing PID 113436 (from /home/ubuntu/client.pid)
[04:07:19]   Killing any remaining background processes...
[04:07:20] Step 2: Cleaning source node...
[04:07:22] Step 3: Cleaning destination node...
[04:07:22]   Killing PID 113436 on destination (from /home/ubuntu/tcp_client.pid)
[04:07:23]   Killing PID 113436 on destination (from /home/ubuntu/client.pid)
[04:07:23]   Killing all remaining TCP processes on destination...
[04:07:26] Step 4: Cleaning server node (edge-host-1)...
[04:07:27]   Killing PID 1827334 on server (from /home/ubuntu/tcp_server.pid)
[04:07:29] ✓ Reset complete, nodes are clean
[04:07:29]   Next: Start your application
[exit=0]

$ bash /home/ivo/Evaluation-of-Live-Migration-Strategies-at-the-Edge/Network-live-migration/scripts/workloads/start_tcp_server.sh edge-host-1 5000
[tcp-server] Ensuring tcp-howto binary on edge-host-1...
[tcp-server] Reusing existing /tmp/tcp-howto on edge-host-1
[tcp-server] Starting on edge-host-1 (port 5000)...
[tcp-server] Waiting for listen...
✓ TCP server listening on edge-host-1:5000
[tcp-server] Logs: multipass exec edge-host-1 -- tail -f /home/ubuntu/tcp_server.out
[exit=0]

$ bash /home/ivo/Evaluation-of-Live-Migration-Strategies-at-the-Edge/Network-live-migration/scripts/workloads/start_tcp_client.sh edge-node-1 edge-host-1 5000
[tcp-client] Server endpoint: 10.138.215.36:5000
[tcp-client] Client VIP: 10.138.215.250
[tcp-client] Ensuring tcp-howto binary on edge-node-1...
[tcp-client] Reusing existing /tmp/tcp-howto on edge-node-1
[tcp-client] Ensuring VIP 10.138.215.250 is present on edge-node-1...
ARPING 10.138.215.250 from 10.138.215.250 ens3
Sent 3 probes (3 broadcast(s))
Received 0 response(s)
[tcp-client] Starting on edge-node-1...
[tcp-client] Waiting for established TCP connection...
✓ TCP client connected (PID: 115505)
[tcp-client] Logs: multipass exec edge-node-1 -- tail -f /home/ubuntu/tcp_client.out
[exit=0]

$ python3 /home/ivo/Evaluation-of-Live-Migration-Strategies-at-the-Edge/Network-live-migration/scripts/orchestrators/tcp_client_benchmark.py postcopy --source edge-node-1 --dest edge-node-2 --server edge-host-1 --transfer-mode host --run-id 12-05-2026-host-postcopy-0014 --csv /home/ivo/Evaluation-of-Live-Migration-Strategies-at-the-Edge/Network-live-migration/metrics/migration_metrics.csv --profile-name 4_Starlink --relay-node edge-host-1 --page-server-port 9999
[04:07:37] === TCP CLIENT MIGRATION ===
[04:07:37] Run ID: 12-05-2026-host-postcopy-0014
[04:07:37] Source: edge-node-1, Dest: edge-node-2
[04:07:37] Server: edge-host-1
[04:07:37] Transfer mode: host
[04:07:37] Relay node: edge-host-1

[04:07:37] === TCP CLIENT POST-COPY (LAZY-PAGES) MIGRATION ===
[04:07:37] Step 1: Checking source client process...
[04:07:38]   Using PID from /home/ubuntu/tcp_client.pid: 115505
[04:07:39]   Server connections so far: 1
[04:07:40]   Page-server endpoint: 10.138.215.218:9999
[04:07:40] Step 2: Final dump (freezing client) with --lazy-pages...
[04:07:40]   Dump PID: 116029
[04:07:40]   Final dump time (freeze duration): 758 ms
[04:07:40] Step 2.5: Moving VIP to destination...
[04:07:41]   Moving VIP 10.138.215.250 from edge-node-1:ens3 -> edge-node-2:ens3
[04:07:46] Step 3: Creating archive...
[04:07:47] Step 4: Transferring archive...
  Transferring /home/ubuntu/CRIU-tcp-client.tar.gz via relay node edge-host-1...
Setting up SSH trust: edge-node-1 → ubuntu@10.138.215.36
  Adding public key to destination's authorized_keys...
  Testing SSH connectivity...
  ✓ SSH trust ready
Setting up SSH trust: edge-host-1 → ubuntu@10.138.215.137
  Adding public key to destination's authorized_keys...
  Testing SSH connectivity...
  ✓ SSH trust ready
[04:08:00] Step 5: Unpacking on destination...
[04:08:01] Step 6: Starting lazy-pages daemon on destination...
[04:08:02] Step 7: Restoring client...
[04:08:02] Step 8: Verifying connection continuity...
[04:08:06]   Client output (tail): PP 5 -> 5
[04:08:06]   Server connections so far: 1
[04:08:06] ✓ SUCCESS: Client restored and TCP socket appears established
[04:08:07] Metrics saved to /home/ivo/Evaluation-of-Live-Migration-Strategies-at-the-Edge/Network-live-migration/metrics/migration_metrics.csv
[exit=0]

$ python3 /home/ivo/Evaluation-of-Live-Migration-Strategies-at-the-Edge/Network-live-migration/scripts/setup/reset_nodes.py edge-node-1 edge-node-2 edge-host-1 10.138.215.250
[04:08:08] Resetting nodes: edge-node-1 -> edge-node-2 (server: edge-host-1, vip: 10.138.215.250)
[04:08:08] Step 1: Killing any existing processes on source...
[04:08:08]   Killing PID 115505 (from /home/ubuntu/tcp_client.pid)
[04:08:09]   Killing PID 115505 (from /home/ubuntu/client.pid)
[04:08:09]   Killing any remaining background processes...
[04:08:11] Step 2: Cleaning source node...
[04:08:12] Step 3: Cleaning destination node...
[04:08:12]   Killing PID 115505 on destination (from /home/ubuntu/tcp_client.pid)
[04:08:13]   Killing PID 115505 on destination (from /home/ubuntu/client.pid)
[04:08:14]   Killing all remaining TCP processes on destination...
[04:08:17] Step 4: Cleaning server node (edge-host-1)...
[04:08:17]   Killing PID 1828904 on server (from /home/ubuntu/tcp_server.pid)
[04:08:19] ✓ Reset complete, nodes are clean
[04:08:19]   Next: Start your application
[exit=0]

$ bash /home/ivo/Evaluation-of-Live-Migration-Strategies-at-the-Edge/Network-live-migration/scripts/workloads/start_tcp_server.sh edge-host-1 5000
[tcp-server] Ensuring tcp-howto binary on edge-host-1...
[tcp-server] Reusing existing /tmp/tcp-howto on edge-host-1
[tcp-server] Starting on edge-host-1 (port 5000)...
[tcp-server] Waiting for listen...
✓ TCP server listening on edge-host-1:5000
[tcp-server] Logs: multipass exec edge-host-1 -- tail -f /home/ubuntu/tcp_server.out
[exit=0]

$ bash /home/ivo/Evaluation-of-Live-Migration-Strategies-at-the-Edge/Network-live-migration/scripts/workloads/start_tcp_client.sh edge-node-1 edge-host-1 5000
[tcp-client] Server endpoint: 10.138.215.36:5000
[tcp-client] Client VIP: 10.138.215.250
[tcp-client] Ensuring tcp-howto binary on edge-node-1...
[tcp-client] Reusing existing /tmp/tcp-howto on edge-node-1
[tcp-client] Ensuring VIP 10.138.215.250 is present on edge-node-1...
ARPING 10.138.215.250 from 10.138.215.250 ens3
Sent 3 probes (3 broadcast(s))
Received 0 response(s)
[tcp-client] Starting on edge-node-1...
[tcp-client] Waiting for established TCP connection...
✓ TCP client connected (PID: 117574)
[tcp-client] Logs: multipass exec edge-node-1 -- tail -f /home/ubuntu/tcp_client.out
[exit=0]

$ python3 /home/ivo/Evaluation-of-Live-Migration-Strategies-at-the-Edge/Network-live-migration/scripts/orchestrators/tcp_client_benchmark.py postcopy --source edge-node-1 --dest edge-node-2 --server edge-host-1 --transfer-mode host --run-id 12-05-2026-host-postcopy-0015 --csv /home/ivo/Evaluation-of-Live-Migration-Strategies-at-the-Edge/Network-live-migration/metrics/migration_metrics.csv --profile-name 4_Starlink --relay-node edge-host-1 --page-server-port 9999
[04:08:28] === TCP CLIENT MIGRATION ===
[04:08:28] Run ID: 12-05-2026-host-postcopy-0015
[04:08:28] Source: edge-node-1, Dest: edge-node-2
[04:08:28] Server: edge-host-1
[04:08:28] Transfer mode: host
[04:08:28] Relay node: edge-host-1

[04:08:28] === TCP CLIENT POST-COPY (LAZY-PAGES) MIGRATION ===
[04:08:28] Step 1: Checking source client process...
[04:08:28]   Using PID from /home/ubuntu/tcp_client.pid: 117574
[04:08:29]   Server connections so far: 1
[04:08:30]   Page-server endpoint: 10.138.215.218:9999
[04:08:30] Step 2: Final dump (freezing client) with --lazy-pages...
[04:08:30]   Dump PID: 118098
[04:08:31]   Final dump time (freeze duration): 748 ms
[04:08:31] Step 2.5: Moving VIP to destination...
[04:08:31]   Moving VIP 10.138.215.250 from edge-node-1:ens3 -> edge-node-2:ens3
[04:08:36] Step 3: Creating archive...
[04:08:37] Step 4: Transferring archive...
  Transferring /home/ubuntu/CRIU-tcp-client.tar.gz via relay node edge-host-1...
Setting up SSH trust: edge-node-1 → ubuntu@10.138.215.36
  Adding public key to destination's authorized_keys...
  Testing SSH connectivity...
  ✓ SSH trust ready
Setting up SSH trust: edge-host-1 → ubuntu@10.138.215.137
  Adding public key to destination's authorized_keys...
  Testing SSH connectivity...
  ✓ SSH trust ready
[04:08:49] Step 5: Unpacking on destination...
[04:08:50] Step 6: Starting lazy-pages daemon on destination...
[04:08:50] Step 7: Restoring client...
[04:08:51] Step 8: Verifying connection continuity...
[04:08:55]   Client output (tail): PP 5 -> 5
[04:08:55]   Server connections so far: 1
[04:08:55] ✓ SUCCESS: Client restored and TCP socket appears established
[04:08:57] Metrics saved to /home/ivo/Evaluation-of-Live-Migration-Strategies-at-the-Edge/Network-live-migration/metrics/migration_metrics.csv
[exit=0]

$ python3 /home/ivo/Evaluation-of-Live-Migration-Strategies-at-the-Edge/Network-live-migration/scripts/setup/reset_nodes.py edge-node-1 edge-node-2 edge-host-1 10.138.215.250
[04:08:57] Resetting nodes: edge-node-1 -> edge-node-2 (server: edge-host-1, vip: 10.138.215.250)
[04:08:57] Step 1: Killing any existing processes on source...
[04:08:57]   Killing PID 117574 (from /home/ubuntu/tcp_client.pid)
[04:08:58]   Killing PID 117574 (from /home/ubuntu/client.pid)
[04:08:59]   Killing any remaining background processes...
[04:09:00] Step 2: Cleaning source node...
[04:09:02] Step 3: Cleaning destination node...
[04:09:02]   Killing PID 117574 on destination (from /home/ubuntu/tcp_client.pid)
[04:09:03]   Killing PID 117574 on destination (from /home/ubuntu/client.pid)
[04:09:03]   Killing all remaining TCP processes on destination...
[04:09:06] Step 4: Cleaning server node (edge-host-1)...
[04:09:07]   Killing PID 1830474 on server (from /home/ubuntu/tcp_server.pid)
[04:09:09] ✓ Reset complete, nodes are clean
[04:09:09]   Next: Start your application
[exit=0]

$ bash /home/ivo/Evaluation-of-Live-Migration-Strategies-at-the-Edge/Network-live-migration/scripts/workloads/start_tcp_server.sh edge-host-1 5000
[tcp-server] Ensuring tcp-howto binary on edge-host-1...
[tcp-server] Reusing existing /tmp/tcp-howto on edge-host-1
[tcp-server] Starting on edge-host-1 (port 5000)...
[tcp-server] Waiting for listen...
✓ TCP server listening on edge-host-1:5000
[tcp-server] Logs: multipass exec edge-host-1 -- tail -f /home/ubuntu/tcp_server.out
[exit=0]

$ bash /home/ivo/Evaluation-of-Live-Migration-Strategies-at-the-Edge/Network-live-migration/scripts/workloads/start_tcp_client.sh edge-node-1 edge-host-1 5000
[tcp-client] Server endpoint: 10.138.215.36:5000
[tcp-client] Client VIP: 10.138.215.250
[tcp-client] Ensuring tcp-howto binary on edge-node-1...
[tcp-client] Reusing existing /tmp/tcp-howto on edge-node-1
[tcp-client] Ensuring VIP 10.138.215.250 is present on edge-node-1...
ARPING 10.138.215.250 from 10.138.215.250 ens3
Sent 3 probes (3 broadcast(s))
Received 0 response(s)
[tcp-client] Starting on edge-node-1...
[tcp-client] Waiting for established TCP connection...
✓ TCP client connected (PID: 119637)
[tcp-client] Logs: multipass exec edge-node-1 -- tail -f /home/ubuntu/tcp_client.out
[exit=0]

$ python3 /home/ivo/Evaluation-of-Live-Migration-Strategies-at-the-Edge/Network-live-migration/scripts/orchestrators/tcp_client_benchmark.py postcopy --source edge-node-1 --dest edge-node-2 --server edge-host-1 --transfer-mode host --run-id 12-05-2026-host-postcopy-0016 --csv /home/ivo/Evaluation-of-Live-Migration-Strategies-at-the-Edge/Network-live-migration/metrics/migration_metrics.csv --profile-name 4_Starlink --relay-node edge-host-1 --page-server-port 9999
[04:09:18] === TCP CLIENT MIGRATION ===
[04:09:18] Run ID: 12-05-2026-host-postcopy-0016
[04:09:18] Source: edge-node-1, Dest: edge-node-2
[04:09:18] Server: edge-host-1
[04:09:18] Transfer mode: host
[04:09:18] Relay node: edge-host-1

[04:09:18] === TCP CLIENT POST-COPY (LAZY-PAGES) MIGRATION ===
[04:09:18] Step 1: Checking source client process...
[04:09:18]   Using PID from /home/ubuntu/tcp_client.pid: 119637
[04:09:19]   Server connections so far: 1
[04:09:20]   Page-server endpoint: 10.138.215.218:9999
[04:09:20] Step 2: Final dump (freezing client) with --lazy-pages...
[04:09:21]   Dump PID: 120170
[04:09:21]   Final dump time (freeze duration): 729 ms
[04:09:21] Step 2.5: Moving VIP to destination...
[04:09:22]   Moving VIP 10.138.215.250 from edge-node-1:ens3 -> edge-node-2:ens3
[04:09:26] Step 3: Creating archive...
[04:09:27] Step 4: Transferring archive...
  Transferring /home/ubuntu/CRIU-tcp-client.tar.gz via relay node edge-host-1...
Setting up SSH trust: edge-node-1 → ubuntu@10.138.215.36
  Adding public key to destination's authorized_keys...
  Testing SSH connectivity...
  ✓ SSH trust ready
Setting up SSH trust: edge-host-1 → ubuntu@10.138.215.137
  Adding public key to destination's authorized_keys...
  Testing SSH connectivity...
  ✓ SSH trust ready
[04:09:39] Step 5: Unpacking on destination...
[04:09:40] Step 6: Starting lazy-pages daemon on destination...
[04:09:40] Step 7: Restoring client...
[04:09:41] Step 8: Verifying connection continuity...
[04:09:45]   Client output (tail): PP 5 -> 5
[04:09:45]   Server connections so far: 1
[04:09:45] ✓ SUCCESS: Client restored and TCP socket appears established
[04:09:46] Metrics saved to /home/ivo/Evaluation-of-Live-Migration-Strategies-at-the-Edge/Network-live-migration/metrics/migration_metrics.csv
[exit=0]

$ python3 /home/ivo/Evaluation-of-Live-Migration-Strategies-at-the-Edge/Network-live-migration/scripts/setup/reset_nodes.py edge-node-1 edge-node-2 edge-host-1 10.138.215.250
[04:09:47] Resetting nodes: edge-node-1 -> edge-node-2 (server: edge-host-1, vip: 10.138.215.250)
[04:09:47] Step 1: Killing any existing processes on source...
[04:09:47]   Killing PID 119637 (from /home/ubuntu/tcp_client.pid)
[04:09:48]   Killing PID 119637 (from /home/ubuntu/client.pid)
[04:09:48]   Killing any remaining background processes...
[04:09:49] Step 2: Cleaning source node...
[04:09:51] Step 3: Cleaning destination node...
[04:09:51]   Killing PID 119637 on destination (from /home/ubuntu/tcp_client.pid)
[04:09:52]   Killing PID 119637 on destination (from /home/ubuntu/client.pid)
[04:09:53]   Killing all remaining TCP processes on destination...
[04:09:56] Step 4: Cleaning server node (edge-host-1)...
[04:09:56]   Killing PID 1832045 on server (from /home/ubuntu/tcp_server.pid)
[04:09:58] ✓ Reset complete, nodes are clean
[04:09:58]   Next: Start your application
[exit=0]

$ bash /home/ivo/Evaluation-of-Live-Migration-Strategies-at-the-Edge/Network-live-migration/scripts/workloads/start_tcp_server.sh edge-host-1 5000
[tcp-server] Ensuring tcp-howto binary on edge-host-1...
[tcp-server] Reusing existing /tmp/tcp-howto on edge-host-1
[tcp-server] Starting on edge-host-1 (port 5000)...
[tcp-server] Waiting for listen...
✓ TCP server listening on edge-host-1:5000
[tcp-server] Logs: multipass exec edge-host-1 -- tail -f /home/ubuntu/tcp_server.out
[exit=0]

$ bash /home/ivo/Evaluation-of-Live-Migration-Strategies-at-the-Edge/Network-live-migration/scripts/workloads/start_tcp_client.sh edge-node-1 edge-host-1 5000
[tcp-client] Server endpoint: 10.138.215.36:5000
[tcp-client] Client VIP: 10.138.215.250
[tcp-client] Ensuring tcp-howto binary on edge-node-1...
[tcp-client] Reusing existing /tmp/tcp-howto on edge-node-1
[tcp-client] Ensuring VIP 10.138.215.250 is present on edge-node-1...
ARPING 10.138.215.250 from 10.138.215.250 ens3
Sent 3 probes (3 broadcast(s))
Received 0 response(s)
[tcp-client] Starting on edge-node-1...
[tcp-client] Waiting for established TCP connection...
✓ TCP client connected (PID: 121710)
[tcp-client] Logs: multipass exec edge-node-1 -- tail -f /home/ubuntu/tcp_client.out
[exit=0]

$ python3 /home/ivo/Evaluation-of-Live-Migration-Strategies-at-the-Edge/Network-live-migration/scripts/orchestrators/tcp_client_benchmark.py postcopy --source edge-node-1 --dest edge-node-2 --server edge-host-1 --transfer-mode host --run-id 12-05-2026-host-postcopy-0017 --csv /home/ivo/Evaluation-of-Live-Migration-Strategies-at-the-Edge/Network-live-migration/metrics/migration_metrics.csv --profile-name 4_Starlink --relay-node edge-host-1 --page-server-port 9999
[04:10:07] === TCP CLIENT MIGRATION ===
[04:10:07] Run ID: 12-05-2026-host-postcopy-0017
[04:10:07] Source: edge-node-1, Dest: edge-node-2
[04:10:07] Server: edge-host-1
[04:10:07] Transfer mode: host
[04:10:07] Relay node: edge-host-1

[04:10:07] === TCP CLIENT POST-COPY (LAZY-PAGES) MIGRATION ===
[04:10:07] Step 1: Checking source client process...
[04:10:08]   Using PID from /home/ubuntu/tcp_client.pid: 121710
[04:10:09]   Server connections so far: 1
[04:10:10]   Page-server endpoint: 10.138.215.218:9999
[04:10:10] Step 2: Final dump (freezing client) with --lazy-pages...
[04:10:10]   Dump PID: 122242
[04:10:10]   Final dump time (freeze duration): 771 ms
[04:10:10] Step 2.5: Moving VIP to destination...
[04:10:11]   Moving VIP 10.138.215.250 from edge-node-1:ens3 -> edge-node-2:ens3
[04:10:16] Step 3: Creating archive...
[04:10:16] Step 4: Transferring archive...
  Transferring /home/ubuntu/CRIU-tcp-client.tar.gz via relay node edge-host-1...
Setting up SSH trust: edge-node-1 → ubuntu@10.138.215.36
  Adding public key to destination's authorized_keys...
  Testing SSH connectivity...
  ✓ SSH trust ready
Setting up SSH trust: edge-host-1 → ubuntu@10.138.215.137
  Adding public key to destination's authorized_keys...
  Testing SSH connectivity...
  ✓ SSH trust ready
[04:10:29] Step 5: Unpacking on destination...
[04:10:30] Step 6: Starting lazy-pages daemon on destination...
[04:10:30] Step 7: Restoring client...
[04:10:31] Step 8: Verifying connection continuity...
[04:10:35]   Client output (tail): PP 5 -> 5
[04:10:35]   Server connections so far: 1
[04:10:35] ✓ SUCCESS: Client restored and TCP socket appears established
[04:10:36] Metrics saved to /home/ivo/Evaluation-of-Live-Migration-Strategies-at-the-Edge/Network-live-migration/metrics/migration_metrics.csv
[exit=0]

$ python3 /home/ivo/Evaluation-of-Live-Migration-Strategies-at-the-Edge/Network-live-migration/scripts/setup/reset_nodes.py edge-node-1 edge-node-2 edge-host-1 10.138.215.250
[04:10:36] Resetting nodes: edge-node-1 -> edge-node-2 (server: edge-host-1, vip: 10.138.215.250)
[04:10:36] Step 1: Killing any existing processes on source...
[04:10:37]   Killing PID 121710 (from /home/ubuntu/tcp_client.pid)
[04:10:37]   Killing PID 121710 (from /home/ubuntu/client.pid)
[04:10:38]   Killing any remaining background processes...
[04:10:39] Step 2: Cleaning source node...
[04:10:41] Step 3: Cleaning destination node...
[04:10:41]   Killing PID 121710 on destination (from /home/ubuntu/tcp_client.pid)
[04:10:42]   Killing PID 121710 on destination (from /home/ubuntu/client.pid)
[04:10:43]   Killing all remaining TCP processes on destination...
[04:10:46] Step 4: Cleaning server node (edge-host-1)...
[04:10:46]   Killing PID 1833608 on server (from /home/ubuntu/tcp_server.pid)
[04:10:48] ✓ Reset complete, nodes are clean
[04:10:48]   Next: Start your application
[exit=0]

$ bash /home/ivo/Evaluation-of-Live-Migration-Strategies-at-the-Edge/Network-live-migration/scripts/workloads/start_tcp_server.sh edge-host-1 5000
[tcp-server] Ensuring tcp-howto binary on edge-host-1...
[tcp-server] Reusing existing /tmp/tcp-howto on edge-host-1
[tcp-server] Starting on edge-host-1 (port 5000)...
[tcp-server] Waiting for listen...
✓ TCP server listening on edge-host-1:5000
[tcp-server] Logs: multipass exec edge-host-1 -- tail -f /home/ubuntu/tcp_server.out
[exit=0]

$ bash /home/ivo/Evaluation-of-Live-Migration-Strategies-at-the-Edge/Network-live-migration/scripts/workloads/start_tcp_client.sh edge-node-1 edge-host-1 5000
[tcp-client] Server endpoint: 10.138.215.36:5000
[tcp-client] Client VIP: 10.138.215.250
[tcp-client] Ensuring tcp-howto binary on edge-node-1...
[tcp-client] Reusing existing /tmp/tcp-howto on edge-node-1
[tcp-client] Ensuring VIP 10.138.215.250 is present on edge-node-1...
ARPING 10.138.215.250 from 10.138.215.250 ens3
Sent 3 probes (3 broadcast(s))
Received 0 response(s)
[tcp-client] Starting on edge-node-1...
[tcp-client] Waiting for established TCP connection...
✓ TCP client connected (PID: 123775)
[tcp-client] Logs: multipass exec edge-node-1 -- tail -f /home/ubuntu/tcp_client.out
[exit=0]

$ python3 /home/ivo/Evaluation-of-Live-Migration-Strategies-at-the-Edge/Network-live-migration/scripts/orchestrators/tcp_client_benchmark.py postcopy --source edge-node-1 --dest edge-node-2 --server edge-host-1 --transfer-mode host --run-id 12-05-2026-host-postcopy-0018 --csv /home/ivo/Evaluation-of-Live-Migration-Strategies-at-the-Edge/Network-live-migration/metrics/migration_metrics.csv --profile-name 4_Starlink --relay-node edge-host-1 --page-server-port 9999
[04:10:57] === TCP CLIENT MIGRATION ===
[04:10:57] Run ID: 12-05-2026-host-postcopy-0018
[04:10:57] Source: edge-node-1, Dest: edge-node-2
[04:10:57] Server: edge-host-1
[04:10:57] Transfer mode: host
[04:10:57] Relay node: edge-host-1

[04:10:57] === TCP CLIENT POST-COPY (LAZY-PAGES) MIGRATION ===
[04:10:57] Step 1: Checking source client process...
[04:10:57]   Using PID from /home/ubuntu/tcp_client.pid: 123775
[04:10:58]   Server connections so far: 1
[04:10:59]   Page-server endpoint: 10.138.215.218:9999
[04:10:59] Step 2: Final dump (freezing client) with --lazy-pages...
[04:11:00]   Dump PID: 124317
[04:11:00]   Final dump time (freeze duration): 1029 ms
[04:11:00] Step 2.5: Moving VIP to destination...
[04:11:00]   Moving VIP 10.138.215.250 from edge-node-1:ens3 -> edge-node-2:ens3
[04:11:05] Step 3: Creating archive...
[04:11:06] Step 4: Transferring archive...
  Transferring /home/ubuntu/CRIU-tcp-client.tar.gz via relay node edge-host-1...
Setting up SSH trust: edge-node-1 → ubuntu@10.138.215.36
  Adding public key to destination's authorized_keys...
  Testing SSH connectivity...
  ✓ SSH trust ready
Setting up SSH trust: edge-host-1 → ubuntu@10.138.215.137
  Adding public key to destination's authorized_keys...
  Testing SSH connectivity...
  ✓ SSH trust ready
[04:11:19] Step 5: Unpacking on destination...
[04:11:19] Step 6: Starting lazy-pages daemon on destination...
[04:11:20] Step 7: Restoring client...
[04:11:21] Step 8: Verifying connection continuity...
[04:11:24]   Client output (tail): PP 5 -> 5
[04:11:25]   Server connections so far: 1
[04:11:25] ✓ SUCCESS: Client restored and TCP socket appears established
[04:11:26] Metrics saved to /home/ivo/Evaluation-of-Live-Migration-Strategies-at-the-Edge/Network-live-migration/metrics/migration_metrics.csv
[exit=0]

$ python3 /home/ivo/Evaluation-of-Live-Migration-Strategies-at-the-Edge/Network-live-migration/scripts/setup/reset_nodes.py edge-node-1 edge-node-2 edge-host-1 10.138.215.250
[04:11:26] Resetting nodes: edge-node-1 -> edge-node-2 (server: edge-host-1, vip: 10.138.215.250)
[04:11:26] Step 1: Killing any existing processes on source...
[04:11:26]   Killing PID 123775 (from /home/ubuntu/tcp_client.pid)
[04:11:27]   Killing PID 123775 (from /home/ubuntu/client.pid)
[04:11:28]   Killing any remaining background processes...
[04:11:29] Step 2: Cleaning source node...
[04:11:31] Step 3: Cleaning destination node...
[04:11:31]   Killing PID 123775 on destination (from /home/ubuntu/tcp_client.pid)
[04:11:32]   Killing PID 123775 on destination (from /home/ubuntu/client.pid)
[04:11:32]   Killing all remaining TCP processes on destination...
[04:11:35] Step 4: Cleaning server node (edge-host-1)...
[04:11:36]   Killing PID 1835177 on server (from /home/ubuntu/tcp_server.pid)
[04:11:38] ✓ Reset complete, nodes are clean
[04:11:38]   Next: Start your application
[exit=0]

$ bash /home/ivo/Evaluation-of-Live-Migration-Strategies-at-the-Edge/Network-live-migration/scripts/workloads/start_tcp_server.sh edge-host-1 5000
[tcp-server] Ensuring tcp-howto binary on edge-host-1...
[tcp-server] Reusing existing /tmp/tcp-howto on edge-host-1
[tcp-server] Starting on edge-host-1 (port 5000)...
[tcp-server] Waiting for listen...
✓ TCP server listening on edge-host-1:5000
[tcp-server] Logs: multipass exec edge-host-1 -- tail -f /home/ubuntu/tcp_server.out
[exit=0]

$ bash /home/ivo/Evaluation-of-Live-Migration-Strategies-at-the-Edge/Network-live-migration/scripts/workloads/start_tcp_client.sh edge-node-1 edge-host-1 5000
[tcp-client] Server endpoint: 10.138.215.36:5000
[tcp-client] Client VIP: 10.138.215.250
[tcp-client] Ensuring tcp-howto binary on edge-node-1...
[tcp-client] Reusing existing /tmp/tcp-howto on edge-node-1
[tcp-client] Ensuring VIP 10.138.215.250 is present on edge-node-1...
ARPING 10.138.215.250 from 10.138.215.250 ens3
Sent 3 probes (3 broadcast(s))
Received 0 response(s)
[tcp-client] Starting on edge-node-1...
[tcp-client] Waiting for established TCP connection...
✓ TCP client connected (PID: 125847)
[tcp-client] Logs: multipass exec edge-node-1 -- tail -f /home/ubuntu/tcp_client.out
[exit=0]

$ python3 /home/ivo/Evaluation-of-Live-Migration-Strategies-at-the-Edge/Network-live-migration/scripts/orchestrators/tcp_client_benchmark.py postcopy --source edge-node-1 --dest edge-node-2 --server edge-host-1 --transfer-mode host --run-id 12-05-2026-host-postcopy-0019 --csv /home/ivo/Evaluation-of-Live-Migration-Strategies-at-the-Edge/Network-live-migration/metrics/migration_metrics.csv --profile-name 4_Starlink --relay-node edge-host-1 --page-server-port 9999
[04:11:46] === TCP CLIENT MIGRATION ===
[04:11:46] Run ID: 12-05-2026-host-postcopy-0019
[04:11:46] Source: edge-node-1, Dest: edge-node-2
[04:11:46] Server: edge-host-1
[04:11:46] Transfer mode: host
[04:11:46] Relay node: edge-host-1

[04:11:46] === TCP CLIENT POST-COPY (LAZY-PAGES) MIGRATION ===
[04:11:46] Step 1: Checking source client process...
[04:11:46]   Using PID from /home/ubuntu/tcp_client.pid: 125847
[04:11:47]   Server connections so far: 1
[04:11:48]   Page-server endpoint: 10.138.215.218:9999
[04:11:48] Step 2: Final dump (freezing client) with --lazy-pages...
[04:11:49]   Dump PID: 126379
[04:11:49]   Final dump time (freeze duration): 749 ms
[04:11:49] Step 2.5: Moving VIP to destination...
[04:11:49]   Moving VIP 10.138.215.250 from edge-node-1:ens3 -> edge-node-2:ens3
[04:11:54] Step 3: Creating archive...
[04:11:55] Step 4: Transferring archive...
  Transferring /home/ubuntu/CRIU-tcp-client.tar.gz via relay node edge-host-1...
Setting up SSH trust: edge-node-1 → ubuntu@10.138.215.36
  Adding public key to destination's authorized_keys...
  Testing SSH connectivity...
  ✓ SSH trust ready
Setting up SSH trust: edge-host-1 → ubuntu@10.138.215.137
  Adding public key to destination's authorized_keys...
  Testing SSH connectivity...
  ✓ SSH trust ready
[04:12:08] Step 5: Unpacking on destination...
[04:12:09] Step 6: Starting lazy-pages daemon on destination...
[04:12:10] Step 7: Restoring client...
[04:12:10] Step 8: Verifying connection continuity...
[04:12:14]   Client output (tail): PP 5 -> 5
[04:12:15]   Server connections so far: 1
[04:12:15] ✓ SUCCESS: Client restored and TCP socket appears established
[04:12:15] Metrics saved to /home/ivo/Evaluation-of-Live-Migration-Strategies-at-the-Edge/Network-live-migration/metrics/migration_metrics.csv
[exit=0]

$ python3 /home/ivo/Evaluation-of-Live-Migration-Strategies-at-the-Edge/Network-live-migration/scripts/setup/reset_nodes.py edge-node-1 edge-node-2 edge-host-1 10.138.215.250
[04:12:16] Resetting nodes: edge-node-1 -> edge-node-2 (server: edge-host-1, vip: 10.138.215.250)
[04:12:16] Step 1: Killing any existing processes on source...
[04:12:16]   Killing PID 125847 (from /home/ubuntu/tcp_client.pid)
[04:12:17]   Killing PID 125847 (from /home/ubuntu/client.pid)
[04:12:17]   Killing any remaining background processes...
[04:12:19] Step 2: Cleaning source node...
[04:12:21] Step 3: Cleaning destination node...
[04:12:21]   Killing PID 125847 on destination (from /home/ubuntu/tcp_client.pid)
[04:12:22]   Killing PID 125847 on destination (from /home/ubuntu/client.pid)
[04:12:22]   Killing all remaining TCP processes on destination...
[04:12:25] Step 4: Cleaning server node (edge-host-1)...
[04:12:26]   Killing PID 1836741 on server (from /home/ubuntu/tcp_server.pid)
[04:12:28] ✓ Reset complete, nodes are clean
[04:12:28]   Next: Start your application
[exit=0]

$ bash /home/ivo/Evaluation-of-Live-Migration-Strategies-at-the-Edge/Network-live-migration/scripts/workloads/start_tcp_server.sh edge-host-1 5000
[tcp-server] Ensuring tcp-howto binary on edge-host-1...
[tcp-server] Reusing existing /tmp/tcp-howto on edge-host-1
[tcp-server] Starting on edge-host-1 (port 5000)...
[tcp-server] Waiting for listen...
✓ TCP server listening on edge-host-1:5000
[tcp-server] Logs: multipass exec edge-host-1 -- tail -f /home/ubuntu/tcp_server.out
[exit=0]

$ bash /home/ivo/Evaluation-of-Live-Migration-Strategies-at-the-Edge/Network-live-migration/scripts/workloads/start_tcp_client.sh edge-node-1 edge-host-1 5000
[tcp-client] Server endpoint: 10.138.215.36:5000
[tcp-client] Client VIP: 10.138.215.250
[tcp-client] Ensuring tcp-howto binary on edge-node-1...
[tcp-client] Reusing existing /tmp/tcp-howto on edge-node-1
[tcp-client] Ensuring VIP 10.138.215.250 is present on edge-node-1...
ARPING 10.138.215.250 from 10.138.215.250 ens3
Sent 3 probes (3 broadcast(s))
Received 0 response(s)
[tcp-client] Starting on edge-node-1...
[tcp-client] Waiting for established TCP connection...
✓ TCP client connected (PID: 127917)
[tcp-client] Logs: multipass exec edge-node-1 -- tail -f /home/ubuntu/tcp_client.out
[exit=0]

$ python3 /home/ivo/Evaluation-of-Live-Migration-Strategies-at-the-Edge/Network-live-migration/scripts/orchestrators/tcp_client_benchmark.py postcopy --source edge-node-1 --dest edge-node-2 --server edge-host-1 --transfer-mode direct --run-id 12-05-2026-direct-postcopy-0010 --csv /home/ivo/Evaluation-of-Live-Migration-Strategies-at-the-Edge/Network-live-migration/metrics/migration_metrics.csv --profile-name 4_Starlink --page-server-port 9999
[04:12:36] === TCP CLIENT MIGRATION ===
[04:12:36] Run ID: 12-05-2026-direct-postcopy-0010
[04:12:36] Source: edge-node-1, Dest: edge-node-2
[04:12:36] Server: edge-host-1
[04:12:36] Transfer mode: direct

[04:12:36] === TCP CLIENT POST-COPY (LAZY-PAGES) MIGRATION ===
[04:12:36] Step 1: Checking source client process...
[04:12:36]   Using PID from /home/ubuntu/tcp_client.pid: 127917
[04:12:37]   Server connections so far: 1
[04:12:38]   Page-server endpoint: 10.138.215.218:9999
[04:12:38] Step 2: Final dump (freezing client) with --lazy-pages...
[04:12:39]   Dump PID: 128441
[04:12:39]   Final dump time (freeze duration): 852 ms
[04:12:39] Step 2.5: Moving VIP to destination...
[04:12:40]   Moving VIP 10.138.215.250 from edge-node-1:ens3 -> edge-node-2:ens3
[04:12:44] Step 3: Creating archive...
[04:12:45] Step 4: Transferring archive...
[04:12:45]   Setting up direct SSH trust...
Setting up SSH trust: edge-node-1 → ubuntu@10.138.215.137
  Adding public key to destination's authorized_keys...
  Testing SSH connectivity...
  ✓ SSH trust ready
Setting up SSH trust: edge-node-1 → ubuntu@10.138.215.137
  Adding public key to destination's authorized_keys...
  Testing SSH connectivity...
  ✓ SSH trust ready
  Transferring /home/ubuntu/CRIU-tcp-client.tar.gz via SCP...
[04:12:55] Step 5: Unpacking on destination...
[04:12:56] Step 6: Starting lazy-pages daemon on destination...
[04:12:56] Step 7: Restoring client...
[04:12:57] Step 8: Verifying connection continuity...
[04:13:01]   Client output (tail): PP 5 -> 5
[04:13:01]   Server connections so far: 1
[04:13:01] ✓ SUCCESS: Client restored and TCP socket appears established
[04:13:02] Metrics saved to /home/ivo/Evaluation-of-Live-Migration-Strategies-at-the-Edge/Network-live-migration/metrics/migration_metrics.csv
[exit=0]

$ python3 /home/ivo/Evaluation-of-Live-Migration-Strategies-at-the-Edge/Network-live-migration/scripts/setup/reset_nodes.py edge-node-1 edge-node-2 edge-host-1 10.138.215.250
[04:13:03] Resetting nodes: edge-node-1 -> edge-node-2 (server: edge-host-1, vip: 10.138.215.250)
[04:13:03] Step 1: Killing any existing processes on source...
[04:13:03]   Killing PID 127917 (from /home/ubuntu/tcp_client.pid)
[04:13:04]   Killing PID 127917 (from /home/ubuntu/client.pid)
[04:13:05]   Killing any remaining background processes...
[04:13:06] Step 2: Cleaning source node...
[04:13:08] Step 3: Cleaning destination node...
[04:13:08]   Killing PID 127917 on destination (from /home/ubuntu/tcp_client.pid)
[04:13:09]   Killing PID 127917 on destination (from /home/ubuntu/client.pid)
[04:13:09]   Killing all remaining TCP processes on destination...
[04:13:12] Step 4: Cleaning server node (edge-host-1)...
[04:13:13]   Killing PID 1838309 on server (from /home/ubuntu/tcp_server.pid)
[04:13:15] ✓ Reset complete, nodes are clean
[04:13:15]   Next: Start your application
[exit=0]

$ bash /home/ivo/Evaluation-of-Live-Migration-Strategies-at-the-Edge/Network-live-migration/scripts/workloads/start_tcp_server.sh edge-host-1 5000
[tcp-server] Ensuring tcp-howto binary on edge-host-1...
[tcp-server] Reusing existing /tmp/tcp-howto on edge-host-1
[tcp-server] Starting on edge-host-1 (port 5000)...
[tcp-server] Waiting for listen...
✓ TCP server listening on edge-host-1:5000
[tcp-server] Logs: multipass exec edge-host-1 -- tail -f /home/ubuntu/tcp_server.out
[exit=0]

$ bash /home/ivo/Evaluation-of-Live-Migration-Strategies-at-the-Edge/Network-live-migration/scripts/workloads/start_tcp_client.sh edge-node-1 edge-host-1 5000
[tcp-client] Server endpoint: 10.138.215.36:5000
[tcp-client] Client VIP: 10.138.215.250
[tcp-client] Ensuring tcp-howto binary on edge-node-1...
[tcp-client] Reusing existing /tmp/tcp-howto on edge-node-1
[tcp-client] Ensuring VIP 10.138.215.250 is present on edge-node-1...
ARPING 10.138.215.250 from 10.138.215.250 ens3
Sent 3 probes (3 broadcast(s))
Received 0 response(s)
[tcp-client] Starting on edge-node-1...
[tcp-client] Waiting for established TCP connection...
✓ TCP client connected (PID: 130091)
[tcp-client] Logs: multipass exec edge-node-1 -- tail -f /home/ubuntu/tcp_client.out
[exit=0]

$ python3 /home/ivo/Evaluation-of-Live-Migration-Strategies-at-the-Edge/Network-live-migration/scripts/orchestrators/tcp_client_benchmark.py postcopy --source edge-node-1 --dest edge-node-2 --server edge-host-1 --transfer-mode direct --run-id 12-05-2026-direct-postcopy-0011 --csv /home/ivo/Evaluation-of-Live-Migration-Strategies-at-the-Edge/Network-live-migration/metrics/migration_metrics.csv --profile-name 4_Starlink --page-server-port 9999
[04:13:24] === TCP CLIENT MIGRATION ===
[04:13:24] Run ID: 12-05-2026-direct-postcopy-0011
[04:13:24] Source: edge-node-1, Dest: edge-node-2
[04:13:24] Server: edge-host-1
[04:13:24] Transfer mode: direct

[04:13:24] === TCP CLIENT POST-COPY (LAZY-PAGES) MIGRATION ===
[04:13:24] Step 1: Checking source client process...
[04:13:24]   Using PID from /home/ubuntu/tcp_client.pid: 130091
[04:13:25]   Server connections so far: 1
[04:13:26]   Page-server endpoint: 10.138.215.218:9999
[04:13:26] Step 2: Final dump (freezing client) with --lazy-pages...
[04:13:26]   Dump PID: 130615
[04:13:27]   Final dump time (freeze duration): 700 ms
[04:13:27] Step 2.5: Moving VIP to destination...
[04:13:27]   Moving VIP 10.138.215.250 from edge-node-1:ens3 -> edge-node-2:ens3
[04:13:32] Step 3: Creating archive...
[04:13:33] Step 4: Transferring archive...
[04:13:33]   Setting up direct SSH trust...
Setting up SSH trust: edge-node-1 → ubuntu@10.138.215.137
  Adding public key to destination's authorized_keys...
  Testing SSH connectivity...
  ✓ SSH trust ready
Setting up SSH trust: edge-node-1 → ubuntu@10.138.215.137
  Adding public key to destination's authorized_keys...
  Testing SSH connectivity...
  ✓ SSH trust ready
  Transferring /home/ubuntu/CRIU-tcp-client.tar.gz via SCP...
[04:13:41] Step 5: Unpacking on destination...
[04:13:42] Step 6: Starting lazy-pages daemon on destination...
[04:13:43] Step 7: Restoring client...
[04:13:43] Step 8: Verifying connection continuity...
[04:13:47]   Client output (tail): PP 5 -> 5
[04:13:47]   Server connections so far: 1
[04:13:47] ✓ SUCCESS: Client restored and TCP socket appears established
[04:13:48] Metrics saved to /home/ivo/Evaluation-of-Live-Migration-Strategies-at-the-Edge/Network-live-migration/metrics/migration_metrics.csv
[exit=0]

$ python3 /home/ivo/Evaluation-of-Live-Migration-Strategies-at-the-Edge/Network-live-migration/scripts/setup/reset_nodes.py edge-node-1 edge-node-2 edge-host-1 10.138.215.250
[04:13:49] Resetting nodes: edge-node-1 -> edge-node-2 (server: edge-host-1, vip: 10.138.215.250)
[04:13:49] Step 1: Killing any existing processes on source...
[04:13:49]   Killing PID 130091 (from /home/ubuntu/tcp_client.pid)
[04:13:50]   Killing PID 130091 (from /home/ubuntu/client.pid)
[04:13:50]   Killing any remaining background processes...
[04:13:52] Step 2: Cleaning source node...
[04:13:54] Step 3: Cleaning destination node...
[04:13:54]   Killing PID 130091 on destination (from /home/ubuntu/tcp_client.pid)
[04:13:55]   Killing PID 130091 on destination (from /home/ubuntu/client.pid)
[04:13:55]   Killing all remaining TCP processes on destination...
[04:13:58] Step 4: Cleaning server node (edge-host-1)...
[04:13:58]   Killing PID 1839357 on server (from /home/ubuntu/tcp_server.pid)
[04:14:01] ✓ Reset complete, nodes are clean
[04:14:01]   Next: Start your application
[exit=0]

$ bash /home/ivo/Evaluation-of-Live-Migration-Strategies-at-the-Edge/Network-live-migration/scripts/workloads/start_tcp_server.sh edge-host-1 5000
[tcp-server] Ensuring tcp-howto binary on edge-host-1...
[tcp-server] Reusing existing /tmp/tcp-howto on edge-host-1
[tcp-server] Starting on edge-host-1 (port 5000)...
[tcp-server] Waiting for listen...
✓ TCP server listening on edge-host-1:5000
[tcp-server] Logs: multipass exec edge-host-1 -- tail -f /home/ubuntu/tcp_server.out
[exit=0]

$ bash /home/ivo/Evaluation-of-Live-Migration-Strategies-at-the-Edge/Network-live-migration/scripts/workloads/start_tcp_client.sh edge-node-1 edge-host-1 5000
[tcp-client] Server endpoint: 10.138.215.36:5000
[tcp-client] Client VIP: 10.138.215.250
[tcp-client] Ensuring tcp-howto binary on edge-node-1...
[tcp-client] Reusing existing /tmp/tcp-howto on edge-node-1
[tcp-client] Ensuring VIP 10.138.215.250 is present on edge-node-1...
ARPING 10.138.215.250 from 10.138.215.250 ens3
Sent 3 probes (3 broadcast(s))
Received 0 response(s)
[tcp-client] Starting on edge-node-1...
[tcp-client] Waiting for established TCP connection...
✓ TCP client connected (PID: 132258)
[tcp-client] Logs: multipass exec edge-node-1 -- tail -f /home/ubuntu/tcp_client.out
[exit=0]

$ python3 /home/ivo/Evaluation-of-Live-Migration-Strategies-at-the-Edge/Network-live-migration/scripts/orchestrators/tcp_client_benchmark.py postcopy --source edge-node-1 --dest edge-node-2 --server edge-host-1 --transfer-mode direct --run-id 12-05-2026-direct-postcopy-0012 --csv /home/ivo/Evaluation-of-Live-Migration-Strategies-at-the-Edge/Network-live-migration/metrics/migration_metrics.csv --profile-name 4_Starlink --page-server-port 9999
[04:14:09] === TCP CLIENT MIGRATION ===
[04:14:09] Run ID: 12-05-2026-direct-postcopy-0012
[04:14:09] Source: edge-node-1, Dest: edge-node-2
[04:14:09] Server: edge-host-1
[04:14:09] Transfer mode: direct

[04:14:09] === TCP CLIENT POST-COPY (LAZY-PAGES) MIGRATION ===
[04:14:09] Step 1: Checking source client process...
[04:14:10]   Using PID from /home/ubuntu/tcp_client.pid: 132258
[04:14:11]   Server connections so far: 1
[04:14:12]   Page-server endpoint: 10.138.215.218:9999
[04:14:12] Step 2: Final dump (freezing client) with --lazy-pages...
[04:14:12]   Dump PID: 132790
[04:14:12]   Final dump time (freeze duration): 719 ms
[04:14:12] Step 2.5: Moving VIP to destination...
[04:14:13]   Moving VIP 10.138.215.250 from edge-node-1:ens3 -> edge-node-2:ens3
[04:14:18] Step 3: Creating archive...
[04:14:19] Step 4: Transferring archive...
[04:14:19]   Setting up direct SSH trust...
Setting up SSH trust: edge-node-1 → ubuntu@10.138.215.137
  Adding public key to destination's authorized_keys...
  Testing SSH connectivity...
  ✓ SSH trust ready
Setting up SSH trust: edge-node-1 → ubuntu@10.138.215.137
  Adding public key to destination's authorized_keys...
  Testing SSH connectivity...
  ✓ SSH trust ready
  Transferring /home/ubuntu/CRIU-tcp-client.tar.gz via SCP...
[04:14:27] Step 5: Unpacking on destination...
[04:14:28] Step 6: Starting lazy-pages daemon on destination...
[04:14:28] Step 7: Restoring client...
[04:14:29] Step 8: Verifying connection continuity...
[04:14:33]   Client output (tail): PP 5 -> 5
[04:14:33]   Server connections so far: 1
[04:14:33] ✓ SUCCESS: Client restored and TCP socket appears established
[04:14:34] Metrics saved to /home/ivo/Evaluation-of-Live-Migration-Strategies-at-the-Edge/Network-live-migration/metrics/migration_metrics.csv
[exit=0]

$ python3 /home/ivo/Evaluation-of-Live-Migration-Strategies-at-the-Edge/Network-live-migration/scripts/setup/reset_nodes.py edge-node-1 edge-node-2 edge-host-1 10.138.215.250
[04:14:35] Resetting nodes: edge-node-1 -> edge-node-2 (server: edge-host-1, vip: 10.138.215.250)
[04:14:35] Step 1: Killing any existing processes on source...
[04:14:35]   Killing PID 132258 (from /home/ubuntu/tcp_client.pid)
[04:14:36]   Killing PID 132258 (from /home/ubuntu/client.pid)
[04:14:36]   Killing any remaining background processes...
[04:14:37] Step 2: Cleaning source node...
[04:14:39] Step 3: Cleaning destination node...
[04:14:39]   Killing PID 132258 on destination (from /home/ubuntu/tcp_client.pid)
[04:14:40]   Killing PID 132258 on destination (from /home/ubuntu/client.pid)
[04:14:41]   Killing all remaining TCP processes on destination...
[04:14:44] Step 4: Cleaning server node (edge-host-1)...
[04:14:44]   Killing PID 1840390 on server (from /home/ubuntu/tcp_server.pid)
[04:14:46] ✓ Reset complete, nodes are clean
[04:14:46]   Next: Start your application
[exit=0]

$ bash /home/ivo/Evaluation-of-Live-Migration-Strategies-at-the-Edge/Network-live-migration/scripts/workloads/start_tcp_server.sh edge-host-1 5000
[tcp-server] Ensuring tcp-howto binary on edge-host-1...
[tcp-server] Reusing existing /tmp/tcp-howto on edge-host-1
[tcp-server] Starting on edge-host-1 (port 5000)...
[tcp-server] Waiting for listen...
✓ TCP server listening on edge-host-1:5000
[tcp-server] Logs: multipass exec edge-host-1 -- tail -f /home/ubuntu/tcp_server.out
[exit=0]

$ bash /home/ivo/Evaluation-of-Live-Migration-Strategies-at-the-Edge/Network-live-migration/scripts/workloads/start_tcp_client.sh edge-node-1 edge-host-1 5000
[tcp-client] Server endpoint: 10.138.215.36:5000
[tcp-client] Client VIP: 10.138.215.250
[tcp-client] Ensuring tcp-howto binary on edge-node-1...
[tcp-client] Reusing existing /tmp/tcp-howto on edge-node-1
[tcp-client] Ensuring VIP 10.138.215.250 is present on edge-node-1...
ARPING 10.138.215.250 from 10.138.215.250 ens3
Sent 3 probes (3 broadcast(s))
Received 0 response(s)
[tcp-client] Starting on edge-node-1...
[tcp-client] Waiting for established TCP connection...
✓ TCP client connected (PID: 134423)
[tcp-client] Logs: multipass exec edge-node-1 -- tail -f /home/ubuntu/tcp_client.out
[exit=0]

$ python3 /home/ivo/Evaluation-of-Live-Migration-Strategies-at-the-Edge/Network-live-migration/scripts/orchestrators/tcp_client_benchmark.py postcopy --source edge-node-1 --dest edge-node-2 --server edge-host-1 --transfer-mode direct --run-id 12-05-2026-direct-postcopy-0013 --csv /home/ivo/Evaluation-of-Live-Migration-Strategies-at-the-Edge/Network-live-migration/metrics/migration_metrics.csv --profile-name 4_Starlink --page-server-port 9999
[04:14:55] === TCP CLIENT MIGRATION ===
[04:14:55] Run ID: 12-05-2026-direct-postcopy-0013
[04:14:55] Source: edge-node-1, Dest: edge-node-2
[04:14:55] Server: edge-host-1
[04:14:55] Transfer mode: direct

[04:14:55] === TCP CLIENT POST-COPY (LAZY-PAGES) MIGRATION ===
[04:14:55] Step 1: Checking source client process...
[04:14:55]   Using PID from /home/ubuntu/tcp_client.pid: 134423
[04:14:56]   Server connections so far: 1
[04:14:57]   Page-server endpoint: 10.138.215.218:9999
[04:14:57] Step 2: Final dump (freezing client) with --lazy-pages...
[04:14:57]   Dump PID: 134947
[04:14:58]   Final dump time (freeze duration): 772 ms
[04:14:58] Step 2.5: Moving VIP to destination...
[04:14:58]   Moving VIP 10.138.215.250 from edge-node-1:ens3 -> edge-node-2:ens3
[04:15:03] Step 3: Creating archive...
[04:15:04] Step 4: Transferring archive...
[04:15:04]   Setting up direct SSH trust...
Setting up SSH trust: edge-node-1 → ubuntu@10.138.215.137
  Adding public key to destination's authorized_keys...
  Testing SSH connectivity...
  ✓ SSH trust ready
Setting up SSH trust: edge-node-1 → ubuntu@10.138.215.137
  Adding public key to destination's authorized_keys...
  Testing SSH connectivity...
  ✓ SSH trust ready
  Transferring /home/ubuntu/CRIU-tcp-client.tar.gz via SCP...
[04:15:13] Step 5: Unpacking on destination...
[04:15:14] Step 6: Starting lazy-pages daemon on destination...
[04:15:14] Step 7: Restoring client...
[04:15:15] Step 8: Verifying connection continuity...
[04:15:18]   Client output (tail): PP 5 -> 5
[04:15:19]   Server connections so far: 1
[04:15:19] ✓ SUCCESS: Client restored and TCP socket appears established
[04:15:20] Metrics saved to /home/ivo/Evaluation-of-Live-Migration-Strategies-at-the-Edge/Network-live-migration/metrics/migration_metrics.csv
[exit=0]

$ python3 /home/ivo/Evaluation-of-Live-Migration-Strategies-at-the-Edge/Network-live-migration/scripts/setup/reset_nodes.py edge-node-1 edge-node-2 edge-host-1 10.138.215.250
[04:15:21] Resetting nodes: edge-node-1 -> edge-node-2 (server: edge-host-1, vip: 10.138.215.250)
[04:15:21] Step 1: Killing any existing processes on source...
[04:15:21]   Killing PID 134423 (from /home/ubuntu/tcp_client.pid)
[04:15:22]   Killing PID 134423 (from /home/ubuntu/client.pid)
[04:15:22]   Killing any remaining background processes...
[04:15:24] Step 2: Cleaning source node...
[04:15:26] Step 3: Cleaning destination node...
[04:15:26]   Killing PID 134423 on destination (from /home/ubuntu/tcp_client.pid)
[04:15:27]   Killing PID 134423 on destination (from /home/ubuntu/client.pid)
[04:15:27]   Killing all remaining TCP processes on destination...
[04:15:30] Step 4: Cleaning server node (edge-host-1)...
[04:15:30]   Killing PID 1841438 on server (from /home/ubuntu/tcp_server.pid)
[04:15:33] ✓ Reset complete, nodes are clean
[04:15:33]   Next: Start your application
[exit=0]

$ bash /home/ivo/Evaluation-of-Live-Migration-Strategies-at-the-Edge/Network-live-migration/scripts/workloads/start_tcp_server.sh edge-host-1 5000
[tcp-server] Ensuring tcp-howto binary on edge-host-1...
[tcp-server] Reusing existing /tmp/tcp-howto on edge-host-1
[tcp-server] Starting on edge-host-1 (port 5000)...
[tcp-server] Waiting for listen...
✓ TCP server listening on edge-host-1:5000
[tcp-server] Logs: multipass exec edge-host-1 -- tail -f /home/ubuntu/tcp_server.out
[exit=0]

$ bash /home/ivo/Evaluation-of-Live-Migration-Strategies-at-the-Edge/Network-live-migration/scripts/workloads/start_tcp_client.sh edge-node-1 edge-host-1 5000
[tcp-client] Server endpoint: 10.138.215.36:5000
[tcp-client] Client VIP: 10.138.215.250
[tcp-client] Ensuring tcp-howto binary on edge-node-1...
[tcp-client] Reusing existing /tmp/tcp-howto on edge-node-1
[tcp-client] Ensuring VIP 10.138.215.250 is present on edge-node-1...
ARPING 10.138.215.250 from 10.138.215.250 ens3
Sent 3 probes (3 broadcast(s))
Received 0 response(s)
[tcp-client] Starting on edge-node-1...
[tcp-client] Waiting for established TCP connection...
✓ TCP client connected (PID: 136594)
[tcp-client] Logs: multipass exec edge-node-1 -- tail -f /home/ubuntu/tcp_client.out
[exit=0]

$ python3 /home/ivo/Evaluation-of-Live-Migration-Strategies-at-the-Edge/Network-live-migration/scripts/orchestrators/tcp_client_benchmark.py postcopy --source edge-node-1 --dest edge-node-2 --server edge-host-1 --transfer-mode direct --run-id 12-05-2026-direct-postcopy-0014 --csv /home/ivo/Evaluation-of-Live-Migration-Strategies-at-the-Edge/Network-live-migration/metrics/migration_metrics.csv --profile-name 4_Starlink --page-server-port 9999
[04:15:41] === TCP CLIENT MIGRATION ===
[04:15:41] Run ID: 12-05-2026-direct-postcopy-0014
[04:15:41] Source: edge-node-1, Dest: edge-node-2
[04:15:41] Server: edge-host-1
[04:15:41] Transfer mode: direct

[04:15:41] === TCP CLIENT POST-COPY (LAZY-PAGES) MIGRATION ===
[04:15:41] Step 1: Checking source client process...
[04:15:42]   Using PID from /home/ubuntu/tcp_client.pid: 136594
[04:15:42]   Server connections so far: 1
[04:15:43]   Page-server endpoint: 10.138.215.218:9999
[04:15:43] Step 2: Final dump (freezing client) with --lazy-pages...
[04:15:44]   Dump PID: 137126
[04:15:44]   Final dump time (freeze duration): 715 ms
[04:15:44] Step 2.5: Moving VIP to destination...
[04:15:45]   Moving VIP 10.138.215.250 from edge-node-1:ens3 -> edge-node-2:ens3
[04:15:49] Step 3: Creating archive...
[04:15:50] Step 4: Transferring archive...
[04:15:50]   Setting up direct SSH trust...
Setting up SSH trust: edge-node-1 → ubuntu@10.138.215.137
  Adding public key to destination's authorized_keys...
  Testing SSH connectivity...
  ✓ SSH trust ready
Setting up SSH trust: edge-node-1 → ubuntu@10.138.215.137
  Adding public key to destination's authorized_keys...
  Testing SSH connectivity...
  ✓ SSH trust ready
  Transferring /home/ubuntu/CRIU-tcp-client.tar.gz via SCP...
[04:15:59] Step 5: Unpacking on destination...
[04:16:00] Step 6: Starting lazy-pages daemon on destination...
[04:16:00] Step 7: Restoring client...
[04:16:01] Step 8: Verifying connection continuity...
[04:16:05]   Client output (tail): PP 5 -> 5
[04:16:05]   Server connections so far: 1
[04:16:05] ✓ SUCCESS: Client restored and TCP socket appears established
[04:16:07] Metrics saved to /home/ivo/Evaluation-of-Live-Migration-Strategies-at-the-Edge/Network-live-migration/metrics/migration_metrics.csv
[exit=0]

$ python3 /home/ivo/Evaluation-of-Live-Migration-Strategies-at-the-Edge/Network-live-migration/scripts/setup/reset_nodes.py edge-node-1 edge-node-2 edge-host-1 10.138.215.250
[04:16:07] Resetting nodes: edge-node-1 -> edge-node-2 (server: edge-host-1, vip: 10.138.215.250)
[04:16:07] Step 1: Killing any existing processes on source...
[04:16:07]   Killing PID 136594 (from /home/ubuntu/tcp_client.pid)
[04:16:08]   Killing PID 136594 (from /home/ubuntu/client.pid)
[04:16:09]   Killing any remaining background processes...
[04:16:10] Step 2: Cleaning source node...
[04:16:12] Step 3: Cleaning destination node...
[04:16:12]   Killing PID 136594 on destination (from /home/ubuntu/tcp_client.pid)
[04:16:13]   Killing PID 136594 on destination (from /home/ubuntu/client.pid)
[04:16:13]   Killing all remaining TCP processes on destination...
[04:16:16] Step 4: Cleaning server node (edge-host-1)...
[04:16:17]   Killing PID 1842480 on server (from /home/ubuntu/tcp_server.pid)
[04:16:19] ✓ Reset complete, nodes are clean
[04:16:19]   Next: Start your application
[exit=0]

$ bash /home/ivo/Evaluation-of-Live-Migration-Strategies-at-the-Edge/Network-live-migration/scripts/workloads/start_tcp_server.sh edge-host-1 5000
[tcp-server] Ensuring tcp-howto binary on edge-host-1...
[tcp-server] Reusing existing /tmp/tcp-howto on edge-host-1
[tcp-server] Starting on edge-host-1 (port 5000)...
[tcp-server] Waiting for listen...
✓ TCP server listening on edge-host-1:5000
[tcp-server] Logs: multipass exec edge-host-1 -- tail -f /home/ubuntu/tcp_server.out
[exit=0]

$ bash /home/ivo/Evaluation-of-Live-Migration-Strategies-at-the-Edge/Network-live-migration/scripts/workloads/start_tcp_client.sh edge-node-1 edge-host-1 5000
[tcp-client] Server endpoint: 10.138.215.36:5000
[tcp-client] Client VIP: 10.138.215.250
[tcp-client] Ensuring tcp-howto binary on edge-node-1...
[tcp-client] Reusing existing /tmp/tcp-howto on edge-node-1
[tcp-client] Ensuring VIP 10.138.215.250 is present on edge-node-1...
ARPING 10.138.215.250 from 10.138.215.250 ens3
Sent 3 probes (3 broadcast(s))
Received 0 response(s)
[tcp-client] Starting on edge-node-1...
[tcp-client] Waiting for established TCP connection...
✓ TCP client connected (PID: 138768)
[tcp-client] Logs: multipass exec edge-node-1 -- tail -f /home/ubuntu/tcp_client.out
[exit=0]

$ python3 /home/ivo/Evaluation-of-Live-Migration-Strategies-at-the-Edge/Network-live-migration/scripts/orchestrators/tcp_client_benchmark.py postcopy --source edge-node-1 --dest edge-node-2 --server edge-host-1 --transfer-mode direct --run-id 12-05-2026-direct-postcopy-0015 --csv /home/ivo/Evaluation-of-Live-Migration-Strategies-at-the-Edge/Network-live-migration/metrics/migration_metrics.csv --profile-name 4_Starlink --page-server-port 9999
[04:16:28] === TCP CLIENT MIGRATION ===
[04:16:28] Run ID: 12-05-2026-direct-postcopy-0015
[04:16:28] Source: edge-node-1, Dest: edge-node-2
[04:16:28] Server: edge-host-1
[04:16:28] Transfer mode: direct

[04:16:28] === TCP CLIENT POST-COPY (LAZY-PAGES) MIGRATION ===
[04:16:28] Step 1: Checking source client process...
[04:16:28]   Using PID from /home/ubuntu/tcp_client.pid: 138768
[04:16:29]   Server connections so far: 1
[04:16:30]   Page-server endpoint: 10.138.215.218:9999
[04:16:30] Step 2: Final dump (freezing client) with --lazy-pages...
[04:16:30]   Dump PID: 139293
[04:16:31]   Final dump time (freeze duration): 702 ms
[04:16:31] Step 2.5: Moving VIP to destination...
[04:16:31]   Moving VIP 10.138.215.250 from edge-node-1:ens3 -> edge-node-2:ens3
[04:16:36] Step 3: Creating archive...
[04:16:37] Step 4: Transferring archive...
[04:16:37]   Setting up direct SSH trust...
Setting up SSH trust: edge-node-1 → ubuntu@10.138.215.137
  Adding public key to destination's authorized_keys...
  Testing SSH connectivity...
  ✓ SSH trust ready
Setting up SSH trust: edge-node-1 → ubuntu@10.138.215.137
  Adding public key to destination's authorized_keys...
  Testing SSH connectivity...
  ✓ SSH trust ready
  Transferring /home/ubuntu/CRIU-tcp-client.tar.gz via SCP...
[04:16:46] Step 5: Unpacking on destination...
[04:16:47] Step 6: Starting lazy-pages daemon on destination...
[04:16:47] Step 7: Restoring client...
[04:16:48] Step 8: Verifying connection continuity...
[04:16:51]   Client output (tail): PP 5 -> 5
[04:16:52]   Server connections so far: 1
[04:16:52] ✓ SUCCESS: Client restored and TCP socket appears established
[04:16:53] Metrics saved to /home/ivo/Evaluation-of-Live-Migration-Strategies-at-the-Edge/Network-live-migration/metrics/migration_metrics.csv
[exit=0]

$ python3 /home/ivo/Evaluation-of-Live-Migration-Strategies-at-the-Edge/Network-live-migration/scripts/setup/reset_nodes.py edge-node-1 edge-node-2 edge-host-1 10.138.215.250
[04:16:53] Resetting nodes: edge-node-1 -> edge-node-2 (server: edge-host-1, vip: 10.138.215.250)
[04:16:53] Step 1: Killing any existing processes on source...
[04:16:54]   Killing PID 138768 (from /home/ubuntu/tcp_client.pid)
[04:16:55]   Killing PID 138768 (from /home/ubuntu/client.pid)
[04:16:55]   Killing any remaining background processes...
[04:16:56] Step 2: Cleaning source node...
[04:16:58] Step 3: Cleaning destination node...
[04:16:58]   Killing PID 138768 on destination (from /home/ubuntu/tcp_client.pid)
[04:16:59]   Killing PID 138768 on destination (from /home/ubuntu/client.pid)
[04:17:00]   Killing all remaining TCP processes on destination...
[04:17:03] Step 4: Cleaning server node (edge-host-1)...
[04:17:03]   Killing PID 1843530 on server (from /home/ubuntu/tcp_server.pid)
[04:17:05] ✓ Reset complete, nodes are clean
[04:17:05]   Next: Start your application
[exit=0]

$ bash /home/ivo/Evaluation-of-Live-Migration-Strategies-at-the-Edge/Network-live-migration/scripts/workloads/start_tcp_server.sh edge-host-1 5000
[tcp-server] Ensuring tcp-howto binary on edge-host-1...
[tcp-server] Reusing existing /tmp/tcp-howto on edge-host-1
[tcp-server] Starting on edge-host-1 (port 5000)...
[tcp-server] Waiting for listen...
✓ TCP server listening on edge-host-1:5000
[tcp-server] Logs: multipass exec edge-host-1 -- tail -f /home/ubuntu/tcp_server.out
[exit=0]

$ bash /home/ivo/Evaluation-of-Live-Migration-Strategies-at-the-Edge/Network-live-migration/scripts/workloads/start_tcp_client.sh edge-node-1 edge-host-1 5000
[tcp-client] Server endpoint: 10.138.215.36:5000
[tcp-client] Client VIP: 10.138.215.250
[tcp-client] Ensuring tcp-howto binary on edge-node-1...
[tcp-client] Reusing existing /tmp/tcp-howto on edge-node-1
[tcp-client] Ensuring VIP 10.138.215.250 is present on edge-node-1...
ARPING 10.138.215.250 from 10.138.215.250 ens3
Sent 3 probes (3 broadcast(s))
Received 0 response(s)
[tcp-client] Starting on edge-node-1...
[tcp-client] Waiting for established TCP connection...
✓ TCP client connected (PID: 140938)
[tcp-client] Logs: multipass exec edge-node-1 -- tail -f /home/ubuntu/tcp_client.out
[exit=0]

$ python3 /home/ivo/Evaluation-of-Live-Migration-Strategies-at-the-Edge/Network-live-migration/scripts/orchestrators/tcp_client_benchmark.py postcopy --source edge-node-1 --dest edge-node-2 --server edge-host-1 --transfer-mode direct --run-id 12-05-2026-direct-postcopy-0016 --csv /home/ivo/Evaluation-of-Live-Migration-Strategies-at-the-Edge/Network-live-migration/metrics/migration_metrics.csv --profile-name 4_Starlink --page-server-port 9999
[04:17:14] === TCP CLIENT MIGRATION ===
[04:17:14] Run ID: 12-05-2026-direct-postcopy-0016
[04:17:14] Source: edge-node-1, Dest: edge-node-2
[04:17:14] Server: edge-host-1
[04:17:14] Transfer mode: direct

[04:17:14] === TCP CLIENT POST-COPY (LAZY-PAGES) MIGRATION ===
[04:17:14] Step 1: Checking source client process...
[04:17:15]   Using PID from /home/ubuntu/tcp_client.pid: 140938
[04:17:15]   Server connections so far: 1
[04:17:16]   Page-server endpoint: 10.138.215.218:9999
[04:17:16] Step 2: Final dump (freezing client) with --lazy-pages...
[04:17:17]   Dump PID: 141470
[04:17:17]   Final dump time (freeze duration): 721 ms
[04:17:17] Step 2.5: Moving VIP to destination...
[04:17:18]   Moving VIP 10.138.215.250 from edge-node-1:ens3 -> edge-node-2:ens3
[04:17:23] Step 3: Creating archive...
[04:17:23] Step 4: Transferring archive...
[04:17:23]   Setting up direct SSH trust...
Setting up SSH trust: edge-node-1 → ubuntu@10.138.215.137
  Adding public key to destination's authorized_keys...
  Testing SSH connectivity...
  ✓ SSH trust ready
Setting up SSH trust: edge-node-1 → ubuntu@10.138.215.137
  Adding public key to destination's authorized_keys...
  Testing SSH connectivity...
  ✓ SSH trust ready
  Transferring /home/ubuntu/CRIU-tcp-client.tar.gz via SCP...
[04:17:32] Step 5: Unpacking on destination...
[04:17:33] Step 6: Starting lazy-pages daemon on destination...
[04:17:34] Step 7: Restoring client...
[04:17:34] Step 8: Verifying connection continuity...
[04:17:38]   Client output (tail): PP 5 -> 5
[04:17:38]   Server connections so far: 1
[04:17:38] ✓ SUCCESS: Client restored and TCP socket appears established
[04:17:39] Metrics saved to /home/ivo/Evaluation-of-Live-Migration-Strategies-at-the-Edge/Network-live-migration/metrics/migration_metrics.csv
[exit=0]

$ python3 /home/ivo/Evaluation-of-Live-Migration-Strategies-at-the-Edge/Network-live-migration/scripts/setup/reset_nodes.py edge-node-1 edge-node-2 edge-host-1 10.138.215.250
[04:17:40] Resetting nodes: edge-node-1 -> edge-node-2 (server: edge-host-1, vip: 10.138.215.250)
[04:17:40] Step 1: Killing any existing processes on source...
[04:17:40]   Killing PID 140938 (from /home/ubuntu/tcp_client.pid)
[04:17:41]   Killing PID 140938 (from /home/ubuntu/client.pid)
[04:17:41]   Killing any remaining background processes...
[04:17:43] Step 2: Cleaning source node...
[04:17:44] Step 3: Cleaning destination node...
[04:17:45]   Killing PID 140938 on destination (from /home/ubuntu/tcp_client.pid)
[04:17:45]   Killing PID 140938 on destination (from /home/ubuntu/client.pid)
[04:17:46]   Killing all remaining TCP processes on destination...
[04:17:49] Step 4: Cleaning server node (edge-host-1)...
[04:17:49]   Killing PID 1844569 on server (from /home/ubuntu/tcp_server.pid)
[04:17:51] ✓ Reset complete, nodes are clean
[04:17:51]   Next: Start your application
[exit=0]

$ bash /home/ivo/Evaluation-of-Live-Migration-Strategies-at-the-Edge/Network-live-migration/scripts/workloads/start_tcp_server.sh edge-host-1 5000
[tcp-server] Ensuring tcp-howto binary on edge-host-1...
[tcp-server] Reusing existing /tmp/tcp-howto on edge-host-1
[tcp-server] Starting on edge-host-1 (port 5000)...
[tcp-server] Waiting for listen...
✓ TCP server listening on edge-host-1:5000
[tcp-server] Logs: multipass exec edge-host-1 -- tail -f /home/ubuntu/tcp_server.out
[exit=0]

$ bash /home/ivo/Evaluation-of-Live-Migration-Strategies-at-the-Edge/Network-live-migration/scripts/workloads/start_tcp_client.sh edge-node-1 edge-host-1 5000
[tcp-client] Server endpoint: 10.138.215.36:5000
[tcp-client] Client VIP: 10.138.215.250
[tcp-client] Ensuring tcp-howto binary on edge-node-1...
[tcp-client] Reusing existing /tmp/tcp-howto on edge-node-1
[tcp-client] Ensuring VIP 10.138.215.250 is present on edge-node-1...
ARPING 10.138.215.250 from 10.138.215.250 ens3
Sent 3 probes (3 broadcast(s))
Received 0 response(s)
[tcp-client] Starting on edge-node-1...
[tcp-client] Waiting for established TCP connection...
✓ TCP client connected (PID: 143103)
[tcp-client] Logs: multipass exec edge-node-1 -- tail -f /home/ubuntu/tcp_client.out
[exit=0]

$ python3 /home/ivo/Evaluation-of-Live-Migration-Strategies-at-the-Edge/Network-live-migration/scripts/orchestrators/tcp_client_benchmark.py postcopy --source edge-node-1 --dest edge-node-2 --server edge-host-1 --transfer-mode direct --run-id 12-05-2026-direct-postcopy-0017 --csv /home/ivo/Evaluation-of-Live-Migration-Strategies-at-the-Edge/Network-live-migration/metrics/migration_metrics.csv --profile-name 4_Starlink --page-server-port 9999
[04:18:00] === TCP CLIENT MIGRATION ===
[04:18:00] Run ID: 12-05-2026-direct-postcopy-0017
[04:18:00] Source: edge-node-1, Dest: edge-node-2
[04:18:00] Server: edge-host-1
[04:18:00] Transfer mode: direct

[04:18:00] === TCP CLIENT POST-COPY (LAZY-PAGES) MIGRATION ===
[04:18:00] Step 1: Checking source client process...
[04:18:00]   Using PID from /home/ubuntu/tcp_client.pid: 143103
[04:18:01]   Server connections so far: 1
[04:18:02]   Page-server endpoint: 10.138.215.218:9999
[04:18:02] Step 2: Final dump (freezing client) with --lazy-pages...
[04:18:02]   Dump PID: 143627
[04:18:03]   Final dump time (freeze duration): 719 ms
[04:18:03] Step 2.5: Moving VIP to destination...
[04:18:03]   Moving VIP 10.138.215.250 from edge-node-1:ens3 -> edge-node-2:ens3
[04:18:08] Step 3: Creating archive...
[04:18:09] Step 4: Transferring archive...
[04:18:09]   Setting up direct SSH trust...
Setting up SSH trust: edge-node-1 → ubuntu@10.138.215.137
  Adding public key to destination's authorized_keys...
  Testing SSH connectivity...
  ✓ SSH trust ready
Setting up SSH trust: edge-node-1 → ubuntu@10.138.215.137
  Adding public key to destination's authorized_keys...
  Testing SSH connectivity...
  ✓ SSH trust ready
  Transferring /home/ubuntu/CRIU-tcp-client.tar.gz via SCP...
[04:18:18] Step 5: Unpacking on destination...
[04:18:19] Step 6: Starting lazy-pages daemon on destination...
[04:18:20] Step 7: Restoring client...
[04:18:21] Step 8: Verifying connection continuity...
[04:18:24]   Client output (tail): PP 5 -> 5
[04:18:25]   Server connections so far: 1
[04:18:25] ✓ SUCCESS: Client restored and TCP socket appears established
[04:18:26] Metrics saved to /home/ivo/Evaluation-of-Live-Migration-Strategies-at-the-Edge/Network-live-migration/metrics/migration_metrics.csv
[exit=0]

$ python3 /home/ivo/Evaluation-of-Live-Migration-Strategies-at-the-Edge/Network-live-migration/scripts/setup/reset_nodes.py edge-node-1 edge-node-2 edge-host-1 10.138.215.250
[04:18:26] Resetting nodes: edge-node-1 -> edge-node-2 (server: edge-host-1, vip: 10.138.215.250)
[04:18:26] Step 1: Killing any existing processes on source...
[04:18:27]   Killing PID 143103 (from /home/ubuntu/tcp_client.pid)
[04:18:27]   Killing PID 143103 (from /home/ubuntu/client.pid)
[04:18:28]   Killing any remaining background processes...
[04:18:29] Step 2: Cleaning source node...
[04:18:31] Step 3: Cleaning destination node...
[04:18:31]   Killing PID 143103 on destination (from /home/ubuntu/tcp_client.pid)
[04:18:32]   Killing PID 143103 on destination (from /home/ubuntu/client.pid)
[04:18:32]   Killing all remaining TCP processes on destination...
[04:18:36] Step 4: Cleaning server node (edge-host-1)...
[04:18:36]   Killing PID 1845645 on server (from /home/ubuntu/tcp_server.pid)
[04:18:38] ✓ Reset complete, nodes are clean
[04:18:38]   Next: Start your application
[exit=0]

$ bash /home/ivo/Evaluation-of-Live-Migration-Strategies-at-the-Edge/Network-live-migration/scripts/workloads/start_tcp_server.sh edge-host-1 5000
[tcp-server] Ensuring tcp-howto binary on edge-host-1...
[tcp-server] Reusing existing /tmp/tcp-howto on edge-host-1
[tcp-server] Starting on edge-host-1 (port 5000)...
[tcp-server] Waiting for listen...
✓ TCP server listening on edge-host-1:5000
[tcp-server] Logs: multipass exec edge-host-1 -- tail -f /home/ubuntu/tcp_server.out
[exit=0]

$ bash /home/ivo/Evaluation-of-Live-Migration-Strategies-at-the-Edge/Network-live-migration/scripts/workloads/start_tcp_client.sh edge-node-1 edge-host-1 5000
[tcp-client] Server endpoint: 10.138.215.36:5000
[tcp-client] Client VIP: 10.138.215.250
[tcp-client] Ensuring tcp-howto binary on edge-node-1...
[tcp-client] Reusing existing /tmp/tcp-howto on edge-node-1
[tcp-client] Ensuring VIP 10.138.215.250 is present on edge-node-1...
ARPING 10.138.215.250 from 10.138.215.250 ens3
Sent 3 probes (3 broadcast(s))
Received 0 response(s)
[tcp-client] Starting on edge-node-1...
[tcp-client] Waiting for established TCP connection...
✓ TCP client connected (PID: 145270)
[tcp-client] Logs: multipass exec edge-node-1 -- tail -f /home/ubuntu/tcp_client.out
[exit=0]

$ python3 /home/ivo/Evaluation-of-Live-Migration-Strategies-at-the-Edge/Network-live-migration/scripts/orchestrators/tcp_client_benchmark.py postcopy --source edge-node-1 --dest edge-node-2 --server edge-host-1 --transfer-mode direct --run-id 12-05-2026-direct-postcopy-0018 --csv /home/ivo/Evaluation-of-Live-Migration-Strategies-at-the-Edge/Network-live-migration/metrics/migration_metrics.csv --profile-name 4_Starlink --page-server-port 9999
[04:18:46] === TCP CLIENT MIGRATION ===
[04:18:46] Run ID: 12-05-2026-direct-postcopy-0018
[04:18:46] Source: edge-node-1, Dest: edge-node-2
[04:18:46] Server: edge-host-1
[04:18:46] Transfer mode: direct

[04:18:46] === TCP CLIENT POST-COPY (LAZY-PAGES) MIGRATION ===
[04:18:46] Step 1: Checking source client process...
[04:18:47]   Using PID from /home/ubuntu/tcp_client.pid: 145270
[04:18:48]   Server connections so far: 1
[04:18:49]   Page-server endpoint: 10.138.215.218:9999
[04:18:49] Step 2: Final dump (freezing client) with --lazy-pages...
[04:18:49]   Dump PID: 145803
[04:18:49]   Final dump time (freeze duration): 766 ms
[04:18:49] Step 2.5: Moving VIP to destination...
[04:18:50]   Moving VIP 10.138.215.250 from edge-node-1:ens3 -> edge-node-2:ens3
[04:18:55] Step 3: Creating archive...
[04:18:55] Step 4: Transferring archive...
[04:18:55]   Setting up direct SSH trust...
Setting up SSH trust: edge-node-1 → ubuntu@10.138.215.137
  Adding public key to destination's authorized_keys...
  Testing SSH connectivity...
  ✓ SSH trust ready
Setting up SSH trust: edge-node-1 → ubuntu@10.138.215.137
  Adding public key to destination's authorized_keys...
  Testing SSH connectivity...
  ✓ SSH trust ready
  Transferring /home/ubuntu/CRIU-tcp-client.tar.gz via SCP...
[04:19:04] Step 5: Unpacking on destination...
[04:19:05] Step 6: Starting lazy-pages daemon on destination...
[04:19:06] Step 7: Restoring client...
[04:19:07] Step 8: Verifying connection continuity...
[04:19:10]   Client output (tail): PP 5 -> 5
[04:19:11]   Server connections so far: 1
[04:19:11] ✓ SUCCESS: Client restored and TCP socket appears established
[04:19:12] Metrics saved to /home/ivo/Evaluation-of-Live-Migration-Strategies-at-the-Edge/Network-live-migration/metrics/migration_metrics.csv
[exit=0]

$ python3 /home/ivo/Evaluation-of-Live-Migration-Strategies-at-the-Edge/Network-live-migration/scripts/setup/reset_nodes.py edge-node-1 edge-node-2 edge-host-1 10.138.215.250
[04:19:12] Resetting nodes: edge-node-1 -> edge-node-2 (server: edge-host-1, vip: 10.138.215.250)
[04:19:12] Step 1: Killing any existing processes on source...
[04:19:13]   Killing PID 145270 (from /home/ubuntu/tcp_client.pid)
[04:19:13]   Killing PID 145270 (from /home/ubuntu/client.pid)
[04:19:14]   Killing any remaining background processes...
[04:19:15] Step 2: Cleaning source node...
[04:19:17] Step 3: Cleaning destination node...
[04:19:17]   Killing PID 145270 on destination (from /home/ubuntu/tcp_client.pid)
[04:19:18]   Killing PID 145270 on destination (from /home/ubuntu/client.pid)
[04:19:19]   Killing all remaining TCP processes on destination...
[04:19:22] Step 4: Cleaning server node (edge-host-1)...
[04:19:22]   Killing PID 1846693 on server (from /home/ubuntu/tcp_server.pid)
[04:19:24] ✓ Reset complete, nodes are clean
[04:19:24]   Next: Start your application
[exit=0]

$ bash /home/ivo/Evaluation-of-Live-Migration-Strategies-at-the-Edge/Network-live-migration/scripts/workloads/start_tcp_server.sh edge-host-1 5000
[tcp-server] Ensuring tcp-howto binary on edge-host-1...
[tcp-server] Reusing existing /tmp/tcp-howto on edge-host-1
[tcp-server] Starting on edge-host-1 (port 5000)...
[tcp-server] Waiting for listen...
✓ TCP server listening on edge-host-1:5000
[tcp-server] Logs: multipass exec edge-host-1 -- tail -f /home/ubuntu/tcp_server.out
[exit=0]

$ bash /home/ivo/Evaluation-of-Live-Migration-Strategies-at-the-Edge/Network-live-migration/scripts/workloads/start_tcp_client.sh edge-node-1 edge-host-1 5000
[tcp-client] Server endpoint: 10.138.215.36:5000
[tcp-client] Client VIP: 10.138.215.250
[tcp-client] Ensuring tcp-howto binary on edge-node-1...
[tcp-client] Reusing existing /tmp/tcp-howto on edge-node-1
[tcp-client] Ensuring VIP 10.138.215.250 is present on edge-node-1...
ARPING 10.138.215.250 from 10.138.215.250 ens3
Sent 3 probes (3 broadcast(s))
Received 0 response(s)
[tcp-client] Starting on edge-node-1...
[tcp-client] Waiting for established TCP connection...
✓ TCP client connected (PID: 147446)
[tcp-client] Logs: multipass exec edge-node-1 -- tail -f /home/ubuntu/tcp_client.out
[exit=0]

$ python3 /home/ivo/Evaluation-of-Live-Migration-Strategies-at-the-Edge/Network-live-migration/scripts/orchestrators/tcp_client_benchmark.py postcopy --source edge-node-1 --dest edge-node-2 --server edge-host-1 --transfer-mode direct --run-id 12-05-2026-direct-postcopy-0019 --csv /home/ivo/Evaluation-of-Live-Migration-Strategies-at-the-Edge/Network-live-migration/metrics/migration_metrics.csv --profile-name 4_Starlink --page-server-port 9999
[04:19:33] === TCP CLIENT MIGRATION ===
[04:19:33] Run ID: 12-05-2026-direct-postcopy-0019
[04:19:33] Source: edge-node-1, Dest: edge-node-2
[04:19:33] Server: edge-host-1
[04:19:33] Transfer mode: direct

[04:19:33] === TCP CLIENT POST-COPY (LAZY-PAGES) MIGRATION ===
[04:19:33] Step 1: Checking source client process...
[04:19:33]   Using PID from /home/ubuntu/tcp_client.pid: 147446
[04:19:34]   Server connections so far: 1
[04:19:35]   Page-server endpoint: 10.138.215.218:9999
[04:19:35] Step 2: Final dump (freezing client) with --lazy-pages...
[04:19:35]   Dump PID: 147970
[04:19:36]   Final dump time (freeze duration): 708 ms
[04:19:36] Step 2.5: Moving VIP to destination...
[04:19:36]   Moving VIP 10.138.215.250 from edge-node-1:ens3 -> edge-node-2:ens3
[04:19:41] Step 3: Creating archive...
[04:19:42] Step 4: Transferring archive...
[04:19:42]   Setting up direct SSH trust...
Setting up SSH trust: edge-node-1 → ubuntu@10.138.215.137
  Adding public key to destination's authorized_keys...
  Testing SSH connectivity...
  ✓ SSH trust ready
Setting up SSH trust: edge-node-1 → ubuntu@10.138.215.137
  Adding public key to destination's authorized_keys...
  Testing SSH connectivity...
  ✓ SSH trust ready
  Transferring /home/ubuntu/CRIU-tcp-client.tar.gz via SCP...
[04:19:50] Step 5: Unpacking on destination...
[04:19:51] Step 6: Starting lazy-pages daemon on destination...
[04:19:52] Step 7: Restoring client...
[04:19:52] Step 8: Verifying connection continuity...
[04:19:56]   Client output (tail): PP 5 -> 5
[04:19:56]   Server connections so far: 1
[04:19:56] ✓ SUCCESS: Client restored and TCP socket appears established
[04:19:57] Metrics saved to /home/ivo/Evaluation-of-Live-Migration-Strategies-at-the-Edge/Network-live-migration/metrics/migration_metrics.csv
[exit=0]
