
$ python3 /home/ivo/Evaluation-of-Live-Migration-Strategies-at-the-Edge/Network-live-migration/scripts/setup/reset_nodes.py edge-node-1 edge-node-2 edge-host-1 10.138.215.250
[21:20:13] Resetting nodes: edge-node-1 -> edge-node-2 (server: edge-host-1, vip: 10.138.215.250)
[21:20:13] Step 1: Killing any existing processes on source...
[21:20:14]   Killing PID 159205 (from /home/ubuntu/tcp_client.pid)
[21:20:14]   Killing PID 159205 (from /home/ubuntu/client.pid)
[21:20:15]   Killing any remaining background processes...
[21:20:16] Step 2: Cleaning source node...
[21:20:18] Step 3: Cleaning destination node...
[21:20:18]   Killing PID 159205 on destination (from /home/ubuntu/tcp_client.pid)
[21:20:19]   Killing PID 159205 on destination (from /home/ubuntu/client.pid)
[21:20:20]   Killing all remaining TCP processes on destination...
[21:20:23] Step 4: Cleaning server node (edge-host-1)...
[21:20:23]   Killing PID 3505295 on server (from /home/ubuntu/tcp_server.pid)
[21:20:26] ✓ Reset complete, nodes are clean
[21:20:26]   Next: Start your application
[exit=0]

$ bash /home/ivo/Evaluation-of-Live-Migration-Strategies-at-the-Edge/Network-live-migration/scripts/workloads/start_tcp_server.sh edge-host-1 5000
[tcp-server] Ensuring tcp-howto binary on edge-host-1...
[tcp-server] Reusing existing /tmp/tcp-howto on edge-host-1
[tcp-server] Starting on edge-host-1 (port 5000)...
[tcp-server] Waiting for listen...
✓ TCP server listening on edge-host-1:5000
[tcp-server] Logs: multipass exec edge-host-1 -- tail -f /home/ubuntu/tcp_server.out
[exit=0]

$ bash /home/ivo/Evaluation-of-Live-Migration-Strategies-at-the-Edge/Network-live-migration/scripts/workloads/start_tcp_client.sh edge-node-1 edge-host-1 5000
[tcp-client] Server endpoint: 10.138.215.36:5000
[tcp-client] Client VIP: 10.138.215.250
[tcp-client] Ensuring tcp-howto binary on edge-node-1...
[tcp-client] Transferring tcp-howto.c to edge-node-1...
[tcp-client] Compiling on edge-node-1...
[tcp-client] Ensuring VIP 10.138.215.250 is present on edge-node-1...
ARPING 10.138.215.250 from 10.138.215.250 ens3
Sent 3 probes (3 broadcast(s))
Received 0 response(s)
[tcp-client] Starting on edge-node-1...
[tcp-client] Waiting for established TCP connection...
✓ TCP client connected (PID: 2992)
[tcp-client] Logs: multipass exec edge-node-1 -- tail -f /home/ubuntu/tcp_client.out
[exit=0]

$ python3 /home/ivo/Evaluation-of-Live-Migration-Strategies-at-the-Edge/Network-live-migration/scripts/orchestrators/tcp_client_benchmark.py cold --source edge-node-1 --dest edge-node-2 --server edge-host-1 --transfer-mode host --run-id 15-05-2026-host-cold-0020 --csv /home/ivo/Evaluation-of-Live-Migration-Strategies-at-the-Edge/Network-live-migration/metrics/migration_metrics.csv --profile-name 6_TEE_Avg --relay-node edge-host-1
[21:20:35] === TCP CLIENT MIGRATION ===
[21:20:35] Run ID: 15-05-2026-host-cold-0020
[21:20:35] Source: edge-node-1, Dest: edge-node-2
[21:20:35] Server: edge-host-1
[21:20:35] Transfer mode: host
[21:20:35] Relay node: edge-host-1

[21:20:35] === TCP CLIENT COLD MIGRATION ===
[21:20:35] Step 1: Checking source client process...
[21:20:35]   Using PID from /home/ubuntu/tcp_client.pid: 2992
[21:20:36]   Server connections so far: 1
[21:20:37] Step 2: Dumping client with CRIU (--tcp-established)...
[21:20:37] Step 2.5: Moving VIP to destination...
[21:20:38]   Moving VIP 10.138.215.250 from edge-node-1:ens3 -> edge-node-2:ens3
[21:20:43] Step 3: Creating archive...
[21:20:43] Step 4: Transferring archive...
  Transferring /home/ubuntu/CRIU-tcp-client.tar.gz via relay node edge-host-1...
Setting up SSH trust: edge-node-1 → ubuntu@10.138.215.36
  Adding public key to destination's authorized_keys...
  Testing SSH connectivity...
  ✓ SSH trust ready
Setting up SSH trust: edge-host-1 → ubuntu@10.138.215.137
  Adding public key to destination's authorized_keys...
  Testing SSH connectivity...
  ✓ SSH trust ready
[21:22:24] Step 5: Unpacking on destination...
[21:22:25] Step 6: Preparing restore environment...
[21:22:25]   /tmp/tcp-howto missing on destination, copying from source...
[21:22:26] Step 7: Restoring client with CRIU (--tcp-established)...
[21:22:27]   Restored PID: 2992
[21:22:27] Step 8: Verifying connection continuity...
[21:22:30]   Client output (tail): PP 4 -> 4
[21:22:30]   Server connections so far: 1
[21:22:30] ✓ SUCCESS: Client restored and TCP socket appears established
[21:22:30] Total downtime: 101487 ms
[21:22:30] Metrics saved to /home/ivo/Evaluation-of-Live-Migration-Strategies-at-the-Edge/Network-live-migration/metrics/migration_metrics.csv
[exit=0]

$ python3 /home/ivo/Evaluation-of-Live-Migration-Strategies-at-the-Edge/Network-live-migration/scripts/setup/reset_nodes.py edge-node-1 edge-node-2 edge-host-1 10.138.215.250
[21:22:31] Resetting nodes: edge-node-1 -> edge-node-2 (server: edge-host-1, vip: 10.138.215.250)
[21:22:31] Step 1: Killing any existing processes on source...
[21:22:32]   Killing PID 2992 (from /home/ubuntu/tcp_client.pid)
[21:22:32]   Killing PID 2992 (from /home/ubuntu/client.pid)
[21:22:33]   Killing any remaining background processes...
[21:22:34] Step 2: Cleaning source node...
[21:22:36] Step 3: Cleaning destination node...
[21:22:36]   Killing PID 2992 on destination (from /home/ubuntu/tcp_client.pid)
[21:22:37]   Killing PID 2992 on destination (from /home/ubuntu/client.pid)
[21:22:38]   Killing all remaining TCP processes on destination...
[21:22:41] Step 4: Cleaning server node (edge-host-1)...
[21:22:41]   Killing PID 3506977 on server (from /home/ubuntu/tcp_server.pid)
[21:22:43] ✓ Reset complete, nodes are clean
[21:22:43]   Next: Start your application
[exit=0]

$ bash /home/ivo/Evaluation-of-Live-Migration-Strategies-at-the-Edge/Network-live-migration/scripts/workloads/start_tcp_server.sh edge-host-1 5000
[tcp-server] Ensuring tcp-howto binary on edge-host-1...
[tcp-server] Reusing existing /tmp/tcp-howto on edge-host-1
[tcp-server] Starting on edge-host-1 (port 5000)...
[tcp-server] Waiting for listen...
✓ TCP server listening on edge-host-1:5000
[tcp-server] Logs: multipass exec edge-host-1 -- tail -f /home/ubuntu/tcp_server.out
[exit=0]

$ bash /home/ivo/Evaluation-of-Live-Migration-Strategies-at-the-Edge/Network-live-migration/scripts/workloads/start_tcp_client.sh edge-node-1 edge-host-1 5000
[tcp-client] Server endpoint: 10.138.215.36:5000
[tcp-client] Client VIP: 10.138.215.250
[tcp-client] Ensuring tcp-howto binary on edge-node-1...
[tcp-client] Reusing existing /tmp/tcp-howto on edge-node-1
[tcp-client] Ensuring VIP 10.138.215.250 is present on edge-node-1...
ARPING 10.138.215.250 from 10.138.215.250 ens3
Sent 3 probes (3 broadcast(s))
Received 0 response(s)
[tcp-client] Starting on edge-node-1...
[tcp-client] Waiting for established TCP connection...
✓ TCP client connected (PID: 5052)
[tcp-client] Logs: multipass exec edge-node-1 -- tail -f /home/ubuntu/tcp_client.out
[exit=0]

$ python3 /home/ivo/Evaluation-of-Live-Migration-Strategies-at-the-Edge/Network-live-migration/scripts/orchestrators/tcp_client_benchmark.py cold --source edge-node-1 --dest edge-node-2 --server edge-host-1 --transfer-mode host --run-id 15-05-2026-host-cold-0021 --csv /home/ivo/Evaluation-of-Live-Migration-Strategies-at-the-Edge/Network-live-migration/metrics/migration_metrics.csv --profile-name 6_TEE_Avg --relay-node edge-host-1
[21:22:52] === TCP CLIENT MIGRATION ===
[21:22:52] Run ID: 15-05-2026-host-cold-0021
[21:22:52] Source: edge-node-1, Dest: edge-node-2
[21:22:52] Server: edge-host-1
[21:22:52] Transfer mode: host
[21:22:52] Relay node: edge-host-1

[21:22:52] === TCP CLIENT COLD MIGRATION ===
[21:22:52] Step 1: Checking source client process...
[21:22:52]   Using PID from /home/ubuntu/tcp_client.pid: 5052
[21:22:53]   Server connections so far: 1
[21:22:54] Step 2: Dumping client with CRIU (--tcp-established)...
[21:22:54] Step 2.5: Moving VIP to destination...
[21:22:54]   Moving VIP 10.138.215.250 from edge-node-1:ens3 -> edge-node-2:ens3
[21:23:00] Step 3: Creating archive...
[21:23:00] Step 4: Transferring archive...
  Transferring /home/ubuntu/CRIU-tcp-client.tar.gz via relay node edge-host-1...
Setting up SSH trust: edge-node-1 → ubuntu@10.138.215.36
  Adding public key to destination's authorized_keys...
  Testing SSH connectivity...
  ✓ SSH trust ready
Setting up SSH trust: edge-host-1 → ubuntu@10.138.215.137
  Adding public key to destination's authorized_keys...
  Testing SSH connectivity...
  ✓ SSH trust ready
[21:24:25] Step 5: Unpacking on destination...
[21:24:25] Step 6: Preparing restore environment...
[21:24:26] Step 7: Restoring client with CRIU (--tcp-established)...
[21:24:27]   Restored PID: 5052
[21:24:27] Step 8: Verifying connection continuity...
[21:24:30]   Client output (tail): PP 3 -> 3
[21:24:30]   Server connections so far: 1
[21:24:30] ✓ SUCCESS: Client restored and TCP socket appears established
[21:24:30] Total downtime: 85542 ms
[21:24:30] Metrics saved to /home/ivo/Evaluation-of-Live-Migration-Strategies-at-the-Edge/Network-live-migration/metrics/migration_metrics.csv
[exit=0]

$ python3 /home/ivo/Evaluation-of-Live-Migration-Strategies-at-the-Edge/Network-live-migration/scripts/setup/reset_nodes.py edge-node-1 edge-node-2 edge-host-1 10.138.215.250
[21:24:31] Resetting nodes: edge-node-1 -> edge-node-2 (server: edge-host-1, vip: 10.138.215.250)
[21:24:31] Step 1: Killing any existing processes on source...
[21:24:31]   Killing PID 5052 (from /home/ubuntu/tcp_client.pid)
[21:24:32]   Killing PID 5052 (from /home/ubuntu/client.pid)
[21:24:33]   Killing any remaining background processes...
[21:24:34] Step 2: Cleaning source node...
[21:24:36] Step 3: Cleaning destination node...
[21:24:36]   Killing PID 5052 on destination (from /home/ubuntu/tcp_client.pid)
[21:24:37]   Killing PID 5052 on destination (from /home/ubuntu/client.pid)
[21:24:38]   Killing all remaining TCP processes on destination...
[21:24:41] Step 4: Cleaning server node (edge-host-1)...
[21:24:41]   Killing PID 3508626 on server (from /home/ubuntu/tcp_server.pid)
[21:24:43] ✓ Reset complete, nodes are clean
[21:24:43]   Next: Start your application
[exit=0]

$ bash /home/ivo/Evaluation-of-Live-Migration-Strategies-at-the-Edge/Network-live-migration/scripts/workloads/start_tcp_server.sh edge-host-1 5000
[tcp-server] Ensuring tcp-howto binary on edge-host-1...
[tcp-server] Reusing existing /tmp/tcp-howto on edge-host-1
[tcp-server] Starting on edge-host-1 (port 5000)...
[tcp-server] Waiting for listen...
✓ TCP server listening on edge-host-1:5000
[tcp-server] Logs: multipass exec edge-host-1 -- tail -f /home/ubuntu/tcp_server.out
[exit=0]

$ bash /home/ivo/Evaluation-of-Live-Migration-Strategies-at-the-Edge/Network-live-migration/scripts/workloads/start_tcp_client.sh edge-node-1 edge-host-1 5000
[tcp-client] Server endpoint: 10.138.215.36:5000
[tcp-client] Client VIP: 10.138.215.250
[tcp-client] Ensuring tcp-howto binary on edge-node-1...
[tcp-client] Reusing existing /tmp/tcp-howto on edge-node-1
[tcp-client] Ensuring VIP 10.138.215.250 is present on edge-node-1...
ARPING 10.138.215.250 from 10.138.215.250 ens3
Sent 3 probes (3 broadcast(s))
Received 0 response(s)
[tcp-client] Starting on edge-node-1...
[tcp-client] Waiting for established TCP connection...
✓ TCP client connected (PID: 7031)
[tcp-client] Logs: multipass exec edge-node-1 -- tail -f /home/ubuntu/tcp_client.out
[exit=0]

$ python3 /home/ivo/Evaluation-of-Live-Migration-Strategies-at-the-Edge/Network-live-migration/scripts/orchestrators/tcp_client_benchmark.py cold --source edge-node-1 --dest edge-node-2 --server edge-host-1 --transfer-mode host --run-id 15-05-2026-host-cold-0022 --csv /home/ivo/Evaluation-of-Live-Migration-Strategies-at-the-Edge/Network-live-migration/metrics/migration_metrics.csv --profile-name 6_TEE_Avg --relay-node edge-host-1
[21:24:52] === TCP CLIENT MIGRATION ===
[21:24:52] Run ID: 15-05-2026-host-cold-0022
[21:24:52] Source: edge-node-1, Dest: edge-node-2
[21:24:52] Server: edge-host-1
[21:24:52] Transfer mode: host
[21:24:52] Relay node: edge-host-1

[21:24:52] === TCP CLIENT COLD MIGRATION ===
[21:24:52] Step 1: Checking source client process...
[21:24:53]   Using PID from /home/ubuntu/tcp_client.pid: 7031
[21:24:54]   Server connections so far: 1
[21:24:54] Step 2: Dumping client with CRIU (--tcp-established)...
[21:24:55] Step 2.5: Moving VIP to destination...
[21:24:55]   Moving VIP 10.138.215.250 from edge-node-1:ens3 -> edge-node-2:ens3
[21:25:00] Step 3: Creating archive...
[21:25:01] Step 4: Transferring archive...
  Transferring /home/ubuntu/CRIU-tcp-client.tar.gz via relay node edge-host-1...
Setting up SSH trust: edge-node-1 → ubuntu@10.138.215.36
  Adding public key to destination's authorized_keys...
  Testing SSH connectivity...
  ✓ SSH trust ready
Setting up SSH trust: edge-host-1 → ubuntu@10.138.215.137
  Adding public key to destination's authorized_keys...
  Testing SSH connectivity...
  ✓ SSH trust ready
[21:26:31] Step 5: Unpacking on destination...
[21:26:31] Step 6: Preparing restore environment...
[21:26:32] Step 7: Restoring client with CRIU (--tcp-established)...
[21:26:33]   Restored PID: 7031
[21:26:33] Step 8: Verifying connection continuity...
[21:26:36]   Client output (tail): PP 4 -> 4
[21:26:36]   Server connections so far: 1
[21:26:36] ✓ SUCCESS: Client restored and TCP socket appears established
[21:26:36] Total downtime: 90939 ms
[21:26:36] Metrics saved to /home/ivo/Evaluation-of-Live-Migration-Strategies-at-the-Edge/Network-live-migration/metrics/migration_metrics.csv
[exit=0]

$ python3 /home/ivo/Evaluation-of-Live-Migration-Strategies-at-the-Edge/Network-live-migration/scripts/setup/reset_nodes.py edge-node-1 edge-node-2 edge-host-1 10.138.215.250
[21:26:37] Resetting nodes: edge-node-1 -> edge-node-2 (server: edge-host-1, vip: 10.138.215.250)
[21:26:37] Step 1: Killing any existing processes on source...
[21:26:38]   Killing PID 7031 (from /home/ubuntu/tcp_client.pid)
[21:26:38]   Killing PID 7031 (from /home/ubuntu/client.pid)
[21:26:39]   Killing any remaining background processes...
[21:26:40] Step 2: Cleaning source node...
[21:26:42] Step 3: Cleaning destination node...
[21:26:42]   Killing PID 7031 on destination (from /home/ubuntu/tcp_client.pid)
[21:26:43]   Killing PID 7031 on destination (from /home/ubuntu/client.pid)
[21:26:43]   Killing all remaining TCP processes on destination...
[21:26:46] Step 4: Cleaning server node (edge-host-1)...
[21:26:47]   Killing PID 3510255 on server (from /home/ubuntu/tcp_server.pid)
[21:26:49] ✓ Reset complete, nodes are clean
[21:26:49]   Next: Start your application
[exit=0]

$ bash /home/ivo/Evaluation-of-Live-Migration-Strategies-at-the-Edge/Network-live-migration/scripts/workloads/start_tcp_server.sh edge-host-1 5000
[tcp-server] Ensuring tcp-howto binary on edge-host-1...
[tcp-server] Reusing existing /tmp/tcp-howto on edge-host-1
[tcp-server] Starting on edge-host-1 (port 5000)...
[tcp-server] Waiting for listen...
✓ TCP server listening on edge-host-1:5000
[tcp-server] Logs: multipass exec edge-host-1 -- tail -f /home/ubuntu/tcp_server.out
[exit=0]

$ bash /home/ivo/Evaluation-of-Live-Migration-Strategies-at-the-Edge/Network-live-migration/scripts/workloads/start_tcp_client.sh edge-node-1 edge-host-1 5000
[tcp-client] Server endpoint: 10.138.215.36:5000
[tcp-client] Client VIP: 10.138.215.250
[tcp-client] Ensuring tcp-howto binary on edge-node-1...
[tcp-client] Reusing existing /tmp/tcp-howto on edge-node-1
[tcp-client] Ensuring VIP 10.138.215.250 is present on edge-node-1...
ARPING 10.138.215.250 from 10.138.215.250 ens3
Sent 3 probes (3 broadcast(s))
Received 0 response(s)
[tcp-client] Starting on edge-node-1...
[tcp-client] Waiting for established TCP connection...
✓ TCP client connected (PID: 8997)
[tcp-client] Logs: multipass exec edge-node-1 -- tail -f /home/ubuntu/tcp_client.out
[exit=0]

$ python3 /home/ivo/Evaluation-of-Live-Migration-Strategies-at-the-Edge/Network-live-migration/scripts/orchestrators/tcp_client_benchmark.py cold --source edge-node-1 --dest edge-node-2 --server edge-host-1 --transfer-mode host --run-id 15-05-2026-host-cold-0023 --csv /home/ivo/Evaluation-of-Live-Migration-Strategies-at-the-Edge/Network-live-migration/metrics/migration_metrics.csv --profile-name 6_TEE_Avg --relay-node edge-host-1
[21:26:58] === TCP CLIENT MIGRATION ===
[21:26:58] Run ID: 15-05-2026-host-cold-0023
[21:26:58] Source: edge-node-1, Dest: edge-node-2
[21:26:58] Server: edge-host-1
[21:26:58] Transfer mode: host
[21:26:58] Relay node: edge-host-1

[21:26:58] === TCP CLIENT COLD MIGRATION ===
[21:26:58] Step 1: Checking source client process...
[21:26:58]   Using PID from /home/ubuntu/tcp_client.pid: 8997
[21:26:59]   Server connections so far: 1
[21:27:00] Step 2: Dumping client with CRIU (--tcp-established)...
[21:27:00] Step 2.5: Moving VIP to destination...
[21:27:00]   Moving VIP 10.138.215.250 from edge-node-1:ens3 -> edge-node-2:ens3
[21:27:06] Step 3: Creating archive...
[21:27:06] Step 4: Transferring archive...
  Transferring /home/ubuntu/CRIU-tcp-client.tar.gz via relay node edge-host-1...
Setting up SSH trust: edge-node-1 → ubuntu@10.138.215.36
  Adding public key to destination's authorized_keys...
  Testing SSH connectivity...
  ✓ SSH trust ready
Setting up SSH trust: edge-host-1 → ubuntu@10.138.215.137
  Adding public key to destination's authorized_keys...
  Testing SSH connectivity...
  ✓ SSH trust ready
[21:28:34] Step 5: Unpacking on destination...
[21:28:34] Step 6: Preparing restore environment...
[21:28:35] Step 7: Restoring client with CRIU (--tcp-established)...
[21:28:35]   Restored PID: 8997
[21:28:35] Step 8: Verifying connection continuity...
[21:28:39]   Client output (tail): PP 4 -> 4
[21:28:39]   Server connections so far: 1
[21:28:39] ✓ SUCCESS: Client restored and TCP socket appears established
[21:28:39] Total downtime: 87980 ms
[21:28:39] Metrics saved to /home/ivo/Evaluation-of-Live-Migration-Strategies-at-the-Edge/Network-live-migration/metrics/migration_metrics.csv
[exit=0]

$ python3 /home/ivo/Evaluation-of-Live-Migration-Strategies-at-the-Edge/Network-live-migration/scripts/setup/reset_nodes.py edge-node-1 edge-node-2 edge-host-1 10.138.215.250
[21:28:40] Resetting nodes: edge-node-1 -> edge-node-2 (server: edge-host-1, vip: 10.138.215.250)
[21:28:40] Step 1: Killing any existing processes on source...
[21:28:40]   Killing PID 8997 (from /home/ubuntu/tcp_client.pid)
[21:28:41]   Killing PID 8997 (from /home/ubuntu/client.pid)
[21:28:42]   Killing any remaining background processes...
[21:28:43] Step 2: Cleaning source node...
[21:28:45] Step 3: Cleaning destination node...
[21:28:45]   Killing PID 8997 on destination (from /home/ubuntu/tcp_client.pid)
[21:28:46]   Killing PID 8997 on destination (from /home/ubuntu/client.pid)
[21:28:47]   Killing all remaining TCP processes on destination...
[21:28:50] Step 4: Cleaning server node (edge-host-1)...
[21:28:50]   Killing PID 3511933 on server (from /home/ubuntu/tcp_server.pid)
[21:28:52] ✓ Reset complete, nodes are clean
[21:28:52]   Next: Start your application
[exit=0]

$ bash /home/ivo/Evaluation-of-Live-Migration-Strategies-at-the-Edge/Network-live-migration/scripts/workloads/start_tcp_server.sh edge-host-1 5000
[tcp-server] Ensuring tcp-howto binary on edge-host-1...
[tcp-server] Reusing existing /tmp/tcp-howto on edge-host-1
[tcp-server] Starting on edge-host-1 (port 5000)...
[tcp-server] Waiting for listen...
✓ TCP server listening on edge-host-1:5000
[tcp-server] Logs: multipass exec edge-host-1 -- tail -f /home/ubuntu/tcp_server.out
[exit=0]

$ bash /home/ivo/Evaluation-of-Live-Migration-Strategies-at-the-Edge/Network-live-migration/scripts/workloads/start_tcp_client.sh edge-node-1 edge-host-1 5000
[tcp-client] Server endpoint: 10.138.215.36:5000
[tcp-client] Client VIP: 10.138.215.250
[tcp-client] Ensuring tcp-howto binary on edge-node-1...
[tcp-client] Reusing existing /tmp/tcp-howto on edge-node-1
[tcp-client] Ensuring VIP 10.138.215.250 is present on edge-node-1...
ARPING 10.138.215.250 from 10.138.215.250 ens3
Sent 3 probes (3 broadcast(s))
Received 0 response(s)
[tcp-client] Starting on edge-node-1...
[tcp-client] Waiting for established TCP connection...
✓ TCP client connected (PID: 10973)
[tcp-client] Logs: multipass exec edge-node-1 -- tail -f /home/ubuntu/tcp_client.out
[exit=0]

$ python3 /home/ivo/Evaluation-of-Live-Migration-Strategies-at-the-Edge/Network-live-migration/scripts/orchestrators/tcp_client_benchmark.py cold --source edge-node-1 --dest edge-node-2 --server edge-host-1 --transfer-mode host --run-id 15-05-2026-host-cold-0024 --csv /home/ivo/Evaluation-of-Live-Migration-Strategies-at-the-Edge/Network-live-migration/metrics/migration_metrics.csv --profile-name 6_TEE_Avg --relay-node edge-host-1
[21:29:01] === TCP CLIENT MIGRATION ===
[21:29:01] Run ID: 15-05-2026-host-cold-0024
[21:29:01] Source: edge-node-1, Dest: edge-node-2
[21:29:01] Server: edge-host-1
[21:29:01] Transfer mode: host
[21:29:01] Relay node: edge-host-1

[21:29:01] === TCP CLIENT COLD MIGRATION ===
[21:29:01] Step 1: Checking source client process...
[21:29:01]   Using PID from /home/ubuntu/tcp_client.pid: 10973
[21:29:02]   Server connections so far: 1
[21:29:03] Step 2: Dumping client with CRIU (--tcp-established)...
[21:29:03] Step 2.5: Moving VIP to destination...
[21:29:03]   Moving VIP 10.138.215.250 from edge-node-1:ens3 -> edge-node-2:ens3
[21:29:09] Step 3: Creating archive...
[21:29:10] Step 4: Transferring archive...
  Transferring /home/ubuntu/CRIU-tcp-client.tar.gz via relay node edge-host-1...
Setting up SSH trust: edge-node-1 → ubuntu@10.138.215.36
  Adding public key to destination's authorized_keys...
  Testing SSH connectivity...
  ✓ SSH trust ready
Setting up SSH trust: edge-host-1 → ubuntu@10.138.215.137
  Adding public key to destination's authorized_keys...
  Testing SSH connectivity...
  ✓ SSH trust ready
[21:30:44] Step 5: Unpacking on destination...
[21:30:44] Step 6: Preparing restore environment...
[21:30:45] Step 7: Restoring client with CRIU (--tcp-established)...
[21:30:45]   Restored PID: 10973
[21:30:45] Step 8: Verifying connection continuity...
[21:30:49]   Client output (tail): PP 4 -> 4
[21:30:49]   Server connections so far: 1
[21:30:49] ✓ SUCCESS: Client restored and TCP socket appears established
[21:30:49] Total downtime: 94365 ms
[21:30:49] Metrics saved to /home/ivo/Evaluation-of-Live-Migration-Strategies-at-the-Edge/Network-live-migration/metrics/migration_metrics.csv
[exit=0]

$ python3 /home/ivo/Evaluation-of-Live-Migration-Strategies-at-the-Edge/Network-live-migration/scripts/setup/reset_nodes.py edge-node-1 edge-node-2 edge-host-1 10.138.215.250
[21:30:50] Resetting nodes: edge-node-1 -> edge-node-2 (server: edge-host-1, vip: 10.138.215.250)
[21:30:50] Step 1: Killing any existing processes on source...
[21:30:50]   Killing PID 10973 (from /home/ubuntu/tcp_client.pid)
[21:30:51]   Killing PID 10973 (from /home/ubuntu/client.pid)
[21:30:52]   Killing any remaining background processes...
[21:30:53] Step 2: Cleaning source node...
[21:30:55] Step 3: Cleaning destination node...
[21:30:55]   Killing PID 10973 on destination (from /home/ubuntu/tcp_client.pid)
[21:30:56]   Killing PID 10973 on destination (from /home/ubuntu/client.pid)
[21:30:56]   Killing all remaining TCP processes on destination...
[21:30:59] Step 4: Cleaning server node (edge-host-1)...
[21:30:59]   Killing PID 3513577 on server (from /home/ubuntu/tcp_server.pid)
[21:31:02] ✓ Reset complete, nodes are clean
[21:31:02]   Next: Start your application
[exit=0]

$ bash /home/ivo/Evaluation-of-Live-Migration-Strategies-at-the-Edge/Network-live-migration/scripts/workloads/start_tcp_server.sh edge-host-1 5000
[tcp-server] Ensuring tcp-howto binary on edge-host-1...
[tcp-server] Reusing existing /tmp/tcp-howto on edge-host-1
[tcp-server] Starting on edge-host-1 (port 5000)...
[tcp-server] Waiting for listen...
✓ TCP server listening on edge-host-1:5000
[tcp-server] Logs: multipass exec edge-host-1 -- tail -f /home/ubuntu/tcp_server.out
[exit=0]

$ bash /home/ivo/Evaluation-of-Live-Migration-Strategies-at-the-Edge/Network-live-migration/scripts/workloads/start_tcp_client.sh edge-node-1 edge-host-1 5000
[tcp-client] Server endpoint: 10.138.215.36:5000
[tcp-client] Client VIP: 10.138.215.250
[tcp-client] Ensuring tcp-howto binary on edge-node-1...
[tcp-client] Reusing existing /tmp/tcp-howto on edge-node-1
[tcp-client] Ensuring VIP 10.138.215.250 is present on edge-node-1...
ARPING 10.138.215.250 from 10.138.215.250 ens3
Sent 3 probes (3 broadcast(s))
Received 0 response(s)
[tcp-client] Starting on edge-node-1...
[tcp-client] Waiting for established TCP connection...
✓ TCP client connected (PID: 12960)
[tcp-client] Logs: multipass exec edge-node-1 -- tail -f /home/ubuntu/tcp_client.out
[exit=0]

$ python3 /home/ivo/Evaluation-of-Live-Migration-Strategies-at-the-Edge/Network-live-migration/scripts/orchestrators/tcp_client_benchmark.py cold --source edge-node-1 --dest edge-node-2 --server edge-host-1 --transfer-mode host --run-id 15-05-2026-host-cold-0025 --csv /home/ivo/Evaluation-of-Live-Migration-Strategies-at-the-Edge/Network-live-migration/metrics/migration_metrics.csv --profile-name 6_TEE_Avg --relay-node edge-host-1
[21:31:10] === TCP CLIENT MIGRATION ===
[21:31:10] Run ID: 15-05-2026-host-cold-0025
[21:31:10] Source: edge-node-1, Dest: edge-node-2
[21:31:10] Server: edge-host-1
[21:31:10] Transfer mode: host
[21:31:10] Relay node: edge-host-1

[21:31:10] === TCP CLIENT COLD MIGRATION ===
[21:31:10] Step 1: Checking source client process...
[21:31:10]   Using PID from /home/ubuntu/tcp_client.pid: 12960
[21:31:11]   Server connections so far: 1
[21:31:12] Step 2: Dumping client with CRIU (--tcp-established)...
[21:31:12] Step 2.5: Moving VIP to destination...
[21:31:13]   Moving VIP 10.138.215.250 from edge-node-1:ens3 -> edge-node-2:ens3
[21:31:18] Step 3: Creating archive...
[21:31:19] Step 4: Transferring archive...
  Transferring /home/ubuntu/CRIU-tcp-client.tar.gz via relay node edge-host-1...
Setting up SSH trust: edge-node-1 → ubuntu@10.138.215.36
  Adding public key to destination's authorized_keys...
  Testing SSH connectivity...
  ✓ SSH trust ready
Setting up SSH trust: edge-host-1 → ubuntu@10.138.215.137
  Adding public key to destination's authorized_keys...
  Testing SSH connectivity...
  ✓ SSH trust ready
[21:32:52] Step 5: Unpacking on destination...
[21:32:52] Step 6: Preparing restore environment...
[21:32:53] Step 7: Restoring client with CRIU (--tcp-established)...
[21:32:53]   Restored PID: 12960
[21:32:53] Step 8: Verifying connection continuity...
[21:32:57]   Client output (tail): PP 4 -> 4
[21:32:57]   Server connections so far: 1
[21:32:57] ✓ SUCCESS: Client restored and TCP socket appears established
[21:32:57] Total downtime: 93739 ms
[21:32:57] Metrics saved to /home/ivo/Evaluation-of-Live-Migration-Strategies-at-the-Edge/Network-live-migration/metrics/migration_metrics.csv
[exit=0]

$ python3 /home/ivo/Evaluation-of-Live-Migration-Strategies-at-the-Edge/Network-live-migration/scripts/setup/reset_nodes.py edge-node-1 edge-node-2 edge-host-1 10.138.215.250
[21:32:58] Resetting nodes: edge-node-1 -> edge-node-2 (server: edge-host-1, vip: 10.138.215.250)
[21:32:58] Step 1: Killing any existing processes on source...
[21:32:58]   Killing PID 12960 (from /home/ubuntu/tcp_client.pid)
[21:32:59]   Killing PID 12960 (from /home/ubuntu/client.pid)
[21:32:59]   Killing any remaining background processes...
[21:33:01] Step 2: Cleaning source node...
[21:33:03] Step 3: Cleaning destination node...
[21:33:03]   Killing PID 12960 on destination (from /home/ubuntu/tcp_client.pid)
[21:33:04]   Killing PID 12960 on destination (from /home/ubuntu/client.pid)
[21:33:04]   Killing all remaining TCP processes on destination...
[21:33:07] Step 4: Cleaning server node (edge-host-1)...
[21:33:08]   Killing PID 3515474 on server (from /home/ubuntu/tcp_server.pid)
[21:33:10] ✓ Reset complete, nodes are clean
[21:33:10]   Next: Start your application
[exit=0]

$ bash /home/ivo/Evaluation-of-Live-Migration-Strategies-at-the-Edge/Network-live-migration/scripts/workloads/start_tcp_server.sh edge-host-1 5000
[tcp-server] Ensuring tcp-howto binary on edge-host-1...
[tcp-server] Reusing existing /tmp/tcp-howto on edge-host-1
[tcp-server] Starting on edge-host-1 (port 5000)...
[tcp-server] Waiting for listen...
✓ TCP server listening on edge-host-1:5000
[tcp-server] Logs: multipass exec edge-host-1 -- tail -f /home/ubuntu/tcp_server.out
[exit=0]

$ bash /home/ivo/Evaluation-of-Live-Migration-Strategies-at-the-Edge/Network-live-migration/scripts/workloads/start_tcp_client.sh edge-node-1 edge-host-1 5000
[tcp-client] Server endpoint: 10.138.215.36:5000
[tcp-client] Client VIP: 10.138.215.250
[tcp-client] Ensuring tcp-howto binary on edge-node-1...
[tcp-client] Reusing existing /tmp/tcp-howto on edge-node-1
[tcp-client] Ensuring VIP 10.138.215.250 is present on edge-node-1...
ARPING 10.138.215.250 from 10.138.215.250 ens3
Sent 3 probes (3 broadcast(s))
Received 0 response(s)
[tcp-client] Starting on edge-node-1...
[tcp-client] Waiting for established TCP connection...
✓ TCP client connected (PID: 14925)
[tcp-client] Logs: multipass exec edge-node-1 -- tail -f /home/ubuntu/tcp_client.out
[exit=0]

$ python3 /home/ivo/Evaluation-of-Live-Migration-Strategies-at-the-Edge/Network-live-migration/scripts/orchestrators/tcp_client_benchmark.py cold --source edge-node-1 --dest edge-node-2 --server edge-host-1 --transfer-mode host --run-id 15-05-2026-host-cold-0026 --csv /home/ivo/Evaluation-of-Live-Migration-Strategies-at-the-Edge/Network-live-migration/metrics/migration_metrics.csv --profile-name 6_TEE_Avg --relay-node edge-host-1
[21:33:18] === TCP CLIENT MIGRATION ===
[21:33:18] Run ID: 15-05-2026-host-cold-0026
[21:33:18] Source: edge-node-1, Dest: edge-node-2
[21:33:18] Server: edge-host-1
[21:33:18] Transfer mode: host
[21:33:18] Relay node: edge-host-1

[21:33:18] === TCP CLIENT COLD MIGRATION ===
[21:33:18] Step 1: Checking source client process...
[21:33:19]   Using PID from /home/ubuntu/tcp_client.pid: 14925
[21:33:20]   Server connections so far: 1
[21:33:20] Step 2: Dumping client with CRIU (--tcp-established)...
[21:33:20] Step 2.5: Moving VIP to destination...
[21:33:21]   Moving VIP 10.138.215.250 from edge-node-1:ens3 -> edge-node-2:ens3
[21:33:26] Step 3: Creating archive...
[21:33:27] Step 4: Transferring archive...
  Transferring /home/ubuntu/CRIU-tcp-client.tar.gz via relay node edge-host-1...
Setting up SSH trust: edge-node-1 → ubuntu@10.138.215.36
  Adding public key to destination's authorized_keys...
  Testing SSH connectivity...
  ✓ SSH trust ready
Setting up SSH trust: edge-host-1 → ubuntu@10.138.215.137
  Adding public key to destination's authorized_keys...
  Testing SSH connectivity...
  ✓ SSH trust ready
[21:34:47] Step 5: Unpacking on destination...
[21:34:47] Step 6: Preparing restore environment...
[21:34:48] Step 7: Restoring client with CRIU (--tcp-established)...
[21:34:49]   Restored PID: 14925
[21:34:49] Step 8: Verifying connection continuity...
[21:34:52]   Client output (tail): PP 4 -> 4
[21:34:52]   Server connections so far: 1
[21:34:52] ✓ SUCCESS: Client restored and TCP socket appears established
[21:34:52] Total downtime: 80978 ms
[21:34:52] Metrics saved to /home/ivo/Evaluation-of-Live-Migration-Strategies-at-the-Edge/Network-live-migration/metrics/migration_metrics.csv
[exit=0]

$ python3 /home/ivo/Evaluation-of-Live-Migration-Strategies-at-the-Edge/Network-live-migration/scripts/setup/reset_nodes.py edge-node-1 edge-node-2 edge-host-1 10.138.215.250
[21:34:53] Resetting nodes: edge-node-1 -> edge-node-2 (server: edge-host-1, vip: 10.138.215.250)
[21:34:53] Step 1: Killing any existing processes on source...
[21:34:53]   Killing PID 14925 (from /home/ubuntu/tcp_client.pid)
[21:34:54]   Killing PID 14925 (from /home/ubuntu/client.pid)
[21:34:54]   Killing any remaining background processes...
[21:34:56] Step 2: Cleaning source node...
[21:34:58] Step 3: Cleaning destination node...
[21:34:58]   Killing PID 14925 on destination (from /home/ubuntu/tcp_client.pid)
[21:34:59]   Killing PID 14925 on destination (from /home/ubuntu/client.pid)
[21:34:59]   Killing all remaining TCP processes on destination...
[21:35:02] Step 4: Cleaning server node (edge-host-1)...
[21:35:03]   Killing PID 3517118 on server (from /home/ubuntu/tcp_server.pid)
[21:35:05] ✓ Reset complete, nodes are clean
[21:35:05]   Next: Start your application
[exit=0]

$ bash /home/ivo/Evaluation-of-Live-Migration-Strategies-at-the-Edge/Network-live-migration/scripts/workloads/start_tcp_server.sh edge-host-1 5000
[tcp-server] Ensuring tcp-howto binary on edge-host-1...
[tcp-server] Reusing existing /tmp/tcp-howto on edge-host-1
[tcp-server] Starting on edge-host-1 (port 5000)...
[tcp-server] Waiting for listen...
✓ TCP server listening on edge-host-1:5000
[tcp-server] Logs: multipass exec edge-host-1 -- tail -f /home/ubuntu/tcp_server.out
[exit=0]

$ bash /home/ivo/Evaluation-of-Live-Migration-Strategies-at-the-Edge/Network-live-migration/scripts/workloads/start_tcp_client.sh edge-node-1 edge-host-1 5000
[tcp-client] Server endpoint: 10.138.215.36:5000
[tcp-client] Client VIP: 10.138.215.250
[tcp-client] Ensuring tcp-howto binary on edge-node-1...
[tcp-client] Reusing existing /tmp/tcp-howto on edge-node-1
[tcp-client] Ensuring VIP 10.138.215.250 is present on edge-node-1...
ARPING 10.138.215.250 from 10.138.215.250 ens3
Sent 3 probes (3 broadcast(s))
Received 0 response(s)
[tcp-client] Starting on edge-node-1...
[tcp-client] Waiting for established TCP connection...
✓ TCP client connected (PID: 17152)
[tcp-client] Logs: multipass exec edge-node-1 -- tail -f /home/ubuntu/tcp_client.out
[exit=0]

$ python3 /home/ivo/Evaluation-of-Live-Migration-Strategies-at-the-Edge/Network-live-migration/scripts/orchestrators/tcp_client_benchmark.py cold --source edge-node-1 --dest edge-node-2 --server edge-host-1 --transfer-mode host --run-id 15-05-2026-host-cold-0027 --csv /home/ivo/Evaluation-of-Live-Migration-Strategies-at-the-Edge/Network-live-migration/metrics/migration_metrics.csv --profile-name 6_TEE_Avg --relay-node edge-host-1
[21:35:14] === TCP CLIENT MIGRATION ===
[21:35:14] Run ID: 15-05-2026-host-cold-0027
[21:35:14] Source: edge-node-1, Dest: edge-node-2
[21:35:14] Server: edge-host-1
[21:35:14] Transfer mode: host
[21:35:14] Relay node: edge-host-1

[21:35:14] === TCP CLIENT COLD MIGRATION ===
[21:35:14] Step 1: Checking source client process...
[21:35:14]   Using PID from /home/ubuntu/tcp_client.pid: 17152
[21:35:15]   Server connections so far: 1
[21:35:16] Step 2: Dumping client with CRIU (--tcp-established)...
[21:35:16] Step 2.5: Moving VIP to destination...
[21:35:17]   Moving VIP 10.138.215.250 from edge-node-1:ens3 -> edge-node-2:ens3
[21:35:22] Step 3: Creating archive...
[21:35:22] Step 4: Transferring archive...
  Transferring /home/ubuntu/CRIU-tcp-client.tar.gz via relay node edge-host-1...
Setting up SSH trust: edge-node-1 → ubuntu@10.138.215.36
  Adding public key to destination's authorized_keys...
  Testing SSH connectivity...
  ✓ SSH trust ready
Setting up SSH trust: edge-host-1 → ubuntu@10.138.215.137
  Adding public key to destination's authorized_keys...
  Testing SSH connectivity...
  ✓ SSH trust ready
[21:37:10] Step 5: Unpacking on destination...
[21:37:11] Step 6: Preparing restore environment...
[21:37:11] Step 7: Restoring client with CRIU (--tcp-established)...
[21:37:12]   Restored PID: 17152
[21:37:12] Step 8: Verifying connection continuity...
[21:37:15]   Client output (tail): read: Connection reset by peer
[21:37:16]   Server connections so far: 1
[21:37:16] ✗ FAILED: Destination does not show an established TCP socket to the server
[21:37:16] Total downtime: 108375 ms
[21:37:16] Metrics saved to /home/ivo/Evaluation-of-Live-Migration-Strategies-at-the-Edge/Network-live-migration/metrics/migration_metrics.csv
[exit=1]

$ python3 /home/ivo/Evaluation-of-Live-Migration-Strategies-at-the-Edge/Network-live-migration/scripts/setup/reset_nodes.py edge-node-1 edge-node-2 edge-host-1 10.138.215.250
[21:37:16] Resetting nodes: edge-node-1 -> edge-node-2 (server: edge-host-1, vip: 10.138.215.250)
[21:37:16] Step 1: Killing any existing processes on source...
[21:37:16]   Killing PID 17152 (from /home/ubuntu/tcp_client.pid)
[21:37:17]   Killing PID 17152 (from /home/ubuntu/client.pid)
[21:37:18]   Killing any remaining background processes...
[21:37:19] Step 2: Cleaning source node...
[21:37:21] Step 3: Cleaning destination node...
[21:37:21]   Killing PID 17152 on destination (from /home/ubuntu/tcp_client.pid)
[21:37:22]   Killing PID 17152 on destination (from /home/ubuntu/client.pid)
[21:37:22]   Killing all remaining TCP processes on destination...
[21:37:25] Step 4: Cleaning server node (edge-host-1)...
[21:37:26]   Killing PID 3518737 on server (from /home/ubuntu/tcp_server.pid)
[21:37:28] ✓ Reset complete, nodes are clean
[21:37:28]   Next: Start your application
[exit=0]

$ bash /home/ivo/Evaluation-of-Live-Migration-Strategies-at-the-Edge/Network-live-migration/scripts/workloads/start_tcp_server.sh edge-host-1 5000
[tcp-server] Ensuring tcp-howto binary on edge-host-1...
[tcp-server] Reusing existing /tmp/tcp-howto on edge-host-1
[tcp-server] Starting on edge-host-1 (port 5000)...
[tcp-server] Waiting for listen...
✓ TCP server listening on edge-host-1:5000
[tcp-server] Logs: multipass exec edge-host-1 -- tail -f /home/ubuntu/tcp_server.out
[exit=0]

$ bash /home/ivo/Evaluation-of-Live-Migration-Strategies-at-the-Edge/Network-live-migration/scripts/workloads/start_tcp_client.sh edge-node-1 edge-host-1 5000
[tcp-client] Server endpoint: 10.138.215.36:5000
[tcp-client] Client VIP: 10.138.215.250
[tcp-client] Ensuring tcp-howto binary on edge-node-1...
[tcp-client] Reusing existing /tmp/tcp-howto on edge-node-1
[tcp-client] Ensuring VIP 10.138.215.250 is present on edge-node-1...
ARPING 10.138.215.250 from 10.138.215.250 ens3
Sent 3 probes (3 broadcast(s))
Received 0 response(s)
[tcp-client] Starting on edge-node-1...
[tcp-client] Waiting for established TCP connection...
✓ TCP client connected (PID: 19093)
[tcp-client] Logs: multipass exec edge-node-1 -- tail -f /home/ubuntu/tcp_client.out
[exit=0]

$ python3 /home/ivo/Evaluation-of-Live-Migration-Strategies-at-the-Edge/Network-live-migration/scripts/orchestrators/tcp_client_benchmark.py cold --source edge-node-1 --dest edge-node-2 --server edge-host-1 --transfer-mode host --run-id 15-05-2026-host-cold-0028 --csv /home/ivo/Evaluation-of-Live-Migration-Strategies-at-the-Edge/Network-live-migration/metrics/migration_metrics.csv --profile-name 6_TEE_Avg --relay-node edge-host-1
[21:37:37] === TCP CLIENT MIGRATION ===
[21:37:37] Run ID: 15-05-2026-host-cold-0028
[21:37:37] Source: edge-node-1, Dest: edge-node-2
[21:37:37] Server: edge-host-1
[21:37:37] Transfer mode: host
[21:37:37] Relay node: edge-host-1

[21:37:37] === TCP CLIENT COLD MIGRATION ===
[21:37:37] Step 1: Checking source client process...
[21:37:37]   Using PID from /home/ubuntu/tcp_client.pid: 19093
[21:37:38]   Server connections so far: 1
[21:37:39] Step 2: Dumping client with CRIU (--tcp-established)...
[21:37:39] Step 2.5: Moving VIP to destination...
[21:37:40]   Moving VIP 10.138.215.250 from edge-node-1:ens3 -> edge-node-2:ens3
[21:37:45] Step 3: Creating archive...
[21:37:45] Step 4: Transferring archive...
  Transferring /home/ubuntu/CRIU-tcp-client.tar.gz via relay node edge-host-1...
Setting up SSH trust: edge-node-1 → ubuntu@10.138.215.36
  Adding public key to destination's authorized_keys...
  Testing SSH connectivity...
  ✓ SSH trust ready
Setting up SSH trust: edge-host-1 → ubuntu@10.138.215.137
  Adding public key to destination's authorized_keys...
  Testing SSH connectivity...
  ✓ SSH trust ready
[21:39:11] Step 5: Unpacking on destination...
[21:39:12] Step 6: Preparing restore environment...
[21:39:13] Step 7: Restoring client with CRIU (--tcp-established)...
[21:39:13]   Restored PID: 19093
[21:39:13] Step 8: Verifying connection continuity...
[21:39:17]   Client output (tail): PP 4 -> 4
[21:39:17]   Server connections so far: 1
[21:39:17] ✓ SUCCESS: Client restored and TCP socket appears established
[21:39:17] Total downtime: 86769 ms
[21:39:17] Metrics saved to /home/ivo/Evaluation-of-Live-Migration-Strategies-at-the-Edge/Network-live-migration/metrics/migration_metrics.csv
[exit=0]

$ python3 /home/ivo/Evaluation-of-Live-Migration-Strategies-at-the-Edge/Network-live-migration/scripts/setup/reset_nodes.py edge-node-1 edge-node-2 edge-host-1 10.138.215.250
[21:39:18] Resetting nodes: edge-node-1 -> edge-node-2 (server: edge-host-1, vip: 10.138.215.250)
[21:39:18] Step 1: Killing any existing processes on source...
[21:39:18]   Killing PID 19093 (from /home/ubuntu/tcp_client.pid)
[21:39:19]   Killing PID 19093 (from /home/ubuntu/client.pid)
[21:39:20]   Killing any remaining background processes...
[21:39:21] Step 2: Cleaning source node...
[21:39:23] Step 3: Cleaning destination node...
[21:39:23]   Killing PID 19093 on destination (from /home/ubuntu/tcp_client.pid)
[21:39:24]   Killing PID 19093 on destination (from /home/ubuntu/client.pid)
[21:39:24]   Killing all remaining TCP processes on destination...
[21:39:27] Step 4: Cleaning server node (edge-host-1)...
[21:39:28]   Killing PID 3520344 on server (from /home/ubuntu/tcp_server.pid)
[21:39:30] ✓ Reset complete, nodes are clean
[21:39:30]   Next: Start your application
[exit=0]

$ bash /home/ivo/Evaluation-of-Live-Migration-Strategies-at-the-Edge/Network-live-migration/scripts/workloads/start_tcp_server.sh edge-host-1 5000
[tcp-server] Ensuring tcp-howto binary on edge-host-1...
[tcp-server] Reusing existing /tmp/tcp-howto on edge-host-1
[tcp-server] Starting on edge-host-1 (port 5000)...
[tcp-server] Waiting for listen...
✓ TCP server listening on edge-host-1:5000
[tcp-server] Logs: multipass exec edge-host-1 -- tail -f /home/ubuntu/tcp_server.out
[exit=0]

$ bash /home/ivo/Evaluation-of-Live-Migration-Strategies-at-the-Edge/Network-live-migration/scripts/workloads/start_tcp_client.sh edge-node-1 edge-host-1 5000
[tcp-client] Server endpoint: 10.138.215.36:5000
[tcp-client] Client VIP: 10.138.215.250
[tcp-client] Ensuring tcp-howto binary on edge-node-1...
[tcp-client] Reusing existing /tmp/tcp-howto on edge-node-1
[tcp-client] Ensuring VIP 10.138.215.250 is present on edge-node-1...
ARPING 10.138.215.250 from 10.138.215.250 ens3
Sent 3 probes (3 broadcast(s))
Received 0 response(s)
[tcp-client] Starting on edge-node-1...
[tcp-client] Waiting for established TCP connection...
✓ TCP client connected (PID: 21068)
[tcp-client] Logs: multipass exec edge-node-1 -- tail -f /home/ubuntu/tcp_client.out
[exit=0]

$ python3 /home/ivo/Evaluation-of-Live-Migration-Strategies-at-the-Edge/Network-live-migration/scripts/orchestrators/tcp_client_benchmark.py cold --source edge-node-1 --dest edge-node-2 --server edge-host-1 --transfer-mode host --run-id 15-05-2026-host-cold-0029 --csv /home/ivo/Evaluation-of-Live-Migration-Strategies-at-the-Edge/Network-live-migration/metrics/migration_metrics.csv --profile-name 6_TEE_Avg --relay-node edge-host-1
[21:39:39] === TCP CLIENT MIGRATION ===
[21:39:39] Run ID: 15-05-2026-host-cold-0029
[21:39:39] Source: edge-node-1, Dest: edge-node-2
[21:39:39] Server: edge-host-1
[21:39:39] Transfer mode: host
[21:39:39] Relay node: edge-host-1

[21:39:39] === TCP CLIENT COLD MIGRATION ===
[21:39:39] Step 1: Checking source client process...
[21:39:39]   Using PID from /home/ubuntu/tcp_client.pid: 21068
[21:39:40]   Server connections so far: 1
[21:39:41] Step 2: Dumping client with CRIU (--tcp-established)...
[21:39:41] Step 2.5: Moving VIP to destination...
[21:39:42]   Moving VIP 10.138.215.250 from edge-node-1:ens3 -> edge-node-2:ens3
[21:39:47] Step 3: Creating archive...
[21:39:47] Step 4: Transferring archive...
  Transferring /home/ubuntu/CRIU-tcp-client.tar.gz via relay node edge-host-1...
Setting up SSH trust: edge-node-1 → ubuntu@10.138.215.36
  Adding public key to destination's authorized_keys...
  Testing SSH connectivity...
  ✓ SSH trust ready
Setting up SSH trust: edge-host-1 → ubuntu@10.138.215.137
  Adding public key to destination's authorized_keys...
  Testing SSH connectivity...
  ✓ SSH trust ready
[21:41:27] Step 5: Unpacking on destination...
[21:41:27] Step 6: Preparing restore environment...
[21:41:28] Step 7: Restoring client with CRIU (--tcp-established)...
[21:41:29]   Restored PID: 21068
[21:41:29] Step 8: Verifying connection continuity...
[21:41:32]   Client output (tail): PP 3 -> 3
[21:41:32]   Server connections so far: 1
[21:41:32] ✓ SUCCESS: Client restored and TCP socket appears established
[21:41:32] Total downtime: 100000 ms
[21:41:32] Metrics saved to /home/ivo/Evaluation-of-Live-Migration-Strategies-at-the-Edge/Network-live-migration/metrics/migration_metrics.csv
[exit=0]

$ python3 /home/ivo/Evaluation-of-Live-Migration-Strategies-at-the-Edge/Network-live-migration/scripts/setup/reset_nodes.py edge-node-1 edge-node-2 edge-host-1 10.138.215.250
[21:41:33] Resetting nodes: edge-node-1 -> edge-node-2 (server: edge-host-1, vip: 10.138.215.250)
[21:41:33] Step 1: Killing any existing processes on source...
[21:41:34]   Killing PID 21068 (from /home/ubuntu/tcp_client.pid)
[21:41:34]   Killing PID 21068 (from /home/ubuntu/client.pid)
[21:41:35]   Killing any remaining background processes...
[21:41:36] Step 2: Cleaning source node...
[21:41:38] Step 3: Cleaning destination node...
[21:41:38]   Killing PID 21068 on destination (from /home/ubuntu/tcp_client.pid)
[21:41:39]   Killing PID 21068 on destination (from /home/ubuntu/client.pid)
[21:41:39]   Killing all remaining TCP processes on destination...
[21:41:43] Step 4: Cleaning server node (edge-host-1)...
[21:41:43]   Killing PID 3521982 on server (from /home/ubuntu/tcp_server.pid)
[21:41:46] ✓ Reset complete, nodes are clean
[21:41:46]   Next: Start your application
[exit=0]

$ bash /home/ivo/Evaluation-of-Live-Migration-Strategies-at-the-Edge/Network-live-migration/scripts/workloads/start_tcp_server.sh edge-host-1 5000
[tcp-server] Ensuring tcp-howto binary on edge-host-1...
[tcp-server] Reusing existing /tmp/tcp-howto on edge-host-1
[tcp-server] Starting on edge-host-1 (port 5000)...
[tcp-server] Waiting for listen...
✓ TCP server listening on edge-host-1:5000
[tcp-server] Logs: multipass exec edge-host-1 -- tail -f /home/ubuntu/tcp_server.out
[exit=0]

$ bash /home/ivo/Evaluation-of-Live-Migration-Strategies-at-the-Edge/Network-live-migration/scripts/workloads/start_tcp_client.sh edge-node-1 edge-host-1 5000
[tcp-client] Server endpoint: 10.138.215.36:5000
[tcp-client] Client VIP: 10.138.215.250
[tcp-client] Ensuring tcp-howto binary on edge-node-1...
[tcp-client] Reusing existing /tmp/tcp-howto on edge-node-1
[tcp-client] Ensuring VIP 10.138.215.250 is present on edge-node-1...
ARPING 10.138.215.250 from 10.138.215.250 ens3
Sent 3 probes (3 broadcast(s))
Received 0 response(s)
[tcp-client] Starting on edge-node-1...
[tcp-client] Waiting for established TCP connection...
✓ TCP client connected (PID: 23099)
[tcp-client] Logs: multipass exec edge-node-1 -- tail -f /home/ubuntu/tcp_client.out
[exit=0]

$ python3 /home/ivo/Evaluation-of-Live-Migration-Strategies-at-the-Edge/Network-live-migration/scripts/orchestrators/tcp_client_benchmark.py cold --source edge-node-1 --dest edge-node-2 --server edge-host-1 --transfer-mode direct --run-id 15-05-2026-direct-cold-0020 --csv /home/ivo/Evaluation-of-Live-Migration-Strategies-at-the-Edge/Network-live-migration/metrics/migration_metrics.csv --profile-name 6_TEE_Avg
[21:41:54] === TCP CLIENT MIGRATION ===
[21:41:54] Run ID: 15-05-2026-direct-cold-0020
[21:41:54] Source: edge-node-1, Dest: edge-node-2
[21:41:54] Server: edge-host-1
[21:41:54] Transfer mode: direct

[21:41:54] === TCP CLIENT COLD MIGRATION ===
[21:41:54] Step 1: Checking source client process...
[21:41:55]   Using PID from /home/ubuntu/tcp_client.pid: 23099
[21:41:55]   Server connections so far: 1
[21:41:56] Step 2: Dumping client with CRIU (--tcp-established)...
[21:41:56] Step 2.5: Moving VIP to destination...
[21:41:57]   Moving VIP 10.138.215.250 from edge-node-1:ens3 -> edge-node-2:ens3
[21:42:02] Step 3: Creating archive...
[21:42:03] Step 4: Transferring archive...
[21:42:03]   Setting up direct SSH trust...
Setting up SSH trust: edge-node-1 → ubuntu@10.138.215.137
  Adding public key to destination's authorized_keys...
  Testing SSH connectivity...
  ✓ SSH trust ready
Setting up SSH trust: edge-node-1 → ubuntu@10.138.215.137
  Adding public key to destination's authorized_keys...
  Testing SSH connectivity...
  ✓ SSH trust ready
  Transferring /home/ubuntu/CRIU-tcp-client.tar.gz via SCP...
[21:43:07] Step 5: Unpacking on destination...
[21:43:08] Step 6: Preparing restore environment...
[21:43:08] Step 7: Restoring client with CRIU (--tcp-established)...
[21:43:09]   Restored PID: 23099
[21:43:09] Step 8: Verifying connection continuity...
[21:43:12]   Client output (tail): PP 4 -> 4
[21:43:13]   Server connections so far: 1
[21:43:13] ✓ SUCCESS: Client restored and TCP socket appears established
[21:43:13] Total downtime: 47955 ms
[21:43:13] Metrics saved to /home/ivo/Evaluation-of-Live-Migration-Strategies-at-the-Edge/Network-live-migration/metrics/migration_metrics.csv
[exit=0]

$ python3 /home/ivo/Evaluation-of-Live-Migration-Strategies-at-the-Edge/Network-live-migration/scripts/setup/reset_nodes.py edge-node-1 edge-node-2 edge-host-1 10.138.215.250
[21:43:13] Resetting nodes: edge-node-1 -> edge-node-2 (server: edge-host-1, vip: 10.138.215.250)
[21:43:13] Step 1: Killing any existing processes on source...
[21:43:14]   Killing PID 23099 (from /home/ubuntu/tcp_client.pid)
[21:43:15]   Killing PID 23099 (from /home/ubuntu/client.pid)
[21:43:15]   Killing any remaining background processes...
[21:43:16] Step 2: Cleaning source node...
[21:43:18] Step 3: Cleaning destination node...
[21:43:18]   Killing PID 23099 on destination (from /home/ubuntu/tcp_client.pid)
[21:43:19]   Killing PID 23099 on destination (from /home/ubuntu/client.pid)
[21:43:20]   Killing all remaining TCP processes on destination...
[21:43:23] Step 4: Cleaning server node (edge-host-1)...
[21:43:23]   Killing PID 3523628 on server (from /home/ubuntu/tcp_server.pid)
[21:43:26] ✓ Reset complete, nodes are clean
[21:43:26]   Next: Start your application
[exit=0]

$ bash /home/ivo/Evaluation-of-Live-Migration-Strategies-at-the-Edge/Network-live-migration/scripts/workloads/start_tcp_server.sh edge-host-1 5000
[tcp-server] Ensuring tcp-howto binary on edge-host-1...
[tcp-server] Reusing existing /tmp/tcp-howto on edge-host-1
[tcp-server] Starting on edge-host-1 (port 5000)...
[tcp-server] Waiting for listen...
✓ TCP server listening on edge-host-1:5000
[tcp-server] Logs: multipass exec edge-host-1 -- tail -f /home/ubuntu/tcp_server.out
[exit=0]

$ bash /home/ivo/Evaluation-of-Live-Migration-Strategies-at-the-Edge/Network-live-migration/scripts/workloads/start_tcp_client.sh edge-node-1 edge-host-1 5000
[tcp-client] Server endpoint: 10.138.215.36:5000
[tcp-client] Client VIP: 10.138.215.250
[tcp-client] Ensuring tcp-howto binary on edge-node-1...
[tcp-client] Reusing existing /tmp/tcp-howto on edge-node-1
[tcp-client] Ensuring VIP 10.138.215.250 is present on edge-node-1...
ARPING 10.138.215.250 from 10.138.215.250 ens3
Sent 3 probes (3 broadcast(s))
Received 0 response(s)
[tcp-client] Starting on edge-node-1...
[tcp-client] Waiting for established TCP connection...
✓ TCP client connected (PID: 25144)
[tcp-client] Logs: multipass exec edge-node-1 -- tail -f /home/ubuntu/tcp_client.out
[exit=0]

$ python3 /home/ivo/Evaluation-of-Live-Migration-Strategies-at-the-Edge/Network-live-migration/scripts/orchestrators/tcp_client_benchmark.py cold --source edge-node-1 --dest edge-node-2 --server edge-host-1 --transfer-mode direct --run-id 15-05-2026-direct-cold-0021 --csv /home/ivo/Evaluation-of-Live-Migration-Strategies-at-the-Edge/Network-live-migration/metrics/migration_metrics.csv --profile-name 6_TEE_Avg
[21:43:34] === TCP CLIENT MIGRATION ===
[21:43:34] Run ID: 15-05-2026-direct-cold-0021
[21:43:34] Source: edge-node-1, Dest: edge-node-2
[21:43:34] Server: edge-host-1
[21:43:34] Transfer mode: direct

[21:43:34] === TCP CLIENT COLD MIGRATION ===
[21:43:34] Step 1: Checking source client process...
[21:43:34]   Using PID from /home/ubuntu/tcp_client.pid: 25144
[21:43:35]   Server connections so far: 1
[21:43:36] Step 2: Dumping client with CRIU (--tcp-established)...
[21:43:36] Step 2.5: Moving VIP to destination...
[21:43:37]   Moving VIP 10.138.215.250 from edge-node-1:ens3 -> edge-node-2:ens3
[21:43:42] Step 3: Creating archive...
[21:43:43] Step 4: Transferring archive...
[21:43:43]   Setting up direct SSH trust...
Setting up SSH trust: edge-node-1 → ubuntu@10.138.215.137
  Adding public key to destination's authorized_keys...
  Testing SSH connectivity...
  ✓ SSH trust ready
Setting up SSH trust: edge-node-1 → ubuntu@10.138.215.137
  Adding public key to destination's authorized_keys...
  Testing SSH connectivity...
  ✓ SSH trust ready
  Transferring /home/ubuntu/CRIU-tcp-client.tar.gz via SCP...
[21:44:45] Step 5: Unpacking on destination...
[21:44:45] Step 6: Preparing restore environment...
[21:44:46] Step 7: Restoring client with CRIU (--tcp-established)...
[21:44:47]   Restored PID: 25144
[21:44:47] Step 8: Verifying connection continuity...
[21:44:50]   Client output (tail): PP 4 -> 4
[21:44:51]   Server connections so far: 1
[21:44:51] ✓ SUCCESS: Client restored and TCP socket appears established
[21:44:51] Total downtime: 48056 ms
[21:44:51] Metrics saved to /home/ivo/Evaluation-of-Live-Migration-Strategies-at-the-Edge/Network-live-migration/metrics/migration_metrics.csv
[exit=0]

$ python3 /home/ivo/Evaluation-of-Live-Migration-Strategies-at-the-Edge/Network-live-migration/scripts/setup/reset_nodes.py edge-node-1 edge-node-2 edge-host-1 10.138.215.250
[21:44:52] Resetting nodes: edge-node-1 -> edge-node-2 (server: edge-host-1, vip: 10.138.215.250)
[21:44:52] Step 1: Killing any existing processes on source...
[21:44:52]   Killing PID 25144 (from /home/ubuntu/tcp_client.pid)
[21:44:53]   Killing PID 25144 (from /home/ubuntu/client.pid)
[21:44:53]   Killing any remaining background processes...
[21:44:54] Step 2: Cleaning source node...
[21:44:56] Step 3: Cleaning destination node...
[21:44:56]   Killing PID 25144 on destination (from /home/ubuntu/tcp_client.pid)
[21:44:57]   Killing PID 25144 on destination (from /home/ubuntu/client.pid)
[21:44:58]   Killing all remaining TCP processes on destination...
[21:45:01] Step 4: Cleaning server node (edge-host-1)...
[21:45:01]   Killing PID 3524716 on server (from /home/ubuntu/tcp_server.pid)
[21:45:03] ✓ Reset complete, nodes are clean
[21:45:03]   Next: Start your application
[exit=0]

$ bash /home/ivo/Evaluation-of-Live-Migration-Strategies-at-the-Edge/Network-live-migration/scripts/workloads/start_tcp_server.sh edge-host-1 5000
[tcp-server] Ensuring tcp-howto binary on edge-host-1...
[tcp-server] Reusing existing /tmp/tcp-howto on edge-host-1
[tcp-server] Starting on edge-host-1 (port 5000)...
[tcp-server] Waiting for listen...
✓ TCP server listening on edge-host-1:5000
[tcp-server] Logs: multipass exec edge-host-1 -- tail -f /home/ubuntu/tcp_server.out
[exit=0]

$ bash /home/ivo/Evaluation-of-Live-Migration-Strategies-at-the-Edge/Network-live-migration/scripts/workloads/start_tcp_client.sh edge-node-1 edge-host-1 5000
[tcp-client] Server endpoint: 10.138.215.36:5000
[tcp-client] Client VIP: 10.138.215.250
[tcp-client] Ensuring tcp-howto binary on edge-node-1...
[tcp-client] Reusing existing /tmp/tcp-howto on edge-node-1
[tcp-client] Ensuring VIP 10.138.215.250 is present on edge-node-1...
ARPING 10.138.215.250 from 10.138.215.250 ens3
Sent 3 probes (3 broadcast(s))
Received 0 response(s)
[tcp-client] Starting on edge-node-1...
[tcp-client] Waiting for established TCP connection...
✓ TCP client connected (PID: 27212)
[tcp-client] Logs: multipass exec edge-node-1 -- tail -f /home/ubuntu/tcp_client.out
[exit=0]

$ python3 /home/ivo/Evaluation-of-Live-Migration-Strategies-at-the-Edge/Network-live-migration/scripts/orchestrators/tcp_client_benchmark.py cold --source edge-node-1 --dest edge-node-2 --server edge-host-1 --transfer-mode direct --run-id 15-05-2026-direct-cold-0022 --csv /home/ivo/Evaluation-of-Live-Migration-Strategies-at-the-Edge/Network-live-migration/metrics/migration_metrics.csv --profile-name 6_TEE_Avg
[21:45:12] === TCP CLIENT MIGRATION ===
[21:45:12] Run ID: 15-05-2026-direct-cold-0022
[21:45:12] Source: edge-node-1, Dest: edge-node-2
[21:45:12] Server: edge-host-1
[21:45:12] Transfer mode: direct

[21:45:12] === TCP CLIENT COLD MIGRATION ===
[21:45:12] Step 1: Checking source client process...
[21:45:12]   Using PID from /home/ubuntu/tcp_client.pid: 27212
[21:45:13]   Server connections so far: 1
[21:45:14] Step 2: Dumping client with CRIU (--tcp-established)...
[21:45:14] Step 2.5: Moving VIP to destination...
[21:45:15]   Moving VIP 10.138.215.250 from edge-node-1:ens3 -> edge-node-2:ens3
[21:45:20] Step 3: Creating archive...
[21:45:20] Step 4: Transferring archive...
[21:45:20]   Setting up direct SSH trust...
Setting up SSH trust: edge-node-1 → ubuntu@10.138.215.137
  Adding public key to destination's authorized_keys...
  Testing SSH connectivity...
  ✓ SSH trust ready
Setting up SSH trust: edge-node-1 → ubuntu@10.138.215.137
  Adding public key to destination's authorized_keys...
  Testing SSH connectivity...
  ✓ SSH trust ready
  Transferring /home/ubuntu/CRIU-tcp-client.tar.gz via SCP...
[21:46:20] Step 5: Unpacking on destination...
[21:46:20] Step 6: Preparing restore environment...
[21:46:21] Step 7: Restoring client with CRIU (--tcp-established)...
[21:46:21]   Restored PID: 27212
[21:46:21] Step 8: Verifying connection continuity...
[21:46:25]   Client output (tail): PP 4 -> 4
[21:46:25]   Server connections so far: 1
[21:46:25] ✓ SUCCESS: Client restored and TCP socket appears established
[21:46:25] Total downtime: 45683 ms
[21:46:25] Metrics saved to /home/ivo/Evaluation-of-Live-Migration-Strategies-at-the-Edge/Network-live-migration/metrics/migration_metrics.csv
[exit=0]

$ python3 /home/ivo/Evaluation-of-Live-Migration-Strategies-at-the-Edge/Network-live-migration/scripts/setup/reset_nodes.py edge-node-1 edge-node-2 edge-host-1 10.138.215.250
[21:46:26] Resetting nodes: edge-node-1 -> edge-node-2 (server: edge-host-1, vip: 10.138.215.250)
[21:46:26] Step 1: Killing any existing processes on source...
[21:46:27]   Killing PID 27212 (from /home/ubuntu/tcp_client.pid)
[21:46:27]   Killing PID 27212 (from /home/ubuntu/client.pid)
[21:46:28]   Killing any remaining background processes...
[21:46:29] Step 2: Cleaning source node...
[21:46:31] Step 3: Cleaning destination node...
[21:46:31]   Killing PID 27212 on destination (from /home/ubuntu/tcp_client.pid)
[21:46:32]   Killing PID 27212 on destination (from /home/ubuntu/client.pid)
[21:46:32]   Killing all remaining TCP processes on destination...
[21:46:35] Step 4: Cleaning server node (edge-host-1)...
[21:46:36]   Killing PID 3525799 on server (from /home/ubuntu/tcp_server.pid)
[21:46:38] ✓ Reset complete, nodes are clean
[21:46:38]   Next: Start your application
[exit=0]

$ bash /home/ivo/Evaluation-of-Live-Migration-Strategies-at-the-Edge/Network-live-migration/scripts/workloads/start_tcp_server.sh edge-host-1 5000
[tcp-server] Ensuring tcp-howto binary on edge-host-1...
[tcp-server] Reusing existing /tmp/tcp-howto on edge-host-1
[tcp-server] Starting on edge-host-1 (port 5000)...
[tcp-server] Waiting for listen...
✓ TCP server listening on edge-host-1:5000
[tcp-server] Logs: multipass exec edge-host-1 -- tail -f /home/ubuntu/tcp_server.out
[exit=0]

$ bash /home/ivo/Evaluation-of-Live-Migration-Strategies-at-the-Edge/Network-live-migration/scripts/workloads/start_tcp_client.sh edge-node-1 edge-host-1 5000
[tcp-client] Server endpoint: 10.138.215.36:5000
[tcp-client] Client VIP: 10.138.215.250
[tcp-client] Ensuring tcp-howto binary on edge-node-1...
[tcp-client] Reusing existing /tmp/tcp-howto on edge-node-1
[tcp-client] Ensuring VIP 10.138.215.250 is present on edge-node-1...
ARPING 10.138.215.250 from 10.138.215.250 ens3
Sent 3 probes (3 broadcast(s))
Received 0 response(s)
[tcp-client] Starting on edge-node-1...
[tcp-client] Waiting for established TCP connection...
✓ TCP client connected (PID: 29288)
[tcp-client] Logs: multipass exec edge-node-1 -- tail -f /home/ubuntu/tcp_client.out
[exit=0]

$ python3 /home/ivo/Evaluation-of-Live-Migration-Strategies-at-the-Edge/Network-live-migration/scripts/orchestrators/tcp_client_benchmark.py cold --source edge-node-1 --dest edge-node-2 --server edge-host-1 --transfer-mode direct --run-id 15-05-2026-direct-cold-0023 --csv /home/ivo/Evaluation-of-Live-Migration-Strategies-at-the-Edge/Network-live-migration/metrics/migration_metrics.csv --profile-name 6_TEE_Avg
[21:46:46] === TCP CLIENT MIGRATION ===
[21:46:46] Run ID: 15-05-2026-direct-cold-0023
[21:46:46] Source: edge-node-1, Dest: edge-node-2
[21:46:46] Server: edge-host-1
[21:46:46] Transfer mode: direct

[21:46:46] === TCP CLIENT COLD MIGRATION ===
[21:46:46] Step 1: Checking source client process...
[21:46:47]   Using PID from /home/ubuntu/tcp_client.pid: 29288
[21:46:48]   Server connections so far: 1
[21:46:48] Step 2: Dumping client with CRIU (--tcp-established)...
[21:46:49] Step 2.5: Moving VIP to destination...
[21:46:49]   Moving VIP 10.138.215.250 from edge-node-1:ens3 -> edge-node-2:ens3
[21:46:55] Step 3: Creating archive...
[21:46:55] Step 4: Transferring archive...
[21:46:55]   Setting up direct SSH trust...
Setting up SSH trust: edge-node-1 → ubuntu@10.138.215.137
  Adding public key to destination's authorized_keys...
  Testing SSH connectivity...
  ✓ SSH trust ready
Setting up SSH trust: edge-node-1 → ubuntu@10.138.215.137
  Adding public key to destination's authorized_keys...
  Testing SSH connectivity...
  ✓ SSH trust ready
  Transferring /home/ubuntu/CRIU-tcp-client.tar.gz via SCP...
[21:47:59] Step 5: Unpacking on destination...
[21:47:59] Step 6: Preparing restore environment...
[21:48:00] Step 7: Restoring client with CRIU (--tcp-established)...
[21:48:01]   Restored PID: 29288
[21:48:01] Step 8: Verifying connection continuity...
[21:48:04]   Client output (tail): PP 4 -> 4
[21:48:05]   Server connections so far: 1
[21:48:05] ✓ SUCCESS: Client restored and TCP socket appears established
[21:48:05] Total downtime: 50584 ms
[21:48:05] Metrics saved to /home/ivo/Evaluation-of-Live-Migration-Strategies-at-the-Edge/Network-live-migration/metrics/migration_metrics.csv
[exit=0]

$ python3 /home/ivo/Evaluation-of-Live-Migration-Strategies-at-the-Edge/Network-live-migration/scripts/setup/reset_nodes.py edge-node-1 edge-node-2 edge-host-1 10.138.215.250
[21:48:05] Resetting nodes: edge-node-1 -> edge-node-2 (server: edge-host-1, vip: 10.138.215.250)
[21:48:05] Step 1: Killing any existing processes on source...
[21:48:06]   Killing PID 29288 (from /home/ubuntu/tcp_client.pid)
[21:48:06]   Killing PID 29288 (from /home/ubuntu/client.pid)
[21:48:07]   Killing any remaining background processes...
[21:48:08] Step 2: Cleaning source node...
[21:48:10] Step 3: Cleaning destination node...
[21:48:10]   Killing PID 29288 on destination (from /home/ubuntu/tcp_client.pid)
[21:48:11]   Killing PID 29288 on destination (from /home/ubuntu/client.pid)
[21:48:11]   Killing all remaining TCP processes on destination...
[21:48:14] Step 4: Cleaning server node (edge-host-1)...
[21:48:15]   Killing PID 3527140 on server (from /home/ubuntu/tcp_server.pid)
[21:48:17] ✓ Reset complete, nodes are clean
[21:48:17]   Next: Start your application
[exit=0]

$ bash /home/ivo/Evaluation-of-Live-Migration-Strategies-at-the-Edge/Network-live-migration/scripts/workloads/start_tcp_server.sh edge-host-1 5000
[tcp-server] Ensuring tcp-howto binary on edge-host-1...
[tcp-server] Reusing existing /tmp/tcp-howto on edge-host-1
[tcp-server] Starting on edge-host-1 (port 5000)...
[tcp-server] Waiting for listen...
✓ TCP server listening on edge-host-1:5000
[tcp-server] Logs: multipass exec edge-host-1 -- tail -f /home/ubuntu/tcp_server.out
[exit=0]

$ bash /home/ivo/Evaluation-of-Live-Migration-Strategies-at-the-Edge/Network-live-migration/scripts/workloads/start_tcp_client.sh edge-node-1 edge-host-1 5000
[tcp-client] Server endpoint: 10.138.215.36:5000
[tcp-client] Client VIP: 10.138.215.250
[tcp-client] Ensuring tcp-howto binary on edge-node-1...
[tcp-client] Reusing existing /tmp/tcp-howto on edge-node-1
[tcp-client] Ensuring VIP 10.138.215.250 is present on edge-node-1...
ARPING 10.138.215.250 from 10.138.215.250 ens3
Sent 3 probes (3 broadcast(s))
Received 0 response(s)
[tcp-client] Starting on edge-node-1...
[tcp-client] Waiting for established TCP connection...
✓ TCP client connected (PID: 31379)
[tcp-client] Logs: multipass exec edge-node-1 -- tail -f /home/ubuntu/tcp_client.out
[exit=0]

$ python3 /home/ivo/Evaluation-of-Live-Migration-Strategies-at-the-Edge/Network-live-migration/scripts/orchestrators/tcp_client_benchmark.py cold --source edge-node-1 --dest edge-node-2 --server edge-host-1 --transfer-mode direct --run-id 15-05-2026-direct-cold-0024 --csv /home/ivo/Evaluation-of-Live-Migration-Strategies-at-the-Edge/Network-live-migration/metrics/migration_metrics.csv --profile-name 6_TEE_Avg
[21:48:25] === TCP CLIENT MIGRATION ===
[21:48:25] Run ID: 15-05-2026-direct-cold-0024
[21:48:25] Source: edge-node-1, Dest: edge-node-2
[21:48:25] Server: edge-host-1
[21:48:25] Transfer mode: direct

[21:48:25] === TCP CLIENT COLD MIGRATION ===
[21:48:25] Step 1: Checking source client process...
[21:48:26]   Using PID from /home/ubuntu/tcp_client.pid: 31379
[21:48:26]   Server connections so far: 1
[21:48:27] Step 2: Dumping client with CRIU (--tcp-established)...
[21:48:27] Step 2.5: Moving VIP to destination...
[21:48:28]   Moving VIP 10.138.215.250 from edge-node-1:ens3 -> edge-node-2:ens3
[21:48:34] Step 3: Creating archive...
[21:48:35] Step 4: Transferring archive...
[21:48:35]   Setting up direct SSH trust...
Setting up SSH trust: edge-node-1 → ubuntu@10.138.215.137
  Adding public key to destination's authorized_keys...
  Testing SSH connectivity...
  ✓ SSH trust ready
Setting up SSH trust: edge-node-1 → ubuntu@10.138.215.137
  Adding public key to destination's authorized_keys...
  Testing SSH connectivity...
  ✓ SSH trust ready
  Transferring /home/ubuntu/CRIU-tcp-client.tar.gz via SCP...
[21:49:51] Step 5: Unpacking on destination...
[21:49:51] Step 6: Preparing restore environment...
[21:49:51] Step 7: Restoring client with CRIU (--tcp-established)...
[21:49:52]   Restored PID: 31379
[21:49:52] Step 8: Verifying connection continuity...
[21:49:55]   Client output (tail): PP 4 -> 4
[21:49:56]   Server connections so far: 1
[21:49:56] ✓ SUCCESS: Client restored and TCP socket appears established
[21:49:56] Total downtime: 47622 ms
[21:49:56] Metrics saved to /home/ivo/Evaluation-of-Live-Migration-Strategies-at-the-Edge/Network-live-migration/metrics/migration_metrics.csv
[exit=0]

$ python3 /home/ivo/Evaluation-of-Live-Migration-Strategies-at-the-Edge/Network-live-migration/scripts/setup/reset_nodes.py edge-node-1 edge-node-2 edge-host-1 10.138.215.250
[21:49:57] Resetting nodes: edge-node-1 -> edge-node-2 (server: edge-host-1, vip: 10.138.215.250)
[21:49:57] Step 1: Killing any existing processes on source...
[21:49:57]   Killing PID 31379 (from /home/ubuntu/tcp_client.pid)
[21:49:58]   Killing PID 31379 (from /home/ubuntu/client.pid)
[21:49:58]   Killing any remaining background processes...
[21:50:00] Step 2: Cleaning source node...
[21:50:02] Step 3: Cleaning destination node...
[21:50:02]   Killing PID 31379 on destination (from /home/ubuntu/tcp_client.pid)
[21:50:03]   Killing PID 31379 on destination (from /home/ubuntu/client.pid)
[21:50:03]   Killing all remaining TCP processes on destination...
[21:50:06] Step 4: Cleaning server node (edge-host-1)...
[21:50:07]   Killing PID 3528223 on server (from /home/ubuntu/tcp_server.pid)
[21:50:09] ✓ Reset complete, nodes are clean
[21:50:09]   Next: Start your application
[exit=0]

$ bash /home/ivo/Evaluation-of-Live-Migration-Strategies-at-the-Edge/Network-live-migration/scripts/workloads/start_tcp_server.sh edge-host-1 5000
[tcp-server] Ensuring tcp-howto binary on edge-host-1...
[tcp-server] Reusing existing /tmp/tcp-howto on edge-host-1
[tcp-server] Starting on edge-host-1 (port 5000)...
[tcp-server] Waiting for listen...
✓ TCP server listening on edge-host-1:5000
[tcp-server] Logs: multipass exec edge-host-1 -- tail -f /home/ubuntu/tcp_server.out
[exit=0]

$ bash /home/ivo/Evaluation-of-Live-Migration-Strategies-at-the-Edge/Network-live-migration/scripts/workloads/start_tcp_client.sh edge-node-1 edge-host-1 5000
[tcp-client] Server endpoint: 10.138.215.36:5000
[tcp-client] Client VIP: 10.138.215.250
[tcp-client] Ensuring tcp-howto binary on edge-node-1...
[tcp-client] Reusing existing /tmp/tcp-howto on edge-node-1
[tcp-client] Ensuring VIP 10.138.215.250 is present on edge-node-1...
ARPING 10.138.215.250 from 10.138.215.250 ens3
Sent 3 probes (3 broadcast(s))
Received 0 response(s)
[tcp-client] Starting on edge-node-1...
[tcp-client] Waiting for established TCP connection...
✓ TCP client connected (PID: 33747)
[tcp-client] Logs: multipass exec edge-node-1 -- tail -f /home/ubuntu/tcp_client.out
[exit=0]

$ python3 /home/ivo/Evaluation-of-Live-Migration-Strategies-at-the-Edge/Network-live-migration/scripts/orchestrators/tcp_client_benchmark.py cold --source edge-node-1 --dest edge-node-2 --server edge-host-1 --transfer-mode direct --run-id 15-05-2026-direct-cold-0025 --csv /home/ivo/Evaluation-of-Live-Migration-Strategies-at-the-Edge/Network-live-migration/metrics/migration_metrics.csv --profile-name 6_TEE_Avg
[21:50:19] === TCP CLIENT MIGRATION ===
[21:50:19] Run ID: 15-05-2026-direct-cold-0025
[21:50:19] Source: edge-node-1, Dest: edge-node-2
[21:50:19] Server: edge-host-1
[21:50:19] Transfer mode: direct

[21:50:19] === TCP CLIENT COLD MIGRATION ===
[21:50:19] Step 1: Checking source client process...
[21:50:19]   Using PID from /home/ubuntu/tcp_client.pid: 33747
[21:50:20]   Server connections so far: 1
[21:50:21] Step 2: Dumping client with CRIU (--tcp-established)...
[21:50:21] Step 2.5: Moving VIP to destination...
[21:50:22]   Moving VIP 10.138.215.250 from edge-node-1:ens3 -> edge-node-2:ens3
[21:50:27] Step 3: Creating archive...
[21:50:28] Step 4: Transferring archive...
[21:50:28]   Setting up direct SSH trust...
Setting up SSH trust: edge-node-1 → ubuntu@10.138.215.137
  Adding public key to destination's authorized_keys...
  Testing SSH connectivity...
  ✓ SSH trust ready
Setting up SSH trust: edge-node-1 → ubuntu@10.138.215.137
  Adding public key to destination's authorized_keys...
  Testing SSH connectivity...
  ✓ SSH trust ready
  Transferring /home/ubuntu/CRIU-tcp-client.tar.gz via SCP...
[21:51:18] Step 5: Unpacking on destination...
[21:51:18] Step 6: Preparing restore environment...
[21:51:19] Step 7: Restoring client with CRIU (--tcp-established)...
[21:51:20]   Restored PID: 33747
[21:51:20] Step 8: Verifying connection continuity...
[21:51:23]   Client output (tail): PP 4 -> 4
[21:51:24]   Server connections so far: 1
[21:51:24] ✓ SUCCESS: Client restored and TCP socket appears established
[21:51:24] Total downtime: 37504 ms
[21:51:24] Metrics saved to /home/ivo/Evaluation-of-Live-Migration-Strategies-at-the-Edge/Network-live-migration/metrics/migration_metrics.csv
[exit=0]

$ python3 /home/ivo/Evaluation-of-Live-Migration-Strategies-at-the-Edge/Network-live-migration/scripts/setup/reset_nodes.py edge-node-1 edge-node-2 edge-host-1 10.138.215.250
[21:51:24] Resetting nodes: edge-node-1 -> edge-node-2 (server: edge-host-1, vip: 10.138.215.250)
[21:51:24] Step 1: Killing any existing processes on source...
[21:51:25]   Killing PID 33747 (from /home/ubuntu/tcp_client.pid)
[21:51:25]   Killing PID 33747 (from /home/ubuntu/client.pid)
[21:51:26]   Killing any remaining background processes...
[21:51:27] Step 2: Cleaning source node...
[21:51:29] Step 3: Cleaning destination node...
[21:51:29]   Killing PID 33747 on destination (from /home/ubuntu/tcp_client.pid)
[21:51:30]   Killing PID 33747 on destination (from /home/ubuntu/client.pid)
[21:51:31]   Killing all remaining TCP processes on destination...
[21:51:34] Step 4: Cleaning server node (edge-host-1)...
[21:51:34]   Killing PID 3529322 on server (from /home/ubuntu/tcp_server.pid)
[21:51:36] ✓ Reset complete, nodes are clean
[21:51:36]   Next: Start your application
[exit=0]

$ bash /home/ivo/Evaluation-of-Live-Migration-Strategies-at-the-Edge/Network-live-migration/scripts/workloads/start_tcp_server.sh edge-host-1 5000
[tcp-server] Ensuring tcp-howto binary on edge-host-1...
[tcp-server] Reusing existing /tmp/tcp-howto on edge-host-1
[tcp-server] Starting on edge-host-1 (port 5000)...
[tcp-server] Waiting for listen...
✓ TCP server listening on edge-host-1:5000
[tcp-server] Logs: multipass exec edge-host-1 -- tail -f /home/ubuntu/tcp_server.out
[exit=0]

$ bash /home/ivo/Evaluation-of-Live-Migration-Strategies-at-the-Edge/Network-live-migration/scripts/workloads/start_tcp_client.sh edge-node-1 edge-host-1 5000
[tcp-client] Server endpoint: 10.138.215.36:5000
[tcp-client] Client VIP: 10.138.215.250
[tcp-client] Ensuring tcp-howto binary on edge-node-1...
[tcp-client] Reusing existing /tmp/tcp-howto on edge-node-1
[tcp-client] Ensuring VIP 10.138.215.250 is present on edge-node-1...
ARPING 10.138.215.250 from 10.138.215.250 ens3
Sent 3 probes (3 broadcast(s))
Received 0 response(s)
[tcp-client] Starting on edge-node-1...
[tcp-client] Waiting for established TCP connection...
✓ TCP client connected (PID: 35932)
[tcp-client] Logs: multipass exec edge-node-1 -- tail -f /home/ubuntu/tcp_client.out
[exit=0]

$ python3 /home/ivo/Evaluation-of-Live-Migration-Strategies-at-the-Edge/Network-live-migration/scripts/orchestrators/tcp_client_benchmark.py cold --source edge-node-1 --dest edge-node-2 --server edge-host-1 --transfer-mode direct --run-id 15-05-2026-direct-cold-0026 --csv /home/ivo/Evaluation-of-Live-Migration-Strategies-at-the-Edge/Network-live-migration/metrics/migration_metrics.csv --profile-name 6_TEE_Avg
[21:51:45] === TCP CLIENT MIGRATION ===
[21:51:45] Run ID: 15-05-2026-direct-cold-0026
[21:51:45] Source: edge-node-1, Dest: edge-node-2
[21:51:45] Server: edge-host-1
[21:51:45] Transfer mode: direct

[21:51:45] === TCP CLIENT COLD MIGRATION ===
[21:51:45] Step 1: Checking source client process...
[21:51:45]   Using PID from /home/ubuntu/tcp_client.pid: 35932
[21:51:46]   Server connections so far: 1
[21:51:47] Step 2: Dumping client with CRIU (--tcp-established)...
[21:51:47] Step 2.5: Moving VIP to destination...
[21:51:48]   Moving VIP 10.138.215.250 from edge-node-1:ens3 -> edge-node-2:ens3
[21:51:53] Step 3: Creating archive...
[21:51:53] Step 4: Transferring archive...
[21:51:53]   Setting up direct SSH trust...
Setting up SSH trust: edge-node-1 → ubuntu@10.138.215.137
  Adding public key to destination's authorized_keys...
  Testing SSH connectivity...
  ✓ SSH trust ready
Setting up SSH trust: edge-node-1 → ubuntu@10.138.215.137
  Adding public key to destination's authorized_keys...
  Testing SSH connectivity...
  ✓ SSH trust ready
  Transferring /home/ubuntu/CRIU-tcp-client.tar.gz via SCP...
[21:53:13] Step 5: Unpacking on destination...
[21:53:13] Step 6: Preparing restore environment...
[21:53:13] Step 7: Restoring client with CRIU (--tcp-established)...
[21:53:14]   Restored PID: 35932
[21:53:14] Step 8: Verifying connection continuity...
[21:53:18]   Client output (tail): PP 4 -> 4
[21:53:19]   Server connections so far: 1
[21:53:19] ✓ SUCCESS: Client restored and TCP socket appears established
[21:53:19] Total downtime: 52489 ms
[21:53:19] Metrics saved to /home/ivo/Evaluation-of-Live-Migration-Strategies-at-the-Edge/Network-live-migration/metrics/migration_metrics.csv
[exit=0]

$ python3 /home/ivo/Evaluation-of-Live-Migration-Strategies-at-the-Edge/Network-live-migration/scripts/setup/reset_nodes.py edge-node-1 edge-node-2 edge-host-1 10.138.215.250
[21:53:19] Resetting nodes: edge-node-1 -> edge-node-2 (server: edge-host-1, vip: 10.138.215.250)
[21:53:19] Step 1: Killing any existing processes on source...
[21:53:19]   Killing PID 35932 (from /home/ubuntu/tcp_client.pid)
[21:53:20]   Killing PID 35932 (from /home/ubuntu/client.pid)
[21:53:21]   Killing any remaining background processes...
[21:53:22] Step 2: Cleaning source node...
[21:53:24] Step 3: Cleaning destination node...
[21:53:24]   Killing PID 35932 on destination (from /home/ubuntu/tcp_client.pid)
[21:53:25]   Killing PID 35932 on destination (from /home/ubuntu/client.pid)
[21:53:25]   Killing all remaining TCP processes on destination...
[21:53:28] Step 4: Cleaning server node (edge-host-1)...
[21:53:29]   Killing PID 3530404 on server (from /home/ubuntu/tcp_server.pid)
[21:53:31] ✓ Reset complete, nodes are clean
[21:53:31]   Next: Start your application
[exit=0]

$ bash /home/ivo/Evaluation-of-Live-Migration-Strategies-at-the-Edge/Network-live-migration/scripts/workloads/start_tcp_server.sh edge-host-1 5000
[tcp-server] Ensuring tcp-howto binary on edge-host-1...
[tcp-server] Reusing existing /tmp/tcp-howto on edge-host-1
[tcp-server] Starting on edge-host-1 (port 5000)...
[tcp-server] Waiting for listen...
✓ TCP server listening on edge-host-1:5000
[tcp-server] Logs: multipass exec edge-host-1 -- tail -f /home/ubuntu/tcp_server.out
[exit=0]

$ bash /home/ivo/Evaluation-of-Live-Migration-Strategies-at-the-Edge/Network-live-migration/scripts/workloads/start_tcp_client.sh edge-node-1 edge-host-1 5000
[tcp-client] Server endpoint: 10.138.215.36:5000
[tcp-client] Client VIP: 10.138.215.250
[tcp-client] Ensuring tcp-howto binary on edge-node-1...
[tcp-client] Reusing existing /tmp/tcp-howto on edge-node-1
[tcp-client] Ensuring VIP 10.138.215.250 is present on edge-node-1...
ARPING 10.138.215.250 from 10.138.215.250 ens3
Sent 3 probes (3 broadcast(s))
Received 0 response(s)
[tcp-client] Starting on edge-node-1...
[tcp-client] Waiting for established TCP connection...
✓ TCP client connected (PID: 38047)
[tcp-client] Logs: multipass exec edge-node-1 -- tail -f /home/ubuntu/tcp_client.out
[exit=0]

$ python3 /home/ivo/Evaluation-of-Live-Migration-Strategies-at-the-Edge/Network-live-migration/scripts/orchestrators/tcp_client_benchmark.py cold --source edge-node-1 --dest edge-node-2 --server edge-host-1 --transfer-mode direct --run-id 15-05-2026-direct-cold-0027 --csv /home/ivo/Evaluation-of-Live-Migration-Strategies-at-the-Edge/Network-live-migration/metrics/migration_metrics.csv --profile-name 6_TEE_Avg
[21:53:39] === TCP CLIENT MIGRATION ===
[21:53:39] Run ID: 15-05-2026-direct-cold-0027
[21:53:39] Source: edge-node-1, Dest: edge-node-2
[21:53:39] Server: edge-host-1
[21:53:39] Transfer mode: direct

[21:53:39] === TCP CLIENT COLD MIGRATION ===
[21:53:39] Step 1: Checking source client process...
[21:53:40]   Using PID from /home/ubuntu/tcp_client.pid: 38047
[21:53:41]   Server connections so far: 1
[21:53:41] Step 2: Dumping client with CRIU (--tcp-established)...
[21:53:42] Step 2.5: Moving VIP to destination...
[21:53:42]   Moving VIP 10.138.215.250 from edge-node-1:ens3 -> edge-node-2:ens3
[21:53:48] Step 3: Creating archive...
[21:53:48] Step 4: Transferring archive...
[21:53:48]   Setting up direct SSH trust...
Setting up SSH trust: edge-node-1 → ubuntu@10.138.215.137
  Adding public key to destination's authorized_keys...
  Testing SSH connectivity...
  ✓ SSH trust ready
Setting up SSH trust: edge-node-1 → ubuntu@10.138.215.137
  Adding public key to destination's authorized_keys...
  Testing SSH connectivity...
  ✓ SSH trust ready
  Transferring /home/ubuntu/CRIU-tcp-client.tar.gz via SCP...
[21:54:50] Step 5: Unpacking on destination...
[21:54:50] Step 6: Preparing restore environment...
[21:54:51] Step 7: Restoring client with CRIU (--tcp-established)...
[21:54:52]   Restored PID: 38047
[21:54:52] Step 8: Verifying connection continuity...
[21:54:55]   Client output (tail): PP 4 -> 4
[21:54:56]   Server connections so far: 1
[21:54:56] ✓ SUCCESS: Client restored and TCP socket appears established
[21:54:56] Total downtime: 43438 ms
[21:54:56] Metrics saved to /home/ivo/Evaluation-of-Live-Migration-Strategies-at-the-Edge/Network-live-migration/metrics/migration_metrics.csv
[exit=0]

$ python3 /home/ivo/Evaluation-of-Live-Migration-Strategies-at-the-Edge/Network-live-migration/scripts/setup/reset_nodes.py edge-node-1 edge-node-2 edge-host-1 10.138.215.250
[21:54:57] Resetting nodes: edge-node-1 -> edge-node-2 (server: edge-host-1, vip: 10.138.215.250)
[21:54:57] Step 1: Killing any existing processes on source...
[21:54:57]   Killing PID 38047 (from /home/ubuntu/tcp_client.pid)
[21:54:58]   Killing PID 38047 (from /home/ubuntu/client.pid)
[21:54:58]   Killing any remaining background processes...
[21:54:59] Step 2: Cleaning source node...
[21:55:01] Step 3: Cleaning destination node...
[21:55:01]   Killing PID 38047 on destination (from /home/ubuntu/tcp_client.pid)
[21:55:02]   Killing PID 38047 on destination (from /home/ubuntu/client.pid)
[21:55:03]   Killing all remaining TCP processes on destination...
[21:55:06] Step 4: Cleaning server node (edge-host-1)...
[21:55:06]   Killing PID 3531503 on server (from /home/ubuntu/tcp_server.pid)
[21:55:08] ✓ Reset complete, nodes are clean
[21:55:08]   Next: Start your application
[exit=0]

$ bash /home/ivo/Evaluation-of-Live-Migration-Strategies-at-the-Edge/Network-live-migration/scripts/workloads/start_tcp_server.sh edge-host-1 5000
[tcp-server] Ensuring tcp-howto binary on edge-host-1...
[tcp-server] Reusing existing /tmp/tcp-howto on edge-host-1
[tcp-server] Starting on edge-host-1 (port 5000)...
[tcp-server] Waiting for listen...
✓ TCP server listening on edge-host-1:5000
[tcp-server] Logs: multipass exec edge-host-1 -- tail -f /home/ubuntu/tcp_server.out
[exit=0]

$ bash /home/ivo/Evaluation-of-Live-Migration-Strategies-at-the-Edge/Network-live-migration/scripts/workloads/start_tcp_client.sh edge-node-1 edge-host-1 5000
[tcp-client] Server endpoint: 10.138.215.36:5000
[tcp-client] Client VIP: 10.138.215.250
[tcp-client] Ensuring tcp-howto binary on edge-node-1...
[tcp-client] Reusing existing /tmp/tcp-howto on edge-node-1
[tcp-client] Ensuring VIP 10.138.215.250 is present on edge-node-1...
ARPING 10.138.215.250 from 10.138.215.250 ens3
Sent 3 probes (3 broadcast(s))
Received 0 response(s)
[tcp-client] Starting on edge-node-1...
[tcp-client] Waiting for established TCP connection...
✓ TCP client connected (PID: 40137)
[tcp-client] Logs: multipass exec edge-node-1 -- tail -f /home/ubuntu/tcp_client.out
[exit=0]

$ python3 /home/ivo/Evaluation-of-Live-Migration-Strategies-at-the-Edge/Network-live-migration/scripts/orchestrators/tcp_client_benchmark.py cold --source edge-node-1 --dest edge-node-2 --server edge-host-1 --transfer-mode direct --run-id 15-05-2026-direct-cold-0028 --csv /home/ivo/Evaluation-of-Live-Migration-Strategies-at-the-Edge/Network-live-migration/metrics/migration_metrics.csv --profile-name 6_TEE_Avg
[21:55:16] === TCP CLIENT MIGRATION ===
[21:55:16] Run ID: 15-05-2026-direct-cold-0028
[21:55:16] Source: edge-node-1, Dest: edge-node-2
[21:55:16] Server: edge-host-1
[21:55:16] Transfer mode: direct

[21:55:16] === TCP CLIENT COLD MIGRATION ===
[21:55:16] Step 1: Checking source client process...
[21:55:17]   Using PID from /home/ubuntu/tcp_client.pid: 40137
[21:55:18]   Server connections so far: 1
[21:55:18] Step 2: Dumping client with CRIU (--tcp-established)...
[21:55:19] Step 2.5: Moving VIP to destination...
[21:55:20]   Moving VIP 10.138.215.250 from edge-node-1:ens3 -> edge-node-2:ens3
[21:55:25] Step 3: Creating archive...
[21:55:25] Step 4: Transferring archive...
[21:55:25]   Setting up direct SSH trust...
Setting up SSH trust: edge-node-1 → ubuntu@10.138.215.137
  Adding public key to destination's authorized_keys...
  Testing SSH connectivity...
  ✓ SSH trust ready
Setting up SSH trust: edge-node-1 → ubuntu@10.138.215.137
  Adding public key to destination's authorized_keys...
  Testing SSH connectivity...
  ✓ SSH trust ready
  Transferring /home/ubuntu/CRIU-tcp-client.tar.gz via SCP...
[21:56:28] Step 5: Unpacking on destination...
[21:56:29] Step 6: Preparing restore environment...
[21:56:29] Step 7: Restoring client with CRIU (--tcp-established)...
[21:56:30]   Restored PID: 40137
[21:56:30] Step 8: Verifying connection continuity...
[21:56:33]   Client output (tail): PP 3 -> 3
[21:56:34]   Server connections so far: 1
[21:56:34] ✓ SUCCESS: Client restored and TCP socket appears established
[21:56:34] Total downtime: 49035 ms
[21:56:34] Metrics saved to /home/ivo/Evaluation-of-Live-Migration-Strategies-at-the-Edge/Network-live-migration/metrics/migration_metrics.csv
[exit=0]

$ python3 /home/ivo/Evaluation-of-Live-Migration-Strategies-at-the-Edge/Network-live-migration/scripts/setup/reset_nodes.py edge-node-1 edge-node-2 edge-host-1 10.138.215.250
[21:56:35] Resetting nodes: edge-node-1 -> edge-node-2 (server: edge-host-1, vip: 10.138.215.250)
[21:56:35] Step 1: Killing any existing processes on source...
[21:56:35]   Killing PID 40137 (from /home/ubuntu/tcp_client.pid)
[21:56:36]   Killing PID 40137 (from /home/ubuntu/client.pid)
[21:56:36]   Killing any remaining background processes...
[21:56:38] Step 2: Cleaning source node...
[21:56:39] Step 3: Cleaning destination node...
[21:56:40]   Killing PID 40137 on destination (from /home/ubuntu/tcp_client.pid)
[21:56:40]   Killing PID 40137 on destination (from /home/ubuntu/client.pid)
[21:56:41]   Killing all remaining TCP processes on destination...
[21:56:44] Step 4: Cleaning server node (edge-host-1)...
[21:56:44]   Killing PID 3532595 on server (from /home/ubuntu/tcp_server.pid)
[21:56:46] ✓ Reset complete, nodes are clean
[21:56:46]   Next: Start your application
[exit=0]

$ bash /home/ivo/Evaluation-of-Live-Migration-Strategies-at-the-Edge/Network-live-migration/scripts/workloads/start_tcp_server.sh edge-host-1 5000
[tcp-server] Ensuring tcp-howto binary on edge-host-1...
[tcp-server] Reusing existing /tmp/tcp-howto on edge-host-1
[tcp-server] Starting on edge-host-1 (port 5000)...
[tcp-server] Waiting for listen...
✓ TCP server listening on edge-host-1:5000
[tcp-server] Logs: multipass exec edge-host-1 -- tail -f /home/ubuntu/tcp_server.out
[exit=0]

$ bash /home/ivo/Evaluation-of-Live-Migration-Strategies-at-the-Edge/Network-live-migration/scripts/workloads/start_tcp_client.sh edge-node-1 edge-host-1 5000
[tcp-client] Server endpoint: 10.138.215.36:5000
[tcp-client] Client VIP: 10.138.215.250
[tcp-client] Ensuring tcp-howto binary on edge-node-1...
[tcp-client] Reusing existing /tmp/tcp-howto on edge-node-1
[tcp-client] Ensuring VIP 10.138.215.250 is present on edge-node-1...
ARPING 10.138.215.250 from 10.138.215.250 ens3
Sent 3 probes (3 broadcast(s))
Received 0 response(s)
[tcp-client] Starting on edge-node-1...
[tcp-client] Waiting for established TCP connection...
✓ TCP client connected (PID: 42229)
[tcp-client] Logs: multipass exec edge-node-1 -- tail -f /home/ubuntu/tcp_client.out
[exit=0]

$ python3 /home/ivo/Evaluation-of-Live-Migration-Strategies-at-the-Edge/Network-live-migration/scripts/orchestrators/tcp_client_benchmark.py cold --source edge-node-1 --dest edge-node-2 --server edge-host-1 --transfer-mode direct --run-id 15-05-2026-direct-cold-0029 --csv /home/ivo/Evaluation-of-Live-Migration-Strategies-at-the-Edge/Network-live-migration/metrics/migration_metrics.csv --profile-name 6_TEE_Avg
[21:56:54] === TCP CLIENT MIGRATION ===
[21:56:54] Run ID: 15-05-2026-direct-cold-0029
[21:56:54] Source: edge-node-1, Dest: edge-node-2
[21:56:54] Server: edge-host-1
[21:56:54] Transfer mode: direct

[21:56:54] === TCP CLIENT COLD MIGRATION ===
[21:56:54] Step 1: Checking source client process...
[21:56:55]   Using PID from /home/ubuntu/tcp_client.pid: 42229
[21:56:56]   Server connections so far: 1
[21:56:56] Step 2: Dumping client with CRIU (--tcp-established)...
[21:56:57] Step 2.5: Moving VIP to destination...
[21:56:57]   Moving VIP 10.138.215.250 from edge-node-1:ens3 -> edge-node-2:ens3
[21:57:02] Step 3: Creating archive...
[21:57:03] Step 4: Transferring archive...
[21:57:03]   Setting up direct SSH trust...
Setting up SSH trust: edge-node-1 → ubuntu@10.138.215.137
  Adding public key to destination's authorized_keys...
  Testing SSH connectivity...
  ✓ SSH trust ready
Setting up SSH trust: edge-node-1 → ubuntu@10.138.215.137
  Adding public key to destination's authorized_keys...
  Testing SSH connectivity...
  ✓ SSH trust ready
  Transferring /home/ubuntu/CRIU-tcp-client.tar.gz via SCP...
[21:58:01] Step 5: Unpacking on destination...
[21:58:02] Step 6: Preparing restore environment...
[21:58:02] Step 7: Restoring client with CRIU (--tcp-established)...
[21:58:03]   Restored PID: 42229
[21:58:03] Step 8: Verifying connection continuity...
[21:58:06]   Client output (tail): PP 4 -> 4
[21:58:07]   Server connections so far: 1
[21:58:07] ✓ SUCCESS: Client restored and TCP socket appears established
[21:58:07] Total downtime: 37084 ms
[21:58:07] Metrics saved to /home/ivo/Evaluation-of-Live-Migration-Strategies-at-the-Edge/Network-live-migration/metrics/migration_metrics.csv
[exit=0]

$ python3 /home/ivo/Evaluation-of-Live-Migration-Strategies-at-the-Edge/Network-live-migration/scripts/setup/reset_nodes.py edge-node-1 edge-node-2 edge-host-1 10.138.215.250
[21:58:08] Resetting nodes: edge-node-1 -> edge-node-2 (server: edge-host-1, vip: 10.138.215.250)
[21:58:08] Step 1: Killing any existing processes on source...
[21:58:08]   Killing PID 42229 (from /home/ubuntu/tcp_client.pid)
[21:58:09]   Killing PID 42229 (from /home/ubuntu/client.pid)
[21:58:09]   Killing any remaining background processes...
[21:58:11] Step 2: Cleaning source node...
[21:58:12] Step 3: Cleaning destination node...
[21:58:13]   Killing PID 42229 on destination (from /home/ubuntu/tcp_client.pid)
[21:58:13]   Killing PID 42229 on destination (from /home/ubuntu/client.pid)
[21:58:14]   Killing all remaining TCP processes on destination...
[21:58:17] Step 4: Cleaning server node (edge-host-1)...
[21:58:17]   Killing PID 3533676 on server (from /home/ubuntu/tcp_server.pid)
[21:58:19] ✓ Reset complete, nodes are clean
[21:58:19]   Next: Start your application
[exit=0]

$ bash /home/ivo/Evaluation-of-Live-Migration-Strategies-at-the-Edge/Network-live-migration/scripts/workloads/start_tcp_server.sh edge-host-1 5000
[tcp-server] Ensuring tcp-howto binary on edge-host-1...
[tcp-server] Reusing existing /tmp/tcp-howto on edge-host-1
[tcp-server] Starting on edge-host-1 (port 5000)...
[tcp-server] Waiting for listen...
✓ TCP server listening on edge-host-1:5000
[tcp-server] Logs: multipass exec edge-host-1 -- tail -f /home/ubuntu/tcp_server.out
[exit=0]

$ bash /home/ivo/Evaluation-of-Live-Migration-Strategies-at-the-Edge/Network-live-migration/scripts/workloads/start_tcp_client.sh edge-node-1 edge-host-1 5000
[tcp-client] Server endpoint: 10.138.215.36:5000
[tcp-client] Client VIP: 10.138.215.250
[tcp-client] Ensuring tcp-howto binary on edge-node-1...
[tcp-client] Reusing existing /tmp/tcp-howto on edge-node-1
[tcp-client] Ensuring VIP 10.138.215.250 is present on edge-node-1...
ARPING 10.138.215.250 from 10.138.215.250 ens3
Sent 3 probes (3 broadcast(s))
Received 0 response(s)
[tcp-client] Starting on edge-node-1...
[tcp-client] Waiting for established TCP connection...
✓ TCP client connected (PID: 44320)
[tcp-client] Logs: multipass exec edge-node-1 -- tail -f /home/ubuntu/tcp_client.out
[exit=0]

$ python3 /home/ivo/Evaluation-of-Live-Migration-Strategies-at-the-Edge/Network-live-migration/scripts/orchestrators/tcp_client_benchmark.py precopy --source edge-node-1 --dest edge-node-2 --server edge-host-1 --transfer-mode host --run-id 15-05-2026-host-precopy-0020 --csv /home/ivo/Evaluation-of-Live-Migration-Strategies-at-the-Edge/Network-live-migration/metrics/migration_metrics.csv --profile-name 6_TEE_Avg --relay-node edge-host-1 --iterations 3
[21:58:28] === TCP CLIENT MIGRATION ===
[21:58:28] Run ID: 15-05-2026-host-precopy-0020
[21:58:28] Source: edge-node-1, Dest: edge-node-2
[21:58:28] Server: edge-host-1
[21:58:28] Transfer mode: host
[21:58:28] Relay node: edge-host-1

[21:58:28] === TCP CLIENT PRE-COPY MIGRATION (3 iterations) ===
[21:58:28] Step 1: Checking source client process...
[21:58:28]   Using PID from /home/ubuntu/tcp_client.pid: 44320
[21:58:29]   Server connections so far: 1
[21:58:30] Step 2: Preparing CRIU directory...
[21:58:30] Step 3: Running 3 pre-dumps and transferring them while client keeps running...
[21:58:30]   Pre-dump 1/3 complete
[21:58:30]   Archiving and transferring pre-dump 1...
  Transferring /home/ubuntu/CRIU-tcp-client-iter-0.tar.gz via relay node edge-host-1...
Setting up SSH trust: edge-node-1 → ubuntu@10.138.215.36
  Adding public key to destination's authorized_keys...
  Testing SSH connectivity...
  ✓ SSH trust ready
Setting up SSH trust: edge-host-1 → ubuntu@10.138.215.137
  Adding public key to destination's authorized_keys...
  Testing SSH connectivity...
  ✓ SSH trust ready
[22:00:04]   Pre-dump 2/3 complete
[22:00:04]   Archiving and transferring pre-dump 2...
  Transferring /home/ubuntu/CRIU-tcp-client-iter-1.tar.gz via relay node edge-host-1...
Setting up SSH trust: edge-node-1 → ubuntu@10.138.215.36
  Adding public key to destination's authorized_keys...
  Testing SSH connectivity...
  ✓ SSH trust ready
Setting up SSH trust: edge-host-1 → ubuntu@10.138.215.137
  Adding public key to destination's authorized_keys...
  Testing SSH connectivity...
  ✓ SSH trust ready
[22:01:20]   Pre-dump 3/3 complete
[22:01:20]   Archiving and transferring pre-dump 3...
  Transferring /home/ubuntu/CRIU-tcp-client-iter-2.tar.gz via relay node edge-host-1...
Setting up SSH trust: edge-node-1 → ubuntu@10.138.215.36
  Adding public key to destination's authorized_keys...
  Testing SSH connectivity...
  ✓ SSH trust ready
Setting up SSH trust: edge-host-1 → ubuntu@10.138.215.137
  Adding public key to destination's authorized_keys...
  Testing SSH connectivity...
  ✓ SSH trust ready
[22:02:55]   Pre-copy transfer outside downtime: archive=906 ms, transfer=258206 ms, unpack=940 ms, bytes=23097
[22:02:55] Step 4: Final dump (freezing client)...
[22:02:55] Step 4.5: Moving VIP to destination...
[22:02:56]   Moving VIP 10.138.215.250 from edge-node-1:ens3 -> edge-node-2:ens3
[22:03:01] Step 5: Creating final dump archive...
[22:03:02] Step 6: Transferring archive...
  Transferring /home/ubuntu/CRIU-tcp-client-final.tar.gz via relay node edge-host-1...
Setting up SSH trust: edge-node-1 → ubuntu@10.138.215.36
  Adding public key to destination's authorized_keys...
  Testing SSH connectivity...
  ✓ SSH trust ready
Setting up SSH trust: edge-host-1 → ubuntu@10.138.215.137
  Adding public key to destination's authorized_keys...
  Testing SSH connectivity...
  ✓ SSH trust ready
[22:04:36] Step 7: Unpacking on destination...
[22:04:37] Step 8: Preparing restore environment...
[22:04:37] Step 9: Restoring client (--tcp-established)...
[22:04:38] Step 10: Verifying connection continuity...
[22:04:42]   Client output (tail): PP 113 -> 113
[22:04:42]   Server connections so far: 1
[22:04:42] ✓ SUCCESS: Client restored and TCP socket appears established
[22:04:42] Metrics saved to /home/ivo/Evaluation-of-Live-Migration-Strategies-at-the-Edge/Network-live-migration/metrics/migration_metrics.csv
[exit=0]

$ python3 /home/ivo/Evaluation-of-Live-Migration-Strategies-at-the-Edge/Network-live-migration/scripts/setup/reset_nodes.py edge-node-1 edge-node-2 edge-host-1 10.138.215.250
[22:04:43] Resetting nodes: edge-node-1 -> edge-node-2 (server: edge-host-1, vip: 10.138.215.250)
[22:04:43] Step 1: Killing any existing processes on source...
[22:04:43]   Killing PID 44320 (from /home/ubuntu/tcp_client.pid)
[22:04:44]   Killing PID 44320 (from /home/ubuntu/client.pid)
[22:04:45]   Killing any remaining background processes...
[22:04:46] Step 2: Cleaning source node...
[22:04:48] Step 3: Cleaning destination node...
[22:04:48]   Killing PID 44320 on destination (from /home/ubuntu/tcp_client.pid)
[22:04:48]   Killing PID 44320 on destination (from /home/ubuntu/client.pid)
[22:04:49]   Killing all remaining TCP processes on destination...
[22:04:52] Step 4: Cleaning server node (edge-host-1)...
[22:04:52]   Killing PID 3534758 on server (from /home/ubuntu/tcp_server.pid)
[22:04:54] ✓ Reset complete, nodes are clean
[22:04:54]   Next: Start your application
[exit=0]

$ bash /home/ivo/Evaluation-of-Live-Migration-Strategies-at-the-Edge/Network-live-migration/scripts/workloads/start_tcp_server.sh edge-host-1 5000
[tcp-server] Ensuring tcp-howto binary on edge-host-1...
[tcp-server] Reusing existing /tmp/tcp-howto on edge-host-1
[tcp-server] Starting on edge-host-1 (port 5000)...
[tcp-server] Waiting for listen...
✓ TCP server listening on edge-host-1:5000
[tcp-server] Logs: multipass exec edge-host-1 -- tail -f /home/ubuntu/tcp_server.out
[exit=0]

$ bash /home/ivo/Evaluation-of-Live-Migration-Strategies-at-the-Edge/Network-live-migration/scripts/workloads/start_tcp_client.sh edge-node-1 edge-host-1 5000
[tcp-client] Server endpoint: 10.138.215.36:5000
[tcp-client] Client VIP: 10.138.215.250
[tcp-client] Ensuring tcp-howto binary on edge-node-1...
[tcp-client] Reusing existing /tmp/tcp-howto on edge-node-1
[tcp-client] Ensuring VIP 10.138.215.250 is present on edge-node-1...
ARPING 10.138.215.250 from 10.138.215.250 ens3
Sent 3 probes (3 broadcast(s))
Received 0 response(s)
[tcp-client] Starting on edge-node-1...
[tcp-client] Waiting for established TCP connection...
✓ TCP client connected (PID: 48166)
[tcp-client] Logs: multipass exec edge-node-1 -- tail -f /home/ubuntu/tcp_client.out
[exit=0]

$ python3 /home/ivo/Evaluation-of-Live-Migration-Strategies-at-the-Edge/Network-live-migration/scripts/orchestrators/tcp_client_benchmark.py precopy --source edge-node-1 --dest edge-node-2 --server edge-host-1 --transfer-mode host --run-id 15-05-2026-host-precopy-0021 --csv /home/ivo/Evaluation-of-Live-Migration-Strategies-at-the-Edge/Network-live-migration/metrics/migration_metrics.csv --profile-name 6_TEE_Avg --relay-node edge-host-1 --iterations 3
[22:05:03] === TCP CLIENT MIGRATION ===
[22:05:03] Run ID: 15-05-2026-host-precopy-0021
[22:05:03] Source: edge-node-1, Dest: edge-node-2
[22:05:03] Server: edge-host-1
[22:05:03] Transfer mode: host
[22:05:03] Relay node: edge-host-1

[22:05:03] === TCP CLIENT PRE-COPY MIGRATION (3 iterations) ===
[22:05:03] Step 1: Checking source client process...
[22:05:03]   Using PID from /home/ubuntu/tcp_client.pid: 48166
[22:05:04]   Server connections so far: 1
[22:05:05] Step 2: Preparing CRIU directory...
[22:05:05] Step 3: Running 3 pre-dumps and transferring them while client keeps running...
[22:05:05]   Pre-dump 1/3 complete
[22:05:05]   Archiving and transferring pre-dump 1...
  Transferring /home/ubuntu/CRIU-tcp-client-iter-0.tar.gz via relay node edge-host-1...
Setting up SSH trust: edge-node-1 → ubuntu@10.138.215.36
  Adding public key to destination's authorized_keys...
  Testing SSH connectivity...
  ✓ SSH trust ready
Setting up SSH trust: edge-host-1 → ubuntu@10.138.215.137
  Adding public key to destination's authorized_keys...
  Testing SSH connectivity...
  ✓ SSH trust ready
[22:06:26]   Pre-dump 2/3 complete
[22:06:26]   Archiving and transferring pre-dump 2...
  Transferring /home/ubuntu/CRIU-tcp-client-iter-1.tar.gz via relay node edge-host-1...
Setting up SSH trust: edge-node-1 → ubuntu@10.138.215.36
  Adding public key to destination's authorized_keys...
  Testing SSH connectivity...
  ✓ SSH trust ready
Setting up SSH trust: edge-host-1 → ubuntu@10.138.215.137
  Adding public key to destination's authorized_keys...
  Testing SSH connectivity...
  ✓ SSH trust ready
[22:07:46]   Pre-dump 3/3 complete
[22:07:46]   Archiving and transferring pre-dump 3...
  Transferring /home/ubuntu/CRIU-tcp-client-iter-2.tar.gz via relay node edge-host-1...
Setting up SSH trust: edge-node-1 → ubuntu@10.138.215.36
  Adding public key to destination's authorized_keys...
  Testing SSH connectivity...
  ✓ SSH trust ready
Setting up SSH trust: edge-host-1 → ubuntu@10.138.215.137
  Adding public key to destination's authorized_keys...
  Testing SSH connectivity...
  ✓ SSH trust ready
[22:09:13]   Pre-copy transfer outside downtime: archive=959 ms, transfer=240778 ms, unpack=901 ms, bytes=21768
[22:09:13] Step 4: Final dump (freezing client)...
[22:09:14] Step 4.5: Moving VIP to destination...
[22:09:14]   Moving VIP 10.138.215.250 from edge-node-1:ens3 -> edge-node-2:ens3
[22:09:20] Step 5: Creating final dump archive...
[22:09:20] Step 6: Transferring archive...
  Transferring /home/ubuntu/CRIU-tcp-client-final.tar.gz via relay node edge-host-1...
Setting up SSH trust: edge-node-1 → ubuntu@10.138.215.36
  Adding public key to destination's authorized_keys...
  Testing SSH connectivity...
  ✓ SSH trust ready
Setting up SSH trust: edge-host-1 → ubuntu@10.138.215.137
  Adding public key to destination's authorized_keys...
  Testing SSH connectivity...
  ✓ SSH trust ready
[22:10:35] Step 7: Unpacking on destination...
[22:10:35] Step 8: Preparing restore environment...
[22:10:35] Step 9: Restoring client (--tcp-established)...
[22:10:36] Step 10: Verifying connection continuity...
[22:10:39]   Client output (tail): PP 106 -> 106
[22:10:40]   Server connections so far: 1
[22:10:40] ✓ SUCCESS: Client restored and TCP socket appears established
[22:10:40] Metrics saved to /home/ivo/Evaluation-of-Live-Migration-Strategies-at-the-Edge/Network-live-migration/metrics/migration_metrics.csv
[exit=0]

$ python3 /home/ivo/Evaluation-of-Live-Migration-Strategies-at-the-Edge/Network-live-migration/scripts/setup/reset_nodes.py edge-node-1 edge-node-2 edge-host-1 10.138.215.250
[22:10:41] Resetting nodes: edge-node-1 -> edge-node-2 (server: edge-host-1, vip: 10.138.215.250)
[22:10:41] Step 1: Killing any existing processes on source...
[22:10:41]   Killing PID 48166 (from /home/ubuntu/tcp_client.pid)
[22:10:42]   Killing PID 48166 (from /home/ubuntu/client.pid)
[22:10:42]   Killing any remaining background processes...
[22:10:44] Step 2: Cleaning source node...
[22:10:46] Step 3: Cleaning destination node...
[22:10:46]   Killing PID 48166 on destination (from /home/ubuntu/tcp_client.pid)
[22:10:47]   Killing PID 48166 on destination (from /home/ubuntu/client.pid)
[22:10:47]   Killing all remaining TCP processes on destination...
[22:10:50] Step 4: Cleaning server node (edge-host-1)...
[22:10:50]   Killing PID 3538474 on server (from /home/ubuntu/tcp_server.pid)
[22:10:52] ✓ Reset complete, nodes are clean
[22:10:52]   Next: Start your application
[exit=0]

$ bash /home/ivo/Evaluation-of-Live-Migration-Strategies-at-the-Edge/Network-live-migration/scripts/workloads/start_tcp_server.sh edge-host-1 5000
[tcp-server] Ensuring tcp-howto binary on edge-host-1...
[tcp-server] Reusing existing /tmp/tcp-howto on edge-host-1
[tcp-server] Starting on edge-host-1 (port 5000)...
[tcp-server] Waiting for listen...
✓ TCP server listening on edge-host-1:5000
[tcp-server] Logs: multipass exec edge-host-1 -- tail -f /home/ubuntu/tcp_server.out
[exit=0]

$ bash /home/ivo/Evaluation-of-Live-Migration-Strategies-at-the-Edge/Network-live-migration/scripts/workloads/start_tcp_client.sh edge-node-1 edge-host-1 5000
[tcp-client] Server endpoint: 10.138.215.36:5000
[tcp-client] Client VIP: 10.138.215.250
[tcp-client] Ensuring tcp-howto binary on edge-node-1...
[tcp-client] Reusing existing /tmp/tcp-howto on edge-node-1
[tcp-client] Ensuring VIP 10.138.215.250 is present on edge-node-1...
ARPING 10.138.215.250 from 10.138.215.250 ens3
Sent 3 probes (3 broadcast(s))
Received 0 response(s)
[tcp-client] Starting on edge-node-1...
[tcp-client] Waiting for established TCP connection...
✓ TCP client connected (PID: 51722)
[tcp-client] Logs: multipass exec edge-node-1 -- tail -f /home/ubuntu/tcp_client.out
[exit=0]

$ python3 /home/ivo/Evaluation-of-Live-Migration-Strategies-at-the-Edge/Network-live-migration/scripts/orchestrators/tcp_client_benchmark.py precopy --source edge-node-1 --dest edge-node-2 --server edge-host-1 --transfer-mode host --run-id 15-05-2026-host-precopy-0022 --csv /home/ivo/Evaluation-of-Live-Migration-Strategies-at-the-Edge/Network-live-migration/metrics/migration_metrics.csv --profile-name 6_TEE_Avg --relay-node edge-host-1 --iterations 3
[22:11:01] === TCP CLIENT MIGRATION ===
[22:11:01] Run ID: 15-05-2026-host-precopy-0022
[22:11:01] Source: edge-node-1, Dest: edge-node-2
[22:11:01] Server: edge-host-1
[22:11:01] Transfer mode: host
[22:11:01] Relay node: edge-host-1

[22:11:01] === TCP CLIENT PRE-COPY MIGRATION (3 iterations) ===
[22:11:01] Step 1: Checking source client process...
[22:11:01]   Using PID from /home/ubuntu/tcp_client.pid: 51722
[22:11:02]   Server connections so far: 1
[22:11:03] Step 2: Preparing CRIU directory...
[22:11:03] Step 3: Running 3 pre-dumps and transferring them while client keeps running...
[22:11:03]   Pre-dump 1/3 complete
[22:11:03]   Archiving and transferring pre-dump 1...
  Transferring /home/ubuntu/CRIU-tcp-client-iter-0.tar.gz via relay node edge-host-1...
Setting up SSH trust: edge-node-1 → ubuntu@10.138.215.36
  Adding public key to destination's authorized_keys...
  Testing SSH connectivity...
  ✓ SSH trust ready
Setting up SSH trust: edge-host-1 → ubuntu@10.138.215.137
  Adding public key to destination's authorized_keys...
  Testing SSH connectivity...
  ✓ SSH trust ready
[22:12:49]   Pre-dump 2/3 complete
[22:12:49]   Archiving and transferring pre-dump 2...
  Transferring /home/ubuntu/CRIU-tcp-client-iter-1.tar.gz via relay node edge-host-1...
Setting up SSH trust: edge-node-1 → ubuntu@10.138.215.36
  Adding public key to destination's authorized_keys...
  Testing SSH connectivity...
  ✓ SSH trust ready
Setting up SSH trust: edge-host-1 → ubuntu@10.138.215.137
  Adding public key to destination's authorized_keys...
  Testing SSH connectivity...
  ✓ SSH trust ready
[22:14:02]   Pre-dump 3/3 complete
[22:14:02]   Archiving and transferring pre-dump 3...
  Transferring /home/ubuntu/CRIU-tcp-client-iter-2.tar.gz via relay node edge-host-1...
Setting up SSH trust: edge-node-1 → ubuntu@10.138.215.36
  Adding public key to destination's authorized_keys...
  Testing SSH connectivity...
  ✓ SSH trust ready
Setting up SSH trust: edge-host-1 → ubuntu@10.138.215.137
  Adding public key to destination's authorized_keys...
  Testing SSH connectivity...
  ✓ SSH trust ready
[22:15:34]   Pre-copy transfer outside downtime: archive=1005 ms, transfer=262898 ms, unpack=1237 ms, bytes=22076
[22:15:34] Step 4: Final dump (freezing client)...
[22:15:34] Step 4.5: Moving VIP to destination...
[22:15:35]   Moving VIP 10.138.215.250 from edge-node-1:ens3 -> edge-node-2:ens3
[22:15:40] Step 5: Creating final dump archive...
[22:15:40] Step 6: Transferring archive...
  Transferring /home/ubuntu/CRIU-tcp-client-final.tar.gz via relay node edge-host-1...
Setting up SSH trust: edge-node-1 → ubuntu@10.138.215.36
  Adding public key to destination's authorized_keys...
  Testing SSH connectivity...
  ✓ SSH trust ready
Setting up SSH trust: edge-host-1 → ubuntu@10.138.215.137
  Adding public key to destination's authorized_keys...
  Testing SSH connectivity...
  ✓ SSH trust ready
[22:17:26] Step 7: Unpacking on destination...
[22:17:27] Step 8: Preparing restore environment...
[22:17:27] Step 9: Restoring client (--tcp-established)...
[22:17:28] Step 10: Verifying connection continuity...
[22:17:31]   Client output (tail): read: Connection reset by peer
[22:17:32]   Server connections so far: 1
[22:17:32] ✗ FAILED: No established TCP socket on destination
[22:17:32] Metrics saved to /home/ivo/Evaluation-of-Live-Migration-Strategies-at-the-Edge/Network-live-migration/metrics/migration_metrics.csv
[exit=1]

$ python3 /home/ivo/Evaluation-of-Live-Migration-Strategies-at-the-Edge/Network-live-migration/scripts/setup/reset_nodes.py edge-node-1 edge-node-2 edge-host-1 10.138.215.250
[22:17:32] Resetting nodes: edge-node-1 -> edge-node-2 (server: edge-host-1, vip: 10.138.215.250)
[22:17:32] Step 1: Killing any existing processes on source...
[22:17:33]   Killing PID 51722 (from /home/ubuntu/tcp_client.pid)
[22:17:33]   Killing PID 51722 (from /home/ubuntu/client.pid)
[22:17:34]   Killing any remaining background processes...
[22:17:35] Step 2: Cleaning source node...
[22:17:37] Step 3: Cleaning destination node...
[22:17:37]   Killing PID 51722 on destination (from /home/ubuntu/tcp_client.pid)
[22:17:38]   Killing PID 51722 on destination (from /home/ubuntu/client.pid)
[22:17:38]   Killing all remaining TCP processes on destination...
[22:17:42] Step 4: Cleaning server node (edge-host-1)...
[22:17:42]   Killing PID 3541900 on server (from /home/ubuntu/tcp_server.pid)
[22:17:44] ✓ Reset complete, nodes are clean
[22:17:44]   Next: Start your application
[exit=0]

$ bash /home/ivo/Evaluation-of-Live-Migration-Strategies-at-the-Edge/Network-live-migration/scripts/workloads/start_tcp_server.sh edge-host-1 5000
[tcp-server] Ensuring tcp-howto binary on edge-host-1...
[tcp-server] Reusing existing /tmp/tcp-howto on edge-host-1
[tcp-server] Starting on edge-host-1 (port 5000)...
[tcp-server] Waiting for listen...
✓ TCP server listening on edge-host-1:5000
[tcp-server] Logs: multipass exec edge-host-1 -- tail -f /home/ubuntu/tcp_server.out
[exit=0]

$ bash /home/ivo/Evaluation-of-Live-Migration-Strategies-at-the-Edge/Network-live-migration/scripts/workloads/start_tcp_client.sh edge-node-1 edge-host-1 5000
[tcp-client] Server endpoint: 10.138.215.36:5000
[tcp-client] Client VIP: 10.138.215.250
[tcp-client] Ensuring tcp-howto binary on edge-node-1...
[tcp-client] Reusing existing /tmp/tcp-howto on edge-node-1
[tcp-client] Ensuring VIP 10.138.215.250 is present on edge-node-1...
ARPING 10.138.215.250 from 10.138.215.250 ens3
Sent 3 probes (3 broadcast(s))
Received 0 response(s)
[tcp-client] Starting on edge-node-1...
[tcp-client] Waiting for established TCP connection...
✓ TCP client connected (PID: 55271)
[tcp-client] Logs: multipass exec edge-node-1 -- tail -f /home/ubuntu/tcp_client.out
[exit=0]

$ python3 /home/ivo/Evaluation-of-Live-Migration-Strategies-at-the-Edge/Network-live-migration/scripts/orchestrators/tcp_client_benchmark.py precopy --source edge-node-1 --dest edge-node-2 --server edge-host-1 --transfer-mode host --run-id 15-05-2026-host-precopy-0023 --csv /home/ivo/Evaluation-of-Live-Migration-Strategies-at-the-Edge/Network-live-migration/metrics/migration_metrics.csv --profile-name 6_TEE_Avg --relay-node edge-host-1 --iterations 3
[22:17:52] === TCP CLIENT MIGRATION ===
[22:17:52] Run ID: 15-05-2026-host-precopy-0023
[22:17:52] Source: edge-node-1, Dest: edge-node-2
[22:17:52] Server: edge-host-1
[22:17:52] Transfer mode: host
[22:17:52] Relay node: edge-host-1

[22:17:52] === TCP CLIENT PRE-COPY MIGRATION (3 iterations) ===
[22:17:52] Step 1: Checking source client process...
[22:17:53]   Using PID from /home/ubuntu/tcp_client.pid: 55271
[22:17:54]   Server connections so far: 1
[22:17:54] Step 2: Preparing CRIU directory...
[22:17:55] Step 3: Running 3 pre-dumps and transferring them while client keeps running...
[22:17:55]   Pre-dump 1/3 complete
[22:17:55]   Archiving and transferring pre-dump 1...
  Transferring /home/ubuntu/CRIU-tcp-client-iter-0.tar.gz via relay node edge-host-1...
Setting up SSH trust: edge-node-1 → ubuntu@10.138.215.36
  Adding public key to destination's authorized_keys...
  Testing SSH connectivity...
  ✓ SSH trust ready
Setting up SSH trust: edge-host-1 → ubuntu@10.138.215.137
  Adding public key to destination's authorized_keys...
  Testing SSH connectivity...
  ✓ SSH trust ready
[22:19:21]   Pre-dump 2/3 complete
[22:19:21]   Archiving and transferring pre-dump 2...
  Transferring /home/ubuntu/CRIU-tcp-client-iter-1.tar.gz via relay node edge-host-1...
Setting up SSH trust: edge-node-1 → ubuntu@10.138.215.36
  Adding public key to destination's authorized_keys...
  Testing SSH connectivity...
  ✓ SSH trust ready
Setting up SSH trust: edge-host-1 → ubuntu@10.138.215.137
  Adding public key to destination's authorized_keys...
  Testing SSH connectivity...
  ✓ SSH trust ready
[22:20:30]   Pre-dump 3/3 complete
[22:20:30]   Archiving and transferring pre-dump 3...
  Transferring /home/ubuntu/CRIU-tcp-client-iter-2.tar.gz via relay node edge-host-1...
Setting up SSH trust: edge-node-1 → ubuntu@10.138.215.36
  Adding public key to destination's authorized_keys...
  Testing SSH connectivity...
  ✓ SSH trust ready
Setting up SSH trust: edge-host-1 → ubuntu@10.138.215.137
  Adding public key to destination's authorized_keys...
  Testing SSH connectivity...
  ✓ SSH trust ready
[22:21:52]   Pre-copy transfer outside downtime: archive=898 ms, transfer=229502 ms, unpack=1599 ms, bytes=22430
[22:21:52] Step 4: Final dump (freezing client)...
[22:21:53] Step 4.5: Moving VIP to destination...
[22:21:53]   Moving VIP 10.138.215.250 from edge-node-1:ens3 -> edge-node-2:ens3
[22:21:58] Step 5: Creating final dump archive...
[22:21:59] Step 6: Transferring archive...
  Transferring /home/ubuntu/CRIU-tcp-client-final.tar.gz via relay node edge-host-1...
Setting up SSH trust: edge-node-1 → ubuntu@10.138.215.36
  Adding public key to destination's authorized_keys...
  Testing SSH connectivity...
  ✓ SSH trust ready
Setting up SSH trust: edge-host-1 → ubuntu@10.138.215.137
  Adding public key to destination's authorized_keys...
  Testing SSH connectivity...
  ✓ SSH trust ready
[22:23:21] Step 7: Unpacking on destination...
[22:23:21] Step 8: Preparing restore environment...
[22:23:22] Step 9: Restoring client (--tcp-established)...
[22:23:22] Step 10: Verifying connection continuity...
[22:23:26]   Client output (tail): read: Connection reset by peer
[22:23:26]   Server connections so far: 1
[22:23:26] ✗ FAILED: No established TCP socket on destination
[22:23:26] Metrics saved to /home/ivo/Evaluation-of-Live-Migration-Strategies-at-the-Edge/Network-live-migration/metrics/migration_metrics.csv
[exit=1]

$ python3 /home/ivo/Evaluation-of-Live-Migration-Strategies-at-the-Edge/Network-live-migration/scripts/setup/reset_nodes.py edge-node-1 edge-node-2 edge-host-1 10.138.215.250
[22:23:26] Resetting nodes: edge-node-1 -> edge-node-2 (server: edge-host-1, vip: 10.138.215.250)
[22:23:26] Step 1: Killing any existing processes on source...
[22:23:27]   Killing PID 55271 (from /home/ubuntu/tcp_client.pid)
[22:23:27]   Killing PID 55271 (from /home/ubuntu/client.pid)
[22:23:28]   Killing any remaining background processes...
[22:23:29] Step 2: Cleaning source node...
[22:23:31] Step 3: Cleaning destination node...
[22:23:31]   Killing PID 55271 on destination (from /home/ubuntu/tcp_client.pid)
[22:23:32]   Killing PID 55271 on destination (from /home/ubuntu/client.pid)
[22:23:33]   Killing all remaining TCP processes on destination...
[22:23:36] Step 4: Cleaning server node (edge-host-1)...
[22:23:36]   Killing PID 3545579 on server (from /home/ubuntu/tcp_server.pid)
[22:23:38] ✓ Reset complete, nodes are clean
[22:23:38]   Next: Start your application
[exit=0]

$ bash /home/ivo/Evaluation-of-Live-Migration-Strategies-at-the-Edge/Network-live-migration/scripts/workloads/start_tcp_server.sh edge-host-1 5000
[tcp-server] Ensuring tcp-howto binary on edge-host-1...
[tcp-server] Reusing existing /tmp/tcp-howto on edge-host-1
[tcp-server] Starting on edge-host-1 (port 5000)...
[tcp-server] Waiting for listen...
✓ TCP server listening on edge-host-1:5000
[tcp-server] Logs: multipass exec edge-host-1 -- tail -f /home/ubuntu/tcp_server.out
[exit=0]

$ bash /home/ivo/Evaluation-of-Live-Migration-Strategies-at-the-Edge/Network-live-migration/scripts/workloads/start_tcp_client.sh edge-node-1 edge-host-1 5000
[tcp-client] Server endpoint: 10.138.215.36:5000
[tcp-client] Client VIP: 10.138.215.250
[tcp-client] Ensuring tcp-howto binary on edge-node-1...
[tcp-client] Reusing existing /tmp/tcp-howto on edge-node-1
[tcp-client] Ensuring VIP 10.138.215.250 is present on edge-node-1...
ARPING 10.138.215.250 from 10.138.215.250 ens3
Sent 3 probes (3 broadcast(s))
Received 0 response(s)
[tcp-client] Starting on edge-node-1...
[tcp-client] Waiting for established TCP connection...
✓ TCP client connected (PID: 59059)
[tcp-client] Logs: multipass exec edge-node-1 -- tail -f /home/ubuntu/tcp_client.out
[exit=0]

$ python3 /home/ivo/Evaluation-of-Live-Migration-Strategies-at-the-Edge/Network-live-migration/scripts/orchestrators/tcp_client_benchmark.py precopy --source edge-node-1 --dest edge-node-2 --server edge-host-1 --transfer-mode host --run-id 15-05-2026-host-precopy-0024 --csv /home/ivo/Evaluation-of-Live-Migration-Strategies-at-the-Edge/Network-live-migration/metrics/migration_metrics.csv --profile-name 6_TEE_Avg --relay-node edge-host-1 --iterations 3
[22:23:47] === TCP CLIENT MIGRATION ===
[22:23:47] Run ID: 15-05-2026-host-precopy-0024
[22:23:47] Source: edge-node-1, Dest: edge-node-2
[22:23:47] Server: edge-host-1
[22:23:47] Transfer mode: host
[22:23:47] Relay node: edge-host-1

[22:23:47] === TCP CLIENT PRE-COPY MIGRATION (3 iterations) ===
[22:23:47] Step 1: Checking source client process...
[22:23:47]   Using PID from /home/ubuntu/tcp_client.pid: 59059
[22:23:48]   Server connections so far: 1
[22:23:49] Step 2: Preparing CRIU directory...
[22:23:49] Step 3: Running 3 pre-dumps and transferring them while client keeps running...
[22:23:49]   Pre-dump 1/3 complete
[22:23:49]   Archiving and transferring pre-dump 1...
  Transferring /home/ubuntu/CRIU-tcp-client-iter-0.tar.gz via relay node edge-host-1...
Setting up SSH trust: edge-node-1 → ubuntu@10.138.215.36
  Adding public key to destination's authorized_keys...
  Testing SSH connectivity...
  ✓ SSH trust ready
Setting up SSH trust: edge-host-1 → ubuntu@10.138.215.137
  Adding public key to destination's authorized_keys...
  Testing SSH connectivity...
  ✓ SSH trust ready
[22:25:24]   Pre-dump 2/3 complete
[22:25:24]   Archiving and transferring pre-dump 2...
  Transferring /home/ubuntu/CRIU-tcp-client-iter-1.tar.gz via relay node edge-host-1...
Setting up SSH trust: edge-node-1 → ubuntu@10.138.215.36
  Adding public key to destination's authorized_keys...
  Testing SSH connectivity...
  ✓ SSH trust ready
Setting up SSH trust: edge-host-1 → ubuntu@10.138.215.137
  Adding public key to destination's authorized_keys...
  Testing SSH connectivity...
  ✓ SSH trust ready
[22:26:48]   Pre-dump 3/3 complete
[22:26:48]   Archiving and transferring pre-dump 3...
  Transferring /home/ubuntu/CRIU-tcp-client-iter-2.tar.gz via relay node edge-host-1...
Setting up SSH trust: edge-node-1 → ubuntu@10.138.215.36
  Adding public key to destination's authorized_keys...
  Testing SSH connectivity...
  ✓ SSH trust ready
Setting up SSH trust: edge-host-1 → ubuntu@10.138.215.137
  Adding public key to destination's authorized_keys...
  Testing SSH connectivity...
  ✓ SSH trust ready
[22:28:19]   Pre-copy transfer outside downtime: archive=892 ms, transfer=263370 ms, unpack=1296 ms, bytes=23014
[22:28:19] Step 4: Final dump (freezing client)...
[22:28:20] Step 4.5: Moving VIP to destination...
[22:28:20]   Moving VIP 10.138.215.250 from edge-node-1:ens3 -> edge-node-2:ens3
[22:28:25] Step 5: Creating final dump archive...
[22:28:26] Step 6: Transferring archive...
  Transferring /home/ubuntu/CRIU-tcp-client-final.tar.gz via relay node edge-host-1...
Setting up SSH trust: edge-node-1 → ubuntu@10.138.215.36
  Adding public key to destination's authorized_keys...
  Testing SSH connectivity...
  ✓ SSH trust ready
Setting up SSH trust: edge-host-1 → ubuntu@10.138.215.137
  Adding public key to destination's authorized_keys...
  Testing SSH connectivity...
  ✓ SSH trust ready
[22:29:53] Step 7: Unpacking on destination...
[22:29:54] Step 8: Preparing restore environment...
[22:29:54] Step 9: Restoring client (--tcp-established)...
[22:29:55] Step 10: Verifying connection continuity...
[22:29:58]   Client output (tail): PP 116 -> 116
[22:29:59]   Server connections so far: 1
[22:29:59] ✓ SUCCESS: Client restored and TCP socket appears established
[22:29:59] Metrics saved to /home/ivo/Evaluation-of-Live-Migration-Strategies-at-the-Edge/Network-live-migration/metrics/migration_metrics.csv
[exit=0]

$ python3 /home/ivo/Evaluation-of-Live-Migration-Strategies-at-the-Edge/Network-live-migration/scripts/setup/reset_nodes.py edge-node-1 edge-node-2 edge-host-1 10.138.215.250
[22:30:00] Resetting nodes: edge-node-1 -> edge-node-2 (server: edge-host-1, vip: 10.138.215.250)
[22:30:00] Step 1: Killing any existing processes on source...
[22:30:00]   Killing PID 59059 (from /home/ubuntu/tcp_client.pid)
[22:30:01]   Killing PID 59059 (from /home/ubuntu/client.pid)
[22:30:01]   Killing any remaining background processes...
[22:30:02] Step 2: Cleaning source node...
[22:30:04] Step 3: Cleaning destination node...
[22:30:05]   Killing PID 59059 on destination (from /home/ubuntu/tcp_client.pid)
[22:30:05]   Killing PID 59059 on destination (from /home/ubuntu/client.pid)
[22:30:06]   Killing all remaining TCP processes on destination...
[22:30:09] Step 4: Cleaning server node (edge-host-1)...
[22:30:09]   Killing PID 3548951 on server (from /home/ubuntu/tcp_server.pid)
[22:30:12] ✓ Reset complete, nodes are clean
[22:30:12]   Next: Start your application
[exit=0]

$ bash /home/ivo/Evaluation-of-Live-Migration-Strategies-at-the-Edge/Network-live-migration/scripts/workloads/start_tcp_server.sh edge-host-1 5000
[tcp-server] Ensuring tcp-howto binary on edge-host-1...
[tcp-server] Reusing existing /tmp/tcp-howto on edge-host-1
[tcp-server] Starting on edge-host-1 (port 5000)...
[tcp-server] Waiting for listen...
✓ TCP server listening on edge-host-1:5000
[tcp-server] Logs: multipass exec edge-host-1 -- tail -f /home/ubuntu/tcp_server.out
[exit=0]

$ bash /home/ivo/Evaluation-of-Live-Migration-Strategies-at-the-Edge/Network-live-migration/scripts/workloads/start_tcp_client.sh edge-node-1 edge-host-1 5000
[tcp-client] Server endpoint: 10.138.215.36:5000
[tcp-client] Client VIP: 10.138.215.250
[tcp-client] Ensuring tcp-howto binary on edge-node-1...
[tcp-client] Reusing existing /tmp/tcp-howto on edge-node-1
[tcp-client] Ensuring VIP 10.138.215.250 is present on edge-node-1...
ARPING 10.138.215.250 from 10.138.215.250 ens3
Sent 3 probes (3 broadcast(s))
Received 0 response(s)
[tcp-client] Starting on edge-node-1...
[tcp-client] Waiting for established TCP connection...
✓ TCP client connected (PID: 62660)
[tcp-client] Logs: multipass exec edge-node-1 -- tail -f /home/ubuntu/tcp_client.out
[exit=0]

$ python3 /home/ivo/Evaluation-of-Live-Migration-Strategies-at-the-Edge/Network-live-migration/scripts/orchestrators/tcp_client_benchmark.py precopy --source edge-node-1 --dest edge-node-2 --server edge-host-1 --transfer-mode host --run-id 15-05-2026-host-precopy-0025 --csv /home/ivo/Evaluation-of-Live-Migration-Strategies-at-the-Edge/Network-live-migration/metrics/migration_metrics.csv --profile-name 6_TEE_Avg --relay-node edge-host-1 --iterations 3
[22:30:20] === TCP CLIENT MIGRATION ===
[22:30:20] Run ID: 15-05-2026-host-precopy-0025
[22:30:20] Source: edge-node-1, Dest: edge-node-2
[22:30:20] Server: edge-host-1
[22:30:20] Transfer mode: host
[22:30:20] Relay node: edge-host-1

[22:30:20] === TCP CLIENT PRE-COPY MIGRATION (3 iterations) ===
[22:30:20] Step 1: Checking source client process...
[22:30:21]   Using PID from /home/ubuntu/tcp_client.pid: 62660
[22:30:22]   Server connections so far: 1
[22:30:22] Step 2: Preparing CRIU directory...
[22:30:22] Step 3: Running 3 pre-dumps and transferring them while client keeps running...
[22:30:23]   Pre-dump 1/3 complete
[22:30:23]   Archiving and transferring pre-dump 1...
  Transferring /home/ubuntu/CRIU-tcp-client-iter-0.tar.gz via relay node edge-host-1...
Setting up SSH trust: edge-node-1 → ubuntu@10.138.215.36
  Adding public key to destination's authorized_keys...
  Testing SSH connectivity...
  ✓ SSH trust ready
Setting up SSH trust: edge-host-1 → ubuntu@10.138.215.137
  Adding public key to destination's authorized_keys...
  Testing SSH connectivity...
  ✓ SSH trust ready
[22:31:49]   Pre-dump 2/3 complete
[22:31:49]   Archiving and transferring pre-dump 2...
  Transferring /home/ubuntu/CRIU-tcp-client-iter-1.tar.gz via relay node edge-host-1...
Setting up SSH trust: edge-node-1 → ubuntu@10.138.215.36
  Adding public key to destination's authorized_keys...
  Testing SSH connectivity...
  ✓ SSH trust ready
Setting up SSH trust: edge-host-1 → ubuntu@10.138.215.137
  Adding public key to destination's authorized_keys...
  Testing SSH connectivity...
  ✓ SSH trust ready
[22:33:26]   Pre-dump 3/3 complete
[22:33:26]   Archiving and transferring pre-dump 3...
  Transferring /home/ubuntu/CRIU-tcp-client-iter-2.tar.gz via relay node edge-host-1...
Setting up SSH trust: edge-node-1 → ubuntu@10.138.215.36
  Adding public key to destination's authorized_keys...
  Testing SSH connectivity...
  ✓ SSH trust ready
Setting up SSH trust: edge-host-1 → ubuntu@10.138.215.137
  Adding public key to destination's authorized_keys...
  Testing SSH connectivity...
  ✓ SSH trust ready
[22:35:21]   Pre-copy transfer outside downtime: archive=903 ms, transfer=291237 ms, unpack=1242 ms, bytes=23296
[22:35:21] Step 4: Final dump (freezing client)...
[22:35:22] Step 4.5: Moving VIP to destination...
[22:35:22]   Moving VIP 10.138.215.250 from edge-node-1:ens3 -> edge-node-2:ens3
[22:35:28] Step 5: Creating final dump archive...
[22:35:28] Step 6: Transferring archive...
  Transferring /home/ubuntu/CRIU-tcp-client-final.tar.gz via relay node edge-host-1...
Setting up SSH trust: edge-node-1 → ubuntu@10.138.215.36
  Adding public key to destination's authorized_keys...
  Testing SSH connectivity...
  ✓ SSH trust ready
Setting up SSH trust: edge-host-1 → ubuntu@10.138.215.137
  Adding public key to destination's authorized_keys...
  Testing SSH connectivity...
  ✓ SSH trust ready
[22:36:53] Step 7: Unpacking on destination...
[22:36:53] Step 8: Preparing restore environment...
[22:36:54] Step 9: Restoring client (--tcp-established)...
[22:36:54] Step 10: Verifying connection continuity...
[22:36:57]   Client output (tail): PP 126 -> 126
[22:36:58]   Server connections so far: 1
[22:36:58] ✓ SUCCESS: Client restored and TCP socket appears established
[22:36:58] Metrics saved to /home/ivo/Evaluation-of-Live-Migration-Strategies-at-the-Edge/Network-live-migration/metrics/migration_metrics.csv
[exit=0]

$ python3 /home/ivo/Evaluation-of-Live-Migration-Strategies-at-the-Edge/Network-live-migration/scripts/setup/reset_nodes.py edge-node-1 edge-node-2 edge-host-1 10.138.215.250
[22:36:59] Resetting nodes: edge-node-1 -> edge-node-2 (server: edge-host-1, vip: 10.138.215.250)
[22:36:59] Step 1: Killing any existing processes on source...
[22:36:59]   Killing PID 62660 (from /home/ubuntu/tcp_client.pid)
[22:37:00]   Killing PID 62660 (from /home/ubuntu/client.pid)
[22:37:00]   Killing any remaining background processes...
[22:37:02] Step 2: Cleaning source node...
[22:37:04] Step 3: Cleaning destination node...
[22:37:04]   Killing PID 62660 on destination (from /home/ubuntu/tcp_client.pid)
[22:37:05]   Killing PID 62660 on destination (from /home/ubuntu/client.pid)
[22:37:05]   Killing all remaining TCP processes on destination...
[22:37:08] Step 4: Cleaning server node (edge-host-1)...
[22:37:08]   Killing PID 3552441 on server (from /home/ubuntu/tcp_server.pid)
[22:37:11] ✓ Reset complete, nodes are clean
[22:37:11]   Next: Start your application
[exit=0]

$ bash /home/ivo/Evaluation-of-Live-Migration-Strategies-at-the-Edge/Network-live-migration/scripts/workloads/start_tcp_server.sh edge-host-1 5000
[tcp-server] Ensuring tcp-howto binary on edge-host-1...
[tcp-server] Reusing existing /tmp/tcp-howto on edge-host-1
[tcp-server] Starting on edge-host-1 (port 5000)...
[tcp-server] Waiting for listen...
✓ TCP server listening on edge-host-1:5000
[tcp-server] Logs: multipass exec edge-host-1 -- tail -f /home/ubuntu/tcp_server.out
[exit=0]

$ bash /home/ivo/Evaluation-of-Live-Migration-Strategies-at-the-Edge/Network-live-migration/scripts/workloads/start_tcp_client.sh edge-node-1 edge-host-1 5000
[tcp-client] Server endpoint: 10.138.215.36:5000
[tcp-client] Client VIP: 10.138.215.250
[tcp-client] Ensuring tcp-howto binary on edge-node-1...
[tcp-client] Reusing existing /tmp/tcp-howto on edge-node-1
[tcp-client] Ensuring VIP 10.138.215.250 is present on edge-node-1...
ARPING 10.138.215.250 from 10.138.215.250 ens3
Sent 3 probes (3 broadcast(s))
Received 0 response(s)
[tcp-client] Starting on edge-node-1...
[tcp-client] Waiting for established TCP connection...
✓ TCP client connected (PID: 66504)
[tcp-client] Logs: multipass exec edge-node-1 -- tail -f /home/ubuntu/tcp_client.out
[exit=0]

$ python3 /home/ivo/Evaluation-of-Live-Migration-Strategies-at-the-Edge/Network-live-migration/scripts/orchestrators/tcp_client_benchmark.py precopy --source edge-node-1 --dest edge-node-2 --server edge-host-1 --transfer-mode host --run-id 15-05-2026-host-precopy-0026 --csv /home/ivo/Evaluation-of-Live-Migration-Strategies-at-the-Edge/Network-live-migration/metrics/migration_metrics.csv --profile-name 6_TEE_Avg --relay-node edge-host-1 --iterations 3
[22:37:19] === TCP CLIENT MIGRATION ===
[22:37:19] Run ID: 15-05-2026-host-precopy-0026
[22:37:19] Source: edge-node-1, Dest: edge-node-2
[22:37:19] Server: edge-host-1
[22:37:19] Transfer mode: host
[22:37:19] Relay node: edge-host-1

[22:37:19] === TCP CLIENT PRE-COPY MIGRATION (3 iterations) ===
[22:37:19] Step 1: Checking source client process...
[22:37:20]   Using PID from /home/ubuntu/tcp_client.pid: 66504
[22:37:20]   Server connections so far: 1
[22:37:21] Step 2: Preparing CRIU directory...
[22:37:21] Step 3: Running 3 pre-dumps and transferring them while client keeps running...
[22:37:21]   Pre-dump 1/3 complete
[22:37:21]   Archiving and transferring pre-dump 1...
  Transferring /home/ubuntu/CRIU-tcp-client-iter-0.tar.gz via relay node edge-host-1...
Setting up SSH trust: edge-node-1 → ubuntu@10.138.215.36
  Adding public key to destination's authorized_keys...
  Testing SSH connectivity...
  ✓ SSH trust ready
Setting up SSH trust: edge-host-1 → ubuntu@10.138.215.137
  Adding public key to destination's authorized_keys...
  Testing SSH connectivity...
  ✓ SSH trust ready
[22:39:02]   Pre-dump 2/3 complete
[22:39:02]   Archiving and transferring pre-dump 2...
  Transferring /home/ubuntu/CRIU-tcp-client-iter-1.tar.gz via relay node edge-host-1...
Setting up SSH trust: edge-node-1 → ubuntu@10.138.215.36
  Adding public key to destination's authorized_keys...
  Testing SSH connectivity...
  ✓ SSH trust ready
Setting up SSH trust: edge-host-1 → ubuntu@10.138.215.137
  Adding public key to destination's authorized_keys...
  Testing SSH connectivity...
  ✓ SSH trust ready
[22:40:26]   Pre-dump 3/3 complete
[22:40:26]   Archiving and transferring pre-dump 3...
  Transferring /home/ubuntu/CRIU-tcp-client-iter-2.tar.gz via relay node edge-host-1...
Setting up SSH trust: edge-node-1 → ubuntu@10.138.215.36
  Adding public key to destination's authorized_keys...
  Testing SSH connectivity...
  ✓ SSH trust ready
Setting up SSH trust: edge-host-1 → ubuntu@10.138.215.137
  Adding public key to destination's authorized_keys...
  Testing SSH connectivity...
  ✓ SSH trust ready
[22:41:49]   Pre-copy transfer outside downtime: archive=879 ms, transfer=260790 ms, unpack=924 ms, bytes=22638
[22:41:49] Step 4: Final dump (freezing client)...
[22:41:50] Step 4.5: Moving VIP to destination...
[22:41:50]   Moving VIP 10.138.215.250 from edge-node-1:ens3 -> edge-node-2:ens3
[22:41:56] Step 5: Creating final dump archive...
[22:41:56] Step 6: Transferring archive...
  Transferring /home/ubuntu/CRIU-tcp-client-final.tar.gz via relay node edge-host-1...
Setting up SSH trust: edge-node-1 → ubuntu@10.138.215.36
  Adding public key to destination's authorized_keys...
  Testing SSH connectivity...
  ✓ SSH trust ready
Setting up SSH trust: edge-host-1 → ubuntu@10.138.215.137
  Adding public key to destination's authorized_keys...
  Testing SSH connectivity...
  ✓ SSH trust ready
[22:43:26] Step 7: Unpacking on destination...
[22:43:27] Step 8: Preparing restore environment...
[22:43:27] Step 9: Restoring client (--tcp-established)...
[22:43:28] Step 10: Verifying connection continuity...
[22:43:31]   Client output (tail): PP 112 -> 112
[22:43:32]   Server connections so far: 1
[22:43:32] ✓ SUCCESS: Client restored and TCP socket appears established
[22:43:32] Metrics saved to /home/ivo/Evaluation-of-Live-Migration-Strategies-at-the-Edge/Network-live-migration/metrics/migration_metrics.csv
[exit=0]

$ python3 /home/ivo/Evaluation-of-Live-Migration-Strategies-at-the-Edge/Network-live-migration/scripts/setup/reset_nodes.py edge-node-1 edge-node-2 edge-host-1 10.138.215.250
[22:43:32] Resetting nodes: edge-node-1 -> edge-node-2 (server: edge-host-1, vip: 10.138.215.250)
[22:43:32] Step 1: Killing any existing processes on source...
[22:43:33]   Killing PID 66504 (from /home/ubuntu/tcp_client.pid)
[22:43:33]   Killing PID 66504 (from /home/ubuntu/client.pid)
[22:43:34]   Killing any remaining background processes...
[22:43:35] Step 2: Cleaning source node...
[22:43:37] Step 3: Cleaning destination node...
[22:43:37]   Killing PID 66504 on destination (from /home/ubuntu/tcp_client.pid)
[22:43:38]   Killing PID 66504 on destination (from /home/ubuntu/client.pid)
[22:43:38]   Killing all remaining TCP processes on destination...
[22:43:42] Step 4: Cleaning server node (edge-host-1)...
[22:43:42]   Killing PID 3556185 on server (from /home/ubuntu/tcp_server.pid)
[22:43:44] ✓ Reset complete, nodes are clean
[22:43:44]   Next: Start your application
[exit=0]

$ bash /home/ivo/Evaluation-of-Live-Migration-Strategies-at-the-Edge/Network-live-migration/scripts/workloads/start_tcp_server.sh edge-host-1 5000
[tcp-server] Ensuring tcp-howto binary on edge-host-1...
[tcp-server] Reusing existing /tmp/tcp-howto on edge-host-1
[tcp-server] Starting on edge-host-1 (port 5000)...
[tcp-server] Waiting for listen...
✓ TCP server listening on edge-host-1:5000
[tcp-server] Logs: multipass exec edge-host-1 -- tail -f /home/ubuntu/tcp_server.out
[exit=0]

$ bash /home/ivo/Evaluation-of-Live-Migration-Strategies-at-the-Edge/Network-live-migration/scripts/workloads/start_tcp_client.sh edge-node-1 edge-host-1 5000
[tcp-client] Server endpoint: 10.138.215.36:5000
[tcp-client] Client VIP: 10.138.215.250
[tcp-client] Ensuring tcp-howto binary on edge-node-1...
[tcp-client] Reusing existing /tmp/tcp-howto on edge-node-1
[tcp-client] Ensuring VIP 10.138.215.250 is present on edge-node-1...
ARPING 10.138.215.250 from 10.138.215.250 ens3
Sent 3 probes (3 broadcast(s))
Received 0 response(s)
[tcp-client] Starting on edge-node-1...
[tcp-client] Waiting for established TCP connection...
✓ TCP client connected (PID: 70116)
[tcp-client] Logs: multipass exec edge-node-1 -- tail -f /home/ubuntu/tcp_client.out
[exit=0]

$ python3 /home/ivo/Evaluation-of-Live-Migration-Strategies-at-the-Edge/Network-live-migration/scripts/orchestrators/tcp_client_benchmark.py precopy --source edge-node-1 --dest edge-node-2 --server edge-host-1 --transfer-mode host --run-id 15-05-2026-host-precopy-0027 --csv /home/ivo/Evaluation-of-Live-Migration-Strategies-at-the-Edge/Network-live-migration/metrics/migration_metrics.csv --profile-name 6_TEE_Avg --relay-node edge-host-1 --iterations 3
[22:43:53] === TCP CLIENT MIGRATION ===
[22:43:53] Run ID: 15-05-2026-host-precopy-0027
[22:43:53] Source: edge-node-1, Dest: edge-node-2
[22:43:53] Server: edge-host-1
[22:43:53] Transfer mode: host
[22:43:53] Relay node: edge-host-1

[22:43:53] === TCP CLIENT PRE-COPY MIGRATION (3 iterations) ===
[22:43:53] Step 1: Checking source client process...
[22:43:53]   Using PID from /home/ubuntu/tcp_client.pid: 70116
[22:43:54]   Server connections so far: 1
[22:43:55] Step 2: Preparing CRIU directory...
[22:43:55] Step 3: Running 3 pre-dumps and transferring them while client keeps running...
[22:43:55]   Pre-dump 1/3 complete
[22:43:55]   Archiving and transferring pre-dump 1...
  Transferring /home/ubuntu/CRIU-tcp-client-iter-0.tar.gz via relay node edge-host-1...
Setting up SSH trust: edge-node-1 → ubuntu@10.138.215.36
  Adding public key to destination's authorized_keys...
  Testing SSH connectivity...
  ✓ SSH trust ready
Setting up SSH trust: edge-host-1 → ubuntu@10.138.215.137
  Adding public key to destination's authorized_keys...
  Testing SSH connectivity...
  ✓ SSH trust ready
[22:45:34]   Pre-dump 2/3 complete
[22:45:34]   Archiving and transferring pre-dump 2...
  Transferring /home/ubuntu/CRIU-tcp-client-iter-1.tar.gz via relay node edge-host-1...
Setting up SSH trust: edge-node-1 → ubuntu@10.138.215.36
  Adding public key to destination's authorized_keys...
  Testing SSH connectivity...
  ✓ SSH trust ready
Setting up SSH trust: edge-host-1 → ubuntu@10.138.215.137
  Adding public key to destination's authorized_keys...
  Testing SSH connectivity...
  ✓ SSH trust ready
[22:47:25]   Pre-dump 3/3 complete
[22:47:25]   Archiving and transferring pre-dump 3...
  Transferring /home/ubuntu/CRIU-tcp-client-iter-2.tar.gz via relay node edge-host-1...
Setting up SSH trust: edge-node-1 → ubuntu@10.138.215.36
  Adding public key to destination's authorized_keys...
  Testing SSH connectivity...
  ✓ SSH trust ready
Setting up SSH trust: edge-host-1 → ubuntu@10.138.215.137
  Adding public key to destination's authorized_keys...
  Testing SSH connectivity...
  ✓ SSH trust ready
[22:48:43]   Pre-copy transfer outside downtime: archive=894 ms, transfer=281270 ms, unpack=1223 ms, bytes=22544
[22:48:43] Step 4: Final dump (freezing client)...
[22:48:44] Step 4.5: Moving VIP to destination...
[22:48:45]   Moving VIP 10.138.215.250 from edge-node-1:ens3 -> edge-node-2:ens3
[22:48:50] Step 5: Creating final dump archive...
[22:48:50] Step 6: Transferring archive...
  Transferring /home/ubuntu/CRIU-tcp-client-final.tar.gz via relay node edge-host-1...
Setting up SSH trust: edge-node-1 → ubuntu@10.138.215.36
  Adding public key to destination's authorized_keys...
  Testing SSH connectivity...
  ✓ SSH trust ready
Setting up SSH trust: edge-host-1 → ubuntu@10.138.215.137
  Adding public key to destination's authorized_keys...
  Testing SSH connectivity...
  ✓ SSH trust ready
[22:50:11] Step 7: Unpacking on destination...
[22:50:12] Step 8: Preparing restore environment...
[22:50:12] Step 9: Restoring client (--tcp-established)...
[22:50:13] Step 10: Verifying connection continuity...
[22:50:16]   Client output (tail): PP 122 -> 122
[22:50:17]   Server connections so far: 1
[22:50:17] ✓ SUCCESS: Client restored and TCP socket appears established
[22:50:17] Metrics saved to /home/ivo/Evaluation-of-Live-Migration-Strategies-at-the-Edge/Network-live-migration/metrics/migration_metrics.csv
[exit=0]

$ python3 /home/ivo/Evaluation-of-Live-Migration-Strategies-at-the-Edge/Network-live-migration/scripts/setup/reset_nodes.py edge-node-1 edge-node-2 edge-host-1 10.138.215.250
[22:50:18] Resetting nodes: edge-node-1 -> edge-node-2 (server: edge-host-1, vip: 10.138.215.250)
[22:50:18] Step 1: Killing any existing processes on source...
[22:50:18]   Killing PID 70116 (from /home/ubuntu/tcp_client.pid)
[22:50:19]   Killing PID 70116 (from /home/ubuntu/client.pid)
[22:50:19]   Killing any remaining background processes...
[22:50:20] Step 2: Cleaning source node...
[22:50:22] Step 3: Cleaning destination node...
[22:50:22]   Killing PID 70116 on destination (from /home/ubuntu/tcp_client.pid)
[22:50:23]   Killing PID 70116 on destination (from /home/ubuntu/client.pid)
[22:50:24]   Killing all remaining TCP processes on destination...
[22:50:27] Step 4: Cleaning server node (edge-host-1)...
[22:50:27]   Killing PID 3559636 on server (from /home/ubuntu/tcp_server.pid)
[22:50:29] ✓ Reset complete, nodes are clean
[22:50:29]   Next: Start your application
[exit=0]

$ bash /home/ivo/Evaluation-of-Live-Migration-Strategies-at-the-Edge/Network-live-migration/scripts/workloads/start_tcp_server.sh edge-host-1 5000
[tcp-server] Ensuring tcp-howto binary on edge-host-1...
[tcp-server] Reusing existing /tmp/tcp-howto on edge-host-1
[tcp-server] Starting on edge-host-1 (port 5000)...
[tcp-server] Waiting for listen...
✓ TCP server listening on edge-host-1:5000
[tcp-server] Logs: multipass exec edge-host-1 -- tail -f /home/ubuntu/tcp_server.out
[exit=0]

$ bash /home/ivo/Evaluation-of-Live-Migration-Strategies-at-the-Edge/Network-live-migration/scripts/workloads/start_tcp_client.sh edge-node-1 edge-host-1 5000
[tcp-client] Server endpoint: 10.138.215.36:5000
[tcp-client] Client VIP: 10.138.215.250
[tcp-client] Ensuring tcp-howto binary on edge-node-1...
[tcp-client] Reusing existing /tmp/tcp-howto on edge-node-1
[tcp-client] Ensuring VIP 10.138.215.250 is present on edge-node-1...
ARPING 10.138.215.250 from 10.138.215.250 ens3
Sent 3 probes (3 broadcast(s))
Received 0 response(s)
[tcp-client] Starting on edge-node-1...
[tcp-client] Waiting for established TCP connection...
✓ TCP client connected (PID: 73969)
[tcp-client] Logs: multipass exec edge-node-1 -- tail -f /home/ubuntu/tcp_client.out
[exit=0]

$ python3 /home/ivo/Evaluation-of-Live-Migration-Strategies-at-the-Edge/Network-live-migration/scripts/orchestrators/tcp_client_benchmark.py precopy --source edge-node-1 --dest edge-node-2 --server edge-host-1 --transfer-mode host --run-id 15-05-2026-host-precopy-0028 --csv /home/ivo/Evaluation-of-Live-Migration-Strategies-at-the-Edge/Network-live-migration/metrics/migration_metrics.csv --profile-name 6_TEE_Avg --relay-node edge-host-1 --iterations 3
[22:50:38] === TCP CLIENT MIGRATION ===
[22:50:38] Run ID: 15-05-2026-host-precopy-0028
[22:50:38] Source: edge-node-1, Dest: edge-node-2
[22:50:38] Server: edge-host-1
[22:50:38] Transfer mode: host
[22:50:38] Relay node: edge-host-1

[22:50:38] === TCP CLIENT PRE-COPY MIGRATION (3 iterations) ===
[22:50:38] Step 1: Checking source client process...
[22:50:38]   Using PID from /home/ubuntu/tcp_client.pid: 73969
[22:50:39]   Server connections so far: 1
[22:50:39] Step 2: Preparing CRIU directory...
[22:50:40] Step 3: Running 3 pre-dumps and transferring them while client keeps running...
[22:50:40]   Pre-dump 1/3 complete
[22:50:40]   Archiving and transferring pre-dump 1...
  Transferring /home/ubuntu/CRIU-tcp-client-iter-0.tar.gz via relay node edge-host-1...
Setting up SSH trust: edge-node-1 → ubuntu@10.138.215.36
  Adding public key to destination's authorized_keys...
  Testing SSH connectivity...
  ✓ SSH trust ready
Setting up SSH trust: edge-host-1 → ubuntu@10.138.215.137
  Adding public key to destination's authorized_keys...
  Testing SSH connectivity...
  ✓ SSH trust ready
[22:52:04]   Pre-dump 2/3 complete
[22:52:04]   Archiving and transferring pre-dump 2...
  Transferring /home/ubuntu/CRIU-tcp-client-iter-1.tar.gz via relay node edge-host-1...
Setting up SSH trust: edge-node-1 → ubuntu@10.138.215.36
  Adding public key to destination's authorized_keys...
  Testing SSH connectivity...
  ✓ SSH trust ready
Setting up SSH trust: edge-host-1 → ubuntu@10.138.215.137
  Adding public key to destination's authorized_keys...
  Testing SSH connectivity...
  ✓ SSH trust ready
[22:53:20]   Pre-dump 3/3 complete
[22:53:20]   Archiving and transferring pre-dump 3...
  Transferring /home/ubuntu/CRIU-tcp-client-iter-2.tar.gz via relay node edge-host-1...
Setting up SSH trust: edge-node-1 → ubuntu@10.138.215.36
  Adding public key to destination's authorized_keys...
  Testing SSH connectivity...
  ✓ SSH trust ready
Setting up SSH trust: edge-host-1 → ubuntu@10.138.215.137
  Adding public key to destination's authorized_keys...
  Testing SSH connectivity...
  ✓ SSH trust ready
[22:54:54]   Pre-copy transfer outside downtime: archive=878 ms, transfer=247144 ms, unpack=1094 ms, bytes=21790
[22:54:54] Step 4: Final dump (freezing client)...
[22:54:54] Step 4.5: Moving VIP to destination...
[22:54:55]   Moving VIP 10.138.215.250 from edge-node-1:ens3 -> edge-node-2:ens3
[22:55:00] Step 5: Creating final dump archive...
[22:55:01] Step 6: Transferring archive...
  Transferring /home/ubuntu/CRIU-tcp-client-final.tar.gz via relay node edge-host-1...
Setting up SSH trust: edge-node-1 → ubuntu@10.138.215.36
  Adding public key to destination's authorized_keys...
  Testing SSH connectivity...
  ✓ SSH trust ready
Setting up SSH trust: edge-host-1 → ubuntu@10.138.215.137
  Adding public key to destination's authorized_keys...
  Testing SSH connectivity...
  ✓ SSH trust ready
[22:56:28] Step 7: Unpacking on destination...
[22:56:28] Step 8: Preparing restore environment...
[22:56:29] Step 9: Restoring client (--tcp-established)...
[22:56:29] Step 10: Verifying connection continuity...
[22:56:33]   Client output (tail): read: Connection reset by peer
[22:56:33]   Server connections so far: 1
[22:56:33] ✗ FAILED: No established TCP socket on destination
[22:56:33] Metrics saved to /home/ivo/Evaluation-of-Live-Migration-Strategies-at-the-Edge/Network-live-migration/metrics/migration_metrics.csv
[exit=1]

$ python3 /home/ivo/Evaluation-of-Live-Migration-Strategies-at-the-Edge/Network-live-migration/scripts/setup/reset_nodes.py edge-node-1 edge-node-2 edge-host-1 10.138.215.250
[22:56:33] Resetting nodes: edge-node-1 -> edge-node-2 (server: edge-host-1, vip: 10.138.215.250)
[22:56:33] Step 1: Killing any existing processes on source...
[22:56:34]   Killing PID 73969 (from /home/ubuntu/tcp_client.pid)
[22:56:35]   Killing PID 73969 (from /home/ubuntu/client.pid)
[22:56:35]   Killing any remaining background processes...
[22:56:36] Step 2: Cleaning source node...
[22:56:38] Step 3: Cleaning destination node...
[22:56:38]   Killing PID 73969 on destination (from /home/ubuntu/tcp_client.pid)
[22:56:39]   Killing PID 73969 on destination (from /home/ubuntu/client.pid)
[22:56:40]   Killing all remaining TCP processes on destination...
[22:56:43] Step 4: Cleaning server node (edge-host-1)...
[22:56:43]   Killing PID 3563366 on server (from /home/ubuntu/tcp_server.pid)
[22:56:45] ✓ Reset complete, nodes are clean
[22:56:45]   Next: Start your application
[exit=0]

$ bash /home/ivo/Evaluation-of-Live-Migration-Strategies-at-the-Edge/Network-live-migration/scripts/workloads/start_tcp_server.sh edge-host-1 5000
[tcp-server] Ensuring tcp-howto binary on edge-host-1...
[tcp-server] Reusing existing /tmp/tcp-howto on edge-host-1
[tcp-server] Starting on edge-host-1 (port 5000)...
[tcp-server] Waiting for listen...
✓ TCP server listening on edge-host-1:5000
[tcp-server] Logs: multipass exec edge-host-1 -- tail -f /home/ubuntu/tcp_server.out
[exit=0]

$ bash /home/ivo/Evaluation-of-Live-Migration-Strategies-at-the-Edge/Network-live-migration/scripts/workloads/start_tcp_client.sh edge-node-1 edge-host-1 5000
[tcp-client] Server endpoint: 10.138.215.36:5000
[tcp-client] Client VIP: 10.138.215.250
[tcp-client] Ensuring tcp-howto binary on edge-node-1...
[tcp-client] Reusing existing /tmp/tcp-howto on edge-node-1
[tcp-client] Ensuring VIP 10.138.215.250 is present on edge-node-1...
ARPING 10.138.215.250 from 10.138.215.250 ens3
Sent 3 probes (3 broadcast(s))
Received 0 response(s)
[tcp-client] Starting on edge-node-1...
[tcp-client] Waiting for established TCP connection...
✓ TCP client connected (PID: 77495)
[tcp-client] Logs: multipass exec edge-node-1 -- tail -f /home/ubuntu/tcp_client.out
[exit=0]

$ python3 /home/ivo/Evaluation-of-Live-Migration-Strategies-at-the-Edge/Network-live-migration/scripts/orchestrators/tcp_client_benchmark.py precopy --source edge-node-1 --dest edge-node-2 --server edge-host-1 --transfer-mode host --run-id 15-05-2026-host-precopy-0029 --csv /home/ivo/Evaluation-of-Live-Migration-Strategies-at-the-Edge/Network-live-migration/metrics/migration_metrics.csv --profile-name 6_TEE_Avg --relay-node edge-host-1 --iterations 3
[22:56:55] === TCP CLIENT MIGRATION ===
[22:56:55] Run ID: 15-05-2026-host-precopy-0029
[22:56:55] Source: edge-node-1, Dest: edge-node-2
[22:56:55] Server: edge-host-1
[22:56:55] Transfer mode: host
[22:56:55] Relay node: edge-host-1

[22:56:55] === TCP CLIENT PRE-COPY MIGRATION (3 iterations) ===
[22:56:55] Step 1: Checking source client process...
[22:56:56]   Using PID from /home/ubuntu/tcp_client.pid: 77495
[22:56:57]   Server connections so far: 1
[22:56:57] Step 2: Preparing CRIU directory...
[22:56:58] Step 3: Running 3 pre-dumps and transferring them while client keeps running...
[22:56:58]   Pre-dump 1/3 complete
[22:56:58]   Archiving and transferring pre-dump 1...
  Transferring /home/ubuntu/CRIU-tcp-client-iter-0.tar.gz via relay node edge-host-1...
Setting up SSH trust: edge-node-1 → ubuntu@10.138.215.36
  Adding public key to destination's authorized_keys...
  Testing SSH connectivity...
  ✓ SSH trust ready
Setting up SSH trust: edge-host-1 → ubuntu@10.138.215.137
  Adding public key to destination's authorized_keys...
  Testing SSH connectivity...
  ✓ SSH trust ready
[22:58:30]   Pre-dump 2/3 complete
[22:58:30]   Archiving and transferring pre-dump 2...
  Transferring /home/ubuntu/CRIU-tcp-client-iter-1.tar.gz via relay node edge-host-1...
Setting up SSH trust: edge-node-1 → ubuntu@10.138.215.36
  Adding public key to destination's authorized_keys...
  Testing SSH connectivity...
  ✓ SSH trust ready
Setting up SSH trust: edge-host-1 → ubuntu@10.138.215.137
  Adding public key to destination's authorized_keys...
  Testing SSH connectivity...
  ✓ SSH trust ready
[22:59:51]   Pre-dump 3/3 complete
[22:59:51]   Archiving and transferring pre-dump 3...
  Transferring /home/ubuntu/CRIU-tcp-client-iter-2.tar.gz via relay node edge-host-1...
Setting up SSH trust: edge-node-1 → ubuntu@10.138.215.36
  Adding public key to destination's authorized_keys...
  Testing SSH connectivity...
  ✓ SSH trust ready
Setting up SSH trust: edge-host-1 → ubuntu@10.138.215.137
  Adding public key to destination's authorized_keys...
  Testing SSH connectivity...
  ✓ SSH trust ready
[23:01:30]   Pre-copy transfer outside downtime: archive=878 ms, transfer=264967 ms, unpack=932 ms, bytes=21929
[23:01:30] Step 4: Final dump (freezing client)...
[23:01:30] Step 4.5: Moving VIP to destination...
[23:01:31]   Moving VIP 10.138.215.250 from edge-node-1:ens3 -> edge-node-2:ens3
[23:01:36] Step 5: Creating final dump archive...
[23:01:37] Step 6: Transferring archive...
  Transferring /home/ubuntu/CRIU-tcp-client-final.tar.gz via relay node edge-host-1...
Setting up SSH trust: edge-node-1 → ubuntu@10.138.215.36
  Adding public key to destination's authorized_keys...
  Testing SSH connectivity...
  ✓ SSH trust ready
Setting up SSH trust: edge-host-1 → ubuntu@10.138.215.137
  Adding public key to destination's authorized_keys...
  Testing SSH connectivity...
  ✓ SSH trust ready
[23:02:49] Step 7: Unpacking on destination...
[23:02:50] Step 8: Preparing restore environment...
[23:02:50] Step 9: Restoring client (--tcp-established)...
[23:02:51] Step 10: Verifying connection continuity...
[23:02:54]   Client output (tail): PP 114 -> 114
[23:02:55]   Server connections so far: 1
[23:02:55] ✓ SUCCESS: Client restored and TCP socket appears established
[23:02:55] Metrics saved to /home/ivo/Evaluation-of-Live-Migration-Strategies-at-the-Edge/Network-live-migration/metrics/migration_metrics.csv
[exit=0]

$ python3 /home/ivo/Evaluation-of-Live-Migration-Strategies-at-the-Edge/Network-live-migration/scripts/setup/reset_nodes.py edge-node-1 edge-node-2 edge-host-1 10.138.215.250
[23:02:55] Resetting nodes: edge-node-1 -> edge-node-2 (server: edge-host-1, vip: 10.138.215.250)
[23:02:55] Step 1: Killing any existing processes on source...
[23:02:56]   Killing PID 77495 (from /home/ubuntu/tcp_client.pid)
[23:02:56]   Killing PID 77495 (from /home/ubuntu/client.pid)
[23:02:57]   Killing any remaining background processes...
[23:02:58] Step 2: Cleaning source node...
[23:03:00] Step 3: Cleaning destination node...
[23:03:00]   Killing PID 77495 on destination (from /home/ubuntu/tcp_client.pid)
[23:03:01]   Killing PID 77495 on destination (from /home/ubuntu/client.pid)
[23:03:01]   Killing all remaining TCP processes on destination...
[23:03:04] Step 4: Cleaning server node (edge-host-1)...
[23:03:05]   Killing PID 3566752 on server (from /home/ubuntu/tcp_server.pid)
[23:03:07] ✓ Reset complete, nodes are clean
[23:03:07]   Next: Start your application
[exit=0]

$ bash /home/ivo/Evaluation-of-Live-Migration-Strategies-at-the-Edge/Network-live-migration/scripts/workloads/start_tcp_server.sh edge-host-1 5000
[tcp-server] Ensuring tcp-howto binary on edge-host-1...
[tcp-server] Reusing existing /tmp/tcp-howto on edge-host-1
[tcp-server] Starting on edge-host-1 (port 5000)...
[tcp-server] Waiting for listen...
✓ TCP server listening on edge-host-1:5000
[tcp-server] Logs: multipass exec edge-host-1 -- tail -f /home/ubuntu/tcp_server.out
[exit=0]

$ bash /home/ivo/Evaluation-of-Live-Migration-Strategies-at-the-Edge/Network-live-migration/scripts/workloads/start_tcp_client.sh edge-node-1 edge-host-1 5000
[tcp-client] Server endpoint: 10.138.215.36:5000
[tcp-client] Client VIP: 10.138.215.250
[tcp-client] Ensuring tcp-howto binary on edge-node-1...
[tcp-client] Reusing existing /tmp/tcp-howto on edge-node-1
[tcp-client] Ensuring VIP 10.138.215.250 is present on edge-node-1...
ARPING 10.138.215.250 from 10.138.215.250 ens3
Sent 3 probes (3 broadcast(s))
Received 0 response(s)
[tcp-client] Starting on edge-node-1...
[tcp-client] Waiting for established TCP connection...
✓ TCP client connected (PID: 81168)
[tcp-client] Logs: multipass exec edge-node-1 -- tail -f /home/ubuntu/tcp_client.out
[exit=0]

$ python3 /home/ivo/Evaluation-of-Live-Migration-Strategies-at-the-Edge/Network-live-migration/scripts/orchestrators/tcp_client_benchmark.py precopy --source edge-node-1 --dest edge-node-2 --server edge-host-1 --transfer-mode direct --run-id 15-05-2026-direct-precopy-0020 --csv /home/ivo/Evaluation-of-Live-Migration-Strategies-at-the-Edge/Network-live-migration/metrics/migration_metrics.csv --profile-name 6_TEE_Avg --iterations 3
[23:03:16] === TCP CLIENT MIGRATION ===
[23:03:16] Run ID: 15-05-2026-direct-precopy-0020
[23:03:16] Source: edge-node-1, Dest: edge-node-2
[23:03:16] Server: edge-host-1
[23:03:16] Transfer mode: direct

[23:03:16] === TCP CLIENT PRE-COPY MIGRATION (3 iterations) ===
[23:03:16] Step 1: Checking source client process...
[23:03:16]   Using PID from /home/ubuntu/tcp_client.pid: 81168
[23:03:17]   Server connections so far: 1
[23:03:17] Step 2: Preparing CRIU directory...
[23:03:18] Step 3: Running 3 pre-dumps and transferring them while client keeps running...
[23:03:18]   Pre-dump 1/3 complete
[23:03:18]   Archiving and transferring pre-dump 1...
Setting up SSH trust: edge-node-1 → ubuntu@10.138.215.137
  Adding public key to destination's authorized_keys...
  Testing SSH connectivity...
  ✓ SSH trust ready
  Transferring /home/ubuntu/CRIU-tcp-client-iter-0.tar.gz via SCP...
[23:04:03]   Pre-dump 2/3 complete
[23:04:03]   Archiving and transferring pre-dump 2...
Setting up SSH trust: edge-node-1 → ubuntu@10.138.215.137
  Adding public key to destination's authorized_keys...
  Testing SSH connectivity...
  ✓ SSH trust ready
  Transferring /home/ubuntu/CRIU-tcp-client-iter-1.tar.gz via SCP...
[23:04:53]   Pre-dump 3/3 complete
[23:04:53]   Archiving and transferring pre-dump 3...
Setting up SSH trust: edge-node-1 → ubuntu@10.138.215.137
  Adding public key to destination's authorized_keys...
  Testing SSH connectivity...
  ✓ SSH trust ready
  Transferring /home/ubuntu/CRIU-tcp-client-iter-2.tar.gz via SCP...
[23:05:42]   Pre-copy transfer outside downtime: archive=992 ms, transfer=136775 ms, unpack=944 ms, bytes=23118
[23:05:42] Step 4: Final dump (freezing client)...
[23:05:42] Step 4.5: Moving VIP to destination...
[23:05:43]   Moving VIP 10.138.215.250 from edge-node-1:ens3 -> edge-node-2:ens3
[23:05:49] Step 5: Creating final dump archive...
[23:05:49] Step 6: Transferring archive...
[23:05:49]   Setting up direct SSH trust...
Setting up SSH trust: edge-node-1 → ubuntu@10.138.215.137
  Adding public key to destination's authorized_keys...
  Testing SSH connectivity...
  ✓ SSH trust ready
Setting up SSH trust: edge-node-1 → ubuntu@10.138.215.137
  Adding public key to destination's authorized_keys...
  Testing SSH connectivity...
  ✓ SSH trust ready
  Transferring /home/ubuntu/CRIU-tcp-client-final.tar.gz via SCP...
[23:06:49] Step 7: Unpacking on destination...
[23:06:49] Step 8: Preparing restore environment...
[23:06:50] Step 9: Restoring client (--tcp-established)...
[23:06:51] Step 10: Verifying connection continuity...
[23:06:54]   Client output (tail): read: Connection reset by peer
[23:06:55]   Server connections so far: 1
[23:06:55] ✗ FAILED: No established TCP socket on destination
[23:06:55] Metrics saved to /home/ivo/Evaluation-of-Live-Migration-Strategies-at-the-Edge/Network-live-migration/metrics/migration_metrics.csv
[exit=1]

$ python3 /home/ivo/Evaluation-of-Live-Migration-Strategies-at-the-Edge/Network-live-migration/scripts/setup/reset_nodes.py edge-node-1 edge-node-2 edge-host-1 10.138.215.250
[23:06:55] Resetting nodes: edge-node-1 -> edge-node-2 (server: edge-host-1, vip: 10.138.215.250)
[23:06:55] Step 1: Killing any existing processes on source...
[23:06:55]   Killing PID 81168 (from /home/ubuntu/tcp_client.pid)
[23:06:56]   Killing PID 81168 (from /home/ubuntu/client.pid)
[23:06:56]   Killing any remaining background processes...
[23:06:58] Step 2: Cleaning source node...
[23:06:59] Step 3: Cleaning destination node...
[23:07:00]   Killing PID 81168 on destination (from /home/ubuntu/tcp_client.pid)
[23:07:00]   Killing PID 81168 on destination (from /home/ubuntu/client.pid)
[23:07:01]   Killing all remaining TCP processes on destination...
[23:07:04] Step 4: Cleaning server node (edge-host-1)...
[23:07:04]   Killing PID 3570443 on server (from /home/ubuntu/tcp_server.pid)
[23:07:06] ✓ Reset complete, nodes are clean
[23:07:06]   Next: Start your application
[exit=0]

$ bash /home/ivo/Evaluation-of-Live-Migration-Strategies-at-the-Edge/Network-live-migration/scripts/workloads/start_tcp_server.sh edge-host-1 5000
[tcp-server] Ensuring tcp-howto binary on edge-host-1...
[tcp-server] Reusing existing /tmp/tcp-howto on edge-host-1
[tcp-server] Starting on edge-host-1 (port 5000)...
[tcp-server] Waiting for listen...
✓ TCP server listening on edge-host-1:5000
[tcp-server] Logs: multipass exec edge-host-1 -- tail -f /home/ubuntu/tcp_server.out
[exit=0]

$ bash /home/ivo/Evaluation-of-Live-Migration-Strategies-at-the-Edge/Network-live-migration/scripts/workloads/start_tcp_client.sh edge-node-1 edge-host-1 5000
[tcp-client] Server endpoint: 10.138.215.36:5000
[tcp-client] Client VIP: 10.138.215.250
[tcp-client] Ensuring tcp-howto binary on edge-node-1...
[tcp-client] Reusing existing /tmp/tcp-howto on edge-node-1
[tcp-client] Ensuring VIP 10.138.215.250 is present on edge-node-1...
ARPING 10.138.215.250 from 10.138.215.250 ens3
Sent 3 probes (3 broadcast(s))
Received 0 response(s)
[tcp-client] Starting on edge-node-1...
[tcp-client] Waiting for established TCP connection...
✓ TCP client connected (PID: 84788)
[tcp-client] Logs: multipass exec edge-node-1 -- tail -f /home/ubuntu/tcp_client.out
[exit=0]

$ python3 /home/ivo/Evaluation-of-Live-Migration-Strategies-at-the-Edge/Network-live-migration/scripts/orchestrators/tcp_client_benchmark.py precopy --source edge-node-1 --dest edge-node-2 --server edge-host-1 --transfer-mode direct --run-id 15-05-2026-direct-precopy-0021 --csv /home/ivo/Evaluation-of-Live-Migration-Strategies-at-the-Edge/Network-live-migration/metrics/migration_metrics.csv --profile-name 6_TEE_Avg --iterations 3
[23:07:15] === TCP CLIENT MIGRATION ===
[23:07:15] Run ID: 15-05-2026-direct-precopy-0021
[23:07:15] Source: edge-node-1, Dest: edge-node-2
[23:07:15] Server: edge-host-1
[23:07:15] Transfer mode: direct

[23:07:15] === TCP CLIENT PRE-COPY MIGRATION (3 iterations) ===
[23:07:15] Step 1: Checking source client process...
[23:07:15]   Using PID from /home/ubuntu/tcp_client.pid: 84788
[23:07:16]   Server connections so far: 1
[23:07:17] Step 2: Preparing CRIU directory...
[23:07:17] Step 3: Running 3 pre-dumps and transferring them while client keeps running...
[23:07:17]   Pre-dump 1/3 complete
[23:07:17]   Archiving and transferring pre-dump 1...
Setting up SSH trust: edge-node-1 → ubuntu@10.138.215.137
  Adding public key to destination's authorized_keys...
  Testing SSH connectivity...
  ✓ SSH trust ready
  Transferring /home/ubuntu/CRIU-tcp-client-iter-0.tar.gz via SCP...
[23:08:07]   Pre-dump 2/3 complete
[23:08:07]   Archiving and transferring pre-dump 2...
Setting up SSH trust: edge-node-1 → ubuntu@10.138.215.137
  Adding public key to destination's authorized_keys...
  Testing SSH connectivity...
  ✓ SSH trust ready
  Transferring /home/ubuntu/CRIU-tcp-client-iter-1.tar.gz via SCP...
[23:08:57]   Pre-dump 3/3 complete
[23:08:57]   Archiving and transferring pre-dump 3...
Setting up SSH trust: edge-node-1 → ubuntu@10.138.215.137
  Adding public key to destination's authorized_keys...
  Testing SSH connectivity...
  ✓ SSH trust ready
  Transferring /home/ubuntu/CRIU-tcp-client-iter-2.tar.gz via SCP...
[23:10:05]   Pre-copy transfer outside downtime: archive=1018 ms, transfer=160739 ms, unpack=1295 ms, bytes=23122
[23:10:05] Step 4: Final dump (freezing client)...
[23:10:05] Step 4.5: Moving VIP to destination...
[23:10:06]   Moving VIP 10.138.215.250 from edge-node-1:ens3 -> edge-node-2:ens3
[23:10:11] Step 5: Creating final dump archive...
[23:10:12] Step 6: Transferring archive...
[23:10:12]   Setting up direct SSH trust...
Setting up SSH trust: edge-node-1 → ubuntu@10.138.215.137
  Adding public key to destination's authorized_keys...
  Testing SSH connectivity...
  ✓ SSH trust ready
Setting up SSH trust: edge-node-1 → ubuntu@10.138.215.137
  Adding public key to destination's authorized_keys...
  Testing SSH connectivity...
  ✓ SSH trust ready
  Transferring /home/ubuntu/CRIU-tcp-client-final.tar.gz via SCP...
[23:11:25] Step 7: Unpacking on destination...
[23:11:26] Step 8: Preparing restore environment...
[23:11:27] Step 9: Restoring client (--tcp-established)...
[23:11:27] Step 10: Verifying connection continuity...
[23:11:30]   Client output (tail): read: Connection reset by peer
[23:11:31]   Server connections so far: 1
[23:11:31] ✗ FAILED: No established TCP socket on destination
[23:11:31] Metrics saved to /home/ivo/Evaluation-of-Live-Migration-Strategies-at-the-Edge/Network-live-migration/metrics/migration_metrics.csv
[exit=1]

$ python3 /home/ivo/Evaluation-of-Live-Migration-Strategies-at-the-Edge/Network-live-migration/scripts/setup/reset_nodes.py edge-node-1 edge-node-2 edge-host-1 10.138.215.250
[23:11:32] Resetting nodes: edge-node-1 -> edge-node-2 (server: edge-host-1, vip: 10.138.215.250)
[23:11:32] Step 1: Killing any existing processes on source...
[23:11:32]   Killing PID 84788 (from /home/ubuntu/tcp_client.pid)
[23:11:33]   Killing PID 84788 (from /home/ubuntu/client.pid)
[23:11:33]   Killing any remaining background processes...
[23:11:34] Step 2: Cleaning source node...
[23:11:36] Step 3: Cleaning destination node...
[23:11:36]   Killing PID 84788 on destination (from /home/ubuntu/tcp_client.pid)
[23:11:37]   Killing PID 84788 on destination (from /home/ubuntu/client.pid)
[23:11:38]   Killing all remaining TCP processes on destination...
[23:11:41] Step 4: Cleaning server node (edge-host-1)...
[23:11:41]   Killing PID 3571609 on server (from /home/ubuntu/tcp_server.pid)
[23:11:43] ✓ Reset complete, nodes are clean
[23:11:43]   Next: Start your application
[exit=0]

$ bash /home/ivo/Evaluation-of-Live-Migration-Strategies-at-the-Edge/Network-live-migration/scripts/workloads/start_tcp_server.sh edge-host-1 5000
[tcp-server] Ensuring tcp-howto binary on edge-host-1...
[tcp-server] Reusing existing /tmp/tcp-howto on edge-host-1
[tcp-server] Starting on edge-host-1 (port 5000)...
[tcp-server] Waiting for listen...
✓ TCP server listening on edge-host-1:5000
[tcp-server] Logs: multipass exec edge-host-1 -- tail -f /home/ubuntu/tcp_server.out
[exit=0]

$ bash /home/ivo/Evaluation-of-Live-Migration-Strategies-at-the-Edge/Network-live-migration/scripts/workloads/start_tcp_client.sh edge-node-1 edge-host-1 5000
[tcp-client] Server endpoint: 10.138.215.36:5000
[tcp-client] Client VIP: 10.138.215.250
[tcp-client] Ensuring tcp-howto binary on edge-node-1...
[tcp-client] Reusing existing /tmp/tcp-howto on edge-node-1
[tcp-client] Ensuring VIP 10.138.215.250 is present on edge-node-1...
ARPING 10.138.215.250 from 10.138.215.250 ens3
Sent 3 probes (3 broadcast(s))
Received 0 response(s)
[tcp-client] Starting on edge-node-1...
[tcp-client] Waiting for established TCP connection...
✓ TCP client connected (PID: 88188)
[tcp-client] Logs: multipass exec edge-node-1 -- tail -f /home/ubuntu/tcp_client.out
[exit=0]

$ python3 /home/ivo/Evaluation-of-Live-Migration-Strategies-at-the-Edge/Network-live-migration/scripts/orchestrators/tcp_client_benchmark.py precopy --source edge-node-1 --dest edge-node-2 --server edge-host-1 --transfer-mode direct --run-id 15-05-2026-direct-precopy-0022 --csv /home/ivo/Evaluation-of-Live-Migration-Strategies-at-the-Edge/Network-live-migration/metrics/migration_metrics.csv --profile-name 6_TEE_Avg --iterations 3
[23:11:52] === TCP CLIENT MIGRATION ===
[23:11:52] Run ID: 15-05-2026-direct-precopy-0022
[23:11:52] Source: edge-node-1, Dest: edge-node-2
[23:11:52] Server: edge-host-1
[23:11:52] Transfer mode: direct

[23:11:52] === TCP CLIENT PRE-COPY MIGRATION (3 iterations) ===
[23:11:52] Step 1: Checking source client process...
[23:11:52]   Using PID from /home/ubuntu/tcp_client.pid: 88188
[23:11:53]   Server connections so far: 1
[23:11:54] Step 2: Preparing CRIU directory...
[23:11:54] Step 3: Running 3 pre-dumps and transferring them while client keeps running...
[23:11:55]   Pre-dump 1/3 complete
[23:11:55]   Archiving and transferring pre-dump 1...
Setting up SSH trust: edge-node-1 → ubuntu@10.138.215.137
  Adding public key to destination's authorized_keys...
  Testing SSH connectivity...
  ✓ SSH trust ready
  Transferring /home/ubuntu/CRIU-tcp-client-iter-0.tar.gz via SCP...
[23:12:39]   Pre-dump 2/3 complete
[23:12:39]   Archiving and transferring pre-dump 2...
Setting up SSH trust: edge-node-1 → ubuntu@10.138.215.137
  Adding public key to destination's authorized_keys...
  Testing SSH connectivity...
  ✓ SSH trust ready
  Transferring /home/ubuntu/CRIU-tcp-client-iter-1.tar.gz via SCP...
[23:13:18]   Pre-dump 3/3 complete
[23:13:18]   Archiving and transferring pre-dump 3...
Setting up SSH trust: edge-node-1 → ubuntu@10.138.215.137
  Adding public key to destination's authorized_keys...
  Testing SSH connectivity...
  ✓ SSH trust ready
  Transferring /home/ubuntu/CRIU-tcp-client-iter-2.tar.gz via SCP...
[23:14:04]   Pre-copy transfer outside downtime: archive=910 ms, transfer=123135 ms, unpack=1235 ms, bytes=21809
[23:14:04] Step 4: Final dump (freezing client)...
[23:14:05] Step 4.5: Moving VIP to destination...
[23:14:06]   Moving VIP 10.138.215.250 from edge-node-1:ens3 -> edge-node-2:ens3
[23:14:11] Step 5: Creating final dump archive...
[23:14:12] Step 6: Transferring archive...
[23:14:12]   Setting up direct SSH trust...
Setting up SSH trust: edge-node-1 → ubuntu@10.138.215.137
  Adding public key to destination's authorized_keys...
  Testing SSH connectivity...
  ✓ SSH trust ready
Setting up SSH trust: edge-node-1 → ubuntu@10.138.215.137
  Adding public key to destination's authorized_keys...
  Testing SSH connectivity...
  ✓ SSH trust ready
  Transferring /home/ubuntu/CRIU-tcp-client-final.tar.gz via SCP...
[23:15:06] Step 7: Unpacking on destination...
[23:15:07] Step 8: Preparing restore environment...
[23:15:07] Step 9: Restoring client (--tcp-established)...
[23:15:08] Step 10: Verifying connection continuity...
[23:15:11]   Client output (tail): PP 58 -> 58
[23:15:12]   Server connections so far: 1
[23:15:12] ✓ SUCCESS: Client restored and TCP socket appears established
[23:15:12] Metrics saved to /home/ivo/Evaluation-of-Live-Migration-Strategies-at-the-Edge/Network-live-migration/metrics/migration_metrics.csv
[exit=0]

$ python3 /home/ivo/Evaluation-of-Live-Migration-Strategies-at-the-Edge/Network-live-migration/scripts/setup/reset_nodes.py edge-node-1 edge-node-2 edge-host-1 10.138.215.250
[23:15:13] Resetting nodes: edge-node-1 -> edge-node-2 (server: edge-host-1, vip: 10.138.215.250)
[23:15:13] Step 1: Killing any existing processes on source...
[23:15:13]   Killing PID 88188 (from /home/ubuntu/tcp_client.pid)
[23:15:14]   Killing PID 88188 (from /home/ubuntu/client.pid)
[23:15:14]   Killing any remaining background processes...
[23:15:16] Step 2: Cleaning source node...
[23:15:18] Step 3: Cleaning destination node...
[23:15:18]   Killing PID 88188 on destination (from /home/ubuntu/tcp_client.pid)
[23:15:19]   Killing PID 88188 on destination (from /home/ubuntu/client.pid)
[23:15:19]   Killing all remaining TCP processes on destination...
[23:15:22] Step 4: Cleaning server node (edge-host-1)...
[23:15:22]   Killing PID 3572793 on server (from /home/ubuntu/tcp_server.pid)
[23:15:24] ✓ Reset complete, nodes are clean
[23:15:24]   Next: Start your application
[exit=0]

$ bash /home/ivo/Evaluation-of-Live-Migration-Strategies-at-the-Edge/Network-live-migration/scripts/workloads/start_tcp_server.sh edge-host-1 5000
[tcp-server] Ensuring tcp-howto binary on edge-host-1...
[tcp-server] Reusing existing /tmp/tcp-howto on edge-host-1
[tcp-server] Starting on edge-host-1 (port 5000)...
[tcp-server] Waiting for listen...
✓ TCP server listening on edge-host-1:5000
[tcp-server] Logs: multipass exec edge-host-1 -- tail -f /home/ubuntu/tcp_server.out
[exit=0]

$ bash /home/ivo/Evaluation-of-Live-Migration-Strategies-at-the-Edge/Network-live-migration/scripts/workloads/start_tcp_client.sh edge-node-1 edge-host-1 5000
[tcp-client] Server endpoint: 10.138.215.36:5000
[tcp-client] Client VIP: 10.138.215.250
[tcp-client] Ensuring tcp-howto binary on edge-node-1...
[tcp-client] Reusing existing /tmp/tcp-howto on edge-node-1
[tcp-client] Ensuring VIP 10.138.215.250 is present on edge-node-1...
ARPING 10.138.215.250 from 10.138.215.250 ens3
Sent 3 probes (3 broadcast(s))
Received 0 response(s)
[tcp-client] Starting on edge-node-1...
[tcp-client] Waiting for established TCP connection...
✓ TCP client connected (PID: 91563)
[tcp-client] Logs: multipass exec edge-node-1 -- tail -f /home/ubuntu/tcp_client.out
[exit=0]

$ python3 /home/ivo/Evaluation-of-Live-Migration-Strategies-at-the-Edge/Network-live-migration/scripts/orchestrators/tcp_client_benchmark.py precopy --source edge-node-1 --dest edge-node-2 --server edge-host-1 --transfer-mode direct --run-id 15-05-2026-direct-precopy-0023 --csv /home/ivo/Evaluation-of-Live-Migration-Strategies-at-the-Edge/Network-live-migration/metrics/migration_metrics.csv --profile-name 6_TEE_Avg --iterations 3
[23:15:33] === TCP CLIENT MIGRATION ===
[23:15:33] Run ID: 15-05-2026-direct-precopy-0023
[23:15:33] Source: edge-node-1, Dest: edge-node-2
[23:15:33] Server: edge-host-1
[23:15:33] Transfer mode: direct

[23:15:33] === TCP CLIENT PRE-COPY MIGRATION (3 iterations) ===
[23:15:33] Step 1: Checking source client process...
[23:15:33]   Using PID from /home/ubuntu/tcp_client.pid: 91563
[23:15:34]   Server connections so far: 1
[23:15:35] Step 2: Preparing CRIU directory...
[23:15:35] Step 3: Running 3 pre-dumps and transferring them while client keeps running...
[23:15:35]   Pre-dump 1/3 complete
[23:15:35]   Archiving and transferring pre-dump 1...
Setting up SSH trust: edge-node-1 → ubuntu@10.138.215.137
  Adding public key to destination's authorized_keys...
  Testing SSH connectivity...
  ✓ SSH trust ready
  Transferring /home/ubuntu/CRIU-tcp-client-iter-0.tar.gz via SCP...
[23:16:34]   Pre-dump 2/3 complete
[23:16:34]   Archiving and transferring pre-dump 2...
Setting up SSH trust: edge-node-1 → ubuntu@10.138.215.137
  Adding public key to destination's authorized_keys...
  Testing SSH connectivity...
  ✓ SSH trust ready
  Transferring /home/ubuntu/CRIU-tcp-client-iter-1.tar.gz via SCP...
[23:17:17]   Pre-dump 3/3 complete
[23:17:17]   Archiving and transferring pre-dump 3...
Setting up SSH trust: edge-node-1 → ubuntu@10.138.215.137
  Adding public key to destination's authorized_keys...
  Testing SSH connectivity...
  ✓ SSH trust ready
  Transferring /home/ubuntu/CRIU-tcp-client-iter-2.tar.gz via SCP...
[23:17:51]   Pre-copy transfer outside downtime: archive=863 ms, transfer=129266 ms, unpack=1215 ms, bytes=23124
[23:17:51] Step 4: Final dump (freezing client)...
[23:17:52] Step 4.5: Moving VIP to destination...
[23:17:53]   Moving VIP 10.138.215.250 from edge-node-1:ens3 -> edge-node-2:ens3
[23:17:58] Step 5: Creating final dump archive...
[23:17:59] Step 6: Transferring archive...
[23:17:59]   Setting up direct SSH trust...
Setting up SSH trust: edge-node-1 → ubuntu@10.138.215.137
  Adding public key to destination's authorized_keys...
  Testing SSH connectivity...
  ✓ SSH trust ready
Setting up SSH trust: edge-node-1 → ubuntu@10.138.215.137
  Adding public key to destination's authorized_keys...
  Testing SSH connectivity...
  ✓ SSH trust ready
  Transferring /home/ubuntu/CRIU-tcp-client-final.tar.gz via SCP...
[23:19:03] Step 7: Unpacking on destination...
[23:19:03] Step 8: Preparing restore environment...
[23:19:04] Step 9: Restoring client (--tcp-established)...
[23:19:04] Step 10: Verifying connection continuity...
[23:19:08]   Client output (tail): PP 60 -> 60
[23:19:09]   Server connections so far: 1
[23:19:09] ✓ SUCCESS: Client restored and TCP socket appears established
[23:19:09] Metrics saved to /home/ivo/Evaluation-of-Live-Migration-Strategies-at-the-Edge/Network-live-migration/metrics/migration_metrics.csv
[exit=0]

$ python3 /home/ivo/Evaluation-of-Live-Migration-Strategies-at-the-Edge/Network-live-migration/scripts/setup/reset_nodes.py edge-node-1 edge-node-2 edge-host-1 10.138.215.250
[23:19:09] Resetting nodes: edge-node-1 -> edge-node-2 (server: edge-host-1, vip: 10.138.215.250)
[23:19:09] Step 1: Killing any existing processes on source...
[23:19:10]   Killing PID 91563 (from /home/ubuntu/tcp_client.pid)
[23:19:10]   Killing PID 91563 (from /home/ubuntu/client.pid)
[23:19:11]   Killing any remaining background processes...
[23:19:12] Step 2: Cleaning source node...
[23:19:14] Step 3: Cleaning destination node...
[23:19:14]   Killing PID 91563 on destination (from /home/ubuntu/tcp_client.pid)
[23:19:15]   Killing PID 91563 on destination (from /home/ubuntu/client.pid)
[23:19:16]   Killing all remaining TCP processes on destination...
[23:19:19] Step 4: Cleaning server node (edge-host-1)...
[23:19:19]   Killing PID 3574251 on server (from /home/ubuntu/tcp_server.pid)
[23:19:22] ✓ Reset complete, nodes are clean
[23:19:22]   Next: Start your application
[exit=0]

$ bash /home/ivo/Evaluation-of-Live-Migration-Strategies-at-the-Edge/Network-live-migration/scripts/workloads/start_tcp_server.sh edge-host-1 5000
[tcp-server] Ensuring tcp-howto binary on edge-host-1...
[tcp-server] Reusing existing /tmp/tcp-howto on edge-host-1
[tcp-server] Starting on edge-host-1 (port 5000)...
[tcp-server] Waiting for listen...
✓ TCP server listening on edge-host-1:5000
[tcp-server] Logs: multipass exec edge-host-1 -- tail -f /home/ubuntu/tcp_server.out
[exit=0]

$ bash /home/ivo/Evaluation-of-Live-Migration-Strategies-at-the-Edge/Network-live-migration/scripts/workloads/start_tcp_client.sh edge-node-1 edge-host-1 5000
[tcp-client] Server endpoint: 10.138.215.36:5000
[tcp-client] Client VIP: 10.138.215.250
[tcp-client] Ensuring tcp-howto binary on edge-node-1...
[tcp-client] Reusing existing /tmp/tcp-howto on edge-node-1
[tcp-client] Ensuring VIP 10.138.215.250 is present on edge-node-1...
ARPING 10.138.215.250 from 10.138.215.250 ens3
Sent 3 probes (3 broadcast(s))
Received 0 response(s)
[tcp-client] Starting on edge-node-1...
[tcp-client] Waiting for established TCP connection...
✓ TCP client connected (PID: 95263)
[tcp-client] Logs: multipass exec edge-node-1 -- tail -f /home/ubuntu/tcp_client.out
[exit=0]

$ python3 /home/ivo/Evaluation-of-Live-Migration-Strategies-at-the-Edge/Network-live-migration/scripts/orchestrators/tcp_client_benchmark.py precopy --source edge-node-1 --dest edge-node-2 --server edge-host-1 --transfer-mode direct --run-id 15-05-2026-direct-precopy-0024 --csv /home/ivo/Evaluation-of-Live-Migration-Strategies-at-the-Edge/Network-live-migration/metrics/migration_metrics.csv --profile-name 6_TEE_Avg --iterations 3
[23:19:30] === TCP CLIENT MIGRATION ===
[23:19:30] Run ID: 15-05-2026-direct-precopy-0024
[23:19:30] Source: edge-node-1, Dest: edge-node-2
[23:19:30] Server: edge-host-1
[23:19:30] Transfer mode: direct

[23:19:30] === TCP CLIENT PRE-COPY MIGRATION (3 iterations) ===
[23:19:30] Step 1: Checking source client process...
[23:19:30]   Using PID from /home/ubuntu/tcp_client.pid: 95263
[23:19:31]   Server connections so far: 1
[23:19:32] Step 2: Preparing CRIU directory...
[23:19:32] Step 3: Running 3 pre-dumps and transferring them while client keeps running...
[23:19:32]   Pre-dump 1/3 complete
[23:19:32]   Archiving and transferring pre-dump 1...
Setting up SSH trust: edge-node-1 → ubuntu@10.138.215.137
  Adding public key to destination's authorized_keys...
  Testing SSH connectivity...
  ✓ SSH trust ready
  Transferring /home/ubuntu/CRIU-tcp-client-iter-0.tar.gz via SCP...
[23:20:10]   Pre-dump 2/3 complete
[23:20:10]   Archiving and transferring pre-dump 2...
Setting up SSH trust: edge-node-1 → ubuntu@10.138.215.137
  Adding public key to destination's authorized_keys...
  Testing SSH connectivity...
  ✓ SSH trust ready
  Transferring /home/ubuntu/CRIU-tcp-client-iter-1.tar.gz via SCP...
[23:20:57]   Pre-dump 3/3 complete
[23:20:57]   Archiving and transferring pre-dump 3...
Setting up SSH trust: edge-node-1 → ubuntu@10.138.215.137
  Adding public key to destination's authorized_keys...
  Testing SSH connectivity...
  ✓ SSH trust ready
  Transferring /home/ubuntu/CRIU-tcp-client-iter-2.tar.gz via SCP...
[23:21:35]   Pre-copy transfer outside downtime: archive=862 ms, transfer=116238 ms, unpack=939 ms, bytes=23248
[23:21:35] Step 4: Final dump (freezing client)...
[23:21:36] Step 4.5: Moving VIP to destination...
[23:21:36]   Moving VIP 10.138.215.250 from edge-node-1:ens3 -> edge-node-2:ens3
[23:21:42] Step 5: Creating final dump archive...
[23:21:42] Step 6: Transferring archive...
[23:21:42]   Setting up direct SSH trust...
Setting up SSH trust: edge-node-1 → ubuntu@10.138.215.137
  Adding public key to destination's authorized_keys...
  Testing SSH connectivity...
  ✓ SSH trust ready
Setting up SSH trust: edge-node-1 → ubuntu@10.138.215.137
  Adding public key to destination's authorized_keys...
  Testing SSH connectivity...
  ✓ SSH trust ready
  Transferring /home/ubuntu/CRIU-tcp-client-final.tar.gz via SCP...
[23:23:01] Step 7: Unpacking on destination...
[23:23:02] Step 8: Preparing restore environment...
[23:23:02] Step 9: Restoring client (--tcp-established)...
[23:23:03] Step 10: Verifying connection continuity...
[23:23:06]   Client output (tail): PP 55 -> 55
[23:23:07]   Server connections so far: 1
[23:23:07] ✓ SUCCESS: Client restored and TCP socket appears established
[23:23:07] Metrics saved to /home/ivo/Evaluation-of-Live-Migration-Strategies-at-the-Edge/Network-live-migration/metrics/migration_metrics.csv
[exit=0]

$ python3 /home/ivo/Evaluation-of-Live-Migration-Strategies-at-the-Edge/Network-live-migration/scripts/setup/reset_nodes.py edge-node-1 edge-node-2 edge-host-1 10.138.215.250
[23:23:08] Resetting nodes: edge-node-1 -> edge-node-2 (server: edge-host-1, vip: 10.138.215.250)
[23:23:08] Step 1: Killing any existing processes on source...
[23:23:08]   Killing PID 95263 (from /home/ubuntu/tcp_client.pid)
[23:23:09]   Killing PID 95263 (from /home/ubuntu/client.pid)
[23:23:09]   Killing any remaining background processes...
[23:23:11] Step 2: Cleaning source node...
[23:23:12] Step 3: Cleaning destination node...
[23:23:13]   Killing PID 95263 on destination (from /home/ubuntu/tcp_client.pid)
[23:23:13]   Killing PID 95263 on destination (from /home/ubuntu/client.pid)
[23:23:14]   Killing all remaining TCP processes on destination...
[23:23:17] Step 4: Cleaning server node (edge-host-1)...
[23:23:17]   Killing PID 3575458 on server (from /home/ubuntu/tcp_server.pid)
[23:23:19] ✓ Reset complete, nodes are clean
[23:23:19]   Next: Start your application
[exit=0]

$ bash /home/ivo/Evaluation-of-Live-Migration-Strategies-at-the-Edge/Network-live-migration/scripts/workloads/start_tcp_server.sh edge-host-1 5000
[tcp-server] Ensuring tcp-howto binary on edge-host-1...
[tcp-server] Reusing existing /tmp/tcp-howto on edge-host-1
[tcp-server] Starting on edge-host-1 (port 5000)...
[tcp-server] Waiting for listen...
✓ TCP server listening on edge-host-1:5000
[tcp-server] Logs: multipass exec edge-host-1 -- tail -f /home/ubuntu/tcp_server.out
[exit=0]

$ bash /home/ivo/Evaluation-of-Live-Migration-Strategies-at-the-Edge/Network-live-migration/scripts/workloads/start_tcp_client.sh edge-node-1 edge-host-1 5000
[tcp-client] Server endpoint: 10.138.215.36:5000
[tcp-client] Client VIP: 10.138.215.250
[tcp-client] Ensuring tcp-howto binary on edge-node-1...
[tcp-client] Reusing existing /tmp/tcp-howto on edge-node-1
[tcp-client] Ensuring VIP 10.138.215.250 is present on edge-node-1...
ARPING 10.138.215.250 from 10.138.215.250 ens3
Sent 3 probes (3 broadcast(s))
Received 0 response(s)
[tcp-client] Starting on edge-node-1...
[tcp-client] Waiting for established TCP connection...
✓ TCP client connected (PID: 98667)
[tcp-client] Logs: multipass exec edge-node-1 -- tail -f /home/ubuntu/tcp_client.out
[exit=0]

$ python3 /home/ivo/Evaluation-of-Live-Migration-Strategies-at-the-Edge/Network-live-migration/scripts/orchestrators/tcp_client_benchmark.py precopy --source edge-node-1 --dest edge-node-2 --server edge-host-1 --transfer-mode direct --run-id 15-05-2026-direct-precopy-0025 --csv /home/ivo/Evaluation-of-Live-Migration-Strategies-at-the-Edge/Network-live-migration/metrics/migration_metrics.csv --profile-name 6_TEE_Avg --iterations 3
[23:23:28] === TCP CLIENT MIGRATION ===
[23:23:28] Run ID: 15-05-2026-direct-precopy-0025
[23:23:28] Source: edge-node-1, Dest: edge-node-2
[23:23:28] Server: edge-host-1
[23:23:28] Transfer mode: direct

[23:23:28] === TCP CLIENT PRE-COPY MIGRATION (3 iterations) ===
[23:23:28] Step 1: Checking source client process...
[23:23:28]   Using PID from /home/ubuntu/tcp_client.pid: 98667
[23:23:29]   Server connections so far: 1
[23:23:30] Step 2: Preparing CRIU directory...
[23:23:30] Step 3: Running 3 pre-dumps and transferring them while client keeps running...
[23:23:31]   Pre-dump 1/3 complete
[23:23:31]   Archiving and transferring pre-dump 1...
Setting up SSH trust: edge-node-1 → ubuntu@10.138.215.137
  Adding public key to destination's authorized_keys...
  Testing SSH connectivity...
  ✓ SSH trust ready
  Transferring /home/ubuntu/CRIU-tcp-client-iter-0.tar.gz via SCP...
[23:24:23]   Pre-dump 2/3 complete
[23:24:23]   Archiving and transferring pre-dump 2...
Setting up SSH trust: edge-node-1 → ubuntu@10.138.215.137
  Adding public key to destination's authorized_keys...
  Testing SSH connectivity...
  ✓ SSH trust ready
  Transferring /home/ubuntu/CRIU-tcp-client-iter-1.tar.gz via SCP...
[23:25:12]   Pre-dump 3/3 complete
[23:25:12]   Archiving and transferring pre-dump 3...
Setting up SSH trust: edge-node-1 → ubuntu@10.138.215.137
  Adding public key to destination's authorized_keys...
  Testing SSH connectivity...
  ✓ SSH trust ready
  Transferring /home/ubuntu/CRIU-tcp-client-iter-2.tar.gz via SCP...
[23:26:02]   Pre-copy transfer outside downtime: archive=1040 ms, transfer=145087 ms, unpack=1212 ms, bytes=22026
[23:26:02] Step 4: Final dump (freezing client)...
[23:26:03] Step 4.5: Moving VIP to destination...
[23:26:04]   Moving VIP 10.138.215.250 from edge-node-1:ens3 -> edge-node-2:ens3
[23:26:09] Step 5: Creating final dump archive...
[23:26:10] Step 6: Transferring archive...
[23:26:10]   Setting up direct SSH trust...
Setting up SSH trust: edge-node-1 → ubuntu@10.138.215.137
  Adding public key to destination's authorized_keys...
  Testing SSH connectivity...
  ✓ SSH trust ready
Setting up SSH trust: edge-node-1 → ubuntu@10.138.215.137
  Adding public key to destination's authorized_keys...
  Testing SSH connectivity...
  ✓ SSH trust ready
  Transferring /home/ubuntu/CRIU-tcp-client-final.tar.gz via SCP...
[23:27:08] Step 7: Unpacking on destination...
[23:27:08] Step 8: Preparing restore environment...
[23:27:09] Step 9: Restoring client (--tcp-established)...
[23:27:09] Step 10: Verifying connection continuity...
[23:27:13]   Client output (tail): PP 66 -> 66
[23:27:14]   Server connections so far: 1
[23:27:14] ✓ SUCCESS: Client restored and TCP socket appears established
[23:27:14] Metrics saved to /home/ivo/Evaluation-of-Live-Migration-Strategies-at-the-Edge/Network-live-migration/metrics/migration_metrics.csv
[exit=0]

$ python3 /home/ivo/Evaluation-of-Live-Migration-Strategies-at-the-Edge/Network-live-migration/scripts/setup/reset_nodes.py edge-node-1 edge-node-2 edge-host-1 10.138.215.250
[23:27:15] Resetting nodes: edge-node-1 -> edge-node-2 (server: edge-host-1, vip: 10.138.215.250)
[23:27:15] Step 1: Killing any existing processes on source...
[23:27:15]   Killing PID 98667 (from /home/ubuntu/tcp_client.pid)
[23:27:16]   Killing PID 98667 (from /home/ubuntu/client.pid)
[23:27:16]   Killing any remaining background processes...
[23:27:17] Step 2: Cleaning source node...
[23:27:19] Step 3: Cleaning destination node...
[23:27:19]   Killing PID 98667 on destination (from /home/ubuntu/tcp_client.pid)
[23:27:20]   Killing PID 98667 on destination (from /home/ubuntu/client.pid)
[23:27:21]   Killing all remaining TCP processes on destination...
[23:27:24] Step 4: Cleaning server node (edge-host-1)...
[23:27:24]   Killing PID 3576666 on server (from /home/ubuntu/tcp_server.pid)
[23:27:26] ✓ Reset complete, nodes are clean
[23:27:26]   Next: Start your application
[exit=0]

$ bash /home/ivo/Evaluation-of-Live-Migration-Strategies-at-the-Edge/Network-live-migration/scripts/workloads/start_tcp_server.sh edge-host-1 5000
[tcp-server] Ensuring tcp-howto binary on edge-host-1...
[tcp-server] Reusing existing /tmp/tcp-howto on edge-host-1
[tcp-server] Starting on edge-host-1 (port 5000)...
[tcp-server] Waiting for listen...
✓ TCP server listening on edge-host-1:5000
[tcp-server] Logs: multipass exec edge-host-1 -- tail -f /home/ubuntu/tcp_server.out
[exit=0]

$ bash /home/ivo/Evaluation-of-Live-Migration-Strategies-at-the-Edge/Network-live-migration/scripts/workloads/start_tcp_client.sh edge-node-1 edge-host-1 5000
[tcp-client] Server endpoint: 10.138.215.36:5000
[tcp-client] Client VIP: 10.138.215.250
[tcp-client] Ensuring tcp-howto binary on edge-node-1...
[tcp-client] Reusing existing /tmp/tcp-howto on edge-node-1
[tcp-client] Ensuring VIP 10.138.215.250 is present on edge-node-1...
ARPING 10.138.215.250 from 10.138.215.250 ens3
Sent 3 probes (3 broadcast(s))
Received 0 response(s)
[tcp-client] Starting on edge-node-1...
[tcp-client] Waiting for established TCP connection...
✓ TCP client connected (PID: 102070)
[tcp-client] Logs: multipass exec edge-node-1 -- tail -f /home/ubuntu/tcp_client.out
[exit=0]

$ python3 /home/ivo/Evaluation-of-Live-Migration-Strategies-at-the-Edge/Network-live-migration/scripts/orchestrators/tcp_client_benchmark.py precopy --source edge-node-1 --dest edge-node-2 --server edge-host-1 --transfer-mode direct --run-id 15-05-2026-direct-precopy-0026 --csv /home/ivo/Evaluation-of-Live-Migration-Strategies-at-the-Edge/Network-live-migration/metrics/migration_metrics.csv --profile-name 6_TEE_Avg --iterations 3
[23:27:34] === TCP CLIENT MIGRATION ===
[23:27:34] Run ID: 15-05-2026-direct-precopy-0026
[23:27:34] Source: edge-node-1, Dest: edge-node-2
[23:27:34] Server: edge-host-1
[23:27:34] Transfer mode: direct

[23:27:34] === TCP CLIENT PRE-COPY MIGRATION (3 iterations) ===
[23:27:34] Step 1: Checking source client process...
[23:27:35]   Using PID from /home/ubuntu/tcp_client.pid: 102070
[23:27:36]   Server connections so far: 1
[23:27:37] Step 2: Preparing CRIU directory...
[23:27:37] Step 3: Running 3 pre-dumps and transferring them while client keeps running...
[23:27:37]   Pre-dump 1/3 complete
[23:27:37]   Archiving and transferring pre-dump 1...
Setting up SSH trust: edge-node-1 → ubuntu@10.138.215.137
  Adding public key to destination's authorized_keys...
  Testing SSH connectivity...
  ✓ SSH trust ready
  Transferring /home/ubuntu/CRIU-tcp-client-iter-0.tar.gz via SCP...
[23:28:27]   Pre-dump 2/3 complete
[23:28:27]   Archiving and transferring pre-dump 2...
Setting up SSH trust: edge-node-1 → ubuntu@10.138.215.137
  Adding public key to destination's authorized_keys...
  Testing SSH connectivity...
  ✓ SSH trust ready
  Transferring /home/ubuntu/CRIU-tcp-client-iter-1.tar.gz via SCP...
[23:29:15]   Pre-dump 3/3 complete
[23:29:15]   Archiving and transferring pre-dump 3...
Setting up SSH trust: edge-node-1 → ubuntu@10.138.215.137
  Adding public key to destination's authorized_keys...
  Testing SSH connectivity...
  ✓ SSH trust ready
  Transferring /home/ubuntu/CRIU-tcp-client-iter-2.tar.gz via SCP...
[23:29:56]   Pre-copy transfer outside downtime: archive=966 ms, transfer=130956 ms, unpack=1442 ms, bytes=22574
[23:29:56] Step 4: Final dump (freezing client)...
[23:29:56] Step 4.5: Moving VIP to destination...
[23:29:56]   Moving VIP 10.138.215.250 from edge-node-1:ens3 -> edge-node-2:ens3
[23:30:02] Step 5: Creating final dump archive...
[23:30:02] Step 6: Transferring archive...
[23:30:02]   Setting up direct SSH trust...
Setting up SSH trust: edge-node-1 → ubuntu@10.138.215.137
  Adding public key to destination's authorized_keys...
  Testing SSH connectivity...
  ✓ SSH trust ready
Setting up SSH trust: edge-node-1 → ubuntu@10.138.215.137
  Adding public key to destination's authorized_keys...
  Testing SSH connectivity...
  ✓ SSH trust ready
  Transferring /home/ubuntu/CRIU-tcp-client-final.tar.gz via SCP...
[23:31:00] Step 7: Unpacking on destination...
[23:31:00] Step 8: Preparing restore environment...
[23:31:01] Step 9: Restoring client (--tcp-established)...
[23:31:02] Step 10: Verifying connection continuity...
[23:31:05]   Client output (tail): read: Connection reset by peer
[23:31:06]   Server connections so far: 1
[23:31:06] ✗ FAILED: No established TCP socket on destination
[23:31:06] Metrics saved to /home/ivo/Evaluation-of-Live-Migration-Strategies-at-the-Edge/Network-live-migration/metrics/migration_metrics.csv
[exit=1]

$ python3 /home/ivo/Evaluation-of-Live-Migration-Strategies-at-the-Edge/Network-live-migration/scripts/setup/reset_nodes.py edge-node-1 edge-node-2 edge-host-1 10.138.215.250
[23:31:06] Resetting nodes: edge-node-1 -> edge-node-2 (server: edge-host-1, vip: 10.138.215.250)
[23:31:06] Step 1: Killing any existing processes on source...
[23:31:06]   Killing PID 102070 (from /home/ubuntu/tcp_client.pid)
[23:31:07]   Killing PID 102070 (from /home/ubuntu/client.pid)
[23:31:08]   Killing any remaining background processes...
[23:31:09] Step 2: Cleaning source node...
[23:31:11] Step 3: Cleaning destination node...
[23:31:11]   Killing PID 102070 on destination (from /home/ubuntu/tcp_client.pid)
[23:31:12]   Killing PID 102070 on destination (from /home/ubuntu/client.pid)
[23:31:12]   Killing all remaining TCP processes on destination...
[23:31:15] Step 4: Cleaning server node (edge-host-1)...
[23:31:16]   Killing PID 3577932 on server (from /home/ubuntu/tcp_server.pid)
[23:31:18] ✓ Reset complete, nodes are clean
[23:31:18]   Next: Start your application
[exit=0]

$ bash /home/ivo/Evaluation-of-Live-Migration-Strategies-at-the-Edge/Network-live-migration/scripts/workloads/start_tcp_server.sh edge-host-1 5000
[tcp-server] Ensuring tcp-howto binary on edge-host-1...
[tcp-server] Reusing existing /tmp/tcp-howto on edge-host-1
[tcp-server] Starting on edge-host-1 (port 5000)...
[tcp-server] Waiting for listen...
✓ TCP server listening on edge-host-1:5000
[tcp-server] Logs: multipass exec edge-host-1 -- tail -f /home/ubuntu/tcp_server.out
[exit=0]

$ bash /home/ivo/Evaluation-of-Live-Migration-Strategies-at-the-Edge/Network-live-migration/scripts/workloads/start_tcp_client.sh edge-node-1 edge-host-1 5000
[tcp-client] Server endpoint: 10.138.215.36:5000
[tcp-client] Client VIP: 10.138.215.250
[tcp-client] Ensuring tcp-howto binary on edge-node-1...
[tcp-client] Reusing existing /tmp/tcp-howto on edge-node-1
[tcp-client] Ensuring VIP 10.138.215.250 is present on edge-node-1...
ARPING 10.138.215.250 from 10.138.215.250 ens3
Sent 3 probes (3 broadcast(s))
Received 0 response(s)
[tcp-client] Starting on edge-node-1...
[tcp-client] Waiting for established TCP connection...
✓ TCP client connected (PID: 105413)
[tcp-client] Logs: multipass exec edge-node-1 -- tail -f /home/ubuntu/tcp_client.out
[exit=0]

$ python3 /home/ivo/Evaluation-of-Live-Migration-Strategies-at-the-Edge/Network-live-migration/scripts/orchestrators/tcp_client_benchmark.py precopy --source edge-node-1 --dest edge-node-2 --server edge-host-1 --transfer-mode direct --run-id 15-05-2026-direct-precopy-0027 --csv /home/ivo/Evaluation-of-Live-Migration-Strategies-at-the-Edge/Network-live-migration/metrics/migration_metrics.csv --profile-name 6_TEE_Avg --iterations 3
[23:31:26] === TCP CLIENT MIGRATION ===
[23:31:26] Run ID: 15-05-2026-direct-precopy-0027
[23:31:26] Source: edge-node-1, Dest: edge-node-2
[23:31:26] Server: edge-host-1
[23:31:26] Transfer mode: direct

[23:31:26] === TCP CLIENT PRE-COPY MIGRATION (3 iterations) ===
[23:31:26] Step 1: Checking source client process...
[23:31:27]   Using PID from /home/ubuntu/tcp_client.pid: 105413
[23:31:28]   Server connections so far: 1
[23:31:28] Step 2: Preparing CRIU directory...
[23:31:29] Step 3: Running 3 pre-dumps and transferring them while client keeps running...
[23:31:29]   Pre-dump 1/3 complete
[23:31:29]   Archiving and transferring pre-dump 1...
Setting up SSH trust: edge-node-1 → ubuntu@10.138.215.137
  Adding public key to destination's authorized_keys...
  Testing SSH connectivity...
  ✓ SSH trust ready
  Transferring /home/ubuntu/CRIU-tcp-client-iter-0.tar.gz via SCP...
[23:32:23]   Pre-dump 2/3 complete
[23:32:23]   Archiving and transferring pre-dump 2...
Setting up SSH trust: edge-node-1 → ubuntu@10.138.215.137
  Adding public key to destination's authorized_keys...
  Testing SSH connectivity...
  ✓ SSH trust ready
  Transferring /home/ubuntu/CRIU-tcp-client-iter-1.tar.gz via SCP...
[23:33:04]   Pre-dump 3/3 complete
[23:33:04]   Archiving and transferring pre-dump 3...
Setting up SSH trust: edge-node-1 → ubuntu@10.138.215.137
ERROR: Could not read public key from source
ERROR: Failed to establish SSH trust between edge-node-1 and edge-node-2
[23:33:06] ERROR: Failed to transfer pre-dump 3
[23:33:06] Metrics saved to /home/ivo/Evaluation-of-Live-Migration-Strategies-at-the-Edge/Network-live-migration/metrics/migration_metrics.csv
[exit=1]

$ python3 /home/ivo/Evaluation-of-Live-Migration-Strategies-at-the-Edge/Network-live-migration/scripts/setup/reset_nodes.py edge-node-1 edge-node-2 edge-host-1 10.138.215.250
[23:33:06] Resetting nodes: edge-node-1 -> edge-node-2 (server: edge-host-1, vip: 10.138.215.250)
[23:33:06] Step 1: Killing any existing processes on source...
[23:33:06]   Killing PID 105413 (from /home/ubuntu/tcp_client.pid)
[23:33:07]   Killing PID 105413 (from /home/ubuntu/client.pid)
[23:33:08]   Killing any remaining background processes...
[23:33:09] Step 2: Cleaning source node...
[23:33:11] Step 3: Cleaning destination node...
[23:33:11]   Killing all remaining TCP processes on destination...
[23:33:14] Step 4: Cleaning server node (edge-host-1)...
[23:33:15]   Killing PID 3579337 on server (from /home/ubuntu/tcp_server.pid)
[23:33:17] ✓ Reset complete, nodes are clean
[23:33:17]   Next: Start your application
[exit=0]

$ bash /home/ivo/Evaluation-of-Live-Migration-Strategies-at-the-Edge/Network-live-migration/scripts/workloads/start_tcp_server.sh edge-host-1 5000
[tcp-server] Ensuring tcp-howto binary on edge-host-1...
[tcp-server] Reusing existing /tmp/tcp-howto on edge-host-1
[tcp-server] Starting on edge-host-1 (port 5000)...
[tcp-server] Waiting for listen...
✓ TCP server listening on edge-host-1:5000
[tcp-server] Logs: multipass exec edge-host-1 -- tail -f /home/ubuntu/tcp_server.out
[exit=0]

$ bash /home/ivo/Evaluation-of-Live-Migration-Strategies-at-the-Edge/Network-live-migration/scripts/workloads/start_tcp_client.sh edge-node-1 edge-host-1 5000
[tcp-client] Server endpoint: 10.138.215.36:5000
[tcp-client] Client VIP: 10.138.215.250
[tcp-client] Ensuring tcp-howto binary on edge-node-1...
[tcp-client] Reusing existing /tmp/tcp-howto on edge-node-1
[tcp-client] Ensuring VIP 10.138.215.250 is present on edge-node-1...
ARPING 10.138.215.250 from 10.138.215.250 ens3
Sent 3 probes (3 broadcast(s))
Received 0 response(s)
[tcp-client] Starting on edge-node-1...
[tcp-client] Waiting for established TCP connection...
✓ TCP client connected (PID: 107898)
[tcp-client] Logs: multipass exec edge-node-1 -- tail -f /home/ubuntu/tcp_client.out
[exit=0]

$ python3 /home/ivo/Evaluation-of-Live-Migration-Strategies-at-the-Edge/Network-live-migration/scripts/orchestrators/tcp_client_benchmark.py precopy --source edge-node-1 --dest edge-node-2 --server edge-host-1 --transfer-mode direct --run-id 15-05-2026-direct-precopy-0028 --csv /home/ivo/Evaluation-of-Live-Migration-Strategies-at-the-Edge/Network-live-migration/metrics/migration_metrics.csv --profile-name 6_TEE_Avg --iterations 3
[23:33:25] === TCP CLIENT MIGRATION ===
[23:33:25] Run ID: 15-05-2026-direct-precopy-0028
[23:33:25] Source: edge-node-1, Dest: edge-node-2
[23:33:25] Server: edge-host-1
[23:33:25] Transfer mode: direct

[23:33:25] === TCP CLIENT PRE-COPY MIGRATION (3 iterations) ===
[23:33:25] Step 1: Checking source client process...
[23:33:26]   Using PID from /home/ubuntu/tcp_client.pid: 107898
[23:33:27]   Server connections so far: 1
[23:33:28] Step 2: Preparing CRIU directory...
[23:33:28] Step 3: Running 3 pre-dumps and transferring them while client keeps running...
[23:33:28]   Pre-dump 1/3 complete
[23:33:28]   Archiving and transferring pre-dump 1...
Setting up SSH trust: edge-node-1 → ubuntu@10.138.215.137
  Adding public key to destination's authorized_keys...
  Testing SSH connectivity...
  ✓ SSH trust ready
  Transferring /home/ubuntu/CRIU-tcp-client-iter-0.tar.gz via SCP...
[23:34:21]   Pre-dump 2/3 complete
[23:34:21]   Archiving and transferring pre-dump 2...
Setting up SSH trust: edge-node-1 → ubuntu@10.138.215.137
  Adding public key to destination's authorized_keys...
  Testing SSH connectivity...
  ✓ SSH trust ready
  Transferring /home/ubuntu/CRIU-tcp-client-iter-1.tar.gz via SCP...
[23:35:14]   Pre-dump 3/3 complete
[23:35:14]   Archiving and transferring pre-dump 3...
Setting up SSH trust: edge-node-1 → ubuntu@10.138.215.137
  Adding public key to destination's authorized_keys...
  Testing SSH connectivity...
  ✓ SSH trust ready
  Transferring /home/ubuntu/CRIU-tcp-client-iter-2.tar.gz via SCP...
[23:35:57]   Pre-copy transfer outside downtime: archive=897 ms, transfer=141961 ms, unpack=1324 ms, bytes=21622
[23:35:57] Step 4: Final dump (freezing client)...
[23:35:58] Step 4.5: Moving VIP to destination...
[23:35:58]   Moving VIP 10.138.215.250 from edge-node-1:ens3 -> edge-node-2:ens3
[23:36:04] Step 5: Creating final dump archive...
[23:36:04] Step 6: Transferring archive...
[23:36:04]   Setting up direct SSH trust...
Setting up SSH trust: edge-node-1 → ubuntu@10.138.215.137
  Adding public key to destination's authorized_keys...
  Testing SSH connectivity...
  ✓ SSH trust ready
Setting up SSH trust: edge-node-1 → ubuntu@10.138.215.137
  Adding public key to destination's authorized_keys...
  Testing SSH connectivity...
  ✓ SSH trust ready
  Transferring /home/ubuntu/CRIU-tcp-client-final.tar.gz via SCP...
[23:37:49] Step 7: Unpacking on destination...
[23:37:49] Step 8: Preparing restore environment...
[23:37:50] Step 9: Restoring client (--tcp-established)...
[23:37:51] Step 10: Verifying connection continuity...
[23:37:54]   Client output (tail): PP 64 -> 64
[23:37:55]   Server connections so far: 1
[23:37:55] ✓ SUCCESS: Client restored and TCP socket appears established
[23:37:55] Metrics saved to /home/ivo/Evaluation-of-Live-Migration-Strategies-at-the-Edge/Network-live-migration/metrics/migration_metrics.csv
[exit=0]

$ python3 /home/ivo/Evaluation-of-Live-Migration-Strategies-at-the-Edge/Network-live-migration/scripts/setup/reset_nodes.py edge-node-1 edge-node-2 edge-host-1 10.138.215.250
[23:37:56] Resetting nodes: edge-node-1 -> edge-node-2 (server: edge-host-1, vip: 10.138.215.250)
[23:37:56] Step 1: Killing any existing processes on source...
[23:37:56]   Killing PID 107898 (from /home/ubuntu/tcp_client.pid)
[23:37:57]   Killing PID 107898 (from /home/ubuntu/client.pid)
[23:37:57]   Killing any remaining background processes...
[23:37:59] Step 2: Cleaning source node...
[23:38:00] Step 3: Cleaning destination node...
[23:38:00]   Killing PID 107898 on destination (from /home/ubuntu/tcp_client.pid)
[23:38:01]   Killing PID 107898 on destination (from /home/ubuntu/client.pid)
[23:38:02]   Killing all remaining TCP processes on destination...
[23:38:05] Step 4: Cleaning server node (edge-host-1)...
[23:38:05]   Killing PID 3580177 on server (from /home/ubuntu/tcp_server.pid)
[23:38:07] ✓ Reset complete, nodes are clean
[23:38:07]   Next: Start your application
[exit=0]

$ bash /home/ivo/Evaluation-of-Live-Migration-Strategies-at-the-Edge/Network-live-migration/scripts/workloads/start_tcp_server.sh edge-host-1 5000
[tcp-server] Ensuring tcp-howto binary on edge-host-1...
[tcp-server] Reusing existing /tmp/tcp-howto on edge-host-1
[tcp-server] Starting on edge-host-1 (port 5000)...
[tcp-server] Waiting for listen...
✓ TCP server listening on edge-host-1:5000
[tcp-server] Logs: multipass exec edge-host-1 -- tail -f /home/ubuntu/tcp_server.out
[exit=0]

$ bash /home/ivo/Evaluation-of-Live-Migration-Strategies-at-the-Edge/Network-live-migration/scripts/workloads/start_tcp_client.sh edge-node-1 edge-host-1 5000
[tcp-client] Server endpoint: 10.138.215.36:5000
[tcp-client] Client VIP: 10.138.215.250
[tcp-client] Ensuring tcp-howto binary on edge-node-1...
[tcp-client] Reusing existing /tmp/tcp-howto on edge-node-1
[tcp-client] Ensuring VIP 10.138.215.250 is present on edge-node-1...
ARPING 10.138.215.250 from 10.138.215.250 ens3
Sent 3 probes (3 broadcast(s))
Received 0 response(s)
[tcp-client] Starting on edge-node-1...
[tcp-client] Waiting for established TCP connection...
✓ TCP client connected (PID: 111606)
[tcp-client] Logs: multipass exec edge-node-1 -- tail -f /home/ubuntu/tcp_client.out
[exit=0]

$ python3 /home/ivo/Evaluation-of-Live-Migration-Strategies-at-the-Edge/Network-live-migration/scripts/orchestrators/tcp_client_benchmark.py precopy --source edge-node-1 --dest edge-node-2 --server edge-host-1 --transfer-mode direct --run-id 15-05-2026-direct-precopy-0029 --csv /home/ivo/Evaluation-of-Live-Migration-Strategies-at-the-Edge/Network-live-migration/metrics/migration_metrics.csv --profile-name 6_TEE_Avg --iterations 3
[23:38:16] === TCP CLIENT MIGRATION ===
[23:38:16] Run ID: 15-05-2026-direct-precopy-0029
[23:38:16] Source: edge-node-1, Dest: edge-node-2
[23:38:16] Server: edge-host-1
[23:38:16] Transfer mode: direct

[23:38:16] === TCP CLIENT PRE-COPY MIGRATION (3 iterations) ===
[23:38:16] Step 1: Checking source client process...
[23:38:16]   Using PID from /home/ubuntu/tcp_client.pid: 111606
[23:38:17]   Server connections so far: 1
[23:38:18] Step 2: Preparing CRIU directory...
[23:38:18] Step 3: Running 3 pre-dumps and transferring them while client keeps running...
[23:38:18]   Pre-dump 1/3 complete
[23:38:18]   Archiving and transferring pre-dump 1...
Setting up SSH trust: edge-node-1 → ubuntu@10.138.215.137
  Adding public key to destination's authorized_keys...
  Testing SSH connectivity...
  ✓ SSH trust ready
  Transferring /home/ubuntu/CRIU-tcp-client-iter-0.tar.gz via SCP...
[23:39:04]   Pre-dump 2/3 complete
[23:39:04]   Archiving and transferring pre-dump 2...
Setting up SSH trust: edge-node-1 → ubuntu@10.138.215.137
  Adding public key to destination's authorized_keys...
  Testing SSH connectivity...
  ✓ SSH trust ready
  Transferring /home/ubuntu/CRIU-tcp-client-iter-1.tar.gz via SCP...
[23:39:49]   Pre-dump 3/3 complete
[23:39:49]   Archiving and transferring pre-dump 3...
Setting up SSH trust: edge-node-1 → ubuntu@10.138.215.137
  Adding public key to destination's authorized_keys...
  Testing SSH connectivity...
  ✓ SSH trust ready
  Transferring /home/ubuntu/CRIU-tcp-client-iter-2.tar.gz via SCP...
[23:40:39]   Pre-copy transfer outside downtime: archive=970 ms, transfer=133961 ms, unpack=1270 ms, bytes=21976
[23:40:39] Step 4: Final dump (freezing client)...
[23:40:40] Step 4.5: Moving VIP to destination...
[23:40:40]   Moving VIP 10.138.215.250 from edge-node-1:ens3 -> edge-node-2:ens3
[23:40:46] Step 5: Creating final dump archive...
[23:40:46] Step 6: Transferring archive...
[23:40:46]   Setting up direct SSH trust...
Setting up SSH trust: edge-node-1 → ubuntu@10.138.215.137
  Adding public key to destination's authorized_keys...
  Testing SSH connectivity...
  ✓ SSH trust ready
Setting up SSH trust: edge-node-1 → ubuntu@10.138.215.137
  Adding public key to destination's authorized_keys...
  Testing SSH connectivity...
  ✓ SSH trust ready
  Transferring /home/ubuntu/CRIU-tcp-client-final.tar.gz via SCP...
[23:42:06] Step 7: Unpacking on destination...
[23:42:06] Step 8: Preparing restore environment...
[23:42:07] Step 9: Restoring client (--tcp-established)...
[23:42:08] Step 10: Verifying connection continuity...
[23:42:11]   Client output (tail): PP 61 -> 61
[23:42:12]   Server connections so far: 1
[23:42:12] ✓ SUCCESS: Client restored and TCP socket appears established
[23:42:12] Metrics saved to /home/ivo/Evaluation-of-Live-Migration-Strategies-at-the-Edge/Network-live-migration/metrics/migration_metrics.csv
[exit=0]

$ python3 /home/ivo/Evaluation-of-Live-Migration-Strategies-at-the-Edge/Network-live-migration/scripts/setup/reset_nodes.py edge-node-1 edge-node-2 edge-host-1 10.138.215.250
[23:42:12] Resetting nodes: edge-node-1 -> edge-node-2 (server: edge-host-1, vip: 10.138.215.250)
[23:42:12] Step 1: Killing any existing processes on source...
[23:42:13]   Killing PID 111606 (from /home/ubuntu/tcp_client.pid)
[23:42:13]   Killing PID 111606 (from /home/ubuntu/client.pid)
[23:42:14]   Killing any remaining background processes...
[23:42:15] Step 2: Cleaning source node...
[23:42:17] Step 3: Cleaning destination node...
[23:42:17]   Killing PID 111606 on destination (from /home/ubuntu/tcp_client.pid)
[23:42:18]   Killing PID 111606 on destination (from /home/ubuntu/client.pid)
[23:42:18]   Killing all remaining TCP processes on destination...
[23:42:22] Step 4: Cleaning server node (edge-host-1)...
[23:42:22]   Killing PID 3581426 on server (from /home/ubuntu/tcp_server.pid)
[23:42:24] ✓ Reset complete, nodes are clean
[23:42:24]   Next: Start your application
[exit=0]

$ bash /home/ivo/Evaluation-of-Live-Migration-Strategies-at-the-Edge/Network-live-migration/scripts/workloads/start_tcp_server.sh edge-host-1 5000
[tcp-server] Ensuring tcp-howto binary on edge-host-1...
[tcp-server] Reusing existing /tmp/tcp-howto on edge-host-1
[tcp-server] Starting on edge-host-1 (port 5000)...
[tcp-server] Waiting for listen...
✓ TCP server listening on edge-host-1:5000
[tcp-server] Logs: multipass exec edge-host-1 -- tail -f /home/ubuntu/tcp_server.out
[exit=0]

$ bash /home/ivo/Evaluation-of-Live-Migration-Strategies-at-the-Edge/Network-live-migration/scripts/workloads/start_tcp_client.sh edge-node-1 edge-host-1 5000
[tcp-client] Server endpoint: 10.138.215.36:5000
[tcp-client] Client VIP: 10.138.215.250
[tcp-client] Ensuring tcp-howto binary on edge-node-1...
[tcp-client] Reusing existing /tmp/tcp-howto on edge-node-1
[tcp-client] Ensuring VIP 10.138.215.250 is present on edge-node-1...
ARPING 10.138.215.250 from 10.138.215.250 ens3
Sent 3 probes (3 broadcast(s))
Received 0 response(s)
[tcp-client] Starting on edge-node-1...
[tcp-client] Waiting for established TCP connection...
✓ TCP client connected (PID: 115026)
[tcp-client] Logs: multipass exec edge-node-1 -- tail -f /home/ubuntu/tcp_client.out
[exit=0]

$ python3 /home/ivo/Evaluation-of-Live-Migration-Strategies-at-the-Edge/Network-live-migration/scripts/orchestrators/tcp_client_benchmark.py postcopy --source edge-node-1 --dest edge-node-2 --server edge-host-1 --transfer-mode host --run-id 15-05-2026-host-postcopy-0020 --csv /home/ivo/Evaluation-of-Live-Migration-Strategies-at-the-Edge/Network-live-migration/metrics/migration_metrics.csv --profile-name 6_TEE_Avg --relay-node edge-host-1 --page-server-port 9999
[23:42:33] === TCP CLIENT MIGRATION ===
[23:42:33] Run ID: 15-05-2026-host-postcopy-0020
[23:42:33] Source: edge-node-1, Dest: edge-node-2
[23:42:33] Server: edge-host-1
[23:42:33] Transfer mode: host
[23:42:33] Relay node: edge-host-1

[23:42:33] === TCP CLIENT POST-COPY (LAZY-PAGES) MIGRATION ===
[23:42:33] Step 1: Checking source client process...
[23:42:33]   Using PID from /home/ubuntu/tcp_client.pid: 115026
[23:42:34]   Server connections so far: 1
[23:42:35]   Page-server endpoint: 10.138.215.218:9999
[23:42:35] Step 2: Final dump (freezing client) with --lazy-pages...
[23:42:36]   Dump PID: 115560
[23:42:36]   Final dump time (freeze duration): 730 ms
[23:42:36] Step 2.5: Moving VIP to destination...
[23:42:36]   Moving VIP 10.138.215.250 from edge-node-1:ens3 -> edge-node-2:ens3
[23:42:42] Step 3: Creating archive...
[23:42:42] Step 4: Transferring archive...
  Transferring /home/ubuntu/CRIU-tcp-client.tar.gz via relay node edge-host-1...
Setting up SSH trust: edge-node-1 → ubuntu@10.138.215.36
  Adding public key to destination's authorized_keys...
  Testing SSH connectivity...
  ✓ SSH trust ready
Setting up SSH trust: edge-host-1 → ubuntu@10.138.215.137
  Adding public key to destination's authorized_keys...
  Testing SSH connectivity...
  ✓ SSH trust ready
[23:44:15] Step 5: Unpacking on destination...
[23:44:15] Step 6: Starting lazy-pages daemon on destination...
[23:44:16] Step 7: Restoring client...
[23:44:18] Step 8: Verifying connection continuity...
[23:44:22]   Client output (tail): 
[23:44:22]   Server connections so far: 1
[23:44:22] ✓ SUCCESS: Client restored and TCP socket appears established
[23:44:23] Metrics saved to /home/ivo/Evaluation-of-Live-Migration-Strategies-at-the-Edge/Network-live-migration/metrics/migration_metrics.csv
[exit=0]

$ python3 /home/ivo/Evaluation-of-Live-Migration-Strategies-at-the-Edge/Network-live-migration/scripts/setup/reset_nodes.py edge-node-1 edge-node-2 edge-host-1 10.138.215.250
[23:44:24] Resetting nodes: edge-node-1 -> edge-node-2 (server: edge-host-1, vip: 10.138.215.250)
[23:44:24] Step 1: Killing any existing processes on source...
[23:44:24]   Killing PID 115026 (from /home/ubuntu/tcp_client.pid)
[23:44:25]   Killing PID 115026 (from /home/ubuntu/client.pid)
[23:44:25]   Killing any remaining background processes...
[23:44:27] Step 2: Cleaning source node...
[23:44:28] Step 3: Cleaning destination node...
[23:44:29]   Killing PID 115026 on destination (from /home/ubuntu/tcp_client.pid)
[23:44:29]   Killing PID 115026 on destination (from /home/ubuntu/client.pid)
[23:44:30]   Killing all remaining TCP processes on destination...
[23:44:33] Step 4: Cleaning server node (edge-host-1)...
[23:44:34]   Killing PID 3582652 on server (from /home/ubuntu/tcp_server.pid)
[23:44:36] ✓ Reset complete, nodes are clean
[23:44:36]   Next: Start your application
[exit=0]

$ bash /home/ivo/Evaluation-of-Live-Migration-Strategies-at-the-Edge/Network-live-migration/scripts/workloads/start_tcp_server.sh edge-host-1 5000
[tcp-server] Ensuring tcp-howto binary on edge-host-1...
[tcp-server] Reusing existing /tmp/tcp-howto on edge-host-1
[tcp-server] Starting on edge-host-1 (port 5000)...
[tcp-server] Waiting for listen...
✓ TCP server listening on edge-host-1:5000
[tcp-server] Logs: multipass exec edge-host-1 -- tail -f /home/ubuntu/tcp_server.out
[exit=0]

$ bash /home/ivo/Evaluation-of-Live-Migration-Strategies-at-the-Edge/Network-live-migration/scripts/workloads/start_tcp_client.sh edge-node-1 edge-host-1 5000
[tcp-client] Server endpoint: 10.138.215.36:5000
[tcp-client] Client VIP: 10.138.215.250
[tcp-client] Ensuring tcp-howto binary on edge-node-1...
[tcp-client] Reusing existing /tmp/tcp-howto on edge-node-1
[tcp-client] Ensuring VIP 10.138.215.250 is present on edge-node-1...
ARPING 10.138.215.250 from 10.138.215.250 ens3
Sent 3 probes (3 broadcast(s))
Received 0 response(s)
[tcp-client] Starting on edge-node-1...
[tcp-client] Waiting for established TCP connection...
✓ TCP client connected (PID: 117195)
[tcp-client] Logs: multipass exec edge-node-1 -- tail -f /home/ubuntu/tcp_client.out
[exit=0]

$ python3 /home/ivo/Evaluation-of-Live-Migration-Strategies-at-the-Edge/Network-live-migration/scripts/orchestrators/tcp_client_benchmark.py postcopy --source edge-node-1 --dest edge-node-2 --server edge-host-1 --transfer-mode host --run-id 15-05-2026-host-postcopy-0021 --csv /home/ivo/Evaluation-of-Live-Migration-Strategies-at-the-Edge/Network-live-migration/metrics/migration_metrics.csv --profile-name 6_TEE_Avg --relay-node edge-host-1 --page-server-port 9999
[23:44:44] === TCP CLIENT MIGRATION ===
[23:44:44] Run ID: 15-05-2026-host-postcopy-0021
[23:44:44] Source: edge-node-1, Dest: edge-node-2
[23:44:44] Server: edge-host-1
[23:44:44] Transfer mode: host
[23:44:44] Relay node: edge-host-1

[23:44:44] === TCP CLIENT POST-COPY (LAZY-PAGES) MIGRATION ===
[23:44:44] Step 1: Checking source client process...
[23:44:45]   Using PID from /home/ubuntu/tcp_client.pid: 117195
[23:44:45]   Server connections so far: 1
[23:44:46]   Page-server endpoint: 10.138.215.218:9999
[23:44:46] Step 2: Final dump (freezing client) with --lazy-pages...
[23:44:47]   Dump PID: 117737
[23:44:47]   Final dump time (freeze duration): 736 ms
[23:44:47] Step 2.5: Moving VIP to destination...
[23:44:48]   Moving VIP 10.138.215.250 from edge-node-1:ens3 -> edge-node-2:ens3
[23:44:53] Step 3: Creating archive...
[23:44:53] Step 4: Transferring archive...
  Transferring /home/ubuntu/CRIU-tcp-client.tar.gz via relay node edge-host-1...
Setting up SSH trust: edge-node-1 → ubuntu@10.138.215.36
  Adding public key to destination's authorized_keys...
  Testing SSH connectivity...
  ✓ SSH trust ready
Setting up SSH trust: edge-host-1 → ubuntu@10.138.215.137
  Adding public key to destination's authorized_keys...
  Testing SSH connectivity...
  ✓ SSH trust ready
[23:46:26] Step 5: Unpacking on destination...
[23:46:27] Step 6: Starting lazy-pages daemon on destination...
[23:46:28] Step 7: Restoring client...
[23:46:30] Step 8: Verifying connection continuity...
[23:46:33]   Client output (tail): 
[23:46:34]   Server connections so far: 1
[23:46:34] ✓ SUCCESS: Client restored and TCP socket appears established
[23:46:35] Metrics saved to /home/ivo/Evaluation-of-Live-Migration-Strategies-at-the-Edge/Network-live-migration/metrics/migration_metrics.csv
[exit=0]

$ python3 /home/ivo/Evaluation-of-Live-Migration-Strategies-at-the-Edge/Network-live-migration/scripts/setup/reset_nodes.py edge-node-1 edge-node-2 edge-host-1 10.138.215.250
[23:46:36] Resetting nodes: edge-node-1 -> edge-node-2 (server: edge-host-1, vip: 10.138.215.250)
[23:46:36] Step 1: Killing any existing processes on source...
[23:46:36]   Killing PID 117195 (from /home/ubuntu/tcp_client.pid)
[23:46:37]   Killing PID 117195 (from /home/ubuntu/client.pid)
[23:46:37]   Killing any remaining background processes...
[23:46:39] Step 2: Cleaning source node...
[23:46:40] Step 3: Cleaning destination node...
[23:46:40]   Killing PID 117195 on destination (from /home/ubuntu/tcp_client.pid)
[23:46:41]   Killing PID 117195 on destination (from /home/ubuntu/client.pid)
[23:46:42]   Killing all remaining TCP processes on destination...
[23:46:45] Step 4: Cleaning server node (edge-host-1)...
[23:46:45]   Killing PID 3584298 on server (from /home/ubuntu/tcp_server.pid)
[23:46:48] ✓ Reset complete, nodes are clean
[23:46:48]   Next: Start your application
[exit=0]

$ bash /home/ivo/Evaluation-of-Live-Migration-Strategies-at-the-Edge/Network-live-migration/scripts/workloads/start_tcp_server.sh edge-host-1 5000
[tcp-server] Ensuring tcp-howto binary on edge-host-1...
[tcp-server] Reusing existing /tmp/tcp-howto on edge-host-1
[tcp-server] Starting on edge-host-1 (port 5000)...
[tcp-server] Waiting for listen...
✓ TCP server listening on edge-host-1:5000
[tcp-server] Logs: multipass exec edge-host-1 -- tail -f /home/ubuntu/tcp_server.out
[exit=0]

$ bash /home/ivo/Evaluation-of-Live-Migration-Strategies-at-the-Edge/Network-live-migration/scripts/workloads/start_tcp_client.sh edge-node-1 edge-host-1 5000
[tcp-client] Server endpoint: 10.138.215.36:5000
[tcp-client] Client VIP: 10.138.215.250
[tcp-client] Ensuring tcp-howto binary on edge-node-1...
[tcp-client] Reusing existing /tmp/tcp-howto on edge-node-1
[tcp-client] Ensuring VIP 10.138.215.250 is present on edge-node-1...
ARPING 10.138.215.250 from 10.138.215.250 ens3
Sent 3 probes (3 broadcast(s))
Received 0 response(s)
[tcp-client] Starting on edge-node-1...
[tcp-client] Waiting for established TCP connection...
✓ TCP client connected (PID: 119377)
[tcp-client] Logs: multipass exec edge-node-1 -- tail -f /home/ubuntu/tcp_client.out
[exit=0]

$ python3 /home/ivo/Evaluation-of-Live-Migration-Strategies-at-the-Edge/Network-live-migration/scripts/orchestrators/tcp_client_benchmark.py postcopy --source edge-node-1 --dest edge-node-2 --server edge-host-1 --transfer-mode host --run-id 15-05-2026-host-postcopy-0022 --csv /home/ivo/Evaluation-of-Live-Migration-Strategies-at-the-Edge/Network-live-migration/metrics/migration_metrics.csv --profile-name 6_TEE_Avg --relay-node edge-host-1 --page-server-port 9999
[23:46:56] === TCP CLIENT MIGRATION ===
[23:46:56] Run ID: 15-05-2026-host-postcopy-0022
[23:46:56] Source: edge-node-1, Dest: edge-node-2
[23:46:56] Server: edge-host-1
[23:46:56] Transfer mode: host
[23:46:56] Relay node: edge-host-1

[23:46:56] === TCP CLIENT POST-COPY (LAZY-PAGES) MIGRATION ===
[23:46:56] Step 1: Checking source client process...
[23:46:56]   Using PID from /home/ubuntu/tcp_client.pid: 119377
[23:46:57]   Server connections so far: 1
[23:46:58]   Page-server endpoint: 10.138.215.218:9999
[23:46:58] Step 2: Final dump (freezing client) with --lazy-pages...
[23:46:58]   Dump PID: 119920
[23:46:59]   Final dump time (freeze duration): 728 ms
[23:46:59] Step 2.5: Moving VIP to destination...
[23:46:59]   Moving VIP 10.138.215.250 from edge-node-1:ens3 -> edge-node-2:ens3
[23:47:05] Step 3: Creating archive...
[23:47:05] Step 4: Transferring archive...
  Transferring /home/ubuntu/CRIU-tcp-client.tar.gz via relay node edge-host-1...
Setting up SSH trust: edge-node-1 → ubuntu@10.138.215.36
  Adding public key to destination's authorized_keys...
  Testing SSH connectivity...
  ✓ SSH trust ready
Setting up SSH trust: edge-host-1 → ubuntu@10.138.215.137
  Adding public key to destination's authorized_keys...
  Testing SSH connectivity...
  ✓ SSH trust ready
[23:48:46] Step 5: Unpacking on destination...
[23:48:47] Step 6: Starting lazy-pages daemon on destination...
[23:48:48] Step 7: Restoring client...
[23:48:51] Step 8: Verifying connection continuity...
[23:48:54]   Client output (tail): 
[23:48:55]   Server connections so far: 1
[23:48:55] ✓ SUCCESS: Client restored and TCP socket appears established
[23:48:56] Metrics saved to /home/ivo/Evaluation-of-Live-Migration-Strategies-at-the-Edge/Network-live-migration/metrics/migration_metrics.csv
[exit=0]

$ python3 /home/ivo/Evaluation-of-Live-Migration-Strategies-at-the-Edge/Network-live-migration/scripts/setup/reset_nodes.py edge-node-1 edge-node-2 edge-host-1 10.138.215.250
[23:48:56] Resetting nodes: edge-node-1 -> edge-node-2 (server: edge-host-1, vip: 10.138.215.250)
[23:48:56] Step 1: Killing any existing processes on source...
[23:48:57]   Killing PID 119377 (from /home/ubuntu/tcp_client.pid)
[23:48:57]   Killing PID 119377 (from /home/ubuntu/client.pid)
[23:48:58]   Killing any remaining background processes...
[23:48:59] Step 2: Cleaning source node...
[23:49:01] Step 3: Cleaning destination node...
[23:49:01]   Killing PID 119377 on destination (from /home/ubuntu/tcp_client.pid)
[23:49:02]   Killing PID 119377 on destination (from /home/ubuntu/client.pid)
[23:49:02]   Killing all remaining TCP processes on destination...
[23:49:06] Step 4: Cleaning server node (edge-host-1)...
[23:49:06]   Killing PID 3586200 on server (from /home/ubuntu/tcp_server.pid)
[23:49:08] ✓ Reset complete, nodes are clean
[23:49:08]   Next: Start your application
[exit=0]

$ bash /home/ivo/Evaluation-of-Live-Migration-Strategies-at-the-Edge/Network-live-migration/scripts/workloads/start_tcp_server.sh edge-host-1 5000
[tcp-server] Ensuring tcp-howto binary on edge-host-1...
[tcp-server] Reusing existing /tmp/tcp-howto on edge-host-1
[tcp-server] Starting on edge-host-1 (port 5000)...
[tcp-server] Waiting for listen...
✓ TCP server listening on edge-host-1:5000
[tcp-server] Logs: multipass exec edge-host-1 -- tail -f /home/ubuntu/tcp_server.out
[exit=0]

$ bash /home/ivo/Evaluation-of-Live-Migration-Strategies-at-the-Edge/Network-live-migration/scripts/workloads/start_tcp_client.sh edge-node-1 edge-host-1 5000
[tcp-client] Server endpoint: 10.138.215.36:5000
[tcp-client] Client VIP: 10.138.215.250
[tcp-client] Ensuring tcp-howto binary on edge-node-1...
[tcp-client] Reusing existing /tmp/tcp-howto on edge-node-1
[tcp-client] Ensuring VIP 10.138.215.250 is present on edge-node-1...
ARPING 10.138.215.250 from 10.138.215.250 ens3
Sent 3 probes (3 broadcast(s))
Received 0 response(s)
[tcp-client] Starting on edge-node-1...
[tcp-client] Waiting for established TCP connection...
✓ TCP client connected (PID: 121825)
[tcp-client] Logs: multipass exec edge-node-1 -- tail -f /home/ubuntu/tcp_client.out
[exit=0]

$ python3 /home/ivo/Evaluation-of-Live-Migration-Strategies-at-the-Edge/Network-live-migration/scripts/orchestrators/tcp_client_benchmark.py postcopy --source edge-node-1 --dest edge-node-2 --server edge-host-1 --transfer-mode host --run-id 15-05-2026-host-postcopy-0023 --csv /home/ivo/Evaluation-of-Live-Migration-Strategies-at-the-Edge/Network-live-migration/metrics/migration_metrics.csv --profile-name 6_TEE_Avg --relay-node edge-host-1 --page-server-port 9999
[23:49:17] === TCP CLIENT MIGRATION ===
[23:49:17] Run ID: 15-05-2026-host-postcopy-0023
[23:49:17] Source: edge-node-1, Dest: edge-node-2
[23:49:17] Server: edge-host-1
[23:49:17] Transfer mode: host
[23:49:17] Relay node: edge-host-1

[23:49:17] === TCP CLIENT POST-COPY (LAZY-PAGES) MIGRATION ===
[23:49:17] Step 1: Checking source client process...
[23:49:17]   Using PID from /home/ubuntu/tcp_client.pid: 121825
[23:49:18]   Server connections so far: 1
[23:49:19]   Page-server endpoint: 10.138.215.218:9999
[23:49:19] Step 2: Final dump (freezing client) with --lazy-pages...
[23:49:19]   Dump PID: 122367
[23:49:20]   Final dump time (freeze duration): 668 ms
[23:49:20] Step 2.5: Moving VIP to destination...
[23:49:20]   Moving VIP 10.138.215.250 from edge-node-1:ens3 -> edge-node-2:ens3
[23:49:25] Step 3: Creating archive...
[23:49:26] Step 4: Transferring archive...
  Transferring /home/ubuntu/CRIU-tcp-client.tar.gz via relay node edge-host-1...
Setting up SSH trust: edge-node-1 → ubuntu@10.138.215.36
  Adding public key to destination's authorized_keys...
  Testing SSH connectivity...
  ✓ SSH trust ready
Setting up SSH trust: edge-host-1 → ubuntu@10.138.215.137
  Adding public key to destination's authorized_keys...
  Testing SSH connectivity...
  ✓ SSH trust ready
[23:50:49] Step 5: Unpacking on destination...
[23:50:50] Step 6: Starting lazy-pages daemon on destination...
[23:50:51] Step 7: Restoring client...
[23:50:58] Step 8: Verifying connection continuity...
[23:51:01]   Client output (tail): 
[23:51:02]   Server connections so far: 1
[23:51:02] ✓ SUCCESS: Client restored and TCP socket appears established
[23:51:03] Metrics saved to /home/ivo/Evaluation-of-Live-Migration-Strategies-at-the-Edge/Network-live-migration/metrics/migration_metrics.csv
[exit=0]

$ python3 /home/ivo/Evaluation-of-Live-Migration-Strategies-at-the-Edge/Network-live-migration/scripts/setup/reset_nodes.py edge-node-1 edge-node-2 edge-host-1 10.138.215.250
[23:51:03] Resetting nodes: edge-node-1 -> edge-node-2 (server: edge-host-1, vip: 10.138.215.250)
[23:51:03] Step 1: Killing any existing processes on source...
[23:51:04]   Killing PID 121825 (from /home/ubuntu/tcp_client.pid)
[23:51:05]   Killing PID 121825 (from /home/ubuntu/client.pid)
[23:51:05]   Killing any remaining background processes...
[23:51:06] Step 2: Cleaning source node...
[23:51:08] Step 3: Cleaning destination node...
[23:51:08]   Killing PID 121825 on destination (from /home/ubuntu/tcp_client.pid)
[23:51:09]   Killing PID 121825 on destination (from /home/ubuntu/client.pid)
[23:51:10]   Killing all remaining TCP processes on destination...
[23:51:13] Step 4: Cleaning server node (edge-host-1)...
[23:51:13]   Killing PID 3587855 on server (from /home/ubuntu/tcp_server.pid)
[23:51:15] ✓ Reset complete, nodes are clean
[23:51:15]   Next: Start your application
[exit=0]

$ bash /home/ivo/Evaluation-of-Live-Migration-Strategies-at-the-Edge/Network-live-migration/scripts/workloads/start_tcp_server.sh edge-host-1 5000
[tcp-server] Ensuring tcp-howto binary on edge-host-1...
[tcp-server] Reusing existing /tmp/tcp-howto on edge-host-1
[tcp-server] Starting on edge-host-1 (port 5000)...
[tcp-server] Waiting for listen...
✓ TCP server listening on edge-host-1:5000
[tcp-server] Logs: multipass exec edge-host-1 -- tail -f /home/ubuntu/tcp_server.out
[exit=0]

$ bash /home/ivo/Evaluation-of-Live-Migration-Strategies-at-the-Edge/Network-live-migration/scripts/workloads/start_tcp_client.sh edge-node-1 edge-host-1 5000
[tcp-client] Server endpoint: 10.138.215.36:5000
[tcp-client] Client VIP: 10.138.215.250
[tcp-client] Ensuring tcp-howto binary on edge-node-1...
[tcp-client] Reusing existing /tmp/tcp-howto on edge-node-1
[tcp-client] Ensuring VIP 10.138.215.250 is present on edge-node-1...
ARPING 10.138.215.250 from 10.138.215.250 ens3
Sent 3 probes (3 broadcast(s))
Received 0 response(s)
[tcp-client] Starting on edge-node-1...
[tcp-client] Waiting for established TCP connection...
✓ TCP client connected (PID: 124014)
[tcp-client] Logs: multipass exec edge-node-1 -- tail -f /home/ubuntu/tcp_client.out
[exit=0]

$ python3 /home/ivo/Evaluation-of-Live-Migration-Strategies-at-the-Edge/Network-live-migration/scripts/orchestrators/tcp_client_benchmark.py postcopy --source edge-node-1 --dest edge-node-2 --server edge-host-1 --transfer-mode host --run-id 15-05-2026-host-postcopy-0024 --csv /home/ivo/Evaluation-of-Live-Migration-Strategies-at-the-Edge/Network-live-migration/metrics/migration_metrics.csv --profile-name 6_TEE_Avg --relay-node edge-host-1 --page-server-port 9999
[23:51:24] === TCP CLIENT MIGRATION ===
[23:51:24] Run ID: 15-05-2026-host-postcopy-0024
[23:51:24] Source: edge-node-1, Dest: edge-node-2
[23:51:24] Server: edge-host-1
[23:51:24] Transfer mode: host
[23:51:24] Relay node: edge-host-1

[23:51:24] === TCP CLIENT POST-COPY (LAZY-PAGES) MIGRATION ===
[23:51:24] Step 1: Checking source client process...
[23:51:24]   Using PID from /home/ubuntu/tcp_client.pid: 124014
[23:51:25]   Server connections so far: 1
[23:51:26]   Page-server endpoint: 10.138.215.218:9999
[23:51:26] Step 2: Final dump (freezing client) with --lazy-pages...
[23:51:27]   Dump PID: 124548
[23:51:27]   Final dump time (freeze duration): 734 ms
[23:51:27] Step 2.5: Moving VIP to destination...
[23:51:27]   Moving VIP 10.138.215.250 from edge-node-1:ens3 -> edge-node-2:ens3
[23:51:33] Step 3: Creating archive...
[23:51:33] Step 4: Transferring archive...
  Transferring /home/ubuntu/CRIU-tcp-client.tar.gz via relay node edge-host-1...
Setting up SSH trust: edge-node-1 → ubuntu@10.138.215.36
  Adding public key to destination's authorized_keys...
  Testing SSH connectivity...
  ✓ SSH trust ready
Setting up SSH trust: edge-host-1 → ubuntu@10.138.215.137
  Adding public key to destination's authorized_keys...
  Testing SSH connectivity...
  ✓ SSH trust ready
[23:53:27] Step 5: Unpacking on destination...
[23:53:28] Step 6: Starting lazy-pages daemon on destination...
[23:53:28] Step 7: Restoring client...
[23:53:31] Step 8: Verifying connection continuity...
[23:53:34]   Client output (tail): 
[23:53:34]   Server connections so far: 1
[23:53:34] ✓ SUCCESS: Client restored and TCP socket appears established
[23:53:36] Metrics saved to /home/ivo/Evaluation-of-Live-Migration-Strategies-at-the-Edge/Network-live-migration/metrics/migration_metrics.csv
[exit=0]

$ python3 /home/ivo/Evaluation-of-Live-Migration-Strategies-at-the-Edge/Network-live-migration/scripts/setup/reset_nodes.py edge-node-1 edge-node-2 edge-host-1 10.138.215.250
[23:53:36] Resetting nodes: edge-node-1 -> edge-node-2 (server: edge-host-1, vip: 10.138.215.250)
[23:53:36] Step 1: Killing any existing processes on source...
[23:53:36]   Killing PID 124014 (from /home/ubuntu/tcp_client.pid)
[23:53:37]   Killing PID 124014 (from /home/ubuntu/client.pid)
[23:53:38]   Killing any remaining background processes...
[23:53:39] Step 2: Cleaning source node...
[23:53:41] Step 3: Cleaning destination node...
[23:53:41]   Killing PID 124014 on destination (from /home/ubuntu/tcp_client.pid)
[23:53:42]   Killing PID 124014 on destination (from /home/ubuntu/client.pid)
[23:53:42]   Killing all remaining TCP processes on destination...
[23:53:45] Step 4: Cleaning server node (edge-host-1)...
[23:53:46]   Killing PID 3589509 on server (from /home/ubuntu/tcp_server.pid)
[23:53:48] ✓ Reset complete, nodes are clean
[23:53:48]   Next: Start your application
[exit=0]

$ bash /home/ivo/Evaluation-of-Live-Migration-Strategies-at-the-Edge/Network-live-migration/scripts/workloads/start_tcp_server.sh edge-host-1 5000
[tcp-server] Ensuring tcp-howto binary on edge-host-1...
[tcp-server] Reusing existing /tmp/tcp-howto on edge-host-1
[tcp-server] Starting on edge-host-1 (port 5000)...
[tcp-server] Waiting for listen...
✓ TCP server listening on edge-host-1:5000
[tcp-server] Logs: multipass exec edge-host-1 -- tail -f /home/ubuntu/tcp_server.out
[exit=0]

$ bash /home/ivo/Evaluation-of-Live-Migration-Strategies-at-the-Edge/Network-live-migration/scripts/workloads/start_tcp_client.sh edge-node-1 edge-host-1 5000
[tcp-client] Server endpoint: 10.138.215.36:5000
[tcp-client] Client VIP: 10.138.215.250
[tcp-client] Ensuring tcp-howto binary on edge-node-1...
[tcp-client] Reusing existing /tmp/tcp-howto on edge-node-1
[tcp-client] Ensuring VIP 10.138.215.250 is present on edge-node-1...
ARPING 10.138.215.250 from 10.138.215.250 ens3
Sent 3 probes (3 broadcast(s))
Received 0 response(s)
[tcp-client] Starting on edge-node-1...
[tcp-client] Waiting for established TCP connection...
✓ TCP client connected (PID: 126202)
[tcp-client] Logs: multipass exec edge-node-1 -- tail -f /home/ubuntu/tcp_client.out
[exit=0]

$ python3 /home/ivo/Evaluation-of-Live-Migration-Strategies-at-the-Edge/Network-live-migration/scripts/orchestrators/tcp_client_benchmark.py postcopy --source edge-node-1 --dest edge-node-2 --server edge-host-1 --transfer-mode host --run-id 15-05-2026-host-postcopy-0025 --csv /home/ivo/Evaluation-of-Live-Migration-Strategies-at-the-Edge/Network-live-migration/metrics/migration_metrics.csv --profile-name 6_TEE_Avg --relay-node edge-host-1 --page-server-port 9999
[23:53:56] === TCP CLIENT MIGRATION ===
[23:53:56] Run ID: 15-05-2026-host-postcopy-0025
[23:53:56] Source: edge-node-1, Dest: edge-node-2
[23:53:56] Server: edge-host-1
[23:53:56] Transfer mode: host
[23:53:56] Relay node: edge-host-1

[23:53:56] === TCP CLIENT POST-COPY (LAZY-PAGES) MIGRATION ===
[23:53:56] Step 1: Checking source client process...
[23:53:57]   Using PID from /home/ubuntu/tcp_client.pid: 126202
[23:53:58]   Server connections so far: 1
[23:53:59]   Page-server endpoint: 10.138.215.218:9999
[23:53:59] Step 2: Final dump (freezing client) with --lazy-pages...
[23:53:59]   Dump PID: 126744
[23:53:59]   Final dump time (freeze duration): 698 ms
[23:53:59] Step 2.5: Moving VIP to destination...
[23:54:00]   Moving VIP 10.138.215.250 from edge-node-1:ens3 -> edge-node-2:ens3
[23:54:05] Step 3: Creating archive...
[23:54:06] Step 4: Transferring archive...
  Transferring /home/ubuntu/CRIU-tcp-client.tar.gz via relay node edge-host-1...
Setting up SSH trust: edge-node-1 → ubuntu@10.138.215.36
  Adding public key to destination's authorized_keys...
  Testing SSH connectivity...
  ✓ SSH trust ready
Setting up SSH trust: edge-host-1 → ubuntu@10.138.215.137
  Adding public key to destination's authorized_keys...
  Testing SSH connectivity...
  ✓ SSH trust ready
[23:55:31] Step 5: Unpacking on destination...
[23:55:32] Step 6: Starting lazy-pages daemon on destination...
[23:55:32] Step 7: Restoring client...
[23:55:34] Step 8: Verifying connection continuity...
[23:55:38]   Client output (tail): 
[23:55:39]   Server connections so far: 1
[23:55:39] ✓ SUCCESS: Client restored and TCP socket appears established
[23:55:39] Metrics saved to /home/ivo/Evaluation-of-Live-Migration-Strategies-at-the-Edge/Network-live-migration/metrics/migration_metrics.csv
[exit=0]

$ python3 /home/ivo/Evaluation-of-Live-Migration-Strategies-at-the-Edge/Network-live-migration/scripts/setup/reset_nodes.py edge-node-1 edge-node-2 edge-host-1 10.138.215.250
[23:55:40] Resetting nodes: edge-node-1 -> edge-node-2 (server: edge-host-1, vip: 10.138.215.250)
[23:55:40] Step 1: Killing any existing processes on source...
[23:55:40]   Killing PID 126202 (from /home/ubuntu/tcp_client.pid)
[23:55:41]   Killing PID 126202 (from /home/ubuntu/client.pid)
[23:55:42]   Killing any remaining background processes...
[23:55:43] Step 2: Cleaning source node...
[23:55:45] Step 3: Cleaning destination node...
[23:55:45]   Killing PID 126202 on destination (from /home/ubuntu/tcp_client.pid)
[23:55:46]   Killing PID 126202 on destination (from /home/ubuntu/client.pid)
[23:55:46]   Killing all remaining TCP processes on destination...
[23:55:49] Step 4: Cleaning server node (edge-host-1)...
[23:55:50]   Killing PID 3591167 on server (from /home/ubuntu/tcp_server.pid)
[23:55:52] ✓ Reset complete, nodes are clean
[23:55:52]   Next: Start your application
[exit=0]

$ bash /home/ivo/Evaluation-of-Live-Migration-Strategies-at-the-Edge/Network-live-migration/scripts/workloads/start_tcp_server.sh edge-host-1 5000
[tcp-server] Ensuring tcp-howto binary on edge-host-1...
[tcp-server] Reusing existing /tmp/tcp-howto on edge-host-1
[tcp-server] Starting on edge-host-1 (port 5000)...
[tcp-server] Waiting for listen...
✓ TCP server listening on edge-host-1:5000
[tcp-server] Logs: multipass exec edge-host-1 -- tail -f /home/ubuntu/tcp_server.out
[exit=0]

$ bash /home/ivo/Evaluation-of-Live-Migration-Strategies-at-the-Edge/Network-live-migration/scripts/workloads/start_tcp_client.sh edge-node-1 edge-host-1 5000
[tcp-client] Server endpoint: 10.138.215.36:5000
[tcp-client] Client VIP: 10.138.215.250
[tcp-client] Ensuring tcp-howto binary on edge-node-1...
[tcp-client] Reusing existing /tmp/tcp-howto on edge-node-1
[tcp-client] Ensuring VIP 10.138.215.250 is present on edge-node-1...
ARPING 10.138.215.250 from 10.138.215.250 ens3
Sent 3 probes (3 broadcast(s))
Received 0 response(s)
[tcp-client] Starting on edge-node-1...
[tcp-client] Waiting for established TCP connection...
✓ TCP client connected (PID: 128390)
[tcp-client] Logs: multipass exec edge-node-1 -- tail -f /home/ubuntu/tcp_client.out
[exit=0]

$ python3 /home/ivo/Evaluation-of-Live-Migration-Strategies-at-the-Edge/Network-live-migration/scripts/orchestrators/tcp_client_benchmark.py postcopy --source edge-node-1 --dest edge-node-2 --server edge-host-1 --transfer-mode host --run-id 15-05-2026-host-postcopy-0026 --csv /home/ivo/Evaluation-of-Live-Migration-Strategies-at-the-Edge/Network-live-migration/metrics/migration_metrics.csv --profile-name 6_TEE_Avg --relay-node edge-host-1 --page-server-port 9999
[23:56:00] === TCP CLIENT MIGRATION ===
[23:56:00] Run ID: 15-05-2026-host-postcopy-0026
[23:56:00] Source: edge-node-1, Dest: edge-node-2
[23:56:00] Server: edge-host-1
[23:56:00] Transfer mode: host
[23:56:00] Relay node: edge-host-1

[23:56:00] === TCP CLIENT POST-COPY (LAZY-PAGES) MIGRATION ===
[23:56:00] Step 1: Checking source client process...
[23:56:01]   Using PID from /home/ubuntu/tcp_client.pid: 128390
[23:56:02]   Server connections so far: 1
[23:56:03]   Page-server endpoint: 10.138.215.218:9999
[23:56:03] Step 2: Final dump (freezing client) with --lazy-pages...
[23:56:03]   Dump PID: 128924
[23:56:03]   Final dump time (freeze duration): 730 ms
[23:56:03] Step 2.5: Moving VIP to destination...
[23:56:04]   Moving VIP 10.138.215.250 from edge-node-1:ens3 -> edge-node-2:ens3
[23:56:09] Step 3: Creating archive...
[23:56:10] Step 4: Transferring archive...
  Transferring /home/ubuntu/CRIU-tcp-client.tar.gz via relay node edge-host-1...
Setting up SSH trust: edge-node-1 → ubuntu@10.138.215.36
  Adding public key to destination's authorized_keys...
  Testing SSH connectivity...
  ✓ SSH trust ready
Setting up SSH trust: edge-host-1 → ubuntu@10.138.215.137
  Adding public key to destination's authorized_keys...
  Testing SSH connectivity...
  ✓ SSH trust ready
[23:58:22] Step 5: Unpacking on destination...
[23:58:23] Step 6: Starting lazy-pages daemon on destination...
[23:58:24] Step 7: Restoring client...
[23:58:28] Step 8: Verifying connection continuity...
[23:58:31]   Client output (tail): 
[23:58:32]   Server connections so far: 1
[23:58:32] ✓ SUCCESS: Client restored and TCP socket appears established
[23:58:33] Metrics saved to /home/ivo/Evaluation-of-Live-Migration-Strategies-at-the-Edge/Network-live-migration/metrics/migration_metrics.csv
[exit=0]

$ python3 /home/ivo/Evaluation-of-Live-Migration-Strategies-at-the-Edge/Network-live-migration/scripts/setup/reset_nodes.py edge-node-1 edge-node-2 edge-host-1 10.138.215.250
[23:58:33] Resetting nodes: edge-node-1 -> edge-node-2 (server: edge-host-1, vip: 10.138.215.250)
[23:58:33] Step 1: Killing any existing processes on source...
[23:58:34]   Killing PID 128390 (from /home/ubuntu/tcp_client.pid)
[23:58:34]   Killing PID 128390 (from /home/ubuntu/client.pid)
[23:58:35]   Killing any remaining background processes...
[23:58:36] Step 2: Cleaning source node...
[23:58:38] Step 3: Cleaning destination node...
[23:58:38]   Killing PID 128390 on destination (from /home/ubuntu/tcp_client.pid)
[23:58:39]   Killing PID 128390 on destination (from /home/ubuntu/client.pid)
[23:58:39]   Killing all remaining TCP processes on destination...
[23:58:43] Step 4: Cleaning server node (edge-host-1)...
[23:58:43]   Killing PID 3592805 on server (from /home/ubuntu/tcp_server.pid)
[23:58:45] ✓ Reset complete, nodes are clean
[23:58:45]   Next: Start your application
[exit=0]

$ bash /home/ivo/Evaluation-of-Live-Migration-Strategies-at-the-Edge/Network-live-migration/scripts/workloads/start_tcp_server.sh edge-host-1 5000
[tcp-server] Ensuring tcp-howto binary on edge-host-1...
[tcp-server] Reusing existing /tmp/tcp-howto on edge-host-1
[tcp-server] Starting on edge-host-1 (port 5000)...
[tcp-server] Waiting for listen...
✓ TCP server listening on edge-host-1:5000
[tcp-server] Logs: multipass exec edge-host-1 -- tail -f /home/ubuntu/tcp_server.out
[exit=0]

$ bash /home/ivo/Evaluation-of-Live-Migration-Strategies-at-the-Edge/Network-live-migration/scripts/workloads/start_tcp_client.sh edge-node-1 edge-host-1 5000
[tcp-client] Server endpoint: 10.138.215.36:5000
[tcp-client] Client VIP: 10.138.215.250
[tcp-client] Ensuring tcp-howto binary on edge-node-1...
[tcp-client] Reusing existing /tmp/tcp-howto on edge-node-1
[tcp-client] Ensuring VIP 10.138.215.250 is present on edge-node-1...
ARPING 10.138.215.250 from 10.138.215.250 ens3
Sent 3 probes (3 broadcast(s))
Received 0 response(s)
[tcp-client] Starting on edge-node-1...
[tcp-client] Waiting for established TCP connection...
✓ TCP client connected (PID: 130600)
[tcp-client] Logs: multipass exec edge-node-1 -- tail -f /home/ubuntu/tcp_client.out
[exit=0]

$ python3 /home/ivo/Evaluation-of-Live-Migration-Strategies-at-the-Edge/Network-live-migration/scripts/orchestrators/tcp_client_benchmark.py postcopy --source edge-node-1 --dest edge-node-2 --server edge-host-1 --transfer-mode host --run-id 15-05-2026-host-postcopy-0027 --csv /home/ivo/Evaluation-of-Live-Migration-Strategies-at-the-Edge/Network-live-migration/metrics/migration_metrics.csv --profile-name 6_TEE_Avg --relay-node edge-host-1 --page-server-port 9999
[23:58:53] === TCP CLIENT MIGRATION ===
[23:58:53] Run ID: 15-05-2026-host-postcopy-0027
[23:58:53] Source: edge-node-1, Dest: edge-node-2
[23:58:53] Server: edge-host-1
[23:58:53] Transfer mode: host
[23:58:53] Relay node: edge-host-1

[23:58:53] === TCP CLIENT POST-COPY (LAZY-PAGES) MIGRATION ===
[23:58:53] Step 1: Checking source client process...
[23:58:54]   Using PID from /home/ubuntu/tcp_client.pid: 130600
[23:58:55]   Server connections so far: 1
[23:58:56]   Page-server endpoint: 10.138.215.218:9999
[23:58:56] Step 2: Final dump (freezing client) with --lazy-pages...
[23:58:56]   Dump PID: 131141
[23:58:56]   Final dump time (freeze duration): 759 ms
[23:58:56] Step 2.5: Moving VIP to destination...
[23:58:57]   Moving VIP 10.138.215.250 from edge-node-1:ens3 -> edge-node-2:ens3
[23:59:02] Step 3: Creating archive...
[23:59:03] Step 4: Transferring archive...
  Transferring /home/ubuntu/CRIU-tcp-client.tar.gz via relay node edge-host-1...
Setting up SSH trust: edge-node-1 → ubuntu@10.138.215.36
  Adding public key to destination's authorized_keys...
  Testing SSH connectivity...
  ✓ SSH trust ready
Setting up SSH trust: edge-host-1 → ubuntu@10.138.215.137
  Adding public key to destination's authorized_keys...
  Testing SSH connectivity...
  ✓ SSH trust ready
[00:00:58] Step 5: Unpacking on destination...
[00:00:59] Step 6: Starting lazy-pages daemon on destination...
[00:01:00] Step 7: Restoring client...
[00:01:04] Step 8: Verifying connection continuity...
[00:01:07]   Client output (tail): 
[00:01:08]   Server connections so far: 1
[00:01:08] ✓ SUCCESS: Client restored and TCP socket appears established
[00:01:09] Metrics saved to /home/ivo/Evaluation-of-Live-Migration-Strategies-at-the-Edge/Network-live-migration/metrics/migration_metrics.csv
[exit=0]

$ python3 /home/ivo/Evaluation-of-Live-Migration-Strategies-at-the-Edge/Network-live-migration/scripts/setup/reset_nodes.py edge-node-1 edge-node-2 edge-host-1 10.138.215.250
[00:01:10] Resetting nodes: edge-node-1 -> edge-node-2 (server: edge-host-1, vip: 10.138.215.250)
[00:01:10] Step 1: Killing any existing processes on source...
[00:01:10]   Killing PID 130600 (from /home/ubuntu/tcp_client.pid)
[00:01:11]   Killing PID 130600 (from /home/ubuntu/client.pid)
[00:01:11]   Killing any remaining background processes...
[00:01:12] Step 2: Cleaning source node...
[00:01:14] Step 3: Cleaning destination node...
[00:01:14]   Killing PID 130600 on destination (from /home/ubuntu/tcp_client.pid)
[00:01:15]   Killing PID 130600 on destination (from /home/ubuntu/client.pid)
[00:01:16]   Killing all remaining TCP processes on destination...
[00:01:19] Step 4: Cleaning server node (edge-host-1)...
[00:01:19]   Killing PID 3594483 on server (from /home/ubuntu/tcp_server.pid)
[00:01:21] ✓ Reset complete, nodes are clean
[00:01:21]   Next: Start your application
[exit=0]

$ bash /home/ivo/Evaluation-of-Live-Migration-Strategies-at-the-Edge/Network-live-migration/scripts/workloads/start_tcp_server.sh edge-host-1 5000
[tcp-server] Ensuring tcp-howto binary on edge-host-1...
[tcp-server] Reusing existing /tmp/tcp-howto on edge-host-1
[tcp-server] Starting on edge-host-1 (port 5000)...
[tcp-server] Waiting for listen...
✓ TCP server listening on edge-host-1:5000
[tcp-server] Logs: multipass exec edge-host-1 -- tail -f /home/ubuntu/tcp_server.out
[exit=0]

$ bash /home/ivo/Evaluation-of-Live-Migration-Strategies-at-the-Edge/Network-live-migration/scripts/workloads/start_tcp_client.sh edge-node-1 edge-host-1 5000
[tcp-client] Server endpoint: 10.138.215.36:5000
[tcp-client] Client VIP: 10.138.215.250
[tcp-client] Ensuring tcp-howto binary on edge-node-1...
[tcp-client] Reusing existing /tmp/tcp-howto on edge-node-1
[tcp-client] Ensuring VIP 10.138.215.250 is present on edge-node-1...
ARPING 10.138.215.250 from 10.138.215.250 ens3
Sent 3 probes (3 broadcast(s))
Received 0 response(s)
[tcp-client] Starting on edge-node-1...
[tcp-client] Waiting for established TCP connection...
✓ TCP client connected (PID: 132828)
[tcp-client] Logs: multipass exec edge-node-1 -- tail -f /home/ubuntu/tcp_client.out
[exit=0]

$ python3 /home/ivo/Evaluation-of-Live-Migration-Strategies-at-the-Edge/Network-live-migration/scripts/orchestrators/tcp_client_benchmark.py postcopy --source edge-node-1 --dest edge-node-2 --server edge-host-1 --transfer-mode host --run-id 15-05-2026-host-postcopy-0028 --csv /home/ivo/Evaluation-of-Live-Migration-Strategies-at-the-Edge/Network-live-migration/metrics/migration_metrics.csv --profile-name 6_TEE_Avg --relay-node edge-host-1 --page-server-port 9999
[00:01:30] === TCP CLIENT MIGRATION ===
[00:01:30] Run ID: 15-05-2026-host-postcopy-0028
[00:01:30] Source: edge-node-1, Dest: edge-node-2
[00:01:30] Server: edge-host-1
[00:01:30] Transfer mode: host
[00:01:30] Relay node: edge-host-1

[00:01:30] === TCP CLIENT POST-COPY (LAZY-PAGES) MIGRATION ===
[00:01:30] Step 1: Checking source client process...
[00:01:30]   Using PID from /home/ubuntu/tcp_client.pid: 132828
[00:01:31]   Server connections so far: 1
[00:01:32]   Page-server endpoint: 10.138.215.218:9999
[00:01:32] Step 2: Final dump (freezing client) with --lazy-pages...
[00:01:32]   Dump PID: 133362
[00:01:33]   Final dump time (freeze duration): 772 ms
[00:01:33] Step 2.5: Moving VIP to destination...
[00:01:33]   Moving VIP 10.138.215.250 from edge-node-1:ens3 -> edge-node-2:ens3
[00:01:39] Step 3: Creating archive...
[00:01:40] Step 4: Transferring archive...
  Transferring /home/ubuntu/CRIU-tcp-client.tar.gz via relay node edge-host-1...
Setting up SSH trust: edge-node-1 → ubuntu@10.138.215.36
  Adding public key to destination's authorized_keys...
  Testing SSH connectivity...
  ✓ SSH trust ready
Setting up SSH trust: edge-host-1 → ubuntu@10.138.215.137
  Adding public key to destination's authorized_keys...
  Testing SSH connectivity...
  ✓ SSH trust ready
[00:03:19] Step 5: Unpacking on destination...
[00:03:20] Step 6: Starting lazy-pages daemon on destination...
[00:03:21] Step 7: Restoring client...
[00:03:32] Step 8: Verifying connection continuity...
[00:03:35]   Client output (tail): 
[00:03:36]   Server connections so far: 1
[00:03:36] ✓ SUCCESS: Client restored and TCP socket appears established
[00:03:37] Metrics saved to /home/ivo/Evaluation-of-Live-Migration-Strategies-at-the-Edge/Network-live-migration/metrics/migration_metrics.csv
[exit=0]

$ python3 /home/ivo/Evaluation-of-Live-Migration-Strategies-at-the-Edge/Network-live-migration/scripts/setup/reset_nodes.py edge-node-1 edge-node-2 edge-host-1 10.138.215.250
[00:03:37] Resetting nodes: edge-node-1 -> edge-node-2 (server: edge-host-1, vip: 10.138.215.250)
[00:03:37] Step 1: Killing any existing processes on source...
[00:03:37]   Killing PID 132828 (from /home/ubuntu/tcp_client.pid)
[00:03:38]   Killing PID 132828 (from /home/ubuntu/client.pid)
[00:03:39]   Killing any remaining background processes...
[00:03:40] Step 2: Cleaning source node...
[00:03:42] Step 3: Cleaning destination node...
[00:03:42]   Killing PID 132828 on destination (from /home/ubuntu/tcp_client.pid)
[00:03:43]   Killing PID 132828 on destination (from /home/ubuntu/client.pid)
[00:03:43]   Killing all remaining TCP processes on destination...
[00:03:46] Step 4: Cleaning server node (edge-host-1)...
[00:03:46]   Killing PID 3596415 on server (from /home/ubuntu/tcp_server.pid)
[00:03:49] ✓ Reset complete, nodes are clean
[00:03:49]   Next: Start your application
[exit=0]

$ bash /home/ivo/Evaluation-of-Live-Migration-Strategies-at-the-Edge/Network-live-migration/scripts/workloads/start_tcp_server.sh edge-host-1 5000
[tcp-server] Ensuring tcp-howto binary on edge-host-1...
[tcp-server] Reusing existing /tmp/tcp-howto on edge-host-1
[tcp-server] Starting on edge-host-1 (port 5000)...
[tcp-server] Waiting for listen...
✓ TCP server listening on edge-host-1:5000
[tcp-server] Logs: multipass exec edge-host-1 -- tail -f /home/ubuntu/tcp_server.out
[exit=0]

$ bash /home/ivo/Evaluation-of-Live-Migration-Strategies-at-the-Edge/Network-live-migration/scripts/workloads/start_tcp_client.sh edge-node-1 edge-host-1 5000
[tcp-client] Server endpoint: 10.138.215.36:5000
[tcp-client] Client VIP: 10.138.215.250
[tcp-client] Ensuring tcp-howto binary on edge-node-1...
[tcp-client] Reusing existing /tmp/tcp-howto on edge-node-1
[tcp-client] Ensuring VIP 10.138.215.250 is present on edge-node-1...
ARPING 10.138.215.250 from 10.138.215.250 ens3
Sent 3 probes (3 broadcast(s))
Received 0 response(s)
[tcp-client] Starting on edge-node-1...
[tcp-client] Waiting for established TCP connection...
✓ TCP client connected (PID: 135021)
[tcp-client] Logs: multipass exec edge-node-1 -- tail -f /home/ubuntu/tcp_client.out
[exit=0]

$ python3 /home/ivo/Evaluation-of-Live-Migration-Strategies-at-the-Edge/Network-live-migration/scripts/orchestrators/tcp_client_benchmark.py postcopy --source edge-node-1 --dest edge-node-2 --server edge-host-1 --transfer-mode host --run-id 15-05-2026-host-postcopy-0029 --csv /home/ivo/Evaluation-of-Live-Migration-Strategies-at-the-Edge/Network-live-migration/metrics/migration_metrics.csv --profile-name 6_TEE_Avg --relay-node edge-host-1 --page-server-port 9999
[00:03:57] === TCP CLIENT MIGRATION ===
[00:03:57] Run ID: 15-05-2026-host-postcopy-0029
[00:03:57] Source: edge-node-1, Dest: edge-node-2
[00:03:57] Server: edge-host-1
[00:03:57] Transfer mode: host
[00:03:57] Relay node: edge-host-1

[00:03:57] === TCP CLIENT POST-COPY (LAZY-PAGES) MIGRATION ===
[00:03:57] Step 1: Checking source client process...
[00:03:58]   Using PID from /home/ubuntu/tcp_client.pid: 135021
[00:03:59]   Server connections so far: 1
[00:03:59]   Page-server endpoint: 10.138.215.218:9999
[00:03:59] Step 2: Final dump (freezing client) with --lazy-pages...
[00:04:00]   Dump PID: 135563
[00:04:00]   Final dump time (freeze duration): 740 ms
[00:04:00] Step 2.5: Moving VIP to destination...
[00:04:01]   Moving VIP 10.138.215.250 from edge-node-1:ens3 -> edge-node-2:ens3
[00:04:07] Step 3: Creating archive...
[00:04:07] Step 4: Transferring archive...
  Transferring /home/ubuntu/CRIU-tcp-client.tar.gz via relay node edge-host-1...
Setting up SSH trust: edge-node-1 → ubuntu@10.138.215.36
  Adding public key to destination's authorized_keys...
  Testing SSH connectivity...
  ✓ SSH trust ready
Setting up SSH trust: edge-host-1 → ubuntu@10.138.215.137
  Adding public key to destination's authorized_keys...
  Testing SSH connectivity...
  ✓ SSH trust ready
[00:05:25] Step 5: Unpacking on destination...
[00:05:26] Step 6: Starting lazy-pages daemon on destination...
[00:05:27] Step 7: Restoring client...
[00:05:31] Step 8: Verifying connection continuity...
[00:05:34]   Client output (tail): 
[00:05:35]   Server connections so far: 1
[00:05:35] ✓ SUCCESS: Client restored and TCP socket appears established
[00:05:36] Metrics saved to /home/ivo/Evaluation-of-Live-Migration-Strategies-at-the-Edge/Network-live-migration/metrics/migration_metrics.csv
[exit=0]

$ python3 /home/ivo/Evaluation-of-Live-Migration-Strategies-at-the-Edge/Network-live-migration/scripts/setup/reset_nodes.py edge-node-1 edge-node-2 edge-host-1 10.138.215.250
[00:05:36] Resetting nodes: edge-node-1 -> edge-node-2 (server: edge-host-1, vip: 10.138.215.250)
[00:05:36] Step 1: Killing any existing processes on source...
[00:05:37]   Killing PID 135021 (from /home/ubuntu/tcp_client.pid)
[00:05:37]   Killing PID 135021 (from /home/ubuntu/client.pid)
[00:05:38]   Killing any remaining background processes...
[00:05:39] Step 2: Cleaning source node...
[00:05:41] Step 3: Cleaning destination node...
[00:05:41]   Killing PID 135021 on destination (from /home/ubuntu/tcp_client.pid)
[00:05:42]   Killing PID 135021 on destination (from /home/ubuntu/client.pid)
[00:05:43]   Killing all remaining TCP processes on destination...
[00:05:46] Step 4: Cleaning server node (edge-host-1)...
[00:05:46]   Killing PID 3598077 on server (from /home/ubuntu/tcp_server.pid)
[00:05:48] ✓ Reset complete, nodes are clean
[00:05:48]   Next: Start your application
[exit=0]

$ bash /home/ivo/Evaluation-of-Live-Migration-Strategies-at-the-Edge/Network-live-migration/scripts/workloads/start_tcp_server.sh edge-host-1 5000
[tcp-server] Ensuring tcp-howto binary on edge-host-1...
[tcp-server] Reusing existing /tmp/tcp-howto on edge-host-1
[tcp-server] Starting on edge-host-1 (port 5000)...
[tcp-server] Waiting for listen...
✓ TCP server listening on edge-host-1:5000
[tcp-server] Logs: multipass exec edge-host-1 -- tail -f /home/ubuntu/tcp_server.out
[exit=0]

$ bash /home/ivo/Evaluation-of-Live-Migration-Strategies-at-the-Edge/Network-live-migration/scripts/workloads/start_tcp_client.sh edge-node-1 edge-host-1 5000
[tcp-client] Server endpoint: 10.138.215.36:5000
[tcp-client] Client VIP: 10.138.215.250
[tcp-client] Ensuring tcp-howto binary on edge-node-1...
[tcp-client] Reusing existing /tmp/tcp-howto on edge-node-1
[tcp-client] Ensuring VIP 10.138.215.250 is present on edge-node-1...
ARPING 10.138.215.250 from 10.138.215.250 ens3
Sent 3 probes (3 broadcast(s))
Received 0 response(s)
[tcp-client] Starting on edge-node-1...
[tcp-client] Waiting for established TCP connection...
✓ TCP client connected (PID: 137451)
[tcp-client] Logs: multipass exec edge-node-1 -- tail -f /home/ubuntu/tcp_client.out
[exit=0]

$ python3 /home/ivo/Evaluation-of-Live-Migration-Strategies-at-the-Edge/Network-live-migration/scripts/orchestrators/tcp_client_benchmark.py postcopy --source edge-node-1 --dest edge-node-2 --server edge-host-1 --transfer-mode direct --run-id 15-05-2026-direct-postcopy-0020 --csv /home/ivo/Evaluation-of-Live-Migration-Strategies-at-the-Edge/Network-live-migration/metrics/migration_metrics.csv --profile-name 6_TEE_Avg --page-server-port 9999
[00:05:56] === TCP CLIENT MIGRATION ===
[00:05:56] Run ID: 15-05-2026-direct-postcopy-0020
[00:05:56] Source: edge-node-1, Dest: edge-node-2
[00:05:56] Server: edge-host-1
[00:05:56] Transfer mode: direct

[00:05:56] === TCP CLIENT POST-COPY (LAZY-PAGES) MIGRATION ===
[00:05:56] Step 1: Checking source client process...
[00:05:57]   Using PID from /home/ubuntu/tcp_client.pid: 137451
[00:05:58]   Server connections so far: 1
[00:05:59]   Page-server endpoint: 10.138.215.218:9999
[00:05:59] Step 2: Final dump (freezing client) with --lazy-pages...
[00:05:59]   Dump PID: 137985
[00:05:59]   Final dump time (freeze duration): 663 ms
[00:05:59] Step 2.5: Moving VIP to destination...
[00:06:00]   Moving VIP 10.138.215.250 from edge-node-1:ens3 -> edge-node-2:ens3
[00:06:05] Step 3: Creating archive...
[00:06:06] Step 4: Transferring archive...
[00:06:06]   Setting up direct SSH trust...
Setting up SSH trust: edge-node-1 → ubuntu@10.138.215.137
  Adding public key to destination's authorized_keys...
  Testing SSH connectivity...
  ✓ SSH trust ready
Setting up SSH trust: edge-node-1 → ubuntu@10.138.215.137
  Adding public key to destination's authorized_keys...
  Testing SSH connectivity...
  ✓ SSH trust ready
  Transferring /home/ubuntu/CRIU-tcp-client.tar.gz via SCP...
[00:07:21] Step 5: Unpacking on destination...
[00:07:22] Step 6: Starting lazy-pages daemon on destination...
[00:07:22] Step 7: Restoring client...
[00:07:26] Step 8: Verifying connection continuity...
[00:07:29]   Client output (tail): 
[00:07:30]   Server connections so far: 1
[00:07:30] ✓ SUCCESS: Client restored and TCP socket appears established
[00:07:31] Metrics saved to /home/ivo/Evaluation-of-Live-Migration-Strategies-at-the-Edge/Network-live-migration/metrics/migration_metrics.csv
[exit=0]

$ python3 /home/ivo/Evaluation-of-Live-Migration-Strategies-at-the-Edge/Network-live-migration/scripts/setup/reset_nodes.py edge-node-1 edge-node-2 edge-host-1 10.138.215.250
[00:07:32] Resetting nodes: edge-node-1 -> edge-node-2 (server: edge-host-1, vip: 10.138.215.250)
[00:07:32] Step 1: Killing any existing processes on source...
[00:07:32]   Killing PID 137451 (from /home/ubuntu/tcp_client.pid)
[00:07:33]   Killing PID 137451 (from /home/ubuntu/client.pid)
[00:07:33]   Killing any remaining background processes...
[00:07:35] Step 2: Cleaning source node...
[00:07:37] Step 3: Cleaning destination node...
[00:07:37]   Killing PID 137451 on destination (from /home/ubuntu/tcp_client.pid)
[00:07:38]   Killing PID 137451 on destination (from /home/ubuntu/client.pid)
[00:07:38]   Killing all remaining TCP processes on destination...
[00:07:41] Step 4: Cleaning server node (edge-host-1)...
[00:07:41]   Killing PID 3599709 on server (from /home/ubuntu/tcp_server.pid)
[00:07:44] ✓ Reset complete, nodes are clean
[00:07:44]   Next: Start your application
[exit=0]

$ bash /home/ivo/Evaluation-of-Live-Migration-Strategies-at-the-Edge/Network-live-migration/scripts/workloads/start_tcp_server.sh edge-host-1 5000
[tcp-server] Ensuring tcp-howto binary on edge-host-1...
[tcp-server] Reusing existing /tmp/tcp-howto on edge-host-1
[tcp-server] Starting on edge-host-1 (port 5000)...
[tcp-server] Waiting for listen...
✓ TCP server listening on edge-host-1:5000
[tcp-server] Logs: multipass exec edge-host-1 -- tail -f /home/ubuntu/tcp_server.out
[exit=0]

$ bash /home/ivo/Evaluation-of-Live-Migration-Strategies-at-the-Edge/Network-live-migration/scripts/workloads/start_tcp_client.sh edge-node-1 edge-host-1 5000
[tcp-client] Server endpoint: 10.138.215.36:5000
[tcp-client] Client VIP: 10.138.215.250
[tcp-client] Ensuring tcp-howto binary on edge-node-1...
[tcp-client] Reusing existing /tmp/tcp-howto on edge-node-1
[tcp-client] Ensuring VIP 10.138.215.250 is present on edge-node-1...
ARPING 10.138.215.250 from 10.138.215.250 ens3
Sent 3 probes (3 broadcast(s))
Received 0 response(s)
[tcp-client] Starting on edge-node-1...
[tcp-client] Waiting for established TCP connection...
✓ TCP client connected (PID: 139728)
[tcp-client] Logs: multipass exec edge-node-1 -- tail -f /home/ubuntu/tcp_client.out
[exit=0]

$ python3 /home/ivo/Evaluation-of-Live-Migration-Strategies-at-the-Edge/Network-live-migration/scripts/orchestrators/tcp_client_benchmark.py postcopy --source edge-node-1 --dest edge-node-2 --server edge-host-1 --transfer-mode direct --run-id 15-05-2026-direct-postcopy-0021 --csv /home/ivo/Evaluation-of-Live-Migration-Strategies-at-the-Edge/Network-live-migration/metrics/migration_metrics.csv --profile-name 6_TEE_Avg --page-server-port 9999
[00:07:52] === TCP CLIENT MIGRATION ===
[00:07:52] Run ID: 15-05-2026-direct-postcopy-0021
[00:07:52] Source: edge-node-1, Dest: edge-node-2
[00:07:52] Server: edge-host-1
[00:07:52] Transfer mode: direct

[00:07:52] === TCP CLIENT POST-COPY (LAZY-PAGES) MIGRATION ===
[00:07:52] Step 1: Checking source client process...
[00:07:52]   Using PID from /home/ubuntu/tcp_client.pid: 139728
[00:07:53]   Server connections so far: 1
[00:07:54]   Page-server endpoint: 10.138.215.218:9999
[00:07:54] Step 2: Final dump (freezing client) with --lazy-pages...
[00:07:54]   Dump PID: 140270
[00:07:55]   Final dump time (freeze duration): 729 ms
[00:07:55] Step 2.5: Moving VIP to destination...
[00:07:55]   Moving VIP 10.138.215.250 from edge-node-1:ens3 -> edge-node-2:ens3
[00:08:01] Step 3: Creating archive...
[00:08:02] Step 4: Transferring archive...
[00:08:02]   Setting up direct SSH trust...
Setting up SSH trust: edge-node-1 → ubuntu@10.138.215.137
  Adding public key to destination's authorized_keys...
  Testing SSH connectivity...
  ✓ SSH trust ready
Setting up SSH trust: edge-node-1 → ubuntu@10.138.215.137
  Adding public key to destination's authorized_keys...
  Testing SSH connectivity...
  ✓ SSH trust ready
  Transferring /home/ubuntu/CRIU-tcp-client.tar.gz via SCP...
[00:09:03] Step 5: Unpacking on destination...
[00:09:04] Step 6: Starting lazy-pages daemon on destination...
[00:09:05] Step 7: Restoring client...
[00:09:10] Step 8: Verifying connection continuity...
[00:09:13]   Client output (tail): 
[00:09:14]   Server connections so far: 1
[00:09:14] ✓ SUCCESS: Client restored and TCP socket appears established
[00:09:15] Metrics saved to /home/ivo/Evaluation-of-Live-Migration-Strategies-at-the-Edge/Network-live-migration/metrics/migration_metrics.csv
[exit=0]

$ python3 /home/ivo/Evaluation-of-Live-Migration-Strategies-at-the-Edge/Network-live-migration/scripts/setup/reset_nodes.py edge-node-1 edge-node-2 edge-host-1 10.138.215.250
[00:09:15] Resetting nodes: edge-node-1 -> edge-node-2 (server: edge-host-1, vip: 10.138.215.250)
[00:09:15] Step 1: Killing any existing processes on source...
[00:09:15]   Killing PID 139728 (from /home/ubuntu/tcp_client.pid)
[00:09:16]   Killing PID 139728 (from /home/ubuntu/client.pid)
[00:09:17]   Killing any remaining background processes...
[00:09:18] Step 2: Cleaning source node...
[00:09:20] Step 3: Cleaning destination node...
[00:09:20]   Killing PID 139728 on destination (from /home/ubuntu/tcp_client.pid)
[00:09:21]   Killing PID 139728 on destination (from /home/ubuntu/client.pid)
[00:09:21]   Killing all remaining TCP processes on destination...
[00:09:25] Step 4: Cleaning server node (edge-host-1)...
[00:09:25]   Killing PID 3600825 on server (from /home/ubuntu/tcp_server.pid)
[00:09:27] ✓ Reset complete, nodes are clean
[00:09:27]   Next: Start your application
[exit=0]

$ bash /home/ivo/Evaluation-of-Live-Migration-Strategies-at-the-Edge/Network-live-migration/scripts/workloads/start_tcp_server.sh edge-host-1 5000
[tcp-server] Ensuring tcp-howto binary on edge-host-1...
[tcp-server] Reusing existing /tmp/tcp-howto on edge-host-1
[tcp-server] Starting on edge-host-1 (port 5000)...
[tcp-server] Waiting for listen...
✓ TCP server listening on edge-host-1:5000
[tcp-server] Logs: multipass exec edge-host-1 -- tail -f /home/ubuntu/tcp_server.out
[exit=0]

$ bash /home/ivo/Evaluation-of-Live-Migration-Strategies-at-the-Edge/Network-live-migration/scripts/workloads/start_tcp_client.sh edge-node-1 edge-host-1 5000
[tcp-client] Server endpoint: 10.138.215.36:5000
[tcp-client] Client VIP: 10.138.215.250
[tcp-client] Ensuring tcp-howto binary on edge-node-1...
[tcp-client] Reusing existing /tmp/tcp-howto on edge-node-1
[tcp-client] Ensuring VIP 10.138.215.250 is present on edge-node-1...
ARPING 10.138.215.250 from 10.138.215.250 ens3
Sent 3 probes (3 broadcast(s))
Received 0 response(s)
[tcp-client] Starting on edge-node-1...
[tcp-client] Waiting for established TCP connection...
✓ TCP client connected (PID: 141985)
[tcp-client] Logs: multipass exec edge-node-1 -- tail -f /home/ubuntu/tcp_client.out
[exit=0]

$ python3 /home/ivo/Evaluation-of-Live-Migration-Strategies-at-the-Edge/Network-live-migration/scripts/orchestrators/tcp_client_benchmark.py postcopy --source edge-node-1 --dest edge-node-2 --server edge-host-1 --transfer-mode direct --run-id 15-05-2026-direct-postcopy-0022 --csv /home/ivo/Evaluation-of-Live-Migration-Strategies-at-the-Edge/Network-live-migration/metrics/migration_metrics.csv --profile-name 6_TEE_Avg --page-server-port 9999
[00:09:36] === TCP CLIENT MIGRATION ===
[00:09:36] Run ID: 15-05-2026-direct-postcopy-0022
[00:09:36] Source: edge-node-1, Dest: edge-node-2
[00:09:36] Server: edge-host-1
[00:09:36] Transfer mode: direct

[00:09:36] === TCP CLIENT POST-COPY (LAZY-PAGES) MIGRATION ===
[00:09:36] Step 1: Checking source client process...
[00:09:36]   Using PID from /home/ubuntu/tcp_client.pid: 141985
[00:09:37]   Server connections so far: 1
[00:09:38]   Page-server endpoint: 10.138.215.218:9999
[00:09:38] Step 2: Final dump (freezing client) with --lazy-pages...
[00:09:39]   Dump PID: 142538
[00:09:39]   Final dump time (freeze duration): 799 ms
[00:09:39] Step 2.5: Moving VIP to destination...
[00:09:40]   Moving VIP 10.138.215.250 from edge-node-1:ens3 -> edge-node-2:ens3
[00:09:45] Step 3: Creating archive...
[00:09:45] Step 4: Transferring archive...
[00:09:45]   Setting up direct SSH trust...
Setting up SSH trust: edge-node-1 → ubuntu@10.138.215.137
  Adding public key to destination's authorized_keys...
  Testing SSH connectivity...
  ✓ SSH trust ready
Setting up SSH trust: edge-node-1 → ubuntu@10.138.215.137
  Adding public key to destination's authorized_keys...
  Testing SSH connectivity...
  ✓ SSH trust ready
  Transferring /home/ubuntu/CRIU-tcp-client.tar.gz via SCP...
[00:10:39] Step 5: Unpacking on destination...
[00:10:40] Step 6: Starting lazy-pages daemon on destination...
[00:10:41] Step 7: Restoring client...
[00:10:43] Step 8: Verifying connection continuity...
[00:10:47]   Client output (tail): 
[00:10:47]   Server connections so far: 1
[00:10:47] ✗ FAILED: No established TCP socket on destination
[00:10:49] Metrics saved to /home/ivo/Evaluation-of-Live-Migration-Strategies-at-the-Edge/Network-live-migration/metrics/migration_metrics.csv
[exit=1]

$ python3 /home/ivo/Evaluation-of-Live-Migration-Strategies-at-the-Edge/Network-live-migration/scripts/setup/reset_nodes.py edge-node-1 edge-node-2 edge-host-1 10.138.215.250
[00:10:49] Resetting nodes: edge-node-1 -> edge-node-2 (server: edge-host-1, vip: 10.138.215.250)
[00:10:49] Step 1: Killing any existing processes on source...
[00:10:49]   Killing PID 141985 (from /home/ubuntu/tcp_client.pid)
[00:10:50]   Killing PID 141985 (from /home/ubuntu/client.pid)
[00:10:50]   Killing any remaining background processes...
[00:10:52] Step 2: Cleaning source node...
[00:10:54] Step 3: Cleaning destination node...
[00:10:54]   Killing PID 141985 on destination (from /home/ubuntu/tcp_client.pid)
[00:10:55]   Killing PID 141985 on destination (from /home/ubuntu/client.pid)
[00:10:55]   Killing all remaining TCP processes on destination...
[00:10:58] Step 4: Cleaning server node (edge-host-1)...
[00:10:58]   Killing PID 3601935 on server (from /home/ubuntu/tcp_server.pid)
[00:11:01] ✓ Reset complete, nodes are clean
[00:11:01]   Next: Start your application
[exit=0]

$ bash /home/ivo/Evaluation-of-Live-Migration-Strategies-at-the-Edge/Network-live-migration/scripts/workloads/start_tcp_server.sh edge-host-1 5000
[tcp-server] Ensuring tcp-howto binary on edge-host-1...
[tcp-server] Reusing existing /tmp/tcp-howto on edge-host-1
[tcp-server] Starting on edge-host-1 (port 5000)...
[tcp-server] Waiting for listen...
✓ TCP server listening on edge-host-1:5000
[tcp-server] Logs: multipass exec edge-host-1 -- tail -f /home/ubuntu/tcp_server.out
[exit=0]

$ bash /home/ivo/Evaluation-of-Live-Migration-Strategies-at-the-Edge/Network-live-migration/scripts/workloads/start_tcp_client.sh edge-node-1 edge-host-1 5000
[tcp-client] Server endpoint: 10.138.215.36:5000
[tcp-client] Client VIP: 10.138.215.250
[tcp-client] Ensuring tcp-howto binary on edge-node-1...
[tcp-client] Reusing existing /tmp/tcp-howto on edge-node-1
[tcp-client] Ensuring VIP 10.138.215.250 is present on edge-node-1...
ARPING 10.138.215.250 from 10.138.215.250 ens3
Sent 3 probes (3 broadcast(s))
Received 0 response(s)
[tcp-client] Starting on edge-node-1...
[tcp-client] Waiting for established TCP connection...
✓ TCP client connected (PID: 144196)
[tcp-client] Logs: multipass exec edge-node-1 -- tail -f /home/ubuntu/tcp_client.out
[exit=0]

$ python3 /home/ivo/Evaluation-of-Live-Migration-Strategies-at-the-Edge/Network-live-migration/scripts/orchestrators/tcp_client_benchmark.py postcopy --source edge-node-1 --dest edge-node-2 --server edge-host-1 --transfer-mode direct --run-id 15-05-2026-direct-postcopy-0023 --csv /home/ivo/Evaluation-of-Live-Migration-Strategies-at-the-Edge/Network-live-migration/metrics/migration_metrics.csv --profile-name 6_TEE_Avg --page-server-port 9999
[00:11:09] === TCP CLIENT MIGRATION ===
[00:11:09] Run ID: 15-05-2026-direct-postcopy-0023
[00:11:09] Source: edge-node-1, Dest: edge-node-2
[00:11:09] Server: edge-host-1
[00:11:09] Transfer mode: direct

[00:11:09] === TCP CLIENT POST-COPY (LAZY-PAGES) MIGRATION ===
[00:11:09] Step 1: Checking source client process...
[00:11:10]   Using PID from /home/ubuntu/tcp_client.pid: 144196
[00:11:10]   Server connections so far: 1
[00:11:11]   Page-server endpoint: 10.138.215.218:9999
[00:11:11] Step 2: Final dump (freezing client) with --lazy-pages...
[00:11:12]   Dump PID: 144738
[00:11:12]   Final dump time (freeze duration): 831 ms
[00:11:12] Step 2.5: Moving VIP to destination...
[00:11:13]   Moving VIP 10.138.215.250 from edge-node-1:ens3 -> edge-node-2:ens3
[00:11:18] Step 3: Creating archive...
[00:11:18] Step 4: Transferring archive...
[00:11:18]   Setting up direct SSH trust...
Setting up SSH trust: edge-node-1 → ubuntu@10.138.215.137
  Adding public key to destination's authorized_keys...
  Testing SSH connectivity...
  ✓ SSH trust ready
Setting up SSH trust: edge-node-1 → ubuntu@10.138.215.137
  Adding public key to destination's authorized_keys...
  Testing SSH connectivity...
  ✓ SSH trust ready
  Transferring /home/ubuntu/CRIU-tcp-client.tar.gz via SCP...
[00:12:15] Step 5: Unpacking on destination...
[00:12:16] Step 6: Starting lazy-pages daemon on destination...
[00:12:17] Step 7: Restoring client...
[00:12:19] Step 8: Verifying connection continuity...
[00:12:22]   Client output (tail): 
[00:12:23]   Server connections so far: 1
[00:12:23] ✓ SUCCESS: Client restored and TCP socket appears established
[00:12:24] Metrics saved to /home/ivo/Evaluation-of-Live-Migration-Strategies-at-the-Edge/Network-live-migration/metrics/migration_metrics.csv
[exit=0]

$ python3 /home/ivo/Evaluation-of-Live-Migration-Strategies-at-the-Edge/Network-live-migration/scripts/setup/reset_nodes.py edge-node-1 edge-node-2 edge-host-1 10.138.215.250
[00:12:24] Resetting nodes: edge-node-1 -> edge-node-2 (server: edge-host-1, vip: 10.138.215.250)
[00:12:24] Step 1: Killing any existing processes on source...
[00:12:24]   Killing PID 144196 (from /home/ubuntu/tcp_client.pid)
[00:12:25]   Killing PID 144196 (from /home/ubuntu/client.pid)
[00:12:26]   Killing any remaining background processes...
[00:12:27] Step 2: Cleaning source node...
[00:12:29] Step 3: Cleaning destination node...
[00:12:29]   Killing PID 144196 on destination (from /home/ubuntu/tcp_client.pid)
[00:12:30]   Killing PID 144196 on destination (from /home/ubuntu/client.pid)
[00:12:30]   Killing all remaining TCP processes on destination...
[00:12:33] Step 4: Cleaning server node (edge-host-1)...
[00:12:34]   Killing PID 3602968 on server (from /home/ubuntu/tcp_server.pid)
[00:12:36] ✓ Reset complete, nodes are clean
[00:12:36]   Next: Start your application
[exit=0]

$ bash /home/ivo/Evaluation-of-Live-Migration-Strategies-at-the-Edge/Network-live-migration/scripts/workloads/start_tcp_server.sh edge-host-1 5000
[tcp-server] Ensuring tcp-howto binary on edge-host-1...
[tcp-server] Reusing existing /tmp/tcp-howto on edge-host-1
[tcp-server] Starting on edge-host-1 (port 5000)...
[tcp-server] Waiting for listen...
✓ TCP server listening on edge-host-1:5000
[tcp-server] Logs: multipass exec edge-host-1 -- tail -f /home/ubuntu/tcp_server.out
[exit=0]

$ bash /home/ivo/Evaluation-of-Live-Migration-Strategies-at-the-Edge/Network-live-migration/scripts/workloads/start_tcp_client.sh edge-node-1 edge-host-1 5000
[tcp-client] Server endpoint: 10.138.215.36:5000
[tcp-client] Client VIP: 10.138.215.250
[tcp-client] Ensuring tcp-howto binary on edge-node-1...
[tcp-client] Reusing existing /tmp/tcp-howto on edge-node-1
[tcp-client] Ensuring VIP 10.138.215.250 is present on edge-node-1...
ARPING 10.138.215.250 from 10.138.215.250 ens3
Sent 3 probes (3 broadcast(s))
Received 0 response(s)
[tcp-client] Starting on edge-node-1...
[tcp-client] Waiting for established TCP connection...
✓ TCP client connected (PID: 146453)
[tcp-client] Logs: multipass exec edge-node-1 -- tail -f /home/ubuntu/tcp_client.out
[exit=0]

$ python3 /home/ivo/Evaluation-of-Live-Migration-Strategies-at-the-Edge/Network-live-migration/scripts/orchestrators/tcp_client_benchmark.py postcopy --source edge-node-1 --dest edge-node-2 --server edge-host-1 --transfer-mode direct --run-id 15-05-2026-direct-postcopy-0024 --csv /home/ivo/Evaluation-of-Live-Migration-Strategies-at-the-Edge/Network-live-migration/metrics/migration_metrics.csv --profile-name 6_TEE_Avg --page-server-port 9999
[00:12:45] === TCP CLIENT MIGRATION ===
[00:12:45] Run ID: 15-05-2026-direct-postcopy-0024
[00:12:45] Source: edge-node-1, Dest: edge-node-2
[00:12:45] Server: edge-host-1
[00:12:45] Transfer mode: direct

[00:12:45] === TCP CLIENT POST-COPY (LAZY-PAGES) MIGRATION ===
[00:12:45] Step 1: Checking source client process...
[00:12:45]   Using PID from /home/ubuntu/tcp_client.pid: 146453
[00:12:46]   Server connections so far: 1
[00:12:47]   Page-server endpoint: 10.138.215.218:9999
[00:12:47] Step 2: Final dump (freezing client) with --lazy-pages...
[00:12:47]   Dump PID: 146987
[00:12:48]   Final dump time (freeze duration): 733 ms
[00:12:48] Step 2.5: Moving VIP to destination...
[00:12:48]   Moving VIP 10.138.215.250 from edge-node-1:ens3 -> edge-node-2:ens3
[00:12:53] Step 3: Creating archive...
[00:12:54] Step 4: Transferring archive...
[00:12:54]   Setting up direct SSH trust...
Setting up SSH trust: edge-node-1 → ubuntu@10.138.215.137
  Adding public key to destination's authorized_keys...
  Testing SSH connectivity...
  ✓ SSH trust ready
Setting up SSH trust: edge-node-1 → ubuntu@10.138.215.137
  Adding public key to destination's authorized_keys...
  Testing SSH connectivity...
  ✓ SSH trust ready
  Transferring /home/ubuntu/CRIU-tcp-client.tar.gz via SCP...
[00:13:46] Step 5: Unpacking on destination...
[00:13:48] Step 6: Starting lazy-pages daemon on destination...
[00:13:48] Step 7: Restoring client...
[00:13:55] Step 8: Verifying connection continuity...
[00:13:58]   Client output (tail): 
[00:13:59]   Server connections so far: 1
[00:13:59] ✓ SUCCESS: Client restored and TCP socket appears established
[00:14:00] Metrics saved to /home/ivo/Evaluation-of-Live-Migration-Strategies-at-the-Edge/Network-live-migration/metrics/migration_metrics.csv
[exit=0]

$ python3 /home/ivo/Evaluation-of-Live-Migration-Strategies-at-the-Edge/Network-live-migration/scripts/setup/reset_nodes.py edge-node-1 edge-node-2 edge-host-1 10.138.215.250
[00:14:01] Resetting nodes: edge-node-1 -> edge-node-2 (server: edge-host-1, vip: 10.138.215.250)
[00:14:01] Step 1: Killing any existing processes on source...
[00:14:01]   Killing PID 146453 (from /home/ubuntu/tcp_client.pid)
[00:14:02]   Killing PID 146453 (from /home/ubuntu/client.pid)
[00:14:02]   Killing any remaining background processes...
[00:14:03] Step 2: Cleaning source node...
[00:14:05] Step 3: Cleaning destination node...
[00:14:05]   Killing PID 146453 on destination (from /home/ubuntu/tcp_client.pid)
[00:14:06]   Killing PID 146453 on destination (from /home/ubuntu/client.pid)
[00:14:07]   Killing all remaining TCP processes on destination...
[00:14:10] Step 4: Cleaning server node (edge-host-1)...
[00:14:10]   Killing PID 3604049 on server (from /home/ubuntu/tcp_server.pid)
[00:14:12] ✓ Reset complete, nodes are clean
[00:14:12]   Next: Start your application
[exit=0]

$ bash /home/ivo/Evaluation-of-Live-Migration-Strategies-at-the-Edge/Network-live-migration/scripts/workloads/start_tcp_server.sh edge-host-1 5000
[tcp-server] Ensuring tcp-howto binary on edge-host-1...
[tcp-server] Reusing existing /tmp/tcp-howto on edge-host-1
[tcp-server] Starting on edge-host-1 (port 5000)...
[tcp-server] Waiting for listen...
✓ TCP server listening on edge-host-1:5000
[tcp-server] Logs: multipass exec edge-host-1 -- tail -f /home/ubuntu/tcp_server.out
[exit=0]

$ bash /home/ivo/Evaluation-of-Live-Migration-Strategies-at-the-Edge/Network-live-migration/scripts/workloads/start_tcp_client.sh edge-node-1 edge-host-1 5000
[tcp-client] Server endpoint: 10.138.215.36:5000
[tcp-client] Client VIP: 10.138.215.250
[tcp-client] Ensuring tcp-howto binary on edge-node-1...
[tcp-client] Reusing existing /tmp/tcp-howto on edge-node-1
[tcp-client] Ensuring VIP 10.138.215.250 is present on edge-node-1...
ARPING 10.138.215.250 from 10.138.215.250 ens3
Sent 3 probes (3 broadcast(s))
Received 0 response(s)
[tcp-client] Starting on edge-node-1...
[tcp-client] Waiting for established TCP connection...
✓ TCP client connected (PID: 148726)
[tcp-client] Logs: multipass exec edge-node-1 -- tail -f /home/ubuntu/tcp_client.out
[exit=0]

$ python3 /home/ivo/Evaluation-of-Live-Migration-Strategies-at-the-Edge/Network-live-migration/scripts/orchestrators/tcp_client_benchmark.py postcopy --source edge-node-1 --dest edge-node-2 --server edge-host-1 --transfer-mode direct --run-id 15-05-2026-direct-postcopy-0025 --csv /home/ivo/Evaluation-of-Live-Migration-Strategies-at-the-Edge/Network-live-migration/metrics/migration_metrics.csv --profile-name 6_TEE_Avg --page-server-port 9999
[00:14:21] === TCP CLIENT MIGRATION ===
[00:14:21] Run ID: 15-05-2026-direct-postcopy-0025
[00:14:21] Source: edge-node-1, Dest: edge-node-2
[00:14:21] Server: edge-host-1
[00:14:21] Transfer mode: direct

[00:14:21] === TCP CLIENT POST-COPY (LAZY-PAGES) MIGRATION ===
[00:14:21] Step 1: Checking source client process...
[00:14:21]   Using PID from /home/ubuntu/tcp_client.pid: 148726
[00:14:22]   Server connections so far: 1
[00:14:23]   Page-server endpoint: 10.138.215.218:9999
[00:14:23] Step 2: Final dump (freezing client) with --lazy-pages...
[00:14:23]   Dump PID: 149268
[00:14:24]   Final dump time (freeze duration): 736 ms
[00:14:24] Step 2.5: Moving VIP to destination...
[00:14:24]   Moving VIP 10.138.215.250 from edge-node-1:ens3 -> edge-node-2:ens3
[00:14:29] Step 3: Creating archive...
[00:14:30] Step 4: Transferring archive...
[00:14:30]   Setting up direct SSH trust...
Setting up SSH trust: edge-node-1 → ubuntu@10.138.215.137
  Adding public key to destination's authorized_keys...
  Testing SSH connectivity...
  ✓ SSH trust ready
Setting up SSH trust: edge-node-1 → ubuntu@10.138.215.137
  Adding public key to destination's authorized_keys...
  Testing SSH connectivity...
  ✓ SSH trust ready
  Transferring /home/ubuntu/CRIU-tcp-client.tar.gz via SCP...
[00:15:24] Step 5: Unpacking on destination...
[00:15:24] Step 6: Starting lazy-pages daemon on destination...
[00:15:25] Step 7: Restoring client...
[00:15:27] Step 8: Verifying connection continuity...
[00:15:31]   Client output (tail): 
[00:15:32]   Server connections so far: 1
[00:15:32] ✓ SUCCESS: Client restored and TCP socket appears established
[00:15:33] Metrics saved to /home/ivo/Evaluation-of-Live-Migration-Strategies-at-the-Edge/Network-live-migration/metrics/migration_metrics.csv
[exit=0]

$ python3 /home/ivo/Evaluation-of-Live-Migration-Strategies-at-the-Edge/Network-live-migration/scripts/setup/reset_nodes.py edge-node-1 edge-node-2 edge-host-1 10.138.215.250
[00:15:33] Resetting nodes: edge-node-1 -> edge-node-2 (server: edge-host-1, vip: 10.138.215.250)
[00:15:33] Step 1: Killing any existing processes on source...
[00:15:34]   Killing PID 148726 (from /home/ubuntu/tcp_client.pid)
[00:15:34]   Killing PID 148726 (from /home/ubuntu/client.pid)
[00:15:35]   Killing any remaining background processes...
[00:15:36] Step 2: Cleaning source node...
[00:15:38] Step 3: Cleaning destination node...
[00:15:38]   Killing PID 148726 on destination (from /home/ubuntu/tcp_client.pid)
[00:15:39]   Killing PID 148726 on destination (from /home/ubuntu/client.pid)
[00:15:39]   Killing all remaining TCP processes on destination...
[00:15:43] Step 4: Cleaning server node (edge-host-1)...
[00:15:43]   Killing PID 3605136 on server (from /home/ubuntu/tcp_server.pid)
[00:15:45] ✓ Reset complete, nodes are clean
[00:15:45]   Next: Start your application
[exit=0]

$ bash /home/ivo/Evaluation-of-Live-Migration-Strategies-at-the-Edge/Network-live-migration/scripts/workloads/start_tcp_server.sh edge-host-1 5000
[tcp-server] Ensuring tcp-howto binary on edge-host-1...
[tcp-server] Reusing existing /tmp/tcp-howto on edge-host-1
[tcp-server] Starting on edge-host-1 (port 5000)...
[tcp-server] Waiting for listen...
✓ TCP server listening on edge-host-1:5000
[tcp-server] Logs: multipass exec edge-host-1 -- tail -f /home/ubuntu/tcp_server.out
[exit=0]

$ bash /home/ivo/Evaluation-of-Live-Migration-Strategies-at-the-Edge/Network-live-migration/scripts/workloads/start_tcp_client.sh edge-node-1 edge-host-1 5000
[tcp-client] Server endpoint: 10.138.215.36:5000
[tcp-client] Client VIP: 10.138.215.250
[tcp-client] Ensuring tcp-howto binary on edge-node-1...
[tcp-client] Reusing existing /tmp/tcp-howto on edge-node-1
[tcp-client] Ensuring VIP 10.138.215.250 is present on edge-node-1...
ARPING 10.138.215.250 from 10.138.215.250 ens3
Sent 3 probes (3 broadcast(s))
Received 0 response(s)
[tcp-client] Starting on edge-node-1...
[tcp-client] Waiting for established TCP connection...
✓ TCP client connected (PID: 150977)
[tcp-client] Logs: multipass exec edge-node-1 -- tail -f /home/ubuntu/tcp_client.out
[exit=0]

$ python3 /home/ivo/Evaluation-of-Live-Migration-Strategies-at-the-Edge/Network-live-migration/scripts/orchestrators/tcp_client_benchmark.py postcopy --source edge-node-1 --dest edge-node-2 --server edge-host-1 --transfer-mode direct --run-id 15-05-2026-direct-postcopy-0026 --csv /home/ivo/Evaluation-of-Live-Migration-Strategies-at-the-Edge/Network-live-migration/metrics/migration_metrics.csv --profile-name 6_TEE_Avg --page-server-port 9999
[00:15:54] === TCP CLIENT MIGRATION ===
[00:15:54] Run ID: 15-05-2026-direct-postcopy-0026
[00:15:54] Source: edge-node-1, Dest: edge-node-2
[00:15:54] Server: edge-host-1
[00:15:54] Transfer mode: direct

[00:15:54] === TCP CLIENT POST-COPY (LAZY-PAGES) MIGRATION ===
[00:15:54] Step 1: Checking source client process...
[00:15:54]   Using PID from /home/ubuntu/tcp_client.pid: 150977
[00:15:55]   Server connections so far: 1
[00:15:56]   Page-server endpoint: 10.138.215.218:9999
[00:15:56] Step 2: Final dump (freezing client) with --lazy-pages...
[00:15:56]   Dump PID: 151521
[00:15:57]   Final dump time (freeze duration): 739 ms
[00:15:57] Step 2.5: Moving VIP to destination...
[00:15:57]   Moving VIP 10.138.215.250 from edge-node-1:ens3 -> edge-node-2:ens3
[00:16:02] Step 3: Creating archive...
[00:16:03] Step 4: Transferring archive...
[00:16:03]   Setting up direct SSH trust...
Setting up SSH trust: edge-node-1 → ubuntu@10.138.215.137
  Adding public key to destination's authorized_keys...
  Testing SSH connectivity...
  ✓ SSH trust ready
Setting up SSH trust: edge-node-1 → ubuntu@10.138.215.137
  Adding public key to destination's authorized_keys...
  Testing SSH connectivity...
  ✓ SSH trust ready
  Transferring /home/ubuntu/CRIU-tcp-client.tar.gz via SCP...
[00:17:07] Step 5: Unpacking on destination...
[00:17:08] Step 6: Starting lazy-pages daemon on destination...
[00:17:08] Step 7: Restoring client...
[00:17:13] Step 8: Verifying connection continuity...
[00:17:16]   Client output (tail): 
[00:17:17]   Server connections so far: 1
[00:17:17] ✓ SUCCESS: Client restored and TCP socket appears established
[00:17:18] Metrics saved to /home/ivo/Evaluation-of-Live-Migration-Strategies-at-the-Edge/Network-live-migration/metrics/migration_metrics.csv
[exit=0]

$ python3 /home/ivo/Evaluation-of-Live-Migration-Strategies-at-the-Edge/Network-live-migration/scripts/setup/reset_nodes.py edge-node-1 edge-node-2 edge-host-1 10.138.215.250
[00:17:18] Resetting nodes: edge-node-1 -> edge-node-2 (server: edge-host-1, vip: 10.138.215.250)
[00:17:18] Step 1: Killing any existing processes on source...
[00:17:18]   Killing PID 150977 (from /home/ubuntu/tcp_client.pid)
[00:17:19]   Killing PID 150977 (from /home/ubuntu/client.pid)
[00:17:20]   Killing any remaining background processes...
[00:17:21] Step 2: Cleaning source node...
[00:17:23] Step 3: Cleaning destination node...
[00:17:23]   Killing PID 150977 on destination (from /home/ubuntu/tcp_client.pid)
[00:17:24]   Killing PID 150977 on destination (from /home/ubuntu/client.pid)
[00:17:24]   Killing all remaining TCP processes on destination...
[00:17:27] Step 4: Cleaning server node (edge-host-1)...
[00:17:28]   Killing PID 3606474 on server (from /home/ubuntu/tcp_server.pid)
[00:17:30] ✓ Reset complete, nodes are clean
[00:17:30]   Next: Start your application
[exit=0]

$ bash /home/ivo/Evaluation-of-Live-Migration-Strategies-at-the-Edge/Network-live-migration/scripts/workloads/start_tcp_server.sh edge-host-1 5000
[tcp-server] Ensuring tcp-howto binary on edge-host-1...
[tcp-server] Reusing existing /tmp/tcp-howto on edge-host-1
[tcp-server] Starting on edge-host-1 (port 5000)...
[tcp-server] Waiting for listen...
✓ TCP server listening on edge-host-1:5000
[tcp-server] Logs: multipass exec edge-host-1 -- tail -f /home/ubuntu/tcp_server.out
[exit=0]

$ bash /home/ivo/Evaluation-of-Live-Migration-Strategies-at-the-Edge/Network-live-migration/scripts/workloads/start_tcp_client.sh edge-node-1 edge-host-1 5000
[tcp-client] Server endpoint: 10.138.215.36:5000
[tcp-client] Client VIP: 10.138.215.250
[tcp-client] Ensuring tcp-howto binary on edge-node-1...
[tcp-client] Reusing existing /tmp/tcp-howto on edge-node-1
[tcp-client] Ensuring VIP 10.138.215.250 is present on edge-node-1...
ARPING 10.138.215.250 from 10.138.215.250 ens3
Sent 3 probes (3 broadcast(s))
Received 0 response(s)
[tcp-client] Starting on edge-node-1...
[tcp-client] Waiting for established TCP connection...
✓ TCP client connected (PID: 153258)
[tcp-client] Logs: multipass exec edge-node-1 -- tail -f /home/ubuntu/tcp_client.out
[exit=0]

$ python3 /home/ivo/Evaluation-of-Live-Migration-Strategies-at-the-Edge/Network-live-migration/scripts/orchestrators/tcp_client_benchmark.py postcopy --source edge-node-1 --dest edge-node-2 --server edge-host-1 --transfer-mode direct --run-id 15-05-2026-direct-postcopy-0027 --csv /home/ivo/Evaluation-of-Live-Migration-Strategies-at-the-Edge/Network-live-migration/metrics/migration_metrics.csv --profile-name 6_TEE_Avg --page-server-port 9999
[00:17:38] === TCP CLIENT MIGRATION ===
[00:17:38] Run ID: 15-05-2026-direct-postcopy-0027
[00:17:38] Source: edge-node-1, Dest: edge-node-2
[00:17:38] Server: edge-host-1
[00:17:38] Transfer mode: direct

[00:17:38] === TCP CLIENT POST-COPY (LAZY-PAGES) MIGRATION ===
[00:17:38] Step 1: Checking source client process...
[00:17:39]   Using PID from /home/ubuntu/tcp_client.pid: 153258
[00:17:40]   Server connections so far: 1
[00:17:41]   Page-server endpoint: 10.138.215.218:9999
[00:17:41] Step 2: Final dump (freezing client) with --lazy-pages...
[00:17:41]   Dump PID: 153792
[00:17:42]   Final dump time (freeze duration): 750 ms
[00:17:42] Step 2.5: Moving VIP to destination...
[00:17:42]   Moving VIP 10.138.215.250 from edge-node-1:ens3 -> edge-node-2:ens3
[00:17:48] Step 3: Creating archive...
[00:17:48] Step 4: Transferring archive...
[00:17:48]   Setting up direct SSH trust...
Setting up SSH trust: edge-node-1 → ubuntu@10.138.215.137
  Adding public key to destination's authorized_keys...
  Testing SSH connectivity...
  ✓ SSH trust ready
Setting up SSH trust: edge-node-1 → ubuntu@10.138.215.137
  Adding public key to destination's authorized_keys...
  Testing SSH connectivity...
  ✓ SSH trust ready
  Transferring /home/ubuntu/CRIU-tcp-client.tar.gz via SCP...
[00:18:50] Step 5: Unpacking on destination...
[00:18:51] Step 6: Starting lazy-pages daemon on destination...
[00:18:52] Step 7: Restoring client...
[00:18:56] Step 8: Verifying connection continuity...
[00:18:59]   Client output (tail): 
[00:19:00]   Server connections so far: 1
[00:19:00] ✓ SUCCESS: Client restored and TCP socket appears established
[00:19:01] Metrics saved to /home/ivo/Evaluation-of-Live-Migration-Strategies-at-the-Edge/Network-live-migration/metrics/migration_metrics.csv
[exit=0]

$ python3 /home/ivo/Evaluation-of-Live-Migration-Strategies-at-the-Edge/Network-live-migration/scripts/setup/reset_nodes.py edge-node-1 edge-node-2 edge-host-1 10.138.215.250
[00:19:02] Resetting nodes: edge-node-1 -> edge-node-2 (server: edge-host-1, vip: 10.138.215.250)
[00:19:02] Step 1: Killing any existing processes on source...
[00:19:02]   Killing PID 153258 (from /home/ubuntu/tcp_client.pid)
[00:19:03]   Killing PID 153258 (from /home/ubuntu/client.pid)
[00:19:03]   Killing any remaining background processes...
[00:19:05] Step 2: Cleaning source node...
[00:19:06] Step 3: Cleaning destination node...
[00:19:07]   Killing PID 153258 on destination (from /home/ubuntu/tcp_client.pid)
[00:19:07]   Killing PID 153258 on destination (from /home/ubuntu/client.pid)
[00:19:08]   Killing all remaining TCP processes on destination...
[00:19:11] Step 4: Cleaning server node (edge-host-1)...
[00:19:11]   Killing PID 3607564 on server (from /home/ubuntu/tcp_server.pid)
[00:19:13] ✓ Reset complete, nodes are clean
[00:19:13]   Next: Start your application
[exit=0]

$ bash /home/ivo/Evaluation-of-Live-Migration-Strategies-at-the-Edge/Network-live-migration/scripts/workloads/start_tcp_server.sh edge-host-1 5000
[tcp-server] Ensuring tcp-howto binary on edge-host-1...
[tcp-server] Reusing existing /tmp/tcp-howto on edge-host-1
[tcp-server] Starting on edge-host-1 (port 5000)...
[tcp-server] Waiting for listen...
✓ TCP server listening on edge-host-1:5000
[tcp-server] Logs: multipass exec edge-host-1 -- tail -f /home/ubuntu/tcp_server.out
[exit=0]

$ bash /home/ivo/Evaluation-of-Live-Migration-Strategies-at-the-Edge/Network-live-migration/scripts/workloads/start_tcp_client.sh edge-node-1 edge-host-1 5000
[tcp-client] Server endpoint: 10.138.215.36:5000
[tcp-client] Client VIP: 10.138.215.250
[tcp-client] Ensuring tcp-howto binary on edge-node-1...
[tcp-client] Reusing existing /tmp/tcp-howto on edge-node-1
[tcp-client] Ensuring VIP 10.138.215.250 is present on edge-node-1...
ARPING 10.138.215.250 from 10.138.215.250 ens3
Sent 3 probes (3 broadcast(s))
Received 0 response(s)
[tcp-client] Starting on edge-node-1...
[tcp-client] Waiting for established TCP connection...
✓ TCP client connected (PID: 155770)
[tcp-client] Logs: multipass exec edge-node-1 -- tail -f /home/ubuntu/tcp_client.out
[exit=0]

$ python3 /home/ivo/Evaluation-of-Live-Migration-Strategies-at-the-Edge/Network-live-migration/scripts/orchestrators/tcp_client_benchmark.py postcopy --source edge-node-1 --dest edge-node-2 --server edge-host-1 --transfer-mode direct --run-id 15-05-2026-direct-postcopy-0028 --csv /home/ivo/Evaluation-of-Live-Migration-Strategies-at-the-Edge/Network-live-migration/metrics/migration_metrics.csv --profile-name 6_TEE_Avg --page-server-port 9999
[00:19:22] === TCP CLIENT MIGRATION ===
[00:19:22] Run ID: 15-05-2026-direct-postcopy-0028
[00:19:22] Source: edge-node-1, Dest: edge-node-2
[00:19:22] Server: edge-host-1
[00:19:22] Transfer mode: direct

[00:19:22] === TCP CLIENT POST-COPY (LAZY-PAGES) MIGRATION ===
[00:19:22] Step 1: Checking source client process...
[00:19:23]   Using PID from /home/ubuntu/tcp_client.pid: 155770
[00:19:23]   Server connections so far: 1
[00:19:24]   Page-server endpoint: 10.138.215.218:9999
[00:19:24] Step 2: Final dump (freezing client) with --lazy-pages...
[00:19:25]   Dump PID: 156346
[00:19:25]   Final dump time (freeze duration): 743 ms
[00:19:25] Step 2.5: Moving VIP to destination...
[00:19:26]   Moving VIP 10.138.215.250 from edge-node-1:ens3 -> edge-node-2:ens3
[00:19:31] Step 3: Creating archive...
[00:19:31] Step 4: Transferring archive...
[00:19:31]   Setting up direct SSH trust...
Setting up SSH trust: edge-node-1 → ubuntu@10.138.215.137
  Adding public key to destination's authorized_keys...
  Testing SSH connectivity...
  ✓ SSH trust ready
Setting up SSH trust: edge-node-1 → ubuntu@10.138.215.137
  Adding public key to destination's authorized_keys...
  Testing SSH connectivity...
  ✓ SSH trust ready
  Transferring /home/ubuntu/CRIU-tcp-client.tar.gz via SCP...
[00:20:41] Step 5: Unpacking on destination...
[00:20:42] Step 6: Starting lazy-pages daemon on destination...
[00:20:43] Step 7: Restoring client...
[00:20:45] Step 8: Verifying connection continuity...
[00:20:48]   Client output (tail): 
[00:20:49]   Server connections so far: 1
[00:20:49] ✓ SUCCESS: Client restored and TCP socket appears established
[00:20:50] Metrics saved to /home/ivo/Evaluation-of-Live-Migration-Strategies-at-the-Edge/Network-live-migration/metrics/migration_metrics.csv
[exit=0]

$ python3 /home/ivo/Evaluation-of-Live-Migration-Strategies-at-the-Edge/Network-live-migration/scripts/setup/reset_nodes.py edge-node-1 edge-node-2 edge-host-1 10.138.215.250
[00:20:51] Resetting nodes: edge-node-1 -> edge-node-2 (server: edge-host-1, vip: 10.138.215.250)
[00:20:51] Step 1: Killing any existing processes on source...
[00:20:51]   Killing PID 155770 (from /home/ubuntu/tcp_client.pid)
[00:20:52]   Killing PID 155770 (from /home/ubuntu/client.pid)
[00:20:52]   Killing any remaining background processes...
[00:20:54] Step 2: Cleaning source node...
[00:20:55] Step 3: Cleaning destination node...
[00:20:56]   Killing PID 155770 on destination (from /home/ubuntu/tcp_client.pid)
[00:20:56]   Killing PID 155770 on destination (from /home/ubuntu/client.pid)
[00:20:57]   Killing all remaining TCP processes on destination...
[00:21:00] Step 4: Cleaning server node (edge-host-1)...
[00:21:00]   Killing PID 3608653 on server (from /home/ubuntu/tcp_server.pid)
[00:21:02] ✓ Reset complete, nodes are clean
[00:21:02]   Next: Start your application
[exit=0]

$ bash /home/ivo/Evaluation-of-Live-Migration-Strategies-at-the-Edge/Network-live-migration/scripts/workloads/start_tcp_server.sh edge-host-1 5000
[tcp-server] Ensuring tcp-howto binary on edge-host-1...
[tcp-server] Reusing existing /tmp/tcp-howto on edge-host-1
[tcp-server] Starting on edge-host-1 (port 5000)...
[tcp-server] Waiting for listen...
✓ TCP server listening on edge-host-1:5000
[tcp-server] Logs: multipass exec edge-host-1 -- tail -f /home/ubuntu/tcp_server.out
[exit=0]

$ bash /home/ivo/Evaluation-of-Live-Migration-Strategies-at-the-Edge/Network-live-migration/scripts/workloads/start_tcp_client.sh edge-node-1 edge-host-1 5000
[tcp-client] Server endpoint: 10.138.215.36:5000
[tcp-client] Client VIP: 10.138.215.250
[tcp-client] Ensuring tcp-howto binary on edge-node-1...
[tcp-client] Reusing existing /tmp/tcp-howto on edge-node-1
[tcp-client] Ensuring VIP 10.138.215.250 is present on edge-node-1...
ARPING 10.138.215.250 from 10.138.215.250 ens3
Sent 3 probes (3 broadcast(s))
Received 0 response(s)
[tcp-client] Starting on edge-node-1...
[tcp-client] Waiting for established TCP connection...
✓ TCP client connected (PID: 158092)
[tcp-client] Logs: multipass exec edge-node-1 -- tail -f /home/ubuntu/tcp_client.out
[exit=0]

$ python3 /home/ivo/Evaluation-of-Live-Migration-Strategies-at-the-Edge/Network-live-migration/scripts/orchestrators/tcp_client_benchmark.py postcopy --source edge-node-1 --dest edge-node-2 --server edge-host-1 --transfer-mode direct --run-id 15-05-2026-direct-postcopy-0029 --csv /home/ivo/Evaluation-of-Live-Migration-Strategies-at-the-Edge/Network-live-migration/metrics/migration_metrics.csv --profile-name 6_TEE_Avg --page-server-port 9999
[00:21:11] === TCP CLIENT MIGRATION ===
[00:21:11] Run ID: 15-05-2026-direct-postcopy-0029
[00:21:11] Source: edge-node-1, Dest: edge-node-2
[00:21:11] Server: edge-host-1
[00:21:11] Transfer mode: direct

[00:21:11] === TCP CLIENT POST-COPY (LAZY-PAGES) MIGRATION ===
[00:21:11] Step 1: Checking source client process...
[00:21:11]   Using PID from /home/ubuntu/tcp_client.pid: 158092
[00:21:12]   Server connections so far: 1
[00:21:13]   Page-server endpoint: 10.138.215.218:9999
[00:21:13] Step 2: Final dump (freezing client) with --lazy-pages...
[00:21:14]   Dump PID: 158635
[00:21:14]   Final dump time (freeze duration): 715 ms
[00:21:14] Step 2.5: Moving VIP to destination...
[00:21:14]   Moving VIP 10.138.215.250 from edge-node-1:ens3 -> edge-node-2:ens3
[00:21:20] Step 3: Creating archive...
[00:21:20] Step 4: Transferring archive...
[00:21:20]   Setting up direct SSH trust...
Setting up SSH trust: edge-node-1 → ubuntu@10.138.215.137
  Adding public key to destination's authorized_keys...
  Testing SSH connectivity...
  ✓ SSH trust ready
Setting up SSH trust: edge-node-1 → ubuntu@10.138.215.137
  Adding public key to destination's authorized_keys...
  Testing SSH connectivity...
  ✓ SSH trust ready
  Transferring /home/ubuntu/CRIU-tcp-client.tar.gz via SCP...
[00:22:08] Step 5: Unpacking on destination...
[00:22:09] Step 6: Starting lazy-pages daemon on destination...
[00:22:10] Step 7: Restoring client...
[00:22:12] Step 8: Verifying connection continuity...
[00:22:16]   Client output (tail): 
[00:22:16]   Server connections so far: 1
[00:22:16] ✓ SUCCESS: Client restored and TCP socket appears established
[00:22:18] Metrics saved to /home/ivo/Evaluation-of-Live-Migration-Strategies-at-the-Edge/Network-live-migration/metrics/migration_metrics.csv
[exit=0]
