
$ python3 /home/ivo/Documents/University/4to/Thesis-AAAAAAAa/Container-vs-Wasm-Service-Migration/Network-live-migration/scripts/setup/reset_nodes.py edge-node-1 edge-node-2 edge-host-1 10.22.132.250
[18:24:26] Resetting nodes: edge-node-1 -> edge-node-2 (server: edge-host-1, vip: 10.22.132.250)
[18:24:26] Step 1: Killing any existing processes on source...
[18:24:27]   Killing PID 1537684 (from /home/ubuntu/tcp_client.pid)
[18:24:27]   Killing PID 1537684 (from /home/ubuntu/client.pid)
[18:24:28]   Killing any remaining background processes...
[18:24:29] Step 2: Cleaning source node...
[18:24:31] Step 3: Cleaning destination node...
[18:24:31]   Killing all remaining TCP processes on destination...
[18:24:35] Step 4: Cleaning server node (edge-host-1)...
[18:24:35]   Killing PID 380487 on server (from /home/ubuntu/tcp_server.pid)
[18:24:37] ✓ Reset complete, nodes are clean
[18:24:37]   Next: Start your application
[exit=0]

$ bash /home/ivo/Documents/University/4to/Thesis-AAAAAAAa/Container-vs-Wasm-Service-Migration/Network-live-migration/scripts/workloads/start_tcp_server.sh edge-host-1 5000
[tcp-server] Transferring tcp-howto.c to edge-host-1...
[tcp-server] Compiling on edge-host-1...
[tcp-server] Starting on edge-host-1 (port 5000)...
[tcp-server] Waiting for listen...
✓ TCP server listening on edge-host-1:5000
[tcp-server] Logs: multipass exec edge-host-1 -- tail -f /home/ubuntu/tcp_server.out
[exit=0]

$ bash /home/ivo/Documents/University/4to/Thesis-AAAAAAAa/Container-vs-Wasm-Service-Migration/Network-live-migration/scripts/workloads/start_tcp_client.sh edge-node-1 edge-host-1 5000
[tcp-client] Server endpoint: 10.22.132.176:5000
[tcp-client] Client VIP: 10.22.132.250
[tcp-client] Transferring tcp-howto.c to edge-node-1...
[tcp-client] Compiling on edge-node-1...
[tcp-client] Ensuring VIP 10.22.132.250 is present on edge-node-1...
ARPING 10.22.132.250 from 10.22.132.250 ens3
Sent 3 probes (3 broadcast(s))
Received 0 response(s)
[tcp-client] Starting on edge-node-1...
[tcp-client] Waiting for established TCP connection...
✓ TCP client connected (PID: 1939117)
[tcp-client] Logs: multipass exec edge-node-1 -- tail -f /home/ubuntu/tcp_client.out
[exit=0]

$ python3 /home/ivo/Documents/University/4to/Thesis-AAAAAAAa/Container-vs-Wasm-Service-Migration/Network-live-migration/scripts/orchestrators/tcp_client_benchmark.py cold --source edge-node-1 --dest edge-node-2 --server edge-host-1 --transfer-mode host --run-id 22-04-2026-host-cold-0000 --csv /home/ivo/Documents/University/4to/Thesis-AAAAAAAa/Container-vs-Wasm-Service-Migration/Network-live-migration/metrics/migration_metrics.csv --profile-name 1_WiFi_6 --relay-node edge-host-1
[18:24:47] === TCP CLIENT MIGRATION ===
[18:24:47] Run ID: 22-04-2026-host-cold-0000
[18:24:47] Source: edge-node-1, Dest: edge-node-2
[18:24:47] Server: edge-host-1
[18:24:47] Transfer mode: host
[18:24:47] Relay node: edge-host-1

[18:24:47] === TCP CLIENT COLD MIGRATION ===
[18:24:47] Step 1: Checking source client process...
[18:24:47]   Using PID from /home/ubuntu/tcp_client.pid: 1939117
[18:24:48]   Server connections so far: 1
[18:24:49] Step 2: Dumping client with CRIU (--tcp-established)...
[18:24:49] Step 2.5: Moving VIP to destination...
[18:24:50]   Moving VIP 10.22.132.250 from edge-node-1:ens3 -> edge-node-2:ens3
[18:24:54] Step 3: Creating archive...
[18:24:55] Step 4: Transferring archive...
  Transferring /home/ubuntu/CRIU-tcp-client.tar.gz via relay node edge-host-1...
Setting up SSH trust: edge-node-1 → ubuntu@10.22.132.176
  Adding public key to destination's authorized_keys...
  Testing SSH connectivity...
  ✓ SSH trust ready
Setting up SSH trust: edge-host-1 → ubuntu@10.22.132.239
  Adding public key to destination's authorized_keys...
  Testing SSH connectivity...
  ✓ SSH trust ready
[18:25:01] Step 5: Unpacking on destination...
[18:25:02] Step 6: Preparing restore environment...
[18:25:02] Step 7: Restoring client with CRIU (--tcp-established)...
[18:25:03]   Restored PID: 1939117
[18:25:03] Step 8: Verifying connection continuity...
[18:25:06]   Client output (tail): PP 5 -> 5
[18:25:07]   Server connections so far: 1
[18:25:07] ✓ SUCCESS: Client restored and TCP socket appears established
[18:25:07] Total downtime: 7014 ms
[18:25:07] Metrics saved to /home/ivo/Documents/University/4to/Thesis-AAAAAAAa/Container-vs-Wasm-Service-Migration/Network-live-migration/metrics/migration_metrics.csv
[exit=0]

$ python3 /home/ivo/Documents/University/4to/Thesis-AAAAAAAa/Container-vs-Wasm-Service-Migration/Network-live-migration/scripts/setup/reset_nodes.py edge-node-1 edge-node-2 edge-host-1 10.22.132.250
[18:25:08] Resetting nodes: edge-node-1 -> edge-node-2 (server: edge-host-1, vip: 10.22.132.250)
[18:25:08] Step 1: Killing any existing processes on source...
[18:25:08]   Killing PID 1939117 (from /home/ubuntu/tcp_client.pid)
[18:25:09]   Killing PID 1939117 (from /home/ubuntu/client.pid)
[18:25:10]   Killing any remaining background processes...
[18:25:11] Step 2: Cleaning source node...
[18:25:13] Step 3: Cleaning destination node...
[18:25:13]   Killing PID 1939117 on destination (from /home/ubuntu/tcp_client.pid)
[18:25:14]   Killing PID 1939117 on destination (from /home/ubuntu/client.pid)
[18:25:14]   Killing all remaining TCP processes on destination...
[18:25:17] Step 4: Cleaning server node (edge-host-1)...
[18:25:18]   Killing PID 454195 on server (from /home/ubuntu/tcp_server.pid)
[18:25:20] ✓ Reset complete, nodes are clean
[18:25:20]   Next: Start your application
[exit=0]

$ bash /home/ivo/Documents/University/4to/Thesis-AAAAAAAa/Container-vs-Wasm-Service-Migration/Network-live-migration/scripts/workloads/start_tcp_server.sh edge-host-1 5000
[tcp-server] Transferring tcp-howto.c to edge-host-1...
[tcp-server] Compiling on edge-host-1...
[tcp-server] Starting on edge-host-1 (port 5000)...
[tcp-server] Waiting for listen...
✓ TCP server listening on edge-host-1:5000
[tcp-server] Logs: multipass exec edge-host-1 -- tail -f /home/ubuntu/tcp_server.out
[exit=0]

$ bash /home/ivo/Documents/University/4to/Thesis-AAAAAAAa/Container-vs-Wasm-Service-Migration/Network-live-migration/scripts/workloads/start_tcp_client.sh edge-node-1 edge-host-1 5000
[tcp-client] Server endpoint: 10.22.132.176:5000
[tcp-client] Client VIP: 10.22.132.250
[tcp-client] Transferring tcp-howto.c to edge-node-1...
[tcp-client] Compiling on edge-node-1...
[tcp-client] Ensuring VIP 10.22.132.250 is present on edge-node-1...
ARPING 10.22.132.250 from 10.22.132.250 ens3
Sent 3 probes (3 broadcast(s))
Received 0 response(s)
[tcp-client] Starting on edge-node-1...
[tcp-client] Waiting for established TCP connection...
✓ TCP client connected (PID: 1941147)
[tcp-client] Logs: multipass exec edge-node-1 -- tail -f /home/ubuntu/tcp_client.out
[exit=0]

$ python3 /home/ivo/Documents/University/4to/Thesis-AAAAAAAa/Container-vs-Wasm-Service-Migration/Network-live-migration/scripts/orchestrators/tcp_client_benchmark.py cold --source edge-node-1 --dest edge-node-2 --server edge-host-1 --transfer-mode host --run-id 22-04-2026-host-cold-0001 --csv /home/ivo/Documents/University/4to/Thesis-AAAAAAAa/Container-vs-Wasm-Service-Migration/Network-live-migration/metrics/migration_metrics.csv --profile-name 1_WiFi_6 --relay-node edge-host-1
[18:25:30] === TCP CLIENT MIGRATION ===
[18:25:30] Run ID: 22-04-2026-host-cold-0001
[18:25:30] Source: edge-node-1, Dest: edge-node-2
[18:25:30] Server: edge-host-1
[18:25:30] Transfer mode: host
[18:25:30] Relay node: edge-host-1

[18:25:30] === TCP CLIENT COLD MIGRATION ===
[18:25:30] Step 1: Checking source client process...
[18:25:31]   Using PID from /home/ubuntu/tcp_client.pid: 1941147
[18:25:32]   Server connections so far: 1
[18:25:32] Step 2: Dumping client with CRIU (--tcp-established)...
[18:25:33] Step 2.5: Moving VIP to destination...
[18:25:33]   Moving VIP 10.22.132.250 from edge-node-1:ens3 -> edge-node-2:ens3
[18:25:38] Step 3: Creating archive...
[18:25:39] Step 4: Transferring archive...
  Transferring /home/ubuntu/CRIU-tcp-client.tar.gz via relay node edge-host-1...
Setting up SSH trust: edge-node-1 → ubuntu@10.22.132.176
  Adding public key to destination's authorized_keys...
  Testing SSH connectivity...
  ✓ SSH trust ready
Setting up SSH trust: edge-host-1 → ubuntu@10.22.132.239
  Adding public key to destination's authorized_keys...
  Testing SSH connectivity...
  ✓ SSH trust ready
[18:25:45] Step 5: Unpacking on destination...
[18:25:46] Step 6: Preparing restore environment...
[18:25:46] Step 7: Restoring client with CRIU (--tcp-established)...
[18:25:47]   Restored PID: 1941147
[18:25:47] Step 8: Verifying connection continuity...
[18:25:50]   Client output (tail): PP 5 -> 5
[18:25:51]   Server connections so far: 1
[18:25:51] ✓ SUCCESS: Client restored and TCP socket appears established
[18:25:51] Total downtime: 7552 ms
[18:25:51] Metrics saved to /home/ivo/Documents/University/4to/Thesis-AAAAAAAa/Container-vs-Wasm-Service-Migration/Network-live-migration/metrics/migration_metrics.csv
[exit=0]

$ python3 /home/ivo/Documents/University/4to/Thesis-AAAAAAAa/Container-vs-Wasm-Service-Migration/Network-live-migration/scripts/setup/reset_nodes.py edge-node-1 edge-node-2 edge-host-1 10.22.132.250
[18:25:52] Resetting nodes: edge-node-1 -> edge-node-2 (server: edge-host-1, vip: 10.22.132.250)
[18:25:52] Step 1: Killing any existing processes on source...
[18:25:53]   Killing PID 1941147 (from /home/ubuntu/tcp_client.pid)
[18:25:53]   Killing PID 1941147 (from /home/ubuntu/client.pid)
[18:25:54]   Killing any remaining background processes...
[18:25:55] Step 2: Cleaning source node...
[18:25:57] Step 3: Cleaning destination node...
[18:25:57]   Killing PID 1941147 on destination (from /home/ubuntu/tcp_client.pid)
[18:25:58]   Killing PID 1941147 on destination (from /home/ubuntu/client.pid)
[18:25:58]   Killing all remaining TCP processes on destination...
[18:26:01] Step 4: Cleaning server node (edge-host-1)...
[18:26:02]   Killing PID 455849 on server (from /home/ubuntu/tcp_server.pid)
[18:26:04] ✓ Reset complete, nodes are clean
[18:26:04]   Next: Start your application
[exit=0]

$ bash /home/ivo/Documents/University/4to/Thesis-AAAAAAAa/Container-vs-Wasm-Service-Migration/Network-live-migration/scripts/workloads/start_tcp_server.sh edge-host-1 5000
[tcp-server] Transferring tcp-howto.c to edge-host-1...
[tcp-server] Compiling on edge-host-1...
[tcp-server] Starting on edge-host-1 (port 5000)...
[tcp-server] Waiting for listen...
✓ TCP server listening on edge-host-1:5000
[tcp-server] Logs: multipass exec edge-host-1 -- tail -f /home/ubuntu/tcp_server.out
[exit=0]

$ bash /home/ivo/Documents/University/4to/Thesis-AAAAAAAa/Container-vs-Wasm-Service-Migration/Network-live-migration/scripts/workloads/start_tcp_client.sh edge-node-1 edge-host-1 5000
[tcp-client] Server endpoint: 10.22.132.176:5000
[tcp-client] Client VIP: 10.22.132.250
[tcp-client] Transferring tcp-howto.c to edge-node-1...
[tcp-client] Compiling on edge-node-1...
[tcp-client] Ensuring VIP 10.22.132.250 is present on edge-node-1...
ARPING 10.22.132.250 from 10.22.132.250 ens3
Sent 3 probes (3 broadcast(s))
Received 0 response(s)
[tcp-client] Starting on edge-node-1...
[tcp-client] Waiting for established TCP connection...
✓ TCP client connected (PID: 1943162)
[tcp-client] Logs: multipass exec edge-node-1 -- tail -f /home/ubuntu/tcp_client.out
[exit=0]

$ python3 /home/ivo/Documents/University/4to/Thesis-AAAAAAAa/Container-vs-Wasm-Service-Migration/Network-live-migration/scripts/orchestrators/tcp_client_benchmark.py cold --source edge-node-1 --dest edge-node-2 --server edge-host-1 --transfer-mode host --run-id 22-04-2026-host-cold-0002 --csv /home/ivo/Documents/University/4to/Thesis-AAAAAAAa/Container-vs-Wasm-Service-Migration/Network-live-migration/metrics/migration_metrics.csv --profile-name 1_WiFi_6 --relay-node edge-host-1
[18:26:14] === TCP CLIENT MIGRATION ===
[18:26:14] Run ID: 22-04-2026-host-cold-0002
[18:26:14] Source: edge-node-1, Dest: edge-node-2
[18:26:14] Server: edge-host-1
[18:26:14] Transfer mode: host
[18:26:14] Relay node: edge-host-1

[18:26:14] === TCP CLIENT COLD MIGRATION ===
[18:26:14] Step 1: Checking source client process...
[18:26:14]   Using PID from /home/ubuntu/tcp_client.pid: 1943162
[18:26:15]   Server connections so far: 1
[18:26:16] Step 2: Dumping client with CRIU (--tcp-established)...
[18:26:16] Step 2.5: Moving VIP to destination...
[18:26:17]   Moving VIP 10.22.132.250 from edge-node-1:ens3 -> edge-node-2:ens3
[18:26:22] Step 3: Creating archive...
[18:26:23] Step 4: Transferring archive...
  Transferring /home/ubuntu/CRIU-tcp-client.tar.gz via relay node edge-host-1...
Setting up SSH trust: edge-node-1 → ubuntu@10.22.132.176
  Adding public key to destination's authorized_keys...
  Testing SSH connectivity...
  ✓ SSH trust ready
Setting up SSH trust: edge-host-1 → ubuntu@10.22.132.239
  Adding public key to destination's authorized_keys...
  Testing SSH connectivity...
  ✓ SSH trust ready
[18:26:29] Step 5: Unpacking on destination...
[18:26:29] Step 6: Preparing restore environment...
[18:26:30] Step 7: Restoring client with CRIU (--tcp-established)...
[18:26:31]   Restored PID: 1943162
[18:26:31] Step 8: Verifying connection continuity...
[18:26:34]   Client output (tail): PP 5 -> 5
[18:26:35]   Server connections so far: 1
[18:26:35] ✓ SUCCESS: Client restored and TCP socket appears established
[18:26:35] Total downtime: 7283 ms
[18:26:35] Metrics saved to /home/ivo/Documents/University/4to/Thesis-AAAAAAAa/Container-vs-Wasm-Service-Migration/Network-live-migration/metrics/migration_metrics.csv
[exit=0]

$ python3 /home/ivo/Documents/University/4to/Thesis-AAAAAAAa/Container-vs-Wasm-Service-Migration/Network-live-migration/scripts/setup/reset_nodes.py edge-node-1 edge-node-2 edge-host-1 10.22.132.250
[18:26:36] Resetting nodes: edge-node-1 -> edge-node-2 (server: edge-host-1, vip: 10.22.132.250)
[18:26:36] Step 1: Killing any existing processes on source...
[18:26:36]   Killing PID 1943162 (from /home/ubuntu/tcp_client.pid)
[18:26:37]   Killing PID 1943162 (from /home/ubuntu/client.pid)
[18:26:37]   Killing any remaining background processes...
[18:26:38] Step 2: Cleaning source node...
[18:26:40] Step 3: Cleaning destination node...
[18:26:40]   Killing PID 1943162 on destination (from /home/ubuntu/tcp_client.pid)
[18:26:41]   Killing PID 1943162 on destination (from /home/ubuntu/client.pid)
[18:26:42]   Killing all remaining TCP processes on destination...
[18:26:45] Step 4: Cleaning server node (edge-host-1)...
[18:26:45]   Killing PID 457485 on server (from /home/ubuntu/tcp_server.pid)
[18:26:47] ✓ Reset complete, nodes are clean
[18:26:47]   Next: Start your application
[exit=0]

$ bash /home/ivo/Documents/University/4to/Thesis-AAAAAAAa/Container-vs-Wasm-Service-Migration/Network-live-migration/scripts/workloads/start_tcp_server.sh edge-host-1 5000
[tcp-server] Transferring tcp-howto.c to edge-host-1...
[tcp-server] Compiling on edge-host-1...
[tcp-server] Starting on edge-host-1 (port 5000)...
[tcp-server] Waiting for listen...
✓ TCP server listening on edge-host-1:5000
[tcp-server] Logs: multipass exec edge-host-1 -- tail -f /home/ubuntu/tcp_server.out
[exit=0]

$ bash /home/ivo/Documents/University/4to/Thesis-AAAAAAAa/Container-vs-Wasm-Service-Migration/Network-live-migration/scripts/workloads/start_tcp_client.sh edge-node-1 edge-host-1 5000
[tcp-client] Server endpoint: 10.22.132.176:5000
[tcp-client] Client VIP: 10.22.132.250
[tcp-client] Transferring tcp-howto.c to edge-node-1...
[tcp-client] Compiling on edge-node-1...
[tcp-client] Ensuring VIP 10.22.132.250 is present on edge-node-1...
ARPING 10.22.132.250 from 10.22.132.250 ens3
Sent 3 probes (3 broadcast(s))
Received 0 response(s)
[tcp-client] Starting on edge-node-1...
[tcp-client] Waiting for established TCP connection...
✓ TCP client connected (PID: 1945446)
[tcp-client] Logs: multipass exec edge-node-1 -- tail -f /home/ubuntu/tcp_client.out
[exit=0]

$ python3 /home/ivo/Documents/University/4to/Thesis-AAAAAAAa/Container-vs-Wasm-Service-Migration/Network-live-migration/scripts/orchestrators/tcp_client_benchmark.py cold --source edge-node-1 --dest edge-node-2 --server edge-host-1 --transfer-mode host --run-id 22-04-2026-host-cold-0003 --csv /home/ivo/Documents/University/4to/Thesis-AAAAAAAa/Container-vs-Wasm-Service-Migration/Network-live-migration/metrics/migration_metrics.csv --profile-name 1_WiFi_6 --relay-node edge-host-1
[18:26:57] === TCP CLIENT MIGRATION ===
[18:26:57] Run ID: 22-04-2026-host-cold-0003
[18:26:57] Source: edge-node-1, Dest: edge-node-2
[18:26:57] Server: edge-host-1
[18:26:57] Transfer mode: host
[18:26:57] Relay node: edge-host-1

[18:26:57] === TCP CLIENT COLD MIGRATION ===
[18:26:57] Step 1: Checking source client process...
[18:26:57]   Using PID from /home/ubuntu/tcp_client.pid: 1945446
[18:26:58]   Server connections so far: 1
[18:26:59] Step 2: Dumping client with CRIU (--tcp-established)...
[18:26:59] Step 2.5: Moving VIP to destination...
[18:27:00]   Moving VIP 10.22.132.250 from edge-node-1:ens3 -> edge-node-2:ens3
[18:27:04] Step 3: Creating archive...
[18:27:05] Step 4: Transferring archive...
  Transferring /home/ubuntu/CRIU-tcp-client.tar.gz via relay node edge-host-1...
Setting up SSH trust: edge-node-1 → ubuntu@10.22.132.176
  Adding public key to destination's authorized_keys...
  Testing SSH connectivity...
  ✓ SSH trust ready
Setting up SSH trust: edge-host-1 → ubuntu@10.22.132.239
  Adding public key to destination's authorized_keys...
  Testing SSH connectivity...
  ✓ SSH trust ready
[18:27:11] Step 5: Unpacking on destination...
[18:27:12] Step 6: Preparing restore environment...
[18:27:12] Step 7: Restoring client with CRIU (--tcp-established)...
[18:27:13]   Restored PID: 1945446
[18:27:13] Step 8: Verifying connection continuity...
[18:27:16]   Client output (tail): PP 5 -> 5
[18:27:17]   Server connections so far: 1
[18:27:17] ✓ SUCCESS: Client restored and TCP socket appears established
[18:27:17] Total downtime: 6970 ms
[18:27:17] Metrics saved to /home/ivo/Documents/University/4to/Thesis-AAAAAAAa/Container-vs-Wasm-Service-Migration/Network-live-migration/metrics/migration_metrics.csv
[exit=0]

$ python3 /home/ivo/Documents/University/4to/Thesis-AAAAAAAa/Container-vs-Wasm-Service-Migration/Network-live-migration/scripts/setup/reset_nodes.py edge-node-1 edge-node-2 edge-host-1 10.22.132.250
[18:27:18] Resetting nodes: edge-node-1 -> edge-node-2 (server: edge-host-1, vip: 10.22.132.250)
[18:27:18] Step 1: Killing any existing processes on source...
[18:27:18]   Killing PID 1945446 (from /home/ubuntu/tcp_client.pid)
[18:27:19]   Killing PID 1945446 (from /home/ubuntu/client.pid)
[18:27:19]   Killing any remaining background processes...
[18:27:21] Step 2: Cleaning source node...
[18:27:23] Step 3: Cleaning destination node...
[18:27:23]   Killing PID 1945446 on destination (from /home/ubuntu/tcp_client.pid)
[18:27:24]   Killing PID 1945446 on destination (from /home/ubuntu/client.pid)
[18:27:25]   Killing all remaining TCP processes on destination...
[18:27:28] Step 4: Cleaning server node (edge-host-1)...
[18:27:28]   Killing PID 459381 on server (from /home/ubuntu/tcp_server.pid)
[18:27:30] ✓ Reset complete, nodes are clean
[18:27:30]   Next: Start your application
[exit=0]

$ bash /home/ivo/Documents/University/4to/Thesis-AAAAAAAa/Container-vs-Wasm-Service-Migration/Network-live-migration/scripts/workloads/start_tcp_server.sh edge-host-1 5000
[tcp-server] Transferring tcp-howto.c to edge-host-1...
[tcp-server] Compiling on edge-host-1...
[tcp-server] Starting on edge-host-1 (port 5000)...
[tcp-server] Waiting for listen...
✓ TCP server listening on edge-host-1:5000
[tcp-server] Logs: multipass exec edge-host-1 -- tail -f /home/ubuntu/tcp_server.out
[exit=0]

$ bash /home/ivo/Documents/University/4to/Thesis-AAAAAAAa/Container-vs-Wasm-Service-Migration/Network-live-migration/scripts/workloads/start_tcp_client.sh edge-node-1 edge-host-1 5000
[tcp-client] Server endpoint: 10.22.132.176:5000
[tcp-client] Client VIP: 10.22.132.250
[tcp-client] Transferring tcp-howto.c to edge-node-1...
[tcp-client] Compiling on edge-node-1...
[tcp-client] Ensuring VIP 10.22.132.250 is present on edge-node-1...
ARPING 10.22.132.250 from 10.22.132.250 ens3
Sent 3 probes (3 broadcast(s))
Received 0 response(s)
[tcp-client] Starting on edge-node-1...
[tcp-client] Waiting for established TCP connection...
✓ TCP client connected (PID: 1947472)
[tcp-client] Logs: multipass exec edge-node-1 -- tail -f /home/ubuntu/tcp_client.out
[exit=0]

$ python3 /home/ivo/Documents/University/4to/Thesis-AAAAAAAa/Container-vs-Wasm-Service-Migration/Network-live-migration/scripts/orchestrators/tcp_client_benchmark.py cold --source edge-node-1 --dest edge-node-2 --server edge-host-1 --transfer-mode host --run-id 22-04-2026-host-cold-0004 --csv /home/ivo/Documents/University/4to/Thesis-AAAAAAAa/Container-vs-Wasm-Service-Migration/Network-live-migration/metrics/migration_metrics.csv --profile-name 1_WiFi_6 --relay-node edge-host-1
[18:27:40] === TCP CLIENT MIGRATION ===
[18:27:40] Run ID: 22-04-2026-host-cold-0004
[18:27:40] Source: edge-node-1, Dest: edge-node-2
[18:27:40] Server: edge-host-1
[18:27:40] Transfer mode: host
[18:27:40] Relay node: edge-host-1

[18:27:40] === TCP CLIENT COLD MIGRATION ===
[18:27:40] Step 1: Checking source client process...
[18:27:41]   Using PID from /home/ubuntu/tcp_client.pid: 1947472
[18:27:41]   Server connections so far: 1
[18:27:42] Step 2: Dumping client with CRIU (--tcp-established)...
[18:27:42] Step 2.5: Moving VIP to destination...
[18:27:43]   Moving VIP 10.22.132.250 from edge-node-1:ens3 -> edge-node-2:ens3
[18:27:48] Step 3: Creating archive...
[18:27:48] Step 4: Transferring archive...
  Transferring /home/ubuntu/CRIU-tcp-client.tar.gz via relay node edge-host-1...
Setting up SSH trust: edge-node-1 → ubuntu@10.22.132.176
  Adding public key to destination's authorized_keys...
  Testing SSH connectivity...
  ✓ SSH trust ready
Setting up SSH trust: edge-host-1 → ubuntu@10.22.132.239
  Adding public key to destination's authorized_keys...
  Testing SSH connectivity...
  ✓ SSH trust ready
[18:27:54] Step 5: Unpacking on destination...
[18:27:55] Step 6: Preparing restore environment...
[18:27:55] Step 7: Restoring client with CRIU (--tcp-established)...
[18:27:56]   Restored PID: 1947472
[18:27:56] Step 8: Verifying connection continuity...
[18:27:59]   Client output (tail): PP 5 -> 5
[18:28:00]   Server connections so far: 1
[18:28:00] ✓ SUCCESS: Client restored and TCP socket appears established
[18:28:00] Total downtime: 6912 ms
[18:28:00] Metrics saved to /home/ivo/Documents/University/4to/Thesis-AAAAAAAa/Container-vs-Wasm-Service-Migration/Network-live-migration/metrics/migration_metrics.csv
[exit=0]

$ python3 /home/ivo/Documents/University/4to/Thesis-AAAAAAAa/Container-vs-Wasm-Service-Migration/Network-live-migration/scripts/setup/reset_nodes.py edge-node-1 edge-node-2 edge-host-1 10.22.132.250
[18:28:01] Resetting nodes: edge-node-1 -> edge-node-2 (server: edge-host-1, vip: 10.22.132.250)
[18:28:01] Step 1: Killing any existing processes on source...
[18:28:01]   Killing PID 1947472 (from /home/ubuntu/tcp_client.pid)
[18:28:02]   Killing PID 1947472 (from /home/ubuntu/client.pid)
[18:28:03]   Killing any remaining background processes...
[18:28:04] Step 2: Cleaning source node...
[18:28:06] Step 3: Cleaning destination node...
[18:28:06]   Killing PID 1947472 on destination (from /home/ubuntu/tcp_client.pid)
[18:28:07]   Killing PID 1947472 on destination (from /home/ubuntu/client.pid)
[18:28:07]   Killing all remaining TCP processes on destination...
[18:28:10] Step 4: Cleaning server node (edge-host-1)...
[18:28:11]   Killing PID 461024 on server (from /home/ubuntu/tcp_server.pid)
[18:28:13] ✓ Reset complete, nodes are clean
[18:28:13]   Next: Start your application
[exit=0]

$ bash /home/ivo/Documents/University/4to/Thesis-AAAAAAAa/Container-vs-Wasm-Service-Migration/Network-live-migration/scripts/workloads/start_tcp_server.sh edge-host-1 5000
[tcp-server] Transferring tcp-howto.c to edge-host-1...
[tcp-server] Compiling on edge-host-1...
[tcp-server] Starting on edge-host-1 (port 5000)...
[tcp-server] Waiting for listen...
✓ TCP server listening on edge-host-1:5000
[tcp-server] Logs: multipass exec edge-host-1 -- tail -f /home/ubuntu/tcp_server.out
[exit=0]

$ bash /home/ivo/Documents/University/4to/Thesis-AAAAAAAa/Container-vs-Wasm-Service-Migration/Network-live-migration/scripts/workloads/start_tcp_client.sh edge-node-1 edge-host-1 5000
[tcp-client] Server endpoint: 10.22.132.176:5000
[tcp-client] Client VIP: 10.22.132.250
[tcp-client] Transferring tcp-howto.c to edge-node-1...
[tcp-client] Compiling on edge-node-1...
[tcp-client] Ensuring VIP 10.22.132.250 is present on edge-node-1...
ARPING 10.22.132.250 from 10.22.132.250 ens3
Sent 3 probes (3 broadcast(s))
Received 0 response(s)
[tcp-client] Starting on edge-node-1...
[tcp-client] Waiting for established TCP connection...
✓ TCP client connected (PID: 1949489)
[tcp-client] Logs: multipass exec edge-node-1 -- tail -f /home/ubuntu/tcp_client.out
[exit=0]

$ python3 /home/ivo/Documents/University/4to/Thesis-AAAAAAAa/Container-vs-Wasm-Service-Migration/Network-live-migration/scripts/orchestrators/tcp_client_benchmark.py cold --source edge-node-1 --dest edge-node-2 --server edge-host-1 --transfer-mode host --run-id 22-04-2026-host-cold-0005 --csv /home/ivo/Documents/University/4to/Thesis-AAAAAAAa/Container-vs-Wasm-Service-Migration/Network-live-migration/metrics/migration_metrics.csv --profile-name 1_WiFi_6 --relay-node edge-host-1
[18:28:23] === TCP CLIENT MIGRATION ===
[18:28:23] Run ID: 22-04-2026-host-cold-0005
[18:28:23] Source: edge-node-1, Dest: edge-node-2
[18:28:23] Server: edge-host-1
[18:28:23] Transfer mode: host
[18:28:23] Relay node: edge-host-1

[18:28:23] === TCP CLIENT COLD MIGRATION ===
[18:28:23] Step 1: Checking source client process...
[18:28:24]   Using PID from /home/ubuntu/tcp_client.pid: 1949489
[18:28:24]   Server connections so far: 1
[18:28:25] Step 2: Dumping client with CRIU (--tcp-established)...
[18:28:26] Step 2.5: Moving VIP to destination...
[18:28:26]   Moving VIP 10.22.132.250 from edge-node-1:ens3 -> edge-node-2:ens3
[18:28:31] Step 3: Creating archive...
[18:28:32] Step 4: Transferring archive...
  Transferring /home/ubuntu/CRIU-tcp-client.tar.gz via relay node edge-host-1...
Setting up SSH trust: edge-node-1 → ubuntu@10.22.132.176
  Adding public key to destination's authorized_keys...
  Testing SSH connectivity...
  ✓ SSH trust ready
Setting up SSH trust: edge-host-1 → ubuntu@10.22.132.239
  Adding public key to destination's authorized_keys...
  Testing SSH connectivity...
  ✓ SSH trust ready
[18:28:38] Step 5: Unpacking on destination...
[18:28:38] Step 6: Preparing restore environment...
[18:28:39] Step 7: Restoring client with CRIU (--tcp-established)...
[18:28:40]   Restored PID: 1949489
[18:28:40] Step 8: Verifying connection continuity...
[18:28:43]   Client output (tail): PP 5 -> 5
[18:28:43]   Server connections so far: 1
[18:28:43] ✓ SUCCESS: Client restored and TCP socket appears established
[18:28:43] Total downtime: 6997 ms
[18:28:43] Metrics saved to /home/ivo/Documents/University/4to/Thesis-AAAAAAAa/Container-vs-Wasm-Service-Migration/Network-live-migration/metrics/migration_metrics.csv
[exit=0]

$ python3 /home/ivo/Documents/University/4to/Thesis-AAAAAAAa/Container-vs-Wasm-Service-Migration/Network-live-migration/scripts/setup/reset_nodes.py edge-node-1 edge-node-2 edge-host-1 10.22.132.250
[18:28:45] Resetting nodes: edge-node-1 -> edge-node-2 (server: edge-host-1, vip: 10.22.132.250)
[18:28:45] Step 1: Killing any existing processes on source...
[18:28:45]   Killing PID 1949489 (from /home/ubuntu/tcp_client.pid)
[18:28:46]   Killing PID 1949489 (from /home/ubuntu/client.pid)
[18:28:46]   Killing any remaining background processes...
[18:28:47] Step 2: Cleaning source node...
[18:28:49] Step 3: Cleaning destination node...
[18:28:49]   Killing PID 1949489 on destination (from /home/ubuntu/tcp_client.pid)
[18:28:50]   Killing PID 1949489 on destination (from /home/ubuntu/client.pid)
[18:28:51]   Killing all remaining TCP processes on destination...
[18:28:54] Step 4: Cleaning server node (edge-host-1)...
[18:28:54]   Killing PID 462659 on server (from /home/ubuntu/tcp_server.pid)
[18:28:56] ✓ Reset complete, nodes are clean
[18:28:56]   Next: Start your application
[exit=0]

$ bash /home/ivo/Documents/University/4to/Thesis-AAAAAAAa/Container-vs-Wasm-Service-Migration/Network-live-migration/scripts/workloads/start_tcp_server.sh edge-host-1 5000
[tcp-server] Transferring tcp-howto.c to edge-host-1...
[tcp-server] Compiling on edge-host-1...
[tcp-server] Starting on edge-host-1 (port 5000)...
[tcp-server] Waiting for listen...
✓ TCP server listening on edge-host-1:5000
[tcp-server] Logs: multipass exec edge-host-1 -- tail -f /home/ubuntu/tcp_server.out
[exit=0]

$ bash /home/ivo/Documents/University/4to/Thesis-AAAAAAAa/Container-vs-Wasm-Service-Migration/Network-live-migration/scripts/workloads/start_tcp_client.sh edge-node-1 edge-host-1 5000
[tcp-client] Server endpoint: 10.22.132.176:5000
[tcp-client] Client VIP: 10.22.132.250
[tcp-client] Transferring tcp-howto.c to edge-node-1...
[tcp-client] Compiling on edge-node-1...
[tcp-client] Ensuring VIP 10.22.132.250 is present on edge-node-1...
ARPING 10.22.132.250 from 10.22.132.250 ens3
Sent 3 probes (3 broadcast(s))
Received 0 response(s)
[tcp-client] Starting on edge-node-1...
[tcp-client] Waiting for established TCP connection...
✓ TCP client connected (PID: 1951515)
[tcp-client] Logs: multipass exec edge-node-1 -- tail -f /home/ubuntu/tcp_client.out
[exit=0]

$ python3 /home/ivo/Documents/University/4to/Thesis-AAAAAAAa/Container-vs-Wasm-Service-Migration/Network-live-migration/scripts/orchestrators/tcp_client_benchmark.py cold --source edge-node-1 --dest edge-node-2 --server edge-host-1 --transfer-mode host --run-id 22-04-2026-host-cold-0006 --csv /home/ivo/Documents/University/4to/Thesis-AAAAAAAa/Container-vs-Wasm-Service-Migration/Network-live-migration/metrics/migration_metrics.csv --profile-name 1_WiFi_6 --relay-node edge-host-1
[18:29:06] === TCP CLIENT MIGRATION ===
[18:29:06] Run ID: 22-04-2026-host-cold-0006
[18:29:06] Source: edge-node-1, Dest: edge-node-2
[18:29:06] Server: edge-host-1
[18:29:06] Transfer mode: host
[18:29:06] Relay node: edge-host-1

[18:29:06] === TCP CLIENT COLD MIGRATION ===
[18:29:06] Step 1: Checking source client process...
[18:29:06]   Using PID from /home/ubuntu/tcp_client.pid: 1951515
[18:29:07]   Server connections so far: 1
[18:29:08] Step 2: Dumping client with CRIU (--tcp-established)...
[18:29:08] Step 2.5: Moving VIP to destination...
[18:29:09]   Moving VIP 10.22.132.250 from edge-node-1:ens3 -> edge-node-2:ens3
[18:29:14] Step 3: Creating archive...
[18:29:14] Step 4: Transferring archive...
  Transferring /home/ubuntu/CRIU-tcp-client.tar.gz via relay node edge-host-1...
Setting up SSH trust: edge-node-1 → ubuntu@10.22.132.176
  Adding public key to destination's authorized_keys...
  Testing SSH connectivity...
  ✓ SSH trust ready
Setting up SSH trust: edge-host-1 → ubuntu@10.22.132.239
  Adding public key to destination's authorized_keys...
  Testing SSH connectivity...
  ✓ SSH trust ready
[18:29:21] Step 5: Unpacking on destination...
[18:29:21] Step 6: Preparing restore environment...
[18:29:22] Step 7: Restoring client with CRIU (--tcp-established)...
[18:29:22]   Restored PID: 1951515
[18:29:22] Step 8: Verifying connection continuity...
[18:29:26]   Client output (tail): PP 5 -> 5
[18:29:26]   Server connections so far: 1
[18:29:26] ✓ SUCCESS: Client restored and TCP socket appears established
[18:29:26] Total downtime: 6994 ms
[18:29:26] Metrics saved to /home/ivo/Documents/University/4to/Thesis-AAAAAAAa/Container-vs-Wasm-Service-Migration/Network-live-migration/metrics/migration_metrics.csv
[exit=0]

$ python3 /home/ivo/Documents/University/4to/Thesis-AAAAAAAa/Container-vs-Wasm-Service-Migration/Network-live-migration/scripts/setup/reset_nodes.py edge-node-1 edge-node-2 edge-host-1 10.22.132.250
[18:29:28] Resetting nodes: edge-node-1 -> edge-node-2 (server: edge-host-1, vip: 10.22.132.250)
[18:29:28] Step 1: Killing any existing processes on source...
[18:29:28]   Killing PID 1951515 (from /home/ubuntu/tcp_client.pid)
[18:29:29]   Killing PID 1951515 (from /home/ubuntu/client.pid)
[18:29:29]   Killing any remaining background processes...
[18:29:31] Step 2: Cleaning source node...
[18:29:32] Step 3: Cleaning destination node...
[18:29:32]   Killing PID 1951515 on destination (from /home/ubuntu/tcp_client.pid)
[18:29:33]   Killing PID 1951515 on destination (from /home/ubuntu/client.pid)
[18:29:34]   Killing all remaining TCP processes on destination...
[18:29:37] Step 4: Cleaning server node (edge-host-1)...
[18:29:37]   Killing PID 464311 on server (from /home/ubuntu/tcp_server.pid)
[18:29:40] ✓ Reset complete, nodes are clean
[18:29:40]   Next: Start your application
[exit=0]

$ bash /home/ivo/Documents/University/4to/Thesis-AAAAAAAa/Container-vs-Wasm-Service-Migration/Network-live-migration/scripts/workloads/start_tcp_server.sh edge-host-1 5000
[tcp-server] Transferring tcp-howto.c to edge-host-1...
[tcp-server] Compiling on edge-host-1...
[tcp-server] Starting on edge-host-1 (port 5000)...
[tcp-server] Waiting for listen...
✓ TCP server listening on edge-host-1:5000
[tcp-server] Logs: multipass exec edge-host-1 -- tail -f /home/ubuntu/tcp_server.out
[exit=0]

$ bash /home/ivo/Documents/University/4to/Thesis-AAAAAAAa/Container-vs-Wasm-Service-Migration/Network-live-migration/scripts/workloads/start_tcp_client.sh edge-node-1 edge-host-1 5000
[tcp-client] Server endpoint: 10.22.132.176:5000
[tcp-client] Client VIP: 10.22.132.250
[tcp-client] Transferring tcp-howto.c to edge-node-1...
[tcp-client] Compiling on edge-node-1...
[tcp-client] Ensuring VIP 10.22.132.250 is present on edge-node-1...
ARPING 10.22.132.250 from 10.22.132.250 ens3
Sent 3 probes (3 broadcast(s))
Received 0 response(s)
[tcp-client] Starting on edge-node-1...
[tcp-client] Waiting for established TCP connection...
✓ TCP client connected (PID: 1953547)
[tcp-client] Logs: multipass exec edge-node-1 -- tail -f /home/ubuntu/tcp_client.out
[exit=0]

$ python3 /home/ivo/Documents/University/4to/Thesis-AAAAAAAa/Container-vs-Wasm-Service-Migration/Network-live-migration/scripts/orchestrators/tcp_client_benchmark.py cold --source edge-node-1 --dest edge-node-2 --server edge-host-1 --transfer-mode host --run-id 22-04-2026-host-cold-0007 --csv /home/ivo/Documents/University/4to/Thesis-AAAAAAAa/Container-vs-Wasm-Service-Migration/Network-live-migration/metrics/migration_metrics.csv --profile-name 1_WiFi_6 --relay-node edge-host-1
[18:29:49] === TCP CLIENT MIGRATION ===
[18:29:49] Run ID: 22-04-2026-host-cold-0007
[18:29:49] Source: edge-node-1, Dest: edge-node-2
[18:29:49] Server: edge-host-1
[18:29:49] Transfer mode: host
[18:29:49] Relay node: edge-host-1

[18:29:49] === TCP CLIENT COLD MIGRATION ===
[18:29:49] Step 1: Checking source client process...
[18:29:50]   Using PID from /home/ubuntu/tcp_client.pid: 1953547
[18:29:51]   Server connections so far: 1
[18:29:51] Step 2: Dumping client with CRIU (--tcp-established)...
[18:29:51] Step 2.5: Moving VIP to destination...
[18:29:52]   Moving VIP 10.22.132.250 from edge-node-1:ens3 -> edge-node-2:ens3
[18:29:57] Step 3: Creating archive...
[18:29:57] Step 4: Transferring archive...
  Transferring /home/ubuntu/CRIU-tcp-client.tar.gz via relay node edge-host-1...
Setting up SSH trust: edge-node-1 → ubuntu@10.22.132.176
  Adding public key to destination's authorized_keys...
  Testing SSH connectivity...
  ✓ SSH trust ready
Setting up SSH trust: edge-host-1 → ubuntu@10.22.132.239
  Adding public key to destination's authorized_keys...
  Testing SSH connectivity...
  ✓ SSH trust ready
[18:30:04] Step 5: Unpacking on destination...
[18:30:04] Step 6: Preparing restore environment...
[18:30:05] Step 7: Restoring client with CRIU (--tcp-established)...
[18:30:05]   Restored PID: 1953547
[18:30:05] Step 8: Verifying connection continuity...
[18:30:09]   Client output (tail): PP 5 -> 5
[18:30:09]   Server connections so far: 1
[18:30:09] ✓ SUCCESS: Client restored and TCP socket appears established
[18:30:09] Total downtime: 6942 ms
[18:30:09] Metrics saved to /home/ivo/Documents/University/4to/Thesis-AAAAAAAa/Container-vs-Wasm-Service-Migration/Network-live-migration/metrics/migration_metrics.csv
[exit=0]

$ python3 /home/ivo/Documents/University/4to/Thesis-AAAAAAAa/Container-vs-Wasm-Service-Migration/Network-live-migration/scripts/setup/reset_nodes.py edge-node-1 edge-node-2 edge-host-1 10.22.132.250
[18:30:10] Resetting nodes: edge-node-1 -> edge-node-2 (server: edge-host-1, vip: 10.22.132.250)
[18:30:10] Step 1: Killing any existing processes on source...
[18:30:10]   Killing PID 1953547 (from /home/ubuntu/tcp_client.pid)
[18:30:11]   Killing PID 1953547 (from /home/ubuntu/client.pid)
[18:30:12]   Killing any remaining background processes...
[18:30:13] Step 2: Cleaning source node...
[18:30:15] Step 3: Cleaning destination node...
[18:30:15]   Killing PID 1953547 on destination (from /home/ubuntu/tcp_client.pid)
[18:30:16]   Killing PID 1953547 on destination (from /home/ubuntu/client.pid)
[18:30:16]   Killing all remaining TCP processes on destination...
[18:30:20] Step 4: Cleaning server node (edge-host-1)...
[18:30:20]   Killing PID 465955 on server (from /home/ubuntu/tcp_server.pid)
[18:30:22] ✓ Reset complete, nodes are clean
[18:30:22]   Next: Start your application
[exit=0]

$ bash /home/ivo/Documents/University/4to/Thesis-AAAAAAAa/Container-vs-Wasm-Service-Migration/Network-live-migration/scripts/workloads/start_tcp_server.sh edge-host-1 5000
[tcp-server] Transferring tcp-howto.c to edge-host-1...
[tcp-server] Compiling on edge-host-1...
[tcp-server] Starting on edge-host-1 (port 5000)...
[tcp-server] Waiting for listen...
✓ TCP server listening on edge-host-1:5000
[tcp-server] Logs: multipass exec edge-host-1 -- tail -f /home/ubuntu/tcp_server.out
[exit=0]

$ bash /home/ivo/Documents/University/4to/Thesis-AAAAAAAa/Container-vs-Wasm-Service-Migration/Network-live-migration/scripts/workloads/start_tcp_client.sh edge-node-1 edge-host-1 5000
[tcp-client] Server endpoint: 10.22.132.176:5000
[tcp-client] Client VIP: 10.22.132.250
[tcp-client] Transferring tcp-howto.c to edge-node-1...
[tcp-client] Compiling on edge-node-1...
[tcp-client] Ensuring VIP 10.22.132.250 is present on edge-node-1...
ARPING 10.22.132.250 from 10.22.132.250 ens3
Sent 3 probes (3 broadcast(s))
Received 0 response(s)
[tcp-client] Starting on edge-node-1...
[tcp-client] Waiting for established TCP connection...
✓ TCP client connected (PID: 1955573)
[tcp-client] Logs: multipass exec edge-node-1 -- tail -f /home/ubuntu/tcp_client.out
[exit=0]

$ python3 /home/ivo/Documents/University/4to/Thesis-AAAAAAAa/Container-vs-Wasm-Service-Migration/Network-live-migration/scripts/orchestrators/tcp_client_benchmark.py cold --source edge-node-1 --dest edge-node-2 --server edge-host-1 --transfer-mode host --run-id 22-04-2026-host-cold-0008 --csv /home/ivo/Documents/University/4to/Thesis-AAAAAAAa/Container-vs-Wasm-Service-Migration/Network-live-migration/metrics/migration_metrics.csv --profile-name 1_WiFi_6 --relay-node edge-host-1
[18:30:32] === TCP CLIENT MIGRATION ===
[18:30:32] Run ID: 22-04-2026-host-cold-0008
[18:30:32] Source: edge-node-1, Dest: edge-node-2
[18:30:32] Server: edge-host-1
[18:30:32] Transfer mode: host
[18:30:32] Relay node: edge-host-1

[18:30:32] === TCP CLIENT COLD MIGRATION ===
[18:30:32] Step 1: Checking source client process...
[18:30:33]   Using PID from /home/ubuntu/tcp_client.pid: 1955573
[18:30:33]   Server connections so far: 1
[18:30:34] Step 2: Dumping client with CRIU (--tcp-established)...
[18:30:34] Step 2.5: Moving VIP to destination...
[18:30:35]   Moving VIP 10.22.132.250 from edge-node-1:ens3 -> edge-node-2:ens3
[18:30:40] Step 3: Creating archive...
[18:30:41] Step 4: Transferring archive...
  Transferring /home/ubuntu/CRIU-tcp-client.tar.gz via relay node edge-host-1...
Setting up SSH trust: edge-node-1 → ubuntu@10.22.132.176
  Adding public key to destination's authorized_keys...
  Testing SSH connectivity...
  ✓ SSH trust ready
Setting up SSH trust: edge-host-1 → ubuntu@10.22.132.239
  Adding public key to destination's authorized_keys...
  Testing SSH connectivity...
  ✓ SSH trust ready
[18:30:47] Step 5: Unpacking on destination...
[18:30:47] Step 6: Preparing restore environment...
[18:30:48] Step 7: Restoring client with CRIU (--tcp-established)...
[18:30:48]   Restored PID: 1955573
[18:30:48] Step 8: Verifying connection continuity...
[18:30:52]   Client output (tail): PP 5 -> 5
[18:30:52]   Server connections so far: 1
[18:30:52] ✓ SUCCESS: Client restored and TCP socket appears established
[18:30:52] Total downtime: 6970 ms
[18:30:52] Metrics saved to /home/ivo/Documents/University/4to/Thesis-AAAAAAAa/Container-vs-Wasm-Service-Migration/Network-live-migration/metrics/migration_metrics.csv
[exit=0]

$ python3 /home/ivo/Documents/University/4to/Thesis-AAAAAAAa/Container-vs-Wasm-Service-Migration/Network-live-migration/scripts/setup/reset_nodes.py edge-node-1 edge-node-2 edge-host-1 10.22.132.250
[18:30:53] Resetting nodes: edge-node-1 -> edge-node-2 (server: edge-host-1, vip: 10.22.132.250)
[18:30:53] Step 1: Killing any existing processes on source...
[18:30:54]   Killing PID 1955573 (from /home/ubuntu/tcp_client.pid)
[18:30:54]   Killing PID 1955573 (from /home/ubuntu/client.pid)
[18:30:55]   Killing any remaining background processes...
[18:30:56] Step 2: Cleaning source node...
[18:30:58] Step 3: Cleaning destination node...
[18:30:58]   Killing PID 1955573 on destination (from /home/ubuntu/tcp_client.pid)
[18:30:59]   Killing PID 1955573 on destination (from /home/ubuntu/client.pid)
[18:30:59]   Killing all remaining TCP processes on destination...
[18:31:03] Step 4: Cleaning server node (edge-host-1)...
[18:31:03]   Killing PID 467633 on server (from /home/ubuntu/tcp_server.pid)
[18:31:05] ✓ Reset complete, nodes are clean
[18:31:05]   Next: Start your application
[exit=0]

$ bash /home/ivo/Documents/University/4to/Thesis-AAAAAAAa/Container-vs-Wasm-Service-Migration/Network-live-migration/scripts/workloads/start_tcp_server.sh edge-host-1 5000
[tcp-server] Transferring tcp-howto.c to edge-host-1...
[tcp-server] Compiling on edge-host-1...
[tcp-server] Starting on edge-host-1 (port 5000)...
[tcp-server] Waiting for listen...
✓ TCP server listening on edge-host-1:5000
[tcp-server] Logs: multipass exec edge-host-1 -- tail -f /home/ubuntu/tcp_server.out
[exit=0]

$ bash /home/ivo/Documents/University/4to/Thesis-AAAAAAAa/Container-vs-Wasm-Service-Migration/Network-live-migration/scripts/workloads/start_tcp_client.sh edge-node-1 edge-host-1 5000
[tcp-client] Server endpoint: 10.22.132.176:5000
[tcp-client] Client VIP: 10.22.132.250
[tcp-client] Transferring tcp-howto.c to edge-node-1...
[tcp-client] Compiling on edge-node-1...
[tcp-client] Ensuring VIP 10.22.132.250 is present on edge-node-1...
ARPING 10.22.132.250 from 10.22.132.250 ens3
Sent 3 probes (3 broadcast(s))
Received 0 response(s)
[tcp-client] Starting on edge-node-1...
[tcp-client] Waiting for established TCP connection...
✓ TCP client connected (PID: 1957589)
[tcp-client] Logs: multipass exec edge-node-1 -- tail -f /home/ubuntu/tcp_client.out
[exit=0]

$ python3 /home/ivo/Documents/University/4to/Thesis-AAAAAAAa/Container-vs-Wasm-Service-Migration/Network-live-migration/scripts/orchestrators/tcp_client_benchmark.py cold --source edge-node-1 --dest edge-node-2 --server edge-host-1 --transfer-mode host --run-id 22-04-2026-host-cold-0009 --csv /home/ivo/Documents/University/4to/Thesis-AAAAAAAa/Container-vs-Wasm-Service-Migration/Network-live-migration/metrics/migration_metrics.csv --profile-name 1_WiFi_6 --relay-node edge-host-1
[18:31:15] === TCP CLIENT MIGRATION ===
[18:31:15] Run ID: 22-04-2026-host-cold-0009
[18:31:15] Source: edge-node-1, Dest: edge-node-2
[18:31:15] Server: edge-host-1
[18:31:15] Transfer mode: host
[18:31:15] Relay node: edge-host-1

[18:31:15] === TCP CLIENT COLD MIGRATION ===
[18:31:15] Step 1: Checking source client process...
[18:31:15]   Using PID from /home/ubuntu/tcp_client.pid: 1957589
[18:31:16]   Server connections so far: 1
[18:31:17] Step 2: Dumping client with CRIU (--tcp-established)...
[18:31:17] Step 2.5: Moving VIP to destination...
[18:31:17]   Moving VIP 10.22.132.250 from edge-node-1:ens3 -> edge-node-2:ens3
[18:31:22] Step 3: Creating archive...
[18:31:23] Step 4: Transferring archive...
  Transferring /home/ubuntu/CRIU-tcp-client.tar.gz via relay node edge-host-1...
Setting up SSH trust: edge-node-1 → ubuntu@10.22.132.176
  Adding public key to destination's authorized_keys...
  Testing SSH connectivity...
  ✓ SSH trust ready
Setting up SSH trust: edge-host-1 → ubuntu@10.22.132.239
  Adding public key to destination's authorized_keys...
  Testing SSH connectivity...
  ✓ SSH trust ready
[18:31:29] Step 5: Unpacking on destination...
[18:31:29] Step 6: Preparing restore environment...
[18:31:30] Step 7: Restoring client with CRIU (--tcp-established)...
[18:31:31]   Restored PID: 1957589
[18:31:31] Step 8: Verifying connection continuity...
[18:31:34]   Client output (tail): PP 5 -> 5
[18:31:35]   Server connections so far: 1
[18:31:35] ✓ SUCCESS: Client restored and TCP socket appears established
[18:31:35] Total downtime: 6956 ms
[18:31:35] Metrics saved to /home/ivo/Documents/University/4to/Thesis-AAAAAAAa/Container-vs-Wasm-Service-Migration/Network-live-migration/metrics/migration_metrics.csv
[exit=0]

$ python3 /home/ivo/Documents/University/4to/Thesis-AAAAAAAa/Container-vs-Wasm-Service-Migration/Network-live-migration/scripts/setup/reset_nodes.py edge-node-1 edge-node-2 edge-host-1 10.22.132.250
[18:31:36] Resetting nodes: edge-node-1 -> edge-node-2 (server: edge-host-1, vip: 10.22.132.250)
[18:31:36] Step 1: Killing any existing processes on source...
[18:31:36]   Killing PID 1957589 (from /home/ubuntu/tcp_client.pid)
[18:31:37]   Killing PID 1957589 (from /home/ubuntu/client.pid)
[18:31:38]   Killing any remaining background processes...
[18:31:39] Step 2: Cleaning source node...
[18:31:41] Step 3: Cleaning destination node...
[18:31:41]   Killing PID 1957589 on destination (from /home/ubuntu/tcp_client.pid)
[18:31:42]   Killing PID 1957589 on destination (from /home/ubuntu/client.pid)
[18:31:42]   Killing all remaining TCP processes on destination...
[18:31:45] Step 4: Cleaning server node (edge-host-1)...
[18:31:46]   Killing PID 469280 on server (from /home/ubuntu/tcp_server.pid)
[18:31:48] ✓ Reset complete, nodes are clean
[18:31:48]   Next: Start your application
[exit=0]

$ bash /home/ivo/Documents/University/4to/Thesis-AAAAAAAa/Container-vs-Wasm-Service-Migration/Network-live-migration/scripts/workloads/start_tcp_server.sh edge-host-1 5000
[tcp-server] Transferring tcp-howto.c to edge-host-1...
[tcp-server] Compiling on edge-host-1...
[tcp-server] Starting on edge-host-1 (port 5000)...
[tcp-server] Waiting for listen...
✓ TCP server listening on edge-host-1:5000
[tcp-server] Logs: multipass exec edge-host-1 -- tail -f /home/ubuntu/tcp_server.out
[exit=0]

$ bash /home/ivo/Documents/University/4to/Thesis-AAAAAAAa/Container-vs-Wasm-Service-Migration/Network-live-migration/scripts/workloads/start_tcp_client.sh edge-node-1 edge-host-1 5000
[tcp-client] Server endpoint: 10.22.132.176:5000
[tcp-client] Client VIP: 10.22.132.250
[tcp-client] Transferring tcp-howto.c to edge-node-1...
[tcp-client] Compiling on edge-node-1...
[tcp-client] Ensuring VIP 10.22.132.250 is present on edge-node-1...
ARPING 10.22.132.250 from 10.22.132.250 ens3
Sent 3 probes (3 broadcast(s))
Received 0 response(s)
[tcp-client] Starting on edge-node-1...
[tcp-client] Waiting for established TCP connection...
✓ TCP client connected (PID: 1959613)
[tcp-client] Logs: multipass exec edge-node-1 -- tail -f /home/ubuntu/tcp_client.out
[exit=0]

$ python3 /home/ivo/Documents/University/4to/Thesis-AAAAAAAa/Container-vs-Wasm-Service-Migration/Network-live-migration/scripts/orchestrators/tcp_client_benchmark.py cold --source edge-node-1 --dest edge-node-2 --server edge-host-1 --transfer-mode host --run-id 22-04-2026-host-cold-0010 --csv /home/ivo/Documents/University/4to/Thesis-AAAAAAAa/Container-vs-Wasm-Service-Migration/Network-live-migration/metrics/migration_metrics.csv --profile-name 1_WiFi_6 --relay-node edge-host-1
[18:31:58] === TCP CLIENT MIGRATION ===
[18:31:58] Run ID: 22-04-2026-host-cold-0010
[18:31:58] Source: edge-node-1, Dest: edge-node-2
[18:31:58] Server: edge-host-1
[18:31:58] Transfer mode: host
[18:31:58] Relay node: edge-host-1

[18:31:58] === TCP CLIENT COLD MIGRATION ===
[18:31:58] Step 1: Checking source client process...
[18:31:58]   Using PID from /home/ubuntu/tcp_client.pid: 1959613
[18:31:59]   Server connections so far: 1
[18:32:00] Step 2: Dumping client with CRIU (--tcp-established)...
[18:32:00] Step 2.5: Moving VIP to destination...
[18:32:01]   Moving VIP 10.22.132.250 from edge-node-1:ens3 -> edge-node-2:ens3
[18:32:06] Step 3: Creating archive...
[18:32:06] Step 4: Transferring archive...
  Transferring /home/ubuntu/CRIU-tcp-client.tar.gz via relay node edge-host-1...
Setting up SSH trust: edge-node-1 → ubuntu@10.22.132.176
  Adding public key to destination's authorized_keys...
  Testing SSH connectivity...
  ✓ SSH trust ready
Setting up SSH trust: edge-host-1 → ubuntu@10.22.132.239
  Adding public key to destination's authorized_keys...
  Testing SSH connectivity...
  ✓ SSH trust ready
[18:32:13] Step 5: Unpacking on destination...
[18:32:13] Step 6: Preparing restore environment...
[18:32:14] Step 7: Restoring client with CRIU (--tcp-established)...
[18:32:14]   Restored PID: 1959613
[18:32:14] Step 8: Verifying connection continuity...
[18:32:17]   Client output (tail): PP 5 -> 5
[18:32:18]   Server connections so far: 1
[18:32:18] ✓ SUCCESS: Client restored and TCP socket appears established
[18:32:18] Total downtime: 6960 ms
[18:32:18] Metrics saved to /home/ivo/Documents/University/4to/Thesis-AAAAAAAa/Container-vs-Wasm-Service-Migration/Network-live-migration/metrics/migration_metrics.csv
[exit=0]

$ python3 /home/ivo/Documents/University/4to/Thesis-AAAAAAAa/Container-vs-Wasm-Service-Migration/Network-live-migration/scripts/setup/reset_nodes.py edge-node-1 edge-node-2 edge-host-1 10.22.132.250
[18:32:19] Resetting nodes: edge-node-1 -> edge-node-2 (server: edge-host-1, vip: 10.22.132.250)
[18:32:19] Step 1: Killing any existing processes on source...
[18:32:19]   Killing PID 1959613 (from /home/ubuntu/tcp_client.pid)
[18:32:20]   Killing PID 1959613 (from /home/ubuntu/client.pid)
[18:32:21]   Killing any remaining background processes...
[18:32:22] Step 2: Cleaning source node...
[18:32:24] Step 3: Cleaning destination node...
[18:32:24]   Killing PID 1959613 on destination (from /home/ubuntu/tcp_client.pid)
[18:32:25]   Killing PID 1959613 on destination (from /home/ubuntu/client.pid)
[18:32:25]   Killing all remaining TCP processes on destination...
[18:32:28] Step 4: Cleaning server node (edge-host-1)...
[18:32:29]   Killing PID 470923 on server (from /home/ubuntu/tcp_server.pid)
[18:32:31] ✓ Reset complete, nodes are clean
[18:32:31]   Next: Start your application
[exit=0]

$ bash /home/ivo/Documents/University/4to/Thesis-AAAAAAAa/Container-vs-Wasm-Service-Migration/Network-live-migration/scripts/workloads/start_tcp_server.sh edge-host-1 5000
[tcp-server] Transferring tcp-howto.c to edge-host-1...
[tcp-server] Compiling on edge-host-1...
[tcp-server] Starting on edge-host-1 (port 5000)...
[tcp-server] Waiting for listen...
✓ TCP server listening on edge-host-1:5000
[tcp-server] Logs: multipass exec edge-host-1 -- tail -f /home/ubuntu/tcp_server.out
[exit=0]

$ bash /home/ivo/Documents/University/4to/Thesis-AAAAAAAa/Container-vs-Wasm-Service-Migration/Network-live-migration/scripts/workloads/start_tcp_client.sh edge-node-1 edge-host-1 5000
[tcp-client] Server endpoint: 10.22.132.176:5000
[tcp-client] Client VIP: 10.22.132.250
[tcp-client] Transferring tcp-howto.c to edge-node-1...
[tcp-client] Compiling on edge-node-1...
[tcp-client] Ensuring VIP 10.22.132.250 is present on edge-node-1...
ARPING 10.22.132.250 from 10.22.132.250 ens3
Sent 3 probes (3 broadcast(s))
Received 0 response(s)
[tcp-client] Starting on edge-node-1...
[tcp-client] Waiting for established TCP connection...
✓ TCP client connected (PID: 1961638)
[tcp-client] Logs: multipass exec edge-node-1 -- tail -f /home/ubuntu/tcp_client.out
[exit=0]

$ python3 /home/ivo/Documents/University/4to/Thesis-AAAAAAAa/Container-vs-Wasm-Service-Migration/Network-live-migration/scripts/orchestrators/tcp_client_benchmark.py cold --source edge-node-1 --dest edge-node-2 --server edge-host-1 --transfer-mode host --run-id 22-04-2026-host-cold-0011 --csv /home/ivo/Documents/University/4to/Thesis-AAAAAAAa/Container-vs-Wasm-Service-Migration/Network-live-migration/metrics/migration_metrics.csv --profile-name 1_WiFi_6 --relay-node edge-host-1
[18:32:41] === TCP CLIENT MIGRATION ===
[18:32:41] Run ID: 22-04-2026-host-cold-0011
[18:32:41] Source: edge-node-1, Dest: edge-node-2
[18:32:41] Server: edge-host-1
[18:32:41] Transfer mode: host
[18:32:41] Relay node: edge-host-1

[18:32:41] === TCP CLIENT COLD MIGRATION ===
[18:32:41] Step 1: Checking source client process...
[18:32:42]   Using PID from /home/ubuntu/tcp_client.pid: 1961638
[18:32:42]   Server connections so far: 1
[18:32:43] Step 2: Dumping client with CRIU (--tcp-established)...
[18:32:43] Step 2.5: Moving VIP to destination...
[18:32:44]   Moving VIP 10.22.132.250 from edge-node-1:ens3 -> edge-node-2:ens3
[18:32:49] Step 3: Creating archive...
[18:32:50] Step 4: Transferring archive...
  Transferring /home/ubuntu/CRIU-tcp-client.tar.gz via relay node edge-host-1...
Setting up SSH trust: edge-node-1 → ubuntu@10.22.132.176
  Adding public key to destination's authorized_keys...
  Testing SSH connectivity...
  ✓ SSH trust ready
Setting up SSH trust: edge-host-1 → ubuntu@10.22.132.239
  Adding public key to destination's authorized_keys...
  Testing SSH connectivity...
  ✓ SSH trust ready
[18:32:56] Step 5: Unpacking on destination...
[18:32:56] Step 6: Preparing restore environment...
[18:32:57] Step 7: Restoring client with CRIU (--tcp-established)...
[18:32:57]   Restored PID: 1961638
[18:32:57] Step 8: Verifying connection continuity...
[18:33:01]   Client output (tail): PP 5 -> 5
[18:33:01]   Server connections so far: 1
[18:33:01] ✓ SUCCESS: Client restored and TCP socket appears established
[18:33:01] Total downtime: 6942 ms
[18:33:01] Metrics saved to /home/ivo/Documents/University/4to/Thesis-AAAAAAAa/Container-vs-Wasm-Service-Migration/Network-live-migration/metrics/migration_metrics.csv
[exit=0]

$ python3 /home/ivo/Documents/University/4to/Thesis-AAAAAAAa/Container-vs-Wasm-Service-Migration/Network-live-migration/scripts/setup/reset_nodes.py edge-node-1 edge-node-2 edge-host-1 10.22.132.250
[18:33:02] Resetting nodes: edge-node-1 -> edge-node-2 (server: edge-host-1, vip: 10.22.132.250)
[18:33:02] Step 1: Killing any existing processes on source...
[18:33:03]   Killing PID 1961638 (from /home/ubuntu/tcp_client.pid)
[18:33:03]   Killing PID 1961638 (from /home/ubuntu/client.pid)
[18:33:04]   Killing any remaining background processes...
[18:33:05] Step 2: Cleaning source node...
[18:33:07] Step 3: Cleaning destination node...
[18:33:07]   Killing PID 1961638 on destination (from /home/ubuntu/tcp_client.pid)
[18:33:08]   Killing PID 1961638 on destination (from /home/ubuntu/client.pid)
[18:33:08]   Killing all remaining TCP processes on destination...
[18:33:12] Step 4: Cleaning server node (edge-host-1)...
[18:33:12]   Killing PID 472565 on server (from /home/ubuntu/tcp_server.pid)
[18:33:14] ✓ Reset complete, nodes are clean
[18:33:14]   Next: Start your application
[exit=0]

$ bash /home/ivo/Documents/University/4to/Thesis-AAAAAAAa/Container-vs-Wasm-Service-Migration/Network-live-migration/scripts/workloads/start_tcp_server.sh edge-host-1 5000
[tcp-server] Transferring tcp-howto.c to edge-host-1...
[tcp-server] Compiling on edge-host-1...
[tcp-server] Starting on edge-host-1 (port 5000)...
[tcp-server] Waiting for listen...
✓ TCP server listening on edge-host-1:5000
[tcp-server] Logs: multipass exec edge-host-1 -- tail -f /home/ubuntu/tcp_server.out
[exit=0]

$ bash /home/ivo/Documents/University/4to/Thesis-AAAAAAAa/Container-vs-Wasm-Service-Migration/Network-live-migration/scripts/workloads/start_tcp_client.sh edge-node-1 edge-host-1 5000
[tcp-client] Server endpoint: 10.22.132.176:5000
[tcp-client] Client VIP: 10.22.132.250
[tcp-client] Transferring tcp-howto.c to edge-node-1...
[tcp-client] Compiling on edge-node-1...
[tcp-client] Ensuring VIP 10.22.132.250 is present on edge-node-1...
ARPING 10.22.132.250 from 10.22.132.250 ens3
Sent 3 probes (3 broadcast(s))
Received 0 response(s)
[tcp-client] Starting on edge-node-1...
[tcp-client] Waiting for established TCP connection...
✓ TCP client connected (PID: 1963662)
[tcp-client] Logs: multipass exec edge-node-1 -- tail -f /home/ubuntu/tcp_client.out
[exit=0]

$ python3 /home/ivo/Documents/University/4to/Thesis-AAAAAAAa/Container-vs-Wasm-Service-Migration/Network-live-migration/scripts/orchestrators/tcp_client_benchmark.py cold --source edge-node-1 --dest edge-node-2 --server edge-host-1 --transfer-mode host --run-id 22-04-2026-host-cold-0012 --csv /home/ivo/Documents/University/4to/Thesis-AAAAAAAa/Container-vs-Wasm-Service-Migration/Network-live-migration/metrics/migration_metrics.csv --profile-name 1_WiFi_6 --relay-node edge-host-1
[18:33:24] === TCP CLIENT MIGRATION ===
[18:33:24] Run ID: 22-04-2026-host-cold-0012
[18:33:24] Source: edge-node-1, Dest: edge-node-2
[18:33:24] Server: edge-host-1
[18:33:24] Transfer mode: host
[18:33:24] Relay node: edge-host-1

[18:33:24] === TCP CLIENT COLD MIGRATION ===
[18:33:24] Step 1: Checking source client process...
[18:33:24]   Using PID from /home/ubuntu/tcp_client.pid: 1963662
[18:33:25]   Server connections so far: 1
[18:33:26] Step 2: Dumping client with CRIU (--tcp-established)...
[18:33:26] Step 2.5: Moving VIP to destination...
[18:33:26]   Moving VIP 10.22.132.250 from edge-node-1:ens3 -> edge-node-2:ens3
[18:33:31] Step 3: Creating archive...
[18:33:32] Step 4: Transferring archive...
  Transferring /home/ubuntu/CRIU-tcp-client.tar.gz via relay node edge-host-1...
Setting up SSH trust: edge-node-1 → ubuntu@10.22.132.176
  Adding public key to destination's authorized_keys...
  Testing SSH connectivity...
  ✓ SSH trust ready
Setting up SSH trust: edge-host-1 → ubuntu@10.22.132.239
  Adding public key to destination's authorized_keys...
  Testing SSH connectivity...
  ✓ SSH trust ready
[18:33:38] Step 5: Unpacking on destination...
[18:33:38] Step 6: Preparing restore environment...
[18:33:39] Step 7: Restoring client with CRIU (--tcp-established)...
[18:33:40]   Restored PID: 1963662
[18:33:40] Step 8: Verifying connection continuity...
[18:33:43]   Client output (tail): PP 5 -> 5
[18:33:44]   Server connections so far: 1
[18:33:44] ✓ SUCCESS: Client restored and TCP socket appears established
[18:33:44] Total downtime: 6958 ms
[18:33:44] Metrics saved to /home/ivo/Documents/University/4to/Thesis-AAAAAAAa/Container-vs-Wasm-Service-Migration/Network-live-migration/metrics/migration_metrics.csv
[exit=0]

$ python3 /home/ivo/Documents/University/4to/Thesis-AAAAAAAa/Container-vs-Wasm-Service-Migration/Network-live-migration/scripts/setup/reset_nodes.py edge-node-1 edge-node-2 edge-host-1 10.22.132.250
[18:33:45] Resetting nodes: edge-node-1 -> edge-node-2 (server: edge-host-1, vip: 10.22.132.250)
[18:33:45] Step 1: Killing any existing processes on source...
[18:33:45]   Killing PID 1963662 (from /home/ubuntu/tcp_client.pid)
[18:33:46]   Killing PID 1963662 (from /home/ubuntu/client.pid)
[18:33:47]   Killing any remaining background processes...
[18:33:48] Step 2: Cleaning source node...
[18:33:50] Step 3: Cleaning destination node...
[18:33:50]   Killing PID 1963662 on destination (from /home/ubuntu/tcp_client.pid)
[18:33:51]   Killing PID 1963662 on destination (from /home/ubuntu/client.pid)
[18:33:51]   Killing all remaining TCP processes on destination...
[18:33:54] Step 4: Cleaning server node (edge-host-1)...
[18:33:55]   Killing PID 474210 on server (from /home/ubuntu/tcp_server.pid)
[18:33:57] ✓ Reset complete, nodes are clean
[18:33:57]   Next: Start your application
[exit=0]

$ bash /home/ivo/Documents/University/4to/Thesis-AAAAAAAa/Container-vs-Wasm-Service-Migration/Network-live-migration/scripts/workloads/start_tcp_server.sh edge-host-1 5000
[tcp-server] Transferring tcp-howto.c to edge-host-1...
[tcp-server] Compiling on edge-host-1...
[tcp-server] Starting on edge-host-1 (port 5000)...
[tcp-server] Waiting for listen...
✓ TCP server listening on edge-host-1:5000
[tcp-server] Logs: multipass exec edge-host-1 -- tail -f /home/ubuntu/tcp_server.out
[exit=0]

$ bash /home/ivo/Documents/University/4to/Thesis-AAAAAAAa/Container-vs-Wasm-Service-Migration/Network-live-migration/scripts/workloads/start_tcp_client.sh edge-node-1 edge-host-1 5000
[tcp-client] Server endpoint: 10.22.132.176:5000
[tcp-client] Client VIP: 10.22.132.250
[tcp-client] Transferring tcp-howto.c to edge-node-1...
[tcp-client] Compiling on edge-node-1...
[tcp-client] Ensuring VIP 10.22.132.250 is present on edge-node-1...
ARPING 10.22.132.250 from 10.22.132.250 ens3
Sent 3 probes (3 broadcast(s))
Received 0 response(s)
[tcp-client] Starting on edge-node-1...
[tcp-client] Waiting for established TCP connection...
✓ TCP client connected (PID: 1965689)
[tcp-client] Logs: multipass exec edge-node-1 -- tail -f /home/ubuntu/tcp_client.out
[exit=0]

$ python3 /home/ivo/Documents/University/4to/Thesis-AAAAAAAa/Container-vs-Wasm-Service-Migration/Network-live-migration/scripts/orchestrators/tcp_client_benchmark.py cold --source edge-node-1 --dest edge-node-2 --server edge-host-1 --transfer-mode host --run-id 22-04-2026-host-cold-0013 --csv /home/ivo/Documents/University/4to/Thesis-AAAAAAAa/Container-vs-Wasm-Service-Migration/Network-live-migration/metrics/migration_metrics.csv --profile-name 1_WiFi_6 --relay-node edge-host-1
[18:34:07] === TCP CLIENT MIGRATION ===
[18:34:07] Run ID: 22-04-2026-host-cold-0013
[18:34:07] Source: edge-node-1, Dest: edge-node-2
[18:34:07] Server: edge-host-1
[18:34:07] Transfer mode: host
[18:34:07] Relay node: edge-host-1

[18:34:07] === TCP CLIENT COLD MIGRATION ===
[18:34:07] Step 1: Checking source client process...
[18:34:07]   Using PID from /home/ubuntu/tcp_client.pid: 1965689
[18:34:08]   Server connections so far: 1
[18:34:09] Step 2: Dumping client with CRIU (--tcp-established)...
[18:34:09] Step 2.5: Moving VIP to destination...
[18:34:09]   Moving VIP 10.22.132.250 from edge-node-1:ens3 -> edge-node-2:ens3
[18:34:14] Step 3: Creating archive...
[18:34:15] Step 4: Transferring archive...
  Transferring /home/ubuntu/CRIU-tcp-client.tar.gz via relay node edge-host-1...
Setting up SSH trust: edge-node-1 → ubuntu@10.22.132.176
  Adding public key to destination's authorized_keys...
  Testing SSH connectivity...
  ✓ SSH trust ready
Setting up SSH trust: edge-host-1 → ubuntu@10.22.132.239
  Adding public key to destination's authorized_keys...
  Testing SSH connectivity...
  ✓ SSH trust ready
[18:34:21] Step 5: Unpacking on destination...
[18:34:21] Step 6: Preparing restore environment...
[18:34:22] Step 7: Restoring client with CRIU (--tcp-established)...
[18:34:22]   Restored PID: 1965689
[18:34:22] Step 8: Verifying connection continuity...
[18:34:26]   Client output (tail): PP 5 -> 5
[18:34:26]   Server connections so far: 1
[18:34:26] ✓ SUCCESS: Client restored and TCP socket appears established
[18:34:26] Total downtime: 6893 ms
[18:34:26] Metrics saved to /home/ivo/Documents/University/4to/Thesis-AAAAAAAa/Container-vs-Wasm-Service-Migration/Network-live-migration/metrics/migration_metrics.csv
[exit=0]

$ python3 /home/ivo/Documents/University/4to/Thesis-AAAAAAAa/Container-vs-Wasm-Service-Migration/Network-live-migration/scripts/setup/reset_nodes.py edge-node-1 edge-node-2 edge-host-1 10.22.132.250
[18:34:27] Resetting nodes: edge-node-1 -> edge-node-2 (server: edge-host-1, vip: 10.22.132.250)
[18:34:27] Step 1: Killing any existing processes on source...
[18:34:28]   Killing PID 1965689 (from /home/ubuntu/tcp_client.pid)
[18:34:28]   Killing PID 1965689 (from /home/ubuntu/client.pid)
[18:34:29]   Killing any remaining background processes...
[18:34:30] Step 2: Cleaning source node...
[18:34:32] Step 3: Cleaning destination node...
[18:34:33]   Killing PID 1965689 on destination (from /home/ubuntu/tcp_client.pid)
[18:34:33]   Killing PID 1965689 on destination (from /home/ubuntu/client.pid)
[18:34:34]   Killing all remaining TCP processes on destination...
[18:34:37] Step 4: Cleaning server node (edge-host-1)...
[18:34:37]   Killing PID 475855 on server (from /home/ubuntu/tcp_server.pid)
[18:34:39] ✓ Reset complete, nodes are clean
[18:34:39]   Next: Start your application
[exit=0]

$ bash /home/ivo/Documents/University/4to/Thesis-AAAAAAAa/Container-vs-Wasm-Service-Migration/Network-live-migration/scripts/workloads/start_tcp_server.sh edge-host-1 5000
[tcp-server] Transferring tcp-howto.c to edge-host-1...
[tcp-server] Compiling on edge-host-1...
[tcp-server] Starting on edge-host-1 (port 5000)...
[tcp-server] Waiting for listen...
✓ TCP server listening on edge-host-1:5000
[tcp-server] Logs: multipass exec edge-host-1 -- tail -f /home/ubuntu/tcp_server.out
[exit=0]

$ bash /home/ivo/Documents/University/4to/Thesis-AAAAAAAa/Container-vs-Wasm-Service-Migration/Network-live-migration/scripts/workloads/start_tcp_client.sh edge-node-1 edge-host-1 5000
[tcp-client] Server endpoint: 10.22.132.176:5000
[tcp-client] Client VIP: 10.22.132.250
[tcp-client] Transferring tcp-howto.c to edge-node-1...
[tcp-client] Compiling on edge-node-1...
[tcp-client] Ensuring VIP 10.22.132.250 is present on edge-node-1...
ARPING 10.22.132.250 from 10.22.132.250 ens3
Sent 3 probes (3 broadcast(s))
Received 0 response(s)
[tcp-client] Starting on edge-node-1...
[tcp-client] Waiting for established TCP connection...
✓ TCP client connected (PID: 1967713)
[tcp-client] Logs: multipass exec edge-node-1 -- tail -f /home/ubuntu/tcp_client.out
[exit=0]

$ python3 /home/ivo/Documents/University/4to/Thesis-AAAAAAAa/Container-vs-Wasm-Service-Migration/Network-live-migration/scripts/orchestrators/tcp_client_benchmark.py cold --source edge-node-1 --dest edge-node-2 --server edge-host-1 --transfer-mode host --run-id 22-04-2026-host-cold-0014 --csv /home/ivo/Documents/University/4to/Thesis-AAAAAAAa/Container-vs-Wasm-Service-Migration/Network-live-migration/metrics/migration_metrics.csv --profile-name 1_WiFi_6 --relay-node edge-host-1
[18:34:49] === TCP CLIENT MIGRATION ===
[18:34:49] Run ID: 22-04-2026-host-cold-0014
[18:34:49] Source: edge-node-1, Dest: edge-node-2
[18:34:49] Server: edge-host-1
[18:34:49] Transfer mode: host
[18:34:49] Relay node: edge-host-1

[18:34:49] === TCP CLIENT COLD MIGRATION ===
[18:34:49] Step 1: Checking source client process...
[18:34:50]   Using PID from /home/ubuntu/tcp_client.pid: 1967713
[18:34:51]   Server connections so far: 1
[18:34:51] Step 2: Dumping client with CRIU (--tcp-established)...
[18:34:52] Step 2.5: Moving VIP to destination...
[18:34:52]   Moving VIP 10.22.132.250 from edge-node-1:ens3 -> edge-node-2:ens3
[18:34:57] Step 3: Creating archive...
[18:34:58] Step 4: Transferring archive...
  Transferring /home/ubuntu/CRIU-tcp-client.tar.gz via relay node edge-host-1...
Setting up SSH trust: edge-node-1 → ubuntu@10.22.132.176
  Adding public key to destination's authorized_keys...
  Testing SSH connectivity...
  ✓ SSH trust ready
Setting up SSH trust: edge-host-1 → ubuntu@10.22.132.239
  Adding public key to destination's authorized_keys...
  Testing SSH connectivity...
  ✓ SSH trust ready
[18:35:04] Step 5: Unpacking on destination...
[18:35:05] Step 6: Preparing restore environment...
[18:35:05] Step 7: Restoring client with CRIU (--tcp-established)...
[18:35:06]   Restored PID: 1967713
[18:35:06] Step 8: Verifying connection continuity...
[18:35:09]   Client output (tail): PP 5 -> 5
[18:35:10]   Server connections so far: 1
[18:35:10] ✓ SUCCESS: Client restored and TCP socket appears established
[18:35:10] Total downtime: 6962 ms
[18:35:10] Metrics saved to /home/ivo/Documents/University/4to/Thesis-AAAAAAAa/Container-vs-Wasm-Service-Migration/Network-live-migration/metrics/migration_metrics.csv
[exit=0]

$ python3 /home/ivo/Documents/University/4to/Thesis-AAAAAAAa/Container-vs-Wasm-Service-Migration/Network-live-migration/scripts/setup/reset_nodes.py edge-node-1 edge-node-2 edge-host-1 10.22.132.250
[18:35:11] Resetting nodes: edge-node-1 -> edge-node-2 (server: edge-host-1, vip: 10.22.132.250)
[18:35:11] Step 1: Killing any existing processes on source...
[18:35:11]   Killing PID 1967713 (from /home/ubuntu/tcp_client.pid)
[18:35:12]   Killing PID 1967713 (from /home/ubuntu/client.pid)
[18:35:12]   Killing any remaining background processes...
[18:35:14] Step 2: Cleaning source node...
[18:35:15] Step 3: Cleaning destination node...
[18:35:16]   Killing PID 1967713 on destination (from /home/ubuntu/tcp_client.pid)
[18:35:16]   Killing PID 1967713 on destination (from /home/ubuntu/client.pid)
[18:35:17]   Killing all remaining TCP processes on destination...
[18:35:20] Step 4: Cleaning server node (edge-host-1)...
[18:35:20]   Killing PID 477489 on server (from /home/ubuntu/tcp_server.pid)
[18:35:22] ✓ Reset complete, nodes are clean
[18:35:22]   Next: Start your application
[exit=0]

$ bash /home/ivo/Documents/University/4to/Thesis-AAAAAAAa/Container-vs-Wasm-Service-Migration/Network-live-migration/scripts/workloads/start_tcp_server.sh edge-host-1 5000
[tcp-server] Transferring tcp-howto.c to edge-host-1...
[tcp-server] Compiling on edge-host-1...
[tcp-server] Starting on edge-host-1 (port 5000)...
[tcp-server] Waiting for listen...
✓ TCP server listening on edge-host-1:5000
[tcp-server] Logs: multipass exec edge-host-1 -- tail -f /home/ubuntu/tcp_server.out
[exit=0]

$ bash /home/ivo/Documents/University/4to/Thesis-AAAAAAAa/Container-vs-Wasm-Service-Migration/Network-live-migration/scripts/workloads/start_tcp_client.sh edge-node-1 edge-host-1 5000
[tcp-client] Server endpoint: 10.22.132.176:5000
[tcp-client] Client VIP: 10.22.132.250
[tcp-client] Transferring tcp-howto.c to edge-node-1...
[tcp-client] Compiling on edge-node-1...
[tcp-client] Ensuring VIP 10.22.132.250 is present on edge-node-1...
ARPING 10.22.132.250 from 10.22.132.250 ens3
Sent 3 probes (3 broadcast(s))
Received 0 response(s)
[tcp-client] Starting on edge-node-1...
[tcp-client] Waiting for established TCP connection...
✓ TCP client connected (PID: 1969732)
[tcp-client] Logs: multipass exec edge-node-1 -- tail -f /home/ubuntu/tcp_client.out
[exit=0]

$ python3 /home/ivo/Documents/University/4to/Thesis-AAAAAAAa/Container-vs-Wasm-Service-Migration/Network-live-migration/scripts/orchestrators/tcp_client_benchmark.py cold --source edge-node-1 --dest edge-node-2 --server edge-host-1 --transfer-mode host --run-id 22-04-2026-host-cold-0015 --csv /home/ivo/Documents/University/4to/Thesis-AAAAAAAa/Container-vs-Wasm-Service-Migration/Network-live-migration/metrics/migration_metrics.csv --profile-name 1_WiFi_6 --relay-node edge-host-1
[18:35:32] === TCP CLIENT MIGRATION ===
[18:35:32] Run ID: 22-04-2026-host-cold-0015
[18:35:32] Source: edge-node-1, Dest: edge-node-2
[18:35:32] Server: edge-host-1
[18:35:32] Transfer mode: host
[18:35:32] Relay node: edge-host-1

[18:35:32] === TCP CLIENT COLD MIGRATION ===
[18:35:32] Step 1: Checking source client process...
[18:35:32]   Using PID from /home/ubuntu/tcp_client.pid: 1969732
[18:35:33]   Server connections so far: 1
[18:35:34] Step 2: Dumping client with CRIU (--tcp-established)...
[18:35:34] Step 2.5: Moving VIP to destination...
[18:35:35]   Moving VIP 10.22.132.250 from edge-node-1:ens3 -> edge-node-2:ens3
[18:35:40] Step 3: Creating archive...
[18:35:40] Step 4: Transferring archive...
  Transferring /home/ubuntu/CRIU-tcp-client.tar.gz via relay node edge-host-1...
Setting up SSH trust: edge-node-1 → ubuntu@10.22.132.176
  Adding public key to destination's authorized_keys...
  Testing SSH connectivity...
  ✓ SSH trust ready
Setting up SSH trust: edge-host-1 → ubuntu@10.22.132.239
  Adding public key to destination's authorized_keys...
  Testing SSH connectivity...
  ✓ SSH trust ready
[18:35:46] Step 5: Unpacking on destination...
[18:35:47] Step 6: Preparing restore environment...
[18:35:47] Step 7: Restoring client with CRIU (--tcp-established)...
[18:35:48]   Restored PID: 1969732
[18:35:48] Step 8: Verifying connection continuity...
[18:35:52]   Client output (tail): PP 5 -> 5
[18:35:52]   Server connections so far: 1
[18:35:52] ✓ SUCCESS: Client restored and TCP socket appears established
[18:35:52] Total downtime: 6929 ms
[18:35:52] Metrics saved to /home/ivo/Documents/University/4to/Thesis-AAAAAAAa/Container-vs-Wasm-Service-Migration/Network-live-migration/metrics/migration_metrics.csv
[exit=0]

$ python3 /home/ivo/Documents/University/4to/Thesis-AAAAAAAa/Container-vs-Wasm-Service-Migration/Network-live-migration/scripts/setup/reset_nodes.py edge-node-1 edge-node-2 edge-host-1 10.22.132.250
[18:35:53] Resetting nodes: edge-node-1 -> edge-node-2 (server: edge-host-1, vip: 10.22.132.250)
[18:35:53] Step 1: Killing any existing processes on source...
[18:35:54]   Killing PID 1969732 (from /home/ubuntu/tcp_client.pid)
[18:35:54]   Killing PID 1969732 (from /home/ubuntu/client.pid)
[18:35:55]   Killing any remaining background processes...
[18:35:56] Step 2: Cleaning source node...
[18:35:58] Step 3: Cleaning destination node...
[18:35:58]   Killing PID 1969732 on destination (from /home/ubuntu/tcp_client.pid)
[18:35:59]   Killing PID 1969732 on destination (from /home/ubuntu/client.pid)
[18:36:00]   Killing all remaining TCP processes on destination...
[18:36:03] Step 4: Cleaning server node (edge-host-1)...
[18:36:03]   Killing PID 479136 on server (from /home/ubuntu/tcp_server.pid)
[18:36:05] ✓ Reset complete, nodes are clean
[18:36:05]   Next: Start your application
[exit=0]

$ bash /home/ivo/Documents/University/4to/Thesis-AAAAAAAa/Container-vs-Wasm-Service-Migration/Network-live-migration/scripts/workloads/start_tcp_server.sh edge-host-1 5000
[tcp-server] Transferring tcp-howto.c to edge-host-1...
[tcp-server] Compiling on edge-host-1...
[tcp-server] Starting on edge-host-1 (port 5000)...
[tcp-server] Waiting for listen...
✓ TCP server listening on edge-host-1:5000
[tcp-server] Logs: multipass exec edge-host-1 -- tail -f /home/ubuntu/tcp_server.out
[exit=0]

$ bash /home/ivo/Documents/University/4to/Thesis-AAAAAAAa/Container-vs-Wasm-Service-Migration/Network-live-migration/scripts/workloads/start_tcp_client.sh edge-node-1 edge-host-1 5000
[tcp-client] Server endpoint: 10.22.132.176:5000
[tcp-client] Client VIP: 10.22.132.250
[tcp-client] Transferring tcp-howto.c to edge-node-1...
[tcp-client] Compiling on edge-node-1...
[tcp-client] Ensuring VIP 10.22.132.250 is present on edge-node-1...
ARPING 10.22.132.250 from 10.22.132.250 ens3
Sent 3 probes (3 broadcast(s))
Received 0 response(s)
[tcp-client] Starting on edge-node-1...
[tcp-client] Waiting for established TCP connection...
✓ TCP client connected (PID: 1971756)
[tcp-client] Logs: multipass exec edge-node-1 -- tail -f /home/ubuntu/tcp_client.out
[exit=0]

$ python3 /home/ivo/Documents/University/4to/Thesis-AAAAAAAa/Container-vs-Wasm-Service-Migration/Network-live-migration/scripts/orchestrators/tcp_client_benchmark.py cold --source edge-node-1 --dest edge-node-2 --server edge-host-1 --transfer-mode host --run-id 22-04-2026-host-cold-0016 --csv /home/ivo/Documents/University/4to/Thesis-AAAAAAAa/Container-vs-Wasm-Service-Migration/Network-live-migration/metrics/migration_metrics.csv --profile-name 1_WiFi_6 --relay-node edge-host-1
[18:36:15] === TCP CLIENT MIGRATION ===
[18:36:15] Run ID: 22-04-2026-host-cold-0016
[18:36:15] Source: edge-node-1, Dest: edge-node-2
[18:36:15] Server: edge-host-1
[18:36:15] Transfer mode: host
[18:36:15] Relay node: edge-host-1

[18:36:15] === TCP CLIENT COLD MIGRATION ===
[18:36:15] Step 1: Checking source client process...
[18:36:15]   Using PID from /home/ubuntu/tcp_client.pid: 1971756
[18:36:16]   Server connections so far: 1
[18:36:17] Step 2: Dumping client with CRIU (--tcp-established)...
[18:36:17] Step 2.5: Moving VIP to destination...
[18:36:18]   Moving VIP 10.22.132.250 from edge-node-1:ens3 -> edge-node-2:ens3
[18:36:23] Step 3: Creating archive...
[18:36:23] Step 4: Transferring archive...
  Transferring /home/ubuntu/CRIU-tcp-client.tar.gz via relay node edge-host-1...
Setting up SSH trust: edge-node-1 → ubuntu@10.22.132.176
  Adding public key to destination's authorized_keys...
  Testing SSH connectivity...
  ✓ SSH trust ready
Setting up SSH trust: edge-host-1 → ubuntu@10.22.132.239
  Adding public key to destination's authorized_keys...
  Testing SSH connectivity...
  ✓ SSH trust ready
[18:36:29] Step 5: Unpacking on destination...
[18:36:30] Step 6: Preparing restore environment...
[18:36:30] Step 7: Restoring client with CRIU (--tcp-established)...
[18:36:31]   Restored PID: 1971756
[18:36:31] Step 8: Verifying connection continuity...
[18:36:34]   Client output (tail): PP 5 -> 5
[18:36:35]   Server connections so far: 1
[18:36:35] ✓ SUCCESS: Client restored and TCP socket appears established
[18:36:35] Total downtime: 6932 ms
[18:36:35] Metrics saved to /home/ivo/Documents/University/4to/Thesis-AAAAAAAa/Container-vs-Wasm-Service-Migration/Network-live-migration/metrics/migration_metrics.csv
[exit=0]

$ python3 /home/ivo/Documents/University/4to/Thesis-AAAAAAAa/Container-vs-Wasm-Service-Migration/Network-live-migration/scripts/setup/reset_nodes.py edge-node-1 edge-node-2 edge-host-1 10.22.132.250
[18:36:36] Resetting nodes: edge-node-1 -> edge-node-2 (server: edge-host-1, vip: 10.22.132.250)
[18:36:36] Step 1: Killing any existing processes on source...
[18:36:36]   Killing PID 1971756 (from /home/ubuntu/tcp_client.pid)
[18:36:37]   Killing PID 1971756 (from /home/ubuntu/client.pid)
[18:36:37]   Killing any remaining background processes...
[18:36:39] Step 2: Cleaning source node...
[18:36:40] Step 3: Cleaning destination node...
[18:36:41]   Killing PID 1971756 on destination (from /home/ubuntu/tcp_client.pid)
[18:36:41]   Killing PID 1971756 on destination (from /home/ubuntu/client.pid)
[18:36:42]   Killing all remaining TCP processes on destination...
[18:36:45] Step 4: Cleaning server node (edge-host-1)...
[18:36:45]   Killing PID 480788 on server (from /home/ubuntu/tcp_server.pid)
[18:36:48] ✓ Reset complete, nodes are clean
[18:36:48]   Next: Start your application
[exit=0]

$ bash /home/ivo/Documents/University/4to/Thesis-AAAAAAAa/Container-vs-Wasm-Service-Migration/Network-live-migration/scripts/workloads/start_tcp_server.sh edge-host-1 5000
[tcp-server] Transferring tcp-howto.c to edge-host-1...
[tcp-server] Compiling on edge-host-1...
[tcp-server] Starting on edge-host-1 (port 5000)...
[tcp-server] Waiting for listen...
✓ TCP server listening on edge-host-1:5000
[tcp-server] Logs: multipass exec edge-host-1 -- tail -f /home/ubuntu/tcp_server.out
[exit=0]

$ bash /home/ivo/Documents/University/4to/Thesis-AAAAAAAa/Container-vs-Wasm-Service-Migration/Network-live-migration/scripts/workloads/start_tcp_client.sh edge-node-1 edge-host-1 5000
[tcp-client] Server endpoint: 10.22.132.176:5000
[tcp-client] Client VIP: 10.22.132.250
[tcp-client] Transferring tcp-howto.c to edge-node-1...
[tcp-client] Compiling on edge-node-1...
[tcp-client] Ensuring VIP 10.22.132.250 is present on edge-node-1...
ARPING 10.22.132.250 from 10.22.132.250 ens3
Sent 3 probes (3 broadcast(s))
Received 0 response(s)
[tcp-client] Starting on edge-node-1...
[tcp-client] Waiting for established TCP connection...
✓ TCP client connected (PID: 1973803)
[tcp-client] Logs: multipass exec edge-node-1 -- tail -f /home/ubuntu/tcp_client.out
[exit=0]

$ python3 /home/ivo/Documents/University/4to/Thesis-AAAAAAAa/Container-vs-Wasm-Service-Migration/Network-live-migration/scripts/orchestrators/tcp_client_benchmark.py cold --source edge-node-1 --dest edge-node-2 --server edge-host-1 --transfer-mode host --run-id 22-04-2026-host-cold-0017 --csv /home/ivo/Documents/University/4to/Thesis-AAAAAAAa/Container-vs-Wasm-Service-Migration/Network-live-migration/metrics/migration_metrics.csv --profile-name 1_WiFi_6 --relay-node edge-host-1
[18:36:58] === TCP CLIENT MIGRATION ===
[18:36:58] Run ID: 22-04-2026-host-cold-0017
[18:36:58] Source: edge-node-1, Dest: edge-node-2
[18:36:58] Server: edge-host-1
[18:36:58] Transfer mode: host
[18:36:58] Relay node: edge-host-1

[18:36:58] === TCP CLIENT COLD MIGRATION ===
[18:36:58] Step 1: Checking source client process...
[18:36:58]   Using PID from /home/ubuntu/tcp_client.pid: 1973803
[18:36:59]   Server connections so far: 1
[18:36:59] Step 2: Dumping client with CRIU (--tcp-established)...
[18:37:00] Step 2.5: Moving VIP to destination...
[18:37:00]   Moving VIP 10.22.132.250 from edge-node-1:ens3 -> edge-node-2:ens3
[18:37:05] Step 3: Creating archive...
[18:37:06] Step 4: Transferring archive...
  Transferring /home/ubuntu/CRIU-tcp-client.tar.gz via relay node edge-host-1...
Setting up SSH trust: edge-node-1 → ubuntu@10.22.132.176
  Adding public key to destination's authorized_keys...
  Testing SSH connectivity...
  ✓ SSH trust ready
Setting up SSH trust: edge-host-1 → ubuntu@10.22.132.239
  Adding public key to destination's authorized_keys...
  Testing SSH connectivity...
  ✓ SSH trust ready
[18:37:12] Step 5: Unpacking on destination...
[18:37:13] Step 6: Preparing restore environment...
[18:37:13] Step 7: Restoring client with CRIU (--tcp-established)...
[18:37:14]   Restored PID: 1973803
[18:37:14] Step 8: Verifying connection continuity...
[18:37:17]   Client output (tail): PP 5 -> 5
[18:37:18]   Server connections so far: 1
[18:37:18] ✓ SUCCESS: Client restored and TCP socket appears established
[18:37:18] Total downtime: 7214 ms
[18:37:18] Metrics saved to /home/ivo/Documents/University/4to/Thesis-AAAAAAAa/Container-vs-Wasm-Service-Migration/Network-live-migration/metrics/migration_metrics.csv
[exit=0]

$ python3 /home/ivo/Documents/University/4to/Thesis-AAAAAAAa/Container-vs-Wasm-Service-Migration/Network-live-migration/scripts/setup/reset_nodes.py edge-node-1 edge-node-2 edge-host-1 10.22.132.250
[18:37:19] Resetting nodes: edge-node-1 -> edge-node-2 (server: edge-host-1, vip: 10.22.132.250)
[18:37:19] Step 1: Killing any existing processes on source...
[18:37:19]   Killing PID 1973803 (from /home/ubuntu/tcp_client.pid)
[18:37:20]   Killing PID 1973803 (from /home/ubuntu/client.pid)
[18:37:21]   Killing any remaining background processes...
[18:37:22] Step 2: Cleaning source node...
[18:37:24] Step 3: Cleaning destination node...
[18:37:24]   Killing PID 1973803 on destination (from /home/ubuntu/tcp_client.pid)
[18:37:25]   Killing PID 1973803 on destination (from /home/ubuntu/client.pid)
[18:37:25]   Killing all remaining TCP processes on destination...
[18:37:28] Step 4: Cleaning server node (edge-host-1)...
[18:37:29]   Killing PID 482422 on server (from /home/ubuntu/tcp_server.pid)
[18:37:31] ✓ Reset complete, nodes are clean
[18:37:31]   Next: Start your application
[exit=0]

$ bash /home/ivo/Documents/University/4to/Thesis-AAAAAAAa/Container-vs-Wasm-Service-Migration/Network-live-migration/scripts/workloads/start_tcp_server.sh edge-host-1 5000
[tcp-server] Transferring tcp-howto.c to edge-host-1...
[tcp-server] Compiling on edge-host-1...
[tcp-server] Starting on edge-host-1 (port 5000)...
[tcp-server] Waiting for listen...
✓ TCP server listening on edge-host-1:5000
[tcp-server] Logs: multipass exec edge-host-1 -- tail -f /home/ubuntu/tcp_server.out
[exit=0]

$ bash /home/ivo/Documents/University/4to/Thesis-AAAAAAAa/Container-vs-Wasm-Service-Migration/Network-live-migration/scripts/workloads/start_tcp_client.sh edge-node-1 edge-host-1 5000
[tcp-client] Server endpoint: 10.22.132.176:5000
[tcp-client] Client VIP: 10.22.132.250
[tcp-client] Transferring tcp-howto.c to edge-node-1...
[tcp-client] Compiling on edge-node-1...
[tcp-client] Ensuring VIP 10.22.132.250 is present on edge-node-1...
ARPING 10.22.132.250 from 10.22.132.250 ens3
Sent 3 probes (3 broadcast(s))
Received 0 response(s)
[tcp-client] Starting on edge-node-1...
[tcp-client] Waiting for established TCP connection...
✓ TCP client connected (PID: 1975818)
[tcp-client] Logs: multipass exec edge-node-1 -- tail -f /home/ubuntu/tcp_client.out
[exit=0]

$ python3 /home/ivo/Documents/University/4to/Thesis-AAAAAAAa/Container-vs-Wasm-Service-Migration/Network-live-migration/scripts/orchestrators/tcp_client_benchmark.py cold --source edge-node-1 --dest edge-node-2 --server edge-host-1 --transfer-mode host --run-id 22-04-2026-host-cold-0018 --csv /home/ivo/Documents/University/4to/Thesis-AAAAAAAa/Container-vs-Wasm-Service-Migration/Network-live-migration/metrics/migration_metrics.csv --profile-name 1_WiFi_6 --relay-node edge-host-1
[18:37:40] === TCP CLIENT MIGRATION ===
[18:37:40] Run ID: 22-04-2026-host-cold-0018
[18:37:40] Source: edge-node-1, Dest: edge-node-2
[18:37:40] Server: edge-host-1
[18:37:40] Transfer mode: host
[18:37:40] Relay node: edge-host-1

[18:37:40] === TCP CLIENT COLD MIGRATION ===
[18:37:40] Step 1: Checking source client process...
[18:37:41]   Using PID from /home/ubuntu/tcp_client.pid: 1975818
[18:37:42]   Server connections so far: 1
[18:37:42] Step 2: Dumping client with CRIU (--tcp-established)...
[18:37:43] Step 2.5: Moving VIP to destination...
[18:37:43]   Moving VIP 10.22.132.250 from edge-node-1:ens3 -> edge-node-2:ens3
[18:37:48] Step 3: Creating archive...
[18:37:49] Step 4: Transferring archive...
  Transferring /home/ubuntu/CRIU-tcp-client.tar.gz via relay node edge-host-1...
Setting up SSH trust: edge-node-1 → ubuntu@10.22.132.176
  Adding public key to destination's authorized_keys...
  Testing SSH connectivity...
  ✓ SSH trust ready
Setting up SSH trust: edge-host-1 → ubuntu@10.22.132.239
  Adding public key to destination's authorized_keys...
  Testing SSH connectivity...
  ✓ SSH trust ready
[18:37:55] Step 5: Unpacking on destination...
[18:37:55] Step 6: Preparing restore environment...
[18:37:56] Step 7: Restoring client with CRIU (--tcp-established)...
[18:37:56]   Restored PID: 1975818
[18:37:56] Step 8: Verifying connection continuity...
[18:38:00]   Client output (tail): PP 5 -> 5
[18:38:01]   Server connections so far: 1
[18:38:01] ✓ SUCCESS: Client restored and TCP socket appears established
[18:38:01] Total downtime: 6955 ms
[18:38:01] Metrics saved to /home/ivo/Documents/University/4to/Thesis-AAAAAAAa/Container-vs-Wasm-Service-Migration/Network-live-migration/metrics/migration_metrics.csv
[exit=0]

$ python3 /home/ivo/Documents/University/4to/Thesis-AAAAAAAa/Container-vs-Wasm-Service-Migration/Network-live-migration/scripts/setup/reset_nodes.py edge-node-1 edge-node-2 edge-host-1 10.22.132.250
[18:38:02] Resetting nodes: edge-node-1 -> edge-node-2 (server: edge-host-1, vip: 10.22.132.250)
[18:38:02] Step 1: Killing any existing processes on source...
[18:38:02]   Killing PID 1975818 (from /home/ubuntu/tcp_client.pid)
[18:38:03]   Killing PID 1975818 (from /home/ubuntu/client.pid)
[18:38:03]   Killing any remaining background processes...
[18:38:05] Step 2: Cleaning source node...
[18:38:06] Step 3: Cleaning destination node...
[18:38:07]   Killing PID 1975818 on destination (from /home/ubuntu/tcp_client.pid)
[18:38:08]   Killing PID 1975818 on destination (from /home/ubuntu/client.pid)
[18:38:08]   Killing all remaining TCP processes on destination...
[18:38:11] Step 4: Cleaning server node (edge-host-1)...
[18:38:12]   Killing PID 484066 on server (from /home/ubuntu/tcp_server.pid)
[18:38:14] ✓ Reset complete, nodes are clean
[18:38:14]   Next: Start your application
[exit=0]

$ bash /home/ivo/Documents/University/4to/Thesis-AAAAAAAa/Container-vs-Wasm-Service-Migration/Network-live-migration/scripts/workloads/start_tcp_server.sh edge-host-1 5000
[tcp-server] Transferring tcp-howto.c to edge-host-1...
[tcp-server] Compiling on edge-host-1...
[tcp-server] Starting on edge-host-1 (port 5000)...
[tcp-server] Waiting for listen...
✓ TCP server listening on edge-host-1:5000
[tcp-server] Logs: multipass exec edge-host-1 -- tail -f /home/ubuntu/tcp_server.out
[exit=0]

$ bash /home/ivo/Documents/University/4to/Thesis-AAAAAAAa/Container-vs-Wasm-Service-Migration/Network-live-migration/scripts/workloads/start_tcp_client.sh edge-node-1 edge-host-1 5000
[tcp-client] Server endpoint: 10.22.132.176:5000
[tcp-client] Client VIP: 10.22.132.250
[tcp-client] Transferring tcp-howto.c to edge-node-1...
[tcp-client] Compiling on edge-node-1...
[tcp-client] Ensuring VIP 10.22.132.250 is present on edge-node-1...
ARPING 10.22.132.250 from 10.22.132.250 ens3
Sent 3 probes (3 broadcast(s))
Received 0 response(s)
[tcp-client] Starting on edge-node-1...
[tcp-client] Waiting for established TCP connection...
✓ TCP client connected (PID: 1977843)
[tcp-client] Logs: multipass exec edge-node-1 -- tail -f /home/ubuntu/tcp_client.out
[exit=0]

$ python3 /home/ivo/Documents/University/4to/Thesis-AAAAAAAa/Container-vs-Wasm-Service-Migration/Network-live-migration/scripts/orchestrators/tcp_client_benchmark.py cold --source edge-node-1 --dest edge-node-2 --server edge-host-1 --transfer-mode host --run-id 22-04-2026-host-cold-0019 --csv /home/ivo/Documents/University/4to/Thesis-AAAAAAAa/Container-vs-Wasm-Service-Migration/Network-live-migration/metrics/migration_metrics.csv --profile-name 1_WiFi_6 --relay-node edge-host-1
[18:38:23] === TCP CLIENT MIGRATION ===
[18:38:23] Run ID: 22-04-2026-host-cold-0019
[18:38:23] Source: edge-node-1, Dest: edge-node-2
[18:38:23] Server: edge-host-1
[18:38:23] Transfer mode: host
[18:38:23] Relay node: edge-host-1

[18:38:23] === TCP CLIENT COLD MIGRATION ===
[18:38:23] Step 1: Checking source client process...
[18:38:24]   Using PID from /home/ubuntu/tcp_client.pid: 1977843
[18:38:25]   Server connections so far: 1
[18:38:25] Step 2: Dumping client with CRIU (--tcp-established)...
[18:38:26] Step 2.5: Moving VIP to destination...
[18:38:26]   Moving VIP 10.22.132.250 from edge-node-1:ens3 -> edge-node-2:ens3
[18:38:31] Step 3: Creating archive...
[18:38:32] Step 4: Transferring archive...
  Transferring /home/ubuntu/CRIU-tcp-client.tar.gz via relay node edge-host-1...
Setting up SSH trust: edge-node-1 → ubuntu@10.22.132.176
  Adding public key to destination's authorized_keys...
  Testing SSH connectivity...
  ✓ SSH trust ready
Setting up SSH trust: edge-host-1 → ubuntu@10.22.132.239
  Adding public key to destination's authorized_keys...
  Testing SSH connectivity...
  ✓ SSH trust ready
[18:38:38] Step 5: Unpacking on destination...
[18:38:38] Step 6: Preparing restore environment...
[18:38:39] Step 7: Restoring client with CRIU (--tcp-established)...
[18:38:40]   Restored PID: 1977843
[18:38:40] Step 8: Verifying connection continuity...
[18:38:43]   Client output (tail): PP 5 -> 5
[18:38:43]   Server connections so far: 1
[18:38:43] ✓ SUCCESS: Client restored and TCP socket appears established
[18:38:43] Total downtime: 7018 ms
[18:38:43] Metrics saved to /home/ivo/Documents/University/4to/Thesis-AAAAAAAa/Container-vs-Wasm-Service-Migration/Network-live-migration/metrics/migration_metrics.csv
[exit=0]

$ python3 /home/ivo/Documents/University/4to/Thesis-AAAAAAAa/Container-vs-Wasm-Service-Migration/Network-live-migration/scripts/setup/reset_nodes.py edge-node-1 edge-node-2 edge-host-1 10.22.132.250
[18:38:45] Resetting nodes: edge-node-1 -> edge-node-2 (server: edge-host-1, vip: 10.22.132.250)
[18:38:45] Step 1: Killing any existing processes on source...
[18:38:45]   Killing PID 1977843 (from /home/ubuntu/tcp_client.pid)
[18:38:46]   Killing PID 1977843 (from /home/ubuntu/client.pid)
[18:38:46]   Killing any remaining background processes...
[18:38:47] Step 2: Cleaning source node...
[18:38:49] Step 3: Cleaning destination node...
[18:38:49]   Killing PID 1977843 on destination (from /home/ubuntu/tcp_client.pid)
[18:38:50]   Killing PID 1977843 on destination (from /home/ubuntu/client.pid)
[18:38:51]   Killing all remaining TCP processes on destination...
[18:38:54] Step 4: Cleaning server node (edge-host-1)...
[18:38:54]   Killing PID 485709 on server (from /home/ubuntu/tcp_server.pid)
[18:38:56] ✓ Reset complete, nodes are clean
[18:38:56]   Next: Start your application
[exit=0]

$ bash /home/ivo/Documents/University/4to/Thesis-AAAAAAAa/Container-vs-Wasm-Service-Migration/Network-live-migration/scripts/workloads/start_tcp_server.sh edge-host-1 5000
[tcp-server] Transferring tcp-howto.c to edge-host-1...
[tcp-server] Compiling on edge-host-1...
[tcp-server] Starting on edge-host-1 (port 5000)...
[tcp-server] Waiting for listen...
✓ TCP server listening on edge-host-1:5000
[tcp-server] Logs: multipass exec edge-host-1 -- tail -f /home/ubuntu/tcp_server.out
[exit=0]

$ bash /home/ivo/Documents/University/4to/Thesis-AAAAAAAa/Container-vs-Wasm-Service-Migration/Network-live-migration/scripts/workloads/start_tcp_client.sh edge-node-1 edge-host-1 5000
[tcp-client] Server endpoint: 10.22.132.176:5000
[tcp-client] Client VIP: 10.22.132.250
[tcp-client] Transferring tcp-howto.c to edge-node-1...
[tcp-client] Compiling on edge-node-1...
[tcp-client] Ensuring VIP 10.22.132.250 is present on edge-node-1...
ARPING 10.22.132.250 from 10.22.132.250 ens3
Sent 3 probes (3 broadcast(s))
Received 0 response(s)
[tcp-client] Starting on edge-node-1...
[tcp-client] Waiting for established TCP connection...
✓ TCP client connected (PID: 1979870)
[tcp-client] Logs: multipass exec edge-node-1 -- tail -f /home/ubuntu/tcp_client.out
[exit=0]

$ python3 /home/ivo/Documents/University/4to/Thesis-AAAAAAAa/Container-vs-Wasm-Service-Migration/Network-live-migration/scripts/orchestrators/tcp_client_benchmark.py cold --source edge-node-1 --dest edge-node-2 --server edge-host-1 --transfer-mode direct --run-id 22-04-2026-direct-cold-0000 --csv /home/ivo/Documents/University/4to/Thesis-AAAAAAAa/Container-vs-Wasm-Service-Migration/Network-live-migration/metrics/migration_metrics.csv --profile-name 1_WiFi_6
[18:39:06] === TCP CLIENT MIGRATION ===
[18:39:06] Run ID: 22-04-2026-direct-cold-0000
[18:39:06] Source: edge-node-1, Dest: edge-node-2
[18:39:06] Server: edge-host-1
[18:39:06] Transfer mode: direct

[18:39:06] === TCP CLIENT COLD MIGRATION ===
[18:39:06] Step 1: Checking source client process...
[18:39:07]   Using PID from /home/ubuntu/tcp_client.pid: 1979870
[18:39:08]   Server connections so far: 1
[18:39:08] Step 2: Dumping client with CRIU (--tcp-established)...
[18:39:09] Step 2.5: Moving VIP to destination...
[18:39:09]   Moving VIP 10.22.132.250 from edge-node-1:ens3 -> edge-node-2:ens3
[18:39:14] Step 3: Creating archive...
[18:39:15] Step 4: Transferring archive...
[18:39:15]   Setting up direct SSH trust...
Setting up SSH trust: edge-node-1 → ubuntu@10.22.132.239
  Adding public key to destination's authorized_keys...
  Testing SSH connectivity...
  ✓ SSH trust ready
Setting up SSH trust: edge-node-1 → ubuntu@10.22.132.239
  Adding public key to destination's authorized_keys...
  Testing SSH connectivity...
  ✓ SSH trust ready
  Transferring /home/ubuntu/CRIU-tcp-client.tar.gz via SCP...
[18:39:20] Step 5: Unpacking on destination...
[18:39:20] Step 6: Preparing restore environment...
[18:39:20] Step 7: Restoring client with CRIU (--tcp-established)...
[18:39:21]   Restored PID: 1979870
[18:39:21] Step 8: Verifying connection continuity...
[18:39:24]   Client output (tail): PP 5 -> 5
[18:39:25]   Server connections so far: 1
[18:39:25] ✓ SUCCESS: Client restored and TCP socket appears established
[18:39:25] Total downtime: 3489 ms
[18:39:25] Metrics saved to /home/ivo/Documents/University/4to/Thesis-AAAAAAAa/Container-vs-Wasm-Service-Migration/Network-live-migration/metrics/migration_metrics.csv
[exit=0]

$ python3 /home/ivo/Documents/University/4to/Thesis-AAAAAAAa/Container-vs-Wasm-Service-Migration/Network-live-migration/scripts/setup/reset_nodes.py edge-node-1 edge-node-2 edge-host-1 10.22.132.250
[18:39:26] Resetting nodes: edge-node-1 -> edge-node-2 (server: edge-host-1, vip: 10.22.132.250)
[18:39:26] Step 1: Killing any existing processes on source...
[18:39:26]   Killing PID 1979870 (from /home/ubuntu/tcp_client.pid)
[18:39:27]   Killing PID 1979870 (from /home/ubuntu/client.pid)
[18:39:28]   Killing any remaining background processes...
[18:39:29] Step 2: Cleaning source node...
[18:39:31] Step 3: Cleaning destination node...
[18:39:31]   Killing PID 1979870 on destination (from /home/ubuntu/tcp_client.pid)
[18:39:32]   Killing PID 1979870 on destination (from /home/ubuntu/client.pid)
[18:39:32]   Killing all remaining TCP processes on destination...
[18:39:35] Step 4: Cleaning server node (edge-host-1)...
[18:39:36]   Killing PID 487346 on server (from /home/ubuntu/tcp_server.pid)
[18:39:38] ✓ Reset complete, nodes are clean
[18:39:38]   Next: Start your application
[exit=0]

$ bash /home/ivo/Documents/University/4to/Thesis-AAAAAAAa/Container-vs-Wasm-Service-Migration/Network-live-migration/scripts/workloads/start_tcp_server.sh edge-host-1 5000
[tcp-server] Transferring tcp-howto.c to edge-host-1...
[tcp-server] Compiling on edge-host-1...
[tcp-server] Starting on edge-host-1 (port 5000)...
[tcp-server] Waiting for listen...
✓ TCP server listening on edge-host-1:5000
[tcp-server] Logs: multipass exec edge-host-1 -- tail -f /home/ubuntu/tcp_server.out
[exit=0]

$ bash /home/ivo/Documents/University/4to/Thesis-AAAAAAAa/Container-vs-Wasm-Service-Migration/Network-live-migration/scripts/workloads/start_tcp_client.sh edge-node-1 edge-host-1 5000
[tcp-client] Server endpoint: 10.22.132.176:5000
[tcp-client] Client VIP: 10.22.132.250
[tcp-client] Transferring tcp-howto.c to edge-node-1...
[tcp-client] Compiling on edge-node-1...
[tcp-client] Ensuring VIP 10.22.132.250 is present on edge-node-1...
ARPING 10.22.132.250 from 10.22.132.250 ens3
Sent 3 probes (3 broadcast(s))
Received 0 response(s)
[tcp-client] Starting on edge-node-1...
[tcp-client] Waiting for established TCP connection...
✓ TCP client connected (PID: 1981993)
[tcp-client] Logs: multipass exec edge-node-1 -- tail -f /home/ubuntu/tcp_client.out
[exit=0]

$ python3 /home/ivo/Documents/University/4to/Thesis-AAAAAAAa/Container-vs-Wasm-Service-Migration/Network-live-migration/scripts/orchestrators/tcp_client_benchmark.py cold --source edge-node-1 --dest edge-node-2 --server edge-host-1 --transfer-mode direct --run-id 22-04-2026-direct-cold-0001 --csv /home/ivo/Documents/University/4to/Thesis-AAAAAAAa/Container-vs-Wasm-Service-Migration/Network-live-migration/metrics/migration_metrics.csv --profile-name 1_WiFi_6
[18:39:47] === TCP CLIENT MIGRATION ===
[18:39:47] Run ID: 22-04-2026-direct-cold-0001
[18:39:47] Source: edge-node-1, Dest: edge-node-2
[18:39:47] Server: edge-host-1
[18:39:47] Transfer mode: direct

[18:39:47] === TCP CLIENT COLD MIGRATION ===
[18:39:47] Step 1: Checking source client process...
[18:39:48]   Using PID from /home/ubuntu/tcp_client.pid: 1981993
[18:39:49]   Server connections so far: 1
[18:39:49] Step 2: Dumping client with CRIU (--tcp-established)...
[18:39:50] Step 2.5: Moving VIP to destination...
[18:39:50]   Moving VIP 10.22.132.250 from edge-node-1:ens3 -> edge-node-2:ens3
[18:39:55] Step 3: Creating archive...
[18:39:55] Step 4: Transferring archive...
[18:39:55]   Setting up direct SSH trust...
Setting up SSH trust: edge-node-1 → ubuntu@10.22.132.239
  Adding public key to destination's authorized_keys...
  Testing SSH connectivity...
  ✓ SSH trust ready
Setting up SSH trust: edge-node-1 → ubuntu@10.22.132.239
  Adding public key to destination's authorized_keys...
  Testing SSH connectivity...
  ✓ SSH trust ready
  Transferring /home/ubuntu/CRIU-tcp-client.tar.gz via SCP...
[18:40:00] Step 5: Unpacking on destination...
[18:40:00] Step 6: Preparing restore environment...
[18:40:01] Step 7: Restoring client with CRIU (--tcp-established)...
[18:40:02]   Restored PID: 1981993
[18:40:02] Step 8: Verifying connection continuity...
[18:40:05]   Client output (tail): PP 5 -> 5
[18:40:06]   Server connections so far: 1
[18:40:06] ✓ SUCCESS: Client restored and TCP socket appears established
[18:40:06] Total downtime: 3505 ms
[18:40:06] Metrics saved to /home/ivo/Documents/University/4to/Thesis-AAAAAAAa/Container-vs-Wasm-Service-Migration/Network-live-migration/metrics/migration_metrics.csv
[exit=0]

$ python3 /home/ivo/Documents/University/4to/Thesis-AAAAAAAa/Container-vs-Wasm-Service-Migration/Network-live-migration/scripts/setup/reset_nodes.py edge-node-1 edge-node-2 edge-host-1 10.22.132.250
[18:40:07] Resetting nodes: edge-node-1 -> edge-node-2 (server: edge-host-1, vip: 10.22.132.250)
[18:40:07] Step 1: Killing any existing processes on source...
[18:40:07]   Killing PID 1981993 (from /home/ubuntu/tcp_client.pid)
[18:40:08]   Killing PID 1981993 (from /home/ubuntu/client.pid)
[18:40:09]   Killing any remaining background processes...
[18:40:10] Step 2: Cleaning source node...
[18:40:12] Step 3: Cleaning destination node...
[18:40:12]   Killing PID 1981993 on destination (from /home/ubuntu/tcp_client.pid)
[18:40:13]   Killing PID 1981993 on destination (from /home/ubuntu/client.pid)
[18:40:13]   Killing all remaining TCP processes on destination...
[18:40:16] Step 4: Cleaning server node (edge-host-1)...
[18:40:17]   Killing PID 488469 on server (from /home/ubuntu/tcp_server.pid)
[18:40:19] ✓ Reset complete, nodes are clean
[18:40:19]   Next: Start your application
[exit=0]

$ bash /home/ivo/Documents/University/4to/Thesis-AAAAAAAa/Container-vs-Wasm-Service-Migration/Network-live-migration/scripts/workloads/start_tcp_server.sh edge-host-1 5000
[tcp-server] Transferring tcp-howto.c to edge-host-1...
[tcp-server] Compiling on edge-host-1...
[tcp-server] Starting on edge-host-1 (port 5000)...
[tcp-server] Waiting for listen...
✓ TCP server listening on edge-host-1:5000
[tcp-server] Logs: multipass exec edge-host-1 -- tail -f /home/ubuntu/tcp_server.out
[exit=0]

$ bash /home/ivo/Documents/University/4to/Thesis-AAAAAAAa/Container-vs-Wasm-Service-Migration/Network-live-migration/scripts/workloads/start_tcp_client.sh edge-node-1 edge-host-1 5000
[tcp-client] Server endpoint: 10.22.132.176:5000
[tcp-client] Client VIP: 10.22.132.250
[tcp-client] Transferring tcp-howto.c to edge-node-1...
[tcp-client] Compiling on edge-node-1...
[tcp-client] Ensuring VIP 10.22.132.250 is present on edge-node-1...
ARPING 10.22.132.250 from 10.22.132.250 ens3
Sent 3 probes (3 broadcast(s))
Received 0 response(s)
[tcp-client] Starting on edge-node-1...
[tcp-client] Waiting for established TCP connection...
✓ TCP client connected (PID: 1984128)
[tcp-client] Logs: multipass exec edge-node-1 -- tail -f /home/ubuntu/tcp_client.out
[exit=0]

$ python3 /home/ivo/Documents/University/4to/Thesis-AAAAAAAa/Container-vs-Wasm-Service-Migration/Network-live-migration/scripts/orchestrators/tcp_client_benchmark.py cold --source edge-node-1 --dest edge-node-2 --server edge-host-1 --transfer-mode direct --run-id 22-04-2026-direct-cold-0002 --csv /home/ivo/Documents/University/4to/Thesis-AAAAAAAa/Container-vs-Wasm-Service-Migration/Network-live-migration/metrics/migration_metrics.csv --profile-name 1_WiFi_6
[18:40:29] === TCP CLIENT MIGRATION ===
[18:40:29] Run ID: 22-04-2026-direct-cold-0002
[18:40:29] Source: edge-node-1, Dest: edge-node-2
[18:40:29] Server: edge-host-1
[18:40:29] Transfer mode: direct

[18:40:29] === TCP CLIENT COLD MIGRATION ===
[18:40:29] Step 1: Checking source client process...
[18:40:29]   Using PID from /home/ubuntu/tcp_client.pid: 1984128
[18:40:30]   Server connections so far: 1
[18:40:31] Step 2: Dumping client with CRIU (--tcp-established)...
[18:40:31] Step 2.5: Moving VIP to destination...
[18:40:32]   Moving VIP 10.22.132.250 from edge-node-1:ens3 -> edge-node-2:ens3
[18:40:36] Step 3: Creating archive...
[18:40:37] Step 4: Transferring archive...
[18:40:37]   Setting up direct SSH trust...
Setting up SSH trust: edge-node-1 → ubuntu@10.22.132.239
  Adding public key to destination's authorized_keys...
  Testing SSH connectivity...
  ✓ SSH trust ready
Setting up SSH trust: edge-node-1 → ubuntu@10.22.132.239
  Adding public key to destination's authorized_keys...
  Testing SSH connectivity...
  ✓ SSH trust ready
  Transferring /home/ubuntu/CRIU-tcp-client.tar.gz via SCP...
[18:40:42] Step 5: Unpacking on destination...
[18:40:42] Step 6: Preparing restore environment...
[18:40:43] Step 7: Restoring client with CRIU (--tcp-established)...
[18:40:44]   Restored PID: 1984128
[18:40:44] Step 8: Verifying connection continuity...
[18:40:47]   Client output (tail): PP 5 -> 5
[18:40:47]   Server connections so far: 1
[18:40:47] ✓ SUCCESS: Client restored and TCP socket appears established
[18:40:47] Total downtime: 3826 ms
[18:40:47] Metrics saved to /home/ivo/Documents/University/4to/Thesis-AAAAAAAa/Container-vs-Wasm-Service-Migration/Network-live-migration/metrics/migration_metrics.csv
[exit=0]

$ python3 /home/ivo/Documents/University/4to/Thesis-AAAAAAAa/Container-vs-Wasm-Service-Migration/Network-live-migration/scripts/setup/reset_nodes.py edge-node-1 edge-node-2 edge-host-1 10.22.132.250
[18:40:48] Resetting nodes: edge-node-1 -> edge-node-2 (server: edge-host-1, vip: 10.22.132.250)
[18:40:48] Step 1: Killing any existing processes on source...
[18:40:49]   Killing PID 1984128 (from /home/ubuntu/tcp_client.pid)
[18:40:50]   Killing PID 1984128 (from /home/ubuntu/client.pid)
[18:40:50]   Killing any remaining background processes...
[18:40:51] Step 2: Cleaning source node...
[18:40:53] Step 3: Cleaning destination node...
[18:40:53]   Killing PID 1984128 on destination (from /home/ubuntu/tcp_client.pid)
[18:40:54]   Killing PID 1984128 on destination (from /home/ubuntu/client.pid)
[18:40:55]   Killing all remaining TCP processes on destination...
[18:40:58] Step 4: Cleaning server node (edge-host-1)...
[18:40:58]   Killing PID 489585 on server (from /home/ubuntu/tcp_server.pid)
[18:41:00] ✓ Reset complete, nodes are clean
[18:41:00]   Next: Start your application
[exit=0]

$ bash /home/ivo/Documents/University/4to/Thesis-AAAAAAAa/Container-vs-Wasm-Service-Migration/Network-live-migration/scripts/workloads/start_tcp_server.sh edge-host-1 5000
[tcp-server] Transferring tcp-howto.c to edge-host-1...
[tcp-server] Compiling on edge-host-1...
[tcp-server] Starting on edge-host-1 (port 5000)...
[tcp-server] Waiting for listen...
✓ TCP server listening on edge-host-1:5000
[tcp-server] Logs: multipass exec edge-host-1 -- tail -f /home/ubuntu/tcp_server.out
[exit=0]

$ bash /home/ivo/Documents/University/4to/Thesis-AAAAAAAa/Container-vs-Wasm-Service-Migration/Network-live-migration/scripts/workloads/start_tcp_client.sh edge-node-1 edge-host-1 5000
[tcp-client] Server endpoint: 10.22.132.176:5000
[tcp-client] Client VIP: 10.22.132.250
[tcp-client] Transferring tcp-howto.c to edge-node-1...
[tcp-client] Compiling on edge-node-1...
[tcp-client] Ensuring VIP 10.22.132.250 is present on edge-node-1...
ARPING 10.22.132.250 from 10.22.132.250 ens3
Sent 3 probes (3 broadcast(s))
Received 0 response(s)
[tcp-client] Starting on edge-node-1...
[tcp-client] Waiting for established TCP connection...
✓ TCP client connected (PID: 1986261)
[tcp-client] Logs: multipass exec edge-node-1 -- tail -f /home/ubuntu/tcp_client.out
[exit=0]

$ python3 /home/ivo/Documents/University/4to/Thesis-AAAAAAAa/Container-vs-Wasm-Service-Migration/Network-live-migration/scripts/orchestrators/tcp_client_benchmark.py cold --source edge-node-1 --dest edge-node-2 --server edge-host-1 --transfer-mode direct --run-id 22-04-2026-direct-cold-0003 --csv /home/ivo/Documents/University/4to/Thesis-AAAAAAAa/Container-vs-Wasm-Service-Migration/Network-live-migration/metrics/migration_metrics.csv --profile-name 1_WiFi_6
[18:41:10] === TCP CLIENT MIGRATION ===
[18:41:10] Run ID: 22-04-2026-direct-cold-0003
[18:41:10] Source: edge-node-1, Dest: edge-node-2
[18:41:10] Server: edge-host-1
[18:41:10] Transfer mode: direct

[18:41:10] === TCP CLIENT COLD MIGRATION ===
[18:41:10] Step 1: Checking source client process...
[18:41:11]   Using PID from /home/ubuntu/tcp_client.pid: 1986261
[18:41:12]   Server connections so far: 1
[18:41:12] Step 2: Dumping client with CRIU (--tcp-established)...
[18:41:13] Step 2.5: Moving VIP to destination...
[18:41:13]   Moving VIP 10.22.132.250 from edge-node-1:ens3 -> edge-node-2:ens3
[18:41:20] Step 3: Creating archive...
[18:41:20] Step 4: Transferring archive...
[18:41:20]   Setting up direct SSH trust...
Setting up SSH trust: edge-node-1 → ubuntu@10.22.132.239
  Adding public key to destination's authorized_keys...
  Testing SSH connectivity...
  ✓ SSH trust ready
Setting up SSH trust: edge-node-1 → ubuntu@10.22.132.239
  Adding public key to destination's authorized_keys...
  Testing SSH connectivity...
  ✓ SSH trust ready
  Transferring /home/ubuntu/CRIU-tcp-client.tar.gz via SCP...
[18:41:25] Step 5: Unpacking on destination...
[18:41:25] Step 6: Preparing restore environment...
[18:41:26] Step 7: Restoring client with CRIU (--tcp-established)...
[18:41:26]   Restored PID: 1986261
[18:41:26] Step 8: Verifying connection continuity...
[18:41:30]   Client output (tail): PP 5 -> 5
[18:41:30]   Server connections so far: 1
[18:41:30] ✓ SUCCESS: Client restored and TCP socket appears established
[18:41:30] Total downtime: 3458 ms
[18:41:30] Metrics saved to /home/ivo/Documents/University/4to/Thesis-AAAAAAAa/Container-vs-Wasm-Service-Migration/Network-live-migration/metrics/migration_metrics.csv
[exit=0]

$ python3 /home/ivo/Documents/University/4to/Thesis-AAAAAAAa/Container-vs-Wasm-Service-Migration/Network-live-migration/scripts/setup/reset_nodes.py edge-node-1 edge-node-2 edge-host-1 10.22.132.250
[18:41:31] Resetting nodes: edge-node-1 -> edge-node-2 (server: edge-host-1, vip: 10.22.132.250)
[18:41:31] Step 1: Killing any existing processes on source...
[18:41:32]   Killing PID 1986261 (from /home/ubuntu/tcp_client.pid)
[18:41:32]   Killing PID 1986261 (from /home/ubuntu/client.pid)
[18:41:33]   Killing any remaining background processes...
[18:41:34] Step 2: Cleaning source node...
[18:41:36] Step 3: Cleaning destination node...
[18:41:36]   Killing PID 1986261 on destination (from /home/ubuntu/tcp_client.pid)
[18:41:37]   Killing PID 1986261 on destination (from /home/ubuntu/client.pid)
[18:41:37]   Killing all remaining TCP processes on destination...
[18:41:41] Step 4: Cleaning server node (edge-host-1)...
[18:41:41]   Killing PID 490691 on server (from /home/ubuntu/tcp_server.pid)
[18:41:43] ✓ Reset complete, nodes are clean
[18:41:43]   Next: Start your application
[exit=0]

$ bash /home/ivo/Documents/University/4to/Thesis-AAAAAAAa/Container-vs-Wasm-Service-Migration/Network-live-migration/scripts/workloads/start_tcp_server.sh edge-host-1 5000
[tcp-server] Transferring tcp-howto.c to edge-host-1...
[tcp-server] Compiling on edge-host-1...
[tcp-server] Starting on edge-host-1 (port 5000)...
[tcp-server] Waiting for listen...
✓ TCP server listening on edge-host-1:5000
[tcp-server] Logs: multipass exec edge-host-1 -- tail -f /home/ubuntu/tcp_server.out
[exit=0]

$ bash /home/ivo/Documents/University/4to/Thesis-AAAAAAAa/Container-vs-Wasm-Service-Migration/Network-live-migration/scripts/workloads/start_tcp_client.sh edge-node-1 edge-host-1 5000
[tcp-client] Server endpoint: 10.22.132.176:5000
[tcp-client] Client VIP: 10.22.132.250
[tcp-client] Transferring tcp-howto.c to edge-node-1...
[tcp-client] Compiling on edge-node-1...
[tcp-client] Ensuring VIP 10.22.132.250 is present on edge-node-1...
ARPING 10.22.132.250 from 10.22.132.250 ens3
Sent 3 probes (3 broadcast(s))
Received 0 response(s)
[tcp-client] Starting on edge-node-1...
[tcp-client] Waiting for established TCP connection...
✓ TCP client connected (PID: 1988647)
[tcp-client] Logs: multipass exec edge-node-1 -- tail -f /home/ubuntu/tcp_client.out
[exit=0]

$ python3 /home/ivo/Documents/University/4to/Thesis-AAAAAAAa/Container-vs-Wasm-Service-Migration/Network-live-migration/scripts/orchestrators/tcp_client_benchmark.py cold --source edge-node-1 --dest edge-node-2 --server edge-host-1 --transfer-mode direct --run-id 22-04-2026-direct-cold-0004 --csv /home/ivo/Documents/University/4to/Thesis-AAAAAAAa/Container-vs-Wasm-Service-Migration/Network-live-migration/metrics/migration_metrics.csv --profile-name 1_WiFi_6
[18:41:53] === TCP CLIENT MIGRATION ===
[18:41:53] Run ID: 22-04-2026-direct-cold-0004
[18:41:53] Source: edge-node-1, Dest: edge-node-2
[18:41:53] Server: edge-host-1
[18:41:53] Transfer mode: direct

[18:41:53] === TCP CLIENT COLD MIGRATION ===
[18:41:53] Step 1: Checking source client process...
[18:41:53]   Using PID from /home/ubuntu/tcp_client.pid: 1988647
[18:41:54]   Server connections so far: 1
[18:41:55] Step 2: Dumping client with CRIU (--tcp-established)...
[18:41:55] Step 2.5: Moving VIP to destination...
[18:41:56]   Moving VIP 10.22.132.250 from edge-node-1:ens3 -> edge-node-2:ens3
[18:42:00] Step 3: Creating archive...
[18:42:01] Step 4: Transferring archive...
[18:42:01]   Setting up direct SSH trust...
Setting up SSH trust: edge-node-1 → ubuntu@10.22.132.239
  Adding public key to destination's authorized_keys...
  Testing SSH connectivity...
  ✓ SSH trust ready
Setting up SSH trust: edge-node-1 → ubuntu@10.22.132.239
  Adding public key to destination's authorized_keys...
  Testing SSH connectivity...
  ✓ SSH trust ready
  Transferring /home/ubuntu/CRIU-tcp-client.tar.gz via SCP...
[18:42:06] Step 5: Unpacking on destination...
[18:42:06] Step 6: Preparing restore environment...
[18:42:07] Step 7: Restoring client with CRIU (--tcp-established)...
[18:42:07]   Restored PID: 1988647
[18:42:07] Step 8: Verifying connection continuity...
[18:42:11]   Client output (tail): PP 5 -> 5
[18:42:11]   Server connections so far: 1
[18:42:11] ✓ SUCCESS: Client restored and TCP socket appears established
[18:42:11] Total downtime: 3461 ms
[18:42:11] Metrics saved to /home/ivo/Documents/University/4to/Thesis-AAAAAAAa/Container-vs-Wasm-Service-Migration/Network-live-migration/metrics/migration_metrics.csv
[exit=0]

$ python3 /home/ivo/Documents/University/4to/Thesis-AAAAAAAa/Container-vs-Wasm-Service-Migration/Network-live-migration/scripts/setup/reset_nodes.py edge-node-1 edge-node-2 edge-host-1 10.22.132.250
[18:42:13] Resetting nodes: edge-node-1 -> edge-node-2 (server: edge-host-1, vip: 10.22.132.250)
[18:42:13] Step 1: Killing any existing processes on source...
[18:42:13]   Killing PID 1988647 (from /home/ubuntu/tcp_client.pid)
[18:42:14]   Killing PID 1988647 (from /home/ubuntu/client.pid)
[18:42:14]   Killing any remaining background processes...
[18:42:16] Step 2: Cleaning source node...
[18:42:17] Step 3: Cleaning destination node...
[18:42:18]   Killing PID 1988647 on destination (from /home/ubuntu/tcp_client.pid)
[18:42:18]   Killing PID 1988647 on destination (from /home/ubuntu/client.pid)
[18:42:19]   Killing all remaining TCP processes on destination...
[18:42:22] Step 4: Cleaning server node (edge-host-1)...
[18:42:23]   Killing PID 492057 on server (from /home/ubuntu/tcp_server.pid)
[18:42:25] ✓ Reset complete, nodes are clean
[18:42:25]   Next: Start your application
[exit=0]

$ bash /home/ivo/Documents/University/4to/Thesis-AAAAAAAa/Container-vs-Wasm-Service-Migration/Network-live-migration/scripts/workloads/start_tcp_server.sh edge-host-1 5000
[tcp-server] Transferring tcp-howto.c to edge-host-1...
[tcp-server] Compiling on edge-host-1...
[tcp-server] Starting on edge-host-1 (port 5000)...
[tcp-server] Waiting for listen...
✓ TCP server listening on edge-host-1:5000
[tcp-server] Logs: multipass exec edge-host-1 -- tail -f /home/ubuntu/tcp_server.out
[exit=0]

$ bash /home/ivo/Documents/University/4to/Thesis-AAAAAAAa/Container-vs-Wasm-Service-Migration/Network-live-migration/scripts/workloads/start_tcp_client.sh edge-node-1 edge-host-1 5000
[tcp-client] Server endpoint: 10.22.132.176:5000
[tcp-client] Client VIP: 10.22.132.250
[tcp-client] Transferring tcp-howto.c to edge-node-1...
[tcp-client] Compiling on edge-node-1...
[tcp-client] Ensuring VIP 10.22.132.250 is present on edge-node-1...
ARPING 10.22.132.250 from 10.22.132.250 ens3
Sent 3 probes (3 broadcast(s))
Received 0 response(s)
[tcp-client] Starting on edge-node-1...
[tcp-client] Waiting for established TCP connection...
✓ TCP client connected (PID: 1990777)
[tcp-client] Logs: multipass exec edge-node-1 -- tail -f /home/ubuntu/tcp_client.out
[exit=0]

$ python3 /home/ivo/Documents/University/4to/Thesis-AAAAAAAa/Container-vs-Wasm-Service-Migration/Network-live-migration/scripts/orchestrators/tcp_client_benchmark.py cold --source edge-node-1 --dest edge-node-2 --server edge-host-1 --transfer-mode direct --run-id 22-04-2026-direct-cold-0005 --csv /home/ivo/Documents/University/4to/Thesis-AAAAAAAa/Container-vs-Wasm-Service-Migration/Network-live-migration/metrics/migration_metrics.csv --profile-name 1_WiFi_6
[18:42:34] === TCP CLIENT MIGRATION ===
[18:42:34] Run ID: 22-04-2026-direct-cold-0005
[18:42:34] Source: edge-node-1, Dest: edge-node-2
[18:42:34] Server: edge-host-1
[18:42:34] Transfer mode: direct

[18:42:34] === TCP CLIENT COLD MIGRATION ===
[18:42:34] Step 1: Checking source client process...
[18:42:35]   Using PID from /home/ubuntu/tcp_client.pid: 1990777
[18:42:36]   Server connections so far: 1
[18:42:36] Step 2: Dumping client with CRIU (--tcp-established)...
[18:42:37] Step 2.5: Moving VIP to destination...
[18:42:37]   Moving VIP 10.22.132.250 from edge-node-1:ens3 -> edge-node-2:ens3
[18:42:42] Step 3: Creating archive...
[18:42:42] Step 4: Transferring archive...
[18:42:42]   Setting up direct SSH trust...
Setting up SSH trust: edge-node-1 → ubuntu@10.22.132.239
  Adding public key to destination's authorized_keys...
  Testing SSH connectivity...
  ✓ SSH trust ready
Setting up SSH trust: edge-node-1 → ubuntu@10.22.132.239
  Adding public key to destination's authorized_keys...
  Testing SSH connectivity...
  ✓ SSH trust ready
  Transferring /home/ubuntu/CRIU-tcp-client.tar.gz via SCP...
[18:42:47] Step 5: Unpacking on destination...
[18:42:47] Step 6: Preparing restore environment...
[18:42:48] Step 7: Restoring client with CRIU (--tcp-established)...
[18:42:49]   Restored PID: 1990777
[18:42:49] Step 8: Verifying connection continuity...
[18:42:52]   Client output (tail): PP 5 -> 5
[18:42:53]   Server connections so far: 1
[18:42:53] ✓ SUCCESS: Client restored and TCP socket appears established
[18:42:53] Total downtime: 3488 ms
[18:42:53] Metrics saved to /home/ivo/Documents/University/4to/Thesis-AAAAAAAa/Container-vs-Wasm-Service-Migration/Network-live-migration/metrics/migration_metrics.csv
[exit=0]

$ python3 /home/ivo/Documents/University/4to/Thesis-AAAAAAAa/Container-vs-Wasm-Service-Migration/Network-live-migration/scripts/setup/reset_nodes.py edge-node-1 edge-node-2 edge-host-1 10.22.132.250
[18:42:54] Resetting nodes: edge-node-1 -> edge-node-2 (server: edge-host-1, vip: 10.22.132.250)
[18:42:54] Step 1: Killing any existing processes on source...
[18:42:54]   Killing PID 1990777 (from /home/ubuntu/tcp_client.pid)
[18:42:55]   Killing PID 1990777 (from /home/ubuntu/client.pid)
[18:42:55]   Killing any remaining background processes...
[18:42:57] Step 2: Cleaning source node...
[18:42:58] Step 3: Cleaning destination node...
[18:42:58]   Killing PID 1990777 on destination (from /home/ubuntu/tcp_client.pid)
[18:42:59]   Killing PID 1990777 on destination (from /home/ubuntu/client.pid)
[18:43:00]   Killing all remaining TCP processes on destination...
[18:43:03] Step 4: Cleaning server node (edge-host-1)...
[18:43:03]   Killing PID 493172 on server (from /home/ubuntu/tcp_server.pid)
[18:43:06] ✓ Reset complete, nodes are clean
[18:43:06]   Next: Start your application
[exit=0]

$ bash /home/ivo/Documents/University/4to/Thesis-AAAAAAAa/Container-vs-Wasm-Service-Migration/Network-live-migration/scripts/workloads/start_tcp_server.sh edge-host-1 5000
[tcp-server] Transferring tcp-howto.c to edge-host-1...
[tcp-server] Compiling on edge-host-1...
[tcp-server] Starting on edge-host-1 (port 5000)...
[tcp-server] Waiting for listen...
✓ TCP server listening on edge-host-1:5000
[tcp-server] Logs: multipass exec edge-host-1 -- tail -f /home/ubuntu/tcp_server.out
[exit=0]

$ bash /home/ivo/Documents/University/4to/Thesis-AAAAAAAa/Container-vs-Wasm-Service-Migration/Network-live-migration/scripts/workloads/start_tcp_client.sh edge-node-1 edge-host-1 5000
[tcp-client] Server endpoint: 10.22.132.176:5000
[tcp-client] Client VIP: 10.22.132.250
[tcp-client] Transferring tcp-howto.c to edge-node-1...
[tcp-client] Compiling on edge-node-1...
[tcp-client] Ensuring VIP 10.22.132.250 is present on edge-node-1...
ARPING 10.22.132.250 from 10.22.132.250 ens3
Sent 3 probes (3 broadcast(s))
Received 0 response(s)
[tcp-client] Starting on edge-node-1...
[tcp-client] Waiting for established TCP connection...
✓ TCP client connected (PID: 1992907)
[tcp-client] Logs: multipass exec edge-node-1 -- tail -f /home/ubuntu/tcp_client.out
[exit=0]

$ python3 /home/ivo/Documents/University/4to/Thesis-AAAAAAAa/Container-vs-Wasm-Service-Migration/Network-live-migration/scripts/orchestrators/tcp_client_benchmark.py cold --source edge-node-1 --dest edge-node-2 --server edge-host-1 --transfer-mode direct --run-id 22-04-2026-direct-cold-0006 --csv /home/ivo/Documents/University/4to/Thesis-AAAAAAAa/Container-vs-Wasm-Service-Migration/Network-live-migration/metrics/migration_metrics.csv --profile-name 1_WiFi_6
[18:43:16] === TCP CLIENT MIGRATION ===
[18:43:16] Run ID: 22-04-2026-direct-cold-0006
[18:43:16] Source: edge-node-1, Dest: edge-node-2
[18:43:16] Server: edge-host-1
[18:43:16] Transfer mode: direct

[18:43:16] === TCP CLIENT COLD MIGRATION ===
[18:43:16] Step 1: Checking source client process...
[18:43:16]   Using PID from /home/ubuntu/tcp_client.pid: 1992907
[18:43:17]   Server connections so far: 1
[18:43:18] Step 2: Dumping client with CRIU (--tcp-established)...
[18:43:18] Step 2.5: Moving VIP to destination...
[18:43:19]   Moving VIP 10.22.132.250 from edge-node-1:ens3 -> edge-node-2:ens3
[18:43:24] Step 3: Creating archive...
[18:43:24] Step 4: Transferring archive...
[18:43:24]   Setting up direct SSH trust...
Setting up SSH trust: edge-node-1 → ubuntu@10.22.132.239
  Adding public key to destination's authorized_keys...
  Testing SSH connectivity...
  ✓ SSH trust ready
Setting up SSH trust: edge-node-1 → ubuntu@10.22.132.239
  Adding public key to destination's authorized_keys...
  Testing SSH connectivity...
  ✓ SSH trust ready
  Transferring /home/ubuntu/CRIU-tcp-client.tar.gz via SCP...
[18:43:29] Step 5: Unpacking on destination...
[18:43:30] Step 6: Preparing restore environment...
[18:43:30] Step 7: Restoring client with CRIU (--tcp-established)...
[18:43:31]   Restored PID: 1992907
[18:43:31] Step 8: Verifying connection continuity...
[18:43:34]   Client output (tail): PP 5 -> 5
[18:43:35]   Server connections so far: 1
[18:43:35] ✓ SUCCESS: Client restored and TCP socket appears established
[18:43:35] Total downtime: 3729 ms
[18:43:35] Metrics saved to /home/ivo/Documents/University/4to/Thesis-AAAAAAAa/Container-vs-Wasm-Service-Migration/Network-live-migration/metrics/migration_metrics.csv
[exit=0]

$ python3 /home/ivo/Documents/University/4to/Thesis-AAAAAAAa/Container-vs-Wasm-Service-Migration/Network-live-migration/scripts/setup/reset_nodes.py edge-node-1 edge-node-2 edge-host-1 10.22.132.250
[18:43:36] Resetting nodes: edge-node-1 -> edge-node-2 (server: edge-host-1, vip: 10.22.132.250)
[18:43:36] Step 1: Killing any existing processes on source...
[18:43:36]   Killing PID 1992907 (from /home/ubuntu/tcp_client.pid)
[18:43:37]   Killing PID 1992907 (from /home/ubuntu/client.pid)
[18:43:37]   Killing any remaining background processes...
[18:43:39] Step 2: Cleaning source node...
[18:43:40] Step 3: Cleaning destination node...
[18:43:41]   Killing PID 1992907 on destination (from /home/ubuntu/tcp_client.pid)
[18:43:41]   Killing PID 1992907 on destination (from /home/ubuntu/client.pid)
[18:43:42]   Killing all remaining TCP processes on destination...
[18:43:45] Step 4: Cleaning server node (edge-host-1)...
[18:43:45]   Killing PID 494276 on server (from /home/ubuntu/tcp_server.pid)
[18:43:47] ✓ Reset complete, nodes are clean
[18:43:47]   Next: Start your application
[exit=0]

$ bash /home/ivo/Documents/University/4to/Thesis-AAAAAAAa/Container-vs-Wasm-Service-Migration/Network-live-migration/scripts/workloads/start_tcp_server.sh edge-host-1 5000
[tcp-server] Transferring tcp-howto.c to edge-host-1...
[tcp-server] Compiling on edge-host-1...
[tcp-server] Starting on edge-host-1 (port 5000)...
[tcp-server] Waiting for listen...
✓ TCP server listening on edge-host-1:5000
[tcp-server] Logs: multipass exec edge-host-1 -- tail -f /home/ubuntu/tcp_server.out
[exit=0]

$ bash /home/ivo/Documents/University/4to/Thesis-AAAAAAAa/Container-vs-Wasm-Service-Migration/Network-live-migration/scripts/workloads/start_tcp_client.sh edge-node-1 edge-host-1 5000
[tcp-client] Server endpoint: 10.22.132.176:5000
[tcp-client] Client VIP: 10.22.132.250
[tcp-client] Transferring tcp-howto.c to edge-node-1...
[tcp-client] Compiling on edge-node-1...
[tcp-client] Ensuring VIP 10.22.132.250 is present on edge-node-1...
ARPING 10.22.132.250 from 10.22.132.250 ens3
Sent 3 probes (3 broadcast(s))
Received 0 response(s)
[tcp-client] Starting on edge-node-1...
[tcp-client] Waiting for established TCP connection...
✓ TCP client connected (PID: 1995029)
[tcp-client] Logs: multipass exec edge-node-1 -- tail -f /home/ubuntu/tcp_client.out
[exit=0]

$ python3 /home/ivo/Documents/University/4to/Thesis-AAAAAAAa/Container-vs-Wasm-Service-Migration/Network-live-migration/scripts/orchestrators/tcp_client_benchmark.py cold --source edge-node-1 --dest edge-node-2 --server edge-host-1 --transfer-mode direct --run-id 22-04-2026-direct-cold-0007 --csv /home/ivo/Documents/University/4to/Thesis-AAAAAAAa/Container-vs-Wasm-Service-Migration/Network-live-migration/metrics/migration_metrics.csv --profile-name 1_WiFi_6
[18:43:57] === TCP CLIENT MIGRATION ===
[18:43:57] Run ID: 22-04-2026-direct-cold-0007
[18:43:57] Source: edge-node-1, Dest: edge-node-2
[18:43:57] Server: edge-host-1
[18:43:57] Transfer mode: direct

[18:43:57] === TCP CLIENT COLD MIGRATION ===
[18:43:57] Step 1: Checking source client process...
[18:43:58]   Using PID from /home/ubuntu/tcp_client.pid: 1995029
[18:43:58]   Server connections so far: 1
[18:43:59] Step 2: Dumping client with CRIU (--tcp-established)...
[18:43:59] Step 2.5: Moving VIP to destination...
[18:44:00]   Moving VIP 10.22.132.250 from edge-node-1:ens3 -> edge-node-2:ens3
[18:44:05] Step 3: Creating archive...
[18:44:05] Step 4: Transferring archive...
[18:44:05]   Setting up direct SSH trust...
Setting up SSH trust: edge-node-1 → ubuntu@10.22.132.239
  Adding public key to destination's authorized_keys...
  Testing SSH connectivity...
  ✓ SSH trust ready
Setting up SSH trust: edge-node-1 → ubuntu@10.22.132.239
  Adding public key to destination's authorized_keys...
  Testing SSH connectivity...
  ✓ SSH trust ready
  Transferring /home/ubuntu/CRIU-tcp-client.tar.gz via SCP...
[18:44:10] Step 5: Unpacking on destination...
[18:44:10] Step 6: Preparing restore environment...
[18:44:11] Step 7: Restoring client with CRIU (--tcp-established)...
[18:44:11]   Restored PID: 1995029
[18:44:11] Step 8: Verifying connection continuity...
[18:44:15]   Client output (tail): PP 5 -> 5
[18:44:15]   Server connections so far: 1
[18:44:15] ✓ SUCCESS: Client restored and TCP socket appears established
[18:44:15] Total downtime: 3463 ms
[18:44:15] Metrics saved to /home/ivo/Documents/University/4to/Thesis-AAAAAAAa/Container-vs-Wasm-Service-Migration/Network-live-migration/metrics/migration_metrics.csv
[exit=0]

$ python3 /home/ivo/Documents/University/4to/Thesis-AAAAAAAa/Container-vs-Wasm-Service-Migration/Network-live-migration/scripts/setup/reset_nodes.py edge-node-1 edge-node-2 edge-host-1 10.22.132.250
[18:44:17] Resetting nodes: edge-node-1 -> edge-node-2 (server: edge-host-1, vip: 10.22.132.250)
[18:44:17] Step 1: Killing any existing processes on source...
[18:44:17]   Killing PID 1995029 (from /home/ubuntu/tcp_client.pid)
[18:44:18]   Killing PID 1995029 (from /home/ubuntu/client.pid)
[18:44:18]   Killing any remaining background processes...
[18:44:20] Step 2: Cleaning source node...
[18:44:21] Step 3: Cleaning destination node...
[18:44:22]   Killing PID 1995029 on destination (from /home/ubuntu/tcp_client.pid)
[18:44:22]   Killing PID 1995029 on destination (from /home/ubuntu/client.pid)
[18:44:23]   Killing all remaining TCP processes on destination...
[18:44:26] Step 4: Cleaning server node (edge-host-1)...
[18:44:27]   Killing PID 495388 on server (from /home/ubuntu/tcp_server.pid)
[18:44:29] ✓ Reset complete, nodes are clean
[18:44:29]   Next: Start your application
[exit=0]

$ bash /home/ivo/Documents/University/4to/Thesis-AAAAAAAa/Container-vs-Wasm-Service-Migration/Network-live-migration/scripts/workloads/start_tcp_server.sh edge-host-1 5000
[tcp-server] Transferring tcp-howto.c to edge-host-1...
[tcp-server] Compiling on edge-host-1...
[tcp-server] Starting on edge-host-1 (port 5000)...
[tcp-server] Waiting for listen...
✓ TCP server listening on edge-host-1:5000
[tcp-server] Logs: multipass exec edge-host-1 -- tail -f /home/ubuntu/tcp_server.out
[exit=0]

$ bash /home/ivo/Documents/University/4to/Thesis-AAAAAAAa/Container-vs-Wasm-Service-Migration/Network-live-migration/scripts/workloads/start_tcp_client.sh edge-node-1 edge-host-1 5000
[tcp-client] Server endpoint: 10.22.132.176:5000
[tcp-client] Client VIP: 10.22.132.250
[tcp-client] Transferring tcp-howto.c to edge-node-1...
[tcp-client] Compiling on edge-node-1...
[tcp-client] Ensuring VIP 10.22.132.250 is present on edge-node-1...
ARPING 10.22.132.250 from 10.22.132.250 ens3
Sent 3 probes (3 broadcast(s))
Received 0 response(s)
[tcp-client] Starting on edge-node-1...
[tcp-client] Waiting for established TCP connection...
✓ TCP client connected (PID: 1997161)
[tcp-client] Logs: multipass exec edge-node-1 -- tail -f /home/ubuntu/tcp_client.out
[exit=0]

$ python3 /home/ivo/Documents/University/4to/Thesis-AAAAAAAa/Container-vs-Wasm-Service-Migration/Network-live-migration/scripts/orchestrators/tcp_client_benchmark.py cold --source edge-node-1 --dest edge-node-2 --server edge-host-1 --transfer-mode direct --run-id 22-04-2026-direct-cold-0008 --csv /home/ivo/Documents/University/4to/Thesis-AAAAAAAa/Container-vs-Wasm-Service-Migration/Network-live-migration/metrics/migration_metrics.csv --profile-name 1_WiFi_6
[18:44:38] === TCP CLIENT MIGRATION ===
[18:44:38] Run ID: 22-04-2026-direct-cold-0008
[18:44:38] Source: edge-node-1, Dest: edge-node-2
[18:44:38] Server: edge-host-1
[18:44:38] Transfer mode: direct

[18:44:38] === TCP CLIENT COLD MIGRATION ===
[18:44:38] Step 1: Checking source client process...
[18:44:39]   Using PID from /home/ubuntu/tcp_client.pid: 1997161
[18:44:40]   Server connections so far: 1
[18:44:40] Step 2: Dumping client with CRIU (--tcp-established)...
[18:44:41] Step 2.5: Moving VIP to destination...
[18:44:41]   Moving VIP 10.22.132.250 from edge-node-1:ens3 -> edge-node-2:ens3
[18:44:46] Step 3: Creating archive...
[18:44:47] Step 4: Transferring archive...
[18:44:47]   Setting up direct SSH trust...
Setting up SSH trust: edge-node-1 → ubuntu@10.22.132.239
  Adding public key to destination's authorized_keys...
  Testing SSH connectivity...
  ✓ SSH trust ready
Setting up SSH trust: edge-node-1 → ubuntu@10.22.132.239
  Adding public key to destination's authorized_keys...
  Testing SSH connectivity...
  ✓ SSH trust ready
  Transferring /home/ubuntu/CRIU-tcp-client.tar.gz via SCP...
[18:44:51] Step 5: Unpacking on destination...
[18:44:52] Step 6: Preparing restore environment...
[18:44:52] Step 7: Restoring client with CRIU (--tcp-established)...
[18:44:53]   Restored PID: 1997161
[18:44:53] Step 8: Verifying connection continuity...
[18:44:56]   Client output (tail): PP 5 -> 5
[18:44:57]   Server connections so far: 1
[18:44:57] ✓ SUCCESS: Client restored and TCP socket appears established
[18:44:57] Total downtime: 3493 ms
[18:44:57] Metrics saved to /home/ivo/Documents/University/4to/Thesis-AAAAAAAa/Container-vs-Wasm-Service-Migration/Network-live-migration/metrics/migration_metrics.csv
[exit=0]

$ python3 /home/ivo/Documents/University/4to/Thesis-AAAAAAAa/Container-vs-Wasm-Service-Migration/Network-live-migration/scripts/setup/reset_nodes.py edge-node-1 edge-node-2 edge-host-1 10.22.132.250
[18:44:58] Resetting nodes: edge-node-1 -> edge-node-2 (server: edge-host-1, vip: 10.22.132.250)
[18:44:58] Step 1: Killing any existing processes on source...
[18:44:58]   Killing PID 1997161 (from /home/ubuntu/tcp_client.pid)
[18:44:59]   Killing PID 1997161 (from /home/ubuntu/client.pid)
[18:44:59]   Killing any remaining background processes...
[18:45:01] Step 2: Cleaning source node...
[18:45:02] Step 3: Cleaning destination node...
[18:45:03]   Killing PID 1997161 on destination (from /home/ubuntu/tcp_client.pid)
[18:45:03]   Killing PID 1997161 on destination (from /home/ubuntu/client.pid)
[18:45:04]   Killing all remaining TCP processes on destination...
[18:45:07] Step 4: Cleaning server node (edge-host-1)...
[18:45:07]   Killing PID 496503 on server (from /home/ubuntu/tcp_server.pid)
[18:45:09] ✓ Reset complete, nodes are clean
[18:45:09]   Next: Start your application
[exit=0]

$ bash /home/ivo/Documents/University/4to/Thesis-AAAAAAAa/Container-vs-Wasm-Service-Migration/Network-live-migration/scripts/workloads/start_tcp_server.sh edge-host-1 5000
[tcp-server] Transferring tcp-howto.c to edge-host-1...
[tcp-server] Compiling on edge-host-1...
[tcp-server] Starting on edge-host-1 (port 5000)...
[tcp-server] Waiting for listen...
✓ TCP server listening on edge-host-1:5000
[tcp-server] Logs: multipass exec edge-host-1 -- tail -f /home/ubuntu/tcp_server.out
[exit=0]

$ bash /home/ivo/Documents/University/4to/Thesis-AAAAAAAa/Container-vs-Wasm-Service-Migration/Network-live-migration/scripts/workloads/start_tcp_client.sh edge-node-1 edge-host-1 5000
[tcp-client] Server endpoint: 10.22.132.176:5000
[tcp-client] Client VIP: 10.22.132.250
[tcp-client] Transferring tcp-howto.c to edge-node-1...
[tcp-client] Compiling on edge-node-1...
[tcp-client] Ensuring VIP 10.22.132.250 is present on edge-node-1...
ARPING 10.22.132.250 from 10.22.132.250 ens3
Sent 3 probes (3 broadcast(s))
Received 0 response(s)
[tcp-client] Starting on edge-node-1...
[tcp-client] Waiting for established TCP connection...
✓ TCP client connected (PID: 1999294)
[tcp-client] Logs: multipass exec edge-node-1 -- tail -f /home/ubuntu/tcp_client.out
[exit=0]

$ python3 /home/ivo/Documents/University/4to/Thesis-AAAAAAAa/Container-vs-Wasm-Service-Migration/Network-live-migration/scripts/orchestrators/tcp_client_benchmark.py cold --source edge-node-1 --dest edge-node-2 --server edge-host-1 --transfer-mode direct --run-id 22-04-2026-direct-cold-0009 --csv /home/ivo/Documents/University/4to/Thesis-AAAAAAAa/Container-vs-Wasm-Service-Migration/Network-live-migration/metrics/migration_metrics.csv --profile-name 1_WiFi_6
[18:45:20] === TCP CLIENT MIGRATION ===
[18:45:20] Run ID: 22-04-2026-direct-cold-0009
[18:45:20] Source: edge-node-1, Dest: edge-node-2
[18:45:20] Server: edge-host-1
[18:45:20] Transfer mode: direct

[18:45:20] === TCP CLIENT COLD MIGRATION ===
[18:45:20] Step 1: Checking source client process...
[18:45:20]   Using PID from /home/ubuntu/tcp_client.pid: 1999294
[18:45:21]   Server connections so far: 1
[18:45:22] Step 2: Dumping client with CRIU (--tcp-established)...
[18:45:22] Step 2.5: Moving VIP to destination...
[18:45:22]   Moving VIP 10.22.132.250 from edge-node-1:ens3 -> edge-node-2:ens3
[18:45:27] Step 3: Creating archive...
[18:45:28] Step 4: Transferring archive...
[18:45:28]   Setting up direct SSH trust...
Setting up SSH trust: edge-node-1 → ubuntu@10.22.132.239
  Adding public key to destination's authorized_keys...
  Testing SSH connectivity...
  ✓ SSH trust ready
Setting up SSH trust: edge-node-1 → ubuntu@10.22.132.239
  Adding public key to destination's authorized_keys...
  Testing SSH connectivity...
  ✓ SSH trust ready
  Transferring /home/ubuntu/CRIU-tcp-client.tar.gz via SCP...
[18:45:33] Step 5: Unpacking on destination...
[18:45:33] Step 6: Preparing restore environment...
[18:45:34] Step 7: Restoring client with CRIU (--tcp-established)...
[18:45:34]   Restored PID: 1999294
[18:45:34] Step 8: Verifying connection continuity...
[18:45:37]   Client output (tail): PP 5 -> 5
[18:45:38]   Server connections so far: 1
[18:45:38] ✓ SUCCESS: Client restored and TCP socket appears established
[18:45:38] Total downtime: 3490 ms
[18:45:38] Metrics saved to /home/ivo/Documents/University/4to/Thesis-AAAAAAAa/Container-vs-Wasm-Service-Migration/Network-live-migration/metrics/migration_metrics.csv
[exit=0]

$ python3 /home/ivo/Documents/University/4to/Thesis-AAAAAAAa/Container-vs-Wasm-Service-Migration/Network-live-migration/scripts/setup/reset_nodes.py edge-node-1 edge-node-2 edge-host-1 10.22.132.250
[18:45:39] Resetting nodes: edge-node-1 -> edge-node-2 (server: edge-host-1, vip: 10.22.132.250)
[18:45:39] Step 1: Killing any existing processes on source...
[18:45:39]   Killing PID 1999294 (from /home/ubuntu/tcp_client.pid)
[18:45:40]   Killing PID 1999294 (from /home/ubuntu/client.pid)
[18:45:41]   Killing any remaining background processes...
[18:45:42] Step 2: Cleaning source node...
[18:45:44] Step 3: Cleaning destination node...
[18:45:44]   Killing PID 1999294 on destination (from /home/ubuntu/tcp_client.pid)
[18:45:45]   Killing PID 1999294 on destination (from /home/ubuntu/client.pid)
[18:45:45]   Killing all remaining TCP processes on destination...
[18:45:48] Step 4: Cleaning server node (edge-host-1)...
[18:45:49]   Killing PID 497611 on server (from /home/ubuntu/tcp_server.pid)
[18:45:51] ✓ Reset complete, nodes are clean
[18:45:51]   Next: Start your application
[exit=0]

$ bash /home/ivo/Documents/University/4to/Thesis-AAAAAAAa/Container-vs-Wasm-Service-Migration/Network-live-migration/scripts/workloads/start_tcp_server.sh edge-host-1 5000
[tcp-server] Transferring tcp-howto.c to edge-host-1...
[tcp-server] Compiling on edge-host-1...
[tcp-server] Starting on edge-host-1 (port 5000)...
[tcp-server] Waiting for listen...
✓ TCP server listening on edge-host-1:5000
[tcp-server] Logs: multipass exec edge-host-1 -- tail -f /home/ubuntu/tcp_server.out
[exit=0]

$ bash /home/ivo/Documents/University/4to/Thesis-AAAAAAAa/Container-vs-Wasm-Service-Migration/Network-live-migration/scripts/workloads/start_tcp_client.sh edge-node-1 edge-host-1 5000
[tcp-client] Server endpoint: 10.22.132.176:5000
[tcp-client] Client VIP: 10.22.132.250
[tcp-client] Transferring tcp-howto.c to edge-node-1...
[tcp-client] Compiling on edge-node-1...
[tcp-client] Ensuring VIP 10.22.132.250 is present on edge-node-1...
ARPING 10.22.132.250 from 10.22.132.250 ens3
Sent 3 probes (3 broadcast(s))
Received 0 response(s)
[tcp-client] Starting on edge-node-1...
[tcp-client] Waiting for established TCP connection...
✓ TCP client connected (PID: 2001415)
[tcp-client] Logs: multipass exec edge-node-1 -- tail -f /home/ubuntu/tcp_client.out
[exit=0]

$ python3 /home/ivo/Documents/University/4to/Thesis-AAAAAAAa/Container-vs-Wasm-Service-Migration/Network-live-migration/scripts/orchestrators/tcp_client_benchmark.py cold --source edge-node-1 --dest edge-node-2 --server edge-host-1 --transfer-mode direct --run-id 22-04-2026-direct-cold-0010 --csv /home/ivo/Documents/University/4to/Thesis-AAAAAAAa/Container-vs-Wasm-Service-Migration/Network-live-migration/metrics/migration_metrics.csv --profile-name 1_WiFi_6
[18:46:00] === TCP CLIENT MIGRATION ===
[18:46:00] Run ID: 22-04-2026-direct-cold-0010
[18:46:00] Source: edge-node-1, Dest: edge-node-2
[18:46:00] Server: edge-host-1
[18:46:00] Transfer mode: direct

[18:46:00] === TCP CLIENT COLD MIGRATION ===
[18:46:00] Step 1: Checking source client process...
[18:46:01]   Using PID from /home/ubuntu/tcp_client.pid: 2001415
[18:46:02]   Server connections so far: 1
[18:46:02] Step 2: Dumping client with CRIU (--tcp-established)...
[18:46:03] Step 2.5: Moving VIP to destination...
[18:46:03]   Moving VIP 10.22.132.250 from edge-node-1:ens3 -> edge-node-2:ens3
[18:46:08] Step 3: Creating archive...
[18:46:09] Step 4: Transferring archive...
[18:46:09]   Setting up direct SSH trust...
Setting up SSH trust: edge-node-1 → ubuntu@10.22.132.239
  Adding public key to destination's authorized_keys...
  Testing SSH connectivity...
  ✓ SSH trust ready
Setting up SSH trust: edge-node-1 → ubuntu@10.22.132.239
  Adding public key to destination's authorized_keys...
  Testing SSH connectivity...
  ✓ SSH trust ready
  Transferring /home/ubuntu/CRIU-tcp-client.tar.gz via SCP...
[18:46:13] Step 5: Unpacking on destination...
[18:46:14] Step 6: Preparing restore environment...
[18:46:14] Step 7: Restoring client with CRIU (--tcp-established)...
[18:46:15]   Restored PID: 2001415
[18:46:15] Step 8: Verifying connection continuity...
[18:46:18]   Client output (tail): PP 5 -> 5
[18:46:19]   Server connections so far: 1
[18:46:19] ✓ SUCCESS: Client restored and TCP socket appears established
[18:46:19] Total downtime: 3630 ms
[18:46:19] Metrics saved to /home/ivo/Documents/University/4to/Thesis-AAAAAAAa/Container-vs-Wasm-Service-Migration/Network-live-migration/metrics/migration_metrics.csv
[exit=0]

$ python3 /home/ivo/Documents/University/4to/Thesis-AAAAAAAa/Container-vs-Wasm-Service-Migration/Network-live-migration/scripts/setup/reset_nodes.py edge-node-1 edge-node-2 edge-host-1 10.22.132.250
[18:46:20] Resetting nodes: edge-node-1 -> edge-node-2 (server: edge-host-1, vip: 10.22.132.250)
[18:46:20] Step 1: Killing any existing processes on source...
[18:46:21]   Killing PID 2001415 (from /home/ubuntu/tcp_client.pid)
[18:46:21]   Killing PID 2001415 (from /home/ubuntu/client.pid)
[18:46:22]   Killing any remaining background processes...
[18:46:23] Step 2: Cleaning source node...
[18:46:25] Step 3: Cleaning destination node...
[18:46:25]   Killing PID 2001415 on destination (from /home/ubuntu/tcp_client.pid)
[18:46:26]   Killing PID 2001415 on destination (from /home/ubuntu/client.pid)
[18:46:27]   Killing all remaining TCP processes on destination...
[18:46:30] Step 4: Cleaning server node (edge-host-1)...
[18:46:30]   Killing PID 498740 on server (from /home/ubuntu/tcp_server.pid)
[18:46:32] ✓ Reset complete, nodes are clean
[18:46:32]   Next: Start your application
[exit=0]

$ bash /home/ivo/Documents/University/4to/Thesis-AAAAAAAa/Container-vs-Wasm-Service-Migration/Network-live-migration/scripts/workloads/start_tcp_server.sh edge-host-1 5000
[tcp-server] Transferring tcp-howto.c to edge-host-1...
[tcp-server] Compiling on edge-host-1...
[tcp-server] Starting on edge-host-1 (port 5000)...
[tcp-server] Waiting for listen...
✓ TCP server listening on edge-host-1:5000
[tcp-server] Logs: multipass exec edge-host-1 -- tail -f /home/ubuntu/tcp_server.out
[exit=0]

$ bash /home/ivo/Documents/University/4to/Thesis-AAAAAAAa/Container-vs-Wasm-Service-Migration/Network-live-migration/scripts/workloads/start_tcp_client.sh edge-node-1 edge-host-1 5000
[tcp-client] Server endpoint: 10.22.132.176:5000
[tcp-client] Client VIP: 10.22.132.250
[tcp-client] Transferring tcp-howto.c to edge-node-1...
[tcp-client] Compiling on edge-node-1...
[tcp-client] Ensuring VIP 10.22.132.250 is present on edge-node-1...
ARPING 10.22.132.250 from 10.22.132.250 ens3
Sent 3 probes (3 broadcast(s))
Received 0 response(s)
[tcp-client] Starting on edge-node-1...
[tcp-client] Waiting for established TCP connection...
✓ TCP client connected (PID: 2003544)
[tcp-client] Logs: multipass exec edge-node-1 -- tail -f /home/ubuntu/tcp_client.out
[exit=0]

$ python3 /home/ivo/Documents/University/4to/Thesis-AAAAAAAa/Container-vs-Wasm-Service-Migration/Network-live-migration/scripts/orchestrators/tcp_client_benchmark.py cold --source edge-node-1 --dest edge-node-2 --server edge-host-1 --transfer-mode direct --run-id 22-04-2026-direct-cold-0011 --csv /home/ivo/Documents/University/4to/Thesis-AAAAAAAa/Container-vs-Wasm-Service-Migration/Network-live-migration/metrics/migration_metrics.csv --profile-name 1_WiFi_6
[18:46:42] === TCP CLIENT MIGRATION ===
[18:46:42] Run ID: 22-04-2026-direct-cold-0011
[18:46:42] Source: edge-node-1, Dest: edge-node-2
[18:46:42] Server: edge-host-1
[18:46:42] Transfer mode: direct

[18:46:42] === TCP CLIENT COLD MIGRATION ===
[18:46:42] Step 1: Checking source client process...
[18:46:42]   Using PID from /home/ubuntu/tcp_client.pid: 2003544
[18:46:43]   Server connections so far: 1
[18:46:44] Step 2: Dumping client with CRIU (--tcp-established)...
[18:46:44] Step 2.5: Moving VIP to destination...
[18:46:45]   Moving VIP 10.22.132.250 from edge-node-1:ens3 -> edge-node-2:ens3
[18:46:50] Step 3: Creating archive...
[18:46:50] Step 4: Transferring archive...
[18:46:50]   Setting up direct SSH trust...
Setting up SSH trust: edge-node-1 → ubuntu@10.22.132.239
  Adding public key to destination's authorized_keys...
  Testing SSH connectivity...
  ✓ SSH trust ready
Setting up SSH trust: edge-node-1 → ubuntu@10.22.132.239
  Adding public key to destination's authorized_keys...
  Testing SSH connectivity...
  ✓ SSH trust ready
  Transferring /home/ubuntu/CRIU-tcp-client.tar.gz via SCP...
[18:46:55] Step 5: Unpacking on destination...
[18:46:55] Step 6: Preparing restore environment...
[18:46:56] Step 7: Restoring client with CRIU (--tcp-established)...
[18:46:57]   Restored PID: 2003544
[18:46:57] Step 8: Verifying connection continuity...
[18:47:00]   Client output (tail): PP 5 -> 5
[18:47:00]   Server connections so far: 1
[18:47:00] ✓ SUCCESS: Client restored and TCP socket appears established
[18:47:00] Total downtime: 3528 ms
[18:47:00] Metrics saved to /home/ivo/Documents/University/4to/Thesis-AAAAAAAa/Container-vs-Wasm-Service-Migration/Network-live-migration/metrics/migration_metrics.csv
[exit=0]

$ python3 /home/ivo/Documents/University/4to/Thesis-AAAAAAAa/Container-vs-Wasm-Service-Migration/Network-live-migration/scripts/setup/reset_nodes.py edge-node-1 edge-node-2 edge-host-1 10.22.132.250
[18:47:02] Resetting nodes: edge-node-1 -> edge-node-2 (server: edge-host-1, vip: 10.22.132.250)
[18:47:02] Step 1: Killing any existing processes on source...
[18:47:02]   Killing PID 2003544 (from /home/ubuntu/tcp_client.pid)
[18:47:03]   Killing PID 2003544 (from /home/ubuntu/client.pid)
[18:47:03]   Killing any remaining background processes...
[18:47:05] Step 2: Cleaning source node...
[18:47:06] Step 3: Cleaning destination node...
[18:47:07]   Killing PID 2003544 on destination (from /home/ubuntu/tcp_client.pid)
[18:47:07]   Killing PID 2003544 on destination (from /home/ubuntu/client.pid)
[18:47:08]   Killing all remaining TCP processes on destination...
[18:47:11] Step 4: Cleaning server node (edge-host-1)...
[18:47:11]   Killing PID 499854 on server (from /home/ubuntu/tcp_server.pid)
[18:47:13] ✓ Reset complete, nodes are clean
[18:47:13]   Next: Start your application
[exit=0]

$ bash /home/ivo/Documents/University/4to/Thesis-AAAAAAAa/Container-vs-Wasm-Service-Migration/Network-live-migration/scripts/workloads/start_tcp_server.sh edge-host-1 5000
[tcp-server] Transferring tcp-howto.c to edge-host-1...
[tcp-server] Compiling on edge-host-1...
[tcp-server] Starting on edge-host-1 (port 5000)...
[tcp-server] Waiting for listen...
✓ TCP server listening on edge-host-1:5000
[tcp-server] Logs: multipass exec edge-host-1 -- tail -f /home/ubuntu/tcp_server.out
[exit=0]

$ bash /home/ivo/Documents/University/4to/Thesis-AAAAAAAa/Container-vs-Wasm-Service-Migration/Network-live-migration/scripts/workloads/start_tcp_client.sh edge-node-1 edge-host-1 5000
[tcp-client] Server endpoint: 10.22.132.176:5000
[tcp-client] Client VIP: 10.22.132.250
[tcp-client] Transferring tcp-howto.c to edge-node-1...
[tcp-client] Compiling on edge-node-1...
[tcp-client] Ensuring VIP 10.22.132.250 is present on edge-node-1...
ARPING 10.22.132.250 from 10.22.132.250 ens3
Sent 3 probes (3 broadcast(s))
Received 0 response(s)
[tcp-client] Starting on edge-node-1...
[tcp-client] Waiting for established TCP connection...
✓ TCP client connected (PID: 2005677)
[tcp-client] Logs: multipass exec edge-node-1 -- tail -f /home/ubuntu/tcp_client.out
[exit=0]

$ python3 /home/ivo/Documents/University/4to/Thesis-AAAAAAAa/Container-vs-Wasm-Service-Migration/Network-live-migration/scripts/orchestrators/tcp_client_benchmark.py cold --source edge-node-1 --dest edge-node-2 --server edge-host-1 --transfer-mode direct --run-id 22-04-2026-direct-cold-0012 --csv /home/ivo/Documents/University/4to/Thesis-AAAAAAAa/Container-vs-Wasm-Service-Migration/Network-live-migration/metrics/migration_metrics.csv --profile-name 1_WiFi_6
[18:47:24] === TCP CLIENT MIGRATION ===
[18:47:24] Run ID: 22-04-2026-direct-cold-0012
[18:47:24] Source: edge-node-1, Dest: edge-node-2
[18:47:24] Server: edge-host-1
[18:47:24] Transfer mode: direct

[18:47:24] === TCP CLIENT COLD MIGRATION ===
[18:47:24] Step 1: Checking source client process...
[18:47:24]   Using PID from /home/ubuntu/tcp_client.pid: 2005677
[18:47:25]   Server connections so far: 1
[18:47:26] Step 2: Dumping client with CRIU (--tcp-established)...
[18:47:26] Step 2.5: Moving VIP to destination...
[18:47:26]   Moving VIP 10.22.132.250 from edge-node-1:ens3 -> edge-node-2:ens3
[18:47:31] Step 3: Creating archive...
[18:47:32] Step 4: Transferring archive...
[18:47:32]   Setting up direct SSH trust...
Setting up SSH trust: edge-node-1 → ubuntu@10.22.132.239
  Adding public key to destination's authorized_keys...
  Testing SSH connectivity...
  ✓ SSH trust ready
Setting up SSH trust: edge-node-1 → ubuntu@10.22.132.239
  Adding public key to destination's authorized_keys...
  Testing SSH connectivity...
  ✓ SSH trust ready
  Transferring /home/ubuntu/CRIU-tcp-client.tar.gz via SCP...
[18:47:37] Step 5: Unpacking on destination...
[18:47:37] Step 6: Preparing restore environment...
[18:47:38] Step 7: Restoring client with CRIU (--tcp-established)...
[18:47:38]   Restored PID: 2005677
[18:47:38] Step 8: Verifying connection continuity...
[18:47:42]   Client output (tail): PP 5 -> 5
[18:47:42]   Server connections so far: 1
[18:47:42] ✓ SUCCESS: Client restored and TCP socket appears established
[18:47:42] Total downtime: 3516 ms
[18:47:42] Metrics saved to /home/ivo/Documents/University/4to/Thesis-AAAAAAAa/Container-vs-Wasm-Service-Migration/Network-live-migration/metrics/migration_metrics.csv
[exit=0]

$ python3 /home/ivo/Documents/University/4to/Thesis-AAAAAAAa/Container-vs-Wasm-Service-Migration/Network-live-migration/scripts/setup/reset_nodes.py edge-node-1 edge-node-2 edge-host-1 10.22.132.250
[18:47:43] Resetting nodes: edge-node-1 -> edge-node-2 (server: edge-host-1, vip: 10.22.132.250)
[18:47:43] Step 1: Killing any existing processes on source...
[18:47:44]   Killing PID 2005677 (from /home/ubuntu/tcp_client.pid)
[18:47:44]   Killing PID 2005677 (from /home/ubuntu/client.pid)
[18:47:45]   Killing any remaining background processes...
[18:47:46] Step 2: Cleaning source node...
[18:47:48] Step 3: Cleaning destination node...
[18:47:48]   Killing PID 2005677 on destination (from /home/ubuntu/tcp_client.pid)
[18:47:49]   Killing PID 2005677 on destination (from /home/ubuntu/client.pid)
[18:47:49]   Killing all remaining TCP processes on destination...
[18:47:53] Step 4: Cleaning server node (edge-host-1)...
[18:47:53]   Killing PID 500959 on server (from /home/ubuntu/tcp_server.pid)
[18:47:55] ✓ Reset complete, nodes are clean
[18:47:55]   Next: Start your application
[exit=0]

$ bash /home/ivo/Documents/University/4to/Thesis-AAAAAAAa/Container-vs-Wasm-Service-Migration/Network-live-migration/scripts/workloads/start_tcp_server.sh edge-host-1 5000
[tcp-server] Transferring tcp-howto.c to edge-host-1...
[tcp-server] Compiling on edge-host-1...
[tcp-server] Starting on edge-host-1 (port 5000)...
[tcp-server] Waiting for listen...
✓ TCP server listening on edge-host-1:5000
[tcp-server] Logs: multipass exec edge-host-1 -- tail -f /home/ubuntu/tcp_server.out
[exit=0]

$ bash /home/ivo/Documents/University/4to/Thesis-AAAAAAAa/Container-vs-Wasm-Service-Migration/Network-live-migration/scripts/workloads/start_tcp_client.sh edge-node-1 edge-host-1 5000
[tcp-client] Server endpoint: 10.22.132.176:5000
[tcp-client] Client VIP: 10.22.132.250
[tcp-client] Transferring tcp-howto.c to edge-node-1...
[tcp-client] Compiling on edge-node-1...
[tcp-client] Ensuring VIP 10.22.132.250 is present on edge-node-1...
ARPING 10.22.132.250 from 10.22.132.250 ens3
Sent 3 probes (3 broadcast(s))
Received 0 response(s)
[tcp-client] Starting on edge-node-1...
[tcp-client] Waiting for established TCP connection...
✓ TCP client connected (PID: 2007800)
[tcp-client] Logs: multipass exec edge-node-1 -- tail -f /home/ubuntu/tcp_client.out
[exit=0]

$ python3 /home/ivo/Documents/University/4to/Thesis-AAAAAAAa/Container-vs-Wasm-Service-Migration/Network-live-migration/scripts/orchestrators/tcp_client_benchmark.py cold --source edge-node-1 --dest edge-node-2 --server edge-host-1 --transfer-mode direct --run-id 22-04-2026-direct-cold-0013 --csv /home/ivo/Documents/University/4to/Thesis-AAAAAAAa/Container-vs-Wasm-Service-Migration/Network-live-migration/metrics/migration_metrics.csv --profile-name 1_WiFi_6
[18:48:05] === TCP CLIENT MIGRATION ===
[18:48:05] Run ID: 22-04-2026-direct-cold-0013
[18:48:05] Source: edge-node-1, Dest: edge-node-2
[18:48:05] Server: edge-host-1
[18:48:05] Transfer mode: direct

[18:48:05] === TCP CLIENT COLD MIGRATION ===
[18:48:05] Step 1: Checking source client process...
[18:48:05]   Using PID from /home/ubuntu/tcp_client.pid: 2007800
[18:48:06]   Server connections so far: 1
[18:48:07] Step 2: Dumping client with CRIU (--tcp-established)...
[18:48:07] Step 2.5: Moving VIP to destination...
[18:48:08]   Moving VIP 10.22.132.250 from edge-node-1:ens3 -> edge-node-2:ens3
[18:48:13] Step 3: Creating archive...
[18:48:13] Step 4: Transferring archive...
[18:48:13]   Setting up direct SSH trust...
Setting up SSH trust: edge-node-1 → ubuntu@10.22.132.239
  Adding public key to destination's authorized_keys...
  Testing SSH connectivity...
  ✓ SSH trust ready
Setting up SSH trust: edge-node-1 → ubuntu@10.22.132.239
  Adding public key to destination's authorized_keys...
  Testing SSH connectivity...
  ✓ SSH trust ready
  Transferring /home/ubuntu/CRIU-tcp-client.tar.gz via SCP...
[18:48:18] Step 5: Unpacking on destination...
[18:48:18] Step 6: Preparing restore environment...
[18:48:19] Step 7: Restoring client with CRIU (--tcp-established)...
[18:48:19]   Restored PID: 2007800
[18:48:19] Step 8: Verifying connection continuity...
[18:48:23]   Client output (tail): PP 5 -> 5
[18:48:23]   Server connections so far: 1
[18:48:23] ✓ SUCCESS: Client restored and TCP socket appears established
[18:48:23] Total downtime: 3492 ms
[18:48:23] Metrics saved to /home/ivo/Documents/University/4to/Thesis-AAAAAAAa/Container-vs-Wasm-Service-Migration/Network-live-migration/metrics/migration_metrics.csv
[exit=0]

$ python3 /home/ivo/Documents/University/4to/Thesis-AAAAAAAa/Container-vs-Wasm-Service-Migration/Network-live-migration/scripts/setup/reset_nodes.py edge-node-1 edge-node-2 edge-host-1 10.22.132.250
[18:48:25] Resetting nodes: edge-node-1 -> edge-node-2 (server: edge-host-1, vip: 10.22.132.250)
[18:48:25] Step 1: Killing any existing processes on source...
[18:48:25]   Killing PID 2007800 (from /home/ubuntu/tcp_client.pid)
[18:48:26]   Killing PID 2007800 (from /home/ubuntu/client.pid)
[18:48:26]   Killing any remaining background processes...
[18:48:28] Step 2: Cleaning source node...
[18:48:30] Step 3: Cleaning destination node...
[18:48:30]   Killing PID 2007800 on destination (from /home/ubuntu/tcp_client.pid)
[18:48:31]   Killing PID 2007800 on destination (from /home/ubuntu/client.pid)
[18:48:31]   Killing all remaining TCP processes on destination...
[18:48:34] Step 4: Cleaning server node (edge-host-1)...
[18:48:35]   Killing PID 502075 on server (from /home/ubuntu/tcp_server.pid)
[18:48:37] ✓ Reset complete, nodes are clean
[18:48:37]   Next: Start your application
[exit=0]

$ bash /home/ivo/Documents/University/4to/Thesis-AAAAAAAa/Container-vs-Wasm-Service-Migration/Network-live-migration/scripts/workloads/start_tcp_server.sh edge-host-1 5000
[tcp-server] Transferring tcp-howto.c to edge-host-1...
[tcp-server] Compiling on edge-host-1...
[tcp-server] Starting on edge-host-1 (port 5000)...
[tcp-server] Waiting for listen...
✓ TCP server listening on edge-host-1:5000
[tcp-server] Logs: multipass exec edge-host-1 -- tail -f /home/ubuntu/tcp_server.out
[exit=0]

$ bash /home/ivo/Documents/University/4to/Thesis-AAAAAAAa/Container-vs-Wasm-Service-Migration/Network-live-migration/scripts/workloads/start_tcp_client.sh edge-node-1 edge-host-1 5000
[tcp-client] Server endpoint: 10.22.132.176:5000
[tcp-client] Client VIP: 10.22.132.250
[tcp-client] Transferring tcp-howto.c to edge-node-1...
[tcp-client] Compiling on edge-node-1...
[tcp-client] Ensuring VIP 10.22.132.250 is present on edge-node-1...
ARPING 10.22.132.250 from 10.22.132.250 ens3
Sent 3 probes (3 broadcast(s))
Received 0 response(s)
[tcp-client] Starting on edge-node-1...
[tcp-client] Waiting for established TCP connection...
✓ TCP client connected (PID: 2009932)
[tcp-client] Logs: multipass exec edge-node-1 -- tail -f /home/ubuntu/tcp_client.out
[exit=0]

$ python3 /home/ivo/Documents/University/4to/Thesis-AAAAAAAa/Container-vs-Wasm-Service-Migration/Network-live-migration/scripts/orchestrators/tcp_client_benchmark.py cold --source edge-node-1 --dest edge-node-2 --server edge-host-1 --transfer-mode direct --run-id 22-04-2026-direct-cold-0014 --csv /home/ivo/Documents/University/4to/Thesis-AAAAAAAa/Container-vs-Wasm-Service-Migration/Network-live-migration/metrics/migration_metrics.csv --profile-name 1_WiFi_6
[18:48:46] === TCP CLIENT MIGRATION ===
[18:48:46] Run ID: 22-04-2026-direct-cold-0014
[18:48:46] Source: edge-node-1, Dest: edge-node-2
[18:48:46] Server: edge-host-1
[18:48:46] Transfer mode: direct

[18:48:46] === TCP CLIENT COLD MIGRATION ===
[18:48:46] Step 1: Checking source client process...
[18:48:47]   Using PID from /home/ubuntu/tcp_client.pid: 2009932
[18:48:48]   Server connections so far: 1
[18:48:48] Step 2: Dumping client with CRIU (--tcp-established)...
[18:48:49] Step 2.5: Moving VIP to destination...
[18:48:49]   Moving VIP 10.22.132.250 from edge-node-1:ens3 -> edge-node-2:ens3
[18:48:54] Step 3: Creating archive...
[18:48:55] Step 4: Transferring archive...
[18:48:55]   Setting up direct SSH trust...
Setting up SSH trust: edge-node-1 → ubuntu@10.22.132.239
  Adding public key to destination's authorized_keys...
  Testing SSH connectivity...
  ✓ SSH trust ready
Setting up SSH trust: edge-node-1 → ubuntu@10.22.132.239
  Adding public key to destination's authorized_keys...
  Testing SSH connectivity...
  ✓ SSH trust ready
  Transferring /home/ubuntu/CRIU-tcp-client.tar.gz via SCP...
[18:48:59] Step 5: Unpacking on destination...
[18:49:00] Step 6: Preparing restore environment...
[18:49:00] Step 7: Restoring client with CRIU (--tcp-established)...
[18:49:01]   Restored PID: 2009932
[18:49:01] Step 8: Verifying connection continuity...
[18:49:04]   Client output (tail): PP 5 -> 5
[18:49:05]   Server connections so far: 1
[18:49:05] ✓ SUCCESS: Client restored and TCP socket appears established
[18:49:05] Total downtime: 3498 ms
[18:49:05] Metrics saved to /home/ivo/Documents/University/4to/Thesis-AAAAAAAa/Container-vs-Wasm-Service-Migration/Network-live-migration/metrics/migration_metrics.csv
[exit=0]

$ python3 /home/ivo/Documents/University/4to/Thesis-AAAAAAAa/Container-vs-Wasm-Service-Migration/Network-live-migration/scripts/setup/reset_nodes.py edge-node-1 edge-node-2 edge-host-1 10.22.132.250
[18:49:06] Resetting nodes: edge-node-1 -> edge-node-2 (server: edge-host-1, vip: 10.22.132.250)
[18:49:06] Step 1: Killing any existing processes on source...
[18:49:06]   Killing PID 2009932 (from /home/ubuntu/tcp_client.pid)
[18:49:07]   Killing PID 2009932 (from /home/ubuntu/client.pid)
[18:49:07]   Killing any remaining background processes...
[18:49:09] Step 2: Cleaning source node...
[18:49:10] Step 3: Cleaning destination node...
[18:49:11]   Killing PID 2009932 on destination (from /home/ubuntu/tcp_client.pid)
[18:49:11]   Killing PID 2009932 on destination (from /home/ubuntu/client.pid)
[18:49:12]   Killing all remaining TCP processes on destination...
[18:49:15] Step 4: Cleaning server node (edge-host-1)...
[18:49:15]   Killing PID 503188 on server (from /home/ubuntu/tcp_server.pid)
[18:49:17] ✓ Reset complete, nodes are clean
[18:49:17]   Next: Start your application
[exit=0]

$ bash /home/ivo/Documents/University/4to/Thesis-AAAAAAAa/Container-vs-Wasm-Service-Migration/Network-live-migration/scripts/workloads/start_tcp_server.sh edge-host-1 5000
[tcp-server] Transferring tcp-howto.c to edge-host-1...
[tcp-server] Compiling on edge-host-1...
[tcp-server] Starting on edge-host-1 (port 5000)...
[tcp-server] Waiting for listen...
✓ TCP server listening on edge-host-1:5000
[tcp-server] Logs: multipass exec edge-host-1 -- tail -f /home/ubuntu/tcp_server.out
[exit=0]

$ bash /home/ivo/Documents/University/4to/Thesis-AAAAAAAa/Container-vs-Wasm-Service-Migration/Network-live-migration/scripts/workloads/start_tcp_client.sh edge-node-1 edge-host-1 5000
[tcp-client] Server endpoint: 10.22.132.176:5000
[tcp-client] Client VIP: 10.22.132.250
[tcp-client] Transferring tcp-howto.c to edge-node-1...
[tcp-client] Compiling on edge-node-1...
[tcp-client] Ensuring VIP 10.22.132.250 is present on edge-node-1...
ARPING 10.22.132.250 from 10.22.132.250 ens3
Sent 3 probes (3 broadcast(s))
Received 0 response(s)
[tcp-client] Starting on edge-node-1...
[tcp-client] Waiting for established TCP connection...
✓ TCP client connected (PID: 2012064)
[tcp-client] Logs: multipass exec edge-node-1 -- tail -f /home/ubuntu/tcp_client.out
[exit=0]

$ python3 /home/ivo/Documents/University/4to/Thesis-AAAAAAAa/Container-vs-Wasm-Service-Migration/Network-live-migration/scripts/orchestrators/tcp_client_benchmark.py cold --source edge-node-1 --dest edge-node-2 --server edge-host-1 --transfer-mode direct --run-id 22-04-2026-direct-cold-0015 --csv /home/ivo/Documents/University/4to/Thesis-AAAAAAAa/Container-vs-Wasm-Service-Migration/Network-live-migration/metrics/migration_metrics.csv --profile-name 1_WiFi_6
[18:49:28] === TCP CLIENT MIGRATION ===
[18:49:28] Run ID: 22-04-2026-direct-cold-0015
[18:49:28] Source: edge-node-1, Dest: edge-node-2
[18:49:28] Server: edge-host-1
[18:49:28] Transfer mode: direct

[18:49:28] === TCP CLIENT COLD MIGRATION ===
[18:49:28] Step 1: Checking source client process...
[18:49:29]   Using PID from /home/ubuntu/tcp_client.pid: 2012064
[18:49:29]   Server connections so far: 1
[18:49:30] Step 2: Dumping client with CRIU (--tcp-established)...
[18:49:30] Step 2.5: Moving VIP to destination...
[18:49:31]   Moving VIP 10.22.132.250 from edge-node-1:ens3 -> edge-node-2:ens3
[18:49:36] Step 3: Creating archive...
[18:49:36] Step 4: Transferring archive...
[18:49:36]   Setting up direct SSH trust...
Setting up SSH trust: edge-node-1 → ubuntu@10.22.132.239
  Adding public key to destination's authorized_keys...
  Testing SSH connectivity...
  ✓ SSH trust ready
Setting up SSH trust: edge-node-1 → ubuntu@10.22.132.239
  Adding public key to destination's authorized_keys...
  Testing SSH connectivity...
  ✓ SSH trust ready
  Transferring /home/ubuntu/CRIU-tcp-client.tar.gz via SCP...
[18:49:41] Step 5: Unpacking on destination...
[18:49:41] Step 6: Preparing restore environment...
[18:49:42] Step 7: Restoring client with CRIU (--tcp-established)...
[18:49:43]   Restored PID: 2012064
[18:49:43] Step 8: Verifying connection continuity...
[18:49:46]   Client output (tail): PP 5 -> 5
[18:49:47]   Server connections so far: 1
[18:49:47] ✓ SUCCESS: Client restored and TCP socket appears established
[18:49:47] Total downtime: 3498 ms
[18:49:47] Metrics saved to /home/ivo/Documents/University/4to/Thesis-AAAAAAAa/Container-vs-Wasm-Service-Migration/Network-live-migration/metrics/migration_metrics.csv
[exit=0]

$ python3 /home/ivo/Documents/University/4to/Thesis-AAAAAAAa/Container-vs-Wasm-Service-Migration/Network-live-migration/scripts/setup/reset_nodes.py edge-node-1 edge-node-2 edge-host-1 10.22.132.250
[18:49:48] Resetting nodes: edge-node-1 -> edge-node-2 (server: edge-host-1, vip: 10.22.132.250)
[18:49:48] Step 1: Killing any existing processes on source...
[18:49:48]   Killing PID 2012064 (from /home/ubuntu/tcp_client.pid)
[18:49:49]   Killing PID 2012064 (from /home/ubuntu/client.pid)
[18:49:49]   Killing any remaining background processes...
[18:49:51] Step 2: Cleaning source node...
[18:49:52] Step 3: Cleaning destination node...
[18:49:53]   Killing PID 2012064 on destination (from /home/ubuntu/tcp_client.pid)
[18:49:53]   Killing PID 2012064 on destination (from /home/ubuntu/client.pid)
[18:49:54]   Killing all remaining TCP processes on destination...
[18:49:57] Step 4: Cleaning server node (edge-host-1)...
[18:49:57]   Killing PID 504294 on server (from /home/ubuntu/tcp_server.pid)
[18:49:59] ✓ Reset complete, nodes are clean
[18:49:59]   Next: Start your application
[exit=0]

$ bash /home/ivo/Documents/University/4to/Thesis-AAAAAAAa/Container-vs-Wasm-Service-Migration/Network-live-migration/scripts/workloads/start_tcp_server.sh edge-host-1 5000
[tcp-server] Transferring tcp-howto.c to edge-host-1...
[tcp-server] Compiling on edge-host-1...
[tcp-server] Starting on edge-host-1 (port 5000)...
[tcp-server] Waiting for listen...
✓ TCP server listening on edge-host-1:5000
[tcp-server] Logs: multipass exec edge-host-1 -- tail -f /home/ubuntu/tcp_server.out
[exit=0]

$ bash /home/ivo/Documents/University/4to/Thesis-AAAAAAAa/Container-vs-Wasm-Service-Migration/Network-live-migration/scripts/workloads/start_tcp_client.sh edge-node-1 edge-host-1 5000
[tcp-client] Server endpoint: 10.22.132.176:5000
[tcp-client] Client VIP: 10.22.132.250
[tcp-client] Transferring tcp-howto.c to edge-node-1...
[tcp-client] Compiling on edge-node-1...
[tcp-client] Ensuring VIP 10.22.132.250 is present on edge-node-1...
ARPING 10.22.132.250 from 10.22.132.250 ens3
Sent 3 probes (3 broadcast(s))
Received 0 response(s)
[tcp-client] Starting on edge-node-1...
[tcp-client] Waiting for established TCP connection...
✓ TCP client connected (PID: 2014189)
[tcp-client] Logs: multipass exec edge-node-1 -- tail -f /home/ubuntu/tcp_client.out
[exit=0]

$ python3 /home/ivo/Documents/University/4to/Thesis-AAAAAAAa/Container-vs-Wasm-Service-Migration/Network-live-migration/scripts/orchestrators/tcp_client_benchmark.py cold --source edge-node-1 --dest edge-node-2 --server edge-host-1 --transfer-mode direct --run-id 22-04-2026-direct-cold-0016 --csv /home/ivo/Documents/University/4to/Thesis-AAAAAAAa/Container-vs-Wasm-Service-Migration/Network-live-migration/metrics/migration_metrics.csv --profile-name 1_WiFi_6
[18:50:09] === TCP CLIENT MIGRATION ===
[18:50:09] Run ID: 22-04-2026-direct-cold-0016
[18:50:09] Source: edge-node-1, Dest: edge-node-2
[18:50:09] Server: edge-host-1
[18:50:09] Transfer mode: direct

[18:50:09] === TCP CLIENT COLD MIGRATION ===
[18:50:09] Step 1: Checking source client process...
[18:50:09]   Using PID from /home/ubuntu/tcp_client.pid: 2014189
[18:50:10]   Server connections so far: 1
[18:50:11] Step 2: Dumping client with CRIU (--tcp-established)...
[18:50:11] Step 2.5: Moving VIP to destination...
[18:50:12]   Moving VIP 10.22.132.250 from edge-node-1:ens3 -> edge-node-2:ens3
[18:50:17] Step 3: Creating archive...
[18:50:17] Step 4: Transferring archive...
[18:50:17]   Setting up direct SSH trust...
Setting up SSH trust: edge-node-1 → ubuntu@10.22.132.239
  Adding public key to destination's authorized_keys...
  Testing SSH connectivity...
  ✓ SSH trust ready
Setting up SSH trust: edge-node-1 → ubuntu@10.22.132.239
  Adding public key to destination's authorized_keys...
  Testing SSH connectivity...
  ✓ SSH trust ready
  Transferring /home/ubuntu/CRIU-tcp-client.tar.gz via SCP...
[18:50:22] Step 5: Unpacking on destination...
[18:50:22] Step 6: Preparing restore environment...
[18:50:23] Step 7: Restoring client with CRIU (--tcp-established)...
[18:50:23]   Restored PID: 2014189
[18:50:23] Step 8: Verifying connection continuity...
[18:50:27]   Client output (tail): PP 5 -> 5
[18:50:27]   Server connections so far: 1
[18:50:27] ✓ SUCCESS: Client restored and TCP socket appears established
[18:50:27] Total downtime: 3539 ms
[18:50:27] Metrics saved to /home/ivo/Documents/University/4to/Thesis-AAAAAAAa/Container-vs-Wasm-Service-Migration/Network-live-migration/metrics/migration_metrics.csv
[exit=0]

$ python3 /home/ivo/Documents/University/4to/Thesis-AAAAAAAa/Container-vs-Wasm-Service-Migration/Network-live-migration/scripts/setup/reset_nodes.py edge-node-1 edge-node-2 edge-host-1 10.22.132.250
[18:50:29] Resetting nodes: edge-node-1 -> edge-node-2 (server: edge-host-1, vip: 10.22.132.250)
[18:50:29] Step 1: Killing any existing processes on source...
[18:50:29]   Killing PID 2014189 (from /home/ubuntu/tcp_client.pid)
[18:50:30]   Killing PID 2014189 (from /home/ubuntu/client.pid)
[18:50:30]   Killing any remaining background processes...
[18:50:32] Step 2: Cleaning source node...
[18:50:33] Step 3: Cleaning destination node...
[18:50:34]   Killing PID 2014189 on destination (from /home/ubuntu/tcp_client.pid)
[18:50:34]   Killing PID 2014189 on destination (from /home/ubuntu/client.pid)
[18:50:35]   Killing all remaining TCP processes on destination...
[18:50:38] Step 4: Cleaning server node (edge-host-1)...
[18:50:39]   Killing PID 505410 on server (from /home/ubuntu/tcp_server.pid)
[18:50:41] ✓ Reset complete, nodes are clean
[18:50:41]   Next: Start your application
[exit=0]

$ bash /home/ivo/Documents/University/4to/Thesis-AAAAAAAa/Container-vs-Wasm-Service-Migration/Network-live-migration/scripts/workloads/start_tcp_server.sh edge-host-1 5000
[tcp-server] Transferring tcp-howto.c to edge-host-1...
[tcp-server] Compiling on edge-host-1...
[tcp-server] Starting on edge-host-1 (port 5000)...
[tcp-server] Waiting for listen...
✓ TCP server listening on edge-host-1:5000
[tcp-server] Logs: multipass exec edge-host-1 -- tail -f /home/ubuntu/tcp_server.out
[exit=0]

$ bash /home/ivo/Documents/University/4to/Thesis-AAAAAAAa/Container-vs-Wasm-Service-Migration/Network-live-migration/scripts/workloads/start_tcp_client.sh edge-node-1 edge-host-1 5000
[tcp-client] Server endpoint: 10.22.132.176:5000
[tcp-client] Client VIP: 10.22.132.250
[tcp-client] Transferring tcp-howto.c to edge-node-1...
[tcp-client] Compiling on edge-node-1...
[tcp-client] Ensuring VIP 10.22.132.250 is present on edge-node-1...
ARPING 10.22.132.250 from 10.22.132.250 ens3
Sent 3 probes (3 broadcast(s))
Received 0 response(s)
[tcp-client] Starting on edge-node-1...
[tcp-client] Waiting for established TCP connection...
✓ TCP client connected (PID: 2016320)
[tcp-client] Logs: multipass exec edge-node-1 -- tail -f /home/ubuntu/tcp_client.out
[exit=0]

$ python3 /home/ivo/Documents/University/4to/Thesis-AAAAAAAa/Container-vs-Wasm-Service-Migration/Network-live-migration/scripts/orchestrators/tcp_client_benchmark.py cold --source edge-node-1 --dest edge-node-2 --server edge-host-1 --transfer-mode direct --run-id 22-04-2026-direct-cold-0017 --csv /home/ivo/Documents/University/4to/Thesis-AAAAAAAa/Container-vs-Wasm-Service-Migration/Network-live-migration/metrics/migration_metrics.csv --profile-name 1_WiFi_6
[18:50:50] === TCP CLIENT MIGRATION ===
[18:50:50] Run ID: 22-04-2026-direct-cold-0017
[18:50:50] Source: edge-node-1, Dest: edge-node-2
[18:50:50] Server: edge-host-1
[18:50:50] Transfer mode: direct

[18:50:50] === TCP CLIENT COLD MIGRATION ===
[18:50:50] Step 1: Checking source client process...
[18:50:51]   Using PID from /home/ubuntu/tcp_client.pid: 2016320
[18:50:52]   Server connections so far: 1
[18:50:52] Step 2: Dumping client with CRIU (--tcp-established)...
[18:50:53] Step 2.5: Moving VIP to destination...
[18:50:53]   Moving VIP 10.22.132.250 from edge-node-1:ens3 -> edge-node-2:ens3
[18:50:58] Step 3: Creating archive...
[18:50:59] Step 4: Transferring archive...
[18:50:59]   Setting up direct SSH trust...
Setting up SSH trust: edge-node-1 → ubuntu@10.22.132.239
  Adding public key to destination's authorized_keys...
  Testing SSH connectivity...
  ✓ SSH trust ready
Setting up SSH trust: edge-node-1 → ubuntu@10.22.132.239
  Adding public key to destination's authorized_keys...
  Testing SSH connectivity...
  ✓ SSH trust ready
  Transferring /home/ubuntu/CRIU-tcp-client.tar.gz via SCP...
[18:51:03] Step 5: Unpacking on destination...
[18:51:04] Step 6: Preparing restore environment...
[18:51:04] Step 7: Restoring client with CRIU (--tcp-established)...
[18:51:05]   Restored PID: 2016320
[18:51:05] Step 8: Verifying connection continuity...
[18:51:08]   Client output (tail): PP 5 -> 5
[18:51:09]   Server connections so far: 1
[18:51:09] ✓ SUCCESS: Client restored and TCP socket appears established
[18:51:09] Total downtime: 3504 ms
[18:51:09] Metrics saved to /home/ivo/Documents/University/4to/Thesis-AAAAAAAa/Container-vs-Wasm-Service-Migration/Network-live-migration/metrics/migration_metrics.csv
[exit=0]

$ python3 /home/ivo/Documents/University/4to/Thesis-AAAAAAAa/Container-vs-Wasm-Service-Migration/Network-live-migration/scripts/setup/reset_nodes.py edge-node-1 edge-node-2 edge-host-1 10.22.132.250
[18:51:10] Resetting nodes: edge-node-1 -> edge-node-2 (server: edge-host-1, vip: 10.22.132.250)
[18:51:10] Step 1: Killing any existing processes on source...
[18:51:10]   Killing PID 2016320 (from /home/ubuntu/tcp_client.pid)
[18:51:11]   Killing PID 2016320 (from /home/ubuntu/client.pid)
[18:51:11]   Killing any remaining background processes...
[18:51:13] Step 2: Cleaning source node...
[18:51:14] Step 3: Cleaning destination node...
[18:51:15]   Killing PID 2016320 on destination (from /home/ubuntu/tcp_client.pid)
[18:51:15]   Killing PID 2016320 on destination (from /home/ubuntu/client.pid)
[18:51:16]   Killing all remaining TCP processes on destination...
[18:51:19] Step 4: Cleaning server node (edge-host-1)...
[18:51:19]   Killing PID 506527 on server (from /home/ubuntu/tcp_server.pid)
[18:51:21] ✓ Reset complete, nodes are clean
[18:51:21]   Next: Start your application
[exit=0]

$ bash /home/ivo/Documents/University/4to/Thesis-AAAAAAAa/Container-vs-Wasm-Service-Migration/Network-live-migration/scripts/workloads/start_tcp_server.sh edge-host-1 5000
[tcp-server] Transferring tcp-howto.c to edge-host-1...
[tcp-server] Compiling on edge-host-1...
[tcp-server] Starting on edge-host-1 (port 5000)...
[tcp-server] Waiting for listen...
✓ TCP server listening on edge-host-1:5000
[tcp-server] Logs: multipass exec edge-host-1 -- tail -f /home/ubuntu/tcp_server.out
[exit=0]

$ bash /home/ivo/Documents/University/4to/Thesis-AAAAAAAa/Container-vs-Wasm-Service-Migration/Network-live-migration/scripts/workloads/start_tcp_client.sh edge-node-1 edge-host-1 5000
[tcp-client] Server endpoint: 10.22.132.176:5000
[tcp-client] Client VIP: 10.22.132.250
[tcp-client] Transferring tcp-howto.c to edge-node-1...
[tcp-client] Compiling on edge-node-1...
[tcp-client] Ensuring VIP 10.22.132.250 is present on edge-node-1...
ARPING 10.22.132.250 from 10.22.132.250 ens3
Sent 3 probes (3 broadcast(s))
Received 0 response(s)
[tcp-client] Starting on edge-node-1...
[tcp-client] Waiting for established TCP connection...
✓ TCP client connected (PID: 2018451)
[tcp-client] Logs: multipass exec edge-node-1 -- tail -f /home/ubuntu/tcp_client.out
[exit=0]

$ python3 /home/ivo/Documents/University/4to/Thesis-AAAAAAAa/Container-vs-Wasm-Service-Migration/Network-live-migration/scripts/orchestrators/tcp_client_benchmark.py cold --source edge-node-1 --dest edge-node-2 --server edge-host-1 --transfer-mode direct --run-id 22-04-2026-direct-cold-0018 --csv /home/ivo/Documents/University/4to/Thesis-AAAAAAAa/Container-vs-Wasm-Service-Migration/Network-live-migration/metrics/migration_metrics.csv --profile-name 1_WiFi_6
[18:51:31] === TCP CLIENT MIGRATION ===
[18:51:31] Run ID: 22-04-2026-direct-cold-0018
[18:51:31] Source: edge-node-1, Dest: edge-node-2
[18:51:31] Server: edge-host-1
[18:51:31] Transfer mode: direct

[18:51:31] === TCP CLIENT COLD MIGRATION ===
[18:51:31] Step 1: Checking source client process...
[18:51:32]   Using PID from /home/ubuntu/tcp_client.pid: 2018451
[18:51:33]   Server connections so far: 1
[18:51:33] Step 2: Dumping client with CRIU (--tcp-established)...
[18:51:34] Step 2.5: Moving VIP to destination...
[18:51:34]   Moving VIP 10.22.132.250 from edge-node-1:ens3 -> edge-node-2:ens3
[18:51:39] Step 3: Creating archive...
[18:51:40] Step 4: Transferring archive...
[18:51:40]   Setting up direct SSH trust...
Setting up SSH trust: edge-node-1 → ubuntu@10.22.132.239
  Adding public key to destination's authorized_keys...
  Testing SSH connectivity...
  ✓ SSH trust ready
Setting up SSH trust: edge-node-1 → ubuntu@10.22.132.239
  Adding public key to destination's authorized_keys...
  Testing SSH connectivity...
  ✓ SSH trust ready
  Transferring /home/ubuntu/CRIU-tcp-client.tar.gz via SCP...
[18:51:45] Step 5: Unpacking on destination...
[18:51:45] Step 6: Preparing restore environment...
[18:51:46] Step 7: Restoring client with CRIU (--tcp-established)...
[18:51:46]   Restored PID: 2018451
[18:51:46] Step 8: Verifying connection continuity...
[18:51:50]   Client output (tail): PP 5 -> 5
[18:51:50]   Server connections so far: 1
[18:51:50] ✓ SUCCESS: Client restored and TCP socket appears established
[18:51:50] Total downtime: 3510 ms
[18:51:50] Metrics saved to /home/ivo/Documents/University/4to/Thesis-AAAAAAAa/Container-vs-Wasm-Service-Migration/Network-live-migration/metrics/migration_metrics.csv
[exit=0]

$ python3 /home/ivo/Documents/University/4to/Thesis-AAAAAAAa/Container-vs-Wasm-Service-Migration/Network-live-migration/scripts/setup/reset_nodes.py edge-node-1 edge-node-2 edge-host-1 10.22.132.250
[18:51:51] Resetting nodes: edge-node-1 -> edge-node-2 (server: edge-host-1, vip: 10.22.132.250)
[18:51:51] Step 1: Killing any existing processes on source...
[18:51:51]   Killing PID 2018451 (from /home/ubuntu/tcp_client.pid)
[18:51:52]   Killing PID 2018451 (from /home/ubuntu/client.pid)
[18:51:53]   Killing any remaining background processes...
[18:51:54] Step 2: Cleaning source node...
[18:51:56] Step 3: Cleaning destination node...
[18:51:56]   Killing PID 2018451 on destination (from /home/ubuntu/tcp_client.pid)
[18:51:57]   Killing PID 2018451 on destination (from /home/ubuntu/client.pid)
[18:51:57]   Killing all remaining TCP processes on destination...
[18:52:00] Step 4: Cleaning server node (edge-host-1)...
[18:52:01]   Killing PID 507634 on server (from /home/ubuntu/tcp_server.pid)
[18:52:03] ✓ Reset complete, nodes are clean
[18:52:03]   Next: Start your application
[exit=0]

$ bash /home/ivo/Documents/University/4to/Thesis-AAAAAAAa/Container-vs-Wasm-Service-Migration/Network-live-migration/scripts/workloads/start_tcp_server.sh edge-host-1 5000
[tcp-server] Transferring tcp-howto.c to edge-host-1...
[tcp-server] Compiling on edge-host-1...
[tcp-server] Starting on edge-host-1 (port 5000)...
[tcp-server] Waiting for listen...
✓ TCP server listening on edge-host-1:5000
[tcp-server] Logs: multipass exec edge-host-1 -- tail -f /home/ubuntu/tcp_server.out
[exit=0]

$ bash /home/ivo/Documents/University/4to/Thesis-AAAAAAAa/Container-vs-Wasm-Service-Migration/Network-live-migration/scripts/workloads/start_tcp_client.sh edge-node-1 edge-host-1 5000
[tcp-client] Server endpoint: 10.22.132.176:5000
[tcp-client] Client VIP: 10.22.132.250
[tcp-client] Transferring tcp-howto.c to edge-node-1...
[tcp-client] Compiling on edge-node-1...
[tcp-client] Ensuring VIP 10.22.132.250 is present on edge-node-1...
ARPING 10.22.132.250 from 10.22.132.250 ens3
Sent 3 probes (3 broadcast(s))
Received 0 response(s)
[tcp-client] Starting on edge-node-1...
[tcp-client] Waiting for established TCP connection...
✓ TCP client connected (PID: 2020572)
[tcp-client] Logs: multipass exec edge-node-1 -- tail -f /home/ubuntu/tcp_client.out
[exit=0]

$ python3 /home/ivo/Documents/University/4to/Thesis-AAAAAAAa/Container-vs-Wasm-Service-Migration/Network-live-migration/scripts/orchestrators/tcp_client_benchmark.py cold --source edge-node-1 --dest edge-node-2 --server edge-host-1 --transfer-mode direct --run-id 22-04-2026-direct-cold-0019 --csv /home/ivo/Documents/University/4to/Thesis-AAAAAAAa/Container-vs-Wasm-Service-Migration/Network-live-migration/metrics/migration_metrics.csv --profile-name 1_WiFi_6
[18:52:12] === TCP CLIENT MIGRATION ===
[18:52:12] Run ID: 22-04-2026-direct-cold-0019
[18:52:12] Source: edge-node-1, Dest: edge-node-2
[18:52:12] Server: edge-host-1
[18:52:12] Transfer mode: direct

[18:52:12] === TCP CLIENT COLD MIGRATION ===
[18:52:12] Step 1: Checking source client process...
[18:52:13]   Using PID from /home/ubuntu/tcp_client.pid: 2020572
[18:52:14]   Server connections so far: 1
[18:52:14] Step 2: Dumping client with CRIU (--tcp-established)...
[18:52:15] Step 2.5: Moving VIP to destination...
[18:52:15]   Moving VIP 10.22.132.250 from edge-node-1:ens3 -> edge-node-2:ens3
[18:52:20] Step 3: Creating archive...
[18:52:21] Step 4: Transferring archive...
[18:52:21]   Setting up direct SSH trust...
Setting up SSH trust: edge-node-1 → ubuntu@10.22.132.239
  Adding public key to destination's authorized_keys...
  Testing SSH connectivity...
  ✓ SSH trust ready
Setting up SSH trust: edge-node-1 → ubuntu@10.22.132.239
  Adding public key to destination's authorized_keys...
  Testing SSH connectivity...
  ✓ SSH trust ready
  Transferring /home/ubuntu/CRIU-tcp-client.tar.gz via SCP...
[18:52:26] Step 5: Unpacking on destination...
[18:52:26] Step 6: Preparing restore environment...
[18:52:26] Step 7: Restoring client with CRIU (--tcp-established)...
[18:52:27]   Restored PID: 2020572
[18:52:27] Step 8: Verifying connection continuity...
[18:52:30]   Client output (tail): PP 5 -> 5
[18:52:31]   Server connections so far: 1
[18:52:31] ✓ SUCCESS: Client restored and TCP socket appears established
[18:52:31] Total downtime: 3454 ms
[18:52:31] Metrics saved to /home/ivo/Documents/University/4to/Thesis-AAAAAAAa/Container-vs-Wasm-Service-Migration/Network-live-migration/metrics/migration_metrics.csv
[exit=0]

$ python3 /home/ivo/Documents/University/4to/Thesis-AAAAAAAa/Container-vs-Wasm-Service-Migration/Network-live-migration/scripts/setup/reset_nodes.py edge-node-1 edge-node-2 edge-host-1 10.22.132.250
[18:52:33] Resetting nodes: edge-node-1 -> edge-node-2 (server: edge-host-1, vip: 10.22.132.250)
[18:52:33] Step 1: Killing any existing processes on source...
[18:52:33]   Killing PID 2020572 (from /home/ubuntu/tcp_client.pid)
[18:52:34]   Killing PID 2020572 (from /home/ubuntu/client.pid)
[18:52:34]   Killing any remaining background processes...
[18:52:35] Step 2: Cleaning source node...
[18:52:37] Step 3: Cleaning destination node...
[18:52:37]   Killing PID 2020572 on destination (from /home/ubuntu/tcp_client.pid)
[18:52:38]   Killing PID 2020572 on destination (from /home/ubuntu/client.pid)
[18:52:39]   Killing all remaining TCP processes on destination...
[18:52:42] Step 4: Cleaning server node (edge-host-1)...
[18:52:42]   Killing PID 508745 on server (from /home/ubuntu/tcp_server.pid)
[18:52:45] ✓ Reset complete, nodes are clean
[18:52:45]   Next: Start your application
[exit=0]

$ bash /home/ivo/Documents/University/4to/Thesis-AAAAAAAa/Container-vs-Wasm-Service-Migration/Network-live-migration/scripts/workloads/start_tcp_server.sh edge-host-1 5000
[tcp-server] Transferring tcp-howto.c to edge-host-1...
[tcp-server] Compiling on edge-host-1...
[tcp-server] Starting on edge-host-1 (port 5000)...
[tcp-server] Waiting for listen...
✓ TCP server listening on edge-host-1:5000
[tcp-server] Logs: multipass exec edge-host-1 -- tail -f /home/ubuntu/tcp_server.out
[exit=0]

$ bash /home/ivo/Documents/University/4to/Thesis-AAAAAAAa/Container-vs-Wasm-Service-Migration/Network-live-migration/scripts/workloads/start_tcp_client.sh edge-node-1 edge-host-1 5000
[tcp-client] Server endpoint: 10.22.132.176:5000
[tcp-client] Client VIP: 10.22.132.250
[tcp-client] Transferring tcp-howto.c to edge-node-1...
[tcp-client] Compiling on edge-node-1...
[tcp-client] Ensuring VIP 10.22.132.250 is present on edge-node-1...
ARPING 10.22.132.250 from 10.22.132.250 ens3
Sent 3 probes (3 broadcast(s))
Received 0 response(s)
[tcp-client] Starting on edge-node-1...
[tcp-client] Waiting for established TCP connection...
✓ TCP client connected (PID: 2022702)
[tcp-client] Logs: multipass exec edge-node-1 -- tail -f /home/ubuntu/tcp_client.out
[exit=0]

$ python3 /home/ivo/Documents/University/4to/Thesis-AAAAAAAa/Container-vs-Wasm-Service-Migration/Network-live-migration/scripts/orchestrators/tcp_client_benchmark.py precopy --source edge-node-1 --dest edge-node-2 --server edge-host-1 --transfer-mode host --run-id 22-04-2026-host-precopy-0000 --csv /home/ivo/Documents/University/4to/Thesis-AAAAAAAa/Container-vs-Wasm-Service-Migration/Network-live-migration/metrics/migration_metrics.csv --profile-name 1_WiFi_6 --relay-node edge-host-1 --iterations 3
[18:52:54] === TCP CLIENT MIGRATION ===
[18:52:54] Run ID: 22-04-2026-host-precopy-0000
[18:52:54] Source: edge-node-1, Dest: edge-node-2
[18:52:54] Server: edge-host-1
[18:52:54] Transfer mode: host
[18:52:54] Relay node: edge-host-1

[18:52:54] === TCP CLIENT PRE-COPY MIGRATION (3 iterations) ===
[18:52:54] Step 1: Checking source client process...
[18:52:55]   Using PID from /home/ubuntu/tcp_client.pid: 2022702
[18:52:55]   Server connections so far: 1
[18:52:56] Step 2: Preparing CRIU directory...
[18:52:56] Step 3: Running 3 pre-dumps (client keeps running)...
[18:52:57]   Pre-dump 1/3 complete
[18:52:58]   Pre-dump 2/3 complete
[18:52:59]   Pre-dump 3/3 complete
[18:53:00] Step 4: Final dump (freezing client)...
[18:53:01] Step 4.5: Moving VIP to destination...
[18:53:01]   Moving VIP 10.22.132.250 from edge-node-1:ens3 -> edge-node-2:ens3
[18:53:06] Step 5: Creating archive...
[18:53:07] Step 6: Transferring archive...
  Transferring /home/ubuntu/CRIU-tcp-client.tar.gz via relay node edge-host-1...
Setting up SSH trust: edge-node-1 → ubuntu@10.22.132.176
  Adding public key to destination's authorized_keys...
  Testing SSH connectivity...
  ✓ SSH trust ready
Setting up SSH trust: edge-host-1 → ubuntu@10.22.132.239
  Adding public key to destination's authorized_keys...
  Testing SSH connectivity...
  ✓ SSH trust ready
[18:53:13] Step 7: Unpacking on destination...
[18:53:13] Step 8: Preparing restore environment...
[18:53:14] Step 9: Restoring client (--tcp-established)...
[18:53:14] Step 10: Verifying connection continuity...
[18:53:18]   Client output (tail): PP 8 -> 8
[18:53:18]   Server connections so far: 1
[18:53:18] ✓ SUCCESS: Client restored and TCP socket appears established
[18:53:18] Metrics saved to /home/ivo/Documents/University/4to/Thesis-AAAAAAAa/Container-vs-Wasm-Service-Migration/Network-live-migration/metrics/migration_metrics.csv
[exit=0]

$ python3 /home/ivo/Documents/University/4to/Thesis-AAAAAAAa/Container-vs-Wasm-Service-Migration/Network-live-migration/scripts/setup/reset_nodes.py edge-node-1 edge-node-2 edge-host-1 10.22.132.250
[18:53:19] Resetting nodes: edge-node-1 -> edge-node-2 (server: edge-host-1, vip: 10.22.132.250)
[18:53:19] Step 1: Killing any existing processes on source...
[18:53:20]   Killing PID 2022702 (from /home/ubuntu/tcp_client.pid)
[18:53:20]   Killing PID 2022702 (from /home/ubuntu/client.pid)
[18:53:21]   Killing any remaining background processes...
[18:53:22] Step 2: Cleaning source node...
[18:53:24] Step 3: Cleaning destination node...
[18:53:24]   Killing PID 2022702 on destination (from /home/ubuntu/tcp_client.pid)
[18:53:25]   Killing PID 2022702 on destination (from /home/ubuntu/client.pid)
[18:53:26]   Killing all remaining TCP processes on destination...
[18:53:29] Step 4: Cleaning server node (edge-host-1)...
[18:53:29]   Killing PID 509858 on server (from /home/ubuntu/tcp_server.pid)
[18:53:31] ✓ Reset complete, nodes are clean
[18:53:31]   Next: Start your application
[exit=0]

$ bash /home/ivo/Documents/University/4to/Thesis-AAAAAAAa/Container-vs-Wasm-Service-Migration/Network-live-migration/scripts/workloads/start_tcp_server.sh edge-host-1 5000
[tcp-server] Transferring tcp-howto.c to edge-host-1...
[tcp-server] Compiling on edge-host-1...
[tcp-server] Starting on edge-host-1 (port 5000)...
[tcp-server] Waiting for listen...
✓ TCP server listening on edge-host-1:5000
[tcp-server] Logs: multipass exec edge-host-1 -- tail -f /home/ubuntu/tcp_server.out
[exit=0]

$ bash /home/ivo/Documents/University/4to/Thesis-AAAAAAAa/Container-vs-Wasm-Service-Migration/Network-live-migration/scripts/workloads/start_tcp_client.sh edge-node-1 edge-host-1 5000
[tcp-client] Server endpoint: 10.22.132.176:5000
[tcp-client] Client VIP: 10.22.132.250
[tcp-client] Transferring tcp-howto.c to edge-node-1...
[tcp-client] Compiling on edge-node-1...
[tcp-client] Ensuring VIP 10.22.132.250 is present on edge-node-1...
ARPING 10.22.132.250 from 10.22.132.250 ens3
Sent 3 probes (3 broadcast(s))
Received 0 response(s)
[tcp-client] Starting on edge-node-1...
[tcp-client] Waiting for established TCP connection...
✓ TCP client connected (PID: 2024958)
[tcp-client] Logs: multipass exec edge-node-1 -- tail -f /home/ubuntu/tcp_client.out
[exit=0]

$ python3 /home/ivo/Documents/University/4to/Thesis-AAAAAAAa/Container-vs-Wasm-Service-Migration/Network-live-migration/scripts/orchestrators/tcp_client_benchmark.py precopy --source edge-node-1 --dest edge-node-2 --server edge-host-1 --transfer-mode host --run-id 22-04-2026-host-precopy-0001 --csv /home/ivo/Documents/University/4to/Thesis-AAAAAAAa/Container-vs-Wasm-Service-Migration/Network-live-migration/metrics/migration_metrics.csv --profile-name 1_WiFi_6 --relay-node edge-host-1 --iterations 3
[18:53:41] === TCP CLIENT MIGRATION ===
[18:53:41] Run ID: 22-04-2026-host-precopy-0001
[18:53:41] Source: edge-node-1, Dest: edge-node-2
[18:53:41] Server: edge-host-1
[18:53:41] Transfer mode: host
[18:53:41] Relay node: edge-host-1

[18:53:41] === TCP CLIENT PRE-COPY MIGRATION (3 iterations) ===
[18:53:41] Step 1: Checking source client process...
[18:53:42]   Using PID from /home/ubuntu/tcp_client.pid: 2024958
[18:53:43]   Server connections so far: 1
[18:53:44] Step 2: Preparing CRIU directory...
[18:53:44] Step 3: Running 3 pre-dumps (client keeps running)...
[18:53:44]   Pre-dump 1/3 complete
[18:53:46]   Pre-dump 2/3 complete
[18:53:47]   Pre-dump 3/3 complete
[18:53:48] Step 4: Final dump (freezing client)...
[18:53:48] Step 4.5: Moving VIP to destination...
[18:53:49]   Moving VIP 10.22.132.250 from edge-node-1:ens3 -> edge-node-2:ens3
[18:53:53] Step 5: Creating archive...
[18:53:54] Step 6: Transferring archive...
  Transferring /home/ubuntu/CRIU-tcp-client.tar.gz via relay node edge-host-1...
Setting up SSH trust: edge-node-1 → ubuntu@10.22.132.176
  Adding public key to destination's authorized_keys...
  Testing SSH connectivity...
  ✓ SSH trust ready
Setting up SSH trust: edge-host-1 → ubuntu@10.22.132.239
  Adding public key to destination's authorized_keys...
  Testing SSH connectivity...
  ✓ SSH trust ready
[18:54:00] Step 7: Unpacking on destination...
[18:54:01] Step 8: Preparing restore environment...
[18:54:01] Step 9: Restoring client (--tcp-established)...
[18:54:02] Step 10: Verifying connection continuity...
[18:54:05]   Client output (tail): PP 8 -> 8
[18:54:06]   Server connections so far: 1
[18:54:06] ✓ SUCCESS: Client restored and TCP socket appears established
[18:54:06] Metrics saved to /home/ivo/Documents/University/4to/Thesis-AAAAAAAa/Container-vs-Wasm-Service-Migration/Network-live-migration/metrics/migration_metrics.csv
[exit=0]

$ python3 /home/ivo/Documents/University/4to/Thesis-AAAAAAAa/Container-vs-Wasm-Service-Migration/Network-live-migration/scripts/setup/reset_nodes.py edge-node-1 edge-node-2 edge-host-1 10.22.132.250
[18:54:07] Resetting nodes: edge-node-1 -> edge-node-2 (server: edge-host-1, vip: 10.22.132.250)
[18:54:07] Step 1: Killing any existing processes on source...
[18:54:07]   Killing PID 2024958 (from /home/ubuntu/tcp_client.pid)
[18:54:08]   Killing PID 2024958 (from /home/ubuntu/client.pid)
[18:54:08]   Killing any remaining background processes...
[18:54:10] Step 2: Cleaning source node...
[18:54:12] Step 3: Cleaning destination node...
[18:54:12]   Killing PID 2024958 on destination (from /home/ubuntu/tcp_client.pid)
[18:54:13]   Killing PID 2024958 on destination (from /home/ubuntu/client.pid)
[18:54:13]   Killing all remaining TCP processes on destination...
[18:54:16] Step 4: Cleaning server node (edge-host-1)...
[18:54:16]   Killing PID 511501 on server (from /home/ubuntu/tcp_server.pid)
[18:54:19] ✓ Reset complete, nodes are clean
[18:54:19]   Next: Start your application
[exit=0]

$ bash /home/ivo/Documents/University/4to/Thesis-AAAAAAAa/Container-vs-Wasm-Service-Migration/Network-live-migration/scripts/workloads/start_tcp_server.sh edge-host-1 5000
[tcp-server] Transferring tcp-howto.c to edge-host-1...
[tcp-server] Compiling on edge-host-1...
[tcp-server] Starting on edge-host-1 (port 5000)...
[tcp-server] Waiting for listen...
✓ TCP server listening on edge-host-1:5000
[tcp-server] Logs: multipass exec edge-host-1 -- tail -f /home/ubuntu/tcp_server.out
[exit=0]

$ bash /home/ivo/Documents/University/4to/Thesis-AAAAAAAa/Container-vs-Wasm-Service-Migration/Network-live-migration/scripts/workloads/start_tcp_client.sh edge-node-1 edge-host-1 5000
[tcp-client] Server endpoint: 10.22.132.176:5000
[tcp-client] Client VIP: 10.22.132.250
[tcp-client] Transferring tcp-howto.c to edge-node-1...
[tcp-client] Compiling on edge-node-1...
[tcp-client] Ensuring VIP 10.22.132.250 is present on edge-node-1...
ARPING 10.22.132.250 from 10.22.132.250 ens3
Sent 3 probes (3 broadcast(s))
Received 0 response(s)
[tcp-client] Starting on edge-node-1...
[tcp-client] Waiting for established TCP connection...
✓ TCP client connected (PID: 2027197)
[tcp-client] Logs: multipass exec edge-node-1 -- tail -f /home/ubuntu/tcp_client.out
[exit=0]

$ python3 /home/ivo/Documents/University/4to/Thesis-AAAAAAAa/Container-vs-Wasm-Service-Migration/Network-live-migration/scripts/orchestrators/tcp_client_benchmark.py precopy --source edge-node-1 --dest edge-node-2 --server edge-host-1 --transfer-mode host --run-id 22-04-2026-host-precopy-0002 --csv /home/ivo/Documents/University/4to/Thesis-AAAAAAAa/Container-vs-Wasm-Service-Migration/Network-live-migration/metrics/migration_metrics.csv --profile-name 1_WiFi_6 --relay-node edge-host-1 --iterations 3
[18:54:28] === TCP CLIENT MIGRATION ===
[18:54:28] Run ID: 22-04-2026-host-precopy-0002
[18:54:28] Source: edge-node-1, Dest: edge-node-2
[18:54:28] Server: edge-host-1
[18:54:28] Transfer mode: host
[18:54:28] Relay node: edge-host-1

[18:54:28] === TCP CLIENT PRE-COPY MIGRATION (3 iterations) ===
[18:54:28] Step 1: Checking source client process...
[18:54:29]   Using PID from /home/ubuntu/tcp_client.pid: 2027197
[18:54:30]   Server connections so far: 1
[18:54:30] Step 2: Preparing CRIU directory...
[18:54:31] Step 3: Running 3 pre-dumps (client keeps running)...
[18:54:31]   Pre-dump 1/3 complete
[18:54:32]   Pre-dump 2/3 complete
[18:54:34]   Pre-dump 3/3 complete
[18:54:35] Step 4: Final dump (freezing client)...
[18:54:35] Step 4.5: Moving VIP to destination...
[18:54:36]   Moving VIP 10.22.132.250 from edge-node-1:ens3 -> edge-node-2:ens3
[18:54:40] Step 5: Creating archive...
[18:54:41] Step 6: Transferring archive...
  Transferring /home/ubuntu/CRIU-tcp-client.tar.gz via relay node edge-host-1...
Setting up SSH trust: edge-node-1 → ubuntu@10.22.132.176
  Adding public key to destination's authorized_keys...
  Testing SSH connectivity...
  ✓ SSH trust ready
Setting up SSH trust: edge-host-1 → ubuntu@10.22.132.239
  Adding public key to destination's authorized_keys...
  Testing SSH connectivity...
  ✓ SSH trust ready
[18:54:48] Step 7: Unpacking on destination...
[18:54:48] Step 8: Preparing restore environment...
[18:54:49] Step 9: Restoring client (--tcp-established)...
[18:54:50] Step 10: Verifying connection continuity...
[18:54:53]   Client output (tail): PP 8 -> 8
[18:54:53]   Server connections so far: 1
[18:54:53] ✓ SUCCESS: Client restored and TCP socket appears established
[18:54:53] Metrics saved to /home/ivo/Documents/University/4to/Thesis-AAAAAAAa/Container-vs-Wasm-Service-Migration/Network-live-migration/metrics/migration_metrics.csv
[exit=0]

$ python3 /home/ivo/Documents/University/4to/Thesis-AAAAAAAa/Container-vs-Wasm-Service-Migration/Network-live-migration/scripts/setup/reset_nodes.py edge-node-1 edge-node-2 edge-host-1 10.22.132.250
[18:54:54] Resetting nodes: edge-node-1 -> edge-node-2 (server: edge-host-1, vip: 10.22.132.250)
[18:54:54] Step 1: Killing any existing processes on source...
[18:54:55]   Killing PID 2027197 (from /home/ubuntu/tcp_client.pid)
[18:54:56]   Killing PID 2027197 (from /home/ubuntu/client.pid)
[18:54:56]   Killing any remaining background processes...
[18:54:58] Step 2: Cleaning source node...
[18:54:59] Step 3: Cleaning destination node...
[18:55:00]   Killing PID 2027197 on destination (from /home/ubuntu/tcp_client.pid)
[18:55:01]   Killing PID 2027197 on destination (from /home/ubuntu/client.pid)
[18:55:01]   Killing all remaining TCP processes on destination...
[18:55:04] Step 4: Cleaning server node (edge-host-1)...
[18:55:04]   Killing PID 513153 on server (from /home/ubuntu/tcp_server.pid)
[18:55:07] ✓ Reset complete, nodes are clean
[18:55:07]   Next: Start your application
[exit=0]

$ bash /home/ivo/Documents/University/4to/Thesis-AAAAAAAa/Container-vs-Wasm-Service-Migration/Network-live-migration/scripts/workloads/start_tcp_server.sh edge-host-1 5000
[tcp-server] Transferring tcp-howto.c to edge-host-1...
[tcp-server] Compiling on edge-host-1...
[tcp-server] Starting on edge-host-1 (port 5000)...
[tcp-server] Waiting for listen...
✓ TCP server listening on edge-host-1:5000
[tcp-server] Logs: multipass exec edge-host-1 -- tail -f /home/ubuntu/tcp_server.out
[exit=0]

$ bash /home/ivo/Documents/University/4to/Thesis-AAAAAAAa/Container-vs-Wasm-Service-Migration/Network-live-migration/scripts/workloads/start_tcp_client.sh edge-node-1 edge-host-1 5000
[tcp-client] Server endpoint: 10.22.132.176:5000
[tcp-client] Client VIP: 10.22.132.250
[tcp-client] Transferring tcp-howto.c to edge-node-1...
[tcp-client] Compiling on edge-node-1...
[tcp-client] Ensuring VIP 10.22.132.250 is present on edge-node-1...
ARPING 10.22.132.250 from 10.22.132.250 ens3
Sent 3 probes (3 broadcast(s))
Received 0 response(s)
[tcp-client] Starting on edge-node-1...
[tcp-client] Waiting for established TCP connection...
✓ TCP client connected (PID: 2029454)
[tcp-client] Logs: multipass exec edge-node-1 -- tail -f /home/ubuntu/tcp_client.out
[exit=0]

$ python3 /home/ivo/Documents/University/4to/Thesis-AAAAAAAa/Container-vs-Wasm-Service-Migration/Network-live-migration/scripts/orchestrators/tcp_client_benchmark.py precopy --source edge-node-1 --dest edge-node-2 --server edge-host-1 --transfer-mode host --run-id 22-04-2026-host-precopy-0003 --csv /home/ivo/Documents/University/4to/Thesis-AAAAAAAa/Container-vs-Wasm-Service-Migration/Network-live-migration/metrics/migration_metrics.csv --profile-name 1_WiFi_6 --relay-node edge-host-1 --iterations 3
[18:55:16] === TCP CLIENT MIGRATION ===
[18:55:16] Run ID: 22-04-2026-host-precopy-0003
[18:55:16] Source: edge-node-1, Dest: edge-node-2
[18:55:16] Server: edge-host-1
[18:55:16] Transfer mode: host
[18:55:16] Relay node: edge-host-1

[18:55:16] === TCP CLIENT PRE-COPY MIGRATION (3 iterations) ===
[18:55:16] Step 1: Checking source client process...
[18:55:17]   Using PID from /home/ubuntu/tcp_client.pid: 2029454
[18:55:18]   Server connections so far: 1
[18:55:18] Step 2: Preparing CRIU directory...
[18:55:18] Step 3: Running 3 pre-dumps (client keeps running)...
[18:55:19]   Pre-dump 1/3 complete
[18:55:20]   Pre-dump 2/3 complete
[18:55:21]   Pre-dump 3/3 complete
[18:55:22] Step 4: Final dump (freezing client)...
[18:55:23] Step 4.5: Moving VIP to destination...
[18:55:23]   Moving VIP 10.22.132.250 from edge-node-1:ens3 -> edge-node-2:ens3
[18:55:28] Step 5: Creating archive...
[18:55:29] Step 6: Transferring archive...
  Transferring /home/ubuntu/CRIU-tcp-client.tar.gz via relay node edge-host-1...
Setting up SSH trust: edge-node-1 → ubuntu@10.22.132.176
  Adding public key to destination's authorized_keys...
  Testing SSH connectivity...
  ✓ SSH trust ready
Setting up SSH trust: edge-host-1 → ubuntu@10.22.132.239
  Adding public key to destination's authorized_keys...
  Testing SSH connectivity...
  ✓ SSH trust ready
[18:55:35] Step 7: Unpacking on destination...
[18:55:36] Step 8: Preparing restore environment...
[18:55:36] Step 9: Restoring client (--tcp-established)...
[18:55:37] Step 10: Verifying connection continuity...
[18:55:40]   Client output (tail): PP 8 -> 8
[18:55:41]   Server connections so far: 1
[18:55:41] ✓ SUCCESS: Client restored and TCP socket appears established
[18:55:41] Metrics saved to /home/ivo/Documents/University/4to/Thesis-AAAAAAAa/Container-vs-Wasm-Service-Migration/Network-live-migration/metrics/migration_metrics.csv
[exit=0]

$ python3 /home/ivo/Documents/University/4to/Thesis-AAAAAAAa/Container-vs-Wasm-Service-Migration/Network-live-migration/scripts/setup/reset_nodes.py edge-node-1 edge-node-2 edge-host-1 10.22.132.250
[18:55:42] Resetting nodes: edge-node-1 -> edge-node-2 (server: edge-host-1, vip: 10.22.132.250)
[18:55:42] Step 1: Killing any existing processes on source...
[18:55:42]   Killing PID 2029454 (from /home/ubuntu/tcp_client.pid)
[18:55:43]   Killing PID 2029454 (from /home/ubuntu/client.pid)
[18:55:43]   Killing any remaining background processes...
[18:55:45] Step 2: Cleaning source node...
[18:55:46] Step 3: Cleaning destination node...
[18:55:47]   Killing PID 2029454 on destination (from /home/ubuntu/tcp_client.pid)
[18:55:48]   Killing PID 2029454 on destination (from /home/ubuntu/client.pid)
[18:55:48]   Killing all remaining TCP processes on destination...
[18:55:51] Step 4: Cleaning server node (edge-host-1)...
[18:55:52]   Killing PID 514802 on server (from /home/ubuntu/tcp_server.pid)
[18:55:54] ✓ Reset complete, nodes are clean
[18:55:54]   Next: Start your application
[exit=0]

$ bash /home/ivo/Documents/University/4to/Thesis-AAAAAAAa/Container-vs-Wasm-Service-Migration/Network-live-migration/scripts/workloads/start_tcp_server.sh edge-host-1 5000
[tcp-server] Transferring tcp-howto.c to edge-host-1...
[tcp-server] Compiling on edge-host-1...
[tcp-server] Starting on edge-host-1 (port 5000)...
[tcp-server] Waiting for listen...
✓ TCP server listening on edge-host-1:5000
[tcp-server] Logs: multipass exec edge-host-1 -- tail -f /home/ubuntu/tcp_server.out
[exit=0]

$ bash /home/ivo/Documents/University/4to/Thesis-AAAAAAAa/Container-vs-Wasm-Service-Migration/Network-live-migration/scripts/workloads/start_tcp_client.sh edge-node-1 edge-host-1 5000
[tcp-client] Server endpoint: 10.22.132.176:5000
[tcp-client] Client VIP: 10.22.132.250
[tcp-client] Transferring tcp-howto.c to edge-node-1...
[tcp-client] Compiling on edge-node-1...
[tcp-client] Ensuring VIP 10.22.132.250 is present on edge-node-1...
ARPING 10.22.132.250 from 10.22.132.250 ens3
Sent 3 probes (3 broadcast(s))
Received 0 response(s)
[tcp-client] Starting on edge-node-1...
[tcp-client] Waiting for established TCP connection...
✓ TCP client connected (PID: 2031711)
[tcp-client] Logs: multipass exec edge-node-1 -- tail -f /home/ubuntu/tcp_client.out
[exit=0]

$ python3 /home/ivo/Documents/University/4to/Thesis-AAAAAAAa/Container-vs-Wasm-Service-Migration/Network-live-migration/scripts/orchestrators/tcp_client_benchmark.py precopy --source edge-node-1 --dest edge-node-2 --server edge-host-1 --transfer-mode host --run-id 22-04-2026-host-precopy-0004 --csv /home/ivo/Documents/University/4to/Thesis-AAAAAAAa/Container-vs-Wasm-Service-Migration/Network-live-migration/metrics/migration_metrics.csv --profile-name 1_WiFi_6 --relay-node edge-host-1 --iterations 3
[18:56:04] === TCP CLIENT MIGRATION ===
[18:56:04] Run ID: 22-04-2026-host-precopy-0004
[18:56:04] Source: edge-node-1, Dest: edge-node-2
[18:56:04] Server: edge-host-1
[18:56:04] Transfer mode: host
[18:56:04] Relay node: edge-host-1

[18:56:04] === TCP CLIENT PRE-COPY MIGRATION (3 iterations) ===
[18:56:04] Step 1: Checking source client process...
[18:56:04]   Using PID from /home/ubuntu/tcp_client.pid: 2031711
[18:56:05]   Server connections so far: 1
[18:56:06] Step 2: Preparing CRIU directory...
[18:56:06] Step 3: Running 3 pre-dumps (client keeps running)...
[18:56:06]   Pre-dump 1/3 complete
[18:56:08]   Pre-dump 2/3 complete
[18:56:09]   Pre-dump 3/3 complete
[18:56:10] Step 4: Final dump (freezing client)...
[18:56:10] Step 4.5: Moving VIP to destination...
[18:56:11]   Moving VIP 10.22.132.250 from edge-node-1:ens3 -> edge-node-2:ens3
[18:56:16] Step 5: Creating archive...
[18:56:16] Step 6: Transferring archive...
  Transferring /home/ubuntu/CRIU-tcp-client.tar.gz via relay node edge-host-1...
Setting up SSH trust: edge-node-1 → ubuntu@10.22.132.176
  Adding public key to destination's authorized_keys...
  Testing SSH connectivity...
  ✓ SSH trust ready
Setting up SSH trust: edge-host-1 → ubuntu@10.22.132.239
  Adding public key to destination's authorized_keys...
  Testing SSH connectivity...
  ✓ SSH trust ready
[18:56:23] Step 7: Unpacking on destination...
[18:56:23] Step 8: Preparing restore environment...
[18:56:24] Step 9: Restoring client (--tcp-established)...
[18:56:24] Step 10: Verifying connection continuity...
[18:56:27]   Client output (tail): PP 8 -> 8
[18:56:28]   Server connections so far: 1
[18:56:28] ✓ SUCCESS: Client restored and TCP socket appears established
[18:56:28] Metrics saved to /home/ivo/Documents/University/4to/Thesis-AAAAAAAa/Container-vs-Wasm-Service-Migration/Network-live-migration/metrics/migration_metrics.csv
[exit=0]

$ python3 /home/ivo/Documents/University/4to/Thesis-AAAAAAAa/Container-vs-Wasm-Service-Migration/Network-live-migration/scripts/setup/reset_nodes.py edge-node-1 edge-node-2 edge-host-1 10.22.132.250
[18:56:29] Resetting nodes: edge-node-1 -> edge-node-2 (server: edge-host-1, vip: 10.22.132.250)
[18:56:29] Step 1: Killing any existing processes on source...
[18:56:30]   Killing PID 2031711 (from /home/ubuntu/tcp_client.pid)
[18:56:30]   Killing PID 2031711 (from /home/ubuntu/client.pid)
[18:56:31]   Killing any remaining background processes...
[18:56:32] Step 2: Cleaning source node...
[18:56:34] Step 3: Cleaning destination node...
[18:56:34]   Killing PID 2031711 on destination (from /home/ubuntu/tcp_client.pid)
[18:56:35]   Killing PID 2031711 on destination (from /home/ubuntu/client.pid)
[18:56:36]   Killing all remaining TCP processes on destination...
[18:56:39] Step 4: Cleaning server node (edge-host-1)...
[18:56:39]   Killing PID 516455 on server (from /home/ubuntu/tcp_server.pid)
[18:56:41] ✓ Reset complete, nodes are clean
[18:56:41]   Next: Start your application
[exit=0]

$ bash /home/ivo/Documents/University/4to/Thesis-AAAAAAAa/Container-vs-Wasm-Service-Migration/Network-live-migration/scripts/workloads/start_tcp_server.sh edge-host-1 5000
[tcp-server] Transferring tcp-howto.c to edge-host-1...
[tcp-server] Compiling on edge-host-1...
[tcp-server] Starting on edge-host-1 (port 5000)...
[tcp-server] Waiting for listen...
✓ TCP server listening on edge-host-1:5000
[tcp-server] Logs: multipass exec edge-host-1 -- tail -f /home/ubuntu/tcp_server.out
[exit=0]

$ bash /home/ivo/Documents/University/4to/Thesis-AAAAAAAa/Container-vs-Wasm-Service-Migration/Network-live-migration/scripts/workloads/start_tcp_client.sh edge-node-1 edge-host-1 5000
[tcp-client] Server endpoint: 10.22.132.176:5000
[tcp-client] Client VIP: 10.22.132.250
[tcp-client] Transferring tcp-howto.c to edge-node-1...
[tcp-client] Compiling on edge-node-1...
[tcp-client] Ensuring VIP 10.22.132.250 is present on edge-node-1...
ARPING 10.22.132.250 from 10.22.132.250 ens3
Sent 3 probes (3 broadcast(s))
Received 0 response(s)
[tcp-client] Starting on edge-node-1...
[tcp-client] Waiting for established TCP connection...
✓ TCP client connected (PID: 2034212)
[tcp-client] Logs: multipass exec edge-node-1 -- tail -f /home/ubuntu/tcp_client.out
[exit=0]

$ python3 /home/ivo/Documents/University/4to/Thesis-AAAAAAAa/Container-vs-Wasm-Service-Migration/Network-live-migration/scripts/orchestrators/tcp_client_benchmark.py precopy --source edge-node-1 --dest edge-node-2 --server edge-host-1 --transfer-mode host --run-id 22-04-2026-host-precopy-0005 --csv /home/ivo/Documents/University/4to/Thesis-AAAAAAAa/Container-vs-Wasm-Service-Migration/Network-live-migration/metrics/migration_metrics.csv --profile-name 1_WiFi_6 --relay-node edge-host-1 --iterations 3
[18:56:51] === TCP CLIENT MIGRATION ===
[18:56:51] Run ID: 22-04-2026-host-precopy-0005
[18:56:51] Source: edge-node-1, Dest: edge-node-2
[18:56:51] Server: edge-host-1
[18:56:51] Transfer mode: host
[18:56:51] Relay node: edge-host-1

[18:56:51] === TCP CLIENT PRE-COPY MIGRATION (3 iterations) ===
[18:56:51] Step 1: Checking source client process...
[18:56:52]   Using PID from /home/ubuntu/tcp_client.pid: 2034212
[18:56:53]   Server connections so far: 1
[18:56:53] Step 2: Preparing CRIU directory...
[18:56:54] Step 3: Running 3 pre-dumps (client keeps running)...
[18:56:54]   Pre-dump 1/3 complete
[18:56:55]   Pre-dump 2/3 complete
[18:56:57]   Pre-dump 3/3 complete
[18:56:58] Step 4: Final dump (freezing client)...
[18:56:58] Step 4.5: Moving VIP to destination...
[18:56:59]   Moving VIP 10.22.132.250 from edge-node-1:ens3 -> edge-node-2:ens3
[18:57:03] Step 5: Creating archive...
[18:57:04] Step 6: Transferring archive...
  Transferring /home/ubuntu/CRIU-tcp-client.tar.gz via relay node edge-host-1...
Setting up SSH trust: edge-node-1 → ubuntu@10.22.132.176
  Adding public key to destination's authorized_keys...
  Testing SSH connectivity...
  ✓ SSH trust ready
Setting up SSH trust: edge-host-1 → ubuntu@10.22.132.239
  Adding public key to destination's authorized_keys...
  Testing SSH connectivity...
  ✓ SSH trust ready
[18:57:10] Step 7: Unpacking on destination...
[18:57:11] Step 8: Preparing restore environment...
[18:57:11] Step 9: Restoring client (--tcp-established)...
[18:57:12] Step 10: Verifying connection continuity...
[18:57:15]   Client output (tail): PP 9 -> 9
[18:57:16]   Server connections so far: 1
[18:57:16] ✓ SUCCESS: Client restored and TCP socket appears established
[18:57:16] Metrics saved to /home/ivo/Documents/University/4to/Thesis-AAAAAAAa/Container-vs-Wasm-Service-Migration/Network-live-migration/metrics/migration_metrics.csv
[exit=0]

$ python3 /home/ivo/Documents/University/4to/Thesis-AAAAAAAa/Container-vs-Wasm-Service-Migration/Network-live-migration/scripts/setup/reset_nodes.py edge-node-1 edge-node-2 edge-host-1 10.22.132.250
[18:57:17] Resetting nodes: edge-node-1 -> edge-node-2 (server: edge-host-1, vip: 10.22.132.250)
[18:57:17] Step 1: Killing any existing processes on source...
[18:57:17]   Killing PID 2034212 (from /home/ubuntu/tcp_client.pid)
[18:57:18]   Killing PID 2034212 (from /home/ubuntu/client.pid)
[18:57:18]   Killing any remaining background processes...
[18:57:20] Step 2: Cleaning source node...
[18:57:21] Step 3: Cleaning destination node...
[18:57:22]   Killing PID 2034212 on destination (from /home/ubuntu/tcp_client.pid)
[18:57:22]   Killing PID 2034212 on destination (from /home/ubuntu/client.pid)
[18:57:23]   Killing all remaining TCP processes on destination...
[18:57:26] Step 4: Cleaning server node (edge-host-1)...
[18:57:26]   Killing PID 518351 on server (from /home/ubuntu/tcp_server.pid)
[18:57:29] ✓ Reset complete, nodes are clean
[18:57:29]   Next: Start your application
[exit=0]

$ bash /home/ivo/Documents/University/4to/Thesis-AAAAAAAa/Container-vs-Wasm-Service-Migration/Network-live-migration/scripts/workloads/start_tcp_server.sh edge-host-1 5000
[tcp-server] Transferring tcp-howto.c to edge-host-1...
[tcp-server] Compiling on edge-host-1...
[tcp-server] Starting on edge-host-1 (port 5000)...
[tcp-server] Waiting for listen...
✓ TCP server listening on edge-host-1:5000
[tcp-server] Logs: multipass exec edge-host-1 -- tail -f /home/ubuntu/tcp_server.out
[exit=0]

$ bash /home/ivo/Documents/University/4to/Thesis-AAAAAAAa/Container-vs-Wasm-Service-Migration/Network-live-migration/scripts/workloads/start_tcp_client.sh edge-node-1 edge-host-1 5000
[tcp-client] Server endpoint: 10.22.132.176:5000
[tcp-client] Client VIP: 10.22.132.250
[tcp-client] Transferring tcp-howto.c to edge-node-1...
[tcp-client] Compiling on edge-node-1...
[tcp-client] Ensuring VIP 10.22.132.250 is present on edge-node-1...
ARPING 10.22.132.250 from 10.22.132.250 ens3
Sent 3 probes (3 broadcast(s))
Received 0 response(s)
[tcp-client] Starting on edge-node-1...
[tcp-client] Waiting for established TCP connection...
✓ TCP client connected (PID: 2036469)
[tcp-client] Logs: multipass exec edge-node-1 -- tail -f /home/ubuntu/tcp_client.out
[exit=0]

$ python3 /home/ivo/Documents/University/4to/Thesis-AAAAAAAa/Container-vs-Wasm-Service-Migration/Network-live-migration/scripts/orchestrators/tcp_client_benchmark.py precopy --source edge-node-1 --dest edge-node-2 --server edge-host-1 --transfer-mode host --run-id 22-04-2026-host-precopy-0006 --csv /home/ivo/Documents/University/4to/Thesis-AAAAAAAa/Container-vs-Wasm-Service-Migration/Network-live-migration/metrics/migration_metrics.csv --profile-name 1_WiFi_6 --relay-node edge-host-1 --iterations 3
[18:57:38] === TCP CLIENT MIGRATION ===
[18:57:38] Run ID: 22-04-2026-host-precopy-0006
[18:57:38] Source: edge-node-1, Dest: edge-node-2
[18:57:38] Server: edge-host-1
[18:57:38] Transfer mode: host
[18:57:38] Relay node: edge-host-1

[18:57:38] === TCP CLIENT PRE-COPY MIGRATION (3 iterations) ===
[18:57:38] Step 1: Checking source client process...
[18:57:39]   Using PID from /home/ubuntu/tcp_client.pid: 2036469
[18:57:40]   Server connections so far: 1
[18:57:40] Step 2: Preparing CRIU directory...
[18:57:41] Step 3: Running 3 pre-dumps (client keeps running)...
[18:57:41]   Pre-dump 1/3 complete
[18:57:42]   Pre-dump 2/3 complete
[18:57:44]   Pre-dump 3/3 complete
[18:57:45] Step 4: Final dump (freezing client)...
[18:57:45] Step 4.5: Moving VIP to destination...
[18:57:46]   Moving VIP 10.22.132.250 from edge-node-1:ens3 -> edge-node-2:ens3
[18:57:50] Step 5: Creating archive...
[18:57:51] Step 6: Transferring archive...
  Transferring /home/ubuntu/CRIU-tcp-client.tar.gz via relay node edge-host-1...
Setting up SSH trust: edge-node-1 → ubuntu@10.22.132.176
  Adding public key to destination's authorized_keys...
  Testing SSH connectivity...
  ✓ SSH trust ready
Setting up SSH trust: edge-host-1 → ubuntu@10.22.132.239
  Adding public key to destination's authorized_keys...
  Testing SSH connectivity...
  ✓ SSH trust ready
[18:57:58] Step 7: Unpacking on destination...
[18:57:58] Step 8: Preparing restore environment...
[18:57:59] Step 9: Restoring client (--tcp-established)...
[18:57:59] Step 10: Verifying connection continuity...
[18:58:03]   Client output (tail): PP 8 -> 8
[18:58:03]   Server connections so far: 1
[18:58:03] ✓ SUCCESS: Client restored and TCP socket appears established
[18:58:03] Metrics saved to /home/ivo/Documents/University/4to/Thesis-AAAAAAAa/Container-vs-Wasm-Service-Migration/Network-live-migration/metrics/migration_metrics.csv
[exit=0]

$ python3 /home/ivo/Documents/University/4to/Thesis-AAAAAAAa/Container-vs-Wasm-Service-Migration/Network-live-migration/scripts/setup/reset_nodes.py edge-node-1 edge-node-2 edge-host-1 10.22.132.250
[18:58:04] Resetting nodes: edge-node-1 -> edge-node-2 (server: edge-host-1, vip: 10.22.132.250)
[18:58:04] Step 1: Killing any existing processes on source...
[18:58:05]   Killing PID 2036469 (from /home/ubuntu/tcp_client.pid)
[18:58:05]   Killing PID 2036469 (from /home/ubuntu/client.pid)
[18:58:06]   Killing any remaining background processes...
[18:58:07] Step 2: Cleaning source node...
[18:58:09] Step 3: Cleaning destination node...
[18:58:09]   Killing PID 2036469 on destination (from /home/ubuntu/tcp_client.pid)
[18:58:10]   Killing PID 2036469 on destination (from /home/ubuntu/client.pid)
[18:58:10]   Killing all remaining TCP processes on destination...
[18:58:13] Step 4: Cleaning server node (edge-host-1)...
[18:58:14]   Killing PID 519995 on server (from /home/ubuntu/tcp_server.pid)
[18:58:16] ✓ Reset complete, nodes are clean
[18:58:16]   Next: Start your application
[exit=0]

$ bash /home/ivo/Documents/University/4to/Thesis-AAAAAAAa/Container-vs-Wasm-Service-Migration/Network-live-migration/scripts/workloads/start_tcp_server.sh edge-host-1 5000
[tcp-server] Transferring tcp-howto.c to edge-host-1...
[tcp-server] Compiling on edge-host-1...
[tcp-server] Starting on edge-host-1 (port 5000)...
[tcp-server] Waiting for listen...
✓ TCP server listening on edge-host-1:5000
[tcp-server] Logs: multipass exec edge-host-1 -- tail -f /home/ubuntu/tcp_server.out
[exit=0]

$ bash /home/ivo/Documents/University/4to/Thesis-AAAAAAAa/Container-vs-Wasm-Service-Migration/Network-live-migration/scripts/workloads/start_tcp_client.sh edge-node-1 edge-host-1 5000
[tcp-client] Server endpoint: 10.22.132.176:5000
[tcp-client] Client VIP: 10.22.132.250
[tcp-client] Transferring tcp-howto.c to edge-node-1...
[tcp-client] Compiling on edge-node-1...
[tcp-client] Ensuring VIP 10.22.132.250 is present on edge-node-1...
ARPING 10.22.132.250 from 10.22.132.250 ens3
Sent 3 probes (3 broadcast(s))
Received 0 response(s)
[tcp-client] Starting on edge-node-1...
[tcp-client] Waiting for established TCP connection...
✓ TCP client connected (PID: 2038718)
[tcp-client] Logs: multipass exec edge-node-1 -- tail -f /home/ubuntu/tcp_client.out
[exit=0]

$ python3 /home/ivo/Documents/University/4to/Thesis-AAAAAAAa/Container-vs-Wasm-Service-Migration/Network-live-migration/scripts/orchestrators/tcp_client_benchmark.py precopy --source edge-node-1 --dest edge-node-2 --server edge-host-1 --transfer-mode host --run-id 22-04-2026-host-precopy-0007 --csv /home/ivo/Documents/University/4to/Thesis-AAAAAAAa/Container-vs-Wasm-Service-Migration/Network-live-migration/metrics/migration_metrics.csv --profile-name 1_WiFi_6 --relay-node edge-host-1 --iterations 3
[18:58:25] === TCP CLIENT MIGRATION ===
[18:58:25] Run ID: 22-04-2026-host-precopy-0007
[18:58:25] Source: edge-node-1, Dest: edge-node-2
[18:58:25] Server: edge-host-1
[18:58:25] Transfer mode: host
[18:58:25] Relay node: edge-host-1

[18:58:25] === TCP CLIENT PRE-COPY MIGRATION (3 iterations) ===
[18:58:25] Step 1: Checking source client process...
[18:58:26]   Using PID from /home/ubuntu/tcp_client.pid: 2038718
[18:58:27]   Server connections so far: 1
[18:58:27] Step 2: Preparing CRIU directory...
[18:58:28] Step 3: Running 3 pre-dumps (client keeps running)...
[18:58:28]   Pre-dump 1/3 complete
[18:58:29]   Pre-dump 2/3 complete
[18:58:31]   Pre-dump 3/3 complete
[18:58:32] Step 4: Final dump (freezing client)...
[18:58:32] Step 4.5: Moving VIP to destination...
[18:58:33]   Moving VIP 10.22.132.250 from edge-node-1:ens3 -> edge-node-2:ens3
[18:58:37] Step 5: Creating archive...
[18:58:38] Step 6: Transferring archive...
  Transferring /home/ubuntu/CRIU-tcp-client.tar.gz via relay node edge-host-1...
Setting up SSH trust: edge-node-1 → ubuntu@10.22.132.176
  Adding public key to destination's authorized_keys...
  Testing SSH connectivity...
  ✓ SSH trust ready
Setting up SSH trust: edge-host-1 → ubuntu@10.22.132.239
  Adding public key to destination's authorized_keys...
  Testing SSH connectivity...
  ✓ SSH trust ready
[18:58:45] Step 7: Unpacking on destination...
[18:58:45] Step 8: Preparing restore environment...
[18:58:46] Step 9: Restoring client (--tcp-established)...
[18:58:46] Step 10: Verifying connection continuity...
[18:58:50]   Client output (tail): PP 8 -> 8
[18:58:50]   Server connections so far: 1
[18:58:50] ✓ SUCCESS: Client restored and TCP socket appears established
[18:58:50] Metrics saved to /home/ivo/Documents/University/4to/Thesis-AAAAAAAa/Container-vs-Wasm-Service-Migration/Network-live-migration/metrics/migration_metrics.csv
[exit=0]

$ python3 /home/ivo/Documents/University/4to/Thesis-AAAAAAAa/Container-vs-Wasm-Service-Migration/Network-live-migration/scripts/setup/reset_nodes.py edge-node-1 edge-node-2 edge-host-1 10.22.132.250
[18:58:51] Resetting nodes: edge-node-1 -> edge-node-2 (server: edge-host-1, vip: 10.22.132.250)
[18:58:51] Step 1: Killing any existing processes on source...
[18:58:51]   Killing PID 2038718 (from /home/ubuntu/tcp_client.pid)
[18:58:52]   Killing PID 2038718 (from /home/ubuntu/client.pid)
[18:58:53]   Killing any remaining background processes...
[18:58:54] Step 2: Cleaning source node...
[18:58:56] Step 3: Cleaning destination node...
[18:58:56]   Killing PID 2038718 on destination (from /home/ubuntu/tcp_client.pid)
[18:58:57]   Killing PID 2038718 on destination (from /home/ubuntu/client.pid)
[18:58:58]   Killing all remaining TCP processes on destination...
[18:59:01] Step 4: Cleaning server node (edge-host-1)...
[18:59:01]   Killing PID 521647 on server (from /home/ubuntu/tcp_server.pid)
[18:59:03] ✓ Reset complete, nodes are clean
[18:59:03]   Next: Start your application
[exit=0]

$ bash /home/ivo/Documents/University/4to/Thesis-AAAAAAAa/Container-vs-Wasm-Service-Migration/Network-live-migration/scripts/workloads/start_tcp_server.sh edge-host-1 5000
[tcp-server] Transferring tcp-howto.c to edge-host-1...
[tcp-server] Compiling on edge-host-1...
[tcp-server] Starting on edge-host-1 (port 5000)...
[tcp-server] Waiting for listen...
✓ TCP server listening on edge-host-1:5000
[tcp-server] Logs: multipass exec edge-host-1 -- tail -f /home/ubuntu/tcp_server.out
[exit=0]

$ bash /home/ivo/Documents/University/4to/Thesis-AAAAAAAa/Container-vs-Wasm-Service-Migration/Network-live-migration/scripts/workloads/start_tcp_client.sh edge-node-1 edge-host-1 5000
[tcp-client] Server endpoint: 10.22.132.176:5000
[tcp-client] Client VIP: 10.22.132.250
[tcp-client] Transferring tcp-howto.c to edge-node-1...
[tcp-client] Compiling on edge-node-1...
[tcp-client] Ensuring VIP 10.22.132.250 is present on edge-node-1...
ARPING 10.22.132.250 from 10.22.132.250 ens3
Sent 3 probes (3 broadcast(s))
Received 0 response(s)
[tcp-client] Starting on edge-node-1...
[tcp-client] Waiting for established TCP connection...
✓ TCP client connected (PID: 2040969)
[tcp-client] Logs: multipass exec edge-node-1 -- tail -f /home/ubuntu/tcp_client.out
[exit=0]

$ python3 /home/ivo/Documents/University/4to/Thesis-AAAAAAAa/Container-vs-Wasm-Service-Migration/Network-live-migration/scripts/orchestrators/tcp_client_benchmark.py precopy --source edge-node-1 --dest edge-node-2 --server edge-host-1 --transfer-mode host --run-id 22-04-2026-host-precopy-0008 --csv /home/ivo/Documents/University/4to/Thesis-AAAAAAAa/Container-vs-Wasm-Service-Migration/Network-live-migration/metrics/migration_metrics.csv --profile-name 1_WiFi_6 --relay-node edge-host-1 --iterations 3
[18:59:13] === TCP CLIENT MIGRATION ===
[18:59:13] Run ID: 22-04-2026-host-precopy-0008
[18:59:13] Source: edge-node-1, Dest: edge-node-2
[18:59:13] Server: edge-host-1
[18:59:13] Transfer mode: host
[18:59:13] Relay node: edge-host-1

[18:59:13] === TCP CLIENT PRE-COPY MIGRATION (3 iterations) ===
[18:59:13] Step 1: Checking source client process...
[18:59:14]   Using PID from /home/ubuntu/tcp_client.pid: 2040969
[18:59:14]   Server connections so far: 1
[18:59:15] Step 2: Preparing CRIU directory...
[18:59:15] Step 3: Running 3 pre-dumps (client keeps running)...
[18:59:16]   Pre-dump 1/3 complete
[18:59:17]   Pre-dump 2/3 complete
[18:59:18]   Pre-dump 3/3 complete
[18:59:19] Step 4: Final dump (freezing client)...
[18:59:20] Step 4.5: Moving VIP to destination...
[18:59:20]   Moving VIP 10.22.132.250 from edge-node-1:ens3 -> edge-node-2:ens3
[18:59:25] Step 5: Creating archive...
[18:59:25] Step 6: Transferring archive...
  Transferring /home/ubuntu/CRIU-tcp-client.tar.gz via relay node edge-host-1...
Setting up SSH trust: edge-node-1 → ubuntu@10.22.132.176
  Adding public key to destination's authorized_keys...
  Testing SSH connectivity...
  ✓ SSH trust ready
Setting up SSH trust: edge-host-1 → ubuntu@10.22.132.239
  Adding public key to destination's authorized_keys...
  Testing SSH connectivity...
  ✓ SSH trust ready
[18:59:32] Step 7: Unpacking on destination...
[18:59:32] Step 8: Preparing restore environment...
[18:59:33] Step 9: Restoring client (--tcp-established)...
[18:59:33] Step 10: Verifying connection continuity...
[18:59:37]   Client output (tail): PP 8 -> 8
[18:59:37]   Server connections so far: 1
[18:59:37] ✓ SUCCESS: Client restored and TCP socket appears established
[18:59:37] Metrics saved to /home/ivo/Documents/University/4to/Thesis-AAAAAAAa/Container-vs-Wasm-Service-Migration/Network-live-migration/metrics/migration_metrics.csv
[exit=0]

$ python3 /home/ivo/Documents/University/4to/Thesis-AAAAAAAa/Container-vs-Wasm-Service-Migration/Network-live-migration/scripts/setup/reset_nodes.py edge-node-1 edge-node-2 edge-host-1 10.22.132.250
[18:59:38] Resetting nodes: edge-node-1 -> edge-node-2 (server: edge-host-1, vip: 10.22.132.250)
[18:59:38] Step 1: Killing any existing processes on source...
[18:59:39]   Killing PID 2040969 (from /home/ubuntu/tcp_client.pid)
[18:59:40]   Killing PID 2040969 (from /home/ubuntu/client.pid)
[18:59:40]   Killing any remaining background processes...
[18:59:41] Step 2: Cleaning source node...
[18:59:43] Step 3: Cleaning destination node...
[18:59:43]   Killing PID 2040969 on destination (from /home/ubuntu/tcp_client.pid)
[18:59:44]   Killing PID 2040969 on destination (from /home/ubuntu/client.pid)
[18:59:45]   Killing all remaining TCP processes on destination...
[18:59:48] Step 4: Cleaning server node (edge-host-1)...
[18:59:48]   Killing PID 523298 on server (from /home/ubuntu/tcp_server.pid)
[18:59:50] ✓ Reset complete, nodes are clean
[18:59:50]   Next: Start your application
[exit=0]

$ bash /home/ivo/Documents/University/4to/Thesis-AAAAAAAa/Container-vs-Wasm-Service-Migration/Network-live-migration/scripts/workloads/start_tcp_server.sh edge-host-1 5000
[tcp-server] Transferring tcp-howto.c to edge-host-1...
[tcp-server] Compiling on edge-host-1...
[tcp-server] Starting on edge-host-1 (port 5000)...
[tcp-server] Waiting for listen...
✓ TCP server listening on edge-host-1:5000
[tcp-server] Logs: multipass exec edge-host-1 -- tail -f /home/ubuntu/tcp_server.out
[exit=0]

$ bash /home/ivo/Documents/University/4to/Thesis-AAAAAAAa/Container-vs-Wasm-Service-Migration/Network-live-migration/scripts/workloads/start_tcp_client.sh edge-node-1 edge-host-1 5000
[tcp-client] Server endpoint: 10.22.132.176:5000
[tcp-client] Client VIP: 10.22.132.250
[tcp-client] Transferring tcp-howto.c to edge-node-1...
[tcp-client] Compiling on edge-node-1...
[tcp-client] Ensuring VIP 10.22.132.250 is present on edge-node-1...
ARPING 10.22.132.250 from 10.22.132.250 ens3
Sent 3 probes (3 broadcast(s))
Received 0 response(s)
[tcp-client] Starting on edge-node-1...
[tcp-client] Waiting for established TCP connection...
✓ TCP client connected (PID: 2043225)
[tcp-client] Logs: multipass exec edge-node-1 -- tail -f /home/ubuntu/tcp_client.out
[exit=0]

$ python3 /home/ivo/Documents/University/4to/Thesis-AAAAAAAa/Container-vs-Wasm-Service-Migration/Network-live-migration/scripts/orchestrators/tcp_client_benchmark.py precopy --source edge-node-1 --dest edge-node-2 --server edge-host-1 --transfer-mode host --run-id 22-04-2026-host-precopy-0009 --csv /home/ivo/Documents/University/4to/Thesis-AAAAAAAa/Container-vs-Wasm-Service-Migration/Network-live-migration/metrics/migration_metrics.csv --profile-name 1_WiFi_6 --relay-node edge-host-1 --iterations 3
[19:00:00] === TCP CLIENT MIGRATION ===
[19:00:00] Run ID: 22-04-2026-host-precopy-0009
[19:00:00] Source: edge-node-1, Dest: edge-node-2
[19:00:00] Server: edge-host-1
[19:00:00] Transfer mode: host
[19:00:00] Relay node: edge-host-1

[19:00:00] === TCP CLIENT PRE-COPY MIGRATION (3 iterations) ===
[19:00:00] Step 1: Checking source client process...
[19:00:01]   Using PID from /home/ubuntu/tcp_client.pid: 2043225
[19:00:02]   Server connections so far: 1
[19:00:03] Step 2: Preparing CRIU directory...
[19:00:03] Step 3: Running 3 pre-dumps (client keeps running)...
[19:00:03]   Pre-dump 1/3 complete
[19:00:04]   Pre-dump 2/3 complete
[19:00:06]   Pre-dump 3/3 complete
[19:00:07] Step 4: Final dump (freezing client)...
[19:00:07] Step 4.5: Moving VIP to destination...
[19:00:08]   Moving VIP 10.22.132.250 from edge-node-1:ens3 -> edge-node-2:ens3
[19:00:12] Step 5: Creating archive...
[19:00:13] Step 6: Transferring archive...
  Transferring /home/ubuntu/CRIU-tcp-client.tar.gz via relay node edge-host-1...
Setting up SSH trust: edge-node-1 → ubuntu@10.22.132.176
  Adding public key to destination's authorized_keys...
  Testing SSH connectivity...
  ✓ SSH trust ready
Setting up SSH trust: edge-host-1 → ubuntu@10.22.132.239
  Adding public key to destination's authorized_keys...
  Testing SSH connectivity...
  ✓ SSH trust ready
[19:00:19] Step 7: Unpacking on destination...
[19:00:20] Step 8: Preparing restore environment...
[19:00:20] Step 9: Restoring client (--tcp-established)...
[19:00:21] Step 10: Verifying connection continuity...
[19:00:24]   Client output (tail): PP 9 -> 9
[19:00:25]   Server connections so far: 1
[19:00:25] ✓ SUCCESS: Client restored and TCP socket appears established
[19:00:25] Metrics saved to /home/ivo/Documents/University/4to/Thesis-AAAAAAAa/Container-vs-Wasm-Service-Migration/Network-live-migration/metrics/migration_metrics.csv
[exit=0]

$ python3 /home/ivo/Documents/University/4to/Thesis-AAAAAAAa/Container-vs-Wasm-Service-Migration/Network-live-migration/scripts/setup/reset_nodes.py edge-node-1 edge-node-2 edge-host-1 10.22.132.250
[19:00:26] Resetting nodes: edge-node-1 -> edge-node-2 (server: edge-host-1, vip: 10.22.132.250)
[19:00:26] Step 1: Killing any existing processes on source...
[19:00:26]   Killing PID 2043225 (from /home/ubuntu/tcp_client.pid)
[19:00:27]   Killing PID 2043225 (from /home/ubuntu/client.pid)
[19:00:27]   Killing any remaining background processes...
[19:00:29] Step 2: Cleaning source node...
[19:00:30] Step 3: Cleaning destination node...
[19:00:31]   Killing PID 2043225 on destination (from /home/ubuntu/tcp_client.pid)
[19:00:31]   Killing PID 2043225 on destination (from /home/ubuntu/client.pid)
[19:00:32]   Killing all remaining TCP processes on destination...
[19:00:35] Step 4: Cleaning server node (edge-host-1)...
[19:00:35]   Killing PID 524933 on server (from /home/ubuntu/tcp_server.pid)
[19:00:38] ✓ Reset complete, nodes are clean
[19:00:38]   Next: Start your application
[exit=0]

$ bash /home/ivo/Documents/University/4to/Thesis-AAAAAAAa/Container-vs-Wasm-Service-Migration/Network-live-migration/scripts/workloads/start_tcp_server.sh edge-host-1 5000
[tcp-server] Transferring tcp-howto.c to edge-host-1...
[tcp-server] Compiling on edge-host-1...
[tcp-server] Starting on edge-host-1 (port 5000)...
[tcp-server] Waiting for listen...
✓ TCP server listening on edge-host-1:5000
[tcp-server] Logs: multipass exec edge-host-1 -- tail -f /home/ubuntu/tcp_server.out
[exit=0]

$ bash /home/ivo/Documents/University/4to/Thesis-AAAAAAAa/Container-vs-Wasm-Service-Migration/Network-live-migration/scripts/workloads/start_tcp_client.sh edge-node-1 edge-host-1 5000
[tcp-client] Server endpoint: 10.22.132.176:5000
[tcp-client] Client VIP: 10.22.132.250
[tcp-client] Transferring tcp-howto.c to edge-node-1...
[tcp-client] Compiling on edge-node-1...
[tcp-client] Ensuring VIP 10.22.132.250 is present on edge-node-1...
ARPING 10.22.132.250 from 10.22.132.250 ens3
Sent 3 probes (3 broadcast(s))
Received 0 response(s)
[tcp-client] Starting on edge-node-1...
[tcp-client] Waiting for established TCP connection...
✓ TCP client connected (PID: 2045482)
[tcp-client] Logs: multipass exec edge-node-1 -- tail -f /home/ubuntu/tcp_client.out
[exit=0]

$ python3 /home/ivo/Documents/University/4to/Thesis-AAAAAAAa/Container-vs-Wasm-Service-Migration/Network-live-migration/scripts/orchestrators/tcp_client_benchmark.py precopy --source edge-node-1 --dest edge-node-2 --server edge-host-1 --transfer-mode host --run-id 22-04-2026-host-precopy-0010 --csv /home/ivo/Documents/University/4to/Thesis-AAAAAAAa/Container-vs-Wasm-Service-Migration/Network-live-migration/metrics/migration_metrics.csv --profile-name 1_WiFi_6 --relay-node edge-host-1 --iterations 3
[19:00:47] === TCP CLIENT MIGRATION ===
[19:00:47] Run ID: 22-04-2026-host-precopy-0010
[19:00:47] Source: edge-node-1, Dest: edge-node-2
[19:00:47] Server: edge-host-1
[19:00:47] Transfer mode: host
[19:00:47] Relay node: edge-host-1

[19:00:47] === TCP CLIENT PRE-COPY MIGRATION (3 iterations) ===
[19:00:47] Step 1: Checking source client process...
[19:00:48]   Using PID from /home/ubuntu/tcp_client.pid: 2045482
[19:00:49]   Server connections so far: 1
[19:00:49] Step 2: Preparing CRIU directory...
[19:00:50] Step 3: Running 3 pre-dumps (client keeps running)...
[19:00:50]   Pre-dump 1/3 complete
[19:00:51]   Pre-dump 2/3 complete
[19:00:53]   Pre-dump 3/3 complete
[19:00:54] Step 4: Final dump (freezing client)...
[19:00:54] Step 4.5: Moving VIP to destination...
[19:00:54]   Moving VIP 10.22.132.250 from edge-node-1:ens3 -> edge-node-2:ens3
[19:00:59] Step 5: Creating archive...
[19:01:00] Step 6: Transferring archive...
  Transferring /home/ubuntu/CRIU-tcp-client.tar.gz via relay node edge-host-1...
Setting up SSH trust: edge-node-1 → ubuntu@10.22.132.176
  Adding public key to destination's authorized_keys...
  Testing SSH connectivity...
  ✓ SSH trust ready
Setting up SSH trust: edge-host-1 → ubuntu@10.22.132.239
  Adding public key to destination's authorized_keys...
  Testing SSH connectivity...
  ✓ SSH trust ready
[19:01:07] Step 7: Unpacking on destination...
[19:01:07] Step 8: Preparing restore environment...
[19:01:08] Step 9: Restoring client (--tcp-established)...
[19:01:08] Step 10: Verifying connection continuity...
[19:01:12]   Client output (tail): PP 8 -> 8
[19:01:12]   Server connections so far: 1
[19:01:12] ✓ SUCCESS: Client restored and TCP socket appears established
[19:01:12] Metrics saved to /home/ivo/Documents/University/4to/Thesis-AAAAAAAa/Container-vs-Wasm-Service-Migration/Network-live-migration/metrics/migration_metrics.csv
[exit=0]

$ python3 /home/ivo/Documents/University/4to/Thesis-AAAAAAAa/Container-vs-Wasm-Service-Migration/Network-live-migration/scripts/setup/reset_nodes.py edge-node-1 edge-node-2 edge-host-1 10.22.132.250
[19:01:13] Resetting nodes: edge-node-1 -> edge-node-2 (server: edge-host-1, vip: 10.22.132.250)
[19:01:13] Step 1: Killing any existing processes on source...
[19:01:14]   Killing PID 2045482 (from /home/ubuntu/tcp_client.pid)
[19:01:14]   Killing PID 2045482 (from /home/ubuntu/client.pid)
[19:01:15]   Killing any remaining background processes...
[19:01:16] Step 2: Cleaning source node...
[19:01:18] Step 3: Cleaning destination node...
[19:01:18]   Killing PID 2045482 on destination (from /home/ubuntu/tcp_client.pid)
[19:01:19]   Killing PID 2045482 on destination (from /home/ubuntu/client.pid)
[19:01:19]   Killing all remaining TCP processes on destination...
[19:01:23] Step 4: Cleaning server node (edge-host-1)...
[19:01:23]   Killing PID 526586 on server (from /home/ubuntu/tcp_server.pid)
[19:01:25] ✓ Reset complete, nodes are clean
[19:01:25]   Next: Start your application
[exit=0]

$ bash /home/ivo/Documents/University/4to/Thesis-AAAAAAAa/Container-vs-Wasm-Service-Migration/Network-live-migration/scripts/workloads/start_tcp_server.sh edge-host-1 5000
[tcp-server] Transferring tcp-howto.c to edge-host-1...
[tcp-server] Compiling on edge-host-1...
[tcp-server] Starting on edge-host-1 (port 5000)...
[tcp-server] Waiting for listen...
✓ TCP server listening on edge-host-1:5000
[tcp-server] Logs: multipass exec edge-host-1 -- tail -f /home/ubuntu/tcp_server.out
[exit=0]

$ bash /home/ivo/Documents/University/4to/Thesis-AAAAAAAa/Container-vs-Wasm-Service-Migration/Network-live-migration/scripts/workloads/start_tcp_client.sh edge-node-1 edge-host-1 5000
[tcp-client] Server endpoint: 10.22.132.176:5000
[tcp-client] Client VIP: 10.22.132.250
[tcp-client] Transferring tcp-howto.c to edge-node-1...
[tcp-client] Compiling on edge-node-1...
[tcp-client] Ensuring VIP 10.22.132.250 is present on edge-node-1...
ARPING 10.22.132.250 from 10.22.132.250 ens3
Sent 3 probes (3 broadcast(s))
Received 0 response(s)
[tcp-client] Starting on edge-node-1...
[tcp-client] Waiting for established TCP connection...
✓ TCP client connected (PID: 2047720)
[tcp-client] Logs: multipass exec edge-node-1 -- tail -f /home/ubuntu/tcp_client.out
[exit=0]

$ python3 /home/ivo/Documents/University/4to/Thesis-AAAAAAAa/Container-vs-Wasm-Service-Migration/Network-live-migration/scripts/orchestrators/tcp_client_benchmark.py precopy --source edge-node-1 --dest edge-node-2 --server edge-host-1 --transfer-mode host --run-id 22-04-2026-host-precopy-0011 --csv /home/ivo/Documents/University/4to/Thesis-AAAAAAAa/Container-vs-Wasm-Service-Migration/Network-live-migration/metrics/migration_metrics.csv --profile-name 1_WiFi_6 --relay-node edge-host-1 --iterations 3
[19:01:35] === TCP CLIENT MIGRATION ===
[19:01:35] Run ID: 22-04-2026-host-precopy-0011
[19:01:35] Source: edge-node-1, Dest: edge-node-2
[19:01:35] Server: edge-host-1
[19:01:35] Transfer mode: host
[19:01:35] Relay node: edge-host-1

[19:01:35] === TCP CLIENT PRE-COPY MIGRATION (3 iterations) ===
[19:01:35] Step 1: Checking source client process...
[19:01:35]   Using PID from /home/ubuntu/tcp_client.pid: 2047720
[19:01:36]   Server connections so far: 1
[19:01:37] Step 2: Preparing CRIU directory...
[19:01:37] Step 3: Running 3 pre-dumps (client keeps running)...
[19:01:37]   Pre-dump 1/3 complete
[19:01:39]   Pre-dump 2/3 complete
[19:01:40]   Pre-dump 3/3 complete
[19:01:41] Step 4: Final dump (freezing client)...
[19:01:41] Step 4.5: Moving VIP to destination...
[19:01:42]   Moving VIP 10.22.132.250 from edge-node-1:ens3 -> edge-node-2:ens3
[19:01:47] Step 5: Creating archive...
[19:01:47] Step 6: Transferring archive...
  Transferring /home/ubuntu/CRIU-tcp-client.tar.gz via relay node edge-host-1...
Setting up SSH trust: edge-node-1 → ubuntu@10.22.132.176
  Adding public key to destination's authorized_keys...
  Testing SSH connectivity...
  ✓ SSH trust ready
Setting up SSH trust: edge-host-1 → ubuntu@10.22.132.239
  Adding public key to destination's authorized_keys...
  Testing SSH connectivity...
  ✓ SSH trust ready
[19:01:54] Step 7: Unpacking on destination...
[19:01:54] Step 8: Preparing restore environment...
[19:01:55] Step 9: Restoring client (--tcp-established)...
[19:01:55] Step 10: Verifying connection continuity...
[19:01:59]   Client output (tail): PP 8 -> 8
[19:01:59]   Server connections so far: 1
[19:01:59] ✓ SUCCESS: Client restored and TCP socket appears established
[19:01:59] Metrics saved to /home/ivo/Documents/University/4to/Thesis-AAAAAAAa/Container-vs-Wasm-Service-Migration/Network-live-migration/metrics/migration_metrics.csv
[exit=0]

$ python3 /home/ivo/Documents/University/4to/Thesis-AAAAAAAa/Container-vs-Wasm-Service-Migration/Network-live-migration/scripts/setup/reset_nodes.py edge-node-1 edge-node-2 edge-host-1 10.22.132.250
[19:02:00] Resetting nodes: edge-node-1 -> edge-node-2 (server: edge-host-1, vip: 10.22.132.250)
[19:02:00] Step 1: Killing any existing processes on source...
[19:02:01]   Killing PID 2047720 (from /home/ubuntu/tcp_client.pid)
[19:02:01]   Killing PID 2047720 (from /home/ubuntu/client.pid)
[19:02:02]   Killing any remaining background processes...
[19:02:03] Step 2: Cleaning source node...
[19:02:05] Step 3: Cleaning destination node...
[19:02:05]   Killing PID 2047720 on destination (from /home/ubuntu/tcp_client.pid)
[19:02:06]   Killing PID 2047720 on destination (from /home/ubuntu/client.pid)
[19:02:07]   Killing all remaining TCP processes on destination...
[19:02:10] Step 4: Cleaning server node (edge-host-1)...
[19:02:10]   Killing PID 528231 on server (from /home/ubuntu/tcp_server.pid)
[19:02:13] ✓ Reset complete, nodes are clean
[19:02:13]   Next: Start your application
[exit=0]

$ bash /home/ivo/Documents/University/4to/Thesis-AAAAAAAa/Container-vs-Wasm-Service-Migration/Network-live-migration/scripts/workloads/start_tcp_server.sh edge-host-1 5000
[tcp-server] Transferring tcp-howto.c to edge-host-1...
[tcp-server] Compiling on edge-host-1...
[tcp-server] Starting on edge-host-1 (port 5000)...
[tcp-server] Waiting for listen...
✓ TCP server listening on edge-host-1:5000
[tcp-server] Logs: multipass exec edge-host-1 -- tail -f /home/ubuntu/tcp_server.out
[exit=0]

$ bash /home/ivo/Documents/University/4to/Thesis-AAAAAAAa/Container-vs-Wasm-Service-Migration/Network-live-migration/scripts/workloads/start_tcp_client.sh edge-node-1 edge-host-1 5000
[tcp-client] Server endpoint: 10.22.132.176:5000
[tcp-client] Client VIP: 10.22.132.250
[tcp-client] Transferring tcp-howto.c to edge-node-1...
[tcp-client] Compiling on edge-node-1...
[tcp-client] Ensuring VIP 10.22.132.250 is present on edge-node-1...
ARPING 10.22.132.250 from 10.22.132.250 ens3
Sent 3 probes (3 broadcast(s))
Received 0 response(s)
[tcp-client] Starting on edge-node-1...
[tcp-client] Waiting for established TCP connection...
✓ TCP client connected (PID: 2049976)
[tcp-client] Logs: multipass exec edge-node-1 -- tail -f /home/ubuntu/tcp_client.out
[exit=0]

$ python3 /home/ivo/Documents/University/4to/Thesis-AAAAAAAa/Container-vs-Wasm-Service-Migration/Network-live-migration/scripts/orchestrators/tcp_client_benchmark.py precopy --source edge-node-1 --dest edge-node-2 --server edge-host-1 --transfer-mode host --run-id 22-04-2026-host-precopy-0012 --csv /home/ivo/Documents/University/4to/Thesis-AAAAAAAa/Container-vs-Wasm-Service-Migration/Network-live-migration/metrics/migration_metrics.csv --profile-name 1_WiFi_6 --relay-node edge-host-1 --iterations 3
[19:02:22] === TCP CLIENT MIGRATION ===
[19:02:22] Run ID: 22-04-2026-host-precopy-0012
[19:02:22] Source: edge-node-1, Dest: edge-node-2
[19:02:22] Server: edge-host-1
[19:02:22] Transfer mode: host
[19:02:22] Relay node: edge-host-1

[19:02:22] === TCP CLIENT PRE-COPY MIGRATION (3 iterations) ===
[19:02:22] Step 1: Checking source client process...
[19:02:23]   Using PID from /home/ubuntu/tcp_client.pid: 2049976
[19:02:23]   Server connections so far: 1
[19:02:24] Step 2: Preparing CRIU directory...
[19:02:24] Step 3: Running 3 pre-dumps (client keeps running)...
[19:02:25]   Pre-dump 1/3 complete
[19:02:26]   Pre-dump 2/3 complete
[19:02:27]   Pre-dump 3/3 complete
[19:02:28] Step 4: Final dump (freezing client)...
[19:02:29] Step 4.5: Moving VIP to destination...
[19:02:29]   Moving VIP 10.22.132.250 from edge-node-1:ens3 -> edge-node-2:ens3
[19:02:34] Step 5: Creating archive...
[19:02:34] Step 6: Transferring archive...
  Transferring /home/ubuntu/CRIU-tcp-client.tar.gz via relay node edge-host-1...
Setting up SSH trust: edge-node-1 → ubuntu@10.22.132.176
  Adding public key to destination's authorized_keys...
  Testing SSH connectivity...
  ✓ SSH trust ready
Setting up SSH trust: edge-host-1 → ubuntu@10.22.132.239
  Adding public key to destination's authorized_keys...
  Testing SSH connectivity...
  ✓ SSH trust ready
[19:02:41] Step 7: Unpacking on destination...
[19:02:41] Step 8: Preparing restore environment...
[19:02:42] Step 9: Restoring client (--tcp-established)...
[19:02:42] Step 10: Verifying connection continuity...
[19:02:46]   Client output (tail): PP 8 -> 8
[19:02:46]   Server connections so far: 1
[19:02:46] ✓ SUCCESS: Client restored and TCP socket appears established
[19:02:46] Metrics saved to /home/ivo/Documents/University/4to/Thesis-AAAAAAAa/Container-vs-Wasm-Service-Migration/Network-live-migration/metrics/migration_metrics.csv
[exit=0]

$ python3 /home/ivo/Documents/University/4to/Thesis-AAAAAAAa/Container-vs-Wasm-Service-Migration/Network-live-migration/scripts/setup/reset_nodes.py edge-node-1 edge-node-2 edge-host-1 10.22.132.250
[19:02:48] Resetting nodes: edge-node-1 -> edge-node-2 (server: edge-host-1, vip: 10.22.132.250)
[19:02:48] Step 1: Killing any existing processes on source...
[19:02:48]   Killing PID 2049976 (from /home/ubuntu/tcp_client.pid)
[19:02:49]   Killing PID 2049976 (from /home/ubuntu/client.pid)
[19:02:49]   Killing any remaining background processes...
[19:02:50] Step 2: Cleaning source node...
[19:02:52] Step 3: Cleaning destination node...
[19:02:53]   Killing PID 2049976 on destination (from /home/ubuntu/tcp_client.pid)
[19:02:53]   Killing PID 2049976 on destination (from /home/ubuntu/client.pid)
[19:02:54]   Killing all remaining TCP processes on destination...
[19:02:57] Step 4: Cleaning server node (edge-host-1)...
[19:02:57]   Killing PID 529883 on server (from /home/ubuntu/tcp_server.pid)
[19:02:59] ✓ Reset complete, nodes are clean
[19:02:59]   Next: Start your application
[exit=0]

$ bash /home/ivo/Documents/University/4to/Thesis-AAAAAAAa/Container-vs-Wasm-Service-Migration/Network-live-migration/scripts/workloads/start_tcp_server.sh edge-host-1 5000
[tcp-server] Transferring tcp-howto.c to edge-host-1...
[tcp-server] Compiling on edge-host-1...
[tcp-server] Starting on edge-host-1 (port 5000)...
[tcp-server] Waiting for listen...
✓ TCP server listening on edge-host-1:5000
[tcp-server] Logs: multipass exec edge-host-1 -- tail -f /home/ubuntu/tcp_server.out
[exit=0]

$ bash /home/ivo/Documents/University/4to/Thesis-AAAAAAAa/Container-vs-Wasm-Service-Migration/Network-live-migration/scripts/workloads/start_tcp_client.sh edge-node-1 edge-host-1 5000
[tcp-client] Server endpoint: 10.22.132.176:5000
[tcp-client] Client VIP: 10.22.132.250
[tcp-client] Transferring tcp-howto.c to edge-node-1...
[tcp-client] Compiling on edge-node-1...
[tcp-client] Ensuring VIP 10.22.132.250 is present on edge-node-1...
ARPING 10.22.132.250 from 10.22.132.250 ens3
Sent 3 probes (3 broadcast(s))
Received 0 response(s)
[tcp-client] Starting on edge-node-1...
[tcp-client] Waiting for established TCP connection...
✓ TCP client connected (PID: 2052231)
[tcp-client] Logs: multipass exec edge-node-1 -- tail -f /home/ubuntu/tcp_client.out
[exit=0]

$ python3 /home/ivo/Documents/University/4to/Thesis-AAAAAAAa/Container-vs-Wasm-Service-Migration/Network-live-migration/scripts/orchestrators/tcp_client_benchmark.py precopy --source edge-node-1 --dest edge-node-2 --server edge-host-1 --transfer-mode host --run-id 22-04-2026-host-precopy-0013 --csv /home/ivo/Documents/University/4to/Thesis-AAAAAAAa/Container-vs-Wasm-Service-Migration/Network-live-migration/metrics/migration_metrics.csv --profile-name 1_WiFi_6 --relay-node edge-host-1 --iterations 3
[19:03:09] === TCP CLIENT MIGRATION ===
[19:03:09] Run ID: 22-04-2026-host-precopy-0013
[19:03:09] Source: edge-node-1, Dest: edge-node-2
[19:03:09] Server: edge-host-1
[19:03:09] Transfer mode: host
[19:03:09] Relay node: edge-host-1

[19:03:09] === TCP CLIENT PRE-COPY MIGRATION (3 iterations) ===
[19:03:09] Step 1: Checking source client process...
[19:03:10]   Using PID from /home/ubuntu/tcp_client.pid: 2052231
[19:03:11]   Server connections so far: 1
[19:03:11] Step 2: Preparing CRIU directory...
[19:03:12] Step 3: Running 3 pre-dumps (client keeps running)...
[19:03:12]   Pre-dump 1/3 complete
[19:03:13]   Pre-dump 2/3 complete
[19:03:15]   Pre-dump 3/3 complete
[19:03:16] Step 4: Final dump (freezing client)...
[19:03:16] Step 4.5: Moving VIP to destination...
[19:03:17]   Moving VIP 10.22.132.250 from edge-node-1:ens3 -> edge-node-2:ens3
[19:03:21] Step 5: Creating archive...
[19:03:22] Step 6: Transferring archive...
  Transferring /home/ubuntu/CRIU-tcp-client.tar.gz via relay node edge-host-1...
Setting up SSH trust: edge-node-1 → ubuntu@10.22.132.176
  Adding public key to destination's authorized_keys...
  Testing SSH connectivity...
  ✓ SSH trust ready
Setting up SSH trust: edge-host-1 → ubuntu@10.22.132.239
  Adding public key to destination's authorized_keys...
  Testing SSH connectivity...
  ✓ SSH trust ready
[19:03:28] Step 7: Unpacking on destination...
[19:03:29] Step 8: Preparing restore environment...
[19:03:29] Step 9: Restoring client (--tcp-established)...
[19:03:30] Step 10: Verifying connection continuity...
[19:03:33]   Client output (tail): PP 9 -> 9
[19:03:34]   Server connections so far: 1
[19:03:34] ✓ SUCCESS: Client restored and TCP socket appears established
[19:03:34] Metrics saved to /home/ivo/Documents/University/4to/Thesis-AAAAAAAa/Container-vs-Wasm-Service-Migration/Network-live-migration/metrics/migration_metrics.csv
[exit=0]

$ python3 /home/ivo/Documents/University/4to/Thesis-AAAAAAAa/Container-vs-Wasm-Service-Migration/Network-live-migration/scripts/setup/reset_nodes.py edge-node-1 edge-node-2 edge-host-1 10.22.132.250
[19:03:35] Resetting nodes: edge-node-1 -> edge-node-2 (server: edge-host-1, vip: 10.22.132.250)
[19:03:35] Step 1: Killing any existing processes on source...
[19:03:35]   Killing PID 2052231 (from /home/ubuntu/tcp_client.pid)
[19:03:36]   Killing PID 2052231 (from /home/ubuntu/client.pid)
[19:03:36]   Killing any remaining background processes...
[19:03:38] Step 2: Cleaning source node...
[19:03:40] Step 3: Cleaning destination node...
[19:03:40]   Killing PID 2052231 on destination (from /home/ubuntu/tcp_client.pid)
[19:03:41]   Killing PID 2052231 on destination (from /home/ubuntu/client.pid)
[19:03:41]   Killing all remaining TCP processes on destination...
[19:03:44] Step 4: Cleaning server node (edge-host-1)...
[19:03:44]   Killing PID 531526 on server (from /home/ubuntu/tcp_server.pid)
[19:03:47] ✓ Reset complete, nodes are clean
[19:03:47]   Next: Start your application
[exit=0]

$ bash /home/ivo/Documents/University/4to/Thesis-AAAAAAAa/Container-vs-Wasm-Service-Migration/Network-live-migration/scripts/workloads/start_tcp_server.sh edge-host-1 5000
[tcp-server] Transferring tcp-howto.c to edge-host-1...
[tcp-server] Compiling on edge-host-1...
[tcp-server] Starting on edge-host-1 (port 5000)...
[tcp-server] Waiting for listen...
✓ TCP server listening on edge-host-1:5000
[tcp-server] Logs: multipass exec edge-host-1 -- tail -f /home/ubuntu/tcp_server.out
[exit=0]

$ bash /home/ivo/Documents/University/4to/Thesis-AAAAAAAa/Container-vs-Wasm-Service-Migration/Network-live-migration/scripts/workloads/start_tcp_client.sh edge-node-1 edge-host-1 5000
[tcp-client] Server endpoint: 10.22.132.176:5000
[tcp-client] Client VIP: 10.22.132.250
[tcp-client] Transferring tcp-howto.c to edge-node-1...
[tcp-client] Compiling on edge-node-1...
[tcp-client] Ensuring VIP 10.22.132.250 is present on edge-node-1...
ARPING 10.22.132.250 from 10.22.132.250 ens3
Sent 3 probes (3 broadcast(s))
Received 0 response(s)
[tcp-client] Starting on edge-node-1...
[tcp-client] Waiting for established TCP connection...
✓ TCP client connected (PID: 2054478)
[tcp-client] Logs: multipass exec edge-node-1 -- tail -f /home/ubuntu/tcp_client.out
[exit=0]

$ python3 /home/ivo/Documents/University/4to/Thesis-AAAAAAAa/Container-vs-Wasm-Service-Migration/Network-live-migration/scripts/orchestrators/tcp_client_benchmark.py precopy --source edge-node-1 --dest edge-node-2 --server edge-host-1 --transfer-mode host --run-id 22-04-2026-host-precopy-0014 --csv /home/ivo/Documents/University/4to/Thesis-AAAAAAAa/Container-vs-Wasm-Service-Migration/Network-live-migration/metrics/migration_metrics.csv --profile-name 1_WiFi_6 --relay-node edge-host-1 --iterations 3
[19:03:56] === TCP CLIENT MIGRATION ===
[19:03:56] Run ID: 22-04-2026-host-precopy-0014
[19:03:56] Source: edge-node-1, Dest: edge-node-2
[19:03:56] Server: edge-host-1
[19:03:56] Transfer mode: host
[19:03:56] Relay node: edge-host-1

[19:03:56] === TCP CLIENT PRE-COPY MIGRATION (3 iterations) ===
[19:03:56] Step 1: Checking source client process...
[19:03:57]   Using PID from /home/ubuntu/tcp_client.pid: 2054478
[19:03:58]   Server connections so far: 1
[19:03:59] Step 2: Preparing CRIU directory...
[19:03:59] Step 3: Running 3 pre-dumps (client keeps running)...
[19:03:59]   Pre-dump 1/3 complete
[19:04:01]   Pre-dump 2/3 complete
[19:04:02]   Pre-dump 3/3 complete
[19:04:03] Step 4: Final dump (freezing client)...
[19:04:03] Step 4.5: Moving VIP to destination...
[19:04:04]   Moving VIP 10.22.132.250 from edge-node-1:ens3 -> edge-node-2:ens3
[19:04:09] Step 5: Creating archive...
[19:04:09] Step 6: Transferring archive...
  Transferring /home/ubuntu/CRIU-tcp-client.tar.gz via relay node edge-host-1...
Setting up SSH trust: edge-node-1 → ubuntu@10.22.132.176
  Adding public key to destination's authorized_keys...
  Testing SSH connectivity...
  ✓ SSH trust ready
Setting up SSH trust: edge-host-1 → ubuntu@10.22.132.239
  Adding public key to destination's authorized_keys...
  Testing SSH connectivity...
  ✓ SSH trust ready
[19:04:16] Step 7: Unpacking on destination...
[19:04:16] Step 8: Preparing restore environment...
[19:04:17] Step 9: Restoring client (--tcp-established)...
[19:04:18] Step 10: Verifying connection continuity...
[19:04:21]   Client output (tail): PP 8 -> 8
[19:04:21]   Server connections so far: 1
[19:04:21] ✓ SUCCESS: Client restored and TCP socket appears established
[19:04:21] Metrics saved to /home/ivo/Documents/University/4to/Thesis-AAAAAAAa/Container-vs-Wasm-Service-Migration/Network-live-migration/metrics/migration_metrics.csv
[exit=0]

$ python3 /home/ivo/Documents/University/4to/Thesis-AAAAAAAa/Container-vs-Wasm-Service-Migration/Network-live-migration/scripts/setup/reset_nodes.py edge-node-1 edge-node-2 edge-host-1 10.22.132.250
[19:04:23] Resetting nodes: edge-node-1 -> edge-node-2 (server: edge-host-1, vip: 10.22.132.250)
[19:04:23] Step 1: Killing any existing processes on source...
[19:04:23]   Killing PID 2054478 (from /home/ubuntu/tcp_client.pid)
[19:04:24]   Killing PID 2054478 (from /home/ubuntu/client.pid)
[19:04:24]   Killing any remaining background processes...
[19:04:26] Step 2: Cleaning source node...
[19:04:27] Step 3: Cleaning destination node...
[19:04:28]   Killing PID 2054478 on destination (from /home/ubuntu/tcp_client.pid)
[19:04:28]   Killing PID 2054478 on destination (from /home/ubuntu/client.pid)
[19:04:29]   Killing all remaining TCP processes on destination...
[19:04:32] Step 4: Cleaning server node (edge-host-1)...
[19:04:32]   Killing PID 533169 on server (from /home/ubuntu/tcp_server.pid)
[19:04:34] ✓ Reset complete, nodes are clean
[19:04:34]   Next: Start your application
[exit=0]

$ bash /home/ivo/Documents/University/4to/Thesis-AAAAAAAa/Container-vs-Wasm-Service-Migration/Network-live-migration/scripts/workloads/start_tcp_server.sh edge-host-1 5000
[tcp-server] Transferring tcp-howto.c to edge-host-1...
[tcp-server] Compiling on edge-host-1...
[tcp-server] Starting on edge-host-1 (port 5000)...
[tcp-server] Waiting for listen...
✓ TCP server listening on edge-host-1:5000
[tcp-server] Logs: multipass exec edge-host-1 -- tail -f /home/ubuntu/tcp_server.out
[exit=0]

$ bash /home/ivo/Documents/University/4to/Thesis-AAAAAAAa/Container-vs-Wasm-Service-Migration/Network-live-migration/scripts/workloads/start_tcp_client.sh edge-node-1 edge-host-1 5000
[tcp-client] Server endpoint: 10.22.132.176:5000
[tcp-client] Client VIP: 10.22.132.250
[tcp-client] Transferring tcp-howto.c to edge-node-1...
[tcp-client] Compiling on edge-node-1...
[tcp-client] Ensuring VIP 10.22.132.250 is present on edge-node-1...
ARPING 10.22.132.250 from 10.22.132.250 ens3
Sent 3 probes (3 broadcast(s))
Received 0 response(s)
[tcp-client] Starting on edge-node-1...
[tcp-client] Waiting for established TCP connection...
✓ TCP client connected (PID: 2056727)
[tcp-client] Logs: multipass exec edge-node-1 -- tail -f /home/ubuntu/tcp_client.out
[exit=0]

$ python3 /home/ivo/Documents/University/4to/Thesis-AAAAAAAa/Container-vs-Wasm-Service-Migration/Network-live-migration/scripts/orchestrators/tcp_client_benchmark.py precopy --source edge-node-1 --dest edge-node-2 --server edge-host-1 --transfer-mode host --run-id 22-04-2026-host-precopy-0015 --csv /home/ivo/Documents/University/4to/Thesis-AAAAAAAa/Container-vs-Wasm-Service-Migration/Network-live-migration/metrics/migration_metrics.csv --profile-name 1_WiFi_6 --relay-node edge-host-1 --iterations 3
[19:04:44] === TCP CLIENT MIGRATION ===
[19:04:44] Run ID: 22-04-2026-host-precopy-0015
[19:04:44] Source: edge-node-1, Dest: edge-node-2
[19:04:44] Server: edge-host-1
[19:04:44] Transfer mode: host
[19:04:44] Relay node: edge-host-1

[19:04:44] === TCP CLIENT PRE-COPY MIGRATION (3 iterations) ===
[19:04:44] Step 1: Checking source client process...
[19:04:45]   Using PID from /home/ubuntu/tcp_client.pid: 2056727
[19:04:45]   Server connections so far: 1
[19:04:46] Step 2: Preparing CRIU directory...
[19:04:46] Step 3: Running 3 pre-dumps (client keeps running)...
[19:04:47]   Pre-dump 1/3 complete
[19:04:48]   Pre-dump 2/3 complete
[19:04:50]   Pre-dump 3/3 complete
[19:04:51] Step 4: Final dump (freezing client)...
[19:04:51] Step 4.5: Moving VIP to destination...
[19:04:51]   Moving VIP 10.22.132.250 from edge-node-1:ens3 -> edge-node-2:ens3
[19:04:56] Step 5: Creating archive...
[19:04:57] Step 6: Transferring archive...
  Transferring /home/ubuntu/CRIU-tcp-client.tar.gz via relay node edge-host-1...
Setting up SSH trust: edge-node-1 → ubuntu@10.22.132.176
  Adding public key to destination's authorized_keys...
  Testing SSH connectivity...
  ✓ SSH trust ready
Setting up SSH trust: edge-host-1 → ubuntu@10.22.132.239
  Adding public key to destination's authorized_keys...
  Testing SSH connectivity...
  ✓ SSH trust ready
[19:05:03] Step 7: Unpacking on destination...
[19:05:03] Step 8: Preparing restore environment...
[19:05:04] Step 9: Restoring client (--tcp-established)...
[19:05:05] Step 10: Verifying connection continuity...
[19:05:08]   Client output (tail): PP 8 -> 8
[19:05:08]   Server connections so far: 1
[19:05:08] ✓ SUCCESS: Client restored and TCP socket appears established
[19:05:08] Metrics saved to /home/ivo/Documents/University/4to/Thesis-AAAAAAAa/Container-vs-Wasm-Service-Migration/Network-live-migration/metrics/migration_metrics.csv
[exit=0]

$ python3 /home/ivo/Documents/University/4to/Thesis-AAAAAAAa/Container-vs-Wasm-Service-Migration/Network-live-migration/scripts/setup/reset_nodes.py edge-node-1 edge-node-2 edge-host-1 10.22.132.250
[19:05:10] Resetting nodes: edge-node-1 -> edge-node-2 (server: edge-host-1, vip: 10.22.132.250)
[19:05:10] Step 1: Killing any existing processes on source...
[19:05:10]   Killing PID 2056727 (from /home/ubuntu/tcp_client.pid)
[19:05:11]   Killing PID 2056727 (from /home/ubuntu/client.pid)
[19:05:11]   Killing any remaining background processes...
[19:05:13] Step 2: Cleaning source node...
[19:05:14] Step 3: Cleaning destination node...
[19:05:15]   Killing PID 2056727 on destination (from /home/ubuntu/tcp_client.pid)
[19:05:15]   Killing PID 2056727 on destination (from /home/ubuntu/client.pid)
[19:05:16]   Killing all remaining TCP processes on destination...
[19:05:19] Step 4: Cleaning server node (edge-host-1)...
[19:05:20]   Killing PID 534821 on server (from /home/ubuntu/tcp_server.pid)
[19:05:22] ✓ Reset complete, nodes are clean
[19:05:22]   Next: Start your application
[exit=0]

$ bash /home/ivo/Documents/University/4to/Thesis-AAAAAAAa/Container-vs-Wasm-Service-Migration/Network-live-migration/scripts/workloads/start_tcp_server.sh edge-host-1 5000
[tcp-server] Transferring tcp-howto.c to edge-host-1...
[tcp-server] Compiling on edge-host-1...
[tcp-server] Starting on edge-host-1 (port 5000)...
[tcp-server] Waiting for listen...
✓ TCP server listening on edge-host-1:5000
[tcp-server] Logs: multipass exec edge-host-1 -- tail -f /home/ubuntu/tcp_server.out
[exit=0]

$ bash /home/ivo/Documents/University/4to/Thesis-AAAAAAAa/Container-vs-Wasm-Service-Migration/Network-live-migration/scripts/workloads/start_tcp_client.sh edge-node-1 edge-host-1 5000
[tcp-client] Server endpoint: 10.22.132.176:5000
[tcp-client] Client VIP: 10.22.132.250
[tcp-client] Transferring tcp-howto.c to edge-node-1...
[tcp-client] Compiling on edge-node-1...
[tcp-client] Ensuring VIP 10.22.132.250 is present on edge-node-1...
ARPING 10.22.132.250 from 10.22.132.250 ens3
Sent 3 probes (3 broadcast(s))
Received 0 response(s)
[tcp-client] Starting on edge-node-1...
[tcp-client] Waiting for established TCP connection...
✓ TCP client connected (PID: 2058986)
[tcp-client] Logs: multipass exec edge-node-1 -- tail -f /home/ubuntu/tcp_client.out
[exit=0]

$ python3 /home/ivo/Documents/University/4to/Thesis-AAAAAAAa/Container-vs-Wasm-Service-Migration/Network-live-migration/scripts/orchestrators/tcp_client_benchmark.py precopy --source edge-node-1 --dest edge-node-2 --server edge-host-1 --transfer-mode host --run-id 22-04-2026-host-precopy-0016 --csv /home/ivo/Documents/University/4to/Thesis-AAAAAAAa/Container-vs-Wasm-Service-Migration/Network-live-migration/metrics/migration_metrics.csv --profile-name 1_WiFi_6 --relay-node edge-host-1 --iterations 3
[19:05:31] === TCP CLIENT MIGRATION ===
[19:05:31] Run ID: 22-04-2026-host-precopy-0016
[19:05:31] Source: edge-node-1, Dest: edge-node-2
[19:05:31] Server: edge-host-1
[19:05:31] Transfer mode: host
[19:05:31] Relay node: edge-host-1

[19:05:31] === TCP CLIENT PRE-COPY MIGRATION (3 iterations) ===
[19:05:31] Step 1: Checking source client process...
[19:05:32]   Using PID from /home/ubuntu/tcp_client.pid: 2058986
[19:05:33]   Server connections so far: 1
[19:05:33] Step 2: Preparing CRIU directory...
[19:05:34] Step 3: Running 3 pre-dumps (client keeps running)...
[19:05:34]   Pre-dump 1/3 complete
[19:05:35]   Pre-dump 2/3 complete
[19:05:37]   Pre-dump 3/3 complete
[19:05:38] Step 4: Final dump (freezing client)...
[19:05:38] Step 4.5: Moving VIP to destination...
[19:05:38]   Moving VIP 10.22.132.250 from edge-node-1:ens3 -> edge-node-2:ens3
[19:05:43] Step 5: Creating archive...
[19:05:44] Step 6: Transferring archive...
  Transferring /home/ubuntu/CRIU-tcp-client.tar.gz via relay node edge-host-1...
Setting up SSH trust: edge-node-1 → ubuntu@10.22.132.176
  Adding public key to destination's authorized_keys...
  Testing SSH connectivity...
  ✓ SSH trust ready
Setting up SSH trust: edge-host-1 → ubuntu@10.22.132.239
  Adding public key to destination's authorized_keys...
  Testing SSH connectivity...
  ✓ SSH trust ready
[19:05:50] Step 7: Unpacking on destination...
[19:05:51] Step 8: Preparing restore environment...
[19:05:51] Step 9: Restoring client (--tcp-established)...
[19:05:52] Step 10: Verifying connection continuity...
[19:05:55]   Client output (tail): PP 8 -> 8
[19:05:56]   Server connections so far: 1
[19:05:56] ✓ SUCCESS: Client restored and TCP socket appears established
[19:05:56] Metrics saved to /home/ivo/Documents/University/4to/Thesis-AAAAAAAa/Container-vs-Wasm-Service-Migration/Network-live-migration/metrics/migration_metrics.csv
[exit=0]

$ python3 /home/ivo/Documents/University/4to/Thesis-AAAAAAAa/Container-vs-Wasm-Service-Migration/Network-live-migration/scripts/setup/reset_nodes.py edge-node-1 edge-node-2 edge-host-1 10.22.132.250
[19:05:57] Resetting nodes: edge-node-1 -> edge-node-2 (server: edge-host-1, vip: 10.22.132.250)
[19:05:57] Step 1: Killing any existing processes on source...
[19:05:57]   Killing PID 2058986 (from /home/ubuntu/tcp_client.pid)
[19:05:58]   Killing PID 2058986 (from /home/ubuntu/client.pid)
[19:05:58]   Killing any remaining background processes...
[19:06:00] Step 2: Cleaning source node...
[19:06:01] Step 3: Cleaning destination node...
[19:06:02]   Killing PID 2058986 on destination (from /home/ubuntu/tcp_client.pid)
[19:06:03]   Killing PID 2058986 on destination (from /home/ubuntu/client.pid)
[19:06:03]   Killing all remaining TCP processes on destination...
[19:06:06] Step 4: Cleaning server node (edge-host-1)...
[19:06:07]   Killing PID 536477 on server (from /home/ubuntu/tcp_server.pid)
[19:06:09] ✓ Reset complete, nodes are clean
[19:06:09]   Next: Start your application
[exit=0]

$ bash /home/ivo/Documents/University/4to/Thesis-AAAAAAAa/Container-vs-Wasm-Service-Migration/Network-live-migration/scripts/workloads/start_tcp_server.sh edge-host-1 5000
[tcp-server] Transferring tcp-howto.c to edge-host-1...
[tcp-server] Compiling on edge-host-1...
[tcp-server] Starting on edge-host-1 (port 5000)...
[tcp-server] Waiting for listen...
✓ TCP server listening on edge-host-1:5000
[tcp-server] Logs: multipass exec edge-host-1 -- tail -f /home/ubuntu/tcp_server.out
[exit=0]

$ bash /home/ivo/Documents/University/4to/Thesis-AAAAAAAa/Container-vs-Wasm-Service-Migration/Network-live-migration/scripts/workloads/start_tcp_client.sh edge-node-1 edge-host-1 5000
[tcp-client] Server endpoint: 10.22.132.176:5000
[tcp-client] Client VIP: 10.22.132.250
[tcp-client] Transferring tcp-howto.c to edge-node-1...
[tcp-client] Compiling on edge-node-1...
[tcp-client] Ensuring VIP 10.22.132.250 is present on edge-node-1...
ARPING 10.22.132.250 from 10.22.132.250 ens3
Sent 3 probes (3 broadcast(s))
Received 0 response(s)
[tcp-client] Starting on edge-node-1...
[tcp-client] Waiting for established TCP connection...
✓ TCP client connected (PID: 2061235)
[tcp-client] Logs: multipass exec edge-node-1 -- tail -f /home/ubuntu/tcp_client.out
[exit=0]

$ python3 /home/ivo/Documents/University/4to/Thesis-AAAAAAAa/Container-vs-Wasm-Service-Migration/Network-live-migration/scripts/orchestrators/tcp_client_benchmark.py precopy --source edge-node-1 --dest edge-node-2 --server edge-host-1 --transfer-mode host --run-id 22-04-2026-host-precopy-0017 --csv /home/ivo/Documents/University/4to/Thesis-AAAAAAAa/Container-vs-Wasm-Service-Migration/Network-live-migration/metrics/migration_metrics.csv --profile-name 1_WiFi_6 --relay-node edge-host-1 --iterations 3
[19:06:19] === TCP CLIENT MIGRATION ===
[19:06:19] Run ID: 22-04-2026-host-precopy-0017
[19:06:19] Source: edge-node-1, Dest: edge-node-2
[19:06:19] Server: edge-host-1
[19:06:19] Transfer mode: host
[19:06:19] Relay node: edge-host-1

[19:06:19] === TCP CLIENT PRE-COPY MIGRATION (3 iterations) ===
[19:06:19] Step 1: Checking source client process...
[19:06:19]   Using PID from /home/ubuntu/tcp_client.pid: 2061235
[19:06:20]   Server connections so far: 1
[19:06:21] Step 2: Preparing CRIU directory...
[19:06:21] Step 3: Running 3 pre-dumps (client keeps running)...
[19:06:22]   Pre-dump 1/3 complete
[19:06:23]   Pre-dump 2/3 complete
[19:06:24]   Pre-dump 3/3 complete
[19:06:25] Step 4: Final dump (freezing client)...
[19:06:26] Step 4.5: Moving VIP to destination...
[19:06:26]   Moving VIP 10.22.132.250 from edge-node-1:ens3 -> edge-node-2:ens3
[19:06:31] Step 5: Creating archive...
[19:06:32] Step 6: Transferring archive...
  Transferring /home/ubuntu/CRIU-tcp-client.tar.gz via relay node edge-host-1...
Setting up SSH trust: edge-node-1 → ubuntu@10.22.132.176
  Adding public key to destination's authorized_keys...
  Testing SSH connectivity...
  ✓ SSH trust ready
Setting up SSH trust: edge-host-1 → ubuntu@10.22.132.239
  Adding public key to destination's authorized_keys...
  Testing SSH connectivity...
  ✓ SSH trust ready
[19:06:38] Step 7: Unpacking on destination...
[19:06:38] Step 8: Preparing restore environment...
[19:06:39] Step 9: Restoring client (--tcp-established)...
[19:06:39] Step 10: Verifying connection continuity...
[19:06:43]   Client output (tail): PP 9 -> 9
[19:06:43]   Server connections so far: 1
[19:06:43] ✓ SUCCESS: Client restored and TCP socket appears established
[19:06:43] Metrics saved to /home/ivo/Documents/University/4to/Thesis-AAAAAAAa/Container-vs-Wasm-Service-Migration/Network-live-migration/metrics/migration_metrics.csv
[exit=0]

$ python3 /home/ivo/Documents/University/4to/Thesis-AAAAAAAa/Container-vs-Wasm-Service-Migration/Network-live-migration/scripts/setup/reset_nodes.py edge-node-1 edge-node-2 edge-host-1 10.22.132.250
[19:06:44] Resetting nodes: edge-node-1 -> edge-node-2 (server: edge-host-1, vip: 10.22.132.250)
[19:06:44] Step 1: Killing any existing processes on source...
[19:06:45]   Killing PID 2061235 (from /home/ubuntu/tcp_client.pid)
[19:06:45]   Killing PID 2061235 (from /home/ubuntu/client.pid)
[19:06:46]   Killing any remaining background processes...
[19:06:47] Step 2: Cleaning source node...
[19:06:49] Step 3: Cleaning destination node...
[19:06:50]   Killing PID 2061235 on destination (from /home/ubuntu/tcp_client.pid)
[19:06:50]   Killing PID 2061235 on destination (from /home/ubuntu/client.pid)
[19:06:51]   Killing all remaining TCP processes on destination...
[19:06:54] Step 4: Cleaning server node (edge-host-1)...
[19:06:54]   Killing PID 538113 on server (from /home/ubuntu/tcp_server.pid)
[19:06:57] ✓ Reset complete, nodes are clean
[19:06:57]   Next: Start your application
[exit=0]

$ bash /home/ivo/Documents/University/4to/Thesis-AAAAAAAa/Container-vs-Wasm-Service-Migration/Network-live-migration/scripts/workloads/start_tcp_server.sh edge-host-1 5000
[tcp-server] Transferring tcp-howto.c to edge-host-1...
[tcp-server] Compiling on edge-host-1...
[tcp-server] Starting on edge-host-1 (port 5000)...
[tcp-server] Waiting for listen...
✓ TCP server listening on edge-host-1:5000
[tcp-server] Logs: multipass exec edge-host-1 -- tail -f /home/ubuntu/tcp_server.out
[exit=0]

$ bash /home/ivo/Documents/University/4to/Thesis-AAAAAAAa/Container-vs-Wasm-Service-Migration/Network-live-migration/scripts/workloads/start_tcp_client.sh edge-node-1 edge-host-1 5000
[tcp-client] Server endpoint: 10.22.132.176:5000
[tcp-client] Client VIP: 10.22.132.250
[tcp-client] Transferring tcp-howto.c to edge-node-1...
[tcp-client] Compiling on edge-node-1...
[tcp-client] Ensuring VIP 10.22.132.250 is present on edge-node-1...
ARPING 10.22.132.250 from 10.22.132.250 ens3
Sent 3 probes (3 broadcast(s))
Received 0 response(s)
[tcp-client] Starting on edge-node-1...
[tcp-client] Waiting for established TCP connection...
✓ TCP client connected (PID: 2063492)
[tcp-client] Logs: multipass exec edge-node-1 -- tail -f /home/ubuntu/tcp_client.out
[exit=0]

$ python3 /home/ivo/Documents/University/4to/Thesis-AAAAAAAa/Container-vs-Wasm-Service-Migration/Network-live-migration/scripts/orchestrators/tcp_client_benchmark.py precopy --source edge-node-1 --dest edge-node-2 --server edge-host-1 --transfer-mode host --run-id 22-04-2026-host-precopy-0018 --csv /home/ivo/Documents/University/4to/Thesis-AAAAAAAa/Container-vs-Wasm-Service-Migration/Network-live-migration/metrics/migration_metrics.csv --profile-name 1_WiFi_6 --relay-node edge-host-1 --iterations 3
[19:07:06] === TCP CLIENT MIGRATION ===
[19:07:06] Run ID: 22-04-2026-host-precopy-0018
[19:07:06] Source: edge-node-1, Dest: edge-node-2
[19:07:06] Server: edge-host-1
[19:07:06] Transfer mode: host
[19:07:06] Relay node: edge-host-1

[19:07:06] === TCP CLIENT PRE-COPY MIGRATION (3 iterations) ===
[19:07:06] Step 1: Checking source client process...
[19:07:07]   Using PID from /home/ubuntu/tcp_client.pid: 2063492
[19:07:08]   Server connections so far: 1
[19:07:08] Step 2: Preparing CRIU directory...
[19:07:08] Step 3: Running 3 pre-dumps (client keeps running)...
[19:07:09]   Pre-dump 1/3 complete
[19:07:10]   Pre-dump 2/3 complete
[19:07:11]   Pre-dump 3/3 complete
[19:07:12] Step 4: Final dump (freezing client)...
[19:07:13] Step 4.5: Moving VIP to destination...
[19:07:13]   Moving VIP 10.22.132.250 from edge-node-1:ens3 -> edge-node-2:ens3
[19:07:18] Step 5: Creating archive...
[19:07:19] Step 6: Transferring archive...
  Transferring /home/ubuntu/CRIU-tcp-client.tar.gz via relay node edge-host-1...
Setting up SSH trust: edge-node-1 → ubuntu@10.22.132.176
  Adding public key to destination's authorized_keys...
  Testing SSH connectivity...
  ✓ SSH trust ready
Setting up SSH trust: edge-host-1 → ubuntu@10.22.132.239
  Adding public key to destination's authorized_keys...
  Testing SSH connectivity...
  ✓ SSH trust ready
[19:07:25] Step 7: Unpacking on destination...
[19:07:26] Step 8: Preparing restore environment...
[19:07:26] Step 9: Restoring client (--tcp-established)...
[19:07:27] Step 10: Verifying connection continuity...
[19:07:30]   Client output (tail): PP 8 -> 8
[19:07:31]   Server connections so far: 1
[19:07:31] ✓ SUCCESS: Client restored and TCP socket appears established
[19:07:31] Metrics saved to /home/ivo/Documents/University/4to/Thesis-AAAAAAAa/Container-vs-Wasm-Service-Migration/Network-live-migration/metrics/migration_metrics.csv
[exit=0]

$ python3 /home/ivo/Documents/University/4to/Thesis-AAAAAAAa/Container-vs-Wasm-Service-Migration/Network-live-migration/scripts/setup/reset_nodes.py edge-node-1 edge-node-2 edge-host-1 10.22.132.250
[19:07:32] Resetting nodes: edge-node-1 -> edge-node-2 (server: edge-host-1, vip: 10.22.132.250)
[19:07:32] Step 1: Killing any existing processes on source...
[19:07:32]   Killing PID 2063492 (from /home/ubuntu/tcp_client.pid)
[19:07:33]   Killing PID 2063492 (from /home/ubuntu/client.pid)
[19:07:33]   Killing any remaining background processes...
[19:07:35] Step 2: Cleaning source node...
[19:07:36] Step 3: Cleaning destination node...
[19:07:37]   Killing PID 2063492 on destination (from /home/ubuntu/tcp_client.pid)
[19:07:38]   Killing PID 2063492 on destination (from /home/ubuntu/client.pid)
[19:07:38]   Killing all remaining TCP processes on destination...
[19:07:41] Step 4: Cleaning server node (edge-host-1)...
[19:07:41]   Killing PID 539765 on server (from /home/ubuntu/tcp_server.pid)
[19:07:44] ✓ Reset complete, nodes are clean
[19:07:44]   Next: Start your application
[exit=0]

$ bash /home/ivo/Documents/University/4to/Thesis-AAAAAAAa/Container-vs-Wasm-Service-Migration/Network-live-migration/scripts/workloads/start_tcp_server.sh edge-host-1 5000
[tcp-server] Transferring tcp-howto.c to edge-host-1...
[tcp-server] Compiling on edge-host-1...
[tcp-server] Starting on edge-host-1 (port 5000)...
[tcp-server] Waiting for listen...
✓ TCP server listening on edge-host-1:5000
[tcp-server] Logs: multipass exec edge-host-1 -- tail -f /home/ubuntu/tcp_server.out
[exit=0]

$ bash /home/ivo/Documents/University/4to/Thesis-AAAAAAAa/Container-vs-Wasm-Service-Migration/Network-live-migration/scripts/workloads/start_tcp_client.sh edge-node-1 edge-host-1 5000
[tcp-client] Server endpoint: 10.22.132.176:5000
[tcp-client] Client VIP: 10.22.132.250
[tcp-client] Transferring tcp-howto.c to edge-node-1...
[tcp-client] Compiling on edge-node-1...
[tcp-client] Ensuring VIP 10.22.132.250 is present on edge-node-1...
ARPING 10.22.132.250 from 10.22.132.250 ens3
Sent 3 probes (3 broadcast(s))
Received 0 response(s)
[tcp-client] Starting on edge-node-1...
[tcp-client] Waiting for established TCP connection...
✓ TCP client connected (PID: 2065742)
[tcp-client] Logs: multipass exec edge-node-1 -- tail -f /home/ubuntu/tcp_client.out
[exit=0]

$ python3 /home/ivo/Documents/University/4to/Thesis-AAAAAAAa/Container-vs-Wasm-Service-Migration/Network-live-migration/scripts/orchestrators/tcp_client_benchmark.py precopy --source edge-node-1 --dest edge-node-2 --server edge-host-1 --transfer-mode host --run-id 22-04-2026-host-precopy-0019 --csv /home/ivo/Documents/University/4to/Thesis-AAAAAAAa/Container-vs-Wasm-Service-Migration/Network-live-migration/metrics/migration_metrics.csv --profile-name 1_WiFi_6 --relay-node edge-host-1 --iterations 3
[19:07:53] === TCP CLIENT MIGRATION ===
[19:07:53] Run ID: 22-04-2026-host-precopy-0019
[19:07:53] Source: edge-node-1, Dest: edge-node-2
[19:07:53] Server: edge-host-1
[19:07:53] Transfer mode: host
[19:07:53] Relay node: edge-host-1

[19:07:53] === TCP CLIENT PRE-COPY MIGRATION (3 iterations) ===
[19:07:53] Step 1: Checking source client process...
[19:07:54]   Using PID from /home/ubuntu/tcp_client.pid: 2065742
[19:07:55]   Server connections so far: 1
[19:07:55] Step 2: Preparing CRIU directory...
[19:07:56] Step 3: Running 3 pre-dumps (client keeps running)...
[19:07:56]   Pre-dump 1/3 complete
[19:07:57]   Pre-dump 2/3 complete
[19:07:59]   Pre-dump 3/3 complete
[19:08:00] Step 4: Final dump (freezing client)...
[19:08:00] Step 4.5: Moving VIP to destination...
[19:08:00]   Moving VIP 10.22.132.250 from edge-node-1:ens3 -> edge-node-2:ens3
[19:08:05] Step 5: Creating archive...
[19:08:06] Step 6: Transferring archive...
  Transferring /home/ubuntu/CRIU-tcp-client.tar.gz via relay node edge-host-1...
Setting up SSH trust: edge-node-1 → ubuntu@10.22.132.176
  Adding public key to destination's authorized_keys...
  Testing SSH connectivity...
  ✓ SSH trust ready
Setting up SSH trust: edge-host-1 → ubuntu@10.22.132.239
  Adding public key to destination's authorized_keys...
  Testing SSH connectivity...
  ✓ SSH trust ready
[19:08:12] Step 7: Unpacking on destination...
[19:08:12] Step 8: Preparing restore environment...
[19:08:13] Step 9: Restoring client (--tcp-established)...
[19:08:14] Step 10: Verifying connection continuity...
[19:08:17]   Client output (tail): PP 8 -> 8
[19:08:18]   Server connections so far: 1
[19:08:18] ✓ SUCCESS: Client restored and TCP socket appears established
[19:08:18] Metrics saved to /home/ivo/Documents/University/4to/Thesis-AAAAAAAa/Container-vs-Wasm-Service-Migration/Network-live-migration/metrics/migration_metrics.csv
[exit=0]

$ python3 /home/ivo/Documents/University/4to/Thesis-AAAAAAAa/Container-vs-Wasm-Service-Migration/Network-live-migration/scripts/setup/reset_nodes.py edge-node-1 edge-node-2 edge-host-1 10.22.132.250
[19:08:19] Resetting nodes: edge-node-1 -> edge-node-2 (server: edge-host-1, vip: 10.22.132.250)
[19:08:19] Step 1: Killing any existing processes on source...
[19:08:19]   Killing PID 2065742 (from /home/ubuntu/tcp_client.pid)
[19:08:20]   Killing PID 2065742 (from /home/ubuntu/client.pid)
[19:08:20]   Killing any remaining background processes...
[19:08:22] Step 2: Cleaning source node...
[19:08:23] Step 3: Cleaning destination node...
[19:08:24]   Killing PID 2065742 on destination (from /home/ubuntu/tcp_client.pid)
[19:08:25]   Killing PID 2065742 on destination (from /home/ubuntu/client.pid)
[19:08:25]   Killing all remaining TCP processes on destination...
[19:08:28] Step 4: Cleaning server node (edge-host-1)...
[19:08:29]   Killing PID 541411 on server (from /home/ubuntu/tcp_server.pid)
[19:08:31] ✓ Reset complete, nodes are clean
[19:08:31]   Next: Start your application
[exit=0]

$ bash /home/ivo/Documents/University/4to/Thesis-AAAAAAAa/Container-vs-Wasm-Service-Migration/Network-live-migration/scripts/workloads/start_tcp_server.sh edge-host-1 5000
[tcp-server] Transferring tcp-howto.c to edge-host-1...
[tcp-server] Compiling on edge-host-1...
[tcp-server] Starting on edge-host-1 (port 5000)...
[tcp-server] Waiting for listen...
✓ TCP server listening on edge-host-1:5000
[tcp-server] Logs: multipass exec edge-host-1 -- tail -f /home/ubuntu/tcp_server.out
[exit=0]

$ bash /home/ivo/Documents/University/4to/Thesis-AAAAAAAa/Container-vs-Wasm-Service-Migration/Network-live-migration/scripts/workloads/start_tcp_client.sh edge-node-1 edge-host-1 5000
[tcp-client] Server endpoint: 10.22.132.176:5000
[tcp-client] Client VIP: 10.22.132.250
[tcp-client] Transferring tcp-howto.c to edge-node-1...
[tcp-client] Compiling on edge-node-1...
[tcp-client] Ensuring VIP 10.22.132.250 is present on edge-node-1...
ARPING 10.22.132.250 from 10.22.132.250 ens3
Sent 3 probes (3 broadcast(s))
Received 0 response(s)
[tcp-client] Starting on edge-node-1...
[tcp-client] Waiting for established TCP connection...
✓ TCP client connected (PID: 2067990)
[tcp-client] Logs: multipass exec edge-node-1 -- tail -f /home/ubuntu/tcp_client.out
[exit=0]

$ python3 /home/ivo/Documents/University/4to/Thesis-AAAAAAAa/Container-vs-Wasm-Service-Migration/Network-live-migration/scripts/orchestrators/tcp_client_benchmark.py precopy --source edge-node-1 --dest edge-node-2 --server edge-host-1 --transfer-mode direct --run-id 22-04-2026-direct-precopy-0000 --csv /home/ivo/Documents/University/4to/Thesis-AAAAAAAa/Container-vs-Wasm-Service-Migration/Network-live-migration/metrics/migration_metrics.csv --profile-name 1_WiFi_6 --iterations 3
[19:08:41] === TCP CLIENT MIGRATION ===
[19:08:41] Run ID: 22-04-2026-direct-precopy-0000
[19:08:41] Source: edge-node-1, Dest: edge-node-2
[19:08:41] Server: edge-host-1
[19:08:41] Transfer mode: direct

[19:08:41] === TCP CLIENT PRE-COPY MIGRATION (3 iterations) ===
[19:08:41] Step 1: Checking source client process...
[19:08:41]   Using PID from /home/ubuntu/tcp_client.pid: 2067990
[19:08:42]   Server connections so far: 1
[19:08:43] Step 2: Preparing CRIU directory...
[19:08:43] Step 3: Running 3 pre-dumps (client keeps running)...
[19:08:43]   Pre-dump 1/3 complete
[19:08:45]   Pre-dump 2/3 complete
[19:08:46]   Pre-dump 3/3 complete
[19:08:47] Step 4: Final dump (freezing client)...
[19:08:47] Step 4.5: Moving VIP to destination...
[19:08:48]   Moving VIP 10.22.132.250 from edge-node-1:ens3 -> edge-node-2:ens3
[19:08:53] Step 5: Creating archive...
[19:08:54] Step 6: Transferring archive...
[19:08:54]   Setting up direct SSH trust...
Setting up SSH trust: edge-node-1 → ubuntu@10.22.132.239
  Adding public key to destination's authorized_keys...
  Testing SSH connectivity...
  ✓ SSH trust ready
Setting up SSH trust: edge-node-1 → ubuntu@10.22.132.239
  Adding public key to destination's authorized_keys...
  Testing SSH connectivity...
  ✓ SSH trust ready
  Transferring /home/ubuntu/CRIU-tcp-client.tar.gz via SCP...
[19:08:58] Step 7: Unpacking on destination...
[19:08:58] Step 8: Preparing restore environment...
[19:08:59] Step 9: Restoring client (--tcp-established)...
[19:09:00] Step 10: Verifying connection continuity...
[19:09:03]   Client output (tail): PP 8 -> 8
[19:09:03]   Server connections so far: 1
[19:09:03] ✓ SUCCESS: Client restored and TCP socket appears established
[19:09:03] Metrics saved to /home/ivo/Documents/University/4to/Thesis-AAAAAAAa/Container-vs-Wasm-Service-Migration/Network-live-migration/metrics/migration_metrics.csv
[exit=0]

$ python3 /home/ivo/Documents/University/4to/Thesis-AAAAAAAa/Container-vs-Wasm-Service-Migration/Network-live-migration/scripts/setup/reset_nodes.py edge-node-1 edge-node-2 edge-host-1 10.22.132.250
[19:09:05] Resetting nodes: edge-node-1 -> edge-node-2 (server: edge-host-1, vip: 10.22.132.250)
[19:09:05] Step 1: Killing any existing processes on source...
[19:09:05]   Killing PID 2067990 (from /home/ubuntu/tcp_client.pid)
[19:09:06]   Killing PID 2067990 (from /home/ubuntu/client.pid)
[19:09:06]   Killing any remaining background processes...
[19:09:07] Step 2: Cleaning source node...
[19:09:09] Step 3: Cleaning destination node...
[19:09:09]   Killing PID 2067990 on destination (from /home/ubuntu/tcp_client.pid)
[19:09:10]   Killing PID 2067990 on destination (from /home/ubuntu/client.pid)
[19:09:11]   Killing all remaining TCP processes on destination...
[19:09:14] Step 4: Cleaning server node (edge-host-1)...
[19:09:14]   Killing PID 543063 on server (from /home/ubuntu/tcp_server.pid)
[19:09:16] ✓ Reset complete, nodes are clean
[19:09:16]   Next: Start your application
[exit=0]

$ bash /home/ivo/Documents/University/4to/Thesis-AAAAAAAa/Container-vs-Wasm-Service-Migration/Network-live-migration/scripts/workloads/start_tcp_server.sh edge-host-1 5000
[tcp-server] Transferring tcp-howto.c to edge-host-1...
[tcp-server] Compiling on edge-host-1...
[tcp-server] Starting on edge-host-1 (port 5000)...
[tcp-server] Waiting for listen...
✓ TCP server listening on edge-host-1:5000
[tcp-server] Logs: multipass exec edge-host-1 -- tail -f /home/ubuntu/tcp_server.out
[exit=0]

$ bash /home/ivo/Documents/University/4to/Thesis-AAAAAAAa/Container-vs-Wasm-Service-Migration/Network-live-migration/scripts/workloads/start_tcp_client.sh edge-node-1 edge-host-1 5000
[tcp-client] Server endpoint: 10.22.132.176:5000
[tcp-client] Client VIP: 10.22.132.250
[tcp-client] Transferring tcp-howto.c to edge-node-1...
[tcp-client] Compiling on edge-node-1...
[tcp-client] Ensuring VIP 10.22.132.250 is present on edge-node-1...
ARPING 10.22.132.250 from 10.22.132.250 ens3
Sent 3 probes (3 broadcast(s))
Received 0 response(s)
[tcp-client] Starting on edge-node-1...
[tcp-client] Waiting for established TCP connection...
✓ TCP client connected (PID: 2070354)
[tcp-client] Logs: multipass exec edge-node-1 -- tail -f /home/ubuntu/tcp_client.out
[exit=0]

$ python3 /home/ivo/Documents/University/4to/Thesis-AAAAAAAa/Container-vs-Wasm-Service-Migration/Network-live-migration/scripts/orchestrators/tcp_client_benchmark.py precopy --source edge-node-1 --dest edge-node-2 --server edge-host-1 --transfer-mode direct --run-id 22-04-2026-direct-precopy-0001 --csv /home/ivo/Documents/University/4to/Thesis-AAAAAAAa/Container-vs-Wasm-Service-Migration/Network-live-migration/metrics/migration_metrics.csv --profile-name 1_WiFi_6 --iterations 3
[19:09:26] === TCP CLIENT MIGRATION ===
[19:09:26] Run ID: 22-04-2026-direct-precopy-0001
[19:09:26] Source: edge-node-1, Dest: edge-node-2
[19:09:26] Server: edge-host-1
[19:09:26] Transfer mode: direct

[19:09:26] === TCP CLIENT PRE-COPY MIGRATION (3 iterations) ===
[19:09:26] Step 1: Checking source client process...
[19:09:27]   Using PID from /home/ubuntu/tcp_client.pid: 2070354
[19:09:28]   Server connections so far: 1
[19:09:28] Step 2: Preparing CRIU directory...
[19:09:28] Step 3: Running 3 pre-dumps (client keeps running)...
[19:09:29]   Pre-dump 1/3 complete
[19:09:30]   Pre-dump 2/3 complete
[19:09:31]   Pre-dump 3/3 complete
[19:09:32] Step 4: Final dump (freezing client)...
[19:09:33] Step 4.5: Moving VIP to destination...
[19:09:33]   Moving VIP 10.22.132.250 from edge-node-1:ens3 -> edge-node-2:ens3
[19:09:38] Step 5: Creating archive...
[19:09:39] Step 6: Transferring archive...
[19:09:39]   Setting up direct SSH trust...
Setting up SSH trust: edge-node-1 → ubuntu@10.22.132.239
  Adding public key to destination's authorized_keys...
  Testing SSH connectivity...
  ✓ SSH trust ready
Setting up SSH trust: edge-node-1 → ubuntu@10.22.132.239
  Adding public key to destination's authorized_keys...
  Testing SSH connectivity...
  ✓ SSH trust ready
  Transferring /home/ubuntu/CRIU-tcp-client.tar.gz via SCP...
[19:09:44] Step 7: Unpacking on destination...
[19:09:44] Step 8: Preparing restore environment...
[19:09:44] Step 9: Restoring client (--tcp-established)...
[19:09:45] Step 10: Verifying connection continuity...
[19:09:48]   Client output (tail): PP 8 -> 8
[19:09:49]   Server connections so far: 1
[19:09:49] ✓ SUCCESS: Client restored and TCP socket appears established
[19:09:49] Metrics saved to /home/ivo/Documents/University/4to/Thesis-AAAAAAAa/Container-vs-Wasm-Service-Migration/Network-live-migration/metrics/migration_metrics.csv
[exit=0]

$ python3 /home/ivo/Documents/University/4to/Thesis-AAAAAAAa/Container-vs-Wasm-Service-Migration/Network-live-migration/scripts/setup/reset_nodes.py edge-node-1 edge-node-2 edge-host-1 10.22.132.250
[19:09:50] Resetting nodes: edge-node-1 -> edge-node-2 (server: edge-host-1, vip: 10.22.132.250)
[19:09:50] Step 1: Killing any existing processes on source...
[19:09:50]   Killing PID 2070354 (from /home/ubuntu/tcp_client.pid)
[19:09:51]   Killing PID 2070354 (from /home/ubuntu/client.pid)
[19:09:52]   Killing any remaining background processes...
[19:09:53] Step 2: Cleaning source node...
[19:09:55] Step 3: Cleaning destination node...
[19:09:55]   Killing PID 2070354 on destination (from /home/ubuntu/tcp_client.pid)
[19:09:56]   Killing PID 2070354 on destination (from /home/ubuntu/client.pid)
[19:09:56]   Killing all remaining TCP processes on destination...
[19:10:00] Step 4: Cleaning server node (edge-host-1)...
[19:10:00]   Killing PID 544175 on server (from /home/ubuntu/tcp_server.pid)
[19:10:02] ✓ Reset complete, nodes are clean
[19:10:02]   Next: Start your application
[exit=0]

$ bash /home/ivo/Documents/University/4to/Thesis-AAAAAAAa/Container-vs-Wasm-Service-Migration/Network-live-migration/scripts/workloads/start_tcp_server.sh edge-host-1 5000
[tcp-server] Transferring tcp-howto.c to edge-host-1...
[tcp-server] Compiling on edge-host-1...
[tcp-server] Starting on edge-host-1 (port 5000)...
[tcp-server] Waiting for listen...
✓ TCP server listening on edge-host-1:5000
[tcp-server] Logs: multipass exec edge-host-1 -- tail -f /home/ubuntu/tcp_server.out
[exit=0]

$ bash /home/ivo/Documents/University/4to/Thesis-AAAAAAAa/Container-vs-Wasm-Service-Migration/Network-live-migration/scripts/workloads/start_tcp_client.sh edge-node-1 edge-host-1 5000
[tcp-client] Server endpoint: 10.22.132.176:5000
[tcp-client] Client VIP: 10.22.132.250
[tcp-client] Transferring tcp-howto.c to edge-node-1...
[tcp-client] Compiling on edge-node-1...
[tcp-client] Ensuring VIP 10.22.132.250 is present on edge-node-1...
ARPING 10.22.132.250 from 10.22.132.250 ens3
Sent 3 probes (3 broadcast(s))
Received 0 response(s)
[tcp-client] Starting on edge-node-1...
[tcp-client] Waiting for established TCP connection...
✓ TCP client connected (PID: 2072709)
[tcp-client] Logs: multipass exec edge-node-1 -- tail -f /home/ubuntu/tcp_client.out
[exit=0]

$ python3 /home/ivo/Documents/University/4to/Thesis-AAAAAAAa/Container-vs-Wasm-Service-Migration/Network-live-migration/scripts/orchestrators/tcp_client_benchmark.py precopy --source edge-node-1 --dest edge-node-2 --server edge-host-1 --transfer-mode direct --run-id 22-04-2026-direct-precopy-0002 --csv /home/ivo/Documents/University/4to/Thesis-AAAAAAAa/Container-vs-Wasm-Service-Migration/Network-live-migration/metrics/migration_metrics.csv --profile-name 1_WiFi_6 --iterations 3
[19:10:12] === TCP CLIENT MIGRATION ===
[19:10:12] Run ID: 22-04-2026-direct-precopy-0002
[19:10:12] Source: edge-node-1, Dest: edge-node-2
[19:10:12] Server: edge-host-1
[19:10:12] Transfer mode: direct

[19:10:12] === TCP CLIENT PRE-COPY MIGRATION (3 iterations) ===
[19:10:12] Step 1: Checking source client process...
[19:10:12]   Using PID from /home/ubuntu/tcp_client.pid: 2072709
[19:10:13]   Server connections so far: 1
[19:10:14] Step 2: Preparing CRIU directory...
[19:10:14] Step 3: Running 3 pre-dumps (client keeps running)...
[19:10:14]   Pre-dump 1/3 complete
[19:10:15]   Pre-dump 2/3 complete
[19:10:17]   Pre-dump 3/3 complete
[19:10:18] Step 4: Final dump (freezing client)...
[19:10:18] Step 4.5: Moving VIP to destination...
[19:10:19]   Moving VIP 10.22.132.250 from edge-node-1:ens3 -> edge-node-2:ens3
[19:10:23] Step 5: Creating archive...
[19:10:24] Step 6: Transferring archive...
[19:10:24]   Setting up direct SSH trust...
Setting up SSH trust: edge-node-1 → ubuntu@10.22.132.239
  Adding public key to destination's authorized_keys...
  Testing SSH connectivity...
  ✓ SSH trust ready
Setting up SSH trust: edge-node-1 → ubuntu@10.22.132.239
  Adding public key to destination's authorized_keys...
  Testing SSH connectivity...
  ✓ SSH trust ready
  Transferring /home/ubuntu/CRIU-tcp-client.tar.gz via SCP...
[19:10:29] Step 7: Unpacking on destination...
[19:10:29] Step 8: Preparing restore environment...
[19:10:30] Step 9: Restoring client (--tcp-established)...
[19:10:30] Step 10: Verifying connection continuity...
[19:10:34]   Client output (tail): PP 8 -> 8
[19:10:34]   Server connections so far: 1
[19:10:34] ✓ SUCCESS: Client restored and TCP socket appears established
[19:10:34] Metrics saved to /home/ivo/Documents/University/4to/Thesis-AAAAAAAa/Container-vs-Wasm-Service-Migration/Network-live-migration/metrics/migration_metrics.csv
[exit=0]

$ python3 /home/ivo/Documents/University/4to/Thesis-AAAAAAAa/Container-vs-Wasm-Service-Migration/Network-live-migration/scripts/setup/reset_nodes.py edge-node-1 edge-node-2 edge-host-1 10.22.132.250
[19:10:35] Resetting nodes: edge-node-1 -> edge-node-2 (server: edge-host-1, vip: 10.22.132.250)
[19:10:35] Step 1: Killing any existing processes on source...
[19:10:36]   Killing PID 2072709 (from /home/ubuntu/tcp_client.pid)
[19:10:36]   Killing PID 2072709 (from /home/ubuntu/client.pid)
[19:10:37]   Killing any remaining background processes...
[19:10:38] Step 2: Cleaning source node...
[19:10:40] Step 3: Cleaning destination node...
[19:10:40]   Killing PID 2072709 on destination (from /home/ubuntu/tcp_client.pid)
[19:10:41]   Killing PID 2072709 on destination (from /home/ubuntu/client.pid)
[19:10:42]   Killing all remaining TCP processes on destination...
[19:10:45] Step 4: Cleaning server node (edge-host-1)...
[19:10:45]   Killing PID 545290 on server (from /home/ubuntu/tcp_server.pid)
[19:10:47] ✓ Reset complete, nodes are clean
[19:10:47]   Next: Start your application
[exit=0]

$ bash /home/ivo/Documents/University/4to/Thesis-AAAAAAAa/Container-vs-Wasm-Service-Migration/Network-live-migration/scripts/workloads/start_tcp_server.sh edge-host-1 5000
[tcp-server] Transferring tcp-howto.c to edge-host-1...
[tcp-server] Compiling on edge-host-1...
[tcp-server] Starting on edge-host-1 (port 5000)...
[tcp-server] Waiting for listen...
✓ TCP server listening on edge-host-1:5000
[tcp-server] Logs: multipass exec edge-host-1 -- tail -f /home/ubuntu/tcp_server.out
[exit=0]

$ bash /home/ivo/Documents/University/4to/Thesis-AAAAAAAa/Container-vs-Wasm-Service-Migration/Network-live-migration/scripts/workloads/start_tcp_client.sh edge-node-1 edge-host-1 5000
[tcp-client] Server endpoint: 10.22.132.176:5000
[tcp-client] Client VIP: 10.22.132.250
[tcp-client] Transferring tcp-howto.c to edge-node-1...
[tcp-client] Compiling on edge-node-1...
[tcp-client] Ensuring VIP 10.22.132.250 is present on edge-node-1...
ARPING 10.22.132.250 from 10.22.132.250 ens3
Sent 3 probes (3 broadcast(s))
Received 0 response(s)
[tcp-client] Starting on edge-node-1...
[tcp-client] Waiting for established TCP connection...
✓ TCP client connected (PID: 2075071)
[tcp-client] Logs: multipass exec edge-node-1 -- tail -f /home/ubuntu/tcp_client.out
[exit=0]

$ python3 /home/ivo/Documents/University/4to/Thesis-AAAAAAAa/Container-vs-Wasm-Service-Migration/Network-live-migration/scripts/orchestrators/tcp_client_benchmark.py precopy --source edge-node-1 --dest edge-node-2 --server edge-host-1 --transfer-mode direct --run-id 22-04-2026-direct-precopy-0003 --csv /home/ivo/Documents/University/4to/Thesis-AAAAAAAa/Container-vs-Wasm-Service-Migration/Network-live-migration/metrics/migration_metrics.csv --profile-name 1_WiFi_6 --iterations 3
[19:10:57] === TCP CLIENT MIGRATION ===
[19:10:57] Run ID: 22-04-2026-direct-precopy-0003
[19:10:57] Source: edge-node-1, Dest: edge-node-2
[19:10:57] Server: edge-host-1
[19:10:57] Transfer mode: direct

[19:10:57] === TCP CLIENT PRE-COPY MIGRATION (3 iterations) ===
[19:10:57] Step 1: Checking source client process...
[19:10:58]   Using PID from /home/ubuntu/tcp_client.pid: 2075071
[19:10:59]   Server connections so far: 1
[19:10:59] Step 2: Preparing CRIU directory...
[19:11:00] Step 3: Running 3 pre-dumps (client keeps running)...
[19:11:00]   Pre-dump 1/3 complete
[19:11:01]   Pre-dump 2/3 complete
[19:11:03]   Pre-dump 3/3 complete
[19:11:04] Step 4: Final dump (freezing client)...
[19:11:04] Step 4.5: Moving VIP to destination...
[19:11:05]   Moving VIP 10.22.132.250 from edge-node-1:ens3 -> edge-node-2:ens3
[19:11:09] Step 5: Creating archive...
[19:11:10] Step 6: Transferring archive...
[19:11:10]   Setting up direct SSH trust...
Setting up SSH trust: edge-node-1 → ubuntu@10.22.132.239
  Adding public key to destination's authorized_keys...
  Testing SSH connectivity...
  ✓ SSH trust ready
Setting up SSH trust: edge-node-1 → ubuntu@10.22.132.239
  Adding public key to destination's authorized_keys...
  Testing SSH connectivity...
  ✓ SSH trust ready
  Transferring /home/ubuntu/CRIU-tcp-client.tar.gz via SCP...
[19:11:15] Step 7: Unpacking on destination...
[19:11:15] Step 8: Preparing restore environment...
[19:11:16] Step 9: Restoring client (--tcp-established)...
[19:11:16] Step 10: Verifying connection continuity...
[19:11:19]   Client output (tail): PP 8 -> 8
[19:11:20]   Server connections so far: 1
[19:11:20] ✓ SUCCESS: Client restored and TCP socket appears established
[19:11:20] Metrics saved to /home/ivo/Documents/University/4to/Thesis-AAAAAAAa/Container-vs-Wasm-Service-Migration/Network-live-migration/metrics/migration_metrics.csv
[exit=0]

$ python3 /home/ivo/Documents/University/4to/Thesis-AAAAAAAa/Container-vs-Wasm-Service-Migration/Network-live-migration/scripts/setup/reset_nodes.py edge-node-1 edge-node-2 edge-host-1 10.22.132.250
[19:11:21] Resetting nodes: edge-node-1 -> edge-node-2 (server: edge-host-1, vip: 10.22.132.250)
[19:11:21] Step 1: Killing any existing processes on source...
[19:11:21]   Killing PID 2075071 (from /home/ubuntu/tcp_client.pid)
[19:11:22]   Killing PID 2075071 (from /home/ubuntu/client.pid)
[19:11:23]   Killing any remaining background processes...
[19:11:24] Step 2: Cleaning source node...
[19:11:26] Step 3: Cleaning destination node...
[19:11:26]   Killing PID 2075071 on destination (from /home/ubuntu/tcp_client.pid)
[19:11:27]   Killing PID 2075071 on destination (from /home/ubuntu/client.pid)
[19:11:27]   Killing all remaining TCP processes on destination...
[19:11:31] Step 4: Cleaning server node (edge-host-1)...
[19:11:31]   Killing PID 546402 on server (from /home/ubuntu/tcp_server.pid)
[19:11:33] ✓ Reset complete, nodes are clean
[19:11:33]   Next: Start your application
[exit=0]

$ bash /home/ivo/Documents/University/4to/Thesis-AAAAAAAa/Container-vs-Wasm-Service-Migration/Network-live-migration/scripts/workloads/start_tcp_server.sh edge-host-1 5000
[tcp-server] Transferring tcp-howto.c to edge-host-1...
[tcp-server] Compiling on edge-host-1...
[tcp-server] Starting on edge-host-1 (port 5000)...
[tcp-server] Waiting for listen...
✓ TCP server listening on edge-host-1:5000
[tcp-server] Logs: multipass exec edge-host-1 -- tail -f /home/ubuntu/tcp_server.out
[exit=0]

$ bash /home/ivo/Documents/University/4to/Thesis-AAAAAAAa/Container-vs-Wasm-Service-Migration/Network-live-migration/scripts/workloads/start_tcp_client.sh edge-node-1 edge-host-1 5000
[tcp-client] Server endpoint: 10.22.132.176:5000
[tcp-client] Client VIP: 10.22.132.250
[tcp-client] Transferring tcp-howto.c to edge-node-1...
[tcp-client] Compiling on edge-node-1...
[tcp-client] Ensuring VIP 10.22.132.250 is present on edge-node-1...
ARPING 10.22.132.250 from 10.22.132.250 ens3
Sent 3 probes (3 broadcast(s))
Received 0 response(s)
[tcp-client] Starting on edge-node-1...
[tcp-client] Waiting for established TCP connection...
✓ TCP client connected (PID: 2077669)
[tcp-client] Logs: multipass exec edge-node-1 -- tail -f /home/ubuntu/tcp_client.out
[exit=0]

$ python3 /home/ivo/Documents/University/4to/Thesis-AAAAAAAa/Container-vs-Wasm-Service-Migration/Network-live-migration/scripts/orchestrators/tcp_client_benchmark.py precopy --source edge-node-1 --dest edge-node-2 --server edge-host-1 --transfer-mode direct --run-id 22-04-2026-direct-precopy-0004 --csv /home/ivo/Documents/University/4to/Thesis-AAAAAAAa/Container-vs-Wasm-Service-Migration/Network-live-migration/metrics/migration_metrics.csv --profile-name 1_WiFi_6 --iterations 3
[19:11:43] === TCP CLIENT MIGRATION ===
[19:11:43] Run ID: 22-04-2026-direct-precopy-0004
[19:11:43] Source: edge-node-1, Dest: edge-node-2
[19:11:43] Server: edge-host-1
[19:11:43] Transfer mode: direct

[19:11:43] === TCP CLIENT PRE-COPY MIGRATION (3 iterations) ===
[19:11:43] Step 1: Checking source client process...
[19:11:43]   Using PID from /home/ubuntu/tcp_client.pid: 2077669
[19:11:44]   Server connections so far: 1
[19:11:45] Step 2: Preparing CRIU directory...
[19:11:45] Step 3: Running 3 pre-dumps (client keeps running)...
[19:11:45]   Pre-dump 1/3 complete
[19:11:47]   Pre-dump 2/3 complete
[19:11:48]   Pre-dump 3/3 complete
[19:11:49] Step 4: Final dump (freezing client)...
[19:11:49] Step 4.5: Moving VIP to destination...
[19:11:50]   Moving VIP 10.22.132.250 from edge-node-1:ens3 -> edge-node-2:ens3
[19:11:55] Step 5: Creating archive...
[19:11:56] Step 6: Transferring archive...
[19:11:56]   Setting up direct SSH trust...
Setting up SSH trust: edge-node-1 → ubuntu@10.22.132.239
  Adding public key to destination's authorized_keys...
  Testing SSH connectivity...
  ✓ SSH trust ready
Setting up SSH trust: edge-node-1 → ubuntu@10.22.132.239
  Adding public key to destination's authorized_keys...
  Testing SSH connectivity...
  ✓ SSH trust ready
  Transferring /home/ubuntu/CRIU-tcp-client.tar.gz via SCP...
[19:12:01] Step 7: Unpacking on destination...
[19:12:01] Step 8: Preparing restore environment...
[19:12:01] Step 9: Restoring client (--tcp-established)...
[19:12:02] Step 10: Verifying connection continuity...
[19:12:05]   Client output (tail): PP 8 -> 8
[19:12:06]   Server connections so far: 1
[19:12:06] ✓ SUCCESS: Client restored and TCP socket appears established
[19:12:06] Metrics saved to /home/ivo/Documents/University/4to/Thesis-AAAAAAAa/Container-vs-Wasm-Service-Migration/Network-live-migration/metrics/migration_metrics.csv
[exit=0]

$ python3 /home/ivo/Documents/University/4to/Thesis-AAAAAAAa/Container-vs-Wasm-Service-Migration/Network-live-migration/scripts/setup/reset_nodes.py edge-node-1 edge-node-2 edge-host-1 10.22.132.250
[19:12:07] Resetting nodes: edge-node-1 -> edge-node-2 (server: edge-host-1, vip: 10.22.132.250)
[19:12:07] Step 1: Killing any existing processes on source...
[19:12:07]   Killing PID 2077669 (from /home/ubuntu/tcp_client.pid)
[19:12:08]   Killing PID 2077669 (from /home/ubuntu/client.pid)
[19:12:09]   Killing any remaining background processes...
[19:12:10] Step 2: Cleaning source node...
[19:12:12] Step 3: Cleaning destination node...
[19:12:12]   Killing PID 2077669 on destination (from /home/ubuntu/tcp_client.pid)
[19:12:13]   Killing PID 2077669 on destination (from /home/ubuntu/client.pid)
[19:12:13]   Killing all remaining TCP processes on destination...
[19:12:16] Step 4: Cleaning server node (edge-host-1)...
[19:12:17]   Killing PID 547770 on server (from /home/ubuntu/tcp_server.pid)
[19:12:19] ✓ Reset complete, nodes are clean
[19:12:19]   Next: Start your application
[exit=0]

$ bash /home/ivo/Documents/University/4to/Thesis-AAAAAAAa/Container-vs-Wasm-Service-Migration/Network-live-migration/scripts/workloads/start_tcp_server.sh edge-host-1 5000
[tcp-server] Transferring tcp-howto.c to edge-host-1...
[tcp-server] Compiling on edge-host-1...
[tcp-server] Starting on edge-host-1 (port 5000)...
[tcp-server] Waiting for listen...
✓ TCP server listening on edge-host-1:5000
[tcp-server] Logs: multipass exec edge-host-1 -- tail -f /home/ubuntu/tcp_server.out
[exit=0]

$ bash /home/ivo/Documents/University/4to/Thesis-AAAAAAAa/Container-vs-Wasm-Service-Migration/Network-live-migration/scripts/workloads/start_tcp_client.sh edge-node-1 edge-host-1 5000
[tcp-client] Server endpoint: 10.22.132.176:5000
[tcp-client] Client VIP: 10.22.132.250
[tcp-client] Transferring tcp-howto.c to edge-node-1...
[tcp-client] Compiling on edge-node-1...
[tcp-client] Ensuring VIP 10.22.132.250 is present on edge-node-1...
ARPING 10.22.132.250 from 10.22.132.250 ens3
Sent 3 probes (3 broadcast(s))
Received 0 response(s)
[tcp-client] Starting on edge-node-1...
[tcp-client] Waiting for established TCP connection...
✓ TCP client connected (PID: 2080025)
[tcp-client] Logs: multipass exec edge-node-1 -- tail -f /home/ubuntu/tcp_client.out
[exit=0]

$ python3 /home/ivo/Documents/University/4to/Thesis-AAAAAAAa/Container-vs-Wasm-Service-Migration/Network-live-migration/scripts/orchestrators/tcp_client_benchmark.py precopy --source edge-node-1 --dest edge-node-2 --server edge-host-1 --transfer-mode direct --run-id 22-04-2026-direct-precopy-0005 --csv /home/ivo/Documents/University/4to/Thesis-AAAAAAAa/Container-vs-Wasm-Service-Migration/Network-live-migration/metrics/migration_metrics.csv --profile-name 1_WiFi_6 --iterations 3
[19:12:29] === TCP CLIENT MIGRATION ===
[19:12:29] Run ID: 22-04-2026-direct-precopy-0005
[19:12:29] Source: edge-node-1, Dest: edge-node-2
[19:12:29] Server: edge-host-1
[19:12:29] Transfer mode: direct

[19:12:29] === TCP CLIENT PRE-COPY MIGRATION (3 iterations) ===
[19:12:29] Step 1: Checking source client process...
[19:12:29]   Using PID from /home/ubuntu/tcp_client.pid: 2080025
[19:12:30]   Server connections so far: 1
[19:12:31] Step 2: Preparing CRIU directory...
[19:12:31] Step 3: Running 3 pre-dumps (client keeps running)...
[19:12:31]   Pre-dump 1/3 complete
[19:12:33]   Pre-dump 2/3 complete
[19:12:34]   Pre-dump 3/3 complete
[19:12:35] Step 4: Final dump (freezing client)...
[19:12:35] Step 4.5: Moving VIP to destination...
[19:12:36]   Moving VIP 10.22.132.250 from edge-node-1:ens3 -> edge-node-2:ens3
[19:12:41] Step 5: Creating archive...
[19:12:41] Step 6: Transferring archive...
[19:12:41]   Setting up direct SSH trust...
Setting up SSH trust: edge-node-1 → ubuntu@10.22.132.239
  Adding public key to destination's authorized_keys...
  Testing SSH connectivity...
  ✓ SSH trust ready
Setting up SSH trust: edge-node-1 → ubuntu@10.22.132.239
  Adding public key to destination's authorized_keys...
  Testing SSH connectivity...
  ✓ SSH trust ready
  Transferring /home/ubuntu/CRIU-tcp-client.tar.gz via SCP...
[19:12:46] Step 7: Unpacking on destination...
[19:12:47] Step 8: Preparing restore environment...
[19:12:47] Step 9: Restoring client (--tcp-established)...
[19:12:48] Step 10: Verifying connection continuity...
[19:12:51]   Client output (tail): PP 8 -> 8
[19:12:52]   Server connections so far: 1
[19:12:52] ✓ SUCCESS: Client restored and TCP socket appears established
[19:12:52] Metrics saved to /home/ivo/Documents/University/4to/Thesis-AAAAAAAa/Container-vs-Wasm-Service-Migration/Network-live-migration/metrics/migration_metrics.csv
[exit=0]

$ python3 /home/ivo/Documents/University/4to/Thesis-AAAAAAAa/Container-vs-Wasm-Service-Migration/Network-live-migration/scripts/setup/reset_nodes.py edge-node-1 edge-node-2 edge-host-1 10.22.132.250
[19:12:53] Resetting nodes: edge-node-1 -> edge-node-2 (server: edge-host-1, vip: 10.22.132.250)
[19:12:53] Step 1: Killing any existing processes on source...
[19:12:53]   Killing PID 2080025 (from /home/ubuntu/tcp_client.pid)
[19:12:54]   Killing PID 2080025 (from /home/ubuntu/client.pid)
[19:12:54]   Killing any remaining background processes...
[19:12:56] Step 2: Cleaning source node...
[19:12:58] Step 3: Cleaning destination node...
[19:12:58]   Killing PID 2080025 on destination (from /home/ubuntu/tcp_client.pid)
[19:12:59]   Killing PID 2080025 on destination (from /home/ubuntu/client.pid)
[19:12:59]   Killing all remaining TCP processes on destination...
[19:13:02] Step 4: Cleaning server node (edge-host-1)...
[19:13:03]   Killing PID 548885 on server (from /home/ubuntu/tcp_server.pid)
[19:13:05] ✓ Reset complete, nodes are clean
[19:13:05]   Next: Start your application
[exit=0]

$ bash /home/ivo/Documents/University/4to/Thesis-AAAAAAAa/Container-vs-Wasm-Service-Migration/Network-live-migration/scripts/workloads/start_tcp_server.sh edge-host-1 5000
[tcp-server] Transferring tcp-howto.c to edge-host-1...
[tcp-server] Compiling on edge-host-1...
[tcp-server] Starting on edge-host-1 (port 5000)...
[tcp-server] Waiting for listen...
✓ TCP server listening on edge-host-1:5000
[tcp-server] Logs: multipass exec edge-host-1 -- tail -f /home/ubuntu/tcp_server.out
[exit=0]

$ bash /home/ivo/Documents/University/4to/Thesis-AAAAAAAa/Container-vs-Wasm-Service-Migration/Network-live-migration/scripts/workloads/start_tcp_client.sh edge-node-1 edge-host-1 5000
[tcp-client] Server endpoint: 10.22.132.176:5000
[tcp-client] Client VIP: 10.22.132.250
[tcp-client] Transferring tcp-howto.c to edge-node-1...
[tcp-client] Compiling on edge-node-1...
[tcp-client] Ensuring VIP 10.22.132.250 is present on edge-node-1...
ARPING 10.22.132.250 from 10.22.132.250 ens3
Sent 3 probes (3 broadcast(s))
Received 0 response(s)
[tcp-client] Starting on edge-node-1...
[tcp-client] Waiting for established TCP connection...
✓ TCP client connected (PID: 2082387)
[tcp-client] Logs: multipass exec edge-node-1 -- tail -f /home/ubuntu/tcp_client.out
[exit=0]

$ python3 /home/ivo/Documents/University/4to/Thesis-AAAAAAAa/Container-vs-Wasm-Service-Migration/Network-live-migration/scripts/orchestrators/tcp_client_benchmark.py precopy --source edge-node-1 --dest edge-node-2 --server edge-host-1 --transfer-mode direct --run-id 22-04-2026-direct-precopy-0006 --csv /home/ivo/Documents/University/4to/Thesis-AAAAAAAa/Container-vs-Wasm-Service-Migration/Network-live-migration/metrics/migration_metrics.csv --profile-name 1_WiFi_6 --iterations 3
[19:13:14] === TCP CLIENT MIGRATION ===
[19:13:14] Run ID: 22-04-2026-direct-precopy-0006
[19:13:14] Source: edge-node-1, Dest: edge-node-2
[19:13:14] Server: edge-host-1
[19:13:14] Transfer mode: direct

[19:13:14] === TCP CLIENT PRE-COPY MIGRATION (3 iterations) ===
[19:13:14] Step 1: Checking source client process...
[19:13:15]   Using PID from /home/ubuntu/tcp_client.pid: 2082387
[19:13:16]   Server connections so far: 1
[19:13:16] Step 2: Preparing CRIU directory...
[19:13:17] Step 3: Running 3 pre-dumps (client keeps running)...
[19:13:17]   Pre-dump 1/3 complete
[19:13:18]   Pre-dump 2/3 complete
[19:13:20]   Pre-dump 3/3 complete
[19:13:21] Step 4: Final dump (freezing client)...
[19:13:21] Step 4.5: Moving VIP to destination...
[19:13:22]   Moving VIP 10.22.132.250 from edge-node-1:ens3 -> edge-node-2:ens3
[19:13:26] Step 5: Creating archive...
[19:13:27] Step 6: Transferring archive...
[19:13:27]   Setting up direct SSH trust...
Setting up SSH trust: edge-node-1 → ubuntu@10.22.132.239
  Adding public key to destination's authorized_keys...
  Testing SSH connectivity...
  ✓ SSH trust ready
Setting up SSH trust: edge-node-1 → ubuntu@10.22.132.239
  Adding public key to destination's authorized_keys...
  Testing SSH connectivity...
  ✓ SSH trust ready
  Transferring /home/ubuntu/CRIU-tcp-client.tar.gz via SCP...
[19:13:32] Step 7: Unpacking on destination...
[19:13:32] Step 8: Preparing restore environment...
[19:13:33] Step 9: Restoring client (--tcp-established)...
[19:13:33] Step 10: Verifying connection continuity...
[19:13:37]   Client output (tail): PP 8 -> 8
[19:13:37]   Server connections so far: 1
[19:13:37] ✓ SUCCESS: Client restored and TCP socket appears established
[19:13:37] Metrics saved to /home/ivo/Documents/University/4to/Thesis-AAAAAAAa/Container-vs-Wasm-Service-Migration/Network-live-migration/metrics/migration_metrics.csv
[exit=0]

$ python3 /home/ivo/Documents/University/4to/Thesis-AAAAAAAa/Container-vs-Wasm-Service-Migration/Network-live-migration/scripts/setup/reset_nodes.py edge-node-1 edge-node-2 edge-host-1 10.22.132.250
[19:13:38] Resetting nodes: edge-node-1 -> edge-node-2 (server: edge-host-1, vip: 10.22.132.250)
[19:13:38] Step 1: Killing any existing processes on source...
[19:13:39]   Killing PID 2082387 (from /home/ubuntu/tcp_client.pid)
[19:13:39]   Killing PID 2082387 (from /home/ubuntu/client.pid)
[19:13:40]   Killing any remaining background processes...
[19:13:41] Step 2: Cleaning source node...
[19:13:43] Step 3: Cleaning destination node...
[19:13:43]   Killing PID 2082387 on destination (from /home/ubuntu/tcp_client.pid)
[19:13:44]   Killing PID 2082387 on destination (from /home/ubuntu/client.pid)
[19:13:45]   Killing all remaining TCP processes on destination...
[19:13:48] Step 4: Cleaning server node (edge-host-1)...
[19:13:48]   Killing PID 550007 on server (from /home/ubuntu/tcp_server.pid)
[19:13:50] ✓ Reset complete, nodes are clean
[19:13:50]   Next: Start your application
[exit=0]

$ bash /home/ivo/Documents/University/4to/Thesis-AAAAAAAa/Container-vs-Wasm-Service-Migration/Network-live-migration/scripts/workloads/start_tcp_server.sh edge-host-1 5000
[tcp-server] Transferring tcp-howto.c to edge-host-1...
[tcp-server] Compiling on edge-host-1...
[tcp-server] Starting on edge-host-1 (port 5000)...
[tcp-server] Waiting for listen...
✓ TCP server listening on edge-host-1:5000
[tcp-server] Logs: multipass exec edge-host-1 -- tail -f /home/ubuntu/tcp_server.out
[exit=0]

$ bash /home/ivo/Documents/University/4to/Thesis-AAAAAAAa/Container-vs-Wasm-Service-Migration/Network-live-migration/scripts/workloads/start_tcp_client.sh edge-node-1 edge-host-1 5000
[tcp-client] Server endpoint: 10.22.132.176:5000
[tcp-client] Client VIP: 10.22.132.250
[tcp-client] Transferring tcp-howto.c to edge-node-1...
[tcp-client] Compiling on edge-node-1...
[tcp-client] Ensuring VIP 10.22.132.250 is present on edge-node-1...
ARPING 10.22.132.250 from 10.22.132.250 ens3
Sent 3 probes (3 broadcast(s))
Received 0 response(s)
[tcp-client] Starting on edge-node-1...
[tcp-client] Waiting for established TCP connection...
✓ TCP client connected (PID: 2084742)
[tcp-client] Logs: multipass exec edge-node-1 -- tail -f /home/ubuntu/tcp_client.out
[exit=0]

$ python3 /home/ivo/Documents/University/4to/Thesis-AAAAAAAa/Container-vs-Wasm-Service-Migration/Network-live-migration/scripts/orchestrators/tcp_client_benchmark.py precopy --source edge-node-1 --dest edge-node-2 --server edge-host-1 --transfer-mode direct --run-id 22-04-2026-direct-precopy-0007 --csv /home/ivo/Documents/University/4to/Thesis-AAAAAAAa/Container-vs-Wasm-Service-Migration/Network-live-migration/metrics/migration_metrics.csv --profile-name 1_WiFi_6 --iterations 3
[19:14:00] === TCP CLIENT MIGRATION ===
[19:14:00] Run ID: 22-04-2026-direct-precopy-0007
[19:14:00] Source: edge-node-1, Dest: edge-node-2
[19:14:00] Server: edge-host-1
[19:14:00] Transfer mode: direct

[19:14:00] === TCP CLIENT PRE-COPY MIGRATION (3 iterations) ===
[19:14:00] Step 1: Checking source client process...
[19:14:01]   Using PID from /home/ubuntu/tcp_client.pid: 2084742
[19:14:01]   Server connections so far: 1
[19:14:02] Step 2: Preparing CRIU directory...
[19:14:02] Step 3: Running 3 pre-dumps (client keeps running)...
[19:14:03]   Pre-dump 1/3 complete
[19:14:04]   Pre-dump 2/3 complete
[19:14:05]   Pre-dump 3/3 complete
[19:14:06] Step 4: Final dump (freezing client)...
[19:14:07] Step 4.5: Moving VIP to destination...
[19:14:07]   Moving VIP 10.22.132.250 from edge-node-1:ens3 -> edge-node-2:ens3
[19:14:12] Step 5: Creating archive...
[19:14:13] Step 6: Transferring archive...
[19:14:13]   Setting up direct SSH trust...
Setting up SSH trust: edge-node-1 → ubuntu@10.22.132.239
  Adding public key to destination's authorized_keys...
  Testing SSH connectivity...
  ✓ SSH trust ready
Setting up SSH trust: edge-node-1 → ubuntu@10.22.132.239
  Adding public key to destination's authorized_keys...
  Testing SSH connectivity...
  ✓ SSH trust ready
  Transferring /home/ubuntu/CRIU-tcp-client.tar.gz via SCP...
[19:14:17] Step 7: Unpacking on destination...
[19:14:18] Step 8: Preparing restore environment...
[19:14:18] Step 9: Restoring client (--tcp-established)...
[19:14:19] Step 10: Verifying connection continuity...
[19:14:22]   Client output (tail): PP 8 -> 8
[19:14:23]   Server connections so far: 1
[19:14:23] ✓ SUCCESS: Client restored and TCP socket appears established
[19:14:23] Metrics saved to /home/ivo/Documents/University/4to/Thesis-AAAAAAAa/Container-vs-Wasm-Service-Migration/Network-live-migration/metrics/migration_metrics.csv
[exit=0]

$ python3 /home/ivo/Documents/University/4to/Thesis-AAAAAAAa/Container-vs-Wasm-Service-Migration/Network-live-migration/scripts/setup/reset_nodes.py edge-node-1 edge-node-2 edge-host-1 10.22.132.250
[19:14:24] Resetting nodes: edge-node-1 -> edge-node-2 (server: edge-host-1, vip: 10.22.132.250)
[19:14:24] Step 1: Killing any existing processes on source...
[19:14:24]   Killing PID 2084742 (from /home/ubuntu/tcp_client.pid)
[19:14:25]   Killing PID 2084742 (from /home/ubuntu/client.pid)
[19:14:25]   Killing any remaining background processes...
[19:14:27] Step 2: Cleaning source node...
[19:14:29] Step 3: Cleaning destination node...
[19:14:29]   Killing PID 2084742 on destination (from /home/ubuntu/tcp_client.pid)
[19:14:30]   Killing PID 2084742 on destination (from /home/ubuntu/client.pid)
[19:14:30]   Killing all remaining TCP processes on destination...
[19:14:33] Step 4: Cleaning server node (edge-host-1)...
[19:14:34]   Killing PID 551111 on server (from /home/ubuntu/tcp_server.pid)
[19:14:36] ✓ Reset complete, nodes are clean
[19:14:36]   Next: Start your application
[exit=0]

$ bash /home/ivo/Documents/University/4to/Thesis-AAAAAAAa/Container-vs-Wasm-Service-Migration/Network-live-migration/scripts/workloads/start_tcp_server.sh edge-host-1 5000
[tcp-server] Transferring tcp-howto.c to edge-host-1...
[tcp-server] Compiling on edge-host-1...
[tcp-server] Starting on edge-host-1 (port 5000)...
[tcp-server] Waiting for listen...
✓ TCP server listening on edge-host-1:5000
[tcp-server] Logs: multipass exec edge-host-1 -- tail -f /home/ubuntu/tcp_server.out
[exit=0]

$ bash /home/ivo/Documents/University/4to/Thesis-AAAAAAAa/Container-vs-Wasm-Service-Migration/Network-live-migration/scripts/workloads/start_tcp_client.sh edge-node-1 edge-host-1 5000
[tcp-client] Server endpoint: 10.22.132.176:5000
[tcp-client] Client VIP: 10.22.132.250
[tcp-client] Transferring tcp-howto.c to edge-node-1...
[tcp-client] Compiling on edge-node-1...
[tcp-client] Ensuring VIP 10.22.132.250 is present on edge-node-1...
ARPING 10.22.132.250 from 10.22.132.250 ens3
Sent 3 probes (3 broadcast(s))
Received 0 response(s)
[tcp-client] Starting on edge-node-1...
[tcp-client] Waiting for established TCP connection...
✓ TCP client connected (PID: 2087096)
[tcp-client] Logs: multipass exec edge-node-1 -- tail -f /home/ubuntu/tcp_client.out
[exit=0]

$ python3 /home/ivo/Documents/University/4to/Thesis-AAAAAAAa/Container-vs-Wasm-Service-Migration/Network-live-migration/scripts/orchestrators/tcp_client_benchmark.py precopy --source edge-node-1 --dest edge-node-2 --server edge-host-1 --transfer-mode direct --run-id 22-04-2026-direct-precopy-0008 --csv /home/ivo/Documents/University/4to/Thesis-AAAAAAAa/Container-vs-Wasm-Service-Migration/Network-live-migration/metrics/migration_metrics.csv --profile-name 1_WiFi_6 --iterations 3
[19:14:45] === TCP CLIENT MIGRATION ===
[19:14:45] Run ID: 22-04-2026-direct-precopy-0008
[19:14:45] Source: edge-node-1, Dest: edge-node-2
[19:14:45] Server: edge-host-1
[19:14:45] Transfer mode: direct

[19:14:45] === TCP CLIENT PRE-COPY MIGRATION (3 iterations) ===
[19:14:45] Step 1: Checking source client process...
[19:14:46]   Using PID from /home/ubuntu/tcp_client.pid: 2087096
[19:14:47]   Server connections so far: 1
[19:14:47] Step 2: Preparing CRIU directory...
[19:14:48] Step 3: Running 3 pre-dumps (client keeps running)...
[19:14:48]   Pre-dump 1/3 complete
[19:14:49]   Pre-dump 2/3 complete
[19:14:51]   Pre-dump 3/3 complete
[19:14:52] Step 4: Final dump (freezing client)...
[19:14:52] Step 4.5: Moving VIP to destination...
[19:14:52]   Moving VIP 10.22.132.250 from edge-node-1:ens3 -> edge-node-2:ens3
[19:14:57] Step 5: Creating archive...
[19:14:58] Step 6: Transferring archive...
[19:14:58]   Setting up direct SSH trust...
Setting up SSH trust: edge-node-1 → ubuntu@10.22.132.239
  Adding public key to destination's authorized_keys...
  Testing SSH connectivity...
  ✓ SSH trust ready
Setting up SSH trust: edge-node-1 → ubuntu@10.22.132.239
  Adding public key to destination's authorized_keys...
  Testing SSH connectivity...
  ✓ SSH trust ready
  Transferring /home/ubuntu/CRIU-tcp-client.tar.gz via SCP...
[19:15:03] Step 7: Unpacking on destination...
[19:15:03] Step 8: Preparing restore environment...
[19:15:04] Step 9: Restoring client (--tcp-established)...
[19:15:04] Step 10: Verifying connection continuity...
[19:15:08]   Client output (tail): PP 8 -> 8
[19:15:08]   Server connections so far: 1
[19:15:08] ✓ SUCCESS: Client restored and TCP socket appears established
[19:15:08] Metrics saved to /home/ivo/Documents/University/4to/Thesis-AAAAAAAa/Container-vs-Wasm-Service-Migration/Network-live-migration/metrics/migration_metrics.csv
[exit=0]

$ python3 /home/ivo/Documents/University/4to/Thesis-AAAAAAAa/Container-vs-Wasm-Service-Migration/Network-live-migration/scripts/setup/reset_nodes.py edge-node-1 edge-node-2 edge-host-1 10.22.132.250
[19:15:09] Resetting nodes: edge-node-1 -> edge-node-2 (server: edge-host-1, vip: 10.22.132.250)
[19:15:09] Step 1: Killing any existing processes on source...
[19:15:10]   Killing PID 2087096 (from /home/ubuntu/tcp_client.pid)
[19:15:10]   Killing PID 2087096 (from /home/ubuntu/client.pid)
[19:15:11]   Killing any remaining background processes...
[19:15:12] Step 2: Cleaning source node...
[19:15:14] Step 3: Cleaning destination node...
[19:15:14]   Killing PID 2087096 on destination (from /home/ubuntu/tcp_client.pid)
[19:15:15]   Killing PID 2087096 on destination (from /home/ubuntu/client.pid)
[19:15:16]   Killing all remaining TCP processes on destination...
[19:15:19] Step 4: Cleaning server node (edge-host-1)...
[19:15:19]   Killing PID 552235 on server (from /home/ubuntu/tcp_server.pid)
[19:15:21] ✓ Reset complete, nodes are clean
[19:15:21]   Next: Start your application
[exit=0]

$ bash /home/ivo/Documents/University/4to/Thesis-AAAAAAAa/Container-vs-Wasm-Service-Migration/Network-live-migration/scripts/workloads/start_tcp_server.sh edge-host-1 5000
[tcp-server] Transferring tcp-howto.c to edge-host-1...
[tcp-server] Compiling on edge-host-1...
[tcp-server] Starting on edge-host-1 (port 5000)...
[tcp-server] Waiting for listen...
✓ TCP server listening on edge-host-1:5000
[tcp-server] Logs: multipass exec edge-host-1 -- tail -f /home/ubuntu/tcp_server.out
[exit=0]

$ bash /home/ivo/Documents/University/4to/Thesis-AAAAAAAa/Container-vs-Wasm-Service-Migration/Network-live-migration/scripts/workloads/start_tcp_client.sh edge-node-1 edge-host-1 5000
[tcp-client] Server endpoint: 10.22.132.176:5000
[tcp-client] Client VIP: 10.22.132.250
[tcp-client] Transferring tcp-howto.c to edge-node-1...
[tcp-client] Compiling on edge-node-1...
[tcp-client] Ensuring VIP 10.22.132.250 is present on edge-node-1...
ARPING 10.22.132.250 from 10.22.132.250 ens3
Sent 3 probes (3 broadcast(s))
Received 0 response(s)
[tcp-client] Starting on edge-node-1...
[tcp-client] Waiting for established TCP connection...
✓ TCP client connected (PID: 2089452)
[tcp-client] Logs: multipass exec edge-node-1 -- tail -f /home/ubuntu/tcp_client.out
[exit=0]

$ python3 /home/ivo/Documents/University/4to/Thesis-AAAAAAAa/Container-vs-Wasm-Service-Migration/Network-live-migration/scripts/orchestrators/tcp_client_benchmark.py precopy --source edge-node-1 --dest edge-node-2 --server edge-host-1 --transfer-mode direct --run-id 22-04-2026-direct-precopy-0009 --csv /home/ivo/Documents/University/4to/Thesis-AAAAAAAa/Container-vs-Wasm-Service-Migration/Network-live-migration/metrics/migration_metrics.csv --profile-name 1_WiFi_6 --iterations 3
[19:15:31] === TCP CLIENT MIGRATION ===
[19:15:31] Run ID: 22-04-2026-direct-precopy-0009
[19:15:31] Source: edge-node-1, Dest: edge-node-2
[19:15:31] Server: edge-host-1
[19:15:31] Transfer mode: direct

[19:15:31] === TCP CLIENT PRE-COPY MIGRATION (3 iterations) ===
[19:15:31] Step 1: Checking source client process...
[19:15:32]   Using PID from /home/ubuntu/tcp_client.pid: 2089452
[19:15:33]   Server connections so far: 1
[19:15:33] Step 2: Preparing CRIU directory...
[19:15:33] Step 3: Running 3 pre-dumps (client keeps running)...
[19:15:34]   Pre-dump 1/3 complete
[19:15:35]   Pre-dump 2/3 complete
[19:15:36]   Pre-dump 3/3 complete
[19:15:37] Step 4: Final dump (freezing client)...
[19:15:38] Step 4.5: Moving VIP to destination...
[19:15:38]   Moving VIP 10.22.132.250 from edge-node-1:ens3 -> edge-node-2:ens3
[19:15:43] Step 5: Creating archive...
[19:15:44] Step 6: Transferring archive...
[19:15:44]   Setting up direct SSH trust...
Setting up SSH trust: edge-node-1 → ubuntu@10.22.132.239
  Adding public key to destination's authorized_keys...
  Testing SSH connectivity...
  ✓ SSH trust ready
Setting up SSH trust: edge-node-1 → ubuntu@10.22.132.239
  Adding public key to destination's authorized_keys...
  Testing SSH connectivity...
  ✓ SSH trust ready
  Transferring /home/ubuntu/CRIU-tcp-client.tar.gz via SCP...
[19:15:48] Step 7: Unpacking on destination...
[19:15:49] Step 8: Preparing restore environment...
[19:15:49] Step 9: Restoring client (--tcp-established)...
[19:15:50] Step 10: Verifying connection continuity...
[19:15:53]   Client output (tail): PP 8 -> 8
[19:15:54]   Server connections so far: 1
[19:15:54] ✓ SUCCESS: Client restored and TCP socket appears established
[19:15:54] Metrics saved to /home/ivo/Documents/University/4to/Thesis-AAAAAAAa/Container-vs-Wasm-Service-Migration/Network-live-migration/metrics/migration_metrics.csv
[exit=0]

$ python3 /home/ivo/Documents/University/4to/Thesis-AAAAAAAa/Container-vs-Wasm-Service-Migration/Network-live-migration/scripts/setup/reset_nodes.py edge-node-1 edge-node-2 edge-host-1 10.22.132.250
[19:15:55] Resetting nodes: edge-node-1 -> edge-node-2 (server: edge-host-1, vip: 10.22.132.250)
[19:15:55] Step 1: Killing any existing processes on source...
[19:15:55]   Killing PID 2089452 (from /home/ubuntu/tcp_client.pid)
[19:15:56]   Killing PID 2089452 (from /home/ubuntu/client.pid)
[19:15:56]   Killing any remaining background processes...
[19:15:58] Step 2: Cleaning source node...
[19:16:00] Step 3: Cleaning destination node...
[19:16:00]   Killing PID 2089452 on destination (from /home/ubuntu/tcp_client.pid)
[19:16:01]   Killing PID 2089452 on destination (from /home/ubuntu/client.pid)
[19:16:01]   Killing all remaining TCP processes on destination...
[19:16:04] Step 4: Cleaning server node (edge-host-1)...
[19:16:05]   Killing PID 553352 on server (from /home/ubuntu/tcp_server.pid)
[19:16:07] ✓ Reset complete, nodes are clean
[19:16:07]   Next: Start your application
[exit=0]

$ bash /home/ivo/Documents/University/4to/Thesis-AAAAAAAa/Container-vs-Wasm-Service-Migration/Network-live-migration/scripts/workloads/start_tcp_server.sh edge-host-1 5000
[tcp-server] Transferring tcp-howto.c to edge-host-1...
[tcp-server] Compiling on edge-host-1...
[tcp-server] Starting on edge-host-1 (port 5000)...
[tcp-server] Waiting for listen...
✓ TCP server listening on edge-host-1:5000
[tcp-server] Logs: multipass exec edge-host-1 -- tail -f /home/ubuntu/tcp_server.out
[exit=0]

$ bash /home/ivo/Documents/University/4to/Thesis-AAAAAAAa/Container-vs-Wasm-Service-Migration/Network-live-migration/scripts/workloads/start_tcp_client.sh edge-node-1 edge-host-1 5000
[tcp-client] Server endpoint: 10.22.132.176:5000
[tcp-client] Client VIP: 10.22.132.250
[tcp-client] Transferring tcp-howto.c to edge-node-1...
[tcp-client] Compiling on edge-node-1...
[tcp-client] Ensuring VIP 10.22.132.250 is present on edge-node-1...
ARPING 10.22.132.250 from 10.22.132.250 ens3
Sent 3 probes (3 broadcast(s))
Received 0 response(s)
[tcp-client] Starting on edge-node-1...
[tcp-client] Waiting for established TCP connection...
✓ TCP client connected (PID: 2091814)
[tcp-client] Logs: multipass exec edge-node-1 -- tail -f /home/ubuntu/tcp_client.out
[exit=0]

$ python3 /home/ivo/Documents/University/4to/Thesis-AAAAAAAa/Container-vs-Wasm-Service-Migration/Network-live-migration/scripts/orchestrators/tcp_client_benchmark.py precopy --source edge-node-1 --dest edge-node-2 --server edge-host-1 --transfer-mode direct --run-id 22-04-2026-direct-precopy-0010 --csv /home/ivo/Documents/University/4to/Thesis-AAAAAAAa/Container-vs-Wasm-Service-Migration/Network-live-migration/metrics/migration_metrics.csv --profile-name 1_WiFi_6 --iterations 3
[19:16:16] === TCP CLIENT MIGRATION ===
[19:16:16] Run ID: 22-04-2026-direct-precopy-0010
[19:16:16] Source: edge-node-1, Dest: edge-node-2
[19:16:16] Server: edge-host-1
[19:16:16] Transfer mode: direct

[19:16:16] === TCP CLIENT PRE-COPY MIGRATION (3 iterations) ===
[19:16:16] Step 1: Checking source client process...
[19:16:17]   Using PID from /home/ubuntu/tcp_client.pid: 2091814
[19:16:18]   Server connections so far: 1
[19:16:18] Step 2: Preparing CRIU directory...
[19:16:19] Step 3: Running 3 pre-dumps (client keeps running)...
[19:16:19]   Pre-dump 1/3 complete
[19:16:20]   Pre-dump 2/3 complete
[19:16:22]   Pre-dump 3/3 complete
[19:16:23] Step 4: Final dump (freezing client)...
[19:16:23] Step 4.5: Moving VIP to destination...
[19:16:23]   Moving VIP 10.22.132.250 from edge-node-1:ens3 -> edge-node-2:ens3
[19:16:28] Step 5: Creating archive...
[19:16:29] Step 6: Transferring archive...
[19:16:29]   Setting up direct SSH trust...
Setting up SSH trust: edge-node-1 → ubuntu@10.22.132.239
  Adding public key to destination's authorized_keys...
  Testing SSH connectivity...
  ✓ SSH trust ready
Setting up SSH trust: edge-node-1 → ubuntu@10.22.132.239
  Adding public key to destination's authorized_keys...
  Testing SSH connectivity...
  ✓ SSH trust ready
  Transferring /home/ubuntu/CRIU-tcp-client.tar.gz via SCP...
[19:16:34] Step 7: Unpacking on destination...
[19:16:34] Step 8: Preparing restore environment...
[19:16:35] Step 9: Restoring client (--tcp-established)...
[19:16:36] Step 10: Verifying connection continuity...
[19:16:39]   Client output (tail): PP 8 -> 8
[19:16:39]   Server connections so far: 1
[19:16:39] ✓ SUCCESS: Client restored and TCP socket appears established
[19:16:39] Metrics saved to /home/ivo/Documents/University/4to/Thesis-AAAAAAAa/Container-vs-Wasm-Service-Migration/Network-live-migration/metrics/migration_metrics.csv
[exit=0]

$ python3 /home/ivo/Documents/University/4to/Thesis-AAAAAAAa/Container-vs-Wasm-Service-Migration/Network-live-migration/scripts/setup/reset_nodes.py edge-node-1 edge-node-2 edge-host-1 10.22.132.250
[19:16:41] Resetting nodes: edge-node-1 -> edge-node-2 (server: edge-host-1, vip: 10.22.132.250)
[19:16:41] Step 1: Killing any existing processes on source...
[19:16:41]   Killing PID 2091814 (from /home/ubuntu/tcp_client.pid)
[19:16:42]   Killing PID 2091814 (from /home/ubuntu/client.pid)
[19:16:42]   Killing any remaining background processes...
[19:16:43] Step 2: Cleaning source node...
[19:16:45] Step 3: Cleaning destination node...
[19:16:45]   Killing PID 2091814 on destination (from /home/ubuntu/tcp_client.pid)
[19:16:46]   Killing PID 2091814 on destination (from /home/ubuntu/client.pid)
[19:16:47]   Killing all remaining TCP processes on destination...
[19:16:50] Step 4: Cleaning server node (edge-host-1)...
[19:16:50]   Killing PID 554466 on server (from /home/ubuntu/tcp_server.pid)
[19:16:52] ✓ Reset complete, nodes are clean
[19:16:52]   Next: Start your application
[exit=0]

$ bash /home/ivo/Documents/University/4to/Thesis-AAAAAAAa/Container-vs-Wasm-Service-Migration/Network-live-migration/scripts/workloads/start_tcp_server.sh edge-host-1 5000
[tcp-server] Transferring tcp-howto.c to edge-host-1...
[tcp-server] Compiling on edge-host-1...
[tcp-server] Starting on edge-host-1 (port 5000)...
[tcp-server] Waiting for listen...
✓ TCP server listening on edge-host-1:5000
[tcp-server] Logs: multipass exec edge-host-1 -- tail -f /home/ubuntu/tcp_server.out
[exit=0]

$ bash /home/ivo/Documents/University/4to/Thesis-AAAAAAAa/Container-vs-Wasm-Service-Migration/Network-live-migration/scripts/workloads/start_tcp_client.sh edge-node-1 edge-host-1 5000
[tcp-client] Server endpoint: 10.22.132.176:5000
[tcp-client] Client VIP: 10.22.132.250
[tcp-client] Transferring tcp-howto.c to edge-node-1...
[tcp-client] Compiling on edge-node-1...
[tcp-client] Ensuring VIP 10.22.132.250 is present on edge-node-1...
ARPING 10.22.132.250 from 10.22.132.250 ens3
Sent 3 probes (3 broadcast(s))
Received 0 response(s)
[tcp-client] Starting on edge-node-1...
[tcp-client] Waiting for established TCP connection...
✓ TCP client connected (PID: 2094169)
[tcp-client] Logs: multipass exec edge-node-1 -- tail -f /home/ubuntu/tcp_client.out
[exit=0]

$ python3 /home/ivo/Documents/University/4to/Thesis-AAAAAAAa/Container-vs-Wasm-Service-Migration/Network-live-migration/scripts/orchestrators/tcp_client_benchmark.py precopy --source edge-node-1 --dest edge-node-2 --server edge-host-1 --transfer-mode direct --run-id 22-04-2026-direct-precopy-0011 --csv /home/ivo/Documents/University/4to/Thesis-AAAAAAAa/Container-vs-Wasm-Service-Migration/Network-live-migration/metrics/migration_metrics.csv --profile-name 1_WiFi_6 --iterations 3
[19:17:02] === TCP CLIENT MIGRATION ===
[19:17:02] Run ID: 22-04-2026-direct-precopy-0011
[19:17:02] Source: edge-node-1, Dest: edge-node-2
[19:17:02] Server: edge-host-1
[19:17:02] Transfer mode: direct

[19:17:02] === TCP CLIENT PRE-COPY MIGRATION (3 iterations) ===
[19:17:02] Step 1: Checking source client process...
[19:17:03]   Using PID from /home/ubuntu/tcp_client.pid: 2094169
[19:17:03]   Server connections so far: 1
[19:17:04] Step 2: Preparing CRIU directory...
[19:17:04] Step 3: Running 3 pre-dumps (client keeps running)...
[19:17:05]   Pre-dump 1/3 complete
[19:17:06]   Pre-dump 2/3 complete
[19:17:07]   Pre-dump 3/3 complete
[19:17:08] Step 4: Final dump (freezing client)...
[19:17:09] Step 4.5: Moving VIP to destination...
[19:17:09]   Moving VIP 10.22.132.250 from edge-node-1:ens3 -> edge-node-2:ens3
[19:17:14] Step 5: Creating archive...
[19:17:15] Step 6: Transferring archive...
[19:17:15]   Setting up direct SSH trust...
Setting up SSH trust: edge-node-1 → ubuntu@10.22.132.239
  Adding public key to destination's authorized_keys...
  Testing SSH connectivity...
  ✓ SSH trust ready
Setting up SSH trust: edge-node-1 → ubuntu@10.22.132.239
  Adding public key to destination's authorized_keys...
  Testing SSH connectivity...
  ✓ SSH trust ready
  Transferring /home/ubuntu/CRIU-tcp-client.tar.gz via SCP...
[19:17:19] Step 7: Unpacking on destination...
[19:17:20] Step 8: Preparing restore environment...
[19:17:20] Step 9: Restoring client (--tcp-established)...
[19:17:21] Step 10: Verifying connection continuity...
[19:17:24]   Client output (tail): PP 8 -> 8
[19:17:25]   Server connections so far: 1
[19:17:25] ✓ SUCCESS: Client restored and TCP socket appears established
[19:17:25] Metrics saved to /home/ivo/Documents/University/4to/Thesis-AAAAAAAa/Container-vs-Wasm-Service-Migration/Network-live-migration/metrics/migration_metrics.csv
[exit=0]

$ python3 /home/ivo/Documents/University/4to/Thesis-AAAAAAAa/Container-vs-Wasm-Service-Migration/Network-live-migration/scripts/setup/reset_nodes.py edge-node-1 edge-node-2 edge-host-1 10.22.132.250
[19:17:26] Resetting nodes: edge-node-1 -> edge-node-2 (server: edge-host-1, vip: 10.22.132.250)
[19:17:26] Step 1: Killing any existing processes on source...
[19:17:26]   Killing PID 2094169 (from /home/ubuntu/tcp_client.pid)
[19:17:27]   Killing PID 2094169 (from /home/ubuntu/client.pid)
[19:17:27]   Killing any remaining background processes...
[19:17:29] Step 2: Cleaning source node...
[19:17:30] Step 3: Cleaning destination node...
[19:17:31]   Killing PID 2094169 on destination (from /home/ubuntu/tcp_client.pid)
[19:17:32]   Killing PID 2094169 on destination (from /home/ubuntu/client.pid)
[19:17:32]   Killing all remaining TCP processes on destination...
[19:17:35] Step 4: Cleaning server node (edge-host-1)...
[19:17:36]   Killing PID 555581 on server (from /home/ubuntu/tcp_server.pid)
[19:17:38] ✓ Reset complete, nodes are clean
[19:17:38]   Next: Start your application
[exit=0]

$ bash /home/ivo/Documents/University/4to/Thesis-AAAAAAAa/Container-vs-Wasm-Service-Migration/Network-live-migration/scripts/workloads/start_tcp_server.sh edge-host-1 5000
[tcp-server] Transferring tcp-howto.c to edge-host-1...
[tcp-server] Compiling on edge-host-1...
[tcp-server] Starting on edge-host-1 (port 5000)...
[tcp-server] Waiting for listen...
✓ TCP server listening on edge-host-1:5000
[tcp-server] Logs: multipass exec edge-host-1 -- tail -f /home/ubuntu/tcp_server.out
[exit=0]

$ bash /home/ivo/Documents/University/4to/Thesis-AAAAAAAa/Container-vs-Wasm-Service-Migration/Network-live-migration/scripts/workloads/start_tcp_client.sh edge-node-1 edge-host-1 5000
[tcp-client] Server endpoint: 10.22.132.176:5000
[tcp-client] Client VIP: 10.22.132.250
[tcp-client] Transferring tcp-howto.c to edge-node-1...
[tcp-client] Compiling on edge-node-1...
[tcp-client] Ensuring VIP 10.22.132.250 is present on edge-node-1...
ARPING 10.22.132.250 from 10.22.132.250 ens3
Sent 3 probes (3 broadcast(s))
Received 0 response(s)
[tcp-client] Starting on edge-node-1...
[tcp-client] Waiting for established TCP connection...
✓ TCP client connected (PID: 2096526)
[tcp-client] Logs: multipass exec edge-node-1 -- tail -f /home/ubuntu/tcp_client.out
[exit=0]

$ python3 /home/ivo/Documents/University/4to/Thesis-AAAAAAAa/Container-vs-Wasm-Service-Migration/Network-live-migration/scripts/orchestrators/tcp_client_benchmark.py precopy --source edge-node-1 --dest edge-node-2 --server edge-host-1 --transfer-mode direct --run-id 22-04-2026-direct-precopy-0012 --csv /home/ivo/Documents/University/4to/Thesis-AAAAAAAa/Container-vs-Wasm-Service-Migration/Network-live-migration/metrics/migration_metrics.csv --profile-name 1_WiFi_6 --iterations 3
[19:17:48] === TCP CLIENT MIGRATION ===
[19:17:48] Run ID: 22-04-2026-direct-precopy-0012
[19:17:48] Source: edge-node-1, Dest: edge-node-2
[19:17:48] Server: edge-host-1
[19:17:48] Transfer mode: direct

[19:17:48] === TCP CLIENT PRE-COPY MIGRATION (3 iterations) ===
[19:17:48] Step 1: Checking source client process...
[19:17:48]   Using PID from /home/ubuntu/tcp_client.pid: 2096526
[19:17:49]   Server connections so far: 1
[19:17:50] Step 2: Preparing CRIU directory...
[19:17:50] Step 3: Running 3 pre-dumps (client keeps running)...
[19:17:50]   Pre-dump 1/3 complete
[19:17:52]   Pre-dump 2/3 complete
[19:17:53]   Pre-dump 3/3 complete
[19:17:54] Step 4: Final dump (freezing client)...
[19:17:54] Step 4.5: Moving VIP to destination...
[19:17:55]   Moving VIP 10.22.132.250 from edge-node-1:ens3 -> edge-node-2:ens3
[19:18:00] Step 5: Creating archive...
[19:18:01] Step 6: Transferring archive...
[19:18:01]   Setting up direct SSH trust...
Setting up SSH trust: edge-node-1 → ubuntu@10.22.132.239
  Adding public key to destination's authorized_keys...
  Testing SSH connectivity...
  ✓ SSH trust ready
Setting up SSH trust: edge-node-1 → ubuntu@10.22.132.239
  Adding public key to destination's authorized_keys...
  Testing SSH connectivity...
  ✓ SSH trust ready
  Transferring /home/ubuntu/CRIU-tcp-client.tar.gz via SCP...
[19:18:05] Step 7: Unpacking on destination...
[19:18:06] Step 8: Preparing restore environment...
[19:18:06] Step 9: Restoring client (--tcp-established)...
[19:18:07] Step 10: Verifying connection continuity...
[19:18:10]   Client output (tail): PP 8 -> 8
[19:18:11]   Server connections so far: 1
[19:18:11] ✓ SUCCESS: Client restored and TCP socket appears established
[19:18:11] Metrics saved to /home/ivo/Documents/University/4to/Thesis-AAAAAAAa/Container-vs-Wasm-Service-Migration/Network-live-migration/metrics/migration_metrics.csv
[exit=0]

$ python3 /home/ivo/Documents/University/4to/Thesis-AAAAAAAa/Container-vs-Wasm-Service-Migration/Network-live-migration/scripts/setup/reset_nodes.py edge-node-1 edge-node-2 edge-host-1 10.22.132.250
[19:18:12] Resetting nodes: edge-node-1 -> edge-node-2 (server: edge-host-1, vip: 10.22.132.250)
[19:18:12] Step 1: Killing any existing processes on source...
[19:18:12]   Killing PID 2096526 (from /home/ubuntu/tcp_client.pid)
[19:18:13]   Killing PID 2096526 (from /home/ubuntu/client.pid)
[19:18:13]   Killing any remaining background processes...
[19:18:15] Step 2: Cleaning source node...
[19:18:16] Step 3: Cleaning destination node...
[19:18:17]   Killing PID 2096526 on destination (from /home/ubuntu/tcp_client.pid)
[19:18:17]   Killing PID 2096526 on destination (from /home/ubuntu/client.pid)
[19:18:18]   Killing all remaining TCP processes on destination...
[19:18:21] Step 4: Cleaning server node (edge-host-1)...
[19:18:21]   Killing PID 556707 on server (from /home/ubuntu/tcp_server.pid)
[19:18:24] ✓ Reset complete, nodes are clean
[19:18:24]   Next: Start your application
[exit=0]

$ bash /home/ivo/Documents/University/4to/Thesis-AAAAAAAa/Container-vs-Wasm-Service-Migration/Network-live-migration/scripts/workloads/start_tcp_server.sh edge-host-1 5000
[tcp-server] Transferring tcp-howto.c to edge-host-1...
[tcp-server] Compiling on edge-host-1...
[tcp-server] Starting on edge-host-1 (port 5000)...
[tcp-server] Waiting for listen...
✓ TCP server listening on edge-host-1:5000
[tcp-server] Logs: multipass exec edge-host-1 -- tail -f /home/ubuntu/tcp_server.out
[exit=0]

$ bash /home/ivo/Documents/University/4to/Thesis-AAAAAAAa/Container-vs-Wasm-Service-Migration/Network-live-migration/scripts/workloads/start_tcp_client.sh edge-node-1 edge-host-1 5000
[tcp-client] Server endpoint: 10.22.132.176:5000
[tcp-client] Client VIP: 10.22.132.250
[tcp-client] Transferring tcp-howto.c to edge-node-1...
[tcp-client] Compiling on edge-node-1...
[tcp-client] Ensuring VIP 10.22.132.250 is present on edge-node-1...
ARPING 10.22.132.250 from 10.22.132.250 ens3
Sent 3 probes (3 broadcast(s))
Received 0 response(s)
[tcp-client] Starting on edge-node-1...
[tcp-client] Waiting for established TCP connection...
✓ TCP client connected (PID: 2098880)
[tcp-client] Logs: multipass exec edge-node-1 -- tail -f /home/ubuntu/tcp_client.out
[exit=0]

$ python3 /home/ivo/Documents/University/4to/Thesis-AAAAAAAa/Container-vs-Wasm-Service-Migration/Network-live-migration/scripts/orchestrators/tcp_client_benchmark.py precopy --source edge-node-1 --dest edge-node-2 --server edge-host-1 --transfer-mode direct --run-id 22-04-2026-direct-precopy-0013 --csv /home/ivo/Documents/University/4to/Thesis-AAAAAAAa/Container-vs-Wasm-Service-Migration/Network-live-migration/metrics/migration_metrics.csv --profile-name 1_WiFi_6 --iterations 3
[19:18:33] === TCP CLIENT MIGRATION ===
[19:18:33] Run ID: 22-04-2026-direct-precopy-0013
[19:18:33] Source: edge-node-1, Dest: edge-node-2
[19:18:33] Server: edge-host-1
[19:18:33] Transfer mode: direct

[19:18:33] === TCP CLIENT PRE-COPY MIGRATION (3 iterations) ===
[19:18:33] Step 1: Checking source client process...
[19:18:34]   Using PID from /home/ubuntu/tcp_client.pid: 2098880
[19:18:35]   Server connections so far: 1
[19:18:35] Step 2: Preparing CRIU directory...
[19:18:36] Step 3: Running 3 pre-dumps (client keeps running)...
[19:18:36]   Pre-dump 1/3 complete
[19:18:37]   Pre-dump 2/3 complete
[19:18:39]   Pre-dump 3/3 complete
[19:18:40] Step 4: Final dump (freezing client)...
[19:18:40] Step 4.5: Moving VIP to destination...
[19:18:40]   Moving VIP 10.22.132.250 from edge-node-1:ens3 -> edge-node-2:ens3
[19:18:46] Step 5: Creating archive...
[19:18:46] Step 6: Transferring archive...
[19:18:46]   Setting up direct SSH trust...
Setting up SSH trust: edge-node-1 → ubuntu@10.22.132.239
  Adding public key to destination's authorized_keys...
  Testing SSH connectivity...
  ✓ SSH trust ready
Setting up SSH trust: edge-node-1 → ubuntu@10.22.132.239
  Adding public key to destination's authorized_keys...
  Testing SSH connectivity...
  ✓ SSH trust ready
  Transferring /home/ubuntu/CRIU-tcp-client.tar.gz via SCP...
[19:18:51] Step 7: Unpacking on destination...
[19:18:51] Step 8: Preparing restore environment...
[19:18:52] Step 9: Restoring client (--tcp-established)...
[19:18:52] Step 10: Verifying connection continuity...
[19:18:56]   Client output (tail): PP 8 -> 8
[19:18:56]   Server connections so far: 1
[19:18:56] ✓ SUCCESS: Client restored and TCP socket appears established
[19:18:56] Metrics saved to /home/ivo/Documents/University/4to/Thesis-AAAAAAAa/Container-vs-Wasm-Service-Migration/Network-live-migration/metrics/migration_metrics.csv
[exit=0]

$ python3 /home/ivo/Documents/University/4to/Thesis-AAAAAAAa/Container-vs-Wasm-Service-Migration/Network-live-migration/scripts/setup/reset_nodes.py edge-node-1 edge-node-2 edge-host-1 10.22.132.250
[19:18:57] Resetting nodes: edge-node-1 -> edge-node-2 (server: edge-host-1, vip: 10.22.132.250)
[19:18:57] Step 1: Killing any existing processes on source...
[19:18:58]   Killing PID 2098880 (from /home/ubuntu/tcp_client.pid)
[19:18:58]   Killing PID 2098880 (from /home/ubuntu/client.pid)
[19:18:59]   Killing any remaining background processes...
[19:19:00] Step 2: Cleaning source node...
[19:19:02] Step 3: Cleaning destination node...
[19:19:02]   Killing PID 2098880 on destination (from /home/ubuntu/tcp_client.pid)
[19:19:03]   Killing PID 2098880 on destination (from /home/ubuntu/client.pid)
[19:19:04]   Killing all remaining TCP processes on destination...
[19:19:07] Step 4: Cleaning server node (edge-host-1)...
[19:19:07]   Killing PID 557812 on server (from /home/ubuntu/tcp_server.pid)
[19:19:09] ✓ Reset complete, nodes are clean
[19:19:09]   Next: Start your application
[exit=0]

$ bash /home/ivo/Documents/University/4to/Thesis-AAAAAAAa/Container-vs-Wasm-Service-Migration/Network-live-migration/scripts/workloads/start_tcp_server.sh edge-host-1 5000
[tcp-server] Transferring tcp-howto.c to edge-host-1...
[tcp-server] Compiling on edge-host-1...
[tcp-server] Starting on edge-host-1 (port 5000)...
[tcp-server] Waiting for listen...
✓ TCP server listening on edge-host-1:5000
[tcp-server] Logs: multipass exec edge-host-1 -- tail -f /home/ubuntu/tcp_server.out
[exit=0]

$ bash /home/ivo/Documents/University/4to/Thesis-AAAAAAAa/Container-vs-Wasm-Service-Migration/Network-live-migration/scripts/workloads/start_tcp_client.sh edge-node-1 edge-host-1 5000
[tcp-client] Server endpoint: 10.22.132.176:5000
[tcp-client] Client VIP: 10.22.132.250
[tcp-client] Transferring tcp-howto.c to edge-node-1...
[tcp-client] Compiling on edge-node-1...
[tcp-client] Ensuring VIP 10.22.132.250 is present on edge-node-1...
ARPING 10.22.132.250 from 10.22.132.250 ens3
Sent 3 probes (3 broadcast(s))
Received 0 response(s)
[tcp-client] Starting on edge-node-1...
[tcp-client] Waiting for established TCP connection...
ERROR: TCP client did not connect to 10.22.132.176:5000
[tcp-client] Last logs:
Connecting to 10.22.132.176:5000
Binding LOCAL_IP=10.22.132.250
[exit=1]
