run_id,technology,migration_method,network_migration,checkpoint_ms,archive_bytes,transfer_ms,restore_ms,downtime_ms,bandwidth_mbps,src_arch,dst_arch,same_arch,success,notes,timestamp,profile_name,predump_ms,final_dump_ms,total_ms,lazy_pages_active_ms,lazy_pages_log_bytes,archive_create_ms,transfer_setup_ms,transfer_send_ms,transfer_receive_ms,transfer_cleanup_ms,unpack_ms
repeat-suite-20260330-185020-cold-host-001,CRIU,cold,no,642,24973,867,322,1831,0.23,x86_64,x86_64,True,True,transfer_mode=host,2026-03-30T18:50:42.099676,,,,,,,,,,,,
repeat-suite-20260330-185020-cold-host-002,CRIU,cold,no,597,25123,851,322,1770,0.24,x86_64,x86_64,True,True,transfer_mode=host,2026-03-30T18:51:03.797177,,,,,,,,,,,,
repeat-suite-20260330-185020-cold-host-003,CRIU,cold,no,614,25278,839,327,1780,0.24,x86_64,x86_64,True,True,transfer_mode=host,2026-03-30T18:51:25.824057,,,,,,,,,,,,
repeat-suite-20260330-185020-cold-host-004sd,CRIU,cold,no,636,25095,859,330,1825,0.23,x86_64,x86_64,True,True,transfer_mode=host,2026-03-30T18:51:47.460043,,,,,,,,,,,,
repeat-suite-20260330-185020-cold-host-005,CRIU,cold,no,611,25065,856,319,1786,0.23,x86_64,x86_64,True,True,transfer_mode=host,2026-03-30T18:52:09.061535,,,,,,,,,,,,
repeat-suite-20260330-185020-cold-host-006,CRIU,cold,no,637,25114,862,300,1799,0.23,x86_64,x86_64,True,True,transfer_mode=host,2026-03-30T18:52:31.255771,,,,,,,,,,,,
repeat-suite-20260330-185020-cold-host-007,CRIU,cold,no,630,25018,822,322,1774,0.24,x86_64,x86_64,True,True,transfer_mode=host,2026-03-30T18:52:52.758802,,,,,,,,,,,,
repeat-suite-20260330-185020-cold-host-008,CRIU,cold,no,831,24976,831,303,1965,0.24,x86_64,x86_64,True,True,transfer_mode=host,2026-03-30T18:53:14.574253,,,,,,,,,,,,
repeat-suite-20260330-185020-cold-host-009,CRIU,cold,no,623,25036,858,335,1816,0.23,x86_64,x86_64,True,True,transfer_mode=host,2026-03-30T18:53:36.698320,,,,,,,,,,,,
repeat-suite-20260330-185020-cold-host-010,CRIU,cold,no,605,25233,841,338,1784,0.24,x86_64,x86_64,True,True,transfer_mode=host,2026-03-30T18:53:58.207553,,,,,,,,,,,,
repeat-suite-20260330-185020-cold-host-011,CRIU,cold,no,652,25030,850,313,1815,0.24,x86_64,x86_64,True,True,transfer_mode=host,2026-03-30T18:54:19.850447,,,,,,,,,,,,
repeat-suite-20260330-185020-cold-host-012,CRIU,cold,no,626,25126,902,321,1849,0.22,x86_64,x86_64,True,True,transfer_mode=host,2026-03-30T18:54:41.907113,,,,,,,,,,,,
repeat-suite-20260330-185020-cold-host-013,CRIU,cold,no,593,24998,852,330,1775,0.23,x86_64,x86_64,True,True,transfer_mode=host,2026-03-30T18:55:03.522276,,,,,,,,,,,,
repeat-suite-20260330-185020-cold-host-014,CRIU,cold,no,592,25053,863,346,1801,0.23,x86_64,x86_64,True,True,transfer_mode=host,2026-03-30T18:55:25.117453,,,,,,,,,,,,
repeat-suite-20260330-185020-cold-host-015,CRIU,cold,no,605,25292,895,341,1841,0.23,x86_64,x86_64,True,True,transfer_mode=host,2026-03-30T18:55:47.536577,,,,,,,,,,,,
repeat-suite-20260330-185020-cold-host-016,CRIU,cold,no,603,24944,916,325,1844,0.22,x86_64,x86_64,True,True,transfer_mode=host,2026-03-30T18:56:09.700941,,,,,,,,,,,,
repeat-suite-20260330-185020-cold-host-017,CRIU,cold,no,595,25107,879,306,1780,0.23,x86_64,x86_64,True,True,transfer_mode=host,2026-03-30T18:56:32.052840,,,,,,,,,,,,
repeat-suite-20260330-185020-cold-host-018,CRIU,cold,no,636,25033,906,319,1861,0.22,x86_64,x86_64,True,True,transfer_mode=host,2026-03-30T18:56:54.232841,,,,,,,,,,,,
repeat-suite-20260330-185020-cold-host-019,CRIU,cold,no,626,25345,880,318,1824,0.23,x86_64,x86_64,True,True,transfer_mode=host,2026-03-30T18:57:16.072187,,,,,,,,,,,,
repeat-suite-20260330-185020-cold-host-020,CRIU,cold,no,653,25062,1163,324,2140,0.17,x86_64,x86_64,True,True,transfer_mode=host,2026-03-30T18:57:38.970423,,,,,,,,,,,,
repeat-suite-20260330-185020-cold-host-021,CRIU,cold,no,639,25071,986,587,2212,0.20,x86_64,x86_64,True,True,transfer_mode=host,2026-03-30T18:58:01.767528,,,,,,,,,,,,
repeat-suite-20260330-185020-cold-host-022,CRIU,cold,no,645,25021,890,337,1872,0.22,x86_64,x86_64,True,True,transfer_mode=host,2026-03-30T18:58:24.086536,,,,,,,,,,,,
repeat-suite-20260330-185020-cold-host-023,CRIU,cold,no,698,25358,928,318,1944,0.22,x86_64,x86_64,True,True,transfer_mode=host,2026-03-30T18:58:46.800038,,,,,,,,,,,,
repeat-suite-20260330-185020-cold-host-024,CRIU,cold,no,606,25226,855,318,1779,0.24,x86_64,x86_64,True,True,transfer_mode=host,2026-03-30T18:59:08.453871,,,,,,,,,,,,
repeat-suite-20260330-185020-cold-host-025,CRIU,cold,no,623,25233,896,354,1873,0.23,x86_64,x86_64,True,True,transfer_mode=host,2026-03-30T18:59:31.070867,,,,,,,,,,,,
repeat-suite-20260330-185020-cold-host-026,CRIU,cold,no,659,25276,899,312,1870,0.22,x86_64,x86_64,True,True,transfer_mode=host,2026-03-30T18:59:54.380155,,,,,,,,,,,,
repeat-suite-20260330-185020-cold-host-027,CRIU,cold,no,620,25070,884,351,1855,0.23,x86_64,x86_64,True,True,transfer_mode=host,2026-03-30T19:00:18.127353,,,,,,,,,,,,
repeat-suite-20260330-185020-cold-host-028,CRIU,cold,no,605,25019,904,312,1821,0.22,x86_64,x86_64,True,True,transfer_mode=host,2026-03-30T19:00:40.773426,,,,,,,,,,,,
repeat-suite-20260330-185020-cold-host-029,CRIU,cold,no,603,25157,907,350,1860,0.22,x86_64,x86_64,True,True,transfer_mode=host,2026-03-30T19:01:02.673346,,,,,,,,,,,,
repeat-suite-20260330-185020-cold-host-030,CRIU,cold,no,641,25065,890,309,1840,0.23,x86_64,x86_64,True,True,transfer_mode=host,2026-03-30T19:01:24.743032,,,,,,,,,,,,
repeat-suite-20260330-185020-cold-host-031,CRIU,cold,no,627,25197,1101,333,2061,0.18,x86_64,x86_64,True,True,transfer_mode=host,2026-03-30T19:01:47.427532,,,,,,,,,,,,
repeat-suite-20260330-185020-cold-host-032,CRIU,cold,no,607,25077,885,323,1815,0.23,x86_64,x86_64,True,True,transfer_mode=host,2026-03-30T19:02:09.263305,,,,,,,,,,,,
repeat-suite-20260330-185020-cold-host-033,CRIU,cold,no,627,25053,927,315,1869,0.22,x86_64,x86_64,True,True,transfer_mode=host,2026-03-30T19:02:31.726367,,,,,,,,,,,,
repeat-suite-20260330-185020-cold-host-034,CRIU,cold,no,597,25247,867,321,1785,0.23,x86_64,x86_64,True,True,transfer_mode=host,2026-03-30T19:02:54.711579,,,,,,,,,,,,
repeat-suite-20260330-185020-cold-host-035,CRIU,cold,no,672,25213,919,346,1937,0.22,x86_64,x86_64,True,True,transfer_mode=host,2026-03-30T19:03:18.046602,,,,,,,,,,,,
repeat-suite-20260330-185020-cold-host-036,CRIU,cold,no,759,25115,1418,349,2526,0.14,x86_64,x86_64,True,True,transfer_mode=host,2026-03-30T19:03:41.661830,,,,,,,,,,,,
repeat-suite-20260330-185020-cold-host-037,CRIU,cold,no,607,25385,836,334,1777,0.24,x86_64,x86_64,True,True,transfer_mode=host,2026-03-30T19:04:04.429136,,,,,,,,,,,,
repeat-suite-20260330-185020-cold-host-038,CRIU,cold,no,633,25102,868,322,1823,0.23,x86_64,x86_64,True,True,transfer_mode=host,2026-03-30T19:04:26.043082,,,,,,,,,,,,
repeat-suite-20260330-185020-cold-host-039,CRIU,cold,no,644,24980,940,333,1917,0.21,x86_64,x86_64,True,True,transfer_mode=host,2026-03-30T19:04:49.617489,,,,,,,,,,,,
repeat-suite-20260330-185020-cold-host-040,CRIU,cold,no,678,25186,943,322,1943,0.21,x86_64,x86_64,True,True,transfer_mode=host,2026-03-30T19:05:11.694815,,,,,,,,,,,,
repeat-suite-20260330-185020-cold-host-041,CRIU,cold,no,606,24970,885,331,1822,0.23,x86_64,x86_64,True,True,transfer_mode=host,2026-03-30T19:05:33.501849,,,,,,,,,,,,
repeat-suite-20260330-185020-cold-host-042,CRIU,cold,no,596,25245,1178,317,2091,0.17,x86_64,x86_64,True,True,transfer_mode=host,2026-03-30T19:05:55.769889,,,,,,,,,,,,
repeat-suite-20260330-185020-cold-host-043,CRIU,cold,no,660,25005,957,303,1920,0.21,x86_64,x86_64,True,True,transfer_mode=host,2026-03-30T19:06:17.771675,,,,,,,,,,,,
repeat-suite-20260330-185020-cold-host-044,CRIU,cold,no,658,25141,880,307,1845,0.23,x86_64,x86_64,True,True,transfer_mode=host,2026-03-30T19:06:39.981068,,,,,,,,,,,,
repeat-suite-20260330-185020-cold-host-045,CRIU,cold,no,644,25091,901,313,1858,0.22,x86_64,x86_64,True,True,transfer_mode=host,2026-03-30T19:07:02.531557,,,,,,,,,,,,
repeat-suite-20260330-185020-cold-host-046,CRIU,cold,no,681,25139,889,329,1899,0.23,x86_64,x86_64,True,True,transfer_mode=host,2026-03-30T19:07:24.486724,,,,,,,,,,,,
repeat-suite-20260330-185020-cold-host-047,CRIU,cold,no,647,25085,837,313,1797,0.24,x86_64,x86_64,True,True,transfer_mode=host,2026-03-30T19:07:47.033704,,,,,,,,,,,,
repeat-suite-20260330-185020-cold-host-048,CRIU,cold,no,607,25006,850,325,1782,0.24,x86_64,x86_64,True,True,transfer_mode=host,2026-03-30T19:08:09.378300,,,,,,,,,,,,
repeat-suite-20260330-185020-cold-host-049,CRIU,cold,no,610,25390,854,297,1761,0.24,x86_64,x86_64,True,True,transfer_mode=host,2026-03-30T19:08:30.940424,,,,,,,,,,,,
repeat-suite-20260330-185020-cold-host-050,CRIU,cold,no,621,25186,864,317,1802,0.23,x86_64,x86_64,True,True,transfer_mode=host,2026-03-30T19:08:53.352826,,,,,,,,,,,,
repeat-suite-20260330-185020-cold-direct-001,CRIU,cold,no,637,25198,2600,311,3548,0.08,x86_64,x86_64,True,True,transfer_mode=direct,2026-03-30T19:09:18.533545,,,,,,,,,,,,
repeat-suite-20260330-185020-cold-direct-002,CRIU,cold,no,592,25215,2532,325,3449,0.08,x86_64,x86_64,True,True,transfer_mode=direct,2026-03-30T19:09:43.711174,,,,,,,,,,,,
repeat-suite-20260330-185020-cold-direct-003,CRIU,cold,no,631,25012,2556,308,3495,0.08,x86_64,x86_64,True,True,transfer_mode=direct,2026-03-30T19:10:09.102795,,,,,,,,,,,,
repeat-suite-20260330-185020-cold-direct-004,CRIU,cold,no,596,25120,2507,316,3419,0.08,x86_64,x86_64,True,True,transfer_mode=direct,2026-03-30T19:10:34.037506,,,,,,,,,,,,
repeat-suite-20260330-185020-cold-direct-005,CRIU,cold,no,615,24931,2526,299,3440,0.08,x86_64,x86_64,True,True,transfer_mode=direct,2026-03-30T19:10:59.831836,,,,,,,,,,,,
repeat-suite-20260330-185020-cold-direct-006,CRIU,cold,no,599,25011,2578,306,3483,0.08,x86_64,x86_64,True,True,transfer_mode=direct,2026-03-30T19:11:24.743549,,,,,,,,,,,,
repeat-suite-20260330-185020-cold-direct-007,CRIU,cold,no,608,25250,2861,309,3778,0.07,x86_64,x86_64,True,True,transfer_mode=direct,2026-03-30T19:11:50.073336,,,,,,,,,,,,
repeat-suite-20260330-185020-cold-direct-008,CRIU,cold,no,615,25131,2563,356,3534,0.08,x86_64,x86_64,True,True,transfer_mode=direct,2026-03-30T19:12:15.437348,,,,,,,,,,,,
repeat-suite-20260330-185020-cold-direct-009,CRIU,cold,no,616,24971,2603,304,3523,0.08,x86_64,x86_64,True,True,transfer_mode=direct,2026-03-30T19:12:40.578231,,,,,,,,,,,,
repeat-suite-20260330-185020-cold-direct-010,CRIU,cold,no,646,25213,2593,607,3846,0.08,x86_64,x86_64,True,True,transfer_mode=direct,2026-03-30T19:13:06.611678,,,,,,,,,,,,
repeat-suite-20260330-185020-cold-direct-011,CRIU,cold,no,605,25157,2539,329,3473,0.08,x86_64,x86_64,True,True,transfer_mode=direct,2026-03-30T19:13:31.803966,,,,,,,,,,,,
repeat-suite-20260330-185020-cold-direct-012,CRIU,cold,no,644,25038,2594,322,3560,0.08,x86_64,x86_64,True,True,transfer_mode=direct,2026-03-30T19:13:57.293245,,,,,,,,,,,,
repeat-suite-20260330-185020-cold-direct-013,CRIU,cold,no,632,25023,2616,309,3557,0.08,x86_64,x86_64,True,True,transfer_mode=direct,2026-03-30T19:14:22.936776,,,,,,,,,,,,
repeat-suite-20260330-185020-cold-direct-014,CRIU,cold,no,600,25014,2630,319,3549,0.08,x86_64,x86_64,True,True,transfer_mode=direct,2026-03-30T19:14:48.045181,,,,,,,,,,,,
repeat-suite-20260330-185020-cold-direct-015,CRIU,cold,no,598,25041,2608,320,3526,0.08,x86_64,x86_64,True,True,transfer_mode=direct,2026-03-30T19:15:14.196733,,,,,,,,,,,,
repeat-suite-20260330-185020-cold-direct-016,CRIU,cold,no,608,25074,2591,317,3516,0.08,x86_64,x86_64,True,True,transfer_mode=direct,2026-03-30T19:15:39.511373,,,,,,,,,,,,
repeat-suite-20260330-185020-cold-direct-017,CRIU,cold,no,620,25255,2592,313,3525,0.08,x86_64,x86_64,True,True,transfer_mode=direct,2026-03-30T19:16:05.527839,,,,,,,,,,,,
repeat-suite-20260330-185020-cold-direct-018,CRIU,cold,no,617,25304,2545,298,3460,0.08,x86_64,x86_64,True,True,transfer_mode=direct,2026-03-30T19:16:30.547117,,,,,,,,,,,,
repeat-suite-20260330-185020-cold-direct-019,CRIU,cold,no,582,25009,2582,306,3470,0.08,x86_64,x86_64,True,True,transfer_mode=direct,2026-03-30T19:16:56.197858,,,,,,,,,,,,
repeat-suite-20260330-185020-cold-direct-020,CRIU,cold,no,630,25151,2606,314,3550,0.08,x86_64,x86_64,True,True,transfer_mode=direct,2026-03-30T19:17:21.922263,,,,,,,,,,,,
repeat-suite-20260330-185020-cold-direct-021,CRIU,cold,no,636,25031,2607,316,3559,0.08,x86_64,x86_64,True,True,transfer_mode=direct,2026-03-30T19:17:47.232617,,,,,,,,,,,,
repeat-suite-20260330-185020-cold-direct-022,CRIU,cold,no,609,25199,2612,578,3799,0.08,x86_64,x86_64,True,True,transfer_mode=direct,2026-03-30T19:18:12.953075,,,,,,,,,,,,
repeat-suite-20260330-185020-cold-direct-023,CRIU,cold,no,646,25112,2588,310,3544,0.08,x86_64,x86_64,True,True,transfer_mode=direct,2026-03-30T19:18:38.348099,,,,,,,,,,,,
repeat-suite-20260330-185020-cold-direct-024,CRIU,cold,no,586,25277,2906,314,3806,0.07,x86_64,x86_64,True,True,transfer_mode=direct,2026-03-30T19:19:03.799927,,,,,,,,,,,,
repeat-suite-20260330-185020-cold-direct-025,CRIU,cold,no,654,25225,2598,325,3577,0.08,x86_64,x86_64,True,True,transfer_mode=direct,2026-03-30T19:19:29.376658,,,,,,,,,,,,
repeat-suite-20260330-185020-cold-direct-026,CRIU,cold,no,637,25242,2618,311,3566,0.08,x86_64,x86_64,True,True,transfer_mode=direct,2026-03-30T19:19:54.809592,,,,,,,,,,,,
repeat-suite-20260330-185020-cold-direct-027,CRIU,cold,no,601,24952,2523,301,3425,0.08,x86_64,x86_64,True,True,transfer_mode=direct,2026-03-30T19:20:20.461185,,,,,,,,,,,,
repeat-suite-20260330-185020-cold-direct-028,CRIU,cold,no,603,25348,2555,311,3469,0.08,x86_64,x86_64,True,True,transfer_mode=direct,2026-03-30T19:20:45.364173,,,,,,,,,,,,
repeat-suite-20260330-185020-cold-direct-029,CRIU,cold,no,607,24991,2553,320,3480,0.08,x86_64,x86_64,True,True,transfer_mode=direct,2026-03-30T19:21:10.541996,,,,,,,,,,,,
repeat-suite-20260330-185020-cold-direct-030,CRIU,cold,no,594,25085,2597,301,3492,0.08,x86_64,x86_64,True,True,transfer_mode=direct,2026-03-30T19:21:36.222819,,,,,,,,,,,,
repeat-suite-20260330-185020-cold-direct-031,CRIU,cold,no,655,24998,2584,299,3538,0.08,x86_64,x86_64,True,True,transfer_mode=direct,2026-03-30T19:22:01.791147,,,,,,,,,,,,
repeat-suite-20260330-185020-cold-direct-032,CRIU,cold,no,618,25000,2583,319,3520,0.08,x86_64,x86_64,True,True,transfer_mode=direct,2026-03-30T19:22:27.582237,,,,,,,,,,,,
repeat-suite-20260330-185020-cold-direct-033,CRIU,cold,no,624,25210,2681,317,3622,0.08,x86_64,x86_64,True,True,transfer_mode=direct,2026-03-30T19:22:53.267387,,,,,,,,,,,,
repeat-suite-20260330-185020-cold-direct-034,CRIU,cold,no,619,25063,2527,313,3459,0.08,x86_64,x86_64,True,True,transfer_mode=direct,2026-03-30T19:23:18.912016,,,,,,,,,,,,
repeat-suite-20260330-185020-cold-direct-035,CRIU,cold,no,630,25161,2556,301,3487,0.08,x86_64,x86_64,True,True,transfer_mode=direct,2026-03-30T19:23:44.316272,,,,,,,,,,,,
repeat-suite-20260330-185020-cold-direct-036,CRIU,cold,no,631,25159,2816,336,3783,0.07,x86_64,x86_64,True,True,transfer_mode=direct,2026-03-30T19:24:09.835741,,,,,,,,,,,,
repeat-suite-20260330-185020-cold-direct-037,CRIU,cold,no,617,25379,2629,311,3557,0.08,x86_64,x86_64,True,True,transfer_mode=direct,2026-03-30T19:24:35.380779,,,,,,,,,,,,
repeat-suite-20260330-185020-cold-direct-038,CRIU,cold,no,642,25159,2616,317,3575,0.08,x86_64,x86_64,True,True,transfer_mode=direct,2026-03-30T19:25:00.621276,,,,,,,,,,,,
repeat-suite-20260330-185020-cold-direct-039,CRIU,cold,no,586,25292,2557,305,3448,0.08,x86_64,x86_64,True,True,transfer_mode=direct,2026-03-30T19:25:26.165083,,,,,,,,,,,,
repeat-suite-20260330-185020-cold-direct-040,CRIU,cold,no,610,24917,2556,329,3495,0.08,x86_64,x86_64,True,True,transfer_mode=direct,2026-03-30T19:25:51.390503,,,,,,,,,,,,
repeat-suite-20260330-185020-cold-direct-041,CRIU,cold,no,590,25057,2543,302,3435,0.08,x86_64,x86_64,True,True,transfer_mode=direct,2026-03-30T19:26:17.289899,,,,,,,,,,,,
repeat-suite-20260330-185020-cold-direct-042,CRIU,cold,no,628,25295,2860,319,3807,0.07,x86_64,x86_64,True,True,transfer_mode=direct,2026-03-30T19:26:43.008729,,,,,,,,,,,,
repeat-suite-20260330-185020-cold-direct-043,CRIU,cold,no,606,25087,2612,318,3536,0.08,x86_64,x86_64,True,True,transfer_mode=direct,2026-03-30T19:27:08.543913,,,,,,,,,,,,
repeat-suite-20260330-185020-cold-direct-044,CRIU,cold,no,604,25249,2568,316,3488,0.08,x86_64,x86_64,True,True,transfer_mode=direct,2026-03-30T19:27:33.985739,,,,,,,,,,,,
repeat-suite-20260330-185020-cold-direct-045,CRIU,cold,no,625,25364,2605,326,3556,0.08,x86_64,x86_64,True,True,transfer_mode=direct,2026-03-30T19:27:59.425834,,,,,,,,,,,,
repeat-suite-20260330-185020-cold-direct-046,CRIU,cold,no,615,25249,2528,617,3760,0.08,x86_64,x86_64,True,True,transfer_mode=direct,2026-03-30T19:28:25.222934,,,,,,,,,,,,
repeat-suite-20260330-185020-cold-direct-047,CRIU,cold,no,614,25361,2601,312,3527,0.08,x86_64,x86_64,True,True,transfer_mode=direct,2026-03-30T19:28:50.503819,,,,,,,,,,,,
repeat-suite-20260330-185020-cold-direct-048,CRIU,cold,no,620,25245,2821,312,3753,0.07,x86_64,x86_64,True,True,transfer_mode=direct,2026-03-30T19:29:15.818164,,,,,,,,,,,,
repeat-suite-20260330-185020-cold-direct-049,CRIU,cold,no,607,25264,2604,320,3531,0.08,x86_64,x86_64,True,True,transfer_mode=direct,2026-03-30T19:29:41.362487,,,,,,,,,,,,
repeat-suite-20260330-185020-cold-direct-050,CRIU,cold,no,638,25039,2607,334,3579,0.08,x86_64,x86_64,True,True,transfer_mode=direct,2026-03-30T19:30:06.999956,,,,,,,,,,,,
repeat-suite-20260330-185020-precopy-host-001,CRIU,precopy,no,611,32366,1172,307,2090,0.22,x86_64,x86_64,True,True,transfer_mode=host;iterations=3,2026-03-30T19:30:32.600692,,,,,,,,,,,,
repeat-suite-20260330-185020-precopy-host-002,CRIU,precopy,no,578,31259,838,327,1743,0.30,x86_64,x86_64,True,True,transfer_mode=host;iterations=3,2026-03-30T19:30:56.934064,,,,,,,,,,,,
repeat-suite-20260330-185020-precopy-host-003,CRIU,precopy,no,612,31611,891,323,1826,0.28,x86_64,x86_64,True,True,transfer_mode=host;iterations=3,2026-03-30T19:31:21.818779,,,,,,,,,,,,
repeat-suite-20260330-185020-precopy-host-004,CRIU,precopy,no,652,32500,849,317,1818,0.31,x86_64,x86_64,True,True,transfer_mode=host;iterations=3,2026-03-30T19:31:46.839537,,,,,,,,,,,,
repeat-suite-20260330-185020-precopy-host-005,CRIU,precopy,no,588,33021,869,316,1773,0.30,x86_64,x86_64,True,True,transfer_mode=host;iterations=3,2026-03-30T19:32:11.371995,,,,,,,,,,,,
repeat-suite-20260330-185020-precopy-host-006,CRIU,precopy,no,628,32428,1124,318,2070,0.23,x86_64,x86_64,True,True,transfer_mode=host;iterations=3,2026-03-30T19:32:36.844112,,,,,,,,,,,,
repeat-suite-20260330-185020-precopy-host-007,CRIU,precopy,no,619,32881,831,318,1768,0.32,x86_64,x86_64,True,True,transfer_mode=host;iterations=3,2026-03-30T19:33:01.490061,,,,,,,,,,,,
repeat-suite-20260330-185020-precopy-host-008,CRIU,precopy,no,591,32077,855,311,1757,0.30,x86_64,x86_64,True,True,transfer_mode=host;iterations=3,2026-03-30T19:33:26.254745,,,,,,,,,,,,
repeat-suite-20260330-185020-precopy-host-009,CRIU,precopy,no,863,33140,939,318,2120,0.28,x86_64,x86_64,True,True,transfer_mode=host;iterations=3,2026-03-30T19:33:51.742091,,,,,,,,,,,,
repeat-suite-20260330-185020-precopy-host-010,CRIU,precopy,no,606,31599,869,315,1790,0.29,x86_64,x86_64,True,True,transfer_mode=host;iterations=3,2026-03-30T19:34:16.307499,,,,,,,,,,,,
repeat-suite-20260330-185020-precopy-host-011,CRIU,precopy,no,621,31458,1158,305,2084,0.22,x86_64,x86_64,True,True,transfer_mode=host;iterations=3,2026-03-30T19:34:41.498415,,,,,,,,,,,,
repeat-suite-20260330-185020-precopy-host-012,CRIU,precopy,no,597,31834,867,319,1783,0.29,x86_64,x86_64,True,True,transfer_mode=host;iterations=3,2026-03-30T19:35:06.087416,,,,,,,,,,,,
repeat-suite-20260330-185020-precopy-host-013,CRIU,precopy,no,591,32544,853,324,1768,0.31,x86_64,x86_64,True,True,transfer_mode=host;iterations=3,2026-03-30T19:35:30.922532,,,,,,,,,,,,
repeat-suite-20260330-185020-precopy-host-014,CRIU,precopy,no,613,32294,868,308,1789,0.30,x86_64,x86_64,True,True,transfer_mode=host;iterations=3,2026-03-30T19:35:55.752173,,,,,,,,,,,,
repeat-suite-20260330-185020-precopy-host-015,CRIU,precopy,no,595,31871,861,298,1754,0.30,x86_64,x86_64,True,True,transfer_mode=host;iterations=3,2026-03-30T19:36:20.315073,,,,,,,,,,,,
repeat-suite-20260330-185020-precopy-host-016,CRIU,precopy,no,609,33109,1171,313,2093,0.23,x86_64,x86_64,True,True,transfer_mode=host;iterations=3,2026-03-30T19:36:45.642707,,,,,,,,,,,,
repeat-suite-20260330-185020-precopy-host-017,CRIU,precopy,no,602,31972,1136,317,2055,0.23,x86_64,x86_64,True,True,transfer_mode=host;iterations=3,2026-03-30T19:37:10.630557,,,,,,,,,,,,
repeat-suite-20260330-185020-precopy-host-018,CRIU,precopy,no,637,31828,838,307,1782,0.30,x86_64,x86_64,True,True,transfer_mode=host;iterations=3,2026-03-30T19:37:35.410504,,,,,,,,,,,,
repeat-suite-20260330-185020-precopy-host-019,CRIU,precopy,no,629,32978,848,335,1812,0.31,x86_64,x86_64,True,True,transfer_mode=host;iterations=3,2026-03-30T19:38:00.205209,,,,,,,,,,,,
repeat-suite-20260330-185020-precopy-host-020,CRIU,precopy,no,594,31756,878,320,1792,0.29,x86_64,x86_64,True,True,transfer_mode=host;iterations=3,2026-03-30T19:38:24.877523,,,,,,,,,,,,
repeat-suite-20260330-185020-precopy-host-021,CRIU,precopy,no,576,31760,1180,310,2066,0.22,x86_64,x86_64,True,True,transfer_mode=host;iterations=3,2026-03-30T19:38:50.071896,,,,,,,,,,,,
repeat-suite-20260330-185020-precopy-host-022,CRIU,precopy,no,637,31881,872,320,1829,0.29,x86_64,x86_64,True,True,transfer_mode=host;iterations=3,2026-03-30T19:39:14.746889,,,,,,,,,,,,
repeat-suite-20260330-185020-precopy-host-023,CRIU,precopy,no,623,32434,874,339,1836,0.30,x86_64,x86_64,True,True,transfer_mode=host;iterations=3,2026-03-30T19:39:39.878499,,,,,,,,,,,,
repeat-suite-20260330-185020-precopy-host-024,CRIU,precopy,no,604,32571,924,323,1851,0.28,x86_64,x86_64,True,True,transfer_mode=host;iterations=3,2026-03-30T19:40:05.291401,,,,,,,,,,,,
repeat-suite-20260330-185020-precopy-host-025,CRIU,precopy,no,592,31675,872,309,1773,0.29,x86_64,x86_64,True,True,transfer_mode=host;iterations=3,2026-03-30T19:40:30.124671,,,,,,,,,,,,
repeat-suite-20260330-185020-precopy-host-026,CRIU,precopy,no,590,33086,1176,322,2088,0.23,x86_64,x86_64,True,True,transfer_mode=host;iterations=3,2026-03-30T19:40:55.523709,,,,,,,,,,,,
repeat-suite-20260330-185020-precopy-host-027,CRIU,precopy,no,610,32356,886,580,2076,0.29,x86_64,x86_64,True,True,transfer_mode=host;iterations=3,2026-03-30T19:41:20.597953,,,,,,,,,,,,
repeat-suite-20260330-185020-precopy-host-028,CRIU,precopy,no,594,33179,874,328,1796,0.30,x86_64,x86_64,True,True,transfer_mode=host;iterations=3,2026-03-30T19:41:45.867785,,,,,,,,,,,,
repeat-suite-20260330-185020-precopy-host-029,CRIU,precopy,no,587,32916,835,358,1780,0.32,x86_64,x86_64,True,True,transfer_mode=host;iterations=3,2026-03-30T19:42:10.653280,,,,,,,,,,,,
repeat-suite-20260330-185020-precopy-host-030,CRIU,precopy,no,577,32334,855,334,1766,0.30,x86_64,x86_64,True,True,transfer_mode=host;iterations=3,2026-03-30T19:42:35.049489,,,,,,,,,,,,
repeat-suite-20260330-185020-precopy-host-031,CRIU,precopy,no,572,31150,1167,315,2054,0.21,x86_64,x86_64,True,True,transfer_mode=host;iterations=3,2026-03-30T19:43:00.277761,,,,,,,,,,,,
repeat-suite-20260330-185020-precopy-host-032,CRIU,precopy,no,600,31364,862,310,1772,0.29,x86_64,x86_64,True,True,transfer_mode=host;iterations=3,2026-03-30T19:43:24.981115,,,,,,,,,,,,
repeat-suite-20260330-185020-precopy-host-033,CRIU,precopy,no,596,33062,896,322,1814,0.30,x86_64,x86_64,True,True,transfer_mode=host;iterations=3,2026-03-30T19:43:49.862929,,,,,,,,,,,,
repeat-suite-20260330-185020-precopy-host-034,CRIU,precopy,no,617,32514,861,310,1788,0.30,x86_64,x86_64,True,True,transfer_mode=host;iterations=3,2026-03-30T19:44:14.683092,,,,,,,,,,,,
repeat-suite-20260330-185020-precopy-host-035,CRIU,precopy,no,581,31871,843,294,1718,0.30,x86_64,x86_64,True,True,transfer_mode=host;iterations=3,2026-03-30T19:44:39.337655,,,,,,,,,,,,
repeat-suite-20260330-185020-precopy-host-036,CRIU,precopy,no,586,32378,1154,336,2076,0.22,x86_64,x86_64,True,True,transfer_mode=host;iterations=3,2026-03-30T19:45:04.682764,,,,,,,,,,,,
repeat-suite-20260330-185020-precopy-host-037,CRIU,precopy,no,598,31680,900,300,1798,0.28,x86_64,x86_64,True,True,transfer_mode=host;iterations=3,2026-03-30T19:45:29.483238,,,,,,,,,,,,
repeat-suite-20260330-185020-precopy-host-038,CRIU,precopy,no,604,33026,852,327,1783,0.31,x86_64,x86_64,True,True,transfer_mode=host;iterations=3,2026-03-30T19:45:54.313674,,,,,,,,,,,,
repeat-suite-20260330-185020-precopy-host-039,CRIU,precopy,no,740,33037,870,315,1925,0.30,x86_64,x86_64,True,True,transfer_mode=host;iterations=3,2026-03-30T19:46:19.356027,,,,,,,,,,,,
repeat-suite-20260330-185020-precopy-host-040,CRIU,precopy,no,630,32496,944,325,1899,0.28,x86_64,x86_64,True,True,transfer_mode=host;iterations=3,2026-03-30T19:46:44.275778,,,,,,,,,,,,
repeat-suite-20260330-185020-precopy-host-041,CRIU,precopy,no,595,31663,1179,329,2103,0.21,x86_64,x86_64,True,True,transfer_mode=host;iterations=3,2026-03-30T19:47:09.610433,,,,,,,,,,,,
repeat-suite-20260330-185020-precopy-host-042,CRIU,precopy,no,627,33076,902,310,1839,0.29,x86_64,x86_64,True,True,transfer_mode=host;iterations=3,2026-03-30T19:47:34.395529,,,,,,,,,,,,
repeat-suite-20260330-185020-precopy-host-043,CRIU,precopy,no,594,31849,897,317,1808,0.28,x86_64,x86_64,True,True,transfer_mode=host;iterations=3,2026-03-30T19:47:59.503350,,,,,,,,,,,,
repeat-suite-20260330-185020-precopy-host-044,CRIU,precopy,no,634,32317,901,313,1848,0.29,x86_64,x86_64,True,True,transfer_mode=host;iterations=3,2026-03-30T19:48:24.680340,,,,,,,,,,,,
repeat-suite-20260330-185020-precopy-host-045,CRIU,precopy,no,615,31755,903,312,1830,0.28,x86_64,x86_64,True,True,transfer_mode=host;iterations=3,2026-03-30T19:48:49.382899,,,,,,,,,,,,
repeat-suite-20260330-185020-precopy-host-046,CRIU,precopy,no,591,31854,1194,324,2109,0.21,x86_64,x86_64,True,True,transfer_mode=host;iterations=3,2026-03-30T19:49:14.714097,,,,,,,,,,,,
repeat-suite-20260330-185020-precopy-host-047,CRIU,precopy,no,678,32955,890,403,1971,0.30,x86_64,x86_64,True,True,transfer_mode=host;iterations=3,2026-03-30T19:49:39.605479,,,,,,,,,,,,
repeat-suite-20260330-185020-precopy-host-048,CRIU,precopy,no,626,31859,916,320,1862,0.28,x86_64,x86_64,True,True,transfer_mode=host;iterations=3,2026-03-30T19:50:04.687142,,,,,,,,,,,,
repeat-suite-20260330-185020-precopy-host-049,CRIU,precopy,no,611,32887,922,330,1863,0.29,x86_64,x86_64,True,True,transfer_mode=host;iterations=3,2026-03-30T19:50:29.864901,,,,,,,,,,,,
repeat-suite-20260330-185020-precopy-host-050,CRIU,precopy,no,626,32416,880,317,1823,0.29,x86_64,x86_64,True,True,transfer_mode=host;iterations=3,2026-03-30T19:50:54.711588,,,,,,,,,,,,
repeat-suite-20260330-185020-precopy-direct-001,CRIU,precopy,no,632,32021,2706,339,3677,0.09,x86_64,x86_64,True,True,transfer_mode=direct;iterations=3,2026-03-30T19:51:23.985332,,,,,,,,,,,,
repeat-suite-20260330-185020-precopy-direct-002,CRIU,precopy,no,645,31805,2700,322,3667,0.09,x86_64,x86_64,True,True,transfer_mode=direct;iterations=3,2026-03-30T19:51:52.622171,,,,,,,,,,,,
repeat-suite-20260330-185020-precopy-direct-003,CRIU,precopy,no,639,31878,2874,324,3837,0.09,x86_64,x86_64,True,True,transfer_mode=direct;iterations=3,2026-03-30T19:52:21.589779,,,,,,,,,,,,
repeat-suite-20260330-185020-precopy-direct-004,CRIU,precopy,no,631,32490,2653,307,3591,0.10,x86_64,x86_64,True,True,transfer_mode=direct;iterations=3,2026-03-30T19:52:49.959857,,,,,,,,,,,,
repeat-suite-20260330-185020-precopy-direct-005,CRIU,precopy,no,624,31764,2883,328,3835,0.09,x86_64,x86_64,True,True,transfer_mode=direct;iterations=3,2026-03-30T19:53:19.329990,,,,,,,,,,,,
repeat-suite-20260330-185020-precopy-direct-006,CRIU,precopy,no,595,31346,2575,325,3495,0.10,x86_64,x86_64,True,True,transfer_mode=direct;iterations=3,2026-03-30T19:53:47.795294,,,,,,,,,,,,
repeat-suite-20260330-185020-precopy-direct-007,CRIU,precopy,no,654,31919,2661,319,3634,0.10,x86_64,x86_64,True,True,transfer_mode=direct;iterations=3,2026-03-30T19:54:16.757245,,,,,,,,,,,,
repeat-suite-20260330-185020-precopy-direct-008,CRIU,precopy,no,611,31996,2634,321,3566,0.10,x86_64,x86_64,True,True,transfer_mode=direct;iterations=3,2026-03-30T19:54:45.573807,,,,,,,,,,,,
repeat-suite-20260330-185020-precopy-direct-009,CRIU,precopy,no,613,33077,2672,337,3622,0.10,x86_64,x86_64,True,True,transfer_mode=direct;iterations=3,2026-03-30T19:55:14.337147,,,,,,,,,,,,
repeat-suite-20260330-185020-precopy-direct-010,CRIU,precopy,no,612,31783,2654,326,3592,0.10,x86_64,x86_64,True,True,transfer_mode=direct;iterations=3,2026-03-30T19:55:42.929914,,,,,,,,,,,,
repeat-suite-20260330-185020-precopy-direct-011,CRIU,precopy,no,616,32984,2665,307,3588,0.10,x86_64,x86_64,True,True,transfer_mode=direct;iterations=3,2026-03-30T19:56:11.578161,,,,,,,,,,,,
repeat-suite-20260330-185020-precopy-direct-012,CRIU,precopy,no,592,32489,2666,308,3566,0.10,x86_64,x86_64,True,True,transfer_mode=direct;iterations=3,2026-03-30T19:56:40.047081,,,,,,,,,,,,
repeat-suite-20260330-185020-precopy-direct-013,CRIU,precopy,no,597,31973,2904,316,3817,0.09,x86_64,x86_64,True,True,transfer_mode=direct;iterations=3,2026-03-30T19:57:08.419833,,,,,,,,,,,,
repeat-suite-20260330-185020-precopy-direct-014,CRIU,precopy,no,622,31533,2598,320,3540,0.10,x86_64,x86_64,True,True,transfer_mode=direct;iterations=3,2026-03-30T19:57:36.918336,,,,,,,,,,,,
repeat-suite-20260330-185020-precopy-direct-015,CRIU,precopy,no,608,31823,2608,316,3532,0.10,x86_64,x86_64,True,True,transfer_mode=direct;iterations=3,2026-03-30T19:58:04.961915,,,,,,,,,,,,
repeat-suite-20260330-185020-precopy-direct-016,CRIU,precopy,no,616,33093,2893,314,3823,0.09,x86_64,x86_64,True,True,transfer_mode=direct;iterations=3,2026-03-30T19:58:33.995566,,,,,,,,,,,,
repeat-suite-20260330-185020-precopy-direct-017,CRIU,precopy,no,586,33068,2651,335,3572,0.10,x86_64,x86_64,True,True,transfer_mode=direct;iterations=3,2026-03-30T19:59:02.275009,,,,,,,,,,,,
repeat-suite-20260330-185020-precopy-direct-018,CRIU,precopy,no,592,33095,2649,317,3558,0.10,x86_64,x86_64,True,True,transfer_mode=direct;iterations=3,2026-03-30T19:59:31.336992,,,,,,,,,,,,
repeat-suite-20260330-185020-precopy-direct-019,CRIU,precopy,no,629,32479,2640,329,3598,0.10,x86_64,x86_64,True,True,transfer_mode=direct;iterations=3,2026-03-30T20:00:00.110294,,,,,,,,,,,,
repeat-suite-20260330-185020-precopy-direct-020,CRIU,precopy,no,629,33178,2912,324,3865,0.09,x86_64,x86_64,True,True,transfer_mode=direct;iterations=3,2026-03-30T20:00:29.062198,,,,,,,,,,,,
repeat-suite-20260330-185020-precopy-direct-021,CRIU,precopy,no,630,32276,2689,307,3626,0.10,x86_64,x86_64,True,True,transfer_mode=direct;iterations=3,2026-03-30T20:00:57.933758,,,,,,,,,,,,
repeat-suite-20260330-185020-precopy-direct-022,CRIU,precopy,no,603,31763,2576,326,3505,0.10,x86_64,x86_64,True,True,transfer_mode=direct;iterations=3,2026-03-30T20:01:26.438796,,,,,,,,,,,,
repeat-suite-20260330-185020-precopy-direct-023,CRIU,precopy,no,632,31788,2583,313,3528,0.10,x86_64,x86_64,True,True,transfer_mode=direct;iterations=3,2026-03-30T20:01:54.862415,,,,,,,,,,,,
repeat-suite-20260330-185020-precopy-direct-024,CRIU,precopy,no,603,31552,2618,319,3540,0.10,x86_64,x86_64,True,True,transfer_mode=direct;iterations=3,2026-03-30T20:02:23.418380,,,,,,,,,,,,
repeat-suite-20260330-185020-precopy-direct-025,CRIU,precopy,no,602,31746,2587,319,3508,0.10,x86_64,x86_64,True,True,transfer_mode=direct;iterations=3,2026-03-30T20:02:51.882690,,,,,,,,,,,,
repeat-suite-20260330-185020-precopy-direct-026,CRIU,precopy,no,629,32388,2736,319,3684,0.09,x86_64,x86_64,True,True,transfer_mode=direct;iterations=3,2026-03-30T20:03:20.742786,,,,,,,,,,,,
repeat-suite-20260330-185020-precopy-direct-027,CRIU,precopy,no,607,31648,2688,589,3884,0.09,x86_64,x86_64,True,True,transfer_mode=direct;iterations=3,2026-03-30T20:03:49.972713,,,,,,,,,,,,
repeat-suite-20260330-185020-precopy-direct-028,CRIU,precopy,no,580,33125,2938,316,3834,0.09,x86_64,x86_64,True,True,transfer_mode=direct;iterations=3,2026-03-30T20:04:18.870607,,,,,,,,,,,,
repeat-suite-20260330-185020-precopy-direct-029,CRIU,precopy,no,611,31907,2951,316,3878,0.09,x86_64,x86_64,True,True,transfer_mode=direct;iterations=3,2026-03-30T20:04:47.509771,,,,,,,,,,,,
repeat-suite-20260330-185020-precopy-direct-030,CRIU,precopy,no,653,32992,2653,315,3621,0.10,x86_64,x86_64,True,True,transfer_mode=direct;iterations=3,2026-03-30T20:05:15.801678,,,,,,,,,,,,
repeat-suite-20260330-185020-precopy-direct-031,CRIU,precopy,no,611,32505,2644,311,3566,0.10,x86_64,x86_64,True,True,transfer_mode=direct;iterations=3,2026-03-30T20:05:44.681958,,,,,,,,,,,,
repeat-suite-20260330-185020-precopy-direct-032,CRIU,precopy,no,611,31283,2634,332,3577,0.10,x86_64,x86_64,True,True,transfer_mode=direct;iterations=3,2026-03-30T20:06:12.970277,,,,,,,,,,,,
repeat-suite-20260330-185020-precopy-direct-033,CRIU,precopy,no,641,33061,2644,337,3622,0.10,x86_64,x86_64,True,True,transfer_mode=direct;iterations=3,2026-03-30T20:06:41.935390,,,,,,,,,,,,
repeat-suite-20260330-185020-precopy-direct-034,CRIU,precopy,no,617,31910,2614,329,3560,0.10,x86_64,x86_64,True,True,transfer_mode=direct;iterations=3,2026-03-30T20:07:10.619514,,,,,,,,,,,,
repeat-suite-20260330-185020-precopy-direct-035,CRIU,precopy,no,596,32438,2545,330,3471,0.10,x86_64,x86_64,True,True,transfer_mode=direct;iterations=3,2026-03-30T20:07:38.884940,,,,,,,,,,,,
repeat-suite-20260330-185020-precopy-direct-036,CRIU,precopy,no,603,32321,2584,312,3499,0.10,x86_64,x86_64,True,True,transfer_mode=direct;iterations=3,2026-03-30T20:08:07.482399,,,,,,,,,,,,
repeat-suite-20260330-185020-precopy-direct-037,CRIU,precopy,no,621,32528,2588,307,3516,0.10,x86_64,x86_64,True,True,transfer_mode=direct;iterations=3,2026-03-30T20:08:35.989976,,,,,,,,,,,,
repeat-suite-20260330-185020-precopy-direct-038,CRIU,precopy,no,633,32689,2639,308,3580,0.10,x86_64,x86_64,True,True,transfer_mode=direct;iterations=3,2026-03-30T20:09:04.675966,,,,,,,,,,,,
repeat-suite-20260330-185020-precopy-direct-039,CRIU,precopy,no,573,31217,2623,354,3550,0.10,x86_64,x86_64,True,True,transfer_mode=direct;iterations=3,2026-03-30T20:09:33.047005,,,,,,,,,,,,
repeat-suite-20260330-185020-precopy-direct-040,CRIU,precopy,no,604,32529,2873,344,3821,0.09,x86_64,x86_64,True,True,transfer_mode=direct;iterations=3,2026-03-30T20:10:01.382374,,,,,,,,,,,,
repeat-suite-20260330-185020-precopy-direct-041,CRIU,precopy,no,624,32377,2558,300,3482,0.10,x86_64,x86_64,True,True,transfer_mode=direct;iterations=3,2026-03-30T20:10:29.701852,,,,,,,,,,,,
repeat-suite-20260330-185020-precopy-direct-042,CRIU,precopy,no,641,31629,2542,307,3490,0.10,x86_64,x86_64,True,True,transfer_mode=direct;iterations=3,2026-03-30T20:10:58.224082,,,,,,,,,,,,
repeat-suite-20260330-185020-precopy-direct-043,CRIU,precopy,no,581,32945,2884,339,3804,0.09,x86_64,x86_64,True,True,transfer_mode=direct;iterations=3,2026-03-30T20:11:26.861995,,,,,,,,,,,,
repeat-suite-20260330-185020-precopy-direct-044,CRIU,precopy,no,625,33059,2674,312,3611,0.10,x86_64,x86_64,True,True,transfer_mode=direct;iterations=3,2026-03-30T20:11:55.099483,,,,,,,,,,,,
repeat-suite-20260330-185020-precopy-direct-045,CRIU,precopy,no,605,33036,2658,311,3574,0.10,x86_64,x86_64,True,True,transfer_mode=direct;iterations=3,2026-03-30T20:12:23.525757,,,,,,,,,,,,
repeat-suite-20260330-185020-precopy-direct-046,CRIU,precopy,no,615,32502,2584,317,3516,0.10,x86_64,x86_64,True,True,transfer_mode=direct;iterations=3,2026-03-30T20:12:52.041266,,,,,,,,,,,,
repeat-suite-20260330-185020-precopy-direct-047,CRIU,precopy,no,610,32906,2600,321,3531,0.10,x86_64,x86_64,True,True,transfer_mode=direct;iterations=3,2026-03-30T20:13:20.628820,,,,,,,,,,,,
repeat-suite-20260330-185020-precopy-direct-048,CRIU,precopy,no,596,31780,2555,327,3478,0.10,x86_64,x86_64,True,True,transfer_mode=direct;iterations=3,2026-03-30T20:13:48.976931,,,,,,,,,,,,
repeat-suite-20260330-185020-precopy-direct-049,CRIU,precopy,no,636,32470,2609,333,3578,0.10,x86_64,x86_64,True,True,transfer_mode=direct;iterations=3,2026-03-30T20:14:17.329300,,,,,,,,,,,,
repeat-suite-20260330-185020-precopy-direct-050,CRIU,precopy,no,580,31973,2568,347,3495,0.10,x86_64,x86_64,True,True,transfer_mode=direct;iterations=3,2026-03-30T20:14:45.867720,,,,,,,,,,,,
repeat-suite-20260330-212107-cold-host-001,CRIU,cold,no,608,25061,862,340,1810,0.23,x86_64,x86_64,True,True,transfer_mode=host,2026-03-30T21:21:29.565012,,,,,,,,,,,,
repeat-suite-20260330-212107-cold-host-002,CRIU,cold,no,650,25061,877,336,1863,0.23,x86_64,x86_64,True,True,transfer_mode=host,2026-03-30T21:21:51.738840,,,,,,,,,,,,
repeat-suite-20260330-212107-cold-host-003,CRIU,cold,no,640,25299,881,309,1830,0.23,x86_64,x86_64,True,True,transfer_mode=host,2026-03-30T21:22:14.640436,,,,,,,,,,,,
repeat-suite-20260330-212107-cold-host-004,CRIU,cold,no,596,25329,869,332,1797,0.23,x86_64,x86_64,True,True,transfer_mode=host,2026-03-30T21:22:36.792370,,,,,,,,,,,,
repeat-suite-20260330-212107-cold-host-005,CRIU,cold,no,628,25313,881,311,1820,0.23,x86_64,x86_64,True,True,transfer_mode=host,2026-03-30T21:22:58.892599,,,,,,,,,,,,
repeat-suite-20260330-212107-cold-host-006,CRIU,cold,no,635,25248,1170,321,2126,0.17,x86_64,x86_64,True,True,transfer_mode=host,2026-03-30T21:23:21.674542,,,,,,,,,,,,
repeat-suite-20260330-212107-cold-host-007,CRIU,cold,no,640,25082,899,308,1847,0.22,x86_64,x86_64,True,True,transfer_mode=host,2026-03-30T21:23:43.874027,,,,,,,,,,,,
repeat-suite-20260330-212107-cold-host-008,CRIU,cold,no,607,25239,875,330,1812,0.23,x86_64,x86_64,True,True,transfer_mode=host,2026-03-30T21:24:06.216437,,,,,,,,,,,,
repeat-suite-20260330-212107-cold-host-009,CRIU,cold,no,678,25358,867,318,1863,0.23,x86_64,x86_64,True,True,transfer_mode=host,2026-03-30T21:24:29.106322,,,,,,,,,,,,
repeat-suite-20260330-212107-cold-host-010,CRIU,cold,no,643,25108,885,320,1848,0.23,x86_64,x86_64,True,True,transfer_mode=host,2026-03-30T21:24:51.230760,,,,,,,,,,,,
repeat-suite-20260330-212107-cold-host-011,CRIU,cold,no,668,25131,867,324,1859,0.23,x86_64,x86_64,True,True,transfer_mode=host,2026-03-30T21:25:13.388739,,,,,,,,,,,,
repeat-suite-20260330-212107-cold-host-012,CRIU,cold,no,613,25357,877,336,1826,0.23,x86_64,x86_64,True,True,transfer_mode=host,2026-03-30T21:25:36.020105,,,,,,,,,,,,
repeat-suite-20260330-212107-cold-host-013,CRIU,cold,no,622,25414,868,320,1810,0.23,x86_64,x86_64,True,True,transfer_mode=host,2026-03-30T21:25:58.218145,,,,,,,,,,,,
repeat-suite-20260330-212107-cold-host-014,CRIU,cold,no,609,25310,852,316,1777,0.24,x86_64,x86_64,True,True,transfer_mode=host,2026-03-30T21:26:20.849615,,,,,,,,,,,,
repeat-suite-20260330-212107-cold-host-015,CRIU,cold,no,670,25022,930,304,1904,0.22,x86_64,x86_64,True,True,transfer_mode=host,2026-03-30T21:26:43.073784,,,,,,,,,,,,
repeat-suite-20260330-212107-cold-host-016,CRIU,cold,no,637,25042,891,334,1862,0.22,x86_64,x86_64,True,True,transfer_mode=host,2026-03-30T21:27:05.284962,,,,,,,,,,,,
repeat-suite-20260330-212107-cold-host-017,CRIU,cold,no,607,25134,1162,324,2093,0.17,x86_64,x86_64,True,True,transfer_mode=host,2026-03-30T21:27:27.836562,,,,,,,,,,,,
repeat-suite-20260330-212107-cold-host-018,CRIU,cold,no,662,25219,892,327,1881,0.23,x86_64,x86_64,True,True,transfer_mode=host,2026-03-30T21:27:50.026751,,,,,,,,,,,,
repeat-suite-20260330-212107-cold-host-019,CRIU,cold,no,608,25241,845,309,1762,0.24,x86_64,x86_64,True,True,transfer_mode=host,2026-03-30T21:28:12.211571,,,,,,,,,,,,
repeat-suite-20260330-212107-cold-host-020,CRIU,cold,no,612,25119,1106,330,2048,0.18,x86_64,x86_64,True,True,transfer_mode=host,2026-03-30T21:28:35.182455,,,,,,,,,,,,
repeat-suite-20260330-212107-cold-host-021,CRIU,cold,no,638,25029,876,323,1837,0.23,x86_64,x86_64,True,True,transfer_mode=host,2026-03-30T21:28:57.437669,,,,,,,,,,,,
repeat-suite-20260330-212107-cold-host-022,CRIU,cold,no,607,25110,852,325,1784,0.24,x86_64,x86_64,True,True,transfer_mode=host,2026-03-30T21:29:19.416793,,,,,,,,,,,,
repeat-suite-20260330-212107-cold-host-023,CRIU,cold,no,758,25085,861,320,1939,0.23,x86_64,x86_64,True,True,transfer_mode=host,2026-03-30T21:29:42.344868,,,,,,,,,,,,
repeat-suite-20260330-212107-cold-host-024,CRIU,cold,no,624,25303,866,335,1825,0.23,x86_64,x86_64,True,True,transfer_mode=host,2026-03-30T21:30:04.593172,,,,,,,,,,,,
repeat-suite-20260330-212107-cold-host-025,CRIU,cold,no,650,25207,878,316,1844,0.23,x86_64,x86_64,True,True,transfer_mode=host,2026-03-30T21:30:27.465449,,,,,,,,,,,,
repeat-suite-20260330-212107-cold-host-026,CRIU,cold,no,602,25034,873,336,1811,0.23,x86_64,x86_64,True,True,transfer_mode=host,2026-03-30T21:30:49.459143,,,,,,,,,,,,
repeat-suite-20260330-212107-cold-host-027,CRIU,cold,no,662,25287,875,335,1872,0.23,x86_64,x86_64,True,True,transfer_mode=host,2026-03-30T21:31:11.715220,,,,,,,,,,,,
repeat-suite-20260330-212107-cold-host-028,CRIU,cold,no,624,25293,1163,335,2122,0.17,x86_64,x86_64,True,True,transfer_mode=host,2026-03-30T21:31:34.603029,,,,,,,,,,,,
repeat-suite-20260330-212107-cold-host-029,CRIU,cold,no,622,25151,870,322,1814,0.23,x86_64,x86_64,True,True,transfer_mode=host,2026-03-30T21:31:56.757995,,,,,,,,,,,,
repeat-suite-20260330-212107-cold-host-030,CRIU,cold,no,622,25101,855,325,1802,0.23,x86_64,x86_64,True,True,transfer_mode=host,2026-03-30T21:32:18.845507,,,,,,,,,,,,
repeat-suite-20260330-212107-cold-host-031,CRIU,cold,no,648,25270,925,323,1896,0.22,x86_64,x86_64,True,True,transfer_mode=host,2026-03-30T21:32:41.792580,,,,,,,,,,,,
repeat-suite-20260330-212107-cold-host-032,CRIU,cold,no,615,25234,873,326,1814,0.23,x86_64,x86_64,True,True,transfer_mode=host,2026-03-30T21:33:03.949808,,,,,,,,,,,,
repeat-suite-20260330-212107-cold-host-033,CRIU,cold,no,593,25127,883,321,1797,0.23,x86_64,x86_64,True,True,transfer_mode=host,2026-03-30T21:33:25.974655,,,,,,,,,,,,
repeat-suite-20260330-212107-cold-host-034,CRIU,cold,no,603,25010,842,314,1759,0.24,x86_64,x86_64,True,True,transfer_mode=host,2026-03-30T21:33:48.484031,,,,,,,,,,,,
repeat-suite-20260330-212107-cold-host-035,CRIU,cold,no,625,25102,880,316,1821,0.23,x86_64,x86_64,True,True,transfer_mode=host,2026-03-30T21:34:10.620085,,,,,,,,,,,,
repeat-suite-20260330-212107-cold-host-036,CRIU,cold,no,608,25058,888,328,1824,0.23,x86_64,x86_64,True,True,transfer_mode=host,2026-03-30T21:34:33.470416,,,,,,,,,,,,
repeat-suite-20260330-212107-cold-host-037,CRIU,cold,no,598,25268,894,312,1804,0.23,x86_64,x86_64,True,True,transfer_mode=host,2026-03-30T21:34:55.595876,,,,,,,,,,,,
repeat-suite-20260330-212107-cold-host-038,CRIU,cold,no,638,25054,859,345,1842,0.23,x86_64,x86_64,True,True,transfer_mode=host,2026-03-30T21:35:17.646911,,,,,,,,,,,,
repeat-suite-20260330-212107-cold-host-039,CRIU,cold,no,720,25130,1165,325,2210,0.17,x86_64,x86_64,True,True,transfer_mode=host,2026-03-30T21:35:40.349726,,,,,,,,,,,,
repeat-suite-20260330-212107-cold-host-040,CRIU,cold,no,614,25125,864,319,1797,0.23,x86_64,x86_64,True,True,transfer_mode=host,2026-03-30T21:36:02.370710,,,,,,,,,,,,
repeat-suite-20260330-212107-cold-direct-001,CRIU,cold,no,621,25105,2671,319,3611,0.08,x86_64,x86_64,True,True,transfer_mode=direct,2026-03-30T21:36:28.102948,,,,,,,,,,,,
repeat-suite-20260330-212107-cold-direct-002,CRIU,cold,no,632,25063,2821,314,3767,0.07,x86_64,x86_64,True,True,transfer_mode=direct,2026-03-30T21:36:54.356145,,,,,,,,,,,,
repeat-suite-20260330-212107-cold-direct-003,CRIU,cold,no,622,25325,2612,310,3544,0.08,x86_64,x86_64,True,True,transfer_mode=direct,2026-03-30T21:37:20.057743,,,,,,,,,,,,
repeat-suite-20260330-212107-cold-direct-004,CRIU,cold,no,617,25206,2586,347,3550,0.08,x86_64,x86_64,True,True,transfer_mode=direct,2026-03-30T21:37:46.150786,,,,,,,,,,,,
repeat-suite-20260330-212107-cold-direct-005,CRIU,cold,no,601,25018,2630,298,3529,0.08,x86_64,x86_64,True,True,transfer_mode=direct,2026-03-30T21:38:11.769198,,,,,,,,,,,,
repeat-suite-20260330-212107-cold-direct-006,CRIU,cold,no,600,25326,2631,303,3534,0.08,x86_64,x86_64,True,True,transfer_mode=direct,2026-03-30T21:38:37.756031,,,,,,,,,,,,
repeat-suite-20260330-212107-cold-direct-007,CRIU,cold,no,639,25422,2618,341,3598,0.08,x86_64,x86_64,True,True,transfer_mode=direct,2026-03-30T21:39:03.329290,,,,,,,,,,,,
repeat-suite-20260330-212107-cold-direct-008,CRIU,cold,no,645,25397,2553,326,3524,0.08,x86_64,x86_64,True,True,transfer_mode=direct,2026-03-30T21:39:28.875539,,,,,,,,,,,,
repeat-suite-20260330-212107-cold-direct-009,CRIU,cold,no,605,25356,2589,318,3512,0.08,x86_64,x86_64,True,True,transfer_mode=direct,2026-03-30T21:39:54.845687,,,,,,,,,,,,
repeat-suite-20260330-212107-cold-direct-010,CRIU,cold,no,633,25086,2610,318,3561,0.08,x86_64,x86_64,True,True,transfer_mode=direct,2026-03-30T21:40:20.535777,,,,,,,,,,,,
repeat-suite-20260330-212107-cold-direct-011,CRIU,cold,no,594,25118,2608,341,3543,0.08,x86_64,x86_64,True,True,transfer_mode=direct,2026-03-30T21:40:46.621161,,,,,,,,,,,,
repeat-suite-20260330-212107-cold-direct-012,CRIU,cold,no,614,25051,2605,323,3542,0.08,x86_64,x86_64,True,True,transfer_mode=direct,2026-03-30T21:41:12.033900,,,,,,,,,,,,
repeat-suite-20260330-212107-cold-direct-013,CRIU,cold,no,635,25008,2638,320,3593,0.08,x86_64,x86_64,True,True,transfer_mode=direct,2026-03-30T21:41:37.557587,,,,,,,,,,,,
repeat-suite-20260330-212107-cold-direct-014,CRIU,cold,no,599,25184,2615,325,3539,0.08,x86_64,x86_64,True,True,transfer_mode=direct,2026-03-30T21:42:04.203361,,,,,,,,,,,,
repeat-suite-20260330-212107-cold-direct-015,CRIU,cold,no,658,25370,2599,312,3569,0.08,x86_64,x86_64,True,True,transfer_mode=direct,2026-03-30T21:42:29.772764,,,,,,,,,,,,
repeat-suite-20260330-212107-cold-direct-016,CRIU,cold,no,622,25063,2573,326,3521,0.08,x86_64,x86_64,True,True,transfer_mode=direct,2026-03-30T21:42:55.902488,,,,,,,,,,,,
repeat-suite-20260330-212107-cold-direct-017,CRIU,cold,no,634,25067,2547,305,3486,0.08,x86_64,x86_64,True,True,transfer_mode=direct,2026-03-30T21:43:21.304082,,,,,,,,,,,,
repeat-suite-20260330-212107-cold-direct-018,CRIU,cold,no,645,25188,2848,309,3802,0.07,x86_64,x86_64,True,True,transfer_mode=direct,2026-03-30T21:43:47.452194,,,,,,,,,,,,
repeat-suite-20260330-212107-cold-direct-019,CRIU,cold,no,620,25125,2615,318,3553,0.08,x86_64,x86_64,True,True,transfer_mode=direct,2026-03-30T21:44:13.071245,,,,,,,,,,,,
repeat-suite-20260330-212107-cold-direct-020,CRIU,cold,no,638,25141,2609,303,3550,0.08,x86_64,x86_64,True,True,transfer_mode=direct,2026-03-30T21:44:38.682506,,,,,,,,,,,,
repeat-suite-20260330-212107-cold-direct-021,CRIU,cold,no,629,25013,2679,319,3627,0.07,x86_64,x86_64,True,True,transfer_mode=direct,2026-03-30T21:45:05.115615,,,,,,,,,,,,
repeat-suite-20260330-212107-cold-direct-022,CRIU,cold,no,607,25283,2539,318,3464,0.08,x86_64,x86_64,True,True,transfer_mode=direct,2026-03-30T21:45:30.652440,,,,,,,,,,,,
repeat-suite-20260330-212107-cold-direct-023,CRIU,cold,no,599,24934,2547,304,3450,0.08,x86_64,x86_64,True,True,transfer_mode=direct,2026-03-30T21:45:56.586909,,,,,,,,,,,,
repeat-suite-20260330-212107-cold-direct-024,CRIU,cold,no,631,25156,2592,319,3542,0.08,x86_64,x86_64,True,True,transfer_mode=direct,2026-03-30T21:46:22.319883,,,,,,,,,,,,
repeat-suite-20260330-212107-cold-direct-025,CRIU,cold,no,607,25424,2842,330,3779,0.07,x86_64,x86_64,True,True,transfer_mode=direct,2026-03-30T21:46:48.525408,,,,,,,,,,,,
repeat-suite-20260330-212107-cold-direct-026,CRIU,cold,no,600,25306,2582,330,3512,0.08,x86_64,x86_64,True,True,transfer_mode=direct,2026-03-30T21:47:14.196822,,,,,,,,,,,,
repeat-suite-20260330-212107-cold-direct-027,CRIU,cold,no,643,25243,2554,306,3503,0.08,x86_64,x86_64,True,True,transfer_mode=direct,2026-03-30T21:47:39.524412,,,,,,,,,,,,
repeat-suite-20260330-212107-cold-direct-028,CRIU,cold,no,623,25243,2645,310,3578,0.08,x86_64,x86_64,True,True,transfer_mode=direct,2026-03-30T21:48:05.758321,,,,,,,,,,,,
repeat-suite-20260330-212107-cold-direct-029,CRIU,cold,no,650,25104,2632,332,3614,0.08,x86_64,x86_64,True,True,transfer_mode=direct,2026-03-30T21:48:31.554446,,,,,,,,,,,,
repeat-suite-20260330-212107-cold-direct-030,CRIU,cold,no,598,25095,2557,324,3479,0.08,x86_64,x86_64,True,True,transfer_mode=direct,2026-03-30T21:48:57.928809,,,,,,,,,,,,
repeat-suite-20260330-212107-cold-direct-031,CRIU,cold,no,650,25168,2544,301,3495,0.08,x86_64,x86_64,True,True,transfer_mode=direct,2026-03-30T21:49:23.505591,,,,,,,,,,,,
repeat-suite-20260330-212107-cold-direct-032,CRIU,cold,no,641,25335,2571,305,3517,0.08,x86_64,x86_64,True,True,transfer_mode=direct,2026-03-30T21:49:49.318514,,,,,,,,,,,,
repeat-suite-20260330-212107-cold-direct-033,CRIU,cold,no,609,25355,2867,335,3811,0.07,x86_64,x86_64,True,True,transfer_mode=direct,2026-03-30T21:50:15.174931,,,,,,,,,,,,
repeat-suite-20260330-212107-cold-direct-034,CRIU,cold,no,606,24975,2628,319,3553,0.08,x86_64,x86_64,True,True,transfer_mode=direct,2026-03-30T21:50:40.786055,,,,,,,,,,,,
repeat-suite-20260330-212107-cold-direct-035,CRIU,cold,no,610,25203,2570,319,3499,0.08,x86_64,x86_64,True,True,transfer_mode=direct,2026-03-30T21:51:06.740056,,,,,,,,,,,,
repeat-suite-20260330-212107-cold-direct-036,CRIU,cold,no,610,25328,2616,328,3554,0.08,x86_64,x86_64,True,True,transfer_mode=direct,2026-03-30T21:51:32.408213,,,,,,,,,,,,
repeat-suite-20260330-212107-cold-direct-037,CRIU,cold,no,607,25077,2620,318,3545,0.08,x86_64,x86_64,True,True,transfer_mode=direct,2026-03-30T21:51:58.109847,,,,,,,,,,,,
repeat-suite-20260330-212107-cold-direct-038,CRIU,cold,no,614,25119,2598,302,3514,0.08,x86_64,x86_64,True,True,transfer_mode=direct,2026-03-30T21:52:23.829375,,,,,,,,,,,,
repeat-suite-20260330-212107-cold-direct-039,CRIU,cold,no,609,24997,2580,329,3518,0.08,x86_64,x86_64,True,True,transfer_mode=direct,2026-03-30T21:52:49.470750,,,,,,,,,,,,
repeat-suite-20260330-212107-cold-direct-040,CRIU,cold,no,602,25096,2578,304,3484,0.08,x86_64,x86_64,True,True,transfer_mode=direct,2026-03-30T21:53:15.302751,,,,,,,,,,,,
repeat-suite-20260330-212107-precopy-host-001,CRIU,precopy,no,613,32388,874,324,1811,0.30,x86_64,x86_64,True,True,transfer_mode=host;iterations=5,2026-03-30T21:53:43.214142,,,,,,,,,,,,
repeat-suite-20260330-212107-precopy-host-002,CRIU,precopy,no,604,39213,1176,322,2102,0.27,x86_64,x86_64,True,True,transfer_mode=host;iterations=5,2026-03-30T21:54:11.302546,,,,,,,,,,,,
repeat-suite-20260330-212107-precopy-host-003,CRIU,precopy,no,583,34949,849,321,1753,0.33,x86_64,x86_64,True,True,transfer_mode=host;iterations=5,2026-03-30T21:54:38.837221,,,,,,,,,,,,
repeat-suite-20260330-212107-precopy-host-004,CRIU,precopy,no,614,32338,850,318,1782,0.30,x86_64,x86_64,True,True,transfer_mode=host;iterations=5,2026-03-30T21:55:06.584965,,,,,,,,,,,,
repeat-suite-20260330-212107-precopy-host-005,CRIU,precopy,no,615,32870,892,322,1829,0.29,x86_64,x86_64,True,True,transfer_mode=host;iterations=5,2026-03-30T21:55:34.357915,,,,,,,,,,,,
repeat-suite-20260330-212107-precopy-host-006,CRIU,precopy,no,624,37725,846,317,1787,0.36,x86_64,x86_64,True,True,transfer_mode=host;iterations=5,2026-03-30T21:56:02.184101,,,,,,,,,,,,
repeat-suite-20260330-212107-precopy-host-007,CRIU,precopy,no,620,37757,887,309,1816,0.34,x86_64,x86_64,True,True,transfer_mode=host;iterations=5,2026-03-30T21:56:30.028385,,,,,,,,,,,,
repeat-suite-20260330-212107-precopy-host-008,CRIU,precopy,no,589,33989,859,324,1772,0.32,x86_64,x86_64,True,True,transfer_mode=host;iterations=5,2026-03-30T21:56:57.666273,,,,,,,,,,,,
repeat-suite-20260330-212107-precopy-host-009,CRIU,precopy,no,627,34189,874,314,1815,0.31,x86_64,x86_64,True,True,transfer_mode=host;iterations=5,2026-03-30T21:57:25.970071,,,,,,,,,,,,
repeat-suite-20260330-212107-precopy-host-010,CRIU,precopy,no,602,31783,868,323,1793,0.29,x86_64,x86_64,True,True,transfer_mode=host;iterations=5,2026-03-30T21:57:53.303816,,,,,,,,,,,,
repeat-suite-20260330-212107-precopy-host-011,CRIU,precopy,no,665,38896,1169,334,2168,0.27,x86_64,x86_64,True,True,transfer_mode=host;iterations=5,2026-03-30T21:58:21.388101,,,,,,,,,,,,
repeat-suite-20260330-212107-precopy-host-012,CRIU,precopy,no,634,39138,861,320,1815,0.36,x86_64,x86_64,True,True,transfer_mode=host;iterations=5,2026-03-30T21:58:48.889459,,,,,,,,,,,,
repeat-suite-20260330-212107-precopy-host-013,CRIU,precopy,no,595,34668,863,313,1771,0.32,x86_64,x86_64,True,True,transfer_mode=host;iterations=5,2026-03-30T21:59:16.637873,,,,,,,,,,,,
repeat-suite-20260330-212107-precopy-host-014,CRIU,precopy,no,589,34491,878,306,1773,0.31,x86_64,x86_64,True,True,transfer_mode=host;iterations=5,2026-03-30T21:59:44.411023,,,,,,,,,,,,
repeat-suite-20260330-212107-precopy-host-015,CRIU,precopy,no,587,34671,885,319,1791,0.31,x86_64,x86_64,True,True,transfer_mode=host;iterations=5,2026-03-30T22:00:11.982777,,,,,,,,,,,,
repeat-suite-20260330-212107-precopy-host-016,CRIU,precopy,no,595,39038,866,316,1777,0.36,x86_64,x86_64,True,True,transfer_mode=host;iterations=5,2026-03-30T22:00:39.776961,,,,,,,,,,,,
repeat-suite-20260330-212107-precopy-host-017,CRIU,precopy,no,597,34215,897,315,1809,0.31,x86_64,x86_64,True,True,transfer_mode=host;iterations=5,2026-03-30T22:01:07.127176,,,,,,,,,,,,
repeat-suite-20260330-212107-precopy-host-018,CRIU,precopy,no,600,37734,880,318,1798,0.34,x86_64,x86_64,True,True,transfer_mode=host;iterations=5,2026-03-30T22:01:34.947726,,,,,,,,,,,,
repeat-suite-20260330-212107-precopy-host-019,CRIU,precopy,no,587,32484,895,311,1793,0.29,x86_64,x86_64,True,True,transfer_mode=host;iterations=5,2026-03-30T22:02:02.387461,,,,,,,,,,,,
repeat-suite-20260330-212107-precopy-host-020,CRIU,precopy,no,586,33981,1185,330,2101,0.23,x86_64,x86_64,True,True,transfer_mode=host;iterations=5,2026-03-30T22:02:30.645614,,,,,,,,,,,,
repeat-suite-20260330-212107-precopy-host-021,CRIU,precopy,no,586,37774,843,314,1743,0.36,x86_64,x86_64,True,True,transfer_mode=host;iterations=5,2026-03-30T22:02:57.943604,,,,,,,,,,,,
repeat-suite-20260330-212107-precopy-host-022,CRIU,precopy,no,588,37768,883,319,1790,0.34,x86_64,x86_64,True,True,transfer_mode=host;iterations=5,2026-03-30T22:03:25.720923,,,,,,,,,,,,
repeat-suite-20260330-212107-precopy-host-023,CRIU,precopy,no,606,34259,1126,306,2038,0.24,x86_64,x86_64,True,True,transfer_mode=host;iterations=5,2026-03-30T22:03:53.732608,,,,,,,,,,,,
repeat-suite-20260330-212107-precopy-host-024,CRIU,precopy,no,621,34198,904,314,1839,0.30,x86_64,x86_64,True,True,transfer_mode=host;iterations=5,2026-03-30T22:04:21.504342,,,,,,,,,,,,
repeat-suite-20260330-212107-precopy-host-025,CRIU,precopy,no,630,32043,870,301,1801,0.29,x86_64,x86_64,True,True,transfer_mode=host;iterations=5,2026-03-30T22:04:49.009684,,,,,,,,,,,,
repeat-suite-20260330-212107-precopy-host-026,CRIU,precopy,no,594,32220,862,316,1772,0.30,x86_64,x86_64,True,True,transfer_mode=host;iterations=5,2026-03-30T22:05:16.765310,,,,,,,,,,,,
repeat-suite-20260330-212107-precopy-host-027,CRIU,precopy,no,584,33863,862,328,1774,0.31,x86_64,x86_64,True,True,transfer_mode=host;iterations=5,2026-03-30T22:05:44.749865,,,,,,,,,,,,
repeat-suite-20260330-212107-precopy-host-028,CRIU,precopy,no,592,33812,897,325,1814,0.30,x86_64,x86_64,True,True,transfer_mode=host;iterations=5,2026-03-30T22:06:12.013739,,,,,,,,,,,,
repeat-suite-20260330-212107-precopy-host-029,CRIU,precopy,no,613,39224,1205,313,2131,0.26,x86_64,x86_64,True,True,transfer_mode=host;iterations=5,2026-03-30T22:06:40.112355,,,,,,,,,,,,
repeat-suite-20260330-212107-precopy-host-030,CRIU,precopy,no,606,39171,895,308,1809,0.35,x86_64,x86_64,True,True,transfer_mode=host;iterations=5,2026-03-30T22:07:07.662909,,,,,,,,,,,,
repeat-suite-20260330-212107-precopy-host-031,CRIU,precopy,no,606,37770,860,314,1780,0.35,x86_64,x86_64,True,True,transfer_mode=host;iterations=5,2026-03-30T22:07:35.322246,,,,,,,,,,,,
repeat-suite-20260330-212107-precopy-host-032,CRIU,precopy,no,662,33949,884,320,1866,0.31,x86_64,x86_64,True,True,transfer_mode=host;iterations=5,2026-03-30T22:08:03.136743,,,,,,,,,,,,
repeat-suite-20260330-212107-precopy-host-033,CRIU,precopy,no,630,37982,895,320,1845,0.34,x86_64,x86_64,True,True,transfer_mode=host;iterations=5,2026-03-30T22:08:30.936232,,,,,,,,,,,,
repeat-suite-20260330-212107-precopy-host-034,CRIU,precopy,no,607,39173,876,304,1787,0.36,x86_64,x86_64,True,True,transfer_mode=host;iterations=5,2026-03-30T22:08:58.685295,,,,,,,,,,,,
repeat-suite-20260330-212107-precopy-host-035,CRIU,precopy,no,589,34504,863,322,1774,0.32,x86_64,x86_64,True,True,transfer_mode=host;iterations=5,2026-03-30T22:09:26.182079,,,,,,,,,,,,
repeat-suite-20260330-212107-precopy-host-036,CRIU,precopy,no,576,39135,832,317,1725,0.38,x86_64,x86_64,True,True,transfer_mode=host;iterations=5,2026-03-30T22:09:54.147719,,,,,,,,,,,,
repeat-suite-20260330-212107-precopy-host-037,CRIU,precopy,no,617,39202,873,340,1830,0.36,x86_64,x86_64,True,True,transfer_mode=host;iterations=5,2026-03-30T22:10:21.848023,,,,,,,,,,,,
repeat-suite-20260330-212107-precopy-host-038,CRIU,precopy,no,619,38010,1219,330,2168,0.25,x86_64,x86_64,True,True,transfer_mode=host;iterations=5,2026-03-30T22:10:50.063863,,,,,,,,,,,,
repeat-suite-20260330-212107-precopy-host-039,CRIU,precopy,no,601,32543,864,302,1767,0.30,x86_64,x86_64,True,True,transfer_mode=host;iterations=5,2026-03-30T22:11:17.352507,,,,,,,,,,,,
repeat-suite-20260330-212107-precopy-host-040,CRIU,precopy,no,744,32649,884,328,1956,0.30,x86_64,x86_64,True,True,transfer_mode=host;iterations=5,2026-03-30T22:11:46.060686,,,,,,,,,,,,
repeat-suite-20260330-212107-precopy-direct-001,CRIU,precopy,no,611,34479,2602,327,3540,0.11,x86_64,x86_64,True,True,transfer_mode=direct;iterations=5,2026-03-30T22:12:16.929780,,,,,,,,,,,,
repeat-suite-20260330-212107-precopy-direct-002,CRIU,precopy,no,602,32796,2561,331,3494,0.10,x86_64,x86_64,True,True,transfer_mode=direct;iterations=5,2026-03-30T22:12:48.513752,,,,,,,,,,,,
repeat-suite-20260330-212107-precopy-direct-003,CRIU,precopy,no,620,34737,2611,310,3541,0.11,x86_64,x86_64,True,True,transfer_mode=direct;iterations=5,2026-03-30T22:13:19.401942,,,,,,,,,,,,
repeat-suite-20260330-212107-precopy-direct-004,CRIU,precopy,no,610,33256,2568,309,3487,0.10,x86_64,x86_64,True,True,transfer_mode=direct;iterations=5,2026-03-30T22:13:50.695287,,,,,,,,,,,,
repeat-suite-20260330-212107-precopy-direct-005,CRIU,precopy,no,575,34051,2653,317,3545,0.10,x86_64,x86_64,True,True,transfer_mode=direct;iterations=5,2026-03-30T22:14:21.361771,,,,,,,,,,,,
repeat-suite-20260330-212107-precopy-direct-006,CRIU,precopy,no,605,31506,2590,323,3518,0.10,x86_64,x86_64,True,True,transfer_mode=direct;iterations=5,2026-03-30T22:14:52.782977,,,,,,,,,,,,
repeat-suite-20260330-212107-precopy-direct-007,CRIU,precopy,no,603,32523,2596,337,3536,0.10,x86_64,x86_64,True,True,transfer_mode=direct;iterations=5,2026-03-30T22:15:23.581438,,,,,,,,,,,,
repeat-suite-20260330-212107-precopy-direct-008,CRIU,precopy,no,610,37919,2572,325,3507,0.12,x86_64,x86_64,True,True,transfer_mode=direct;iterations=5,2026-03-30T22:15:54.948044,,,,,,,,,,,,
repeat-suite-20260330-212107-precopy-direct-009,CRIU,precopy,no,590,32525,2600,318,3508,0.10,x86_64,x86_64,True,True,transfer_mode=direct;iterations=5,2026-03-30T22:16:25.937110,,,,,,,,,,,,
repeat-suite-20260330-212107-precopy-direct-010,CRIU,precopy,no,590,37904,2655,335,3580,0.11,x86_64,x86_64,True,True,transfer_mode=direct;iterations=5,2026-03-30T22:16:57.360796,,,,,,,,,,,,
repeat-suite-20260330-212107-precopy-direct-011,CRIU,precopy,no,622,37725,2551,308,3481,0.12,x86_64,x86_64,True,True,transfer_mode=direct;iterations=5,2026-03-30T22:17:28.185928,,,,,,,,,,,,
repeat-suite-20260330-212107-precopy-direct-012,CRIU,precopy,no,582,37845,2571,307,3460,0.12,x86_64,x86_64,True,True,transfer_mode=direct;iterations=5,2026-03-30T22:17:59.539750,,,,,,,,,,,,
repeat-suite-20260330-212107-precopy-direct-013,CRIU,precopy,no,613,33840,2852,326,3791,0.09,x86_64,x86_64,True,True,transfer_mode=direct;iterations=5,2026-03-30T22:18:30.846747,,,,,,,,,,,,
repeat-suite-20260330-212107-precopy-direct-014,CRIU,precopy,no,615,39400,2651,336,3602,0.12,x86_64,x86_64,True,True,transfer_mode=direct;iterations=5,2026-03-30T22:19:02.529532,,,,,,,,,,,,
repeat-suite-20260330-212107-precopy-direct-015,CRIU,precopy,no,631,34712,2565,318,3514,0.11,x86_64,x86_64,True,True,transfer_mode=direct;iterations=5,2026-03-30T22:19:33.562949,,,,,,,,,,,,
repeat-suite-20260330-212107-precopy-direct-016,CRIU,precopy,no,599,32051,2561,313,3473,0.10,x86_64,x86_64,True,True,transfer_mode=direct;iterations=5,2026-03-30T22:20:04.869867,,,,,,,,,,,,
repeat-suite-20260330-212107-precopy-direct-017,CRIU,precopy,no,618,37772,2600,320,3538,0.12,x86_64,x86_64,True,True,transfer_mode=direct;iterations=5,2026-03-30T22:20:35.720676,,,,,,,,,,,,
repeat-suite-20260330-212107-precopy-direct-018,CRIU,precopy,no,583,38922,2602,325,3510,0.12,x86_64,x86_64,True,True,transfer_mode=direct;iterations=5,2026-03-30T22:21:07.301429,,,,,,,,,,,,
repeat-suite-20260330-212107-precopy-direct-019,CRIU,precopy,no,584,37736,2533,315,3432,0.12,x86_64,x86_64,True,True,transfer_mode=direct;iterations=5,2026-03-30T22:21:38.366227,,,,,,,,,,,,
repeat-suite-20260330-212107-precopy-direct-020,CRIU,precopy,no,610,33934,2579,311,3500,0.11,x86_64,x86_64,True,True,transfer_mode=direct;iterations=5,2026-03-30T22:22:10.046157,,,,,,,,,,,,
repeat-suite-20260330-212107-precopy-direct-021,CRIU,precopy,no,631,34847,2614,335,3580,0.11,x86_64,x86_64,True,True,transfer_mode=direct;iterations=5,2026-03-30T22:22:41.234764,,,,,,,,,,,,
repeat-suite-20260330-212107-precopy-direct-022,CRIU,precopy,no,604,34078,2628,312,3544,0.10,x86_64,x86_64,True,True,transfer_mode=direct;iterations=5,2026-03-30T22:23:12.784297,,,,,,,,,,,,
repeat-suite-20260330-212107-precopy-direct-023,CRIU,precopy,no,581,39039,2600,305,3486,0.12,x86_64,x86_64,True,True,transfer_mode=direct;iterations=5,2026-03-30T22:23:43.498788,,,,,,,,,,,,
repeat-suite-20260330-212107-precopy-direct-024,CRIU,precopy,no,619,34757,2590,326,3535,0.11,x86_64,x86_64,True,True,transfer_mode=direct;iterations=5,2026-03-30T22:24:15.056326,,,,,,,,,,,,
repeat-suite-20260330-212107-precopy-direct-025,CRIU,precopy,no,602,38989,2560,322,3484,0.12,x86_64,x86_64,True,True,transfer_mode=direct;iterations=5,2026-03-30T22:24:45.873967,,,,,,,,,,,,
repeat-suite-20260330-212107-precopy-direct-026,CRIU,precopy,no,583,37745,2546,339,3468,0.12,x86_64,x86_64,True,True,transfer_mode=direct;iterations=5,2026-03-30T22:25:17.180054,,,,,,,,,,,,
repeat-suite-20260330-212107-precopy-direct-027,CRIU,precopy,no,587,37991,2640,320,3547,0.12,x86_64,x86_64,True,True,transfer_mode=direct;iterations=5,2026-03-30T22:25:48.240032,,,,,,,,,,,,
repeat-suite-20260330-212107-precopy-direct-028,CRIU,precopy,no,597,37748,2540,311,3448,0.12,x86_64,x86_64,True,True,transfer_mode=direct;iterations=5,2026-03-30T22:26:19.664922,,,,,,,,,,,,
repeat-suite-20260330-212107-precopy-direct-029,CRIU,precopy,no,597,39097,2688,325,3610,0.12,x86_64,x86_64,True,True,transfer_mode=direct;iterations=5,2026-03-30T22:26:50.880280,,,,,,,,,,,,
repeat-suite-20260330-212107-precopy-direct-030,CRIU,precopy,no,594,32334,2621,312,3527,0.10,x86_64,x86_64,True,True,transfer_mode=direct;iterations=5,2026-03-30T22:27:22.527095,,,,,,,,,,,,
repeat-suite-20260330-212107-precopy-direct-031,CRIU,precopy,no,637,37776,2645,311,3593,0.11,x86_64,x86_64,True,True,transfer_mode=direct;iterations=5,2026-03-30T22:27:53.627042,,,,,,,,,,,,
repeat-suite-20260330-212107-precopy-direct-032,CRIU,precopy,no,604,37845,2552,320,3476,0.12,x86_64,x86_64,True,True,transfer_mode=direct;iterations=5,2026-03-30T22:28:25.059464,,,,,,,,,,,,
repeat-suite-20260330-212107-precopy-direct-033,CRIU,precopy,no,608,34864,2682,342,3632,0.10,x86_64,x86_64,True,True,transfer_mode=direct;iterations=5,2026-03-30T22:28:56.066304,,,,,,,,,,,,
repeat-suite-20260330-212107-precopy-direct-034,CRIU,precopy,no,594,34857,2638,344,3576,0.11,x86_64,x86_64,True,True,transfer_mode=direct;iterations=5,2026-03-30T22:29:27.809728,,,,,,,,,,,,
repeat-suite-20260330-212107-precopy-direct-035,CRIU,precopy,no,645,33712,2636,339,3620,0.10,x86_64,x86_64,True,True,transfer_mode=direct;iterations=5,2026-03-30T22:29:58.988375,,,,,,,,,,,,
repeat-suite-20260330-212107-precopy-direct-036,CRIU,precopy,no,591,34505,2619,310,3520,0.11,x86_64,x86_64,True,True,transfer_mode=direct;iterations=5,2026-03-30T22:30:30.505368,,,,,,,,,,,,
repeat-suite-20260330-212107-precopy-direct-037,CRIU,precopy,no,619,34359,2653,314,3586,0.10,x86_64,x86_64,True,True,transfer_mode=direct;iterations=5,2026-03-30T22:31:01.703345,,,,,,,,,,,,
repeat-suite-20260330-212107-precopy-direct-038,CRIU,precopy,no,594,38968,2666,365,3625,0.12,x86_64,x86_64,True,True,transfer_mode=direct;iterations=5,2026-03-30T22:31:33.492903,,,,,,,,,,,,
repeat-suite-20260330-212107-precopy-direct-039,CRIU,precopy,no,615,38990,2597,315,3527,0.12,x86_64,x86_64,True,True,transfer_mode=direct;iterations=5,2026-03-30T22:32:04.512608,,,,,,,,,,,,
repeat-suite-20260330-212107-precopy-direct-040,CRIU,precopy,no,637,37966,2672,338,3647,0.11,x86_64,x86_64,True,True,transfer_mode=direct;iterations=5,2026-03-30T22:32:36.249846,,,,,,,,,,,,
experimental-postcopy-001,CRIU,postcopy,no,1030,22490,2612,323,3965,0.07,x86_64,x86_64,True,True,transfer_mode=direct;lazy_pages_port=9999,2026-03-30T23:33:04.015104,,,,,,,,,,,,
30-03-2026-host-cold-0000,CRIU,cold,no,667,25338,930,445,2042,0.22,x86_64,x86_64,True,True,transfer_mode=host,2026-03-30T23:51:49.375169,,,,,,,,,,,,
30-03-2026-host-cold-0001,CRIU,cold,no,692,25169,975,362,2029,0.21,x86_64,x86_64,True,True,transfer_mode=host,2026-03-30T23:52:14.847368,,,,,,,,,,,,
30-03-2026-host-cold-0002,CRIU,cold,no,678,25157,886,340,1904,0.23,x86_64,x86_64,True,True,transfer_mode=host,2026-03-30T23:52:40.297461,,,,,,,,,,,,
30-03-2026-host-cold-0003,CRIU,cold,no,726,25139,973,625,2324,0.21,x86_64,x86_64,True,True,transfer_mode=host,2026-03-30T23:53:05.637374,,,,,,,,,,,,
30-03-2026-host-cold-0004,CRIU,cold,no,720,25070,995,615,2330,0.20,x86_64,x86_64,True,True,transfer_mode=host,2026-03-30T23:53:31.521330,,,,,,,,,,,,
30-03-2026-host-cold-0005,CRIU,cold,no,660,25202,974,342,1976,0.21,x86_64,x86_64,True,True,transfer_mode=host,2026-03-30T23:53:57.097619,,,,,,,,,,,,
30-03-2026-host-cold-0006,CRIU,cold,no,724,25074,974,355,2053,0.21,x86_64,x86_64,True,True,transfer_mode=host,2026-03-30T23:54:22.484836,,,,,,,,,,,,
30-03-2026-host-cold-0007,CRIU,cold,no,669,25376,978,340,1987,0.21,x86_64,x86_64,True,True,transfer_mode=host,2026-03-30T23:54:48.277397,,,,,,,,,,,,
30-03-2026-host-cold-0008,CRIU,cold,no,862,25609,928,325,2115,0.22,x86_64,x86_64,True,True,transfer_mode=host,2026-03-30T23:55:13.584401,,,,,,,,,,,,
30-03-2026-host-cold-0009,CRIU,cold,no,647,25047,941,328,1916,0.21,x86_64,x86_64,True,True,transfer_mode=host,2026-03-30T23:55:39.099505,,,,,,,,,,,,
30-03-2026-host-cold-0010,CRIU,cold,no,648,24957,1002,354,2004,0.20,x86_64,x86_64,True,True,transfer_mode=host,2026-03-30T23:56:03.979953,,,,,,,,,,,,
30-03-2026-host-cold-0011,CRIU,cold,no,656,25018,954,378,1988,0.21,x86_64,x86_64,True,True,transfer_mode=host,2026-03-30T23:56:28.710616,,,,,,,,,,,,
30-03-2026-host-cold-0012,CRIU,cold,no,701,25141,1091,584,2376,0.18,x86_64,x86_64,True,True,transfer_mode=host,2026-03-30T23:56:54.864272,,,,,,,,,,,,
30-03-2026-host-cold-0013,CRIU,cold,no,693,25439,1060,328,2081,0.19,x86_64,x86_64,True,True,transfer_mode=host,2026-03-30T23:57:19.881727,,,,,,,,,,,,
30-03-2026-host-cold-0014,CRIU,cold,no,705,25426,960,344,2009,0.21,x86_64,x86_64,True,True,transfer_mode=host,2026-03-30T23:57:45.690906,,,,,,,,,,,,
30-03-2026-host-cold-0015,CRIU,cold,no,698,25029,912,349,1959,0.22,x86_64,x86_64,True,True,transfer_mode=host,2026-03-30T23:58:10.558697,,,,,,,,,,,,
30-03-2026-host-cold-0016,CRIU,cold,no,672,25392,934,355,1961,0.22,x86_64,x86_64,True,True,transfer_mode=host,2026-03-30T23:58:35.655419,,,,,,,,,,,,
30-03-2026-host-cold-0017,CRIU,cold,no,685,25115,953,363,2001,0.21,x86_64,x86_64,True,True,transfer_mode=host,2026-03-30T23:59:01.151527,,,,,,,,,,,,
30-03-2026-host-cold-0018,CRIU,cold,no,631,25297,950,322,1903,0.21,x86_64,x86_64,True,True,transfer_mode=host,2026-03-30T23:59:25.846091,,,,,,,,,,,,
30-03-2026-host-cold-0019,CRIU,cold,no,657,25040,1039,329,2025,0.19,x86_64,x86_64,True,True,transfer_mode=host,2026-03-30T23:59:51.316162,,,,,,,,,,,,
30-03-2026-host-cold-0020,CRIU,cold,no,628,25174,846,301,1775,0.24,x86_64,x86_64,True,True,transfer_mode=host,2026-03-31T00:00:14.936847,,,,,,,,,,,,
30-03-2026-host-cold-0021,CRIU,cold,no,617,25050,868,336,1821,0.23,x86_64,x86_64,True,True,transfer_mode=host,2026-03-31T00:00:37.951076,,,,,,,,,,,,
30-03-2026-host-cold-0022,CRIU,cold,no,606,25106,838,329,1773,0.24,x86_64,x86_64,True,True,transfer_mode=host,2026-03-31T00:01:01.250551,,,,,,,,,,,,
30-03-2026-host-cold-0023,CRIU,cold,no,618,25155,822,304,1744,0.24,x86_64,x86_64,True,True,transfer_mode=host,2026-03-31T00:01:24.464963,,,,,,,,,,,,
30-03-2026-host-cold-0024,CRIU,cold,no,598,25416,939,301,1838,0.22,x86_64,x86_64,True,True,transfer_mode=host,2026-03-31T00:01:47.875015,,,,,,,,,,,,
30-03-2026-host-cold-0025,CRIU,cold,no,590,25318,863,308,1761,0.23,x86_64,x86_64,True,True,transfer_mode=host,2026-03-31T00:02:10.739203,,,,,,,,,,,,
30-03-2026-host-cold-0026,CRIU,cold,no,639,25025,833,359,1831,0.24,x86_64,x86_64,True,True,transfer_mode=host,2026-03-31T00:02:33.634840,,,,,,,,,,,,
30-03-2026-host-cold-0027,CRIU,cold,no,629,25183,859,327,1815,0.23,x86_64,x86_64,True,True,transfer_mode=host,2026-03-31T00:02:57.150447,,,,,,,,,,,,
30-03-2026-host-cold-0028,CRIU,cold,no,636,25055,853,322,1811,0.23,x86_64,x86_64,True,True,transfer_mode=host,2026-03-31T00:03:19.947726,,,,,,,,,,,,
30-03-2026-host-cold-0029,CRIU,cold,no,929,25058,862,322,2113,0.23,x86_64,x86_64,True,True,transfer_mode=host,2026-03-31T00:03:43.004311,,,,,,,,,,,,
30-03-2026-direct-cold-0000,CRIU,cold,no,588,25087,2551,318,3457,0.08,x86_64,x86_64,True,True,transfer_mode=direct,2026-03-31T00:04:09.605024,,,,,,,,,,,,
30-03-2026-direct-cold-0001,CRIU,cold,no,638,25205,2616,316,3570,0.08,x86_64,x86_64,True,True,transfer_mode=direct,2026-03-31T00:04:35.947915,,,,,,,,,,,,
30-03-2026-direct-cold-0002,CRIU,cold,no,639,25136,2591,309,3539,0.08,x86_64,x86_64,True,True,transfer_mode=direct,2026-03-31T00:05:03.203699,,,,,,,,,,,,
30-03-2026-direct-cold-0003,CRIU,cold,no,602,25108,2587,320,3509,0.08,x86_64,x86_64,True,True,transfer_mode=direct,2026-03-31T00:05:29.543926,,,,,,,,,,,,
30-03-2026-direct-cold-0004,CRIU,cold,no,613,25383,2890,307,3810,0.07,x86_64,x86_64,True,True,transfer_mode=direct,2026-03-31T00:05:56.642789,,,,,,,,,,,,
30-03-2026-direct-cold-0005,CRIU,cold,no,613,25348,2620,320,3553,0.08,x86_64,x86_64,True,True,transfer_mode=direct,2026-03-31T00:06:23.189182,,,,,,,,,,,,
30-03-2026-direct-cold-0006,CRIU,cold,no,604,25083,2581,309,3494,0.08,x86_64,x86_64,True,True,transfer_mode=direct,2026-03-31T00:06:49.670905,,,,,,,,,,,,
30-03-2026-direct-cold-0007,CRIU,cold,no,631,25066,2603,402,3636,0.08,x86_64,x86_64,True,True,transfer_mode=direct,2026-03-31T00:07:16.677341,,,,,,,,,,,,
30-03-2026-direct-cold-0008,CRIU,cold,no,647,25155,2626,311,3584,0.08,x86_64,x86_64,True,True,transfer_mode=direct,2026-03-31T00:07:43.154990,,,,,,,,,,,,
30-03-2026-direct-cold-0009,CRIU,cold,no,642,25114,2619,311,3572,0.08,x86_64,x86_64,True,True,transfer_mode=direct,2026-03-31T00:08:10.232348,,,,,,,,,,,,
30-03-2026-direct-cold-0010,CRIU,cold,no,603,25121,2609,338,3550,0.08,x86_64,x86_64,True,True,transfer_mode=direct,2026-03-31T00:08:36.586776,,,,,,,,,,,,
30-03-2026-direct-cold-0011,CRIU,cold,no,603,25171,2914,326,3843,0.07,x86_64,x86_64,True,True,transfer_mode=direct,2026-03-31T00:09:03.576294,,,,,,,,,,,,
30-03-2026-direct-cold-0012,CRIU,cold,no,635,25083,2643,312,3590,0.08,x86_64,x86_64,True,True,transfer_mode=direct,2026-03-31T00:09:29.953755,,,,,,,,,,,,
30-03-2026-direct-cold-0013,CRIU,cold,no,611,25055,2566,329,3506,0.08,x86_64,x86_64,True,True,transfer_mode=direct,2026-03-31T00:09:56.421097,,,,,,,,,,,,
30-03-2026-direct-cold-0014,CRIU,cold,no,597,25183,2605,310,3512,0.08,x86_64,x86_64,True,True,transfer_mode=direct,2026-03-31T00:10:22.943589,,,,,,,,,,,,
30-03-2026-direct-cold-0015,CRIU,cold,no,605,25247,2527,298,3430,0.08,x86_64,x86_64,True,True,transfer_mode=direct,2026-03-31T00:10:48.984981,,,,,,,,,,,,
30-03-2026-direct-cold-0016,CRIU,cold,no,607,25047,2545,314,3466,0.08,x86_64,x86_64,True,True,transfer_mode=direct,2026-03-31T00:11:15.757401,,,,,,,,,,,,
30-03-2026-direct-cold-0017,CRIU,cold,no,618,25141,2576,331,3525,0.08,x86_64,x86_64,True,True,transfer_mode=direct,2026-03-31T00:11:42.352896,,,,,,,,,,,,
30-03-2026-direct-cold-0018,CRIU,cold,no,624,25070,2864,303,3791,0.07,x86_64,x86_64,True,True,transfer_mode=direct,2026-03-31T00:12:09.203553,,,,,,,,,,,,
30-03-2026-direct-cold-0019,CRIU,cold,no,607,25230,2481,307,3395,0.08,x86_64,x86_64,True,True,transfer_mode=direct,2026-03-31T00:12:35.372742,,,,,,,,,,,,
30-03-2026-direct-cold-0020,CRIU,cold,no,653,25089,2524,312,3489,0.08,x86_64,x86_64,True,True,transfer_mode=direct,2026-03-31T00:13:01.731539,,,,,,,,,,,,
30-03-2026-direct-cold-0021,CRIU,cold,no,608,25358,2542,319,3469,0.08,x86_64,x86_64,True,True,transfer_mode=direct,2026-03-31T00:13:28.234238,,,,,,,,,,,,
30-03-2026-direct-cold-0022,CRIU,cold,no,633,25063,2612,301,3546,0.08,x86_64,x86_64,True,True,transfer_mode=direct,2026-03-31T00:13:54.477476,,,,,,,,,,,,
30-03-2026-direct-cold-0023,CRIU,cold,no,609,25320,2594,315,3518,0.08,x86_64,x86_64,True,True,transfer_mode=direct,2026-03-31T00:14:21.444202,,,,,,,,,,,,
30-03-2026-direct-cold-0024,CRIU,cold,no,606,25203,2644,318,3568,0.08,x86_64,x86_64,True,True,transfer_mode=direct,2026-03-31T00:14:47.887084,,,,,,,,,,,,
30-03-2026-direct-cold-0025,CRIU,cold,no,606,25306,2932,320,3858,0.07,x86_64,x86_64,True,True,transfer_mode=direct,2026-03-31T00:15:14.809727,,,,,,,,,,,,
30-03-2026-direct-cold-0026,CRIU,cold,no,616,25235,2543,319,3478,0.08,x86_64,x86_64,True,True,transfer_mode=direct,2026-03-31T00:15:41.193819,,,,,,,,,,,,
30-03-2026-direct-cold-0027,CRIU,cold,no,635,25087,2576,303,3514,0.08,x86_64,x86_64,True,True,transfer_mode=direct,2026-03-31T00:16:07.869260,,,,,,,,,,,,
30-03-2026-direct-cold-0028,CRIU,cold,no,587,25110,2506,311,3404,0.08,x86_64,x86_64,True,True,transfer_mode=direct,2026-03-31T00:16:34.242463,,,,,,,,,,,,
30-03-2026-direct-cold-0029,CRIU,cold,no,641,25048,2563,319,3523,0.08,x86_64,x86_64,True,True,transfer_mode=direct,2026-03-31T00:17:00.390213,,,,,,,,,,,,
30-03-2026-host-precopy-0000,CRIU,precopy,no,614,33801,888,317,1819,0.30,x86_64,x86_64,True,True,transfer_mode=host;iterations=5,2026-03-31T00:17:29.420522,,,,,,,,,,,,
30-03-2026-host-precopy-0001,CRIU,precopy,no,614,32562,849,306,1769,0.31,x86_64,x86_64,True,True,transfer_mode=host;iterations=5,2026-03-31T00:17:58.022252,,,,,,,,,,,,
30-03-2026-host-precopy-0002,CRIU,precopy,no,595,39053,1165,332,2092,0.27,x86_64,x86_64,True,True,transfer_mode=host;iterations=5,2026-03-31T00:18:26.862313,,,,,,,,,,,,
30-03-2026-host-precopy-0003,CRIU,precopy,no,622,39021,880,315,1817,0.35,x86_64,x86_64,True,True,transfer_mode=host;iterations=5,2026-03-31T00:18:55.165333,,,,,,,,,,,,
30-03-2026-host-precopy-0004,CRIU,precopy,no,627,39298,900,332,1859,0.35,x86_64,x86_64,True,True,transfer_mode=host;iterations=5,2026-03-31T00:19:24.474720,,,,,,,,,,,,
30-03-2026-host-precopy-0005,CRIU,precopy,no,573,38033,858,329,1760,0.35,x86_64,x86_64,True,True,transfer_mode=host;iterations=5,2026-03-31T00:19:53.192833,,,,,,,,,,,,
30-03-2026-host-precopy-0006,CRIU,precopy,no,625,39155,866,313,1804,0.36,x86_64,x86_64,True,True,transfer_mode=host;iterations=5,2026-03-31T00:20:22.309414,,,,,,,,,,,,
30-03-2026-host-precopy-0007,CRIU,precopy,no,593,33278,857,301,1751,0.31,x86_64,x86_64,True,True,transfer_mode=host;iterations=5,2026-03-31T00:20:51.251262,,,,,,,,,,,,
30-03-2026-host-precopy-0008,CRIU,precopy,no,613,39176,878,326,1817,0.36,x86_64,x86_64,True,True,transfer_mode=host;iterations=5,2026-03-31T00:21:20.542020,,,,,,,,,,,,
30-03-2026-host-precopy-0009,CRIU,precopy,no,622,31935,886,327,1835,0.29,x86_64,x86_64,True,True,transfer_mode=host;iterations=5,2026-03-31T00:21:49.559238,,,,,,,,,,,,
30-03-2026-host-precopy-0010,CRIU,precopy,no,580,37815,847,313,1740,0.36,x86_64,x86_64,True,True,transfer_mode=host;iterations=5,2026-03-31T00:22:18.381802,,,,,,,,,,,,
30-03-2026-host-precopy-0011,CRIU,precopy,no,637,38907,903,324,1864,0.34,x86_64,x86_64,True,True,transfer_mode=host;iterations=5,2026-03-31T00:22:47.784123,,,,,,,,,,,,
30-03-2026-host-precopy-0012,CRIU,precopy,no,627,37768,854,336,1817,0.35,x86_64,x86_64,True,True,transfer_mode=host;iterations=5,2026-03-31T00:23:16.513842,,,,,,,,,,,,
30-03-2026-host-precopy-0013,CRIU,precopy,no,620,33739,1204,329,2153,0.22,x86_64,x86_64,True,True,transfer_mode=host;iterations=5,2026-03-31T00:23:45.614828,,,,,,,,,,,,
30-03-2026-host-precopy-0014,CRIU,precopy,no,586,34222,860,344,1790,0.32,x86_64,x86_64,True,True,transfer_mode=host;iterations=5,2026-03-31T00:24:14.647116,,,,,,,,,,,,
30-03-2026-host-precopy-0015,CRIU,precopy,no,614,37800,857,314,1785,0.35,x86_64,x86_64,True,True,transfer_mode=host;iterations=5,2026-03-31T00:24:43.555944,,,,,,,,,,,,
30-03-2026-host-precopy-0016,CRIU,precopy,no,619,34747,877,395,1891,0.32,x86_64,x86_64,True,True,transfer_mode=host;iterations=5,2026-03-31T00:25:12.282423,,,,,,,,,,,,
30-03-2026-host-precopy-0017,CRIU,precopy,no,586,37797,856,344,1786,0.35,x86_64,x86_64,True,True,transfer_mode=host;iterations=5,2026-03-31T00:25:41.122002,,,,,,,,,,,,
30-03-2026-host-precopy-0018,CRIU,precopy,no,616,34353,887,314,1817,0.31,x86_64,x86_64,True,True,transfer_mode=host;iterations=5,2026-03-31T00:26:10.149284,,,,,,,,,,,,
30-03-2026-host-precopy-0019,CRIU,precopy,no,632,38931,857,298,1787,0.36,x86_64,x86_64,True,True,transfer_mode=host;iterations=5,2026-03-31T00:26:38.980936,,,,,,,,,,,,
30-03-2026-host-precopy-0020,CRIU,precopy,no,615,32295,838,305,1758,0.31,x86_64,x86_64,True,True,transfer_mode=host;iterations=5,2026-03-31T00:27:07.909725,,,,,,,,,,,,
30-03-2026-host-precopy-0021,CRIU,precopy,no,621,32455,854,316,1791,0.30,x86_64,x86_64,True,True,transfer_mode=host;iterations=5,2026-03-31T00:27:37.019879,,,,,,,,,,,,
30-03-2026-host-precopy-0022,CRIU,precopy,no,610,37973,874,314,1798,0.35,x86_64,x86_64,True,True,transfer_mode=host;iterations=5,2026-03-31T00:28:05.833554,,,,,,,,,,,,
30-03-2026-host-precopy-0023,CRIU,precopy,no,611,32728,849,311,1771,0.31,x86_64,x86_64,True,True,transfer_mode=host;iterations=5,2026-03-31T00:28:34.709552,,,,,,,,,,,,
30-03-2026-host-precopy-0024,CRIU,precopy,no,603,37775,1175,316,2094,0.26,x86_64,x86_64,True,True,transfer_mode=host;iterations=5,2026-03-31T00:29:03.588225,,,,,,,,,,,,
30-03-2026-host-precopy-0025,CRIU,precopy,no,576,32377,868,314,1758,0.30,x86_64,x86_64,True,True,transfer_mode=host;iterations=5,2026-03-31T00:29:32.435510,,,,,,,,,,,,
30-03-2026-host-precopy-0026,CRIU,precopy,no,603,37640,857,454,1914,0.35,x86_64,x86_64,True,True,transfer_mode=host;iterations=5,2026-03-31T00:30:01.348104,,,,,,,,,,,,
30-03-2026-host-precopy-0027,CRIU,precopy,no,635,39189,885,318,1838,0.35,x86_64,x86_64,True,True,transfer_mode=host;iterations=5,2026-03-31T00:30:30.389842,,,,,,,,,,,,
30-03-2026-host-precopy-0028,CRIU,precopy,no,635,37759,899,316,1850,0.34,x86_64,x86_64,True,True,transfer_mode=host;iterations=5,2026-03-31T00:30:59.129450,,,,,,,,,,,,
30-03-2026-host-precopy-0029,CRIU,precopy,no,878,34262,869,314,2061,0.32,x86_64,x86_64,True,True,transfer_mode=host;iterations=5,2026-03-31T00:31:28.338962,,,,,,,,,,,,
30-03-2026-direct-precopy-0000,CRIU,precopy,no,604,34608,2596,315,3515,0.11,x86_64,x86_64,True,True,transfer_mode=direct;iterations=5,2026-03-31T00:32:00.344095,,,,,,,,,,,,
30-03-2026-direct-precopy-0001,CRIU,precopy,no,871,39234,2617,316,3804,0.12,x86_64,x86_64,True,True,transfer_mode=direct;iterations=5,2026-03-31T00:32:32.994604,,,,,,,,,,,,
30-03-2026-direct-precopy-0002,CRIU,precopy,no,610,32943,2545,309,3464,0.10,x86_64,x86_64,True,True,transfer_mode=direct;iterations=5,2026-03-31T00:33:05.038235,,,,,,,,,,,,
30-03-2026-direct-precopy-0003,CRIU,precopy,no,626,32608,2600,326,3552,0.10,x86_64,x86_64,True,True,transfer_mode=direct;iterations=5,2026-03-31T00:33:37.814285,,,,,,,,,,,,
30-03-2026-direct-precopy-0004,CRIU,precopy,no,580,39188,2565,311,3456,0.12,x86_64,x86_64,True,True,transfer_mode=direct;iterations=5,2026-03-31T00:34:09.979099,,,,,,,,,,,,
30-03-2026-direct-precopy-0005,CRIU,precopy,no,619,39055,2852,328,3799,0.11,x86_64,x86_64,True,True,transfer_mode=direct;iterations=5,2026-03-31T00:34:42.789401,,,,,,,,,,,,
30-03-2026-direct-precopy-0006,CRIU,precopy,no,630,32524,2630,305,3565,0.10,x86_64,x86_64,True,True,transfer_mode=direct;iterations=5,2026-03-31T00:35:15.302164,,,,,,,,,,,,
30-03-2026-direct-precopy-0007,CRIU,precopy,no,610,39268,2608,323,3541,0.12,x86_64,x86_64,True,True,transfer_mode=direct;iterations=5,2026-03-31T00:35:47.730492,,,,,,,,,,,,
30-03-2026-direct-precopy-0008,CRIU,precopy,no,613,32667,2539,303,3455,0.10,x86_64,x86_64,True,True,transfer_mode=direct;iterations=5,2026-03-31T00:36:20.159552,,,,,,,,,,,,
30-03-2026-direct-precopy-0009,CRIU,precopy,no,616,37828,2568,316,3500,0.12,x86_64,x86_64,True,True,transfer_mode=direct;iterations=5,2026-03-31T00:36:52.429850,,,,,,,,,,,,
30-03-2026-direct-precopy-0010,CRIU,precopy,no,572,37788,2591,299,3462,0.12,x86_64,x86_64,True,True,transfer_mode=direct;iterations=5,2026-03-31T00:37:24.635301,,,,,,,,,,,,
30-03-2026-direct-precopy-0011,CRIU,precopy,no,622,39201,2562,310,3494,0.12,x86_64,x86_64,True,True,transfer_mode=direct;iterations=5,2026-03-31T00:37:56.870679,,,,,,,,,,,,
30-03-2026-direct-precopy-0012,CRIU,precopy,no,609,38049,2662,322,3593,0.11,x86_64,x86_64,True,True,transfer_mode=direct;iterations=5,2026-03-31T00:38:29.228432,,,,,,,,,,,,
30-03-2026-direct-precopy-0013,CRIU,precopy,no,594,38945,2643,318,3555,0.12,x86_64,x86_64,True,True,transfer_mode=direct;iterations=5,2026-03-31T00:39:01.849798,,,,,,,,,,,,
30-03-2026-direct-precopy-0014,CRIU,precopy,no,592,31748,2643,318,3553,0.10,x86_64,x86_64,True,True,transfer_mode=direct;iterations=5,2026-03-31T00:39:34.300162,,,,,,,,,,,,
30-03-2026-direct-precopy-0015,CRIU,precopy,no,596,34122,2551,307,3454,0.11,x86_64,x86_64,True,True,transfer_mode=direct;iterations=5,2026-03-31T00:40:06.560140,,,,,,,,,,,,
30-03-2026-direct-precopy-0016,CRIU,precopy,no,602,38083,2552,326,3480,0.12,x86_64,x86_64,True,True,transfer_mode=direct;iterations=5,2026-03-31T00:40:38.716108,,,,,,,,,,,,
30-03-2026-direct-precopy-0017,CRIU,precopy,no,598,33819,2556,308,3462,0.11,x86_64,x86_64,True,True,transfer_mode=direct;iterations=5,2026-03-31T00:41:10.914727,,,,,,,,,,,,
30-03-2026-direct-precopy-0018,CRIU,precopy,no,589,34048,2524,306,3419,0.11,x86_64,x86_64,True,True,transfer_mode=direct;iterations=5,2026-03-31T00:41:43.070741,,,,,,,,,,,,
30-03-2026-direct-precopy-0019,CRIU,precopy,no,574,37960,2592,308,3474,0.12,x86_64,x86_64,True,True,transfer_mode=direct;iterations=5,2026-03-31T00:42:15.429611,,,,,,,,,,,,
30-03-2026-direct-precopy-0020,CRIU,precopy,no,616,32132,2611,332,3559,0.10,x86_64,x86_64,True,True,transfer_mode=direct;iterations=5,2026-03-31T00:42:47.854099,,,,,,,,,,,,
30-03-2026-direct-precopy-0021,CRIU,precopy,no,610,38038,2543,313,3466,0.12,x86_64,x86_64,True,True,transfer_mode=direct;iterations=5,2026-03-31T00:43:20.247841,,,,,,,,,,,,
30-03-2026-direct-precopy-0022,CRIU,precopy,no,596,39258,2564,343,3503,0.12,x86_64,x86_64,True,True,transfer_mode=direct;iterations=5,2026-03-31T00:43:52.487960,,,,,,,,,,,,
30-03-2026-direct-precopy-0023,CRIU,precopy,no,596,32178,2504,311,3411,0.10,x86_64,x86_64,True,True,transfer_mode=direct;iterations=5,2026-03-31T00:44:24.757968,,,,,,,,,,,,
30-03-2026-direct-precopy-0024,CRIU,precopy,no,580,37794,2623,311,3514,0.12,x86_64,x86_64,True,True,transfer_mode=direct;iterations=5,2026-03-31T00:44:57.182309,,,,,,,,,,,,
30-03-2026-direct-precopy-0025,CRIU,precopy,no,657,32157,2657,315,3629,0.10,x86_64,x86_64,True,True,transfer_mode=direct;iterations=5,2026-03-31T00:45:29.674301,,,,,,,,,,,,
30-03-2026-direct-precopy-0026,CRIU,precopy,no,620,34042,2646,320,3586,0.10,x86_64,x86_64,True,True,transfer_mode=direct;iterations=5,2026-03-31T00:46:02.094467,,,,,,,,,,,,
30-03-2026-direct-precopy-0027,CRIU,precopy,no,596,34361,2603,323,3522,0.11,x86_64,x86_64,True,True,transfer_mode=direct;iterations=5,2026-03-31T00:46:34.702672,,,,,,,,,,,,
30-03-2026-direct-precopy-0028,CRIU,precopy,no,613,32395,2652,317,3582,0.10,x86_64,x86_64,True,True,transfer_mode=direct;iterations=5,2026-03-31T00:47:07.139237,,,,,,,,,,,,
30-03-2026-direct-precopy-0029,CRIU,precopy,no,602,34356,2601,310,3513,0.11,x86_64,x86_64,True,True,transfer_mode=direct;iterations=5,2026-03-31T00:47:39.520856,,,,,,,,,,,,
30-03-2026-host-postcopy-0000,CRIU,postcopy,no,1045,22424,1216,326,2587,0.15,x86_64,x86_64,True,True,transfer_mode=host;lazy_pages_port=9999,2026-03-31T00:48:06.978513,,,,,,,,,,,,
30-03-2026-host-postcopy-0001,CRIU,postcopy,no,1094,22353,876,316,2286,0.20,x86_64,x86_64,True,True,transfer_mode=host;lazy_pages_port=9999,2026-03-31T00:48:34.124763,,,,,,,,,,,,
30-03-2026-host-postcopy-0002,CRIU,postcopy,no,1014,22419,887,324,2225,0.20,x86_64,x86_64,True,True,transfer_mode=host;lazy_pages_port=9999,2026-03-31T00:49:01.191938,,,,,,,,,,,,
30-03-2026-host-postcopy-0003,CRIU,postcopy,no,1037,22395,837,319,2193,0.21,x86_64,x86_64,True,True,transfer_mode=host;lazy_pages_port=9999,2026-03-31T00:49:28.313500,,,,,,,,,,,,
30-03-2026-host-postcopy-0004,CRIU,postcopy,no,1016,22432,852,321,2189,0.21,x86_64,x86_64,True,True,transfer_mode=host;lazy_pages_port=9999,2026-03-31T00:49:55.248476,,,,,,,,,,,,
30-03-2026-host-postcopy-0005,CRIU,postcopy,no,1042,22513,928,325,2295,0.19,x86_64,x86_64,True,True,transfer_mode=host;lazy_pages_port=9999,2026-03-31T00:50:22.778511,,,,,,,,,,,,
30-03-2026-host-postcopy-0006,CRIU,postcopy,no,995,22436,859,324,2178,0.21,x86_64,x86_64,True,True,transfer_mode=host;lazy_pages_port=9999,2026-03-31T00:50:49.450830,,,,,,,,,,,,
30-03-2026-host-postcopy-0007,CRIU,postcopy,no,1065,22592,867,312,2244,0.21,x86_64,x86_64,True,True,transfer_mode=host;lazy_pages_port=9999,2026-03-31T00:51:16.667281,,,,,,,,,,,,
30-03-2026-host-postcopy-0008,CRIU,postcopy,no,1040,22496,875,313,2228,0.21,x86_64,x86_64,True,True,transfer_mode=host;lazy_pages_port=9999,2026-03-31T00:51:43.434577,,,,,,,,,,,,
30-03-2026-host-postcopy-0009,CRIU,postcopy,no,1006,22564,885,308,2199,0.20,x86_64,x86_64,True,True,transfer_mode=host;lazy_pages_port=9999,2026-03-31T00:52:10.467495,,,,,,,,,,,,
30-03-2026-host-postcopy-0010,CRIU,postcopy,no,994,22323,851,306,2151,0.21,x86_64,x86_64,True,True,transfer_mode=host;lazy_pages_port=9999,2026-03-31T00:52:37.346338,,,,,,,,,,,,
30-03-2026-host-postcopy-0011,CRIU,postcopy,no,1010,22431,862,330,2202,0.21,x86_64,x86_64,True,True,transfer_mode=host;lazy_pages_port=9999,2026-03-31T00:53:04.788438,,,,,,,,,,,,
30-03-2026-host-postcopy-0012,CRIU,postcopy,no,1033,22431,863,324,2220,0.21,x86_64,x86_64,True,True,transfer_mode=host;lazy_pages_port=9999,2026-03-31T00:53:32.401111,,,,,,,,,,,,
30-03-2026-host-postcopy-0013,CRIU,postcopy,no,1032,22366,853,307,2192,0.21,x86_64,x86_64,True,True,transfer_mode=host;lazy_pages_port=9999,2026-03-31T00:53:59.076692,,,,,,,,,,,,
30-03-2026-host-postcopy-0014,CRIU,postcopy,no,1003,22490,905,324,2232,0.20,x86_64,x86_64,True,True,transfer_mode=host;lazy_pages_port=9999,2026-03-31T00:54:26.323112,,,,,,,,,,,,
30-03-2026-host-postcopy-0015,CRIU,postcopy,no,981,22405,848,332,2161,0.21,x86_64,x86_64,True,True,transfer_mode=host;lazy_pages_port=9999,2026-03-31T00:54:52.804231,,,,,,,,,,,,
30-03-2026-host-postcopy-0016,CRIU,postcopy,no,1020,22469,870,321,2211,0.21,x86_64,x86_64,True,True,transfer_mode=host;lazy_pages_port=9999,2026-03-31T00:55:20.143875,,,,,,,,,,,,
30-03-2026-host-postcopy-0017,CRIU,postcopy,no,1005,22345,893,315,2213,0.20,x86_64,x86_64,True,True,transfer_mode=host;lazy_pages_port=9999,2026-03-31T00:55:47.192687,,,,,,,,,,,,
30-03-2026-host-postcopy-0018,CRIU,postcopy,no,974,22323,847,332,2153,0.21,x86_64,x86_64,True,True,transfer_mode=host;lazy_pages_port=9999,2026-03-31T00:56:14.141470,,,,,,,,,,,,
30-03-2026-host-postcopy-0019,CRIU,postcopy,no,1071,22533,869,330,2270,0.21,x86_64,x86_64,True,True,transfer_mode=host;lazy_pages_port=9999,2026-03-31T00:56:41.528582,,,,,,,,,,,,
30-03-2026-host-postcopy-0020,CRIU,postcopy,no,1010,22535,900,330,2240,0.20,x86_64,x86_64,True,True,transfer_mode=host;lazy_pages_port=9999,2026-03-31T00:57:08.896845,,,,,,,,,,,,
30-03-2026-host-postcopy-0021,CRIU,postcopy,no,1064,22488,877,322,2263,0.21,x86_64,x86_64,True,True,transfer_mode=host;lazy_pages_port=9999,2026-03-31T00:57:36.282343,,,,,,,,,,,,
30-03-2026-host-postcopy-0022,CRIU,postcopy,no,1015,22607,865,324,2204,0.21,x86_64,x86_64,True,True,transfer_mode=host;lazy_pages_port=9999,2026-03-31T00:58:03.258353,,,,,,,,,,,,
30-03-2026-host-postcopy-0023,CRIU,postcopy,no,1003,22655,859,322,2184,0.21,x86_64,x86_64,True,True,transfer_mode=host;lazy_pages_port=9999,2026-03-31T00:58:30.327954,,,,,,,,,,,,
30-03-2026-host-postcopy-0024,CRIU,postcopy,no,985,22544,841,328,2154,0.21,x86_64,x86_64,True,True,transfer_mode=host;lazy_pages_port=9999,2026-03-31T00:58:57.437586,,,,,,,,,,,,
30-03-2026-host-postcopy-0025,CRIU,postcopy,no,1009,22535,865,306,2180,0.21,x86_64,x86_64,True,True,transfer_mode=host;lazy_pages_port=9999,2026-03-31T00:59:24.291582,,,,,,,,,,,,
30-03-2026-host-postcopy-0026,CRIU,postcopy,no,1026,22699,845,304,2175,0.21,x86_64,x86_64,True,True,transfer_mode=host;lazy_pages_port=9999,2026-03-31T00:59:51.068094,,,,,,,,,,,,
30-03-2026-host-postcopy-0027,CRIU,postcopy,no,1076,22666,867,313,2256,0.21,x86_64,x86_64,True,True,transfer_mode=host;lazy_pages_port=9999,2026-03-31T01:00:18.280925,,,,,,,,,,,,
30-03-2026-host-postcopy-0028,CRIU,postcopy,no,1026,22500,849,326,2201,0.21,x86_64,x86_64,True,True,transfer_mode=host;lazy_pages_port=9999,2026-03-31T01:00:45.463996,,,,,,,,,,,,
30-03-2026-host-postcopy-0029,CRIU,postcopy,no,996,22492,873,320,2189,0.21,x86_64,x86_64,True,True,transfer_mode=host;lazy_pages_port=9999,2026-03-31T01:01:12.036913,,,,,,,,,,,,
30-03-2026-direct-postcopy-0000,CRIU,postcopy,no,1024,22510,2548,319,3891,0.07,x86_64,x86_64,True,True,transfer_mode=direct;lazy_pages_port=9999,2026-03-31T01:01:42.371591,,,,,,,,,,,,
30-03-2026-direct-postcopy-0001,CRIU,postcopy,no,1019,22581,2583,312,3914,0.07,x86_64,x86_64,True,True,transfer_mode=direct;lazy_pages_port=9999,2026-03-31T01:02:12.832153,,,,,,,,,,,,
30-03-2026-direct-postcopy-0002,CRIU,postcopy,no,1020,22652,2551,305,3876,0.07,x86_64,x86_64,True,True,transfer_mode=direct;lazy_pages_port=9999,2026-03-31T01:02:43.368009,,,,,,,,,,,,
30-03-2026-direct-postcopy-0003,CRIU,postcopy,no,1094,22631,2619,314,4027,0.07,x86_64,x86_64,True,True,transfer_mode=direct;lazy_pages_port=9999,2026-03-31T01:03:14.133563,,,,,,,,,,,,
30-03-2026-direct-postcopy-0004,CRIU,postcopy,no,1040,22455,2599,327,3966,0.07,x86_64,x86_64,True,True,transfer_mode=direct;lazy_pages_port=9999,2026-03-31T01:03:44.775549,,,,,,,,,,,,
30-03-2026-direct-postcopy-0005,CRIU,postcopy,no,1019,22468,2505,337,3861,0.07,x86_64,x86_64,True,True,transfer_mode=direct;lazy_pages_port=9999,2026-03-31T01:04:15.408306,,,,,,,,,,,,
30-03-2026-direct-postcopy-0006,CRIU,postcopy,no,1005,22525,2724,346,4075,0.07,x86_64,x86_64,True,True,transfer_mode=direct;lazy_pages_port=9999,2026-03-31T01:04:46.185092,,,,,,,,,,,,
30-03-2026-direct-postcopy-0007,CRIU,postcopy,no,998,22397,2599,346,3943,0.07,x86_64,x86_64,True,True,transfer_mode=direct;lazy_pages_port=9999,2026-03-31T01:05:16.593264,,,,,,,,,,,,
30-03-2026-direct-postcopy-0008,CRIU,postcopy,no,1044,22577,2621,319,3984,0.07,x86_64,x86_64,True,True,transfer_mode=direct;lazy_pages_port=9999,2026-03-31T01:05:47.285891,,,,,,,,,,,,
30-03-2026-direct-postcopy-0009,CRIU,postcopy,no,1037,22507,2591,340,3968,0.07,x86_64,x86_64,True,True,transfer_mode=direct;lazy_pages_port=9999,2026-03-31T01:06:17.729845,,,,,,,,,,,,
30-03-2026-direct-postcopy-0010,CRIU,postcopy,no,1004,22540,2554,324,3882,0.07,x86_64,x86_64,True,True,transfer_mode=direct;lazy_pages_port=9999,2026-03-31T01:06:48.420618,,,,,,,,,,,,
30-03-2026-direct-postcopy-0011,CRIU,postcopy,no,986,22528,2545,326,3857,0.07,x86_64,x86_64,True,True,transfer_mode=direct;lazy_pages_port=9999,2026-03-31T01:07:18.484512,,,,,,,,,,,,
30-03-2026-direct-postcopy-0012,CRIU,postcopy,no,992,22386,2556,341,3889,0.07,x86_64,x86_64,True,True,transfer_mode=direct;lazy_pages_port=9999,2026-03-31T01:07:49.380914,,,,,,,,,,,,
30-03-2026-direct-postcopy-0013,CRIU,postcopy,no,1034,22550,2546,323,3903,0.07,x86_64,x86_64,True,True,transfer_mode=direct;lazy_pages_port=9999,2026-03-31T01:08:19.504922,,,,,,,,,,,,
30-03-2026-direct-postcopy-0014,CRIU,postcopy,no,1025,22496,2541,303,3869,0.07,x86_64,x86_64,True,True,transfer_mode=direct;lazy_pages_port=9999,2026-03-31T01:08:50.263727,,,,,,,,,,,,
30-03-2026-direct-postcopy-0015,CRIU,postcopy,no,989,22478,2799,309,4097,0.06,x86_64,x86_64,True,True,transfer_mode=direct;lazy_pages_port=9999,2026-03-31T01:09:20.705506,,,,,,,,,,,,
30-03-2026-direct-postcopy-0016,CRIU,postcopy,no,1037,22411,2550,311,3898,0.07,x86_64,x86_64,True,True,transfer_mode=direct;lazy_pages_port=9999,2026-03-31T01:09:51.485017,,,,,,,,,,,,
30-03-2026-direct-postcopy-0017,CRIU,postcopy,no,1014,22430,2615,339,3968,0.07,x86_64,x86_64,True,True,transfer_mode=direct;lazy_pages_port=9999,2026-03-31T01:10:21.939047,,,,,,,,,,,,
30-03-2026-direct-postcopy-0018,CRIU,postcopy,no,1002,22456,2605,397,4004,0.07,x86_64,x86_64,True,True,transfer_mode=direct;lazy_pages_port=9999,2026-03-31T01:10:52.656305,,,,,,,,,,,,
30-03-2026-direct-postcopy-0019,CRIU,postcopy,no,1003,22627,2579,326,3908,0.07,x86_64,x86_64,True,True,transfer_mode=direct;lazy_pages_port=9999,2026-03-31T01:11:22.861969,,,,,,,,,,,,
30-03-2026-direct-postcopy-0020,CRIU,postcopy,no,1015,22432,2628,312,3955,0.07,x86_64,x86_64,True,True,transfer_mode=direct;lazy_pages_port=9999,2026-03-31T01:11:53.930472,,,,,,,,,,,,
30-03-2026-direct-postcopy-0021,CRIU,postcopy,no,1050,22481,2546,318,3914,0.07,x86_64,x86_64,True,True,transfer_mode=direct;lazy_pages_port=9999,2026-03-31T01:12:24.846429,,,,,,,,,,,,
30-03-2026-direct-postcopy-0022,CRIU,postcopy,no,1021,22392,2553,308,3882,0.07,x86_64,x86_64,True,True,transfer_mode=direct;lazy_pages_port=9999,2026-03-31T01:12:55.636906,,,,,,,,,,,,
30-03-2026-direct-postcopy-0023,CRIU,postcopy,no,1036,22458,2524,324,3884,0.07,x86_64,x86_64,True,True,transfer_mode=direct;lazy_pages_port=9999,2026-03-31T01:13:26.052843,,,,,,,,,,,,
30-03-2026-direct-postcopy-0024,CRIU,postcopy,no,1047,22406,2659,306,4012,0.07,x86_64,x86_64,True,True,transfer_mode=direct;lazy_pages_port=9999,2026-03-31T01:13:56.901536,,,,,,,,,,,,
30-03-2026-direct-postcopy-0025,CRIU,postcopy,no,1039,22452,2596,368,4003,0.07,x86_64,x86_64,True,True,transfer_mode=direct;lazy_pages_port=9999,2026-03-31T01:14:27.395045,,,,,,,,,,,,
30-03-2026-direct-postcopy-0026,CRIU,postcopy,no,997,22520,2566,323,3886,0.07,x86_64,x86_64,True,True,transfer_mode=direct;lazy_pages_port=9999,2026-03-31T01:14:57.838413,,,,,,,,,,,,
30-03-2026-direct-postcopy-0027,CRIU,postcopy,no,1030,22380,2534,333,3897,0.07,x86_64,x86_64,True,True,transfer_mode=direct;lazy_pages_port=9999,2026-03-31T01:15:28.215594,,,,,,,,,,,,
30-03-2026-direct-postcopy-0028,CRIU,postcopy,no,1044,22443,2614,313,3971,0.07,x86_64,x86_64,True,True,transfer_mode=direct;lazy_pages_port=9999,2026-03-31T01:15:59.261107,,,,,,,,,,,,
30-03-2026-direct-postcopy-0029,CRIU,postcopy,no,1051,22470,2550,310,3911,0.07,x86_64,x86_64,True,True,transfer_mode=direct;lazy_pages_port=9999,2026-03-31T01:16:29.611305,,,,,,,,,,,,
experimental-precopy-001,CRIU,precopy,no,0,0,0,0,0,0.00,,,False,False,transfer_mode=host;iterations=2; pid_not_found,2026-03-31T03:22:01.833546,,,,,,,,,,,,
experimental-precopy-001,CRIU,precopy,no,602,30088,902,321,1825,0.27,x86_64,x86_64,True,True,transfer_mode=host;iterations=2,2026-03-31T03:22:48.271056,,,,,,,,,,,,
experimental-precopy-001,CRIU,precopy,no,0,0,0,0,0,0.00,x86_64,x86_64,True,False,transfer_mode=host;iterations=2; dump_failed,2026-03-31T03:23:23.257021,,,,,,,,,,,,
experimental-precopy-001,CRIU,precopy,no,625,29541,888,306,1819,0.27,x86_64,x86_64,True,True,transfer_mode=host;iterations=2,2026-03-31T03:24:07.502610,,,,,,,,,,,,
experimental-precopy-001,CRIU,precopy,no,0,0,0,0,0,0.00,,,False,False,transfer_mode=host;iterations=2; pid_not_found,2026-03-31T03:24:18.187858,,,,,,,,,,,,
31-03-2026-direct-cold-0000,CRIU,cold,no,624,25474,2707,352,3683,0.08,x86_64,x86_64,True,True,transfer_mode=direct,2026-03-31T03:27:33.102713,,,,,,,,,,,,
31-03-2026-direct-cold-0001,CRIU,cold,no,0,0,0,0,0,0.00,,,False,False,transfer_mode=direct; pid_not_found,2026-03-31T03:27:43.401980,,,,,,,,,,,,
experimental-postcopy-001,CRIU,postcopy,no,0,0,0,0,0,0.00,,,False,False,transfer_mode=direct;lazy_pages_port=9999; pid_not_found,2026-03-31T03:37:54.955861,,,,,,,,,,,,
experimental-precopy-001,CRIU,precopy,no,0,0,0,0,0,0.00,,,False,False,transfer_mode=host;iterations=2; pid_not_found,2026-03-31T03:38:09.575262,,,,,,,,,,,,
cold-1,CRIU,cold,no,634,25264,2636,305,3575,0.08,x86_64,x86_64,True,True,transfer_mode=direct,2026-03-31T03:39:16.675951,,,,,,,,,,,,
cold-2,CRIU,cold,no,651,25557,2597,315,3563,0.08,x86_64,x86_64,True,True,transfer_mode=direct,2026-03-31T03:39:52.001994,,,,,,,,,,,,
cold-1,CRIU,cold,no,643,25357,2673,339,3655,0.08,x86_64,x86_64,True,True,transfer_mode=direct,2026-03-31T03:41:31.625310,,,,,,,,,,,,
precopy-1,CRIU,precopy,no,630,31747,2702,323,3655,0.09,x86_64,x86_64,True,True,transfer_mode=direct;iterations=4,2026-03-31T03:42:30.906378,,,,,,,,,,,,
postcopy-1,CRIU,postcopy,no,1062,22539,2947,356,4365,0.06,x86_64,x86_64,True,True,transfer_mode=direct;lazy_pages_port=9999,2026-03-31T03:43:09.886400,,,,,,,,,,,,
postcopy-2,CRIU,postcopy,no,1053,0,0,0,0,0.00,x86_64,x86_64,True,False,transfer_mode=host;lazy_pages_port=9999; archive_failed,2026-03-31T03:43:30.533138,,,,,,,,,,,,
postcopy-2,CRIU,postcopy,no,1038,22577,1231,327,2596,0.15,x86_64,x86_64,True,True,transfer_mode=host;lazy_pages_port=9999,2026-03-31T03:49:05.039804,,,,,,,,,,,,
postcopy-3,CRIU,postcopy,no,981,22761,2669,305,3955,0.07,x86_64,x86_64,True,True,transfer_mode=direct;lazy_pages_port=9999,2026-03-31T03:49:35.395599,,,,,,,,,,,,
postcopy-3,CRIU,postcopy,no,1078,22635,2648,347,4073,0.07,x86_64,x86_64,True,True,transfer_mode=direct;lazy_pages_port=9999,2026-03-31T03:50:00.142330,,,,,,,,,,,,
31-03-2026-host-cold-0000,CRIU,cold,no,631,25123,856,326,1813,0.23,x86_64,x86_64,True,True,transfer_mode=host,2026-03-31T04:09:26.098226,,,,,,,,,,,,
31-03-2026-host-cold-0001,CRIU,cold,no,638,25017,866,330,1834,0.23,x86_64,x86_64,True,True,transfer_mode=host,2026-03-31T04:09:50.375045,,,,,,,,,,,,
31-03-2026-host-cold-0002,CRIU,cold,no,607,25127,1167,329,2103,0.17,x86_64,x86_64,True,True,transfer_mode=host,2026-03-31T04:10:15.613792,,,,,,,,,,,,
31-03-2026-host-cold-0003,CRIU,cold,no,680,25340,966,328,1974,0.21,x86_64,x86_64,True,True,transfer_mode=host,2026-03-31T04:10:40.225718,,,,,,,,,,,,
31-03-2026-host-cold-0004,CRIU,cold,no,668,25284,868,321,1857,0.23,x86_64,x86_64,True,True,transfer_mode=host,2026-03-31T04:11:04.770703,,,,,,,,,,,,
31-03-2026-host-cold-0005,CRIU,cold,no,605,25108,906,331,1842,0.22,x86_64,x86_64,True,True,transfer_mode=host,2026-03-31T04:11:29.758189,,,,,,,,,,,,
31-03-2026-host-cold-0006,CRIU,cold,no,694,25398,910,358,1962,0.22,x86_64,x86_64,True,True,transfer_mode=host,2026-03-31T04:11:55.013248,,,,,,,,,,,,
31-03-2026-host-cold-0007,CRIU,cold,no,925,25129,973,335,2233,0.21,x86_64,x86_64,True,True,transfer_mode=host,2026-03-31T04:12:22.717599,,,,,,,,,,,,
31-03-2026-host-cold-0008,CRIU,cold,no,648,25050,876,306,1830,0.23,x86_64,x86_64,True,True,transfer_mode=host,2026-03-31T04:12:47.106382,,,,,,,,,,,,
31-03-2026-host-cold-0009,CRIU,cold,no,679,25063,973,375,2027,0.21,x86_64,x86_64,True,True,transfer_mode=host,2026-03-31T04:13:13.264793,,,,,,,,,,,,
31-03-2026-host-cold-0010,CRIU,cold,no,667,25127,1005,411,2083,0.20,x86_64,x86_64,True,True,transfer_mode=host,2026-03-31T04:13:38.475532,,,,,,,,,,,,
31-03-2026-host-cold-0011,CRIU,cold,no,628,25065,916,321,1865,0.22,x86_64,x86_64,True,True,transfer_mode=host,2026-03-31T04:14:03.431362,,,,,,,,,,,,
31-03-2026-host-cold-0012,CRIU,cold,no,601,25293,882,333,1816,0.23,x86_64,x86_64,True,True,transfer_mode=host,2026-03-31T04:14:28.534700,,,,,,,,,,,,
31-03-2026-host-cold-0013,CRIU,cold,no,650,24983,882,352,1884,0.23,x86_64,x86_64,True,True,transfer_mode=host,2026-03-31T04:14:53.445192,,,,,,,,,,,,
31-03-2026-host-cold-0014,CRIU,cold,no,645,25218,913,321,1879,0.22,x86_64,x86_64,True,True,transfer_mode=host,2026-03-31T04:15:19.037385,,,,,,,,,,,,
31-03-2026-host-cold-0015,CRIU,cold,no,639,25127,883,301,1823,0.23,x86_64,x86_64,True,True,transfer_mode=host,2026-03-31T04:15:43.722009,,,,,,,,,,,,
31-03-2026-host-cold-0016,CRIU,cold,no,630,25294,908,333,1871,0.22,x86_64,x86_64,True,True,transfer_mode=host,2026-03-31T04:16:08.488368,,,,,,,,,,,,
31-03-2026-host-cold-0017,CRIU,cold,no,621,25148,1131,326,2078,0.18,x86_64,x86_64,True,True,transfer_mode=host,2026-03-31T04:16:34.436901,,,,,,,,,,,,
31-03-2026-host-cold-0018,CRIU,cold,no,644,25203,913,319,1876,0.22,x86_64,x86_64,True,True,transfer_mode=host,2026-03-31T04:16:58.842147,,,,,,,,,,,,
31-03-2026-host-cold-0019,CRIU,cold,no,593,25281,884,332,1809,0.23,x86_64,x86_64,True,True,transfer_mode=host,2026-03-31T04:17:23.644241,,,,,,,,,,,,
31-03-2026-host-cold-0020,CRIU,cold,no,644,25056,863,310,1817,0.23,x86_64,x86_64,True,True,transfer_mode=host,2026-03-31T04:17:47.843762,,,,,,,,,,,,
31-03-2026-host-cold-0021,CRIU,cold,no,618,25248,1109,312,2039,0.18,x86_64,x86_64,True,True,transfer_mode=host,2026-03-31T04:18:12.369156,,,,,,,,,,,,
31-03-2026-host-cold-0022,CRIU,cold,no,652,25133,870,313,1835,0.23,x86_64,x86_64,True,True,transfer_mode=host,2026-03-31T04:18:37.503743,,,,,,,,,,,,
31-03-2026-host-cold-0023,CRIU,cold,no,600,25109,848,337,1785,0.24,x86_64,x86_64,True,True,transfer_mode=host,2026-03-31T04:19:01.840479,,,,,,,,,,,,
31-03-2026-host-cold-0024,CRIU,cold,no,596,25255,865,334,1795,0.23,x86_64,x86_64,True,True,transfer_mode=host,2026-03-31T04:19:26.874266,,,,,,,,,,,,
31-03-2026-host-cold-0025,CRIU,cold,no,655,25388,889,321,1865,0.23,x86_64,x86_64,True,True,transfer_mode=host,2026-03-31T04:19:51.192702,,,,,,,,,,,,
31-03-2026-host-cold-0026,CRIU,cold,no,593,25061,850,335,1778,0.24,x86_64,x86_64,True,True,transfer_mode=host,2026-03-31T04:20:15.432218,,,,,,,,,,,,
31-03-2026-host-cold-0027,CRIU,cold,no,595,25066,854,321,1770,0.23,x86_64,x86_64,True,True,transfer_mode=host,2026-03-31T04:20:40.124763,,,,,,,,,,,,
31-03-2026-host-cold-0028,CRIU,cold,no,621,25325,849,338,1808,0.24,x86_64,x86_64,True,True,transfer_mode=host,2026-03-31T04:21:04.482327,,,,,,,,,,,,
31-03-2026-host-cold-0029,CRIU,cold,no,601,25384,1150,310,2061,0.18,x86_64,x86_64,True,True,transfer_mode=host,2026-03-31T04:21:29.272005,,,,,,,,,,,,
31-03-2026-direct-cold-0002,CRIU,cold,no,623,25436,2591,323,3537,0.08,x86_64,x86_64,True,True,transfer_mode=direct,2026-03-31T04:21:56.946950,,,,,,,,,,,,
31-03-2026-direct-cold-0003,CRIU,cold,no,613,25373,2619,302,3534,0.08,x86_64,x86_64,True,True,transfer_mode=direct,2026-03-31T04:22:25.198353,,,,,,,,,,,,
31-03-2026-direct-cold-0004,CRIU,cold,no,638,25043,2630,319,3587,0.08,x86_64,x86_64,True,True,transfer_mode=direct,2026-03-31T04:22:52.739697,,,,,,,,,,,,
31-03-2026-direct-cold-0005,CRIU,cold,no,599,25306,2610,329,3538,0.08,x86_64,x86_64,True,True,transfer_mode=direct,2026-03-31T04:23:20.598055,,,,,,,,,,,,
31-03-2026-direct-cold-0006,CRIU,cold,no,596,25045,2625,361,3582,0.08,x86_64,x86_64,True,True,transfer_mode=direct,2026-03-31T04:23:49.208373,,,,,,,,,,,,
31-03-2026-direct-cold-0007,CRIU,cold,no,613,25171,2617,302,3532,0.08,x86_64,x86_64,True,True,transfer_mode=direct,2026-03-31T04:24:17.201311,,,,,,,,,,,,
31-03-2026-direct-cold-0008,CRIU,cold,no,588,25277,2555,306,3449,0.08,x86_64,x86_64,True,True,transfer_mode=direct,2026-03-31T04:24:45.395008,,,,,,,,,,,,
31-03-2026-direct-cold-0009,CRIU,cold,no,619,25325,2650,310,3579,0.08,x86_64,x86_64,True,True,transfer_mode=direct,2026-03-31T04:25:13.194942,,,,,,,,,,,,
31-03-2026-direct-cold-0010,CRIU,cold,no,639,25310,2600,333,3572,0.08,x86_64,x86_64,True,True,transfer_mode=direct,2026-03-31T04:25:41.571035,,,,,,,,,,,,
31-03-2026-direct-cold-0011,CRIU,cold,no,621,25064,2624,300,3545,0.08,x86_64,x86_64,True,True,transfer_mode=direct,2026-03-31T04:26:09.320432,,,,,,,,,,,,
31-03-2026-direct-cold-0012,CRIU,cold,no,610,25342,2642,331,3583,0.08,x86_64,x86_64,True,True,transfer_mode=direct,2026-03-31T04:26:37.667689,,,,,,,,,,,,
31-03-2026-direct-cold-0013,CRIU,cold,no,638,25076,2634,345,3617,0.08,x86_64,x86_64,True,True,transfer_mode=direct,2026-03-31T04:27:05.920164,,,,,,,,,,,,
31-03-2026-direct-cold-0014,CRIU,cold,no,600,25374,2597,330,3527,0.08,x86_64,x86_64,True,True,transfer_mode=direct,2026-03-31T04:27:34.910575,,,,,,,,,,,,
31-03-2026-direct-cold-0015,CRIU,cold,no,615,25264,2638,331,3584,0.08,x86_64,x86_64,True,True,transfer_mode=direct,2026-03-31T04:28:03.008844,,,,,,,,,,,,
31-03-2026-direct-cold-0016,CRIU,cold,no,624,25151,2563,325,3512,0.08,x86_64,x86_64,True,True,transfer_mode=direct,2026-03-31T04:28:31.253957,,,,,,,,,,,,
31-03-2026-direct-cold-0017,CRIU,cold,no,642,25346,2632,340,3614,0.08,x86_64,x86_64,True,True,transfer_mode=direct,2026-03-31T04:28:59.151754,,,,,,,,,,,,
31-03-2026-direct-cold-0018,CRIU,cold,no,647,25152,2541,309,3497,0.08,x86_64,x86_64,True,True,transfer_mode=direct,2026-03-31T04:29:26.904241,,,,,,,,,,,,
31-03-2026-direct-cold-0019,CRIU,cold,no,600,25303,2609,334,3543,0.08,x86_64,x86_64,True,True,transfer_mode=direct,2026-03-31T04:29:55.200947,,,,,,,,,,,,
31-03-2026-direct-cold-0020,CRIU,cold,no,661,25222,2703,329,3693,0.07,x86_64,x86_64,True,True,transfer_mode=direct,2026-03-31T04:30:23.133365,,,,,,,,,,,,
31-03-2026-direct-cold-0021,CRIU,cold,no,636,25058,2590,342,3568,0.08,x86_64,x86_64,True,True,transfer_mode=direct,2026-03-31T04:30:51.458082,,,,,,,,,,,,
31-03-2026-direct-cold-0022,CRIU,cold,no,641,25092,2568,335,3544,0.08,x86_64,x86_64,True,True,transfer_mode=direct,2026-03-31T04:31:19.094130,,,,,,,,,,,,
31-03-2026-direct-cold-0023,CRIU,cold,no,636,25143,2612,309,3557,0.08,x86_64,x86_64,True,True,transfer_mode=direct,2026-03-31T04:31:47.838293,,,,,,,,,,,,
31-03-2026-direct-cold-0024,CRIU,cold,no,649,25128,2599,317,3565,0.08,x86_64,x86_64,True,True,transfer_mode=direct,2026-03-31T04:32:15.869417,,,,,,,,,,,,
31-03-2026-direct-cold-0025,CRIU,cold,no,619,25304,2594,316,3529,0.08,x86_64,x86_64,True,True,transfer_mode=direct,2026-03-31T04:32:44.251166,,,,,,,,,,,,
31-03-2026-direct-cold-0026,CRIU,cold,no,617,25414,2561,320,3498,0.08,x86_64,x86_64,True,True,transfer_mode=direct,2026-03-31T04:33:12.217821,,,,,,,,,,,,
31-03-2026-direct-cold-0027,CRIU,cold,no,628,25185,2837,334,3799,0.07,x86_64,x86_64,True,True,transfer_mode=direct,2026-03-31T04:33:40.389712,,,,,,,,,,,,
31-03-2026-direct-cold-0028,CRIU,cold,no,603,25191,2526,315,3444,0.08,x86_64,x86_64,True,True,transfer_mode=direct,2026-03-31T04:34:07.944034,,,,,,,,,,,,
31-03-2026-direct-cold-0029,CRIU,cold,no,621,25221,2586,324,3531,0.08,x86_64,x86_64,True,True,transfer_mode=direct,2026-03-31T04:34:35.774883,,,,,,,,,,,,
31-03-2026-direct-cold-0030,CRIU,cold,no,613,25181,2661,325,3599,0.08,x86_64,x86_64,True,True,transfer_mode=direct,2026-03-31T04:35:04.050569,,,,,,,,,,,,
31-03-2026-direct-cold-0031,CRIU,cold,no,647,25084,2611,310,3568,0.08,x86_64,x86_64,True,True,transfer_mode=direct,2026-03-31T04:35:31.746916,,,,,,,,,,,,
31-03-2026-host-precopy-0000,CRIU,precopy,no,644,29921,850,346,1840,0.28,x86_64,x86_64,True,True,transfer_mode=host;iterations=2,2026-03-31T04:35:58.574682,,,,,,,,,,,,
31-03-2026-host-precopy-0001,CRIU,precopy,no,591,29482,896,315,1802,0.26,x86_64,x86_64,True,True,transfer_mode=host;iterations=2,2026-03-31T04:36:24.659834,,,,,,,,,,,,
31-03-2026-host-precopy-0002,CRIU,precopy,no,607,30128,873,319,1799,0.28,x86_64,x86_64,True,True,transfer_mode=host;iterations=2,2026-03-31T04:36:51.259881,,,,,,,,,,,,
31-03-2026-host-precopy-0003,CRIU,precopy,no,590,30003,882,306,1778,0.27,x86_64,x86_64,True,True,transfer_mode=host;iterations=2,2026-03-31T04:37:17.206945,,,,,,,,,,,,
31-03-2026-host-precopy-0004,CRIU,precopy,no,597,29173,842,327,1766,0.28,x86_64,x86_64,True,True,transfer_mode=host;iterations=2,2026-03-31T04:37:43.466807,,,,,,,,,,,,
31-03-2026-host-precopy-0005,CRIU,precopy,no,643,29521,871,316,1830,0.27,x86_64,x86_64,True,True,transfer_mode=host;iterations=2,2026-03-31T04:38:09.955199,,,,,,,,,,,,
31-03-2026-host-precopy-0006,CRIU,precopy,no,602,29278,861,305,1768,0.27,x86_64,x86_64,True,True,transfer_mode=host;iterations=2,2026-03-31T04:38:35.861658,,,,,,,,,,,,
31-03-2026-host-precopy-0007,CRIU,precopy,no,601,29511,901,308,1810,0.26,x86_64,x86_64,True,True,transfer_mode=host;iterations=2,2026-03-31T04:39:02.441233,,,,,,,,,,,,
31-03-2026-host-precopy-0008,CRIU,precopy,no,576,29959,873,309,1758,0.27,x86_64,x86_64,True,True,transfer_mode=host;iterations=2,2026-03-31T04:39:28.528128,,,,,,,,,,,,
31-03-2026-host-precopy-0009,CRIU,precopy,no,614,29360,891,341,1846,0.26,x86_64,x86_64,True,True,transfer_mode=host;iterations=2,2026-03-31T04:39:55.283981,,,,,,,,,,,,
31-03-2026-host-precopy-0010,CRIU,precopy,no,586,29740,885,313,1784,0.27,x86_64,x86_64,True,True,transfer_mode=host;iterations=2,2026-03-31T04:40:21.444300,,,,,,,,,,,,
31-03-2026-host-precopy-0011,CRIU,precopy,no,643,29543,879,313,1835,0.27,x86_64,x86_64,True,True,transfer_mode=host;iterations=2,2026-03-31T04:40:47.835111,,,,,,,,,,,,
31-03-2026-host-precopy-0012,CRIU,precopy,no,622,29980,910,331,1863,0.26,x86_64,x86_64,True,True,transfer_mode=host;iterations=2,2026-03-31T04:41:14.211699,,,,,,,,,,,,
31-03-2026-host-precopy-0013,CRIU,precopy,no,575,30017,845,311,1731,0.28,x86_64,x86_64,True,True,transfer_mode=host;iterations=2,2026-03-31T04:41:40.094009,,,,,,,,,,,,
31-03-2026-host-precopy-0014,CRIU,precopy,no,606,29599,879,320,1805,0.27,x86_64,x86_64,True,True,transfer_mode=host;iterations=2,2026-03-31T04:42:06.648423,,,,,,,,,,,,
31-03-2026-host-precopy-0015,CRIU,precopy,no,613,29340,869,299,1781,0.27,x86_64,x86_64,True,True,transfer_mode=host;iterations=2,2026-03-31T04:42:32.988213,,,,,,,,,,,,
31-03-2026-host-precopy-0016,CRIU,precopy,no,573,29113,917,309,1799,0.25,x86_64,x86_64,True,True,transfer_mode=host;iterations=2,2026-03-31T04:42:59.787845,,,,,,,,,,,,
31-03-2026-host-precopy-0017,CRIU,precopy,no,593,30055,847,313,1753,0.28,x86_64,x86_64,True,True,transfer_mode=host;iterations=2,2026-03-31T04:43:25.782884,,,,,,,,,,,,
31-03-2026-host-precopy-0018,CRIU,precopy,no,604,29659,904,308,1816,0.26,x86_64,x86_64,True,True,transfer_mode=host;iterations=2,2026-03-31T04:43:52.355255,,,,,,,,,,,,
31-03-2026-host-precopy-0019,CRIU,precopy,no,627,29936,889,317,1833,0.27,x86_64,x86_64,True,True,transfer_mode=host;iterations=2,2026-03-31T04:44:18.738150,,,,,,,,,,,,
31-03-2026-host-precopy-0020,CRIU,precopy,no,607,29689,877,302,1786,0.27,x86_64,x86_64,True,True,transfer_mode=host;iterations=2,2026-03-31T04:44:44.823248,,,,,,,,,,,,
31-03-2026-host-precopy-0021,CRIU,precopy,no,655,28996,865,322,1842,0.27,x86_64,x86_64,True,True,transfer_mode=host;iterations=2,2026-03-31T04:45:11.960181,,,,,,,,,,,,
31-03-2026-host-precopy-0022,CRIU,precopy,no,587,29429,869,307,1763,0.27,x86_64,x86_64,True,True,transfer_mode=host;iterations=2,2026-03-31T04:45:37.933775,,,,,,,,,,,,
31-03-2026-host-precopy-0023,CRIU,precopy,no,622,29231,877,340,1839,0.27,x86_64,x86_64,True,True,transfer_mode=host;iterations=2,2026-03-31T04:46:04.816916,,,,,,,,,,,,
31-03-2026-host-precopy-0024,CRIU,precopy,no,611,29365,872,310,1793,0.27,x86_64,x86_64,True,True,transfer_mode=host;iterations=2,2026-03-31T04:46:30.679418,,,,,,,,,,,,
31-03-2026-host-precopy-0025,CRIU,precopy,no,697,29028,959,326,1982,0.24,x86_64,x86_64,True,True,transfer_mode=host;iterations=2,2026-03-31T04:46:57.335225,,,,,,,,,,,,
31-03-2026-host-precopy-0026,CRIU,precopy,no,591,29481,874,301,1766,0.27,x86_64,x86_64,True,True,transfer_mode=host;iterations=2,2026-03-31T04:47:23.692504,,,,,,,,,,,,
31-03-2026-host-precopy-0027,CRIU,precopy,no,709,29634,837,323,1869,0.28,x86_64,x86_64,True,True,transfer_mode=host;iterations=2,2026-03-31T04:47:49.758160,,,,,,,,,,,,
31-03-2026-host-precopy-0028,CRIU,precopy,no,610,29482,905,314,1829,0.26,x86_64,x86_64,True,True,transfer_mode=host;iterations=2,2026-03-31T04:48:16.306212,,,,,,,,,,,,
31-03-2026-host-precopy-0029,CRIU,precopy,no,703,29439,850,316,1869,0.28,x86_64,x86_64,True,True,transfer_mode=host;iterations=2,2026-03-31T04:48:42.329017,,,,,,,,,,,,
31-03-2026-direct-precopy-0000,CRIU,precopy,no,624,29563,2861,329,3814,0.08,x86_64,x86_64,True,True,transfer_mode=direct;iterations=2,2026-03-31T04:49:12.662658,,,,,,,,,,,,
31-03-2026-direct-precopy-0001,CRIU,precopy,no,618,29706,2648,315,3581,0.09,x86_64,x86_64,True,True,transfer_mode=direct;iterations=2,2026-03-31T04:49:42.320452,,,,,,,,,,,,
31-03-2026-direct-precopy-0002,CRIU,precopy,no,864,29351,2570,311,3745,0.09,x86_64,x86_64,True,True,transfer_mode=direct;iterations=2,2026-03-31T04:50:12.189860,,,,,,,,,,,,
31-03-2026-direct-precopy-0003,CRIU,precopy,no,585,29676,2599,346,3530,0.09,x86_64,x86_64,True,True,transfer_mode=direct;iterations=2,2026-03-31T04:50:41.972441,,,,,,,,,,,,
31-03-2026-direct-precopy-0004,CRIU,precopy,no,612,29658,2654,331,3597,0.09,x86_64,x86_64,True,True,transfer_mode=direct;iterations=2,2026-03-31T04:51:12.127260,,,,,,,,,,,,
31-03-2026-direct-precopy-0005,CRIU,precopy,no,616,29865,2666,302,3584,0.09,x86_64,x86_64,True,True,transfer_mode=direct;iterations=2,2026-03-31T04:51:41.584431,,,,,,,,,,,,
31-03-2026-direct-precopy-0006,CRIU,precopy,no,626,29773,2590,328,3544,0.09,x86_64,x86_64,True,True,transfer_mode=direct;iterations=2,2026-03-31T04:52:11.832956,,,,,,,,,,,,
31-03-2026-direct-precopy-0007,CRIU,precopy,no,626,29836,2625,320,3571,0.09,x86_64,x86_64,True,True,transfer_mode=direct;iterations=2,2026-03-31T04:52:41.275428,,,,,,,,,,,,
31-03-2026-direct-precopy-0008,CRIU,precopy,no,605,29958,2901,314,3820,0.08,x86_64,x86_64,True,True,transfer_mode=direct;iterations=2,2026-03-31T04:53:11.447413,,,,,,,,,,,,
31-03-2026-direct-precopy-0009,CRIU,precopy,no,623,29805,2637,327,3587,0.09,x86_64,x86_64,True,True,transfer_mode=direct;iterations=2,2026-03-31T04:53:41.254751,,,,,,,,,,,,
31-03-2026-direct-precopy-0010,CRIU,precopy,no,633,29456,3248,299,4180,0.07,x86_64,x86_64,True,True,transfer_mode=direct;iterations=2,2026-03-31T04:54:11.498573,,,,,,,,,,,,
31-03-2026-direct-precopy-0011,CRIU,precopy,no,653,29625,2572,333,3558,0.09,x86_64,x86_64,True,True,transfer_mode=direct;iterations=2,2026-03-31T04:54:41.136024,,,,,,,,,,,,
31-03-2026-direct-precopy-0012,CRIU,precopy,no,618,29197,3224,308,4150,0.07,x86_64,x86_64,True,True,transfer_mode=direct;iterations=2,2026-03-31T04:55:11.381420,,,,,,,,,,,,
31-03-2026-direct-precopy-0013,CRIU,precopy,no,581,30051,2664,340,3585,0.09,x86_64,x86_64,True,True,transfer_mode=direct;iterations=2,2026-03-31T04:55:40.851232,,,,,,,,,,,,
31-03-2026-direct-precopy-0014,CRIU,precopy,no,607,29320,2961,353,3921,0.08,x86_64,x86_64,True,True,transfer_mode=direct;iterations=2,2026-03-31T04:56:11.105192,,,,,,,,,,,,
31-03-2026-direct-precopy-0015,CRIU,precopy,no,611,29433,2667,318,3596,0.09,x86_64,x86_64,True,True,transfer_mode=direct;iterations=2,2026-03-31T04:56:40.634379,,,,,,,,,,,,
31-03-2026-direct-precopy-0016,CRIU,precopy,no,618,29340,2565,306,3489,0.09,x86_64,x86_64,True,True,transfer_mode=direct;iterations=2,2026-03-31T04:57:10.271891,,,,,,,,,,,,
31-03-2026-direct-precopy-0017,CRIU,precopy,no,601,29726,2682,320,3603,0.09,x86_64,x86_64,True,True,transfer_mode=direct;iterations=2,2026-03-31T04:57:40.332903,,,,,,,,,,,,
31-03-2026-direct-precopy-0018,CRIU,precopy,no,614,29085,2621,315,3550,0.09,x86_64,x86_64,True,True,transfer_mode=direct;iterations=2,2026-03-31T04:58:10.466289,,,,,,,,,,,,
31-03-2026-direct-precopy-0019,CRIU,precopy,no,622,29495,2592,318,3532,0.09,x86_64,x86_64,True,True,transfer_mode=direct;iterations=2,2026-03-31T04:58:40.084597,,,,,,,,,,,,
31-03-2026-direct-precopy-0020,CRIU,precopy,no,600,29951,2614,318,3532,0.09,x86_64,x86_64,True,True,transfer_mode=direct;iterations=2,2026-03-31T04:59:09.536115,,,,,,,,,,,,
31-03-2026-direct-precopy-0021,CRIU,precopy,no,597,29310,2640,316,3553,0.09,x86_64,x86_64,True,True,transfer_mode=direct;iterations=2,2026-03-31T04:59:39.508421,,,,,,,,,,,,
31-03-2026-direct-precopy-0022,CRIU,precopy,no,601,29241,2700,321,3622,0.09,x86_64,x86_64,True,True,transfer_mode=direct;iterations=2,2026-03-31T05:00:09.409845,,,,,,,,,,,,
31-03-2026-direct-precopy-0023,CRIU,precopy,no,599,29368,2615,321,3535,0.09,x86_64,x86_64,True,True,transfer_mode=direct;iterations=2,2026-03-31T05:00:39.765519,,,,,,,,,,,,
31-03-2026-direct-precopy-0024,CRIU,precopy,no,627,29241,2562,325,3514,0.09,x86_64,x86_64,True,True,transfer_mode=direct;iterations=2,2026-03-31T05:01:09.095034,,,,,,,,,,,,
31-03-2026-direct-precopy-0025,CRIU,precopy,no,613,29439,2575,306,3494,0.09,x86_64,x86_64,True,True,transfer_mode=direct;iterations=2,2026-03-31T05:01:39.042333,,,,,,,,,,,,
31-03-2026-direct-precopy-0026,CRIU,precopy,no,617,29599,2618,322,3557,0.09,x86_64,x86_64,True,True,transfer_mode=direct;iterations=2,2026-03-31T05:02:08.569899,,,,,,,,,,,,
31-03-2026-direct-precopy-0027,CRIU,precopy,no,590,29666,2622,339,3551,0.09,x86_64,x86_64,True,True,transfer_mode=direct;iterations=2,2026-03-31T05:02:38.672865,,,,,,,,,,,,
31-03-2026-direct-precopy-0028,CRIU,precopy,no,585,29933,2553,317,3455,0.09,x86_64,x86_64,True,True,transfer_mode=direct;iterations=2,2026-03-31T05:03:08.670220,,,,,,,,,,,,
31-03-2026-direct-precopy-0029,CRIU,precopy,no,603,29191,2628,341,3572,0.09,x86_64,x86_64,True,True,transfer_mode=direct;iterations=2,2026-03-31T05:03:38.691859,,,,,,,,,,,,
31-03-2026-host-postcopy-0000,CRIU,postcopy,no,1053,22363,896,339,2288,0.20,x86_64,x86_64,True,True,transfer_mode=host;lazy_pages_port=9999,2026-03-31T05:04:05.739227,,,,,,,,,,,,
31-03-2026-host-postcopy-0001,CRIU,postcopy,no,1048,22526,885,310,2243,0.20,x86_64,x86_64,True,True,transfer_mode=host;lazy_pages_port=9999,2026-03-31T05:04:33.421729,,,,,,,,,,,,
31-03-2026-host-postcopy-0002,CRIU,postcopy,no,1037,22605,873,298,2208,0.21,x86_64,x86_64,True,True,transfer_mode=host;lazy_pages_port=9999,2026-03-31T05:05:00.216931,,,,,,,,,,,,
31-03-2026-host-postcopy-0003,CRIU,postcopy,no,1047,22541,873,360,2280,0.21,x86_64,x86_64,True,True,transfer_mode=host;lazy_pages_port=9999,2026-03-31T05:05:27.730285,,,,,,,,,,,,
31-03-2026-host-postcopy-0004,CRIU,postcopy,no,1007,22480,870,321,2198,0.21,x86_64,x86_64,True,True,transfer_mode=host;lazy_pages_port=9999,2026-03-31T05:05:54.387697,,,,,,,,,,,,
31-03-2026-host-postcopy-0005,CRIU,postcopy,no,991,22487,860,321,2172,0.21,x86_64,x86_64,True,True,transfer_mode=host;lazy_pages_port=9999,2026-03-31T05:06:21.101684,,,,,,,,,,,,
31-03-2026-host-postcopy-0006,CRIU,postcopy,no,1049,22406,876,337,2262,0.20,x86_64,x86_64,True,True,transfer_mode=host;lazy_pages_port=9999,2026-03-31T05:06:48.561773,,,,,,,,,,,,
31-03-2026-host-postcopy-0007,CRIU,postcopy,no,1057,22374,857,350,2264,0.21,x86_64,x86_64,True,True,transfer_mode=host;lazy_pages_port=9999,2026-03-31T05:07:15.538868,,,,,,,,,,,,
31-03-2026-host-postcopy-0008,CRIU,postcopy,no,1009,22454,879,327,2215,0.20,x86_64,x86_64,True,True,transfer_mode=host;lazy_pages_port=9999,2026-03-31T05:07:43.045725,,,,,,,,,,,,
31-03-2026-host-postcopy-0009,CRIU,postcopy,no,1000,22544,846,339,2185,0.21,x86_64,x86_64,True,True,transfer_mode=host;lazy_pages_port=9999,2026-03-31T05:08:10.068916,,,,,,,,,,,,
31-03-2026-host-postcopy-0010,CRIU,postcopy,no,994,22507,894,306,2194,0.20,x86_64,x86_64,True,True,transfer_mode=host;lazy_pages_port=9999,2026-03-31T05:08:37.394704,,,,,,,,,,,,
31-03-2026-host-postcopy-0011,CRIU,postcopy,no,987,22511,861,352,2200,0.21,x86_64,x86_64,True,True,transfer_mode=host;lazy_pages_port=9999,2026-03-31T05:09:04.252344,,,,,,,,,,,,
31-03-2026-host-postcopy-0012,CRIU,postcopy,no,1132,22414,894,311,2337,0.20,x86_64,x86_64,True,True,transfer_mode=host;lazy_pages_port=9999,2026-03-31T05:09:31.576923,,,,,,,,,,,,
31-03-2026-host-postcopy-0013,CRIU,postcopy,no,1036,22561,851,335,2222,0.21,x86_64,x86_64,True,True,transfer_mode=host;lazy_pages_port=9999,2026-03-31T05:09:58.914025,,,,,,,,,,,,
31-03-2026-host-postcopy-0014,CRIU,postcopy,no,1073,22584,893,339,2305,0.20,x86_64,x86_64,True,True,transfer_mode=host;lazy_pages_port=9999,2026-03-31T05:10:26.866367,,,,,,,,,,,,
31-03-2026-host-postcopy-0015,CRIU,postcopy,no,1023,22331,871,314,2208,0.21,x86_64,x86_64,True,True,transfer_mode=host;lazy_pages_port=9999,2026-03-31T05:10:54.235915,,,,,,,,,,,,
31-03-2026-host-postcopy-0016,CRIU,postcopy,no,995,22536,876,321,2192,0.21,x86_64,x86_64,True,True,transfer_mode=host;lazy_pages_port=9999,2026-03-31T05:11:21.017456,,,,,,,,,,,,
31-03-2026-host-postcopy-0017,CRIU,postcopy,no,1049,22442,854,326,2229,0.21,x86_64,x86_64,True,True,transfer_mode=host;lazy_pages_port=9999,2026-03-31T05:11:48.459802,,,,,,,,,,,,
31-03-2026-host-postcopy-0018,CRIU,postcopy,no,1038,22418,977,321,2336,0.18,x86_64,x86_64,True,True,transfer_mode=host;lazy_pages_port=9999,2026-03-31T05:12:15.526999,,,,,,,,,,,,
31-03-2026-host-postcopy-0019,CRIU,postcopy,no,1500,22387,875,326,2701,0.20,x86_64,x86_64,True,True,transfer_mode=host;lazy_pages_port=9999,2026-03-31T05:12:43.937138,,,,,,,,,,,,
31-03-2026-host-postcopy-0020,CRIU,postcopy,no,1064,22503,881,327,2272,0.20,x86_64,x86_64,True,True,transfer_mode=host;lazy_pages_port=9999,2026-03-31T05:13:11.412324,,,,,,,,,,,,
31-03-2026-host-postcopy-0021,CRIU,postcopy,no,986,22313,1130,330,2446,0.16,x86_64,x86_64,True,True,transfer_mode=host;lazy_pages_port=9999,2026-03-31T05:13:38.787945,,,,,,,,,,,,
31-03-2026-host-postcopy-0022,CRIU,postcopy,no,1036,22437,889,322,2247,0.20,x86_64,x86_64,True,True,transfer_mode=host;lazy_pages_port=9999,2026-03-31T05:14:06.114356,,,,,,,,,,,,
31-03-2026-host-postcopy-0023,CRIU,postcopy,no,1017,22428,841,320,2178,0.21,x86_64,x86_64,True,True,transfer_mode=host;lazy_pages_port=9999,2026-03-31T05:14:33.276862,,,,,,,,,,,,
31-03-2026-host-postcopy-0024,CRIU,postcopy,no,982,22421,860,338,2180,0.21,x86_64,x86_64,True,True,transfer_mode=host;lazy_pages_port=9999,2026-03-31T05:15:00.184998,,,,,,,,,,,,
31-03-2026-host-postcopy-0025,CRIU,postcopy,no,1068,22475,888,335,2291,0.20,x86_64,x86_64,True,True,transfer_mode=host;lazy_pages_port=9999,2026-03-31T05:15:27.107142,,,,,,,,,,,,
31-03-2026-host-postcopy-0026,CRIU,postcopy,no,1067,22471,883,307,2257,0.20,x86_64,x86_64,True,True,transfer_mode=host;lazy_pages_port=9999,2026-03-31T05:15:54.874407,,,,,,,,,,,,
31-03-2026-host-postcopy-0027,CRIU,postcopy,no,1045,22531,847,360,2252,0.21,x86_64,x86_64,True,True,transfer_mode=host;lazy_pages_port=9999,2026-03-31T05:16:22.092743,,,,,,,,,,,,
31-03-2026-host-postcopy-0028,CRIU,postcopy,no,1035,22498,890,334,2259,0.20,x86_64,x86_64,True,True,transfer_mode=host;lazy_pages_port=9999,2026-03-31T05:16:49.442617,,,,,,,,,,,,
31-03-2026-host-postcopy-0029,CRIU,postcopy,no,1023,22462,868,316,2207,0.21,x86_64,x86_64,True,True,transfer_mode=host;lazy_pages_port=9999,2026-03-31T05:17:16.595906,,,,,,,,,,,,
31-03-2026-direct-postcopy-0000,CRIU,postcopy,no,1070,22463,2623,304,3997,0.07,x86_64,x86_64,True,True,transfer_mode=direct;lazy_pages_port=9999,2026-03-31T05:17:47.385588,,,,,,,,,,,,
31-03-2026-direct-postcopy-0001,CRIU,postcopy,no,1006,22442,2628,327,3961,0.07,x86_64,x86_64,True,True,transfer_mode=direct;lazy_pages_port=9999,2026-03-31T05:18:17.884764,,,,,,,,,,,,
31-03-2026-direct-postcopy-0002,CRIU,postcopy,no,1016,22344,2698,322,4036,0.07,x86_64,x86_64,True,True,transfer_mode=direct;lazy_pages_port=9999,2026-03-31T05:18:48.711959,,,,,,,,,,,,
31-03-2026-direct-postcopy-0003,CRIU,postcopy,no,1029,22682,2551,307,3887,0.07,x86_64,x86_64,True,True,transfer_mode=direct;lazy_pages_port=9999,2026-03-31T05:19:19.493107,,,,,,,,,,,,
31-03-2026-direct-postcopy-0004,CRIU,postcopy,no,1019,22428,2674,327,4020,0.07,x86_64,x86_64,True,True,transfer_mode=direct;lazy_pages_port=9999,2026-03-31T05:19:50.276569,,,,,,,,,,,,
31-03-2026-direct-postcopy-0005,CRIU,postcopy,no,1008,22471,2584,315,3907,0.07,x86_64,x86_64,True,True,transfer_mode=direct;lazy_pages_port=9999,2026-03-31T05:20:20.781021,,,,,,,,,,,,
31-03-2026-direct-postcopy-0006,CRIU,postcopy,no,1040,22412,2629,325,3994,0.07,x86_64,x86_64,True,True,transfer_mode=direct;lazy_pages_port=9999,2026-03-31T05:20:51.467530,,,,,,,,,,,,
31-03-2026-direct-postcopy-0007,CRIU,postcopy,no,1029,22480,2636,305,3970,0.07,x86_64,x86_64,True,True,transfer_mode=direct;lazy_pages_port=9999,2026-03-31T05:21:22.307419,,,,,,,,,,,,
31-03-2026-direct-postcopy-0008,CRIU,postcopy,no,1041,22522,2606,321,3968,0.07,x86_64,x86_64,True,True,transfer_mode=direct;lazy_pages_port=9999,2026-03-31T05:21:53.020509,,,,,,,,,,,,
31-03-2026-direct-postcopy-0009,CRIU,postcopy,no,1039,22596,2613,357,4009,0.07,x86_64,x86_64,True,True,transfer_mode=direct;lazy_pages_port=9999,2026-03-31T05:22:24.161515,,,,,,,,,,,,
31-03-2026-direct-postcopy-0010,CRIU,postcopy,no,1009,22339,2620,309,3938,0.07,x86_64,x86_64,True,True,transfer_mode=direct;lazy_pages_port=9999,2026-03-31T05:22:54.949848,,,,,,,,,,,,
31-03-2026-direct-postcopy-0011,CRIU,postcopy,no,1053,22535,2575,321,3949,0.07,x86_64,x86_64,True,True,transfer_mode=direct;lazy_pages_port=9999,2026-03-31T05:23:25.600493,,,,,,,,,,,,
31-03-2026-direct-postcopy-0012,CRIU,postcopy,no,1051,22378,2616,337,4004,0.07,x86_64,x86_64,True,True,transfer_mode=direct;lazy_pages_port=9999,2026-03-31T05:23:56.308071,,,,,,,,,,,,
31-03-2026-direct-postcopy-0013,CRIU,postcopy,no,1057,22490,2624,333,4014,0.07,x86_64,x86_64,True,True,transfer_mode=direct;lazy_pages_port=9999,2026-03-31T05:24:27.381110,,,,,,,,,,,,
31-03-2026-direct-postcopy-0014,CRIU,postcopy,no,1039,22468,2656,323,4018,0.07,x86_64,x86_64,True,True,transfer_mode=direct;lazy_pages_port=9999,2026-03-31T05:24:58.164025,,,,,,,,,,,,
31-03-2026-direct-postcopy-0015,CRIU,postcopy,no,1040,22537,2586,319,3945,0.07,x86_64,x86_64,True,True,transfer_mode=direct;lazy_pages_port=9999,2026-03-31T05:25:28.605340,,,,,,,,,,,,
31-03-2026-direct-postcopy-0016,CRIU,postcopy,no,996,22530,2575,326,3897,0.07,x86_64,x86_64,True,True,transfer_mode=direct;lazy_pages_port=9999,2026-03-31T05:25:59.292576,,,,,,,,,,,,
31-03-2026-direct-postcopy-0017,CRIU,postcopy,no,1021,22367,2622,353,3996,0.07,x86_64,x86_64,True,True,transfer_mode=direct;lazy_pages_port=9999,2026-03-31T05:26:30.269438,,,,,,,,,,,,
31-03-2026-direct-postcopy-0018,CRIU,postcopy,no,1031,22489,2645,334,4010,0.07,x86_64,x86_64,True,True,transfer_mode=direct;lazy_pages_port=9999,2026-03-31T05:27:01.155714,,,,,,,,,,,,
31-03-2026-direct-postcopy-0019,CRIU,postcopy,no,1026,22464,2672,320,4018,0.07,x86_64,x86_64,True,True,transfer_mode=direct;lazy_pages_port=9999,2026-03-31T05:27:31.960277,,,,,,,,,,,,
31-03-2026-direct-postcopy-0020,CRIU,postcopy,no,1088,22451,2840,325,4253,0.06,x86_64,x86_64,True,True,transfer_mode=direct;lazy_pages_port=9999,2026-03-31T05:28:03.684582,,,,,,,,,,,,
31-03-2026-direct-postcopy-0021,CRIU,postcopy,no,1009,22492,2591,308,3908,0.07,x86_64,x86_64,True,True,transfer_mode=direct;lazy_pages_port=9999,2026-03-31T05:28:34.044865,,,,,,,,,,,,
31-03-2026-direct-postcopy-0022,CRIU,postcopy,no,1093,22593,2576,312,3981,0.07,x86_64,x86_64,True,True,transfer_mode=direct;lazy_pages_port=9999,2026-03-31T05:29:05.080203,,,,,,,,,,,,
31-03-2026-direct-postcopy-0023,CRIU,postcopy,no,1019,22478,2647,312,3978,0.07,x86_64,x86_64,True,True,transfer_mode=direct;lazy_pages_port=9999,2026-03-31T05:29:35.844360,,,,,,,,,,,,
31-03-2026-direct-postcopy-0024,CRIU,postcopy,no,1030,22402,2651,334,4015,0.07,x86_64,x86_64,True,True,transfer_mode=direct;lazy_pages_port=9999,2026-03-31T05:30:06.724416,,,,,,,,,,,,
31-03-2026-direct-postcopy-0025,CRIU,postcopy,no,1063,22378,2669,329,4061,0.07,x86_64,x86_64,True,True,transfer_mode=direct;lazy_pages_port=9999,2026-03-31T05:30:37.514200,,,,,,,,,,,,
31-03-2026-direct-postcopy-0026,CRIU,postcopy,no,1049,22463,2570,327,3946,0.07,x86_64,x86_64,True,True,transfer_mode=direct;lazy_pages_port=9999,2026-03-31T05:31:08.278667,,,,,,,,,,,,
31-03-2026-direct-postcopy-0027,CRIU,postcopy,no,983,22393,2525,314,3822,0.07,x86_64,x86_64,True,True,transfer_mode=direct;lazy_pages_port=9999,2026-03-31T05:31:38.861172,,,,,,,,,,,,
31-03-2026-direct-postcopy-0028,CRIU,postcopy,no,1025,22372,2676,321,4022,0.07,x86_64,x86_64,True,True,transfer_mode=direct;lazy_pages_port=9999,2026-03-31T05:32:09.513686,,,,,,,,,,,,
31-03-2026-direct-postcopy-0029,CRIU,postcopy,no,1027,22462,2632,308,3967,0.07,x86_64,x86_64,True,True,transfer_mode=direct;lazy_pages_port=9999,2026-03-31T05:32:40.267894,,,,,,,,,,,,
11-04-2026-host-cold-0000,CRIU,cold,no,628,25411,7074,348,8050,0.03,x86_64,x86_64,True,True,transfer_mode=host;relay_node=edge-host-1,2026-04-11T03:52:20.164050,,,,,,,,,,,,
11-04-2026-host-cold-0001,CRIU,cold,no,675,25425,6758,391,7824,0.03,x86_64,x86_64,True,True,transfer_mode=host;relay_node=edge-host-1,2026-04-11T03:58:01.370071,,,,,,,,,,,,
11-04-2026-host-cold-0002,CRIU,cold,no,789,25506,6506,366,7661,0.03,x86_64,x86_64,True,True,transfer_mode=host;relay_node=edge-host-1,2026-04-11T03:58:33.492137,,,,,,,,,,,,
11-04-2026-direct-cold-0000,CRIU,cold,no,719,25631,2985,385,4089,0.07,x86_64,x86_64,True,True,transfer_mode=direct,2026-04-11T03:59:03.819078,,,,,,,,,,,,
11-04-2026-direct-cold-0001,CRIU,cold,no,651,25453,2832,433,3916,0.07,x86_64,x86_64,True,True,transfer_mode=direct,2026-04-11T03:59:32.861193,,,,,,,,,,,,
11-04-2026-host-precopy-0000,CRIU,precopy,no,570,29232,5885,306,6761,0.04,x86_64,x86_64,True,True,transfer_mode=host;iterations=2;relay_node=edge-host-1,2026-04-11T04:00:03.838359,,,,,,,,,,,,
11-04-2026-host-precopy-0001,CRIU,precopy,no,585,29593,5647,301,6533,0.04,x86_64,x86_64,True,True,transfer_mode=host;iterations=2;relay_node=edge-host-1,2026-04-11T04:00:34.512541,,,,,,,,,,,,
11-04-2026-direct-precopy-0000,CRIU,precopy,no,601,29392,2513,307,3421,0.09,x86_64,x86_64,True,True,transfer_mode=direct;iterations=2,2026-04-11T04:01:04.001709,,,,,,,,,,,,
11-04-2026-direct-precopy-0001,CRIU,precopy,no,578,29450,2476,318,3372,0.10,x86_64,x86_64,True,True,transfer_mode=direct;iterations=2,2026-04-11T04:01:32.719516,,,,,,,,,,,,
11-04-2026-host-postcopy-0000,CRIU,postcopy,no,993,22660,5844,299,7136,0.03,x86_64,x86_64,True,True,transfer_mode=host;lazy_pages_port=9999;relay_node=edge-host-1,2026-04-11T04:02:04.496731,,,,,,,,,,,,
11-04-2026-host-postcopy-0001,CRIU,postcopy,no,984,22789,5606,305,6895,0.03,x86_64,x86_64,True,True,transfer_mode=host;lazy_pages_port=9999;relay_node=edge-host-1,2026-04-11T04:02:35.327675,,,,,,,,,,,,
11-04-2026-direct-postcopy-0000,CRIU,postcopy,no,1222,22745,2506,307,4035,0.07,x86_64,x86_64,True,True,transfer_mode=direct;lazy_pages_port=9999,2026-04-11T04:03:05.888588,,,,,,,,,,,,
11-04-2026-direct-postcopy-0001,CRIU,postcopy,no,1005,22659,2514,342,3861,0.07,x86_64,x86_64,True,True,transfer_mode=direct;lazy_pages_port=9999,2026-04-11T04:03:35.817561,,,,,,,,,,,,
11-04-2026-host-cold-0003,CRIU,cold,no,611,25439,6517,346,7474,0.03,x86_64,x86_64,True,True,transfer_mode=host;relay_node=edge-host-1,2026-04-11T23:42:16.590014,,,,,,,,,,,,
11-04-2026-direct-cold-0002,CRIU,cold,no,664,25287,2661,350,3675,0.08,x86_64,x86_64,True,True,transfer_mode=direct,2026-04-11T23:42:44.163813,,,,,,,,,,,,
11-04-2026-host-precopy-0002,CRIU,precopy,no,642,29374,6260,360,7262,0.04,x86_64,x86_64,True,True,transfer_mode=host;iterations=2;relay_node=edge-host-1,2026-04-11T23:43:17.135660,,,,,,,,,,,,
11-04-2026-direct-precopy-0002,CRIU,precopy,no,636,29757,2653,341,3630,0.09,x86_64,x86_64,True,True,transfer_mode=direct;iterations=2,2026-04-11T23:43:47.109709,,,,,,,,,,,,
11-04-2026-host-postcopy-0002,CRIU,postcopy,no,1123,22650,6676,331,8130,0.03,x86_64,x86_64,True,True,transfer_mode=host;lazy_pages_port=9999;relay_node=edge-host-1,2026-04-11T23:44:21.627693,,,,,,,,,,,,
11-04-2026-direct-postcopy-0002,CRIU,postcopy,no,1081,22639,2821,329,4231,0.06,x86_64,x86_64,True,True,transfer_mode=direct;lazy_pages_port=9999,2026-04-11T23:44:53.071408,,,,,,,,,,,,
12-04-2026-host-cold-0000,CRIU,cold,no,597,25220,5551,310,6458,0.04,x86_64,x86_64,True,True,transfer_mode=host;relay_node=edge-host-1,2026-04-12T16:12:22.804439,,,,,,,,,,,,
12-04-2026-direct-cold-0000,CRIU,cold,no,624,25463,2536,300,3460,0.08,x86_64,x86_64,True,True,transfer_mode=direct,2026-04-12T16:12:50.035306,,,,,,,,,,,,
12-04-2026-host-precopy-0000,CRIU,precopy,no,570,29817,5863,316,6749,0.04,x86_64,x86_64,True,True,transfer_mode=host;iterations=2;relay_node=edge-host-1,2026-04-12T16:13:20.485789,,,,,,,,,,,,
12-04-2026-direct-precopy-0000,CRIU,precopy,no,592,29711,2511,307,3410,0.09,x86_64,x86_64,True,True,transfer_mode=direct;iterations=2,2026-04-12T16:13:49.686812,,,,,,,,,,,,
12-04-2026-host-postcopy-0000,CRIU,postcopy,no,1016,22581,6002,303,7321,0.03,x86_64,x86_64,True,True,transfer_mode=host;lazy_pages_port=9999;relay_node=edge-host-1,2026-04-12T16:14:21.110244,,,,,,,,,,,,
12-04-2026-direct-postcopy-0000,CRIU,postcopy,no,1255,22558,2566,325,4146,0.07,x86_64,x86_64,True,True,transfer_mode=direct;lazy_pages_port=9999,2026-04-12T16:14:51.551467,,,,,,,,,,,,
12-04-2026-host-cold-0001,CRIU,cold,no,600,25132,5673,309,6582,0.04,x86_64,x86_64,True,True,transfer_mode=host;relay_node=edge-host-1,2026-04-12T16:28:51.422269,,,,,,,,,,,,
12-04-2026-direct-cold-0001,CRIU,cold,no,589,25164,2495,324,3408,0.08,x86_64,x86_64,True,True,transfer_mode=direct,2026-04-12T16:29:18.114376,,,,,,,,,,,,
12-04-2026-host-precopy-0001,CRIU,precopy,no,571,29722,6083,310,6964,0.04,x86_64,x86_64,True,True,transfer_mode=host;iterations=2;relay_node=edge-host-1,2026-04-12T16:29:48.878260,,,,,,,,,,,,
12-04-2026-direct-precopy-0001,CRIU,precopy,no,584,29349,2561,301,3446,0.09,x86_64,x86_64,True,True,transfer_mode=direct;iterations=2,2026-04-12T16:30:18.648625,,,,,,,,,,,,
12-04-2026-host-postcopy-0001,CRIU,postcopy,no,1027,22537,6371,335,7733,0.03,x86_64,x86_64,True,True,transfer_mode=host;lazy_pages_port=9999;relay_node=edge-host-1,2026-04-12T16:30:51.006040,,,,,,,,,,,,
12-04-2026-direct-postcopy-0001,CRIU,postcopy,no,1077,22635,2556,299,3932,0.07,x86_64,x86_64,True,True,transfer_mode=direct;lazy_pages_port=9999,2026-04-12T16:31:22.194432,,,,,,,,,,,,
12-04-2026-host-cold-0002,CRIU,cold,no,601,25372,5936,290,6827,0.03,x86_64,x86_64,True,True,transfer_mode=host;relay_node=edge-host-1,2026-04-12T17:33:06.840054,,,,,,,,,,,,
12-04-2026-host-cold-0003,CRIU,cold,no,611,25585,5642,308,6561,0.04,x86_64,x86_64,True,True,transfer_mode=host;relay_node=edge-host-1,2026-04-12T17:33:35.180438,,,,,,,,,,,,
12-04-2026-host-cold-0004,CRIU,cold,no,602,25160,6198,308,7108,0.03,x86_64,x86_64,True,True,transfer_mode=host;relay_node=edge-host-1,2026-04-12T17:34:03.733645,,,,,,,,,,,,
12-04-2026-host-cold-0005,CRIU,cold,no,594,25545,5694,307,6595,0.04,x86_64,x86_64,True,True,transfer_mode=host;relay_node=edge-host-1,2026-04-12T17:34:32.304930,,,,,,,,,,,,
12-04-2026-host-cold-0006,CRIU,cold,no,602,25433,5636,300,6538,0.04,x86_64,x86_64,True,True,transfer_mode=host;relay_node=edge-host-1,2026-04-12T17:35:00.568914,,,,,,,,,,,,
12-04-2026-host-cold-0007,CRIU,cold,no,612,25302,5924,301,6837,0.03,x86_64,x86_64,True,True,transfer_mode=host;relay_node=edge-host-1,2026-04-12T17:35:28.964264,,,,,,,,,,,,
12-04-2026-host-cold-0008,CRIU,cold,no,613,25520,5646,312,6571,0.04,x86_64,x86_64,True,True,transfer_mode=host;relay_node=edge-host-1,2026-04-12T17:35:57.284107,,,,,,,,,,,,
12-04-2026-host-cold-0009,CRIU,cold,no,590,25578,6235,308,7133,0.03,x86_64,x86_64,True,True,transfer_mode=host;relay_node=edge-host-1,2026-04-12T17:36:25.910603,,,,,,,,,,,,
12-04-2026-host-cold-0010,CRIU,cold,no,606,25403,5640,313,6559,0.04,x86_64,x86_64,True,True,transfer_mode=host;relay_node=edge-host-1,2026-04-12T17:36:53.972447,,,,,,,,,,,,
12-04-2026-host-cold-0011,CRIU,cold,no,855,25679,6156,311,7322,0.03,x86_64,x86_64,True,True,transfer_mode=host;relay_node=edge-host-1,2026-04-12T17:37:23.001387,,,,,,,,,,,,
12-04-2026-host-cold-0012,CRIU,cold,no,618,25562,5927,306,6851,0.03,x86_64,x86_64,True,True,transfer_mode=host;relay_node=edge-host-1,2026-04-12T17:37:51.255605,,,,,,,,,,,,
12-04-2026-host-cold-0013,CRIU,cold,no,617,25324,5656,305,6578,0.04,x86_64,x86_64,True,True,transfer_mode=host;relay_node=edge-host-1,2026-04-12T17:38:19.519865,,,,,,,,,,,,
12-04-2026-host-cold-0014,CRIU,cold,no,599,25468,5889,303,6791,0.03,x86_64,x86_64,True,True,transfer_mode=host;relay_node=edge-host-1,2026-04-12T17:38:47.979902,,,,,,,,,,,,
12-04-2026-host-cold-0015,CRIU,cold,no,606,25210,5623,311,6540,0.04,x86_64,x86_64,True,True,transfer_mode=host;relay_node=edge-host-1,2026-04-12T17:39:16.319797,,,,,,,,,,,,
12-04-2026-host-cold-0016,CRIU,cold,no,613,25454,5676,310,6599,0.04,x86_64,x86_64,True,True,transfer_mode=host;relay_node=edge-host-1,2026-04-12T17:39:44.675065,,,,,,,,,,,,
12-04-2026-host-cold-0017,CRIU,cold,no,592,25303,6185,293,7070,0.03,x86_64,x86_64,True,True,transfer_mode=host;relay_node=edge-host-1,2026-04-12T17:40:13.154637,,,,,,,,,,,,
12-04-2026-host-cold-0018,CRIU,cold,no,613,25257,5681,308,6602,0.04,x86_64,x86_64,True,True,transfer_mode=host;relay_node=edge-host-1,2026-04-12T17:40:41.498977,,,,,,,,,,,,
12-04-2026-host-cold-0019,CRIU,cold,no,602,25530,5934,304,6840,0.03,x86_64,x86_64,True,True,transfer_mode=host;relay_node=edge-host-1,2026-04-12T17:41:10.112762,,,,,,,,,,,,
12-04-2026-host-cold-0020,CRIU,cold,no,599,25447,5643,312,6554,0.04,x86_64,x86_64,True,True,transfer_mode=host;relay_node=edge-host-1,2026-04-12T17:41:38.490369,,,,,,,,,,,,
12-04-2026-host-cold-0021,CRIU,cold,no,604,25556,5636,297,6537,0.04,x86_64,x86_64,True,True,transfer_mode=host;relay_node=edge-host-1,2026-04-12T17:42:06.876323,,,,,,,,,,,,
12-04-2026-host-cold-0022,CRIU,cold,no,621,25076,6200,302,7123,0.03,x86_64,x86_64,True,True,transfer_mode=host;relay_node=edge-host-1,2026-04-12T17:42:35.490823,,,,,,,,,,,,
12-04-2026-host-cold-0023,CRIU,cold,no,616,25502,5641,329,6586,0.04,x86_64,x86_64,True,True,transfer_mode=host;relay_node=edge-host-1,2026-04-12T17:43:03.627763,,,,,,,,,,,,
12-04-2026-host-cold-0024,CRIU,cold,no,615,25305,6174,303,7092,0.03,x86_64,x86_64,True,True,transfer_mode=host;relay_node=edge-host-1,2026-04-12T17:43:32.458517,,,,,,,,,,,,
12-04-2026-host-cold-0025,CRIU,cold,no,615,25302,5662,311,6588,0.04,x86_64,x86_64,True,True,transfer_mode=host;relay_node=edge-host-1,2026-04-12T17:44:00.544791,,,,,,,,,,,,
12-04-2026-host-cold-0026,CRIU,cold,no,611,25414,5656,311,6578,0.04,x86_64,x86_64,True,True,transfer_mode=host;relay_node=edge-host-1,2026-04-12T17:44:28.907721,,,,,,,,,,,,
12-04-2026-host-cold-0027,CRIU,cold,no,610,25409,5934,304,6848,0.03,x86_64,x86_64,True,True,transfer_mode=host;relay_node=edge-host-1,2026-04-12T17:44:57.486899,,,,,,,,,,,,
12-04-2026-host-cold-0028,CRIU,cold,no,692,25433,5621,316,6629,0.04,x86_64,x86_64,True,True,transfer_mode=host;relay_node=edge-host-1,2026-04-12T17:45:26.022442,,,,,,,,,,,,
12-04-2026-host-cold-0029,CRIU,cold,no,612,25394,5893,300,6805,0.03,x86_64,x86_64,True,True,transfer_mode=host;relay_node=edge-host-1,2026-04-12T17:45:54.648714,,,,,,,,,,,,
12-04-2026-host-cold-0030,CRIU,cold,no,608,25349,5871,297,6776,0.03,x86_64,x86_64,True,True,transfer_mode=host;relay_node=edge-host-1,2026-04-12T17:46:22.961379,,,,,,,,,,,,
12-04-2026-host-cold-0031,CRIU,cold,no,617,25176,5616,317,6550,0.04,x86_64,x86_64,True,True,transfer_mode=host;relay_node=edge-host-1,2026-04-12T17:46:51.284327,,,,,,,,,,,,
12-04-2026-direct-cold-0002,CRIU,cold,no,610,25424,2510,301,3421,0.08,x86_64,x86_64,True,True,transfer_mode=direct,2026-04-12T17:47:18.132184,,,,,,,,,,,,
12-04-2026-direct-cold-0003,CRIU,cold,no,611,25293,2549,300,3460,0.08,x86_64,x86_64,True,True,transfer_mode=direct,2026-04-12T17:47:44.949081,,,,,,,,,,,,
12-04-2026-direct-cold-0004,CRIU,cold,no,597,25287,2482,309,3388,0.08,x86_64,x86_64,True,True,transfer_mode=direct,2026-04-12T17:48:11.587918,,,,,,,,,,,,
12-04-2026-direct-cold-0005,CRIU,cold,no,622,25321,2490,312,3424,0.08,x86_64,x86_64,True,True,transfer_mode=direct,2026-04-12T17:48:38.459774,,,,,,,,,,,,
12-04-2026-direct-cold-0006,CRIU,cold,no,615,25339,2500,302,3417,0.08,x86_64,x86_64,True,True,transfer_mode=direct,2026-04-12T17:49:05.266486,,,,,,,,,,,,
12-04-2026-direct-cold-0007,CRIU,cold,no,609,25396,2502,304,3415,0.08,x86_64,x86_64,True,True,transfer_mode=direct,2026-04-12T17:49:32.096901,,,,,,,,,,,,
12-04-2026-direct-cold-0008,CRIU,cold,no,594,25512,2541,305,3440,0.08,x86_64,x86_64,True,True,transfer_mode=direct,2026-04-12T17:49:58.927355,,,,,,,,,,,,
12-04-2026-direct-cold-0009,CRIU,cold,no,621,25486,2781,315,3717,0.07,x86_64,x86_64,True,True,transfer_mode=direct,2026-04-12T17:50:25.755350,,,,,,,,,,,,
12-04-2026-direct-cold-0010,CRIU,cold,no,602,25253,2516,309,3427,0.08,x86_64,x86_64,True,True,transfer_mode=direct,2026-04-12T17:50:52.744372,,,,,,,,,,,,
12-04-2026-direct-cold-0011,CRIU,cold,no,606,25265,2531,320,3457,0.08,x86_64,x86_64,True,True,transfer_mode=direct,2026-04-12T17:51:19.613599,,,,,,,,,,,,
12-04-2026-direct-cold-0012,CRIU,cold,no,612,25257,2548,303,3463,0.08,x86_64,x86_64,True,True,transfer_mode=direct,2026-04-12T17:51:46.704904,,,,,,,,,,,,
12-04-2026-direct-cold-0013,CRIU,cold,no,609,25302,2551,302,3462,0.08,x86_64,x86_64,True,True,transfer_mode=direct,2026-04-12T17:52:13.737314,,,,,,,,,,,,
12-04-2026-direct-cold-0014,CRIU,cold,no,618,25052,2501,305,3424,0.08,x86_64,x86_64,True,True,transfer_mode=direct,2026-04-12T17:52:40.692763,,,,,,,,,,,,
12-04-2026-direct-cold-0015,CRIU,cold,no,613,25292,2504,309,3426,0.08,x86_64,x86_64,True,True,transfer_mode=direct,2026-04-12T17:53:07.606298,,,,,,,,,,,,
12-04-2026-direct-cold-0016,CRIU,cold,no,611,25255,2813,301,3725,0.07,x86_64,x86_64,True,True,transfer_mode=direct,2026-04-12T17:53:34.474839,,,,,,,,,,,,
12-04-2026-direct-cold-0017,CRIU,cold,no,911,25328,2502,300,3713,0.08,x86_64,x86_64,True,True,transfer_mode=direct,2026-04-12T17:54:01.434254,,,,,,,,,,,,
12-04-2026-direct-cold-0018,CRIU,cold,no,612,25422,2507,301,3420,0.08,x86_64,x86_64,True,True,transfer_mode=direct,2026-04-12T17:54:28.180557,,,,,,,,,,,,
12-04-2026-direct-cold-0019,CRIU,cold,no,603,25327,2530,312,3445,0.08,x86_64,x86_64,True,True,transfer_mode=direct,2026-04-12T17:54:55.104459,,,,,,,,,,,,
12-04-2026-direct-cold-0020,CRIU,cold,no,616,25300,2517,304,3437,0.08,x86_64,x86_64,True,True,transfer_mode=direct,2026-04-12T17:55:22.028151,,,,,,,,,,,,
12-04-2026-direct-cold-0021,CRIU,cold,no,620,25648,2487,307,3414,0.08,x86_64,x86_64,True,True,transfer_mode=direct,2026-04-12T17:55:48.880727,,,,,,,,,,,,
12-04-2026-direct-cold-0022,CRIU,cold,no,605,25378,2532,299,3436,0.08,x86_64,x86_64,True,True,transfer_mode=direct,2026-04-12T17:56:15.811810,,,,,,,,,,,,
12-04-2026-direct-cold-0023,CRIU,cold,no,606,25206,2821,300,3727,0.07,x86_64,x86_64,True,True,transfer_mode=direct,2026-04-12T17:56:42.637929,,,,,,,,,,,,
12-04-2026-direct-cold-0024,CRIU,cold,no,612,25202,2485,295,3392,0.08,x86_64,x86_64,True,True,transfer_mode=direct,2026-04-12T17:57:09.443290,,,,,,,,,,,,
12-04-2026-direct-cold-0025,CRIU,cold,no,605,25418,2498,314,3417,0.08,x86_64,x86_64,True,True,transfer_mode=direct,2026-04-12T17:57:36.068503,,,,,,,,,,,,
12-04-2026-direct-cold-0026,CRIU,cold,no,617,25535,2540,332,3489,0.08,x86_64,x86_64,True,True,transfer_mode=direct,2026-04-12T17:58:03.091043,,,,,,,,,,,,
12-04-2026-direct-cold-0027,CRIU,cold,no,610,25369,2497,304,3411,0.08,x86_64,x86_64,True,True,transfer_mode=direct,2026-04-12T17:58:29.894091,,,,,,,,,,,,
12-04-2026-direct-cold-0028,CRIU,cold,no,614,25215,2533,302,3449,0.08,x86_64,x86_64,True,True,transfer_mode=direct,2026-04-12T17:58:56.829350,,,,,,,,,,,,
12-04-2026-direct-cold-0029,CRIU,cold,no,612,25222,2501,319,3432,0.08,x86_64,x86_64,True,True,transfer_mode=direct,2026-04-12T17:59:23.690010,,,,,,,,,,,,
12-04-2026-direct-cold-0030,CRIU,cold,no,616,25298,2805,301,3722,0.07,x86_64,x86_64,True,True,transfer_mode=direct,2026-04-12T17:59:50.623490,,,,,,,,,,,,
12-04-2026-direct-cold-0031,CRIU,cold,no,901,25158,2556,329,3786,0.08,x86_64,x86_64,True,True,transfer_mode=direct,2026-04-12T18:00:17.844916,,,,,,,,,,,,
12-04-2026-host-precopy-0002,CRIU,precopy,no,600,31721,5958,316,6874,0.04,x86_64,x86_64,True,True,transfer_mode=host;iterations=3;relay_node=edge-host-1,2026-04-12T18:00:50.294531,,,,,,,,,,,,
12-04-2026-host-precopy-0003,CRIU,precopy,no,600,32518,5762,311,6673,0.05,x86_64,x86_64,True,True,transfer_mode=host;iterations=3;relay_node=edge-host-1,2026-04-12T18:01:22.580312,,,,,,,,,,,,
12-04-2026-host-precopy-0004,CRIU,precopy,no,599,31458,6249,302,7150,0.04,x86_64,x86_64,True,True,transfer_mode=host;iterations=3;relay_node=edge-host-1,2026-04-12T18:01:55.035611,,,,,,,,,,,,
12-04-2026-host-precopy-0005,CRIU,precopy,no,584,31372,5578,308,6470,0.04,x86_64,x86_64,True,True,transfer_mode=host;iterations=3;relay_node=edge-host-1,2026-04-12T18:02:26.957524,,,,,,,,,,,,
12-04-2026-host-precopy-0006,CRIU,precopy,no,614,32987,6192,305,7111,0.04,x86_64,x86_64,True,True,transfer_mode=host;iterations=3;relay_node=edge-host-1,2026-04-12T18:02:59.385881,,,,,,,,,,,,
12-04-2026-host-precopy-0007,CRIU,precopy,no,592,31699,5575,303,6470,0.05,x86_64,x86_64,True,True,transfer_mode=host;iterations=3;relay_node=edge-host-1,2026-04-12T18:03:31.423955,,,,,,,,,,,,
12-04-2026-host-precopy-0008,CRIU,precopy,no,596,31947,6199,301,7096,0.04,x86_64,x86_64,True,True,transfer_mode=host;iterations=3;relay_node=edge-host-1,2026-04-12T18:04:03.674190,,,,,,,,,,,,
12-04-2026-host-precopy-0009,CRIU,precopy,no,587,31120,5727,308,6622,0.04,x86_64,x86_64,True,True,transfer_mode=host;iterations=3;relay_node=edge-host-1,2026-04-12T18:04:35.908034,,,,,,,,,,,,
12-04-2026-host-precopy-0010,CRIU,precopy,no,604,31918,6172,310,7086,0.04,x86_64,x86_64,True,True,transfer_mode=host;iterations=3;relay_node=edge-host-1,2026-04-12T18:05:08.393577,,,,,,,,,,,,
12-04-2026-host-precopy-0011,CRIU,precopy,no,587,31514,5583,311,6481,0.05,x86_64,x86_64,True,True,transfer_mode=host;iterations=3;relay_node=edge-host-1,2026-04-12T18:05:40.345553,,,,,,,,,,,,
12-04-2026-host-precopy-0012,CRIU,precopy,no,599,32567,6351,309,7259,0.04,x86_64,x86_64,True,True,transfer_mode=host;iterations=3;relay_node=edge-host-1,2026-04-12T18:06:12.825950,,,,,,,,,,,,
12-04-2026-host-precopy-0013,CRIU,precopy,no,589,31799,5658,314,6561,0.04,x86_64,x86_64,True,True,transfer_mode=host;iterations=3;relay_node=edge-host-1,2026-04-12T18:06:44.796306,,,,,,,,,,,,
12-04-2026-host-precopy-0014,CRIU,precopy,no,596,32423,6240,315,7151,0.04,x86_64,x86_64,True,True,transfer_mode=host;iterations=3;relay_node=edge-host-1,2026-04-12T18:07:17.066117,,,,,,,,,,,,
12-04-2026-host-precopy-0015,CRIU,precopy,no,576,31989,5624,309,6509,0.05,x86_64,x86_64,True,True,transfer_mode=host;iterations=3;relay_node=edge-host-1,2026-04-12T18:07:48.947004,,,,,,,,,,,,
12-04-2026-host-precopy-0016,CRIU,precopy,no,577,31552,6147,303,7027,0.04,x86_64,x86_64,True,True,transfer_mode=host;iterations=3;relay_node=edge-host-1,2026-04-12T18:08:21.082166,,,,,,,,,,,,
12-04-2026-host-precopy-0017,CRIU,precopy,no,585,32493,5657,317,6559,0.05,x86_64,x86_64,True,True,transfer_mode=host;iterations=3;relay_node=edge-host-1,2026-04-12T18:08:52.987556,,,,,,,,,,,,
12-04-2026-host-precopy-0018,CRIU,precopy,no,588,31786,6146,298,7032,0.04,x86_64,x86_64,True,True,transfer_mode=host;iterations=3;relay_node=edge-host-1,2026-04-12T18:09:25.204893,,,,,,,,,,,,
12-04-2026-host-precopy-0019,CRIU,precopy,no,592,33062,5626,319,6537,0.05,x86_64,x86_64,True,True,transfer_mode=host;iterations=3;relay_node=edge-host-1,2026-04-12T18:09:57.341958,,,,,,,,,,,,
12-04-2026-host-precopy-0020,CRIU,precopy,no,588,31503,6186,317,7091,0.04,x86_64,x86_64,True,True,transfer_mode=host;iterations=3;relay_node=edge-host-1,2026-04-12T18:10:29.636972,,,,,,,,,,,,
12-04-2026-host-precopy-0021,CRIU,precopy,no,584,31759,5566,307,6457,0.05,x86_64,x86_64,True,True,transfer_mode=host;iterations=3;relay_node=edge-host-1,2026-04-12T18:11:01.456182,,,,,,,,,,,,
12-04-2026-host-precopy-0022,CRIU,precopy,no,581,31868,6176,320,7077,0.04,x86_64,x86_64,True,True,transfer_mode=host;iterations=3;relay_node=edge-host-1,2026-04-12T18:11:33.595419,,,,,,,,,,,,
12-04-2026-host-precopy-0023,CRIU,precopy,no,572,32065,5573,311,6456,0.05,x86_64,x86_64,True,True,transfer_mode=host;iterations=3;relay_node=edge-host-1,2026-04-12T18:12:05.433372,,,,,,,,,,,,
12-04-2026-host-precopy-0024,CRIU,precopy,no,591,31879,6162,302,7055,0.04,x86_64,x86_64,True,True,transfer_mode=host;iterations=3;relay_node=edge-host-1,2026-04-12T18:12:37.603780,,,,,,,,,,,,
12-04-2026-host-precopy-0025,CRIU,precopy,no,602,32262,5580,315,6497,0.05,x86_64,x86_64,True,True,transfer_mode=host;iterations=3;relay_node=edge-host-1,2026-04-12T18:13:09.478245,,,,,,,,,,,,
12-04-2026-host-precopy-0026,CRIU,precopy,no,588,32533,6146,301,7035,0.04,x86_64,x86_64,True,True,transfer_mode=host;iterations=3;relay_node=edge-host-1,2026-04-12T18:13:41.641572,,,,,,,,,,,,
12-04-2026-host-precopy-0027,CRIU,precopy,no,596,32435,5623,312,6531,0.05,x86_64,x86_64,True,True,transfer_mode=host;iterations=3;relay_node=edge-host-1,2026-04-12T18:14:13.540850,,,,,,,,,,,,
12-04-2026-host-precopy-0028,CRIU,precopy,no,578,31160,6329,308,7215,0.04,x86_64,x86_64,True,True,transfer_mode=host;iterations=3;relay_node=edge-host-1,2026-04-12T18:14:45.862756,,,,,,,,,,,,
12-04-2026-host-precopy-0029,CRIU,precopy,no,588,31792,5638,306,6532,0.05,x86_64,x86_64,True,True,transfer_mode=host;iterations=3;relay_node=edge-host-1,2026-04-12T18:15:17.768641,,,,,,,,,,,,
12-04-2026-host-precopy-0030,CRIU,precopy,no,599,31666,6213,313,7125,0.04,x86_64,x86_64,True,True,transfer_mode=host;iterations=3;relay_node=edge-host-1,2026-04-12T18:15:50.100171,,,,,,,,,,,,
12-04-2026-host-precopy-0031,CRIU,precopy,no,574,31081,5608,315,6497,0.04,x86_64,x86_64,True,True,transfer_mode=host;iterations=3;relay_node=edge-host-1,2026-04-12T18:16:22.241982,,,,,,,,,,,,
12-04-2026-direct-precopy-0002,CRIU,precopy,no,595,32914,2523,305,3423,0.10,x86_64,x86_64,True,True,transfer_mode=direct;iterations=3,2026-04-12T18:16:52.751864,,,,,,,,,,,,
12-04-2026-direct-precopy-0003,CRIU,precopy,no,588,31930,2524,316,3428,0.10,x86_64,x86_64,True,True,transfer_mode=direct;iterations=3,2026-04-12T18:17:23.353240,,,,,,,,,,,,
12-04-2026-direct-precopy-0004,CRIU,precopy,no,583,31812,2533,334,3450,0.10,x86_64,x86_64,True,True,transfer_mode=direct;iterations=3,2026-04-12T18:17:53.941500,,,,,,,,,,,,
12-04-2026-direct-precopy-0005,CRIU,precopy,no,581,32504,2536,307,3424,0.10,x86_64,x86_64,True,True,transfer_mode=direct;iterations=3,2026-04-12T18:18:24.468575,,,,,,,,,,,,
12-04-2026-direct-precopy-0006,CRIU,precopy,no,604,32157,2510,316,3430,0.10,x86_64,x86_64,True,True,transfer_mode=direct;iterations=3,2026-04-12T18:18:55.065231,,,,,,,,,,,,
12-04-2026-direct-precopy-0007,CRIU,precopy,no,578,32603,2492,297,3367,0.10,x86_64,x86_64,True,True,transfer_mode=direct;iterations=3,2026-04-12T18:19:25.576549,,,,,,,,,,,,
12-04-2026-direct-precopy-0008,CRIU,precopy,no,576,31836,2639,307,3522,0.10,x86_64,x86_64,True,True,transfer_mode=direct;iterations=3,2026-04-12T18:19:56.186717,,,,,,,,,,,,
12-04-2026-direct-precopy-0009,CRIU,precopy,no,591,32097,2511,301,3403,0.10,x86_64,x86_64,True,True,transfer_mode=direct;iterations=3,2026-04-12T18:20:26.718807,,,,,,,,,,,,
12-04-2026-direct-precopy-0010,CRIU,precopy,no,585,31848,2540,300,3425,0.10,x86_64,x86_64,True,True,transfer_mode=direct;iterations=3,2026-04-12T18:20:57.343106,,,,,,,,,,,,
12-04-2026-direct-precopy-0011,CRIU,precopy,no,580,33094,2558,319,3457,0.10,x86_64,x86_64,True,True,transfer_mode=direct;iterations=3,2026-04-12T18:21:28.040371,,,,,,,,,,,,
12-04-2026-direct-precopy-0012,CRIU,precopy,no,592,33058,2500,316,3408,0.11,x86_64,x86_64,True,True,transfer_mode=direct;iterations=3,2026-04-12T18:21:58.598816,,,,,,,,,,,,
12-04-2026-direct-precopy-0013,CRIU,precopy,no,583,32429,2480,314,3377,0.10,x86_64,x86_64,True,True,transfer_mode=direct;iterations=3,2026-04-12T18:22:29.036582,,,,,,,,,,,,
12-04-2026-direct-precopy-0014,CRIU,precopy,no,591,31792,2506,305,3402,0.10,x86_64,x86_64,True,True,transfer_mode=direct;iterations=3,2026-04-12T18:22:59.499472,,,,,,,,,,,,
12-04-2026-direct-precopy-0015,CRIU,precopy,no,593,32353,2527,310,3430,0.10,x86_64,x86_64,True,True,transfer_mode=direct;iterations=3,2026-04-12T18:23:29.997595,,,,,,,,,,,,
12-04-2026-direct-precopy-0016,CRIU,precopy,no,580,31931,2512,304,3396,0.10,x86_64,x86_64,True,True,transfer_mode=direct;iterations=3,2026-04-12T18:24:00.471720,,,,,,,,,,,,
12-04-2026-direct-precopy-0017,CRIU,precopy,no,588,32458,2494,298,3380,0.10,x86_64,x86_64,True,True,transfer_mode=direct;iterations=3,2026-04-12T18:24:30.906751,,,,,,,,,,,,
12-04-2026-direct-precopy-0018,CRIU,precopy,no,603,31601,2503,324,3430,0.10,x86_64,x86_64,True,True,transfer_mode=direct;iterations=3,2026-04-12T18:25:01.386489,,,,,,,,,,,,
12-04-2026-direct-precopy-0019,CRIU,precopy,no,589,33098,2607,309,3505,0.10,x86_64,x86_64,True,True,transfer_mode=direct;iterations=3,2026-04-12T18:25:32.032483,,,,,,,,,,,,
12-04-2026-direct-precopy-0020,CRIU,precopy,no,600,32336,2533,323,3456,0.10,x86_64,x86_64,True,True,transfer_mode=direct;iterations=3,2026-04-12T18:26:02.627994,,,,,,,,,,,,
12-04-2026-direct-precopy-0021,CRIU,precopy,no,600,31709,2532,307,3439,0.10,x86_64,x86_64,True,True,transfer_mode=direct;iterations=3,2026-04-12T18:26:33.196323,,,,,,,,,,,,
12-04-2026-direct-precopy-0022,CRIU,precopy,no,602,31939,2541,318,3461,0.10,x86_64,x86_64,True,True,transfer_mode=direct;iterations=3,2026-04-12T18:27:04.084427,,,,,,,,,,,,
12-04-2026-direct-precopy-0023,CRIU,precopy,no,586,31948,2534,309,3429,0.10,x86_64,x86_64,True,True,transfer_mode=direct;iterations=3,2026-04-12T18:27:34.716581,,,,,,,,,,,,
12-04-2026-direct-precopy-0024,CRIU,precopy,no,589,32584,2566,306,3461,0.10,x86_64,x86_64,True,True,transfer_mode=direct;iterations=3,2026-04-12T18:28:05.350452,,,,,,,,,,,,
12-04-2026-direct-precopy-0025,CRIU,precopy,no,587,33047,2517,317,3421,0.11,x86_64,x86_64,True,True,transfer_mode=direct;iterations=3,2026-04-12T18:28:36.196455,,,,,,,,,,,,
12-04-2026-direct-precopy-0026,CRIU,precopy,no,591,32159,2514,309,3414,0.10,x86_64,x86_64,True,True,transfer_mode=direct;iterations=3,2026-04-12T18:29:07.023371,,,,,,,,,,,,
12-04-2026-direct-precopy-0027,CRIU,precopy,no,601,31737,2481,307,3389,0.10,x86_64,x86_64,True,True,transfer_mode=direct;iterations=3,2026-04-12T18:29:37.709117,,,,,,,,,,,,
12-04-2026-direct-precopy-0028,CRIU,precopy,no,598,31113,2546,299,3443,0.10,x86_64,x86_64,True,True,transfer_mode=direct;iterations=3,2026-04-12T18:30:08.143101,,,,,,,,,,,,
12-04-2026-direct-precopy-0029,CRIU,precopy,no,600,32334,2519,300,3419,0.10,x86_64,x86_64,True,True,transfer_mode=direct;iterations=3,2026-04-12T18:30:38.642607,,,,,,,,,,,,
12-04-2026-direct-precopy-0030,CRIU,precopy,no,599,32398,2511,299,3409,0.10,x86_64,x86_64,True,True,transfer_mode=direct;iterations=3,2026-04-12T18:31:09.261189,,,,,,,,,,,,
12-04-2026-direct-precopy-0031,CRIU,precopy,no,583,31820,2508,295,3386,0.10,x86_64,x86_64,True,True,transfer_mode=direct;iterations=3,2026-04-12T18:31:39.594398,,,,,,,,,,,,
12-04-2026-host-postcopy-0002,CRIU,postcopy,no,998,22646,6162,308,7468,0.03,x86_64,x86_64,True,True,transfer_mode=host;lazy_pages_port=9999;relay_node=edge-host-1,2026-04-12T18:32:11.318263,,,,,,,,,,,,
12-04-2026-host-postcopy-0003,CRIU,postcopy,no,1009,22618,5636,303,6948,0.03,x86_64,x86_64,True,True,transfer_mode=host;lazy_pages_port=9999;relay_node=edge-host-1,2026-04-12T18:32:42.623589,,,,,,,,,,,,
12-04-2026-host-postcopy-0004,CRIU,postcopy,no,999,22725,6193,315,7507,0.03,x86_64,x86_64,True,True,transfer_mode=host;lazy_pages_port=9999;relay_node=edge-host-1,2026-04-12T18:33:14.334230,,,,,,,,,,,,
12-04-2026-host-postcopy-0005,CRIU,postcopy,no,1004,22645,5641,315,6960,0.03,x86_64,x86_64,True,True,transfer_mode=host;lazy_pages_port=9999;relay_node=edge-host-1,2026-04-12T18:33:45.828909,,,,,,,,,,,,
12-04-2026-host-postcopy-0006,CRIU,postcopy,no,1022,22600,6205,317,7544,0.03,x86_64,x86_64,True,True,transfer_mode=host;lazy_pages_port=9999;relay_node=edge-host-1,2026-04-12T18:34:17.619395,,,,,,,,,,,,
12-04-2026-host-postcopy-0007,CRIU,postcopy,no,993,22704,5657,319,6969,0.03,x86_64,x86_64,True,True,transfer_mode=host;lazy_pages_port=9999;relay_node=edge-host-1,2026-04-12T18:34:49.301188,,,,,,,,,,,,
12-04-2026-host-postcopy-0008,CRIU,postcopy,no,1013,22626,6218,316,7547,0.03,x86_64,x86_64,True,True,transfer_mode=host;lazy_pages_port=9999;relay_node=edge-host-1,2026-04-12T18:35:21.215879,,,,,,,,,,,,
12-04-2026-host-postcopy-0009,CRIU,postcopy,no,1007,22529,5734,305,7046,0.03,x86_64,x86_64,True,True,transfer_mode=host;lazy_pages_port=9999;relay_node=edge-host-1,2026-04-12T18:35:52.771523,,,,,,,,,,,,
12-04-2026-host-postcopy-0010,CRIU,postcopy,no,1005,22695,6250,311,7566,0.03,x86_64,x86_64,True,True,transfer_mode=host;lazy_pages_port=9999;relay_node=edge-host-1,2026-04-12T18:36:24.485252,,,,,,,,,,,,
12-04-2026-host-postcopy-0011,CRIU,postcopy,no,1013,22701,5657,317,6987,0.03,x86_64,x86_64,True,True,transfer_mode=host;lazy_pages_port=9999;relay_node=edge-host-1,2026-04-12T18:36:56.016836,,,,,,,,,,,,
12-04-2026-host-postcopy-0012,CRIU,postcopy,no,1019,22554,6320,315,7654,0.03,x86_64,x86_64,True,True,transfer_mode=host;lazy_pages_port=9999;relay_node=edge-host-1,2026-04-12T18:37:27.916973,,,,,,,,,,,,
12-04-2026-host-postcopy-0013,CRIU,postcopy,no,1015,22713,5659,307,6981,0.03,x86_64,x86_64,True,True,transfer_mode=host;lazy_pages_port=9999;relay_node=edge-host-1,2026-04-12T18:37:59.514467,,,,,,,,,,,,
12-04-2026-host-postcopy-0014,CRIU,postcopy,no,1009,22599,6216,291,7516,0.03,x86_64,x86_64,True,True,transfer_mode=host;lazy_pages_port=9999;relay_node=edge-host-1,2026-04-12T18:38:31.404909,,,,,,,,,,,,
12-04-2026-host-postcopy-0015,CRIU,postcopy,no,1003,22555,5654,315,6972,0.03,x86_64,x86_64,True,True,transfer_mode=host;lazy_pages_port=9999;relay_node=edge-host-1,2026-04-12T18:39:02.891539,,,,,,,,,,,,
12-04-2026-host-postcopy-0016,CRIU,postcopy,no,1001,22788,6241,310,7552,0.03,x86_64,x86_64,True,True,transfer_mode=host;lazy_pages_port=9999;relay_node=edge-host-1,2026-04-12T18:39:34.727488,,,,,,,,,,,,
12-04-2026-host-postcopy-0017,CRIU,postcopy,no,1007,22696,5666,311,6984,0.03,x86_64,x86_64,True,True,transfer_mode=host;lazy_pages_port=9999;relay_node=edge-host-1,2026-04-12T18:40:06.215730,,,,,,,,,,,,
12-04-2026-host-postcopy-0018,CRIU,postcopy,no,1016,22686,6329,304,7649,0.03,x86_64,x86_64,True,True,transfer_mode=host;lazy_pages_port=9999;relay_node=edge-host-1,2026-04-12T18:40:38.191798,,,,,,,,,,,,
12-04-2026-host-postcopy-0019,CRIU,postcopy,no,1013,22613,5679,305,6997,0.03,x86_64,x86_64,True,True,transfer_mode=host;lazy_pages_port=9999;relay_node=edge-host-1,2026-04-12T18:41:09.741596,,,,,,,,,,,,
12-04-2026-host-postcopy-0020,CRIU,postcopy,no,1017,22691,6218,367,7602,0.03,x86_64,x86_64,True,True,transfer_mode=host;lazy_pages_port=9999;relay_node=edge-host-1,2026-04-12T18:41:41.594816,,,,,,,,,,,,
12-04-2026-host-postcopy-0021,CRIU,postcopy,no,1035,22726,5626,313,6974,0.03,x86_64,x86_64,True,True,transfer_mode=host;lazy_pages_port=9999;relay_node=edge-host-1,2026-04-12T18:42:13.133691,,,,,,,,,,,,
12-04-2026-host-postcopy-0022,CRIU,postcopy,no,1024,22605,6292,311,7627,0.03,x86_64,x86_64,True,True,transfer_mode=host;lazy_pages_port=9999;relay_node=edge-host-1,2026-04-12T18:42:44.982881,,,,,,,,,,,,
12-04-2026-host-postcopy-0023,CRIU,postcopy,no,1003,22692,5648,304,6955,0.03,x86_64,x86_64,True,True,transfer_mode=host;lazy_pages_port=9999;relay_node=edge-host-1,2026-04-12T18:43:16.389003,,,,,,,,,,,,
12-04-2026-host-postcopy-0024,CRIU,postcopy,no,1021,22718,6161,302,7484,0.03,x86_64,x86_64,True,True,transfer_mode=host;lazy_pages_port=9999;relay_node=edge-host-1,2026-04-12T18:43:48.089820,,,,,,,,,,,,
12-04-2026-host-postcopy-0025,CRIU,postcopy,no,1026,22650,5685,308,7019,0.03,x86_64,x86_64,True,True,transfer_mode=host;lazy_pages_port=9999;relay_node=edge-host-1,2026-04-12T18:44:19.692541,,,,,,,,,,,,
12-04-2026-host-postcopy-0026,CRIU,postcopy,no,1025,22681,6184,300,7509,0.03,x86_64,x86_64,True,True,transfer_mode=host;lazy_pages_port=9999;relay_node=edge-host-1,2026-04-12T18:44:51.560561,,,,,,,,,,,,
12-04-2026-host-postcopy-0027,CRIU,postcopy,no,998,22566,5669,311,6978,0.03,x86_64,x86_64,True,True,transfer_mode=host;lazy_pages_port=9999;relay_node=edge-host-1,2026-04-12T18:45:23.321863,,,,,,,,,,,,
12-04-2026-host-postcopy-0028,CRIU,postcopy,no,1034,22697,6277,305,7616,0.03,x86_64,x86_64,True,True,transfer_mode=host;lazy_pages_port=9999;relay_node=edge-host-1,2026-04-12T18:45:55.164105,,,,,,,,,,,,
12-04-2026-host-postcopy-0029,CRIU,postcopy,no,1005,22564,5660,286,6951,0.03,x86_64,x86_64,True,True,transfer_mode=host;lazy_pages_port=9999;relay_node=edge-host-1,2026-04-12T18:46:26.598158,,,,,,,,,,,,
12-04-2026-host-postcopy-0030,CRIU,postcopy,no,1021,22680,6247,289,7557,0.03,x86_64,x86_64,True,True,transfer_mode=host;lazy_pages_port=9999;relay_node=edge-host-1,2026-04-12T18:46:58.616404,,,,,,,,,,,,
12-04-2026-host-postcopy-0031,CRIU,postcopy,no,1006,22684,5623,322,6951,0.03,x86_64,x86_64,True,True,transfer_mode=host;lazy_pages_port=9999;relay_node=edge-host-1,2026-04-12T18:47:30.074973,,,,,,,,,,,,
12-04-2026-direct-postcopy-0002,CRIU,postcopy,no,1022,22647,2537,308,3867,0.07,x86_64,x86_64,True,True,transfer_mode=direct;lazy_pages_port=9999,2026-04-12T18:48:00.163833,,,,,,,,,,,,
12-04-2026-direct-postcopy-0003,CRIU,postcopy,no,1000,22640,2525,328,3853,0.07,x86_64,x86_64,True,True,transfer_mode=direct;lazy_pages_port=9999,2026-04-12T18:48:30.174426,,,,,,,,,,,,
12-04-2026-direct-postcopy-0004,CRIU,postcopy,no,1036,22498,2509,311,3856,0.07,x86_64,x86_64,True,True,transfer_mode=direct;lazy_pages_port=9999,2026-04-12T18:49:00.443549,,,,,,,,,,,,
12-04-2026-direct-postcopy-0005,CRIU,postcopy,no,1017,22662,2518,312,3847,0.07,x86_64,x86_64,True,True,transfer_mode=direct;lazy_pages_port=9999,2026-04-12T18:49:30.509098,,,,,,,,,,,,
12-04-2026-direct-postcopy-0006,CRIU,postcopy,no,1038,22661,2532,312,3882,0.07,x86_64,x86_64,True,True,transfer_mode=direct;lazy_pages_port=9999,2026-04-12T18:50:00.962777,,,,,,,,,,,,
12-04-2026-direct-postcopy-0007,CRIU,postcopy,no,1027,22667,2514,305,3846,0.07,x86_64,x86_64,True,True,transfer_mode=direct;lazy_pages_port=9999,2026-04-12T18:50:31.059448,,,,,,,,,,,,
12-04-2026-direct-postcopy-0008,CRIU,postcopy,no,1023,22573,2548,313,3884,0.07,x86_64,x86_64,True,True,transfer_mode=direct;lazy_pages_port=9999,2026-04-12T18:51:01.399993,,,,,,,,,,,,
12-04-2026-direct-postcopy-0009,CRIU,postcopy,no,1007,22626,2567,290,3864,0.07,x86_64,x86_64,True,True,transfer_mode=direct;lazy_pages_port=9999,2026-04-12T18:51:31.561249,,,,,,,,,,,,
12-04-2026-direct-postcopy-0010,CRIU,postcopy,no,1030,22570,2503,396,3929,0.07,x86_64,x86_64,True,True,transfer_mode=direct;lazy_pages_port=9999,2026-04-12T18:52:01.734380,,,,,,,,,,,,
12-04-2026-direct-postcopy-0011,CRIU,postcopy,no,1052,22698,2527,318,3897,0.07,x86_64,x86_64,True,True,transfer_mode=direct;lazy_pages_port=9999,2026-04-12T18:52:31.858574,,,,,,,,,,,,
12-04-2026-direct-postcopy-0012,CRIU,postcopy,no,1021,22559,2512,314,3847,0.07,x86_64,x86_64,True,True,transfer_mode=direct;lazy_pages_port=9999,2026-04-12T18:53:02.166620,,,,,,,,,,,,
12-04-2026-direct-postcopy-0013,CRIU,postcopy,no,999,22665,2549,324,3872,0.07,x86_64,x86_64,True,True,transfer_mode=direct;lazy_pages_port=9999,2026-04-12T18:53:32.327147,,,,,,,,,,,,
12-04-2026-direct-postcopy-0014,CRIU,postcopy,no,1014,22721,2526,316,3856,0.07,x86_64,x86_64,True,True,transfer_mode=direct;lazy_pages_port=9999,2026-04-12T18:54:02.521316,,,,,,,,,,,,
12-04-2026-direct-postcopy-0015,CRIU,postcopy,no,1014,22705,2585,317,3916,0.07,x86_64,x86_64,True,True,transfer_mode=direct;lazy_pages_port=9999,2026-04-12T18:54:32.885055,,,,,,,,,,,,
12-04-2026-direct-postcopy-0016,CRIU,postcopy,no,1017,22725,2582,327,3926,0.07,x86_64,x86_64,True,True,transfer_mode=direct;lazy_pages_port=9999,2026-04-12T18:55:03.394969,,,,,,,,,,,,
12-04-2026-direct-postcopy-0017,CRIU,postcopy,no,1029,22675,2654,320,4003,0.07,x86_64,x86_64,True,True,transfer_mode=direct;lazy_pages_port=9999,2026-04-12T18:55:34.051276,,,,,,,,,,,,
12-04-2026-direct-postcopy-0018,CRIU,postcopy,no,1039,22654,2532,338,3909,0.07,x86_64,x86_64,True,True,transfer_mode=direct;lazy_pages_port=9999,2026-04-12T18:56:04.359100,,,,,,,,,,,,
12-04-2026-direct-postcopy-0019,CRIU,postcopy,no,1028,22632,2527,315,3870,0.07,x86_64,x86_64,True,True,transfer_mode=direct;lazy_pages_port=9999,2026-04-12T18:56:34.504013,,,,,,,,,,,,
12-04-2026-direct-postcopy-0020,CRIU,postcopy,no,1004,22545,2516,310,3830,0.07,x86_64,x86_64,True,True,transfer_mode=direct;lazy_pages_port=9999,2026-04-12T18:57:04.547909,,,,,,,,,,,,
12-04-2026-direct-postcopy-0021,CRIU,postcopy,no,1007,22593,2563,298,3868,0.07,x86_64,x86_64,True,True,transfer_mode=direct;lazy_pages_port=9999,2026-04-12T18:57:34.630820,,,,,,,,,,,,
12-04-2026-direct-postcopy-0022,CRIU,postcopy,no,1000,22596,2528,310,3838,0.07,x86_64,x86_64,True,True,transfer_mode=direct;lazy_pages_port=9999,2026-04-12T18:58:05.006820,,,,,,,,,,,,
12-04-2026-direct-postcopy-0023,CRIU,postcopy,no,1009,22735,2547,318,3874,0.07,x86_64,x86_64,True,True,transfer_mode=direct;lazy_pages_port=9999,2026-04-12T18:58:35.183178,,,,,,,,,,,,
12-04-2026-direct-postcopy-0024,CRIU,postcopy,no,1028,22699,2527,305,3860,0.07,x86_64,x86_64,True,True,transfer_mode=direct;lazy_pages_port=9999,2026-04-12T18:59:05.291109,,,,,,,,,,,,
12-04-2026-direct-postcopy-0025,CRIU,postcopy,no,1027,22731,2568,323,3918,0.07,x86_64,x86_64,True,True,transfer_mode=direct;lazy_pages_port=9999,2026-04-12T18:59:35.327460,,,,,,,,,,,,
12-04-2026-direct-postcopy-0026,CRIU,postcopy,no,1012,22631,2540,319,3871,0.07,x86_64,x86_64,True,True,transfer_mode=direct;lazy_pages_port=9999,2026-04-12T19:00:05.554039,,,,,,,,,,,,
12-04-2026-direct-postcopy-0027,CRIU,postcopy,no,1006,22586,2547,308,3861,0.07,x86_64,x86_64,True,True,transfer_mode=direct;lazy_pages_port=9999,2026-04-12T19:00:35.650915,,,,,,,,,,,,
12-04-2026-direct-postcopy-0028,CRIU,postcopy,no,1002,22676,2849,327,4178,0.06,x86_64,x86_64,True,True,transfer_mode=direct;lazy_pages_port=9999,2026-04-12T19:01:05.809178,,,,,,,,,,,,
12-04-2026-direct-postcopy-0029,CRIU,postcopy,no,1008,22476,2580,316,3904,0.07,x86_64,x86_64,True,True,transfer_mode=direct;lazy_pages_port=9999,2026-04-12T19:01:36.032845,,,,,,,,,,,,
12-04-2026-direct-postcopy-0030,CRIU,postcopy,no,1009,22661,2798,313,4120,0.06,x86_64,x86_64,True,True,transfer_mode=direct;lazy_pages_port=9999,2026-04-12T19:02:06.078923,,,,,,,,,,,,
12-04-2026-direct-postcopy-0031,CRIU,postcopy,no,1018,22548,2545,307,3870,0.07,x86_64,x86_64,True,True,transfer_mode=direct;lazy_pages_port=9999,2026-04-12T19:02:36.194426,,,,,,,,,,,,
12-04-2026-host-cold-0032,CRIU,cold,no,609,25230,5606,308,6523,0.04,x86_64,x86_64,True,True,transfer_mode=host;relay_node=edge-host-1,2026-04-12T22:53:51.064777,,,,,,,,,,,,
12-04-2026-direct-cold-0032,CRIU,cold,no,609,25255,2535,304,3448,0.08,x86_64,x86_64,True,True,transfer_mode=direct,2026-04-12T22:54:18.223727,,,,,,,,,,,,
12-04-2026-host-precopy-0032,CRIU,precopy,no,583,31809,5922,317,6822,0.04,x86_64,x86_64,True,True,transfer_mode=host;iterations=3;relay_node=edge-host-1,2026-04-12T22:54:50.154148,,,,,,,,,,,,
12-04-2026-direct-precopy-0032,CRIU,precopy,no,594,31749,2516,308,3418,0.10,x86_64,x86_64,True,True,transfer_mode=direct;iterations=3,2026-04-12T22:55:21.015690,,,,,,,,,,,,
12-04-2026-host-postcopy-0032,CRIU,postcopy,no,1000,22651,5905,314,7219,0.03,x86_64,x86_64,True,True,transfer_mode=host;lazy_pages_port=9999;relay_node=edge-host-1,2026-04-12T22:55:52.674511,,,,,,,,,,,,
12-04-2026-direct-postcopy-0032,CRIU,postcopy,no,1007,22509,2508,318,3833,0.07,x86_64,x86_64,True,True,transfer_mode=direct;lazy_pages_port=9999,2026-04-12T22:56:22.721731,,,,,,,,,,,,
13-04-2026-host-cold-0000,CRIU,cold,no,598,25290,5883,299,6780,0.03,x86_64,x86_64,True,True,transfer_mode=host;relay_node=edge-host-1,2026-04-13T01:23:21.219457,,,,,,,,,,,,
13-04-2026-host-cold-0001,CRIU,cold,no,702,25223,5730,306,6738,0.04,x86_64,x86_64,True,True,transfer_mode=host;relay_node=edge-host-1,2026-04-13T01:23:49.504147,,,,,,,,,,,,
13-04-2026-host-cold-0002,CRIU,cold,no,598,25351,5919,304,6821,0.03,x86_64,x86_64,True,True,transfer_mode=host;relay_node=edge-host-1,2026-04-13T01:24:18.425212,,,,,,,,,,,,
13-04-2026-host-cold-0003,CRIU,cold,no,624,25425,5708,317,6649,0.04,x86_64,x86_64,True,True,transfer_mode=host;relay_node=edge-host-1,2026-04-13T01:24:47.062106,,,,,,,,,,,,
13-04-2026-host-cold-0004,CRIU,cold,no,610,25212,5564,307,6481,0.04,x86_64,x86_64,True,True,transfer_mode=host;relay_node=edge-host-1,2026-04-13T01:25:15.624090,,,,,,,,,,,,
13-04-2026-host-cold-0005,CRIU,cold,no,634,25190,5967,311,6912,0.03,x86_64,x86_64,True,True,transfer_mode=host;relay_node=edge-host-1,2026-04-13T01:25:43.920384,,,,,,,,,,,,
13-04-2026-host-cold-0006,CRIU,cold,no,619,25246,5897,314,6830,0.03,x86_64,x86_64,True,True,transfer_mode=host;relay_node=edge-host-1,2026-04-13T01:26:12.590933,,,,,,,,,,,,
13-04-2026-host-cold-0007,CRIU,cold,no,670,25488,6046,303,7019,0.03,x86_64,x86_64,True,True,transfer_mode=host;relay_node=edge-host-1,2026-04-13T01:26:41.309751,,,,,,,,,,,,
13-04-2026-host-cold-0008,CRIU,cold,no,601,25263,5713,311,6625,0.04,x86_64,x86_64,True,True,transfer_mode=host;relay_node=edge-host-1,2026-04-13T01:27:10.038331,,,,,,,,,,,,
13-04-2026-host-cold-0009,CRIU,cold,no,619,25432,5700,329,6648,0.04,x86_64,x86_64,True,True,transfer_mode=host;relay_node=edge-host-1,2026-04-13T01:27:38.361863,,,,,,,,,,,,
13-04-2026-host-cold-0010,CRIU,cold,no,634,25480,5928,318,6880,0.03,x86_64,x86_64,True,True,transfer_mode=host;relay_node=edge-host-1,2026-04-13T01:28:07.455009,,,,,,,,,,,,
13-04-2026-host-cold-0011,CRIU,cold,no,618,25349,5664,307,6589,0.04,x86_64,x86_64,True,True,transfer_mode=host;relay_node=edge-host-1,2026-04-13T01:28:35.663909,,,,,,,,,,,,
13-04-2026-host-cold-0012,CRIU,cold,no,613,25266,6602,311,7526,0.03,x86_64,x86_64,True,True,transfer_mode=host;relay_node=edge-host-1,2026-04-13T01:29:04.747509,,,,,,,,,,,,
13-04-2026-host-cold-0013,CRIU,cold,no,625,25453,5636,312,6573,0.04,x86_64,x86_64,True,True,transfer_mode=host;relay_node=edge-host-1,2026-04-13T01:29:33.170928,,,,,,,,,,,,
13-04-2026-host-cold-0014,CRIU,cold,no,617,25517,5727,306,6650,0.04,x86_64,x86_64,True,True,transfer_mode=host;relay_node=edge-host-1,2026-04-13T01:30:01.454043,,,,,,,,,,,,
13-04-2026-host-cold-0015,CRIU,cold,no,622,25307,5988,318,6928,0.03,x86_64,x86_64,True,True,transfer_mode=host;relay_node=edge-host-1,2026-04-13T01:30:30.584915,,,,,,,,,,,,
13-04-2026-host-cold-0016,CRIU,cold,no,621,25218,5638,310,6569,0.04,x86_64,x86_64,True,True,transfer_mode=host;relay_node=edge-host-1,2026-04-13T01:30:58.703290,,,,,,,,,,,,
13-04-2026-host-cold-0017,CRIU,cold,no,620,25402,5942,302,6864,0.03,x86_64,x86_64,True,True,transfer_mode=host;relay_node=edge-host-1,2026-04-13T01:31:27.771607,,,,,,,,,,,,
13-04-2026-host-cold-0018,CRIU,cold,no,615,25199,5669,303,6587,0.04,x86_64,x86_64,True,True,transfer_mode=host;relay_node=edge-host-1,2026-04-13T01:31:55.982414,,,,,,,,,,,,
13-04-2026-host-cold-0019,CRIU,cold,no,623,25424,5934,320,6877,0.03,x86_64,x86_64,True,True,transfer_mode=host;relay_node=edge-host-1,2026-04-13T01:32:24.695754,,,,,,,,,,,,
13-04-2026-host-cold-0020,CRIU,cold,no,613,25150,5984,308,6905,0.03,x86_64,x86_64,True,True,transfer_mode=host;relay_node=edge-host-1,2026-04-13T01:32:53.598178,,,,,,,,,,,,
13-04-2026-host-cold-0021,CRIU,cold,no,613,25564,5948,329,6890,0.03,x86_64,x86_64,True,True,transfer_mode=host;relay_node=edge-host-1,2026-04-13T01:33:22.586710,,,,,,,,,,,,
13-04-2026-host-cold-0022,CRIU,cold,no,611,25197,6192,306,7109,0.03,x86_64,x86_64,True,True,transfer_mode=host;relay_node=edge-host-1,2026-04-13T01:33:51.428224,,,,,,,,,,,,
13-04-2026-host-cold-0023,CRIU,cold,no,619,25554,5737,309,6665,0.04,x86_64,x86_64,True,True,transfer_mode=host;relay_node=edge-host-1,2026-04-13T01:34:20.155042,,,,,,,,,,,,
13-04-2026-host-cold-0024,CRIU,cold,no,593,25374,5734,309,6636,0.04,x86_64,x86_64,True,True,transfer_mode=host;relay_node=edge-host-1,2026-04-13T01:34:48.415343,,,,,,,,,,,,
13-04-2026-host-cold-0025,CRIU,cold,no,613,25570,6260,299,7172,0.03,x86_64,x86_64,True,True,transfer_mode=host;relay_node=edge-host-1,2026-04-13T01:35:17.462917,,,,,,,,,,,,
13-04-2026-host-cold-0026,CRIU,cold,no,612,25279,5686,301,6599,0.04,x86_64,x86_64,True,True,transfer_mode=host;relay_node=edge-host-1,2026-04-13T01:35:45.590848,,,,,,,,,,,,
13-04-2026-host-cold-0027,CRIU,cold,no,622,25264,5972,295,6889,0.03,x86_64,x86_64,True,True,transfer_mode=host;relay_node=edge-host-1,2026-04-13T01:36:14.186947,,,,,,,,,,,,
13-04-2026-host-cold-0028,CRIU,cold,no,614,25446,5767,309,6690,0.04,x86_64,x86_64,True,True,transfer_mode=host;relay_node=edge-host-1,2026-04-13T01:36:43.086595,,,,,,,,,,,,
13-04-2026-host-cold-0029,CRIU,cold,no,616,25263,5698,303,6617,0.04,x86_64,x86_64,True,True,transfer_mode=host;relay_node=edge-host-1,2026-04-13T01:37:11.545370,,,,,,,,,,,,
13-04-2026-direct-cold-0000,CRIU,cold,no,596,25163,2771,310,3677,0.07,x86_64,x86_64,True,True,transfer_mode=direct,2026-04-13T01:37:39.004956,,,,,,,,,,,,
13-04-2026-direct-cold-0001,CRIU,cold,no,618,25334,2521,317,3456,0.08,x86_64,x86_64,True,True,transfer_mode=direct,2026-04-13T01:38:05.624112,,,,,,,,,,,,
13-04-2026-direct-cold-0002,CRIU,cold,no,618,25487,2477,305,3400,0.08,x86_64,x86_64,True,True,transfer_mode=direct,2026-04-13T01:38:32.993605,,,,,,,,,,,,
13-04-2026-direct-cold-0003,CRIU,cold,no,675,25295,2533,314,3522,0.08,x86_64,x86_64,True,True,transfer_mode=direct,2026-04-13T01:38:59.958277,,,,,,,,,,,,
13-04-2026-direct-cold-0004,CRIU,cold,no,890,25202,2517,313,3720,0.08,x86_64,x86_64,True,True,transfer_mode=direct,2026-04-13T01:39:27.402038,,,,,,,,,,,,
13-04-2026-direct-cold-0005,CRIU,cold,no,587,25294,2534,298,3419,0.08,x86_64,x86_64,True,True,transfer_mode=direct,2026-04-13T01:39:54.002300,,,,,,,,,,,,
13-04-2026-direct-cold-0006,CRIU,cold,no,604,25440,2539,317,3460,0.08,x86_64,x86_64,True,True,transfer_mode=direct,2026-04-13T01:40:20.832218,,,,,,,,,,,,
13-04-2026-direct-cold-0007,CRIU,cold,no,623,25185,2503,316,3442,0.08,x86_64,x86_64,True,True,transfer_mode=direct,2026-04-13T01:40:48.026784,,,,,,,,,,,,
13-04-2026-direct-cold-0008,CRIU,cold,no,607,25160,2531,307,3445,0.08,x86_64,x86_64,True,True,transfer_mode=direct,2026-04-13T01:41:14.785372,,,,,,,,,,,,
13-04-2026-direct-cold-0009,CRIU,cold,no,619,25504,2509,318,3446,0.08,x86_64,x86_64,True,True,transfer_mode=direct,2026-04-13T01:41:42.002434,,,,,,,,,,,,
13-04-2026-direct-cold-0010,CRIU,cold,no,613,25403,2499,303,3415,0.08,x86_64,x86_64,True,True,transfer_mode=direct,2026-04-13T01:42:08.676686,,,,,,,,,,,,
13-04-2026-direct-cold-0011,CRIU,cold,no,915,25221,2881,308,4104,0.07,x86_64,x86_64,True,True,transfer_mode=direct,2026-04-13T01:42:36.054746,,,,,,,,,,,,
13-04-2026-direct-cold-0012,CRIU,cold,no,600,25257,2523,305,3428,0.08,x86_64,x86_64,True,True,transfer_mode=direct,2026-04-13T01:43:02.879943,,,,,,,,,,,,
13-04-2026-direct-cold-0013,CRIU,cold,no,632,25344,2540,305,3477,0.08,x86_64,x86_64,True,True,transfer_mode=direct,2026-04-13T01:43:29.594371,,,,,,,,,,,,
13-04-2026-direct-cold-0014,CRIU,cold,no,616,25471,2541,318,3475,0.08,x86_64,x86_64,True,True,transfer_mode=direct,2026-04-13T01:43:56.816009,,,,,,,,,,,,
13-04-2026-direct-cold-0015,CRIU,cold,no,599,25341,2527,312,3438,0.08,x86_64,x86_64,True,True,transfer_mode=direct,2026-04-13T01:44:23.504467,,,,,,,,,,,,
13-04-2026-direct-cold-0016,CRIU,cold,no,610,25185,2530,308,3448,0.08,x86_64,x86_64,True,True,transfer_mode=direct,2026-04-13T01:44:50.794449,,,,,,,,,,,,
13-04-2026-direct-cold-0017,CRIU,cold,no,606,25326,2538,321,3465,0.08,x86_64,x86_64,True,True,transfer_mode=direct,2026-04-13T01:45:17.628688,,,,,,,,,,,,
13-04-2026-direct-cold-0018,CRIU,cold,no,912,25237,2561,320,3793,0.08,x86_64,x86_64,True,True,transfer_mode=direct,2026-04-13T01:45:45.042105,,,,,,,,,,,,
13-04-2026-direct-cold-0019,CRIU,cold,no,632,25580,2533,310,3475,0.08,x86_64,x86_64,True,True,transfer_mode=direct,2026-04-13T01:46:11.807607,,,,,,,,,,,,
13-04-2026-direct-cold-0020,CRIU,cold,no,611,25284,2823,313,3747,0.07,x86_64,x86_64,True,True,transfer_mode=direct,2026-04-13T01:46:38.727050,,,,,,,,,,,,
13-04-2026-direct-cold-0021,CRIU,cold,no,625,25510,2553,311,3489,0.08,x86_64,x86_64,True,True,transfer_mode=direct,2026-04-13T01:47:05.872517,,,,,,,,,,,,
13-04-2026-direct-cold-0022,CRIU,cold,no,606,25282,2547,315,3468,0.08,x86_64,x86_64,True,True,transfer_mode=direct,2026-04-13T01:47:32.713540,,,,,,,,,,,,
13-04-2026-direct-cold-0023,CRIU,cold,no,603,25249,2571,308,3482,0.08,x86_64,x86_64,True,True,transfer_mode=direct,2026-04-13T01:47:59.936755,,,,,,,,,,,,
13-04-2026-direct-cold-0024,CRIU,cold,no,609,25318,2545,317,3471,0.08,x86_64,x86_64,True,True,transfer_mode=direct,2026-04-13T01:48:26.732424,,,,,,,,,,,,
13-04-2026-direct-cold-0025,CRIU,cold,no,884,25250,2534,312,3730,0.08,x86_64,x86_64,True,True,transfer_mode=direct,2026-04-13T01:48:54.047072,,,,,,,,,,,,
13-04-2026-direct-cold-0026,CRIU,cold,no,617,25306,2513,305,3435,0.08,x86_64,x86_64,True,True,transfer_mode=direct,2026-04-13T01:49:20.939471,,,,,,,,,,,,
13-04-2026-direct-cold-0027,CRIU,cold,no,630,25286,2537,290,3457,0.08,x86_64,x86_64,True,True,transfer_mode=direct,2026-04-13T01:49:48.027997,,,,,,,,,,,,
13-04-2026-direct-cold-0028,CRIU,cold,no,610,25240,2531,325,3466,0.08,x86_64,x86_64,True,True,transfer_mode=direct,2026-04-13T01:50:15.310360,,,,,,,,,,,,
13-04-2026-direct-cold-0029,CRIU,cold,no,620,25290,2801,323,3744,0.07,x86_64,x86_64,True,True,transfer_mode=direct,2026-04-13T01:50:42.310012,,,,,,,,,,,,
13-04-2026-host-precopy-0000,CRIU,precopy,no,594,31167,5959,307,6860,0.04,x86_64,x86_64,True,True,transfer_mode=host;iterations=3;relay_node=edge-host-1,2026-04-13T01:51:14.741982,,,,,,,,,,,,
13-04-2026-host-precopy-0001,CRIU,precopy,no,579,32463,5994,321,6894,0.04,x86_64,x86_64,True,True,transfer_mode=host;iterations=3;relay_node=edge-host-1,2026-04-13T01:51:47.392759,,,,,,,,,,,,
13-04-2026-host-precopy-0002,CRIU,precopy,no,588,32032,6099,316,7003,0.04,x86_64,x86_64,True,True,transfer_mode=host;iterations=3;relay_node=edge-host-1,2026-04-13T01:52:19.938095,,,,,,,,,,,,
13-04-2026-host-precopy-0003,CRIU,precopy,no,609,33086,6125,302,7036,0.04,x86_64,x86_64,True,True,transfer_mode=host;iterations=3;relay_node=edge-host-1,2026-04-13T01:52:52.333979,,,,,,,,,,,,
13-04-2026-host-precopy-0004,CRIU,precopy,no,609,32481,6021,351,6981,0.04,x86_64,x86_64,True,True,transfer_mode=host;iterations=3;relay_node=edge-host-1,2026-04-13T01:53:25.565751,,,,,,,,,,,,
13-04-2026-host-precopy-0005,CRIU,precopy,no,587,32360,6029,368,6984,0.04,x86_64,x86_64,True,True,transfer_mode=host;iterations=3;relay_node=edge-host-1,2026-04-13T01:53:58.200877,,,,,,,,,,,,
13-04-2026-host-precopy-0006,CRIU,precopy,no,582,31701,6183,314,7079,0.04,x86_64,x86_64,True,True,transfer_mode=host;iterations=3;relay_node=edge-host-1,2026-04-13T01:54:31.490792,,,,,,,,,,,,
13-04-2026-host-precopy-0007,CRIU,precopy,no,584,32374,5972,331,6887,0.04,x86_64,x86_64,True,True,transfer_mode=host;iterations=3;relay_node=edge-host-1,2026-04-13T01:55:03.863350,,,,,,,,,,,,
13-04-2026-host-precopy-0008,CRIU,precopy,no,633,31633,6190,331,7154,0.04,x86_64,x86_64,True,True,transfer_mode=host;iterations=3;relay_node=edge-host-1,2026-04-13T01:55:37.026983,,,,,,,,,,,,
13-04-2026-host-precopy-0009,CRIU,precopy,no,606,32556,6085,327,7018,0.04,x86_64,x86_64,True,True,transfer_mode=host;iterations=3;relay_node=edge-host-1,2026-04-13T01:56:09.749572,,,,,,,,,,,,
13-04-2026-host-precopy-0010,CRIU,precopy,no,613,33153,6309,304,7226,0.04,x86_64,x86_64,True,True,transfer_mode=host;iterations=3;relay_node=edge-host-1,2026-04-13T01:56:43.059637,,,,,,,,,,,,
13-04-2026-host-precopy-0011,CRIU,precopy,no,580,31843,6166,313,7059,0.04,x86_64,x86_64,True,True,transfer_mode=host;iterations=3;relay_node=edge-host-1,2026-04-13T01:57:15.676850,,,,,,,,,,,,
13-04-2026-host-precopy-0012,CRIU,precopy,no,622,31856,6276,333,7231,0.04,x86_64,x86_64,True,True,transfer_mode=host;iterations=3;relay_node=edge-host-1,2026-04-13T01:57:48.789876,,,,,,,,,,,,
13-04-2026-host-precopy-0013,CRIU,precopy,no,599,32979,6129,304,7032,0.04,x86_64,x86_64,True,True,transfer_mode=host;iterations=3;relay_node=edge-host-1,2026-04-13T01:58:21.704444,,,,,,,,,,,,
13-04-2026-host-precopy-0014,CRIU,precopy,no,737,31859,6128,302,7167,0.04,x86_64,x86_64,True,True,transfer_mode=host;iterations=3;relay_node=edge-host-1,2026-04-13T01:58:54.996422,,,,,,,,,,,,
13-04-2026-host-precopy-0015,CRIU,precopy,no,606,31436,5944,310,6860,0.04,x86_64,x86_64,True,True,transfer_mode=host;iterations=3;relay_node=edge-host-1,2026-04-13T01:59:27.036344,,,,,,,,,,,,
13-04-2026-host-precopy-0016,CRIU,precopy,no,585,31576,5919,301,6805,0.04,x86_64,x86_64,True,True,transfer_mode=host;iterations=3;relay_node=edge-host-1,2026-04-13T01:59:59.496870,,,,,,,,,,,,
13-04-2026-host-precopy-0017,CRIU,precopy,no,584,32418,5971,302,6857,0.04,x86_64,x86_64,True,True,transfer_mode=host;iterations=3;relay_node=edge-host-1,2026-04-13T02:00:31.482076,,,,,,,,,,,,
13-04-2026-host-precopy-0018,CRIU,precopy,no,642,32457,6124,294,7060,0.04,x86_64,x86_64,True,True,transfer_mode=host;iterations=3;relay_node=edge-host-1,2026-04-13T02:01:03.981414,,,,,,,,,,,,
13-04-2026-host-precopy-0019,CRIU,precopy,no,603,32498,6136,308,7047,0.04,x86_64,x86_64,True,True,transfer_mode=host;iterations=3;relay_node=edge-host-1,2026-04-13T02:01:36.903223,,,,,,,,,,,,
13-04-2026-host-precopy-0020,CRIU,precopy,no,589,33153,6132,324,7045,0.04,x86_64,x86_64,True,True,transfer_mode=host;iterations=3;relay_node=edge-host-1,2026-04-13T02:02:09.634586,,,,,,,,,,,,
13-04-2026-host-precopy-0021,CRIU,precopy,no,604,32036,6066,313,6983,0.04,x86_64,x86_64,True,True,transfer_mode=host;iterations=3;relay_node=edge-host-1,2026-04-13T02:02:42.001704,,,,,,,,,,,,
13-04-2026-host-precopy-0022,CRIU,precopy,no,600,31589,6001,306,6907,0.04,x86_64,x86_64,True,True,transfer_mode=host;iterations=3;relay_node=edge-host-1,2026-04-13T02:03:14.617849,,,,,,,,,,,,
13-04-2026-host-precopy-0023,CRIU,precopy,no,589,31733,6066,307,6962,0.04,x86_64,x86_64,True,True,transfer_mode=host;iterations=3;relay_node=edge-host-1,2026-04-13T02:03:46.988942,,,,,,,,,,,,
13-04-2026-host-precopy-0024,CRIU,precopy,no,645,33052,6360,317,7322,0.04,x86_64,x86_64,True,True,transfer_mode=host;iterations=3;relay_node=edge-host-1,2026-04-13T02:04:20.625771,,,,,,,,,,,,
13-04-2026-host-precopy-0025,CRIU,precopy,no,601,32458,6022,315,6938,0.04,x86_64,x86_64,True,True,transfer_mode=host;iterations=3;relay_node=edge-host-1,2026-04-13T02:04:53.213278,,,,,,,,,,,,
13-04-2026-host-precopy-0026,CRIU,precopy,no,621,31817,5983,306,6910,0.04,x86_64,x86_64,True,True,transfer_mode=host;iterations=3;relay_node=edge-host-1,2026-04-13T02:05:25.965914,,,,,,,,,,,,
13-04-2026-host-precopy-0027,CRIU,precopy,no,616,32999,6026,314,6956,0.04,x86_64,x86_64,True,True,transfer_mode=host;iterations=3;relay_node=edge-host-1,2026-04-13T02:05:58.342616,,,,,,,,,,,,
13-04-2026-host-precopy-0028,CRIU,precopy,no,715,32509,5958,303,6976,0.04,x86_64,x86_64,True,True,transfer_mode=host;iterations=3;relay_node=edge-host-1,2026-04-13T02:06:31.162574,,,,,,,,,,,,
13-04-2026-host-precopy-0029,CRIU,precopy,no,593,32271,6066,309,6968,0.04,x86_64,x86_64,True,True,transfer_mode=host;iterations=3;relay_node=edge-host-1,2026-04-13T02:07:03.561958,,,,,,,,,,,,
13-04-2026-direct-precopy-0000,CRIU,precopy,no,587,31776,2562,307,3456,0.10,x86_64,x86_64,True,True,transfer_mode=direct;iterations=3,2026-04-13T02:07:34.535015,,,,,,,,,,,,
13-04-2026-direct-precopy-0001,CRIU,precopy,no,604,32364,2771,308,3683,0.09,x86_64,x86_64,True,True,transfer_mode=direct;iterations=3,2026-04-13T02:08:06.060279,,,,,,,,,,,,
13-04-2026-direct-precopy-0002,CRIU,precopy,no,606,32984,2541,315,3462,0.10,x86_64,x86_64,True,True,transfer_mode=direct;iterations=3,2026-04-13T02:08:36.911100,,,,,,,,,,,,
13-04-2026-direct-precopy-0003,CRIU,precopy,no,594,32977,2608,305,3507,0.10,x86_64,x86_64,True,True,transfer_mode=direct;iterations=3,2026-04-13T02:09:07.969053,,,,,,,,,,,,
13-04-2026-direct-precopy-0004,CRIU,precopy,no,622,33048,2553,324,3499,0.10,x86_64,x86_64,True,True,transfer_mode=direct;iterations=3,2026-04-13T02:09:38.784647,,,,,,,,,,,,
13-04-2026-direct-precopy-0005,CRIU,precopy,no,600,33027,2591,327,3518,0.10,x86_64,x86_64,True,True,transfer_mode=direct;iterations=3,2026-04-13T02:10:10.014577,,,,,,,,,,,,
13-04-2026-direct-precopy-0006,CRIU,precopy,no,618,33079,2548,309,3475,0.10,x86_64,x86_64,True,True,transfer_mode=direct;iterations=3,2026-04-13T02:10:40.834757,,,,,,,,,,,,
13-04-2026-direct-precopy-0007,CRIU,precopy,no,614,31777,2556,315,3485,0.10,x86_64,x86_64,True,True,transfer_mode=direct;iterations=3,2026-04-13T02:11:11.653781,,,,,,,,,,,,
13-04-2026-direct-precopy-0008,CRIU,precopy,no,603,31854,2556,316,3475,0.10,x86_64,x86_64,True,True,transfer_mode=direct;iterations=3,2026-04-13T02:11:42.749495,,,,,,,,,,,,
13-04-2026-direct-precopy-0009,CRIU,precopy,no,597,32251,2557,313,3467,0.10,x86_64,x86_64,True,True,transfer_mode=direct;iterations=3,2026-04-13T02:12:13.928572,,,,,,,,,,,,
13-04-2026-direct-precopy-0010,CRIU,precopy,no,591,32149,2568,316,3475,0.10,x86_64,x86_64,True,True,transfer_mode=direct;iterations=3,2026-04-13T02:12:44.772011,,,,,,,,,,,,
13-04-2026-direct-precopy-0011,CRIU,precopy,no,587,32457,2796,358,3741,0.09,x86_64,x86_64,True,True,transfer_mode=direct;iterations=3,2026-04-13T02:13:16.292791,,,,,,,,,,,,
13-04-2026-direct-precopy-0012,CRIU,precopy,no,708,33073,2542,307,3557,0.10,x86_64,x86_64,True,True,transfer_mode=direct;iterations=3,2026-04-13T02:13:47.737046,,,,,,,,,,,,
13-04-2026-direct-precopy-0013,CRIU,precopy,no,616,31368,2578,307,3501,0.10,x86_64,x86_64,True,True,transfer_mode=direct;iterations=3,2026-04-13T02:14:18.963325,,,,,,,,,,,,
13-04-2026-direct-precopy-0014,CRIU,precopy,no,586,31823,2537,315,3438,0.10,x86_64,x86_64,True,True,transfer_mode=direct;iterations=3,2026-04-13T02:14:50.083928,,,,,,,,,,,,
13-04-2026-direct-precopy-0015,CRIU,precopy,no,599,32480,2547,316,3462,0.10,x86_64,x86_64,True,True,transfer_mode=direct;iterations=3,2026-04-13T02:15:21.104064,,,,,,,,,,,,
13-04-2026-direct-precopy-0016,CRIU,precopy,no,614,31254,2576,316,3506,0.10,x86_64,x86_64,True,True,transfer_mode=direct;iterations=3,2026-04-13T02:15:51.882418,,,,,,,,,,,,
13-04-2026-direct-precopy-0017,CRIU,precopy,no,601,31971,2583,301,3485,0.10,x86_64,x86_64,True,True,transfer_mode=direct;iterations=3,2026-04-13T02:16:22.943749,,,,,,,,,,,,
13-04-2026-direct-precopy-0018,CRIU,precopy,no,596,33181,2600,318,3514,0.10,x86_64,x86_64,True,True,transfer_mode=direct;iterations=3,2026-04-13T02:16:53.821773,,,,,,,,,,,,
13-04-2026-direct-precopy-0019,CRIU,precopy,no,586,31892,2790,319,3695,0.09,x86_64,x86_64,True,True,transfer_mode=direct;iterations=3,2026-04-13T02:17:24.769325,,,,,,,,,,,,
13-04-2026-direct-precopy-0020,CRIU,precopy,no,588,31747,2574,301,3463,0.10,x86_64,x86_64,True,True,transfer_mode=direct;iterations=3,2026-04-13T02:17:55.707710,,,,,,,,,,,,
13-04-2026-direct-precopy-0021,CRIU,precopy,no,600,32467,2522,305,3427,0.10,x86_64,x86_64,True,True,transfer_mode=direct;iterations=3,2026-04-13T02:18:26.530408,,,,,,,,,,,,
13-04-2026-direct-precopy-0022,CRIU,precopy,no,581,32582,2571,308,3460,0.10,x86_64,x86_64,True,True,transfer_mode=direct;iterations=3,2026-04-13T02:18:57.403441,,,,,,,,,,,,
13-04-2026-direct-precopy-0023,CRIU,precopy,no,590,31845,2585,310,3485,0.10,x86_64,x86_64,True,True,transfer_mode=direct;iterations=3,2026-04-13T02:19:28.640174,,,,,,,,,,,,
13-04-2026-direct-precopy-0024,CRIU,precopy,no,599,31606,2572,300,3471,0.10,x86_64,x86_64,True,True,transfer_mode=direct;iterations=3,2026-04-13T02:19:59.704452,,,,,,,,,,,,
13-04-2026-direct-precopy-0025,CRIU,precopy,no,610,32405,2560,308,3478,0.10,x86_64,x86_64,True,True,transfer_mode=direct;iterations=3,2026-04-13T02:20:30.647106,,,,,,,,,,,,
13-04-2026-direct-precopy-0026,CRIU,precopy,no,594,31788,2536,319,3449,0.10,x86_64,x86_64,True,True,transfer_mode=direct;iterations=3,2026-04-13T02:21:01.881184,,,,,,,,,,,,
13-04-2026-direct-precopy-0027,CRIU,precopy,no,601,33083,2562,317,3480,0.10,x86_64,x86_64,True,True,transfer_mode=direct;iterations=3,2026-04-13T02:21:32.907226,,,,,,,,,,,,
13-04-2026-direct-precopy-0028,CRIU,precopy,no,590,32450,2551,324,3465,0.10,x86_64,x86_64,True,True,transfer_mode=direct;iterations=3,2026-04-13T02:22:04.011573,,,,,,,,,,,,
13-04-2026-direct-precopy-0029,CRIU,precopy,no,587,31503,2633,314,3534,0.10,x86_64,x86_64,True,True,transfer_mode=direct;iterations=3,2026-04-13T02:22:35.395124,,,,,,,,,,,,
13-04-2026-host-postcopy-0000,CRIU,postcopy,no,1035,22565,6310,313,7658,0.03,x86_64,x86_64,True,True,transfer_mode=host;lazy_pages_port=9999;relay_node=edge-host-1,2026-04-13T02:23:07.948712,,,,,,,,,,,,
13-04-2026-host-postcopy-0001,CRIU,postcopy,no,1256,22658,6034,324,7614,0.03,x86_64,x86_64,True,True,transfer_mode=host;lazy_pages_port=9999;relay_node=edge-host-1,2026-04-13T02:23:40.749104,,,,,,,,,,,,
13-04-2026-host-postcopy-0002,CRIU,postcopy,no,1030,22653,6111,319,7460,0.03,x86_64,x86_64,True,True,transfer_mode=host;lazy_pages_port=9999;relay_node=edge-host-1,2026-04-13T02:24:12.855165,,,,,,,,,,,,
13-04-2026-host-postcopy-0003,CRIU,postcopy,no,1002,22672,5764,325,7091,0.03,x86_64,x86_64,True,True,transfer_mode=host;lazy_pages_port=9999;relay_node=edge-host-1,2026-04-13T02:24:45.073884,,,,,,,,,,,,
13-04-2026-host-postcopy-0004,CRIU,postcopy,no,1013,22767,6373,319,7705,0.03,x86_64,x86_64,True,True,transfer_mode=host;lazy_pages_port=9999;relay_node=edge-host-1,2026-04-13T02:25:17.354607,,,,,,,,,,,,
13-04-2026-host-postcopy-0005,CRIU,postcopy,no,1014,22602,5788,319,7121,0.03,x86_64,x86_64,True,True,transfer_mode=host;lazy_pages_port=9999;relay_node=edge-host-1,2026-04-13T02:25:49.840203,,,,,,,,,,,,
13-04-2026-host-postcopy-0006,CRIU,postcopy,no,1028,22607,6028,314,7370,0.03,x86_64,x86_64,True,True,transfer_mode=host;lazy_pages_port=9999;relay_node=edge-host-1,2026-04-13T02:26:22.113541,,,,,,,,,,,,
13-04-2026-host-postcopy-0007,CRIU,postcopy,no,1025,22574,5840,316,7181,0.03,x86_64,x86_64,True,True,transfer_mode=host;lazy_pages_port=9999;relay_node=edge-host-1,2026-04-13T02:26:54.603179,,,,,,,,,,,,
13-04-2026-host-postcopy-0008,CRIU,postcopy,no,1013,22586,6041,322,7376,0.03,x86_64,x86_64,True,True,transfer_mode=host;lazy_pages_port=9999;relay_node=edge-host-1,2026-04-13T02:27:26.886418,,,,,,,,,,,,
13-04-2026-host-postcopy-0009,CRIU,postcopy,no,1044,22539,5723,310,7077,0.03,x86_64,x86_64,True,True,transfer_mode=host;lazy_pages_port=9999;relay_node=edge-host-1,2026-04-13T02:27:59.223620,,,,,,,,,,,,
13-04-2026-host-postcopy-0010,CRIU,postcopy,no,1071,22714,6002,317,7390,0.03,x86_64,x86_64,True,True,transfer_mode=host;lazy_pages_port=9999;relay_node=edge-host-1,2026-04-13T02:28:31.177886,,,,,,,,,,,,
13-04-2026-host-postcopy-0011,CRIU,postcopy,no,1015,22584,5797,321,7133,0.03,x86_64,x86_64,True,True,transfer_mode=host;lazy_pages_port=9999;relay_node=edge-host-1,2026-04-13T02:29:03.350338,,,,,,,,,,,,
13-04-2026-host-postcopy-0012,CRIU,postcopy,no,1011,22491,5976,317,7304,0.03,x86_64,x86_64,True,True,transfer_mode=host;lazy_pages_port=9999;relay_node=edge-host-1,2026-04-13T02:29:35.229284,,,,,,,,,,,,
13-04-2026-host-postcopy-0013,CRIU,postcopy,no,1049,22671,5741,317,7107,0.03,x86_64,x86_64,True,True,transfer_mode=host;lazy_pages_port=9999;relay_node=edge-host-1,2026-04-13T02:30:07.854061,,,,,,,,,,,,
13-04-2026-host-postcopy-0014,CRIU,postcopy,no,1024,22700,5977,319,7320,0.03,x86_64,x86_64,True,True,transfer_mode=host;lazy_pages_port=9999;relay_node=edge-host-1,2026-04-13T02:30:39.796804,,,,,,,,,,,,
13-04-2026-host-postcopy-0015,CRIU,postcopy,no,1027,22639,5721,331,7079,0.03,x86_64,x86_64,True,True,transfer_mode=host;lazy_pages_port=9999;relay_node=edge-host-1,2026-04-13T02:31:12.169290,,,,,,,,,,,,
13-04-2026-host-postcopy-0016,CRIU,postcopy,no,1040,22572,5982,313,7335,0.03,x86_64,x86_64,True,True,transfer_mode=host;lazy_pages_port=9999;relay_node=edge-host-1,2026-04-13T02:31:44.455615,,,,,,,,,,,,
13-04-2026-host-postcopy-0017,CRIU,postcopy,no,1028,22563,5767,313,7108,0.03,x86_64,x86_64,True,True,transfer_mode=host;lazy_pages_port=9999;relay_node=edge-host-1,2026-04-13T02:32:16.659702,,,,,,,,,,,,
13-04-2026-host-postcopy-0018,CRIU,postcopy,no,994,22611,6169,321,7484,0.03,x86_64,x86_64,True,True,transfer_mode=host;lazy_pages_port=9999;relay_node=edge-host-1,2026-04-13T02:32:48.751371,,,,,,,,,,,,
13-04-2026-host-postcopy-0019,CRIU,postcopy,no,1046,22776,5698,316,7060,0.03,x86_64,x86_64,True,True,transfer_mode=host;lazy_pages_port=9999;relay_node=edge-host-1,2026-04-13T02:33:21.131961,,,,,,,,,,,,
13-04-2026-host-postcopy-0020,CRIU,postcopy,no,1047,22747,6006,322,7375,0.03,x86_64,x86_64,True,True,transfer_mode=host;lazy_pages_port=9999;relay_node=edge-host-1,2026-04-13T02:33:53.144547,,,,,,,,,,,,
13-04-2026-host-postcopy-0021,CRIU,postcopy,no,1016,22577,5820,326,7162,0.03,x86_64,x86_64,True,True,transfer_mode=host;lazy_pages_port=9999;relay_node=edge-host-1,2026-04-13T02:34:25.661391,,,,,,,,,,,,
13-04-2026-host-postcopy-0022,CRIU,postcopy,no,1016,22665,6030,328,7374,0.03,x86_64,x86_64,True,True,transfer_mode=host;lazy_pages_port=9999;relay_node=edge-host-1,2026-04-13T02:34:58.337133,,,,,,,,,,,,
13-04-2026-host-postcopy-0023,CRIU,postcopy,no,1026,22565,5783,311,7120,0.03,x86_64,x86_64,True,True,transfer_mode=host;lazy_pages_port=9999;relay_node=edge-host-1,2026-04-13T02:35:30.456154,,,,,,,,,,,,
13-04-2026-host-postcopy-0024,CRIU,postcopy,no,1024,22697,5972,311,7307,0.03,x86_64,x86_64,True,True,transfer_mode=host;lazy_pages_port=9999;relay_node=edge-host-1,2026-04-13T02:36:02.483857,,,,,,,,,,,,
13-04-2026-host-postcopy-0025,CRIU,postcopy,no,1070,22600,5775,321,7166,0.03,x86_64,x86_64,True,True,transfer_mode=host;lazy_pages_port=9999;relay_node=edge-host-1,2026-04-13T02:36:35.233012,,,,,,,,,,,,
13-04-2026-host-postcopy-0026,CRIU,postcopy,no,1061,22704,6023,309,7393,0.03,x86_64,x86_64,True,True,transfer_mode=host;lazy_pages_port=9999;relay_node=edge-host-1,2026-04-13T02:37:07.576341,,,,,,,,,,,,
13-04-2026-host-postcopy-0027,CRIU,postcopy,no,1084,22777,5787,320,7191,0.03,x86_64,x86_64,True,True,transfer_mode=host;lazy_pages_port=9999;relay_node=edge-host-1,2026-04-13T02:37:40.067080,,,,,,,,,,,,
13-04-2026-host-postcopy-0028,CRIU,postcopy,no,1055,22663,6085,310,7450,0.03,x86_64,x86_64,True,True,transfer_mode=host;lazy_pages_port=9999;relay_node=edge-host-1,2026-04-13T02:38:12.067567,,,,,,,,,,,,
13-04-2026-host-postcopy-0029,CRIU,postcopy,no,1054,22521,5707,322,7083,0.03,x86_64,x86_64,True,True,transfer_mode=host;lazy_pages_port=9999;relay_node=edge-host-1,2026-04-13T02:38:44.557992,,,,,,,,,,,,
13-04-2026-direct-postcopy-0000,CRIU,postcopy,no,1060,22677,2544,326,3930,0.07,x86_64,x86_64,True,True,transfer_mode=direct;lazy_pages_port=9999,2026-04-13T02:39:14.795854,,,,,,,,,,,,
13-04-2026-direct-postcopy-0001,CRIU,postcopy,no,1015,22588,2560,306,3881,0.07,x86_64,x86_64,True,True,transfer_mode=direct;lazy_pages_port=9999,2026-04-13T02:39:45.812448,,,,,,,,,,,,
13-04-2026-direct-postcopy-0002,CRIU,postcopy,no,1021,22684,2586,320,3927,0.07,x86_64,x86_64,True,True,transfer_mode=direct;lazy_pages_port=9999,2026-04-13T02:40:16.103794,,,,,,,,,,,,
13-04-2026-direct-postcopy-0003,CRIU,postcopy,no,1014,22587,2559,319,3892,0.07,x86_64,x86_64,True,True,transfer_mode=direct;lazy_pages_port=9999,2026-04-13T02:40:46.994796,,,,,,,,,,,,
13-04-2026-direct-postcopy-0004,CRIU,postcopy,no,1009,22623,2566,327,3902,0.07,x86_64,x86_64,True,True,transfer_mode=direct;lazy_pages_port=9999,2026-04-13T02:41:17.283538,,,,,,,,,,,,
13-04-2026-direct-postcopy-0005,CRIU,postcopy,no,999,22557,2565,323,3887,0.07,x86_64,x86_64,True,True,transfer_mode=direct;lazy_pages_port=9999,2026-04-13T02:41:47.967349,,,,,,,,,,,,
13-04-2026-direct-postcopy-0006,CRIU,postcopy,no,1029,22650,2527,321,3877,0.07,x86_64,x86_64,True,True,transfer_mode=direct;lazy_pages_port=9999,2026-04-13T02:42:18.041819,,,,,,,,,,,,
13-04-2026-direct-postcopy-0007,CRIU,postcopy,no,1265,22835,2574,320,4159,0.07,x86_64,x86_64,True,True,transfer_mode=direct;lazy_pages_port=9999,2026-04-13T02:42:49.233839,,,,,,,,,,,,
13-04-2026-direct-postcopy-0008,CRIU,postcopy,no,1020,22635,2802,319,4141,0.06,x86_64,x86_64,True,True,transfer_mode=direct;lazy_pages_port=9999,2026-04-13T02:43:19.817441,,,,,,,,,,,,
13-04-2026-direct-postcopy-0009,CRIU,postcopy,no,1021,22652,2544,315,3880,0.07,x86_64,x86_64,True,True,transfer_mode=direct;lazy_pages_port=9999,2026-04-13T02:43:50.583511,,,,,,,,,,,,
13-04-2026-direct-postcopy-0010,CRIU,postcopy,no,1039,22599,2551,309,3899,0.07,x86_64,x86_64,True,True,transfer_mode=direct;lazy_pages_port=9999,2026-04-13T02:44:20.818885,,,,,,,,,,,,
13-04-2026-direct-postcopy-0011,CRIU,postcopy,no,1038,22667,2576,314,3928,0.07,x86_64,x86_64,True,True,transfer_mode=direct;lazy_pages_port=9999,2026-04-13T02:44:51.705343,,,,,,,,,,,,
13-04-2026-direct-postcopy-0012,CRIU,postcopy,no,1027,22615,2576,321,3924,0.07,x86_64,x86_64,True,True,transfer_mode=direct;lazy_pages_port=9999,2026-04-13T02:45:22.407685,,,,,,,,,,,,
13-04-2026-direct-postcopy-0013,CRIU,postcopy,no,1014,22761,2599,314,3927,0.07,x86_64,x86_64,True,True,transfer_mode=direct;lazy_pages_port=9999,2026-04-13T02:45:53.214890,,,,,,,,,,,,
13-04-2026-direct-postcopy-0014,CRIU,postcopy,no,1046,22735,2615,310,3971,0.07,x86_64,x86_64,True,True,transfer_mode=direct;lazy_pages_port=9999,2026-04-13T02:46:23.504887,,,,,,,,,,,,
13-04-2026-direct-postcopy-0015,CRIU,postcopy,no,1018,22582,2582,323,3923,0.07,x86_64,x86_64,True,True,transfer_mode=direct;lazy_pages_port=9999,2026-04-13T02:46:54.462437,,,,,,,,,,,,
13-04-2026-direct-postcopy-0016,CRIU,postcopy,no,1017,22608,2638,313,3968,0.07,x86_64,x86_64,True,True,transfer_mode=direct;lazy_pages_port=9999,2026-04-13T02:47:24.915524,,,,,,,,,,,,
13-04-2026-direct-postcopy-0017,CRIU,postcopy,no,1026,22706,2544,313,3883,0.07,x86_64,x86_64,True,True,transfer_mode=direct;lazy_pages_port=9999,2026-04-13T02:47:55.697127,,,,,,,,,,,,
13-04-2026-direct-postcopy-0018,CRIU,postcopy,no,1005,22578,2546,316,3867,0.07,x86_64,x86_64,True,True,transfer_mode=direct;lazy_pages_port=9999,2026-04-13T02:48:25.917509,,,,,,,,,,,,
13-04-2026-direct-postcopy-0019,CRIU,postcopy,no,1022,22664,2670,309,4001,0.07,x86_64,x86_64,True,True,transfer_mode=direct;lazy_pages_port=9999,2026-04-13T02:48:56.753577,,,,,,,,,,,,
13-04-2026-direct-postcopy-0020,CRIU,postcopy,no,1019,22621,2572,332,3923,0.07,x86_64,x86_64,True,True,transfer_mode=direct;lazy_pages_port=9999,2026-04-13T02:49:26.964394,,,,,,,,,,,,
13-04-2026-direct-postcopy-0021,CRIU,postcopy,no,1021,22522,2567,320,3908,0.07,x86_64,x86_64,True,True,transfer_mode=direct;lazy_pages_port=9999,2026-04-13T02:49:58.046478,,,,,,,,,,,,
13-04-2026-direct-postcopy-0022,CRIU,postcopy,no,1007,22525,2861,320,4188,0.06,x86_64,x86_64,True,True,transfer_mode=direct;lazy_pages_port=9999,2026-04-13T02:50:28.442599,,,,,,,,,,,,
13-04-2026-direct-postcopy-0023,CRIU,postcopy,no,1004,22686,2567,318,3889,0.07,x86_64,x86_64,True,True,transfer_mode=direct;lazy_pages_port=9999,2026-04-13T02:50:59.474356,,,,,,,,,,,,
13-04-2026-direct-postcopy-0024,CRIU,postcopy,no,1016,22689,2711,310,4037,0.07,x86_64,x86_64,True,True,transfer_mode=direct;lazy_pages_port=9999,2026-04-13T02:51:30.374455,,,,,,,,,,,,
13-04-2026-direct-postcopy-0025,CRIU,postcopy,no,1018,22534,2666,382,4066,0.07,x86_64,x86_64,True,True,transfer_mode=direct;lazy_pages_port=9999,2026-04-13T02:52:02.087771,,,,,,,,,,,,
13-04-2026-direct-postcopy-0026,CRIU,postcopy,no,1030,22632,2715,321,4066,0.07,x86_64,x86_64,True,True,transfer_mode=direct;lazy_pages_port=9999,2026-04-13T02:52:33.429044,,,,,,,,,,,,
13-04-2026-direct-postcopy-0027,CRIU,postcopy,no,1088,22609,2692,336,4116,0.07,x86_64,x86_64,True,True,transfer_mode=direct;lazy_pages_port=9999,2026-04-13T02:53:05.565903,,,,,,,,,,,,
13-04-2026-direct-postcopy-0028,CRIU,postcopy,no,1066,22654,2755,349,4170,0.07,x86_64,x86_64,True,True,transfer_mode=direct;lazy_pages_port=9999,2026-04-13T02:53:37.334592,,,,,,,,,,,,
13-04-2026-direct-postcopy-0029,CRIU,postcopy,no,1062,22618,2741,329,4132,0.07,x86_64,x86_64,True,True,transfer_mode=direct;lazy_pages_port=9999,2026-04-13T02:54:09.692305,,,,,,,,,,,,
22-04-2026-host-cold-0000,CRIU,cold,no,626,25421,6524,303,7453,0.03,x86_64,x86_64,True,True,transfer_mode=host;relay_node=edge-host-1,2026-04-22T19:22:19.941652,1_WiFi_6,,,,,,,,,,,
22-04-2026-host-cold-0001,CRIU,cold,no,596,25602,6297,308,7201,0.03,x86_64,x86_64,True,True,transfer_mode=host;relay_node=edge-host-1,2026-04-22T19:22:48.710795,1_WiFi_6,,,,,,,,,,,
22-04-2026-host-cold-0002,CRIU,cold,no,608,25215,7003,381,7992,0.03,x86_64,x86_64,True,True,transfer_mode=host;relay_node=edge-host-1,2026-04-22T19:23:19.261962,1_WiFi_6,,,,,,,,,,,
22-04-2026-host-cold-0003,CRIU,cold,no,608,25263,6369,315,7292,0.03,x86_64,x86_64,True,True,transfer_mode=host;relay_node=edge-host-1,2026-04-22T19:23:48.677032,1_WiFi_6,,,,,,,,,,,
22-04-2026-host-cold-0004,CRIU,cold,no,601,25331,7023,324,7948,0.03,x86_64,x86_64,True,True,transfer_mode=host;relay_node=edge-host-1,2026-04-22T19:24:18.953114,1_WiFi_6,,,,,,,,,,,
22-04-2026-host-cold-0005,CRIU,cold,no,624,25352,6313,307,7244,0.03,x86_64,x86_64,True,True,transfer_mode=host;relay_node=edge-host-1,2026-04-22T19:24:47.955965,1_WiFi_6,,,,,,,,,,,
22-04-2026-host-cold-0006,CRIU,cold,no,622,25336,6666,314,7602,0.03,x86_64,x86_64,True,True,transfer_mode=host;relay_node=edge-host-1,2026-04-22T19:25:17.899845,1_WiFi_6,,,,,,,,,,,
22-04-2026-host-cold-0007,CRIU,cold,no,624,25213,6556,312,7492,0.03,x86_64,x86_64,True,True,transfer_mode=host;relay_node=edge-host-1,2026-04-22T19:25:47.046942,1_WiFi_6,,,,,,,,,,,
22-04-2026-host-cold-0008,CRIU,cold,no,603,25196,6693,313,7609,0.03,x86_64,x86_64,True,True,transfer_mode=host;relay_node=edge-host-1,2026-04-22T19:26:17.124318,1_WiFi_6,,,,,,,,,,,
22-04-2026-host-cold-0009,CRIU,cold,no,631,25164,6390,310,7331,0.03,x86_64,x86_64,True,True,transfer_mode=host;relay_node=edge-host-1,2026-04-22T19:26:46.157906,1_WiFi_6,,,,,,,,,,,
22-04-2026-host-cold-0010,CRIU,cold,no,643,25347,6385,317,7345,0.03,x86_64,x86_64,True,True,transfer_mode=host;relay_node=edge-host-1,2026-04-22T19:27:15.827179,1_WiFi_6,,,,,,,,,,,
22-04-2026-host-cold-0011,CRIU,cold,no,613,25296,6700,309,7622,0.03,x86_64,x86_64,True,True,transfer_mode=host;relay_node=edge-host-1,2026-04-22T19:27:44.993237,1_WiFi_6,,,,,,,,,,,
22-04-2026-host-cold-0012,CRIU,cold,no,613,25388,6746,308,7667,0.03,x86_64,x86_64,True,True,transfer_mode=host;relay_node=edge-host-1,2026-04-22T19:28:14.502005,1_WiFi_6,,,,,,,,,,,
22-04-2026-host-cold-0013,CRIU,cold,no,598,25073,6632,307,7537,0.03,x86_64,x86_64,True,True,transfer_mode=host;relay_node=edge-host-1,2026-04-22T19:28:43.630440,1_WiFi_6,,,,,,,,,,,
22-04-2026-host-cold-0014,CRIU,cold,no,615,25445,6908,305,7828,0.03,x86_64,x86_64,True,True,transfer_mode=host;relay_node=edge-host-1,2026-04-22T19:29:13.042218,1_WiFi_6,,,,,,,,,,,
22-04-2026-host-cold-0015,CRIU,cold,no,589,25437,6675,316,7580,0.03,x86_64,x86_64,True,True,transfer_mode=host;relay_node=edge-host-1,2026-04-22T19:29:41.940525,1_WiFi_6,,,,,,,,,,,
22-04-2026-host-cold-0016,CRIU,cold,no,610,25089,6877,310,7797,0.03,x86_64,x86_64,True,True,transfer_mode=host;relay_node=edge-host-1,2026-04-22T19:30:11.140414,1_WiFi_6,,,,,,,,,,,
22-04-2026-host-cold-0017,CRIU,cold,no,632,25178,6554,300,7486,0.03,x86_64,x86_64,True,True,transfer_mode=host;relay_node=edge-host-1,2026-04-22T19:30:40.057757,1_WiFi_6,,,,,,,,,,,
22-04-2026-host-cold-0018,CRIU,cold,no,608,25165,6289,306,7203,0.03,x86_64,x86_64,True,True,transfer_mode=host;relay_node=edge-host-1,2026-04-22T19:31:08.845413,1_WiFi_6,,,,,,,,,,,
22-04-2026-host-cold-0019,CRIU,cold,no,596,25132,6330,314,7240,0.03,x86_64,x86_64,True,True,transfer_mode=host;relay_node=edge-host-1,2026-04-22T19:31:37.646300,1_WiFi_6,,,,,,,,,,,
22-04-2026-direct-cold-0000,CRIU,cold,no,602,25386,2938,310,3850,0.07,x86_64,x86_64,True,True,transfer_mode=direct,2026-04-22T19:32:04.877635,1_WiFi_6,,,,,,,,,,,
22-04-2026-direct-cold-0001,CRIU,cold,no,599,25170,2832,304,3735,0.07,x86_64,x86_64,True,True,transfer_mode=direct,2026-04-22T19:32:32.464807,1_WiFi_6,,,,,,,,,,,
22-04-2026-direct-cold-0002,CRIU,cold,no,857,25153,2785,298,3940,0.07,x86_64,x86_64,True,True,transfer_mode=direct,2026-04-22T19:32:59.457879,1_WiFi_6,,,,,,,,,,,
22-04-2026-direct-cold-0003,CRIU,cold,no,606,25249,2847,309,3762,0.07,x86_64,x86_64,True,True,transfer_mode=direct,2026-04-22T19:33:27.159951,1_WiFi_6,,,,,,,,,,,
22-04-2026-direct-cold-0004,CRIU,cold,no,602,25195,2828,315,3745,0.07,x86_64,x86_64,True,True,transfer_mode=direct,2026-04-22T19:33:54.116936,1_WiFi_6,,,,,,,,,,,
22-04-2026-direct-cold-0005,CRIU,cold,no,879,25264,3245,304,4428,0.06,x86_64,x86_64,True,True,transfer_mode=direct,2026-04-22T19:34:21.924825,1_WiFi_6,,,,,,,,,,,
22-04-2026-direct-cold-0006,CRIU,cold,no,607,25248,2960,302,3869,0.07,x86_64,x86_64,True,True,transfer_mode=direct,2026-04-22T19:34:48.888651,1_WiFi_6,,,,,,,,,,,
22-04-2026-direct-cold-0007,CRIU,cold,no,593,25418,2831,309,3733,0.07,x86_64,x86_64,True,True,transfer_mode=direct,2026-04-22T19:35:15.932107,1_WiFi_6,,,,,,,,,,,
22-04-2026-direct-cold-0008,CRIU,cold,no,612,25139,2856,304,3772,0.07,x86_64,x86_64,True,True,transfer_mode=direct,2026-04-22T19:35:43.464354,1_WiFi_6,,,,,,,,,,,
22-04-2026-direct-cold-0009,CRIU,cold,no,611,25338,2861,307,3779,0.07,x86_64,x86_64,True,True,transfer_mode=direct,2026-04-22T19:36:10.505727,1_WiFi_6,,,,,,,,,,,
22-04-2026-direct-cold-0010,CRIU,cold,no,595,25333,2868,334,3797,0.07,x86_64,x86_64,True,True,transfer_mode=direct,2026-04-22T19:36:38.058320,1_WiFi_6,,,,,,,,,,,
22-04-2026-direct-cold-0011,CRIU,cold,no,620,25237,2829,299,3748,0.07,x86_64,x86_64,True,True,transfer_mode=direct,2026-04-22T19:37:05.063660,1_WiFi_6,,,,,,,,,,,
22-04-2026-direct-cold-0012,CRIU,cold,no,882,25102,2853,304,4039,0.07,x86_64,x86_64,True,True,transfer_mode=direct,2026-04-22T19:37:32.659245,1_WiFi_6,,,,,,,,,,,
22-04-2026-direct-cold-0013,CRIU,cold,no,614,25264,2845,308,3767,0.07,x86_64,x86_64,True,True,transfer_mode=direct,2026-04-22T19:37:59.385838,1_WiFi_6,,,,,,,,,,,
22-04-2026-direct-cold-0014,CRIU,cold,no,612,25051,3108,302,4022,0.06,x86_64,x86_64,True,True,transfer_mode=direct,2026-04-22T19:38:26.473727,1_WiFi_6,,,,,,,,,,,
22-04-2026-direct-cold-0015,CRIU,cold,no,591,25081,2863,308,3762,0.07,x86_64,x86_64,True,True,transfer_mode=direct,2026-04-22T19:38:53.814878,1_WiFi_6,,,,,,,,,,,
22-04-2026-direct-cold-0016,CRIU,cold,no,600,25235,3093,305,3998,0.07,x86_64,x86_64,True,True,transfer_mode=direct,2026-04-22T19:39:21.585132,1_WiFi_6,,,,,,,,,,,
22-04-2026-direct-cold-0017,CRIU,cold,no,608,25423,2795,305,3708,0.07,x86_64,x86_64,True,True,transfer_mode=direct,2026-04-22T19:39:48.770663,1_WiFi_6,,,,,,,,,,,
22-04-2026-direct-cold-0018,CRIU,cold,no,605,25194,2813,305,3723,0.07,x86_64,x86_64,True,True,transfer_mode=direct,2026-04-22T19:40:15.497710,1_WiFi_6,,,,,,,,,,,
22-04-2026-direct-cold-0019,CRIU,cold,no,890,25078,2838,299,4027,0.07,x86_64,x86_64,True,True,transfer_mode=direct,2026-04-22T19:40:42.998615,1_WiFi_6,,,,,,,,,,,
22-04-2026-host-precopy-0000,CRIU,precopy,no,589,33031,6819,303,7711,0.04,x86_64,x86_64,True,True,transfer_mode=host;iterations=3;relay_node=edge-host-1,2026-04-22T19:41:15.659542,1_WiFi_6,,,,,,,,,,,
22-04-2026-host-precopy-0001,CRIU,precopy,no,583,32020,6274,314,7171,0.04,x86_64,x86_64,True,True,transfer_mode=host;iterations=3;relay_node=edge-host-1,2026-04-22T19:41:48.436137,1_WiFi_6,,,,,,,,,,,
22-04-2026-host-precopy-0002,CRIU,precopy,no,578,32972,6553,318,7449,0.04,x86_64,x86_64,True,True,transfer_mode=host;iterations=3;relay_node=edge-host-1,2026-04-22T19:42:21.613259,1_WiFi_6,,,,,,,,,,,
22-04-2026-host-precopy-0003,CRIU,precopy,no,602,33136,6248,313,7163,0.04,x86_64,x86_64,True,True,transfer_mode=host;iterations=3;relay_node=edge-host-1,2026-04-22T19:42:54.304681,1_WiFi_6,,,,,,,,,,,
22-04-2026-host-precopy-0004,CRIU,precopy,no,599,31860,6570,306,7475,0.04,x86_64,x86_64,True,True,transfer_mode=host;iterations=3;relay_node=edge-host-1,2026-04-22T19:43:26.925294,1_WiFi_6,,,,,,,,,,,
22-04-2026-host-precopy-0005,CRIU,precopy,no,588,32490,6273,314,7175,0.04,x86_64,x86_64,True,True,transfer_mode=host;iterations=3;relay_node=edge-host-1,2026-04-22T19:43:59.561889,1_WiFi_6,,,,,,,,,,,
22-04-2026-host-precopy-0006,CRIU,precopy,no,579,32467,6802,310,7691,0.04,x86_64,x86_64,True,True,transfer_mode=host;iterations=3;relay_node=edge-host-1,2026-04-22T19:44:32.640062,1_WiFi_6,,,,,,,,,,,
22-04-2026-host-precopy-0007,CRIU,precopy,no,594,31694,6491,314,7399,0.04,x86_64,x86_64,True,True,transfer_mode=host;iterations=3;relay_node=edge-host-1,2026-04-22T19:45:05.164683,1_WiFi_6,,,,,,,,,,,
22-04-2026-host-precopy-0008,CRIU,precopy,no,603,33121,6806,304,7713,0.04,x86_64,x86_64,True,True,transfer_mode=host;iterations=3;relay_node=edge-host-1,2026-04-22T19:45:37.788939,1_WiFi_6,,,,,,,,,,,
22-04-2026-host-precopy-0009,CRIU,precopy,no,578,32573,6277,306,7161,0.04,x86_64,x86_64,True,True,transfer_mode=host;iterations=3;relay_node=edge-host-1,2026-04-22T19:46:10.092467,1_WiFi_6,,,,,,,,,,,
22-04-2026-host-precopy-0010,CRIU,precopy,no,577,32989,6856,305,7738,0.04,x86_64,x86_64,True,True,transfer_mode=host;iterations=3;relay_node=edge-host-1,2026-04-22T19:46:42.789503,1_WiFi_6,,,,,,,,,,,
22-04-2026-host-precopy-0011,CRIU,precopy,no,581,32124,6265,304,7150,0.04,x86_64,x86_64,True,True,transfer_mode=host;iterations=3;relay_node=edge-host-1,2026-04-22T19:47:15.200690,1_WiFi_6,,,,,,,,,,,
22-04-2026-host-precopy-0012,CRIU,precopy,no,589,32154,7071,316,7976,0.04,x86_64,x86_64,True,True,transfer_mode=host;iterations=3;relay_node=edge-host-1,2026-04-22T19:47:48.132227,1_WiFi_6,,,,,,,,,,,
22-04-2026-host-precopy-0013,CRIU,precopy,no,584,31896,6497,306,7387,0.04,x86_64,x86_64,True,True,transfer_mode=host;iterations=3;relay_node=edge-host-1,2026-04-22T19:48:20.703019,1_WiFi_6,,,,,,,,,,,
22-04-2026-host-precopy-0014,CRIU,precopy,no,580,32360,6924,314,7818,0.04,x86_64,x86_64,True,True,transfer_mode=host;iterations=3;relay_node=edge-host-1,2026-04-22T19:48:53.869912,1_WiFi_6,,,,,,,,,,,
22-04-2026-host-precopy-0015,CRIU,precopy,no,590,31928,6204,314,7108,0.04,x86_64,x86_64,True,True,transfer_mode=host;iterations=3;relay_node=edge-host-1,2026-04-22T19:49:26.184454,1_WiFi_6,,,,,,,,,,,
22-04-2026-host-precopy-0016,CRIU,precopy,no,585,31608,6878,293,7756,0.04,x86_64,x86_64,True,True,transfer_mode=host;iterations=3;relay_node=edge-host-1,2026-04-22T19:49:58.876653,1_WiFi_6,,,,,,,,,,,
22-04-2026-host-precopy-0017,CRIU,precopy,no,576,32447,6232,312,7120,0.04,x86_64,x86_64,True,True,transfer_mode=host;iterations=3;relay_node=edge-host-1,2026-04-22T19:50:31.148177,1_WiFi_6,,,,,,,,,,,
22-04-2026-host-precopy-0018,CRIU,precopy,no,585,32981,6867,304,7756,0.04,x86_64,x86_64,True,True,transfer_mode=host;iterations=3;relay_node=edge-host-1,2026-04-22T19:51:03.875808,1_WiFi_6,,,,,,,,,,,
22-04-2026-host-precopy-0019,CRIU,precopy,no,579,31358,6261,307,7147,0.04,x86_64,x86_64,True,True,transfer_mode=host;iterations=3;relay_node=edge-host-1,2026-04-22T19:51:36.195789,1_WiFi_6,,,,,,,,,,,
22-04-2026-direct-precopy-0000,CRIU,precopy,no,575,31740,2833,314,3722,0.09,x86_64,x86_64,True,True,transfer_mode=direct;iterations=3,2026-04-22T19:52:06.828121,1_WiFi_6,,,,,,,,,,,
22-04-2026-direct-precopy-0001,CRIU,precopy,no,583,31653,3115,301,3999,0.08,x86_64,x86_64,True,True,transfer_mode=direct;iterations=3,2026-04-22T19:52:38.059373,1_WiFi_6,,,,,,,,,,,
22-04-2026-direct-precopy-0002,CRIU,precopy,no,606,31736,2917,311,3834,0.09,x86_64,x86_64,True,True,transfer_mode=direct;iterations=3,2026-04-22T19:53:09.003308,1_WiFi_6,,,,,,,,,,,
22-04-2026-direct-precopy-0003,CRIU,precopy,no,571,31652,2843,313,3727,0.09,x86_64,x86_64,True,True,transfer_mode=direct;iterations=3,2026-04-22T19:53:39.848699,1_WiFi_6,,,,,,,,,,,
22-04-2026-direct-precopy-0004,CRIU,precopy,no,581,31918,2810,302,3693,0.09,x86_64,x86_64,True,True,transfer_mode=direct;iterations=3,2026-04-22T19:54:10.510212,1_WiFi_6,,,,,,,,,,,
22-04-2026-direct-precopy-0005,CRIU,precopy,no,586,32370,2830,320,3736,0.09,x86_64,x86_64,True,True,transfer_mode=direct;iterations=3,2026-04-22T19:54:41.173102,1_WiFi_6,,,,,,,,,,,
22-04-2026-direct-precopy-0006,CRIU,precopy,no,596,32463,2836,291,3723,0.09,x86_64,x86_64,True,True,transfer_mode=direct;iterations=3,2026-04-22T19:55:11.930434,1_WiFi_6,,,,,,,,,,,
22-04-2026-direct-precopy-0007,CRIU,precopy,no,585,31475,2835,315,3735,0.09,x86_64,x86_64,True,True,transfer_mode=direct;iterations=3,2026-04-22T19:55:42.643433,1_WiFi_6,,,,,,,,,,,
22-04-2026-direct-precopy-0008,CRIU,precopy,no,597,32338,2817,308,3722,0.09,x86_64,x86_64,True,True,transfer_mode=direct;iterations=3,2026-04-22T19:56:13.797467,1_WiFi_6,,,,,,,,,,,
22-04-2026-direct-precopy-0009,CRIU,precopy,no,587,32496,2829,306,3722,0.09,x86_64,x86_64,True,True,transfer_mode=direct;iterations=3,2026-04-22T19:56:44.616823,1_WiFi_6,,,,,,,,,,,
22-04-2026-direct-precopy-0010,CRIU,precopy,no,587,32419,3012,391,3990,0.09,x86_64,x86_64,True,True,transfer_mode=direct;iterations=3,2026-04-22T19:57:15.674069,1_WiFi_6,,,,,,,,,,,
22-04-2026-direct-precopy-0011,CRIU,precopy,no,586,33172,2842,311,3739,0.09,x86_64,x86_64,True,True,transfer_mode=direct;iterations=3,2026-04-22T19:57:46.604668,1_WiFi_6,,,,,,,,,,,
22-04-2026-direct-precopy-0012,CRIU,precopy,no,592,31866,2824,313,3729,0.09,x86_64,x86_64,True,True,transfer_mode=direct;iterations=3,2026-04-22T19:58:17.313916,1_WiFi_6,,,,,,,,,,,
22-04-2026-direct-precopy-0013,CRIU,precopy,no,581,33072,2814,303,3698,0.09,x86_64,x86_64,True,True,transfer_mode=direct;iterations=3,2026-04-22T19:58:47.995828,1_WiFi_6,,,,,,,,,,,
22-04-2026-direct-precopy-0014,CRIU,precopy,no,601,33004,2843,304,3748,0.09,x86_64,x86_64,True,True,transfer_mode=direct;iterations=3,2026-04-22T19:59:18.671468,1_WiFi_6,,,,,,,,,,,
22-04-2026-direct-precopy-0015,CRIU,precopy,no,598,32500,2922,298,3818,0.09,x86_64,x86_64,True,True,transfer_mode=direct;iterations=3,2026-04-22T19:59:49.514310,1_WiFi_6,,,,,,,,,,,
22-04-2026-direct-precopy-0016,CRIU,precopy,no,590,33119,2824,316,3730,0.09,x86_64,x86_64,True,True,transfer_mode=direct;iterations=3,2026-04-22T20:00:20.189507,1_WiFi_6,,,,,,,,,,,
22-04-2026-direct-precopy-0017,CRIU,precopy,no,579,32108,2883,310,3772,0.09,x86_64,x86_64,True,True,transfer_mode=direct;iterations=3,2026-04-22T20:00:50.919308,1_WiFi_6,,,,,,,,,,,
22-04-2026-direct-precopy-0018,CRIU,precopy,no,584,31853,2792,300,3676,0.09,x86_64,x86_64,True,True,transfer_mode=direct;iterations=3,2026-04-22T20:01:21.599228,1_WiFi_6,,,,,,,,,,,
22-04-2026-direct-precopy-0019,CRIU,precopy,no,584,32603,2796,305,3685,0.09,x86_64,x86_64,True,True,transfer_mode=direct;iterations=3,2026-04-22T20:01:52.197320,1_WiFi_6,,,,,,,,,,,
22-04-2026-host-postcopy-0000,CRIU,postcopy,no,987,22474,6826,328,8141,0.03,x86_64,x86_64,True,True,transfer_mode=host;lazy_pages_port=9999;relay_node=edge-host-1,2026-04-22T20:02:24.650452,1_WiFi_6,,,,,,,,,,,
22-04-2026-host-postcopy-0001,CRIU,postcopy,no,983,22581,6237,328,7548,0.03,x86_64,x86_64,True,True,transfer_mode=host;lazy_pages_port=9999;relay_node=edge-host-1,2026-04-22T20:02:56.153397,1_WiFi_6,,,,,,,,,,,
22-04-2026-host-postcopy-0002,CRIU,postcopy,no,985,22594,6803,324,8112,0.03,x86_64,x86_64,True,True,transfer_mode=host;lazy_pages_port=9999;relay_node=edge-host-1,2026-04-22T20:03:28.479889,1_WiFi_6,,,,,,,,,,,
22-04-2026-host-postcopy-0003,CRIU,postcopy,no,1006,22551,6310,328,7644,0.03,x86_64,x86_64,True,True,transfer_mode=host;lazy_pages_port=9999;relay_node=edge-host-1,2026-04-22T20:04:00.163590,1_WiFi_6,,,,,,,,,,,
22-04-2026-host-postcopy-0004,CRIU,postcopy,no,1005,22489,6631,324,7960,0.03,x86_64,x86_64,True,True,transfer_mode=host;lazy_pages_port=9999;relay_node=edge-host-1,2026-04-22T20:04:32.683711,1_WiFi_6,,,,,,,,,,,
22-04-2026-host-postcopy-0005,CRIU,postcopy,no,991,22610,6315,321,7627,0.03,x86_64,x86_64,True,True,transfer_mode=host;lazy_pages_port=9999;relay_node=edge-host-1,2026-04-22T20:05:04.265864,1_WiFi_6,,,,,,,,,,,
22-04-2026-host-postcopy-0006,CRIU,postcopy,no,1002,22429,6591,349,7942,0.03,x86_64,x86_64,True,True,transfer_mode=host;lazy_pages_port=9999;relay_node=edge-host-1,2026-04-22T20:05:36.878608,1_WiFi_6,,,,,,,,,,,
22-04-2026-host-postcopy-0007,CRIU,postcopy,no,1000,22481,6265,327,7592,0.03,x86_64,x86_64,True,True,transfer_mode=host;lazy_pages_port=9999;relay_node=edge-host-1,2026-04-22T20:06:08.459449,1_WiFi_6,,,,,,,,,,,
22-04-2026-host-postcopy-0008,CRIU,postcopy,no,1002,22628,6528,323,7853,0.03,x86_64,x86_64,True,True,transfer_mode=host;lazy_pages_port=9999;relay_node=edge-host-1,2026-04-22T20:06:41.080705,1_WiFi_6,,,,,,,,,,,
22-04-2026-host-postcopy-0009,CRIU,postcopy,no,1001,22698,6251,329,7581,0.03,x86_64,x86_64,True,True,transfer_mode=host;lazy_pages_port=9999;relay_node=edge-host-1,2026-04-22T20:07:12.834133,1_WiFi_6,,,,,,,,,,,
22-04-2026-host-postcopy-0010,CRIU,postcopy,no,997,22531,6521,332,7850,0.03,x86_64,x86_64,True,True,transfer_mode=host;lazy_pages_port=9999;relay_node=edge-host-1,2026-04-22T20:07:45.154099,1_WiFi_6,,,,,,,,,,,
22-04-2026-host-postcopy-0011,CRIU,postcopy,no,995,22545,6254,318,7567,0.03,x86_64,x86_64,True,True,transfer_mode=host;lazy_pages_port=9999;relay_node=edge-host-1,2026-04-22T20:08:16.708978,1_WiFi_6,,,,,,,,,,,
22-04-2026-host-postcopy-0012,CRIU,postcopy,no,992,22616,6532,330,7854,0.03,x86_64,x86_64,True,True,transfer_mode=host;lazy_pages_port=9999;relay_node=edge-host-1,2026-04-22T20:08:49.212318,1_WiFi_6,,,,,,,,,,,
22-04-2026-host-postcopy-0013,CRIU,postcopy,no,1013,22587,6300,332,7645,0.03,x86_64,x86_64,True,True,transfer_mode=host;lazy_pages_port=9999;relay_node=edge-host-1,2026-04-22T20:09:20.871808,1_WiFi_6,,,,,,,,,,,
22-04-2026-host-postcopy-0014,CRIU,postcopy,no,1007,22498,6788,320,8115,0.03,x86_64,x86_64,True,True,transfer_mode=host;lazy_pages_port=9999;relay_node=edge-host-1,2026-04-22T20:09:53.601374,1_WiFi_6,,,,,,,,,,,
22-04-2026-host-postcopy-0015,CRIU,postcopy,no,1031,22659,6278,337,7646,0.03,x86_64,x86_64,True,True,transfer_mode=host;lazy_pages_port=9999;relay_node=edge-host-1,2026-04-22T20:10:25.449024,1_WiFi_6,,,,,,,,,,,
22-04-2026-host-postcopy-0016,CRIU,postcopy,no,995,22634,6566,337,7898,0.03,x86_64,x86_64,True,True,transfer_mode=host;lazy_pages_port=9999;relay_node=edge-host-1,2026-04-22T20:10:57.830459,1_WiFi_6,,,,,,,,,,,
22-04-2026-host-postcopy-0017,CRIU,postcopy,no,996,22524,6318,337,7651,0.03,x86_64,x86_64,True,True,transfer_mode=host;lazy_pages_port=9999;relay_node=edge-host-1,2026-04-22T20:11:29.470017,1_WiFi_6,,,,,,,,,,,
22-04-2026-host-postcopy-0018,CRIU,postcopy,no,992,22606,6560,324,7876,0.03,x86_64,x86_64,True,True,transfer_mode=host;lazy_pages_port=9999;relay_node=edge-host-1,2026-04-22T20:12:02.345772,1_WiFi_6,,,,,,,,,,,
22-04-2026-host-postcopy-0019,CRIU,postcopy,no,999,22528,6306,338,7643,0.03,x86_64,x86_64,True,True,transfer_mode=host;lazy_pages_port=9999;relay_node=edge-host-1,2026-04-22T20:12:33.981379,1_WiFi_6,,,,,,,,,,,
22-04-2026-direct-postcopy-0000,CRIU,postcopy,no,1003,22521,2849,331,4183,0.06,x86_64,x86_64,True,True,transfer_mode=direct;lazy_pages_port=9999,2026-04-22T20:13:04.534004,1_WiFi_6,,,,,,,,,,,
22-04-2026-direct-postcopy-0001,CRIU,postcopy,no,994,22464,2835,332,4161,0.06,x86_64,x86_64,True,True,transfer_mode=direct;lazy_pages_port=9999,2026-04-22T20:13:34.387460,1_WiFi_6,,,,,,,,,,,
22-04-2026-direct-postcopy-0002,CRIU,postcopy,no,1023,22520,2825,336,4184,0.06,x86_64,x86_64,True,True,transfer_mode=direct;lazy_pages_port=9999,2026-04-22T20:14:05.047458,1_WiFi_6,,,,,,,,,,,
22-04-2026-direct-postcopy-0003,CRIU,postcopy,no,1008,22410,2879,329,4216,0.06,x86_64,x86_64,True,True,transfer_mode=direct;lazy_pages_port=9999,2026-04-22T20:14:35.384443,1_WiFi_6,,,,,,,,,,,
22-04-2026-direct-postcopy-0004,CRIU,postcopy,no,1015,22569,2810,332,4157,0.06,x86_64,x86_64,True,True,transfer_mode=direct;lazy_pages_port=9999,2026-04-22T20:15:05.955867,1_WiFi_6,,,,,,,,,,,
22-04-2026-direct-postcopy-0005,CRIU,postcopy,no,999,22650,2848,342,4189,0.06,x86_64,x86_64,True,True,transfer_mode=direct;lazy_pages_port=9999,2026-04-22T20:15:36.119014,1_WiFi_6,,,,,,,,,,,
22-04-2026-direct-postcopy-0006,CRIU,postcopy,no,983,22465,2811,323,4117,0.06,x86_64,x86_64,True,True,transfer_mode=direct;lazy_pages_port=9999,2026-04-22T20:16:06.599297,1_WiFi_6,,,,,,,,,,,
22-04-2026-direct-postcopy-0007,CRIU,postcopy,no,998,22680,2830,325,4153,0.06,x86_64,x86_64,True,True,transfer_mode=direct;lazy_pages_port=9999,2026-04-22T20:16:36.767803,1_WiFi_6,,,,,,,,,,,
22-04-2026-direct-postcopy-0008,CRIU,postcopy,no,980,22487,2861,330,4171,0.06,x86_64,x86_64,True,True,transfer_mode=direct;lazy_pages_port=9999,2026-04-22T20:17:07.353656,1_WiFi_6,,,,,,,,,,,
22-04-2026-direct-postcopy-0009,CRIU,postcopy,no,991,22611,2821,326,4138,0.06,x86_64,x86_64,True,True,transfer_mode=direct;lazy_pages_port=9999,2026-04-22T20:17:37.543769,1_WiFi_6,,,,,,,,,,,
22-04-2026-direct-postcopy-0010,CRIU,postcopy,no,1009,22563,2839,343,4191,0.06,x86_64,x86_64,True,True,transfer_mode=direct;lazy_pages_port=9999,2026-04-22T20:18:07.997359,1_WiFi_6,,,,,,,,,,,
22-04-2026-direct-postcopy-0011,CRIU,postcopy,no,1001,22551,2821,325,4147,0.06,x86_64,x86_64,True,True,transfer_mode=direct;lazy_pages_port=9999,2026-04-22T20:18:37.920400,1_WiFi_6,,,,,,,,,,,
22-04-2026-direct-postcopy-0012,CRIU,postcopy,no,996,22602,2846,332,4174,0.06,x86_64,x86_64,True,True,transfer_mode=direct;lazy_pages_port=9999,2026-04-22T20:19:08.870861,1_WiFi_6,,,,,,,,,,,
22-04-2026-direct-postcopy-0013,CRIU,postcopy,no,976,22614,3099,325,4400,0.06,x86_64,x86_64,True,True,transfer_mode=direct;lazy_pages_port=9999,2026-04-22T20:19:39.109904,1_WiFi_6,,,,,,,,,,,
22-04-2026-direct-postcopy-0014,CRIU,postcopy,no,1014,22432,2907,341,4262,0.06,x86_64,x86_64,True,True,transfer_mode=direct;lazy_pages_port=9999,2026-04-22T20:20:09.683472,1_WiFi_6,,,,,,,,,,,
22-04-2026-direct-postcopy-0015,CRIU,postcopy,no,1006,22461,2840,329,4175,0.06,x86_64,x86_64,True,True,transfer_mode=direct;lazy_pages_port=9999,2026-04-22T20:20:39.720729,1_WiFi_6,,,,,,,,,,,
22-04-2026-direct-postcopy-0016,CRIU,postcopy,no,994,22580,2931,323,4248,0.06,x86_64,x86_64,True,True,transfer_mode=direct;lazy_pages_port=9999,2026-04-22T20:21:10.346701,1_WiFi_6,,,,,,,,,,,
22-04-2026-direct-postcopy-0017,CRIU,postcopy,no,999,22609,2896,344,4239,0.06,x86_64,x86_64,True,True,transfer_mode=direct;lazy_pages_port=9999,2026-04-22T20:21:40.355427,1_WiFi_6,,,,,,,,,,,
22-04-2026-direct-postcopy-0018,CRIU,postcopy,no,1001,22514,2862,331,4194,0.06,x86_64,x86_64,True,True,transfer_mode=direct;lazy_pages_port=9999,2026-04-22T20:22:10.954262,1_WiFi_6,,,,,,,,,,,
22-04-2026-direct-postcopy-0019,CRIU,postcopy,no,999,22496,2812,315,4126,0.06,x86_64,x86_64,True,True,transfer_mode=direct;lazy_pages_port=9999,2026-04-22T20:22:40.852982,1_WiFi_6,,,,,,,,,,,
22-04-2026-host-cold-0020,CRIU,cold,no,0,0,0,0,0,0.00,,,False,False,transfer_mode=host;relay_node=edge-host-1; pid_not_found,2026-04-22T21:43:55.413347,SMOKE-2026-04-22,0,0,167,0,0,,,,,,
22-04-2026-direct-cold-0020,CRIU,cold,no,0,0,0,0,0,0.00,,,False,False,transfer_mode=direct; pid_not_found,2026-04-22T21:44:00.974119,SMOKE-2026-04-22,0,0,176,0,0,,,,,,
22-04-2026-host-precopy-0020,CRIU,precopy,no,0,0,0,0,0,0.00,,,False,False,transfer_mode=host;iterations=1;relay_node=edge-host-1; pid_not_found,2026-04-22T21:44:06.542785,SMOKE-2026-04-22,0,0,176,0,0,,,,,,
22-04-2026-direct-precopy-0020,CRIU,precopy,no,0,0,0,0,0,0.00,,,False,False,transfer_mode=direct;iterations=1; pid_not_found,2026-04-22T21:44:12.080753,SMOKE-2026-04-22,0,0,168,0,0,,,,,,
22-04-2026-host-postcopy-0020,CRIU,postcopy,no,0,0,0,0,0,0.00,,,False,False,transfer_mode=host;lazy_pages_port=9999;relay_node=edge-host-1; pid_not_found,2026-04-22T21:44:17.642724,SMOKE-2026-04-22,0,0,175,0,0,,,,,,
22-04-2026-direct-postcopy-0020,CRIU,postcopy,no,0,0,0,0,0,0.00,,,False,False,transfer_mode=direct;lazy_pages_port=9999; pid_not_found,2026-04-22T21:44:23.200077,SMOKE-2026-04-22,0,0,177,0,0,,,,,,
22-04-2026-host-cold-0021,CRIU,cold,no,624,25327,6843,324,7791,0.03,x86_64,x86_64,True,True,transfer_mode=host;relay_node=edge-host-1,2026-04-22T21:47:35.403282,SMOKE-2026-04-22,0,0,15026,0,0,,,,,,
22-04-2026-direct-cold-0021,CRIU,cold,no,663,25182,2903,317,3883,0.07,x86_64,x86_64,True,True,transfer_mode=direct,2026-04-22T21:48:03.267378,SMOKE-2026-04-22,0,0,13059,0,0,,,,,,
22-04-2026-host-precopy-0021,CRIU,precopy,no,622,27035,7105,331,8058,0.03,x86_64,x86_64,True,True,transfer_mode=host;iterations=1;relay_node=edge-host-1,2026-04-22T21:48:35.298983,SMOKE-2026-04-22,1339,622,16514,0,0,,,,,,
22-04-2026-direct-precopy-0021,CRIU,precopy,no,608,27078,2926,323,3857,0.07,x86_64,x86_64,True,True,transfer_mode=direct;iterations=1,2026-04-22T21:49:04.248651,SMOKE-2026-04-22,1325,608,13918,0,0,,,,,,
22-04-2026-host-postcopy-0021,CRIU,postcopy,no,1088,22638,6929,362,8379,0.03,x86_64,x86_64,True,True,transfer_mode=host;lazy_pages_port=9999;relay_node=edge-host-1,2026-04-22T21:49:38.939910,SMOKE-2026-04-22,0,1088,19019,4953,2946,,,,,,
22-04-2026-direct-postcopy-0021,CRIU,postcopy,no,1114,22538,2920,349,4383,0.06,x86_64,x86_64,True,True,transfer_mode=direct;lazy_pages_port=9999,2026-04-22T21:50:11.892741,SMOKE-2026-04-22,0,1114,17524,4871,2785,,,,,,
29-04-2026-host-cold-0000,CRIU,cold,no,602,25235,7043,294,7939,0.03,x86_64,x86_64,True,True,transfer_mode=host;relay_node=edge-host-1,2026-04-29T23:56:11.606678,1_WiFi_6,0,0,15010,0,0,,,,,,
29-04-2026-direct-cold-0000,CRIU,cold,no,591,25242,3198,312,4101,0.06,x86_64,x86_64,True,True,transfer_mode=direct,2026-04-29T23:56:38.524052,1_WiFi_6,0,0,13467,0,0,,,,,,
29-04-2026-host-precopy-0000,CRIU,precopy,no,639,31968,7162,305,8106,0.04,x86_64,x86_64,True,True,transfer_mode=host;iterations=3;relay_node=edge-host-1,2026-04-29T23:57:11.288891,1_WiFi_6,4032,639,18881,0,0,,,,,,
29-04-2026-direct-precopy-0000,CRIU,precopy,no,688,31950,3016,352,4056,0.08,x86_64,x86_64,True,True,transfer_mode=direct;iterations=3,2026-04-29T23:57:41.370812,1_WiFi_6,3958,688,16805,0,0,,,,,,
29-04-2026-host-postcopy-0000,CRIU,postcopy,no,1077,22644,7116,350,8543,0.03,x86_64,x86_64,True,True,transfer_mode=host;lazy_pages_port=9999;relay_node=edge-host-1,2026-04-29T23:58:13.807735,1_WiFi_6,0,1077,18703,4768,3025,,,,,,
29-04-2026-direct-postcopy-0000,CRIU,postcopy,no,1065,22610,2978,333,4376,0.06,x86_64,x86_64,True,True,transfer_mode=direct;lazy_pages_port=9999,2026-04-29T23:58:43.820262,1_WiFi_6,0,1065,16786,5066,3025,,,,,,
30-04-2026-host-cold-0000,CRIU,cold,no,649,25466,7514,312,8475,0.03,x86_64,x86_64,True,True,transfer_mode=host;relay_node=edge-host-1,2026-04-30T00:11:27.764298,2_5G,0,0,15652,0,0,,,,,,
30-04-2026-direct-cold-0000,CRIU,cold,no,642,25473,3489,350,4481,0.06,x86_64,x86_64,True,True,transfer_mode=direct,2026-04-30T00:11:55.450434,2_5G,0,0,13997,0,0,,,,,,
30-04-2026-host-precopy-0000,CRIU,precopy,no,599,31996,7933,287,8819,0.03,x86_64,x86_64,True,True,transfer_mode=host;iterations=3;relay_node=edge-host-1,2026-04-30T00:12:28.866474,2_5G,3927,599,19652,0,0,,,,,,
30-04-2026-direct-precopy-0000,CRIU,precopy,no,559,32643,3499,314,4372,0.07,x86_64,x86_64,True,True,transfer_mode=direct;iterations=3,2026-04-30T00:12:59.907730,2_5G,3975,559,17573,0,0,,,,,,
30-04-2026-host-postcopy-0000,CRIU,postcopy,no,1033,22704,7890,371,9294,0.02,x86_64,x86_64,True,True,transfer_mode=host;lazy_pages_port=9999;relay_node=edge-host-1,2026-04-30T00:13:34.309971,2_5G,0,1033,20668,6071,3025,,,,,,
30-04-2026-direct-postcopy-0000,CRIU,postcopy,no,1015,22565,3955,360,5330,0.05,x86_64,x86_64,True,True,transfer_mode=direct;lazy_pages_port=9999,2026-04-30T00:14:07.041154,2_5G,0,1015,19167,6072,3025,,,,,,
30-04-2026-host-cold-0001,CRIU,cold,no,601,25207,11339,315,12255,0.02,x86_64,x86_64,True,True,transfer_mode=host;relay_node=edge-host-1,2026-04-30T00:27:05.336801,3_LTE,0,0,19576,0,0,,,,,,
30-04-2026-direct-cold-0001,CRIU,cold,no,586,25289,5982,321,6889,0.03,x86_64,x86_64,True,True,transfer_mode=direct,2026-04-30T00:27:35.310242,3_LTE,0,0,16623,0,0,,,,,,
30-04-2026-host-precopy-0001,CRIU,precopy,no,588,32099,11428,318,12334,0.02,x86_64,x86_64,True,True,transfer_mode=host;iterations=3;relay_node=edge-host-1,2026-04-30T00:28:11.773849,3_LTE,3950,588,23036,0,0,,,,,,
30-04-2026-direct-precopy-0001,CRIU,precopy,no,0,0,0,0,0,0.00,x86_64,x86_64,True,False,transfer_mode=direct;iterations=3; dump_failed,2026-04-30T00:28:32.110863,3_LTE,3917,0,6717,0,0,,,,,,
30-04-2026-host-postcopy-0001,CRIU,postcopy,no,1105,22621,11393,483,12981,0.02,x86_64,x86_64,True,True,transfer_mode=host;lazy_pages_port=9999;relay_node=edge-host-1,2026-04-30T00:29:08.936792,3_LTE,0,1105,24434,6251,3024,,,,,,
30-04-2026-direct-postcopy-0001,CRIU,postcopy,no,949,22666,5319,495,6763,0.03,x86_64,x86_64,True,True,transfer_mode=direct;lazy_pages_port=9999,2026-04-30T00:29:43.651730,3_LTE,0,949,21526,6519,2975,,,,,,
30-04-2026-host-cold-0002,CRIU,cold,no,636,25444,6759,340,7735,0.03,x86_64,x86_64,True,True,transfer_mode=host;relay_node=edge-host-1,2026-04-30T00:32:58.830232,1_WiFi_6,0,0,14789,0,0,,,,,,
30-04-2026-host-cold-0003,CRIU,cold,no,622,25347,6719,641,7982,0.03,x86_64,x86_64,True,True,transfer_mode=host;relay_node=edge-host-1,2026-04-30T00:33:27.135946,1_WiFi_6,0,0,14894,0,0,,,,,,
30-04-2026-host-cold-0004,CRIU,cold,no,620,25563,6943,312,7875,0.03,x86_64,x86_64,True,True,transfer_mode=host;relay_node=edge-host-1,2026-04-30T00:33:55.763677,1_WiFi_6,0,0,14997,0,0,,,,,,
30-04-2026-host-cold-0005,CRIU,cold,no,578,25568,6867,301,7746,0.03,x86_64,x86_64,True,True,transfer_mode=host;relay_node=edge-host-1,2026-04-30T00:34:24.212887,1_WiFi_6,0,0,15242,0,0,,,,,,
30-04-2026-host-cold-0006,CRIU,cold,no,636,25237,7068,404,8108,0.03,x86_64,x86_64,True,True,transfer_mode=host;relay_node=edge-host-1,2026-04-30T00:34:53.236040,1_WiFi_6,0,0,15139,0,0,,,,,,
30-04-2026-host-cold-0007,CRIU,cold,no,595,25271,6905,295,7795,0.03,x86_64,x86_64,True,True,transfer_mode=host;relay_node=edge-host-1,2026-04-30T00:35:21.244894,1_WiFi_6,0,0,14875,0,0,,,,,,
30-04-2026-host-cold-0008,CRIU,cold,no,569,25321,6789,314,7672,0.03,x86_64,x86_64,True,True,transfer_mode=host;relay_node=edge-host-1,2026-04-30T00:35:49.911387,1_WiFi_6,0,0,14742,0,0,,,,,,
30-04-2026-host-cold-0009,CRIU,cold,no,587,25590,7083,304,7974,0.03,x86_64,x86_64,True,True,transfer_mode=host;relay_node=edge-host-1,2026-04-30T00:36:18.585563,1_WiFi_6,0,0,15060,0,0,,,,,,
30-04-2026-host-cold-0010,CRIU,cold,no,622,25206,6753,293,7668,0.03,x86_64,x86_64,True,True,transfer_mode=host;relay_node=edge-host-1,2026-04-30T00:36:47.150553,1_WiFi_6,0,0,14678,0,0,,,,,,
30-04-2026-host-cold-0011,CRIU,cold,no,580,25555,6978,304,7862,0.03,x86_64,x86_64,True,True,transfer_mode=host;relay_node=edge-host-1,2026-04-30T00:37:15.559210,1_WiFi_6,0,0,14836,0,0,,,,,,
30-04-2026-host-cold-0012,CRIU,cold,no,677,25570,7092,294,8063,0.03,x86_64,x86_64,True,True,transfer_mode=host;relay_node=edge-host-1,2026-04-30T00:37:44.356062,1_WiFi_6,0,0,15151,0,0,,,,,,
30-04-2026-host-cold-0013,CRIU,cold,no,616,25428,7275,341,8232,0.03,x86_64,x86_64,True,True,transfer_mode=host;relay_node=edge-host-1,2026-04-30T00:38:12.994486,1_WiFi_6,0,0,15219,0,0,,,,,,
30-04-2026-host-cold-0014,CRIU,cold,no,623,25335,7555,303,8481,0.03,x86_64,x86_64,True,True,transfer_mode=host;relay_node=edge-host-1,2026-04-30T00:38:41.767345,1_WiFi_6,0,0,15457,0,0,,,,,,
30-04-2026-host-cold-0015,CRIU,cold,no,591,25498,6912,404,7907,0.03,x86_64,x86_64,True,True,transfer_mode=host;relay_node=edge-host-1,2026-04-30T00:39:10.098307,1_WiFi_6,0,0,14822,0,0,,,,,,
30-04-2026-host-cold-0016,CRIU,cold,no,598,25554,7384,290,8272,0.03,x86_64,x86_64,True,True,transfer_mode=host;relay_node=edge-host-1,2026-04-30T00:39:38.605227,1_WiFi_6,0,0,15215,0,0,,,,,,
30-04-2026-host-cold-0017,CRIU,cold,no,613,25512,6819,331,7763,0.03,x86_64,x86_64,True,True,transfer_mode=host;relay_node=edge-host-1,2026-04-30T00:40:07.066293,1_WiFi_6,0,0,14813,0,0,,,,,,
30-04-2026-host-cold-0018,CRIU,cold,no,579,25236,7326,313,8218,0.03,x86_64,x86_64,True,True,transfer_mode=host;relay_node=edge-host-1,2026-04-30T00:40:35.980406,1_WiFi_6,0,0,15653,0,0,,,,,,
30-04-2026-host-cold-0019,CRIU,cold,no,606,25649,6605,340,7551,0.03,x86_64,x86_64,True,True,transfer_mode=host;relay_node=edge-host-1,2026-04-30T00:41:04.429882,1_WiFi_6,0,0,14676,0,0,,,,,,
30-04-2026-host-cold-0020,CRIU,cold,no,615,25379,7145,306,8066,0.03,x86_64,x86_64,True,True,transfer_mode=host;relay_node=edge-host-1,2026-04-30T00:41:33.352302,1_WiFi_6,0,0,15531,0,0,,,,,,
30-04-2026-host-cold-0021,CRIU,cold,no,579,25359,6865,325,7769,0.03,x86_64,x86_64,True,True,transfer_mode=host;relay_node=edge-host-1,2026-04-30T00:42:01.767763,1_WiFi_6,0,0,14828,0,0,,,,,,
30-04-2026-host-cold-0022,CRIU,cold,no,603,25331,6715,308,7626,0.03,x86_64,x86_64,True,True,transfer_mode=host;relay_node=edge-host-1,2026-04-30T00:42:29.826493,1_WiFi_6,0,0,14712,0,0,,,,,,
30-04-2026-host-cold-0023,CRIU,cold,no,604,25495,0,0,0,0.00,x86_64,x86_64,True,False,transfer_mode=host;relay_node=edge-host-1; transfer_failed,2026-04-30T00:42:49.998774,1_WiFi_6,0,0,6077,0,0,,,,,,
30-04-2026-host-cold-0024,CRIU,cold,no,601,25228,6795,325,7721,0.03,x86_64,x86_64,True,True,transfer_mode=host;relay_node=edge-host-1,2026-04-30T00:43:16.810603,1_WiFi_6,0,0,14911,0,0,,,,,,
30-04-2026-host-cold-0025,CRIU,cold,no,721,25442,6913,305,7939,0.03,x86_64,x86_64,True,True,transfer_mode=host;relay_node=edge-host-1,2026-04-30T00:43:44.965097,1_WiFi_6,0,0,14874,0,0,,,,,,
30-04-2026-host-cold-0026,CRIU,cold,no,601,25526,7028,324,7953,0.03,x86_64,x86_64,True,True,transfer_mode=host;relay_node=edge-host-1,2026-04-30T00:44:13.691751,1_WiFi_6,0,0,15009,0,0,,,,,,
30-04-2026-host-cold-0027,CRIU,cold,no,580,25319,7122,346,8048,0.03,x86_64,x86_64,True,True,transfer_mode=host;relay_node=edge-host-1,2026-04-30T00:44:42.545104,1_WiFi_6,0,0,15322,0,0,,,,,,
30-04-2026-host-cold-0028,CRIU,cold,no,579,25536,7129,307,8015,0.03,x86_64,x86_64,True,True,transfer_mode=host;relay_node=edge-host-1,2026-04-30T00:45:11.308213,1_WiFi_6,0,0,14994,0,0,,,,,,
30-04-2026-host-cold-0029,CRIU,cold,no,577,25333,6745,309,7631,0.03,x86_64,x86_64,True,True,transfer_mode=host;relay_node=edge-host-1,2026-04-30T00:45:39.820263,1_WiFi_6,0,0,14959,0,0,,,,,,
30-04-2026-host-cold-0030,CRIU,cold,no,632,25514,6991,305,7928,0.03,x86_64,x86_64,True,True,transfer_mode=host;relay_node=edge-host-1,2026-04-30T00:46:08.441891,1_WiFi_6,0,0,15047,0,0,,,,,,
30-04-2026-host-cold-0031,CRIU,cold,no,626,25334,7049,341,8016,0.03,x86_64,x86_64,True,True,transfer_mode=host;relay_node=edge-host-1,2026-04-30T00:46:36.961425,1_WiFi_6,0,0,15043,0,0,,,,,,
30-04-2026-host-cold-0032,CRIU,cold,no,566,25470,6593,304,7463,0.03,x86_64,x86_64,True,True,transfer_mode=host;relay_node=edge-host-1,2026-04-30T00:47:05.630781,1_WiFi_6,0,0,14545,0,0,,,,,,
30-04-2026-host-cold-0033,CRIU,cold,no,593,25320,7098,325,8016,0.03,x86_64,x86_64,True,True,transfer_mode=host;relay_node=edge-host-1,2026-04-30T00:47:34.078428,1_WiFi_6,0,0,15012,0,0,,,,,,
30-04-2026-host-cold-0034,CRIU,cold,no,588,25276,7268,334,8190,0.03,x86_64,x86_64,True,True,transfer_mode=host;relay_node=edge-host-1,2026-04-30T00:48:03.035693,1_WiFi_6,0,0,15275,0,0,,,,,,
30-04-2026-host-cold-0035,CRIU,cold,no,617,25296,7318,301,8236,0.03,x86_64,x86_64,True,True,transfer_mode=host;relay_node=edge-host-1,2026-04-30T00:48:31.666369,1_WiFi_6,0,0,15312,0,0,,,,,,
30-04-2026-host-cold-0036,CRIU,cold,no,575,25579,7088,323,7986,0.03,x86_64,x86_64,True,True,transfer_mode=host;relay_node=edge-host-1,2026-04-30T00:49:00.219491,1_WiFi_6,0,0,14846,0,0,,,,,,
30-04-2026-host-cold-0037,CRIU,cold,no,659,25340,7192,327,8178,0.03,x86_64,x86_64,True,True,transfer_mode=host;relay_node=edge-host-1,2026-04-30T00:49:28.624983,1_WiFi_6,0,0,15171,0,0,,,,,,
30-04-2026-host-cold-0038,CRIU,cold,no,616,25553,6934,368,7918,0.03,x86_64,x86_64,True,True,transfer_mode=host;relay_node=edge-host-1,2026-04-30T00:49:56.963492,1_WiFi_6,0,0,14933,0,0,,,,,,
30-04-2026-host-cold-0039,CRIU,cold,no,644,25399,6983,266,7893,0.03,x86_64,x86_64,True,True,transfer_mode=host;relay_node=edge-host-1,2026-04-30T00:50:25.812365,1_WiFi_6,0,0,15153,0,0,,,,,,
30-04-2026-host-cold-0040,CRIU,cold,no,598,25559,7355,377,8330,0.03,x86_64,x86_64,True,True,transfer_mode=host;relay_node=edge-host-1,2026-04-30T00:50:54.560435,1_WiFi_6,0,0,15228,0,0,,,,,,
30-04-2026-host-cold-0041,CRIU,cold,no,610,25563,6887,293,7790,0.03,x86_64,x86_64,True,True,transfer_mode=host;relay_node=edge-host-1,2026-04-30T00:51:23.231795,1_WiFi_6,0,0,14706,0,0,,,,,,
30-04-2026-host-cold-0042,CRIU,cold,no,588,25630,7193,366,8147,0.03,x86_64,x86_64,True,True,transfer_mode=host;relay_node=edge-host-1,2026-04-30T00:51:52.067691,1_WiFi_6,0,0,15490,0,0,,,,,,
30-04-2026-host-cold-0043,CRIU,cold,no,572,25541,6519,316,7407,0.03,x86_64,x86_64,True,True,transfer_mode=host;relay_node=edge-host-1,2026-04-30T00:52:20.102948,1_WiFi_6,0,0,14438,0,0,,,,,,
30-04-2026-host-cold-0044,CRIU,cold,no,624,25297,7187,290,8101,0.03,x86_64,x86_64,True,True,transfer_mode=host;relay_node=edge-host-1,2026-04-30T00:52:49.186361,1_WiFi_6,0,0,15531,0,0,,,,,,
30-04-2026-host-cold-0045,CRIU,cold,no,591,25329,6820,307,7718,0.03,x86_64,x86_64,True,True,transfer_mode=host;relay_node=edge-host-1,2026-04-30T00:53:17.679244,1_WiFi_6,0,0,14749,0,0,,,,,,
30-04-2026-host-cold-0046,CRIU,cold,no,616,25444,6802,369,7787,0.03,x86_64,x86_64,True,True,transfer_mode=host;relay_node=edge-host-1,2026-04-30T00:53:45.973677,1_WiFi_6,0,0,14783,0,0,,,,,,
30-04-2026-host-cold-0047,CRIU,cold,no,563,25399,7489,295,8347,0.03,x86_64,x86_64,True,True,transfer_mode=host;relay_node=edge-host-1,2026-04-30T00:54:15.210162,1_WiFi_6,0,0,15408,0,0,,,,,,
30-04-2026-host-cold-0048,CRIU,cold,no,666,25540,7002,315,7983,0.03,x86_64,x86_64,True,True,transfer_mode=host;relay_node=edge-host-1,2026-04-30T00:54:43.473492,1_WiFi_6,0,0,14809,0,0,,,,,,
30-04-2026-host-cold-0049,CRIU,cold,no,680,25639,7316,394,8390,0.03,x86_64,x86_64,True,True,transfer_mode=host;relay_node=edge-host-1,2026-04-30T00:55:12.746745,1_WiFi_6,0,0,15493,0,0,,,,,,
30-04-2026-host-cold-0050,CRIU,cold,no,588,25373,6955,268,7811,0.03,x86_64,x86_64,True,True,transfer_mode=host;relay_node=edge-host-1,2026-04-30T00:55:40.978769,1_WiFi_6,0,0,14899,0,0,,,,,,
30-04-2026-host-cold-0051,CRIU,cold,no,588,25521,7040,293,7921,0.03,x86_64,x86_64,True,True,transfer_mode=host;relay_node=edge-host-1,2026-04-30T00:56:09.764825,1_WiFi_6,0,0,15072,0,0,,,,,,
30-04-2026-direct-cold-0002,CRIU,cold,no,561,25223,3240,322,4123,0.06,x86_64,x86_64,True,True,transfer_mode=direct,2026-04-30T00:56:36.755957,1_WiFi_6,0,0,13088,0,0,,,,,,
30-04-2026-direct-cold-0003,CRIU,cold,no,593,25280,3089,311,3993,0.07,x86_64,x86_64,True,True,transfer_mode=direct,2026-04-30T00:57:03.484897,1_WiFi_6,0,0,13385,0,0,,,,,,
30-04-2026-direct-cold-0004,CRIU,cold,no,576,25204,2981,301,3858,0.07,x86_64,x86_64,True,True,transfer_mode=direct,2026-04-30T00:57:29.864823,1_WiFi_6,0,0,12915,0,0,,,,,,
30-04-2026-direct-cold-0005,CRIU,cold,no,621,25180,3040,271,3932,0.07,x86_64,x86_64,True,True,transfer_mode=direct,2026-04-30T00:57:56.527745,1_WiFi_6,0,0,13066,0,0,,,,,,
30-04-2026-direct-cold-0006,CRIU,cold,no,623,25224,3065,304,3992,0.07,x86_64,x86_64,True,True,transfer_mode=direct,2026-04-30T00:58:22.900112,1_WiFi_6,0,0,13109,0,0,,,,,,
30-04-2026-direct-cold-0007,CRIU,cold,no,581,25289,3095,322,3998,0.07,x86_64,x86_64,True,True,transfer_mode=direct,2026-04-30T00:58:49.218198,1_WiFi_6,0,0,12958,0,0,,,,,,
30-04-2026-direct-cold-0008,CRIU,cold,no,596,25401,3082,331,4009,0.07,x86_64,x86_64,True,True,transfer_mode=direct,2026-04-30T00:59:15.889308,1_WiFi_6,0,0,12943,0,0,,,,,,
30-04-2026-direct-cold-0009,CRIU,cold,no,606,25284,3196,322,4124,0.06,x86_64,x86_64,True,True,transfer_mode=direct,2026-04-30T00:59:42.876839,1_WiFi_6,0,0,13180,0,0,,,,,,
30-04-2026-direct-cold-0010,CRIU,cold,no,586,25286,3169,325,4080,0.06,x86_64,x86_64,True,True,transfer_mode=direct,2026-04-30T01:00:09.714336,1_WiFi_6,0,0,13494,0,0,,,,,,
30-04-2026-direct-cold-0011,CRIU,cold,no,627,25272,2938,317,3882,0.07,x86_64,x86_64,True,True,transfer_mode=direct,2026-04-30T01:00:36.211009,1_WiFi_6,0,0,12905,0,0,,,,,,
30-04-2026-direct-cold-0012,CRIU,cold,no,561,25390,3091,289,3941,0.07,x86_64,x86_64,True,True,transfer_mode=direct,2026-04-30T01:01:03.051727,1_WiFi_6,0,0,13203,0,0,,,,,,
30-04-2026-direct-cold-0013,CRIU,cold,no,606,25286,3191,327,4124,0.06,x86_64,x86_64,True,True,transfer_mode=direct,2026-04-30T01:01:29.900204,1_WiFi_6,0,0,13312,0,0,,,,,,
30-04-2026-direct-cold-0014,CRIU,cold,no,605,25334,3022,296,3923,0.07,x86_64,x86_64,True,True,transfer_mode=direct,2026-04-30T01:01:56.244588,1_WiFi_6,0,0,12947,0,0,,,,,,
30-04-2026-direct-cold-0015,CRIU,cold,no,574,25325,3151,314,4039,0.06,x86_64,x86_64,True,True,transfer_mode=direct,2026-04-30T01:02:22.774436,1_WiFi_6,0,0,13004,0,0,,,,,,
30-04-2026-direct-cold-0016,CRIU,cold,no,607,25397,3041,278,3926,0.07,x86_64,x86_64,True,True,transfer_mode=direct,2026-04-30T01:02:49.383876,1_WiFi_6,0,0,12967,0,0,,,,,,
30-04-2026-direct-cold-0017,CRIU,cold,no,621,25577,3124,315,4060,0.07,x86_64,x86_64,True,True,transfer_mode=direct,2026-04-30T01:03:15.952941,1_WiFi_6,0,0,12928,0,0,,,,,,
30-04-2026-direct-cold-0018,CRIU,cold,no,610,25344,3093,301,4004,0.07,x86_64,x86_64,True,True,transfer_mode=direct,2026-04-30T01:03:42.454490,1_WiFi_6,0,0,12855,0,0,,,,,,
30-04-2026-direct-cold-0019,CRIU,cold,no,582,25436,3305,316,4203,0.06,x86_64,x86_64,True,True,transfer_mode=direct,2026-04-30T01:04:09.083780,1_WiFi_6,0,0,13192,0,0,,,,,,
30-04-2026-direct-cold-0020,CRIU,cold,no,601,25328,3109,300,4010,0.07,x86_64,x86_64,True,True,transfer_mode=direct,2026-04-30T01:04:35.494922,1_WiFi_6,0,0,13274,0,0,,,,,,
30-04-2026-direct-cold-0021,CRIU,cold,no,582,25605,3104,300,3986,0.07,x86_64,x86_64,True,True,transfer_mode=direct,2026-04-30T01:05:01.867246,1_WiFi_6,0,0,13163,0,0,,,,,,
30-04-2026-direct-cold-0022,CRIU,cold,no,701,25274,3101,325,4127,0.07,x86_64,x86_64,True,True,transfer_mode=direct,2026-04-30T01:05:28.625148,1_WiFi_6,0,0,13120,0,0,,,,,,
30-04-2026-direct-cold-0023,CRIU,cold,no,582,25236,3012,308,3902,0.07,x86_64,x86_64,True,True,transfer_mode=direct,2026-04-30T01:05:55.216131,1_WiFi_6,0,0,12892,0,0,,,,,,
30-04-2026-direct-cold-0024,CRIU,cold,no,598,25506,3303,291,4192,0.06,x86_64,x86_64,True,True,transfer_mode=direct,2026-04-30T01:06:21.979775,1_WiFi_6,0,0,13068,0,0,,,,,,
30-04-2026-direct-cold-0025,CRIU,cold,no,583,25480,2908,297,3788,0.07,x86_64,x86_64,True,True,transfer_mode=direct,2026-04-30T01:06:57.964039,1_WiFi_6,0,0,12502,0,0,,,,,,
30-04-2026-direct-cold-0026,CRIU,cold,no,664,25547,3048,298,4010,0.07,x86_64,x86_64,True,True,transfer_mode=direct,2026-04-30T01:07:24.584916,1_WiFi_6,0,0,13016,0,0,,,,,,
30-04-2026-direct-cold-0027,CRIU,cold,no,615,25224,2998,383,3996,0.07,x86_64,x86_64,True,True,transfer_mode=direct,2026-04-30T01:07:50.906449,1_WiFi_6,0,0,12930,0,0,,,,,,
30-04-2026-direct-cold-0028,CRIU,cold,no,617,25269,3349,298,4264,0.06,x86_64,x86_64,True,True,transfer_mode=direct,2026-04-30T01:08:17.583508,1_WiFi_6,0,0,13242,0,0,,,,,,
30-04-2026-direct-cold-0029,CRIU,cold,no,674,25301,2927,305,3906,0.07,x86_64,x86_64,True,True,transfer_mode=direct,2026-04-30T01:08:44.211778,1_WiFi_6,0,0,13262,0,0,,,,,,
30-04-2026-direct-cold-0030,CRIU,cold,no,609,25420,3019,301,3929,0.07,x86_64,x86_64,True,True,transfer_mode=direct,2026-04-30T01:09:10.446936,1_WiFi_6,0,0,12730,0,0,,,,,,
30-04-2026-direct-cold-0031,CRIU,cold,no,584,25517,3044,289,3917,0.07,x86_64,x86_64,True,True,transfer_mode=direct,2026-04-30T01:09:37.151748,1_WiFi_6,0,0,12730,0,0,,,,,,
30-04-2026-direct-cold-0032,CRIU,cold,no,609,25454,3140,326,4075,0.06,x86_64,x86_64,True,True,transfer_mode=direct,2026-04-30T01:10:04.057337,1_WiFi_6,0,0,13052,0,0,,,,,,
30-04-2026-direct-cold-0033,CRIU,cold,no,616,25615,3136,305,4057,0.07,x86_64,x86_64,True,True,transfer_mode=direct,2026-04-30T01:10:30.717836,1_WiFi_6,0,0,13024,0,0,,,,,,
30-04-2026-direct-cold-0034,CRIU,cold,no,589,25509,3113,288,3990,0.07,x86_64,x86_64,True,True,transfer_mode=direct,2026-04-30T01:10:57.551295,1_WiFi_6,0,0,12970,0,0,,,,,,
30-04-2026-direct-cold-0035,CRIU,cold,no,636,25307,3378,342,4356,0.06,x86_64,x86_64,True,True,transfer_mode=direct,2026-04-30T01:11:24.215649,1_WiFi_6,0,0,13148,0,0,,,,,,
30-04-2026-direct-cold-0036,CRIU,cold,no,573,25392,3079,308,3960,0.07,x86_64,x86_64,True,True,transfer_mode=direct,2026-04-30T01:11:51.062322,1_WiFi_6,0,0,13270,0,0,,,,,,
30-04-2026-direct-cold-0037,CRIU,cold,no,584,25255,3096,299,3979,0.07,x86_64,x86_64,True,True,transfer_mode=direct,2026-04-30T01:12:17.494928,1_WiFi_6,0,0,12961,0,0,,,,,,
30-04-2026-direct-cold-0038,CRIU,cold,no,613,25376,3224,282,4119,0.06,x86_64,x86_64,True,True,transfer_mode=direct,2026-04-30T01:12:44.125284,1_WiFi_6,0,0,13134,0,0,,,,,,
30-04-2026-direct-cold-0039,CRIU,cold,no,610,25626,3133,298,4041,0.07,x86_64,x86_64,True,True,transfer_mode=direct,2026-04-30T01:13:11.176672,1_WiFi_6,0,0,13048,0,0,,,,,,
30-04-2026-direct-cold-0040,CRIU,cold,no,590,25682,2966,312,3868,0.07,x86_64,x86_64,True,True,transfer_mode=direct,2026-04-30T01:13:37.673908,1_WiFi_6,0,0,12923,0,0,,,,,,
30-04-2026-direct-cold-0041,CRIU,cold,no,547,25382,3091,300,3938,0.07,x86_64,x86_64,True,True,transfer_mode=direct,2026-04-30T01:14:04.354919,1_WiFi_6,0,0,12885,0,0,,,,,,
30-04-2026-direct-cold-0042,CRIU,cold,no,575,25291,3326,308,4209,0.06,x86_64,x86_64,True,True,transfer_mode=direct,2026-04-30T01:14:30.644666,1_WiFi_6,0,0,13079,0,0,,,,,,
30-04-2026-direct-cold-0043,CRIU,cold,no,585,25445,2983,294,3862,0.07,x86_64,x86_64,True,True,transfer_mode=direct,2026-04-30T01:14:57.044003,1_WiFi_6,0,0,13010,0,0,,,,,,
30-04-2026-direct-cold-0044,CRIU,cold,no,656,25458,3145,304,4105,0.06,x86_64,x86_64,True,True,transfer_mode=direct,2026-04-30T01:15:23.330085,1_WiFi_6,0,0,13088,0,0,,,,,,
30-04-2026-direct-cold-0045,CRIU,cold,no,602,25442,3026,262,3890,0.07,x86_64,x86_64,True,True,transfer_mode=direct,2026-04-30T01:15:49.579916,1_WiFi_6,0,0,12759,0,0,,,,,,
30-04-2026-direct-cold-0046,CRIU,cold,no,597,25334,3219,304,4120,0.06,x86_64,x86_64,True,True,transfer_mode=direct,2026-04-30T01:16:16.288571,1_WiFi_6,0,0,13067,0,0,,,,,,
30-04-2026-direct-cold-0047,CRIU,cold,no,716,25289,3131,305,4152,0.06,x86_64,x86_64,True,True,transfer_mode=direct,2026-04-30T01:16:43.079600,1_WiFi_6,0,0,12944,0,0,,,,,,
30-04-2026-direct-cold-0048,CRIU,cold,no,576,25038,3169,317,4062,0.06,x86_64,x86_64,True,True,transfer_mode=direct,2026-04-30T01:17:10.004899,1_WiFi_6,0,0,13217,0,0,,,,,,
30-04-2026-direct-cold-0049,CRIU,cold,no,589,25434,3501,309,4399,0.06,x86_64,x86_64,True,True,transfer_mode=direct,2026-04-30T01:17:36.198784,1_WiFi_6,0,0,13139,0,0,,,,,,
30-04-2026-direct-cold-0050,CRIU,cold,no,610,25294,3206,348,4164,0.06,x86_64,x86_64,True,True,transfer_mode=direct,2026-04-30T01:18:02.863800,1_WiFi_6,0,0,13327,0,0,,,,,,
30-04-2026-direct-cold-0051,CRIU,cold,no,560,25229,2985,319,3864,0.07,x86_64,x86_64,True,True,transfer_mode=direct,2026-04-30T01:18:29.170390,1_WiFi_6,0,0,12961,0,0,,,,,,
30-04-2026-host-precopy-0002,CRIU,precopy,no,570,31807,7399,348,8317,0.03,x86_64,x86_64,True,True,transfer_mode=host;iterations=3;relay_node=edge-host-1,2026-04-30T01:19:01.625079,1_WiFi_6,3946,570,18935,0,0,,,,,,
30-04-2026-host-precopy-0003,CRIU,precopy,no,555,31785,6760,288,7603,0.04,x86_64,x86_64,True,True,transfer_mode=host;iterations=3;relay_node=edge-host-1,2026-04-30T01:19:33.303526,1_WiFi_6,3900,555,18248,0,0,,,,,,
30-04-2026-host-precopy-0004,CRIU,precopy,no,646,32021,7542,346,8534,0.03,x86_64,x86_64,True,True,transfer_mode=host;iterations=3;relay_node=edge-host-1,2026-04-30T01:20:05.991127,1_WiFi_6,3940,646,19109,0,0,,,,,,
30-04-2026-host-precopy-0005,CRIU,precopy,no,554,31897,6740,321,7615,0.04,x86_64,x86_64,True,True,transfer_mode=host;iterations=3;relay_node=edge-host-1,2026-04-30T01:20:37.715963,1_WiFi_6,3911,554,18288,0,0,,,,,,
30-04-2026-host-precopy-0006,CRIU,precopy,no,631,32529,7098,309,8038,0.04,x86_64,x86_64,True,True,transfer_mode=host;iterations=3;relay_node=edge-host-1,2026-04-30T01:21:10.293078,1_WiFi_6,4255,631,19070,0,0,,,,,,
30-04-2026-host-precopy-0007,CRIU,precopy,no,627,31765,6752,299,7678,0.04,x86_64,x86_64,True,True,transfer_mode=host;iterations=3;relay_node=edge-host-1,2026-04-30T01:21:41.931044,1_WiFi_6,3954,627,18336,0,0,,,,,,
30-04-2026-host-precopy-0008,CRIU,precopy,no,551,31558,6929,292,7772,0.04,x86_64,x86_64,True,True,transfer_mode=host;iterations=3;relay_node=edge-host-1,2026-04-30T01:22:14.095729,1_WiFi_6,3960,551,18747,0,0,,,,,,
30-04-2026-host-precopy-0009,CRIU,precopy,no,588,32519,7028,344,7960,0.04,x86_64,x86_64,True,True,transfer_mode=host;iterations=3;relay_node=edge-host-1,2026-04-30T01:22:46.134694,1_WiFi_6,4001,588,18616,0,0,,,,,,
30-04-2026-host-precopy-0010,CRIU,precopy,no,581,31666,7080,313,7974,0.04,x86_64,x86_64,True,True,transfer_mode=host;iterations=3;relay_node=edge-host-1,2026-04-30T01:23:18.715323,1_WiFi_6,3947,581,18640,0,0,,,,,,
30-04-2026-host-precopy-0011,CRIU,precopy,no,565,31697,6847,311,7723,0.04,x86_64,x86_64,True,True,transfer_mode=host;iterations=3;relay_node=edge-host-1,2026-04-30T01:23:50.411281,1_WiFi_6,3959,565,18403,0,0,,,,,,
30-04-2026-host-precopy-0012,CRIU,precopy,no,557,32435,7139,354,8050,0.04,x86_64,x86_64,True,True,transfer_mode=host;iterations=3;relay_node=edge-host-1,2026-04-30T01:24:22.680733,1_WiFi_6,3983,557,18619,0,0,,,,,,
30-04-2026-host-precopy-0013,CRIU,precopy,no,548,32519,6757,312,7617,0.04,x86_64,x86_64,True,True,transfer_mode=host;iterations=3;relay_node=edge-host-1,2026-04-30T01:24:54.402887,1_WiFi_6,3961,548,18435,0,0,,,,,,
30-04-2026-host-precopy-0014,CRIU,precopy,no,618,33021,7252,324,8194,0.04,x86_64,x86_64,True,True,transfer_mode=host;iterations=3;relay_node=edge-host-1,2026-04-30T01:25:27.399436,1_WiFi_6,3930,618,18902,0,0,,,,,,
30-04-2026-host-precopy-0015,CRIU,precopy,no,573,33003,6782,312,7667,0.04,x86_64,x86_64,True,True,transfer_mode=host;iterations=3;relay_node=edge-host-1,2026-04-30T01:25:59.220368,1_WiFi_6,3938,573,18346,0,0,,,,,,
30-04-2026-host-precopy-0016,CRIU,precopy,no,584,32421,7149,324,8057,0.04,x86_64,x86_64,True,True,transfer_mode=host;iterations=3;relay_node=edge-host-1,2026-04-30T01:26:31.953119,1_WiFi_6,4001,584,18866,0,0,,,,,,
30-04-2026-host-precopy-0017,CRIU,precopy,no,552,31798,6686,297,7535,0.04,x86_64,x86_64,True,True,transfer_mode=host;iterations=3;relay_node=edge-host-1,2026-04-30T01:27:03.782125,1_WiFi_6,4026,552,18323,0,0,,,,,,
30-04-2026-host-precopy-0018,CRIU,precopy,no,537,32388,7135,307,7979,0.04,x86_64,x86_64,True,True,transfer_mode=host;iterations=3;relay_node=edge-host-1,2026-04-30T01:27:36.310870,1_WiFi_6,3920,537,18558,0,0,,,,,,
30-04-2026-host-precopy-0019,CRIU,precopy,no,543,32451,6891,326,7760,0.04,x86_64,x86_64,True,True,transfer_mode=host;iterations=3;relay_node=edge-host-1,2026-04-30T01:28:08.133656,1_WiFi_6,3910,543,18332,0,0,,,,,,
30-04-2026-host-precopy-0020,CRIU,precopy,no,534,31664,7297,304,8135,0.03,x86_64,x86_64,True,True,transfer_mode=host;iterations=3;relay_node=edge-host-1,2026-04-30T01:28:41.092747,1_WiFi_6,3957,534,18965,0,0,,,,,,
30-04-2026-host-precopy-0021,CRIU,precopy,no,546,31513,6854,318,7718,0.04,x86_64,x86_64,True,True,transfer_mode=host;iterations=3;relay_node=edge-host-1,2026-04-30T01:29:12.968304,1_WiFi_6,3929,546,18436,0,0,,,,,,
30-04-2026-host-precopy-0022,CRIU,precopy,no,593,31824,7038,309,7940,0.04,x86_64,x86_64,True,True,transfer_mode=host;iterations=3;relay_node=edge-host-1,2026-04-30T01:29:45.538074,1_WiFi_6,3903,593,18484,0,0,,,,,,
30-04-2026-host-precopy-0023,CRIU,precopy,no,546,31214,6943,636,8125,0.04,x86_64,x86_64,True,True,transfer_mode=host;iterations=3;relay_node=edge-host-1,2026-04-30T01:30:17.583915,1_WiFi_6,3901,546,18946,0,0,,,,,,
30-04-2026-host-precopy-0024,CRIU,precopy,no,544,32426,7227,309,8080,0.04,x86_64,x86_64,True,True,transfer_mode=host;iterations=3;relay_node=edge-host-1,2026-04-30T01:30:50.201384,1_WiFi_6,3945,544,18825,0,0,,,,,,
30-04-2026-host-precopy-0025,CRIU,precopy,no,524,31859,7403,318,8245,0.03,x86_64,x86_64,True,True,transfer_mode=host;iterations=3;relay_node=edge-host-1,2026-04-30T01:31:22.735699,1_WiFi_6,3935,524,19004,0,0,,,,,,
30-04-2026-host-precopy-0026,CRIU,precopy,no,622,33076,7266,311,8199,0.04,x86_64,x86_64,True,True,transfer_mode=host;iterations=3;relay_node=edge-host-1,2026-04-30T01:31:55.254102,1_WiFi_6,3901,622,18828,0,0,,,,,,
30-04-2026-host-precopy-0027,CRIU,precopy,no,600,31872,6994,323,7917,0.04,x86_64,x86_64,True,True,transfer_mode=host;iterations=3;relay_node=edge-host-1,2026-04-30T01:32:27.060003,1_WiFi_6,3929,600,18559,0,0,,,,,,
30-04-2026-host-precopy-0028,CRIU,precopy,no,550,31887,7020,312,7882,0.04,x86_64,x86_64,True,True,transfer_mode=host;iterations=3;relay_node=edge-host-1,2026-04-30T01:32:59.531870,1_WiFi_6,3917,550,18438,0,0,,,,,,
30-04-2026-host-precopy-0029,CRIU,precopy,no,600,33174,7052,333,7985,0.04,x86_64,x86_64,True,True,transfer_mode=host;iterations=3;relay_node=edge-host-1,2026-04-30T01:33:31.811739,1_WiFi_6,3926,600,18647,0,0,,,,,,
30-04-2026-host-precopy-0030,CRIU,precopy,no,566,31740,7123,323,8012,0.04,x86_64,x86_64,True,True,transfer_mode=host;iterations=3;relay_node=edge-host-1,2026-04-30T01:34:03.988088,1_WiFi_6,3991,566,18695,0,0,,,,,,
30-04-2026-host-precopy-0031,CRIU,precopy,no,562,31608,7261,276,8099,0.03,x86_64,x86_64,True,True,transfer_mode=host;iterations=3;relay_node=edge-host-1,2026-04-30T01:34:36.000835,1_WiFi_6,3944,562,18645,0,0,,,,,,
30-04-2026-host-precopy-0032,CRIU,precopy,no,762,32350,7042,295,8099,0.04,x86_64,x86_64,True,True,transfer_mode=host;iterations=3;relay_node=edge-host-1,2026-04-30T01:35:08.338538,1_WiFi_6,3966,762,18680,0,0,,,,,,
30-04-2026-host-precopy-0033,CRIU,precopy,no,571,31809,7384,277,8232,0.03,x86_64,x86_64,True,True,transfer_mode=host;iterations=3;relay_node=edge-host-1,2026-04-30T01:35:40.568269,1_WiFi_6,3913,571,18859,0,0,,,,,,
30-04-2026-host-precopy-0034,CRIU,precopy,no,544,32319,7173,333,8050,0.04,x86_64,x86_64,True,True,transfer_mode=host;iterations=3;relay_node=edge-host-1,2026-04-30T01:36:12.928307,1_WiFi_6,3920,544,18640,0,0,,,,,,
30-04-2026-host-precopy-0035,CRIU,precopy,no,573,32100,7121,340,8034,0.04,x86_64,x86_64,True,True,transfer_mode=host;iterations=3;relay_node=edge-host-1,2026-04-30T01:36:45.062000,1_WiFi_6,3896,573,18666,0,0,,,,,,
30-04-2026-host-precopy-0036,CRIU,precopy,no,540,31453,6999,319,7858,0.04,x86_64,x86_64,True,True,transfer_mode=host;iterations=3;relay_node=edge-host-1,2026-04-30T01:37:17.478178,1_WiFi_6,4051,540,18742,0,0,,,,,,
30-04-2026-host-precopy-0037,CRIU,precopy,no,573,32133,6966,324,7863,0.04,x86_64,x86_64,True,True,transfer_mode=host;iterations=3;relay_node=edge-host-1,2026-04-30T01:37:49.326675,1_WiFi_6,3906,573,18353,0,0,,,,,,
30-04-2026-host-precopy-0038,CRIU,precopy,no,632,31586,7159,313,8104,0.04,x86_64,x86_64,True,True,transfer_mode=host;iterations=3;relay_node=edge-host-1,2026-04-30T01:38:21.791539,1_WiFi_6,4080,632,18772,0,0,,,,,,
30-04-2026-host-precopy-0039,CRIU,precopy,no,704,32493,7017,307,8028,0.04,x86_64,x86_64,True,True,transfer_mode=host;iterations=3;relay_node=edge-host-1,2026-04-30T01:38:53.602983,1_WiFi_6,3909,704,18655,0,0,,,,,,
30-04-2026-host-precopy-0040,CRIU,precopy,no,532,31600,7289,306,8127,0.03,x86_64,x86_64,True,True,transfer_mode=host;iterations=3;relay_node=edge-host-1,2026-04-30T01:39:26.056075,1_WiFi_6,3920,532,18908,0,0,,,,,,
30-04-2026-host-precopy-0041,CRIU,precopy,no,618,32515,6811,307,7736,0.04,x86_64,x86_64,True,True,transfer_mode=host;iterations=3;relay_node=edge-host-1,2026-04-30T01:39:57.819724,1_WiFi_6,3895,618,18515,0,0,,,,,,
30-04-2026-host-precopy-0042,CRIU,precopy,no,553,31966,7250,297,8100,0.04,x86_64,x86_64,True,True,transfer_mode=host;iterations=3;relay_node=edge-host-1,2026-04-30T01:40:30.395520,1_WiFi_6,3991,553,18828,0,0,,,,,,
30-04-2026-host-precopy-0043,CRIU,precopy,no,562,32538,7048,293,7903,0.04,x86_64,x86_64,True,True,transfer_mode=host;iterations=3;relay_node=edge-host-1,2026-04-30T01:41:02.044281,1_WiFi_6,3952,562,18451,0,0,,,,,,
30-04-2026-host-precopy-0044,CRIU,precopy,no,578,32053,6994,338,7910,0.04,x86_64,x86_64,True,True,transfer_mode=host;iterations=3;relay_node=edge-host-1,2026-04-30T01:41:34.300719,1_WiFi_6,3948,578,18561,0,0,,,,,,
30-04-2026-host-precopy-0045,CRIU,precopy,no,562,32580,7009,329,7900,0.04,x86_64,x86_64,True,True,transfer_mode=host;iterations=3;relay_node=edge-host-1,2026-04-30T01:42:05.985899,1_WiFi_6,3974,562,18566,0,0,,,,,,
30-04-2026-host-precopy-0046,CRIU,precopy,no,518,32019,7134,294,7946,0.04,x86_64,x86_64,True,True,transfer_mode=host;iterations=3;relay_node=edge-host-1,2026-04-30T01:42:38.261216,1_WiFi_6,3954,518,18646,0,0,,,,,,
30-04-2026-host-precopy-0047,CRIU,precopy,no,545,31730,7084,300,7929,0.04,x86_64,x86_64,True,True,transfer_mode=host;iterations=3;relay_node=edge-host-1,2026-04-30T01:43:10.177931,1_WiFi_6,3956,545,18561,0,0,,,,,,
30-04-2026-host-precopy-0048,CRIU,precopy,no,562,32487,7135,282,7979,0.04,x86_64,x86_64,True,True,transfer_mode=host;iterations=3;relay_node=edge-host-1,2026-04-30T01:43:42.465518,1_WiFi_6,3967,562,18830,0,0,,,,,,
30-04-2026-host-precopy-0049,CRIU,precopy,no,601,31919,7186,307,8094,0.04,x86_64,x86_64,True,True,transfer_mode=host;iterations=3;relay_node=edge-host-1,2026-04-30T01:44:14.957695,1_WiFi_6,3981,601,19156,0,0,,,,,,
30-04-2026-host-precopy-0050,CRIU,precopy,no,596,32038,6946,320,7862,0.04,x86_64,x86_64,True,True,transfer_mode=host;iterations=3;relay_node=edge-host-1,2026-04-30T01:44:47.185383,1_WiFi_6,3949,596,18477,0,0,,,,,,
30-04-2026-host-precopy-0051,CRIU,precopy,no,553,32405,7270,328,8151,0.04,x86_64,x86_64,True,True,transfer_mode=host;iterations=3;relay_node=edge-host-1,2026-04-30T01:45:19.571103,1_WiFi_6,4053,553,19078,0,0,,,,,,
30-04-2026-direct-precopy-0002,CRIU,precopy,no,564,32587,3097,321,3982,0.08,x86_64,x86_64,True,True,transfer_mode=direct;iterations=3,2026-04-30T01:45:50.067446,1_WiFi_6,4001,564,16759,0,0,,,,,,
30-04-2026-direct-precopy-0003,CRIU,precopy,no,571,31642,3360,298,4229,0.08,x86_64,x86_64,True,True,transfer_mode=direct;iterations=3,2026-04-30T01:46:20.749310,1_WiFi_6,3992,571,17485,0,0,,,,,,
30-04-2026-direct-precopy-0004,CRIU,precopy,no,558,31221,3165,311,4034,0.08,x86_64,x86_64,True,True,transfer_mode=direct;iterations=3,2026-04-30T01:46:51.377921,1_WiFi_6,3904,558,16725,0,0,,,,,,
30-04-2026-direct-precopy-0005,CRIU,precopy,no,542,32981,3046,313,3901,0.09,x86_64,x86_64,True,True,transfer_mode=direct;iterations=3,2026-04-30T01:47:21.395934,1_WiFi_6,3913,542,16838,0,0,,,,,,
30-04-2026-direct-precopy-0006,CRIU,precopy,no,540,31934,3299,323,4162,0.08,x86_64,x86_64,True,True,transfer_mode=direct;iterations=3,2026-04-30T01:47:51.972330,1_WiFi_6,3943,540,16882,0,0,,,,,,
30-04-2026-direct-precopy-0007,CRIU,precopy,no,543,32980,3149,311,4003,0.08,x86_64,x86_64,True,True,transfer_mode=direct;iterations=3,2026-04-30T01:48:22.064104,1_WiFi_6,3902,543,16860,0,0,,,,,,
30-04-2026-direct-precopy-0008,CRIU,precopy,no,554,32966,2996,272,3822,0.09,x86_64,x86_64,True,True,transfer_mode=direct;iterations=3,2026-04-30T01:48:52.001187,1_WiFi_6,3953,554,16308,0,0,,,,,,
30-04-2026-direct-precopy-0009,CRIU,precopy,no,560,33083,3138,304,4002,0.08,x86_64,x86_64,True,True,transfer_mode=direct;iterations=3,2026-04-30T01:49:22.294259,1_WiFi_6,3894,560,16968,0,0,,,,,,
30-04-2026-direct-precopy-0010,CRIU,precopy,no,629,32500,3059,344,4032,0.08,x86_64,x86_64,True,True,transfer_mode=direct;iterations=3,2026-04-30T01:49:52.672410,1_WiFi_6,4005,629,16804,0,0,,,,,,
30-04-2026-direct-precopy-0011,CRIU,precopy,no,588,31859,3027,301,3916,0.08,x86_64,x86_64,True,True,transfer_mode=direct;iterations=3,2026-04-30T01:50:22.732905,1_WiFi_6,3897,588,16726,0,0,,,,,,
30-04-2026-direct-precopy-0012,CRIU,precopy,no,598,32557,3121,312,4031,0.08,x86_64,x86_64,True,True,transfer_mode=direct;iterations=3,2026-04-30T01:50:52.925842,1_WiFi_6,3897,598,16479,0,0,,,,,,
30-04-2026-direct-precopy-0013,CRIU,precopy,no,587,32953,3155,331,4073,0.08,x86_64,x86_64,True,True,transfer_mode=direct;iterations=3,2026-04-30T01:51:23.262950,1_WiFi_6,4034,587,17260,0,0,,,,,,
30-04-2026-direct-precopy-0014,CRIU,precopy,no,607,32464,2953,311,3871,0.09,x86_64,x86_64,True,True,transfer_mode=direct;iterations=3,2026-04-30T01:51:53.455710,1_WiFi_6,3886,607,16491,0,0,,,,,,
30-04-2026-direct-precopy-0015,CRIU,precopy,no,591,32482,3040,345,3976,0.09,x86_64,x86_64,True,True,transfer_mode=direct;iterations=3,2026-04-30T01:52:23.688924,1_WiFi_6,3985,591,17042,0,0,,,,,,
30-04-2026-direct-precopy-0016,CRIU,precopy,no,583,31412,2887,311,3781,0.09,x86_64,x86_64,True,True,transfer_mode=direct;iterations=3,2026-04-30T01:52:53.727149,1_WiFi_6,3978,583,16383,0,0,,,,,,
30-04-2026-direct-precopy-0017,CRIU,precopy,no,609,32926,3451,325,4385,0.08,x86_64,x86_64,True,True,transfer_mode=direct;iterations=3,2026-04-30T01:53:23.893000,1_WiFi_6,3983,609,16847,0,0,,,,,,
30-04-2026-direct-precopy-0018,CRIU,precopy,no,555,31317,3020,315,3890,0.08,x86_64,x86_64,True,True,transfer_mode=direct;iterations=3,2026-04-30T01:53:53.944255,1_WiFi_6,3965,555,16399,0,0,,,,,,
30-04-2026-direct-precopy-0019,CRIU,precopy,no,536,32355,3320,307,4163,0.08,x86_64,x86_64,True,True,transfer_mode=direct;iterations=3,2026-04-30T01:54:24.171620,1_WiFi_6,3926,536,16871,0,0,,,,,,
30-04-2026-direct-precopy-0020,CRIU,precopy,no,559,32010,3150,316,4025,0.08,x86_64,x86_64,True,True,transfer_mode=direct;iterations=3,2026-04-30T01:54:54.324117,1_WiFi_6,3984,559,16601,0,0,,,,,,
30-04-2026-direct-precopy-0021,CRIU,precopy,no,566,31353,3320,322,4208,0.08,x86_64,x86_64,True,True,transfer_mode=direct;iterations=3,2026-04-30T01:55:24.504001,1_WiFi_6,3938,566,16830,0,0,,,,,,
30-04-2026-direct-precopy-0022,CRIU,precopy,no,546,31352,2975,325,3846,0.08,x86_64,x86_64,True,True,transfer_mode=direct;iterations=3,2026-04-30T01:55:54.489941,1_WiFi_6,3962,546,16397,0,0,,,,,,
30-04-2026-direct-precopy-0023,CRIU,precopy,no,555,32492,3369,308,4232,0.08,x86_64,x86_64,True,True,transfer_mode=direct;iterations=3,2026-04-30T01:56:24.586032,1_WiFi_6,4015,555,16825,0,0,,,,,,
30-04-2026-direct-precopy-0024,CRIU,precopy,no,589,31671,3166,302,4057,0.08,x86_64,x86_64,True,True,transfer_mode=direct;iterations=3,2026-04-30T01:56:54.589553,1_WiFi_6,3999,589,17000,0,0,,,,,,
30-04-2026-direct-precopy-0025,CRIU,precopy,no,599,32516,3374,360,4333,0.08,x86_64,x86_64,True,True,transfer_mode=direct;iterations=3,2026-04-30T01:57:24.805438,1_WiFi_6,3972,599,17007,0,0,,,,,,
30-04-2026-direct-precopy-0026,CRIU,precopy,no,633,32454,3131,415,4179,0.08,x86_64,x86_64,True,True,transfer_mode=direct;iterations=3,2026-04-30T01:57:55.014223,1_WiFi_6,3895,633,17015,0,0,,,,,,
30-04-2026-direct-precopy-0027,CRIU,precopy,no,552,32048,3503,309,4364,0.07,x86_64,x86_64,True,True,transfer_mode=direct;iterations=3,2026-04-30T01:58:25.324957,1_WiFi_6,3958,552,16908,0,0,,,,,,
30-04-2026-direct-precopy-0028,CRIU,precopy,no,570,31642,2992,311,3873,0.08,x86_64,x86_64,True,True,transfer_mode=direct;iterations=3,2026-04-30T01:58:55.558946,1_WiFi_6,4033,570,16887,0,0,,,,,,
30-04-2026-direct-precopy-0029,CRIU,precopy,no,550,31287,3483,305,4338,0.07,x86_64,x86_64,True,True,transfer_mode=direct;iterations=3,2026-04-30T01:59:25.619747,1_WiFi_6,3909,550,16770,0,0,,,,,,
30-04-2026-direct-precopy-0030,CRIU,precopy,no,542,32512,3044,366,3952,0.09,x86_64,x86_64,True,True,transfer_mode=direct;iterations=3,2026-04-30T01:59:55.915048,1_WiFi_6,3995,542,16994,0,0,,,,,,
30-04-2026-direct-precopy-0031,CRIU,precopy,no,547,33094,3447,323,4317,0.08,x86_64,x86_64,True,True,transfer_mode=direct;iterations=3,2026-04-30T02:00:26.258714,1_WiFi_6,3900,547,16872,0,0,,,,,,
30-04-2026-direct-precopy-0032,CRIU,precopy,no,566,32440,3050,297,3913,0.09,x86_64,x86_64,True,True,transfer_mode=direct;iterations=3,2026-04-30T02:00:56.538443,1_WiFi_6,3956,566,16904,0,0,,,,,,
30-04-2026-direct-precopy-0033,CRIU,precopy,no,577,31925,3460,324,4361,0.07,x86_64,x86_64,True,True,transfer_mode=direct;iterations=3,2026-04-30T02:01:27.114305,1_WiFi_6,3900,577,17107,0,0,,,,,,
30-04-2026-direct-precopy-0034,CRIU,precopy,no,566,32463,3078,322,3966,0.08,x86_64,x86_64,True,True,transfer_mode=direct;iterations=3,2026-04-30T02:01:57.325320,1_WiFi_6,3911,566,16486,0,0,,,,,,
30-04-2026-direct-precopy-0035,CRIU,precopy,no,554,33096,3351,291,4196,0.08,x86_64,x86_64,True,True,transfer_mode=direct;iterations=3,2026-04-30T02:02:27.393681,1_WiFi_6,4015,554,16802,0,0,,,,,,
30-04-2026-direct-precopy-0036,CRIU,precopy,no,577,31726,3086,299,3962,0.08,x86_64,x86_64,True,True,transfer_mode=direct;iterations=3,2026-04-30T02:02:57.619258,1_WiFi_6,3922,577,16999,0,0,,,,,,
30-04-2026-direct-precopy-0037,CRIU,precopy,no,549,33102,3087,310,3946,0.09,x86_64,x86_64,True,True,transfer_mode=direct;iterations=3,2026-04-30T02:03:27.736467,1_WiFi_6,3938,549,16677,0,0,,,,,,
30-04-2026-direct-precopy-0038,CRIU,precopy,no,564,31736,3079,320,3963,0.08,x86_64,x86_64,True,True,transfer_mode=direct;iterations=3,2026-04-30T02:03:57.953648,1_WiFi_6,3926,564,16912,0,0,,,,,,
30-04-2026-direct-precopy-0039,CRIU,precopy,no,636,32109,3121,322,4079,0.08,x86_64,x86_64,True,True,transfer_mode=direct;iterations=3,2026-04-30T02:04:28.036537,1_WiFi_6,3913,636,17015,0,0,,,,,,
30-04-2026-direct-precopy-0040,CRIU,precopy,no,593,32569,2964,316,3873,0.09,x86_64,x86_64,True,True,transfer_mode=direct;iterations=3,2026-04-30T02:04:58.220690,1_WiFi_6,4012,593,16935,0,0,,,,,,
30-04-2026-direct-precopy-0041,CRIU,precopy,no,545,31395,3115,338,3998,0.08,x86_64,x86_64,True,True,transfer_mode=direct;iterations=3,2026-04-30T02:05:28.518524,1_WiFi_6,3961,545,16929,0,0,,,,,,
30-04-2026-direct-precopy-0042,CRIU,precopy,no,552,31831,3104,307,3963,0.08,x86_64,x86_64,True,True,transfer_mode=direct;iterations=3,2026-04-30T02:05:59.121234,1_WiFi_6,3932,552,16933,0,0,,,,,,
30-04-2026-direct-precopy-0043,CRIU,precopy,no,580,32081,3219,324,4123,0.08,x86_64,x86_64,True,True,transfer_mode=direct;iterations=3,2026-04-30T02:06:29.408954,1_WiFi_6,3895,580,16933,0,0,,,,,,
30-04-2026-direct-precopy-0044,CRIU,precopy,no,603,31363,3113,304,4020,0.08,x86_64,x86_64,True,True,transfer_mode=direct;iterations=3,2026-04-30T02:06:59.742203,1_WiFi_6,3936,603,16936,0,0,,,,,,
30-04-2026-direct-precopy-0045,CRIU,precopy,no,550,31828,3514,318,4382,0.07,x86_64,x86_64,True,True,transfer_mode=direct;iterations=3,2026-04-30T02:07:30.267520,1_WiFi_6,3917,550,17247,0,0,,,,,,
30-04-2026-direct-precopy-0046,CRIU,precopy,no,610,32331,3064,310,3984,0.08,x86_64,x86_64,True,True,transfer_mode=direct;iterations=3,2026-04-30T02:08:00.662977,1_WiFi_6,3903,610,16545,0,0,,,,,,
30-04-2026-direct-precopy-0047,CRIU,precopy,no,573,33072,3594,319,4486,0.07,x86_64,x86_64,True,True,transfer_mode=direct;iterations=3,2026-04-30T02:08:31.181691,1_WiFi_6,3930,573,16980,0,0,,,,,,
30-04-2026-direct-precopy-0048,CRIU,precopy,no,561,31704,3050,271,3882,0.08,x86_64,x86_64,True,True,transfer_mode=direct;iterations=3,2026-04-30T02:09:01.458604,1_WiFi_6,3943,561,16422,0,0,,,,,,
30-04-2026-direct-precopy-0049,CRIU,precopy,no,628,32363,3385,310,4323,0.08,x86_64,x86_64,True,True,transfer_mode=direct;iterations=3,2026-04-30T02:09:31.672900,1_WiFi_6,4022,628,16991,0,0,,,,,,
30-04-2026-direct-precopy-0050,CRIU,precopy,no,549,32036,3048,287,3884,0.08,x86_64,x86_64,True,True,transfer_mode=direct;iterations=3,2026-04-30T02:10:02.095901,1_WiFi_6,3932,549,16545,0,0,,,,,,
30-04-2026-direct-precopy-0051,CRIU,precopy,no,555,31810,3269,314,4138,0.08,x86_64,x86_64,True,True,transfer_mode=direct;iterations=3,2026-04-30T02:10:32.462098,1_WiFi_6,3982,555,16934,0,0,,,,,,
30-04-2026-host-postcopy-0002,CRIU,postcopy,no,1053,22735,7152,327,8532,0.03,x86_64,x86_64,True,True,transfer_mode=host;lazy_pages_port=9999;relay_node=edge-host-1,2026-04-30T02:11:04.661657,1_WiFi_6,0,1053,18575,4769,3025,,,,,,
30-04-2026-host-postcopy-0003,CRIU,postcopy,no,1054,22618,7107,338,8499,0.03,x86_64,x86_64,True,True,transfer_mode=host;lazy_pages_port=9999;relay_node=edge-host-1,2026-04-30T02:11:36.874139,1_WiFi_6,0,1054,18532,4695,2975,,,,,,
30-04-2026-host-postcopy-0004,CRIU,postcopy,no,1016,22558,7088,328,8432,0.03,x86_64,x86_64,True,True,transfer_mode=host;lazy_pages_port=9999;relay_node=edge-host-1,2026-04-30T02:12:08.931155,1_WiFi_6,0,1016,18503,4802,2975,,,,,,
30-04-2026-host-postcopy-0005,CRIU,postcopy,no,988,22638,7181,427,8596,0.03,x86_64,x86_64,True,True,transfer_mode=host;lazy_pages_port=9999;relay_node=edge-host-1,2026-04-30T02:12:40.814092,1_WiFi_6,0,988,18656,4863,2975,,,,,,
30-04-2026-host-postcopy-0006,CRIU,postcopy,no,1024,22494,6996,324,8344,0.03,x86_64,x86_64,True,True,transfer_mode=host;lazy_pages_port=9999;relay_node=edge-host-1,2026-04-30T02:13:12.739390,1_WiFi_6,0,1024,18130,4667,3025,,,,,,
30-04-2026-host-postcopy-0007,CRIU,postcopy,no,1011,22576,7117,315,8443,0.03,x86_64,x86_64,True,True,transfer_mode=host;lazy_pages_port=9999;relay_node=edge-host-1,2026-04-30T02:13:44.871497,1_WiFi_6,0,1011,18716,4720,3240,,,,,,
30-04-2026-host-postcopy-0008,CRIU,postcopy,no,959,22552,6974,337,8270,0.03,x86_64,x86_64,True,True,transfer_mode=host;lazy_pages_port=9999;relay_node=edge-host-1,2026-04-30T02:14:16.823308,1_WiFi_6,0,959,18310,4704,3025,,,,,,
30-04-2026-host-postcopy-0009,CRIU,postcopy,no,1031,22581,6717,351,8099,0.03,x86_64,x86_64,True,True,transfer_mode=host;lazy_pages_port=9999;relay_node=edge-host-1,2026-04-30T02:14:48.872497,1_WiFi_6,0,1031,18666,4817,3025,,,,,,
30-04-2026-host-postcopy-0010,CRIU,postcopy,no,1072,22763,7122,356,8550,0.03,x86_64,x86_64,True,True,transfer_mode=host;lazy_pages_port=9999;relay_node=edge-host-1,2026-04-30T02:15:21.260839,1_WiFi_6,0,1072,18647,4890,3082,,,,,,
30-04-2026-host-postcopy-0011,CRIU,postcopy,no,1010,22732,6662,336,8008,0.03,x86_64,x86_64,True,True,transfer_mode=host;lazy_pages_port=9999;relay_node=edge-host-1,2026-04-30T02:15:53.181884,1_WiFi_6,0,1010,18058,4864,2975,,,,,,
30-04-2026-host-postcopy-0012,CRIU,postcopy,no,1023,22746,7088,363,8474,0.03,x86_64,x86_64,True,True,transfer_mode=host;lazy_pages_port=9999;relay_node=edge-host-1,2026-04-30T02:16:25.710283,1_WiFi_6,0,1023,18566,4871,2967,,,,,,
30-04-2026-host-postcopy-0013,CRIU,postcopy,no,1039,22703,6762,339,8140,0.03,x86_64,x86_64,True,True,transfer_mode=host;lazy_pages_port=9999;relay_node=edge-host-1,2026-04-30T02:16:57.599290,1_WiFi_6,0,1039,18292,4728,3133,,,,,,
30-04-2026-host-postcopy-0014,CRIU,postcopy,no,1017,22593,7099,352,8468,0.03,x86_64,x86_64,True,True,transfer_mode=host;lazy_pages_port=9999;relay_node=edge-host-1,2026-04-30T02:17:29.908876,1_WiFi_6,0,1017,18551,4843,3025,,,,,,
30-04-2026-host-postcopy-0015,CRIU,postcopy,no,1007,22642,6839,342,8188,0.03,x86_64,x86_64,True,True,transfer_mode=host;lazy_pages_port=9999;relay_node=edge-host-1,2026-04-30T02:18:01.732592,1_WiFi_6,0,1007,18187,4748,3025,,,,,,
30-04-2026-host-postcopy-0016,CRIU,postcopy,no,1053,22767,7083,388,8524,0.03,x86_64,x86_64,True,True,transfer_mode=host;lazy_pages_port=9999;relay_node=edge-host-1,2026-04-30T02:18:34.003236,1_WiFi_6,0,1053,18613,4902,2975,,,,,,
30-04-2026-host-postcopy-0017,CRIU,postcopy,no,1019,22725,6660,360,8039,0.03,x86_64,x86_64,True,True,transfer_mode=host;lazy_pages_port=9999;relay_node=edge-host-1,2026-04-30T02:19:05.722665,1_WiFi_6,0,1019,18098,4760,3082,,,,,,
30-04-2026-host-postcopy-0018,CRIU,postcopy,no,1008,22666,7122,321,8451,0.03,x86_64,x86_64,True,True,transfer_mode=host;lazy_pages_port=9999;relay_node=edge-host-1,2026-04-30T02:19:38.063734,1_WiFi_6,0,1008,18610,4891,3025,,,,,,
30-04-2026-host-postcopy-0019,CRIU,postcopy,no,1007,22632,6738,321,8066,0.03,x86_64,x86_64,True,True,transfer_mode=host;lazy_pages_port=9999;relay_node=edge-host-1,2026-04-30T02:20:09.747950,1_WiFi_6,0,1007,18071,4707,2975,,,,,,
30-04-2026-host-postcopy-0020,CRIU,postcopy,no,986,22646,7155,354,8495,0.03,x86_64,x86_64,True,True,transfer_mode=host;lazy_pages_port=9999;relay_node=edge-host-1,2026-04-30T02:20:41.690960,1_WiFi_6,0,986,18431,4818,2975,,,,,,
30-04-2026-host-postcopy-0021,CRIU,postcopy,no,1066,22541,6637,388,8091,0.03,x86_64,x86_64,True,True,transfer_mode=host;lazy_pages_port=9999;relay_node=edge-host-1,2026-04-30T02:21:13.498782,1_WiFi_6,0,1066,18088,4761,2975,,,,,,
30-04-2026-host-postcopy-0022,CRIU,postcopy,no,993,22674,7191,425,8609,0.03,x86_64,x86_64,True,True,transfer_mode=host;lazy_pages_port=9999;relay_node=edge-host-1,2026-04-30T02:21:45.799467,1_WiFi_6,0,993,18540,4815,3132,,,,,,
30-04-2026-host-postcopy-0023,CRIU,postcopy,no,1050,22754,6696,323,8069,0.03,x86_64,x86_64,True,True,transfer_mode=host;lazy_pages_port=9999;relay_node=edge-host-1,2026-04-30T02:22:17.701705,1_WiFi_6,0,1050,18050,4726,3133,,,,,,
30-04-2026-host-postcopy-0024,CRIU,postcopy,no,1080,22702,7000,338,8418,0.03,x86_64,x86_64,True,True,transfer_mode=host;lazy_pages_port=9999;relay_node=edge-host-1,2026-04-30T02:22:49.804092,1_WiFi_6,0,1080,18411,4735,3133,,,,,,
30-04-2026-host-postcopy-0025,CRIU,postcopy,no,1087,22747,6756,316,8159,0.03,x86_64,x86_64,True,True,transfer_mode=host;lazy_pages_port=9999;relay_node=edge-host-1,2026-04-30T02:23:21.626457,1_WiFi_6,0,1087,18287,4721,3083,,,,,,
30-04-2026-host-postcopy-0026,CRIU,postcopy,no,989,22688,7123,327,8439,0.03,x86_64,x86_64,True,True,transfer_mode=host;lazy_pages_port=9999;relay_node=edge-host-1,2026-04-30T02:23:54.024249,1_WiFi_6,0,989,18743,4809,3083,,,,,,
30-04-2026-host-postcopy-0027,CRIU,postcopy,no,1058,22725,6757,376,8191,0.03,x86_64,x86_64,True,True,transfer_mode=host;lazy_pages_port=9999;relay_node=edge-host-1,2026-04-30T02:24:25.876240,1_WiFi_6,0,1058,18122,4738,3133,,,,,,
30-04-2026-host-postcopy-0028,CRIU,postcopy,no,928,22727,7218,322,8468,0.03,x86_64,x86_64,True,True,transfer_mode=host;lazy_pages_port=9999;relay_node=edge-host-1,2026-04-30T02:24:58.131160,1_WiFi_6,0,928,18576,4765,3025,,,,,,
30-04-2026-host-postcopy-0029,CRIU,postcopy,no,1019,22615,6863,349,8231,0.03,x86_64,x86_64,True,True,transfer_mode=host;lazy_pages_port=9999;relay_node=edge-host-1,2026-04-30T02:25:30.271364,1_WiFi_6,0,1019,18458,4928,2975,,,,,,
30-04-2026-host-postcopy-0030,CRIU,postcopy,no,1020,22522,7137,344,8501,0.03,x86_64,x86_64,True,True,transfer_mode=host;lazy_pages_port=9999;relay_node=edge-host-1,2026-04-30T02:26:02.305569,1_WiFi_6,0,1020,18449,4692,2917,,,,,,
30-04-2026-host-postcopy-0031,CRIU,postcopy,no,1023,22611,6903,357,8283,0.03,x86_64,x86_64,True,True,transfer_mode=host;lazy_pages_port=9999;relay_node=edge-host-1,2026-04-30T02:26:34.488406,1_WiFi_6,0,1023,18447,4834,3025,,,,,,
30-04-2026-host-postcopy-0032,CRIU,postcopy,no,989,22772,7086,335,8410,0.03,x86_64,x86_64,True,True,transfer_mode=host;lazy_pages_port=9999;relay_node=edge-host-1,2026-04-30T02:27:06.787392,1_WiFi_6,0,989,18714,4768,2975,,,,,,
30-04-2026-host-postcopy-0033,CRIU,postcopy,no,1040,22524,6698,345,8083,0.03,x86_64,x86_64,True,True,transfer_mode=host;lazy_pages_port=9999;relay_node=edge-host-1,2026-04-30T02:27:39.012771,1_WiFi_6,0,1040,18214,4724,2867,,,,,,
30-04-2026-host-postcopy-0034,CRIU,postcopy,no,966,22715,7115,319,8400,0.03,x86_64,x86_64,True,True,transfer_mode=host;lazy_pages_port=9999;relay_node=edge-host-1,2026-04-30T02:28:11.358577,1_WiFi_6,0,966,18485,4862,2867,,,,,,
30-04-2026-host-postcopy-0035,CRIU,postcopy,no,1066,22567,6818,331,8215,0.03,x86_64,x86_64,True,True,transfer_mode=host;lazy_pages_port=9999;relay_node=edge-host-1,2026-04-30T02:28:43.025791,1_WiFi_6,0,1066,18142,4776,3083,,,,,,
30-04-2026-host-postcopy-0036,CRIU,postcopy,no,1014,22574,7053,331,8398,0.03,x86_64,x86_64,True,True,transfer_mode=host;lazy_pages_port=9999;relay_node=edge-host-1,2026-04-30T02:29:14.894713,1_WiFi_6,0,1014,18346,4746,2917,,,,,,
30-04-2026-host-postcopy-0037,CRIU,postcopy,no,1039,22673,6884,295,8218,0.03,x86_64,x86_64,True,True,transfer_mode=host;lazy_pages_port=9999;relay_node=edge-host-1,2026-04-30T02:29:46.369731,1_WiFi_6,0,1039,18055,4615,3025,,,,,,
30-04-2026-host-postcopy-0038,CRIU,postcopy,no,969,22702,7176,319,8464,0.03,x86_64,x86_64,True,True,transfer_mode=host;lazy_pages_port=9999;relay_node=edge-host-1,2026-04-30T02:30:18.327291,1_WiFi_6,0,969,18480,4705,2917,,,,,,
30-04-2026-host-postcopy-0039,CRIU,postcopy,no,985,22659,6725,368,8078,0.03,x86_64,x86_64,True,True,transfer_mode=host;lazy_pages_port=9999;relay_node=edge-host-1,2026-04-30T02:30:49.959800,1_WiFi_6,0,985,18104,4805,2975,,,,,,
30-04-2026-host-postcopy-0040,CRIU,postcopy,no,1032,22755,7160,357,8549,0.03,x86_64,x86_64,True,True,transfer_mode=host;lazy_pages_port=9999;relay_node=edge-host-1,2026-04-30T02:31:22.150184,1_WiFi_6,0,1032,18510,4850,2975,,,,,,
30-04-2026-host-postcopy-0041,CRIU,postcopy,no,1045,22775,6835,337,8217,0.03,x86_64,x86_64,True,True,transfer_mode=host;lazy_pages_port=9999;relay_node=edge-host-1,2026-04-30T02:31:54.062037,1_WiFi_6,0,1045,18105,4707,2975,,,,,,
30-04-2026-host-postcopy-0042,CRIU,postcopy,no,993,22592,7168,326,8487,0.03,x86_64,x86_64,True,True,transfer_mode=host;lazy_pages_port=9999;relay_node=edge-host-1,2026-04-30T02:32:26.300592,1_WiFi_6,0,993,18533,4727,3082,,,,,,
30-04-2026-host-postcopy-0043,CRIU,postcopy,no,1125,22700,6822,335,8282,0.03,x86_64,x86_64,True,True,transfer_mode=host;lazy_pages_port=9999;relay_node=edge-host-1,2026-04-30T02:32:58.018458,1_WiFi_6,0,1125,18171,4749,3083,,,,,,
30-04-2026-host-postcopy-0044,CRIU,postcopy,no,1047,22609,7230,355,8632,0.03,x86_64,x86_64,True,True,transfer_mode=host;lazy_pages_port=9999;relay_node=edge-host-1,2026-04-30T02:33:30.423105,1_WiFi_6,0,1047,18617,4772,2975,,,,,,
30-04-2026-host-postcopy-0045,CRIU,postcopy,no,987,22716,6699,338,8024,0.03,x86_64,x86_64,True,True,transfer_mode=host;lazy_pages_port=9999;relay_node=edge-host-1,2026-04-30T02:34:01.983500,1_WiFi_6,0,987,18051,4722,2975,,,,,,
30-04-2026-host-postcopy-0046,CRIU,postcopy,no,1002,22641,6857,353,8212,0.03,x86_64,x86_64,True,True,transfer_mode=host;lazy_pages_port=9999;relay_node=edge-host-1,2026-04-30T02:34:33.921822,1_WiFi_6,0,1002,18245,4762,3083,,,,,,
30-04-2026-host-postcopy-0047,CRIU,postcopy,no,1074,22582,7173,312,8559,0.03,x86_64,x86_64,True,True,transfer_mode=host;lazy_pages_port=9999;relay_node=edge-host-1,2026-04-30T02:35:06.454818,1_WiFi_6,0,1074,18668,4705,3025,,,,,,
30-04-2026-host-postcopy-0048,CRIU,postcopy,no,1018,22548,7001,291,8310,0.03,x86_64,x86_64,True,True,transfer_mode=host;lazy_pages_port=9999;relay_node=edge-host-1,2026-04-30T02:35:38.124213,1_WiFi_6,0,1018,18258,4736,3025,,,,,,
30-04-2026-host-postcopy-0049,CRIU,postcopy,no,1031,22643,6728,334,8093,0.03,x86_64,x86_64,True,True,transfer_mode=host;lazy_pages_port=9999;relay_node=edge-host-1,2026-04-30T02:36:09.980761,1_WiFi_6,0,1031,18150,4729,2917,,,,,,
30-04-2026-host-postcopy-0050,CRIU,postcopy,no,1013,22650,7197,341,8551,0.03,x86_64,x86_64,True,True,transfer_mode=host;lazy_pages_port=9999;relay_node=edge-host-1,2026-04-30T02:36:42.154781,1_WiFi_6,0,1013,18575,4771,2867,,,,,,
30-04-2026-host-postcopy-0051,CRIU,postcopy,no,1030,22723,6604,359,7993,0.03,x86_64,x86_64,True,True,transfer_mode=host;lazy_pages_port=9999;relay_node=edge-host-1,2026-04-30T02:37:13.710045,1_WiFi_6,0,1030,17986,4734,2975,,,,,,
30-04-2026-direct-postcopy-0002,CRIU,postcopy,no,1012,22707,3049,483,4544,0.06,x86_64,x86_64,True,True,transfer_mode=direct;lazy_pages_port=9999,2026-04-30T02:37:44.217493,1_WiFi_6,0,1012,16576,4885,3075,,,,,,
30-04-2026-direct-postcopy-0003,CRIU,postcopy,no,949,22542,3029,358,4336,0.06,x86_64,x86_64,True,True,transfer_mode=direct;lazy_pages_port=9999,2026-04-30T02:38:13.966071,1_WiFi_6,0,949,16136,4713,3182,,,,,,
30-04-2026-direct-postcopy-0004,CRIU,postcopy,no,973,22714,3112,309,4394,0.06,x86_64,x86_64,True,True,transfer_mode=direct;lazy_pages_port=9999,2026-04-30T02:38:44.145374,1_WiFi_6,0,973,16438,4780,2917,,,,,,
30-04-2026-direct-postcopy-0005,CRIU,postcopy,no,1016,22729,3018,329,4363,0.06,x86_64,x86_64,True,True,transfer_mode=direct;lazy_pages_port=9999,2026-04-30T02:39:14.210699,1_WiFi_6,0,1016,16321,4760,2975,,,,,,
30-04-2026-direct-postcopy-0006,CRIU,postcopy,no,1049,22650,3095,327,4471,0.06,x86_64,x86_64,True,True,transfer_mode=direct;lazy_pages_port=9999,2026-04-30T02:39:44.095224,1_WiFi_6,0,1049,16364,4789,2975,,,,,,
30-04-2026-direct-postcopy-0007,CRIU,postcopy,no,997,22660,3050,337,4384,0.06,x86_64,x86_64,True,True,transfer_mode=direct;lazy_pages_port=9999,2026-04-30T02:40:13.893361,1_WiFi_6,0,997,16231,4706,2917,,,,,,
30-04-2026-direct-postcopy-0008,CRIU,postcopy,no,996,22724,3067,348,4411,0.06,x86_64,x86_64,True,True,transfer_mode=direct;lazy_pages_port=9999,2026-04-30T02:40:54.110654,1_WiFi_6,0,996,17072,5055,3083,,,,,,
30-04-2026-direct-postcopy-0009,CRIU,postcopy,no,975,22644,3179,329,4483,0.06,x86_64,x86_64,True,True,transfer_mode=direct;lazy_pages_port=9999,2026-04-30T02:41:23.808613,1_WiFi_6,0,975,16502,4752,2975,,,,,,
30-04-2026-direct-postcopy-0010,CRIU,postcopy,no,1017,22650,3092,388,4497,0.06,x86_64,x86_64,True,True,transfer_mode=direct;lazy_pages_port=9999,2026-04-30T02:41:54.025135,1_WiFi_6,0,1017,16940,4767,3083,,,,,,
30-04-2026-direct-postcopy-0011,CRIU,postcopy,no,1032,22645,3017,318,4367,0.06,x86_64,x86_64,True,True,transfer_mode=direct;lazy_pages_port=9999,2026-04-30T02:42:23.963780,1_WiFi_6,0,1032,16443,4878,3133,,,,,,
30-04-2026-direct-postcopy-0012,CRIU,postcopy,no,982,22732,3067,367,4416,0.06,x86_64,x86_64,True,True,transfer_mode=direct;lazy_pages_port=9999,2026-04-30T02:42:54.174936,1_WiFi_6,0,982,17077,4865,2975,,,,,,
30-04-2026-direct-postcopy-0013,CRIU,postcopy,no,968,22655,3035,351,4354,0.06,x86_64,x86_64,True,True,transfer_mode=direct;lazy_pages_port=9999,2026-04-30T02:43:23.698509,1_WiFi_6,0,968,16239,4685,3025,,,,,,
30-04-2026-direct-postcopy-0014,CRIU,postcopy,no,1022,22668,3107,361,4490,0.06,x86_64,x86_64,True,True,transfer_mode=direct;lazy_pages_port=9999,2026-04-30T02:43:53.710362,1_WiFi_6,0,1022,16759,4787,2974,,,,,,
30-04-2026-direct-postcopy-0015,CRIU,postcopy,no,1048,22625,3087,314,4449,0.06,x86_64,x86_64,True,True,transfer_mode=direct;lazy_pages_port=9999,2026-04-30T02:44:23.703664,1_WiFi_6,0,1048,16477,4845,2975,,,,,,
30-04-2026-direct-postcopy-0016,CRIU,postcopy,no,978,22625,2993,324,4295,0.06,x86_64,x86_64,True,True,transfer_mode=direct;lazy_pages_port=9999,2026-04-30T02:44:53.474838,1_WiFi_6,0,978,16630,4761,3133,,,,,,
30-04-2026-direct-postcopy-0017,CRIU,postcopy,no,968,22661,2975,316,4259,0.06,x86_64,x86_64,True,True,transfer_mode=direct;lazy_pages_port=9999,2026-04-30T02:45:23.421053,1_WiFi_6,0,968,16103,4770,2917,,,,,,
30-04-2026-direct-postcopy-0018,CRIU,postcopy,no,1354,22536,3104,333,4791,0.06,x86_64,x86_64,True,True,transfer_mode=direct;lazy_pages_port=9999,2026-04-30T02:45:53.719661,1_WiFi_6,0,1354,17048,4849,3025,,,,,,
30-04-2026-direct-postcopy-0019,CRIU,postcopy,no,1017,22644,3048,338,4403,0.06,x86_64,x86_64,True,True,transfer_mode=direct;lazy_pages_port=9999,2026-04-30T02:46:23.661531,1_WiFi_6,0,1017,16300,4784,2975,,,,,,
30-04-2026-direct-postcopy-0020,CRIU,postcopy,no,1360,22751,3081,339,4780,0.06,x86_64,x86_64,True,True,transfer_mode=direct;lazy_pages_port=9999,2026-04-30T02:46:53.674154,1_WiFi_6,0,1360,16733,4799,2917,,,,,,
30-04-2026-direct-postcopy-0021,CRIU,postcopy,no,1076,22573,3042,322,4440,0.06,x86_64,x86_64,True,True,transfer_mode=direct;lazy_pages_port=9999,2026-04-30T02:47:33.288574,1_WiFi_6,0,1076,16347,4758,3025,,,,,,
30-04-2026-direct-postcopy-0022,CRIU,postcopy,no,1027,22743,3039,326,4392,0.06,x86_64,x86_64,True,True,transfer_mode=direct;lazy_pages_port=9999,2026-04-30T02:48:03.449217,1_WiFi_6,0,1027,16502,4793,2867,,,,,,
30-04-2026-direct-postcopy-0023,CRIU,postcopy,no,1010,22720,3104,336,4450,0.06,x86_64,x86_64,True,True,transfer_mode=direct;lazy_pages_port=9999,2026-04-30T02:48:33.459802,1_WiFi_6,0,1010,16379,4761,3025,,,,,,
30-04-2026-direct-postcopy-0024,CRIU,postcopy,no,985,22525,3287,340,4612,0.05,x86_64,x86_64,True,True,transfer_mode=direct;lazy_pages_port=9999,2026-04-30T02:49:03.676839,1_WiFi_6,0,985,16572,4755,3025,,,,,,
30-04-2026-direct-postcopy-0025,CRIU,postcopy,no,983,22696,3097,415,4495,0.06,x86_64,x86_64,True,True,transfer_mode=direct;lazy_pages_port=9999,2026-04-30T02:49:33.803090,1_WiFi_6,0,983,16595,4870,2917,,,,,,
30-04-2026-direct-postcopy-0026,CRIU,postcopy,no,997,22691,3094,325,4416,0.06,x86_64,x86_64,True,True,transfer_mode=direct;lazy_pages_port=9999,2026-04-30T02:50:03.790457,1_WiFi_6,0,997,16249,4687,3025,,,,,,
30-04-2026-direct-postcopy-0027,CRIU,postcopy,no,1095,22764,3008,319,4422,0.06,x86_64,x86_64,True,True,transfer_mode=direct;lazy_pages_port=9999,2026-04-30T02:50:33.895644,1_WiFi_6,0,1095,16380,4758,2867,,,,,,
30-04-2026-direct-postcopy-0028,CRIU,postcopy,no,1031,22587,3154,352,4537,0.06,x86_64,x86_64,True,True,transfer_mode=direct;lazy_pages_port=9999,2026-04-30T02:51:04.029065,1_WiFi_6,0,1031,16698,4760,3075,,,,,,
30-04-2026-direct-postcopy-0029,CRIU,postcopy,no,1098,22704,3276,320,4694,0.06,x86_64,x86_64,True,True,transfer_mode=direct;lazy_pages_port=9999,2026-04-30T02:51:34.469104,1_WiFi_6,0,1098,16649,4692,3025,,,,,,
30-04-2026-direct-postcopy-0030,CRIU,postcopy,no,1064,22777,3132,318,4514,0.06,x86_64,x86_64,True,True,transfer_mode=direct;lazy_pages_port=9999,2026-04-30T02:52:04.463539,1_WiFi_6,0,1064,16520,4713,2975,,,,,,
30-04-2026-direct-postcopy-0031,CRIU,postcopy,no,1061,22644,3146,391,4598,0.06,x86_64,x86_64,True,True,transfer_mode=direct;lazy_pages_port=9999,2026-04-30T02:52:34.808675,1_WiFi_6,0,1061,16573,4828,3133,,,,,,
30-04-2026-direct-postcopy-0032,CRIU,postcopy,no,961,22523,3143,295,4399,0.06,x86_64,x86_64,True,True,transfer_mode=direct;lazy_pages_port=9999,2026-04-30T02:53:04.975680,1_WiFi_6,0,961,16397,4823,3132,,,,,,
30-04-2026-direct-postcopy-0033,CRIU,postcopy,no,933,22636,3094,348,4375,0.06,x86_64,x86_64,True,True,transfer_mode=direct;lazy_pages_port=9999,2026-04-30T02:53:35.032242,1_WiFi_6,0,933,16369,4788,2975,,,,,,
30-04-2026-direct-postcopy-0034,CRIU,postcopy,no,986,22683,3048,353,4387,0.06,x86_64,x86_64,True,True,transfer_mode=direct;lazy_pages_port=9999,2026-04-30T02:54:05.055345,1_WiFi_6,0,986,16709,4775,3083,,,,,,
30-04-2026-direct-postcopy-0035,CRIU,postcopy,no,1058,22667,3233,338,4629,0.06,x86_64,x86_64,True,True,transfer_mode=direct;lazy_pages_port=9999,2026-04-30T02:54:35.027056,1_WiFi_6,0,1058,16302,4702,3183,,,,,,
30-04-2026-direct-postcopy-0036,CRIU,postcopy,no,1027,22604,3011,324,4362,0.06,x86_64,x86_64,True,True,transfer_mode=direct;lazy_pages_port=9999,2026-04-30T02:55:05.007891,1_WiFi_6,0,1027,16684,4753,2917,,,,,,
30-04-2026-direct-postcopy-0037,CRIU,postcopy,no,1008,22648,3196,388,4592,0.06,x86_64,x86_64,True,True,transfer_mode=direct;lazy_pages_port=9999,2026-04-30T02:55:35.388586,1_WiFi_6,0,1008,16560,4772,2975,,,,,,
30-04-2026-direct-postcopy-0038,CRIU,postcopy,no,988,22699,3044,334,4366,0.06,x86_64,x86_64,True,True,transfer_mode=direct;lazy_pages_port=9999,2026-04-30T02:56:05.628339,1_WiFi_6,0,988,16939,4765,3025,,,,,,
30-04-2026-direct-postcopy-0039,CRIU,postcopy,no,1045,22687,3080,353,4478,0.06,x86_64,x86_64,True,True,transfer_mode=direct;lazy_pages_port=9999,2026-04-30T02:56:36.889765,1_WiFi_6,0,1045,17767,6049,3025,,,,,,
30-04-2026-direct-postcopy-0040,CRIU,postcopy,no,1027,22661,3065,338,4430,0.06,x86_64,x86_64,True,True,transfer_mode=direct;lazy_pages_port=9999,2026-04-30T02:57:07.069577,1_WiFi_6,0,1027,16501,4777,3025,,,,,,
30-04-2026-direct-postcopy-0041,CRIU,postcopy,no,1043,22746,3220,336,4599,0.06,x86_64,x86_64,True,True,transfer_mode=direct;lazy_pages_port=9999,2026-04-30T02:57:37.468313,1_WiFi_6,0,1043,16558,4682,2975,,,,,,
30-04-2026-direct-postcopy-0042,CRIU,postcopy,no,1023,22703,2994,339,4356,0.06,x86_64,x86_64,True,True,transfer_mode=direct;lazy_pages_port=9999,2026-04-30T02:58:07.722702,1_WiFi_6,0,1023,16263,4889,2975,,,,,,
30-04-2026-direct-postcopy-0043,CRIU,postcopy,no,1029,22566,3072,337,4438,0.06,x86_64,x86_64,True,True,transfer_mode=direct;lazy_pages_port=9999,2026-04-30T02:58:37.897392,1_WiFi_6,0,1029,16555,4832,3025,,,,,,
30-04-2026-direct-postcopy-0044,CRIU,postcopy,no,1070,22673,3033,370,4473,0.06,x86_64,x86_64,True,True,transfer_mode=direct;lazy_pages_port=9999,2026-04-30T02:59:07.818347,1_WiFi_6,0,1070,16695,4768,3025,,,,,,
30-04-2026-direct-postcopy-0045,CRIU,postcopy,no,1120,22543,3151,351,4622,0.06,x86_64,x86_64,True,True,transfer_mode=direct;lazy_pages_port=9999,2026-04-30T02:59:38.030487,1_WiFi_6,0,1120,16480,4835,2967,,,,,,
30-04-2026-direct-postcopy-0046,CRIU,postcopy,no,1019,22624,3036,361,4416,0.06,x86_64,x86_64,True,True,transfer_mode=direct;lazy_pages_port=9999,2026-04-30T03:00:07.938529,1_WiFi_6,0,1019,16688,4798,2975,,,,,,
30-04-2026-direct-postcopy-0047,CRIU,postcopy,no,1050,22647,3252,339,4641,0.06,x86_64,x86_64,True,True,transfer_mode=direct;lazy_pages_port=9999,2026-04-30T03:00:37.975035,1_WiFi_6,0,1050,16473,4646,3133,,,,,,
30-04-2026-direct-postcopy-0048,CRIU,postcopy,no,1040,22723,3092,367,4499,0.06,x86_64,x86_64,True,True,transfer_mode=direct;lazy_pages_port=9999,2026-04-30T03:01:08.478075,1_WiFi_6,0,1040,16869,4771,2975,,,,,,
30-04-2026-direct-postcopy-0049,CRIU,postcopy,no,1051,22727,3169,373,4593,0.06,x86_64,x86_64,True,True,transfer_mode=direct;lazy_pages_port=9999,2026-04-30T03:01:38.830965,1_WiFi_6,0,1051,16822,4757,3132,,,,,,
30-04-2026-direct-postcopy-0050,CRIU,postcopy,no,967,22736,2987,335,4289,0.06,x86_64,x86_64,True,True,transfer_mode=direct;lazy_pages_port=9999,2026-04-30T03:02:08.770658,1_WiFi_6,0,967,16568,4788,2975,,,,,,
30-04-2026-direct-postcopy-0051,CRIU,postcopy,no,1006,22780,3109,339,4454,0.06,x86_64,x86_64,True,True,transfer_mode=direct;lazy_pages_port=9999,2026-04-30T03:02:39.021727,1_WiFi_6,0,1006,16527,4775,3025,,,,,,
30-04-2026-host-cold-0052,CRIU,cold,no,728,25898,7062,453,8243,0.03,x86_64,x86_64,True,True,transfer_mode=host;relay_node=edge-host-1,2026-04-30T13:56:27.065395,1_WiFi_6,0,0,15833,0,0,,,,,,
30-04-2026-host-cold-0053,CRIU,cold,no,633,25151,8134,326,9093,0.02,x86_64,x86_64,True,True,transfer_mode=host;relay_node=edge-host-1,2026-04-30T13:56:57.161914,1_WiFi_6,0,0,16250,0,0,,,,,,
30-04-2026-host-cold-0054,CRIU,cold,no,686,25154,7184,322,8192,0.03,x86_64,x86_64,True,True,transfer_mode=host;relay_node=edge-host-1,2026-04-30T13:57:26.104797,1_WiFi_6,0,0,15388,0,0,,,,,,
30-04-2026-host-cold-0055,CRIU,cold,no,668,25160,7239,299,8206,0.03,x86_64,x86_64,True,True,transfer_mode=host;relay_node=edge-host-1,2026-04-30T13:57:54.827230,1_WiFi_6,0,0,15440,0,0,,,,,,
30-04-2026-host-cold-0056,CRIU,cold,no,615,25122,7121,318,8054,0.03,x86_64,x86_64,True,True,transfer_mode=host;relay_node=edge-host-1,2026-04-30T13:58:23.660654,1_WiFi_6,0,0,15140,0,0,,,,,,
30-04-2026-host-cold-0057,CRIU,cold,no,626,25419,6984,298,7908,0.03,x86_64,x86_64,True,True,transfer_mode=host;relay_node=edge-host-1,2026-04-30T13:58:52.249659,1_WiFi_6,0,0,15298,0,0,,,,,,
30-04-2026-host-cold-0058,CRIU,cold,no,583,25102,7214,299,8096,0.03,x86_64,x86_64,True,True,transfer_mode=host;relay_node=edge-host-1,2026-04-30T13:59:21.117062,1_WiFi_6,0,0,15153,0,0,,,,,,
30-04-2026-host-cold-0059,CRIU,cold,no,598,25153,6893,300,7791,0.03,x86_64,x86_64,True,True,transfer_mode=host;relay_node=edge-host-1,2026-04-30T13:59:49.482322,1_WiFi_6,0,0,14813,0,0,,,,,,
30-04-2026-host-cold-0060,CRIU,cold,no,610,25407,7213,299,8122,0.03,x86_64,x86_64,True,True,transfer_mode=host;relay_node=edge-host-1,2026-04-30T14:00:18.680664,1_WiFi_6,0,0,15224,0,0,,,,,,
30-04-2026-host-cold-0061,CRIU,cold,no,619,25162,6850,283,7752,0.03,x86_64,x86_64,True,True,transfer_mode=host;relay_node=edge-host-1,2026-04-30T14:00:46.831259,1_WiFi_6,0,0,14843,0,0,,,,,,
30-04-2026-direct-cold-0052,CRIU,cold,no,598,25098,3073,285,3956,0.07,x86_64,x86_64,True,True,transfer_mode=direct,2026-04-30T14:01:13.756750,1_WiFi_6,0,0,12904,0,0,,,,,,
30-04-2026-direct-cold-0053,CRIU,cold,no,587,25378,3109,363,4059,0.07,x86_64,x86_64,True,True,transfer_mode=direct,2026-04-30T14:01:40.082173,1_WiFi_6,0,0,13011,0,0,,,,,,
30-04-2026-direct-cold-0054,CRIU,cold,no,600,25134,3392,289,4281,0.06,x86_64,x86_64,True,True,transfer_mode=direct,2026-04-30T14:02:07.269195,1_WiFi_6,0,0,13756,0,0,,,,,,
30-04-2026-direct-cold-0055,CRIU,cold,no,687,25426,3258,286,4231,0.06,x86_64,x86_64,True,True,transfer_mode=direct,2026-04-30T14:02:34.120403,1_WiFi_6,0,0,13079,0,0,,,,,,
30-04-2026-direct-cold-0056,CRIU,cold,no,642,25203,3157,341,4140,0.06,x86_64,x86_64,True,True,transfer_mode=direct,2026-04-30T14:03:00.848906,1_WiFi_6,0,0,13373,0,0,,,,,,
30-04-2026-direct-cold-0057,CRIU,cold,no,630,25244,3141,315,4086,0.06,x86_64,x86_64,True,True,transfer_mode=direct,2026-04-30T14:03:27.627910,1_WiFi_6,0,0,13191,0,0,,,,,,
30-04-2026-direct-cold-0058,CRIU,cold,no,587,25148,3300,294,4181,0.06,x86_64,x86_64,True,True,transfer_mode=direct,2026-04-30T14:03:54.272520,1_WiFi_6,0,0,13167,0,0,,,,,,
30-04-2026-direct-cold-0059,CRIU,cold,no,599,25339,3040,343,3982,0.07,x86_64,x86_64,True,True,transfer_mode=direct,2026-04-30T14:04:21.503865,1_WiFi_6,0,0,13082,0,0,,,,,,
30-04-2026-direct-cold-0060,CRIU,cold,no,546,25064,3194,308,4048,0.06,x86_64,x86_64,True,True,transfer_mode=direct,2026-04-30T14:04:48.121283,1_WiFi_6,0,0,12939,0,0,,,,,,
30-04-2026-direct-cold-0061,CRIU,cold,no,605,25108,3118,321,4044,0.06,x86_64,x86_64,True,True,transfer_mode=direct,2026-04-30T14:05:15.343196,1_WiFi_6,0,0,13298,0,0,,,,,,
30-04-2026-host-precopy-0052,CRIU,precopy,no,555,32924,7356,303,8214,0.04,x86_64,x86_64,True,True,transfer_mode=host;iterations=3;relay_node=edge-host-1,2026-04-30T14:05:47.552806,1_WiFi_6,4033,555,19090,0,0,,,,,,
30-04-2026-host-precopy-0053,CRIU,precopy,no,609,31834,7268,299,8176,0.04,x86_64,x86_64,True,True,transfer_mode=host;iterations=3;relay_node=edge-host-1,2026-04-30T14:06:20.623661,1_WiFi_6,4243,609,19613,0,0,,,,,,
30-04-2026-host-precopy-0054,CRIU,precopy,no,568,31936,7561,293,8422,0.03,x86_64,x86_64,True,True,transfer_mode=host;iterations=3;relay_node=edge-host-1,2026-04-30T14:06:53.159189,1_WiFi_6,3915,568,19178,0,0,,,,,,
30-04-2026-host-precopy-0055,CRIU,precopy,no,611,31809,7011,333,7955,0.04,x86_64,x86_64,True,True,transfer_mode=host;iterations=3;relay_node=edge-host-1,2026-04-30T14:07:25.762175,1_WiFi_6,3941,611,18683,0,0,,,,,,
30-04-2026-host-precopy-0056,CRIU,precopy,no,539,31862,7248,298,8085,0.04,x86_64,x86_64,True,True,transfer_mode=host;iterations=3;relay_node=edge-host-1,2026-04-30T14:07:58.417324,1_WiFi_6,3933,539,18895,0,0,,,,,,
30-04-2026-host-precopy-0057,CRIU,precopy,no,641,32405,6979,319,7939,0.04,x86_64,x86_64,True,True,transfer_mode=host;iterations=3;relay_node=edge-host-1,2026-04-30T14:08:30.984122,1_WiFi_6,3975,641,18769,0,0,,,,,,
30-04-2026-host-precopy-0058,CRIU,precopy,no,556,32553,7235,302,8093,0.04,x86_64,x86_64,True,True,transfer_mode=host;iterations=3;relay_node=edge-host-1,2026-04-30T14:09:03.368419,1_WiFi_6,4001,556,18885,0,0,,,,,,
30-04-2026-host-precopy-0059,CRIU,precopy,no,575,32421,6973,334,7882,0.04,x86_64,x86_64,True,True,transfer_mode=host;iterations=3;relay_node=edge-host-1,2026-04-30T14:09:35.915581,1_WiFi_6,3943,575,18617,0,0,,,,,,
30-04-2026-host-precopy-0060,CRIU,precopy,no,555,32328,7462,313,8330,0.03,x86_64,x86_64,True,True,transfer_mode=host;iterations=3;relay_node=edge-host-1,2026-04-30T14:10:08.800388,1_WiFi_6,3883,555,19304,0,0,,,,,,
30-04-2026-host-precopy-0061,CRIU,precopy,no,558,32441,7116,270,7944,0.04,x86_64,x86_64,True,True,transfer_mode=host;iterations=3;relay_node=edge-host-1,2026-04-30T14:10:41.205203,1_WiFi_6,3899,558,18645,0,0,,,,,,
30-04-2026-direct-precopy-0052,CRIU,precopy,no,522,32421,3164,292,3978,0.08,x86_64,x86_64,True,True,transfer_mode=direct;iterations=3,2026-04-30T14:11:11.214406,1_WiFi_6,3956,522,16850,0,0,,,,,,
30-04-2026-direct-precopy-0053,CRIU,precopy,no,795,32943,3060,305,4160,0.09,x86_64,x86_64,True,True,transfer_mode=direct;iterations=3,2026-04-30T14:11:41.993723,1_WiFi_6,3893,795,16671,0,0,,,,,,
30-04-2026-direct-precopy-0054,CRIU,precopy,no,588,31283,2973,306,3867,0.08,x86_64,x86_64,True,True,transfer_mode=direct;iterations=3,2026-04-30T14:12:12.643193,1_WiFi_6,4014,588,17096,0,0,,,,,,
30-04-2026-direct-precopy-0055,CRIU,precopy,no,588,31864,3127,298,4013,0.08,x86_64,x86_64,True,True,transfer_mode=direct;iterations=3,2026-04-30T14:12:43.231590,1_WiFi_6,4067,588,16818,0,0,,,,,,
30-04-2026-direct-precopy-0056,CRIU,precopy,no,543,32024,3095,343,3981,0.08,x86_64,x86_64,True,True,transfer_mode=direct;iterations=3,2026-04-30T14:13:13.563448,1_WiFi_6,3928,543,17005,0,0,,,,,,
30-04-2026-direct-precopy-0057,CRIU,precopy,no,532,31951,2860,315,3707,0.09,x86_64,x86_64,True,True,transfer_mode=direct;iterations=3,2026-04-30T14:13:43.733944,1_WiFi_6,3995,532,16439,0,0,,,,,,
30-04-2026-direct-precopy-0058,CRIU,precopy,no,552,31849,3162,329,4043,0.08,x86_64,x86_64,True,True,transfer_mode=direct;iterations=3,2026-04-30T14:14:13.977489,1_WiFi_6,3911,552,16856,0,0,,,,,,
30-04-2026-direct-precopy-0059,CRIU,precopy,no,560,33149,3030,313,3903,0.09,x86_64,x86_64,True,True,transfer_mode=direct;iterations=3,2026-04-30T14:14:43.924661,1_WiFi_6,3928,560,16518,0,0,,,,,,
30-04-2026-direct-precopy-0060,CRIU,precopy,no,604,31282,2887,325,3816,0.09,x86_64,x86_64,True,True,transfer_mode=direct;iterations=3,2026-04-30T14:15:13.959819,1_WiFi_6,3963,604,16468,0,0,,,,,,
30-04-2026-direct-precopy-0061,CRIU,precopy,no,544,33004,3177,338,4059,0.08,x86_64,x86_64,True,True,transfer_mode=direct;iterations=3,2026-04-30T14:15:44.588165,1_WiFi_6,4066,544,16718,0,0,,,,,,
30-04-2026-host-postcopy-0052,CRIU,postcopy,no,1050,22669,7574,322,8946,0.02,x86_64,x86_64,True,True,transfer_mode=host;lazy_pages_port=9999;relay_node=edge-host-1,2026-04-30T14:16:17.093356,1_WiFi_6,0,1050,19403,5078,2943,,,,,,
30-04-2026-host-postcopy-0053,CRIU,postcopy,no,1190,22554,6987,352,8529,0.03,x86_64,x86_64,True,True,transfer_mode=host;lazy_pages_port=9999;relay_node=edge-host-1,2026-04-30T14:16:49.487410,1_WiFi_6,0,1190,18575,4721,2837,,,,,,
30-04-2026-host-postcopy-0054,CRIU,postcopy,no,1025,22519,7190,325,8540,0.03,x86_64,x86_64,True,True,transfer_mode=host;lazy_pages_port=9999;relay_node=edge-host-1,2026-04-30T14:17:21.766962,1_WiFi_6,0,1025,18946,5039,2992,,,,,,
30-04-2026-host-postcopy-0055,CRIU,postcopy,no,1052,22662,6874,332,8258,0.03,x86_64,x86_64,True,True,transfer_mode=host;lazy_pages_port=9999;relay_node=edge-host-1,2026-04-30T14:17:54.064448,1_WiFi_6,0,1052,18413,4728,3098,,,,,,
30-04-2026-host-postcopy-0056,CRIU,postcopy,no,953,22627,7558,361,8872,0.02,x86_64,x86_64,True,True,transfer_mode=host;lazy_pages_port=9999;relay_node=edge-host-1,2026-04-30T14:18:26.483891,1_WiFi_6,0,953,18852,4811,2943,,,,,,
30-04-2026-host-postcopy-0057,CRIU,postcopy,no,986,22540,7170,309,8465,0.03,x86_64,x86_64,True,True,transfer_mode=host;lazy_pages_port=9999;relay_node=edge-host-1,2026-04-30T14:18:58.651780,1_WiFi_6,0,986,18520,4759,2886,,,,,,
30-04-2026-host-postcopy-0058,CRIU,postcopy,no,1076,22647,7780,348,9204,0.02,x86_64,x86_64,True,True,transfer_mode=host;lazy_pages_port=9999;relay_node=edge-host-1,2026-04-30T14:19:31.175068,1_WiFi_6,0,1076,19242,4846,2992,,,,,,
30-04-2026-host-postcopy-0059,CRIU,postcopy,no,972,22608,7069,314,8355,0.03,x86_64,x86_64,True,True,transfer_mode=host;lazy_pages_port=9999;relay_node=edge-host-1,2026-04-30T14:20:03.621003,1_WiFi_6,0,972,18621,4840,3098,,,,,,
30-04-2026-host-postcopy-0060,CRIU,postcopy,no,963,22682,6608,332,7903,0.03,x86_64,x86_64,True,True,transfer_mode=host;lazy_pages_port=9999;relay_node=edge-host-1,2026-04-30T14:20:35.096747,1_WiFi_6,0,963,18166,4764,2992,,,,,,
30-04-2026-host-postcopy-0061,CRIU,postcopy,no,1000,22560,6917,330,8247,0.03,x86_64,x86_64,True,True,transfer_mode=host;lazy_pages_port=9999;relay_node=edge-host-1,2026-04-30T14:21:07.391405,1_WiFi_6,0,1000,18346,4808,2992,,,,,,
30-04-2026-direct-postcopy-0052,CRIU,postcopy,no,1062,22498,3052,338,4452,0.06,x86_64,x86_64,True,True,transfer_mode=direct;lazy_pages_port=9999,2026-04-30T14:21:37.389848,1_WiFi_6,0,1062,16375,4918,2943,,,,,,
30-04-2026-direct-postcopy-0053,CRIU,postcopy,no,992,22700,3191,352,4535,0.06,x86_64,x86_64,True,True,transfer_mode=direct;lazy_pages_port=9999,2026-04-30T14:22:07.242475,1_WiFi_6,0,992,16226,4724,2943,,,,,,
30-04-2026-direct-postcopy-0054,CRIU,postcopy,no,1118,22379,3175,329,4622,0.06,x86_64,x86_64,True,True,transfer_mode=direct;lazy_pages_port=9999,2026-04-30T14:22:37.463260,1_WiFi_6,0,1118,16934,4777,2837,,,,,,
30-04-2026-direct-postcopy-0055,CRIU,postcopy,no,1007,22550,3105,373,4485,0.06,x86_64,x86_64,True,True,transfer_mode=direct;lazy_pages_port=9999,2026-04-30T14:23:07.917221,1_WiFi_6,0,1007,16565,4862,2943,,,,,,
30-04-2026-direct-postcopy-0056,CRIU,postcopy,no,1102,22595,3074,353,4529,0.06,x86_64,x86_64,True,True,transfer_mode=direct;lazy_pages_port=9999,2026-04-30T14:23:38.334489,1_WiFi_6,0,1102,16990,4752,2837,,,,,,
30-04-2026-direct-postcopy-0057,CRIU,postcopy,no,960,22652,3089,338,4387,0.06,x86_64,x86_64,True,True,transfer_mode=direct;lazy_pages_port=9999,2026-04-30T14:24:08.601205,1_WiFi_6,0,960,16588,4811,2943,,,,,,
30-04-2026-direct-postcopy-0058,CRIU,postcopy,no,1088,22460,2884,331,4303,0.06,x86_64,x86_64,True,True,transfer_mode=direct;lazy_pages_port=9999,2026-04-30T14:24:38.534318,1_WiFi_6,0,1088,16615,4754,2992,,,,,,
30-04-2026-direct-postcopy-0059,CRIU,postcopy,no,1008,22514,3065,346,4419,0.06,x86_64,x86_64,True,True,transfer_mode=direct;lazy_pages_port=9999,2026-04-30T14:25:08.421423,1_WiFi_6,0,1008,16172,4694,3025,,,,,,
30-04-2026-direct-postcopy-0060,CRIU,postcopy,no,1028,22598,3171,315,4514,0.06,x86_64,x86_64,True,True,transfer_mode=direct;lazy_pages_port=9999,2026-04-30T14:25:38.264464,1_WiFi_6,0,1028,16708,4755,3133,,,,,,
30-04-2026-direct-postcopy-0061,CRIU,postcopy,no,1004,22459,3184,326,4514,0.06,x86_64,x86_64,True,True,transfer_mode=direct;lazy_pages_port=9999,2026-04-30T14:26:07.932492,1_WiFi_6,0,1004,16362,4781,3025,,,,,,
30-04-2026-host-cold-0062,CRIU,cold,no,696,25852,7576,415,8687,0.03,x86_64,x86_64,True,True,transfer_mode=host;relay_node=edge-host-1,2026-04-30T14:28:15.948955,1_WiFi_6,0,0,16239,0,0,,,,,,
30-04-2026-host-cold-0063,CRIU,cold,no,589,25167,6819,359,7767,0.03,x86_64,x86_64,True,True,transfer_mode=host;relay_node=edge-host-1,2026-04-30T14:28:44.106786,1_WiFi_6,0,0,14788,0,0,,,,,,
30-04-2026-host-cold-0064,CRIU,cold,no,598,25082,6894,322,7814,0.03,x86_64,x86_64,True,True,transfer_mode=host;relay_node=edge-host-1,2026-04-30T14:29:13.097521,1_WiFi_6,0,0,14978,0,0,,,,,,
30-04-2026-host-cold-0065,CRIU,cold,no,709,25109,6644,292,7645,0.03,x86_64,x86_64,True,True,transfer_mode=host;relay_node=edge-host-1,2026-04-30T14:29:41.115100,1_WiFi_6,0,0,14684,0,0,,,,,,
30-04-2026-host-cold-0066,CRIU,cold,no,623,25073,6979,339,7941,0.03,x86_64,x86_64,True,True,transfer_mode=host;relay_node=edge-host-1,2026-04-30T14:30:10.215943,1_WiFi_6,0,0,14941,0,0,,,,,,
30-04-2026-host-cold-0067,CRIU,cold,no,684,25227,6879,334,7897,0.03,x86_64,x86_64,True,True,transfer_mode=host;relay_node=edge-host-1,2026-04-30T14:30:38.471966,1_WiFi_6,0,0,15000,0,0,,,,,,
30-04-2026-host-cold-0068,CRIU,cold,no,676,25220,7075,303,8054,0.03,x86_64,x86_64,True,True,transfer_mode=host;relay_node=edge-host-1,2026-04-30T14:31:07.110599,1_WiFi_6,0,0,15074,0,0,,,,,,
30-04-2026-host-cold-0069,CRIU,cold,no,598,25166,7316,318,8232,0.03,x86_64,x86_64,True,True,transfer_mode=host;relay_node=edge-host-1,2026-04-30T14:31:35.760075,1_WiFi_6,0,0,15277,0,0,,,,,,
30-04-2026-host-cold-0070,CRIU,cold,no,703,25218,7322,346,8371,0.03,x86_64,x86_64,True,True,transfer_mode=host;relay_node=edge-host-1,2026-04-30T14:32:04.426544,1_WiFi_6,0,0,15310,0,0,,,,,,
30-04-2026-host-cold-0071,CRIU,cold,no,599,25078,7411,305,8315,0.03,x86_64,x86_64,True,True,transfer_mode=host;relay_node=edge-host-1,2026-04-30T14:32:33.039841,1_WiFi_6,0,0,15351,0,0,,,,,,
30-04-2026-direct-cold-0062,CRIU,cold,no,604,25144,3326,326,4256,0.06,x86_64,x86_64,True,True,transfer_mode=direct,2026-04-30T14:32:59.969180,1_WiFi_6,0,0,13590,0,0,,,,,,
30-04-2026-direct-cold-0063,CRIU,cold,no,568,25091,3153,383,4104,0.06,x86_64,x86_64,True,True,transfer_mode=direct,2026-04-30T14:33:26.998799,1_WiFi_6,0,0,13396,0,0,,,,,,
30-04-2026-direct-cold-0064,CRIU,cold,no,625,25347,3296,305,4226,0.06,x86_64,x86_64,True,True,transfer_mode=direct,2026-04-30T14:33:53.589658,1_WiFi_6,0,0,13134,0,0,,,,,,
30-04-2026-direct-cold-0065,CRIU,cold,no,605,25383,3088,311,4004,0.07,x86_64,x86_64,True,True,transfer_mode=direct,2026-04-30T14:34:20.494689,1_WiFi_6,0,0,12953,0,0,,,,,,
30-04-2026-direct-cold-0066,CRIU,cold,no,592,25116,3072,292,3956,0.07,x86_64,x86_64,True,True,transfer_mode=direct,2026-04-30T14:34:46.771555,1_WiFi_6,0,0,12960,0,0,,,,,,
30-04-2026-direct-cold-0067,CRIU,cold,no,590,25315,2953,330,3873,0.07,x86_64,x86_64,True,True,transfer_mode=direct,2026-04-30T14:35:13.655431,1_WiFi_6,0,0,12641,0,0,,,,,,
30-04-2026-direct-cold-0068,CRIU,cold,no,611,25354,3112,309,4032,0.07,x86_64,x86_64,True,True,transfer_mode=direct,2026-04-30T14:35:39.679943,1_WiFi_6,0,0,12818,0,0,,,,,,
30-04-2026-direct-cold-0069,CRIU,cold,no,596,25219,3487,334,4417,0.06,x86_64,x86_64,True,True,transfer_mode=direct,2026-04-30T14:36:06.530077,1_WiFi_6,0,0,13656,0,0,,,,,,
30-04-2026-direct-cold-0070,CRIU,cold,no,606,25233,3170,290,4066,0.06,x86_64,x86_64,True,True,transfer_mode=direct,2026-04-30T14:36:32.974301,1_WiFi_6,0,0,13155,0,0,,,,,,
30-04-2026-direct-cold-0071,CRIU,cold,no,591,25135,3141,306,4038,0.06,x86_64,x86_64,True,True,transfer_mode=direct,2026-04-30T14:36:59.403115,1_WiFi_6,0,0,12972,0,0,,,,,,
30-04-2026-host-precopy-0062,CRIU,precopy,no,586,33000,6988,315,7889,0.04,x86_64,x86_64,True,True,transfer_mode=host;iterations=3;relay_node=edge-host-1,2026-04-30T14:37:31.621740,1_WiFi_6,3912,586,18441,0,0,,,,,,
30-04-2026-host-precopy-0063,CRIU,precopy,no,643,32459,6956,313,7912,0.04,x86_64,x86_64,True,True,transfer_mode=host;iterations=3;relay_node=edge-host-1,2026-04-30T14:38:03.344915,1_WiFi_6,3922,643,18562,0,0,,,,,,
30-04-2026-host-precopy-0064,CRIU,precopy,no,542,32461,6936,291,7769,0.04,x86_64,x86_64,True,True,transfer_mode=host;iterations=3;relay_node=edge-host-1,2026-04-30T14:38:35.853068,1_WiFi_6,3900,542,18392,0,0,,,,,,
30-04-2026-host-precopy-0065,CRIU,precopy,no,562,32903,6629,340,7531,0.04,x86_64,x86_64,True,True,transfer_mode=host;iterations=3;relay_node=edge-host-1,2026-04-30T14:39:07.474757,1_WiFi_6,3916,562,18253,0,0,,,,,,
30-04-2026-host-precopy-0066,CRIU,precopy,no,597,31886,7088,305,7990,0.04,x86_64,x86_64,True,True,transfer_mode=host;iterations=3;relay_node=edge-host-1,2026-04-30T14:39:40.189846,1_WiFi_6,3969,597,18785,0,0,,,,,,
30-04-2026-host-precopy-0067,CRIU,precopy,no,560,31829,6569,312,7441,0.04,x86_64,x86_64,True,True,transfer_mode=host;iterations=3;relay_node=edge-host-1,2026-04-30T14:40:11.748641,1_WiFi_6,3953,560,18122,0,0,,,,,,
30-04-2026-host-precopy-0068,CRIU,precopy,no,567,32446,6968,338,7873,0.04,x86_64,x86_64,True,True,transfer_mode=host;iterations=3;relay_node=edge-host-1,2026-04-30T14:40:44.204472,1_WiFi_6,3947,567,18554,0,0,,,,,,
30-04-2026-host-precopy-0069,CRIU,precopy,no,558,32445,6837,313,7708,0.04,x86_64,x86_64,True,True,transfer_mode=host;iterations=3;relay_node=edge-host-1,2026-04-30T14:41:15.892661,1_WiFi_6,3945,558,18379,0,0,,,,,,
30-04-2026-host-precopy-0070,CRIU,precopy,no,599,31459,7128,343,8070,0.04,x86_64,x86_64,True,True,transfer_mode=host;iterations=3;relay_node=edge-host-1,2026-04-30T14:41:49.102817,1_WiFi_6,3942,599,18824,0,0,,,,,,
30-04-2026-host-precopy-0071,CRIU,precopy,no,620,32476,6689,307,7616,0.04,x86_64,x86_64,True,True,transfer_mode=host;iterations=3;relay_node=edge-host-1,2026-04-30T14:42:20.841314,1_WiFi_6,3899,620,18363,0,0,,,,,,
30-04-2026-direct-precopy-0062,CRIU,precopy,no,576,31783,3260,319,4155,0.08,x86_64,x86_64,True,True,transfer_mode=direct;iterations=3,2026-04-30T14:42:51.845912,1_WiFi_6,3984,576,16933,0,0,,,,,,
30-04-2026-direct-precopy-0063,CRIU,precopy,no,541,32384,3144,299,3984,0.08,x86_64,x86_64,True,True,transfer_mode=direct;iterations=3,2026-04-30T14:43:21.794234,1_WiFi_6,3934,541,16659,0,0,,,,,,
30-04-2026-direct-precopy-0064,CRIU,precopy,no,591,31580,2953,309,3853,0.09,x86_64,x86_64,True,True,transfer_mode=direct;iterations=3,2026-04-30T14:43:52.459476,1_WiFi_6,4024,591,16594,0,0,,,,,,
30-04-2026-direct-precopy-0065,CRIU,precopy,no,551,31836,3095,350,3996,0.08,x86_64,x86_64,True,True,transfer_mode=direct;iterations=3,2026-04-30T14:44:23.003138,1_WiFi_6,4068,551,16937,0,0,,,,,,
30-04-2026-direct-precopy-0066,CRIU,precopy,no,606,32420,3074,321,4001,0.08,x86_64,x86_64,True,True,transfer_mode=direct;iterations=3,2026-04-30T14:44:54.097665,1_WiFi_6,3976,606,16756,0,0,,,,,,
30-04-2026-direct-precopy-0067,CRIU,precopy,no,613,31538,3307,306,4226,0.08,x86_64,x86_64,True,True,transfer_mode=direct;iterations=3,2026-04-30T14:45:24.559144,1_WiFi_6,3983,613,16956,0,0,,,,,,
30-04-2026-direct-precopy-0068,CRIU,precopy,no,539,32890,3064,312,3915,0.09,x86_64,x86_64,True,True,transfer_mode=direct;iterations=3,2026-04-30T14:45:55.029374,1_WiFi_6,4012,539,16413,0,0,,,,,,
30-04-2026-direct-precopy-0069,CRIU,precopy,no,552,31898,3137,324,4013,0.08,x86_64,x86_64,True,True,transfer_mode=direct;iterations=3,2026-04-30T14:46:25.250938,1_WiFi_6,3908,552,16838,0,0,,,,,,
30-04-2026-direct-precopy-0070,CRIU,precopy,no,580,32862,3090,305,3975,0.09,x86_64,x86_64,True,True,transfer_mode=direct;iterations=3,2026-04-30T14:46:55.794007,1_WiFi_6,3925,580,16497,0,0,,,,,,
30-04-2026-direct-precopy-0071,CRIU,precopy,no,590,33095,3067,338,3995,0.09,x86_64,x86_64,True,True,transfer_mode=direct;iterations=3,2026-04-30T14:47:25.881211,1_WiFi_6,3927,590,16720,0,0,,,,,,
30-04-2026-host-postcopy-0062,CRIU,postcopy,no,1019,22375,6986,365,8370,0.03,x86_64,x86_64,True,True,transfer_mode=host;lazy_pages_port=9999;relay_node=edge-host-1,2026-04-30T14:47:58.308450,1_WiFi_6,0,1019,18389,4811,2992,,,,,,
30-04-2026-host-postcopy-0063,CRIU,postcopy,no,998,22467,6521,371,7890,0.03,x86_64,x86_64,True,True,transfer_mode=host;lazy_pages_port=9999;relay_node=edge-host-1,2026-04-30T14:48:29.659362,1_WiFi_6,0,998,18217,4785,2943,,,,,,
30-04-2026-host-postcopy-0064,CRIU,postcopy,no,1068,22382,7072,337,8477,0.03,x86_64,x86_64,True,True,transfer_mode=host;lazy_pages_port=9999;relay_node=edge-host-1,2026-04-30T14:49:01.833369,1_WiFi_6,0,1068,18385,4746,2943,,,,,,
30-04-2026-host-postcopy-0065,CRIU,postcopy,no,1049,22466,6692,320,8061,0.03,x86_64,x86_64,True,True,transfer_mode=host;lazy_pages_port=9999;relay_node=edge-host-1,2026-04-30T14:49:33.665960,1_WiFi_6,0,1049,18379,4717,2992,,,,,,
30-04-2026-host-postcopy-0066,CRIU,postcopy,no,965,22521,6839,352,8156,0.03,x86_64,x86_64,True,True,transfer_mode=host;lazy_pages_port=9999;relay_node=edge-host-1,2026-04-30T14:50:05.552256,1_WiFi_6,0,965,18249,4849,2992,,,,,,
30-04-2026-host-postcopy-0067,CRIU,postcopy,no,986,22480,6714,306,8006,0.03,x86_64,x86_64,True,True,transfer_mode=host;lazy_pages_port=9999;relay_node=edge-host-1,2026-04-30T14:50:37.075323,1_WiFi_6,0,986,18351,4678,3049,,,,,,
30-04-2026-host-postcopy-0068,CRIU,postcopy,no,1052,22486,7139,330,8521,0.03,x86_64,x86_64,True,True,transfer_mode=host;lazy_pages_port=9999;relay_node=edge-host-1,2026-04-30T14:51:08.999675,1_WiFi_6,0,1052,18386,4671,2943,,,,,,
30-04-2026-host-postcopy-0069,CRIU,postcopy,no,1035,22551,6708,406,8149,0.03,x86_64,x86_64,True,True,transfer_mode=host;lazy_pages_port=9999;relay_node=edge-host-1,2026-04-30T14:51:40.686460,1_WiFi_6,0,1035,18435,4778,2935,,,,,,
30-04-2026-host-postcopy-0070,CRIU,postcopy,no,998,22524,6997,313,8308,0.03,x86_64,x86_64,True,True,transfer_mode=host;lazy_pages_port=9999;relay_node=edge-host-1,2026-04-30T14:52:12.647126,1_WiFi_6,0,998,18373,4669,2886,,,,,,
30-04-2026-host-postcopy-0071,CRIU,postcopy,no,1088,22416,6740,350,8178,0.03,x86_64,x86_64,True,True,transfer_mode=host;lazy_pages_port=9999;relay_node=edge-host-1,2026-04-30T14:52:44.480632,1_WiFi_6,0,1088,18393,4735,2837,,,,,,
30-04-2026-direct-postcopy-0062,CRIU,postcopy,no,1033,22417,3046,301,4380,0.06,x86_64,x86_64,True,True,transfer_mode=direct;lazy_pages_port=9999,2026-04-30T14:53:15.831108,1_WiFi_6,0,1033,17609,5959,3098,,,,,,
30-04-2026-direct-postcopy-0063,CRIU,postcopy,no,936,22530,3097,310,4343,0.06,x86_64,x86_64,True,True,transfer_mode=direct;lazy_pages_port=9999,2026-04-30T14:53:45.996348,1_WiFi_6,0,936,16803,4772,2943,,,,,,
30-04-2026-direct-postcopy-0064,CRIU,postcopy,no,1029,22533,2998,310,4337,0.06,x86_64,x86_64,True,True,transfer_mode=direct;lazy_pages_port=9999,2026-04-30T14:54:15.659414,1_WiFi_6,0,1029,16220,4753,2943,,,,,,
30-04-2026-direct-postcopy-0065,CRIU,postcopy,no,1003,22424,3024,312,4339,0.06,x86_64,x86_64,True,True,transfer_mode=direct;lazy_pages_port=9999,2026-04-30T14:54:45.252365,1_WiFi_6,0,1003,16214,4713,2992,,,,,,
30-04-2026-direct-postcopy-0066,CRIU,postcopy,no,909,22505,3171,333,4413,0.06,x86_64,x86_64,True,True,transfer_mode=direct;lazy_pages_port=9999,2026-04-30T14:55:15.727174,1_WiFi_6,0,909,16564,4786,2943,,,,,,
30-04-2026-direct-postcopy-0067,CRIU,postcopy,no,987,22510,3034,353,4374,0.06,x86_64,x86_64,True,True,transfer_mode=direct;lazy_pages_port=9999,2026-04-30T14:55:45.249211,1_WiFi_6,0,987,16284,4835,2943,,,,,,
30-04-2026-direct-postcopy-0068,CRIU,postcopy,no,1094,22467,3034,386,4514,0.06,x86_64,x86_64,True,True,transfer_mode=direct;lazy_pages_port=9999,2026-04-30T14:56:15.704609,1_WiFi_6,0,1094,16526,4790,2886,,,,,,
30-04-2026-direct-postcopy-0069,CRIU,postcopy,no,885,22405,2968,337,4190,0.06,x86_64,x86_64,True,True,transfer_mode=direct;lazy_pages_port=9999,2026-04-30T14:56:45.263667,1_WiFi_6,0,885,16064,4673,2943,,,,,,
30-04-2026-direct-postcopy-0070,CRIU,postcopy,no,1001,22574,3060,348,4409,0.06,x86_64,x86_64,True,True,transfer_mode=direct;lazy_pages_port=9999,2026-04-30T14:57:15.794478,1_WiFi_6,0,1001,16592,4834,2975,,,,,,
30-04-2026-direct-postcopy-0071,CRIU,postcopy,no,1037,22525,3263,301,4601,0.06,x86_64,x86_64,True,True,transfer_mode=direct;lazy_pages_port=9999,2026-04-30T14:57:46.614642,1_WiFi_6,0,1037,17735,5944,3025,,,,,,
30-04-2026-host-cold-0072,CRIU,cold,no,616,26023,7550,427,8593,0.03,x86_64,x86_64,True,True,transfer_mode=host;relay_node=edge-host-1,2026-04-30T14:59:47.406198,1_WiFi_6,0,0,16371,0,0,,,,,,
30-04-2026-host-cold-0073,CRIU,cold,no,587,25181,6820,309,7716,0.03,x86_64,x86_64,True,True,transfer_mode=host;relay_node=edge-host-1,2026-04-30T15:00:15.714083,1_WiFi_6,0,0,14777,0,0,,,,,,
30-04-2026-host-cold-0074,CRIU,cold,no,623,25097,7262,410,8295,0.03,x86_64,x86_64,True,True,transfer_mode=host;relay_node=edge-host-1,2026-04-30T15:00:45.114896,1_WiFi_6,0,0,15285,0,0,,,,,,
30-04-2026-host-cold-0075,CRIU,cold,no,591,25388,6893,307,7791,0.03,x86_64,x86_64,True,True,transfer_mode=host;relay_node=edge-host-1,2026-04-30T15:01:13.545223,1_WiFi_6,0,0,14866,0,0,,,,,,
30-04-2026-host-cold-0076,CRIU,cold,no,622,25370,7415,281,8318,0.03,x86_64,x86_64,True,True,transfer_mode=host;relay_node=edge-host-1,2026-04-30T15:01:43.122581,1_WiFi_6,0,0,15370,0,0,,,,,,
30-04-2026-host-cold-0077,CRIU,cold,no,631,25102,7097,296,8024,0.03,x86_64,x86_64,True,True,transfer_mode=host;relay_node=edge-host-1,2026-04-30T15:02:11.765111,1_WiFi_6,0,0,15187,0,0,,,,,,
30-04-2026-host-cold-0078,CRIU,cold,no,637,25112,6712,294,7643,0.03,x86_64,x86_64,True,True,transfer_mode=host;relay_node=edge-host-1,2026-04-30T15:02:40.568203,1_WiFi_6,0,0,14857,0,0,,,,,,
30-04-2026-host-cold-0079,CRIU,cold,no,541,25405,7103,313,7957,0.03,x86_64,x86_64,True,True,transfer_mode=host;relay_node=edge-host-1,2026-04-30T15:03:08.859501,1_WiFi_6,0,0,14956,0,0,,,,,,
30-04-2026-host-cold-0080,CRIU,cold,no,630,25179,7232,281,8143,0.03,x86_64,x86_64,True,True,transfer_mode=host;relay_node=edge-host-1,2026-04-30T15:03:37.634265,1_WiFi_6,0,0,15327,0,0,,,,,,
30-04-2026-host-cold-0081,CRIU,cold,no,570,25280,7617,301,8488,0.03,x86_64,x86_64,True,True,transfer_mode=host;relay_node=edge-host-1,2026-04-30T15:04:06.546102,1_WiFi_6,0,0,15574,0,0,,,,,,
30-04-2026-direct-cold-0072,CRIU,cold,no,596,25160,3304,320,4220,0.06,x86_64,x86_64,True,True,transfer_mode=direct,2026-04-30T15:04:33.816959,1_WiFi_6,0,0,13816,0,0,,,,,,
30-04-2026-direct-cold-0073,CRIU,cold,no,653,25237,3142,312,4107,0.06,x86_64,x86_64,True,True,transfer_mode=direct,2026-04-30T15:05:00.109958,1_WiFi_6,0,0,12869,0,0,,,,,,
30-04-2026-direct-cold-0074,CRIU,cold,no,609,25202,3116,296,4021,0.06,x86_64,x86_64,True,True,transfer_mode=direct,2026-04-30T15:05:26.475332,1_WiFi_6,0,0,13003,0,0,,,,,,
30-04-2026-direct-cold-0075,CRIU,cold,no,639,25145,3226,386,4251,0.06,x86_64,x86_64,True,True,transfer_mode=direct,2026-04-30T15:05:53.917747,1_WiFi_6,0,0,13233,0,0,,,,,,
30-04-2026-direct-cold-0076,CRIU,cold,no,641,25244,3159,318,4118,0.06,x86_64,x86_64,True,True,transfer_mode=direct,2026-04-30T15:06:20.177411,1_WiFi_6,0,0,13055,0,0,,,,,,
30-04-2026-direct-cold-0077,CRIU,cold,no,600,25217,3046,375,4021,0.07,x86_64,x86_64,True,True,transfer_mode=direct,2026-04-30T15:06:47.037564,1_WiFi_6,0,0,12949,0,0,,,,,,
30-04-2026-direct-cold-0078,CRIU,cold,no,569,25079,3119,322,4010,0.06,x86_64,x86_64,True,True,transfer_mode=direct,2026-04-30T15:07:13.491705,1_WiFi_6,0,0,12850,0,0,,,,,,
30-04-2026-direct-cold-0079,CRIU,cold,no,559,25198,3444,295,4298,0.06,x86_64,x86_64,True,True,transfer_mode=direct,2026-04-30T15:07:40.230979,1_WiFi_6,0,0,13571,0,0,,,,,,
30-04-2026-direct-cold-0080,CRIU,cold,no,587,25175,3125,308,4020,0.06,x86_64,x86_64,True,True,transfer_mode=direct,2026-04-30T15:08:06.685555,1_WiFi_6,0,0,12983,0,0,,,,,,
30-04-2026-direct-cold-0081,CRIU,cold,no,661,25053,3186,313,4160,0.06,x86_64,x86_64,True,True,transfer_mode=direct,2026-04-30T15:08:33.391723,1_WiFi_6,0,0,13084,0,0,,,,,,
30-04-2026-host-precopy-0072,CRIU,precopy,no,562,32589,7246,366,8174,0.04,x86_64,x86_64,True,True,transfer_mode=host;iterations=3;relay_node=edge-host-1,2026-04-30T15:09:06.216292,1_WiFi_6,3958,562,18826,0,0,,,,,,
30-04-2026-host-precopy-0073,CRIU,precopy,no,584,31852,7119,295,7998,0.04,x86_64,x86_64,True,True,transfer_mode=host;iterations=3;relay_node=edge-host-1,2026-04-30T15:09:38.778838,1_WiFi_6,3984,584,18767,0,0,,,,,,
30-04-2026-host-precopy-0074,CRIU,precopy,no,576,31497,7336,303,8215,0.03,x86_64,x86_64,True,True,transfer_mode=host;iterations=3;relay_node=edge-host-1,2026-04-30T15:10:11.381357,1_WiFi_6,4040,576,18970,0,0,,,,,,
30-04-2026-host-precopy-0075,CRIU,precopy,no,599,31973,6917,300,7816,0.04,x86_64,x86_64,True,True,transfer_mode=host;iterations=3;relay_node=edge-host-1,2026-04-30T15:10:43.281286,1_WiFi_6,3965,599,18725,0,0,,,,,,
30-04-2026-host-precopy-0076,CRIU,precopy,no,564,32495,7488,340,8392,0.03,x86_64,x86_64,True,True,transfer_mode=host;iterations=3;relay_node=edge-host-1,2026-04-30T15:11:15.827501,1_WiFi_6,3971,564,19059,0,0,,,,,,
30-04-2026-host-precopy-0077,CRIU,precopy,no,665,32425,7480,307,8452,0.03,x86_64,x86_64,True,True,transfer_mode=host;iterations=3;relay_node=edge-host-1,2026-04-30T15:11:48.167693,1_WiFi_6,3885,665,19061,0,0,,,,,,
30-04-2026-host-precopy-0078,CRIU,precopy,no,585,32350,7529,336,8450,0.03,x86_64,x86_64,True,True,transfer_mode=host;iterations=3;relay_node=edge-host-1,2026-04-30T15:12:20.958794,1_WiFi_6,3959,585,19226,0,0,,,,,,
30-04-2026-host-precopy-0079,CRIU,precopy,no,588,31772,7299,309,8196,0.03,x86_64,x86_64,True,True,transfer_mode=host;iterations=3;relay_node=edge-host-1,2026-04-30T15:12:53.195322,1_WiFi_6,4029,588,18841,0,0,,,,,,
30-04-2026-host-precopy-0080,CRIU,precopy,no,641,31808,7267,299,8207,0.04,x86_64,x86_64,True,True,transfer_mode=host;iterations=3;relay_node=edge-host-1,2026-04-30T15:13:25.743498,1_WiFi_6,3902,641,18828,0,0,,,,,,
30-04-2026-host-precopy-0081,CRIU,precopy,no,535,31368,7294,327,8156,0.03,x86_64,x86_64,True,True,transfer_mode=host;iterations=3;relay_node=edge-host-1,2026-04-30T15:13:58.155280,1_WiFi_6,3926,535,19186,0,0,,,,,,
30-04-2026-direct-precopy-0072,CRIU,precopy,no,595,33061,3136,308,4039,0.08,x86_64,x86_64,True,True,transfer_mode=direct;iterations=3,2026-04-30T15:14:28.591751,1_WiFi_6,4004,595,16725,0,0,,,,,,
30-04-2026-direct-precopy-0073,CRIU,precopy,no,588,32511,3195,305,4088,0.08,x86_64,x86_64,True,True,transfer_mode=direct;iterations=3,2026-04-30T15:14:59.219767,1_WiFi_6,3985,588,17022,0,0,,,,,,
30-04-2026-direct-precopy-0074,CRIU,precopy,no,546,32955,3068,307,3921,0.09,x86_64,x86_64,True,True,transfer_mode=direct;iterations=3,2026-04-30T15:15:29.242780,1_WiFi_6,3930,546,16522,0,0,,,,,,
30-04-2026-direct-precopy-0075,CRIU,precopy,no,575,33092,3179,301,4055,0.08,x86_64,x86_64,True,True,transfer_mode=direct;iterations=3,2026-04-30T15:15:59.930396,1_WiFi_6,3930,575,17077,0,0,,,,,,
30-04-2026-direct-precopy-0076,CRIU,precopy,no,587,31721,3066,289,3942,0.08,x86_64,x86_64,True,True,transfer_mode=direct;iterations=3,2026-04-30T15:16:30.243090,1_WiFi_6,3999,587,16713,0,0,,,,,,
30-04-2026-direct-precopy-0077,CRIU,precopy,no,590,33028,3132,295,4017,0.08,x86_64,x86_64,True,True,transfer_mode=direct;iterations=3,2026-04-30T15:17:00.372092,1_WiFi_6,3963,590,16961,0,0,,,,,,
30-04-2026-direct-precopy-0078,CRIU,precopy,no,565,32070,3215,309,4089,0.08,x86_64,x86_64,True,True,transfer_mode=direct;iterations=3,2026-04-30T15:17:30.899440,1_WiFi_6,3961,565,16719,0,0,,,,,,
30-04-2026-direct-precopy-0079,CRIU,precopy,no,592,31717,3056,366,4014,0.08,x86_64,x86_64,True,True,transfer_mode=direct;iterations=3,2026-04-30T15:18:01.225615,1_WiFi_6,3905,592,16903,0,0,,,,,,
30-04-2026-direct-precopy-0080,CRIU,precopy,no,556,32488,3060,286,3902,0.08,x86_64,x86_64,True,True,transfer_mode=direct;iterations=3,2026-04-30T15:18:31.500434,1_WiFi_6,3901,556,16586,0,0,,,,,,
30-04-2026-direct-precopy-0081,CRIU,precopy,no,554,32024,3041,349,3944,0.08,x86_64,x86_64,True,True,transfer_mode=direct;iterations=3,2026-04-30T15:19:02.074087,1_WiFi_6,3996,554,16998,0,0,,,,,,
30-04-2026-host-postcopy-0072,CRIU,postcopy,no,1011,22546,7339,336,8686,0.02,x86_64,x86_64,True,True,transfer_mode=host;lazy_pages_port=9999;relay_node=edge-host-1; port_remap=9999->10000,2026-04-30T15:19:35.018439,1_WiFi_6,0,1011,19232,4725,2944,,,,,,
30-04-2026-host-postcopy-0073,CRIU,postcopy,no,971,22531,7352,392,8715,0.02,x86_64,x86_64,True,True,transfer_mode=host;lazy_pages_port=9999;relay_node=edge-host-1,2026-04-30T15:20:07.458424,1_WiFi_6,0,971,19077,4824,2992,,,,,,
30-04-2026-host-postcopy-0074,CRIU,postcopy,no,1096,22666,7360,303,8759,0.02,x86_64,x86_64,True,True,transfer_mode=host;lazy_pages_port=9999;relay_node=edge-host-1,2026-04-30T15:20:41.075163,1_WiFi_6,0,1096,20216,6096,2992,,,,,,
30-04-2026-host-postcopy-0075,CRIU,postcopy,no,1143,22470,7085,341,8569,0.03,x86_64,x86_64,True,True,transfer_mode=host;lazy_pages_port=9999;relay_node=edge-host-1,2026-04-30T15:21:13.777840,1_WiFi_6,0,1143,18911,4835,2943,,,,,,
30-04-2026-host-postcopy-0076,CRIU,postcopy,no,1018,22581,7368,349,8735,0.02,x86_64,x86_64,True,True,transfer_mode=host;lazy_pages_port=9999;relay_node=edge-host-1,2026-04-30T15:21:45.874491,1_WiFi_6,0,1018,18781,4707,2943,,,,,,
30-04-2026-host-postcopy-0077,CRIU,postcopy,no,1005,22509,6795,324,8124,0.03,x86_64,x86_64,True,True,transfer_mode=host;lazy_pages_port=9999;relay_node=edge-host-1,2026-04-30T15:22:17.619303,1_WiFi_6,0,1005,18254,4694,3098,,,,,,
30-04-2026-host-postcopy-0078,CRIU,postcopy,no,956,22512,7317,331,8604,0.02,x86_64,x86_64,True,True,transfer_mode=host;lazy_pages_port=9999;relay_node=edge-host-1,2026-04-30T15:22:49.455330,1_WiFi_6,0,956,18696,4771,2886,,,,,,
30-04-2026-host-postcopy-0079,CRIU,postcopy,no,1034,22428,6896,383,8313,0.03,x86_64,x86_64,True,True,transfer_mode=host;lazy_pages_port=9999;relay_node=edge-host-1,2026-04-30T15:23:21.832983,1_WiFi_6,0,1034,18944,4771,2943,,,,,,
30-04-2026-host-postcopy-0080,CRIU,postcopy,no,1045,22529,7316,346,8707,0.02,x86_64,x86_64,True,True,transfer_mode=host;lazy_pages_port=9999;relay_node=edge-host-1,2026-04-30T15:23:54.032281,1_WiFi_6,0,1045,18769,4756,2943,,,,,,
30-04-2026-host-postcopy-0081,CRIU,postcopy,no,1012,22474,6898,340,8250,0.03,x86_64,x86_64,True,True,transfer_mode=host;lazy_pages_port=9999;relay_node=edge-host-1,2026-04-30T15:24:26.112143,1_WiFi_6,0,1012,18522,4740,2992,,,,,,
30-04-2026-direct-postcopy-0072,CRIU,postcopy,no,902,22508,3202,324,4428,0.06,x86_64,x86_64,True,True,transfer_mode=direct;lazy_pages_port=9999,2026-04-30T15:24:56.095669,1_WiFi_6,0,902,16570,4746,2943,,,,,,
30-04-2026-direct-postcopy-0073,CRIU,postcopy,no,994,22547,3004,385,4383,0.06,x86_64,x86_64,True,True,transfer_mode=direct;lazy_pages_port=9999,2026-04-30T15:25:26.498686,1_WiFi_6,0,994,16914,4831,2943,,,,,,
30-04-2026-direct-postcopy-0074,CRIU,postcopy,no,1018,22494,3082,343,4443,0.06,x86_64,x86_64,True,True,transfer_mode=direct;lazy_pages_port=9999,2026-04-30T15:25:56.126999,1_WiFi_6,0,1018,16396,4804,2992,,,,,,
30-04-2026-direct-postcopy-0075,CRIU,postcopy,no,1037,22436,3104,335,4476,0.06,x86_64,x86_64,True,True,transfer_mode=direct;lazy_pages_port=9999,2026-04-30T15:26:26.851162,1_WiFi_6,0,1037,16926,4818,2943,,,,,,
30-04-2026-direct-postcopy-0076,CRIU,postcopy,no,1038,22479,3102,359,4499,0.06,x86_64,x86_64,True,True,transfer_mode=direct;lazy_pages_port=9999,2026-04-30T15:26:57.102462,1_WiFi_6,0,1038,16431,4882,2992,,,,,,
30-04-2026-direct-postcopy-0077,CRIU,postcopy,no,989,22496,3068,364,4421,0.06,x86_64,x86_64,True,True,transfer_mode=direct;lazy_pages_port=9999,2026-04-30T15:27:27.561445,1_WiFi_6,0,989,16567,4743,2886,,,,,,
30-04-2026-direct-postcopy-0078,CRIU,postcopy,no,1043,22652,3162,330,4535,0.06,x86_64,x86_64,True,True,transfer_mode=direct;lazy_pages_port=9999,2026-04-30T15:27:57.198797,1_WiFi_6,0,1043,16366,4766,2992,,,,,,
30-04-2026-direct-postcopy-0079,CRIU,postcopy,no,1010,22413,3027,326,4363,0.06,x86_64,x86_64,True,True,transfer_mode=direct;lazy_pages_port=9999,2026-04-30T15:28:27.186613,1_WiFi_6,0,1010,16451,4724,2992,,,,,,
30-04-2026-direct-postcopy-0080,CRIU,postcopy,no,1021,22501,3129,340,4490,0.06,x86_64,x86_64,True,True,transfer_mode=direct;lazy_pages_port=9999,2026-04-30T15:28:57.326537,1_WiFi_6,0,1021,16459,4729,3240,,,,,,
30-04-2026-direct-postcopy-0081,CRIU,postcopy,no,1104,22542,3190,313,4607,0.06,x86_64,x86_64,True,True,transfer_mode=direct;lazy_pages_port=9999,2026-04-30T15:29:27.488454,1_WiFi_6,0,1104,16558,4706,3025,,,,,,
30-04-2026-host-cold-0082,CRIU,cold,no,748,25887,7200,424,8372,0.03,x86_64,x86_64,True,True,transfer_mode=host;relay_node=edge-host-1,2026-04-30T15:31:27.941739,1_WiFi_6,0,0,15903,0,0,,,,,,
30-04-2026-host-cold-0083,CRIU,cold,no,619,25112,6687,314,7620,0.03,x86_64,x86_64,True,True,transfer_mode=host;relay_node=edge-host-1,2026-04-30T15:31:55.781753,1_WiFi_6,0,0,14724,0,0,,,,,,
30-04-2026-host-cold-0084,CRIU,cold,no,611,25241,7056,310,7977,0.03,x86_64,x86_64,True,True,transfer_mode=host;relay_node=edge-host-1,2026-04-30T15:32:24.891945,1_WiFi_6,0,0,14990,0,0,,,,,,
30-04-2026-host-cold-0085,CRIU,cold,no,607,25400,6883,379,7869,0.03,x86_64,x86_64,True,True,transfer_mode=host;relay_node=edge-host-1,2026-04-30T15:32:53.222163,1_WiFi_6,0,0,14915,0,0,,,,,,
30-04-2026-host-cold-0086,CRIU,cold,no,616,25431,7282,333,8231,0.03,x86_64,x86_64,True,True,transfer_mode=host;relay_node=edge-host-1,2026-04-30T15:33:22.629722,1_WiFi_6,0,0,15236,0,0,,,,,,
30-04-2026-host-cold-0087,CRIU,cold,no,593,25119,6992,318,7903,0.03,x86_64,x86_64,True,True,transfer_mode=host;relay_node=edge-host-1,2026-04-30T15:33:51.446566,1_WiFi_6,0,0,15134,0,0,,,,,,
30-04-2026-host-cold-0088,CRIU,cold,no,623,25100,7090,305,8018,0.03,x86_64,x86_64,True,True,transfer_mode=host;relay_node=edge-host-1,2026-04-30T15:34:20.487294,1_WiFi_6,0,0,15154,0,0,,,,,,
30-04-2026-host-cold-0089,CRIU,cold,no,614,25250,7131,310,8055,0.03,x86_64,x86_64,True,True,transfer_mode=host;relay_node=edge-host-1,2026-04-30T15:34:49.116479,1_WiFi_6,0,0,15021,0,0,,,,,,
30-04-2026-host-cold-0090,CRIU,cold,no,633,25153,7648,313,8594,0.03,x86_64,x86_64,True,True,transfer_mode=host;relay_node=edge-host-1,2026-04-30T15:35:18.125485,1_WiFi_6,0,0,15527,0,0,,,,,,
30-04-2026-host-cold-0091,CRIU,cold,no,598,25147,7056,309,7963,0.03,x86_64,x86_64,True,True,transfer_mode=host;relay_node=edge-host-1,2026-04-30T15:35:46.917203,1_WiFi_6,0,0,15147,0,0,,,,,,
30-04-2026-direct-cold-0082,CRIU,cold,no,601,25197,3439,307,4347,0.06,x86_64,x86_64,True,True,transfer_mode=direct,2026-04-30T15:36:14.004035,1_WiFi_6,0,0,13704,0,0,,,,,,
30-04-2026-direct-cold-0083,CRIU,cold,no,633,25350,3186,312,4131,0.06,x86_64,x86_64,True,True,transfer_mode=direct,2026-04-30T15:36:40.609149,1_WiFi_6,0,0,13148,0,0,,,,,,
30-04-2026-direct-cold-0084,CRIU,cold,no,585,25061,3203,333,4121,0.06,x86_64,x86_64,True,True,transfer_mode=direct,2026-04-30T15:37:07.369869,1_WiFi_6,0,0,13331,0,0,,,,,,
30-04-2026-direct-cold-0085,CRIU,cold,no,680,25167,2960,314,3954,0.07,x86_64,x86_64,True,True,transfer_mode=direct,2026-04-30T15:37:34.378136,1_WiFi_6,0,0,12885,0,0,,,,,,
30-04-2026-direct-cold-0086,CRIU,cold,no,612,25311,3101,359,4072,0.07,x86_64,x86_64,True,True,transfer_mode=direct,2026-04-30T15:38:00.668365,1_WiFi_6,0,0,13011,0,0,,,,,,
30-04-2026-direct-cold-0087,CRIU,cold,no,593,25139,3195,302,4090,0.06,x86_64,x86_64,True,True,transfer_mode=direct,2026-04-30T15:38:28.023477,1_WiFi_6,0,0,13203,0,0,,,,,,
30-04-2026-direct-cold-0088,CRIU,cold,no,583,25128,3247,313,4143,0.06,x86_64,x86_64,True,True,transfer_mode=direct,2026-04-30T15:38:54.403403,1_WiFi_6,0,0,13152,0,0,,,,,,
30-04-2026-direct-cold-0089,CRIU,cold,no,597,25149,3460,312,4369,0.06,x86_64,x86_64,True,True,transfer_mode=direct,2026-04-30T15:39:21.094915,1_WiFi_6,0,0,13514,0,0,,,,,,
30-04-2026-direct-cold-0090,CRIU,cold,no,594,25202,3152,287,4033,0.06,x86_64,x86_64,True,True,transfer_mode=direct,2026-04-30T15:39:47.441956,1_WiFi_6,0,0,12970,0,0,,,,,,
30-04-2026-direct-cold-0091,CRIU,cold,no,647,25161,2898,318,3863,0.07,x86_64,x86_64,True,True,transfer_mode=direct,2026-04-30T15:40:13.454710,1_WiFi_6,0,0,12729,0,0,,,,,,
30-04-2026-host-precopy-0082,CRIU,precopy,no,571,31685,7231,323,8125,0.04,x86_64,x86_64,True,True,transfer_mode=host;iterations=3;relay_node=edge-host-1,2026-04-30T15:40:46.147244,1_WiFi_6,3915,571,18660,0,0,,,,,,
30-04-2026-host-precopy-0083,CRIU,precopy,no,561,32433,6940,311,7812,0.04,x86_64,x86_64,True,True,transfer_mode=host;iterations=3;relay_node=edge-host-1,2026-04-30T15:41:18.168736,1_WiFi_6,3945,561,18609,0,0,,,,,,
30-04-2026-host-precopy-0084,CRIU,precopy,no,587,32348,7141,306,8034,0.04,x86_64,x86_64,True,True,transfer_mode=host;iterations=3;relay_node=edge-host-1,2026-04-30T15:41:51.011824,1_WiFi_6,4108,587,18969,0,0,,,,,,
30-04-2026-host-precopy-0085,CRIU,precopy,no,599,32116,6876,306,7781,0.04,x86_64,x86_64,True,True,transfer_mode=host;iterations=3;relay_node=edge-host-1,2026-04-30T15:42:22.925583,1_WiFi_6,3949,599,18484,0,0,,,,,,
30-04-2026-host-precopy-0086,CRIU,precopy,no,561,31267,7138,324,8023,0.04,x86_64,x86_64,True,True,transfer_mode=host;iterations=3;relay_node=edge-host-1,2026-04-30T15:42:55.681324,1_WiFi_6,3933,561,18655,0,0,,,,,,
30-04-2026-host-precopy-0087,CRIU,precopy,no,550,31605,7021,332,7903,0.04,x86_64,x86_64,True,True,transfer_mode=host;iterations=3;relay_node=edge-host-1,2026-04-30T15:43:27.585011,1_WiFi_6,3921,550,18540,0,0,,,,,,
30-04-2026-host-precopy-0088,CRIU,precopy,no,545,31799,6851,347,7743,0.04,x86_64,x86_64,True,True,transfer_mode=host;iterations=3;relay_node=edge-host-1,2026-04-30T15:43:59.942415,1_WiFi_6,3909,545,18467,0,0,,,,,,
30-04-2026-host-precopy-0089,CRIU,precopy,no,635,32982,6834,313,7782,0.04,x86_64,x86_64,True,True,transfer_mode=host;iterations=3;relay_node=edge-host-1,2026-04-30T15:44:31.722001,1_WiFi_6,3961,635,18420,0,0,,,,,,
30-04-2026-host-precopy-0090,CRIU,precopy,no,553,31463,7063,395,8011,0.04,x86_64,x86_64,True,True,transfer_mode=host;iterations=3;relay_node=edge-host-1,2026-04-30T15:45:04.445897,1_WiFi_6,3895,553,18660,0,0,,,,,,
30-04-2026-host-precopy-0091,CRIU,precopy,no,566,32447,6984,349,7899,0.04,x86_64,x86_64,True,True,transfer_mode=host;iterations=3;relay_node=edge-host-1,2026-04-30T15:45:36.880376,1_WiFi_6,3984,566,18668,0,0,,,,,,
30-04-2026-direct-precopy-0082,CRIU,precopy,no,550,32037,3125,299,3974,0.08,x86_64,x86_64,True,True,transfer_mode=direct;iterations=3,2026-04-30T15:46:07.513000,1_WiFi_6,3895,550,16865,0,0,,,,,,
30-04-2026-direct-precopy-0083,CRIU,precopy,no,586,31919,3091,359,4036,0.08,x86_64,x86_64,True,True,transfer_mode=direct;iterations=3,2026-04-30T15:46:37.467224,1_WiFi_6,3891,586,16460,0,0,,,,,,
30-04-2026-direct-precopy-0084,CRIU,precopy,no,582,31634,3152,332,4066,0.08,x86_64,x86_64,True,True,transfer_mode=direct;iterations=3,2026-04-30T15:47:07.744654,1_WiFi_6,3927,582,16568,0,0,,,,,,
30-04-2026-direct-precopy-0085,CRIU,precopy,no,581,32055,3033,328,3942,0.08,x86_64,x86_64,True,True,transfer_mode=direct;iterations=3,2026-04-30T15:47:37.642905,1_WiFi_6,3916,581,16607,0,0,,,,,,
30-04-2026-direct-precopy-0086,CRIU,precopy,no,545,32422,3142,322,4009,0.08,x86_64,x86_64,True,True,transfer_mode=direct;iterations=3,2026-04-30T15:48:08.262945,1_WiFi_6,3974,545,16600,0,0,,,,,,
30-04-2026-direct-precopy-0087,CRIU,precopy,no,542,31729,3148,334,4024,0.08,x86_64,x86_64,True,True,transfer_mode=direct;iterations=3,2026-04-30T15:48:38.558704,1_WiFi_6,4126,542,17089,0,0,,,,,,
30-04-2026-direct-precopy-0088,CRIU,precopy,no,606,32909,3137,287,4030,0.08,x86_64,x86_64,True,True,transfer_mode=direct;iterations=3,2026-04-30T15:49:09.863005,1_WiFi_6,4004,606,16921,0,0,,,,,,
30-04-2026-direct-precopy-0089,CRIU,precopy,no,612,31947,3232,303,4147,0.08,x86_64,x86_64,True,True,transfer_mode=direct;iterations=3,2026-04-30T15:49:40.271566,1_WiFi_6,3920,612,16830,0,0,,,,,,
30-04-2026-direct-precopy-0090,CRIU,precopy,no,573,32541,3137,304,4014,0.08,x86_64,x86_64,True,True,transfer_mode=direct;iterations=3,2026-04-30T15:50:11.083918,1_WiFi_6,3899,573,16706,0,0,,,,,,
30-04-2026-direct-precopy-0091,CRIU,precopy,no,557,31867,3130,268,3955,0.08,x86_64,x86_64,True,True,transfer_mode=direct;iterations=3,2026-04-30T15:50:40.791054,1_WiFi_6,3904,557,16585,0,0,,,,,,
30-04-2026-host-postcopy-0082,CRIU,postcopy,no,1043,22411,7316,348,8707,0.02,x86_64,x86_64,True,True,transfer_mode=host;lazy_pages_port=9999;relay_node=edge-host-1,2026-04-30T15:51:13.528638,1_WiFi_6,0,1043,18692,4835,3041,,,,,,
30-04-2026-host-postcopy-0083,CRIU,postcopy,no,1010,22594,6909,372,8291,0.03,x86_64,x86_64,True,True,transfer_mode=host;lazy_pages_port=9999;relay_node=edge-host-1,2026-04-30T15:51:45.616558,1_WiFi_6,0,1010,18782,4710,2992,,,,,,
30-04-2026-host-postcopy-0084,CRIU,postcopy,no,1010,22463,7249,334,8593,0.02,x86_64,x86_64,True,True,transfer_mode=host;lazy_pages_port=9999;relay_node=edge-host-1,2026-04-30T15:52:17.956784,1_WiFi_6,0,1010,18760,4751,2943,,,,,,
30-04-2026-host-postcopy-0085,CRIU,postcopy,no,993,22520,6872,335,8200,0.03,x86_64,x86_64,True,True,transfer_mode=host;lazy_pages_port=9999;relay_node=edge-host-1,2026-04-30T15:52:50.044450,1_WiFi_6,0,993,18689,4868,3049,,,,,,
30-04-2026-host-postcopy-0086,CRIU,postcopy,no,1065,22555,7040,355,8460,0.03,x86_64,x86_64,True,True,transfer_mode=host;lazy_pages_port=9999;relay_node=edge-host-1,2026-04-30T15:53:22.325328,1_WiFi_6,0,1065,18600,4836,2992,,,,,,
30-04-2026-host-postcopy-0087,CRIU,postcopy,no,1070,22404,6855,328,8253,0.03,x86_64,x86_64,True,True,transfer_mode=host;lazy_pages_port=9999;relay_node=edge-host-1,2026-04-30T15:53:54.506473,1_WiFi_6,0,1070,18765,4811,2943,,,,,,
30-04-2026-host-postcopy-0088,CRIU,postcopy,no,1118,22585,7191,344,8653,0.03,x86_64,x86_64,True,True,transfer_mode=host;lazy_pages_port=9999;relay_node=edge-host-1,2026-04-30T15:54:26.778520,1_WiFi_6,0,1118,18648,4688,2943,,,,,,
30-04-2026-host-postcopy-0089,CRIU,postcopy,no,1033,22339,6582,317,7932,0.03,x86_64,x86_64,True,True,transfer_mode=host;lazy_pages_port=9999;relay_node=edge-host-1,2026-04-30T15:54:58.294775,1_WiFi_6,0,1033,18376,4773,2943,,,,,,
30-04-2026-host-postcopy-0090,CRIU,postcopy,no,1017,22456,7276,328,8621,0.02,x86_64,x86_64,True,True,transfer_mode=host;lazy_pages_port=9999;relay_node=edge-host-1,2026-04-30T15:55:30.480218,1_WiFi_6,0,1017,18579,4724,2943,,,,,,
30-04-2026-host-postcopy-0091,CRIU,postcopy,no,995,22562,6830,333,8158,0.03,x86_64,x86_64,True,True,transfer_mode=host;lazy_pages_port=9999;relay_node=edge-host-1,2026-04-30T15:56:02.354731,1_WiFi_6,0,995,18586,4760,2992,,,,,,
30-04-2026-direct-postcopy-0082,CRIU,postcopy,no,1070,22454,3065,331,4466,0.06,x86_64,x86_64,True,True,transfer_mode=direct;lazy_pages_port=9999,2026-04-30T15:56:32.402072,1_WiFi_6,0,1070,16476,4858,2943,,,,,,
30-04-2026-direct-postcopy-0083,CRIU,postcopy,no,1049,22520,3049,330,4428,0.06,x86_64,x86_64,True,True,transfer_mode=direct;lazy_pages_port=9999,2026-04-30T15:57:02.652668,1_WiFi_6,0,1049,16971,4953,2943,,,,,,
30-04-2026-direct-postcopy-0084,CRIU,postcopy,no,1110,22359,3126,359,4595,0.06,x86_64,x86_64,True,True,transfer_mode=direct;lazy_pages_port=9999,2026-04-30T15:57:32.812007,1_WiFi_6,0,1110,16396,4814,2992,,,,,,
30-04-2026-direct-postcopy-0085,CRIU,postcopy,no,1004,22517,3030,378,4412,0.06,x86_64,x86_64,True,True,transfer_mode=direct;lazy_pages_port=9999,2026-04-30T15:58:03.251038,1_WiFi_6,0,1004,16630,4777,2992,,,,,,
30-04-2026-direct-postcopy-0086,CRIU,postcopy,no,1065,22542,3001,467,4533,0.06,x86_64,x86_64,True,True,transfer_mode=direct;lazy_pages_port=9999,2026-04-30T15:58:33.600335,1_WiFi_6,0,1065,16335,4839,2992,,,,,,
30-04-2026-direct-postcopy-0087,CRIU,postcopy,no,1013,22576,3106,383,4502,0.06,x86_64,x86_64,True,True,transfer_mode=direct;lazy_pages_port=9999,2026-04-30T15:59:03.910842,1_WiFi_6,0,1013,16887,4902,2943,,,,,,
30-04-2026-direct-postcopy-0088,CRIU,postcopy,no,1065,22401,3056,335,4456,0.06,x86_64,x86_64,True,True,transfer_mode=direct;lazy_pages_port=9999,2026-04-30T15:59:33.827730,1_WiFi_6,0,1065,16347,4798,3049,,,,,,
30-04-2026-direct-postcopy-0089,CRIU,postcopy,no,1104,22357,3267,341,4712,0.05,x86_64,x86_64,True,True,transfer_mode=direct;lazy_pages_port=9999,2026-04-30T16:00:04.452754,1_WiFi_6,0,1104,16928,4803,2992,,,,,,
30-04-2026-direct-postcopy-0090,CRIU,postcopy,no,1135,22424,3287,348,4770,0.05,x86_64,x86_64,True,True,transfer_mode=direct;lazy_pages_port=9999,2026-04-30T16:00:35.023597,1_WiFi_6,0,1135,16770,4756,2975,,,,,,
30-04-2026-direct-postcopy-0091,CRIU,postcopy,no,1118,22544,3136,341,4595,0.06,x86_64,x86_64,True,True,transfer_mode=direct;lazy_pages_port=9999,2026-04-30T16:01:05.445690,1_WiFi_6,0,1118,17027,4809,3025,,,,,,
30-04-2026-host-cold-0092,CRIU,cold,no,719,26028,7635,452,8806,0.03,x86_64,x86_64,True,True,transfer_mode=host;relay_node=edge-host-1,2026-04-30T21:46:02.654640,2_5G,0,0,16421,0,0,,,,,,
30-04-2026-host-cold-0093,CRIU,cold,no,620,25021,8468,348,9436,0.02,x86_64,x86_64,True,True,transfer_mode=host;relay_node=edge-host-1,2026-04-30T21:46:32.641126,2_5G,0,0,16578,0,0,,,,,,
30-04-2026-host-cold-0094,CRIU,cold,no,552,25135,7511,321,8384,0.03,x86_64,x86_64,True,True,transfer_mode=host;relay_node=edge-host-1,2026-04-30T21:47:01.405753,2_5G,0,0,15430,0,0,,,,,,
30-04-2026-host-cold-0095,CRIU,cold,no,644,25281,8010,309,8963,0.03,x86_64,x86_64,True,True,transfer_mode=host;relay_node=edge-host-1,2026-04-30T21:47:30.683454,2_5G,0,0,15929,0,0,,,,,,
30-04-2026-host-cold-0096,CRIU,cold,no,608,25193,8075,413,9096,0.02,x86_64,x86_64,True,True,transfer_mode=host;relay_node=edge-host-1,2026-04-30T21:48:00.596549,2_5G,0,0,16081,0,0,,,,,,
30-04-2026-host-cold-0097,CRIU,cold,no,621,25165,7615,301,8537,0.03,x86_64,x86_64,True,True,transfer_mode=host;relay_node=edge-host-1,2026-04-30T21:48:29.837151,2_5G,0,0,15827,0,0,,,,,,
30-04-2026-host-cold-0098,CRIU,cold,no,636,25394,8128,292,9056,0.02,x86_64,x86_64,True,True,transfer_mode=host;relay_node=edge-host-1,2026-04-30T21:48:59.713055,2_5G,0,0,15962,0,0,,,,,,
30-04-2026-host-cold-0099,CRIU,cold,no,616,25102,7726,272,8614,0.03,x86_64,x86_64,True,True,transfer_mode=host;relay_node=edge-host-1,2026-04-30T21:49:29.226260,2_5G,0,0,16023,0,0,,,,,,
30-04-2026-host-cold-0100,CRIU,cold,no,577,25225,8076,294,8947,0.02,x86_64,x86_64,True,True,transfer_mode=host;relay_node=edge-host-1,2026-04-30T21:49:59.113498,2_5G,0,0,16080,0,0,,,,,,
30-04-2026-host-cold-0101,CRIU,cold,no,679,25081,7989,319,8987,0.03,x86_64,x86_64,True,True,transfer_mode=host;relay_node=edge-host-1,2026-04-30T21:50:28.805225,2_5G,0,0,16160,0,0,,,,,,
30-04-2026-direct-cold-0092,CRIU,cold,no,605,25155,3489,376,4470,0.06,x86_64,x86_64,True,True,transfer_mode=direct,2026-04-30T21:50:56.439561,2_5G,0,0,13557,0,0,,,,,,
30-04-2026-direct-cold-0093,CRIU,cold,no,611,25434,3355,317,4283,0.06,x86_64,x86_64,True,True,transfer_mode=direct,2026-04-30T21:51:23.223844,2_5G,0,0,13418,0,0,,,,,,
30-04-2026-direct-cold-0094,CRIU,cold,no,661,25507,3449,285,4395,0.06,x86_64,x86_64,True,True,transfer_mode=direct,2026-04-30T21:51:50.482678,2_5G,0,0,13344,0,0,,,,,,
30-04-2026-direct-cold-0095,CRIU,cold,no,610,25102,3443,337,4390,0.06,x86_64,x86_64,True,True,transfer_mode=direct,2026-04-30T21:52:17.788799,2_5G,0,0,13404,0,0,,,,,,
30-04-2026-direct-cold-0096,CRIU,cold,no,910,25278,3466,293,4669,0.06,x86_64,x86_64,True,True,transfer_mode=direct,2026-04-30T21:52:45.189502,2_5G,0,0,13751,0,0,,,,,,
30-04-2026-direct-cold-0097,CRIU,cold,no,588,25215,3545,286,4419,0.06,x86_64,x86_64,True,True,transfer_mode=direct,2026-04-30T21:53:11.992455,2_5G,0,0,13465,0,0,,,,,,
30-04-2026-direct-cold-0098,CRIU,cold,no,636,25149,3682,315,4633,0.05,x86_64,x86_64,True,True,transfer_mode=direct,2026-04-30T21:53:38.905696,2_5G,0,0,13721,0,0,,,,,,
30-04-2026-direct-cold-0099,CRIU,cold,no,688,25185,3380,353,4421,0.06,x86_64,x86_64,True,True,transfer_mode=direct,2026-04-30T21:54:06.222263,2_5G,0,0,13618,0,0,,,,,,
30-04-2026-direct-cold-0100,CRIU,cold,no,636,25147,3658,358,4652,0.05,x86_64,x86_64,True,True,transfer_mode=direct,2026-04-30T21:54:33.823422,2_5G,0,0,13971,0,0,,,,,,
30-04-2026-direct-cold-0101,CRIU,cold,no,607,25080,3511,315,4433,0.06,x86_64,x86_64,True,True,transfer_mode=direct,2026-04-30T21:55:01.145750,2_5G,0,0,13748,0,0,,,,,,
30-04-2026-host-precopy-0092,CRIU,precopy,no,579,31944,7907,337,8823,0.03,x86_64,x86_64,True,True,transfer_mode=host;iterations=3;relay_node=edge-host-1,2026-04-30T21:55:34.211568,2_5G,3932,579,19726,0,0,,,,,,
30-04-2026-host-precopy-0093,CRIU,precopy,no,552,33079,7640,315,8507,0.03,x86_64,x86_64,True,True,transfer_mode=host;iterations=3;relay_node=edge-host-1,2026-04-30T21:56:07.089499,2_5G,3907,552,19159,0,0,,,,,,
30-04-2026-host-precopy-0094,CRIU,precopy,no,567,32391,8247,458,9272,0.03,x86_64,x86_64,True,True,transfer_mode=host;iterations=3;relay_node=edge-host-1,2026-04-30T21:56:40.672885,2_5G,4001,567,20030,0,0,,,,,,
30-04-2026-host-precopy-0095,CRIU,precopy,no,548,31601,7633,326,8507,0.03,x86_64,x86_64,True,True,transfer_mode=host;iterations=3;relay_node=edge-host-1,2026-04-30T21:57:13.411540,2_5G,3910,548,19164,0,0,,,,,,
30-04-2026-host-precopy-0096,CRIU,precopy,no,565,32483,8182,313,9060,0.03,x86_64,x86_64,True,True,transfer_mode=host;iterations=3;relay_node=edge-host-1,2026-04-30T21:57:46.347418,2_5G,3906,565,19767,0,0,,,,,,
30-04-2026-host-precopy-0097,CRIU,precopy,no,583,32061,7555,291,8429,0.03,x86_64,x86_64,True,True,transfer_mode=host;iterations=3;relay_node=edge-host-1,2026-04-30T21:58:19.163301,2_5G,3942,583,19180,0,0,,,,,,
30-04-2026-host-precopy-0098,CRIU,precopy,no,591,32908,8310,287,9188,0.03,x86_64,x86_64,True,True,transfer_mode=host;iterations=3;relay_node=edge-host-1,2026-04-30T21:58:52.581912,2_5G,3983,591,19978,0,0,,,,,,
30-04-2026-host-precopy-0099,CRIU,precopy,no,629,31791,8159,327,9115,0.03,x86_64,x86_64,True,True,transfer_mode=host;iterations=3;relay_node=edge-host-1,2026-04-30T21:59:25.958711,2_5G,3876,629,19745,0,0,,,,,,
30-04-2026-host-precopy-0100,CRIU,precopy,no,622,32368,8169,292,9083,0.03,x86_64,x86_64,True,True,transfer_mode=host;iterations=3;relay_node=edge-host-1,2026-04-30T21:59:59.177625,2_5G,3905,622,19609,0,0,,,,,,
30-04-2026-host-precopy-0101,CRIU,precopy,no,521,31873,7552,301,8374,0.03,x86_64,x86_64,True,True,transfer_mode=host;iterations=3;relay_node=edge-host-1,2026-04-30T22:00:31.765362,2_5G,3933,521,19056,0,0,,,,,,
30-04-2026-direct-precopy-0092,CRIU,precopy,no,590,32504,3482,331,4403,0.07,x86_64,x86_64,True,True,transfer_mode=direct;iterations=3,2026-04-30T22:01:02.197439,2_5G,3924,590,17347,0,0,,,,,,
30-04-2026-direct-precopy-0093,CRIU,precopy,no,546,31810,3414,364,4324,0.07,x86_64,x86_64,True,True,transfer_mode=direct;iterations=3,2026-04-30T22:01:33.028303,2_5G,3934,546,17275,0,0,,,,,,
30-04-2026-direct-precopy-0094,CRIU,precopy,no,596,31947,3426,316,4338,0.07,x86_64,x86_64,True,True,transfer_mode=direct;iterations=3,2026-04-30T22:02:03.744645,2_5G,4001,596,17444,0,0,,,,,,
30-04-2026-direct-precopy-0095,CRIU,precopy,no,685,31403,3391,307,4383,0.07,x86_64,x86_64,True,True,transfer_mode=direct;iterations=3,2026-04-30T22:02:34.772108,2_5G,3943,685,17342,0,0,,,,,,
30-04-2026-direct-precopy-0096,CRIU,precopy,no,551,31687,3537,290,4378,0.07,x86_64,x86_64,True,True,transfer_mode=direct;iterations=3,2026-04-30T22:03:05.274238,2_5G,3922,551,17265,0,0,,,,,,
30-04-2026-direct-precopy-0097,CRIU,precopy,no,602,32021,3495,352,4449,0.07,x86_64,x86_64,True,True,transfer_mode=direct;iterations=3,2026-04-30T22:03:36.028108,2_5G,3965,602,17225,0,0,,,,,,
30-04-2026-direct-precopy-0098,CRIU,precopy,no,581,31643,3396,305,4282,0.07,x86_64,x86_64,True,True,transfer_mode=direct;iterations=3,2026-04-30T22:04:06.701796,2_5G,3950,581,17265,0,0,,,,,,
30-04-2026-direct-precopy-0099,CRIU,precopy,no,508,32515,3602,301,4411,0.07,x86_64,x86_64,True,True,transfer_mode=direct;iterations=3,2026-04-30T22:04:37.838481,2_5G,3934,508,17414,0,0,,,,,,
30-04-2026-direct-precopy-0100,CRIU,precopy,no,583,32008,3552,415,4550,0.07,x86_64,x86_64,True,True,transfer_mode=direct;iterations=3,2026-04-30T22:05:09.107077,2_5G,4041,583,17844,0,0,,,,,,
30-04-2026-direct-precopy-0101,CRIU,precopy,no,568,33065,3292,307,4167,0.08,x86_64,x86_64,True,True,transfer_mode=direct;iterations=3,2026-04-30T22:05:39.741570,2_5G,3955,568,16893,0,0,,,,,,
30-04-2026-host-postcopy-0092,CRIU,postcopy,no,976,22539,8544,361,9881,0.02,x86_64,x86_64,True,True,transfer_mode=host;lazy_pages_port=9999;relay_node=edge-host-1,2026-04-30T22:06:13.215081,2_5G,0,976,20185,4790,2886,,,,,,
30-04-2026-host-postcopy-0093,CRIU,postcopy,no,1017,22471,7734,427,9178,0.02,x86_64,x86_64,True,True,transfer_mode=host;lazy_pages_port=9999;relay_node=edge-host-1,2026-04-30T22:06:47.316429,2_5G,0,1017,20752,6223,3049,,,,,,
30-04-2026-host-postcopy-0094,CRIU,postcopy,no,964,22606,7862,356,9182,0.02,x86_64,x86_64,True,True,transfer_mode=host;lazy_pages_port=9999;relay_node=edge-host-1,2026-04-30T22:07:21.623601,2_5G,0,964,21088,6103,2943,,,,,,
30-04-2026-host-postcopy-0095,CRIU,postcopy,no,1033,22569,7796,329,9158,0.02,x86_64,x86_64,True,True,transfer_mode=host;lazy_pages_port=9999;relay_node=edge-host-1,2026-04-30T22:07:55.417774,2_5G,0,1033,20356,6005,2943,,,,,,
30-04-2026-host-postcopy-0096,CRIU,postcopy,no,960,22458,7954,367,9281,0.02,x86_64,x86_64,True,True,transfer_mode=host;lazy_pages_port=9999;relay_node=edge-host-1,2026-04-30T22:08:29.997370,2_5G,0,960,20941,6058,2992,,,,,,
30-04-2026-host-postcopy-0097,CRIU,postcopy,no,1047,22567,7623,347,9017,0.02,x86_64,x86_64,True,True,transfer_mode=host;lazy_pages_port=9999;relay_node=edge-host-1,2026-04-30T22:09:03.903961,2_5G,0,1047,20625,6058,3049,,,,,,
30-04-2026-host-postcopy-0098,CRIU,postcopy,no,1043,22502,8073,384,9500,0.02,x86_64,x86_64,True,True,transfer_mode=host;lazy_pages_port=9999;relay_node=edge-host-1,2026-04-30T22:09:37.188875,2_5G,0,1043,19801,4777,2886,,,,,,
30-04-2026-host-postcopy-0099,CRIU,postcopy,no,1065,22448,7916,452,9433,0.02,x86_64,x86_64,True,True,transfer_mode=host;lazy_pages_port=9999;relay_node=edge-host-1,2026-04-30T22:10:11.746631,2_5G,0,1065,21088,6129,2943,,,,,,
30-04-2026-host-postcopy-0100,CRIU,postcopy,no,990,22432,8114,439,9543,0.02,x86_64,x86_64,True,True,transfer_mode=host;lazy_pages_port=9999;relay_node=edge-host-1,2026-04-30T22:10:46.715070,2_5G,0,990,21389,6233,3049,,,,,,
30-04-2026-host-postcopy-0101,CRIU,postcopy,no,1073,22496,7956,337,9366,0.02,x86_64,x86_64,True,True,transfer_mode=host;lazy_pages_port=9999;relay_node=edge-host-1,2026-04-30T22:11:21.077781,2_5G,0,1073,21115,6047,3098,,,,,,
30-04-2026-direct-postcopy-0092,CRIU,postcopy,no,1020,22570,3501,373,4894,0.05,x86_64,x86_64,True,True,transfer_mode=direct;lazy_pages_port=9999,2026-04-30T22:11:52.546417,2_5G,0,1020,17508,4866,2992,,,,,,
30-04-2026-direct-postcopy-0093,CRIU,postcopy,no,1025,22484,3448,363,4836,0.05,x86_64,x86_64,True,True,transfer_mode=direct;lazy_pages_port=9999,2026-04-30T22:12:24.725425,2_5G,0,1025,18795,6147,2992,,,,,,
30-04-2026-direct-postcopy-0094,CRIU,postcopy,no,1072,22581,3504,378,4954,0.05,x86_64,x86_64,True,True,transfer_mode=direct;lazy_pages_port=9999,2026-04-30T22:12:55.735870,2_5G,0,1072,17417,4749,2837,,,,,,
30-04-2026-host-cold-0102,CRIU,cold,no,677,26076,6788,397,7862,0.03,x86_64,x86_64,True,True,transfer_mode=host;relay_node=edge-host-1,2026-04-30T22:19:59.330504,1_WiFi_6,0,0,15580,0,0,327,4770,858,903,255,307
30-04-2026-host-cold-0103,CRIU,cold,no,629,25375,7424,349,8402,0.03,x86_64,x86_64,True,True,transfer_mode=host;relay_node=edge-host-1,2026-04-30T22:20:28.277802,1_WiFi_6,0,0,15535,0,0,336,4654,1000,1172,597,336
30-04-2026-host-cold-0104,CRIU,cold,no,566,25251,6658,304,7528,0.03,x86_64,x86_64,True,True,transfer_mode=host;relay_node=edge-host-1,2026-04-30T22:20:56.349444,1_WiFi_6,0,0,14548,0,0,333,4598,881,899,278,317
30-04-2026-host-cold-0105,CRIU,cold,no,592,25165,6692,277,7561,0.03,x86_64,x86_64,True,True,transfer_mode=host;relay_node=edge-host-1,2026-04-30T22:21:24.460755,1_WiFi_6,0,0,14758,0,0,313,4601,939,851,299,338
30-04-2026-host-cold-0106,CRIU,cold,no,584,25202,6860,338,7782,0.03,x86_64,x86_64,True,True,transfer_mode=host;relay_node=edge-host-1,2026-04-30T22:21:53.036509,1_WiFi_6,0,0,14854,0,0,313,4778,867,929,284,383
30-04-2026-host-cold-0107,CRIU,cold,no,680,25110,6882,301,7863,0.03,x86_64,x86_64,True,True,transfer_mode=host;relay_node=edge-host-1,2026-04-30T22:22:21.716321,1_WiFi_6,0,0,15104,0,0,319,4732,948,923,277,324
30-04-2026-host-cold-0108,CRIU,cold,no,599,25133,7062,316,7977,0.03,x86_64,x86_64,True,True,transfer_mode=host;relay_node=edge-host-1,2026-04-30T22:22:50.544421,1_WiFi_6,0,0,14931,0,0,321,4910,900,912,338,303
30-04-2026-host-cold-0109,CRIU,cold,no,630,25447,6783,293,7706,0.03,x86_64,x86_64,True,True,transfer_mode=host;relay_node=edge-host-1,2026-04-30T22:23:18.797642,1_WiFi_6,0,0,14747,0,0,333,4864,774,855,289,327
30-04-2026-host-cold-0110,CRIU,cold,no,573,25132,7256,306,8135,0.03,x86_64,x86_64,True,True,transfer_mode=host;relay_node=edge-host-1,2026-04-30T22:23:47.910571,1_WiFi_6,0,0,15201,0,0,284,4890,892,877,596,385
30-04-2026-host-cold-0111,CRIU,cold,no,601,25314,6968,306,7875,0.03,x86_64,x86_64,True,True,transfer_mode=host;relay_node=edge-host-1,2026-04-30T22:24:15.836878,1_WiFi_6,0,0,14795,0,0,327,4853,918,896,300,322
30-04-2026-direct-cold-0102,CRIU,cold,no,592,25180,3064,309,3965,0.07,x86_64,x86_64,True,True,transfer_mode=direct,2026-04-30T22:24:42.624798,1_WiFi_6,0,0,13267,0,0,330,2161,902,0,0,347
30-04-2026-direct-cold-0103,CRIU,cold,no,690,25208,3034,260,3984,0.07,x86_64,x86_64,True,True,transfer_mode=direct,2026-04-30T22:25:09.191578,1_WiFi_6,0,0,13107,0,0,315,2180,854,0,0,349
30-04-2026-direct-cold-0104,CRIU,cold,no,618,25420,3241,319,4178,0.06,x86_64,x86_64,True,True,transfer_mode=direct,2026-04-30T22:25:35.769609,1_WiFi_6,0,0,13224,0,0,296,2358,883,0,0,326
30-04-2026-direct-cold-0105,CRIU,cold,no,603,25156,3125,352,4080,0.06,x86_64,x86_64,True,True,transfer_mode=direct,2026-04-30T22:26:02.564184,1_WiFi_6,0,0,13136,0,0,370,2217,907,0,0,322
30-04-2026-direct-cold-0106,CRIU,cold,no,635,25354,3097,296,4028,0.07,x86_64,x86_64,True,True,transfer_mode=direct,2026-04-30T22:26:28.671665,1_WiFi_6,0,0,12851,0,0,301,2182,914,0,0,334
30-04-2026-direct-cold-0107,CRIU,cold,no,582,25007,3176,313,4071,0.06,x86_64,x86_64,True,True,transfer_mode=direct,2026-04-30T22:26:55.605889,1_WiFi_6,0,0,12994,0,0,357,2226,949,0,0,322
30-04-2026-direct-cold-0108,CRIU,cold,no,636,25383,3201,328,4165,0.06,x86_64,x86_64,True,True,transfer_mode=direct,2026-04-30T22:27:22.074249,1_WiFi_6,0,0,13193,0,0,353,2254,947,0,0,341
30-04-2026-direct-cold-0109,CRIU,cold,no,622,25245,3029,309,3960,0.07,x86_64,x86_64,True,True,transfer_mode=direct,2026-04-30T22:27:48.974687,1_WiFi_6,0,0,13316,0,0,324,2146,882,0,0,321
30-04-2026-direct-cold-0110,CRIU,cold,no,653,25210,3189,308,4150,0.06,x86_64,x86_64,True,True,transfer_mode=direct,2026-04-30T22:28:15.373885,1_WiFi_6,0,0,12919,0,0,287,2222,967,0,0,340
30-04-2026-direct-cold-0111,CRIU,cold,no,631,25171,3430,297,4358,0.06,x86_64,x86_64,True,True,transfer_mode=direct,2026-04-30T22:28:42.431949,1_WiFi_6,0,0,13420,0,0,321,2555,875,0,0,318
30-04-2026-host-precopy-0102,CRIU,precopy,no,602,31843,7131,378,8111,0.04,x86_64,x86_64,True,True,transfer_mode=host;iterations=3;relay_node=edge-host-1,2026-04-30T22:29:15.164004,1_WiFi_6,3998,602,18880,0,0,313,5201,874,780,275,313
30-04-2026-host-precopy-0103,CRIU,precopy,no,603,31973,7170,364,8137,0.04,x86_64,x86_64,True,True,transfer_mode=host;iterations=3;relay_node=edge-host-1,2026-04-30T22:29:47.267974,1_WiFi_6,3902,603,18649,0,0,277,5143,882,868,276,309
30-04-2026-host-precopy-0104,CRIU,precopy,no,549,32013,7097,289,7935,0.04,x86_64,x86_64,True,True,transfer_mode=host;iterations=3;relay_node=edge-host-1,2026-04-30T22:30:19.683889,1_WiFi_6,3936,549,18580,0,0,286,4993,865,889,348,324
30-04-2026-host-precopy-0105,CRIU,precopy,no,554,31785,6867,339,7760,0.04,x86_64,x86_64,True,True,transfer_mode=host;iterations=3;relay_node=edge-host-1,2026-04-30T22:30:51.476117,1_WiFi_6,4176,554,18577,0,0,291,4800,892,881,293,320
30-04-2026-host-precopy-0106,CRIU,precopy,no,585,33183,7133,301,8019,0.04,x86_64,x86_64,True,True,transfer_mode=host;iterations=3;relay_node=edge-host-1,2026-04-30T22:31:23.652662,1_WiFi_6,3919,585,18622,0,0,286,5089,898,866,278,385
30-04-2026-host-precopy-0107,CRIU,precopy,no,570,31791,6972,374,7916,0.04,x86_64,x86_64,True,True,transfer_mode=host;iterations=3;relay_node=edge-host-1,2026-04-30T22:31:55.870998,1_WiFi_6,4036,570,18806,0,0,367,5025,888,739,318,326
30-04-2026-host-precopy-0108,CRIU,precopy,no,648,31605,7158,352,8158,0.04,x86_64,x86_64,True,True,transfer_mode=host;iterations=3;relay_node=edge-host-1,2026-04-30T22:32:28.432730,1_WiFi_6,3954,648,18956,0,0,394,5018,953,906,279,319
30-04-2026-host-precopy-0109,CRIU,precopy,no,552,33103,7142,360,8054,0.04,x86_64,x86_64,True,True,transfer_mode=host;iterations=3;relay_node=edge-host-1,2026-04-30T22:33:00.835433,1_WiFi_6,4022,552,18962,0,0,418,5132,851,881,275,319
30-04-2026-host-precopy-0110,CRIU,precopy,no,524,32411,7059,312,7895,0.04,x86_64,x86_64,True,True,transfer_mode=host;iterations=3;relay_node=edge-host-1,2026-04-30T22:33:33.126552,1_WiFi_6,3968,524,18579,0,0,260,4951,910,885,311,306
30-04-2026-host-precopy-0111,CRIU,precopy,no,558,32328,7346,319,8223,0.04,x86_64,x86_64,True,True,transfer_mode=host;iterations=3;relay_node=edge-host-1,2026-04-30T22:34:05.303695,1_WiFi_6,3911,558,18780,0,0,295,5247,911,910,276,351
30-04-2026-direct-precopy-0102,CRIU,precopy,no,593,32603,3135,357,4085,0.08,x86_64,x86_64,True,True,transfer_mode=direct;iterations=3,2026-04-30T22:34:35.915624,1_WiFi_6,3946,593,16870,0,0,310,2235,899,0,0,307
30-04-2026-direct-precopy-0103,CRIU,precopy,no,598,33082,3058,392,4048,0.09,x86_64,x86_64,True,True,transfer_mode=direct;iterations=3,2026-04-30T22:35:05.967434,1_WiFi_6,3900,598,16834,0,0,317,2158,899,0,0,380
30-04-2026-direct-precopy-0104,CRIU,precopy,no,674,31821,3228,305,4207,0.08,x86_64,x86_64,True,True,transfer_mode=direct;iterations=3,2026-04-30T22:35:36.586992,1_WiFi_6,3953,674,16936,0,0,326,2248,979,0,0,315
30-04-2026-direct-precopy-0105,CRIU,precopy,no,561,31793,3187,310,4058,0.08,x86_64,x86_64,True,True,transfer_mode=direct;iterations=3,2026-04-30T22:36:07.102065,1_WiFi_6,3930,561,17173,0,0,374,2170,1016,0,0,354
30-04-2026-direct-precopy-0106,CRIU,precopy,no,566,32556,3081,289,3936,0.08,x86_64,x86_64,True,True,transfer_mode=direct;iterations=3,2026-04-30T22:36:37.575554,1_WiFi_6,3913,566,16496,0,0,302,2191,889,0,0,321
30-04-2026-direct-precopy-0107,CRIU,precopy,no,621,32493,3162,390,4173,0.08,x86_64,x86_64,True,True,transfer_mode=direct;iterations=3,2026-04-30T22:37:08.155928,1_WiFi_6,4006,621,17270,0,0,277,2267,894,0,0,324
30-04-2026-direct-precopy-0108,CRIU,precopy,no,593,31348,3263,334,4190,0.08,x86_64,x86_64,True,True,transfer_mode=direct;iterations=3,2026-04-30T22:37:38.697928,1_WiFi_6,3995,593,16764,0,0,372,2349,913,0,0,319
30-04-2026-direct-precopy-0109,CRIU,precopy,no,630,32319,3135,294,4059,0.08,x86_64,x86_64,True,True,transfer_mode=direct;iterations=3,2026-04-30T22:38:08.915873,1_WiFi_6,3949,630,16961,0,0,291,2209,926,0,0,330
30-04-2026-direct-precopy-0110,CRIU,precopy,no,569,31994,3105,436,4110,0.08,x86_64,x86_64,True,True,transfer_mode=direct;iterations=3,2026-04-30T22:38:39.835125,1_WiFi_6,3983,569,16846,0,0,279,2258,847,0,0,277
30-04-2026-direct-precopy-0111,CRIU,precopy,no,692,33083,3095,292,4079,0.09,x86_64,x86_64,True,True,transfer_mode=direct;iterations=3,2026-04-30T22:39:10.486332,1_WiFi_6,3942,692,17023,0,0,307,2175,919,0,0,313
30-04-2026-host-postcopy-0102,CRIU,postcopy,no,1039,22498,7328,357,8724,0.02,x86_64,x86_64,True,True,transfer_mode=host;lazy_pages_port=9999;relay_node=edge-host-1,2026-04-30T22:39:43.135912,1_WiFi_6,0,1039,18891,4816,2943,332,5128,933,887,379,332
30-04-2026-host-postcopy-0103,CRIU,postcopy,no,1022,22376,7067,334,8423,0.03,x86_64,x86_64,True,True,transfer_mode=host;lazy_pages_port=9999;relay_node=edge-host-1,2026-04-30T22:40:15.066840,1_WiFi_6,0,1022,18664,4774,2992,325,4985,885,918,277,311
30-04-2026-host-postcopy-0104,CRIU,postcopy,no,1035,22466,7046,317,8398,0.03,x86_64,x86_64,True,True,transfer_mode=host;lazy_pages_port=9999;relay_node=edge-host-1,2026-04-30T22:40:46.792303,1_WiFi_6,0,1035,18426,4789,2837,338,4921,941,902,279,318
30-04-2026-host-postcopy-0105,CRIU,postcopy,no,1019,22400,7316,295,8630,0.02,x86_64,x86_64,True,True,transfer_mode=host;lazy_pages_port=9999;relay_node=edge-host-1,2026-04-30T22:41:18.945985,1_WiFi_6,0,1019,18887,4639,2992,321,5109,944,904,358,321
30-04-2026-host-postcopy-0106,CRIU,postcopy,no,963,22689,7160,344,8467,0.03,x86_64,x86_64,True,True,transfer_mode=host;lazy_pages_port=9999;relay_node=edge-host-1,2026-04-30T22:41:50.574850,1_WiFi_6,0,963,18352,4759,3049,277,4991,942,950,276,293
30-04-2026-host-postcopy-0107,CRIU,postcopy,no,1046,22550,6891,346,8283,0.03,x86_64,x86_64,True,True,transfer_mode=host;lazy_pages_port=9999;relay_node=edge-host-1,2026-04-30T22:42:23.200634,1_WiFi_6,0,1046,18979,4760,2943,328,4894,828,871,296,302
30-04-2026-host-postcopy-0108,CRIU,postcopy,no,1008,22534,7096,321,8425,0.03,x86_64,x86_64,True,True,transfer_mode=host;lazy_pages_port=9999;relay_node=edge-host-1,2026-04-30T22:42:54.942378,1_WiFi_6,0,1008,18522,4860,3049,322,4957,917,918,302,333
30-04-2026-host-postcopy-0109,CRIU,postcopy,no,1093,22514,6811,308,8212,0.03,x86_64,x86_64,True,True,transfer_mode=host;lazy_pages_port=9999;relay_node=edge-host-1,2026-04-30T22:43:27.396795,1_WiFi_6,0,1093,18692,4699,2992,330,4722,890,925,274,314
30-04-2026-host-postcopy-0110,CRIU,postcopy,no,1137,22600,7069,326,8532,0.03,x86_64,x86_64,True,True,transfer_mode=host;lazy_pages_port=9999;relay_node=edge-host-1,2026-04-30T22:43:59.755093,1_WiFi_6,0,1137,18927,4791,3098,322,5109,743,935,280,399
30-04-2026-host-postcopy-0111,CRIU,postcopy,no,1005,22547,6718,359,8082,0.03,x86_64,x86_64,True,True,transfer_mode=host;lazy_pages_port=9999;relay_node=edge-host-1,2026-04-30T22:44:32.150147,1_WiFi_6,0,1005,18551,4837,2943,343,4648,932,862,275,327
30-04-2026-direct-postcopy-0095,CRIU,postcopy,no,1055,22451,3298,331,4684,0.05,x86_64,x86_64,True,True,transfer_mode=direct;lazy_pages_port=9999,2026-04-30T22:45:02.441215,1_WiFi_6,0,1055,16967,4795,2943,328,2319,978,0,0,342
30-04-2026-direct-postcopy-0096,CRIU,postcopy,no,1097,22558,3196,306,4599,0.06,x86_64,x86_64,True,True,transfer_mode=direct;lazy_pages_port=9999,2026-04-30T22:45:32.976959,1_WiFi_6,0,1097,16863,4709,2992,362,2290,905,0,0,333
30-04-2026-direct-postcopy-0097,CRIU,postcopy,no,1123,22494,3123,316,4562,0.06,x86_64,x86_64,True,True,transfer_mode=direct;lazy_pages_port=9999,2026-04-30T22:46:03.078119,1_WiFi_6,0,1123,16813,4746,2992,315,2261,862,0,0,322
30-04-2026-direct-postcopy-0098,CRIU,postcopy,no,1040,22566,3033,350,4423,0.06,x86_64,x86_64,True,True,transfer_mode=direct;lazy_pages_port=9999,2026-04-30T22:46:33.109734,1_WiFi_6,0,1040,16588,4729,2992,314,2131,902,0,0,313
30-04-2026-direct-postcopy-0099,CRIU,postcopy,no,995,22463,3192,351,4538,0.06,x86_64,x86_64,True,True,transfer_mode=direct;lazy_pages_port=9999,2026-04-30T22:47:03.187226,1_WiFi_6,0,995,16708,4846,2943,371,2321,870,0,0,335
30-04-2026-direct-postcopy-0100,CRIU,postcopy,no,1052,22617,3087,332,4471,0.06,x86_64,x86_64,True,True,transfer_mode=direct;lazy_pages_port=9999,2026-04-30T22:47:33.702397,1_WiFi_6,0,1052,16901,4714,2992,339,2148,938,0,0,310
30-04-2026-direct-postcopy-0101,CRIU,postcopy,no,1050,22542,3049,331,4430,0.06,x86_64,x86_64,True,True,transfer_mode=direct;lazy_pages_port=9999,2026-04-30T22:48:03.320198,1_WiFi_6,0,1050,16374,4643,2992,350,2126,922,0,0,346
30-04-2026-direct-postcopy-0102,CRIU,postcopy,no,1021,22568,3051,331,4403,0.06,x86_64,x86_64,True,True,transfer_mode=direct;lazy_pages_port=9999,2026-04-30T22:48:33.389907,1_WiFi_6,0,1021,16291,4801,2917,311,2133,917,0,0,328
30-04-2026-direct-postcopy-0103,CRIU,postcopy,no,987,22603,3113,327,4427,0.06,x86_64,x86_64,True,True,transfer_mode=direct;lazy_pages_port=9999,2026-04-30T22:49:03.378971,1_WiFi_6,0,987,16333,4662,2975,319,2196,916,0,0,330
30-04-2026-direct-postcopy-0104,CRIU,postcopy,no,1083,22596,3159,324,4566,0.06,x86_64,x86_64,True,True,transfer_mode=direct;lazy_pages_port=9999,2026-04-30T22:49:35.197856,1_WiFi_6,0,1083,18074,5991,3025,366,2237,921,0,0,331
30-04-2026-host-cold-0112,CRIU,cold,no,686,25876,7204,430,8320,0.03,x86_64,x86_64,True,True,transfer_mode=host;relay_node=edge-host-1,2026-04-30T22:51:35.232317,1_WiFi_6,0,0,15963,0,0,278,4997,1003,900,302,314
30-04-2026-host-cold-0113,CRIU,cold,no,677,25074,6863,291,7831,0.03,x86_64,x86_64,True,True,transfer_mode=host;relay_node=edge-host-1,2026-04-30T22:52:03.509112,1_WiFi_6,0,0,14961,0,0,330,4773,897,916,275,377
30-04-2026-host-cold-0114,CRIU,cold,no,545,25066,7127,315,7987,0.03,x86_64,x86_64,True,True,transfer_mode=host;relay_node=edge-host-1,2026-04-30T22:52:42.061218,1_WiFi_6,0,0,14948,0,0,278,5032,896,880,317,316
30-04-2026-host-cold-0115,CRIU,cold,no,580,25222,6734,332,7646,0.03,x86_64,x86_64,True,True,transfer_mode=host;relay_node=edge-host-1,2026-04-30T22:53:09.824820,1_WiFi_6,0,0,14648,0,0,310,4599,916,929,289,333
30-04-2026-host-cold-0116,CRIU,cold,no,733,25043,7253,311,8297,0.03,x86_64,x86_64,True,True,transfer_mode=host;relay_node=edge-host-1,2026-04-30T22:53:39.197565,1_WiFi_6,0,0,15445,0,0,332,5070,963,938,280,339
30-04-2026-host-cold-0117,CRIU,cold,no,584,25158,6789,296,7669,0.03,x86_64,x86_64,True,True,transfer_mode=host;relay_node=edge-host-1,2026-04-30T22:54:07.285115,1_WiFi_6,0,0,14658,0,0,321,4709,863,943,272,323
30-04-2026-host-cold-0118,CRIU,cold,no,606,25086,6943,299,7848,0.03,x86_64,x86_64,True,True,transfer_mode=host;relay_node=edge-host-1,2026-04-30T22:54:36.125860,1_WiFi_6,0,0,14855,0,0,319,4764,943,961,273,326
30-04-2026-host-cold-0119,CRIU,cold,no,600,25352,7107,314,8021,0.03,x86_64,x86_64,True,True,transfer_mode=host;relay_node=edge-host-1,2026-04-30T22:55:04.552846,1_WiFi_6,0,0,15142,0,0,384,5020,937,873,275,384
30-04-2026-host-cold-0120,CRIU,cold,no,585,25138,6940,270,7795,0.03,x86_64,x86_64,True,True,transfer_mode=host;relay_node=edge-host-1,2026-04-30T22:55:33.476749,1_WiFi_6,0,0,14985,0,0,303,4839,913,910,277,417
30-04-2026-host-cold-0121,CRIU,cold,no,577,25315,7074,375,8026,0.03,x86_64,x86_64,True,True,transfer_mode=host;relay_node=edge-host-1,2026-04-30T22:56:01.667209,1_WiFi_6,0,0,14950,0,0,325,4997,864,916,295,307
30-04-2026-direct-cold-0112,CRIU,cold,no,575,25307,3023,307,3905,0.07,x86_64,x86_64,True,True,transfer_mode=direct,2026-04-30T22:56:28.701160,1_WiFi_6,0,0,13048,0,0,336,2144,879,0,0,321
30-04-2026-direct-cold-0113,CRIU,cold,no,673,25412,3087,294,4054,0.07,x86_64,x86_64,True,True,transfer_mode=direct,2026-04-30T22:56:55.146015,1_WiFi_6,0,0,12956,0,0,337,2161,925,0,0,325
30-04-2026-direct-cold-0114,CRIU,cold,no,589,25290,3518,304,4411,0.06,x86_64,x86_64,True,True,transfer_mode=direct,2026-04-30T22:57:22.345614,1_WiFi_6,0,0,13578,0,0,317,2267,1250,0,0,302
30-04-2026-direct-cold-0115,CRIU,cold,no,585,25061,3033,261,3879,0.07,x86_64,x86_64,True,True,transfer_mode=direct,2026-04-30T22:57:48.651168,1_WiFi_6,0,0,13167,0,0,315,2134,898,0,0,324
30-04-2026-direct-cold-0116,CRIU,cold,no,653,25183,2978,355,3986,0.07,x86_64,x86_64,True,True,transfer_mode=direct,2026-04-30T22:58:14.759818,1_WiFi_6,0,0,12802,0,0,292,2073,905,0,0,316
30-04-2026-direct-cold-0117,CRIU,cold,no,608,25136,3075,319,4002,0.07,x86_64,x86_64,True,True,transfer_mode=direct,2026-04-30T22:58:41.467435,1_WiFi_6,0,0,12761,0,0,311,2144,931,0,0,358
30-04-2026-direct-cold-0118,CRIU,cold,no,581,25339,3190,356,4127,0.06,x86_64,x86_64,True,True,transfer_mode=direct,2026-04-30T22:59:07.641338,1_WiFi_6,0,0,13109,0,0,334,2289,901,0,0,350
30-04-2026-direct-cold-0119,CRIU,cold,no,632,25074,3048,316,3996,0.07,x86_64,x86_64,True,True,transfer_mode=direct,2026-04-30T22:59:34.366208,1_WiFi_6,0,0,13116,0,0,341,2195,853,0,0,311
30-04-2026-direct-cold-0120,CRIU,cold,no,623,25207,3184,304,4111,0.06,x86_64,x86_64,True,True,transfer_mode=direct,2026-04-30T23:00:00.790432,1_WiFi_6,0,0,13102,0,0,325,2214,970,0,0,332
30-04-2026-direct-cold-0121,CRIU,cold,no,638,25468,2989,309,3936,0.07,x86_64,x86_64,True,True,transfer_mode=direct,2026-04-30T23:00:27.975154,1_WiFi_6,0,0,13677,0,0,335,2235,754,0,0,406
30-04-2026-host-precopy-0112,CRIU,precopy,no,582,33037,7264,361,8207,0.04,x86_64,x86_64,True,True,transfer_mode=host;iterations=3;relay_node=edge-host-1,2026-04-30T23:01:00.470634,1_WiFi_6,4023,582,19201,0,0,348,5185,938,857,282,422
30-04-2026-host-precopy-0113,CRIU,precopy,no,875,31878,7090,313,8278,0.04,x86_64,x86_64,True,True,transfer_mode=host;iterations=3;relay_node=edge-host-1,2026-04-30T23:01:32.472363,1_WiFi_6,3935,875,18929,0,0,288,5001,916,902,270,316
30-04-2026-host-precopy-0114,CRIU,precopy,no,527,33082,7269,415,8211,0.04,x86_64,x86_64,True,True,transfer_mode=host;iterations=3;relay_node=edge-host-1,2026-04-30T23:02:04.768342,1_WiFi_6,3964,527,18958,0,0,258,5086,1004,897,282,307
30-04-2026-host-precopy-0115,CRIU,precopy,no,679,31718,7265,320,8264,0.03,x86_64,x86_64,True,True,transfer_mode=host;iterations=3;relay_node=edge-host-1,2026-04-30T23:02:37.619253,1_WiFi_6,3945,679,19294,0,0,304,5057,939,907,360,324
30-04-2026-host-precopy-0116,CRIU,precopy,no,552,31859,7086,303,7941,0.04,x86_64,x86_64,True,True,transfer_mode=host;iterations=3;relay_node=edge-host-1,2026-04-30T23:03:09.633293,1_WiFi_6,3956,552,18573,0,0,284,5020,884,884,297,305
30-04-2026-host-precopy-0117,CRIU,precopy,no,566,31655,7167,307,8040,0.04,x86_64,x86_64,True,True,transfer_mode=host;iterations=3;relay_node=edge-host-1,2026-04-30T23:03:42.110084,1_WiFi_6,3922,566,18785,0,0,275,4980,932,919,335,336
30-04-2026-host-precopy-0118,CRIU,precopy,no,559,32022,7037,365,7961,0.04,x86_64,x86_64,True,True,transfer_mode=host;iterations=3;relay_node=edge-host-1,2026-04-30T23:04:14.194547,1_WiFi_6,3901,559,18728,0,0,282,4968,879,909,280,317
30-04-2026-host-precopy-0119,CRIU,precopy,no,575,32346,7208,300,8083,0.04,x86_64,x86_64,True,True,transfer_mode=host;iterations=3;relay_node=edge-host-1,2026-04-30T23:04:46.726827,1_WiFi_6,4013,575,18731,0,0,269,5095,949,877,285,334
30-04-2026-host-precopy-0120,CRIU,precopy,no,555,32488,7318,336,8209,0.04,x86_64,x86_64,True,True,transfer_mode=host;iterations=3;relay_node=edge-host-1,2026-04-30T23:05:19.073931,1_WiFi_6,3925,555,18843,0,0,298,5252,856,921,288,280
30-04-2026-host-precopy-0121,CRIU,precopy,no,567,32247,7212,421,8200,0.04,x86_64,x86_64,True,True,transfer_mode=host;iterations=3;relay_node=edge-host-1,2026-04-30T23:05:51.556284,1_WiFi_6,3929,567,18843,0,0,284,5085,897,922,306,323
30-04-2026-direct-precopy-0112,CRIU,precopy,no,534,32960,3198,334,4066,0.08,x86_64,x86_64,True,True,transfer_mode=direct;iterations=3,2026-04-30T23:06:21.382906,1_WiFi_6,4013,534,16828,0,0,294,2262,935,0,0,324
30-04-2026-direct-precopy-0113,CRIU,precopy,no,587,32548,3016,305,3908,0.09,x86_64,x86_64,True,True,transfer_mode=direct;iterations=3,2026-04-30T23:06:52.136694,1_WiFi_6,3997,587,16980,0,0,288,2107,908,0,0,344
30-04-2026-direct-precopy-0114,CRIU,precopy,no,532,33160,3024,291,3847,0.09,x86_64,x86_64,True,True,transfer_mode=direct;iterations=3,2026-04-30T23:07:22.152933,1_WiFi_6,3991,532,16541,0,0,279,2149,875,0,0,320
30-04-2026-direct-precopy-0115,CRIU,precopy,no,603,31827,3151,304,4058,0.08,x86_64,x86_64,True,True,transfer_mode=direct;iterations=3,2026-04-30T23:07:52.720754,1_WiFi_6,3954,603,16922,0,0,294,2153,997,0,0,329
30-04-2026-direct-precopy-0116,CRIU,precopy,no,586,31556,3140,344,4070,0.08,x86_64,x86_64,True,True,transfer_mode=direct;iterations=3,2026-04-30T23:08:22.715939,1_WiFi_6,3892,586,16569,0,0,282,2256,883,0,0,321
30-04-2026-direct-precopy-0117,CRIU,precopy,no,556,31903,3352,325,4233,0.08,x86_64,x86_64,True,True,transfer_mode=direct;iterations=3,2026-04-30T23:08:53.374015,1_WiFi_6,3933,556,17096,0,0,286,2404,947,0,0,319
30-04-2026-direct-precopy-0118,CRIU,precopy,no,564,32061,3182,314,4060,0.08,x86_64,x86_64,True,True,transfer_mode=direct;iterations=3,2026-04-30T23:09:23.273781,1_WiFi_6,3966,564,16675,0,0,298,2267,914,0,0,339
30-04-2026-direct-precopy-0119,CRIU,precopy,no,554,32357,3123,297,3974,0.08,x86_64,x86_64,True,True,transfer_mode=direct;iterations=3,2026-04-30T23:09:54.149143,1_WiFi_6,3931,554,17060,0,0,415,2244,878,0,0,310
30-04-2026-direct-precopy-0120,CRIU,precopy,no,640,31791,3134,365,4139,0.08,x86_64,x86_64,True,True,transfer_mode=direct;iterations=3,2026-04-30T23:10:24.265892,1_WiFi_6,3929,640,16696,0,0,287,2190,944,0,0,330
30-04-2026-direct-precopy-0121,CRIU,precopy,no,569,31703,3230,317,4116,0.08,x86_64,x86_64,True,True,transfer_mode=direct;iterations=3,2026-04-30T23:10:54.802357,1_WiFi_6,3944,569,16980,0,0,273,2277,953,0,0,428
30-04-2026-host-postcopy-0112,CRIU,postcopy,no,1056,22665,7085,346,8487,0.03,x86_64,x86_64,True,True,transfer_mode=host;lazy_pages_port=9999;relay_node=edge-host-1,2026-04-30T23:11:27.099953,1_WiFi_6,0,1056,18740,4740,3049,331,4954,925,926,279,323
30-04-2026-host-postcopy-0113,CRIU,postcopy,no,992,22623,7044,337,8373,0.03,x86_64,x86_64,True,True,transfer_mode=host;lazy_pages_port=9999;relay_node=edge-host-1,2026-04-30T23:11:59.390355,1_WiFi_6,0,992,18576,4798,2886,318,4937,957,874,275,326
30-04-2026-host-postcopy-0114,CRIU,postcopy,no,1038,22485,6901,348,8287,0.03,x86_64,x86_64,True,True,transfer_mode=host;lazy_pages_port=9999;relay_node=edge-host-1,2026-04-30T23:12:31.188950,1_WiFi_6,0,1038,18454,4800,3098,308,4897,829,775,399,313
30-04-2026-host-postcopy-0115,CRIU,postcopy,no,1012,22464,6968,349,8329,0.03,x86_64,x86_64,True,True,transfer_mode=host;lazy_pages_port=9999;relay_node=edge-host-1,2026-04-30T23:13:03.216920,1_WiFi_6,0,1012,18360,4788,2992,327,4924,890,877,275,298
30-04-2026-host-postcopy-0116,CRIU,postcopy,no,1048,22558,7212,336,8596,0.03,x86_64,x86_64,True,True,transfer_mode=host;lazy_pages_port=9999;relay_node=edge-host-1,2026-04-30T23:13:36.451716,1_WiFi_6,0,1048,19842,5974,2943,328,5105,907,918,281,298
30-04-2026-host-postcopy-0117,CRIU,postcopy,no,904,22476,6947,347,8198,0.03,x86_64,x86_64,True,True,transfer_mode=host;lazy_pages_port=9999;relay_node=edge-host-1,2026-04-30T23:14:08.671944,1_WiFi_6,0,904,18735,4822,2837,357,4801,937,908,299,309
30-04-2026-host-postcopy-0118,CRIU,postcopy,no,1045,22507,7197,343,8585,0.03,x86_64,x86_64,True,True,transfer_mode=host;lazy_pages_port=9999;relay_node=edge-host-1,2026-04-30T23:14:40.599978,1_WiFi_6,0,1045,18783,4941,3049,325,5082,887,914,312,315
30-04-2026-host-postcopy-0119,CRIU,postcopy,no,1051,22528,6622,364,8037,0.03,x86_64,x86_64,True,True,transfer_mode=host;lazy_pages_port=9999;relay_node=edge-host-1,2026-04-30T23:15:12.837411,1_WiFi_6,0,1051,18098,4715,2992,341,4548,889,890,295,412
30-04-2026-host-postcopy-0120,CRIU,postcopy,no,1017,22512,6967,324,8308,0.03,x86_64,x86_64,True,True,transfer_mode=host;lazy_pages_port=9999;relay_node=edge-host-1,2026-04-30T23:15:44.491444,1_WiFi_6,0,1017,18310,4754,2837,308,4900,910,874,283,337
30-04-2026-host-postcopy-0121,CRIU,postcopy,no,1183,22571,6701,377,8261,0.03,x86_64,x86_64,True,True,transfer_mode=host;lazy_pages_port=9999;relay_node=edge-host-1,2026-04-30T23:16:16.643314,1_WiFi_6,0,1183,18361,4774,2992,326,4693,831,887,288,310
30-04-2026-direct-postcopy-0105,CRIU,postcopy,no,1009,22534,3049,378,4436,0.06,x86_64,x86_64,True,True,transfer_mode=direct;lazy_pages_port=9999,2026-04-30T23:16:46.378366,1_WiFi_6,0,1009,16458,4814,2992,332,2155,894,0,0,329
30-04-2026-direct-postcopy-0106,CRIU,postcopy,no,1185,22554,3199,368,4752,0.06,x86_64,x86_64,True,True,transfer_mode=direct;lazy_pages_port=9999,2026-04-30T23:17:16.970476,1_WiFi_6,0,1185,16644,4698,2992,330,2344,854,0,0,323
30-04-2026-direct-postcopy-0107,CRIU,postcopy,no,1095,22642,3160,369,4624,0.06,x86_64,x86_64,True,True,transfer_mode=direct;lazy_pages_port=9999,2026-04-30T23:17:47.296373,1_WiFi_6,0,1095,16703,4797,3041,313,2160,999,0,0,320
30-04-2026-direct-postcopy-0108,CRIU,postcopy,no,1052,22575,3143,329,4524,0.06,x86_64,x86_64,True,True,transfer_mode=direct;lazy_pages_port=9999,2026-04-30T23:18:17.818863,1_WiFi_6,0,1052,16528,4802,2886,315,2256,886,0,0,309
30-04-2026-direct-postcopy-0109,CRIU,postcopy,no,996,22407,3064,331,4391,0.06,x86_64,x86_64,True,True,transfer_mode=direct;lazy_pages_port=9999,2026-04-30T23:18:47.140930,1_WiFi_6,0,996,16256,4666,3049,332,2139,924,0,0,347
30-04-2026-direct-postcopy-0110,CRIU,postcopy,no,987,22452,3011,320,4318,0.06,x86_64,x86_64,True,True,transfer_mode=direct;lazy_pages_port=9999,2026-04-30T23:19:17.276840,1_WiFi_6,0,987,16507,4735,2837,383,2094,917,0,0,304
30-04-2026-direct-postcopy-0111,CRIU,postcopy,no,1002,22568,3003,322,4327,0.06,x86_64,x86_64,True,True,transfer_mode=direct;lazy_pages_port=9999,2026-04-30T23:19:47.076808,1_WiFi_6,0,1002,16420,4817,2943,318,2125,877,0,0,335
30-04-2026-direct-postcopy-0112,CRIU,postcopy,no,1073,22621,3192,398,4663,0.06,x86_64,x86_64,True,True,transfer_mode=direct;lazy_pages_port=9999,2026-04-30T23:20:17.690733,1_WiFi_6,0,1073,17304,4888,2975,322,2254,938,0,0,323
30-04-2026-direct-postcopy-0113,CRIU,postcopy,no,1092,22571,3001,343,4436,0.06,x86_64,x86_64,True,True,transfer_mode=direct;lazy_pages_port=9999,2026-04-30T23:20:47.437446,1_WiFi_6,0,1092,16311,4776,2975,321,2127,873,0,0,312
30-04-2026-direct-postcopy-0114,CRIU,postcopy,no,994,22382,3129,358,4481,0.06,x86_64,x86_64,True,True,transfer_mode=direct;lazy_pages_port=9999,2026-04-30T23:21:17.805491,1_WiFi_6,0,994,17112,4791,2867,322,2255,874,0,0,325
30-04-2026-host-cold-0122,CRIU,cold,no,731,25962,7318,423,8472,0.03,x86_64,x86_64,True,True,transfer_mode=host;relay_node=edge-host-1,2026-04-30T23:23:17.788854,1_WiFi_6,0,0,16283,0,0,375,5173,908,959,276,318
30-04-2026-host-cold-0123,CRIU,cold,no,624,25096,6756,284,7664,0.03,x86_64,x86_64,True,True,transfer_mode=host;relay_node=edge-host-1,2026-04-30T23:23:45.957601,1_WiFi_6,0,0,14749,0,0,317,4686,761,1027,280,323
30-04-2026-host-cold-0124,CRIU,cold,no,541,25106,7150,313,8004,0.03,x86_64,x86_64,True,True,transfer_mode=host;relay_node=edge-host-1,2026-04-30T23:24:14.891369,1_WiFi_6,0,0,15038,0,0,358,5038,925,906,279,307
30-04-2026-host-cold-0125,CRIU,cold,no,652,25349,6847,306,7805,0.03,x86_64,x86_64,True,True,transfer_mode=host;relay_node=edge-host-1,2026-04-30T23:24:42.929288,1_WiFi_6,0,0,14854,0,0,332,4618,953,908,366,316
30-04-2026-host-cold-0126,CRIU,cold,no,585,25070,7195,309,8089,0.03,x86_64,x86_64,True,True,transfer_mode=host;relay_node=edge-host-1,2026-04-30T23:25:12.100993,1_WiFi_6,0,0,15077,0,0,333,4791,926,1185,292,308
30-04-2026-host-cold-0127,CRIU,cold,no,583,25192,6671,295,7549,0.03,x86_64,x86_64,True,True,transfer_mode=host;relay_node=edge-host-1,2026-04-30T23:25:40.248422,1_WiFi_6,0,0,14616,0,0,327,4525,917,959,270,308
30-04-2026-host-cold-0128,CRIU,cold,no,653,25154,7003,290,7946,0.03,x86_64,x86_64,True,True,transfer_mode=host;relay_node=edge-host-1,2026-04-30T23:26:09.207168,1_WiFi_6,0,0,15097,0,0,345,4894,891,904,313,322
30-04-2026-host-cold-0129,CRIU,cold,no,628,25222,7162,323,8113,0.03,x86_64,x86_64,True,True,transfer_mode=host;relay_node=edge-host-1,2026-04-30T23:26:37.886097,1_WiFi_6,0,0,15163,0,0,305,5028,873,987,273,286
30-04-2026-host-cold-0130,CRIU,cold,no,636,25332,7393,334,8363,0.03,x86_64,x86_64,True,True,transfer_mode=host;relay_node=edge-host-1,2026-04-30T23:27:06.571471,1_WiFi_6,0,0,15372,0,0,332,5374,842,916,260,277
30-04-2026-host-cold-0131,CRIU,cold,no,603,25177,7086,329,8018,0.03,x86_64,x86_64,True,True,transfer_mode=host;relay_node=edge-host-1,2026-04-30T23:27:34.940420,1_WiFi_6,0,0,15081,0,0,364,4886,930,958,311,329
30-04-2026-direct-cold-0122,CRIU,cold,no,656,25229,3401,298,4355,0.06,x86_64,x86_64,True,True,transfer_mode=direct,2026-04-30T23:28:02.344749,1_WiFi_6,0,0,13784,0,0,365,2257,1143,0,0,373
30-04-2026-direct-cold-0123,CRIU,cold,no,619,25438,2999,306,3924,0.07,x86_64,x86_64,True,True,transfer_mode=direct,2026-04-30T23:28:28.400421,1_WiFi_6,0,0,12990,0,0,351,2144,855,0,0,340
30-04-2026-direct-cold-0124,CRIU,cold,no,591,25250,3069,346,4006,0.07,x86_64,x86_64,True,True,transfer_mode=direct,2026-04-30T23:28:55.118090,1_WiFi_6,0,0,13162,0,0,383,2153,916,0,0,340
30-04-2026-direct-cold-0125,CRIU,cold,no,594,25249,3098,278,3970,0.07,x86_64,x86_64,True,True,transfer_mode=direct,2026-04-30T23:29:22.226155,1_WiFi_6,0,0,12987,0,0,322,2324,773,0,0,324
30-04-2026-direct-cold-0126,CRIU,cold,no,573,25123,3097,319,3989,0.06,x86_64,x86_64,True,True,transfer_mode=direct,2026-04-30T23:29:48.262363,1_WiFi_6,0,0,12756,0,0,324,2202,894,0,0,310
30-04-2026-direct-cold-0127,CRIU,cold,no,657,25031,3072,304,4033,0.07,x86_64,x86_64,True,True,transfer_mode=direct,2026-04-30T23:30:15.582811,1_WiFi_6,0,0,13134,0,0,308,2184,888,0,0,316
30-04-2026-direct-cold-0128,CRIU,cold,no,580,25276,3168,291,4039,0.06,x86_64,x86_64,True,True,transfer_mode=direct,2026-04-30T23:30:41.781079,1_WiFi_6,0,0,12826,0,0,314,2241,926,0,0,332
30-04-2026-direct-cold-0129,CRIU,cold,no,589,25006,3472,295,4356,0.06,x86_64,x86_64,True,True,transfer_mode=direct,2026-04-30T23:31:08.687132,1_WiFi_6,0,0,13617,0,0,307,2243,1229,0,0,333
30-04-2026-direct-cold-0130,CRIU,cold,no,591,25300,3161,395,4147,0.06,x86_64,x86_64,True,True,transfer_mode=direct,2026-04-30T23:31:35.055760,1_WiFi_6,0,0,13030,0,0,331,2253,907,0,0,332
30-04-2026-direct-cold-0131,CRIU,cold,no,594,25127,3108,303,4005,0.06,x86_64,x86_64,True,True,transfer_mode=direct,2026-04-30T23:32:01.336270,1_WiFi_6,0,0,12919,0,0,338,2136,972,0,0,337
30-04-2026-host-precopy-0122,CRIU,precopy,no,555,33003,7063,319,7937,0.04,x86_64,x86_64,True,True,transfer_mode=host;iterations=3;relay_node=edge-host-1,2026-04-30T23:32:33.825738,1_WiFi_6,3934,555,18542,0,0,278,4987,883,909,282,332
30-04-2026-host-precopy-0123,CRIU,precopy,no,630,31645,6847,261,7738,0.04,x86_64,x86_64,True,True,transfer_mode=host;iterations=3;relay_node=edge-host-1,2026-04-30T23:33:05.361597,1_WiFi_6,3911,630,18296,0,0,286,4733,896,943,273,307
30-04-2026-host-precopy-0124,CRIU,precopy,no,727,31401,7112,296,8135,0.04,x86_64,x86_64,True,True,transfer_mode=host;iterations=3;relay_node=edge-host-1,2026-04-30T23:33:38.153785,1_WiFi_6,3933,727,18704,0,0,291,5121,868,830,292,318
30-04-2026-host-precopy-0125,CRIU,precopy,no,566,32966,7044,313,7923,0.04,x86_64,x86_64,True,True,transfer_mode=host;iterations=3;relay_node=edge-host-1,2026-04-30T23:34:10.280059,1_WiFi_6,3943,566,18738,0,0,289,4865,895,971,311,314
30-04-2026-host-precopy-0126,CRIU,precopy,no,579,31927,7172,323,8074,0.04,x86_64,x86_64,True,True,transfer_mode=host;iterations=3;relay_node=edge-host-1,2026-04-30T23:34:43.101659,1_WiFi_6,3948,579,18742,0,0,296,5114,893,873,290,307
30-04-2026-host-precopy-0127,CRIU,precopy,no,552,32051,6741,307,7600,0.04,x86_64,x86_64,True,True,transfer_mode=host;iterations=3;relay_node=edge-host-1,2026-04-30T23:35:14.936753,1_WiFi_6,3894,552,18373,0,0,281,4736,856,873,274,390
30-04-2026-host-precopy-0128,CRIU,precopy,no,562,31787,6960,328,7850,0.04,x86_64,x86_64,True,True,transfer_mode=host;iterations=3;relay_node=edge-host-1,2026-04-30T23:35:47.526912,1_WiFi_6,3935,562,18575,0,0,288,4909,894,872,284,369
30-04-2026-host-precopy-0129,CRIU,precopy,no,548,32512,6819,298,7665,0.04,x86_64,x86_64,True,True,transfer_mode=host;iterations=3;relay_node=edge-host-1,2026-04-30T23:36:19.348836,1_WiFi_6,3976,548,18359,0,0,287,4730,941,866,280,327
30-04-2026-host-precopy-0130,CRIU,precopy,no,596,33079,7055,327,7978,0.04,x86_64,x86_64,True,True,transfer_mode=host;iterations=3;relay_node=edge-host-1,2026-04-30T23:36:52.090240,1_WiFi_6,3893,596,18749,0,0,298,5089,905,807,252,275
30-04-2026-host-precopy-0131,CRIU,precopy,no,656,31797,6740,341,7737,0.04,x86_64,x86_64,True,True,transfer_mode=host;iterations=3;relay_node=edge-host-1,2026-04-30T23:37:23.677803,1_WiFi_6,3901,656,18414,0,0,409,4668,869,892,310,304
30-04-2026-direct-precopy-0122,CRIU,precopy,no,554,33129,3178,297,4029,0.08,x86_64,x86_64,True,True,transfer_mode=direct;iterations=3,2026-04-30T23:37:54.179210,1_WiFi_6,3978,554,16763,0,0,285,2178,999,0,0,340
30-04-2026-direct-precopy-0123,CRIU,precopy,no,653,31873,3015,323,3991,0.08,x86_64,x86_64,True,True,transfer_mode=direct;iterations=3,2026-04-30T23:38:23.897601,1_WiFi_6,3914,653,16419,0,0,281,2060,955,0,0,319
30-04-2026-direct-precopy-0124,CRIU,precopy,no,584,32514,3124,294,4002,0.08,x86_64,x86_64,True,True,transfer_mode=direct;iterations=3,2026-04-30T23:38:54.702847,1_WiFi_6,3887,584,16598,0,0,311,2221,903,0,0,309
30-04-2026-direct-precopy-0125,CRIU,precopy,no,547,32019,3273,317,4137,0.08,x86_64,x86_64,True,True,transfer_mode=direct;iterations=3,2026-04-30T23:39:25.210978,1_WiFi_6,3937,547,16952,0,0,309,2338,935,0,0,319
30-04-2026-direct-precopy-0126,CRIU,precopy,no,598,31464,3076,318,3992,0.08,x86_64,x86_64,True,True,transfer_mode=direct;iterations=3,2026-04-30T23:39:55.629087,1_WiFi_6,3915,598,16455,0,0,306,2162,914,0,0,385
30-04-2026-direct-precopy-0127,CRIU,precopy,no,549,33078,3207,361,4117,0.08,x86_64,x86_64,True,True,transfer_mode=direct;iterations=3,2026-04-30T23:40:25.809805,1_WiFi_6,3900,549,16472,0,0,288,2324,882,0,0,334
30-04-2026-direct-precopy-0128,CRIU,precopy,no,571,31813,3019,286,3876,0.08,x86_64,x86_64,True,True,transfer_mode=direct;iterations=3,2026-04-30T23:40:56.405386,1_WiFi_6,3982,571,16475,0,0,349,2145,873,0,0,324
30-04-2026-direct-precopy-0129,CRIU,precopy,no,577,32445,3082,291,3950,0.08,x86_64,x86_64,True,True,transfer_mode=direct;iterations=3,2026-04-30T23:41:26.150529,1_WiFi_6,3930,577,16388,0,0,370,2198,883,0,0,321
30-04-2026-direct-precopy-0130,CRIU,precopy,no,650,31850,3181,298,4129,0.08,x86_64,x86_64,True,True,transfer_mode=direct;iterations=3,2026-04-30T23:41:56.847808,1_WiFi_6,4020,650,16728,0,0,291,2254,926,0,0,314
30-04-2026-direct-precopy-0131,CRIU,precopy,no,548,33105,3073,291,3912,0.09,x86_64,x86_64,True,True,transfer_mode=direct;iterations=3,2026-04-30T23:42:26.872898,1_WiFi_6,3991,548,16669,0,0,283,2149,923,0,0,315
30-04-2026-host-postcopy-0122,CRIU,postcopy,no,1071,22541,7092,319,8482,0.03,x86_64,x86_64,True,True,transfer_mode=host;lazy_pages_port=9999;relay_node=edge-host-1,2026-04-30T23:42:59.762988,1_WiFi_6,0,1071,18784,4738,2943,318,5001,893,920,276,356
30-04-2026-host-postcopy-0123,CRIU,postcopy,no,1096,22490,6728,375,8199,0.03,x86_64,x86_64,True,True,transfer_mode=host;lazy_pages_port=9999;relay_node=edge-host-1,2026-04-30T23:43:31.679329,1_WiFi_6,0,1096,18605,4782,2992,322,4607,898,923,298,315
30-04-2026-host-postcopy-0124,CRIU,postcopy,no,1004,22502,6950,322,8276,0.03,x86_64,x86_64,True,True,transfer_mode=host;lazy_pages_port=9999;relay_node=edge-host-1,2026-04-30T23:44:03.662492,1_WiFi_6,0,1004,18301,4748,2992,317,5035,777,851,286,314
30-04-2026-host-postcopy-0125,CRIU,postcopy,no,1029,22552,6760,328,8117,0.03,x86_64,x86_64,True,True,transfer_mode=host;lazy_pages_port=9999;relay_node=edge-host-1,2026-04-30T23:44:35.564569,1_WiFi_6,0,1029,18506,4729,2992,367,4639,913,952,255,312
30-04-2026-host-postcopy-0126,CRIU,postcopy,no,1027,22533,6951,317,8295,0.03,x86_64,x86_64,True,True,transfer_mode=host;lazy_pages_port=9999;relay_node=edge-host-1,2026-04-30T23:45:07.508953,1_WiFi_6,0,1027,18227,4725,2992,323,4923,873,877,276,328
30-04-2026-host-postcopy-0127,CRIU,postcopy,no,1136,22531,6768,317,8221,0.03,x86_64,x86_64,True,True,transfer_mode=host;lazy_pages_port=9999;relay_node=edge-host-1,2026-04-30T23:45:39.309847,1_WiFi_6,0,1136,18579,4787,2992,322,4663,926,899,278,310
30-04-2026-host-postcopy-0128,CRIU,postcopy,no,1106,22553,7122,332,8560,0.03,x86_64,x86_64,True,True,transfer_mode=host;lazy_pages_port=9999;relay_node=edge-host-1,2026-04-30T23:46:11.266064,1_WiFi_6,0,1106,18467,4705,2992,345,5011,901,928,280,299
30-04-2026-host-postcopy-0129,CRIU,postcopy,no,1032,22616,6679,334,8045,0.03,x86_64,x86_64,True,True,transfer_mode=host;lazy_pages_port=9999;relay_node=edge-host-1,2026-04-30T23:46:42.942925,1_WiFi_6,0,1032,18270,4716,2943,325,4566,928,901,283,337
30-04-2026-host-postcopy-0130,CRIU,postcopy,no,997,22552,7127,359,8483,0.03,x86_64,x86_64,True,True,transfer_mode=host;lazy_pages_port=9999;relay_node=edge-host-1,2026-04-30T23:47:15.175768,1_WiFi_6,0,997,18487,4742,3049,299,5080,891,886,270,314
30-04-2026-host-postcopy-0131,CRIU,postcopy,no,1003,22602,6803,360,8166,0.03,x86_64,x86_64,True,True,transfer_mode=host;lazy_pages_port=9999;relay_node=edge-host-1,2026-04-30T23:47:46.873297,1_WiFi_6,0,1003,18333,4730,2992,355,4738,900,881,283,313
30-04-2026-direct-postcopy-0115,CRIU,postcopy,no,1029,22520,3189,320,4538,0.06,x86_64,x86_64,True,True,transfer_mode=direct;lazy_pages_port=9999,2026-04-30T23:48:17.221146,1_WiFi_6,0,1029,16494,4760,2992,353,2175,1014,0,0,341
30-04-2026-direct-postcopy-0116,CRIU,postcopy,no,1001,22584,3168,378,4547,0.06,x86_64,x86_64,True,True,transfer_mode=direct;lazy_pages_port=9999,2026-04-30T23:48:47.639528,1_WiFi_6,0,1001,17000,4841,2943,322,2208,960,0,0,335
30-04-2026-direct-postcopy-0117,CRIU,postcopy,no,1006,22407,3040,329,4375,0.06,x86_64,x86_64,True,True,transfer_mode=direct;lazy_pages_port=9999,2026-04-30T23:49:17.709596,1_WiFi_6,0,1006,16407,4828,2992,362,2210,830,0,0,281
30-04-2026-direct-postcopy-0118,CRIU,postcopy,no,1102,22557,3119,334,4555,0.06,x86_64,x86_64,True,True,transfer_mode=direct;lazy_pages_port=9999,2026-04-30T23:49:48.009817,1_WiFi_6,0,1102,16961,4841,2992,321,2196,922,0,0,309
30-04-2026-direct-postcopy-0119,CRIU,postcopy,no,1003,22489,3047,385,4435,0.06,x86_64,x86_64,True,True,transfer_mode=direct;lazy_pages_port=9999,2026-04-30T23:50:18.159730,1_WiFi_6,0,1003,16368,4846,2992,311,2173,874,0,0,357
30-04-2026-direct-postcopy-0120,CRIU,postcopy,no,1047,22626,3025,363,4435,0.06,x86_64,x86_64,True,True,transfer_mode=direct;lazy_pages_port=9999,2026-04-30T23:50:48.317669,1_WiFi_6,0,1047,16890,4774,2943,320,2208,816,0,0,284
30-04-2026-direct-postcopy-0121,CRIU,postcopy,no,1029,22576,3053,358,4440,0.06,x86_64,x86_64,True,True,transfer_mode=direct;lazy_pages_port=9999,2026-04-30T23:51:18.437402,1_WiFi_6,0,1029,16399,4755,3049,400,2154,898,0,0,350
30-04-2026-direct-postcopy-0122,CRIU,postcopy,no,952,22648,2962,334,4248,0.06,x86_64,x86_64,True,True,transfer_mode=direct;lazy_pages_port=9999,2026-04-30T23:51:48.117841,1_WiFi_6,0,952,16286,4815,2992,305,2137,824,0,0,360
30-04-2026-direct-postcopy-0123,CRIU,postcopy,no,1080,22535,2956,327,4363,0.06,x86_64,x86_64,True,True,transfer_mode=direct;lazy_pages_port=9999,2026-04-30T23:52:18.682239,1_WiFi_6,0,1080,16573,4728,2975,312,2178,777,0,0,407
30-04-2026-direct-postcopy-0124,CRIU,postcopy,no,971,22704,3116,314,4401,0.06,x86_64,x86_64,True,True,transfer_mode=direct;lazy_pages_port=9999,2026-04-30T23:52:49.078198,1_WiFi_6,0,971,16845,4712,2975,332,2289,827,0,0,316
30-04-2026-host-cold-0132,CRIU,cold,no,688,26025,7219,433,8340,0.03,x86_64,x86_64,True,True,transfer_mode=host;relay_node=edge-host-1,2026-04-30T23:54:48.595714,1_WiFi_6,0,0,15961,0,0,351,5158,895,875,289,316
30-04-2026-host-cold-0133,CRIU,cold,no,599,25062,6678,312,7589,0.03,x86_64,x86_64,True,True,transfer_mode=host;relay_node=edge-host-1,2026-04-30T23:55:16.768821,1_WiFi_6,0,0,14621,0,0,346,4698,942,775,262,386
30-04-2026-host-cold-0134,CRIU,cold,no,594,25168,7309,280,8183,0.03,x86_64,x86_64,True,True,transfer_mode=host;relay_node=edge-host-1,2026-04-30T23:55:46.190180,1_WiFi_6,0,0,15309,0,0,296,5016,970,1046,275,324
30-04-2026-host-cold-0135,CRIU,cold,no,599,25176,6816,294,7709,0.03,x86_64,x86_64,True,True,transfer_mode=host;relay_node=edge-host-1,2026-04-30T23:56:14.381281,1_WiFi_6,0,0,14909,0,0,335,4588,949,955,323,331
30-04-2026-host-cold-0136,CRIU,cold,no,647,25419,7095,315,8057,0.03,x86_64,x86_64,True,True,transfer_mode=host;relay_node=edge-host-1,2026-04-30T23:56:43.351312,1_WiFi_6,0,0,15070,0,0,319,4653,895,940,606,301
30-04-2026-host-cold-0137,CRIU,cold,no,617,25110,6734,291,7642,0.03,x86_64,x86_64,True,True,transfer_mode=host;relay_node=edge-host-1,2026-04-30T23:57:11.343208,1_WiFi_6,0,0,14636,0,0,359,4675,884,902,271,306
30-04-2026-host-cold-0138,CRIU,cold,no,567,25314,7108,318,7993,0.03,x86_64,x86_64,True,True,transfer_mode=host;relay_node=edge-host-1,2026-04-30T23:57:39.937557,1_WiFi_6,0,0,15001,0,0,319,4924,964,907,311,311
30-04-2026-host-cold-0139,CRIU,cold,no,586,25460,7157,305,8048,0.03,x86_64,x86_64,True,True,transfer_mode=host;relay_node=edge-host-1,2026-04-30T23:58:08.259412,1_WiFi_6,0,0,14982,0,0,348,5115,876,869,295,303
30-04-2026-host-cold-0140,CRIU,cold,no,606,25208,7071,304,7981,0.03,x86_64,x86_64,True,True,transfer_mode=host;relay_node=edge-host-1,2026-04-30T23:58:36.755950,1_WiFi_6,0,0,15283,0,0,350,4970,906,910,283,636
30-04-2026-host-cold-0141,CRIU,cold,no,587,25332,6956,310,7853,0.03,x86_64,x86_64,True,True,transfer_mode=host;relay_node=edge-host-1,2026-04-30T23:59:04.861740,1_WiFi_6,0,0,14790,0,0,334,4844,878,913,320,302
30-04-2026-direct-cold-0132,CRIU,cold,no,584,25223,3467,301,4352,0.06,x86_64,x86_64,True,True,transfer_mode=direct,2026-04-30T23:59:31.739747,1_WiFi_6,0,0,13379,0,0,334,2151,1316,0,0,349
30-04-2026-direct-cold-0133,CRIU,cold,no,595,25238,3037,347,3979,0.07,x86_64,x86_64,True,True,transfer_mode=direct,2026-04-30T23:59:58.045969,1_WiFi_6,0,0,12925,0,0,312,2153,884,0,0,306
30-04-2026-direct-cold-0134,CRIU,cold,no,730,25175,3077,312,4119,0.07,x86_64,x86_64,True,True,transfer_mode=direct,2026-05-01T00:00:24.633904,1_WiFi_6,0,0,13131,0,0,323,2175,901,0,0,311
30-04-2026-direct-cold-0135,CRIU,cold,no,576,25439,3135,334,4045,0.06,x86_64,x86_64,True,True,transfer_mode=direct,2026-05-01T00:00:51.641935,1_WiFi_6,0,0,13078,0,0,388,2211,923,0,0,319
30-04-2026-direct-cold-0136,CRIU,cold,no,646,25357,2969,344,3959,0.07,x86_64,x86_64,True,True,transfer_mode=direct,2026-05-01T00:01:18.026081,1_WiFi_6,0,0,12897,0,0,321,2066,902,0,0,315
30-04-2026-direct-cold-0137,CRIU,cold,no,564,25291,2999,302,3865,0.07,x86_64,x86_64,True,True,transfer_mode=direct,2026-05-01T00:01:44.839358,1_WiFi_6,0,0,13006,0,0,295,2112,887,0,0,316
30-04-2026-direct-cold-0138,CRIU,cold,no,607,25247,3149,331,4087,0.06,x86_64,x86_64,True,True,transfer_mode=direct,2026-05-01T00:02:11.466554,1_WiFi_6,0,0,13123,0,0,365,2246,902,0,0,329
30-04-2026-direct-cold-0139,CRIU,cold,no,574,25481,3018,310,3902,0.07,x86_64,x86_64,True,True,transfer_mode=direct,2026-05-01T00:02:38.147195,1_WiFi_6,0,0,13472,0,0,320,2092,925,0,0,327
30-04-2026-direct-cold-0140,CRIU,cold,no,577,25132,3176,280,4033,0.06,x86_64,x86_64,True,True,transfer_mode=direct,2026-05-01T00:03:04.772037,1_WiFi_6,0,0,13055,0,0,310,2291,885,0,0,321
30-04-2026-direct-cold-0141,CRIU,cold,no,567,25100,3161,277,4005,0.06,x86_64,x86_64,True,True,transfer_mode=direct,2026-05-01T00:03:31.078266,1_WiFi_6,0,0,12942,0,0,325,2208,952,0,0,330
30-04-2026-host-precopy-0132,CRIU,precopy,no,575,31669,6999,346,7920,0.04,x86_64,x86_64,True,True,transfer_mode=host;iterations=3;relay_node=edge-host-1,2026-05-01T00:04:03.468275,1_WiFi_6,3901,575,18461,0,0,273,4946,895,872,286,305
30-04-2026-host-precopy-0133,CRIU,precopy,no,572,31524,6966,333,7871,0.04,x86_64,x86_64,True,True,transfer_mode=host;iterations=3;relay_node=edge-host-1,2026-05-01T00:04:35.332095,1_WiFi_6,3934,572,18673,0,0,280,4738,909,963,355,311
30-04-2026-host-precopy-0134,CRIU,precopy,no,587,32979,7234,316,8137,0.04,x86_64,x86_64,True,True,transfer_mode=host;iterations=3;relay_node=edge-host-1,2026-05-01T00:05:08.105500,1_WiFi_6,3937,587,18857,0,0,298,5105,893,953,281,403
30-04-2026-host-precopy-0135,CRIU,precopy,no,566,32456,6703,306,7575,0.04,x86_64,x86_64,True,True,transfer_mode=host;iterations=3;relay_node=edge-host-1,2026-05-01T00:05:39.604684,1_WiFi_6,4013,566,18261,0,0,274,4657,927,845,272,325
30-04-2026-host-precopy-0136,CRIU,precopy,no,568,33126,7129,306,8003,0.04,x86_64,x86_64,True,True,transfer_mode=host;iterations=3;relay_node=edge-host-1,2026-05-01T00:06:12.349145,1_WiFi_6,3896,568,18735,0,0,270,4922,978,941,287,302
30-04-2026-host-precopy-0137,CRIU,precopy,no,704,32966,6963,308,7975,0.04,x86_64,x86_64,True,True,transfer_mode=host;iterations=3;relay_node=edge-host-1,2026-05-01T00:06:44.158065,1_WiFi_6,3928,704,18563,0,0,275,4890,868,917,286,329
30-04-2026-host-precopy-0138,CRIU,precopy,no,567,32291,6976,311,7854,0.04,x86_64,x86_64,True,True,transfer_mode=host;iterations=3;relay_node=edge-host-1,2026-05-01T00:07:16.843413,1_WiFi_6,3955,567,18463,0,0,300,5005,935,785,249,275
30-04-2026-host-precopy-0139,CRIU,precopy,no,633,31995,6778,301,7712,0.04,x86_64,x86_64,True,True,transfer_mode=host;iterations=3;relay_node=edge-host-1,2026-05-01T00:07:48.569579,1_WiFi_6,3887,633,18203,0,0,287,4625,914,960,278,302
30-04-2026-host-precopy-0140,CRIU,precopy,no,543,31312,7047,309,7899,0.04,x86_64,x86_64,True,True,transfer_mode=host;iterations=3;relay_node=edge-host-1,2026-05-01T00:08:21.423002,1_WiFi_6,3957,543,18580,0,0,288,4898,963,895,289,308
30-04-2026-host-precopy-0141,CRIU,precopy,no,580,31930,6728,306,7614,0.04,x86_64,x86_64,True,True,transfer_mode=host;iterations=3;relay_node=edge-host-1,2026-05-01T00:08:52.935900,1_WiFi_6,3916,580,18207,0,0,293,4545,946,957,278,330
30-04-2026-direct-precopy-0132,CRIU,precopy,no,610,32930,3296,298,4204,0.08,x86_64,x86_64,True,True,transfer_mode=direct;iterations=3,2026-05-01T00:09:23.943273,1_WiFi_6,3927,610,16808,0,0,291,2369,926,0,0,305
30-04-2026-direct-precopy-0133,CRIU,precopy,no,548,31457,3101,379,4028,0.08,x86_64,x86_64,True,True,transfer_mode=direct;iterations=3,2026-05-01T00:09:54.100624,1_WiFi_6,3983,548,16606,0,0,280,2161,940,0,0,275
30-04-2026-direct-precopy-0134,CRIU,precopy,no,551,33011,3163,298,4012,0.08,x86_64,x86_64,True,True,transfer_mode=direct;iterations=3,2026-05-01T00:10:24.690304,1_WiFi_6,3990,551,16694,0,0,284,2296,866,0,0,304
30-04-2026-direct-precopy-0135,CRIU,precopy,no,552,32962,3147,317,4016,0.08,x86_64,x86_64,True,True,transfer_mode=direct;iterations=3,2026-05-01T00:10:55.384929,1_WiFi_6,3920,552,16908,0,0,288,2295,852,0,0,322
30-04-2026-direct-precopy-0136,CRIU,precopy,no,550,31711,3108,316,3974,0.08,x86_64,x86_64,True,True,transfer_mode=direct;iterations=3,2026-05-01T00:11:25.989916,1_WiFi_6,3915,550,16580,0,0,279,2042,1066,0,0,319
30-04-2026-direct-precopy-0137,CRIU,precopy,no,604,31845,3022,304,3930,0.08,x86_64,x86_64,True,True,transfer_mode=direct;iterations=3,2026-05-01T00:11:56.113277,1_WiFi_6,3921,604,16709,0,0,288,2142,879,0,0,401
30-04-2026-direct-precopy-0138,CRIU,precopy,no,568,32226,3158,287,4013,0.08,x86_64,x86_64,True,True,transfer_mode=direct;iterations=3,2026-05-01T00:12:26.476289,1_WiFi_6,3938,568,16687,0,0,272,2233,924,0,0,313
30-04-2026-direct-precopy-0139,CRIU,precopy,no,599,33163,3101,320,4020,0.09,x86_64,x86_64,True,True,transfer_mode=direct;iterations=3,2026-05-01T00:12:56.341136,1_WiFi_6,4003,599,16572,0,0,287,2147,953,0,0,319
30-04-2026-direct-precopy-0140,CRIU,precopy,no,591,32534,3068,284,3943,0.08,x86_64,x86_64,True,True,transfer_mode=direct;iterations=3,2026-05-01T00:13:27.000111,1_WiFi_6,4046,591,16585,0,0,299,2159,908,0,0,312
30-04-2026-direct-precopy-0141,CRIU,precopy,no,659,31771,3180,289,4128,0.08,x86_64,x86_64,True,True,transfer_mode=direct;iterations=3,2026-05-01T00:13:57.428827,1_WiFi_6,4061,659,17003,0,0,292,2230,949,0,0,304
30-04-2026-host-postcopy-0132,CRIU,postcopy,no,996,22587,7184,360,8540,0.03,x86_64,x86_64,True,True,transfer_mode=host;lazy_pages_port=9999;relay_node=edge-host-1,2026-05-01T00:14:30.356418,1_WiFi_6,0,996,18629,4878,2992,339,5031,967,909,275,313
30-04-2026-host-postcopy-0133,CRIU,postcopy,no,998,22551,6964,336,8298,0.03,x86_64,x86_64,True,True,transfer_mode=host;lazy_pages_port=9999;relay_node=edge-host-1,2026-05-01T00:15:02.781594,1_WiFi_6,0,998,19005,4873,3098,330,4749,1022,915,275,378
30-04-2026-host-postcopy-0134,CRIU,postcopy,no,1060,22543,7047,350,8457,0.03,x86_64,x86_64,True,True,transfer_mode=host;lazy_pages_port=9999;relay_node=edge-host-1,2026-05-01T00:15:35.062430,1_WiFi_6,0,1060,18552,4758,3049,309,5035,945,815,250,288
30-04-2026-host-postcopy-0135,CRIU,postcopy,no,1036,22669,6723,328,8087,0.03,x86_64,x86_64,True,True,transfer_mode=host;lazy_pages_port=9999;relay_node=edge-host-1,2026-05-01T00:16:06.950569,1_WiFi_6,0,1036,18631,5081,2943,318,4678,875,884,284,336
30-04-2026-host-postcopy-0136,CRIU,postcopy,no,1010,22699,6999,336,8345,0.03,x86_64,x86_64,True,True,transfer_mode=host;lazy_pages_port=9999;relay_node=edge-host-1,2026-05-01T00:16:38.660078,1_WiFi_6,0,1010,18300,4725,2992,317,4861,927,930,280,316
30-04-2026-host-postcopy-0137,CRIU,postcopy,no,1126,22397,6814,338,8278,0.03,x86_64,x86_64,True,True,transfer_mode=host;lazy_pages_port=9999;relay_node=edge-host-1,2026-05-01T00:17:11.183414,1_WiFi_6,0,1126,18877,5018,3098,320,4745,896,897,275,320
30-04-2026-host-postcopy-0138,CRIU,postcopy,no,1034,22497,7297,397,8728,0.02,x86_64,x86_64,True,True,transfer_mode=host;lazy_pages_port=9999;relay_node=edge-host-1,2026-05-01T00:17:43.177081,1_WiFi_6,0,1034,18779,4785,2943,331,5242,902,875,277,421
30-04-2026-host-postcopy-0139,CRIU,postcopy,no,1005,22582,7043,373,8421,0.03,x86_64,x86_64,True,True,transfer_mode=host;lazy_pages_port=9999;relay_node=edge-host-1,2026-05-01T00:18:15.349643,1_WiFi_6,0,1005,18856,4808,2992,351,4700,857,1224,260,328
30-04-2026-host-postcopy-0140,CRIU,postcopy,no,978,22447,7067,330,8375,0.03,x86_64,x86_64,True,True,transfer_mode=host;lazy_pages_port=9999;relay_node=edge-host-1,2026-05-01T00:18:47.279296,1_WiFi_6,0,978,18653,4744,2837,333,5040,892,855,279,309
30-04-2026-host-postcopy-0141,CRIU,postcopy,no,1025,22518,7001,323,8349,0.03,x86_64,x86_64,True,True,transfer_mode=host;lazy_pages_port=9999;relay_node=edge-host-1,2026-05-01T00:19:19.770243,1_WiFi_6,0,1025,18799,4918,2943,324,4939,865,916,279,310
30-04-2026-direct-postcopy-0125,CRIU,postcopy,no,1070,22614,3211,348,4629,0.06,x86_64,x86_64,True,True,transfer_mode=direct;lazy_pages_port=9999,2026-05-01T00:19:49.952442,1_WiFi_6,0,1070,16762,4757,2943,309,2283,927,0,0,315
30-04-2026-direct-postcopy-0126,CRIU,postcopy,no,1006,22528,3098,336,4440,0.06,x86_64,x86_64,True,True,transfer_mode=direct;lazy_pages_port=9999,2026-05-01T00:20:20.914518,1_WiFi_6,0,1006,17251,4746,2992,363,2207,890,0,0,377
30-04-2026-direct-postcopy-0127,CRIU,postcopy,no,1045,22518,2977,327,4349,0.06,x86_64,x86_64,True,True,transfer_mode=direct;lazy_pages_port=9999,2026-05-01T00:20:51.094463,1_WiFi_6,0,1045,16533,4703,2943,342,2080,896,0,0,315
30-04-2026-direct-postcopy-0128,CRIU,postcopy,no,1020,22475,3027,421,4468,0.06,x86_64,x86_64,True,True,transfer_mode=direct;lazy_pages_port=9999,2026-05-01T00:21:21.432550,1_WiFi_6,0,1020,16919,4758,3147,315,2108,918,0,0,313
30-04-2026-direct-postcopy-0129,CRIU,postcopy,no,1015,22554,3183,351,4549,0.06,x86_64,x86_64,True,True,transfer_mode=direct;lazy_pages_port=9999,2026-05-01T00:21:51.230287,1_WiFi_6,0,1015,16689,4731,2992,324,2270,913,0,0,319
30-04-2026-direct-postcopy-0130,CRIU,postcopy,no,1045,22542,3015,377,4437,0.06,x86_64,x86_64,True,True,transfer_mode=direct;lazy_pages_port=9999,2026-05-01T00:22:21.147664,1_WiFi_6,0,1045,16702,4779,2943,335,2124,890,0,0,322
30-04-2026-direct-postcopy-0131,CRIU,postcopy,no,1074,22510,3091,346,4511,0.06,x86_64,x86_64,True,True,transfer_mode=direct;lazy_pages_port=9999,2026-05-01T00:22:51.288478,1_WiFi_6,0,1074,16424,4805,3049,326,2270,820,0,0,314
30-04-2026-direct-postcopy-0132,CRIU,postcopy,no,964,22618,3395,327,4686,0.05,x86_64,x86_64,True,True,transfer_mode=direct;lazy_pages_port=9999,2026-05-01T00:23:21.436392,1_WiFi_6,0,964,16724,4763,3025,312,2517,877,0,0,334
30-04-2026-direct-postcopy-0133,CRIU,postcopy,no,1046,22443,3016,335,4397,0.06,x86_64,x86_64,True,True,transfer_mode=direct;lazy_pages_port=9999,2026-05-01T00:23:51.421930,1_WiFi_6,0,1046,16452,4761,2867,340,2086,929,0,0,319
30-04-2026-direct-postcopy-0134,CRIU,postcopy,no,967,22650,3453,345,4765,0.05,x86_64,x86_64,True,True,transfer_mode=direct;lazy_pages_port=9999,2026-05-01T00:24:21.394656,1_WiFi_6,0,967,16719,4728,3083,325,2567,886,0,0,335
01-05-2026-host-cold-0000,CRIU,cold,no,878,26123,7450,456,8784,0.03,x86_64,x86_64,True,True,transfer_mode=host;relay_node=edge-host-1,2026-05-01T06:10:34.834684,2_5G,0,0,16524,0,0,340,4897,1136,1105,311,352
01-05-2026-host-cold-0001,CRIU,cold,no,620,25109,8023,336,8979,0.03,x86_64,x86_64,True,True,transfer_mode=host;relay_node=edge-host-1,2026-05-01T06:11:04.221390,2_5G,0,0,16064,0,0,349,5298,1372,1084,267,282
01-05-2026-host-cold-0002,CRIU,cold,no,569,25088,7441,309,8319,0.03,x86_64,x86_64,True,True,transfer_mode=host;relay_node=edge-host-1,2026-05-01T06:11:33.186471,2_5G,0,0,15288,0,0,311,4935,1155,1069,280,363
01-05-2026-host-cold-0003,CRIU,cold,no,587,25111,7398,299,8284,0.03,x86_64,x86_64,True,True,transfer_mode=host;relay_node=edge-host-1,2026-05-01T06:12:01.986746,2_5G,0,0,15519,0,0,328,4847,1143,1121,286,636
01-05-2026-host-cold-0004,CRIU,cold,no,591,25540,8017,350,8958,0.03,x86_64,x86_64,True,True,transfer_mode=host;relay_node=edge-host-1,2026-05-01T06:12:31.801245,2_5G,0,0,16117,0,0,321,5452,1169,1099,296,304
01-05-2026-host-cold-0005,CRIU,cold,no,678,25431,7432,402,8512,0.03,x86_64,x86_64,True,True,transfer_mode=host;relay_node=edge-host-1,2026-05-01T06:13:01.116286,2_5G,0,0,15843,0,0,320,4889,1120,1124,297,320
01-05-2026-host-cold-0006,CRIU,cold,no,645,25170,7859,290,8794,0.03,x86_64,x86_64,True,True,transfer_mode=host;relay_node=edge-host-1,2026-05-01T06:13:30.554185,2_5G,0,0,15876,0,0,331,5355,1120,1118,265,331
01-05-2026-host-cold-0007,CRIU,cold,no,684,25119,7485,344,8513,0.03,x86_64,x86_64,True,True,transfer_mode=host;relay_node=edge-host-1,2026-05-01T06:13:59.788171,2_5G,0,0,15945,0,0,327,5011,1130,1087,255,322
01-05-2026-host-cold-0008,CRIU,cold,no,578,25190,7924,297,8799,0.03,x86_64,x86_64,True,True,transfer_mode=host;relay_node=edge-host-1,2026-05-01T06:14:29.546981,2_5G,0,0,15901,0,0,314,5414,1103,1102,302,337
01-05-2026-host-cold-0009,CRIU,cold,no,633,25501,7674,314,8621,0.03,x86_64,x86_64,True,True,transfer_mode=host;relay_node=edge-host-1,2026-05-01T06:14:58.506267,2_5G,0,0,15547,0,0,309,5131,1173,1089,279,314
01-05-2026-direct-cold-0000,CRIU,cold,no,586,25135,3370,294,4250,0.06,x86_64,x86_64,True,True,transfer_mode=direct,2026-05-01T06:15:26.178708,2_5G,0,0,13283,0,0,324,2235,1135,0,0,329
01-05-2026-direct-cold-0001,CRIU,cold,no,597,25399,3485,317,4399,0.06,x86_64,x86_64,True,True,transfer_mode=direct,2026-05-01T06:15:52.818361,2_5G,0,0,13472,0,0,328,2361,1123,0,0,307
01-05-2026-direct-cold-0002,CRIU,cold,no,588,25187,3619,309,4516,0.06,x86_64,x86_64,True,True,transfer_mode=direct,2026-05-01T06:16:20.506168,2_5G,0,0,13763,0,0,327,2627,992,0,0,382
01-05-2026-direct-cold-0003,CRIU,cold,no,611,25173,3460,319,4390,0.06,x86_64,x86_64,True,True,transfer_mode=direct,2026-05-01T06:16:47.090106,2_5G,0,0,13399,0,0,317,2334,1125,0,0,374
01-05-2026-direct-cold-0004,CRIU,cold,no,633,25484,3702,314,4649,0.06,x86_64,x86_64,True,True,transfer_mode=direct,2026-05-01T06:17:14.317633,2_5G,0,0,13685,0,0,331,2563,1138,0,0,375
01-05-2026-direct-cold-0005,CRIU,cold,no,627,25117,3506,323,4456,0.06,x86_64,x86_64,True,True,transfer_mode=direct,2026-05-01T06:17:41.190343,2_5G,0,0,13404,0,0,353,2367,1139,0,0,311
01-05-2026-direct-cold-0006,CRIU,cold,no,627,25344,3409,430,4466,0.06,x86_64,x86_64,True,True,transfer_mode=direct,2026-05-01T06:18:08.737660,2_5G,0,0,14129,0,0,325,2280,1128,0,0,324
01-05-2026-direct-cold-0007,CRIU,cold,no,668,25400,3305,298,4271,0.06,x86_64,x86_64,True,True,transfer_mode=direct,2026-05-01T06:18:35.694410,2_5G,0,0,13290,0,0,321,2297,1007,0,0,380
01-05-2026-direct-cold-0008,CRIU,cold,no,569,25348,3285,308,4162,0.06,x86_64,x86_64,True,True,transfer_mode=direct,2026-05-01T06:19:02.574795,2_5G,0,0,13446,0,0,322,2169,1115,0,0,652
01-05-2026-direct-cold-0009,CRIU,cold,no,613,25333,3567,317,4497,0.06,x86_64,x86_64,True,True,transfer_mode=direct,2026-05-01T06:19:30.506421,2_5G,0,0,14111,0,0,672,2403,1163,0,0,318
01-05-2026-host-precopy-0000,CRIU,precopy,no,610,32977,7645,293,8548,0.03,x86_64,x86_64,True,True,transfer_mode=host;iterations=3;relay_node=edge-host-1,2026-05-01T06:20:03.221161,2_5G,3949,610,19133,0,0,288,5140,1103,1122,277,313
01-05-2026-host-precopy-0001,CRIU,precopy,no,776,31475,7542,312,8630,0.03,x86_64,x86_64,True,True,transfer_mode=host;iterations=3;relay_node=edge-host-1,2026-05-01T06:20:36.573738,2_5G,4254,776,19703,0,0,291,5023,1106,1139,273,307
01-05-2026-host-precopy-0002,CRIU,precopy,no,559,32104,7750,300,8609,0.03,x86_64,x86_64,True,True,transfer_mode=host;iterations=3;relay_node=edge-host-1,2026-05-01T06:21:09.105354,2_5G,3938,559,19202,0,0,287,5221,1142,1118,268,310
01-05-2026-host-precopy-0003,CRIU,precopy,no,560,32055,7454,341,8355,0.03,x86_64,x86_64,True,True,transfer_mode=host;iterations=3;relay_node=edge-host-1,2026-05-01T06:21:41.928828,2_5G,3934,560,18972,0,0,274,4924,1097,1154,279,337
01-05-2026-host-precopy-0004,CRIU,precopy,no,609,33014,7837,315,8761,0.03,x86_64,x86_64,True,True,transfer_mode=host;iterations=3;relay_node=edge-host-1,2026-05-01T06:22:15.013826,2_5G,3907,609,19711,0,0,311,5325,1094,1150,265,333
01-05-2026-host-precopy-0005,CRIU,precopy,no,666,31829,7428,330,8424,0.03,x86_64,x86_64,True,True,transfer_mode=host;iterations=3;relay_node=edge-host-1,2026-05-01T06:22:47.799110,2_5G,4029,666,19107,0,0,302,4888,1134,1128,278,343
01-05-2026-host-precopy-0006,CRIU,precopy,no,564,33059,8156,317,9037,0.03,x86_64,x86_64,True,True,transfer_mode=host;iterations=3;relay_node=edge-host-1,2026-05-01T06:23:21.108092,2_5G,4030,564,19851,0,0,309,5285,1104,1463,302,311
01-05-2026-host-precopy-0007,CRIU,precopy,no,562,31497,7439,305,8306,0.03,x86_64,x86_64,True,True,transfer_mode=host;iterations=3;relay_node=edge-host-1,2026-05-01T06:23:53.612747,2_5G,3954,562,18949,0,0,281,4890,1145,1101,301,329
01-05-2026-host-precopy-0008,CRIU,precopy,no,637,33014,8171,294,9102,0.03,x86_64,x86_64,True,True,transfer_mode=host;iterations=3;relay_node=edge-host-1,2026-05-01T06:24:26.518358,2_5G,3988,637,19751,0,0,307,5564,1175,1106,325,325
01-05-2026-host-precopy-0009,CRIU,precopy,no,576,32335,7218,373,8167,0.04,x86_64,x86_64,True,True,transfer_mode=host;iterations=3;relay_node=edge-host-1,2026-05-01T06:24:58.991886,2_5G,3954,576,18772,0,0,280,4872,984,1108,253,309
01-05-2026-direct-precopy-0000,CRIU,precopy,no,572,31385,3542,320,4434,0.07,x86_64,x86_64,True,True,transfer_mode=direct;iterations=3,2026-05-01T06:25:29.494895,2_5G,3928,572,17280,0,0,292,2331,1210,0,0,304
01-05-2026-direct-precopy-0001,CRIU,precopy,no,550,32984,3552,313,4415,0.07,x86_64,x86_64,True,True,transfer_mode=direct;iterations=3,2026-05-01T06:26:00.489777,2_5G,3934,550,17124,0,0,314,2423,1129,0,0,324
01-05-2026-direct-precopy-0002,CRIU,precopy,no,545,31259,3457,354,4356,0.07,x86_64,x86_64,True,True,transfer_mode=direct;iterations=3,2026-05-01T06:26:31.219825,2_5G,3956,545,17400,0,0,286,2379,1077,0,0,392
01-05-2026-direct-precopy-0003,CRIU,precopy,no,559,31853,3485,375,4419,0.07,x86_64,x86_64,True,True,transfer_mode=direct;iterations=3,2026-05-01T06:27:01.949553,2_5G,3917,559,17047,0,0,343,2332,1152,0,0,303
01-05-2026-direct-precopy-0004,CRIU,precopy,no,551,32562,3542,370,4463,0.07,x86_64,x86_64,True,True,transfer_mode=direct;iterations=3,2026-05-01T06:27:33.055742,2_5G,3931,551,17654,0,0,350,2420,1121,0,0,301
01-05-2026-direct-precopy-0005,CRIU,precopy,no,521,31829,3487,300,4308,0.07,x86_64,x86_64,True,True,transfer_mode=direct;iterations=3,2026-05-01T06:28:04.132435,2_5G,3950,521,17079,0,0,323,2370,1117,0,0,324
01-05-2026-direct-precopy-0006,CRIU,precopy,no,578,32476,3506,391,4475,0.07,x86_64,x86_64,True,True,transfer_mode=direct;iterations=3,2026-05-01T06:28:35.186830,2_5G,3951,578,17725,0,0,362,2373,1133,0,0,324
01-05-2026-direct-precopy-0007,CRIU,precopy,no,546,33005,3337,316,4199,0.08,x86_64,x86_64,True,True,transfer_mode=direct;iterations=3,2026-05-01T06:29:05.896087,2_5G,3937,546,16963,0,0,317,2343,994,0,0,369
01-05-2026-direct-precopy-0008,CRIU,precopy,no,639,32213,3474,307,4420,0.07,x86_64,x86_64,True,True,transfer_mode=direct;iterations=3,2026-05-01T06:29:37.028103,2_5G,4112,639,17635,0,0,286,2299,1175,0,0,318
01-05-2026-direct-precopy-0009,CRIU,precopy,no,566,31932,3636,313,4515,0.07,x86_64,x86_64,True,True,transfer_mode=direct;iterations=3,2026-05-01T06:30:08.122776,2_5G,3933,566,17270,0,0,392,2373,1262,0,0,344
01-05-2026-host-postcopy-0000,CRIU,postcopy,no,982,22560,8183,407,9572,0.02,x86_64,x86_64,True,True,transfer_mode=host;lazy_pages_port=9999;relay_node=edge-host-1,2026-05-01T06:30:43.257722,2_5G,0,982,21632,6111,2943,319,5536,1177,1159,309,378
01-05-2026-host-postcopy-0001,CRIU,postcopy,no,1013,22397,7563,414,8990,0.02,x86_64,x86_64,True,True,transfer_mode=host;lazy_pages_port=9999;relay_node=edge-host-1,2026-05-01T06:31:16.877115,2_5G,0,1013,20299,6067,2943,329,4990,1126,1159,287,321
01-05-2026-host-postcopy-0002,CRIU,postcopy,no,1068,22515,7758,347,9173,0.02,x86_64,x86_64,True,True,transfer_mode=host;lazy_pages_port=9999;relay_node=edge-host-1,2026-05-01T06:31:51.886721,2_5G,0,1068,20889,6080,2943,334,5139,1181,1102,334,341
01-05-2026-host-postcopy-0003,CRIU,postcopy,no,1045,22511,7657,367,9069,0.02,x86_64,x86_64,True,True,transfer_mode=host;lazy_pages_port=9999;relay_node=edge-host-1,2026-05-01T06:32:24.130953,2_5G,0,1045,19141,4791,2992,323,5114,1096,1123,322,331
01-05-2026-host-postcopy-0004,CRIU,postcopy,no,1099,22558,7651,360,9110,0.02,x86_64,x86_64,True,True,transfer_mode=host;lazy_pages_port=9999;relay_node=edge-host-1,2026-05-01T06:32:58.786787,2_5G,0,1099,21156,6238,2943,334,5128,1175,1077,270,364
01-05-2026-host-postcopy-0005,CRIU,postcopy,no,1031,22486,7290,395,8716,0.02,x86_64,x86_64,True,True,transfer_mode=host;lazy_pages_port=9999;relay_node=edge-host-1,2026-05-01T06:33:32.265344,2_5G,0,1031,20218,6031,2943,318,4716,1189,1128,255,305
01-05-2026-host-postcopy-0006,CRIU,postcopy,no,1089,22596,7790,358,9237,0.02,x86_64,x86_64,True,True,transfer_mode=host;lazy_pages_port=9999;relay_node=edge-host-1,2026-05-01T06:34:06.497704,2_5G,0,1089,20985,6028,3098,314,5207,1134,1173,273,322
01-05-2026-host-postcopy-0007,CRIU,postcopy,no,1002,22530,7569,362,8933,0.02,x86_64,x86_64,True,True,transfer_mode=host;lazy_pages_port=9999;relay_node=edge-host-1,2026-05-01T06:34:40.192661,2_5G,0,1002,20601,6062,2943,329,5082,1092,1120,273,306
01-05-2026-host-postcopy-0008,CRIU,postcopy,no,1017,22459,7647,349,9013,0.02,x86_64,x86_64,True,True,transfer_mode=host;lazy_pages_port=9999;relay_node=edge-host-1,2026-05-01T06:35:14.152809,2_5G,0,1017,20753,6058,2837,321,5026,1143,1205,271,369
01-05-2026-host-postcopy-0009,CRIU,postcopy,no,1065,22495,7963,361,9389,0.02,x86_64,x86_64,True,True,transfer_mode=host;lazy_pages_port=9999;relay_node=edge-host-1,2026-05-01T06:35:47.985246,2_5G,0,1065,20818,6138,2992,335,5277,1131,1180,373,320
01-05-2026-direct-postcopy-0000,CRIU,postcopy,no,1004,22470,3380,385,4769,0.05,x86_64,x86_64,True,True,transfer_mode=direct;lazy_pages_port=9999,2026-05-01T06:36:19.690865,2_5G,0,1004,18405,6105,2943,332,2271,1109,0,0,344
01-05-2026-direct-postcopy-0001,CRIU,postcopy,no,1019,22421,3560,395,4974,0.05,x86_64,x86_64,True,True,transfer_mode=direct;lazy_pages_port=9999,2026-05-01T06:36:51.679473,2_5G,0,1019,18616,6106,3049,339,2433,1127,0,0,335
01-05-2026-direct-postcopy-0002,CRIU,postcopy,no,1042,22506,3424,364,4830,0.05,x86_64,x86_64,True,True,transfer_mode=direct;lazy_pages_port=9999,2026-05-01T06:37:22.372086,2_5G,0,1042,17177,4774,2992,300,2304,1120,0,0,312
01-05-2026-direct-postcopy-0003,CRIU,postcopy,no,1039,22579,3380,347,4766,0.05,x86_64,x86_64,True,True,transfer_mode=direct;lazy_pages_port=9999,2026-05-01T06:38:04.037449,2_5G,0,1039,18465,6066,2943,305,2308,1071,0,0,293
01-05-2026-direct-postcopy-0004,CRIU,postcopy,no,1061,22390,3544,351,4956,0.05,x86_64,x86_64,True,True,transfer_mode=direct;lazy_pages_port=9999,2026-05-01T06:38:35.902389,2_5G,0,1061,18514,6083,2992,324,2417,1127,0,0,336
01-05-2026-direct-postcopy-0005,CRIU,postcopy,no,1007,22549,3487,326,4820,0.05,x86_64,x86_64,True,True,transfer_mode=direct;lazy_pages_port=9999,2026-05-01T06:39:07.927105,2_5G,0,1007,18194,6018,2943,329,2322,1165,0,0,311
01-05-2026-direct-postcopy-0006,CRIU,postcopy,no,984,22467,3355,365,4704,0.05,x86_64,x86_64,True,True,transfer_mode=direct;lazy_pages_port=9999,2026-05-01T06:39:39.704688,2_5G,0,984,18495,6052,2992,327,2265,1090,0,0,307
01-05-2026-direct-postcopy-0007,CRIU,postcopy,no,987,22573,3435,373,4795,0.05,x86_64,x86_64,True,True,transfer_mode=direct;lazy_pages_port=9999,2026-05-01T06:40:11.690961,2_5G,0,987,18257,6019,3025,369,2313,1121,0,0,325
01-05-2026-direct-postcopy-0008,CRIU,postcopy,no,968,22436,3523,456,4947,0.05,x86_64,x86_64,True,True,transfer_mode=direct;lazy_pages_port=9999,2026-05-01T06:40:42.326601,2_5G,0,968,17165,4918,2867,349,2304,1219,0,0,326
01-05-2026-direct-postcopy-0009,CRIU,postcopy,no,1039,22497,3394,357,4790,0.05,x86_64,x86_64,True,True,transfer_mode=direct;lazy_pages_port=9999,2026-05-01T06:41:14.872736,2_5G,0,1039,18432,6134,2975,399,2268,1126,0,0,289
01-05-2026-host-cold-0010,CRIU,cold,no,741,25939,7828,434,9003,0.03,x86_64,x86_64,True,True,transfer_mode=host;relay_node=edge-host-1,2026-05-01T06:43:15.567096,2_5G,0,0,16789,0,0,365,5401,1085,1086,254,372
01-05-2026-host-cold-0011,CRIU,cold,no,624,25345,7523,355,8502,0.03,x86_64,x86_64,True,True,transfer_mode=host;relay_node=edge-host-1,2026-05-01T06:43:44.435763,2_5G,0,0,15510,0,0,341,4978,1145,1087,310,272
01-05-2026-host-cold-0012,CRIU,cold,no,595,25137,7722,319,8636,0.03,x86_64,x86_64,True,True,transfer_mode=host;relay_node=edge-host-1,2026-05-01T06:44:14.141948,2_5G,0,0,15702,0,0,330,5147,1119,1177,277,332
01-05-2026-host-cold-0013,CRIU,cold,no,638,25359,7478,345,8461,0.03,x86_64,x86_64,True,True,transfer_mode=host;relay_node=edge-host-1,2026-05-01T06:44:42.663759,2_5G,0,0,15331,0,0,326,4998,1107,1077,294,315
01-05-2026-host-cold-0014,CRIU,cold,no,593,25357,7720,382,8695,0.03,x86_64,x86_64,True,True,transfer_mode=host;relay_node=edge-host-1,2026-05-01T06:45:12.291664,2_5G,0,0,15601,0,0,337,5192,1137,1131,258,293
01-05-2026-host-cold-0015,CRIU,cold,no,601,25117,7436,311,8348,0.03,x86_64,x86_64,True,True,transfer_mode=host;relay_node=edge-host-1,2026-05-01T06:45:41.060627,2_5G,0,0,15474,0,0,306,4796,1159,1216,264,330
01-05-2026-host-cold-0016,CRIU,cold,no,609,25250,7708,305,8622,0.03,x86_64,x86_64,True,True,transfer_mode=host;relay_node=edge-host-1,2026-05-01T06:46:11.063521,2_5G,0,0,15771,0,0,336,4892,1077,1456,282,321
01-05-2026-host-cold-0017,CRIU,cold,no,651,25337,7389,305,8345,0.03,x86_64,x86_64,True,True,transfer_mode=host;relay_node=edge-host-1,2026-05-01T06:46:39.888726,2_5G,0,0,15405,0,0,312,4945,1069,1102,271,319
01-05-2026-host-cold-0018,CRIU,cold,no,613,25127,7350,375,8338,0.03,x86_64,x86_64,True,True,transfer_mode=host;relay_node=edge-host-1,2026-05-01T06:47:09.094572,2_5G,0,0,15426,0,0,333,4901,974,1213,260,344
01-05-2026-host-cold-0019,CRIU,cold,no,543,25119,7654,312,8509,0.03,x86_64,x86_64,True,True,transfer_mode=host;relay_node=edge-host-1,2026-05-01T06:47:38.079580,2_5G,0,0,15533,0,0,314,5168,1117,1088,280,337
01-05-2026-direct-cold-0010,CRIU,cold,no,601,25146,3536,318,4455,0.06,x86_64,x86_64,True,True,transfer_mode=direct,2026-05-01T06:48:05.284182,2_5G,0,0,14162,0,0,312,2384,1151,0,0,332
01-05-2026-direct-cold-0011,CRIU,cold,no,573,25068,3460,315,4348,0.06,x86_64,x86_64,True,True,transfer_mode=direct,2026-05-01T06:48:31.680844,2_5G,0,0,13313,0,0,297,2288,1171,0,0,296
01-05-2026-direct-cold-0012,CRIU,cold,no,590,25167,3558,280,4428,0.06,x86_64,x86_64,True,True,transfer_mode=direct,2026-05-01T06:48:58.588748,2_5G,0,0,13678,0,0,313,2383,1174,0,0,314
01-05-2026-direct-cold-0013,CRIU,cold,no,604,25396,3553,299,4456,0.06,x86_64,x86_64,True,True,transfer_mode=direct,2026-05-01T06:49:25.468941,2_5G,0,0,13411,0,0,306,2472,1081,0,0,312
01-05-2026-direct-cold-0014,CRIU,cold,no,630,25358,3616,359,4605,0.06,x86_64,x86_64,True,True,transfer_mode=direct,2026-05-01T06:49:52.237298,2_5G,0,0,13572,0,0,333,2359,1257,0,0,315
01-05-2026-direct-cold-0015,CRIU,cold,no,576,25156,3603,349,4528,0.06,x86_64,x86_64,True,True,transfer_mode=direct,2026-05-01T06:50:19.694240,2_5G,0,0,13637,0,0,362,2463,1139,0,0,317
01-05-2026-direct-cold-0016,CRIU,cold,no,627,25078,3538,295,4460,0.06,x86_64,x86_64,True,True,transfer_mode=direct,2026-05-01T06:50:46.374202,2_5G,0,0,13534,0,0,309,2408,1130,0,0,311
01-05-2026-direct-cold-0017,CRIU,cold,no,647,25259,3571,273,4491,0.06,x86_64,x86_64,True,True,transfer_mode=direct,2026-05-01T06:51:13.794659,2_5G,0,0,13650,0,0,646,2446,1125,0,0,298
01-05-2026-direct-cold-0018,CRIU,cold,no,556,25147,3386,343,4285,0.06,x86_64,x86_64,True,True,transfer_mode=direct,2026-05-01T06:51:40.782325,2_5G,0,0,13273,0,0,315,2317,1068,0,0,363
01-05-2026-direct-cold-0019,CRIU,cold,no,591,25206,3730,377,4698,0.05,x86_64,x86_64,True,True,transfer_mode=direct,2026-05-01T06:52:07.804938,2_5G,0,0,13707,0,0,342,2622,1107,0,0,306
01-05-2026-host-precopy-0010,CRIU,precopy,no,577,31724,7718,299,8594,0.03,x86_64,x86_64,True,True,transfer_mode=host;iterations=3;relay_node=edge-host-1,2026-05-01T06:52:40.939585,2_5G,3920,577,19342,0,0,294,5169,1126,1144,278,383
01-05-2026-host-precopy-0011,CRIU,precopy,no,523,31896,7959,305,8787,0.03,x86_64,x86_64,True,True,transfer_mode=host;iterations=3;relay_node=edge-host-1,2026-05-01T06:53:13.680106,2_5G,3908,523,19309,0,0,256,5412,1122,1101,321,328
01-05-2026-host-precopy-0012,CRIU,precopy,no,588,31498,7824,316,8728,0.03,x86_64,x86_64,True,True,transfer_mode=host;iterations=3;relay_node=edge-host-1,2026-05-01T06:53:46.803918,2_5G,3987,588,19588,0,0,301,5288,1102,1115,317,316
01-05-2026-host-precopy-0013,CRIU,precopy,no,604,31893,7889,319,8812,0.03,x86_64,x86_64,True,True,transfer_mode=host;iterations=3;relay_node=edge-host-1,2026-05-01T06:54:19.738463,2_5G,3960,604,19530,0,0,279,5265,1213,1121,289,326
01-05-2026-host-precopy-0014,CRIU,precopy,no,563,33023,7859,343,8765,0.03,x86_64,x86_64,True,True,transfer_mode=host;iterations=3;relay_node=edge-host-1,2026-05-01T06:54:52.914447,2_5G,3925,563,19442,0,0,289,5364,1116,1124,255,302
01-05-2026-host-precopy-0015,CRIU,precopy,no,589,31151,7838,292,8719,0.03,x86_64,x86_64,True,True,transfer_mode=host;iterations=3;relay_node=edge-host-1,2026-05-01T06:55:25.479909,2_5G,3959,589,19444,0,0,278,5302,1145,1104,284,302
01-05-2026-host-precopy-0016,CRIU,precopy,no,552,32802,7759,305,8616,0.03,x86_64,x86_64,True,True,transfer_mode=host;iterations=3;relay_node=edge-host-1,2026-05-01T06:55:58.229771,2_5G,3914,552,19246,0,0,308,5212,1117,1153,275,321
01-05-2026-host-precopy-0017,CRIU,precopy,no,624,32553,8084,331,9039,0.03,x86_64,x86_64,True,True,transfer_mode=host;iterations=3;relay_node=edge-host-1,2026-05-01T06:56:31.374294,2_5G,3943,624,19626,0,0,292,5437,1289,1065,292,309
01-05-2026-host-precopy-0018,CRIU,precopy,no,555,32285,7879,307,8741,0.03,x86_64,x86_64,True,True,transfer_mode=host;iterations=3;relay_node=edge-host-1,2026-05-01T06:57:04.612271,2_5G,3918,555,19311,0,0,298,5296,1131,1172,278,310
01-05-2026-host-precopy-0019,CRIU,precopy,no,568,32315,7754,312,8634,0.03,x86_64,x86_64,True,True,transfer_mode=host;iterations=3;relay_node=edge-host-1,2026-05-01T06:57:37.099009,2_5G,3913,568,19307,0,0,279,5290,1077,1069,315,313
01-05-2026-direct-precopy-0010,CRIU,precopy,no,549,31729,3418,330,4297,0.07,x86_64,x86_64,True,True,transfer_mode=direct;iterations=3,2026-05-01T06:58:08.064659,2_5G,4099,549,17173,0,0,294,2355,1063,0,0,322
01-05-2026-direct-precopy-0011,CRIU,precopy,no,539,32638,3451,325,4315,0.08,x86_64,x86_64,True,True,transfer_mode=direct;iterations=3,2026-05-01T06:58:38.398764,2_5G,3896,539,17139,0,0,289,2332,1118,0,0,291
01-05-2026-direct-precopy-0012,CRIU,precopy,no,605,31163,3476,337,4418,0.07,x86_64,x86_64,True,True,transfer_mode=direct;iterations=3,2026-05-01T06:59:09.121597,2_5G,3914,605,17058,0,0,284,2376,1100,0,0,325
01-05-2026-direct-precopy-0013,CRIU,precopy,no,565,31697,3420,302,4287,0.07,x86_64,x86_64,True,True,transfer_mode=direct;iterations=3,2026-05-01T06:59:39.904052,2_5G,4028,565,17393,0,0,272,2328,1091,0,0,326
01-05-2026-direct-precopy-0014,CRIU,precopy,no,667,31550,3579,291,4537,0.07,x86_64,x86_64,True,True,transfer_mode=direct;iterations=3,2026-05-01T07:00:10.783615,2_5G,3894,667,17261,0,0,314,2419,1160,0,0,334
01-05-2026-direct-precopy-0015,CRIU,precopy,no,544,33058,3438,294,4276,0.08,x86_64,x86_64,True,True,transfer_mode=direct;iterations=3,2026-05-01T07:00:41.578447,2_5G,4010,544,17256,0,0,277,2360,1078,0,0,295
01-05-2026-direct-precopy-0016,CRIU,precopy,no,556,32989,3405,307,4268,0.08,x86_64,x86_64,True,True,transfer_mode=direct;iterations=3,2026-05-01T07:01:12.385306,2_5G,4023,556,17075,0,0,391,2295,1110,0,0,304
01-05-2026-direct-precopy-0017,CRIU,precopy,no,552,31652,3394,271,4217,0.07,x86_64,x86_64,True,True,transfer_mode=direct;iterations=3,2026-05-01T07:01:42.652762,2_5G,3894,552,17133,0,0,284,2230,1163,0,0,311
01-05-2026-direct-precopy-0018,CRIU,precopy,no,700,31336,3430,312,4442,0.07,x86_64,x86_64,True,True,transfer_mode=direct;iterations=3,2026-05-01T07:02:13.295729,2_5G,3959,700,17208,0,0,276,2292,1137,0,0,327
01-05-2026-direct-precopy-0019,CRIU,precopy,no,579,31321,3369,298,4246,0.07,x86_64,x86_64,True,True,transfer_mode=direct;iterations=3,2026-05-01T07:02:43.933568,2_5G,3989,579,17374,0,0,288,2295,1074,0,0,398
01-05-2026-host-postcopy-0010,CRIU,postcopy,no,1004,22501,7693,364,9061,0.02,x86_64,x86_64,True,True,transfer_mode=host;lazy_pages_port=9999;relay_node=edge-host-1,2026-05-01T07:03:17.907469,2_5G,0,1004,20380,6095,2992,324,5326,1093,994,279,321
01-05-2026-host-postcopy-0011,CRIU,postcopy,no,1034,22594,7616,387,9037,0.02,x86_64,x86_64,True,True,transfer_mode=host;lazy_pages_port=9999;relay_node=edge-host-1,2026-05-01T07:03:51.878556,2_5G,0,1034,20638,6072,2943,312,5073,1125,1156,261,350
01-05-2026-host-postcopy-0012,CRIU,postcopy,no,1135,22546,7896,348,9379,0.02,x86_64,x86_64,True,True,transfer_mode=host;lazy_pages_port=9999;relay_node=edge-host-1,2026-05-01T07:04:25.838316,2_5G,0,1135,20713,6034,2943,322,5468,1087,970,369,308
01-05-2026-host-postcopy-0013,CRIU,postcopy,no,1027,22578,7639,367,9033,0.02,x86_64,x86_64,True,True,transfer_mode=host;lazy_pages_port=9999;relay_node=edge-host-1,2026-05-01T07:04:58.445401,2_5G,0,1027,19192,4752,2886,330,5034,1201,1141,262,317
01-05-2026-host-postcopy-0014,CRIU,postcopy,no,1028,22533,7839,373,9240,0.02,x86_64,x86_64,True,True,transfer_mode=host;lazy_pages_port=9999;relay_node=edge-host-1,2026-05-01T07:05:32.157932,2_5G,0,1028,20492,6136,2886,321,5173,1160,1236,268,305
01-05-2026-host-postcopy-0015,CRIU,postcopy,no,1038,22508,7336,395,8769,0.02,x86_64,x86_64,True,True,transfer_mode=host;lazy_pages_port=9999;relay_node=edge-host-1,2026-05-01T07:06:04.949455,2_5G,0,1038,19171,4776,2943,424,4807,1121,1120,287,343
01-05-2026-host-postcopy-0016,CRIU,postcopy,no,1000,22426,7894,335,9229,0.02,x86_64,x86_64,True,True,transfer_mode=host;lazy_pages_port=9999;relay_node=edge-host-1,2026-05-01T07:06:37.532702,2_5G,0,1000,19228,4743,2992,312,5333,1102,1163,295,349
01-05-2026-host-postcopy-0017,CRIU,postcopy,no,949,22563,7662,385,8996,0.02,x86_64,x86_64,True,True,transfer_mode=host;lazy_pages_port=9999;relay_node=edge-host-1,2026-05-01T07:07:11.775080,2_5G,0,949,20650,6119,2943,371,5078,1157,1114,312,314
01-05-2026-host-postcopy-0018,CRIU,postcopy,no,956,22436,7788,304,9048,0.02,x86_64,x86_64,True,True,transfer_mode=host;lazy_pages_port=9999;relay_node=edge-host-1,2026-05-01T07:07:45.977291,2_5G,0,956,20757,6245,2837,327,5139,1192,1133,322,340
01-05-2026-host-postcopy-0019,CRIU,postcopy,no,1079,22491,7518,377,8974,0.02,x86_64,x86_64,True,True,transfer_mode=host;lazy_pages_port=9999;relay_node=edge-host-1,2026-05-01T07:08:19.838143,2_5G,0,1079,20651,6015,2992,325,5040,1074,1125,277,330
01-05-2026-direct-postcopy-0010,CRIU,postcopy,no,1003,22492,3388,668,5059,0.05,x86_64,x86_64,True,True,transfer_mode=direct;lazy_pages_port=9999,2026-05-01T07:08:50.551835,2_5G,0,1003,17107,5122,2943,333,2289,1099,0,0,313
01-05-2026-direct-postcopy-0011,CRIU,postcopy,no,965,22496,3520,356,4841,0.05,x86_64,x86_64,True,True,transfer_mode=direct;lazy_pages_port=9999,2026-05-01T07:09:21.235682,2_5G,0,965,17248,4881,2837,377,2349,1171,0,0,375
01-05-2026-direct-postcopy-0012,CRIU,postcopy,no,1064,22642,3503,363,4930,0.05,x86_64,x86_64,True,True,transfer_mode=direct;lazy_pages_port=9999,2026-05-01T07:09:52.000817,2_5G,0,1064,17266,4859,2943,325,2341,1162,0,0,314
01-05-2026-direct-postcopy-0013,CRIU,postcopy,no,975,22543,3466,323,4764,0.05,x86_64,x86_64,True,True,transfer_mode=direct;lazy_pages_port=9999,2026-05-01T07:10:23.726974,2_5G,0,975,18494,5950,3049,324,2299,1167,0,0,320
01-05-2026-direct-postcopy-0014,CRIU,postcopy,no,950,22595,3739,367,5056,0.05,x86_64,x86_64,True,True,transfer_mode=direct;lazy_pages_port=9999,2026-05-01T07:10:55.364267,2_5G,0,950,18410,6096,2886,361,2307,1432,0,0,297
01-05-2026-direct-postcopy-0015,CRIU,postcopy,no,1035,22564,3426,351,4812,0.05,x86_64,x86_64,True,True,transfer_mode=direct;lazy_pages_port=9999,2026-05-01T07:11:27.458388,2_5G,0,1035,18758,6234,2992,319,2320,1105,0,0,327
01-05-2026-direct-postcopy-0016,CRIU,postcopy,no,961,22483,3391,384,4736,0.05,x86_64,x86_64,True,True,transfer_mode=direct;lazy_pages_port=9999,2026-05-01T07:11:59.306937,2_5G,0,961,18375,6106,2992,341,2294,1097,0,0,319
01-05-2026-direct-postcopy-0017,CRIU,postcopy,no,966,22505,3572,345,4883,0.05,x86_64,x86_64,True,True,transfer_mode=direct;lazy_pages_port=9999,2026-05-01T07:12:31.472646,2_5G,0,966,18737,6135,2992,330,2462,1109,0,0,304
01-05-2026-direct-postcopy-0018,CRIU,postcopy,no,1078,22442,3562,373,5013,0.05,x86_64,x86_64,True,True,transfer_mode=direct;lazy_pages_port=9999,2026-05-01T07:13:03.908399,2_5G,0,1078,18847,6050,2867,301,2567,994,0,0,354
01-05-2026-direct-postcopy-0019,CRIU,postcopy,no,1045,22521,3489,358,4892,0.05,x86_64,x86_64,True,True,transfer_mode=direct;lazy_pages_port=9999,2026-05-01T07:13:35.803716,2_5G,0,1045,18552,6019,2975,314,2366,1123,0,0,382
01-05-2026-host-cold-0020,CRIU,cold,no,723,26104,7900,365,8988,0.03,x86_64,x86_64,True,True,transfer_mode=host;relay_node=edge-host-1,2026-05-01T07:15:36.635701,2_5G,0,0,16544,0,0,370,5343,1142,1129,285,327
01-05-2026-host-cold-0021,CRIU,cold,no,608,25314,7532,304,8444,0.03,x86_64,x86_64,True,True,transfer_mode=host;relay_node=edge-host-1,2026-05-01T07:16:05.711569,2_5G,0,0,15501,0,0,310,4914,1159,1138,320,402
01-05-2026-host-cold-0022,CRIU,cold,no,579,25074,7747,316,8642,0.03,x86_64,x86_64,True,True,transfer_mode=host;relay_node=edge-host-1,2026-05-01T07:16:35.336420,2_5G,0,0,15526,0,0,346,5198,1120,1145,282,319
01-05-2026-host-cold-0023,CRIU,cold,no,611,25291,7490,305,8406,0.03,x86_64,x86_64,True,True,transfer_mode=host;relay_node=edge-host-1,2026-05-01T07:17:04.190198,2_5G,0,0,15558,0,0,314,4953,1075,1154,307,365
01-05-2026-host-cold-0024,CRIU,cold,no,589,25087,7649,301,8539,0.03,x86_64,x86_64,True,True,transfer_mode=host;relay_node=edge-host-1,2026-05-01T07:17:33.839544,2_5G,0,0,15624,0,0,332,5250,1123,1012,263,300
01-05-2026-host-cold-0025,CRIU,cold,no,627,25147,7337,303,8267,0.03,x86_64,x86_64,True,True,transfer_mode=host;relay_node=edge-host-1,2026-05-01T07:18:02.538153,2_5G,0,0,15276,0,0,335,4848,1120,1094,273,306
01-05-2026-host-cold-0026,CRIU,cold,no,590,25479,7688,302,8580,0.03,x86_64,x86_64,True,True,transfer_mode=host;relay_node=edge-host-1,2026-05-01T07:18:32.074750,2_5G,0,0,15707,0,0,440,4854,1111,1119,602,308
01-05-2026-host-cold-0027,CRIU,cold,no,577,25159,7395,315,8287,0.03,x86_64,x86_64,True,True,transfer_mode=host;relay_node=edge-host-1,2026-05-01T07:19:00.650227,2_5G,0,0,15291,0,0,319,4886,1176,1083,249,290
01-05-2026-host-cold-0028,CRIU,cold,no,695,25210,7296,305,8296,0.03,x86_64,x86_64,True,True,transfer_mode=host;relay_node=edge-host-1,2026-05-01T07:19:29.878185,2_5G,0,0,15541,0,0,327,4839,1120,1055,280,312
01-05-2026-host-cold-0029,CRIU,cold,no,606,25189,7902,321,8829,0.03,x86_64,x86_64,True,True,transfer_mode=host;relay_node=edge-host-1,2026-05-01T07:19:59.040775,2_5G,0,0,15750,0,0,313,5371,1166,1083,280,343
01-05-2026-direct-cold-0020,CRIU,cold,no,909,25034,3387,383,4679,0.06,x86_64,x86_64,True,True,transfer_mode=direct,2026-05-01T07:20:26.665594,2_5G,0,0,14249,0,0,295,2281,1106,0,0,357
01-05-2026-direct-cold-0021,CRIU,cold,no,581,25472,3334,299,4214,0.06,x86_64,x86_64,True,True,transfer_mode=direct,2026-05-01T07:20:53.208827,2_5G,0,0,13189,0,0,322,2312,1021,0,0,313
01-05-2026-direct-cold-0022,CRIU,cold,no,588,25278,3463,317,4368,0.06,x86_64,x86_64,True,True,transfer_mode=direct,2026-05-01T07:21:20.595383,2_5G,0,0,13892,0,0,322,2278,1184,0,0,299
01-05-2026-direct-cold-0023,CRIU,cold,no,601,25403,3438,325,4364,0.06,x86_64,x86_64,True,True,transfer_mode=direct,2026-05-01T07:21:48.139977,2_5G,0,0,13527,0,0,332,2338,1100,0,0,315
01-05-2026-direct-cold-0024,CRIU,cold,no,633,25275,3390,281,4304,0.06,x86_64,x86_64,True,True,transfer_mode=direct,2026-05-01T07:22:14.589352,2_5G,0,0,13325,0,0,324,2254,1135,0,0,335
01-05-2026-direct-cold-0025,CRIU,cold,no,581,25090,3461,330,4372,0.06,x86_64,x86_64,True,True,transfer_mode=direct,2026-05-01T07:22:42.271631,2_5G,0,0,13492,0,0,335,2348,1112,0,0,298
01-05-2026-direct-cold-0026,CRIU,cold,no,577,25103,3316,301,4194,0.06,x86_64,x86_64,True,True,transfer_mode=direct,2026-05-01T07:23:08.930663,2_5G,0,0,13271,0,0,313,2330,985,0,0,409
01-05-2026-direct-cold-0027,CRIU,cold,no,582,25492,3424,293,4299,0.06,x86_64,x86_64,True,True,transfer_mode=direct,2026-05-01T07:23:36.468802,2_5G,0,0,13730,0,0,618,2300,1124,0,0,329
01-05-2026-direct-cold-0028,CRIU,cold,no,615,25160,3424,355,4394,0.06,x86_64,x86_64,True,True,transfer_mode=direct,2026-05-01T07:24:03.279607,2_5G,0,0,13366,0,0,332,2322,1101,0,0,304
01-05-2026-direct-cold-0029,CRIU,cold,no,574,25160,3748,302,4624,0.05,x86_64,x86_64,True,True,transfer_mode=direct,2026-05-01T07:24:30.472261,2_5G,0,0,13728,0,0,336,2601,1146,0,0,301
01-05-2026-host-precopy-0020,CRIU,precopy,no,559,31522,7576,304,8439,0.03,x86_64,x86_64,True,True,transfer_mode=host;iterations=3;relay_node=edge-host-1,2026-05-01T07:25:03.181900,2_5G,3936,559,19213,0,0,283,5070,1102,1108,294,338
01-05-2026-host-precopy-0021,CRIU,precopy,no,574,31759,7776,312,8662,0.03,x86_64,x86_64,True,True,transfer_mode=host;iterations=3;relay_node=edge-host-1,2026-05-01T07:25:36.084823,2_5G,4013,574,19444,0,0,373,5255,1124,1105,291,335
01-05-2026-host-precopy-0022,CRIU,precopy,no,585,31933,7597,299,8481,0.03,x86_64,x86_64,True,True,transfer_mode=host;iterations=3;relay_node=edge-host-1,2026-05-01T07:26:08.838438,2_5G,3983,585,19230,0,0,330,5184,1094,960,359,309
01-05-2026-host-precopy-0023,CRIU,precopy,no,562,31968,7772,292,8626,0.03,x86_64,x86_64,True,True,transfer_mode=host;iterations=3;relay_node=edge-host-1,2026-05-01T07:26:41.559913,2_5G,3900,562,19432,0,0,284,5242,1134,1118,277,309
01-05-2026-host-precopy-0024,CRIU,precopy,no,703,31646,7748,324,8775,0.03,x86_64,x86_64,True,True,transfer_mode=host;iterations=3;relay_node=edge-host-1,2026-05-01T07:27:14.881326,2_5G,3941,703,19626,0,0,302,5302,1026,1131,288,376
01-05-2026-host-precopy-0025,CRIU,precopy,no,734,31834,7827,315,8876,0.03,x86_64,x86_64,True,True,transfer_mode=host;iterations=3;relay_node=edge-host-1,2026-05-01T07:27:47.802300,2_5G,3891,734,19536,0,0,280,5255,1139,1134,297,334
01-05-2026-host-precopy-0026,CRIU,precopy,no,555,32505,7896,330,8781,0.03,x86_64,x86_64,True,True,transfer_mode=host;iterations=3;relay_node=edge-host-1,2026-05-01T07:28:20.879529,2_5G,3912,555,19444,0,0,299,5316,1147,1164,268,311
01-05-2026-host-precopy-0027,CRIU,precopy,no,559,32406,7893,305,8757,0.03,x86_64,x86_64,True,True,transfer_mode=host;iterations=3;relay_node=edge-host-1,2026-05-01T07:28:53.725250,2_5G,3951,559,19454,0,0,256,5428,1099,1083,281,316
01-05-2026-host-precopy-0028,CRIU,precopy,no,577,32978,7912,303,8792,0.03,x86_64,x86_64,True,True,transfer_mode=host;iterations=3;relay_node=edge-host-1,2026-05-01T07:29:26.739457,2_5G,3935,577,19739,0,0,339,5417,1103,1130,261,326
01-05-2026-host-precopy-0029,CRIU,precopy,no,572,31107,7824,402,8798,0.03,x86_64,x86_64,True,True,transfer_mode=host;iterations=3;relay_node=edge-host-1,2026-05-01T07:29:59.746225,2_5G,3981,572,19532,0,0,277,5283,1109,1165,265,320
01-05-2026-direct-precopy-0020,CRIU,precopy,no,576,31591,3512,307,4395,0.07,x86_64,x86_64,True,True,transfer_mode=direct;iterations=3,2026-05-01T07:30:30.407342,2_5G,3918,576,17026,0,0,286,2348,1163,0,0,324
01-05-2026-direct-precopy-0021,CRIU,precopy,no,547,31230,3297,348,4192,0.08,x86_64,x86_64,True,True,transfer_mode=direct;iterations=3,2026-05-01T07:31:01.406889,2_5G,3913,547,17296,0,0,278,2295,1002,0,0,436
01-05-2026-direct-precopy-0022,CRIU,precopy,no,566,32425,3559,309,4434,0.07,x86_64,x86_64,True,True,transfer_mode=direct;iterations=3,2026-05-01T07:31:32.174755,2_5G,4022,566,17192,0,0,302,2454,1104,0,0,347
01-05-2026-direct-precopy-0023,CRIU,precopy,no,558,31659,3424,315,4297,0.07,x86_64,x86_64,True,True,transfer_mode=direct;iterations=3,2026-05-01T07:32:03.164445,2_5G,3944,558,17334,0,0,276,2353,1071,0,0,323
01-05-2026-direct-precopy-0024,CRIU,precopy,no,566,32986,3413,308,4287,0.08,x86_64,x86_64,True,True,transfer_mode=direct;iterations=3,2026-05-01T07:32:33.875715,2_5G,4073,566,17139,0,0,296,2372,1040,0,0,328
01-05-2026-direct-precopy-0025,CRIU,precopy,no,541,31714,3375,365,4281,0.08,x86_64,x86_64,True,True,transfer_mode=direct;iterations=3,2026-05-01T07:33:04.633288,2_5G,3987,541,17242,0,0,277,2326,1048,0,0,310
01-05-2026-direct-precopy-0026,CRIU,precopy,no,588,31871,3652,306,4546,0.07,x86_64,x86_64,True,True,transfer_mode=direct;iterations=3,2026-05-01T07:33:35.451249,2_5G,4033,588,17385,0,0,289,2495,1156,0,0,342
01-05-2026-direct-precopy-0027,CRIU,precopy,no,561,33072,3436,379,4376,0.08,x86_64,x86_64,True,True,transfer_mode=direct;iterations=3,2026-05-01T07:34:06.579644,2_5G,3981,561,17383,0,0,275,2338,1098,0,0,338
01-05-2026-direct-precopy-0028,CRIU,precopy,no,541,33072,3410,341,4292,0.08,x86_64,x86_64,True,True,transfer_mode=direct;iterations=3,2026-05-01T07:34:37.552803,2_5G,3964,541,17067,0,0,297,2289,1120,0,0,325
01-05-2026-direct-precopy-0029,CRIU,precopy,no,587,31746,3497,298,4382,0.07,x86_64,x86_64,True,True,transfer_mode=direct;iterations=3,2026-05-01T07:35:07.937182,2_5G,3916,587,17378,0,0,274,2341,1155,0,0,379
01-05-2026-host-postcopy-0020,CRIU,postcopy,no,972,22536,7787,379,9138,0.02,x86_64,x86_64,True,True,transfer_mode=host;lazy_pages_port=9999;relay_node=edge-host-1,2026-05-01T07:35:40.812189,2_5G,0,972,19330,4932,2992,319,5208,1186,1099,292,305
01-05-2026-host-postcopy-0021,CRIU,postcopy,no,1112,22650,7882,392,9386,0.02,x86_64,x86_64,True,True,transfer_mode=host;lazy_pages_port=9999;relay_node=edge-host-1,2026-05-01T07:36:14.992614,2_5G,0,1112,21029,6167,2943,311,5373,1109,1096,302,310
01-05-2026-host-postcopy-0022,CRIU,postcopy,no,987,22447,8036,351,9374,0.02,x86_64,x86_64,True,True,transfer_mode=host;lazy_pages_port=9999;relay_node=edge-host-1,2026-05-01T07:36:48.897168,2_5G,0,987,20741,6144,2992,317,5540,1078,1134,282,294
01-05-2026-host-postcopy-0023,CRIU,postcopy,no,1138,22409,7562,348,9048,0.02,x86_64,x86_64,True,True,transfer_mode=host;lazy_pages_port=9999;relay_node=edge-host-1,2026-05-01T07:37:23.884750,2_5G,0,1138,20913,5960,2943,381,4930,1154,1125,350,310
01-05-2026-host-postcopy-0024,CRIU,postcopy,no,1054,22548,7852,351,9257,0.02,x86_64,x86_64,True,True,transfer_mode=host;lazy_pages_port=9999;relay_node=edge-host-1,2026-05-01T07:37:57.619807,2_5G,0,1054,20473,6059,3040,320,5277,1105,1145,324,318
01-05-2026-host-postcopy-0025,CRIU,postcopy,no,1029,22453,7350,362,8741,0.02,x86_64,x86_64,True,True,transfer_mode=host;lazy_pages_port=9999;relay_node=edge-host-1,2026-05-01T07:38:31.579031,2_5G,0,1029,20323,6024,3098,330,4851,1083,1139,276,383
01-05-2026-host-postcopy-0026,CRIU,postcopy,no,976,22594,7807,397,9180,0.02,x86_64,x86_64,True,True,transfer_mode=host;lazy_pages_port=9999;relay_node=edge-host-1,2026-05-01T07:39:05.519963,2_5G,0,976,20682,6364,2992,333,5265,1112,1108,320,312
01-05-2026-host-postcopy-0027,CRIU,postcopy,no,1044,22775,7625,369,9038,0.02,x86_64,x86_64,True,True,transfer_mode=host;lazy_pages_port=9999;relay_node=edge-host-1,2026-05-01T07:39:39.672771,2_5G,0,1044,20492,6035,3252,310,5005,1130,1117,372,318
01-05-2026-host-postcopy-0028,CRIU,postcopy,no,1014,22641,8143,407,9564,0.02,x86_64,x86_64,True,True,transfer_mode=host;lazy_pages_port=9999;relay_node=edge-host-1,2026-05-01T07:40:12.583190,2_5G,0,1014,19788,4830,2886,281,5298,1134,1448,261,323
01-05-2026-host-postcopy-0029,CRIU,postcopy,no,1041,22598,7425,346,8812,0.02,x86_64,x86_64,True,True,transfer_mode=host;lazy_pages_port=9999;relay_node=edge-host-1,2026-05-01T07:40:46.455739,2_5G,0,1041,20512,6028,3049,317,4879,1135,1116,293,341
01-05-2026-direct-postcopy-0020,CRIU,postcopy,no,1007,22604,3556,367,4930,0.05,x86_64,x86_64,True,True,transfer_mode=direct;lazy_pages_port=9999,2026-05-01T07:41:18.559096,2_5G,0,1007,18744,6077,2943,338,2416,1140,0,0,367
01-05-2026-direct-postcopy-0021,CRIU,postcopy,no,978,22543,3366,348,4692,0.05,x86_64,x86_64,True,True,transfer_mode=direct;lazy_pages_port=9999,2026-05-01T07:41:49.083736,2_5G,0,978,17074,4825,2943,293,2232,1133,0,0,336
01-05-2026-direct-postcopy-0022,CRIU,postcopy,no,1005,22517,3260,345,4610,0.06,x86_64,x86_64,True,True,transfer_mode=direct;lazy_pages_port=9999,2026-05-01T07:42:20.596470,2_5G,0,1005,18174,5950,2943,318,2276,984,0,0,326
01-05-2026-direct-postcopy-0023,CRIU,postcopy,no,988,22551,3491,372,4851,0.05,x86_64,x86_64,True,True,transfer_mode=direct;lazy_pages_port=9999,2026-05-01T07:42:52.467324,2_5G,0,988,18676,6091,2992,334,2361,1130,0,0,319
01-05-2026-direct-postcopy-0024,CRIU,postcopy,no,957,22522,3569,332,4858,0.05,x86_64,x86_64,True,True,transfer_mode=direct;lazy_pages_port=9999,2026-05-01T07:43:24.222782,2_5G,0,957,18436,6003,2992,322,2390,1178,0,0,307
01-05-2026-direct-postcopy-0025,CRIU,postcopy,no,992,22617,3494,349,4835,0.05,x86_64,x86_64,True,True,transfer_mode=direct;lazy_pages_port=9999,2026-05-01T07:43:55.027362,2_5G,0,992,17478,4913,3098,326,2374,1120,0,0,308
01-05-2026-direct-postcopy-0026,CRIU,postcopy,no,1032,22611,3481,349,4862,0.05,x86_64,x86_64,True,True,transfer_mode=direct;lazy_pages_port=9999,2026-05-01T07:44:26.906424,2_5G,0,1032,18342,6037,2837,343,2349,1131,0,0,335
01-05-2026-direct-postcopy-0027,CRIU,postcopy,no,1026,22653,3245,356,4627,0.06,x86_64,x86_64,True,True,transfer_mode=direct;lazy_pages_port=9999,2026-05-01T07:44:58.627887,2_5G,0,1026,18397,6101,2867,319,2296,949,0,0,317
01-05-2026-direct-postcopy-0028,CRIU,postcopy,no,1008,22466,3597,337,4942,0.05,x86_64,x86_64,True,True,transfer_mode=direct;lazy_pages_port=9999,2026-05-01T07:45:30.827497,2_5G,0,1008,18458,5991,3025,349,2461,1135,0,0,321
01-05-2026-direct-postcopy-0029,CRIU,postcopy,no,1031,22604,3505,346,4882,0.05,x86_64,x86_64,True,True,transfer_mode=direct;lazy_pages_port=9999,2026-05-01T07:46:02.755703,2_5G,0,1031,18585,6155,3025,319,2382,1123,0,0,314
01-05-2026-host-cold-0030,CRIU,cold,no,645,25893,8124,443,9212,0.03,x86_64,x86_64,True,True,transfer_mode=host;relay_node=edge-host-1,2026-05-01T07:48:04.582622,2_5G,0,0,16737,0,0,288,5487,1127,1250,259,309
01-05-2026-host-cold-0031,CRIU,cold,no,592,25278,7495,368,8455,0.03,x86_64,x86_64,True,True,transfer_mode=host;relay_node=edge-host-1,2026-05-01T07:48:33.607988,2_5G,0,0,15612,0,0,312,4993,1121,1126,254,305
01-05-2026-host-cold-0032,CRIU,cold,no,605,25188,7723,312,8640,0.03,x86_64,x86_64,True,True,transfer_mode=host;relay_node=edge-host-1,2026-05-01T07:49:03.590144,2_5G,0,0,15833,0,0,332,5234,1129,978,380,306
01-05-2026-host-cold-0033,CRIU,cold,no,638,25281,7474,301,8413,0.03,x86_64,x86_64,True,True,transfer_mode=host;relay_node=edge-host-1,2026-05-01T07:49:32.492319,2_5G,0,0,15463,0,0,311,4909,1178,1101,285,425
01-05-2026-host-cold-0034,CRIU,cold,no,625,25351,7752,327,8704,0.03,x86_64,x86_64,True,True,transfer_mode=host;relay_node=edge-host-1,2026-05-01T07:50:02.135179,2_5G,0,0,15735,0,0,322,5199,1132,1136,283,338
01-05-2026-host-cold-0035,CRIU,cold,no,561,25046,7442,286,8289,0.03,x86_64,x86_64,True,True,transfer_mode=host;relay_node=edge-host-1,2026-05-01T07:50:30.994934,2_5G,0,0,15450,0,0,344,4892,1106,1136,307,346
01-05-2026-host-cold-0036,CRIU,cold,no,582,25307,7592,305,8479,0.03,x86_64,x86_64,True,True,transfer_mode=host;relay_node=edge-host-1,2026-05-01T07:51:00.310401,2_5G,0,0,15554,0,0,332,4774,1453,1080,284,342
01-05-2026-host-cold-0037,CRIU,cold,no,586,25143,7484,331,8401,0.03,x86_64,x86_64,True,True,transfer_mode=host;relay_node=edge-host-1,2026-05-01T07:51:29.183066,2_5G,0,0,15412,0,0,312,4854,1150,1126,353,306
01-05-2026-host-cold-0038,CRIU,cold,no,594,25483,7895,306,8795,0.03,x86_64,x86_64,True,True,transfer_mode=host;relay_node=edge-host-1,2026-05-01T07:51:59.233011,2_5G,0,0,16029,0,0,358,5156,1115,1040,583,356
01-05-2026-host-cold-0039,CRIU,cold,no,596,25303,7392,315,8303,0.03,x86_64,x86_64,True,True,transfer_mode=host;relay_node=edge-host-1,2026-05-01T07:52:28.086670,2_5G,0,0,15437,0,0,343,4888,1069,1124,309,297
01-05-2026-direct-cold-0030,CRIU,cold,no,574,25087,3420,309,4303,0.06,x86_64,x86_64,True,True,transfer_mode=direct,2026-05-01T07:52:55.462907,2_5G,0,0,13661,0,0,310,2325,1094,0,0,330
01-05-2026-direct-cold-0031,CRIU,cold,no,616,25356,3428,306,4350,0.06,x86_64,x86_64,True,True,transfer_mode=direct,2026-05-01T07:53:22.045980,2_5G,0,0,13426,0,0,310,2297,1130,0,0,398
01-05-2026-direct-cold-0032,CRIU,cold,no,624,25281,3979,280,4883,0.05,x86_64,x86_64,True,True,transfer_mode=direct,2026-05-01T07:53:49.469362,2_5G,0,0,13928,0,0,314,2549,1430,0,0,313
01-05-2026-direct-cold-0033,CRIU,cold,no,602,25357,3411,310,4323,0.06,x86_64,x86_64,True,True,transfer_mode=direct,2026-05-01T07:54:16.177930,2_5G,0,0,13327,0,0,335,2305,1106,0,0,319
01-05-2026-direct-cold-0034,CRIU,cold,no,566,25222,3294,371,4231,0.06,x86_64,x86_64,True,True,transfer_mode=direct,2026-05-01T07:54:42.819482,2_5G,0,0,13242,0,0,308,2213,1081,0,0,355
01-05-2026-direct-cold-0035,CRIU,cold,no,606,25134,3387,369,4362,0.06,x86_64,x86_64,True,True,transfer_mode=direct,2026-05-01T07:55:10.177952,2_5G,0,0,13376,0,0,310,2254,1132,0,0,359
01-05-2026-direct-cold-0036,CRIU,cold,no,598,25176,3407,300,4305,0.06,x86_64,x86_64,True,True,transfer_mode=direct,2026-05-01T07:55:36.841811,2_5G,0,0,13359,0,0,340,2326,1081,0,0,347
01-05-2026-direct-cold-0037,CRIU,cold,no,593,25269,3431,305,4329,0.06,x86_64,x86_64,True,True,transfer_mode=direct,2026-05-01T07:56:04.323405,2_5G,0,0,13328,0,0,325,2305,1126,0,0,287
01-05-2026-direct-cold-0038,CRIU,cold,no,618,25248,3361,305,4284,0.06,x86_64,x86_64,True,True,transfer_mode=direct,2026-05-01T07:56:31.156803,2_5G,0,0,13481,0,0,304,2272,1089,0,0,335
01-05-2026-direct-cold-0039,CRIU,cold,no,565,25277,3571,310,4446,0.06,x86_64,x86_64,True,True,transfer_mode=direct,2026-05-01T07:56:58.255361,2_5G,0,0,13720,0,0,320,2466,1104,0,0,309
01-05-2026-host-precopy-0030,CRIU,precopy,no,590,32365,8009,312,8911,0.03,x86_64,x86_64,True,True,transfer_mode=host;iterations=3;relay_node=edge-host-1,2026-05-01T07:57:30.857673,2_5G,3930,590,19410,0,0,275,5415,1107,1209,277,321
01-05-2026-host-precopy-0031,CRIU,precopy,no,556,31819,7762,302,8620,0.03,x86_64,x86_64,True,True,transfer_mode=host;iterations=3;relay_node=edge-host-1,2026-05-01T07:58:03.800820,2_5G,4367,556,19784,0,0,308,5344,1084,996,336,311
01-05-2026-host-precopy-0032,CRIU,precopy,no,559,31782,7726,312,8597,0.03,x86_64,x86_64,True,True,transfer_mode=host;iterations=3;relay_node=edge-host-1,2026-05-01T07:58:36.604589,2_5G,3947,559,19400,0,0,325,5251,1119,1079,275,362
01-05-2026-host-precopy-0033,CRIU,precopy,no,627,31960,8153,373,9153,0.03,x86_64,x86_64,True,True,transfer_mode=host;iterations=3;relay_node=edge-host-1,2026-05-01T07:59:09.750008,2_5G,3936,627,19676,0,0,282,5503,1116,1129,403,299
01-05-2026-host-precopy-0034,CRIU,precopy,no,619,31939,7625,308,8552,0.03,x86_64,x86_64,True,True,transfer_mode=host;iterations=3;relay_node=edge-host-1,2026-05-01T07:59:42.390389,2_5G,3922,619,19234,0,0,293,5117,1127,1119,260,338
01-05-2026-host-precopy-0035,CRIU,precopy,no,556,31814,7728,288,8572,0.03,x86_64,x86_64,True,True,transfer_mode=host;iterations=3;relay_node=edge-host-1,2026-05-01T08:00:15.385173,2_5G,3976,556,19246,0,0,280,5165,1107,1105,349,310
01-05-2026-host-precopy-0036,CRIU,precopy,no,593,33094,7714,335,8642,0.03,x86_64,x86_64,True,True,transfer_mode=host;iterations=3;relay_node=edge-host-1,2026-05-01T08:00:47.944915,2_5G,3920,593,19277,0,0,295,5256,1118,1066,272,294
01-05-2026-host-precopy-0037,CRIU,precopy,no,553,32414,7948,285,8786,0.03,x86_64,x86_64,True,True,transfer_mode=host;iterations=3;relay_node=edge-host-1,2026-05-01T08:01:21.424758,2_5G,3973,553,19595,0,0,276,5454,1117,1119,257,308
01-05-2026-host-precopy-0038,CRIU,precopy,no,545,31810,7733,358,8636,0.03,x86_64,x86_64,True,True,transfer_mode=host;iterations=3;relay_node=edge-host-1,2026-05-01T08:01:54.203469,2_5G,3912,545,19345,0,0,353,5162,1138,1147,284,330
01-05-2026-host-precopy-0039,CRIU,precopy,no,615,31861,7743,348,8706,0.03,x86_64,x86_64,True,True,transfer_mode=host;iterations=3;relay_node=edge-host-1,2026-05-01T08:02:27.415276,2_5G,3930,615,19341,0,0,277,5226,1122,1093,300,316
01-05-2026-direct-precopy-0030,CRIU,precopy,no,552,32935,3279,307,4138,0.08,x86_64,x86_64,True,True,transfer_mode=direct;iterations=3,2026-05-01T08:02:57.684727,2_5G,4010,552,17016,0,0,306,2155,1123,0,0,323
01-05-2026-direct-precopy-0031,CRIU,precopy,no,596,31803,3434,301,4331,0.07,x86_64,x86_64,True,True,transfer_mode=direct;iterations=3,2026-05-01T08:03:28.990079,2_5G,3922,596,17479,0,0,298,2290,1144,0,0,366
01-05-2026-direct-precopy-0032,CRIU,precopy,no,554,31897,3391,327,4272,0.08,x86_64,x86_64,True,True,transfer_mode=direct;iterations=3,2026-05-01T08:03:59.745830,2_5G,3948,554,17140,0,0,298,2279,1111,0,0,331
01-05-2026-direct-precopy-0033,CRIU,precopy,no,576,33086,3486,296,4358,0.08,x86_64,x86_64,True,True,transfer_mode=direct;iterations=3,2026-05-01T08:04:31.125600,2_5G,3941,576,17425,0,0,294,2321,1164,0,0,324
01-05-2026-direct-precopy-0034,CRIU,precopy,no,581,33023,3541,320,4442,0.07,x86_64,x86_64,True,True,transfer_mode=direct;iterations=3,2026-05-01T08:05:02.132412,2_5G,4025,581,17229,0,0,304,2429,1111,0,0,311
01-05-2026-direct-precopy-0035,CRIU,precopy,no,660,31760,3523,293,4476,0.07,x86_64,x86_64,True,True,transfer_mode=direct;iterations=3,2026-05-01T08:05:43.503838,2_5G,4092,660,17839,0,0,289,2402,1121,0,0,388
01-05-2026-direct-precopy-0036,CRIU,precopy,no,902,32300,3455,348,4705,0.07,x86_64,x86_64,True,True,transfer_mode=direct;iterations=3,2026-05-01T08:06:14.832057,2_5G,3936,902,17639,0,0,289,2347,1107,0,0,311
01-05-2026-direct-precopy-0037,CRIU,precopy,no,554,31871,3386,316,4256,0.08,x86_64,x86_64,True,True,transfer_mode=direct;iterations=3,2026-05-01T08:06:45.456345,2_5G,3923,554,16945,0,0,289,2270,1116,0,0,381
01-05-2026-direct-precopy-0038,CRIU,precopy,no,883,32001,3551,323,4757,0.07,x86_64,x86_64,True,True,transfer_mode=direct;iterations=3,2026-05-01T08:07:16.332147,2_5G,3910,883,17505,0,0,331,2426,1124,0,0,286
01-05-2026-direct-precopy-0039,CRIU,precopy,no,540,32383,3444,306,4290,0.08,x86_64,x86_64,True,True,transfer_mode=direct;iterations=3,2026-05-01T08:07:47.184695,2_5G,3942,540,17059,0,0,280,2343,1100,0,0,326
01-05-2026-host-postcopy-0030,CRIU,postcopy,no,972,22466,8147,352,9471,0.02,x86_64,x86_64,True,True,transfer_mode=host;lazy_pages_port=9999;relay_node=edge-host-1,2026-05-01T08:08:21.141601,2_5G,0,972,20750,6054,2943,333,5556,1127,1177,286,338
01-05-2026-host-postcopy-0031,CRIU,postcopy,no,1020,22443,7625,403,9048,0.02,x86_64,x86_64,True,True,transfer_mode=host;lazy_pages_port=9999;relay_node=edge-host-1,2026-05-01T08:08:55.076895,2_5G,0,1020,20362,6208,2886,340,5127,1119,1099,278,350
01-05-2026-host-postcopy-0032,CRIU,postcopy,no,1060,22384,7707,390,9157,0.02,x86_64,x86_64,True,True,transfer_mode=host;lazy_pages_port=9999;relay_node=edge-host-1,2026-05-01T08:09:29.300928,2_5G,0,1060,20548,6191,2886,315,5249,1053,1069,335,314
01-05-2026-host-postcopy-0033,CRIU,postcopy,no,968,22523,7644,371,8983,0.02,x86_64,x86_64,True,True,transfer_mode=host;lazy_pages_port=9999;relay_node=edge-host-1,2026-05-01T08:10:03.162462,2_5G,0,968,20257,6105,3098,327,5094,1147,1132,269,358
01-05-2026-host-postcopy-0034,CRIU,postcopy,no,1095,22519,7843,345,9283,0.02,x86_64,x86_64,True,True,transfer_mode=host;lazy_pages_port=9999;relay_node=edge-host-1,2026-05-01T08:10:37.724680,2_5G,0,1095,20805,6285,2943,327,5299,1091,1145,306,306
01-05-2026-host-postcopy-0035,CRIU,postcopy,no,1141,22429,7538,372,9051,0.02,x86_64,x86_64,True,True,transfer_mode=host;lazy_pages_port=9999;relay_node=edge-host-1,2026-05-01T08:11:11.486249,2_5G,0,1141,20485,6008,2837,428,4939,1141,1162,296,310
01-05-2026-host-postcopy-0036,CRIU,postcopy,no,1034,22448,7731,356,9121,0.02,x86_64,x86_64,True,True,transfer_mode=host;lazy_pages_port=9999;relay_node=edge-host-1,2026-05-01T08:11:45.629323,2_5G,0,1034,20718,6084,2943,288,5211,1140,1075,305,609
01-05-2026-host-postcopy-0037,CRIU,postcopy,no,1029,22562,7590,366,8985,0.02,x86_64,x86_64,True,True,transfer_mode=host;lazy_pages_port=9999;relay_node=edge-host-1,2026-05-01T08:12:19.674126,2_5G,0,1029,20662,6039,2943,335,5066,1115,1125,283,310
01-05-2026-host-postcopy-0038,CRIU,postcopy,no,1017,22451,8191,357,9565,0.02,x86_64,x86_64,True,True,transfer_mode=host;lazy_pages_port=9999;relay_node=edge-host-1,2026-05-01T08:12:53.787503,2_5G,0,1017,20782,6022,2837,285,5720,1060,1130,279,383
01-05-2026-host-postcopy-0039,CRIU,postcopy,no,1066,22376,7512,359,8937,0.02,x86_64,x86_64,True,True,transfer_mode=host;lazy_pages_port=9999;relay_node=edge-host-1,2026-05-01T08:13:27.735671,2_5G,0,1066,20739,6197,2886,342,4862,1144,1230,274,344
01-05-2026-direct-postcopy-0030,CRIU,postcopy,no,960,22415,3409,442,4811,0.05,x86_64,x86_64,True,True,transfer_mode=direct;lazy_pages_port=9999,2026-05-01T08:13:59.804336,2_5G,0,960,18422,6132,2943,351,2266,1142,0,0,300
01-05-2026-direct-postcopy-0031,CRIU,postcopy,no,1054,22574,3686,366,5106,0.05,x86_64,x86_64,True,True,transfer_mode=direct;lazy_pages_port=9999,2026-05-01T08:14:32.280005,2_5G,0,1054,19119,6153,2943,316,2315,1370,0,0,318
01-05-2026-direct-postcopy-0032,CRIU,postcopy,no,1036,22624,3549,339,4924,0.05,x86_64,x86_64,True,True,transfer_mode=direct;lazy_pages_port=9999,2026-05-01T08:15:04.173220,2_5G,0,1036,18024,6008,2992,307,2415,1133,0,0,292
01-05-2026-direct-postcopy-0033,CRIU,postcopy,no,1161,22516,3443,358,4962,0.05,x86_64,x86_64,True,True,transfer_mode=direct;lazy_pages_port=9999,2026-05-01T08:15:36.169569,2_5G,0,1161,18511,6042,3098,318,2285,1158,0,0,314
01-05-2026-direct-postcopy-0034,CRIU,postcopy,no,1109,22512,3295,372,4776,0.05,x86_64,x86_64,True,True,transfer_mode=direct;lazy_pages_port=9999,2026-05-01T08:16:08.125305,2_5G,0,1109,18220,6160,2886,360,2291,1003,0,0,310
01-05-2026-direct-postcopy-0035,CRIU,postcopy,no,988,22518,3470,357,4815,0.05,x86_64,x86_64,True,True,transfer_mode=direct;lazy_pages_port=9999,2026-05-01T08:16:38.643271,2_5G,0,988,17018,4812,2943,300,2406,1063,0,0,305
01-05-2026-direct-postcopy-0036,CRIU,postcopy,no,1133,22429,3430,384,4947,0.05,x86_64,x86_64,True,True,transfer_mode=direct;lazy_pages_port=9999,2026-05-01T08:17:10.469903,2_5G,0,1133,18204,6110,2992,296,2363,1066,0,0,313
01-05-2026-direct-postcopy-0037,CRIU,postcopy,no,1010,22604,3486,373,4869,0.05,x86_64,x86_64,True,True,transfer_mode=direct;lazy_pages_port=9999,2026-05-01T08:17:42.432433,2_5G,0,1010,18466,6079,3098,331,2441,1045,0,0,304
01-05-2026-direct-postcopy-0038,CRIU,postcopy,no,1170,22569,3420,337,4927,0.05,x86_64,x86_64,True,True,transfer_mode=direct;lazy_pages_port=9999,2026-05-01T08:18:14.170910,2_5G,0,1170,18250,6024,2975,309,2310,1109,0,0,312
01-05-2026-direct-postcopy-0039,CRIU,postcopy,no,1079,22397,3405,384,4868,0.05,x86_64,x86_64,True,True,transfer_mode=direct;lazy_pages_port=9999,2026-05-01T08:18:45.980314,2_5G,0,1079,18550,6034,3133,360,2362,1042,0,0,274
01-05-2026-host-cold-0040,CRIU,cold,no,791,26001,11353,490,12634,0.02,x86_64,x86_64,True,True,transfer_mode=host;relay_node=edge-host-1,2026-05-01T14:10:12.169042,3_LTE,0,0,20278,0,0,332,6468,2350,2277,256,313
01-05-2026-host-cold-0041,CRIU,cold,no,911,25136,12030,307,13248,0.02,x86_64,x86_64,True,True,transfer_mode=host;relay_node=edge-host-1,2026-05-01T14:10:45.761959,3_LTE,0,0,20293,0,0,463,7069,2362,2339,259,311
01-05-2026-host-cold-0042,CRIU,cold,no,604,25031,11613,291,12508,0.02,x86_64,x86_64,True,True,transfer_mode=host;relay_node=edge-host-1,2026-05-01T14:11:19.157354,3_LTE,0,0,19587,0,0,313,6742,2311,2303,256,324
01-05-2026-host-cold-0043,CRIU,cold,no,535,25366,11922,306,12763,0.02,x86_64,x86_64,True,True,transfer_mode=host;relay_node=edge-host-1,2026-05-01T14:11:52.778507,3_LTE,0,0,19762,0,0,416,6929,2346,2337,308,340
01-05-2026-host-cold-0044,CRIU,cold,no,597,25341,11729,281,12607,0.02,x86_64,x86_64,True,True,transfer_mode=host;relay_node=edge-host-1,2026-05-01T14:12:26.030139,3_LTE,0,0,19841,0,0,388,6807,2305,2238,378,348
01-05-2026-host-cold-0045,CRIU,cold,no,552,25081,11858,311,12721,0.02,x86_64,x86_64,True,True,transfer_mode=host;relay_node=edge-host-1,2026-05-01T14:12:59.589273,3_LTE,0,0,19646,0,0,291,6901,2370,2327,258,296
01-05-2026-host-cold-0046,CRIU,cold,no,648,25372,11345,373,12366,0.02,x86_64,x86_64,True,True,transfer_mode=host;relay_node=edge-host-1,2026-05-01T14:13:32.415196,3_LTE,0,0,19472,0,0,305,6465,2329,2298,251,276
01-05-2026-host-cold-0047,CRIU,cold,no,581,25239,11795,293,12669,0.02,x86_64,x86_64,True,True,transfer_mode=host;relay_node=edge-host-1,2026-05-01T14:14:06.593896,3_LTE,0,0,19952,0,0,395,6837,2329,2358,268,309
01-05-2026-host-cold-0048,CRIU,cold,no,653,25293,11405,439,12497,0.02,x86_64,x86_64,True,True,transfer_mode=host;relay_node=edge-host-1,2026-05-01T14:14:39.683429,3_LTE,0,0,19790,0,0,316,6389,2380,2339,295,332
01-05-2026-host-cold-0049,CRIU,cold,no,644,25296,11711,303,12658,0.02,x86_64,x86_64,True,True,transfer_mode=host;relay_node=edge-host-1,2026-05-01T14:15:13.163945,3_LTE,0,0,19698,0,0,356,6772,2349,2336,253,318
01-05-2026-direct-cold-0040,CRIU,cold,no,628,25265,5243,315,6186,0.04,x86_64,x86_64,True,True,transfer_mode=direct,2026-05-01T14:15:42.899682,3_LTE,0,0,16348,0,0,332,2953,2290,0,0,297
01-05-2026-direct-cold-0041,CRIU,cold,no,598,25149,5276,314,6188,0.04,x86_64,x86_64,True,True,transfer_mode=direct,2026-05-01T14:16:12.497987,3_LTE,0,0,15984,0,0,399,2923,2352,0,0,333
01-05-2026-direct-cold-0042,CRIU,cold,no,732,25182,5392,328,6452,0.04,x86_64,x86_64,True,True,transfer_mode=direct,2026-05-01T14:16:42.507501,3_LTE,0,0,16128,0,0,380,3004,2388,0,0,345
01-05-2026-direct-cold-0043,CRIU,cold,no,612,25139,5342,301,6255,0.04,x86_64,x86_64,True,True,transfer_mode=direct,2026-05-01T14:17:12.252111,3_LTE,0,0,16097,0,0,388,2982,2360,0,0,326
01-05-2026-direct-cold-0044,CRIU,cold,no,599,25042,5200,294,6093,0.04,x86_64,x86_64,True,True,transfer_mode=direct,2026-05-01T14:17:41.375054,3_LTE,0,0,15912,0,0,303,2964,2236,0,0,430
01-05-2026-direct-cold-0045,CRIU,cold,no,576,25301,5765,307,6648,0.04,x86_64,x86_64,True,True,transfer_mode=direct,2026-05-01T14:18:21.261544,3_LTE,0,0,16445,0,0,329,3081,2683,0,0,343
01-05-2026-direct-cold-0046,CRIU,cold,no,568,25285,5420,656,6644,0.04,x86_64,x86_64,True,True,transfer_mode=direct,2026-05-01T14:18:51.147227,3_LTE,0,0,16422,0,0,327,2928,2491,0,0,345
01-05-2026-direct-cold-0047,CRIU,cold,no,598,25498,5342,311,6251,0.04,x86_64,x86_64,True,True,transfer_mode=direct,2026-05-01T14:19:20.736696,3_LTE,0,0,16092,0,0,355,3045,2296,0,0,295
01-05-2026-direct-cold-0048,CRIU,cold,no,593,25452,5370,322,6285,0.04,x86_64,x86_64,True,True,transfer_mode=direct,2026-05-01T14:19:50.331839,3_LTE,0,0,16471,0,0,315,3053,2317,0,0,304
01-05-2026-direct-cold-0049,CRIU,cold,no,608,25162,5340,310,6258,0.04,x86_64,x86_64,True,True,transfer_mode=direct,2026-05-01T14:20:20.040415,3_LTE,0,0,16087,0,0,321,3061,2278,0,0,294
01-05-2026-host-precopy-0040,CRIU,precopy,no,630,33184,11969,324,12923,0.02,x86_64,x86_64,True,True,transfer_mode=host;iterations=3;relay_node=edge-host-1,2026-05-01T14:20:57.393249,3_LTE,4024,630,23609,0,0,309,6700,2395,2616,257,301
01-05-2026-host-precopy-0041,CRIU,precopy,no,582,31761,11588,317,12487,0.02,x86_64,x86_64,True,True,transfer_mode=host;iterations=3;relay_node=edge-host-1,2026-05-01T14:21:34.336550,3_LTE,4010,582,23336,0,0,318,6583,2338,2376,289,325
01-05-2026-host-precopy-0042,CRIU,precopy,no,599,31596,12290,316,13205,0.02,x86_64,x86_64,True,True,transfer_mode=host;iterations=3;relay_node=edge-host-1,2026-05-01T14:22:11.469423,3_LTE,3899,599,23860,0,0,271,7065,2668,2259,296,303
01-05-2026-host-precopy-0043,CRIU,precopy,no,678,31823,11489,314,12481,0.02,x86_64,x86_64,True,True,transfer_mode=host;iterations=3;relay_node=edge-host-1,2026-05-01T14:22:47.842644,3_LTE,3970,678,23162,0,0,283,6556,2357,2317,258,300
01-05-2026-host-precopy-0044,CRIU,precopy,no,630,31877,11811,317,12758,0.02,x86_64,x86_64,True,True,transfer_mode=host;iterations=3;relay_node=edge-host-1,2026-05-01T14:23:25.283173,3_LTE,3916,630,23712,0,0,305,6855,2367,2324,263,309
01-05-2026-host-precopy-0045,CRIU,precopy,no,550,33044,11344,284,12178,0.02,x86_64,x86_64,True,True,transfer_mode=host;iterations=3;relay_node=edge-host-1,2026-05-01T14:24:01.857474,3_LTE,3929,550,23297,0,0,309,6453,2284,2335,270,641
01-05-2026-host-precopy-0046,CRIU,precopy,no,561,32002,11899,361,12821,0.02,x86_64,x86_64,True,True,transfer_mode=host;iterations=3;relay_node=edge-host-1,2026-05-01T14:24:39.228782,3_LTE,4121,561,23680,0,0,292,6935,2338,2345,279,364
01-05-2026-host-precopy-0047,CRIU,precopy,no,693,33068,12151,303,13147,0.02,x86_64,x86_64,True,True,transfer_mode=host;iterations=3;relay_node=edge-host-1,2026-05-01T14:25:16.634283,3_LTE,4084,693,23948,0,0,273,6789,2717,2371,273,359
01-05-2026-host-precopy-0048,CRIU,precopy,no,617,31957,12214,351,13182,0.02,x86_64,x86_64,True,True,transfer_mode=host;iterations=3;relay_node=edge-host-1,2026-05-01T14:25:53.725709,3_LTE,3912,617,23689,0,0,284,6997,2333,2629,254,275
01-05-2026-host-precopy-0049,CRIU,precopy,no,592,32429,11578,305,12475,0.02,x86_64,x86_64,True,True,transfer_mode=host;iterations=3;relay_node=edge-host-1,2026-05-01T14:26:30.732117,3_LTE,3917,592,23024,0,0,280,6585,2342,2392,258,310
01-05-2026-direct-precopy-0040,CRIU,precopy,no,546,33096,5315,309,6170,0.05,x86_64,x86_64,True,True,transfer_mode=direct;iterations=3,2026-05-01T14:27:03.952502,3_LTE,3924,546,19809,0,0,291,3041,2273,0,0,291
01-05-2026-direct-precopy-0041,CRIU,precopy,no,547,33134,5263,308,6118,0.05,x86_64,x86_64,True,True,transfer_mode=direct;iterations=3,2026-05-01T14:27:37.161158,3_LTE,3913,547,19585,0,0,413,2947,2316,0,0,296
01-05-2026-direct-precopy-0042,CRIU,precopy,no,576,32057,5602,301,6479,0.05,x86_64,x86_64,True,True,transfer_mode=direct;iterations=3,2026-05-01T14:28:10.469393,3_LTE,3959,576,20016,0,0,300,2996,2606,0,0,350
01-05-2026-direct-precopy-0043,CRIU,precopy,no,646,31887,5655,299,6600,0.05,x86_64,x86_64,True,True,transfer_mode=direct;iterations=3,2026-05-01T14:28:44.139284,3_LTE,3960,646,19944,0,0,290,3294,2360,0,0,297
01-05-2026-direct-precopy-0044,CRIU,precopy,no,560,31528,5258,335,6153,0.05,x86_64,x86_64,True,True,transfer_mode=direct;iterations=3,2026-05-01T14:29:17.618554,3_LTE,3913,560,19985,0,0,279,2969,2288,0,0,398
01-05-2026-direct-precopy-0045,CRIU,precopy,no,589,33196,5431,308,6328,0.05,x86_64,x86_64,True,True,transfer_mode=direct;iterations=3,2026-05-01T14:29:50.972420,3_LTE,4060,589,19748,0,0,288,3090,2340,0,0,300
01-05-2026-direct-precopy-0046,CRIU,precopy,no,593,32463,5513,306,6412,0.05,x86_64,x86_64,True,True,transfer_mode=direct;iterations=3,2026-05-01T14:30:24.309057,3_LTE,3990,593,20071,0,0,300,3128,2384,0,0,276
01-05-2026-direct-precopy-0047,CRIU,precopy,no,565,32998,5385,314,6264,0.05,x86_64,x86_64,True,True,transfer_mode=direct;iterations=3,2026-05-01T14:30:57.801750,3_LTE,3893,565,19844,0,0,308,3020,2364,0,0,293
01-05-2026-direct-precopy-0048,CRIU,precopy,no,631,31774,5368,278,6277,0.05,x86_64,x86_64,True,True,transfer_mode=direct;iterations=3,2026-05-01T14:31:31.353990,3_LTE,3925,631,20053,0,0,289,2991,2377,0,0,299
01-05-2026-direct-precopy-0049,CRIU,precopy,no,674,32488,5328,363,6365,0.05,x86_64,x86_64,True,True,transfer_mode=direct;iterations=3,2026-05-01T14:32:04.753820,3_LTE,3937,674,19623,0,0,274,2998,2329,0,0,322
01-05-2026-host-postcopy-0040,CRIU,postcopy,no,1086,22600,12050,493,13629,0.02,x86_64,x86_64,True,True,transfer_mode=host;lazy_pages_port=9999;relay_node=edge-host-1,2026-05-01T14:32:43.891048,3_LTE,0,1086,25317,6329,2943,322,7123,2353,2323,250,273
01-05-2026-host-postcopy-0041,CRIU,postcopy,no,998,22515,11577,489,13064,0.02,x86_64,x86_64,True,True,transfer_mode=host;lazy_pages_port=9999;relay_node=edge-host-1,2026-05-01T14:33:22.317817,3_LTE,0,998,24920,6345,2943,328,6626,2337,2317,295,323
01-05-2026-host-postcopy-0042,CRIU,postcopy,no,1223,22439,12038,478,13739,0.01,x86_64,x86_64,True,True,transfer_mode=host;lazy_pages_port=9999;relay_node=edge-host-1,2026-05-01T14:34:00.520594,3_LTE,0,1223,24988,6131,2943,313,6712,2675,2368,281,335
01-05-2026-host-postcopy-0043,CRIU,postcopy,no,1006,22486,11516,469,12991,0.02,x86_64,x86_64,True,True,transfer_mode=host;lazy_pages_port=9999;relay_node=edge-host-1,2026-05-01T14:34:38.417786,3_LTE,0,1006,24645,6130,3048,316,6521,2319,2415,259,364
01-05-2026-host-postcopy-0044,CRIU,postcopy,no,1049,22697,11692,486,13227,0.02,x86_64,x86_64,True,True,transfer_mode=host;lazy_pages_port=9999;relay_node=edge-host-1,2026-05-01T14:35:17.389976,3_LTE,0,1049,24987,6500,2837,325,6731,2292,2357,310,314
01-05-2026-host-postcopy-0045,CRIU,postcopy,no,1054,22562,11487,487,13028,0.02,x86_64,x86_64,True,True,transfer_mode=host;lazy_pages_port=9999;relay_node=edge-host-1,2026-05-01T14:35:55.455299,3_LTE,0,1054,24607,6123,2837,284,6572,2334,2329,251,409
01-05-2026-host-postcopy-0046,CRIU,postcopy,no,1018,22506,12375,485,13878,0.01,x86_64,x86_64,True,True,transfer_mode=host;lazy_pages_port=9999;relay_node=edge-host-1,2026-05-01T14:36:33.887961,3_LTE,0,1018,25247,6094,3049,368,7205,2522,2316,331,317
01-05-2026-host-postcopy-0047,CRIU,postcopy,no,999,22555,11669,445,13113,0.02,x86_64,x86_64,True,True,transfer_mode=host;lazy_pages_port=9999;relay_node=edge-host-1,2026-05-01T14:37:11.564831,3_LTE,0,999,24420,6130,3048,306,6425,2604,2315,324,330
01-05-2026-host-postcopy-0048,CRIU,postcopy,no,1018,22480,11659,503,13180,0.02,x86_64,x86_64,True,True,transfer_mode=host;lazy_pages_port=9999;relay_node=edge-host-1,2026-05-01T14:37:49.745124,3_LTE,0,1018,24303,6134,3049,363,6815,2277,2305,259,379
01-05-2026-host-postcopy-0049,CRIU,postcopy,no,1033,22693,11369,488,12890,0.02,x86_64,x86_64,True,True,transfer_mode=host;lazy_pages_port=9999;relay_node=edge-host-1,2026-05-01T14:38:27.875991,3_LTE,0,1033,24374,6166,3049,321,6452,2322,2329,264,640
01-05-2026-direct-postcopy-0040,CRIU,postcopy,no,1017,22633,5349,528,6894,0.03,x86_64,x86_64,True,True,transfer_mode=direct;lazy_pages_port=9999,2026-05-01T14:39:02.418963,3_LTE,0,1017,21187,6188,2943,296,2991,2357,0,0,331
01-05-2026-direct-postcopy-0041,CRIU,postcopy,no,1114,22563,5506,500,7120,0.03,x86_64,x86_64,True,True,transfer_mode=direct;lazy_pages_port=9999,2026-05-01T14:39:37.171510,3_LTE,0,1114,21312,6138,2837,281,3154,2351,0,0,347
01-05-2026-direct-postcopy-0042,CRIU,postcopy,no,1023,22545,5297,434,6754,0.03,x86_64,x86_64,True,True,transfer_mode=direct;lazy_pages_port=9999,2026-05-01T14:40:12.024002,3_LTE,0,1023,21246,6048,3048,414,3026,2270,0,0,301
01-05-2026-direct-postcopy-0043,CRIU,postcopy,no,1167,22496,5386,475,7028,0.03,x86_64,x86_64,True,True,transfer_mode=direct;lazy_pages_port=9999,2026-05-01T14:40:46.738620,3_LTE,0,1167,20975,6131,2886,337,2996,2390,0,0,348
01-05-2026-direct-postcopy-0044,CRIU,postcopy,no,1087,22470,5274,508,6869,0.03,x86_64,x86_64,True,True,transfer_mode=direct;lazy_pages_port=9999,2026-05-01T14:41:21.031826,3_LTE,0,1087,20938,6165,3098,332,2920,2353,0,0,272
01-05-2026-direct-postcopy-0045,CRIU,postcopy,no,989,22526,5337,511,6837,0.03,x86_64,x86_64,True,True,transfer_mode=direct;lazy_pages_port=9999,2026-05-01T14:41:55.324822,3_LTE,0,989,20704,6183,2992,328,2998,2338,0,0,321
01-05-2026-direct-postcopy-0046,CRIU,postcopy,no,1055,22513,5282,464,6801,0.03,x86_64,x86_64,True,True,transfer_mode=direct;lazy_pages_port=9999,2026-05-01T14:42:30.317349,3_LTE,0,1055,21741,6216,3048,311,2986,2295,0,0,543
01-05-2026-direct-postcopy-0047,CRIU,postcopy,no,1021,22531,5285,481,6787,0.03,x86_64,x86_64,True,True,transfer_mode=direct;lazy_pages_port=9999,2026-05-01T14:43:04.859606,3_LTE,0,1021,20756,6107,2975,309,2954,2331,0,0,318
01-05-2026-direct-postcopy-0048,CRIU,postcopy,no,1049,22629,5531,503,7083,0.03,x86_64,x86_64,True,True,transfer_mode=direct;lazy_pages_port=9999,2026-05-01T14:43:39.885126,3_LTE,0,1049,21694,6206,2867,314,2978,2552,0,0,288
01-05-2026-direct-postcopy-0049,CRIU,postcopy,no,995,22494,5342,489,6826,0.03,x86_64,x86_64,True,True,transfer_mode=direct;lazy_pages_port=9999,2026-05-01T14:44:13.917860,3_LTE,0,995,20675,6105,3083,299,2982,2360,0,0,442
01-05-2026-host-cold-0050,CRIU,cold,no,678,26021,11928,404,13010,0.02,x86_64,x86_64,True,True,transfer_mode=host;relay_node=edge-host-1,2026-05-01T14:46:18.794104,3_LTE,0,0,20639,0,0,333,7018,2349,2300,259,311
01-05-2026-host-cold-0051,CRIU,cold,no,588,25124,11071,308,11967,0.02,x86_64,x86_64,True,True,transfer_mode=host;relay_node=edge-host-1,2026-05-01T14:46:51.562528,3_LTE,0,0,19215,0,0,311,6216,2302,2295,256,313
01-05-2026-host-cold-0052,CRIU,cold,no,587,25196,11610,309,12506,0.02,x86_64,x86_64,True,True,transfer_mode=host;relay_node=edge-host-1,2026-05-01T14:47:24.665400,3_LTE,0,0,19491,0,0,330,6665,2355,2335,254,318
01-05-2026-host-cold-0053,CRIU,cold,no,603,25242,11212,312,12127,0.02,x86_64,x86_64,True,True,transfer_mode=host;relay_node=edge-host-1,2026-05-01T14:47:57.685027,3_LTE,0,0,19457,0,0,348,6318,2281,2313,299,612
01-05-2026-host-cold-0054,CRIU,cold,no,618,25188,11548,363,12529,0.02,x86_64,x86_64,True,True,transfer_mode=host;relay_node=edge-host-1,2026-05-01T14:48:30.989790,3_LTE,0,0,19627,0,0,338,6551,2325,2417,253,360
01-05-2026-host-cold-0055,CRIU,cold,no,603,25034,11579,331,12513,0.02,x86_64,x86_64,True,True,transfer_mode=host;relay_node=edge-host-1,2026-05-01T14:49:03.895456,3_LTE,0,0,19597,0,0,315,6614,2380,2305,279,323
01-05-2026-host-cold-0056,CRIU,cold,no,585,25168,11579,350,12514,0.02,x86_64,x86_64,True,True,transfer_mode=host;relay_node=edge-host-1,2026-05-01T14:49:36.925703,3_LTE,0,0,19490,0,0,329,6732,2257,2332,257,357
01-05-2026-host-cold-0057,CRIU,cold,no,615,25224,11833,299,12747,0.02,x86_64,x86_64,True,True,transfer_mode=host;relay_node=edge-host-1,2026-05-01T14:50:10.353909,3_LTE,0,0,19862,0,0,370,6691,2344,2524,272,331
01-05-2026-host-cold-0058,CRIU,cold,no,603,25142,11505,380,12488,0.02,x86_64,x86_64,True,True,transfer_mode=host;relay_node=edge-host-1,2026-05-01T14:50:43.764926,3_LTE,0,0,19624,0,0,316,6555,2304,2388,257,321
01-05-2026-host-cold-0059,CRIU,cold,no,618,25117,11096,308,12022,0.02,x86_64,x86_64,True,True,transfer_mode=host;relay_node=edge-host-1,2026-05-01T14:51:16.671732,3_LTE,0,0,19055,0,0,316,6254,2283,2305,252,318
01-05-2026-direct-cold-0050,CRIU,cold,no,685,25282,5449,273,6407,0.04,x86_64,x86_64,True,True,transfer_mode=direct,2026-05-01T14:51:46.495207,3_LTE,0,0,16064,0,0,311,3106,2343,0,0,302
01-05-2026-direct-cold-0051,CRIU,cold,no,675,25200,5372,290,6337,0.04,x86_64,x86_64,True,True,transfer_mode=direct,2026-05-01T14:52:16.115734,3_LTE,0,0,16059,0,0,349,3041,2331,0,0,316
01-05-2026-direct-cold-0052,CRIU,cold,no,571,25199,5364,291,6226,0.04,x86_64,x86_64,True,True,transfer_mode=direct,2026-05-01T14:52:46.262309,3_LTE,0,0,16071,0,0,321,3059,2304,0,0,303
01-05-2026-direct-cold-0053,CRIU,cold,no,574,25088,5232,298,6104,0.04,x86_64,x86_64,True,True,transfer_mode=direct,2026-05-01T14:53:15.638187,3_LTE,0,0,16156,0,0,323,2908,2323,0,0,298
01-05-2026-direct-cold-0054,CRIU,cold,no,601,25062,5367,332,6300,0.04,x86_64,x86_64,True,True,transfer_mode=direct,2026-05-01T14:53:45.509934,3_LTE,0,0,16419,0,0,386,2918,2449,0,0,313
01-05-2026-direct-cold-0055,CRIU,cold,no,597,25140,5379,306,6282,0.04,x86_64,x86_64,True,True,transfer_mode=direct,2026-05-01T14:54:15.033745,3_LTE,0,0,16286,0,0,308,3029,2350,0,0,313
01-05-2026-direct-cold-0056,CRIU,cold,no,585,25212,5328,311,6224,0.04,x86_64,x86_64,True,True,transfer_mode=direct,2026-05-01T14:54:44.450458,3_LTE,0,0,15858,0,0,334,2969,2358,0,0,313
01-05-2026-direct-cold-0057,CRIU,cold,no,594,25187,5366,292,6252,0.04,x86_64,x86_64,True,True,transfer_mode=direct,2026-05-01T14:55:14.222338,3_LTE,0,0,16354,0,0,341,3020,2345,0,0,313
01-05-2026-direct-cold-0058,CRIU,cold,no,609,25169,5323,308,6240,0.04,x86_64,x86_64,True,True,transfer_mode=direct,2026-05-01T14:55:43.660762,3_LTE,0,0,15819,0,0,320,2996,2326,0,0,316
01-05-2026-direct-cold-0059,CRIU,cold,no,578,25136,5651,330,6559,0.04,x86_64,x86_64,True,True,transfer_mode=direct,2026-05-01T14:56:13.198643,3_LTE,0,0,16298,0,0,321,3334,2316,0,0,348
01-05-2026-host-precopy-0050,CRIU,precopy,no,555,32376,11455,311,12321,0.02,x86_64,x86_64,True,True,transfer_mode=host;iterations=3;relay_node=edge-host-1,2026-05-01T14:56:49.667433,3_LTE,3954,555,22956,0,0,290,6493,2325,2364,272,366
01-05-2026-host-precopy-0051,CRIU,precopy,no,581,31378,11328,300,12209,0.02,x86_64,x86_64,True,True,transfer_mode=host;iterations=3;relay_node=edge-host-1,2026-05-01T14:57:26.241740,3_LTE,3961,581,23292,0,0,301,6260,2342,2368,356,343
01-05-2026-host-precopy-0052,CRIU,precopy,no,539,31489,11881,312,12732,0.02,x86_64,x86_64,True,True,transfer_mode=host;iterations=3;relay_node=edge-host-1,2026-05-01T14:58:03.302540,3_LTE,3993,539,23531,0,0,349,6847,2430,2345,257,300
01-05-2026-host-precopy-0053,CRIU,precopy,no,577,31946,11541,326,12444,0.02,x86_64,x86_64,True,True,transfer_mode=host;iterations=3;relay_node=edge-host-1,2026-05-01T14:58:40.213614,3_LTE,4020,577,23243,0,0,289,6072,2663,2548,257,316
01-05-2026-host-precopy-0054,CRIU,precopy,no,552,32471,11948,272,12772,0.02,x86_64,x86_64,True,True,transfer_mode=host;iterations=3;relay_node=edge-host-1,2026-05-01T14:59:16.912712,3_LTE,3909,552,23380,0,0,290,6695,2280,2721,251,307
01-05-2026-host-precopy-0055,CRIU,precopy,no,563,31741,11151,305,12019,0.02,x86_64,x86_64,True,True,transfer_mode=host;iterations=3;relay_node=edge-host-1,2026-05-01T14:59:53.371941,3_LTE,3890,563,22985,0,0,341,6196,2314,2365,274,305
01-05-2026-host-precopy-0056,CRIU,precopy,no,611,31805,11740,328,12679,0.02,x86_64,x86_64,True,True,transfer_mode=host;iterations=3;relay_node=edge-host-1,2026-05-01T15:00:30.049926,3_LTE,3937,611,23405,0,0,306,6871,2287,2325,255,321
01-05-2026-host-precopy-0057,CRIU,precopy,no,546,32974,11175,315,12036,0.02,x86_64,x86_64,True,True,transfer_mode=host;iterations=3;relay_node=edge-host-1,2026-05-01T15:01:06.545206,3_LTE,3933,546,22813,0,0,320,6206,2333,2381,254,318
01-05-2026-host-precopy-0058,CRIU,precopy,no,562,32427,11740,297,12599,0.02,x86_64,x86_64,True,True,transfer_mode=host;iterations=3;relay_node=edge-host-1,2026-05-01T15:01:43.739011,3_LTE,3923,562,23353,0,0,289,6448,2703,2335,253,352
01-05-2026-host-precopy-0059,CRIU,precopy,no,568,31769,11201,328,12097,0.02,x86_64,x86_64,True,True,transfer_mode=host;iterations=3;relay_node=edge-host-1,2026-05-01T15:02:20.527597,3_LTE,3995,568,23332,0,0,295,6379,2322,2243,256,653
01-05-2026-direct-precopy-0050,CRIU,precopy,no,566,33029,5504,367,6437,0.05,x86_64,x86_64,True,True,transfer_mode=direct;iterations=3,2026-05-01T15:02:54.052118,3_LTE,3943,566,20090,0,0,286,3191,2312,0,0,298
01-05-2026-direct-precopy-0051,CRIU,precopy,no,622,33006,6385,292,7299,0.04,x86_64,x86_64,True,True,transfer_mode=direct;iterations=3,2026-05-01T15:03:28.454656,3_LTE,3948,622,21015,0,0,275,4018,2367,0,0,310
01-05-2026-direct-precopy-0052,CRIU,precopy,no,547,32547,5318,330,6195,0.05,x86_64,x86_64,True,True,transfer_mode=direct;iterations=3,2026-05-01T15:04:01.556684,3_LTE,3953,547,19538,0,0,282,2983,2335,0,0,294
01-05-2026-direct-precopy-0053,CRIU,precopy,no,671,32468,5213,295,6179,0.05,x86_64,x86_64,True,True,transfer_mode=direct;iterations=3,2026-05-01T15:04:34.664323,3_LTE,3909,671,19942,0,0,297,2979,2233,0,0,366
01-05-2026-direct-precopy-0054,CRIU,precopy,no,552,31768,5344,330,6226,0.05,x86_64,x86_64,True,True,transfer_mode=direct;iterations=3,2026-05-01T15:05:08.212050,3_LTE,3898,552,19775,0,0,291,3017,2326,0,0,322
01-05-2026-direct-precopy-0055,CRIU,precopy,no,595,31903,5361,286,6242,0.05,x86_64,x86_64,True,True,transfer_mode=direct;iterations=3,2026-05-01T15:05:41.269945,3_LTE,3982,595,19866,0,0,289,3023,2337,0,0,289
01-05-2026-direct-precopy-0056,CRIU,precopy,no,646,33121,5278,303,6227,0.05,x86_64,x86_64,True,True,transfer_mode=direct;iterations=3,2026-05-01T15:06:14.584891,3_LTE,4003,646,19683,0,0,322,2966,2312,0,0,307
01-05-2026-direct-precopy-0057,CRIU,precopy,no,570,31790,5294,286,6150,0.05,x86_64,x86_64,True,True,transfer_mode=direct;iterations=3,2026-05-01T15:06:47.792723,3_LTE,3933,570,19484,0,0,289,3018,2275,0,0,299
01-05-2026-direct-precopy-0058,CRIU,precopy,no,664,32947,5396,308,6368,0.05,x86_64,x86_64,True,True,transfer_mode=direct;iterations=3,2026-05-01T15:07:21.295042,3_LTE,3940,664,19740,0,0,278,3000,2395,0,0,306
01-05-2026-direct-precopy-0059,CRIU,precopy,no,595,32539,5293,286,6174,0.05,x86_64,x86_64,True,True,transfer_mode=direct;iterations=3,2026-05-01T15:07:54.856288,3_LTE,3894,595,19537,0,0,309,2962,2330,0,0,308
01-05-2026-host-postcopy-0050,CRIU,postcopy,no,1030,22636,11399,535,12964,0.02,x86_64,x86_64,True,True,transfer_mode=host;lazy_pages_port=9999;relay_node=edge-host-1,2026-05-01T15:08:33.499498,3_LTE,0,1030,24573,6598,2943,320,6530,2322,2289,256,315
01-05-2026-host-postcopy-0051,CRIU,postcopy,no,1075,22502,11675,522,13272,0.02,x86_64,x86_64,True,True,transfer_mode=host;lazy_pages_port=9999;relay_node=edge-host-1,2026-05-01T15:09:11.609121,3_LTE,0,1075,24703,6250,2943,303,6407,2575,2432,259,331
01-05-2026-host-postcopy-0052,CRIU,postcopy,no,1135,22498,12051,476,13662,0.01,x86_64,x86_64,True,True,transfer_mode=host;lazy_pages_port=9999;relay_node=edge-host-1,2026-05-01T15:09:50.138710,3_LTE,0,1135,25138,6293,2943,376,7013,2430,2342,264,354
01-05-2026-host-postcopy-0053,CRIU,postcopy,no,930,22572,11477,488,12895,0.02,x86_64,x86_64,True,True,transfer_mode=host;lazy_pages_port=9999;relay_node=edge-host-1,2026-05-01T15:10:28.125499,3_LTE,0,930,24315,6148,2837,334,6538,2308,2365,264,320
01-05-2026-host-postcopy-0054,CRIU,postcopy,no,998,22550,11633,487,13118,0.02,x86_64,x86_64,True,True,transfer_mode=host;lazy_pages_port=9999;relay_node=edge-host-1,2026-05-01T15:11:06.706519,3_LTE,0,998,24924,6372,2837,321,6549,2503,2325,254,296
01-05-2026-host-postcopy-0055,CRIU,postcopy,no,1129,22539,11504,522,13155,0.02,x86_64,x86_64,True,True,transfer_mode=host;lazy_pages_port=9999;relay_node=edge-host-1,2026-05-01T15:11:44.417199,3_LTE,0,1129,24285,6159,3049,339,6306,2313,2625,258,312
01-05-2026-host-postcopy-0056,CRIU,postcopy,no,1083,22610,11870,523,13476,0.02,x86_64,x86_64,True,True,transfer_mode=host;lazy_pages_port=9999;relay_node=edge-host-1,2026-05-01T15:12:22.120867,3_LTE,0,1083,24680,6163,2837,339,6599,2675,2341,254,292
01-05-2026-host-postcopy-0057,CRIU,postcopy,no,976,22405,11666,460,13102,0.02,x86_64,x86_64,True,True,transfer_mode=host;lazy_pages_port=9999;relay_node=edge-host-1,2026-05-01T15:13:00.074272,3_LTE,0,976,24370,6143,2992,342,6401,2362,2650,252,313
01-05-2026-host-postcopy-0058,CRIU,postcopy,no,1078,22537,11534,487,13099,0.02,x86_64,x86_64,True,True,transfer_mode=host;lazy_pages_port=9999;relay_node=edge-host-1,2026-05-01T15:13:38.639733,3_LTE,0,1078,25051,6636,3048,397,6653,2280,2351,248,292
01-05-2026-host-postcopy-0059,CRIU,postcopy,no,1089,22447,11164,550,12803,0.02,x86_64,x86_64,True,True,transfer_mode=host;lazy_pages_port=9999;relay_node=edge-host-1,2026-05-01T15:14:16.291365,3_LTE,0,1089,24457,6200,2992,300,6239,2351,2315,257,319
01-05-2026-direct-postcopy-0050,CRIU,postcopy,no,1022,22463,5582,469,7073,0.03,x86_64,x86_64,True,True,transfer_mode=direct;lazy_pages_port=9999,2026-05-01T15:14:50.746778,3_LTE,0,1022,21187,6190,2837,317,3280,2301,0,0,315
01-05-2026-direct-postcopy-0051,CRIU,postcopy,no,1045,22451,5300,473,6818,0.03,x86_64,x86_64,True,True,transfer_mode=direct;lazy_pages_port=9999,2026-05-01T15:15:25.331168,3_LTE,0,1045,21207,6149,3048,334,2965,2335,0,0,315
01-05-2026-direct-postcopy-0052,CRIU,postcopy,no,993,22470,5200,473,6666,0.03,x86_64,x86_64,True,True,transfer_mode=direct;lazy_pages_port=9999,2026-05-01T15:15:59.878084,3_LTE,0,993,20958,6188,2943,316,2897,2302,0,0,296
01-05-2026-direct-postcopy-0053,CRIU,postcopy,no,1437,22425,5396,478,7311,0.03,x86_64,x86_64,True,True,transfer_mode=direct;lazy_pages_port=9999,2026-05-01T15:16:44.243069,3_LTE,0,1437,21506,6414,3048,307,3058,2338,0,0,339
01-05-2026-direct-postcopy-0054,CRIU,postcopy,no,1052,22527,5325,493,6870,0.03,x86_64,x86_64,True,True,transfer_mode=direct;lazy_pages_port=9999,2026-05-01T15:17:18.538838,3_LTE,0,1052,20985,6191,3049,437,2955,2370,0,0,314
01-05-2026-direct-postcopy-0055,CRIU,postcopy,no,1042,22555,5599,495,7136,0.03,x86_64,x86_64,True,True,transfer_mode=direct;lazy_pages_port=9999,2026-05-01T15:17:53.639032,3_LTE,0,1042,21369,6139,3048,331,3229,2370,0,0,315
01-05-2026-direct-postcopy-0056,CRIU,postcopy,no,1049,22367,5504,460,7013,0.03,x86_64,x86_64,True,True,transfer_mode=direct;lazy_pages_port=9999,2026-05-01T15:18:27.762162,3_LTE,0,1049,20921,6197,3098,299,3141,2363,0,0,312
01-05-2026-direct-postcopy-0057,CRIU,postcopy,no,994,22507,5291,499,6784,0.03,x86_64,x86_64,True,True,transfer_mode=direct;lazy_pages_port=9999,2026-05-01T15:19:02.561733,3_LTE,0,994,20783,6168,3048,344,2954,2337,0,0,290
01-05-2026-direct-postcopy-0058,CRIU,postcopy,no,1167,22545,5320,455,6942,0.03,x86_64,x86_64,True,True,transfer_mode=direct;lazy_pages_port=9999,2026-05-01T15:19:37.347073,3_LTE,0,1167,21328,6159,2975,321,2987,2333,0,0,292
01-05-2026-direct-postcopy-0059,CRIU,postcopy,no,1011,22591,5341,464,6816,0.03,x86_64,x86_64,True,True,transfer_mode=direct;lazy_pages_port=9999,2026-05-01T15:20:11.775588,3_LTE,0,1011,20767,6057,3082,323,2991,2350,0,0,284
01-05-2026-host-cold-0060,CRIU,cold,no,697,26076,11812,453,12962,0.02,x86_64,x86_64,True,True,transfer_mode=host;relay_node=edge-host-1,2026-05-01T15:22:18.334535,3_LTE,0,0,20740,0,0,414,6954,2277,2309,270,328
01-05-2026-host-cold-0061,CRIU,cold,no,655,25098,11292,304,12251,0.02,x86_64,x86_64,True,True,transfer_mode=host;relay_node=edge-host-1,2026-05-01T15:22:51.264144,3_LTE,0,0,19589,0,0,324,6385,2313,2293,299,329
01-05-2026-host-cold-0062,CRIU,cold,no,584,25116,11957,317,12858,0.02,x86_64,x86_64,True,True,transfer_mode=host;relay_node=edge-host-1,2026-05-01T15:23:24.991837,3_LTE,0,0,20082,0,0,331,6875,2495,2321,264,407
01-05-2026-host-cold-0063,CRIU,cold,no,617,25508,11638,314,12569,0.02,x86_64,x86_64,True,True,transfer_mode=host;relay_node=edge-host-1,2026-05-01T15:23:58.077293,3_LTE,0,0,19709,0,0,316,6352,2311,2712,262,317
01-05-2026-host-cold-0064,CRIU,cold,no,584,25311,11895,324,12803,0.02,x86_64,x86_64,True,True,transfer_mode=host;relay_node=edge-host-1,2026-05-01T15:24:31.694812,3_LTE,0,0,19910,0,0,387,6598,2557,2473,265,310
01-05-2026-host-cold-0065,CRIU,cold,no,574,25403,11623,354,12551,0.02,x86_64,x86_64,True,True,transfer_mode=host;relay_node=edge-host-1,2026-05-01T15:25:04.592120,3_LTE,0,0,19627,0,0,346,6709,2320,2275,317,348
01-05-2026-host-cold-0066,CRIU,cold,no,697,25202,11691,355,12743,0.02,x86_64,x86_64,True,True,transfer_mode=host;relay_node=edge-host-1,2026-05-01T15:25:37.816760,3_LTE,0,0,19681,0,0,342,6740,2288,2326,336,318
01-05-2026-host-cold-0067,CRIU,cold,no,612,25445,11297,292,12201,0.02,x86_64,x86_64,True,True,transfer_mode=host;relay_node=edge-host-1,2026-05-01T15:26:10.752503,3_LTE,0,0,19504,0,0,328,6362,2331,2349,253,318
01-05-2026-host-cold-0068,CRIU,cold,no,618,25287,11894,329,12841,0.02,x86_64,x86_64,True,True,transfer_mode=host;relay_node=edge-host-1,2026-05-01T15:26:44.280536,3_LTE,0,0,19919,0,0,309,6737,2480,2283,393,407
01-05-2026-host-cold-0069,CRIU,cold,no,620,25444,11076,321,12017,0.02,x86_64,x86_64,True,True,transfer_mode=host;relay_node=edge-host-1,2026-05-01T15:27:16.981962,3_LTE,0,0,18920,0,0,272,6179,2309,2284,302,330
01-05-2026-direct-cold-0060,CRIU,cold,no,594,25198,5449,319,6362,0.04,x86_64,x86_64,True,True,transfer_mode=direct,2026-05-01T15:27:47.023453,3_LTE,0,0,16524,0,0,304,3130,2318,0,0,306
01-05-2026-direct-cold-0061,CRIU,cold,no,560,25336,5306,297,6163,0.04,x86_64,x86_64,True,True,transfer_mode=direct,2026-05-01T15:28:16.650304,3_LTE,0,0,15935,0,0,320,3041,2265,0,0,318
01-05-2026-direct-cold-0062,CRIU,cold,no,594,25464,5502,281,6377,0.04,x86_64,x86_64,True,True,transfer_mode=direct,2026-05-01T15:28:46.927404,3_LTE,0,0,16331,0,0,339,3142,2359,0,0,296
01-05-2026-direct-cold-0063,CRIU,cold,no,595,25195,5419,342,6356,0.04,x86_64,x86_64,True,True,transfer_mode=direct,2026-05-01T15:29:16.986905,3_LTE,0,0,16258,0,0,329,3058,2361,0,0,291
01-05-2026-direct-cold-0064,CRIU,cold,no,616,25341,5286,342,6244,0.04,x86_64,x86_64,True,True,transfer_mode=direct,2026-05-01T15:29:46.750848,3_LTE,0,0,15969,0,0,324,2953,2333,0,0,300
01-05-2026-direct-cold-0065,CRIU,cold,no,620,25208,5380,316,6316,0.04,x86_64,x86_64,True,True,transfer_mode=direct,2026-05-01T15:30:16.360484,3_LTE,0,0,16043,0,0,313,3020,2359,0,0,326
01-05-2026-direct-cold-0066,CRIU,cold,no,566,25098,5469,303,6338,0.04,x86_64,x86_64,True,True,transfer_mode=direct,2026-05-01T15:30:46.380644,3_LTE,0,0,16177,0,0,327,3095,2373,0,0,309
01-05-2026-direct-cold-0067,CRIU,cold,no,670,25280,5699,314,6683,0.04,x86_64,x86_64,True,True,transfer_mode=direct,2026-05-01T15:31:16.761803,3_LTE,0,0,16673,0,0,378,3118,2581,0,0,302
01-05-2026-direct-cold-0068,CRIU,cold,no,597,25374,5331,306,6234,0.04,x86_64,x86_64,True,True,transfer_mode=direct,2026-05-01T15:31:46.377885,3_LTE,0,0,15997,0,0,327,2961,2370,0,0,299
01-05-2026-direct-cold-0069,CRIU,cold,no,651,25402,5385,293,6329,0.04,x86_64,x86_64,True,True,transfer_mode=direct,2026-05-01T15:32:16.628871,3_LTE,0,0,16288,0,0,349,3069,2315,0,0,303
01-05-2026-host-precopy-0060,CRIU,precopy,no,595,31204,11398,339,12332,0.02,x86_64,x86_64,True,True,transfer_mode=host;iterations=3;relay_node=edge-host-1,2026-05-01T15:32:53.583708,3_LTE,4029,595,23164,0,0,312,6521,2304,2314,257,379
01-05-2026-host-precopy-0061,CRIU,precopy,no,616,31828,11634,385,12635,0.02,x86_64,x86_64,True,True,transfer_mode=host;iterations=3;relay_node=edge-host-1,2026-05-01T15:33:30.467904,3_LTE,3927,616,23282,0,0,273,6420,2650,2296,267,370
01-05-2026-host-precopy-0062,CRIU,precopy,no,561,32375,11776,304,12641,0.02,x86_64,x86_64,True,True,transfer_mode=host;iterations=3;relay_node=edge-host-1,2026-05-01T15:34:07.271730,3_LTE,3965,561,23405,0,0,334,6521,2351,2639,264,302
01-05-2026-host-precopy-0063,CRIU,precopy,no,572,33104,11140,319,12031,0.02,x86_64,x86_64,True,True,transfer_mode=host;iterations=3;relay_node=edge-host-1,2026-05-01T15:34:43.749549,3_LTE,3938,572,22989,0,0,316,6225,2375,2287,251,302
01-05-2026-host-precopy-0064,CRIU,precopy,no,575,33032,12026,344,12945,0.02,x86_64,x86_64,True,True,transfer_mode=host;iterations=3;relay_node=edge-host-1,2026-05-01T15:35:20.514249,3_LTE,3908,575,23479,0,0,287,7074,2350,2349,250,276
01-05-2026-host-precopy-0065,CRIU,precopy,no,630,32460,11413,307,12350,0.02,x86_64,x86_64,True,True,transfer_mode=host;iterations=3;relay_node=edge-host-1,2026-05-01T15:35:57.563555,3_LTE,3927,630,23029,0,0,359,6374,2343,2396,299,308
01-05-2026-host-precopy-0066,CRIU,precopy,no,624,31832,11757,357,12738,0.02,x86_64,x86_64,True,True,transfer_mode=host;iterations=3;relay_node=edge-host-1,2026-05-01T15:36:34.620403,3_LTE,3893,624,23344,0,0,306,6513,2654,2329,260,313
01-05-2026-host-precopy-0067,CRIU,precopy,no,581,32506,11505,300,12386,0.02,x86_64,x86_64,True,True,transfer_mode=host;iterations=3;relay_node=edge-host-1,2026-05-01T15:37:21.056936,3_LTE,3944,581,23076,0,0,287,6641,2316,2279,268,339
01-05-2026-host-precopy-0068,CRIU,precopy,no,560,32527,11606,324,12490,0.02,x86_64,x86_64,True,True,transfer_mode=host;iterations=3;relay_node=edge-host-1,2026-05-01T15:37:57.969784,3_LTE,3933,560,23348,0,0,287,6600,2423,2297,284,320
01-05-2026-host-precopy-0069,CRIU,precopy,no,623,32924,11773,325,12721,0.02,x86_64,x86_64,True,True,transfer_mode=host;iterations=3;relay_node=edge-host-1,2026-05-01T15:38:35.086155,3_LTE,3902,623,23390,0,0,314,6516,2637,2358,260,441
01-05-2026-direct-precopy-0060,CRIU,precopy,no,579,32590,5284,305,6168,0.05,x86_64,x86_64,True,True,transfer_mode=direct;iterations=3,2026-05-01T15:39:08.484354,3_LTE,3898,579,19690,0,0,270,3014,2269,0,0,328
01-05-2026-direct-precopy-0061,CRIU,precopy,no,577,32406,5429,325,6331,0.05,x86_64,x86_64,True,True,transfer_mode=direct;iterations=3,2026-05-01T15:39:42.020869,3_LTE,3930,577,19952,0,0,306,3056,2372,0,0,394
01-05-2026-direct-precopy-0062,CRIU,precopy,no,575,31899,5665,295,6535,0.05,x86_64,x86_64,True,True,transfer_mode=direct;iterations=3,2026-05-01T15:40:16.252132,3_LTE,3910,575,20288,0,0,308,2914,2751,0,0,313
01-05-2026-direct-precopy-0063,CRIU,precopy,no,636,31961,5771,318,6725,0.04,x86_64,x86_64,True,True,transfer_mode=direct;iterations=3,2026-05-01T15:40:49.853995,3_LTE,3930,636,20016,0,0,295,3075,2695,0,0,297
01-05-2026-direct-precopy-0064,CRIU,precopy,no,596,31732,5648,323,6567,0.04,x86_64,x86_64,True,True,transfer_mode=direct;iterations=3,2026-05-01T15:41:23.707229,3_LTE,3976,596,20016,0,0,333,3030,2617,0,0,289
01-05-2026-direct-precopy-0065,CRIU,precopy,no,889,32588,5282,385,6556,0.05,x86_64,x86_64,True,True,transfer_mode=direct;iterations=3,2026-05-01T15:41:57.170737,3_LTE,3914,889,20066,0,0,324,2983,2298,0,0,307
01-05-2026-direct-precopy-0066,CRIU,precopy,no,541,31811,5307,312,6160,0.05,x86_64,x86_64,True,True,transfer_mode=direct;iterations=3,2026-05-01T15:42:30.699612,3_LTE,4008,541,20235,0,0,291,2990,2316,0,0,338
01-05-2026-direct-precopy-0067,CRIU,precopy,no,597,31894,5304,316,6217,0.05,x86_64,x86_64,True,True,transfer_mode=direct;iterations=3,2026-05-01T15:43:04.181182,3_LTE,4204,597,19817,0,0,285,2992,2311,0,0,312
01-05-2026-direct-precopy-0068,CRIU,precopy,no,551,31989,5456,301,6308,0.05,x86_64,x86_64,True,True,transfer_mode=direct;iterations=3,2026-05-01T15:43:37.606846,3_LTE,3925,551,20067,0,0,323,3106,2349,0,0,322
01-05-2026-direct-precopy-0069,CRIU,precopy,no,579,31609,5541,299,6419,0.05,x86_64,x86_64,True,True,transfer_mode=direct;iterations=3,2026-05-01T15:44:11.308544,3_LTE,3960,579,19867,0,0,271,3212,2329,0,0,306
01-05-2026-host-postcopy-0060,CRIU,postcopy,no,1011,22598,11477,588,13076,0.02,x86_64,x86_64,True,True,transfer_mode=host;lazy_pages_port=9999;relay_node=edge-host-1,2026-05-01T15:44:50.282223,3_LTE,0,1011,25066,6377,2992,343,6627,2299,2279,270,308
01-05-2026-host-postcopy-0061,CRIU,postcopy,no,1012,22516,11067,462,12541,0.02,x86_64,x86_64,True,True,transfer_mode=host;lazy_pages_port=9999;relay_node=edge-host-1,2026-05-01T15:45:27.678303,3_LTE,0,1012,24092,6505,2837,317,6171,2326,2311,257,317
01-05-2026-host-postcopy-0062,CRIU,postcopy,no,1068,22440,11696,480,13244,0.02,x86_64,x86_64,True,True,transfer_mode=host;lazy_pages_port=9999;relay_node=edge-host-1,2026-05-01T15:46:05.419343,3_LTE,0,1068,24529,6124,2943,326,6457,2662,2313,263,389
01-05-2026-host-postcopy-0063,CRIU,postcopy,no,1089,22686,11647,558,13294,0.02,x86_64,x86_64,True,True,transfer_mode=host;lazy_pages_port=9999;relay_node=edge-host-1,2026-05-01T15:46:43.323649,3_LTE,0,1089,24529,6290,2943,308,6672,2328,2357,288,307
01-05-2026-host-postcopy-0064,CRIU,postcopy,no,1035,22557,11721,496,13252,0.02,x86_64,x86_64,True,True,transfer_mode=host;lazy_pages_port=9999;relay_node=edge-host-1,2026-05-01T15:47:21.624829,3_LTE,0,1035,24565,6143,3048,349,6795,2339,2306,279,299
01-05-2026-host-postcopy-0065,CRIU,postcopy,no,1052,22546,11774,466,13292,0.02,x86_64,x86_64,True,True,transfer_mode=host;lazy_pages_port=9999;relay_node=edge-host-1,2026-05-01T15:48:00.403904,3_LTE,0,1052,24794,6114,2943,278,6594,2397,2487,294,301
01-05-2026-host-postcopy-0066,CRIU,postcopy,no,962,22567,11640,486,13088,0.02,x86_64,x86_64,True,True,transfer_mode=host;lazy_pages_port=9999;relay_node=edge-host-1,2026-05-01T15:48:38.186584,3_LTE,0,962,24595,6200,2943,321,6512,2229,2648,250,381
01-05-2026-host-postcopy-0067,CRIU,postcopy,no,1086,22478,11577,453,13116,0.02,x86_64,x86_64,True,True,transfer_mode=host;lazy_pages_port=9999;relay_node=edge-host-1,2026-05-01T15:49:16.303612,3_LTE,0,1086,24476,6108,3048,332,6363,2628,2328,256,328
01-05-2026-host-postcopy-0068,CRIU,postcopy,no,1058,22561,11539,491,13088,0.02,x86_64,x86_64,True,True,transfer_mode=host;lazy_pages_port=9999;relay_node=edge-host-1,2026-05-01T15:49:54.623115,3_LTE,0,1058,24233,6245,3048,323,6628,2322,2312,275,369
01-05-2026-host-postcopy-0069,CRIU,postcopy,no,1004,22520,11159,526,12689,0.02,x86_64,x86_64,True,True,transfer_mode=host;lazy_pages_port=9999;relay_node=edge-host-1,2026-05-01T15:50:32.787932,3_LTE,0,1004,24486,6719,3147,326,6173,2327,2328,329,309
01-05-2026-direct-postcopy-0060,CRIU,postcopy,no,1023,22486,5431,476,6930,0.03,x86_64,x86_64,True,True,transfer_mode=direct;lazy_pages_port=9999,2026-05-01T15:51:07.502816,3_LTE,0,1023,21443,6176,3203,293,3082,2349,0,0,310
01-05-2026-direct-postcopy-0061,CRIU,postcopy,no,1133,22605,5663,488,7284,0.03,x86_64,x86_64,True,True,transfer_mode=direct;lazy_pages_port=9999,2026-05-01T15:51:42.525734,3_LTE,0,1133,21471,6168,2943,286,3055,2607,0,0,312
01-05-2026-direct-postcopy-0062,CRIU,postcopy,no,1082,22578,5376,441,6899,0.03,x86_64,x86_64,True,True,transfer_mode=direct;lazy_pages_port=9999,2026-05-01T15:52:17.043829,3_LTE,0,1082,21201,6051,3049,343,3052,2323,0,0,305
01-05-2026-direct-postcopy-0063,CRIU,postcopy,no,1016,22680,5349,492,6857,0.03,x86_64,x86_64,True,True,transfer_mode=direct;lazy_pages_port=9999,2026-05-01T15:52:51.466182,3_LTE,0,1016,21009,6147,3049,328,3058,2291,0,0,301
01-05-2026-direct-postcopy-0064,CRIU,postcopy,no,988,22542,5373,481,6842,0.03,x86_64,x86_64,True,True,transfer_mode=direct;lazy_pages_port=9999,2026-05-01T15:53:26.026199,3_LTE,0,988,21128,6198,2943,322,3028,2345,0,0,279
01-05-2026-direct-postcopy-0065,CRIU,postcopy,no,1127,22587,5447,546,7120,0.03,x86_64,x86_64,True,True,transfer_mode=direct;lazy_pages_port=9999,2026-05-01T15:54:00.940924,3_LTE,0,1127,21098,6321,2943,333,3036,2410,0,0,306
01-05-2026-direct-postcopy-0066,CRIU,postcopy,no,994,22637,5209,484,6687,0.03,x86_64,x86_64,True,True,transfer_mode=direct;lazy_pages_port=9999,2026-05-01T15:54:35.442978,3_LTE,0,994,21164,6285,2992,309,2950,2259,0,0,405
01-05-2026-direct-postcopy-0067,CRIU,postcopy,no,1005,22508,5425,477,6907,0.03,x86_64,x86_64,True,True,transfer_mode=direct;lazy_pages_port=9999,2026-05-01T15:55:10.053082,3_LTE,0,1005,20975,6152,2943,310,3094,2331,0,0,292
01-05-2026-direct-postcopy-0068,CRIU,postcopy,no,977,22438,5228,492,6697,0.03,x86_64,x86_64,True,True,transfer_mode=direct;lazy_pages_port=9999,2026-05-01T15:55:44.891635,3_LTE,0,977,21373,6131,3025,309,2816,2412,0,0,320
01-05-2026-direct-postcopy-0069,CRIU,postcopy,no,1018,22553,5326,571,6915,0.03,x86_64,x86_64,True,True,transfer_mode=direct;lazy_pages_port=9999,2026-05-01T15:56:19.264172,3_LTE,0,1018,21149,6320,2975,338,2981,2344,0,0,313
01-05-2026-host-cold-0070,CRIU,cold,no,664,26045,11591,404,12659,0.02,x86_64,x86_64,True,True,transfer_mode=host;relay_node=edge-host-1,2026-05-01T15:58:24.359211,3_LTE,0,0,20454,0,0,352,6660,2276,2378,276,315
01-05-2026-host-cold-0071,CRIU,cold,no,599,25098,11251,316,12166,0.02,x86_64,x86_64,True,True,transfer_mode=host;relay_node=edge-host-1,2026-05-01T15:58:57.068138,3_LTE,0,0,19607,0,0,340,6289,2371,2329,260,322
01-05-2026-host-cold-0072,CRIU,cold,no,636,25338,11732,291,12659,0.02,x86_64,x86_64,True,True,transfer_mode=host;relay_node=edge-host-1,2026-05-01T15:59:30.282684,3_LTE,0,0,19654,0,0,346,6790,2331,2358,251,323
01-05-2026-host-cold-0073,CRIU,cold,no,640,25264,11233,313,12186,0.02,x86_64,x86_64,True,True,transfer_mode=host;relay_node=edge-host-1,2026-05-01T16:00:03.582947,3_LTE,0,0,19524,0,0,344,6326,2340,2302,264,650
01-05-2026-host-cold-0074,CRIU,cold,no,628,25049,11776,303,12707,0.02,x86_64,x86_64,True,True,transfer_mode=host;relay_node=edge-host-1,2026-05-01T16:00:37.237665,3_LTE,0,0,19764,0,0,323,6506,2541,2373,355,312
01-05-2026-host-cold-0075,CRIU,cold,no,594,25375,11400,366,12360,0.02,x86_64,x86_64,True,True,transfer_mode=host;relay_node=edge-host-1,2026-05-01T16:01:10.029591,3_LTE,0,0,19265,0,0,306,6607,2249,2287,256,296
01-05-2026-host-cold-0076,CRIU,cold,no,573,25291,11342,328,12243,0.02,x86_64,x86_64,True,True,transfer_mode=host;relay_node=edge-host-1,2026-05-01T16:01:42.946043,3_LTE,0,0,19198,0,0,330,6497,2218,2328,297,301
01-05-2026-host-cold-0077,CRIU,cold,no,619,25135,11763,306,12688,0.02,x86_64,x86_64,True,True,transfer_mode=host;relay_node=edge-host-1,2026-05-01T16:02:16.265498,3_LTE,0,0,19797,0,0,327,6769,2344,2300,348,328
01-05-2026-host-cold-0078,CRIU,cold,no,570,25355,11782,305,12657,0.02,x86_64,x86_64,True,True,transfer_mode=host;relay_node=edge-host-1,2026-05-01T16:02:49.653690,3_LTE,0,0,19702,0,0,373,6676,2318,2513,273,320
01-05-2026-host-cold-0079,CRIU,cold,no,586,25323,11383,302,12271,0.02,x86_64,x86_64,True,True,transfer_mode=host;relay_node=edge-host-1,2026-05-01T16:03:22.444710,3_LTE,0,0,19476,0,0,322,6335,2427,2315,305,318
01-05-2026-direct-cold-0070,CRIU,cold,no,665,25387,5431,292,6388,0.04,x86_64,x86_64,True,True,transfer_mode=direct,2026-05-01T16:03:52.303870,3_LTE,0,0,16159,0,0,328,3072,2359,0,0,322
01-05-2026-direct-cold-0071,CRIU,cold,no,618,25235,5353,315,6286,0.04,x86_64,x86_64,True,True,transfer_mode=direct,2026-05-01T16:04:21.767548,3_LTE,0,0,15970,0,0,315,3019,2333,0,0,313
01-05-2026-direct-cold-0072,CRIU,cold,no,679,25125,5367,309,6355,0.04,x86_64,x86_64,True,True,transfer_mode=direct,2026-05-01T16:04:51.758095,3_LTE,0,0,16266,0,0,352,3022,2344,0,0,283
01-05-2026-direct-cold-0073,CRIU,cold,no,616,25318,5319,319,6254,0.04,x86_64,x86_64,True,True,transfer_mode=direct,2026-05-01T16:05:21.652303,3_LTE,0,0,16548,0,0,332,2997,2322,0,0,321
01-05-2026-direct-cold-0074,CRIU,cold,no,592,25487,5358,311,6261,0.04,x86_64,x86_64,True,True,transfer_mode=direct,2026-05-01T16:05:51.590038,3_LTE,0,0,16018,0,0,430,3009,2348,0,0,299
01-05-2026-direct-cold-0075,CRIU,cold,no,569,25428,5296,314,6179,0.04,x86_64,x86_64,True,True,transfer_mode=direct,2026-05-01T16:06:21.719523,3_LTE,0,0,16396,0,0,315,3001,2294,0,0,314
01-05-2026-direct-cold-0076,CRIU,cold,no,592,25307,5327,299,6218,0.04,x86_64,x86_64,True,True,transfer_mode=direct,2026-05-01T16:06:51.287225,3_LTE,0,0,16035,0,0,340,2963,2364,0,0,302
01-05-2026-direct-cold-0077,CRIU,cold,no,587,25235,5216,376,6179,0.04,x86_64,x86_64,True,True,transfer_mode=direct,2026-05-01T16:07:21.032589,3_LTE,0,0,16165,0,0,311,2891,2325,0,0,295
01-05-2026-direct-cold-0078,CRIU,cold,no,582,25300,5308,315,6205,0.04,x86_64,x86_64,True,True,transfer_mode=direct,2026-05-01T16:07:50.524054,3_LTE,0,0,15959,0,0,312,3029,2279,0,0,276
01-05-2026-direct-cold-0079,CRIU,cold,no,630,25411,5342,322,6294,0.04,x86_64,x86_64,True,True,transfer_mode=direct,2026-05-01T16:08:20.269986,3_LTE,0,0,16569,0,0,346,3005,2337,0,0,321
01-05-2026-host-precopy-0070,CRIU,precopy,no,551,32430,11658,351,12560,0.02,x86_64,x86_64,True,True,transfer_mode=host;iterations=3;relay_node=edge-host-1,2026-05-01T16:08:57.066710,3_LTE,3986,551,23166,0,0,288,6614,2435,2355,252,313
01-05-2026-host-precopy-0071,CRIU,precopy,no,523,33032,11756,333,12612,0.02,x86_64,x86_64,True,True,transfer_mode=host;iterations=3;relay_node=edge-host-1,2026-05-01T16:09:43.642826,3_LTE,3915,523,23211,0,0,262,6464,2683,2321,287,315
01-05-2026-host-precopy-0072,CRIU,precopy,no,548,32607,11879,305,12732,0.02,x86_64,x86_64,True,True,transfer_mode=host;iterations=3;relay_node=edge-host-1,2026-05-01T16:10:20.324201,3_LTE,3995,548,23366,0,0,293,6588,2283,2743,264,325
01-05-2026-host-precopy-0073,CRIU,precopy,no,638,33143,11575,314,12527,0.02,x86_64,x86_64,True,True,transfer_mode=host;iterations=3;relay_node=edge-host-1,2026-05-01T16:10:57.047688,3_LTE,3925,638,23424,0,0,268,6247,2715,2358,254,304
01-05-2026-host-precopy-0074,CRIU,precopy,no,554,32928,11869,385,12808,0.02,x86_64,x86_64,True,True,transfer_mode=host;iterations=3;relay_node=edge-host-1,2026-05-01T16:11:33.915620,3_LTE,3905,554,23403,0,0,278,6953,2310,2302,303,335
01-05-2026-host-precopy-0075,CRIU,precopy,no,606,33024,11457,295,12358,0.02,x86_64,x86_64,True,True,transfer_mode=host;iterations=3;relay_node=edge-host-1,2026-05-01T16:12:10.534252,3_LTE,3908,606,22953,0,0,347,6201,2663,2276,316,332
01-05-2026-host-precopy-0076,CRIU,precopy,no,566,32930,11880,332,12778,0.02,x86_64,x86_64,True,True,transfer_mode=host;iterations=3;relay_node=edge-host-1,2026-05-01T16:12:48.002143,3_LTE,4150,566,23718,0,0,319,6571,2668,2332,308,333
01-05-2026-host-precopy-0077,CRIU,precopy,no,580,31708,11312,303,12195,0.02,x86_64,x86_64,True,True,transfer_mode=host;iterations=3;relay_node=edge-host-1,2026-05-01T16:13:24.540381,3_LTE,4007,580,23229,0,0,310,6362,2369,2320,260,629
01-05-2026-host-precopy-0078,CRIU,precopy,no,552,32584,11755,417,12724,0.02,x86_64,x86_64,True,True,transfer_mode=host;iterations=3;relay_node=edge-host-1,2026-05-01T16:14:01.397087,3_LTE,3946,552,23735,0,0,279,6660,2372,2355,367,343
01-05-2026-host-precopy-0079,CRIU,precopy,no,751,33104,11576,304,12631,0.02,x86_64,x86_64,True,True,transfer_mode=host;iterations=3;relay_node=edge-host-1,2026-05-01T16:14:38.077955,3_LTE,3949,751,23325,0,0,290,6658,2313,2338,266,312
01-05-2026-direct-precopy-0070,CRIU,precopy,no,560,33087,5225,359,6144,0.05,x86_64,x86_64,True,True,transfer_mode=direct;iterations=3,2026-05-01T16:15:11.231398,3_LTE,3911,560,19565,0,0,324,2931,2294,0,0,316
01-05-2026-direct-precopy-0071,CRIU,precopy,no,590,31903,5310,316,6216,0.05,x86_64,x86_64,True,True,transfer_mode=direct;iterations=3,2026-05-01T16:15:44.922297,3_LTE,3993,590,19650,0,0,281,2954,2356,0,0,297
01-05-2026-direct-precopy-0072,CRIU,precopy,no,558,33053,5284,307,6149,0.05,x86_64,x86_64,True,True,transfer_mode=direct;iterations=3,2026-05-01T16:16:18.057839,3_LTE,3967,558,19676,0,0,279,2982,2301,0,0,318
01-05-2026-direct-precopy-0073,CRIU,precopy,no,564,33046,5327,358,6249,0.05,x86_64,x86_64,True,True,transfer_mode=direct;iterations=3,2026-05-01T16:16:51.455981,3_LTE,4066,564,19712,0,0,283,2979,2347,0,0,311
01-05-2026-direct-precopy-0074,CRIU,precopy,no,554,31883,5260,339,6153,0.05,x86_64,x86_64,True,True,transfer_mode=direct;iterations=3,2026-05-01T16:17:24.692423,3_LTE,3936,554,19657,0,0,280,2959,2301,0,0,441
01-05-2026-direct-precopy-0075,CRIU,precopy,no,605,33067,5308,298,6211,0.05,x86_64,x86_64,True,True,transfer_mode=direct;iterations=3,2026-05-01T16:17:57.860765,3_LTE,3888,605,19501,0,0,272,2996,2311,0,0,347
01-05-2026-direct-precopy-0076,CRIU,precopy,no,568,31851,5370,402,6340,0.05,x86_64,x86_64,True,True,transfer_mode=direct;iterations=3,2026-05-01T16:18:31.586380,3_LTE,4012,568,20052,0,0,293,2999,2371,0,0,274
01-05-2026-direct-precopy-0077,CRIU,precopy,no,556,31693,5288,301,6145,0.05,x86_64,x86_64,True,True,transfer_mode=direct;iterations=3,2026-05-01T16:19:04.525242,3_LTE,3907,556,19555,0,0,292,2957,2330,0,0,301
01-05-2026-direct-precopy-0078,CRIU,precopy,no,555,32987,5656,270,6481,0.05,x86_64,x86_64,True,True,transfer_mode=direct;iterations=3,2026-05-01T16:19:37.860195,3_LTE,3969,555,19742,0,0,289,2956,2700,0,0,330
01-05-2026-direct-precopy-0079,CRIU,precopy,no,564,32985,5355,292,6211,0.05,x86_64,x86_64,True,True,transfer_mode=direct;iterations=3,2026-05-01T16:20:10.885660,3_LTE,4033,564,19594,0,0,279,3021,2334,0,0,299
01-05-2026-host-postcopy-0070,CRIU,postcopy,no,1006,22530,11892,487,13385,0.02,x86_64,x86_64,True,True,transfer_mode=host;lazy_pages_port=9999;relay_node=edge-host-1,2026-05-01T16:20:49.259843,3_LTE,0,1006,24650,6159,2943,310,6904,2367,2323,296,302
01-05-2026-host-postcopy-0071,CRIU,postcopy,no,1052,22643,11455,491,12998,0.02,x86_64,x86_64,True,True,transfer_mode=host;lazy_pages_port=9999;relay_node=edge-host-1,2026-05-01T16:21:26.734126,3_LTE,0,1052,24117,6204,2943,330,6311,2593,2292,258,328
01-05-2026-host-postcopy-0072,CRIU,postcopy,no,1008,22374,11574,503,13085,0.02,x86_64,x86_64,True,True,transfer_mode=host;lazy_pages_port=9999;relay_node=edge-host-1,2026-05-01T16:22:04.852047,3_LTE,0,1008,24508,6182,2943,350,6507,2325,2482,259,314
01-05-2026-host-postcopy-0073,CRIU,postcopy,no,997,22593,11238,497,12732,0.02,x86_64,x86_64,True,True,transfer_mode=host;lazy_pages_port=9999;relay_node=edge-host-1,2026-05-01T16:22:43.020648,3_LTE,0,997,24343,6194,2992,351,6230,2398,2302,307,616
01-05-2026-host-postcopy-0074,CRIU,postcopy,no,1015,22560,11788,532,13335,0.02,x86_64,x86_64,True,True,transfer_mode=host;lazy_pages_port=9999;relay_node=edge-host-1,2026-05-01T16:23:21.309981,3_LTE,0,1015,24942,6235,2943,309,6831,2321,2380,253,330
01-05-2026-host-postcopy-0075,CRIU,postcopy,no,1053,22407,11319,457,12829,0.02,x86_64,x86_64,True,True,transfer_mode=host;lazy_pages_port=9999;relay_node=edge-host-1,2026-05-01T16:23:59.183774,3_LTE,0,1053,24464,6085,3098,309,6351,2320,2376,271,286
01-05-2026-host-postcopy-0076,CRIU,postcopy,no,1006,22481,12034,508,13548,0.01,x86_64,x86_64,True,True,transfer_mode=host;lazy_pages_port=9999;relay_node=edge-host-1,2026-05-01T16:24:38.002390,3_LTE,0,1006,25351,6503,3252,322,6703,2656,2395,278,351
01-05-2026-host-postcopy-0077,CRIU,postcopy,no,993,22487,11248,491,12732,0.02,x86_64,x86_64,True,True,transfer_mode=host;lazy_pages_port=9999;relay_node=edge-host-1,2026-05-01T16:25:15.324264,3_LTE,0,993,24079,6127,2837,309,6293,2384,2301,269,333
01-05-2026-host-postcopy-0078,CRIU,postcopy,no,1184,22353,12017,489,13690,0.01,x86_64,x86_64,True,True,transfer_mode=host;lazy_pages_port=9999;relay_node=edge-host-1,2026-05-01T16:25:53.970654,3_LTE,0,1184,24967,6147,3048,317,6955,2471,2334,255,358
01-05-2026-host-postcopy-0079,CRIU,postcopy,no,1043,22474,11220,468,12731,0.02,x86_64,x86_64,True,True,transfer_mode=host;lazy_pages_port=9999;relay_node=edge-host-1,2026-05-01T16:26:31.588925,3_LTE,0,1043,24232,6142,3098,309,6362,2292,2301,263,328
01-05-2026-direct-postcopy-0070,CRIU,postcopy,no,963,22469,5316,491,6770,0.03,x86_64,x86_64,True,True,transfer_mode=direct;lazy_pages_port=9999,2026-05-01T16:27:06.271408,3_LTE,0,963,21056,6355,2837,315,2914,2401,0,0,340
01-05-2026-direct-postcopy-0071,CRIU,postcopy,no,984,22636,5531,482,6997,0.03,x86_64,x86_64,True,True,transfer_mode=direct;lazy_pages_port=9999,2026-05-01T16:27:41.280005,3_LTE,0,984,21659,6547,2837,384,3125,2405,0,0,287
01-05-2026-direct-postcopy-0072,CRIU,postcopy,no,1070,22518,5269,501,6840,0.03,x86_64,x86_64,True,True,transfer_mode=direct;lazy_pages_port=9999,2026-05-01T16:28:15.457155,3_LTE,0,1070,20855,6223,3049,361,2948,2320,0,0,307
01-05-2026-direct-postcopy-0073,CRIU,postcopy,no,1086,22483,5667,494,7247,0.03,x86_64,x86_64,True,True,transfer_mode=direct;lazy_pages_port=9999,2026-05-01T16:28:50.411644,3_LTE,0,1086,21682,6270,2837,379,2994,2672,0,0,305
01-05-2026-direct-postcopy-0074,CRIU,postcopy,no,1084,22555,5431,506,7021,0.03,x86_64,x86_64,True,True,transfer_mode=direct;lazy_pages_port=9999,2026-05-01T16:29:24.872784,3_LTE,0,1084,21199,6407,2942,317,3115,2315,0,0,294
01-05-2026-direct-postcopy-0075,CRIU,postcopy,no,1041,22559,5239,501,6781,0.03,x86_64,x86_64,True,True,transfer_mode=direct;lazy_pages_port=9999,2026-05-01T16:29:59.481375,3_LTE,0,1041,21306,6114,3048,288,2881,2357,0,0,299
01-05-2026-direct-postcopy-0076,CRIU,postcopy,no,1016,22479,5537,461,7014,0.03,x86_64,x86_64,True,True,transfer_mode=direct;lazy_pages_port=9999,2026-05-01T16:30:34.050835,3_LTE,0,1016,21067,6172,2943,324,3194,2342,0,0,320
01-05-2026-direct-postcopy-0077,CRIU,postcopy,no,1110,22489,5409,476,6995,0.03,x86_64,x86_64,True,True,transfer_mode=direct;lazy_pages_port=9999,2026-05-01T16:31:09.180559,3_LTE,0,1110,21392,6159,2975,356,3057,2351,0,0,289
01-05-2026-direct-postcopy-0078,CRIU,postcopy,no,1016,22379,5204,473,6693,0.03,x86_64,x86_64,True,True,transfer_mode=direct;lazy_pages_port=9999,2026-05-01T16:31:43.652165,3_LTE,0,1016,20654,6106,3083,330,2902,2302,0,0,406
01-05-2026-direct-postcopy-0079,CRIU,postcopy,no,1161,22506,5321,466,6948,0.03,x86_64,x86_64,True,True,transfer_mode=direct;lazy_pages_port=9999,2026-05-01T16:32:18.848125,3_LTE,0,1161,21365,6102,3083,317,2978,2343,0,0,312
