run_id,migration_method,transfer_mode,source_node,dest_node,src_dt_s,dst_dt_s,src_cpu_util_pct,dst_cpu_util_pct,cpu_util_pct_avg,src_mem_used_pct_before,src_mem_used_pct_after,src_mem_used_pct_delta,dst_mem_used_pct_before,dst_mem_used_pct_after,dst_mem_used_pct_delta,mem_used_pct_after_avg,mem_used_pct_delta_avg,src_disk_read_mb_s,src_disk_write_mb_s,src_disk_total_mb_s,dst_disk_read_mb_s,dst_disk_write_mb_s,dst_disk_total_mb_s,disk_total_mb_s_avg,timestamp
repeat-suite-20260330-212107-cold-host-001,cold,host,edge-node-1,edge-node-2,10.491323,10.447796,8.541267,6.805019,7.673143,19.302144,19.694952,0.392808,19.193440,19.336786,0.143346,19.515869,0.268077,0.000000,0.033510,0.033510,0.001122,0.027667,0.028789,0.031149,2026-03-30T21:21:30+0200
repeat-suite-20260330-212107-cold-host-002,cold,host,edge-node-1,edge-node-2,10.483626,10.489740,8.425614,6.650718,7.538166,19.999761,19.688382,-0.311379,19.327030,19.983834,0.656804,19.836108,0.172712,0.000000,0.032044,0.032044,0.000000,0.141507,0.141507,0.086776,2026-03-30T21:21:52+0200
repeat-suite-20260330-212107-cold-host-003,cold,host,edge-node-1,edge-node-2,11.066754,11.050280,9.434822,7.636031,8.535427,19.494864,19.462811,-0.032054,20.101895,20.259974,0.158079,19.861392,0.063013,0.000000,0.174721,0.174721,0.000000,0.203615,0.203615,0.189168,2026-03-30T21:22:15+0200
repeat-suite-20260330-212107-cold-host-004,cold,host,edge-node-1,edge-node-2,10.556149,10.561228,7.956170,6.008584,6.982377,19.378197,18.990764,-0.387433,20.304371,19.362668,-0.941704,19.176716,-0.664568,0.000000,0.031454,0.031454,0.000000,0.024411,0.024411,0.027933,2026-03-30T21:22:37+0200
repeat-suite-20260330-212107-cold-host-005,cold,host,edge-node-1,edge-node-2,10.439288,10.439152,8.647343,6.386067,7.516705,19.003307,18.978620,-0.024687,19.388350,19.407861,0.019511,19.193240,-0.002588,0.000000,0.061741,0.061741,0.000000,0.056877,0.056877,0.059309,2026-03-30T21:22:59+0200
repeat-suite-20260330-212107-cold-host-006,cold,host,edge-node-1,edge-node-2,11.127908,10.800518,8.612663,7.746150,8.179407,21.330689,19.738155,-1.592535,19.362867,19.484313,0.121446,19.611234,-0.735544,0.000000,0.042124,0.042124,0.000000,0.196750,0.196750,0.119437,2026-03-30T21:23:22+0200
repeat-suite-20260330-212107-cold-host-007,cold,host,edge-node-1,edge-node-2,10.414867,10.445049,8.563135,6.551060,7.557097,19.006691,19.688183,0.681491,20.001752,20.123397,0.121645,19.905790,0.401568,0.000000,0.044633,0.044633,0.000000,0.046748,0.046748,0.045690,2026-03-30T21:23:44+0200
repeat-suite-20260330-212107-cold-host-008,cold,host,edge-node-1,edge-node-2,10.524630,10.515757,8.285441,6.525912,7.405676,19.019632,19.070600,0.050967,19.869555,19.413834,-0.455721,19.242217,-0.202377,0.000000,0.075344,0.075344,0.000000,0.219537,0.219537,0.147440,2026-03-30T21:24:06+0200
repeat-suite-20260330-212107-cold-host-009,cold,host,edge-node-1,edge-node-2,10.888618,10.896704,8.244558,6.229196,7.236877,19.011868,18.979018,-0.032850,21.775460,19.359880,-2.415580,19.169449,-1.224215,0.000000,0.031570,0.031570,0.000000,0.023301,0.023301,0.027435,2026-03-30T21:24:29+0200
repeat-suite-20260330-212107-cold-host-010,cold,host,edge-node-1,edge-node-2,10.353123,10.362758,8.040936,6.453178,7.247057,18.988773,18.983199,-0.005575,19.382577,19.427571,0.044995,19.205385,0.019710,0.000000,0.052068,0.052068,0.000000,0.073505,0.073505,0.062787,2026-03-30T21:24:52+0200
repeat-suite-20260330-212107-cold-host-011,cold,host,edge-node-1,edge-node-2,10.440294,10.435905,8.739739,6.376812,7.558275,19.537669,19.857211,0.319542,19.368242,19.362867,-0.005375,19.610039,0.157083,0.000000,0.076701,0.076701,0.000000,0.225708,0.225708,0.151205,2026-03-30T21:25:14+0200
repeat-suite-20260330-212107-cold-host-012,cold,host,edge-node-1,edge-node-2,10.333368,10.334451,7.849829,6.679668,7.264749,19.581469,19.723621,0.142152,19.535877,19.833719,0.297841,19.778670,0.219996,0.000000,0.307711,0.307711,0.000000,0.025325,0.025325,0.166518,2026-03-30T21:25:36+0200
repeat-suite-20260330-212107-cold-host-013,cold,host,edge-node-1,edge-node-2,10.417957,10.435002,8.792271,6.428226,7.610248,19.051885,20.070638,1.018752,20.115035,19.384767,-0.730269,19.727702,0.144242,0.000000,0.072366,0.072366,0.000000,0.026578,0.026578,0.049472,2026-03-30T21:25:58+0200
repeat-suite-20260330-212107-cold-host-014,cold,host,edge-node-1,edge-node-2,10.918432,10.907547,9.178967,7.415937,8.297452,19.035958,19.017044,-0.018914,20.452496,19.448874,-1.003621,19.232959,-0.511268,0.000000,0.030768,0.030768,0.000000,0.238868,0.238868,0.134818,2026-03-30T21:26:21+0200
repeat-suite-20260330-212107-cold-host-015,cold,host,edge-node-1,edge-node-2,10.534691,10.531109,16.227860,6.574559,11.401210,19.021026,19.010275,-0.010751,19.479733,19.417418,-0.062316,19.213846,-0.036533,0.000000,0.199490,0.199490,0.000000,0.284128,0.284128,0.241809,2026-03-30T21:26:43+0200
repeat-suite-20260330-212107-cold-host-016,cold,host,edge-node-1,edge-node-2,10.506579,10.481127,8.815029,13.645130,11.230080,19.918731,19.178109,-0.740621,19.430757,20.667515,1.236758,19.922812,0.248068,0.000000,0.257651,0.257651,0.011926,0.259022,0.270948,0.264300,2026-03-30T21:27:06+0200
repeat-suite-20260330-212107-cold-host-017,cold,host,edge-node-1,edge-node-2,10.932290,10.608516,8.072175,7.590133,7.831154,20.517798,19.736960,-0.780838,19.371029,19.393328,0.022298,19.565144,-0.379270,0.000000,0.031086,0.031086,0.000000,0.025407,0.025407,0.028247,2026-03-30T21:27:28+0200
repeat-suite-20260330-212107-cold-host-018,cold,host,edge-node-1,edge-node-2,10.455554,10.452931,8.827786,6.388088,7.607937,19.013062,20.246635,1.233572,19.527914,19.386957,-0.140957,19.816796,0.546308,0.000000,0.028768,0.028768,0.000000,0.074740,0.074740,0.051754,2026-03-30T21:27:50+0200
repeat-suite-20260330-212107-cold-host-019,cold,host,edge-node-1,edge-node-2,10.331047,10.339874,8.264059,6.459446,7.361753,19.033370,19.017442,-0.015927,19.836705,19.453852,-0.382853,19.235647,-0.199390,0.000000,0.280556,0.280556,0.000000,0.258405,0.258405,0.269481,2026-03-30T21:28:13+0200
repeat-suite-20260330-212107-cold-host-020,cold,host,edge-node-1,edge-node-2,10.866263,10.865352,7.742235,6.193425,6.967830,19.268497,18.989370,-0.279127,20.849684,19.422992,-1.426691,19.206181,-0.852909,0.000000,0.043138,0.043138,0.000000,0.051770,0.051770,0.047454,2026-03-30T21:28:35+0200
repeat-suite-20260330-212107-cold-host-021,cold,host,edge-node-1,edge-node-2,10.523789,10.513019,8.824940,6.593407,7.709173,19.182888,20.114438,0.931550,19.431553,19.475154,0.043601,19.794796,0.487576,0.000000,0.066813,0.066813,0.000000,0.025266,0.025266,0.046040,2026-03-30T21:28:58+0200
repeat-suite-20260330-212107-cold-host-022,cold,host,edge-node-1,edge-node-2,10.341270,10.337150,8.191126,6.189084,7.190105,20.111252,19.739349,-0.371903,19.422395,19.494466,0.072071,19.616908,-0.149916,0.000000,0.032485,0.032485,0.000000,0.253938,0.253938,0.143212,2026-03-30T21:29:20+0200
repeat-suite-20260330-212107-cold-host-023,cold,host,edge-node-1,edge-node-2,10.561543,10.540975,8.408982,6.590258,7.499620,19.034963,19.686590,0.651627,20.133153,19.410250,-0.722902,19.548420,-0.035637,0.000000,0.235228,0.235228,0.000000,0.077821,0.077821,0.156525,2026-03-30T21:29:43+0200
repeat-suite-20260330-212107-cold-host-024,cold,host,edge-node-1,edge-node-2,10.504683,10.497354,8.549472,6.711409,7.630441,19.027596,19.208571,0.180974,19.520945,19.503425,-0.017520,19.355998,0.081727,0.000000,0.074743,0.074743,0.000000,0.024560,0.024560,0.049652,2026-03-30T21:30:05+0200
repeat-suite-20260330-212107-cold-host-025,cold,host,edge-node-1,edge-node-2,11.179815,11.145741,9.769335,7.330317,8.549826,19.016447,19.569723,0.553276,19.534285,20.383411,0.849126,19.976567,0.701201,0.000000,0.027603,0.027603,0.000000,0.024533,0.024533,0.026068,2026-03-30T21:30:28+0200
repeat-suite-20260330-212107-cold-host-026,cold,host,edge-node-1,edge-node-2,10.366110,10.360238,8.276534,6.386067,7.331300,19.556583,19.877718,0.321135,19.422992,19.433345,0.010353,19.655531,0.165744,0.000000,0.034291,0.034291,0.000000,0.284290,0.284290,0.159291,2026-03-30T21:30:50+0200
repeat-suite-20260330-212107-cold-host-027,cold,host,edge-node-1,edge-node-2,10.535629,10.535852,9.043062,6.258958,7.651010,19.892849,19.692164,-0.200684,19.392133,19.419608,0.027475,19.555886,-0.086605,0.000000,0.088613,0.088613,0.000000,0.040783,0.040783,0.064698,2026-03-30T21:31:12+0200
repeat-suite-20260330-212107-cold-host-028,cold,host,edge-node-1,edge-node-2,11.098921,10.884073,8.612663,7.852194,8.232428,20.552639,19.244805,-1.307834,20.162419,19.415825,-0.746594,19.330315,-1.027214,0.000000,0.039066,0.039066,0.000000,0.052399,0.052399,0.045733,2026-03-30T21:31:35+0200
repeat-suite-20260330-212107-cold-host-029,cold,host,edge-node-1,edge-node-2,10.319737,10.317796,8.003904,6.268364,7.136134,19.058057,19.005696,-0.052361,20.226327,19.438322,-0.788005,19.222009,-0.420183,0.000000,0.066620,0.066620,0.000000,0.028016,0.028016,0.047318,2026-03-30T21:31:57+0200
repeat-suite-20260330-212107-cold-host-030,cold,host,edge-node-1,edge-node-2,10.550396,10.551477,8.345255,6.876791,7.611023,19.039741,19.007090,-0.032651,19.571913,19.440711,-0.131201,19.223901,-0.081926,0.000000,0.033692,0.033692,0.000000,0.253223,0.253223,0.143458,2026-03-30T21:32:19+0200
repeat-suite-20260330-212107-cold-host-031,cold,host,edge-node-1,edge-node-2,10.934030,10.947718,8.655617,6.615897,7.635757,19.036555,19.168752,0.132197,20.960578,19.434341,-1.526237,19.301546,-0.697020,0.000000,0.046801,0.046801,0.000000,0.053878,0.053878,0.050339,2026-03-30T21:32:42+0200
repeat-suite-20260330-212107-cold-host-032,cold,host,edge-node-1,edge-node-2,10.387683,10.398579,8.098933,7.108317,7.603625,20.234490,19.601578,-0.632913,19.419409,19.440711,0.021303,19.521145,-0.305805,0.000000,0.275266,0.275266,0.000000,0.025169,0.025169,0.150217,2026-03-30T21:33:04+0200
repeat-suite-20260330-212107-cold-host-033,cold,host,edge-node-1,edge-node-2,10.346900,10.340701,7.939601,6.481481,7.210541,19.184879,20.238074,1.053195,20.565779,19.444096,-1.121683,19.841085,-0.034244,0.000000,0.034355,0.034355,0.000000,0.037020,0.037020,0.035688,2026-03-30T21:33:26+0200
repeat-suite-20260330-212107-cold-host-034,cold,host,edge-node-1,edge-node-2,10.287328,10.296286,7.982370,6.650367,7.316368,19.064627,19.048899,-0.015728,19.998766,19.415228,-0.583538,19.232063,-0.299633,0.000000,0.036453,0.036453,0.000000,0.316027,0.316027,0.176240,2026-03-30T21:33:49+0200
repeat-suite-20260330-212107-cold-host-035,cold,host,edge-node-1,edge-node-2,10.356863,10.515668,8.296943,6.330935,7.313939,19.065424,19.012465,-0.052958,19.432350,19.442304,0.009955,19.227385,-0.021502,0.000000,0.295320,0.295320,0.000000,0.024888,0.024888,0.160104,2026-03-30T21:34:11+0200
repeat-suite-20260330-212107-cold-host-036,cold,host,edge-node-1,edge-node-2,10.949968,10.996927,8.961397,7.480496,8.220946,19.023813,19.224498,0.200684,19.452259,20.182129,0.729870,19.703313,0.465277,0.000000,0.257207,0.257207,0.000000,0.057544,0.057544,0.157376,2026-03-30T21:34:34+0200
repeat-suite-20260330-212107-cold-host-037,cold,host,edge-node-1,edge-node-2,10.403439,10.371199,8.309038,6.456311,7.382674,19.609342,19.854822,0.245480,19.412839,19.402486,-0.010353,19.628654,0.117564,0.000000,0.031916,0.031916,0.000000,0.264404,0.264404,0.148160,2026-03-30T21:34:56+0200
repeat-suite-20260330-212107-cold-host-038,cold,host,edge-node-1,edge-node-2,10.410729,10.397114,8.712488,6.210577,7.461533,19.461815,20.032611,0.570796,20.538902,20.065660,-0.473241,20.049136,0.048777,0.000000,0.327562,0.327562,0.000000,0.041703,0.041703,0.184632,2026-03-30T21:35:18+0200
repeat-suite-20260330-212107-cold-host-039,cold,host,edge-node-1,edge-node-2,11.041824,10.734203,8.005618,7.648991,7.827305,20.488133,19.062238,-1.425895,19.801068,19.458232,-0.342836,19.260235,-0.884366,0.009198,0.180422,0.189620,0.000000,0.053858,0.053858,0.121739,2026-03-30T21:35:41+0200
repeat-suite-20260330-212107-cold-host-040,cold,host,edge-node-1,edge-node-2,10.425240,10.424347,8.630665,6.657019,7.643842,19.030184,19.025605,-0.004579,20.010512,19.450865,-0.559647,19.238235,-0.282113,0.000000,0.077561,0.077561,0.000000,0.024732,0.024732,0.051146,2026-03-30T21:36:03+0200
repeat-suite-20260330-212107-cold-direct-001,cold,direct,edge-node-1,edge-node-2,14.019706,14.010476,9.856115,7.750541,8.803328,19.052881,19.809230,0.756350,19.416820,19.444693,0.027873,19.626962,0.392111,0.000000,0.025076,0.025076,0.000000,0.234200,0.234200,0.129638,2026-03-30T21:36:28+0200
repeat-suite-20260330-212107-cold-direct-002,cold,direct,edge-node-1,edge-node-2,14.069973,14.047544,9.208633,7.380867,8.294750,19.070600,19.049297,-0.021303,20.448315,19.403083,-1.045232,19.226190,-0.533267,0.000000,0.213220,0.213220,0.000000,0.033647,0.033647,0.123433,2026-03-30T21:36:55+0200
repeat-suite-20260330-212107-cold-direct-003,cold,direct,edge-node-1,edge-node-2,13.933309,13.942887,9.396458,8.312252,8.854355,19.337582,19.818986,0.481404,19.427771,20.063869,0.636098,19.941427,0.558751,0.000000,0.204378,0.204378,0.000000,0.070040,0.070040,0.137209,2026-03-30T21:37:20+0200
repeat-suite-20260330-212107-cold-direct-004,cold,direct,edge-node-1,edge-node-2,14.521127,14.275245,8.515901,8.786168,8.651035,20.388587,19.043723,-1.344865,20.224934,19.432350,-0.792584,19.238036,-1.068724,0.000000,0.243180,0.243180,0.000000,0.032016,0.032016,0.137598,2026-03-30T21:37:46+0200
repeat-suite-20260330-212107-cold-direct-005,cold,direct,edge-node-1,edge-node-2,13.800212,13.771922,9.010989,8.122942,8.566965,19.522140,19.317474,-0.204666,19.479733,19.693956,0.214223,19.505715,0.004778,0.000000,0.039911,0.039911,0.000000,0.227195,0.227195,0.133553,2026-03-30T21:38:12+0200
repeat-suite-20260330-212107-cold-direct-006,cold,direct,edge-node-1,edge-node-2,14.351573,14.335193,9.062171,9.065355,9.063763,19.047505,19.879510,0.832004,20.297204,20.223938,-0.073266,20.051724,0.379369,0.000000,0.034295,0.034295,0.000000,0.234345,0.234345,0.134320,2026-03-30T21:38:38+0200
repeat-suite-20260330-212107-cold-direct-007,cold,direct,edge-node-1,edge-node-2,13.952756,13.975823,8.661133,8.414944,8.538038,19.412839,19.918133,0.505295,19.441110,19.469381,0.028271,19.693757,0.266783,0.000000,0.275763,0.275763,0.000000,0.067080,0.067080,0.171422,2026-03-30T21:39:04+0200
repeat-suite-20260330-212107-cold-direct-008,cold,direct,edge-node-1,edge-node-2,13.951642,13.936762,9.008683,7.272069,8.140376,19.123957,19.037153,-0.086804,20.190292,19.467589,-0.722703,19.252371,-0.404754,0.000000,0.219788,0.219788,0.000000,0.041482,0.041482,0.130635,2026-03-30T21:39:29+0200
repeat-suite-20260330-212107-cold-direct-009,cold,direct,edge-node-1,edge-node-2,14.010594,14.022748,8.623787,7.977941,8.300864,19.768616,19.078165,-0.690450,20.932705,19.445291,-1.487414,19.261728,-1.088932,0.000000,0.208269,0.208269,0.000000,0.033428,0.033428,0.120848,2026-03-30T21:39:55+0200
repeat-suite-20260330-212107-cold-direct-010,cold,direct,edge-node-1,edge-node-2,13.899012,13.905150,9.321727,7.820420,8.571073,19.041732,19.718444,0.676713,20.354543,19.452259,-0.902284,19.585352,-0.112785,0.000000,0.061549,0.061549,0.000000,0.033149,0.033149,0.047349,2026-03-30T21:40:21+0200
repeat-suite-20260330-212107-cold-direct-011,cold,direct,edge-node-1,edge-node-2,14.394253,14.365588,9.572230,8.726249,9.149240,20.088556,19.052483,-1.036073,19.431951,19.468385,0.036434,19.260434,-0.499820,0.000000,0.034193,0.034193,0.000000,0.258593,0.258593,0.146393,2026-03-30T21:40:47+0200
repeat-suite-20260330-212107-cold-direct-012,cold,direct,edge-node-1,edge-node-2,13.813185,13.787761,9.067642,7.430454,8.249048,19.065623,19.793900,0.728278,20.502269,19.423590,-1.078679,19.608745,-0.175201,0.000000,0.247725,0.247725,0.000000,0.233450,0.233450,0.240588,2026-03-30T21:41:12+0200
repeat-suite-20260330-212107-cold-direct-013,cold,direct,edge-node-1,edge-node-2,13.866533,14.402266,13.141251,7.399651,10.270451,20.141913,22.875044,2.733131,19.407463,19.486104,0.078641,21.180574,1.405886,0.000000,0.280295,0.280295,0.000000,0.028207,0.028207,0.154251,2026-03-30T21:41:38+0200
repeat-suite-20260330-212107-cold-direct-014,cold,direct,edge-node-1,edge-node-2,14.072887,14.087761,8.795138,14.100252,11.447695,19.057261,19.686789,0.629528,19.421798,21.552478,2.130680,20.619633,1.380104,0.000000,0.223168,0.223168,0.000277,0.186055,0.186332,0.204750,2026-03-30T21:42:05+0200
repeat-suite-20260330-212107-cold-direct-015,cold,direct,edge-node-1,edge-node-2,13.836883,13.819882,9.001458,7.563025,8.282241,19.075179,19.064030,-0.011149,20.545472,19.483118,-1.062354,19.273574,-0.536751,0.000000,0.024843,0.024843,0.000000,0.035049,0.035049,0.029946,2026-03-30T21:42:30+0200
repeat-suite-20260330-212107-cold-direct-016,cold,direct,edge-node-1,edge-node-2,14.247684,14.258446,8.917197,8.545198,8.731198,20.220156,20.234490,0.014335,19.436929,19.449272,0.012344,19.841881,0.013339,0.000000,0.063058,0.063058,0.000000,0.115337,0.115337,0.089198,2026-03-30T21:42:56+0200
repeat-suite-20260330-212107-cold-direct-017,cold,direct,edge-node-1,edge-node-2,13.749476,13.754541,9.050934,7.286708,8.168821,19.063433,19.060844,-0.002588,19.801267,19.441110,-0.360157,19.250977,-0.181373,0.000000,0.230691,0.230691,0.000000,0.114451,0.114451,0.172571,2026-03-30T21:43:22+0200
repeat-suite-20260330-212107-cold-direct-018,cold,direct,edge-node-1,edge-node-2,14.495588,14.515468,9.826389,8.350658,9.088524,19.081550,20.127578,1.046028,19.480132,20.492115,1.011983,20.309846,1.029006,0.000000,0.243878,0.243878,0.000000,0.133747,0.133747,0.188813,2026-03-30T21:43:48+0200
repeat-suite-20260330-212107-cold-direct-019,cold,direct,edge-node-1,edge-node-2,13.868134,13.892965,9.322651,7.914709,8.618680,19.047903,19.036157,-0.011746,20.838336,19.481525,-1.356810,19.258841,-0.684278,0.000000,0.272376,0.272376,0.000000,0.127369,0.127369,0.199872,2026-03-30T21:44:13+0200
repeat-suite-20260330-212107-cold-direct-020,cold,direct,edge-node-1,edge-node-2,13.917276,13.897900,9.321727,7.653246,8.487486,19.594609,19.818588,0.223978,19.412042,19.472367,0.060325,19.645477,0.142152,0.000000,0.033400,0.033400,0.000000,0.066894,0.066894,0.050147,2026-03-30T21:44:39+0200
repeat-suite-20260330-212107-cold-direct-021,cold,direct,edge-node-1,edge-node-2,14.332596,14.327194,9.520451,7.941071,8.730761,19.027397,19.057659,0.030262,20.976704,19.421001,-1.555703,19.239330,-0.762720,0.000000,0.112288,0.112288,0.000000,0.068161,0.068161,0.090225,2026-03-30T21:45:05+0200
repeat-suite-20260330-212107-cold-direct-022,cold,direct,edge-node-1,edge-node-2,13.839300,13.799636,8.695652,7.652874,8.174263,19.862189,19.057858,-0.804331,19.420404,19.483118,0.062714,19.270488,-0.370808,0.000000,0.226935,0.226935,0.000000,0.138987,0.138987,0.182961,2026-03-30T21:45:31+0200
repeat-suite-20260330-212107-cold-direct-023,cold,direct,edge-node-1,edge-node-2,14.364246,14.045803,8.695652,8.384092,8.539872,20.633669,19.877917,-0.755752,20.536313,19.473163,-1.063150,19.675540,-0.909451,0.000000,0.105242,0.105242,0.000000,0.154906,0.154906,0.130074,2026-03-30T21:45:57+0200
repeat-suite-20260330-212107-cold-direct-024,cold,direct,edge-node-1,edge-node-2,14.097554,14.110161,9.012876,7.609861,8.311368,19.919527,19.677033,-0.242494,19.455245,19.465001,0.009755,19.571017,-0.116369,0.000000,0.125798,0.125798,0.000000,0.054814,0.054814,0.090306,2026-03-30T21:46:23+0200
repeat-suite-20260330-212107-cold-direct-025,cold,direct,edge-node-1,edge-node-2,14.562979,14.544587,9.248355,7.187500,8.217927,19.081948,19.625867,0.543919,20.118221,19.459824,-0.658396,19.542846,-0.057239,0.000000,0.133848,0.133848,0.000000,0.143148,0.143148,0.138498,2026-03-30T21:46:49+0200
repeat-suite-20260330-212107-cold-direct-026,cold,direct,edge-node-1,edge-node-2,13.924985,13.848589,8.988355,8.230153,8.609254,19.135305,19.034564,-0.100740,19.467390,19.443698,-0.023692,19.239131,-0.062216,0.000000,0.037870,0.037870,0.000000,0.020027,0.020027,0.028949,2026-03-30T21:47:14+0200
repeat-suite-20260330-212107-cold-direct-027,cold,direct,edge-node-1,edge-node-2,13.753530,13.733579,9.387605,7.226706,8.307156,19.088319,19.167359,0.079039,20.054710,19.463607,-0.591103,19.315483,-0.256032,0.000000,0.067028,0.067028,0.000000,0.182320,0.182320,0.124674,2026-03-30T21:47:40+0200
repeat-suite-20260330-212107-cold-direct-028,cold,direct,edge-node-1,edge-node-2,14.276773,14.283669,8.695652,8.738548,8.717100,19.050093,19.017442,-0.032651,19.448675,19.464403,0.015728,19.240923,-0.008461,0.000000,0.033107,0.033107,0.000000,0.138379,0.138379,0.085743,2026-03-30T21:48:06+0200
repeat-suite-20260330-212107-cold-direct-029,cold,direct,edge-node-1,edge-node-2,13.992363,14.002218,9.225225,7.850071,8.537648,19.085333,19.426576,0.341243,19.448078,19.496656,0.048578,19.461616,0.194911,0.000000,0.133443,0.133443,0.000000,0.028176,0.028176,0.080810,2026-03-30T21:48:32+0200
repeat-suite-20260330-212107-cold-direct-030,cold,direct,edge-node-1,edge-node-2,14.375433,14.055909,8.622540,8.631805,8.627173,20.502866,19.058057,-1.444809,20.496097,20.625108,0.129011,19.841583,-0.657899,0.000000,0.162223,0.162223,0.000000,0.074757,0.074757,0.118490,2026-03-30T21:48:58+0200
repeat-suite-20260330-212107-cold-direct-031,cold,direct,edge-node-1,edge-node-2,13.776923,13.750264,8.824606,7.216117,8.020362,20.064466,19.301945,-0.762521,19.425979,19.446087,0.020108,19.374016,-0.371207,0.000000,0.143469,0.143469,0.000000,0.031818,0.031818,0.087643,2026-03-30T21:49:24+0200
repeat-suite-20260330-212107-cold-direct-032,cold,direct,edge-node-1,edge-node-2,14.097988,14.118965,10.139236,7.415330,8.777283,19.076174,20.169985,1.093810,20.153659,19.485507,-0.668152,19.827746,0.212829,0.000000,0.056524,0.056524,0.000000,0.043437,0.043437,0.049980,2026-03-30T21:49:50+0200
repeat-suite-20260330-212107-cold-direct-033,cold,direct,edge-node-1,edge-node-2,14.186903,14.187242,8.454707,7.622832,8.038770,19.433942,19.078165,-0.355777,20.817630,20.175957,-0.641673,19.627061,-0.498725,0.000000,0.064705,0.064705,0.000000,0.173737,0.173737,0.119221,2026-03-30T21:50:15+0200
repeat-suite-20260330-212107-cold-direct-034,cold,direct,edge-node-1,edge-node-2,13.965118,13.976629,9.009009,7.789398,8.399203,19.098274,20.323086,1.224812,19.936251,19.472566,-0.463685,19.897826,0.380564,0.000000,0.249785,0.249785,0.000000,0.017608,0.017608,0.133696,2026-03-30T21:50:41+0200
repeat-suite-20260330-212107-cold-direct-035,cold,direct,edge-node-1,edge-node-2,14.093290,14.088960,8.184417,8.595989,8.390203,19.829139,19.065623,-0.763517,19.470177,19.871148,0.400971,19.468385,-0.181273,0.000000,0.157710,0.157710,0.000000,0.189920,0.189920,0.173815,2026-03-30T21:51:07+0200
repeat-suite-20260330-212107-cold-direct-036,cold,direct,edge-node-1,edge-node-2,13.858590,13.892747,9.368192,7.778582,8.573387,19.080754,19.760453,0.679699,20.172374,19.524330,-0.648044,19.642391,0.015828,0.000000,0.192232,0.192232,0.000000,0.164767,0.164767,0.178499,2026-03-30T21:51:33+0200
repeat-suite-20260330-212107-cold-direct-037,cold,direct,edge-node-1,edge-node-2,14.063064,14.029321,9.849029,7.355579,8.602304,19.435734,19.082147,-0.353587,19.439119,19.477942,0.038823,19.280044,-0.157382,0.004444,0.033610,0.038054,0.000000,0.031185,0.031185,0.034619,2026-03-30T21:51:58+0200
repeat-suite-20260330-212107-cold-direct-038,cold,direct,edge-node-1,edge-node-2,13.805051,13.799182,9.167275,7.935930,8.551603,19.126943,19.755476,0.628533,20.318109,19.493670,-0.824439,19.624573,-0.097953,0.000000,0.042444,0.042444,0.000000,0.062560,0.062560,0.052502,2026-03-30T21:52:24+0200
repeat-suite-20260330-212107-cold-direct-039,cold,direct,edge-node-1,edge-node-2,13.784013,14.118530,9.481216,7.967131,8.724174,19.057659,20.511825,1.454166,19.454250,19.464403,0.010154,19.988114,0.732160,0.000000,0.069431,0.069431,0.000000,0.067232,0.067232,0.068331,2026-03-30T21:52:50+0200
repeat-suite-20260330-212107-cold-direct-040,cold,direct,edge-node-1,edge-node-2,13.962997,13.970854,9.045045,8.066259,8.555652,19.074781,19.683205,0.608424,20.166401,19.513380,-0.653021,19.598293,-0.022298,0.000000,0.164497,0.164497,0.000000,0.171395,0.171395,0.167946,2026-03-30T21:53:16+0200
repeat-suite-20260330-212107-precopy-host-001,precopy,host,edge-node-1,edge-node-2,15.783061,15.782384,6.832695,3.593005,5.212850,19.416024,19.055867,-0.360157,19.456639,19.699133,0.242494,19.377500,-0.058832,0.000000,0.163100,0.163100,0.000000,0.109151,0.109151,0.136125,2026-03-30T21:53:43+0200
repeat-suite-20260330-212107-precopy-host-002,precopy,host,edge-node-1,edge-node-2,16.030592,16.037290,6.587202,4.703669,5.645435,19.824361,19.057858,-0.766503,19.477344,19.526122,0.048777,19.291990,-0.358863,0.000000,0.204443,0.204443,0.000000,0.020704,0.020704,0.112573,2026-03-30T21:54:12+0200
repeat-suite-20260330-212107-precopy-host-003,precopy,host,edge-node-1,edge-node-2,15.811740,15.814986,7.224698,3.489848,5.357273,19.280244,19.853030,0.572787,20.555028,19.469978,-1.085050,19.661504,-0.256132,0.000000,0.080537,0.080537,0.000000,0.022230,0.022230,0.051384,2026-03-30T21:54:39+0200
repeat-suite-20260330-212107-precopy-host-004,precopy,host,edge-node-1,edge-node-2,15.997932,15.983367,7.718967,4.440333,6.079650,19.079161,19.742535,0.663374,20.429600,21.031056,0.601456,20.386795,0.632415,0.000000,0.078379,0.078379,0.000000,0.044480,0.044480,0.061430,2026-03-30T21:55:07+0200
repeat-suite-20260330-212107-precopy-host-005,precopy,host,edge-node-1,edge-node-2,15.880839,15.903983,6.685678,3.504894,5.095286,19.371627,19.051487,-0.320140,19.484512,19.475353,-0.009158,19.263420,-0.164649,0.000000,0.197270,0.197270,0.000000,0.144176,0.144176,0.170723,2026-03-30T21:55:35+0200
repeat-suite-20260330-212107-precopy-host-006,precopy,host,edge-node-1,edge-node-2,16.056941,16.040009,8.234189,3.468750,5.851470,19.079758,19.069405,-0.010353,19.461019,19.964323,0.503304,19.516864,0.246476,0.000000,0.149371,0.149371,0.000000,0.157321,0.157321,0.153346,2026-03-30T21:56:03+0200
repeat-suite-20260330-212107-precopy-host-007,precopy,host,edge-node-1,edge-node-2,15.781183,15.764831,7.154264,3.469128,5.311696,19.091305,20.192681,1.101376,20.319104,19.463806,-0.855298,19.828244,0.123039,0.000000,0.224506,0.224506,0.000000,0.001734,0.001734,0.113120,2026-03-30T21:56:30+0200
repeat-suite-20260330-212107-precopy-host-008,precopy,host,edge-node-1,edge-node-2,15.761837,16.046813,7.721281,3.789540,5.755410,20.333837,20.865014,0.531177,19.474159,19.480928,0.006769,20.172971,0.268973,0.000000,0.210407,0.210407,0.000000,0.151656,0.151656,0.181032,2026-03-30T21:56:58+0200
repeat-suite-20260330-212107-precopy-host-009,precopy,host,edge-node-1,edge-node-2,16.156599,16.117475,7.029053,3.527169,5.278111,19.745123,19.067215,-0.677907,20.759495,19.470973,-1.288522,19.269094,-0.983215,0.000000,0.052223,0.052223,0.000000,0.031992,0.031992,0.042107,2026-03-30T21:57:26+0200
repeat-suite-20260330-212107-precopy-host-010,precopy,host,edge-node-1,edge-node-2,15.806637,15.792969,7.213533,3.711929,5.462731,19.047505,20.112248,1.064743,19.990205,19.464802,-0.525403,19.788525,0.269670,0.000000,0.051650,0.051650,0.000000,0.001979,0.001979,0.026814,2026-03-30T21:57:54+0200
repeat-suite-20260330-212107-precopy-host-011,precopy,host,edge-node-1,edge-node-2,16.136639,16.147422,7.174049,4.382965,5.778507,19.095885,20.117026,1.021142,20.205622,19.510991,-0.694631,19.814008,0.163255,0.000000,0.099976,0.099976,0.000000,0.003871,0.003871,0.051923,2026-03-30T21:58:22+0200
repeat-suite-20260330-212107-precopy-host-012,precopy,host,edge-node-1,edge-node-2,15.711044,15.723828,6.916427,3.667092,5.291759,19.065025,19.046311,-0.018715,19.485706,19.572311,0.086605,19.309311,0.033945,0.000000,0.243907,0.243907,0.000000,0.133406,0.133406,0.188657,2026-03-30T21:58:49+0200
repeat-suite-20260330-212107-precopy-host-013,precopy,host,edge-node-1,edge-node-2,16.000839,15.982293,7.646318,4.503393,6.074856,20.124791,19.186073,-0.938718,19.539461,20.978695,1.439234,20.082384,0.250258,0.000000,0.187490,0.187490,0.000000,0.136381,0.136381,0.161936,2026-03-30T21:59:17+0200
repeat-suite-20260330-212107-precopy-host-014,precopy,host,edge-node-1,edge-node-2,15.758560,15.774771,7.211232,3.313157,5.262194,19.061442,19.747114,0.685672,20.358524,19.502430,-0.856094,19.624772,-0.085211,0.000000,0.190373,0.190373,0.000000,0.114403,0.114403,0.152388,2026-03-30T21:59:45+0200
repeat-suite-20260330-212107-precopy-host-015,precopy,host,edge-node-1,edge-node-2,16.000723,15.996297,7.583386,3.571429,5.577407,19.072193,19.546031,0.473838,19.503824,19.574501,0.070678,19.560266,0.272258,0.000000,0.251209,0.251209,0.000000,0.161903,0.161903,0.206556,2026-03-30T22:00:12+0200
repeat-suite-20260330-212107-precopy-host-016,precopy,host,edge-node-1,edge-node-2,15.816472,15.857121,7.151939,3.769401,5.460670,19.619496,19.082745,-0.536751,19.503425,19.488294,-0.015131,19.285519,-0.275941,0.000000,0.231414,0.231414,0.000000,0.136719,0.136719,0.184067,2026-03-30T22:00:40+0200
repeat-suite-20260330-212107-precopy-host-017,precopy,host,edge-node-1,edge-node-2,15.679836,16.027608,8.018868,3.223787,5.621328,19.052483,20.565182,1.512699,20.138130,19.490883,-0.647247,20.028032,0.432726,0.000000,0.039860,0.039860,0.000000,0.165973,0.165973,0.102917,2026-03-30T22:01:08+0200
repeat-suite-20260330-212107-precopy-host-018,precopy,host,edge-node-1,edge-node-2,16.000238,15.978063,6.798867,3.595506,5.197186,19.039143,20.036792,0.997649,22.003022,19.516366,-2.486656,19.776579,-0.744504,0.000000,0.044677,0.044677,0.000000,0.020291,0.020291,0.032484,2026-03-30T22:01:35+0200
repeat-suite-20260330-212107-precopy-host-019,precopy,host,edge-node-1,edge-node-2,15.790794,15.780708,6.666667,3.974563,5.320615,19.107830,19.078962,-0.028868,19.502032,19.509597,0.007565,19.294279,-0.010651,0.000000,0.255291,0.255291,0.000000,0.129955,0.129955,0.192623,2026-03-30T22:02:03+0200
repeat-suite-20260330-212107-precopy-host-020,precopy,host,edge-node-1,edge-node-2,15.977056,15.982522,6.423174,4.458399,5.440786,19.739349,19.057858,-0.681491,19.755276,19.637215,-0.118061,19.347537,-0.399776,0.000000,0.238379,0.238379,0.000000,0.033239,0.033239,0.135809,2026-03-30T22:02:31+0200
repeat-suite-20260330-212107-precopy-host-021,precopy,host,edge-node-1,edge-node-2,15.757435,15.736068,6.946223,3.257745,5.101984,19.066419,19.804054,0.737635,20.538902,19.484910,-1.053992,19.644482,-0.158178,0.000000,0.214433,0.214433,0.000000,0.126352,0.126352,0.170392,2026-03-30T22:02:58+0200
repeat-suite-20260330-212107-precopy-host-022,precopy,host,edge-node-1,edge-node-2,16.111650,16.123970,7.942464,4.555182,6.248823,19.094690,19.735765,0.641075,19.507009,20.803096,1.296087,20.269431,0.968581,0.000000,0.054066,0.054066,0.000000,0.164497,0.164497,0.109282,2026-03-30T22:03:26+0200
repeat-suite-20260330-212107-precopy-host-023,precopy,host,edge-node-1,edge-node-2,15.998049,15.999923,6.958438,3.608409,5.283424,19.414232,19.119178,-0.295054,19.485905,19.744326,0.258421,19.431752,-0.018316,0.000000,0.100842,0.100842,0.000000,0.003906,0.003906,0.052374,2026-03-30T22:03:54+0200
repeat-suite-20260330-212107-precopy-host-024,precopy,host,edge-node-1,edge-node-2,16.086825,16.087436,8.041302,3.187500,5.614401,19.071595,19.080754,0.009158,19.995182,19.515172,-0.480010,19.297963,-0.235426,0.000000,0.260549,0.260549,0.000000,0.023310,0.023310,0.141930,2026-03-30T22:04:22+0200
repeat-suite-20260330-212107-precopy-host-025,precopy,host,edge-node-1,edge-node-2,15.662040,15.651122,6.981982,3.236142,5.109062,19.079957,19.660310,0.580352,19.945807,19.503624,-0.442183,19.581967,0.069085,0.000000,0.206012,0.206012,0.000000,0.003494,0.003494,0.104753,2026-03-30T22:04:49+0200
repeat-suite-20260330-212107-precopy-host-026,precopy,host,edge-node-1,edge-node-2,15.726557,15.986386,7.960982,3.540100,5.750541,19.198815,20.340606,1.141791,19.484113,19.922713,0.438599,20.131659,0.790195,0.000000,0.199950,0.199950,0.000000,0.159560,0.159560,0.179755,2026-03-30T22:05:17+0200
repeat-suite-20260330-212107-precopy-host-027,precopy,host,edge-node-1,edge-node-2,16.005219,16.030524,6.314797,3.844921,5.079859,20.105280,19.059053,-1.046227,20.937881,19.717648,-1.220233,19.388350,-1.133230,0.000000,0.246746,0.246746,0.000000,0.173253,0.173253,0.210000,2026-03-30T22:05:45+0200
repeat-suite-20260330-212107-precopy-host-028,precopy,host,edge-node-1,edge-node-2,15.700985,15.726938,6.916427,3.538412,5.227420,19.095486,19.389744,0.294258,20.248028,19.511190,-0.736839,19.450467,-0.221290,0.000000,0.098272,0.098272,0.000000,0.017635,0.017635,0.057954,2026-03-30T22:06:12+0200
repeat-suite-20260330-212107-precopy-host-029,precopy,host,edge-node-1,edge-node-2,16.094942,16.091980,7.073552,4.461778,5.767665,19.032772,19.454847,0.422074,19.610736,19.502430,-0.108306,19.478638,0.156884,0.000000,0.050482,0.050482,0.000000,0.046850,0.046850,0.048666,2026-03-30T22:06:40+0200
repeat-suite-20260330-212107-precopy-host-030,precopy,host,edge-node-1,edge-node-2,15.808871,15.798503,6.917437,3.646164,5.281800,19.368242,19.044121,-0.324121,19.478937,19.925301,0.446364,19.484711,0.061121,0.004448,0.059796,0.064244,0.000000,0.128078,0.128078,0.096161,2026-03-30T22:07:08+0200
repeat-suite-20260330-212107-precopy-host-031,precopy,host,edge-node-1,edge-node-2,16.032776,16.025402,7.820352,4.176904,5.998628,19.061641,19.035759,-0.025882,19.991200,20.763676,0.772476,19.899717,0.373297,0.000000,0.040688,0.040688,0.000000,0.019500,0.019500,0.030094,2026-03-30T22:07:36+0200
repeat-suite-20260330-212107-precopy-host-032,precopy,host,edge-node-1,edge-node-2,15.914634,15.928050,6.892191,3.619767,5.255979,19.284225,19.390939,0.106713,20.300589,19.514973,-0.785616,19.452956,-0.339451,0.000000,0.249868,0.249868,0.000000,0.131450,0.131450,0.190659,2026-03-30T22:08:03+0200
repeat-suite-20260330-212107-precopy-host-033,precopy,host,edge-node-1,edge-node-2,16.081559,16.114029,8.098812,3.678304,5.888558,19.061840,19.054075,-0.007765,19.519154,19.713268,0.194114,19.383672,0.093175,0.000000,0.245574,0.245574,0.000000,0.138903,0.138903,0.192239,2026-03-30T22:08:31+0200
repeat-suite-20260330-212107-precopy-host-034,precopy,host,edge-node-1,edge-node-2,15.831005,15.872486,7.217806,3.517110,5.367458,19.996377,19.071794,-0.924582,19.478937,20.015888,0.536950,19.543841,-0.193816,0.000000,0.265006,0.265006,0.000000,0.122067,0.122067,0.193536,2026-03-30T22:08:59+0200
repeat-suite-20260330-212107-precopy-host-035,precopy,host,edge-node-1,edge-node-2,15.703639,15.994061,7.948476,3.355284,5.651880,19.085333,20.570557,1.485224,19.839890,19.496855,-0.343035,20.033706,0.571095,0.000000,0.039800,0.039800,0.000000,0.164612,0.164612,0.102206,2026-03-30T22:09:27+0200
repeat-suite-20260330-212107-precopy-host-036,precopy,host,edge-node-1,edge-node-2,15.981083,15.991588,6.731677,3.504823,5.118250,19.052682,19.540257,0.487576,21.030857,19.557777,-1.473080,19.549017,-0.492752,0.005622,0.049864,0.055486,0.000000,0.150714,0.150714,0.103100,2026-03-30T22:09:54+0200
repeat-suite-20260330-212107-precopy-host-037,precopy,host,edge-node-1,edge-node-2,15.986201,15.879878,7.011421,3.832753,5.422087,19.302542,19.054473,-0.248068,19.508004,19.616509,0.108505,19.335491,-0.069782,0.000000,0.108492,0.108492,0.000000,0.167271,0.167271,0.137882,2026-03-30T22:10:22+0200
repeat-suite-20260330-212107-precopy-host-038,precopy,host,edge-node-1,edge-node-2,16.323206,16.304828,7.100957,4.869029,5.984993,19.914550,19.032175,-0.882375,20.135143,20.059290,-0.075854,19.545732,-0.479114,0.000000,0.273527,0.273527,0.000000,0.017249,0.017249,0.145388,2026-03-30T22:10:50+0200
repeat-suite-20260330-212107-precopy-host-039,precopy,host,edge-node-1,edge-node-2,15.710640,15.714156,7.465556,3.602168,5.533862,19.085333,20.063072,0.977740,20.247431,19.549416,-0.698016,19.806244,0.139862,0.000000,0.243167,0.243167,0.000000,0.036044,0.036044,0.139606,2026-03-30T22:11:18+0200
repeat-suite-20260330-212107-precopy-host-040,precopy,host,edge-node-1,edge-node-2,17.069147,17.067349,12.047128,4.647059,8.347093,19.225095,19.618102,0.393007,19.645577,20.322688,0.677111,19.970395,0.535059,0.000000,0.161109,0.161109,0.000000,0.067060,0.067060,0.114085,2026-03-30T22:11:46+0200
repeat-suite-20260330-212107-precopy-direct-001,precopy,direct,edge-node-1,edge-node-2,19.272551,19.294914,7.907098,9.102765,8.504931,19.665486,19.728996,0.063510,19.481724,19.516167,0.034443,19.622582,0.048977,0.000000,0.131340,0.131340,0.000000,0.140095,0.140095,0.135717,2026-03-30T22:12:17+0200
repeat-suite-20260330-212107-precopy-direct-002,precopy,direct,edge-node-1,edge-node-2,19.815262,19.834779,8.282520,5.680954,6.981737,19.461417,19.795095,0.333678,19.520945,20.667515,1.146569,20.231305,0.740124,0.000000,0.102312,0.102312,0.000000,0.136282,0.136282,0.119297,2026-03-30T22:12:49+0200
repeat-suite-20260330-212107-precopy-direct-003,precopy,direct,edge-node-1,edge-node-2,19.193352,19.171788,7.722616,5.060304,6.391460,19.091106,20.110655,1.019549,19.605559,19.538864,-0.066696,19.824759,0.476427,0.000000,0.116210,0.116210,0.000000,0.146496,0.146496,0.131353,2026-03-30T22:13:20+0200
repeat-suite-20260330-212107-precopy-direct-004,precopy,direct,edge-node-1,edge-node-2,19.745754,19.707114,8.407871,5.405405,6.906638,19.044121,19.619894,0.575773,19.512783,20.208011,0.695228,19.913953,0.635501,0.000000,0.040555,0.040555,0.000000,0.152824,0.152824,0.096689,2026-03-30T22:13:51+0200
repeat-suite-20260330-212107-precopy-direct-005,precopy,direct,edge-node-1,edge-node-2,19.196613,19.175322,7.847769,5.081194,6.464482,19.054075,19.468783,0.414708,19.588637,19.643387,0.054750,19.556085,0.234729,0.000000,0.075697,0.075697,0.000000,0.173767,0.173767,0.124732,2026-03-30T22:14:22+0200
repeat-suite-20260330-212107-precopy-direct-006,precopy,direct,edge-node-1,edge-node-2,19.831211,19.507649,7.589055,5.929363,6.759209,20.542485,20.109461,-0.433025,19.516565,20.573743,1.057177,20.341602,0.312076,0.000000,0.063820,0.063820,0.000000,0.153786,0.153786,0.108803,2026-03-30T22:14:53+0200
repeat-suite-20260330-212107-precopy-direct-007,precopy,direct,edge-node-1,edge-node-2,19.208998,19.213974,7.708443,5.126864,6.417653,19.041333,19.420404,0.379071,19.521742,19.526520,0.004778,19.473462,0.191924,0.000000,0.066701,0.066701,0.000000,0.160202,0.160202,0.113451,2026-03-30T22:15:24+0200
repeat-suite-20260330-212107-precopy-direct-008,precopy,direct,edge-node-1,edge-node-2,19.839534,19.542627,7.932011,5.601233,6.766622,20.566575,19.747711,-0.818864,19.975273,20.397347,0.422074,20.072529,-0.198395,0.001969,0.187638,0.189607,0.000000,0.156109,0.156109,0.172858,2026-03-30T22:15:55+0200
repeat-suite-20260330-212107-precopy-direct-009,precopy,direct,edge-node-1,edge-node-2,19.322890,19.321761,7.870732,4.730959,6.300846,19.035958,19.045514,0.009556,20.064267,19.532891,-0.531376,19.289203,-0.260910,0.000000,0.150809,0.150809,0.000000,0.191049,0.191049,0.170929,2026-03-30T22:16:26+0200
repeat-suite-20260330-212107-precopy-direct-010,precopy,direct,edge-node-1,edge-node-2,19.881348,19.599495,7.605344,5.870290,6.737817,20.558612,19.071197,-1.487414,20.708727,21.150113,0.441386,20.110655,-0.523014,0.000000,0.157772,0.157772,0.000000,0.004385,0.004385,0.081078,2026-03-30T22:16:58+0200
repeat-suite-20260330-212107-precopy-direct-011,precopy,direct,edge-node-1,edge-node-2,19.272059,19.253759,7.786778,5.024863,6.405820,19.052682,19.050093,-0.002588,20.264155,20.614556,0.350401,19.832325,0.173907,0.000000,0.137424,0.137424,0.000000,0.001420,0.001420,0.069422,2026-03-30T22:17:28+0200
repeat-suite-20260330-212107-precopy-direct-012,precopy,direct,edge-node-1,edge-node-2,19.670424,19.356163,7.438231,5.914397,6.676314,20.507445,19.063632,-1.443813,20.350760,20.774427,0.423667,19.919029,-0.510073,0.000000,0.128882,0.128882,0.000000,0.028455,0.028455,0.078668,2026-03-30T22:18:00+0200
repeat-suite-20260330-212107-precopy-direct-013,precopy,direct,edge-node-1,edge-node-2,19.610157,19.597195,7.688352,5.341551,6.514951,19.036953,19.065822,0.028868,20.247033,19.695350,-0.551683,19.380586,-0.261407,0.000000,0.125095,0.125095,0.000000,0.020730,0.020730,0.072912,2026-03-30T22:18:31+0200
repeat-suite-20260330-212107-precopy-direct-014,precopy,direct,edge-node-1,edge-node-2,20.061174,19.741728,7.780612,5.723045,6.751829,20.750138,19.093495,-1.656642,19.815203,21.002586,1.187383,20.048041,-0.234630,0.000000,0.157137,0.157137,0.000000,0.041750,0.041750,0.099443,2026-03-30T22:19:03+0200
repeat-suite-20260330-212107-precopy-direct-015,precopy,direct,edge-node-1,edge-node-2,19.326260,19.334289,7.868682,5.253576,6.561129,19.442105,20.278888,0.836783,20.241259,20.266942,0.025683,20.272915,0.431233,0.000000,0.157655,0.157655,0.000000,0.018587,0.018587,0.088121,2026-03-30T22:19:34+0200
repeat-suite-20260330-212107-precopy-direct-016,precopy,direct,edge-node-1,edge-node-2,19.674696,19.386375,7.752341,5.680934,6.716638,20.396949,20.143107,-0.253842,20.693994,21.360553,0.666559,20.751830,0.206359,0.000000,0.155458,0.155458,0.000000,0.028814,0.028814,0.092136,2026-03-30T22:20:05+0200
repeat-suite-20260330-212107-precopy-direct-017,precopy,direct,edge-node-1,edge-node-2,19.206461,19.203955,7.553108,5.151674,6.352391,19.780362,20.340805,0.560443,19.542447,19.552999,0.010552,19.946902,0.285498,0.000000,0.151316,0.151316,0.000000,0.021561,0.021561,0.086439,2026-03-30T22:20:36+0200
repeat-suite-20260330-212107-precopy-direct-018,precopy,direct,edge-node-1,edge-node-2,19.792544,19.486013,7.779788,5.695876,6.737832,21.089191,19.757666,-1.331526,19.515371,20.325276,0.809905,20.041471,-0.260810,0.000000,0.045393,0.045393,0.000000,0.085799,0.085799,0.065596,2026-03-30T22:21:08+0200
repeat-suite-20260330-212107-precopy-direct-019,precopy,direct,edge-node-1,edge-node-2,19.379757,19.377539,7.380457,5.193456,6.286957,19.066021,19.451263,0.385243,19.507009,19.509000,0.001991,19.480132,0.193617,0.000000,0.176368,0.176368,0.000000,0.090512,0.090512,0.133440,2026-03-30T22:21:39+0200
repeat-suite-20260330-212107-precopy-direct-020,precopy,direct,edge-node-1,edge-node-2,19.798221,19.505654,7.753942,5.692942,6.723442,20.397347,19.212552,-1.184795,19.527117,20.571752,1.044634,19.892152,-0.070080,0.000000,0.157645,0.157645,0.000000,0.140985,0.140985,0.149315,2026-03-30T22:22:10+0200
repeat-suite-20260330-212107-precopy-direct-021,precopy,direct,edge-node-1,edge-node-2,19.480816,19.476227,8.018624,5.022004,6.520314,19.089514,20.098511,1.008997,19.547026,19.508204,-0.038823,19.803357,0.485087,0.000000,0.164625,0.164625,0.000000,0.112116,0.112116,0.138370,2026-03-30T22:22:41+0200
repeat-suite-20260330-212107-precopy-direct-022,precopy,direct,edge-node-1,edge-node-2,19.907803,19.625016,7.964149,5.953297,6.958723,20.516404,19.774190,-0.742214,19.539859,20.578322,1.038463,20.176256,0.148124,0.000000,0.175810,0.175810,0.000000,0.086385,0.086385,0.131098,2026-03-30T22:23:13+0200
repeat-suite-20260330-212107-precopy-direct-023,precopy,direct,edge-node-1,edge-node-2,19.134619,19.140182,7.684211,4.910714,6.297462,19.066419,19.067016,0.000597,19.532095,19.524330,-0.007765,19.295673,-0.003584,0.000000,0.066347,0.066347,0.000000,0.090818,0.090818,0.078583,2026-03-30T22:23:44+0200
repeat-suite-20260330-212107-precopy-direct-024,precopy,direct,edge-node-1,edge-node-2,19.824965,19.527076,7.644788,5.917160,6.780974,20.486142,19.075776,-1.410366,19.837900,20.582503,0.744603,19.829139,-0.332881,0.000000,0.071524,0.071524,0.000000,0.100622,0.100622,0.086073,2026-03-30T22:24:15+0200
repeat-suite-20260330-212107-precopy-direct-025,precopy,direct,edge-node-1,edge-node-2,19.235521,19.221648,7.883709,5.045752,6.464730,19.081152,19.065224,-0.015927,19.900812,19.563750,-0.337062,19.314487,-0.176495,0.000000,0.042646,0.042646,0.000000,0.100188,0.100188,0.071417,2026-03-30T22:24:46+0200
repeat-suite-20260330-212107-precopy-direct-026,precopy,direct,edge-node-1,edge-node-2,19.853434,19.533181,7.532134,6.059825,6.795979,20.324082,19.051089,-1.272993,20.614158,21.190529,0.576371,20.120809,-0.348311,0.000000,0.076144,0.076144,0.000000,0.094391,0.094391,0.085267,2026-03-30T22:25:17+0200
repeat-suite-20260330-212107-precopy-direct-027,precopy,direct,edge-node-1,edge-node-2,19.303963,19.284592,7.758621,5.319426,6.539024,19.063234,19.061840,-0.001394,20.490522,20.221947,-0.268575,19.641894,-0.134984,0.000000,0.158444,0.158444,0.000000,0.101887,0.101887,0.130165,2026-03-30T22:25:49+0200
repeat-suite-20260330-212107-precopy-direct-028,precopy,direct,edge-node-1,edge-node-2,19.721568,19.447606,7.465008,5.683286,6.574147,21.026278,19.194634,-1.831644,20.193079,20.708329,0.515249,19.951481,-0.658197,0.000000,0.071899,0.071899,0.000000,0.096413,0.096413,0.084156,2026-03-30T22:26:20+0200
repeat-suite-20260330-212107-precopy-direct-029,precopy,direct,edge-node-1,edge-node-2,19.467860,19.457568,11.630912,5.097025,8.363968,19.703712,19.532493,-0.171219,19.867166,19.864180,-0.002986,19.698336,-0.087103,0.000000,0.046952,0.046952,0.000000,0.133303,0.133303,0.090128,2026-03-30T22:26:51+0200
repeat-suite-20260330-212107-precopy-direct-030,precopy,direct,edge-node-1,edge-node-2,19.991513,19.674388,7.814502,9.966777,8.890640,20.971926,19.871944,-1.099982,20.255196,20.642827,0.387632,20.257386,-0.356175,0.000000,0.079331,0.079331,0.000000,0.154269,0.154269,0.116800,2026-03-30T22:27:23+0200
repeat-suite-20260330-212107-precopy-direct-031,precopy,direct,edge-node-1,edge-node-2,19.426836,19.412726,7.898155,5.321911,6.610033,19.446286,19.780959,0.334673,20.219160,20.091741,-0.127419,19.936350,0.103627,0.000000,0.074599,0.074599,0.000000,0.113891,0.113891,0.094245,2026-03-30T22:27:54+0200
repeat-suite-20260330-212107-precopy-direct-032,precopy,direct,edge-node-1,edge-node-2,19.859325,19.545156,7.708172,5.742982,6.725577,20.305168,19.810027,-0.495141,20.533725,21.039816,0.506091,20.424922,0.005475,0.000000,0.045437,0.045437,0.000000,0.123712,0.123712,0.084574,2026-03-30T22:28:25+0200
repeat-suite-20260330-212107-precopy-direct-033,precopy,direct,edge-node-1,edge-node-2,19.377797,19.364370,7.860489,5.230289,6.545389,19.089912,19.434341,0.344429,19.527316,19.663893,0.136577,19.549117,0.240503,0.000000,0.043341,0.043341,0.000000,0.135962,0.135962,0.089651,2026-03-30T22:28:56+0200
repeat-suite-20260330-212107-precopy-direct-034,precopy,direct,edge-node-1,edge-node-2,20.112952,19.773561,8.032537,5.906314,6.969425,20.664927,19.604166,-1.060761,19.553796,21.346617,1.792821,20.475391,0.366030,0.000000,0.158868,0.158868,0.000000,0.149742,0.149742,0.154305,2026-03-30T22:29:28+0200
repeat-suite-20260330-212107-precopy-direct-035,precopy,direct,edge-node-1,edge-node-2,19.417106,19.415872,7.917965,5.244029,6.580997,19.068012,19.544239,0.476227,19.551406,19.527515,-0.023891,19.535877,0.226168,0.000000,0.163757,0.163757,0.000000,0.117695,0.117695,0.140726,2026-03-30T22:29:59+0200
repeat-suite-20260330-212107-precopy-direct-036,precopy,direct,edge-node-1,edge-node-2,19.881476,19.581778,7.994859,5.749487,6.872173,20.584095,19.823565,-0.760530,19.495064,20.670899,1.175836,20.247232,0.207653,0.000000,0.187832,0.187832,0.000000,0.132058,0.132058,0.159945,2026-03-30T22:30:31+0200
repeat-suite-20260330-212107-precopy-direct-037,precopy,direct,edge-node-1,edge-node-2,19.428894,19.398301,7.868086,5.174207,6.521147,19.070600,19.063831,-0.006769,19.532294,19.529905,-0.002389,19.296868,-0.004579,0.000000,0.058909,0.058909,0.000000,0.134113,0.134113,0.096511,2026-03-30T22:31:02+0200
repeat-suite-20260330-212107-precopy-direct-038,precopy,direct,edge-node-1,edge-node-2,19.913225,19.610471,7.623203,5.953297,6.788250,20.479174,19.096283,-1.382891,19.528312,20.659153,1.130841,19.877718,-0.126025,0.000000,0.073561,0.073561,0.000000,0.141626,0.141626,0.107593,2026-03-30T22:31:34+0200
repeat-suite-20260330-212107-precopy-direct-039,precopy,direct,edge-node-1,edge-node-2,19.361655,19.317714,8.129234,5.053399,6.591317,19.088717,19.057858,-0.030859,20.079398,19.547226,-0.532172,19.302542,-0.281516,0.000000,0.063552,0.063552,0.000000,0.201200,0.201200,0.132376,2026-03-30T22:32:05+0200
repeat-suite-20260330-212107-precopy-direct-040,precopy,direct,edge-node-1,edge-node-2,20.051446,19.738905,7.761042,6.068332,6.914687,20.610973,19.085134,-1.525839,19.972685,21.076449,1.103765,20.080791,-0.211037,0.000000,0.061171,0.061171,0.000000,0.077179,0.077179,0.069175,2026-03-30T22:32:37+0200
30-03-2026-host-cold-0000,cold,host,edge-node-1,edge-node-2,11.279616,11.312104,8.600713,7.334852,7.967782,18.995741,19.144065,0.148323,19.400495,19.526719,0.126224,19.335392,0.137274,0.000000,0.026666,0.026666,0.000000,0.021755,0.021755,0.024210,2026-03-30T23:51:50+0200
30-03-2026-host-cold-0001,cold,host,edge-node-1,edge-node-2,11.386199,11.362374,9.276520,7.149201,8.212860,19.223303,19.796289,0.572986,20.730627,19.538864,-1.191763,19.667577,-0.309389,0.000000,0.026073,0.026073,0.000000,0.031972,0.031972,0.029023,2026-03-30T23:52:15+0200
30-03-2026-host-cold-0002,cold,host,edge-node-1,edge-node-2,11.374325,11.375740,8.558758,7.984120,8.271439,20.247232,19.078165,-1.169067,19.520348,19.556782,0.036434,19.317474,-0.566316,0.000000,0.132563,0.132563,0.000000,0.041549,0.041549,0.087056,2026-03-30T23:52:41+0200
30-03-2026-host-cold-0003,cold,host,edge-node-1,edge-node-2,11.687840,11.725668,9.004739,6.958763,7.981751,19.580872,20.056303,0.475431,20.555426,19.545434,-1.009992,19.800868,-0.267281,0.000000,0.150731,0.150731,0.000000,0.035646,0.035646,0.093188,2026-03-30T23:53:06+0200
30-03-2026-host-cold-0004,cold,host,edge-node-1,edge-node-2,11.894438,11.909346,10.398981,7.787904,9.093443,19.168951,19.258742,0.089790,19.519353,20.891493,1.372140,20.075117,0.730965,0.000000,0.029557,0.029557,0.000000,0.202047,0.202047,0.115802,2026-03-30T23:53:32+0200
30-03-2026-host-cold-0005,cold,host,edge-node-1,edge-node-2,11.384073,11.414991,8.322266,7.196468,7.759367,20.127379,19.404477,-0.722902,19.990404,19.539461,-0.450943,19.471969,-0.586922,0.000000,0.071372,0.071372,0.000000,0.268972,0.268972,0.170172,2026-03-30T23:53:58+0200
30-03-2026-host-cold-0006,cold,host,edge-node-1,edge-node-2,11.355841,11.356153,9.187750,7.101642,8.144696,19.056066,19.109821,0.053755,19.533687,19.606754,0.073067,19.358287,0.063411,0.000000,0.165457,0.165457,0.000000,0.023734,0.023734,0.094596,2026-03-30T23:54:23+0200
30-03-2026-host-cold-0007,cold,host,edge-node-1,edge-node-2,11.220099,11.209133,9.213483,7.197827,8.205655,19.855619,19.767222,-0.088397,20.674881,19.563153,-1.111728,19.665187,-0.600063,0.000000,0.032378,0.032378,0.000000,0.034849,0.034849,0.033613,2026-03-30T23:54:49+0200
30-03-2026-host-cold-0008,cold,host,edge-node-1,edge-node-2,11.344189,11.323612,9.345794,6.601249,7.973522,19.045514,19.060446,0.014932,19.537271,19.560565,0.023294,19.310505,0.019113,0.000000,0.082641,0.082641,0.000000,0.331166,0.331166,0.206904,2026-03-30T23:55:14+0200
30-03-2026-host-cold-0009,cold,host,edge-node-1,edge-node-2,11.753475,11.387724,8.355438,8.373948,8.364693,20.646013,19.806244,-0.839769,20.267340,19.583659,-0.683681,19.694952,-0.761725,0.000000,0.039882,0.039882,0.000000,0.278535,0.278535,0.159208,2026-03-30T23:55:39+0200
30-03-2026-host-cold-0010,cold,host,edge-node-1,edge-node-2,11.212138,11.232621,8.172429,6.806986,7.489708,19.096880,19.152028,0.055148,19.567732,19.577886,0.010154,19.364957,0.032651,0.000000,0.180120,0.180120,0.000000,0.231608,0.231608,0.205864,2026-03-30T23:56:04+0200
30-03-2026-host-cold-0011,cold,host,edge-node-1,edge-node-2,11.058712,11.493645,10.101010,6.447368,8.274189,19.840687,21.016523,1.175836,20.457473,19.538067,-0.919406,20.277295,0.128215,0.000000,0.192156,0.192156,0.000000,0.061515,0.061515,0.126836,2026-03-30T23:56:30+0200
30-03-2026-host-cold-0012,cold,host,edge-node-1,edge-node-2,11.428291,11.460431,16.893374,6.296786,11.595080,19.075577,19.769014,0.693437,19.547026,19.576691,0.029665,19.672852,0.361551,0.000000,0.031788,0.031788,0.000000,0.022837,0.022837,0.027312,2026-03-30T23:56:55+0200
30-03-2026-host-cold-0013,cold,host,edge-node-1,edge-node-2,11.263414,11.313403,8.961213,15.247436,12.104325,19.753684,20.048937,0.295253,20.347574,20.404515,0.056940,20.226726,0.176097,0.000000,0.029826,0.029826,0.000000,0.036945,0.036945,0.033385,2026-03-30T23:57:20+0200
30-03-2026-host-cold-0014,cold,host,edge-node-1,edge-node-2,11.570747,11.528195,8.844133,8.162375,8.503254,19.085333,19.070401,-0.014932,19.528710,19.532294,0.003584,19.301347,-0.005674,0.000000,0.151243,0.151243,0.000000,0.305298,0.305298,0.228271,2026-03-30T23:57:46+0200
30-03-2026-host-cold-0015,cold,host,edge-node-1,edge-node-2,11.068131,11.031381,8.900046,7.351598,8.125822,19.699929,20.244644,0.544715,20.446722,19.678029,-0.768693,19.961336,-0.111989,0.000000,0.037057,0.037057,0.000000,0.243977,0.243977,0.140517,2026-03-30T23:58:11+0200
30-03-2026-host-cold-0016,cold,host,edge-node-1,edge-node-2,11.392165,11.398201,10.216718,6.710817,8.463768,19.058057,19.194634,0.136577,20.017878,19.860994,-0.156884,19.527814,-0.010154,0.000000,0.237622,0.237622,0.000000,0.274851,0.274851,0.256237,2026-03-30T23:58:36+0200
30-03-2026-host-cold-0017,cold,host,edge-node-1,edge-node-2,11.248591,11.215678,9.217626,7.262066,8.239846,19.207774,19.372423,0.164649,19.539063,19.802063,0.263000,19.587243,0.213825,0.000000,0.198983,0.198983,0.000000,0.284549,0.284549,0.241766,2026-03-30T23:59:01+0200
30-03-2026-host-cold-0018,cold,host,edge-node-1,edge-node-2,11.039093,11.005979,9.414991,6.979927,8.197459,19.056664,19.063831,0.007167,20.362108,19.528312,-0.833796,19.296071,-0.413314,0.000000,0.221160,0.221160,0.000000,0.045430,0.045430,0.133295,2026-03-30T23:59:26+0200
30-03-2026-host-cold-0019,cold,host,edge-node-1,edge-node-2,11.133208,11.106073,9.090909,7.989106,8.540007,19.069804,19.881501,0.811697,19.511389,19.589234,0.077845,19.735367,0.444771,0.000000,0.029473,0.029473,0.000000,0.033414,0.033414,0.031443,2026-03-30T23:59:52+0200
30-03-2026-host-cold-0020,cold,host,edge-node-1,edge-node-2,10.033487,10.028098,7.981928,6.693508,7.337718,19.048700,20.453491,1.404791,20.541689,19.569723,-0.971966,20.011607,0.216413,0.000000,0.162736,0.162736,0.000000,0.301107,0.301107,0.231922,2026-03-31T00:00:15+0200
30-03-2026-host-cold-0021,cold,host,edge-node-1,edge-node-2,10.345947,10.360332,8.820663,6.504854,7.662759,19.727204,19.935056,0.207852,19.564148,19.540656,-0.023493,19.737856,0.092179,0.000000,0.323949,0.323949,0.000000,0.100292,0.100292,0.212121,2026-03-31T00:00:38+0200
30-03-2026-host-cold-0022,cold,host,edge-node-1,edge-node-2,10.082003,10.120620,8.159204,6.666667,7.412935,19.064826,19.078564,0.013737,19.528511,19.529108,0.000597,19.303836,0.007167,0.000000,0.045331,0.045331,0.000000,0.047088,0.047088,0.046210,2026-03-31T00:01:02+0200
30-03-2026-host-cold-0023,cold,host,edge-node-1,edge-node-2,10.087337,10.081701,7.950000,6.306306,7.128153,19.827945,19.556782,-0.271163,19.962531,19.609939,-0.352591,19.583361,-0.311877,0.000000,0.029430,0.029430,0.000000,0.025572,0.025572,0.027501,2026-03-31T00:01:25+0200
30-03-2026-host-cold-0024,cold,host,edge-node-1,edge-node-2,10.294016,10.302892,7.711079,7.530562,7.620820,19.624871,19.591026,-0.033846,20.442939,19.793303,-0.649636,19.692164,-0.341741,0.000000,0.028840,0.028840,0.000000,0.025402,0.025402,0.027121,2026-03-31T00:01:48+0200
30-03-2026-host-cold-0025,cold,host,edge-node-1,edge-node-2,9.948848,9.940212,7.544304,6.973219,7.258761,19.056664,19.079360,0.022696,19.534285,19.565144,0.030859,19.322252,0.026778,0.000000,0.259531,0.259531,0.000000,0.216136,0.216136,0.237833,2026-03-31T00:02:11+0200
30-03-2026-host-cold-0026,cold,host,edge-node-1,edge-node-2,10.119009,10.141073,8.445107,5.856079,7.150593,19.074383,19.062238,-0.012145,19.539660,19.564547,0.024886,19.313392,0.006371,0.000000,0.315773,0.315773,0.000000,0.210699,0.210699,0.263236,2026-03-31T00:02:34+0200
30-03-2026-host-cold-0027,cold,host,edge-node-1,edge-node-2,10.396462,10.345718,7.834550,6.127574,6.981062,19.532294,19.831329,0.299036,21.014731,19.579279,-1.435451,19.705304,-0.568208,0.000000,0.031185,0.031185,0.000000,0.025675,0.025675,0.028430,2026-03-31T00:02:57+0200
30-03-2026-host-cold-0028,cold,host,edge-node-1,edge-node-2,10.054610,10.053549,7.919799,6.412826,7.166313,19.088120,19.090310,0.002190,20.938678,19.537271,-1.401407,19.313790,-0.699608,0.000000,0.033411,0.033411,0.000000,0.070327,0.070327,0.051869,2026-03-31T00:03:20+0200
30-03-2026-host-cold-0029,cold,host,edge-node-1,edge-node-2,10.330549,10.358883,9.294404,6.462585,7.878494,19.090907,19.829339,0.738431,19.551406,19.548221,-0.003185,19.688780,0.367623,0.090372,0.322920,0.413292,0.000000,0.148197,0.148197,0.280744,2026-03-31T00:03:43+0200
30-03-2026-direct-cold-0000,cold,direct,edge-node-1,edge-node-2,13.366678,13.383106,8.615500,8.198571,8.407036,19.551207,19.451662,-0.099546,19.553397,19.650554,0.097157,19.551108,-0.001195,0.000000,0.198722,0.198722,0.061587,0.198770,0.260356,0.229539,2026-03-31T00:04:10+0200
30-03-2026-direct-cold-0001,cold,direct,edge-node-1,edge-node-2,13.453629,13.799328,9.894122,7.387191,8.640656,19.069206,20.620927,1.551721,19.556981,19.550610,-0.006371,20.085769,0.772675,0.000000,0.022647,0.022647,0.000000,0.133045,0.133045,0.077846,2026-03-31T00:04:37+0200
30-03-2026-direct-cold-0002,cold,direct,edge-node-1,edge-node-2,13.939425,13.956456,8.637514,7.933579,8.285546,19.532493,19.047903,-0.484589,21.584332,19.554393,-2.029939,19.301148,-1.257264,0.000000,0.062772,0.062772,0.000000,0.073331,0.073331,0.068051,2026-03-31T00:05:03+0200
30-03-2026-direct-cold-0003,cold,direct,edge-node-1,edge-node-2,13.524960,13.502858,9.023117,7.838746,8.430931,19.042528,19.311501,0.268973,19.580076,19.673450,0.093374,19.492475,0.181173,0.000000,0.026282,0.026282,0.000000,0.020829,0.020829,0.023556,2026-03-31T00:05:30+0200
30-03-2026-direct-cold-0004,cold,direct,edge-node-1,edge-node-2,13.956628,13.870582,8.438514,9.001815,8.720165,19.708291,19.051686,-0.656605,20.441546,19.606555,-0.834991,19.329121,-0.745798,0.000000,0.243500,0.243500,0.000000,0.054071,0.054071,0.148786,2026-03-31T00:05:57+0200
30-03-2026-direct-cold-0005,cold,direct,edge-node-1,edge-node-2,13.644903,13.618230,8.620052,7.769145,8.194599,20.278091,19.267303,-1.010789,20.230309,19.543045,-0.687265,19.405174,-0.849027,0.000000,0.225588,0.225588,0.000000,0.058515,0.058515,0.142052,2026-03-31T00:06:23+0200
30-03-2026-direct-cold-0006,cold,direct,edge-node-1,edge-node-2,13.653072,13.643933,9.500924,7.311669,8.406297,19.097676,19.593813,0.496137,19.522737,19.579279,0.056542,19.586546,0.276339,0.000000,0.223450,0.223450,0.000000,0.139428,0.139428,0.181439,2026-03-31T00:06:50+0200
30-03-2026-direct-cold-0007,cold,direct,edge-node-1,edge-node-2,13.678916,13.663469,8.434622,8.109104,8.271863,19.080355,19.114201,0.033846,20.094927,19.632238,-0.462689,19.373219,-0.214422,0.000000,0.090525,0.090525,0.000000,0.161242,0.161242,0.125883,2026-03-31T00:07:17+0200
30-03-2026-direct-cold-0008,cold,direct,edge-node-1,edge-node-2,13.593853,13.848387,10.007278,7.798834,8.903056,20.249621,20.823205,0.573583,19.584854,19.809031,0.224177,20.316118,0.398880,0.000000,0.030172,0.030172,0.000000,0.202246,0.202246,0.116209,2026-03-31T00:07:44+0200
30-03-2026-direct-cold-0009,cold,direct,edge-node-1,edge-node-2,14.042134,14.031602,9.054977,7.609900,8.332438,19.088120,19.721033,0.632913,21.354381,19.599388,-1.754994,19.660210,-0.561041,0.000000,0.034216,0.034216,0.000000,0.031458,0.031458,0.032837,2026-03-31T00:08:10+0200
30-03-2026-direct-cold-0010,cold,direct,edge-node-1,edge-node-2,13.641045,13.651721,8.523985,8.041313,8.282649,19.433544,19.077966,-0.355578,20.088158,19.578085,-0.510073,19.328026,-0.432825,0.000000,0.034650,0.034650,0.000000,0.031189,0.031189,0.032919,2026-03-31T00:08:37+0200
30-03-2026-direct-cold-0011,cold,direct,edge-node-1,edge-node-2,13.789476,13.793076,8.552632,9.074277,8.813454,19.485109,19.907383,0.422274,19.553198,19.591225,0.038027,19.749304,0.230150,0.000000,0.022096,0.022096,0.000000,0.193995,0.193995,0.108045,2026-03-31T00:09:04+0200
30-03-2026-direct-cold-0012,cold,direct,edge-node-1,edge-node-2,13.599148,13.583721,9.276438,7.660992,8.468715,19.096880,19.082147,-0.014733,20.553037,19.652545,-0.900492,19.367346,-0.457612,0.000000,0.262827,0.262827,0.000000,0.020705,0.020705,0.141766,2026-03-31T00:09:30+0200
30-03-2026-direct-cold-0013,cold,direct,edge-node-1,edge-node-2,13.706948,13.716265,9.676233,7.745962,8.711097,19.786932,19.350324,-0.436608,19.574501,19.600980,0.026479,19.475652,-0.205064,0.005415,0.226562,0.231976,0.000000,0.163469,0.163469,0.197723,2026-03-31T00:09:57+0200
30-03-2026-direct-cold-0014,cold,direct,edge-node-1,edge-node-2,13.432170,13.418851,9.268293,7.472775,8.370534,19.127540,19.273474,0.145934,19.550212,19.557777,0.007565,19.415626,0.076750,0.000000,0.230324,0.230324,0.000000,0.213960,0.213960,0.222142,2026-03-31T00:10:23+0200
30-03-2026-direct-cold-0015,cold,direct,edge-node-1,edge-node-2,13.298686,13.583467,9.447944,7.087199,8.267571,19.107631,20.527354,1.419723,20.277693,19.554194,-0.723499,20.040774,0.348112,0.000000,0.078720,0.078720,0.000000,0.075632,0.075632,0.077176,2026-03-31T00:10:50+0200
30-03-2026-direct-cold-0016,cold,direct,edge-node-1,edge-node-2,13.723813,13.711332,8.492647,7.593985,8.043316,19.083143,19.555388,0.472246,21.069083,20.056701,-1.012382,19.806045,-0.270068,0.000000,0.038995,0.038995,0.000000,0.031623,0.031623,0.035309,2026-03-31T00:11:16+0200
30-03-2026-direct-cold-0017,cold,direct,edge-node-1,edge-node-2,13.848557,13.842495,8.657694,8.169220,8.413457,19.088518,19.083342,-0.005176,20.612964,19.541452,-1.071512,19.312397,-0.538344,0.000000,0.241733,0.241733,0.000000,0.020036,0.020036,0.130884,2026-03-31T00:11:43+0200
30-03-2026-direct-cold-0018,cold,direct,edge-node-1,edge-node-2,13.678558,13.656306,8.364038,8.724584,8.544311,20.029824,19.105242,-0.924582,19.551805,20.006331,0.454526,19.555787,-0.235028,0.000000,0.291001,0.291001,0.000000,0.057494,0.057494,0.174247,2026-03-31T00:12:09+0200
30-03-2026-direct-cold-0019,cold,direct,edge-node-1,edge-node-2,13.480305,13.475437,8.716798,12.199700,10.458249,19.057858,19.758462,0.700604,21.119851,19.572709,-1.547142,19.665586,-0.423269,0.004636,0.268911,0.273547,0.000000,0.219439,0.219439,0.246493,2026-03-31T00:12:36+0200
30-03-2026-direct-cold-0020,cold,direct,edge-node-1,edge-node-2,13.718633,13.738548,9.097579,7.216117,8.156848,19.674644,19.071794,-0.602850,20.074819,19.559768,-0.515050,19.315781,-0.558950,0.000000,0.025911,0.025911,0.000000,0.183107,0.183107,0.104509,2026-03-31T00:13:02+0200
30-03-2026-direct-cold-0021,cold,direct,edge-node-1,edge-node-2,13.365783,13.346553,8.915754,7.399018,8.157386,19.096482,19.555787,0.459305,19.533090,19.647966,0.114876,19.601876,0.287090,0.000000,0.070434,0.070434,0.000000,0.034536,0.034536,0.052485,2026-03-31T00:13:28+0200
30-03-2026-direct-cold-0022,cold,direct,edge-node-1,edge-node-2,13.517511,13.787269,10.204828,7.228916,8.716872,19.833719,20.543282,0.709563,20.601217,19.592021,-1.009196,20.067651,-0.149817,0.000000,0.259212,0.259212,0.000000,0.078764,0.078764,0.168988,2026-03-31T00:13:55+0200
30-03-2026-direct-cold-0023,cold,direct,edge-node-1,edge-node-2,13.856942,13.849880,8.218182,7.798507,8.008345,19.886677,19.297166,-0.589511,21.463085,19.632835,-1.830250,19.465001,-1.209881,0.000000,0.250044,0.250044,0.000000,0.019743,0.019743,0.134893,2026-03-31T00:14:22+0200
30-03-2026-direct-cold-0024,cold,direct,edge-node-1,edge-node-2,13.562259,13.571940,9.215905,7.786429,8.501167,19.097676,20.003345,0.905668,19.590229,19.572510,-0.017719,19.787927,0.443975,0.000000,0.288312,0.288312,0.000000,0.065623,0.065623,0.176967,2026-03-31T00:14:48+0200
30-03-2026-direct-cold-0025,cold,direct,edge-node-1,edge-node-2,13.890226,13.857408,8.536142,8.895370,8.715756,19.530502,19.173331,-0.357171,20.091741,19.573506,-0.518236,19.373418,-0.437703,0.000000,0.032622,0.032622,0.009020,0.078365,0.087386,0.060004,2026-03-31T00:15:15+0200
30-03-2026-direct-cold-0026,cold,direct,edge-node-1,edge-node-2,13.507986,13.501096,9.135155,7.910448,8.522802,19.665884,19.848252,0.182368,19.592220,19.710282,0.118061,19.779267,0.150215,0.000000,0.217464,0.217464,0.000000,0.190089,0.190089,0.203776,2026-03-31T00:15:41+0200
30-03-2026-direct-cold-0027,cold,direct,edge-node-1,edge-node-2,13.782464,13.762980,9.630172,7.613470,8.621821,19.101061,19.104844,0.003783,20.692999,19.609342,-1.083656,19.357093,-0.539937,0.000000,0.179973,0.179973,0.000000,0.197257,0.197257,0.188615,2026-03-31T00:16:08+0200
30-03-2026-direct-cold-0028,cold,direct,edge-node-1,edge-node-2,13.345551,13.347079,8.418271,7.240334,7.829302,19.655731,19.064428,-0.591302,20.352552,20.093334,-0.259217,19.578881,-0.425260,0.000000,0.033953,0.033953,0.000000,0.185551,0.185551,0.109752,2026-03-31T00:16:34+0200
30-03-2026-direct-cold-0029,cold,direct,edge-node-1,edge-node-2,13.342982,13.632988,9.633197,7.021434,8.327316,19.099866,21.133589,2.033722,19.572510,19.638210,0.065700,20.385900,1.049711,0.000000,0.026348,0.026348,0.000000,0.067907,0.067907,0.047128,2026-03-31T00:17:01+0200
30-03-2026-host-precopy-0000,precopy,host,edge-node-1,edge-node-2,16.033299,16.036909,6.744040,3.162939,4.953490,19.087125,19.157006,0.069881,21.623952,19.618102,-2.005849,19.387554,-0.967984,0.000000,0.071628,0.071628,0.000000,0.123494,0.123494,0.097561,2026-03-31T00:17:30+0200
30-03-2026-host-precopy-0001,precopy,host,edge-node-1,edge-node-2,15.785175,15.757099,6.807287,3.447175,5.127231,19.892849,19.081550,-0.811299,19.562157,19.616908,0.054750,19.349229,-0.378274,0.000000,0.068547,0.068547,0.000000,0.123456,0.123456,0.096002,2026-03-31T00:17:58+0200
30-03-2026-host-precopy-0002,precopy,host,edge-node-1,edge-node-2,15.930009,15.924894,6.565657,4.291575,5.428616,20.215776,19.055270,-1.160506,19.554791,19.771005,0.216214,19.413137,-0.472146,0.000000,0.076752,0.076752,0.000000,0.169006,0.169006,0.122879,2026-03-31T00:18:27+0200
30-03-2026-host-precopy-0003,precopy,host,edge-node-1,edge-node-2,15.718307,15.717360,7.145146,3.609071,5.377108,19.108626,20.252010,1.143384,19.558972,19.823963,0.264991,20.037987,0.704187,0.000000,0.041005,0.041005,0.000000,0.146136,0.146136,0.093571,2026-03-31T00:18:55+0200
30-03-2026-host-precopy-0004,precopy,host,edge-node-1,edge-node-2,16.204421,16.167523,7.153966,4.699658,5.926812,19.140083,19.836108,0.696025,20.205622,21.341241,1.135619,20.588674,0.915822,0.000000,0.077863,0.077863,0.000000,0.006765,0.006765,0.042314,2026-03-31T00:19:25+0200
30-03-2026-host-precopy-0005,precopy,host,edge-node-1,edge-node-2,15.825833,15.838314,7.027027,3.390368,5.208697,19.094292,20.286055,1.191763,20.561399,19.556384,-1.005015,19.921219,0.093374,0.000000,0.172039,0.172039,0.000000,0.012085,0.012085,0.092062,2026-03-31T00:19:54+0200
30-03-2026-host-precopy-0006,precopy,host,edge-node-1,edge-node-2,16.122400,15.935730,7.027027,3.524229,5.275628,20.386397,19.114997,-1.271400,20.439157,19.573107,-0.866049,19.344052,-1.068724,0.000000,0.184138,0.184138,0.000000,0.028189,0.028189,0.106164,2026-03-31T00:20:23+0200
30-03-2026-host-precopy-0007,precopy,host,edge-node-1,edge-node-2,15.669246,15.671773,6.576837,3.311897,4.944367,19.343157,19.138888,-0.204268,20.076212,19.583659,-0.492553,19.361274,-0.348411,0.000000,0.187968,0.187968,0.000000,0.003988,0.003988,0.095978,2026-03-31T00:20:51+0200
30-03-2026-host-precopy-0008,precopy,host,edge-node-1,edge-node-2,16.243047,16.252491,7.625542,3.739184,5.682363,19.967707,19.098473,-0.869235,19.573705,19.585451,0.011746,19.341962,-0.428744,0.000000,0.146216,0.146216,0.000000,0.152380,0.152380,0.149298,2026-03-31T00:21:21+0200
30-03-2026-host-precopy-0009,precopy,host,edge-node-1,edge-node-2,15.764488,15.767930,7.250080,3.690741,5.470411,19.105839,19.096084,-0.009755,19.552402,20.040973,0.488571,19.568528,0.239408,0.000000,0.162053,0.162053,0.000000,0.186048,0.186048,0.174051,2026-03-31T00:21:50+0200
30-03-2026-host-precopy-0010,precopy,host,edge-node-1,edge-node-2,16.055461,16.065304,7.682659,3.813692,5.748175,19.065025,19.718843,0.653817,19.622482,19.684400,0.061918,19.701621,0.357867,0.000000,0.209236,0.209236,0.000000,0.038661,0.038661,0.123948,2026-03-31T00:22:19+0200
30-03-2026-host-precopy-0011,precopy,host,edge-node-1,edge-node-2,16.218519,16.204524,7.254047,3.537587,5.395817,19.081749,19.830931,0.749182,20.899855,19.594410,-1.305445,19.712671,-0.278131,0.000000,0.152218,0.152218,0.000000,0.025552,0.025552,0.088885,2026-03-31T00:22:48+0200
30-03-2026-host-precopy-0012,precopy,host,edge-node-1,edge-node-2,15.975765,16.000619,7.682620,3.448276,5.565448,19.211358,19.535678,0.324320,20.766264,19.599786,-1.166479,19.567732,-0.421079,0.000000,0.097315,0.097315,0.000000,0.014404,0.014404,0.055860,2026-03-31T00:23:17+0200
30-03-2026-host-precopy-0013,precopy,host,edge-node-1,edge-node-2,16.154856,16.146600,7.047085,4.228856,5.637970,19.470376,19.095287,-0.375089,20.150872,19.605360,-0.545511,19.350324,-0.460300,0.000000,0.086323,0.086323,0.000000,0.131607,0.131607,0.108965,2026-03-31T00:23:46+0200
30-03-2026-host-precopy-0014,precopy,host,edge-node-1,edge-node-2,16.097272,16.083890,7.701941,3.496722,5.599331,19.348930,19.607749,0.258819,19.560565,19.564148,0.003584,19.585949,0.131201,0.000000,0.057269,0.057269,0.000000,0.157864,0.157864,0.107566,2026-03-31T00:24:15+0200
30-03-2026-host-precopy-0015,precopy,host,edge-node-1,edge-node-2,16.062427,16.053005,6.833856,4.508453,5.671155,20.126184,19.088120,-1.038064,19.558773,20.822209,1.263436,19.955165,0.112686,0.000000,0.050827,0.050827,0.000000,0.164251,0.164251,0.107539,2026-03-31T00:24:44+0200
30-03-2026-host-precopy-0016,precopy,host,edge-node-1,edge-node-2,15.807999,16.082291,8.015028,3.560275,5.787652,19.203991,21.340047,2.136055,19.578881,20.342995,0.764114,20.841521,1.450085,0.000000,0.103784,0.103784,0.000000,0.215930,0.215930,0.159857,2026-03-31T00:25:13+0200
30-03-2026-host-precopy-0017,precopy,host,edge-node-1,edge-node-2,15.884472,15.861963,7.233503,3.738910,5.486206,19.082944,20.162618,1.079675,20.454487,19.627061,-0.827425,19.894840,0.126125,0.000000,0.090989,0.090989,0.000000,0.145789,0.145789,0.118389,2026-03-31T00:25:41+0200
30-03-2026-host-precopy-0018,precopy,host,edge-node-1,edge-node-2,15.809821,15.814017,7.550175,3.209406,5.379790,19.082346,19.747114,0.664767,20.364696,19.611532,-0.753164,19.679323,-0.044198,0.000000,0.058804,0.058804,0.000000,0.001729,0.001729,0.030267,2026-03-31T00:26:10+0200
30-03-2026-host-precopy-0019,precopy,host,edge-node-1,edge-node-2,15.738502,15.734312,6.886611,3.254627,5.070619,19.120572,19.101459,-0.019113,20.076013,19.596202,-0.479811,19.348831,-0.249462,0.000000,0.094811,0.094811,0.000000,0.033267,0.033267,0.064039,2026-03-31T00:26:39+0200
30-03-2026-host-precopy-0020,precopy,host,edge-node-1,edge-node-2,15.689922,15.716298,6.914213,3.513255,5.213734,20.217966,19.143468,-1.074498,19.557578,19.837700,0.280122,19.490584,-0.397188,0.000000,0.249215,0.249215,0.000000,0.000994,0.000994,0.125104,2026-03-31T00:27:08+0200
30-03-2026-host-precopy-0021,precopy,host,edge-node-1,edge-node-2,15.854590,15.861650,6.670902,9.030418,7.850660,20.445328,19.095287,-1.350041,19.657522,19.846660,0.189137,19.470973,-0.580452,0.000000,0.301322,0.301322,0.000000,0.141852,0.141852,0.221587,2026-03-31T00:27:37+0200
30-03-2026-host-precopy-0022,precopy,host,edge-node-1,edge-node-2,16.065753,16.063736,6.927900,3.694268,5.311084,19.120572,19.540257,0.419685,21.024884,19.571913,-1.452972,19.556085,-0.516643,0.000000,0.202780,0.202780,0.000000,0.172166,0.172166,0.187473,2026-03-31T00:28:06+0200
30-03-2026-host-precopy-0023,precopy,host,edge-node-1,edge-node-2,15.963223,15.701142,6.959589,3.420716,5.190153,20.441944,19.859401,-0.582542,20.386397,19.616709,-0.769689,19.738055,-0.676116,0.000000,0.170558,0.170558,0.000000,0.003234,0.003234,0.086896,2026-03-31T00:28:35+0200
30-03-2026-host-precopy-0024,precopy,host,edge-node-1,edge-node-2,16.117262,16.131528,7.026858,4.201681,5.614269,19.114997,19.764833,0.649835,20.457672,19.556583,-0.901089,19.660708,-0.125627,0.000000,0.171836,0.171836,0.000000,0.011381,0.011381,0.091609,2026-03-31T00:29:04+0200
30-03-2026-host-precopy-0025,precopy,host,edge-node-1,edge-node-2,16.042662,16.059536,7.405083,3.316646,5.360864,19.097079,19.096681,-0.000398,20.105678,19.604962,-0.500716,19.350822,-0.250557,0.000000,0.221090,0.221090,0.000000,0.025053,0.025053,0.123072,2026-03-31T00:29:33+0200
30-03-2026-host-precopy-0026,precopy,host,edge-node-1,edge-node-2,16.116154,16.098821,6.591690,4.651889,5.621789,20.011308,19.074582,-0.936727,19.553995,20.510033,0.956039,19.792307,0.009656,0.000000,0.082894,0.082894,0.000000,0.033242,0.033242,0.058068,2026-03-31T00:30:02+0200
30-03-2026-host-precopy-0027,precopy,host,edge-node-1,edge-node-2,16.164905,16.139245,7.805183,3.489097,5.647140,19.813809,19.096482,-0.717328,19.569524,19.810425,0.240901,19.453453,-0.238213,0.000000,0.082886,0.082886,0.000000,0.004115,0.004115,0.043500,2026-03-31T00:30:31+0200
30-03-2026-host-precopy-0028,precopy,host,edge-node-1,edge-node-2,15.803975,15.797964,7.199745,3.714286,5.457015,19.083939,19.600781,0.516842,19.597795,19.860397,0.262602,19.730589,0.389722,0.000000,0.097632,0.097632,0.000000,0.033380,0.033380,0.065506,2026-03-31T00:30:59+0200
30-03-2026-host-precopy-0029,precopy,host,edge-node-1,edge-node-2,15.931204,15.955236,7.986111,3.367957,5.677034,19.107233,19.241620,0.134387,20.799911,19.729793,-1.070118,19.485706,-0.467866,0.000000,0.045851,0.045851,0.000000,0.013465,0.013465,0.029658,2026-03-31T00:31:29+0200
30-03-2026-direct-precopy-0000,precopy,direct,edge-node-1,edge-node-2,19.204120,19.182481,7.766990,4.958027,6.362509,19.071396,19.110418,0.039022,20.575734,19.793502,-0.782231,19.451960,-0.371605,0.000000,0.043732,0.043732,0.000000,0.130735,0.130735,0.087233,2026-03-31T00:32:01+0200
30-03-2026-direct-precopy-0001,precopy,direct,edge-node-1,edge-node-2,19.463353,19.443113,8.102511,4.761905,6.432208,19.079758,19.098274,0.018516,20.289838,20.022059,-0.267778,19.560167,-0.124631,0.000000,0.209528,0.209528,0.000000,0.150077,0.150077,0.179803,2026-03-31T00:32:33+0200
30-03-2026-direct-precopy-0002,precopy,direct,edge-node-1,edge-node-2,19.195048,19.203640,7.476390,4.951533,6.213961,19.814008,19.177114,-0.636894,19.597596,19.628455,0.030859,19.402784,-0.303018,0.000000,0.057388,0.057388,0.000000,0.176155,0.176155,0.116771,2026-03-31T00:33:05+0200
30-03-2026-direct-precopy-0003,precopy,direct,edge-node-1,edge-node-2,19.598875,19.564150,8.513374,5.190134,6.851754,19.965517,19.509995,-0.455522,19.584456,19.558574,-0.025882,19.534285,-0.240702,0.000000,0.068164,0.068164,0.000000,0.169315,0.169315,0.118739,2026-03-31T00:33:38+0200
30-03-2026-direct-precopy-0004,precopy,direct,edge-node-1,edge-node-2,19.399092,19.360625,7.556479,6.211656,6.884068,19.082944,19.582664,0.499720,19.598193,21.103725,1.505532,20.343194,1.002626,0.000000,0.069873,0.069873,0.000000,0.288521,0.288521,0.179197,2026-03-31T00:34:11+0200
30-03-2026-direct-precopy-0005,precopy,direct,edge-node-1,edge-node-2,19.758162,19.742001,8.433121,4.986009,6.709565,19.090310,19.304732,0.214422,20.275304,20.151867,-0.123437,19.728299,0.045492,0.000000,0.211147,0.211147,0.000000,0.061140,0.061140,0.136144,2026-03-31T00:34:43+0200
30-03-2026-direct-precopy-0006,precopy,direct,edge-node-1,edge-node-2,19.590853,19.570609,7.648725,5.785549,6.717137,19.101260,19.086925,-0.014335,20.757305,19.593415,-1.163890,19.340170,-0.589112,0.000000,0.077563,0.077563,0.000000,0.084629,0.084629,0.081096,2026-03-31T00:35:16+0200
30-03-2026-direct-precopy-0007,precopy,direct,edge-node-1,edge-node-2,19.304179,19.260352,8.072100,5.015674,6.543887,19.875329,19.088120,-0.787209,19.589433,19.576492,-0.012941,19.332306,-0.400075,0.000000,0.074466,0.074466,0.000000,0.069159,0.069159,0.071812,2026-03-31T00:35:48+0200
30-03-2026-direct-precopy-0008,precopy,direct,edge-node-1,edge-node-2,19.295646,19.290381,7.250913,5.619147,6.435030,19.202000,19.807438,0.605438,19.633034,19.644581,0.011547,19.726010,0.308493,0.000000,0.067211,0.067211,0.000000,0.106716,0.106716,0.086963,2026-03-31T00:36:20+0200
30-03-2026-direct-precopy-0009,precopy,direct,edge-node-1,edge-node-2,19.089316,19.076887,7.773386,4.766921,6.270154,19.091505,19.785538,0.694034,19.643785,19.627260,-0.016525,19.706399,0.338755,0.000000,0.087991,0.087991,0.000000,0.104020,0.104020,0.096005,2026-03-31T00:36:53+0200
30-03-2026-direct-precopy-0010,precopy,direct,edge-node-1,edge-node-2,19.550032,19.689384,7.621483,5.358510,6.489997,19.093296,20.157641,1.064344,20.233694,19.595207,-0.638487,19.876424,0.212929,0.000000,0.180227,0.180227,0.000000,0.095427,0.095427,0.137827,2026-03-31T00:37:25+0200
30-03-2026-direct-precopy-0011,precopy,direct,edge-node-1,edge-node-2,19.049881,19.083359,7.990506,4.711766,6.351136,19.081948,19.104246,0.022298,20.338217,20.061280,-0.276937,19.582763,-0.127319,0.000000,0.034654,0.034654,0.000000,0.022721,0.022721,0.028688,2026-03-31T00:37:57+0200
30-03-2026-direct-precopy-0012,precopy,direct,edge-node-1,edge-node-2,19.538955,19.783850,8.365116,5.610561,6.987838,19.138092,20.399935,1.261843,20.428207,20.199251,-0.228956,20.299593,0.516444,0.000000,0.045382,0.045382,0.000000,0.035540,0.035540,0.040461,2026-03-31T00:38:30+0200
30-03-2026-direct-precopy-0013,precopy,direct,edge-node-1,edge-node-2,19.503364,19.500104,7.650556,4.978076,6.314316,19.858804,19.128337,-0.730468,19.612329,19.622084,0.009755,19.375210,-0.360356,0.000000,0.210701,0.210701,0.000000,0.100761,0.100761,0.155731,2026-03-31T00:39:02+0200
30-03-2026-direct-precopy-0014,precopy,direct,edge-node-1,edge-node-2,19.491389,19.746499,8.176261,5.684425,6.930343,19.890460,20.847693,0.957233,19.591424,19.624871,0.033447,20.236282,0.495340,0.000000,0.070344,0.070344,0.000000,0.091195,0.091195,0.080769,2026-03-31T00:39:35+0200
30-03-2026-direct-precopy-0015,precopy,direct,edge-node-1,edge-node-2,19.052567,19.068121,7.686212,4.803378,6.244795,19.114599,19.870750,0.756150,19.596600,19.630048,0.033447,19.750399,0.394799,0.000000,0.059457,0.059457,0.000000,0.087474,0.087474,0.073466,2026-03-31T00:40:07+0200
30-03-2026-direct-precopy-0016,precopy,direct,edge-node-1,edge-node-2,19.389475,19.678124,8.314147,5.332993,6.823570,19.114599,21.197696,2.083097,20.445528,19.653541,-0.791987,20.425618,0.645555,0.000000,0.199851,0.199851,0.000000,0.100445,0.100445,0.150148,2026-03-31T00:40:39+0200
30-03-2026-direct-precopy-0017,precopy,direct,edge-node-1,edge-node-2,19.261004,19.258814,7.821083,5.088727,6.454905,19.080156,19.123757,0.043601,20.302181,20.777214,0.475033,19.950486,0.259317,0.000000,0.203009,0.203009,0.000000,0.101415,0.101415,0.152212,2026-03-31T00:41:11+0200
30-03-2026-direct-precopy-0018,precopy,direct,edge-node-1,edge-node-2,19.462644,19.714415,8.373755,5.413687,6.893721,19.095486,20.460858,1.365371,20.130365,19.937047,-0.193318,20.198952,0.586027,0.000000,0.063623,0.063623,0.000000,0.118885,0.118885,0.091254,2026-03-31T00:41:44+0200
30-03-2026-direct-precopy-0019,precopy,direct,edge-node-1,edge-node-2,19.300182,19.272812,7.495430,5.009131,6.252280,19.929283,19.114201,-0.815082,19.583062,19.601578,0.018516,19.357889,-0.398283,0.000000,0.076505,0.076505,0.000000,0.139040,0.139040,0.107772,2026-03-31T00:42:16+0200
30-03-2026-direct-precopy-0020,precopy,direct,edge-node-1,edge-node-2,19.582251,19.896261,8.453556,5.720071,7.086813,20.236083,20.939474,0.703391,20.336425,19.589433,-0.746992,20.264454,-0.021801,0.000000,0.174744,0.174744,0.000000,0.137235,0.137235,0.155989,2026-03-31T00:42:48+0200
30-03-2026-direct-precopy-0021,precopy,direct,edge-node-1,edge-node-2,19.254267,19.239605,7.827225,5.015674,6.421450,19.099667,19.115595,0.015927,19.618301,19.614519,-0.003783,19.365057,0.006072,0.000000,0.113003,0.113003,0.000000,0.133595,0.133595,0.123299,2026-03-31T00:43:21+0200
30-03-2026-direct-precopy-0022,precopy,direct,edge-node-1,edge-node-2,19.448433,19.748846,8.282365,5.895807,7.089086,19.100265,21.212628,2.112363,20.295811,20.220753,-0.075058,20.716690,1.018653,0.000000,0.074717,0.074717,0.000000,0.148941,0.148941,0.111829,2026-03-31T00:43:53+0200
30-03-2026-direct-precopy-0023,precopy,direct,edge-node-1,edge-node-2,18.941158,18.950612,7.486063,4.878049,6.182056,19.408857,19.486901,0.078044,20.692003,19.748706,-0.943297,19.617804,-0.432626,0.000000,0.057538,0.057538,0.000000,0.139755,0.139755,0.098647,2026-03-31T00:44:25+0200
30-03-2026-direct-precopy-0024,precopy,direct,edge-node-1,edge-node-2,19.553620,19.805850,8.030496,5.486411,6.758453,19.092301,20.362307,1.270006,20.423827,19.916939,-0.506888,20.139623,0.381559,0.000000,0.066324,0.066324,0.000000,0.104333,0.104333,0.085329,2026-03-31T00:44:58+0200
30-03-2026-direct-precopy-0025,precopy,direct,edge-node-1,edge-node-2,19.374825,19.375883,8.025974,4.822401,6.424187,19.476946,19.271882,-0.205064,19.605759,19.608745,0.002986,19.440313,-0.101039,0.003226,0.064718,0.067944,0.000000,0.105237,0.105237,0.086591,2026-03-31T00:45:30+0200
30-03-2026-direct-precopy-0026,precopy,direct,edge-node-1,edge-node-2,19.610549,19.886772,8.858517,5.662285,7.260401,19.399101,21.240700,1.841599,19.577886,19.588637,0.010751,20.414668,0.926175,0.000000,0.032667,0.032667,0.000000,0.100177,0.100177,0.066422,2026-03-31T00:46:03+0200
30-03-2026-direct-precopy-0027,precopy,direct,edge-node-1,edge-node-2,19.498738,19.494734,8.133230,4.994851,6.564040,19.282234,20.201640,0.919406,19.598989,19.636618,0.037628,19.919129,0.478517,0.000000,0.116995,0.116995,0.000000,0.103393,0.103393,0.110194,2026-03-31T00:46:35+0200
30-03-2026-direct-precopy-0028,precopy,direct,edge-node-1,edge-node-2,19.679418,19.947261,8.592368,5.751766,7.172067,19.144065,20.675080,1.531016,20.300191,20.091343,-0.208847,20.383212,0.661084,0.000000,0.031759,0.031759,0.000000,0.128268,0.128268,0.080013,2026-03-31T00:47:08+0200
30-03-2026-direct-precopy-0029,precopy,direct,edge-node-1,edge-node-2,19.379221,19.241034,7.873398,5.090055,6.481726,19.094491,19.068410,-0.026081,20.613959,19.655133,-0.958826,19.361772,-0.492453,0.000000,0.073573,0.073573,0.000000,0.123840,0.123840,0.098706,2026-03-31T00:47:40+0200
30-03-2026-host-postcopy-0000,postcopy,host,edge-node-1,edge-node-2,14.474474,14.498667,7.988885,7.641542,7.815214,19.427173,19.127142,-0.300031,20.105479,19.629052,-0.476427,19.378097,-0.388229,0.000000,0.020780,0.020780,0.000000,0.162730,0.162730,0.091755,2026-03-31T00:48:07+0200
30-03-2026-host-postcopy-0001,postcopy,host,edge-node-1,edge-node-2,14.077712,14.076382,8.443649,6.140664,7.292157,19.136698,19.328026,0.191327,19.808832,19.620093,-0.188739,19.474059,0.001294,0.000000,0.021088,0.021088,0.000000,0.183708,0.183708,0.102398,2026-03-31T00:48:34+0200
30-03-2026-host-postcopy-0002,postcopy,host,edge-node-1,edge-node-2,14.290683,14.285820,7.540521,7.619048,7.579785,19.123359,19.119975,-0.003385,19.574103,19.626464,0.052361,19.373219,0.024488,0.000000,0.202000,0.202000,0.000000,0.221209,0.221209,0.211605,2026-03-31T00:49:01+0200
30-03-2026-host-postcopy-0003,postcopy,host,edge-node-1,edge-node-2,13.870928,13.860750,7.781818,6.129722,6.955770,19.598989,19.121567,-0.477422,20.018476,19.616709,-0.401767,19.369138,-0.439595,0.000000,0.158830,0.158830,0.000000,0.028464,0.028464,0.093647,2026-03-31T00:49:29+0200
30-03-2026-host-postcopy-0004,postcopy,host,edge-node-1,edge-node-2,13.961546,13.883163,7.828283,6.313498,7.070890,19.314089,19.136300,-0.177789,20.149080,19.611532,-0.537548,19.373916,-0.357668,0.000000,0.029657,0.029657,0.000000,0.037703,0.037703,0.033680,2026-03-31T00:49:55+0200
30-03-2026-host-postcopy-0005,postcopy,host,edge-node-1,edge-node-2,14.507791,14.521598,9.236111,6.773185,8.004648,19.138291,19.131522,-0.006769,19.708689,19.654536,-0.054153,19.393029,-0.030461,0.000000,0.025848,0.025848,0.000000,0.027169,0.027169,0.026508,2026-03-31T00:50:23+0200
30-03-2026-host-postcopy-0006,postcopy,host,edge-node-1,edge-node-2,13.830228,13.809892,7.753913,6.243154,6.998534,19.878116,19.117187,-0.760929,19.591623,19.629251,0.037628,19.373219,-0.361650,0.000000,0.084450,0.084450,0.000000,0.059966,0.059966,0.072208,2026-03-31T00:50:50+0200
30-03-2026-host-postcopy-0007,postcopy,host,edge-node-1,edge-node-2,14.455248,14.444750,9.033833,5.815603,7.424718,19.127739,20.193876,1.066136,21.170022,19.597795,-1.572227,19.895835,-0.253046,0.000000,0.166192,0.166192,0.000000,0.019200,0.019200,0.092696,2026-03-31T00:51:17+0200
30-03-2026-host-postcopy-0008,postcopy,host,edge-node-1,edge-node-2,14.071177,14.071058,8.312433,6.379928,7.346181,19.257348,19.166761,-0.090587,19.613125,20.646809,1.033684,19.906785,0.471549,0.000000,0.171561,0.171561,0.000000,0.168786,0.168786,0.170173,2026-03-31T00:51:44+0200
30-03-2026-host-postcopy-0009,postcopy,host,edge-node-1,edge-node-2,14.188146,14.168086,7.435076,7.429790,7.432433,19.116391,19.141477,0.025086,20.689017,19.627260,-1.061756,19.384369,-0.518335,0.000000,0.159409,0.159409,0.000000,0.171214,0.171214,0.165312,2026-03-31T00:52:11+0200
30-03-2026-host-postcopy-0010,postcopy,host,edge-node-1,edge-node-2,13.890297,13.899743,7.461065,6.302064,6.881565,19.870750,19.109224,-0.761526,20.268734,19.717250,-0.551484,19.413237,-0.656505,0.000000,0.223852,0.223852,0.000000,0.221452,0.221452,0.222652,2026-03-31T00:52:38+0200
30-03-2026-host-postcopy-0011,postcopy,host,edge-node-1,edge-node-2,14.445474,14.196521,7.381121,7.695035,7.538078,20.028032,19.241819,-0.786213,19.638808,21.064106,1.425298,20.152962,0.319542,0.000000,0.017577,0.017577,0.000000,0.029992,0.029992,0.023784,2026-03-31T00:53:05+0200
30-03-2026-host-postcopy-0012,postcopy,host,edge-node-1,edge-node-2,14.287017,14.285996,8.882622,6.133239,7.507931,19.096880,19.310705,0.213825,19.860795,19.613722,-0.247073,19.462213,-0.016624,0.000000,0.021873,0.021873,0.000000,0.032812,0.032812,0.027342,2026-03-31T00:53:33+0200
30-03-2026-host-postcopy-0013,postcopy,host,edge-node-1,edge-node-2,13.949072,13.854389,7.261561,6.206897,6.734229,19.119377,19.087722,-0.031656,20.413076,19.647966,-0.765110,19.367844,-0.398383,0.000000,0.186784,0.186784,0.000000,0.029041,0.029041,0.107913,2026-03-31T00:53:59+0200
30-03-2026-host-postcopy-0014,postcopy,host,edge-node-1,edge-node-2,14.211172,14.190579,8.661697,6.283280,7.472488,19.277655,19.688780,0.411124,19.590030,20.309150,0.719119,19.998965,0.565122,0.000000,0.021440,0.021440,0.000000,0.125799,0.125799,0.073619,2026-03-31T00:54:27+0200
30-03-2026-host-postcopy-0015,postcopy,host,edge-node-1,edge-node-2,13.841393,13.875500,7.812500,6.442273,7.127386,19.160988,19.097278,-0.063709,20.864018,19.612129,-1.251889,19.354704,-0.657799,0.000000,0.225772,0.225772,0.000000,0.200725,0.200725,0.213248,2026-03-31T00:54:53+0200
30-03-2026-host-postcopy-0016,postcopy,host,edge-node-1,edge-node-2,14.377738,14.359238,7.757108,6.487455,7.122281,19.124952,19.101857,-0.023095,21.106313,19.602175,-1.504138,19.352016,-0.763616,0.000000,0.197245,0.197245,0.000000,0.189338,0.189338,0.193292,2026-03-31T00:55:20+0200
30-03-2026-host-postcopy-0017,postcopy,host,edge-node-1,edge-node-2,13.948162,13.943317,7.700651,6.729378,7.215014,19.545036,19.128536,-0.416500,19.718046,20.670899,0.952853,19.899717,0.268177,0.000000,0.193798,0.193798,0.000000,0.018770,0.018770,0.106284,2026-03-31T00:55:47+0200
30-03-2026-host-postcopy-0018,postcopy,host,edge-node-1,edge-node-2,14.213430,14.217090,7.618710,7.335223,7.476967,19.123359,19.142273,0.018914,20.292625,19.610935,-0.681690,19.376604,-0.331388,0.000000,0.236627,0.236627,0.000000,0.058249,0.058249,0.147438,2026-03-31T00:56:14+0200
30-03-2026-host-postcopy-0019,postcopy,host,edge-node-1,edge-node-2,14.502608,14.498598,8.414465,6.773185,7.593825,19.461616,19.131323,-0.330293,19.592818,19.630247,0.037429,19.380785,-0.146432,0.000000,0.215478,0.215478,0.000000,0.017243,0.017243,0.116361,2026-03-31T00:56:42+0200
30-03-2026-host-postcopy-0020,postcopy,host,edge-node-1,edge-node-2,14.522110,14.541059,7.343263,7.601935,7.472599,20.780400,19.127341,-1.653059,19.606356,20.660746,1.054390,19.894043,-0.299334,0.000000,0.237246,0.237246,0.000000,0.218132,0.218132,0.227689,2026-03-31T00:57:09+0200
30-03-2026-host-postcopy-0021,postcopy,host,edge-node-1,edge-node-2,14.371728,14.369977,9.023876,11.632796,10.328336,19.155015,19.393726,0.238711,20.329855,19.657323,-0.672532,19.525525,-0.216910,0.000000,0.179932,0.179932,0.000000,0.244379,0.244379,0.212156,2026-03-31T00:57:37+0200
30-03-2026-host-postcopy-0022,postcopy,host,edge-node-1,edge-node-2,14.064376,14.053138,7.918309,6.429598,7.173953,19.479733,19.421200,-0.058533,20.167396,19.629251,-0.538145,19.525226,-0.298339,0.000000,0.021108,0.021108,0.000000,0.195686,0.195686,0.108397,2026-03-31T00:58:04+0200
30-03-2026-host-postcopy-0023,postcopy,host,edge-node-1,edge-node-2,13.901399,13.915589,7.745204,6.784554,7.264879,19.956558,19.415825,-0.540733,19.610338,20.327466,0.717128,19.871646,0.088198,0.000000,0.021637,0.021637,0.005333,0.034527,0.039861,0.030749,2026-03-31T00:58:31+0200
30-03-2026-host-postcopy-0024,postcopy,host,edge-node-1,edge-node-2,13.865399,13.834802,7.818182,6.338798,7.078490,19.769213,19.459028,-0.310185,20.257386,19.613921,-0.643465,19.536475,-0.476825,0.000000,0.076630,0.076630,0.000000,0.029082,0.029082,0.052856,2026-03-31T00:58:58+0200
30-03-2026-host-postcopy-0025,postcopy,host,edge-node-1,edge-node-2,14.114000,14.143172,7.799145,6.470374,7.134760,19.434938,19.403282,-0.031656,20.948433,19.634030,-1.314404,19.518656,-0.673030,0.000000,0.212832,0.212832,0.000000,0.141411,0.141411,0.177121,2026-03-31T00:59:25+0200
30-03-2026-host-postcopy-0026,postcopy,host,edge-node-1,edge-node-2,14.064367,14.051083,8.285509,6.218728,7.252118,20.531336,19.405273,-1.126063,19.603369,19.592818,-0.010552,19.499045,-0.568307,0.000000,0.216360,0.216360,0.000000,0.212395,0.212395,0.214377,2026-03-31T00:59:51+0200
30-03-2026-host-postcopy-0027,postcopy,host,edge-node-1,edge-node-2,14.252119,14.266810,7.985866,7.208158,7.597012,19.439318,19.428567,-0.010751,20.116827,19.761050,-0.355777,19.594808,-0.183264,0.000000,0.201450,0.201450,0.000000,0.244777,0.244777,0.223114,2026-03-31T01:00:19+0200
30-03-2026-host-postcopy-0028,postcopy,host,edge-node-1,edge-node-2,14.274790,14.242519,8.939929,6.513274,7.726602,19.405472,20.567770,1.162298,19.571714,19.612129,0.040416,20.089950,0.601357,0.000000,0.082641,0.082641,0.000000,0.055676,0.055676,0.069159,2026-03-31T01:00:46+0200
30-03-2026-host-postcopy-0029,postcopy,host,edge-node-1,edge-node-2,13.923552,13.921026,7.491857,7.228916,7.360386,20.212988,19.410848,-0.802141,19.645577,21.132593,1.487016,20.271720,0.342438,0.000000,0.021883,0.021883,0.000000,0.018800,0.018800,0.020342,2026-03-31T01:01:13+0200
30-03-2026-direct-postcopy-0000,postcopy,direct,edge-node-1,edge-node-2,17.345569,17.353590,8.563135,7.167731,7.865433,19.398106,19.409653,0.011547,20.084574,19.606555,-0.478019,19.508104,-0.233236,0.000000,0.171829,0.171829,0.000000,0.014856,0.014856,0.093343,2026-03-31T01:01:43+0200
30-03-2026-direct-postcopy-0001,postcopy,direct,edge-node-1,edge-node-2,17.351531,17.337646,8.776518,7.784431,8.280475,19.430359,19.451462,0.021104,20.120411,21.077246,0.956835,20.264354,0.488969,0.000000,0.177848,0.177848,0.000000,0.173710,0.173710,0.175779,2026-03-31T01:02:13+0200
30-03-2026-direct-postcopy-0002,postcopy,direct,edge-node-1,edge-node-2,17.491368,17.491132,9.213936,7.112007,8.162971,19.400296,19.103052,-0.297244,20.430596,19.603170,-0.827425,19.353111,-0.562335,0.000000,0.307518,0.307518,0.000000,0.198985,0.198985,0.253251,2026-03-31T01:02:44+0200
30-03-2026-direct-postcopy-0003,postcopy,direct,edge-node-1,edge-node-2,17.688519,17.701790,9.098664,8.008961,8.553812,19.118780,19.099667,-0.019113,20.502468,20.900054,0.397586,19.999861,0.189237,0.000000,0.178214,0.178214,0.000000,0.208974,0.208974,0.193594,2026-03-31T01:03:15+0200
30-03-2026-direct-postcopy-0004,postcopy,direct,edge-node-1,edge-node-2,17.433737,17.440869,8.804850,7.167630,7.986240,19.138092,19.310705,0.172613,20.357330,19.597198,-0.760132,19.453951,-0.293760,0.000000,0.229216,0.229216,0.000000,0.219940,0.219940,0.224578,2026-03-31T01:03:45+0200
30-03-2026-direct-postcopy-0005,postcopy,direct,edge-node-1,edge-node-2,17.367439,17.385190,8.797909,8.134243,8.466076,19.105441,19.096482,-0.008959,20.300987,21.096159,0.795172,20.096321,0.393107,0.000000,0.228517,0.228517,0.000000,0.177054,0.177054,0.202786,2026-03-31T01:04:16+0200
30-03-2026-direct-postcopy-0006,postcopy,direct,edge-node-1,edge-node-2,17.612792,17.602707,8.583691,7.901517,8.242604,19.123160,19.110816,-0.012344,20.102692,19.684599,-0.418093,19.397708,-0.215218,0.000000,0.219123,0.219123,0.000000,0.241884,0.241884,0.230504,2026-03-31T01:04:46+0200
30-03-2026-direct-postcopy-0007,postcopy,direct,edge-node-1,edge-node-2,17.400497,17.408000,8.516802,8.072769,8.294785,19.122563,19.333003,0.210440,20.383013,21.069083,0.686070,20.201043,0.448255,0.000000,0.228083,0.228083,0.000000,0.132392,0.132392,0.180237,2026-03-31T01:05:17+0200
30-03-2026-direct-postcopy-0008,postcopy,direct,edge-node-1,edge-node-2,17.400707,17.688929,9.002849,7.077626,8.040237,19.120970,20.406904,1.285934,20.378434,19.611532,-0.766901,20.009218,0.259516,0.000000,0.225835,0.225835,0.000000,0.085682,0.085682,0.155759,2026-03-31T01:05:48+0200
30-03-2026-direct-postcopy-0009,postcopy,direct,edge-node-1,edge-node-2,17.422252,17.406907,8.374384,8.181300,8.277842,19.150237,19.148047,-0.002190,20.389981,21.113281,0.723300,20.130664,0.360555,0.000000,0.235645,0.235645,0.000000,0.106818,0.106818,0.171232,2026-03-31T01:06:18+0200
30-03-2026-direct-postcopy-0010,postcopy,direct,edge-node-1,edge-node-2,17.635738,17.648409,9.332192,7.104137,8.218164,19.104246,20.486939,1.382692,20.210002,19.635025,-0.574977,20.060982,0.403858,0.000000,0.322942,0.322942,0.000000,0.104028,0.104028,0.213485,2026-03-31T01:06:49+0200
30-03-2026-direct-postcopy-0011,postcopy,direct,edge-node-1,edge-node-2,17.240010,17.248567,8.379562,7.844828,8.112195,19.150834,19.104446,-0.046388,20.129171,21.103128,0.973957,20.103787,0.463784,0.000000,0.141839,0.141839,0.000000,0.133390,0.133390,0.137615,2026-03-31T01:07:19+0200
30-03-2026-direct-postcopy-0012,postcopy,direct,edge-node-1,edge-node-2,17.601908,17.590924,8.965912,7.142857,8.054385,19.123359,20.058095,0.934736,20.438161,19.645179,-0.792982,19.851637,0.070877,0.000000,0.122057,0.122057,0.000000,0.143229,0.143229,0.132643,2026-03-31T01:07:50+0200
30-03-2026-direct-postcopy-0013,postcopy,direct,edge-node-1,edge-node-2,17.360282,17.328403,8.726003,7.893987,8.309995,19.112011,19.152028,0.040017,20.022856,20.925538,0.902682,20.038783,0.471350,0.000000,0.124881,0.124881,0.000000,0.136607,0.136607,0.130744,2026-03-31T01:08:20+0200
30-03-2026-direct-postcopy-0014,postcopy,direct,edge-node-1,edge-node-2,17.593452,17.579784,9.388458,6.993408,8.190933,19.162182,20.263956,1.101774,19.774190,19.751494,-0.022696,20.007725,0.539539,0.000000,0.131663,0.131663,0.000000,0.114434,0.114434,0.123048,2026-03-31T01:08:51+0200
30-03-2026-direct-postcopy-0015,postcopy,direct,edge-node-1,edge-node-2,17.642928,17.677408,8.480364,7.737595,8.108979,19.132717,19.139486,0.006769,20.289240,21.138765,0.849524,20.139125,0.428147,0.000000,0.137050,0.137050,0.000000,0.189596,0.189596,0.163323,2026-03-31T01:09:21+0200
30-03-2026-direct-postcopy-0016,postcopy,direct,edge-node-1,edge-node-2,17.648133,17.647702,9.568695,6.845408,8.207051,19.138888,20.064068,0.925179,20.098511,19.614519,-0.483992,19.839293,0.220594,0.000000,0.023683,0.023683,0.000000,0.115764,0.115764,0.069724,2026-03-31T01:09:52+0200
30-03-2026-direct-postcopy-0017,postcopy,direct,edge-node-1,edge-node-2,17.515319,17.526279,8.551684,8.154020,8.352852,19.123160,19.486702,0.363542,20.462052,21.105716,0.643664,20.296209,0.503603,0.000000,0.137380,0.137380,0.000000,0.149329,0.149329,0.143355,2026-03-31T01:10:22+0200
30-03-2026-direct-postcopy-0018,postcopy,direct,edge-node-1,edge-node-2,17.738528,17.722898,8.940774,7.563264,8.252019,19.112210,19.778371,0.666161,20.568566,19.645975,-0.922591,19.712173,-0.128215,0.000000,0.143799,0.143799,0.000000,0.024245,0.024245,0.084022,2026-03-31T01:10:53+0200
30-03-2026-direct-postcopy-0019,postcopy,direct,edge-node-1,edge-node-2,17.373385,17.408322,8.680556,8.221906,8.451231,19.112807,19.112409,-0.000398,19.953174,20.907420,0.954247,20.009915,0.476924,0.000000,0.023608,0.023608,0.000000,0.061258,0.061258,0.042433,2026-03-31T01:11:23+0200
30-03-2026-direct-postcopy-0020,postcopy,direct,edge-node-1,edge-node-2,17.992801,18.020109,13.318411,7.758861,10.538636,19.158001,21.492750,2.334749,20.006530,19.628853,-0.377677,20.560802,0.978536,0.000000,0.127655,0.127655,0.000000,0.057011,0.057011,0.092333,2026-03-31T01:11:54+0200
30-03-2026-direct-postcopy-0021,postcopy,direct,edge-node-1,edge-node-2,17.793550,17.820363,8.543140,12.436405,10.489772,19.607749,19.337980,-0.269769,20.811657,22.260647,1.448990,20.799314,0.589610,0.000000,0.126889,0.126889,0.000000,0.051951,0.051951,0.089420,2026-03-31T01:12:25+0200
30-03-2026-direct-postcopy-0022,postcopy,direct,edge-node-1,edge-node-2,17.567452,17.579798,9.109138,7.265446,8.187292,20.169785,19.868361,-0.301425,20.103488,19.636220,-0.467268,19.752290,-0.384347,0.000000,0.154094,0.154094,0.000000,0.163096,0.163096,0.158595,2026-03-31T01:12:56+0200
30-03-2026-direct-postcopy-0023,postcopy,direct,edge-node-1,edge-node-2,17.578403,17.576528,8.268734,8.053884,8.161309,19.823565,19.090509,-0.733056,20.618339,20.018874,-0.599465,19.554691,-0.666261,0.000000,0.164442,0.164442,0.000000,0.176460,0.176460,0.170451,2026-03-31T01:13:26+0200
30-03-2026-direct-postcopy-0024,postcopy,direct,edge-node-1,edge-node-2,17.939662,17.920004,9.380282,6.903353,8.141817,19.599786,19.806045,0.206259,20.841720,19.611134,-1.230586,19.708589,-0.512164,0.000000,0.158300,0.158300,0.000000,0.156512,0.156512,0.157406,2026-03-31T01:13:57+0200
30-03-2026-direct-postcopy-0025,postcopy,direct,edge-node-1,edge-node-2,17.850696,17.825056,8.524497,8.085949,8.305223,20.097913,19.119975,-0.977939,20.238074,20.005336,-0.232738,19.562655,-0.605338,0.000000,0.023196,0.023196,0.000000,0.186710,0.186710,0.104953,2026-03-31T01:14:28+0200
30-03-2026-direct-postcopy-0026,postcopy,direct,edge-node-1,edge-node-2,17.547900,17.541223,9.049124,7.046691,8.047908,20.152265,20.136736,-0.015529,20.236083,19.631840,-0.604243,19.884288,-0.309886,0.000000,0.027380,0.027380,0.000000,0.162563,0.162563,0.094972,2026-03-31T01:14:58+0200
30-03-2026-direct-postcopy-0027,postcopy,direct,edge-node-1,edge-node-2,17.539930,17.561138,8.261618,7.716581,7.989099,20.230508,19.138291,-1.092217,20.328462,20.411682,0.083220,19.774987,-0.504498,0.000000,0.027393,0.027393,0.000000,0.174391,0.174391,0.100892,2026-03-31T01:15:28+0200
30-03-2026-direct-postcopy-0028,postcopy,direct,edge-node-1,edge-node-2,18.164063,18.153306,9.480122,7.097311,8.288717,19.849646,19.722426,-0.127220,20.672691,19.631640,-1.041051,19.677033,-0.584135,0.000000,0.061290,0.061290,0.000000,0.160740,0.160740,0.111015,2026-03-31T01:16:00+0200
30-03-2026-direct-postcopy-0029,postcopy,direct,edge-node-1,edge-node-2,17.608836,17.629202,8.524027,7.652770,8.088399,20.285259,19.162580,-1.122678,20.185315,20.533725,0.348411,19.848153,-0.387134,0.000000,0.045920,0.045920,0.000000,0.172388,0.172388,0.109154,2026-03-31T01:16:30+0200
31-03-2026-host-cold-0000,cold,host,edge-node-1,edge-node-2,10.446226,10.450727,7.766522,7.122233,7.444377,19.179304,20.226327,1.047023,20.259974,19.649161,-0.610813,19.937744,0.218105,0.000000,0.030289,0.030289,0.000000,0.025417,0.025417,0.027853,2026-03-31T04:09:26+0200
31-03-2026-host-cold-0001,cold,host,edge-node-1,edge-node-2,10.480145,10.454663,7.696008,7.221955,7.458981,19.161983,19.143468,-0.018516,19.619695,19.653142,0.033447,19.398305,0.007466,0.000000,0.030936,0.030936,0.000000,0.025034,0.025034,0.027985,2026-03-31T04:09:51+0200
31-03-2026-host-cold-0002,cold,host,edge-node-1,edge-node-2,11.035177,10.694294,7.569346,8.007537,7.788442,21.069282,19.666083,-1.403199,19.974875,19.670463,-0.304411,19.668273,-0.853805,0.000000,0.101947,0.101947,0.000000,0.037257,0.037257,0.069602,2026-03-31T04:10:16+0200
31-03-2026-host-cold-0003,cold,host,edge-node-1,edge-node-2,10.624087,10.648705,8.530806,9.593573,9.062189,19.154816,19.137296,-0.017520,19.735168,19.636419,-0.098750,19.386857,-0.058135,0.000000,0.030885,0.030885,0.000000,0.162505,0.162505,0.096695,2026-03-31T04:10:41+0200
31-03-2026-host-cold-0004,cold,host,edge-node-1,edge-node-2,10.584494,10.537158,8.210024,7.371948,7.790986,20.153062,20.025842,-0.127220,20.426216,19.793701,-0.632514,19.909772,-0.379867,0.000000,0.114038,0.114038,0.000000,0.040778,0.040778,0.077408,2026-03-31T04:11:05+0200
31-03-2026-host-cold-0005,cold,host,edge-node-1,edge-node-2,10.516072,10.501438,7.637232,10.331571,8.984401,19.146454,19.302343,0.155889,19.667278,19.790117,0.122840,19.546230,0.139364,0.000000,0.121466,0.121466,0.000000,0.060632,0.060632,0.091049,2026-03-31T04:11:30+0200
31-03-2026-host-cold-0006,cold,host,edge-node-1,edge-node-2,10.893119,10.934845,9.074159,7.706422,8.390291,19.118780,19.694354,0.575574,20.508440,19.726408,-0.782032,19.710381,-0.103229,0.000000,0.041239,0.041239,0.000000,0.028221,0.028221,0.034730,2026-03-31T04:11:55+0200
31-03-2026-host-cold-0007,cold,host,edge-node-1,edge-node-2,12.342195,12.232258,17.980296,7.517182,12.748739,19.880306,19.205783,-0.674523,21.152502,19.624672,-1.527830,19.415228,-1.101176,0.000000,0.037663,0.037663,0.000000,0.133484,0.133484,0.085574,2026-03-31T04:12:23+0200
31-03-2026-host-cold-0008,cold,host,edge-node-1,edge-node-2,10.506112,10.530407,7.909875,14.156339,11.033107,20.259974,19.739150,-0.520824,20.493310,21.105517,0.612207,20.422333,0.045692,0.000000,0.191481,0.191481,0.000000,0.039692,0.039692,0.115586,2026-03-31T04:12:47+0200
31-03-2026-host-cold-0009,cold,host,edge-node-1,edge-node-2,11.874740,11.750429,10.021231,8.319039,9.170135,19.128337,19.687585,0.559249,19.623080,20.371664,0.748585,20.029625,0.653917,0.000000,0.155924,0.155924,0.000000,0.040225,0.040225,0.098075,2026-03-31T04:13:14+0200
31-03-2026-host-cold-0010,cold,host,edge-node-1,edge-node-2,11.130617,11.115783,8.794198,7.859079,8.326638,19.753883,19.552601,-0.201282,20.691804,19.605161,-1.086643,19.578881,-0.643962,0.000000,0.206356,0.206356,0.000000,0.024950,0.024950,0.115653,2026-03-31T04:13:39+0200
31-03-2026-host-cold-0011,cold,host,edge-node-1,edge-node-2,10.503892,10.535989,8.097748,6.978967,7.538358,19.137296,19.140680,0.003385,19.653740,19.665486,0.011746,19.403083,0.007565,0.000000,0.052436,0.052436,0.000000,0.177220,0.177220,0.114828,2026-03-31T04:14:04+0200
31-03-2026-host-cold-0012,cold,host,edge-node-1,edge-node-2,10.523703,10.527647,7.684964,6.812768,7.248866,19.944613,19.547226,-0.397387,20.163215,19.676436,-0.486779,19.611831,-0.442083,0.000000,0.043800,0.043800,0.000000,0.053802,0.053802,0.048801,2026-03-31T04:14:29+0200
31-03-2026-host-cold-0013,cold,host,edge-node-1,edge-node-2,10.607629,10.601346,8.020883,7.159791,7.590337,19.120373,19.700128,0.579755,19.609939,19.672653,0.062714,19.686391,0.321235,0.000000,0.031669,0.031669,0.000000,0.024687,0.024687,0.028178,2026-03-31T04:14:54+0200
31-03-2026-host-cold-0014,cold,host,edge-node-1,edge-node-2,11.265740,11.274489,9.391771,8.701473,9.046622,19.157603,19.753485,0.595882,19.629251,19.637215,0.007964,19.695350,0.301923,0.000000,0.170595,0.170595,0.000000,0.024946,0.024946,0.097770,2026-03-31T04:15:19+0200
31-03-2026-host-cold-0015,cold,host,edge-node-1,edge-node-2,10.602903,10.630666,8.174905,7.082153,7.628529,19.138888,19.586048,0.447160,19.635025,19.651151,0.016126,19.618600,0.231643,0.000000,0.242784,0.242784,0.000000,0.228922,0.228922,0.235853,2026-03-31T04:15:44+0200
31-03-2026-host-cold-0016,cold,host,edge-node-1,edge-node-2,10.615923,10.581107,8.142857,7.132668,7.637762,19.189657,19.127938,-0.061718,19.637215,19.728200,0.090985,19.428069,0.014633,0.000000,0.050779,0.050779,0.000000,0.036179,0.036179,0.043479,2026-03-31T04:16:09+0200
31-03-2026-host-cold-0017,cold,host,edge-node-1,edge-node-2,10.536712,10.539428,7.221425,6.414552,6.817989,19.117187,19.840687,0.723499,19.637812,19.619695,-0.018117,19.730191,0.352691,0.000000,0.041151,0.041151,0.000000,0.071903,0.071903,0.056527,2026-03-31T04:16:35+0200
31-03-2026-host-cold-0018,cold,host,edge-node-1,edge-node-2,10.555764,10.529822,8.089995,6.685769,7.387882,19.127142,19.179304,0.052162,19.660509,19.664690,0.004181,19.421997,0.028171,0.000000,0.199462,0.199462,0.000000,0.039694,0.039694,0.119578,2026-03-31T04:16:59+0200
31-03-2026-host-cold-0019,cold,host,edge-node-1,edge-node-2,11.032811,10.720720,7.565789,8.333333,7.949561,21.056938,20.230907,-0.826032,20.021462,19.657124,-0.364338,19.944015,-0.595185,0.000000,0.185880,0.185880,0.000000,0.065950,0.065950,0.125915,2026-03-31T04:17:24+0200
31-03-2026-host-cold-0020,cold,host,edge-node-1,edge-node-2,10.365969,10.379094,7.826932,6.702283,7.264608,19.201602,19.237240,0.035637,19.630446,19.684997,0.054551,19.461118,0.045094,0.000000,0.033538,0.033538,0.000000,0.025216,0.025216,0.029377,2026-03-31T04:17:48+0200
31-03-2026-host-cold-0021,cold,host,edge-node-1,edge-node-2,10.655506,10.660725,8.239171,6.600660,7.419916,19.260533,19.978458,0.717925,20.522377,19.636419,-0.885958,19.807438,-0.084017,0.000000,0.082484,0.082484,0.000000,0.197864,0.197864,0.140174,2026-03-31T04:18:13+0200
31-03-2026-host-cold-0022,cold,host,edge-node-1,edge-node-2,10.542821,10.548306,7.975167,6.743185,7.359176,19.175919,19.121966,-0.053954,19.619098,19.648961,0.029864,19.385464,-0.012045,0.000000,0.048908,0.048908,0.000000,0.042216,0.042216,0.045562,2026-03-31T04:18:38+0200
31-03-2026-host-cold-0023,cold,host,edge-node-1,edge-node-2,10.415992,10.423308,7.822308,6.811594,7.316951,19.138490,19.108626,-0.029864,19.631043,19.675839,0.044796,19.392233,0.007466,0.000000,0.219764,0.219764,0.000000,0.028482,0.028482,0.124123,2026-03-31T04:19:02+0200
31-03-2026-host-cold-0024,cold,host,edge-node-1,edge-node-2,11.023688,10.712615,7.196613,8.313762,7.755188,20.719478,19.615315,-1.104163,20.753522,19.644781,-1.108742,19.630048,-1.106452,0.000000,0.225721,0.225721,0.000000,0.043028,0.043028,0.134374,2026-03-31T04:19:27+0200
31-03-2026-host-cold-0025,cold,host,edge-node-1,edge-node-2,10.590057,10.609545,7.827324,6.955693,7.391509,19.191449,19.155612,-0.035837,19.642391,19.661504,0.019113,19.408558,-0.008362,0.000000,0.253776,0.253776,0.000000,0.210232,0.210232,0.232004,2026-03-31T04:19:51+0200
31-03-2026-host-cold-0026,cold,host,edge-node-1,edge-node-2,10.368057,10.271312,7.447330,7.195301,7.321315,19.999164,19.579678,-0.419486,20.495300,19.859800,-0.635501,19.719739,-0.527494,0.000000,0.032778,0.032778,0.000000,0.073019,0.073019,0.052898,2026-03-31T04:20:16+0200
31-03-2026-host-cold-0027,cold,host,edge-node-1,edge-node-2,10.344529,10.338301,7.317073,6.787109,7.052091,19.136698,19.673052,0.536353,19.647966,19.661902,0.013936,19.667477,0.275145,0.000000,0.046447,0.046447,0.000000,0.026827,0.026827,0.036637,2026-03-31T04:20:40+0200
31-03-2026-host-cold-0028,cold,host,edge-node-1,edge-node-2,10.488040,10.495787,7.898516,7.074110,7.486313,19.166960,19.148246,-0.018715,20.307159,20.178944,-0.128215,19.663595,-0.073465,0.000000,0.294606,0.294606,0.000000,0.260149,0.260149,0.277378,2026-03-31T04:21:05+0200
31-03-2026-host-cold-0029,cold,host,edge-node-1,edge-node-2,11.007035,10.697121,7.452830,7.844058,7.648444,20.872181,20.265150,-0.607031,20.071235,19.662500,-0.408735,19.963825,-0.507883,0.000000,0.237064,0.237064,0.000000,0.268399,0.268399,0.252732,2026-03-31T04:21:30+0200
31-03-2026-direct-cold-0002,cold,direct,edge-node-1,edge-node-2,13.834645,13.879576,8.746356,8.517579,8.631967,19.183684,19.846460,0.662776,19.667477,19.668871,0.001394,19.757666,0.332085,0.000000,0.038400,0.038400,0.000000,0.038557,0.038557,0.038479,2026-03-31T04:21:57+0200
31-03-2026-direct-cold-0003,cold,direct,edge-node-1,edge-node-2,14.395993,14.386939,9.103641,8.616462,8.860052,19.172137,19.177711,0.005575,19.640600,20.562195,0.921596,19.869953,0.463585,0.000000,0.067836,0.067836,0.000000,0.032039,0.032039,0.049937,2026-03-31T04:22:25+0200
31-03-2026-direct-cold-0004,cold,direct,edge-node-1,edge-node-2,13.825503,13.824886,8.336367,8.570387,8.453377,19.677432,19.333998,-0.343433,20.482559,19.679821,-0.802738,19.506909,-0.573086,0.000000,0.025429,0.025429,0.000000,0.057641,0.057641,0.041535,2026-03-31T04:22:53+0200
31-03-2026-direct-cold-0005,cold,direct,edge-node-1,edge-node-2,13.975988,14.271572,9.844742,7.865961,8.855352,19.174725,20.473599,1.298875,20.215377,20.018476,-0.196902,20.246038,0.550986,0.000000,0.025155,0.025155,0.000000,0.199807,0.199807,0.112481,2026-03-31T04:23:21+0200
31-03-2026-direct-cold-0006,cold,direct,edge-node-1,edge-node-2,14.005608,13.977395,8.896926,8.868941,8.882933,19.144463,20.119216,0.974753,19.635224,19.667477,0.032253,19.893347,0.503503,0.000000,0.024823,0.024823,0.000000,0.161254,0.161254,0.093038,2026-03-31T04:23:50+0200
31-03-2026-direct-cold-0007,cold,direct,edge-node-1,edge-node-2,13.762630,13.773963,8.668617,8.102190,8.385404,19.112807,19.162978,0.050171,19.642391,20.095922,0.453531,19.629450,0.251851,0.000000,0.061875,0.061875,0.000000,0.020419,0.020419,0.041147,2026-03-31T04:24:18+0200
31-03-2026-direct-cold-0008,cold,direct,edge-node-1,edge-node-2,13.724705,13.760391,8.534799,7.796486,8.165642,19.386359,19.153024,-0.233336,20.883728,19.650156,-1.233572,19.401590,-0.733454,0.000000,0.025615,0.025615,0.000000,0.028672,0.028672,0.027143,2026-03-31T04:24:46+0200
31-03-2026-direct-cold-0009,cold,direct,edge-node-1,edge-node-2,13.911631,13.881610,9.097499,8.257878,8.677688,19.300949,20.137732,0.836783,20.739785,19.632437,-1.107348,19.885084,-0.135283,0.000000,0.190657,0.190657,0.000000,0.031798,0.031798,0.111227,2026-03-31T04:25:13+0200
31-03-2026-direct-cold-0010,cold,direct,edge-node-1,edge-node-2,14.162016,14.188745,8.848614,8.372599,8.610606,20.231305,19.663495,-0.567810,20.976704,19.628057,-1.348647,19.645776,-0.958229,0.000000,0.205766,0.205766,0.000000,0.036616,0.036616,0.121191,2026-03-31T04:25:42+0200
31-03-2026-direct-cold-0011,cold,direct,edge-node-1,edge-node-2,13.872304,13.879820,9.038113,8.209765,8.623939,19.186670,19.123558,-0.063112,19.651550,19.632636,-0.018914,19.378097,-0.041013,0.000000,0.219637,0.219637,0.000000,0.248787,0.248787,0.234212,2026-03-31T04:26:10+0200
31-03-2026-direct-cold-0012,cold,direct,edge-node-1,edge-node-2,14.481602,14.496767,9.308788,8.964559,9.136673,19.132517,19.117984,-0.014534,20.200446,19.634030,-0.566416,19.376007,-0.290475,0.000000,0.138646,0.138646,0.000000,0.200745,0.200745,0.169695,2026-03-31T04:26:38+0200
31-03-2026-direct-cold-0013,cold,direct,edge-node-1,edge-node-2,13.995468,14.009493,8.665948,8.528248,8.597098,19.855619,19.893446,0.037827,20.666918,19.712074,-0.954844,19.802760,-0.458508,0.000000,0.218821,0.218821,0.000000,0.241745,0.241745,0.230283,2026-03-31T04:27:06+0200
31-03-2026-direct-cold-0014,cold,direct,edge-node-1,edge-node-2,14.549487,14.520084,9.702010,8.804159,9.253085,20.385601,20.174564,-0.211037,19.640998,19.645577,0.004579,19.910070,-0.103229,0.000000,0.204582,0.204582,0.000000,0.258532,0.258532,0.231557,2026-03-31T04:27:35+0200
31-03-2026-direct-cold-0015,cold,direct,edge-node-1,edge-node-2,14.124224,14.125391,8.815132,13.111826,10.963479,19.139087,20.324082,1.184994,21.254238,19.635025,-1.619213,19.979553,-0.217110,0.000000,0.070247,0.070247,0.000000,0.244739,0.244739,0.157493,2026-03-31T04:28:03+0200
31-03-2026-direct-cold-0016,cold,direct,edge-node-1,edge-node-2,14.328590,14.313049,9.279438,8.665023,8.972230,19.133712,19.654337,0.520625,19.620890,20.477183,0.856294,20.065760,0.688459,0.000000,0.039530,0.039530,0.000000,0.177122,0.177122,0.108326,2026-03-31T04:28:31+0200
31-03-2026-direct-cold-0017,cold,direct,edge-node-1,edge-node-2,14.079263,14.082096,8.515206,8.384092,8.449649,19.861193,19.269891,-0.591302,20.830969,19.652147,-1.178822,19.461019,-0.885062,0.000000,0.032739,0.032739,0.000000,0.032732,0.032732,0.032735,2026-03-31T04:28:59+0200
31-03-2026-direct-cold-0018,cold,direct,edge-node-1,edge-node-2,13.723688,14.000170,9.611231,7.863555,8.737393,19.132517,20.639443,1.506925,20.358126,19.808036,-0.550090,20.223739,0.478417,0.000000,0.065466,0.065466,0.000000,0.081193,0.081193,0.073330,2026-03-31T04:29:27+0200
31-03-2026-direct-cold-0019,cold,direct,edge-node-1,edge-node-2,13.859825,13.887427,9.206234,8.254545,8.730390,19.137296,20.114239,0.976943,19.684201,19.618899,-0.065302,19.866569,0.455821,0.000000,0.216453,0.216453,0.000000,0.031222,0.031222,0.123837,2026-03-31T04:29:55+0200
31-03-2026-direct-cold-0020,cold,direct,edge-node-1,edge-node-2,14.064723,14.043411,8.853047,8.123652,8.488349,19.188661,19.149440,-0.039221,19.649161,19.698535,0.049375,19.423988,0.005077,0.000000,0.216355,0.216355,0.000000,0.266195,0.266195,0.241275,2026-03-31T04:30:23+0200
31-03-2026-direct-cold-0021,cold,direct,edge-node-1,edge-node-2,13.875105,13.876745,8.572466,8.200290,8.386378,20.258182,19.140282,-1.117900,20.354543,19.678825,-0.675717,19.409554,-0.896809,0.000000,0.212836,0.212836,0.000000,0.261791,0.261791,0.237314,2026-03-31T04:30:52+0200
31-03-2026-direct-cold-0022,cold,direct,edge-node-1,edge-node-2,13.723512,13.781284,8.565154,8.004386,8.284770,19.124156,19.650355,0.526199,20.506051,19.655332,-0.850719,19.652844,-0.162260,0.000000,0.268415,0.268415,0.000000,0.259637,0.259637,0.264026,2026-03-31T04:31:19+0200
31-03-2026-direct-cold-0023,cold,direct,edge-node-1,edge-node-2,14.208648,14.220921,8.823529,8.384532,8.604031,19.277456,19.583261,0.305805,20.937085,20.082981,-0.854104,19.833121,-0.274149,0.000000,0.212789,0.212789,0.000000,0.019777,0.019777,0.116283,2026-03-31T04:31:48+0200
31-03-2026-direct-cold-0024,cold,direct,edge-node-1,edge-node-2,14.174939,14.180691,8.670931,8.049645,8.360288,19.134907,19.135305,0.000398,19.660310,20.220554,0.560244,19.677929,0.280321,0.000000,0.210539,0.210539,0.000000,0.019833,0.019833,0.115186,2026-03-31T04:32:16+0200
31-03-2026-direct-cold-0025,cold,direct,edge-node-1,edge-node-2,14.603291,14.587340,10.355540,8.698654,9.527097,19.958549,19.646174,-0.312375,20.273114,19.688979,-0.584135,19.667577,-0.448255,0.000000,0.270968,0.270968,0.000000,0.068820,0.068820,0.169894,2026-03-31T04:32:45+0200
31-03-2026-direct-cold-0026,cold,direct,edge-node-1,edge-node-2,13.822248,13.801343,8.938344,7.655851,8.297097,20.439356,20.501273,0.061918,20.396949,19.668472,-0.728477,20.084873,-0.333280,0.000000,0.042674,0.042674,0.000000,0.028586,0.028586,0.035630,2026-03-31T04:33:12+0200
31-03-2026-direct-cold-0027,cold,direct,edge-node-1,edge-node-2,14.417540,14.427033,9.351012,9.227543,9.289277,19.417020,20.470215,1.053195,19.666482,19.873935,0.207454,20.172075,0.630324,0.000000,0.031971,0.031971,0.000000,0.227167,0.227167,0.129569,2026-03-31T04:33:41+0200
31-03-2026-direct-cold-0028,cold,direct,edge-node-1,edge-node-2,13.666061,13.656870,8.631501,7.788852,8.210177,19.441707,19.421400,-0.020307,19.689974,20.198654,0.508679,19.810027,0.244186,0.000000,0.081749,0.081749,0.000000,0.291463,0.291463,0.186606,2026-03-31T04:34:08+0200
31-03-2026-direct-cold-0029,cold,direct,edge-node-1,edge-node-2,13.880824,14.155642,9.330484,8.888114,9.109299,19.967110,20.771640,0.804530,20.208210,20.999998,0.791788,20.885819,0.798159,0.000000,0.030111,0.030111,0.000000,0.270707,0.270707,0.150409,2026-03-31T04:34:37+0200
31-03-2026-direct-cold-0030,cold,direct,edge-node-1,edge-node-2,13.830713,13.802546,8.878334,8.023341,8.450837,19.422992,20.148881,0.725888,20.346181,19.683205,-0.662976,19.916043,0.031456,0.000000,0.234702,0.234702,0.000000,0.033112,0.033112,0.133907,2026-03-31T04:35:04+0200
31-03-2026-direct-cold-0031,cold,direct,edge-node-1,edge-node-2,13.880394,13.912730,8.873597,8.502171,8.687884,19.454847,19.683603,0.228756,19.657921,19.702119,0.044198,19.692861,0.136477,0.000000,0.287895,0.287895,0.000000,0.033973,0.033973,0.160934,2026-03-31T04:35:32+0200
31-03-2026-host-precopy-0000,precopy,host,edge-node-1,edge-node-2,12.226691,12.244181,6.960461,4.934211,5.947336,19.406667,19.462213,0.055547,19.658916,19.645378,-0.013538,19.553796,0.021004,0.000000,0.263575,0.263575,0.000000,0.099856,0.099856,0.181716,2026-03-31T04:35:59+0200
31-03-2026-host-precopy-0001,precopy,host,edge-node-1,edge-node-2,12.394233,12.389285,7.645384,4.734925,6.190155,20.161224,20.022059,-0.139165,19.840488,19.668074,-0.172413,19.845067,-0.155789,0.000000,0.378200,0.378200,0.000000,0.029007,0.029007,0.203604,2026-03-31T04:36:25+0200
31-03-2026-host-precopy-0002,precopy,host,edge-node-1,edge-node-2,12.643034,12.310677,7.163324,4.972837,6.068081,20.720075,19.444693,-1.275382,20.922750,20.452098,-0.470653,19.948395,-0.873017,0.000000,0.149848,0.149848,0.000000,0.039663,0.039663,0.094756,2026-03-31T04:36:52+0200
31-03-2026-host-precopy-0003,precopy,host,edge-node-1,edge-node-2,11.978287,11.989584,6.935687,4.773869,5.854778,19.955961,20.067452,0.111491,20.543282,19.676635,-0.866646,19.872044,-0.377577,0.000000,0.137619,0.137619,0.000000,0.112076,0.112076,0.124848,2026-03-31T04:37:17+0200
31-03-2026-host-precopy-0004,precopy,host,edge-node-1,edge-node-2,12.374072,12.674532,8.104887,6.128134,7.116510,19.419807,20.588874,1.169067,19.627260,20.575534,0.948274,20.582204,1.058670,0.000000,0.053981,0.053981,0.000000,0.044997,0.044997,0.049489,2026-03-31T04:37:44+0200
31-03-2026-host-precopy-0005,precopy,host,edge-node-1,edge-node-2,12.207536,12.212433,7.343234,4.981474,6.162354,19.328225,19.564746,0.236521,19.638808,19.641794,0.002986,19.603270,0.119754,0.000000,0.094076,0.094076,0.000000,0.002559,0.002559,0.048317,2026-03-31T04:38:10+0200
31-03-2026-host-precopy-0006,precopy,host,edge-node-1,edge-node-2,12.069682,12.090217,7.798165,4.698545,6.248355,19.154816,19.636220,0.481404,20.680854,19.832325,-0.848529,19.734272,-0.183563,0.000000,0.063434,0.063434,0.000000,0.021647,0.021647,0.042540,2026-03-31T04:38:36+0200
31-03-2026-host-precopy-0007,precopy,host,edge-node-1,edge-node-2,12.158965,12.152233,7.424305,4.995871,6.210088,19.349328,19.156608,-0.192721,19.654934,19.681612,0.026678,19.419110,-0.083021,0.000000,0.155814,0.155814,0.000000,0.152043,0.152043,0.153928,2026-03-31T04:39:03+0200
31-03-2026-host-precopy-0008,precopy,host,edge-node-1,edge-node-2,12.113098,12.084658,7.169654,4.744070,5.956862,20.276698,19.549216,-0.727481,20.539101,19.650355,-0.888746,19.599786,-0.808113,0.000000,0.202196,0.202196,0.000000,0.175196,0.175196,0.188696,2026-03-31T04:39:29+0200
31-03-2026-host-precopy-0009,precopy,host,edge-node-1,edge-node-2,12.951823,12.960560,8.158508,6.315382,7.236945,19.164571,19.169947,0.005375,19.657124,19.786534,0.129410,19.478240,0.067393,0.000000,0.161958,0.161958,0.000000,0.060279,0.060279,0.111119,2026-03-31T04:39:56+0200
31-03-2026-host-precopy-0010,precopy,host,edge-node-1,edge-node-2,12.224014,12.192508,7.466997,5.028854,6.247925,19.869754,19.860596,-0.009158,19.677830,19.664889,-0.012941,19.762742,-0.011050,0.000000,0.199722,0.199722,0.000000,0.002563,0.002563,0.101143,2026-03-31T04:40:22+0200
31-03-2026-host-precopy-0011,precopy,host,edge-node-1,edge-node-2,12.472915,12.778853,8.628842,6.065380,7.347111,19.216932,21.290075,2.073142,20.176953,20.327068,0.150115,20.808571,1.111629,0.000000,0.155963,0.155963,0.000000,0.068167,0.068167,0.112065,2026-03-31T04:40:48+0200
31-03-2026-host-precopy-0012,precopy,host,edge-node-1,edge-node-2,12.320041,12.311810,7.346939,5.215974,6.281456,19.130726,19.160589,0.029864,19.652545,19.677631,0.025086,19.419110,0.027475,0.000000,0.224165,0.224165,0.000000,0.022527,0.022527,0.123346,2026-03-31T04:41:14+0200
31-03-2026-host-precopy-0013,precopy,host,edge-node-1,edge-node-2,12.052627,12.057053,7.393484,4.954205,6.173844,19.172734,19.568727,0.395993,20.344986,19.899618,-0.445368,19.734173,-0.024687,0.000000,0.152975,0.152975,0.000000,0.163286,0.163286,0.158131,2026-03-31T04:41:40+0200
31-03-2026-host-precopy-0014,precopy,host,edge-node-1,edge-node-2,12.067909,12.090976,7.288630,4.785685,6.037157,20.165804,19.138490,-1.027313,19.680816,19.691965,0.011149,19.415228,-0.508082,0.000000,0.055998,0.055998,0.000000,0.044907,0.044907,0.050453,2026-03-31T04:42:07+0200
31-03-2026-host-precopy-0015,precopy,host,edge-node-1,edge-node-2,12.332979,12.327934,7.183673,4.408163,5.795918,20.484948,19.814606,-0.670342,20.363104,19.678427,-0.684677,19.746516,-0.677509,0.000000,0.100404,0.100404,0.000000,0.028834,0.028834,0.064619,2026-03-31T04:42:33+0200
31-03-2026-host-precopy-0016,precopy,host,edge-node-1,edge-node-2,12.864620,12.870672,8.486508,12.182741,10.334624,19.380785,20.129171,0.748386,19.651151,19.658120,0.006968,19.893645,0.377677,0.000000,0.037652,0.037652,0.000000,0.001214,0.001214,0.019433,2026-03-31T04:43:00+0200
31-03-2026-host-precopy-0017,precopy,host,edge-node-1,edge-node-2,12.094558,12.100035,6.786012,4.746045,5.766028,19.151431,19.307519,0.156088,19.661703,19.654138,-0.007565,19.480828,0.074261,0.000000,0.194754,0.194754,0.000000,0.276988,0.276988,0.235871,2026-03-31T04:43:26+0200
31-03-2026-host-precopy-0018,precopy,host,edge-node-1,edge-node-2,12.521204,12.823406,8.395449,5.914610,7.155030,19.136698,21.072866,1.936167,19.800271,21.132195,1.331924,21.102530,1.634045,0.000000,0.231482,0.231482,0.000000,0.178811,0.178811,0.205147,2026-03-31T04:43:53+0200
31-03-2026-host-precopy-0019,precopy,host,edge-node-1,edge-node-2,12.163806,12.167621,7.396694,4.960728,6.178711,19.117785,19.117386,-0.000398,19.671260,19.660310,-0.010950,19.388848,-0.005674,0.000000,0.186581,0.186581,0.000000,0.032746,0.032746,0.109663,2026-03-31T04:44:19+0200
31-03-2026-host-precopy-0020,precopy,host,edge-node-1,edge-node-2,12.159226,12.183766,7.231405,4.765818,5.998611,20.000557,20.171776,0.171219,20.134944,19.703114,-0.431830,19.937445,-0.130306,0.000000,0.057184,0.057184,0.000000,0.050015,0.050015,0.053600,2026-03-31T04:44:45+0200
31-03-2026-host-precopy-0021,precopy,host,edge-node-1,edge-node-2,12.411862,12.416747,7.470564,5.263158,6.366861,19.682807,19.154019,-0.528788,19.807438,20.021860,0.214422,19.587940,-0.157183,0.000000,0.091898,0.091898,0.000000,0.043729,0.043729,0.067813,2026-03-31T04:45:12+0200
31-03-2026-host-precopy-0022,precopy,host,edge-node-1,edge-node-2,12.038854,12.029836,6.957251,5.219207,6.088229,19.295773,19.892849,0.597076,19.677432,19.701920,0.024488,19.797384,0.310782,0.000000,0.216422,0.216422,0.000000,0.002598,0.002598,0.109510,2026-03-31T04:45:38+0200
31-03-2026-host-precopy-0023,precopy,host,edge-node-1,edge-node-2,12.784444,12.818062,8.336610,5.126151,6.731381,19.159992,19.347537,0.187544,21.645653,19.732182,-1.913471,19.539859,-0.862963,0.000000,0.190050,0.190050,0.000000,0.030475,0.030475,0.110262,2026-03-31T04:46:05+0200
31-03-2026-host-precopy-0024,precopy,host,edge-node-1,edge-node-2,12.080069,12.070039,7.136895,4.864865,6.000880,19.135504,19.112608,-0.022896,19.670463,19.755476,0.085012,19.434042,0.031058,0.000000,0.244139,0.244139,0.000000,0.143045,0.143045,0.193592,2026-03-31T04:46:31+0200
31-03-2026-host-precopy-0025,precopy,host,edge-node-1,edge-node-2,12.832522,13.185519,9.038902,6.278539,7.658720,19.606754,21.676512,2.069758,20.412876,19.708291,-0.704586,20.692401,0.682586,0.000000,0.048096,0.048096,0.000000,0.172716,0.172716,0.110406,2026-03-31T04:46:58+0200
31-03-2026-host-precopy-0026,precopy,host,edge-node-1,edge-node-2,12.016107,12.037673,7.104053,5.106739,6.105396,19.152028,19.160788,0.008760,19.686192,20.511228,0.825036,19.836008,0.416898,0.000000,0.039985,0.039985,0.000000,0.255708,0.255708,0.147847,2026-03-31T04:47:24+0200
31-03-2026-host-precopy-0027,precopy,host,edge-node-1,edge-node-2,12.197558,12.193964,6.912252,4.824742,5.868497,19.579877,20.263956,0.684079,20.125388,19.716852,-0.408536,19.990404,0.137771,0.000000,0.279257,0.279257,0.000000,0.049333,0.049333,0.164295,2026-03-31T04:47:50+0200
31-03-2026-host-precopy-0028,precopy,host,edge-node-1,edge-node-2,12.109973,12.105131,7.442827,4.862843,6.152835,19.947400,19.446286,-0.501114,20.415465,19.692961,-0.722504,19.569623,-0.611809,0.000000,0.245472,0.245472,0.000000,0.082287,0.082287,0.163879,2026-03-31T04:48:17+0200
31-03-2026-host-precopy-0029,precopy,host,edge-node-1,edge-node-2,12.124621,12.103794,7.261411,4.817276,6.039343,19.149639,19.164969,0.015330,19.697938,19.679024,-0.018914,19.421997,-0.001792,0.000000,0.275782,0.275782,0.000000,0.006132,0.006132,0.140957,2026-03-31T04:48:43+0200
31-03-2026-direct-precopy-0000,precopy,direct,edge-node-1,edge-node-2,16.469754,16.480172,8.952032,6.022974,7.487503,20.044159,19.160788,-0.883370,22.210675,19.688382,-2.522293,19.424585,-1.702832,0.000000,0.039371,0.039371,0.000000,0.033184,0.033184,0.036278,2026-03-31T04:49:13+0200
31-03-2026-direct-precopy-0001,precopy,direct,edge-node-1,edge-node-2,15.525663,15.537769,8.171206,6.243934,7.207570,19.511986,19.365853,-0.146133,20.060882,19.688382,-0.372501,19.527117,-0.259317,0.000000,0.031953,0.031953,0.000000,0.036454,0.036454,0.034203,2026-03-31T04:49:43+0200
31-03-2026-direct-precopy-0002,precopy,direct,edge-node-1,edge-node-2,15.966849,15.991980,8.655965,7.351555,8.003760,19.140282,19.678626,0.538344,19.689178,19.701123,0.011946,19.689875,0.275145,0.000000,0.067767,0.067767,0.000000,0.169274,0.169274,0.118521,2026-03-31T04:50:12+0200
31-03-2026-direct-precopy-0003,precopy,direct,edge-node-1,edge-node-2,15.668695,15.690315,8.451157,6.638871,7.545014,19.147051,19.570718,0.423667,19.692563,19.706499,0.013936,19.638609,0.218802,0.000000,0.032409,0.032409,0.000000,0.179749,0.179749,0.106079,2026-03-31T04:50:42+0200
31-03-2026-direct-precopy-0004,precopy,direct,edge-node-1,edge-node-2,16.296618,16.290014,9.085290,7.290701,8.187996,19.158997,19.615912,0.456916,19.695151,19.705703,0.010552,19.660807,0.233734,0.000000,0.030921,0.030921,0.000000,0.152749,0.152749,0.091835,2026-03-31T04:51:12+0200
31-03-2026-direct-precopy-0005,precopy,direct,edge-node-1,edge-node-2,15.676088,15.645363,8.515424,6.565819,7.540622,19.159992,19.607949,0.447956,19.667278,19.840886,0.173608,19.724417,0.310782,0.000000,0.166705,0.166705,0.000000,0.155048,0.155048,0.160876,2026-03-31T04:51:42+0200
31-03-2026-direct-precopy-0006,precopy,direct,edge-node-1,edge-node-2,16.208147,16.191444,9.011809,7.355680,8.183744,19.216335,20.197658,0.981323,19.685594,19.775186,0.089591,19.986422,0.535457,0.000000,0.040971,0.040971,0.000000,0.174427,0.174427,0.107699,2026-03-31T04:52:12+0200
31-03-2026-direct-precopy-0007,precopy,direct,edge-node-1,edge-node-2,15.683420,15.690043,8.565929,6.769329,7.667629,19.152028,19.783747,0.631718,19.682608,20.221748,0.539140,20.002747,0.585429,0.000000,0.042342,0.042342,0.000000,0.164565,0.164565,0.103453,2026-03-31T04:52:42+0200
31-03-2026-direct-precopy-0008,precopy,direct,edge-node-1,edge-node-2,16.266670,16.258203,8.983891,7.418856,8.201374,19.168155,20.163415,0.995260,19.690572,19.908776,0.218205,20.036095,0.606732,0.000000,0.071321,0.071321,0.000000,0.157372,0.157372,0.114347,2026-03-31T04:53:12+0200
31-03-2026-direct-precopy-0009,precopy,direct,edge-node-1,edge-node-2,15.715497,15.759458,8.135810,6.658131,7.396970,19.144264,19.151033,0.006769,19.651948,19.673052,0.021104,19.412042,0.013936,0.000000,0.069348,0.069348,0.000000,0.137070,0.137070,0.103209,2026-03-31T04:53:42+0200
31-03-2026-direct-precopy-0010,precopy,direct,edge-node-1,edge-node-2,16.272736,16.236465,9.082455,7.114135,8.098295,19.128934,19.134309,0.005375,19.810823,20.431989,0.621166,19.783149,0.313271,0.000000,0.072015,0.072015,0.000000,0.151809,0.151809,0.111912,2026-03-31T04:54:12+0200
31-03-2026-direct-precopy-0011,precopy,direct,edge-node-1,edge-node-2,15.638608,15.608886,8.250081,6.483871,7.366976,19.213150,19.169549,-0.043601,20.386198,19.678029,-0.708169,19.423789,-0.375885,0.000000,0.078931,0.078931,0.000000,0.016767,0.016767,0.047849,2026-03-31T04:54:41+0200
31-03-2026-direct-precopy-0012,precopy,direct,edge-node-1,edge-node-2,16.305922,16.283089,8.905380,7.012666,7.959023,19.884885,19.338777,-0.546109,20.593652,19.681812,-0.911840,19.510294,-0.728974,0.000000,0.072347,0.072347,0.000000,0.062613,0.062613,0.067480,2026-03-31T04:55:12+0200
31-03-2026-direct-precopy-0013,precopy,direct,edge-node-1,edge-node-2,15.631956,15.651894,8.041171,6.816720,7.428946,20.044159,19.143866,-0.900293,20.237875,19.670463,-0.567411,19.407165,-0.733852,0.000000,0.045980,0.045980,0.000000,0.072625,0.072625,0.059302,2026-03-31T04:55:41+0200
31-03-2026-direct-precopy-0014,precopy,direct,edge-node-1,edge-node-2,16.234648,16.240534,8.924698,6.968102,7.946400,20.096321,19.717648,-0.378672,20.176754,19.682210,-0.494544,19.699929,-0.436608,0.000000,0.047641,0.047641,0.000000,0.016837,0.016837,0.032239,2026-03-31T04:56:11+0200
31-03-2026-direct-precopy-0015,precopy,direct,edge-node-1,edge-node-2,15.668084,15.665291,8.234159,6.448508,7.341334,19.884288,19.167757,-0.716531,20.445727,19.700725,-0.745001,19.434241,-0.730766,0.000000,0.135626,0.135626,0.000000,0.038401,0.038401,0.087014,2026-03-31T04:56:41+0200
31-03-2026-direct-precopy-0016,precopy,direct,edge-node-1,edge-node-2,15.949857,16.274976,8.581165,6.926407,7.753786,19.668672,20.648402,0.979730,19.828343,20.402524,0.574181,20.525463,0.776956,0.000000,0.232173,0.232173,0.000000,0.070085,0.070085,0.151129,2026-03-31T04:57:11+0200
31-03-2026-direct-precopy-0017,precopy,direct,edge-node-1,edge-node-2,15.717743,15.690602,8.178319,6.638871,7.408595,20.621923,19.143069,-1.478853,19.692762,19.739548,0.046787,19.441309,-0.716033,0.000000,0.212737,0.212737,0.000000,0.058753,0.058753,0.135745,2026-03-31T04:57:41+0200
31-03-2026-direct-precopy-0018,precopy,direct,edge-node-1,edge-node-2,15.863819,15.830541,8.015267,7.433291,7.724279,19.161386,19.656527,0.495141,20.561001,20.360117,-0.200884,20.008322,0.147129,0.000000,0.211271,0.211271,0.000000,0.234170,0.234170,0.222720,2026-03-31T04:58:11+0200
31-03-2026-direct-precopy-0019,precopy,direct,edge-node-1,edge-node-2,15.482162,15.496545,7.912732,6.662333,7.287533,19.149440,19.642192,0.492752,19.713467,19.673450,-0.040017,19.657821,0.226367,0.000000,0.247513,0.247513,0.000000,0.227369,0.227369,0.237441,2026-03-31T04:58:40+0200
31-03-2026-direct-precopy-0020,precopy,direct,edge-node-1,edge-node-2,15.635975,15.603174,8.325266,6.589147,7.457207,19.303537,19.978060,0.674523,19.641197,19.698933,0.057737,19.838497,0.366130,0.000000,0.206605,0.206605,0.000000,0.183757,0.183757,0.195181,2026-03-31T04:59:10+0200
31-03-2026-direct-precopy-0021,precopy,direct,edge-node-1,edge-node-2,15.713598,15.719738,8.301282,6.585678,7.443480,19.158598,20.210599,1.052001,19.691169,19.677631,-0.013538,19.944115,0.519231,0.000000,0.214036,0.214036,0.000000,0.229608,0.229608,0.221822,2026-03-31T04:59:40+0200
31-03-2026-direct-precopy-0022,precopy,direct,edge-node-1,edge-node-2,15.656533,15.620501,8.362818,6.981982,7.672400,19.120970,20.073624,0.952654,19.637812,20.265947,0.628134,20.169785,0.790394,0.000000,0.216812,0.216812,0.000000,0.226315,0.226315,0.221564,2026-03-31T05:00:10+0200
31-03-2026-direct-precopy-0023,precopy,direct,edge-node-1,edge-node-2,15.733572,15.716634,8.141026,6.850192,7.495609,19.318071,19.576094,0.258023,19.668472,19.684798,0.016326,19.630446,0.137174,0.000000,0.217737,0.217737,0.000000,0.233381,0.233381,0.225559,2026-03-31T05:00:40+0200
31-03-2026-direct-precopy-0024,precopy,direct,edge-node-1,edge-node-2,15.474978,15.469548,8.216498,6.469441,7.342970,19.173929,19.860198,0.686269,19.687386,20.545272,0.857886,20.202735,0.772078,0.000000,0.221880,0.221880,0.000000,0.216655,0.216655,0.219268,2026-03-31T05:01:09+0200
31-03-2026-direct-precopy-0025,precopy,direct,edge-node-1,edge-node-2,15.581787,15.606277,8.454340,6.096774,7.275557,19.152427,19.136698,-0.015728,20.692799,19.683205,-1.009594,19.409952,-0.512661,0.000000,0.266487,0.266487,0.000000,0.015018,0.015018,0.140752,2026-03-31T05:01:39+0200
31-03-2026-direct-precopy-0026,precopy,direct,edge-node-1,edge-node-2,15.615774,15.602223,7.808971,6.668814,7.238893,19.315881,19.161187,-0.154694,20.680058,19.686192,-0.993866,19.423689,-0.574280,0.000000,0.259403,0.259403,0.000000,0.195034,0.195034,0.227219,2026-03-31T05:02:09+0200
31-03-2026-direct-precopy-0027,precopy,direct,edge-node-1,edge-node-2,15.737844,15.695334,8.405518,6.227929,7.316724,19.236045,19.128337,-0.107709,20.471808,19.708689,-0.763119,19.418513,-0.435414,0.000000,0.253668,0.253668,0.000000,0.234445,0.234445,0.244056,2026-03-31T05:02:39+0200
31-03-2026-direct-precopy-0028,precopy,direct,edge-node-1,edge-node-2,15.667477,15.674783,8.025682,6.380250,7.202966,19.352514,19.150038,-0.202476,20.419048,19.695151,-0.723898,19.422594,-0.463187,0.000000,0.032163,0.032163,0.000000,0.025668,0.025668,0.028915,2026-03-31T05:03:09+0200
31-03-2026-direct-precopy-0029,precopy,direct,edge-node-1,edge-node-2,15.601310,15.584125,7.824119,6.836504,7.330312,19.438322,19.115396,-0.322927,20.484549,19.661504,-0.823045,19.388450,-0.572986,0.000000,0.031297,0.031297,0.000000,0.148639,0.148639,0.089968,2026-03-31T05:03:39+0200
31-03-2026-host-postcopy-0000,postcopy,host,edge-node-1,edge-node-2,13.160556,13.164020,9.000383,6.845124,7.922754,19.472566,19.134309,-0.338257,20.454288,19.713069,-0.741219,19.423689,-0.539738,0.000000,0.023448,0.023448,0.000000,0.208903,0.208903,0.116176,2026-03-31T05:04:06+0200
31-03-2026-host-postcopy-0001,postcopy,host,edge-node-1,edge-node-2,13.847238,13.560477,8.685969,7.439577,8.062773,20.712111,19.178707,-1.533405,21.156484,20.763477,-0.393007,19.971092,-0.963206,0.000000,0.064318,0.064318,0.000000,0.285469,0.285469,0.174893,2026-03-31T05:04:34+0200
31-03-2026-host-postcopy-0002,postcopy,host,edge-node-1,edge-node-2,12.931605,12.960360,8.638132,6.710628,7.674380,19.181096,19.148246,-0.032850,20.396750,19.696146,-0.700604,19.422196,-0.366727,0.000000,0.138348,0.138348,0.000000,0.022002,0.022002,0.080175,2026-03-31T05:05:00+0200
31-03-2026-host-postcopy-0003,postcopy,host,edge-node-1,edge-node-2,13.618948,13.609292,9.057301,8.001475,8.529388,20.344787,19.962730,-0.382057,20.757703,19.778570,-0.979133,19.870650,-0.680595,0.000000,0.137963,0.137963,0.000000,0.020953,0.020953,0.079458,2026-03-31T05:05:28+0200
31-03-2026-host-postcopy-0004,postcopy,host,edge-node-1,edge-node-2,12.747993,12.765229,8.369522,6.987762,7.678642,19.131323,19.638410,0.507087,19.703313,20.484151,0.780838,20.061280,0.643962,0.000000,0.083653,0.083653,0.000000,0.212981,0.212981,0.148317,2026-03-31T05:05:55+0200
31-03-2026-host-postcopy-0005,postcopy,host,edge-node-1,edge-node-2,12.873179,12.865487,7.948316,7.621601,7.784959,19.168155,19.160390,-0.007765,20.277892,20.976306,0.698414,20.068348,0.345325,0.000000,0.031254,0.031254,0.000000,0.021861,0.021861,0.026558,2026-03-31T05:06:22+0200
31-03-2026-host-postcopy-0006,postcopy,host,edge-node-1,edge-node-2,12.976368,12.983533,8.628061,6.924565,7.776313,20.018874,19.285619,-0.733255,20.669108,19.701920,-0.967188,19.493769,-0.850221,0.000000,0.022276,0.022276,0.000000,0.021060,0.021060,0.021668,2026-03-31T05:06:49+0200
31-03-2026-host-postcopy-0007,postcopy,host,edge-node-1,edge-node-2,13.047484,13.073956,8.342990,6.843522,7.593256,19.140282,19.151033,0.010751,19.668074,19.677830,0.009755,19.414431,0.010253,0.000000,0.075146,0.075146,0.000000,0.020616,0.020616,0.047881,2026-03-31T05:07:16+0200
31-03-2026-host-postcopy-0008,postcopy,host,edge-node-1,edge-node-2,13.219167,13.215027,9.302326,6.623525,7.962925,19.175123,19.159793,-0.015330,20.855656,19.669667,-1.185990,19.414730,-0.600660,0.000000,0.143612,0.143612,0.000000,0.062370,0.062370,0.102991,2026-03-31T05:07:43+0200
31-03-2026-host-postcopy-0009,postcopy,host,edge-node-1,edge-node-2,13.128829,13.114036,7.828089,6.899195,7.363642,20.168392,19.147848,-1.020544,20.218165,19.706499,-0.511666,19.427173,-0.766105,0.000000,0.173164,0.173164,0.000000,0.133445,0.133445,0.153304,2026-03-31T05:08:10+0200
31-03-2026-host-postcopy-0010,postcopy,host,edge-node-1,edge-node-2,13.457376,13.393135,9.073795,6.723012,7.898404,19.170743,19.716653,0.545910,20.968741,20.330253,-0.638487,20.023453,-0.046289,0.000000,0.180837,0.180837,0.000000,0.199788,0.199788,0.190312,2026-03-31T05:08:38+0200
31-03-2026-host-postcopy-0011,postcopy,host,edge-node-1,edge-node-2,13.000217,12.992193,8.323655,6.979449,7.651552,19.243810,19.255357,0.011547,20.728835,19.703313,-1.025522,19.479335,-0.506987,0.000000,0.032451,0.032451,0.000000,0.070355,0.070355,0.051403,2026-03-31T05:09:04+0200
31-03-2026-host-postcopy-0012,postcopy,host,edge-node-1,edge-node-2,13.444101,13.404527,8.270677,7.643072,7.956874,19.704110,19.246796,-0.457314,20.658755,19.686192,-0.972563,19.466494,-0.714938,0.000000,0.021792,0.021792,0.000000,0.022147,0.022147,0.021969,2026-03-31T05:09:32+0200
31-03-2026-host-postcopy-0013,postcopy,host,edge-node-1,edge-node-2,13.176429,13.186394,8.260038,7.039574,7.649806,19.655731,19.813809,0.158079,19.669468,19.873139,0.203671,19.843474,0.180875,0.000000,0.022234,0.022234,0.000000,0.018959,0.018959,0.020597,2026-03-31T05:09:59+0200
31-03-2026-host-postcopy-0014,postcopy,host,edge-node-1,edge-node-2,13.747742,13.753273,8.443465,7.872574,8.158020,19.127142,19.159196,0.032054,19.969101,20.569163,0.600063,19.864180,0.316058,0.000000,0.070182,0.070182,0.000000,0.017893,0.017893,0.044038,2026-03-31T05:10:27+0200
31-03-2026-host-postcopy-0015,postcopy,host,edge-node-1,edge-node-2,13.240025,13.240176,9.360731,6.681853,8.021292,19.870152,19.132119,-0.738033,20.411085,19.689178,-0.721907,19.410649,-0.729970,0.000000,0.025963,0.025963,0.000000,0.173478,0.173478,0.099720,2026-03-31T05:10:54+0200
31-03-2026-host-postcopy-0016,postcopy,host,edge-node-1,edge-node-2,12.908869,12.894576,8.938329,7.023020,7.980675,19.142273,19.147250,0.004977,19.675839,20.729233,1.053394,19.938242,0.529186,0.000000,0.080795,0.080795,0.000000,0.144198,0.144198,0.112496,2026-03-31T05:11:21+0200
31-03-2026-host-postcopy-0017,postcopy,host,edge-node-1,edge-node-2,13.295139,13.288011,9.522003,6.696935,8.109469,19.171739,20.174365,1.002626,20.509834,19.694753,-0.815082,19.934559,0.093772,0.000000,0.111648,0.111648,0.000000,0.159331,0.159331,0.135489,2026-03-31T05:11:49+0200
31-03-2026-host-postcopy-0018,postcopy,host,edge-node-1,edge-node-2,13.101946,13.086528,8.775982,6.628131,7.702056,20.227721,19.154816,-1.072905,20.898063,19.650952,-1.247111,19.402884,-1.160008,0.000000,0.192898,0.192898,0.000000,0.074325,0.074325,0.133612,2026-03-31T05:12:16+0200
31-03-2026-host-postcopy-0019,postcopy,host,edge-node-1,edge-node-2,14.178115,14.179728,8.890469,7.251632,8.071051,19.640002,19.562954,-0.077049,21.190330,19.740743,-1.449587,19.651848,-0.763318,0.000000,0.073837,0.073837,0.000000,0.030303,0.030303,0.052070,2026-03-31T05:12:44+0200
31-03-2026-host-postcopy-0020,postcopy,host,edge-node-1,edge-node-2,13.111426,13.103542,8.807692,7.145601,7.976647,19.169748,19.174526,0.004778,19.720435,19.696743,-0.023692,19.435635,-0.009457,0.000000,0.032474,0.032474,0.000000,0.043225,0.043225,0.037850,2026-03-31T05:13:12+0200
31-03-2026-host-postcopy-0021,postcopy,host,edge-node-1,edge-node-2,13.250428,13.197696,7.748092,7.941963,7.845027,19.486901,19.145857,-0.341044,20.426415,19.731983,-0.694432,19.438920,-0.517738,0.000000,0.023584,0.023584,0.000000,0.087610,0.087610,0.055597,2026-03-31T05:13:39+0200
31-03-2026-host-postcopy-0022,postcopy,host,edge-node-1,edge-node-2,13.055016,13.004323,8.336565,7.516466,7.926516,20.086565,19.237439,-0.849126,19.683205,19.693558,0.010353,19.465498,-0.419387,0.000000,0.023339,0.023339,0.000000,0.208164,0.208164,0.115751,2026-03-31T05:14:06+0200
31-03-2026-host-postcopy-0023,postcopy,host,edge-node-1,edge-node-2,13.201197,13.186363,8.053435,7.850610,7.952022,19.143069,19.118581,-0.024488,19.687983,20.365891,0.677907,19.742236,0.326710,0.000000,0.077526,0.077526,0.000000,0.159966,0.159966,0.118746,2026-03-31T05:14:34+0200
31-03-2026-host-postcopy-0024,postcopy,host,edge-node-1,edge-node-2,13.160285,13.148364,9.171144,6.702413,7.936778,19.379988,19.131522,-0.248466,20.411682,19.683802,-0.727879,19.407662,-0.488173,0.000000,0.192340,0.192340,0.000000,0.165479,0.165479,0.178910,2026-03-31T05:15:00+0200
31-03-2026-host-postcopy-0025,postcopy,host,edge-node-1,edge-node-2,13.087452,13.083627,9.024296,7.170245,8.097271,19.123160,19.160390,0.037230,19.697142,19.701920,0.004778,19.431155,0.021004,0.000000,0.205051,0.205051,0.000000,0.163910,0.163910,0.184480,2026-03-31T05:15:27+0200
31-03-2026-host-postcopy-0026,postcopy,host,edge-node-1,edge-node-2,13.443460,13.429729,9.336333,6.801954,8.069144,19.139884,19.799077,0.659193,19.702318,19.699332,-0.002986,19.749204,0.328103,0.000000,0.082522,0.082522,0.000000,0.156486,0.156486,0.119504,2026-03-31T05:15:55+0200
31-03-2026-host-postcopy-0027,postcopy,host,edge-node-1,edge-node-2,13.104943,13.109763,8.436055,7.055215,7.745635,19.144264,19.118382,-0.025882,20.452297,19.710481,-0.741816,19.414431,-0.383849,0.000000,0.039644,0.039644,0.000000,0.214237,0.214237,0.126940,2026-03-31T05:16:22+0200
31-03-2026-host-postcopy-0028,postcopy,host,edge-node-1,edge-node-2,13.531138,13.514383,8.451229,7.039021,7.745125,19.140680,19.168553,0.027873,21.124231,19.694155,-1.430076,19.431354,-0.701102,0.000000,0.028869,0.028869,0.000000,0.028615,0.028615,0.028742,2026-03-31T05:16:50+0200
31-03-2026-host-postcopy-0029,postcopy,host,edge-node-1,edge-node-2,13.064133,13.066569,8.522946,7.024315,7.773631,19.183883,19.174128,-0.009755,19.681612,19.704707,0.023095,19.439417,0.006670,0.000000,0.032891,0.032891,0.000000,0.034678,0.034678,0.033784,2026-03-31T05:17:17+0200
31-03-2026-direct-postcopy-0000,postcopy,direct,edge-node-1,edge-node-2,16.872883,16.855798,9.284217,8.191330,8.737774,19.457435,19.180299,-0.277136,20.129370,19.668273,-0.461096,19.424286,-0.369116,0.000000,0.212527,0.212527,0.000000,0.026882,0.026882,0.119705,2026-03-31T05:17:48+0200
31-03-2026-direct-postcopy-0001,postcopy,direct,edge-node-1,edge-node-2,16.695436,16.391443,8.758451,8.284750,8.521601,20.674483,19.156807,-1.517676,20.750337,20.417854,-0.332483,19.787330,-0.925080,0.000000,0.175946,0.175946,0.000000,0.069825,0.069825,0.122886,2026-03-31T05:18:18+0200
31-03-2026-direct-postcopy-0002,postcopy,direct,edge-node-1,edge-node-2,16.894309,16.907973,8.944544,8.985075,8.964809,19.762842,19.737955,-0.024886,20.204826,20.205224,0.000398,19.971590,-0.012244,0.000000,0.176881,0.176881,0.000000,0.046899,0.046899,0.111890,2026-03-31T05:18:49+0200
31-03-2026-direct-postcopy-0003,postcopy,direct,edge-node-1,edge-node-2,16.740046,16.459537,9.204893,7.993874,8.599384,20.676474,19.155612,-1.520862,20.475789,20.159831,-0.315959,19.657721,-0.918410,0.000000,0.172677,0.172677,0.000000,0.062416,0.062416,0.117547,2026-03-31T05:19:20+0200
31-03-2026-direct-postcopy-0004,postcopy,direct,edge-node-1,edge-node-2,16.913000,16.878562,9.042077,9.101796,9.071937,19.151431,19.164571,0.013140,20.109062,20.362705,0.253643,19.763638,0.133391,0.000000,0.215256,0.215256,0.000000,0.061561,0.061561,0.138409,2026-03-31T05:19:51+0200
31-03-2026-direct-postcopy-0005,postcopy,direct,edge-node-1,edge-node-2,16.689292,16.394267,9.208500,8.082360,8.645430,20.621326,19.153223,-1.468103,19.836904,20.824797,0.987893,19.989010,-0.240105,0.000000,0.185139,0.185139,0.000000,0.063141,0.063141,0.124140,2026-03-31T05:20:21+0200
31-03-2026-direct-postcopy-0006,postcopy,direct,edge-node-1,edge-node-2,16.815435,16.807192,9.039039,8.905547,8.972293,19.128735,19.159992,0.031257,20.243449,19.976467,-0.266982,19.568230,-0.117862,0.000000,0.175852,0.175852,0.000000,0.062055,0.062055,0.118954,2026-03-31T05:20:52+0200
31-03-2026-direct-postcopy-0007,postcopy,direct,edge-node-1,edge-node-2,16.860378,16.542766,9.359756,7.729763,8.544759,20.612167,19.166562,-1.445605,19.704906,19.978259,0.273353,19.572411,-0.586126,0.000000,0.184187,0.184187,0.000000,0.063047,0.063047,0.123617,2026-03-31T05:21:23+0200
31-03-2026-direct-postcopy-0008,postcopy,direct,edge-node-1,edge-node-2,16.826112,16.826934,8.979348,8.848230,8.913789,19.139884,19.164372,0.024488,19.692961,19.698137,0.005176,19.431255,0.014832,0.000000,0.019501,0.019501,0.000000,0.065464,0.065464,0.042483,2026-03-31T05:21:53+0200
31-03-2026-direct-postcopy-0009,postcopy,direct,edge-node-1,edge-node-2,16.957965,16.657721,9.404294,8.124434,8.764364,20.644619,19.161386,-1.483233,19.732381,19.692563,-0.039818,19.426974,-0.761526,0.000000,0.021653,0.021653,0.000000,0.067067,0.067067,0.044360,2026-03-31T05:22:24+0200
31-03-2026-direct-postcopy-0010,postcopy,direct,edge-node-1,edge-node-2,16.811652,16.815142,9.368453,8.930177,9.149315,19.156010,19.190254,0.034244,19.684997,19.701522,0.016525,19.445888,0.025384,0.000000,0.068080,0.068080,0.000000,0.065975,0.065975,0.067027,2026-03-31T05:22:55+0200
31-03-2026-direct-postcopy-0011,postcopy,direct,edge-node-1,edge-node-2,16.817307,16.533885,9.706960,7.776761,8.741860,20.481165,19.159196,-1.321969,19.732580,19.706499,-0.026081,19.432847,-0.674025,0.000000,0.054120,0.054120,0.000000,0.066861,0.066861,0.060491,2026-03-31T05:23:26+0200
31-03-2026-direct-postcopy-0012,postcopy,direct,edge-node-1,edge-node-2,17.027836,17.004257,9.807407,8.883625,9.345516,19.160788,19.144065,-0.016724,19.693956,19.684400,-0.009556,19.414232,-0.013140,0.000000,0.063086,0.063086,0.000000,0.037674,0.037674,0.050380,2026-03-31T05:23:57+0200
31-03-2026-direct-postcopy-0013,postcopy,direct,edge-node-1,edge-node-2,17.251962,16.962642,9.441805,8.291233,8.866519,20.621525,19.127739,-1.493785,19.682011,19.745720,0.063709,19.436730,-0.715038,0.000000,0.046190,0.046190,0.000000,0.047899,0.047899,0.047045,2026-03-31T05:24:28+0200
31-03-2026-direct-postcopy-0014,postcopy,direct,edge-node-1,edge-node-2,16.943418,16.933149,9.502532,8.874330,9.188431,19.149639,19.414830,0.265190,19.686789,19.707893,0.021104,19.561361,0.143147,0.000000,0.050259,0.050259,0.000000,0.045676,0.045676,0.047968,2026-03-31T05:24:58+0200
31-03-2026-direct-postcopy-0015,postcopy,direct,edge-node-1,edge-node-2,16.698594,16.448295,9.439166,8.014683,8.726925,20.705740,19.137296,-1.568445,19.684599,19.683603,-0.000995,19.410450,-0.784720,0.000000,0.049125,0.049125,0.000000,0.051297,0.051297,0.050211,2026-03-31T05:25:29+0200
31-03-2026-direct-postcopy-0016,postcopy,direct,edge-node-1,edge-node-2,16.719928,16.679957,9.137515,8.912978,9.025247,19.147449,19.196426,0.048977,19.677830,19.691567,0.013737,19.443996,0.031357,0.000000,0.060977,0.060977,0.000000,0.052458,0.052458,0.056718,2026-03-31T05:26:00+0200
31-03-2026-direct-postcopy-0017,postcopy,direct,edge-node-1,edge-node-2,16.936347,16.559036,9.129641,8.389058,8.759349,20.689614,19.139486,-1.550128,19.704110,19.663296,-0.040814,19.401391,-0.795471,0.000000,0.053740,0.053740,0.000000,0.048831,0.048831,0.051285,2026-03-31T05:26:31+0200
31-03-2026-direct-postcopy-0018,postcopy,direct,edge-node-1,edge-node-2,16.968111,16.991560,8.788599,8.847981,8.818290,19.156408,19.157205,0.000796,19.653341,19.685993,0.032651,19.421599,0.016724,0.000000,0.047193,0.047193,0.000000,0.052646,0.052646,0.049919,2026-03-31T05:27:01+0200
31-03-2026-direct-postcopy-0019,postcopy,direct,edge-node-1,edge-node-2,16.866495,16.578981,14.663024,8.171324,11.417174,20.643425,19.151431,-1.491994,19.675042,19.681413,0.006371,19.416422,-0.742811,0.000000,0.196858,0.196858,0.000000,0.055605,0.055605,0.126232,2026-03-31T05:27:32+0200
31-03-2026-direct-postcopy-0020,postcopy,direct,edge-node-1,edge-node-2,17.890144,17.855980,9.196051,12.976023,11.086037,19.124156,19.147848,0.023692,19.669269,19.688979,0.019710,19.418413,0.021701,0.000000,0.140615,0.140615,0.000000,0.048784,0.048784,0.094700,2026-03-31T05:28:04+0200
31-03-2026-direct-postcopy-0021,postcopy,direct,edge-node-1,edge-node-2,16.632806,16.344189,8.849830,8.040665,8.445248,20.655569,19.154418,-1.501152,19.669866,19.731186,0.061320,19.442802,-0.719916,0.000000,0.100986,0.100986,0.000000,0.223703,0.223703,0.162345,2026-03-31T05:28:34+0200
31-03-2026-direct-postcopy-0022,postcopy,direct,edge-node-1,edge-node-2,17.051501,17.050222,9.701272,8.198172,8.949722,19.153024,19.181892,0.028868,19.675042,19.674047,-0.000995,19.427970,0.013936,0.000000,0.102859,0.102859,0.000000,0.026576,0.026576,0.064718,2026-03-31T05:29:05+0200
31-03-2026-direct-postcopy-0023,postcopy,direct,edge-node-1,edge-node-2,16.866613,16.581590,9.732360,8.009709,8.871034,20.458468,19.121567,-1.336901,19.694753,19.706698,0.011946,19.414133,-0.662478,0.000000,0.114872,0.114872,0.000000,0.028505,0.028505,0.071688,2026-03-31T05:29:36+0200
31-03-2026-direct-postcopy-0024,postcopy,direct,edge-node-1,edge-node-2,16.912735,16.991266,9.329359,9.002073,9.165716,19.177114,19.161585,-0.015529,19.693757,19.684002,-0.009755,19.422793,-0.012642,0.000000,0.144353,0.144353,0.000000,0.027818,0.027818,0.086085,2026-03-31T05:30:07+0200
31-03-2026-direct-postcopy-0025,postcopy,direct,edge-node-1,edge-node-2,16.747250,16.400918,8.889572,7.732433,8.311003,21.357368,19.171938,-2.185430,19.924903,19.705105,-0.219797,19.438521,-1.202614,0.000000,0.138082,0.138082,0.000000,0.026914,0.026914,0.082498,2026-03-31T05:30:38+0200
31-03-2026-direct-postcopy-0026,postcopy,direct,edge-node-1,edge-node-2,16.990866,16.977906,9.096314,8.405108,8.750711,19.686391,19.151829,-0.534561,20.751133,19.723621,-1.027512,19.437725,-0.781037,0.000000,0.143230,0.143230,0.000000,0.026689,0.026689,0.084959,2026-03-31T05:31:09+0200
31-03-2026-direct-postcopy-0027,postcopy,direct,edge-node-1,edge-node-2,16.695572,16.407455,9.403811,7.380074,8.391942,20.702356,19.600184,-1.102172,20.264354,19.681015,-0.583339,19.640600,-0.842755,0.000000,0.254559,0.254559,0.000000,0.024046,0.024046,0.139302,2026-03-31T05:31:39+0200
31-03-2026-direct-postcopy-0028,postcopy,direct,edge-node-1,edge-node-2,16.831512,16.846744,9.107250,8.497905,8.802578,19.759258,19.377002,-0.382256,20.023453,19.669866,-0.353587,19.523434,-0.367922,0.000000,0.140640,0.140640,0.000000,0.023651,0.023651,0.082145,2026-03-31T05:32:10+0200
31-03-2026-direct-postcopy-0029,postcopy,direct,edge-node-1,edge-node-2,16.824818,16.546863,9.240622,7.523606,8.382114,21.341241,19.145060,-2.196181,20.124592,19.678825,-0.445766,19.411943,-1.320974,0.000000,0.157180,0.157180,0.000000,0.024315,0.024315,0.090748,2026-03-31T05:32:41+0200
11-04-2026-host-cold-0001,cold,host,edge-node-1,edge-node-2,16.307320,16.299950,6.931608,6.594761,6.763185,22.563465,22.029501,-0.533964,20.377836,19.578284,-0.799552,20.803893,-0.666758,0.000479,0.156419,0.156898,0.000959,0.017255,0.018213,0.087556,2026-04-11T03:58:02+0200
11-04-2026-host-cold-0002,cold,host,edge-node-1,edge-node-2,16.723981,16.991979,8.508124,6.927176,7.717650,22.432861,24.206570,1.773708,20.351158,19.538266,-0.812892,21.872418,0.480408,0.000000,0.178449,0.178449,0.000000,0.040690,0.040690,0.109569,2026-04-11T03:58:34+0200
11-04-2026-direct-cold-0000,cold,direct,edge-node-1,edge-node-2,14.757615,14.765599,9.084723,8.923706,9.004214,21.891730,21.893124,0.001394,20.590864,19.424187,-1.166678,20.658655,-0.582642,0.000000,0.023822,0.023822,0.000000,0.138889,0.138889,0.081356,2026-04-11T03:59:04+0200
11-04-2026-direct-cold-0001,cold,direct,edge-node-1,edge-node-2,14.416301,14.388557,8.792742,9.110021,8.951382,21.870626,21.859079,-0.011547,20.523571,19.436331,-1.087240,20.647705,-0.549394,0.000000,0.205659,0.205659,0.000000,0.119453,0.119453,0.162556,2026-04-11T03:59:33+0200
11-04-2026-host-precopy-0000,precopy,host,edge-node-1,edge-node-2,16.906299,16.934053,6.214689,4.626335,5.420512,22.483231,21.923784,-0.559448,20.048339,19.383174,-0.665166,20.653479,-0.612307,0.001155,0.190850,0.192005,0.000000,0.132638,0.132638,0.162321,2026-04-11T04:00:04+0200
11-04-2026-host-precopy-0001,precopy,host,edge-node-1,edge-node-2,16.681733,16.980132,7.083580,4.552173,5.817876,22.541565,23.356647,0.815082,19.860795,19.388151,-0.472644,21.372399,0.171219,0.000000,0.029973,0.029973,0.000000,0.095240,0.095240,0.062606,2026-04-11T04:00:35+0200
11-04-2026-direct-precopy-0000,precopy,direct,edge-node-1,edge-node-2,15.283847,15.285187,7.740448,6.176084,6.958266,22.675952,21.884364,-0.791589,19.882894,19.413834,-0.469060,20.649099,-0.630324,0.000000,0.032714,0.032714,0.000000,0.143112,0.143112,0.087913,2026-04-11T04:01:04+0200
11-04-2026-direct-precopy-0001,precopy,direct,edge-node-1,edge-node-2,15.190836,15.192663,7.620941,6.049587,6.835264,22.307433,21.889142,-0.418292,19.391138,19.499045,0.107908,20.694094,-0.155192,0.000000,0.032143,0.032143,0.000000,0.143984,0.143984,0.088064,2026-04-11T04:01:33+0200
11-04-2026-host-postcopy-0000,postcopy,host,edge-node-1,edge-node-2,17.682524,17.702245,7.392664,5.992616,6.692640,21.909847,21.867043,-0.042805,19.389147,19.408857,0.019710,20.637950,-0.011547,0.003093,0.050147,0.053239,0.002207,0.109449,0.111656,0.082448,2026-04-11T04:02:05+0200
11-04-2026-host-postcopy-0001,postcopy,host,edge-node-1,edge-node-2,17.344604,17.635053,7.876712,6.007973,6.942342,22.416735,23.373172,0.956437,19.410649,19.403481,-0.007167,21.388326,0.474635,0.000000,0.054051,0.054051,0.000000,0.116955,0.116955,0.085503,2026-04-11T04:02:36+0200
11-04-2026-direct-postcopy-0000,postcopy,direct,edge-node-1,edge-node-2,16.455451,16.436427,9.458219,7.534456,8.496337,22.286927,22.005809,-0.281118,19.431354,19.475353,0.043999,20.740581,-0.118559,0.000000,0.116080,0.116080,0.000000,0.127622,0.127622,0.121851,2026-04-11T04:03:06+0200
11-04-2026-direct-postcopy-0001,postcopy,direct,edge-node-1,edge-node-2,16.443933,16.728262,9.301626,7.521059,8.411342,22.639718,23.171890,0.532172,19.432151,19.461218,0.029067,21.316554,0.280620,0.000000,0.117350,0.117350,0.000000,0.173032,0.173032,0.145191,2026-04-11T04:03:36+0200
11-04-2026-host-cold-0003,cold,host,edge-node-1,edge-node-2,15.736509,15.737572,6.170077,7.001279,6.585678,20.515608,21.688258,1.172650,19.617107,20.137533,0.520426,20.912895,0.846538,0.006206,0.192129,0.198335,0.000000,0.144459,0.144459,0.171397,2026-04-11T23:42:17+0200
11-04-2026-direct-cold-0002,cold,direct,edge-node-1,edge-node-2,13.490241,13.488858,8.723325,8.417508,8.570417,20.730428,20.638049,-0.092379,20.052719,19.714861,-0.337859,20.176455,-0.215119,0.000000,0.159259,0.159259,0.000000,0.030986,0.030986,0.095122,2026-04-11T23:42:44+0200
11-04-2026-host-precopy-0002,precopy,host,edge-node-1,edge-node-2,18.046318,18.060537,7.248397,5.174825,6.211611,20.664528,21.665562,1.001033,20.186509,19.707694,-0.478816,20.686628,0.261109,0.000000,0.188750,0.188750,0.000000,0.034822,0.034822,0.111786,2026-04-11T23:43:17+0200
11-04-2026-direct-precopy-0002,precopy,direct,edge-node-1,edge-node-2,15.771971,15.785737,8.516746,6.409439,7.463093,20.679659,21.395792,0.716133,20.394759,19.774987,-0.619773,20.585389,0.048180,0.000000,0.229343,0.229343,0.000000,0.073741,0.073741,0.151542,2026-04-11T23:43:47+0200
11-04-2026-host-postcopy-0002,postcopy,host,edge-node-1,edge-node-2,19.718026,19.701563,8.380174,6.982097,7.681135,20.870987,20.665723,-0.205264,19.847058,19.810027,-0.037031,20.237875,-0.121147,0.001189,0.208605,0.209794,0.000000,0.152867,0.152867,0.181330,2026-04-11T23:44:22+0200
11-04-2026-direct-postcopy-0002,postcopy,direct,edge-node-1,edge-node-2,17.308494,17.281603,10.198135,8.435493,9.316814,20.980089,20.758699,-0.221390,19.705703,19.750697,0.044995,20.254698,-0.088198,0.000000,0.025502,0.025502,0.000000,0.204788,0.204788,0.115145,2026-04-11T23:44:53+0200
12-04-2026-host-cold-0000,cold,host,edge-node-1,edge-node-2,14.782414,14.790178,6.080163,5.924413,6.002288,19.388350,19.339175,-0.049176,18.889066,18.903201,0.014136,19.121188,-0.017520,0.001057,0.170441,0.171498,0.001056,0.226079,0.227136,0.199317,2026-04-12T16:12:23+0200
12-04-2026-direct-cold-0000,cold,direct,edge-node-1,edge-node-2,13.311119,13.079847,8.098727,7.407407,7.753067,20.669108,20.143306,-0.525801,18.964124,18.894043,-0.070080,19.518675,-0.297941,0.000000,0.065441,0.065441,0.000000,0.252655,0.252655,0.159048,2026-04-12T16:12:50+0200
12-04-2026-host-precopy-0000,precopy,host,edge-node-1,edge-node-2,16.803404,16.813109,6.221956,4.332238,5.277097,19.380984,19.814008,0.433025,19.668512,18.947201,-0.721311,19.380605,-0.144143,0.000000,0.029756,0.029756,0.000000,0.155664,0.155664,0.092710,2026-04-12T16:13:21+0200
12-04-2026-direct-precopy-0000,precopy,direct,edge-node-1,edge-node-2,15.623956,15.642389,8.336015,5.402750,6.869383,19.318469,20.084972,0.766503,20.468265,18.922314,-1.545950,19.503643,-0.389724,0.000000,0.031752,0.031752,0.000000,0.190538,0.190538,0.111145,2026-04-12T16:13:50+0200
12-04-2026-host-postcopy-0000,postcopy,host,edge-node-1,edge-node-2,17.793769,17.801654,7.102434,5.541419,6.321926,19.312496,19.592618,0.280122,19.377638,18.941427,-0.436211,19.267023,-0.078044,0.003512,0.187697,0.191210,0.007900,0.145922,0.153822,0.172516,2026-04-12T16:14:21+0200
12-04-2026-direct-postcopy-0000,postcopy,direct,edge-node-1,edge-node-2,16.723590,16.751898,9.271523,7.267176,8.269349,19.459028,19.332804,-0.126224,21.235367,18.954567,-2.280800,19.143685,-1.203512,0.002803,0.194336,0.197139,0.000000,0.164161,0.164161,0.180650,2026-04-12T16:14:52+0200
12-04-2026-host-cold-0001,cold,host,edge-node-1,edge-node-2,14.738959,14.727938,6.937799,5.601093,6.269446,19.353111,20.256789,0.903677,19.111054,18.965318,-0.145735,19.611053,0.378971,0.000000,0.230575,0.230575,0.000000,0.066837,0.066837,0.148706,2026-04-12T16:28:52+0200
12-04-2026-direct-cold-0001,cold,direct,edge-node-1,edge-node-2,12.919253,12.899169,7.842372,7.614213,7.728293,19.336586,19.364459,0.027873,19.558215,18.966712,-0.591503,19.165586,-0.281815,0.000000,0.264564,0.264564,0.000000,0.023621,0.023621,0.144092,2026-04-12T16:29:18+0200
12-04-2026-host-precopy-0001,precopy,host,edge-node-1,edge-node-2,17.035969,17.066868,6.633255,4.384932,5.509094,20.456876,20.004539,-0.452336,18.943816,18.936450,-0.007366,19.470495,-0.229851,0.000000,0.181372,0.181372,0.000000,0.160215,0.160215,0.170794,2026-04-12T16:29:49+0200
12-04-2026-direct-precopy-0001,precopy,direct,edge-node-1,edge-node-2,15.696312,15.679800,7.548988,6.205095,6.877041,19.857610,19.379590,-0.478019,20.217210,18.992196,-1.225014,19.185893,-0.851517,0.000000,0.193616,0.193616,0.000000,0.181364,0.181364,0.187490,2026-04-12T16:30:19+0200
12-04-2026-host-postcopy-0001,postcopy,host,edge-node-1,edge-node-2,18.594809,18.601591,7.388363,5.591572,6.489967,19.800669,19.857012,0.056343,18.989607,18.970295,-0.019312,19.413654,0.018516,0.000000,0.159235,0.159235,0.000000,0.146997,0.146997,0.153116,2026-04-12T16:30:51+0200
12-04-2026-direct-postcopy-0001,postcopy,direct,edge-node-1,edge-node-2,17.053707,17.024301,8.875740,7.581227,8.228484,19.831130,19.969897,0.138767,21.079876,19.007526,-2.072350,19.488712,-0.966792,0.000000,0.159423,0.159423,0.000000,0.199852,0.199852,0.179638,2026-04-12T16:31:22+0200
12-04-2026-host-cold-0002,cold,host,edge-node-1,edge-node-2,14.893476,14.917145,6.001349,5.882353,5.941851,19.477344,19.947798,0.470454,20.339850,19.038186,-1.301664,19.492992,-0.415605,0.000000,0.183595,0.183595,0.000000,0.107102,0.107102,0.145349,2026-04-12T17:33:07+0200
12-04-2026-host-cold-0003,cold,host,edge-node-1,edge-node-2,14.321223,14.337821,6.311360,6.138197,6.224779,19.463806,19.984829,0.521023,19.043561,19.035598,-0.007964,19.510213,0.256530,0.000000,0.217389,0.217389,0.000000,0.141671,0.141671,0.179530,2026-04-12T17:33:35+0200
12-04-2026-host-cold-0004,cold,host,edge-node-1,edge-node-2,14.926315,14.950586,5.820996,6.561238,6.191117,19.701522,19.464403,-0.237118,19.018476,19.060882,0.042407,19.262643,-0.097356,0.000000,0.180313,0.180313,0.000000,0.151280,0.151280,0.165796,2026-04-12T17:34:04+0200
12-04-2026-host-cold-0005,cold,host,edge-node-1,edge-node-2,14.615834,14.619355,5.813553,5.677908,5.745731,20.857448,20.224934,-0.632514,20.006968,19.080792,-0.926177,19.652863,-0.779346,0.000000,0.171047,0.171047,0.000000,0.166464,0.166464,0.168756,2026-04-12T17:34:33+0200
12-04-2026-host-cold-0006,cold,host,edge-node-1,edge-node-2,14.635936,14.616271,6.108442,6.701031,6.404736,19.510194,20.489328,0.979133,19.598232,19.053715,-0.544517,19.771521,0.217308,0.000000,0.066457,0.066457,0.000000,0.212199,0.212199,0.139328,2026-04-12T17:35:01+0200
12-04-2026-host-cold-0007,cold,host,edge-node-1,edge-node-2,14.846866,14.592243,6.105554,5.823570,5.964562,21.071074,19.984232,-1.086842,19.050729,19.021064,-0.029665,19.502648,-0.558253,0.000000,0.035782,0.035782,0.000000,0.195952,0.195952,0.115867,2026-04-12T17:35:29+0200
12-04-2026-host-cold-0008,cold,host,edge-node-1,edge-node-2,14.663265,14.688527,6.031528,6.881205,6.456367,21.234329,20.007327,-1.227002,19.043362,20.152903,1.109540,20.080115,-0.058731,0.000000,0.039160,0.039160,0.000000,0.031381,0.031381,0.035271,2026-04-12T17:35:58+0200
12-04-2026-host-cold-0009,cold,host,edge-node-1,edge-node-2,14.895520,14.910783,6.641942,5.533063,6.087503,19.458232,19.835709,0.377478,19.034204,19.045353,0.011149,19.440531,0.194314,0.000000,0.077624,0.077624,0.000000,0.033533,0.033533,0.055578,2026-04-12T17:36:26+0200
12-04-2026-host-cold-0010,cold,host,edge-node-1,edge-node-2,14.464794,14.487426,5.900729,5.839416,5.870072,20.149080,20.113841,-0.035239,20.190730,19.091941,-1.098790,19.602891,-0.567014,0.000000,0.040238,0.040238,0.000000,0.073879,0.073879,0.057058,2026-04-12T17:36:54+0200
12-04-2026-host-cold-0011,cold,host,edge-node-1,edge-node-2,15.144420,15.162617,6.870229,5.538972,6.204600,19.467589,20.648004,1.180415,20.117863,19.073027,-1.044836,19.860515,0.067790,0.000000,0.311325,0.311325,0.000000,0.068013,0.068013,0.189669,2026-04-12T17:37:23+0200
12-04-2026-host-cold-0012,cold,host,edge-node-1,edge-node-2,14.620701,14.626952,6.232782,5.878309,6.055546,19.440911,19.802859,0.361949,19.121406,19.029824,-0.091582,19.416342,0.135183,0.000000,0.169922,0.169922,0.000000,0.195487,0.195487,0.182704,2026-04-12T17:37:52+0200
12-04-2026-host-cold-0013,cold,host,edge-node-1,edge-node-2,14.328417,14.613146,7.128099,5.849966,6.489032,19.469779,21.549889,2.080111,19.073226,19.101099,0.027873,20.325494,1.053992,0.000000,0.194380,0.194380,0.000000,0.190593,0.190593,0.192486,2026-04-12T17:38:20+0200
12-04-2026-host-cold-0014,cold,host,edge-node-1,edge-node-2,14.584794,14.595617,5.997932,5.756636,5.877284,19.597596,19.434141,-0.163454,19.202437,19.051326,-0.151111,19.242734,-0.157283,0.000000,0.245868,0.245868,0.000000,0.073866,0.073866,0.159867,2026-04-12T17:38:48+0200
12-04-2026-host-cold-0015,cold,host,edge-node-1,edge-node-2,14.692796,14.707157,5.987000,5.720265,5.853632,20.162618,20.586883,0.424265,21.129052,19.068846,-2.060205,19.827864,-0.817970,0.000000,0.195142,0.195142,0.000000,0.066400,0.066400,0.130771,2026-04-12T17:39:17+0200
12-04-2026-host-cold-0016,cold,host,edge-node-1,edge-node-2,14.419546,14.413730,6.429071,5.857741,6.143406,19.464204,20.497490,1.033286,20.128215,19.056901,-1.071315,19.777195,-0.019014,0.000000,0.194777,0.194777,0.000000,0.019784,0.019784,0.107280,2026-04-12T17:39:45+0200
12-04-2026-host-cold-0017,cold,host,edge-node-1,edge-node-2,14.863153,14.868191,6.127285,6.770481,6.448883,19.443897,20.543481,1.099584,19.039380,19.037589,-0.001792,19.790535,0.548896,0.000000,0.236007,0.236007,0.000000,0.019704,0.019704,0.127856,2026-04-12T17:40:13+0200
12-04-2026-host-cold-0018,cold,host,edge-node-1,edge-node-2,14.422807,14.448443,6.171548,5.986773,6.079161,20.325077,19.454847,-0.870230,19.040774,20.253643,1.212869,19.854245,0.171320,0.000000,0.039813,0.039813,0.000000,0.220342,0.220342,0.130077,2026-04-12T17:40:42+0200
12-04-2026-host-cold-0019,cold,host,edge-node-1,edge-node-2,14.933123,14.933557,6.054490,6.437479,6.245985,19.974277,19.461019,-0.513259,19.859839,19.160827,-0.699013,19.310923,-0.606136,0.000000,0.037145,0.037145,0.000000,0.165839,0.165839,0.101492,2026-04-12T17:41:10+0200
12-04-2026-host-cold-0020,cold,host,edge-node-1,edge-node-2,14.695210,14.424012,6.138821,5.863874,6.001348,21.255831,20.597833,-0.657998,19.552242,19.057100,-0.495142,19.827466,-0.576570,0.000000,0.073632,0.073632,0.000000,0.205549,0.205549,0.139590,2026-04-12T17:41:39+0200
12-04-2026-host-cold-0021,cold,host,edge-node-1,edge-node-2,14.667421,14.686835,6.275720,6.805746,6.540733,19.444892,19.915943,0.471051,19.044756,19.758700,0.713944,19.837322,0.592498,0.000000,0.042611,0.042611,0.000000,0.064897,0.064897,0.053754,2026-04-12T17:42:07+0200
12-04-2026-host-cold-0022,cold,host,edge-node-1,edge-node-2,14.948108,14.966011,7.190860,5.850706,6.520783,19.454847,19.971689,0.516842,19.047145,19.280680,0.233535,19.626185,0.375189,0.000000,0.028484,0.028484,0.000000,0.026101,0.026101,0.027292,2026-04-12T17:42:36+0200
12-04-2026-host-cold-0023,cold,host,edge-node-1,edge-node-2,14.466722,14.464656,6.160808,6.078499,6.119653,19.454051,19.569524,0.115473,19.048140,19.636856,0.588715,19.603190,0.352094,0.000000,0.260836,0.260836,0.000000,0.019444,0.019444,0.140140,2026-04-12T17:43:04+0200
12-04-2026-host-cold-0024,cold,host,edge-node-1,edge-node-2,14.886056,14.912578,6.986163,5.624789,6.305476,19.916541,20.448713,0.532172,19.373258,19.066059,-0.307199,19.757386,0.112487,0.000000,0.260311,0.260311,0.000000,0.062343,0.062343,0.161327,2026-04-12T17:43:33+0200
12-04-2026-host-cold-0025,cold,host,edge-node-1,edge-node-2,14.407463,14.428721,6.513410,5.828970,6.171190,20.473799,19.666681,-0.807118,20.101736,19.087163,-1.014574,19.376922,-0.910846,0.000000,0.219613,0.219613,0.000000,0.063621,0.063621,0.141617,2026-04-12T17:44:01+0200
12-04-2026-host-cold-0026,cold,host,edge-node-1,edge-node-2,14.392059,14.685973,7.502569,5.989049,6.745809,19.491480,21.222583,1.731103,19.098312,19.069045,-0.029267,20.145814,0.850918,0.002171,0.216862,0.219034,0.000000,0.027130,0.027130,0.123082,2026-04-12T17:44:29+0200
12-04-2026-host-cold-0027,cold,host,edge-node-1,edge-node-2,14.657132,14.667136,6.477039,5.831904,6.154472,19.494864,20.040177,0.545312,19.081190,19.068050,-0.013140,19.554113,0.266086,0.000000,0.070625,0.070625,0.000000,0.193886,0.193886,0.132255,2026-04-12T17:44:58+0200
12-04-2026-host-cold-0028,cold,host,edge-node-1,edge-node-2,14.877485,14.882391,6.019614,5.868139,5.943877,19.905989,19.490086,-0.415903,20.580553,19.516206,-1.064347,19.503146,-0.740125,0.000000,0.023105,0.023105,0.000000,0.229403,0.229403,0.126254,2026-04-12T17:45:26+0200
12-04-2026-host-cold-0029,cold,host,edge-node-1,edge-node-2,14.629033,14.633183,6.155433,5.777166,5.966300,20.534322,20.384605,-0.149717,19.790157,19.086565,-0.703592,19.735585,-0.426654,0.000000,0.024032,0.024032,0.000000,0.239716,0.239716,0.131874,2026-04-12T17:45:55+0200
12-04-2026-host-cold-0030,cold,host,edge-node-1,edge-node-2,14.602678,14.630035,6.423909,6.668958,6.546434,19.484313,20.235486,0.751173,19.755316,19.072629,-0.682687,19.654057,0.034243,0.000000,0.023808,0.023808,0.000000,0.209063,0.209063,0.116435,2026-04-12T17:46:23+0200
12-04-2026-host-cold-0031,cold,host,edge-node-1,edge-node-2,14.411016,14.388564,6.442577,6.140963,6.291770,20.120809,20.183921,0.063112,19.229513,19.074222,-0.155292,19.629071,-0.046090,0.000000,0.054483,0.054483,0.000000,0.215829,0.215829,0.135156,2026-04-12T17:46:52+0200
12-04-2026-direct-cold-0002,cold,direct,edge-node-1,edge-node-2,13.180738,13.197352,7.783289,8.737123,8.260206,19.467589,19.444295,-0.023294,19.051724,19.873975,0.822251,19.659135,0.399478,0.000000,0.120619,0.120619,0.000000,0.040550,0.040550,0.080584,2026-04-12T17:47:18+0200
12-04-2026-direct-cold-0003,cold,direct,edge-node-1,edge-node-2,13.228825,13.242495,9.018265,7.417269,8.217767,19.925301,20.268734,0.343433,19.736601,19.045950,-0.690651,19.657342,-0.173609,0.000000,0.120771,0.120771,0.000000,0.253976,0.253976,0.187374,2026-04-12T17:47:45+0200
12-04-2026-direct-cold-0004,cold,direct,edge-node-1,edge-node-2,12.937365,12.941315,8.291164,7.719298,8.005231,19.464602,20.570358,1.105756,19.537907,19.079398,-0.458509,19.824878,0.323623,0.004831,0.062501,0.067332,0.000000,0.038938,0.038938,0.053135,2026-04-12T17:48:12+0200
12-04-2026-direct-cold-0005,cold,direct,edge-node-1,edge-node-2,12.900960,13.206855,8.962624,7.363602,8.163113,19.485109,20.924741,1.439632,19.062873,19.084773,0.021900,20.004757,0.730766,0.000000,0.029976,0.029976,0.000000,0.291634,0.291634,0.160805,2026-04-12T17:48:39+0200
12-04-2026-direct-cold-0006,cold,direct,edge-node-1,edge-node-2,12.861999,12.866383,7.924676,7.542009,7.733342,20.046349,19.857410,-0.188938,19.922951,19.085968,-0.836983,19.471689,-0.512961,0.000000,0.136363,0.136363,0.006983,0.263222,0.270205,0.203284,2026-04-12T17:49:06+0200
12-04-2026-direct-cold-0007,cold,direct,edge-node-1,edge-node-2,13.172720,13.185839,7.827415,7.704341,7.765878,19.489290,19.434341,-0.054949,20.523811,19.090746,-1.433065,19.262543,-0.744007,0.000000,0.196607,0.196607,0.000000,0.034957,0.034957,0.115782,2026-04-12T17:49:32+0200
12-04-2026-direct-cold-0008,cold,direct,edge-node-1,edge-node-2,12.948382,12.953032,8.045084,7.542768,7.793926,20.193676,20.124393,-0.069284,19.064466,19.068050,0.003584,19.596221,-0.032850,0.000000,0.153554,0.153554,0.000000,0.088360,0.088360,0.120957,2026-04-12T17:49:59+0200
12-04-2026-direct-cold-0009,cold,direct,edge-node-1,edge-node-2,13.198857,13.221044,8.155488,8.482313,8.318900,19.451064,19.953771,0.502707,19.807478,19.079000,-0.728478,19.516385,-0.112886,0.000000,0.036698,0.036698,0.000000,0.021864,0.021864,0.029281,2026-04-12T17:50:26+0200
12-04-2026-direct-cold-0010,cold,direct,edge-node-1,edge-node-2,13.348566,13.356660,14.786873,7.654600,11.220737,19.634428,19.448874,-0.185554,19.044159,19.092140,0.047981,19.270507,-0.068786,0.000000,0.067599,0.067599,0.000000,0.021349,0.021349,0.044474,2026-04-12T17:50:53+0200
12-04-2026-direct-cold-0011,cold,direct,edge-node-1,edge-node-2,12.999426,13.021588,8.117511,7.662539,7.890025,20.564385,20.177152,-0.387233,20.632516,19.061480,-1.571036,19.619316,-0.979135,0.000000,0.027044,0.027044,0.000000,0.077995,0.077995,0.052520,2026-04-12T17:51:20+0200
12-04-2026-direct-cold-0012,cold,direct,edge-node-1,edge-node-2,13.112785,13.405148,9.131905,7.475582,8.303744,19.456440,20.966551,1.510111,19.043362,19.138727,0.095365,20.052639,0.802738,0.000000,0.070006,0.070006,0.000000,0.022438,0.022438,0.046222,2026-04-12T17:51:47+0200
12-04-2026-direct-cold-0013,cold,direct,edge-node-1,edge-node-2,12.960799,12.982335,8.113354,7.850758,7.982056,19.454648,19.432151,-0.022497,19.065461,20.148722,1.083260,19.790436,0.530381,0.000000,0.170888,0.170888,0.000000,0.021965,0.021965,0.096426,2026-04-12T17:52:14+0200
12-04-2026-direct-cold-0014,cold,direct,edge-node-1,edge-node-2,13.244493,13.265555,7.753706,7.342657,7.548182,20.258580,19.829339,-0.429242,21.099984,19.058294,-2.041690,19.443816,-1.235466,0.000000,0.139209,0.139209,0.000000,0.022085,0.022085,0.080647,2026-04-12T17:52:41+0200
12-04-2026-direct-cold-0015,cold,direct,edge-node-1,edge-node-2,12.945809,12.947080,8.255452,7.512651,7.884051,19.593614,20.136935,0.543321,19.504261,19.419248,-0.085012,19.778092,0.229155,0.000000,0.210915,0.210915,0.000000,0.127019,0.127019,0.168967,2026-04-12T17:53:08+0200
12-04-2026-direct-cold-0016,cold,direct,edge-node-1,edge-node-2,13.241747,13.249855,7.864742,8.475865,8.170303,19.441309,19.476150,0.034841,19.069642,19.064068,-0.005575,19.270109,0.014633,0.000000,0.036284,0.036284,0.000000,0.147997,0.147997,0.092141,2026-04-12T17:53:35+0200
12-04-2026-direct-cold-0017,cold,direct,edge-node-1,edge-node-2,13.201952,13.200028,8.962624,7.387662,8.175143,19.987417,19.910568,-0.076849,19.930915,19.105678,-0.825237,19.508123,-0.451043,0.000000,0.026334,0.026334,0.000000,0.187618,0.187618,0.106976,2026-04-12T17:54:02+0200
12-04-2026-direct-cold-0018,cold,direct,edge-node-1,edge-node-2,12.938539,12.949088,8.015564,7.785130,7.900347,19.470177,19.442105,-0.028072,19.059290,19.336824,0.277534,19.389465,0.124731,0.000000,0.067326,0.067326,0.000000,0.146909,0.146909,0.107117,2026-04-12T17:54:28+0200
12-04-2026-direct-cold-0019,cold,direct,edge-node-1,edge-node-2,12.949468,13.240667,8.828006,7.566540,8.197273,19.585849,20.983075,1.397226,19.074620,19.079000,0.004380,20.031037,0.700803,0.000000,0.028054,0.028054,0.000000,0.043368,0.043368,0.035711,2026-04-12T17:54:56+0200
12-04-2026-direct-cold-0020,cold,direct,edge-node-1,edge-node-2,12.957979,12.966129,8.164852,7.500972,7.832912,19.496059,20.130763,0.634704,19.676873,19.095325,-0.581548,19.613044,0.026578,0.000000,0.182983,0.182983,0.000000,0.063868,0.063868,0.123426,2026-04-12T17:55:22+0200
12-04-2026-direct-cold-0021,cold,direct,edge-node-1,edge-node-2,13.176090,13.180147,7.992352,7.704341,7.848346,19.604763,19.447481,-0.157282,20.582544,19.070240,-1.512304,19.258860,-0.834793,0.000000,0.239544,0.239544,0.000000,0.021635,0.021635,0.130590,2026-04-12T17:55:49+0200
12-04-2026-direct-cold-0022,cold,direct,edge-node-1,edge-node-2,12.937972,12.938749,8.057610,7.581649,7.819629,20.693397,20.196066,-0.497331,19.315123,19.152863,-0.162260,19.674464,-0.329796,0.000000,0.195947,0.195947,0.000000,0.022341,0.022341,0.109144,2026-04-12T17:56:16+0200
12-04-2026-direct-cold-0023,cold,direct,edge-node-1,edge-node-2,13.161008,13.171346,8.145315,8.339709,8.242512,19.473562,19.790317,0.316755,20.140360,19.064267,-1.076093,19.427292,-0.379669,0.000000,0.036804,0.036804,0.000000,0.021353,0.021353,0.029078,2026-04-12T17:56:43+0200
12-04-2026-direct-cold-0024,cold,direct,edge-node-1,edge-node-2,13.144651,13.158847,8.927203,7.580398,8.253801,19.477942,19.457634,-0.020307,19.018476,19.846699,0.828223,19.652167,0.403958,0.000000,0.066864,0.066864,0.000000,0.197111,0.197111,0.131987,2026-04-12T17:57:10+0200
12-04-2026-direct-cold-0025,cold,direct,edge-node-1,edge-node-2,12.992381,13.013760,7.936508,7.471932,7.704220,20.363900,20.566774,0.202874,20.245879,19.096918,-1.148961,19.831846,-0.473043,0.000000,0.234512,0.234512,0.000000,0.211015,0.211015,0.222764,2026-04-12T17:57:36+0200
12-04-2026-direct-cold-0026,cold,direct,edge-node-1,edge-node-2,13.053826,13.342786,9.183673,7.453651,8.318662,19.479933,20.710718,1.230785,19.634069,19.103090,-0.530979,19.906904,0.349903,0.000000,0.222337,0.222337,0.000000,0.166581,0.166581,0.194459,2026-04-12T17:58:04+0200
12-04-2026-direct-cold-0027,cold,direct,edge-node-1,edge-node-2,12.881191,12.895384,8.095424,7.394366,7.744895,19.486702,19.462412,-0.024289,19.101099,19.106275,0.005176,19.284344,-0.009556,0.000000,0.037603,0.037603,0.000000,0.029989,0.029989,0.033796,2026-04-12T17:58:30+0200
12-04-2026-direct-cold-0028,cold,direct,edge-node-1,edge-node-2,13.226756,13.229309,7.929851,7.509728,7.719789,19.978458,20.194274,0.215815,21.414351,19.073823,-2.340527,19.634049,-1.062356,0.000000,0.223564,0.223564,0.000000,0.079428,0.079428,0.151496,2026-04-12T17:58:57+0200
12-04-2026-direct-cold-0029,cold,direct,edge-node-1,edge-node-2,12.945173,12.960229,7.976654,7.557460,7.767057,19.993191,19.481923,-0.511268,19.074620,19.522975,0.448355,19.502449,-0.031456,0.000000,0.209719,0.209719,0.000000,0.071432,0.071432,0.140576,2026-04-12T17:59:24+0200
12-04-2026-direct-cold-0030,cold,direct,edge-node-1,edge-node-2,13.231042,13.278461,8.016717,8.452830,8.234774,19.633233,19.420404,-0.212829,19.213188,19.121008,-0.092180,19.270706,-0.152504,0.000000,0.196330,0.196330,0.000000,0.201219,0.201219,0.198775,2026-04-12T17:59:51+0200
12-04-2026-direct-cold-0031,cold,direct,edge-node-1,edge-node-2,13.354136,13.372694,9.306707,7.532957,8.419832,19.448675,20.149478,0.700803,19.752927,19.071633,-0.681293,19.610556,0.009755,0.000000,0.066985,0.066985,0.000000,0.232225,0.232225,0.149605,2026-04-12T18:00:18+0200
12-04-2026-host-precopy-0002,precopy,host,edge-node-1,edge-node-2,18.684850,18.705414,6.345792,5.220884,5.783338,19.490285,20.638846,1.148560,19.158039,19.084574,-0.073465,19.861710,0.537548,0.000000,0.155122,0.155122,0.000000,0.111515,0.111515,0.133319,2026-04-12T18:00:51+0200
12-04-2026-host-precopy-0003,precopy,host,edge-node-1,edge-node-2,18.471563,18.484734,7.244009,4.237979,5.740994,19.439915,19.745322,0.305407,19.784383,19.095923,-0.688461,19.420622,-0.191527,0.000000,0.159663,0.159663,0.000000,0.117496,0.117496,0.138579,2026-04-12T18:01:23+0200
12-04-2026-host-precopy-0004,precopy,host,edge-node-1,edge-node-2,18.691325,18.709936,6.325707,5.130271,5.727989,19.497254,20.074022,0.576769,19.796528,20.117265,0.320737,20.095644,0.448753,0.000000,0.155487,0.155487,0.000000,0.110236,0.110236,0.132861,2026-04-12T18:01:55+0200
12-04-2026-host-precopy-0005,precopy,host,edge-node-1,edge-node-2,18.226208,17.965218,6.407387,4.470522,5.438955,21.102928,19.484910,-1.618019,19.621725,19.426416,-0.195309,19.455663,-0.906664,0.000000,0.256327,0.256327,0.000000,0.116545,0.116545,0.186436,2026-04-12T18:02:27+0200
12-04-2026-host-precopy-0006,precopy,host,edge-node-1,edge-node-2,18.708694,18.754764,6.310419,5.143316,5.726868,19.712273,19.838298,0.126025,19.068050,19.123995,0.055945,19.481146,0.090985,0.000000,0.136342,0.136342,0.000000,0.172873,0.172873,0.154607,2026-04-12T18:03:00+0200
12-04-2026-host-precopy-0007,precopy,host,edge-node-1,edge-node-2,17.944050,17.966122,6.526611,4.412175,5.469393,19.609541,19.941825,0.332284,19.047344,19.098909,0.051565,19.520367,0.191924,0.000000,0.172411,0.172411,0.000000,0.125671,0.125671,0.149041,2026-04-12T18:03:32+0200
12-04-2026-host-precopy-0008,precopy,host,edge-node-1,edge-node-2,18.529772,18.546298,6.207644,5.010834,5.609239,19.476349,20.622719,1.146370,19.061679,19.048140,-0.013538,19.835430,0.566416,0.000000,0.159372,0.159372,0.000000,0.114578,0.114578,0.136975,2026-04-12T18:04:04+0200
12-04-2026-host-precopy-0009,precopy,host,edge-node-1,edge-node-2,18.174639,18.181158,6.339978,4.225352,5.282665,19.905193,19.464204,-0.440988,19.869396,19.073226,-0.796169,19.268715,-0.618579,0.000000,0.177531,0.177531,0.000000,0.137505,0.137505,0.157518,2026-04-12T18:04:36+0200
12-04-2026-host-precopy-0010,precopy,host,edge-node-1,edge-node-2,18.641229,18.636290,6.411638,4.987867,5.699753,19.478141,19.469381,-0.008760,19.760492,19.568766,-0.191726,19.519074,-0.100243,0.000000,0.164705,0.164705,0.000000,0.140225,0.140225,0.152465,2026-04-12T18:05:09+0200
12-04-2026-host-precopy-0011,precopy,host,edge-node-1,edge-node-2,17.922226,18.022996,6.188743,4.427736,5.308239,20.025245,19.509398,-0.515847,19.356932,19.439755,0.082822,19.474576,-0.216512,0.000000,0.178724,0.178724,0.000000,0.172739,0.172739,0.175731,2026-04-12T18:05:41+0200
12-04-2026-host-precopy-0012,precopy,host,edge-node-1,edge-node-2,18.709335,18.724212,6.046762,9.329759,7.688260,19.947599,19.870152,-0.077447,19.072032,20.231345,1.159314,20.050749,0.540933,0.000000,0.217764,0.217764,0.000000,0.018776,0.018776,0.118270,2026-04-12T18:06:13+0200
12-04-2026-host-precopy-0013,precopy,host,edge-node-1,edge-node-2,18.032507,18.035159,6.223835,4.376917,5.300376,20.385203,19.943816,-0.441386,19.094330,19.135741,0.041411,19.539779,-0.199988,0.000000,0.040942,0.040942,0.000000,0.021442,0.021442,0.031192,2026-04-12T18:06:45+0200
12-04-2026-host-precopy-0014,precopy,host,edge-node-1,edge-node-2,18.620999,18.638792,6.150526,5.197953,5.674240,19.476548,20.064267,0.587719,19.045353,19.086366,0.041013,19.575316,0.314366,0.000000,0.073841,0.073841,0.000000,0.019071,0.019071,0.046456,2026-04-12T18:07:17+0200
12-04-2026-host-precopy-0015,precopy,host,edge-node-1,edge-node-2,17.934331,17.951647,6.278027,4.118801,5.198414,19.664690,20.574937,0.910247,20.194314,19.084973,-1.109341,19.829955,-0.099547,0.000000,0.051403,0.051403,0.000000,0.161458,0.161458,0.106430,2026-04-12T18:07:49+0200
12-04-2026-host-precopy-0016,precopy,host,edge-node-1,edge-node-2,18.473509,18.491374,5.964052,4.833017,5.398534,19.533488,20.520585,0.987097,20.192124,19.066059,-1.126065,19.793322,-0.069484,0.000000,0.223081,0.223081,0.000000,0.017956,0.017956,0.120519,2026-04-12T18:08:21+0200
12-04-2026-host-precopy-0017,precopy,host,edge-node-1,edge-node-2,18.009832,18.010820,6.087685,4.384250,5.235968,21.049174,19.493073,-1.556101,20.093573,19.140519,-0.953054,19.316796,-1.254578,0.000000,0.190651,0.190651,0.000000,0.027327,0.027327,0.108989,2026-04-12T18:08:53+0200
12-04-2026-host-precopy-0018,precopy,host,edge-node-1,edge-node-2,18.497445,18.507869,6.086957,5.048860,5.567908,19.733974,20.215975,0.482001,20.142550,19.470017,-0.672533,19.842996,-0.095266,0.000000,0.063987,0.063987,0.000000,0.050443,0.050443,0.057215,2026-04-12T18:09:25+0200
12-04-2026-host-precopy-0019,precopy,host,edge-node-1,edge-node-2,18.225286,18.259107,6.065619,4.375344,5.220481,19.824361,20.191088,0.366727,19.065661,19.077009,0.011348,19.634049,0.189038,0.000000,0.058727,0.058727,0.000000,0.056479,0.056479,0.057603,2026-04-12T18:09:58+0200
12-04-2026-host-precopy-0020,precopy,host,edge-node-1,edge-node-2,18.551027,18.566015,5.965293,5.166351,5.565822,19.633233,20.578521,0.945288,19.077009,19.107868,0.030859,19.843194,0.488073,0.000000,0.050957,0.050957,0.000000,0.044184,0.044184,0.047570,2026-04-12T18:10:30+0200
12-04-2026-host-precopy-0021,precopy,host,edge-node-1,edge-node-2,17.926025,17.925170,6.339411,4.372197,5.355804,19.917138,20.221549,0.304411,19.066059,19.096918,0.030859,19.659234,0.167635,0.000000,0.059707,0.059707,0.000000,0.058620,0.058620,0.059164,2026-04-12T18:11:02+0200
12-04-2026-host-precopy-0022,precopy,host,edge-node-1,edge-node-2,18.512182,18.520291,6.000543,4.913138,5.456840,19.474159,20.131560,0.657401,19.529346,19.134148,-0.395198,19.632854,0.131102,0.000000,0.064147,0.064147,0.000000,0.047245,0.047245,0.055696,2026-04-12T18:11:34+0200
12-04-2026-host-precopy-0023,precopy,host,edge-node-1,edge-node-2,17.892433,17.912983,6.065712,4.286915,5.176313,20.082185,19.581668,-0.500517,19.441945,19.091144,-0.350800,19.336406,-0.425658,0.000000,0.057854,0.057854,0.000000,0.055171,0.055171,0.056513,2026-04-12T18:12:06+0200
12-04-2026-host-precopy-0024,precopy,host,edge-node-1,edge-node-2,18.486249,18.519377,5.917481,5.100380,5.508930,19.879311,19.537072,-0.342239,20.176794,19.255594,-0.921199,19.396333,-0.631719,0.000000,0.176229,0.176229,0.000000,0.058427,0.058427,0.117328,2026-04-12T18:12:38+0200
12-04-2026-host-precopy-0025,precopy,host,edge-node-1,edge-node-2,17.981804,17.985232,6.208054,4.465532,5.336793,19.956757,19.636419,-0.320339,19.751533,19.297603,-0.453930,19.467011,-0.387134,0.000000,0.030413,0.030413,0.000000,0.035837,0.035837,0.033125,2026-04-12T18:13:10+0200
12-04-2026-host-precopy-0026,precopy,host,edge-node-1,edge-node-2,18.478449,18.500024,6.064727,5.028540,5.546634,19.493471,19.667676,0.174205,19.062276,19.404715,0.342438,19.536195,0.258322,0.000000,0.040165,0.040165,0.000000,0.068834,0.068834,0.054500,2026-04-12T18:13:42+0200
12-04-2026-host-precopy-0027,precopy,host,edge-node-1,edge-node-2,17.985174,17.996538,6.211528,4.461796,5.336662,20.145894,20.134347,-0.011547,19.084375,19.067452,-0.016923,19.600900,-0.014235,0.000000,0.041484,0.041484,0.000000,0.037117,0.037117,0.039300,2026-04-12T18:14:14+0200
12-04-2026-host-precopy-0028,precopy,host,edge-node-1,edge-node-2,18.667322,18.678256,5.899784,5.164067,5.531926,19.500439,19.957753,0.457314,19.069842,19.109461,0.039619,19.533607,0.248467,0.000000,0.108185,0.108185,0.000000,0.040363,0.040363,0.074274,2026-04-12T18:14:46+0200
12-04-2026-host-precopy-0029,precopy,host,edge-node-1,edge-node-2,18.028349,18.039125,6.173184,4.204957,5.189071,20.139922,20.079597,-0.060325,19.714104,19.075814,-0.638289,19.577706,-0.349307,0.000000,0.063268,0.063268,0.000000,0.046990,0.046990,0.055129,2026-04-12T18:15:18+0200
12-04-2026-host-precopy-0030,precopy,host,edge-node-1,edge-node-2,18.689851,18.709113,5.974166,4.838710,5.406438,19.494068,19.578483,0.084415,20.184957,19.106275,-1.078681,19.342379,-0.497133,0.000000,0.070016,0.070016,0.000000,0.049692,0.049692,0.059854,2026-04-12T18:15:50+0200
12-04-2026-host-precopy-0031,precopy,host,edge-node-1,edge-node-2,18.182495,18.203722,5.916505,4.391052,5.153779,20.416062,19.477543,-0.938518,19.854862,19.837143,-0.017719,19.657343,-0.478119,0.000000,0.136421,0.136421,0.000000,0.162441,0.162441,0.149431,2026-04-12T18:16:22+0200
12-04-2026-direct-precopy-0002,precopy,direct,edge-node-1,edge-node-2,16.857853,16.861508,7.287933,6.591112,6.939523,19.699133,19.467788,-0.231345,19.926336,19.323684,-0.602652,19.395736,-0.416998,0.000000,0.065808,0.065808,0.000000,0.203635,0.203635,0.134721,2026-04-12T18:16:53+0200
12-04-2026-direct-precopy-0003,precopy,direct,edge-node-1,edge-node-2,16.591363,16.604137,7.398423,5.791389,6.594906,20.722862,19.517959,-1.204903,19.387393,19.168989,-0.218404,19.343474,-0.711654,0.000000,0.070161,0.070161,0.000000,0.231729,0.231729,0.150945,2026-04-12T18:17:24+0200
12-04-2026-direct-precopy-0004,precopy,direct,edge-node-1,edge-node-2,16.883877,16.905287,7.304711,6.515918,6.910314,19.732381,20.221151,0.488770,19.152465,19.061878,-0.090587,19.641514,0.199092,0.000000,0.036323,0.036323,0.000000,0.258333,0.258333,0.147328,2026-04-12T18:17:54+0200
12-04-2026-direct-precopy-0005,precopy,direct,edge-node-1,edge-node-2,16.561499,16.575342,7.533414,5.775076,6.654245,20.231106,20.366687,0.135581,19.467827,19.515211,0.047384,19.940949,0.091483,0.000000,0.062740,0.062740,0.000000,0.130323,0.130323,0.096532,2026-04-12T18:18:25+0200
12-04-2026-direct-precopy-0006,precopy,direct,edge-node-1,edge-node-2,16.890212,16.894099,7.447125,6.587183,7.017154,19.481525,20.137134,0.655609,19.786971,19.396353,-0.390619,19.766744,0.132495,0.000000,0.061287,0.061287,0.000000,0.216422,0.216422,0.138855,2026-04-12T18:18:55+0200
12-04-2026-direct-precopy-0007,precopy,direct,edge-node-1,edge-node-2,16.567656,16.574843,7.708649,5.891285,6.799967,20.296806,20.546865,0.250059,19.786772,19.414868,-0.371904,19.980867,-0.060922,0.000000,0.058944,0.058944,0.000000,0.189953,0.189953,0.124448,2026-04-12T18:19:26+0200
12-04-2026-direct-precopy-0008,precopy,direct,edge-node-1,edge-node-2,16.965336,16.994455,7.528156,6.362829,6.945493,19.476548,20.009915,0.533367,19.398344,19.432189,0.033846,19.721052,0.283606,0.000000,0.066081,0.066081,0.000000,0.189630,0.189630,0.127856,2026-04-12T18:19:56+0200
12-04-2026-direct-precopy-0009,precopy,direct,edge-node-1,edge-node-2,16.588871,16.596145,7.584951,5.730746,6.657849,20.025444,20.601416,0.575972,19.355937,19.720276,0.364339,20.160846,0.470156,0.000000,0.057456,0.057456,0.000000,0.025185,0.025185,0.041320,2026-04-12T18:20:27+0200
12-04-2026-direct-precopy-0010,precopy,direct,edge-node-1,edge-node-2,16.979656,16.922630,12.237037,6.757964,9.497500,19.500638,20.609778,1.109140,19.049534,19.609182,0.559648,20.109480,0.834394,0.000000,0.063035,0.063035,0.000000,0.297078,0.297078,0.180057,2026-04-12T18:20:58+0200
12-04-2026-direct-precopy-0011,precopy,direct,edge-node-1,edge-node-2,16.672873,16.682203,7.573929,5.843373,6.708651,19.481127,20.206219,0.725092,19.168193,19.272517,0.104324,19.739368,0.414708,0.000000,0.059978,0.059978,0.000000,0.153607,0.153607,0.106792,2026-04-12T18:21:28+0200
12-04-2026-direct-precopy-0012,precopy,direct,edge-node-1,edge-node-2,16.914367,16.939847,7.461356,6.502375,6.981865,19.477743,20.121406,0.643664,19.365692,19.845106,0.479414,19.983256,0.561539,0.000000,0.060045,0.060045,0.000000,0.104460,0.104460,0.082252,2026-04-12T18:21:59+0200
12-04-2026-direct-precopy-0013,precopy,direct,edge-node-1,edge-node-2,16.512170,16.523231,7.617307,5.722983,6.670145,20.123596,20.226527,0.102930,19.161822,19.105877,-0.055945,19.666202,0.023493,0.000000,0.192330,0.192330,0.000000,0.132626,0.132626,0.162478,2026-04-12T18:22:29+0200
12-04-2026-direct-precopy-0014,precopy,direct,edge-node-1,edge-node-2,16.847056,16.883352,7.443946,6.380441,6.912194,19.524330,20.149080,0.624750,19.045154,19.259377,0.214223,19.704229,0.419487,0.000000,0.031766,0.031766,0.000000,0.125864,0.125864,0.078815,2026-04-12T18:23:00+0200
12-04-2026-direct-precopy-0015,precopy,direct,edge-node-1,edge-node-2,16.568161,16.574429,7.531127,5.830550,6.680838,20.124193,20.519391,0.395197,19.259576,19.535717,0.276141,20.027554,0.335669,0.000000,0.033479,0.033479,0.000000,0.146828,0.146828,0.090154,2026-04-12T18:23:30+0200
12-04-2026-direct-precopy-0016,precopy,direct,edge-node-1,edge-node-2,16.832620,16.842949,7.448400,6.519139,6.983769,19.598591,19.995580,0.396989,19.767859,19.214183,-0.553675,19.604882,-0.078343,0.000000,0.032025,0.032025,0.000000,0.127093,0.127093,0.079559,2026-04-12T18:24:01+0200
12-04-2026-direct-precopy-0017,precopy,direct,edge-node-1,edge-node-2,16.528859,16.549510,7.490865,5.689078,6.589971,19.488493,19.970096,0.481603,20.161862,19.127777,-1.034085,19.548937,-0.276241,0.000000,0.033795,0.033795,0.000000,0.150826,0.150826,0.092310,2026-04-12T18:24:31+0200
12-04-2026-direct-precopy-0018,precopy,direct,edge-node-1,edge-node-2,16.847779,16.873658,7.499253,6.670637,7.084945,19.666083,20.119813,0.453730,19.922354,20.150912,0.228558,20.135363,0.341144,0.000000,0.032460,0.032460,0.000000,0.126862,0.126862,0.079661,2026-04-12T18:25:02+0200
12-04-2026-direct-precopy-0019,precopy,direct,edge-node-1,edge-node-2,16.663991,16.681147,7.550589,5.649547,6.600068,19.807040,20.670501,0.863461,20.258223,19.344589,-0.913634,20.007545,-0.025086,0.000000,0.033521,0.033521,0.000000,0.108421,0.108421,0.070971,2026-04-12T18:25:32+0200
12-04-2026-direct-precopy-0020,precopy,direct,edge-node-1,edge-node-2,16.942232,16.947546,7.637444,6.470763,7.054104,19.710481,20.113642,0.403161,19.950227,19.099705,-0.850522,19.606673,-0.223680,0.000000,0.044499,0.044499,0.000000,0.128844,0.128844,0.086671,2026-04-12T18:26:03+0200
12-04-2026-direct-precopy-0021,precopy,direct,edge-node-1,edge-node-2,16.634143,16.644315,7.652753,5.798852,6.725802,20.462848,20.199649,-0.263199,20.281118,19.217369,-1.063749,19.708509,-0.663474,0.001644,0.174246,0.175890,0.000000,0.157477,0.157477,0.166683,2026-04-12T18:26:33+0200
12-04-2026-direct-precopy-0022,precopy,direct,edge-node-1,edge-node-2,16.972782,16.992159,7.502966,6.579727,7.041346,19.487697,20.261965,0.774268,20.101935,19.408696,-0.693239,19.835331,0.040514,0.000000,0.175373,0.175373,0.000000,0.140690,0.140690,0.158031,2026-04-12T18:27:04+0200
12-04-2026-direct-precopy-0023,precopy,direct,edge-node-1,edge-node-2,16.591827,16.611911,7.850864,5.816419,6.833642,19.739946,19.824361,0.084415,19.939476,19.578721,-0.360755,19.701541,-0.138170,0.000000,0.226015,0.226015,0.012463,0.164133,0.176596,0.201305,2026-04-12T18:27:35+0200
12-04-2026-direct-precopy-0024,precopy,direct,edge-node-1,edge-node-2,16.922401,16.940400,7.646534,6.482307,7.064421,19.574501,19.832922,0.258421,19.605997,19.331050,-0.274946,19.581986,-0.008263,0.000000,0.171740,0.171740,0.000000,0.078169,0.078169,0.124955,2026-04-12T18:28:06+0200
12-04-2026-direct-precopy-0025,precopy,direct,edge-node-1,edge-node-2,16.546401,16.560757,7.727411,5.732484,6.729948,19.860596,20.015888,0.155292,19.285259,19.204229,-0.081031,19.610058,0.037131,0.007555,0.207985,0.215540,0.000000,0.066045,0.066045,0.140792,2026-04-12T18:28:36+0200
12-04-2026-direct-precopy-0026,precopy,direct,edge-node-1,edge-node-2,17.115771,17.127817,7.524985,6.429830,6.977408,19.525923,20.261567,0.735644,20.154496,19.167198,-0.987298,19.714382,-0.125827,0.000456,0.220009,0.220466,0.000000,0.165803,0.165803,0.193134,2026-04-12T18:29:07+0200
12-04-2026-direct-precopy-0027,precopy,direct,edge-node-1,edge-node-2,16.621062,16.631614,7.573463,5.627837,6.600650,20.465238,20.068249,-0.396989,19.093733,19.158438,0.064705,19.613343,-0.166142,0.000000,0.170388,0.170388,0.000000,0.143740,0.143740,0.157064,2026-04-12T18:29:38+0200
12-04-2026-direct-precopy-0028,precopy,direct,edge-node-1,edge-node-2,16.798391,16.814291,7.487272,6.547085,7.017178,19.494267,19.842280,0.348012,19.158039,19.963566,0.805527,19.902923,0.576770,0.000000,0.190448,0.190448,0.000000,0.148683,0.148683,0.169565,2026-04-12T18:30:08+0200
12-04-2026-direct-precopy-0029,precopy,direct,edge-node-1,edge-node-2,16.572355,16.618548,7.573463,5.859257,6.716360,19.521941,20.160826,0.638885,19.212790,19.361512,0.148722,19.761169,0.393804,0.000000,0.222509,0.222509,0.000000,0.151375,0.151375,0.186942,2026-04-12T18:30:39+0200
12-04-2026-direct-precopy-0030,precopy,direct,edge-node-1,edge-node-2,16.844536,16.859033,7.441721,6.414081,6.927901,19.675242,20.162021,0.486779,19.106474,19.146890,0.040416,19.654456,0.263598,0.000000,0.213116,0.213116,0.000000,0.174702,0.174702,0.193909,2026-04-12T18:31:10+0200
12-04-2026-direct-precopy-0031,precopy,direct,edge-node-1,edge-node-2,16.418882,16.426546,7.727691,5.569155,6.648423,19.793104,19.698734,-0.094369,19.081787,19.517600,0.435813,19.608167,0.170722,0.000000,0.225065,0.225065,0.000000,0.157424,0.157424,0.191245,2026-04-12T18:31:40+0200
12-04-2026-host-postcopy-0002,postcopy,host,edge-node-1,edge-node-2,17.977671,17.985321,6.974790,6.646188,6.810489,19.481525,19.501434,0.019909,19.313729,19.126782,-0.186948,19.314108,-0.083519,0.000000,0.213590,0.213590,0.000000,0.148993,0.148993,0.181291,2026-04-12T18:32:12+0200
12-04-2026-host-postcopy-0003,postcopy,host,edge-node-1,edge-node-2,17.442855,17.444772,7.594571,5.887446,6.741009,19.487299,19.510394,0.023095,19.111452,19.122402,0.010950,19.316398,0.017022,0.000000,0.284859,0.284859,0.000000,0.174658,0.174658,0.229759,2026-04-12T18:32:43+0200
12-04-2026-host-postcopy-0004,postcopy,host,edge-node-1,edge-node-2,18.031553,18.040743,7.284399,6.439922,6.862160,19.487896,19.472765,-0.015131,19.085769,19.097914,0.012145,19.285339,-0.001493,0.000000,0.209269,0.209269,0.000000,0.051100,0.051100,0.130184,2026-04-12T18:33:15+0200
12-04-2026-host-postcopy-0005,postcopy,host,edge-node-1,edge-node-2,17.555290,17.568092,7.542300,5.959885,6.751093,19.772797,19.594012,-0.178784,19.142908,19.114438,-0.028470,19.354225,-0.103627,0.000000,0.209161,0.209161,0.000000,0.167429,0.167429,0.188295,2026-04-12T18:33:46+0200
12-04-2026-host-postcopy-0006,postcopy,host,edge-node-1,edge-node-2,18.121639,18.131927,7.273737,6.502732,6.888235,19.498050,19.635622,0.137572,19.089751,19.095325,0.005575,19.365474,0.071573,0.000000,0.194217,0.194217,0.000000,0.170194,0.170194,0.182205,2026-04-12T18:34:18+0200
12-04-2026-host-postcopy-0007,postcopy,host,edge-node-1,edge-node-2,17.492770,17.502118,7.506471,5.862069,6.684270,19.959545,19.497054,-0.462490,19.423230,19.169587,-0.253643,19.333321,-0.358067,0.000000,0.205442,0.205442,0.000000,0.173193,0.173193,0.189318,2026-04-12T18:34:50+0200
12-04-2026-host-postcopy-0008,postcopy,host,edge-node-1,edge-node-2,18.220730,18.223552,7.099448,6.300083,6.699765,20.098710,19.531298,-0.567411,19.495501,19.137334,-0.358167,19.334316,-0.462789,0.000000,0.196591,0.196591,0.000000,0.170410,0.170410,0.183500,2026-04-12T18:35:21+0200
12-04-2026-host-postcopy-0009,postcopy,host,edge-node-1,edge-node-2,17.571000,17.572173,11.658551,5.697109,8.677830,20.273910,19.593614,-0.680296,19.639046,19.115434,-0.523612,19.354524,-0.601954,0.000000,0.211864,0.211864,0.000000,0.170280,0.170280,0.191072,2026-04-12T18:35:53+0200
12-04-2026-host-postcopy-0010,postcopy,host,edge-node-1,edge-node-2,18.094596,18.107829,7.206455,6.509040,6.857748,20.190491,20.087361,-0.103130,21.873059,19.515808,-2.357251,19.801585,-1.230190,0.000000,0.199688,0.199688,0.000000,0.173224,0.173224,0.186456,2026-04-12T18:36:25+0200
12-04-2026-host-postcopy-0011,postcopy,host,edge-node-1,edge-node-2,17.571070,17.606281,7.518582,6.146369,6.832476,20.276300,19.610537,-0.665763,20.387234,19.078004,-1.309230,19.344271,-0.987496,0.000000,0.206527,0.206527,0.000000,0.187034,0.187034,0.196781,2026-04-12T18:36:56+0200
12-04-2026-host-postcopy-0012,postcopy,host,edge-node-1,edge-node-2,18.170418,18.180300,7.227915,6.500692,6.864303,19.592818,19.498050,-0.094768,19.112845,19.109660,-0.003185,19.303855,-0.048977,0.000000,0.210679,0.210679,0.000000,0.180269,0.180269,0.195474,2026-04-12T18:37:28+0200
12-04-2026-host-postcopy-0013,postcopy,host,edge-node-1,edge-node-2,17.547305,17.535758,7.668007,6.022369,6.845188,20.008123,19.466394,-0.541729,19.078602,19.139723,0.061121,19.303059,-0.240304,0.000000,0.170299,0.170299,0.000000,0.300948,0.300948,0.235623,2026-04-12T18:38:00+0200
12-04-2026-host-postcopy-0014,postcopy,host,edge-node-1,edge-node-2,18.128112,18.145931,7.404326,6.490985,6.947655,19.521742,19.701920,0.180178,19.107470,19.134546,0.027077,19.418233,0.103627,0.000000,0.022841,0.022841,0.000000,0.141862,0.141862,0.082351,2026-04-12T18:38:32+0200
12-04-2026-host-postcopy-0015,postcopy,host,edge-node-1,edge-node-2,17.559639,17.566896,7.427588,5.813288,6.620438,19.516366,19.502828,-0.013538,19.117823,19.112845,-0.004977,19.307837,-0.009258,0.000000,0.023803,0.023803,0.000000,0.198794,0.198794,0.111298,2026-04-12T18:39:03+0200
12-04-2026-host-postcopy-0016,postcopy,host,edge-node-1,edge-node-2,18.133446,18.148198,7.186459,6.465039,6.825749,19.525525,19.506014,-0.019511,19.096520,19.127379,0.030859,19.316696,0.005674,0.000000,0.016587,0.016587,0.000000,0.184032,0.184032,0.100309,2026-04-12T18:39:35+0200
12-04-2026-host-postcopy-0017,postcopy,host,edge-node-1,edge-node-2,17.561495,17.565595,7.425459,5.732302,6.578880,20.076810,19.485905,-0.590904,19.612766,19.158836,-0.453930,19.322371,-0.522417,0.000000,0.016905,0.016905,0.000000,0.194583,0.194583,0.105744,2026-04-12T18:40:06+0200
12-04-2026-host-postcopy-0018,postcopy,host,edge-node-1,edge-node-2,18.268648,18.285761,7.115279,6.325633,6.720456,20.553634,19.457435,-1.096199,19.341602,19.082783,-0.258820,19.270109,-0.677509,0.000000,0.024162,0.024162,0.000000,0.206787,0.206787,0.115474,2026-04-12T18:40:38+0200
12-04-2026-host-postcopy-0019,postcopy,host,edge-node-1,edge-node-2,17.530408,17.541958,7.659208,5.850301,6.754755,20.131361,19.889265,-0.242096,19.604404,19.491320,-0.113084,19.690292,-0.177590,0.000000,0.111636,0.111636,0.000000,0.188610,0.188610,0.150123,2026-04-12T18:41:10+0200
12-04-2026-host-postcopy-0020,postcopy,host,edge-node-1,edge-node-2,18.127083,18.144046,7.192447,6.568736,6.880591,19.706698,19.492276,-0.214422,20.163256,19.125587,-1.037668,19.308932,-0.626045,0.000000,0.123262,0.123262,0.000000,0.191609,0.191609,0.157435,2026-04-12T18:41:42+0200
12-04-2026-host-postcopy-0021,postcopy,host,edge-node-1,edge-node-2,17.540770,17.545132,7.577497,6.067544,6.822521,19.751494,19.708490,-0.043004,19.088158,19.329458,0.241300,19.518974,0.099148,0.004009,0.126046,0.130054,0.000000,0.024490,0.024490,0.077272,2026-04-12T18:42:13+0200
12-04-2026-host-postcopy-0022,postcopy,host,edge-node-1,edge-node-2,18.151957,18.174254,7.233925,6.397120,6.815522,19.485706,19.560565,0.074858,19.090746,19.113841,0.023095,19.337203,0.048977,0.000000,0.160967,0.160967,0.000000,0.060396,0.060396,0.110682,2026-04-12T18:42:45+0200
12-04-2026-host-postcopy-0023,postcopy,host,edge-node-1,edge-node-2,17.519515,17.518526,7.606200,5.835010,6.720605,19.580872,19.492276,-0.088596,19.104484,19.141117,0.036633,19.316696,-0.025981,0.000000,0.133779,0.133779,0.000000,0.034116,0.034116,0.083948,2026-04-12T18:43:17+0200
12-04-2026-host-postcopy-0024,postcopy,host,edge-node-1,edge-node-2,18.059366,18.066341,7.340218,6.358059,6.849138,19.503226,19.505018,0.001792,19.120212,19.135343,0.015131,19.320180,0.008461,0.000000,0.129131,0.129131,0.000000,0.060973,0.060973,0.095052,2026-04-12T18:43:48+0200
12-04-2026-host-postcopy-0025,postcopy,host,edge-node-1,edge-node-2,17.619472,17.614546,7.571429,5.936073,6.753751,20.235884,19.471372,-0.764512,19.058294,19.163813,0.105519,19.317592,-0.329497,0.000000,0.139228,0.139228,0.000000,0.025281,0.025281,0.082255,2026-04-12T18:44:20+0200
12-04-2026-host-postcopy-0026,postcopy,host,edge-node-1,edge-node-2,18.130000,18.140554,7.111111,6.402439,6.756775,20.265947,19.484313,-0.781634,19.663136,19.124393,-0.538743,19.304353,-0.660189,0.000000,0.148450,0.148450,0.000000,0.024548,0.024548,0.086499,2026-04-12T18:44:52+0200
12-04-2026-host-postcopy-0027,postcopy,host,edge-node-1,edge-node-2,17.519269,17.542899,7.433984,5.878979,6.656481,20.236879,20.028629,-0.208250,19.837342,19.120610,-0.716732,19.574620,-0.462491,0.000000,0.016946,0.016946,0.000000,0.063906,0.063906,0.040426,2026-04-12T18:45:24+0200
12-04-2026-host-postcopy-0028,postcopy,host,edge-node-1,edge-node-2,18.166845,18.189413,7.279269,6.506091,6.892680,19.520547,19.507606,-0.012941,19.740782,19.569961,-0.170821,19.538784,-0.091881,0.000000,0.116111,0.116111,0.000000,0.058843,0.058843,0.087477,2026-04-12T18:45:55+0200
12-04-2026-host-postcopy-0029,postcopy,host,edge-node-1,edge-node-2,17.521635,17.518948,7.364787,5.882353,6.623570,20.154256,19.542049,-0.612207,19.608386,19.476189,-0.132197,19.509119,-0.372202,0.000000,0.114813,0.114813,0.000000,0.060872,0.060872,0.087843,2026-04-12T18:46:27+0200
12-04-2026-host-postcopy-0030,postcopy,host,edge-node-1,edge-node-2,18.109804,18.089272,7.154788,6.533222,6.844005,19.517362,19.491679,-0.025683,19.284861,19.118818,-0.166043,19.305249,-0.095863,0.000000,0.154224,0.154224,0.000000,0.064567,0.064567,0.109396,2026-04-12T18:46:59+0200
12-04-2026-host-postcopy-0031,postcopy,host,edge-node-1,edge-node-2,17.432708,17.449648,7.538995,5.963699,6.751347,19.818787,19.493073,-0.325714,19.225133,19.134148,-0.090985,19.313610,-0.208350,0.000000,0.143857,0.143857,0.000000,0.063352,0.063352,0.103604,2026-04-12T18:47:30+0200
12-04-2026-direct-postcopy-0002,postcopy,direct,edge-node-1,edge-node-2,16.394543,16.406412,8.934602,8.074916,8.504759,19.486104,19.496855,0.010751,19.136139,19.342000,0.205861,19.419428,0.108306,0.000000,0.024541,0.024541,0.000000,0.257616,0.257616,0.141079,2026-04-12T18:48:00+0200
12-04-2026-direct-postcopy-0003,postcopy,direct,edge-node-1,edge-node-2,16.115510,16.128696,8.888889,7.459426,8.174157,19.505217,19.505814,0.000597,19.094330,19.106873,0.012543,19.306344,0.006570,0.000000,0.025451,0.025451,0.000000,0.067572,0.067572,0.046511,2026-04-12T18:48:30+0200
12-04-2026-direct-postcopy-0004,postcopy,direct,edge-node-1,edge-node-2,16.345808,16.370080,8.906009,8.059059,8.482534,19.500240,19.484512,-0.015728,19.122999,19.124393,0.001394,19.304452,-0.007167,0.000000,0.153422,0.153422,0.000000,0.065621,0.065621,0.109522,2026-04-12T18:49:01+0200
12-04-2026-direct-postcopy-0005,postcopy,direct,edge-node-1,edge-node-2,16.095958,16.132331,9.255785,7.644306,8.450045,20.178545,19.560764,-0.617782,19.147886,19.168790,0.020905,19.364777,-0.298439,0.000000,0.198031,0.198031,0.000000,0.162232,0.162232,0.180132,2026-04-12T18:49:31+0200
12-04-2026-direct-postcopy-0006,postcopy,direct,edge-node-1,edge-node-2,16.426043,16.428605,9.110429,8.126342,8.618386,19.522936,19.500638,-0.022298,19.100104,19.139325,0.039221,19.319981,0.008461,0.000000,0.158856,0.158856,0.000000,0.151460,0.151460,0.155158,2026-04-12T18:50:01+0200
12-04-2026-direct-postcopy-0007,postcopy,direct,edge-node-1,edge-node-2,16.155463,16.160286,9.232689,7.318592,8.275641,20.038385,19.511588,-0.526797,19.109859,19.382416,0.272557,19.447002,-0.127120,0.000000,0.157164,0.157164,0.000000,0.146240,0.146240,0.151702,2026-04-12T18:50:31+0200
12-04-2026-direct-postcopy-0008,postcopy,direct,edge-node-1,edge-node-2,16.513757,16.523288,8.941105,8.635948,8.788526,20.554829,19.501235,-1.053594,20.249263,19.394163,-0.855101,19.447699,-0.954347,0.000000,0.159195,0.159195,0.000000,0.147283,0.147283,0.153239,2026-04-12T18:51:02+0200
12-04-2026-direct-postcopy-0009,postcopy,direct,edge-node-1,edge-node-2,16.129030,16.157063,9.116453,7.461755,8.289104,19.831529,19.810425,-0.021104,19.417058,19.615951,0.198893,19.713188,0.088895,0.000000,0.196414,0.196414,0.000000,0.144819,0.144819,0.170616,2026-04-12T18:51:32+0200
12-04-2026-direct-postcopy-0010,postcopy,direct,edge-node-1,edge-node-2,16.494120,16.509037,8.890926,8.216249,8.553587,19.547624,19.489290,-0.058334,19.796130,20.057538,0.261408,19.773414,0.101537,0.000000,0.164121,0.164121,0.000000,0.123275,0.123275,0.143698,2026-04-12T18:52:02+0200
12-04-2026-direct-postcopy-0011,postcopy,direct,edge-node-1,edge-node-2,16.150968,16.161883,9.042719,7.510128,8.276423,19.518755,19.863582,0.344827,19.898861,19.914191,0.015330,19.888887,0.180078,0.000000,0.208966,0.208966,0.000000,0.113597,0.113597,0.161281,2026-04-12T18:52:32+0200
12-04-2026-direct-postcopy-0012,postcopy,direct,edge-node-1,edge-node-2,16.668751,16.684141,8.758683,8.184838,8.471761,19.514774,19.505416,-0.009357,19.751334,20.461496,0.710162,19.983456,0.350402,0.000000,0.026715,0.026715,0.000000,0.218911,0.218911,0.122813,2026-04-12T18:53:02+0200
12-04-2026-direct-postcopy-0013,postcopy,direct,edge-node-1,edge-node-2,16.139655,16.157438,9.045540,7.759427,8.402483,19.512783,20.154854,0.642071,20.178984,19.878355,-0.300629,20.016604,0.170721,0.000000,0.028317,0.028317,0.000000,0.133936,0.133936,0.081127,2026-04-12T18:53:33+0200
12-04-2026-direct-postcopy-0014,postcopy,direct,edge-node-1,edge-node-2,16.437288,16.463927,8.968473,8.325681,8.647077,19.492276,20.205622,0.713346,20.518834,19.408298,-1.110536,19.806960,-0.198595,0.000000,0.069868,0.069868,0.000000,0.166557,0.166557,0.118213,2026-04-12T18:54:03+0200
12-04-2026-direct-postcopy-0015,postcopy,direct,edge-node-1,edge-node-2,16.231897,16.258977,9.130300,7.417753,8.274027,19.856415,20.123397,0.266982,20.001195,19.396154,-0.605041,19.759775,-0.169029,0.000000,0.036579,0.036579,0.000000,0.169378,0.169378,0.102978,2026-04-12T18:54:33+0200
12-04-2026-direct-postcopy-0016,postcopy,direct,edge-node-1,edge-node-2,16.696100,16.717375,8.890898,34.015038,21.452968,19.768018,20.228318,0.460300,20.596281,23.714263,3.117982,21.971291,1.789141,0.000000,0.026906,0.026906,1.017140,8.243435,9.260575,4.643740,2026-04-12T18:55:04+0200
12-04-2026-direct-postcopy-0017,postcopy,direct,edge-node-1,edge-node-2,16.597813,16.600929,9.565746,15.564963,12.565354,19.658319,19.718843,0.060524,22.874094,19.859242,-3.014852,19.789042,-1.477164,0.000000,0.027300,0.027300,0.000235,12.271998,12.272233,6.149767,2026-04-12T18:55:34+0200
12-04-2026-direct-postcopy-0018,postcopy,direct,edge-node-1,edge-node-2,16.559237,16.556318,8.947048,8.335869,8.641458,19.484711,19.579478,0.094768,19.712909,19.296807,-0.416103,19.438142,-0.160667,0.000000,0.186357,0.186357,0.000000,0.156662,0.156662,0.171510,2026-04-12T18:56:05+0200
12-04-2026-direct-postcopy-0019,postcopy,direct,edge-node-1,edge-node-2,16.145414,16.163213,9.076731,7.534247,8.305489,20.030222,19.638011,-0.392211,20.361750,19.278689,-1.083061,19.458350,-0.737636,0.000000,0.186537,0.186537,0.000000,0.180048,0.180048,0.183293,2026-04-12T18:56:35+0200
12-04-2026-direct-postcopy-0020,postcopy,direct,edge-node-1,edge-node-2,16.331643,16.335322,8.760025,8.433735,8.596880,19.509398,19.501036,-0.008362,19.576332,19.296807,-0.279525,19.398921,-0.143944,0.000000,0.027028,0.027028,0.000000,0.180542,0.180542,0.103785,2026-04-12T18:57:05+0200
12-04-2026-direct-postcopy-0021,postcopy,direct,edge-node-1,edge-node-2,16.127504,16.130518,8.906250,7.557776,8.232013,20.195070,19.492674,-0.702396,19.711515,19.282074,-0.429442,19.387374,-0.565919,0.000000,0.205394,0.205394,0.000000,0.150627,0.150627,0.178011,2026-04-12T18:57:35+0200
12-04-2026-direct-postcopy-0022,postcopy,direct,edge-node-1,edge-node-2,16.400908,16.426195,8.739650,8.192697,8.466174,19.924903,19.542049,-0.382853,20.005575,19.264554,-0.741021,19.403301,-0.561937,0.004525,0.052874,0.057400,0.000000,0.277995,0.277995,0.167698,2026-04-12T18:58:05+0200
12-04-2026-direct-postcopy-0023,postcopy,direct,edge-node-1,edge-node-2,16.200737,16.219843,8.709176,7.331469,8.020323,20.840526,19.502231,-1.338295,19.967747,19.288445,-0.679302,19.395338,-1.008799,0.000000,0.064137,0.064137,0.000000,0.151483,0.151483,0.107810,2026-04-12T18:58:35+0200
12-04-2026-direct-postcopy-0024,postcopy,direct,edge-node-1,edge-node-2,16.401459,16.411196,8.604794,8.317986,8.461390,19.616509,19.472964,-0.143545,20.198495,19.308951,-0.889544,19.390958,-0.516544,0.005716,0.065972,0.071688,0.000000,0.184230,0.184230,0.127959,2026-04-12T18:59:06+0200
12-04-2026-direct-postcopy-0025,postcopy,direct,edge-node-1,edge-node-2,16.147702,16.166000,9.008728,7.352025,8.180377,20.441944,19.502430,-0.939514,20.340049,19.310345,-1.029705,19.406387,-0.984609,0.000000,0.066766,0.066766,0.000483,0.185575,0.186058,0.126412,2026-04-12T18:59:36+0200
12-04-2026-direct-postcopy-0026,postcopy,direct,edge-node-1,edge-node-2,16.471959,16.493881,8.679707,8.284928,8.482317,20.257187,19.463607,-0.793580,19.861233,19.118420,-0.742813,19.291014,-0.768196,0.000000,0.060709,0.060709,0.000000,0.150387,0.150387,0.105548,2026-04-12T19:00:06+0200
12-04-2026-direct-postcopy-0027,postcopy,direct,edge-node-1,edge-node-2,16.144326,16.173222,8.824447,7.376284,8.100365,20.762880,19.466792,-1.296087,19.653580,19.185912,-0.467667,19.326352,-0.881877,0.000000,0.027825,0.027825,0.000000,0.161339,0.161339,0.094582,2026-04-12T19:00:36+0200
12-04-2026-direct-postcopy-0028,postcopy,direct,edge-node-1,edge-node-2,16.478719,16.483470,8.634415,8.381768,8.508092,20.533526,19.469978,-1.063548,19.090149,19.109262,0.019113,19.289620,-0.522218,0.000000,0.025127,0.025127,0.000000,0.154748,0.154748,0.089937,2026-04-12T19:01:06+0200
12-04-2026-direct-postcopy-0029,postcopy,direct,edge-node-1,edge-node-2,16.204642,16.208769,8.742999,7.637380,8.190190,21.160466,19.477743,-1.682723,19.115035,19.114438,-0.000597,19.296090,-0.841660,0.000000,0.025793,0.025793,0.000000,0.026269,0.026269,0.026031,2026-04-12T19:01:36+0200
12-04-2026-direct-postcopy-0030,postcopy,direct,edge-node-1,edge-node-2,16.368849,16.369948,8.828053,8.246154,8.537103,20.056900,19.484512,-0.572389,19.173967,19.144899,-0.029067,19.314705,-0.300728,0.000000,0.067535,0.067535,0.000000,0.197103,0.197103,0.132319,2026-04-12T19:02:06+0200
12-04-2026-direct-postcopy-0031,postcopy,direct,edge-node-1,edge-node-2,16.443815,16.168661,8.878505,7.639539,8.259022,21.889540,19.589632,-2.299908,19.140121,19.158637,0.018516,19.374134,-1.140696,0.000000,0.207857,0.207857,0.000000,0.202456,0.202456,0.205157,2026-04-12T19:02:36+0200
12-04-2026-host-cold-0032,cold,host,edge-node-1,edge-node-2,14.377055,14.648925,7.101201,5.738832,6.420016,20.074420,22.135617,2.061197,20.171020,19.146890,-1.024130,20.641254,0.518533,0.000000,0.203232,0.203232,0.000000,0.035199,0.035199,0.119215,2026-04-12T22:53:52+0200
12-04-2026-direct-cold-0032,cold,direct,edge-node-1,edge-node-2,12.924092,12.935744,7.752240,7.800312,7.776276,20.230907,20.283268,0.052361,19.181333,19.256590,0.075257,19.769929,0.063809,0.000000,0.070725,0.070725,0.000000,0.087874,0.087874,0.079300,2026-04-12T22:54:18+0200
12-04-2026-host-precopy-0032,precopy,host,edge-node-1,edge-node-2,18.289849,18.296498,6.213913,4.284537,5.249225,19.535877,20.035996,0.500118,19.129370,19.182329,0.052959,19.609162,0.276538,0.000000,0.026270,0.026270,0.000000,0.011956,0.011956,0.019113,2026-04-12T22:54:50+0200
12-04-2026-direct-precopy-0032,precopy,direct,edge-node-1,edge-node-2,16.559565,16.559674,7.696988,5.589307,6.643148,19.541054,20.008521,0.467467,19.138130,19.196663,0.058533,19.602592,0.263000,0.000000,0.029486,0.029486,0.000000,0.137052,0.137052,0.083269,2026-04-12T22:55:21+0200
12-04-2026-host-postcopy-0032,postcopy,host,edge-node-1,edge-node-2,18.035485,18.035235,7.842590,5.852843,6.847716,19.547624,20.610973,1.063349,19.152067,19.234889,0.082822,19.922931,0.573086,0.000000,0.052847,0.052847,0.000000,0.135585,0.135585,0.094216,2026-04-12T22:55:53+0200
12-04-2026-direct-postcopy-0032,postcopy,direct,edge-node-1,edge-node-2,16.073821,16.085185,8.808777,7.639324,8.224051,19.534484,19.510194,-0.024289,19.138727,19.124990,-0.013737,19.317592,-0.019013,0.000000,0.052492,0.052492,0.000000,0.201806,0.201806,0.127149,2026-04-12T22:56:23+0200
13-04-2026-host-cold-0000,cold,host,edge-node-1,edge-node-2,14.781632,14.787203,6.296801,6.292517,6.294659,19.566537,20.248228,0.681690,19.507446,19.536314,0.028868,19.892271,0.355279,0.000000,0.023519,0.023519,0.000000,0.027737,0.027737,0.025628,2026-04-13T01:23:21+0200
13-04-2026-host-cold-0001,cold,host,edge-node-1,edge-node-2,14.595696,14.914796,7.487352,5.935919,6.711636,19.585451,21.572785,1.987334,19.517799,19.514215,-0.003584,20.543500,0.991875,0.000000,0.295999,0.295999,0.000000,0.072809,0.072809,0.184404,2026-04-13T01:23:50+0200
13-04-2026-host-cold-0002,cold,host,edge-node-1,edge-node-2,14.668886,14.676903,6.470387,6.205005,6.337696,19.896432,19.786932,-0.109500,19.475591,20.708967,1.233376,20.247950,0.561938,0.000000,0.176021,0.176021,0.000000,0.048439,0.048439,0.112230,2026-04-13T01:24:19+0200
13-04-2026-host-cold-0003,cold,host,edge-node-1,edge-node-2,14.738533,14.740243,6.446112,6.393162,6.419637,19.738155,19.554592,-0.183563,20.026479,19.522179,-0.504300,19.538385,-0.343931,0.000000,0.159287,0.159287,0.000000,0.017755,0.017755,0.088521,2026-04-13T01:24:47+0200
13-04-2026-host-cold-0004,cold,host,edge-node-1,edge-node-2,14.581887,14.569936,6.209038,5.743481,5.976259,20.499481,20.255793,-0.243688,21.439038,19.548857,-1.890181,19.902325,-1.066935,0.000000,0.163141,0.163141,0.000000,0.209657,0.209657,0.186399,2026-04-13T01:25:16+0200
13-04-2026-host-cold-0005,cold,host,edge-node-1,edge-node-2,14.726262,14.730937,6.384432,5.908470,6.146451,19.837700,20.981881,1.144180,20.027077,19.535120,-0.491957,20.258500,0.326112,0.000000,0.200800,0.200800,0.000000,0.167589,0.167589,0.184195,2026-04-13T01:25:44+0200
13-04-2026-host-cold-0006,cold,host,edge-node-1,edge-node-2,14.637760,14.643214,6.189821,6.897735,6.543778,19.559370,20.182726,0.623356,19.510831,19.515211,0.004380,19.848969,0.313868,0.000000,0.162518,0.162518,0.000000,0.178464,0.178464,0.170491,2026-04-13T01:26:13+0200
13-04-2026-host-cold-0007,cold,host,edge-node-1,edge-node-2,14.894426,14.883213,6.385135,6.459249,6.422192,19.701920,20.082981,0.381062,19.500876,19.528749,0.027873,19.805865,0.204467,0.000000,0.023079,0.023079,0.000000,0.216267,0.216267,0.119673,2026-04-13T01:26:42+0200
13-04-2026-host-cold-0008,cold,host,edge-node-1,edge-node-2,15.043156,14.747582,6.264896,6.894198,6.579547,20.933501,19.852035,-1.081466,19.656168,19.506650,-0.149518,19.679342,-0.615492,0.000000,0.073227,0.073227,0.000000,0.074694,0.074694,0.073961,2026-04-13T01:27:10+0200
13-04-2026-host-cold-0009,cold,host,edge-node-1,edge-node-2,14.504344,14.499708,6.217437,6.282541,6.249989,20.140121,20.005336,-0.134785,20.540734,19.240463,-1.300271,19.622900,-0.717528,0.000000,0.038243,0.038243,0.000000,0.065195,0.065195,0.051719,2026-04-13T01:27:39+0200
13-04-2026-host-cold-0010,cold,host,edge-node-1,edge-node-2,15.410056,15.344963,6.979030,6.625123,6.802077,20.814445,20.019272,-0.795172,20.269969,20.202278,-0.067691,20.110775,-0.431432,0.000000,0.073258,0.073258,0.000000,0.032584,0.032584,0.052921,2026-04-13T01:28:08+0200
13-04-2026-host-cold-0011,cold,host,edge-node-1,edge-node-2,14.458884,14.468228,6.782609,6.119611,6.451110,19.562357,20.664329,1.101973,19.215577,19.361512,0.145935,20.012920,0.623954,0.000000,0.204243,0.204243,0.000000,0.031049,0.031049,0.117646,2026-04-13T01:28:36+0200
13-04-2026-host-cold-0012,cold,host,edge-node-1,edge-node-2,15.386699,15.381809,7.355345,5.851585,6.603465,20.311340,20.407302,0.095962,19.225133,19.490125,0.264992,19.948713,0.180477,0.000000,0.122112,0.122112,0.000000,0.278586,0.278586,0.200349,2026-04-13T01:29:05+0200
13-04-2026-host-cold-0013,cold,host,edge-node-1,edge-node-2,14.425907,14.431737,6.382979,5.894663,6.138821,19.581469,19.569126,-0.012344,19.235287,19.232699,-0.002588,19.400912,-0.007466,0.000000,0.237474,0.237474,0.000000,0.177831,0.177831,0.207652,2026-04-13T01:29:33+0200
13-04-2026-host-cold-0014,cold,host,edge-node-1,edge-node-2,14.521855,14.826919,7.125891,6.010187,6.568039,19.900016,21.066096,1.166080,19.669905,19.211396,-0.458509,20.138746,0.353786,0.000000,0.037659,0.037659,0.000000,0.189689,0.189689,0.113674,2026-04-13T01:30:02+0200
13-04-2026-host-cold-0015,cold,host,edge-node-1,edge-node-2,14.787587,14.802734,6.190476,5.746345,5.968410,20.324082,20.632873,0.308791,20.118659,19.243649,-0.875010,19.938261,-0.283109,0.000000,0.039888,0.039888,0.000000,0.233540,0.233540,0.136714,2026-04-13T01:30:31+0200
13-04-2026-host-cold-0016,cold,host,edge-node-1,edge-node-2,14.406413,14.407488,6.743536,6.140963,6.442250,19.568927,20.528350,0.959423,19.276698,19.292626,0.015927,19.910488,0.487675,0.000000,0.079175,0.079175,0.000000,0.247538,0.247538,0.163357,2026-04-13T01:30:59+0200
13-04-2026-host-cold-0017,cold,host,edge-node-1,edge-node-2,15.041718,15.055931,6.327419,5.908470,6.117944,19.602374,20.085769,0.483395,20.678705,19.179143,-1.499562,19.632456,-0.508084,0.000000,0.040772,0.040772,0.000000,0.019199,0.019199,0.029986,2026-04-13T01:31:28+0200
13-04-2026-host-cold-0018,cold,host,edge-node-1,edge-node-2,14.449548,14.449803,6.508876,6.019485,6.264180,19.550411,19.596003,0.045592,19.201840,19.197061,-0.004778,19.396532,0.020407,0.000000,0.034873,0.034873,0.000000,0.017842,0.017842,0.026358,2026-04-13T01:31:56+0200
13-04-2026-host-cold-0019,cold,host,edge-node-1,edge-node-2,14.741417,14.754173,6.277721,6.962457,6.620089,20.751133,19.601777,-1.149357,20.245879,19.244644,-1.001234,19.423211,-1.075296,0.000000,0.062536,0.062536,0.000000,0.065659,0.065659,0.064098,2026-04-13T01:32:25+0200
13-04-2026-host-cold-0020,cold,host,edge-node-1,edge-node-2,14.811395,14.817068,6.182065,5.934215,6.058140,20.408696,20.218165,-0.190531,20.251652,19.266545,-0.985108,19.742355,-0.587819,0.000000,0.020571,0.020571,0.000000,0.058526,0.058526,0.039549,2026-04-13T01:32:54+0200
13-04-2026-host-cold-0021,cold,host,edge-node-1,edge-node-2,15.104897,14.798367,6.256375,6.880109,6.568242,20.915981,20.236680,-0.679301,19.750338,19.225133,-0.525205,19.730907,-0.602253,0.000000,0.186456,0.186456,0.000000,0.182928,0.182928,0.184692,2026-04-13T01:33:23+0200
13-04-2026-host-cold-0022,cold,host,edge-node-1,edge-node-2,15.098874,15.082312,6.337558,6.072739,6.205149,19.578881,20.258381,0.679500,19.213586,19.614359,0.400772,19.936370,0.540136,0.000000,0.305538,0.305538,0.000000,0.180261,0.180261,0.242899,2026-04-13T01:33:52+0200
13-04-2026-host-cold-0023,cold,host,edge-node-1,edge-node-2,15.114123,15.117251,7.420965,7.026307,7.223636,19.588039,20.614755,1.026716,19.193677,19.233495,0.039818,19.924125,0.533267,0.000000,0.163599,0.163599,0.000000,0.149353,0.149353,0.156476,2026-04-13T01:34:20+0200
13-04-2026-host-cold-0024,cold,host,edge-node-1,edge-node-2,14.643456,14.634799,6.288660,6.048110,6.168385,19.614917,19.711675,0.096759,19.192084,19.231305,0.039221,19.471490,0.067990,0.000000,0.186997,0.186997,0.000000,0.245562,0.245562,0.216279,2026-04-13T01:34:49+0200
13-04-2026-host-cold-0025,cold,host,edge-node-1,edge-node-2,15.301627,15.296052,7.161629,6.348684,6.755157,20.654972,20.784581,0.129609,20.266186,19.525165,-0.741021,20.154873,-0.305706,0.000000,0.184315,0.184315,0.000000,0.223965,0.223965,0.204140,2026-04-13T01:35:18+0200
13-04-2026-host-cold-0026,cold,host,edge-node-1,edge-node-2,14.464942,14.466964,6.132404,5.849582,5.990993,20.604005,20.254399,-0.349605,19.966154,19.217369,-0.748786,19.735884,-0.549195,0.000000,0.068323,0.068323,0.000000,0.027001,0.027001,0.047662,2026-04-13T01:35:46+0200
13-04-2026-host-cold-0027,cold,host,edge-node-1,edge-node-2,14.770418,15.050859,7.221665,6.174900,6.698282,19.586646,21.323522,1.736876,19.245242,19.211396,-0.033846,20.267459,0.851515,0.000000,0.023537,0.023537,0.000000,0.032183,0.032183,0.027860,2026-04-13T01:36:15+0200
13-04-2026-host-cold-0028,cold,host,edge-node-1,edge-node-2,14.553777,14.543623,6.712803,6.085754,6.399278,19.618500,20.246436,0.627935,19.213984,19.226129,0.012145,19.736282,0.320040,0.000000,0.027109,0.027109,0.000000,0.077891,0.077891,0.052500,2026-04-13T01:36:43+0200
13-04-2026-host-cold-0029,cold,host,edge-node-1,edge-node-2,14.446006,14.447636,6.374086,5.951967,6.163026,19.581668,19.585650,0.003982,19.197460,19.233694,0.036235,19.409672,0.020108,0.000000,0.037316,0.037316,0.000000,0.071919,0.071919,0.054617,2026-04-13T01:37:12+0200
13-04-2026-direct-cold-0000,cold,direct,edge-node-1,edge-node-2,13.252220,13.234139,7.984791,7.788754,7.886772,20.515011,20.013498,-0.501512,19.933503,19.263757,-0.669746,19.638628,-0.585629,0.000000,0.083712,0.083712,0.000000,0.234951,0.234951,0.159332,2026-04-13T01:37:39+0200
13-04-2026-direct-cold-0001,cold,direct,edge-node-1,edge-node-2,13.019244,12.993718,8.259015,8.103916,8.181466,19.571714,20.184120,0.612406,19.244644,19.244644,0.000000,19.714382,0.306203,0.000000,0.039605,0.039605,0.000000,0.267257,0.267257,0.153431,2026-04-13T01:38:06+0200
13-04-2026-direct-cold-0002,cold,direct,edge-node-1,edge-node-2,13.381225,13.371067,7.790741,8.687476,8.239109,20.477382,19.589234,-0.888148,19.234889,19.217568,-0.017321,19.403401,-0.452735,0.000000,0.281995,0.281995,0.000000,0.300906,0.300906,0.291451,2026-04-13T01:38:33+0200
13-04-2026-direct-cold-0003,cold,direct,edge-node-1,edge-node-2,13.073701,13.088010,8.221283,7.958478,8.089880,20.502866,20.091144,-0.411722,20.243490,19.222744,-1.020745,19.656944,-0.716234,0.000000,0.300580,0.300580,0.000000,0.296669,0.296669,0.298625,2026-04-13T01:39:00+0200
13-04-2026-direct-cold-0004,cold,direct,edge-node-1,edge-node-2,13.628485,13.646730,8.970100,8.906135,8.938117,19.578682,20.619136,1.040453,19.245242,19.714104,0.468862,20.166620,0.754658,0.000000,0.229872,0.229872,0.000000,0.238725,0.238725,0.234299,2026-04-13T01:39:28+0200
13-04-2026-direct-cold-0005,cold,direct,edge-node-1,edge-node-2,12.922930,12.922217,7.845433,7.767369,7.806401,19.599786,19.571316,-0.028470,19.223939,19.349566,0.125627,19.460441,0.048579,0.000000,0.076173,0.076173,0.000000,0.022369,0.022369,0.049271,2026-04-13T01:39:54+0200
13-04-2026-direct-cold-0006,cold,direct,edge-node-1,edge-node-2,13.067076,13.375829,9.217457,7.846096,8.531776,19.966712,20.720075,0.753363,19.702357,19.231504,-0.470853,19.975790,0.141255,0.000000,0.028399,0.028399,0.000000,0.021903,0.021903,0.025151,2026-04-13T01:40:21+0200
13-04-2026-direct-cold-0007,cold,direct,edge-node-1,edge-node-2,12.950341,12.971466,8.695652,7.862982,8.279317,19.788127,20.522576,0.734449,19.270725,19.219758,-0.050968,19.871167,0.341741,0.000000,0.131814,0.131814,0.000000,0.022284,0.022284,0.077049,2026-04-13T01:40:48+0200
13-04-2026-direct-cold-0008,cold,direct,edge-node-1,edge-node-2,12.986141,12.985828,7.913111,7.757952,7.835531,19.601578,19.576492,-0.025086,19.211794,19.231504,0.019710,19.403998,-0.002688,0.000000,0.194017,0.194017,0.000000,0.068284,0.068284,0.131150,2026-04-13T01:41:15+0200
13-04-2026-direct-cold-0009,cold,direct,edge-node-1,edge-node-2,13.284949,13.289569,8.027262,7.859079,7.943170,20.476188,20.041172,-0.435015,21.310624,19.229713,-2.080911,19.635442,-1.257963,0.000000,0.132022,0.132022,0.000000,0.032039,0.032039,0.082030,2026-04-13T01:41:42+0200
13-04-2026-direct-cold-0010,cold,direct,edge-node-1,edge-node-2,12.974259,12.987985,7.892691,7.942658,7.917674,19.617306,19.537669,-0.079637,19.204229,19.546070,0.341841,19.541870,0.131102,0.000000,0.034624,0.034624,0.000000,0.189478,0.189478,0.112051,2026-04-13T01:42:09+0200
13-04-2026-direct-cold-0011,cold,direct,edge-node-1,edge-node-2,13.748643,13.732657,8.867717,8.419118,8.643417,19.735965,19.570121,-0.165843,20.071474,19.269531,-0.801943,19.419826,-0.483893,0.000000,0.061370,0.061370,0.000000,0.137389,0.137389,0.099379,2026-04-13T01:42:36+0200
13-04-2026-direct-cold-0012,cold,direct,edge-node-1,edge-node-2,13.077849,13.061027,8.394301,7.597378,7.995839,20.511427,20.251413,-0.260014,19.624512,19.340607,-0.283905,19.796010,-0.271960,0.000000,0.026882,0.026882,0.000000,0.147445,0.147445,0.087164,2026-04-13T01:43:03+0200
13-04-2026-direct-cold-0013,cold,direct,edge-node-1,edge-node-2,13.041934,13.344427,8.950151,8.721360,8.835755,19.593614,20.849684,1.256070,19.219559,21.256072,2.036513,21.052878,1.646292,0.000000,0.027555,0.027555,0.000000,0.067034,0.067034,0.047295,2026-04-13T01:43:30+0200
13-04-2026-direct-cold-0014,cold,direct,edge-node-1,edge-node-2,13.065972,13.078639,7.819723,7.905901,7.862812,20.077805,19.606555,-0.471250,20.214422,19.215975,-0.998447,19.411265,-0.734849,0.000000,0.168615,0.168615,0.000000,0.062423,0.062423,0.115519,2026-04-13T01:43:57+0200
13-04-2026-direct-cold-0015,cold,direct,edge-node-1,edge-node-2,13.032188,13.044482,8.004640,8.153014,8.078827,19.582067,19.912559,0.330492,19.748148,19.359521,-0.388628,19.636040,-0.029068,0.000000,0.145673,0.145673,0.000000,0.022759,0.022759,0.084216,2026-04-13T01:44:24+0200
13-04-2026-direct-cold-0016,cold,direct,edge-node-1,edge-node-2,13.067116,13.077048,8.153846,8.053950,8.103898,19.942224,19.591026,-0.351198,19.237875,19.236083,-0.001792,19.413555,-0.176495,0.000000,0.146180,0.146180,0.000000,0.022403,0.022403,0.084292,2026-04-13T01:44:51+0200
13-04-2026-direct-cold-0017,cold,direct,edge-node-1,edge-node-2,13.059058,13.077981,7.986111,8.004640,7.995376,19.803855,19.560366,-0.243489,19.975512,19.216174,-0.759337,19.388270,-0.501413,0.000000,0.146869,0.146869,0.000000,0.216251,0.216251,0.181560,2026-04-13T01:45:18+0200
13-04-2026-direct-cold-0018,cold,direct,edge-node-1,edge-node-2,13.704698,13.715461,8.997429,7.732733,8.365081,19.558176,20.509436,0.951260,21.529227,19.229115,-2.300111,19.869276,-0.674426,0.000000,0.082944,0.082944,0.000000,0.211326,0.211326,0.147135,2026-04-13T01:45:45+0200
13-04-2026-direct-cold-0019,cold,direct,edge-node-1,edge-node-2,13.074929,13.063907,8.291554,7.849173,8.070363,19.614120,19.562157,-0.051963,19.233694,19.248427,0.014733,19.405292,-0.018615,0.000000,0.041826,0.041826,0.000000,0.174622,0.174622,0.108224,2026-04-13T01:46:12+0200
13-04-2026-direct-cold-0020,cold,direct,edge-node-1,edge-node-2,13.239422,13.533176,8.786299,8.532042,8.659171,19.704906,22.115111,2.410205,20.179979,19.225133,-0.954846,20.670122,0.727679,0.000000,0.039831,0.039831,0.000000,0.221966,0.221966,0.130899,2026-04-13T01:46:39+0200
13-04-2026-direct-cold-0021,cold,direct,edge-node-1,edge-node-2,13.115985,13.092559,8.391070,8.333333,8.362202,19.604763,20.687026,1.082263,19.212391,19.352353,0.139962,20.019690,0.611112,0.000000,0.076243,0.076243,0.000000,0.022973,0.022973,0.049608,2026-04-13T01:47:06+0200
13-04-2026-direct-cold-0022,cold,direct,edge-node-1,edge-node-2,13.096770,13.088527,8.118507,8.926554,8.522530,19.577488,19.542447,-0.035040,19.243649,20.688461,1.444812,20.115454,0.704886,0.000000,0.171202,0.171202,0.000000,0.022981,0.022981,0.097091,2026-04-13T01:47:33+0200
13-04-2026-direct-cold-0023,cold,direct,edge-node-1,edge-node-2,13.036819,13.048117,7.879490,7.912003,7.895747,19.869157,19.917138,0.047981,19.663733,19.227323,-0.436410,19.572231,-0.194214,0.000000,0.158206,0.158206,0.000000,0.195490,0.195490,0.176848,2026-04-13T01:48:00+0200
13-04-2026-direct-cold-0024,cold,direct,edge-node-1,edge-node-2,13.124321,13.091700,8.076923,8.278783,8.177853,19.603170,20.262562,0.659392,19.208410,19.223740,0.015330,19.743151,0.337361,0.000000,0.198522,0.198522,0.000000,0.022677,0.022677,0.110599,2026-04-13T01:48:27+0200
13-04-2026-direct-cold-0025,cold,direct,edge-node-1,edge-node-2,13.311803,13.300275,8.860280,7.863894,8.362087,19.588836,19.563551,-0.025285,19.226925,19.244844,0.017918,19.404197,-0.003683,0.000000,0.027877,0.027877,0.000000,0.029663,0.029663,0.028770,2026-04-13T01:48:54+0200
13-04-2026-direct-cold-0026,cold,direct,edge-node-1,edge-node-2,13.194042,13.192710,7.986244,7.989297,7.987770,20.713107,19.933464,-0.779643,19.739189,19.243052,-0.496138,19.588258,-0.637890,0.000000,0.026349,0.026349,0.000000,0.054185,0.054185,0.040267,2026-04-13T01:49:21+0200
13-04-2026-direct-cold-0027,cold,direct,edge-node-1,edge-node-2,13.318039,13.609502,9.000000,8.021188,8.510594,19.574501,21.541129,1.966628,20.571195,19.250617,-1.320578,20.395873,0.323025,0.000000,0.063354,0.063354,0.000000,0.204935,0.204935,0.134144,2026-04-13T01:49:49+0200
13-04-2026-direct-cold-0028,cold,direct,edge-node-1,edge-node-2,13.296125,13.293990,7.960576,7.666034,7.813305,19.583858,19.585252,0.001394,19.287449,19.260174,-0.027276,19.422713,-0.012941,0.000000,0.028497,0.028497,0.000000,0.185117,0.185117,0.106807,2026-04-13T01:50:16+0200
13-04-2026-direct-cold-0029,cold,direct,edge-node-1,edge-node-2,13.311197,13.310822,7.823129,8.980674,8.401902,20.445528,20.603009,0.157482,19.671498,19.213387,-0.458111,19.908198,-0.150315,0.000000,0.039910,0.039910,0.000000,0.205718,0.205718,0.122814,2026-04-13T01:50:43+0200
13-04-2026-host-precopy-0000,precopy,host,edge-node-1,edge-node-2,18.426971,18.404084,6.531839,4.341890,5.436864,19.946604,19.802262,-0.144342,19.216772,19.214183,-0.002588,19.508223,-0.073465,0.000000,0.181884,0.181884,0.000000,0.139448,0.139448,0.160666,2026-04-13T01:51:15+0200
13-04-2026-host-precopy-0001,precopy,host,edge-node-1,edge-node-2,18.797722,18.783437,6.142704,8.097274,7.119989,19.581469,19.991997,0.410527,20.285299,21.492395,1.207096,20.742196,0.808811,0.000000,0.147749,0.147749,0.000000,0.154100,0.154100,0.150925,2026-04-13T01:51:48+0200
13-04-2026-host-precopy-0002,precopy,host,edge-node-1,edge-node-2,18.489132,18.505128,6.129120,4.263987,5.196554,20.261169,19.558375,-0.702794,20.277136,19.761886,-0.515250,19.660130,-0.609022,0.000000,0.037184,0.037184,0.000000,0.012454,0.012454,0.024819,2026-04-13T01:52:20+0200
13-04-2026-host-precopy-0003,precopy,host,edge-node-1,edge-node-2,18.549683,18.544012,6.429734,5.173348,5.801541,19.635423,20.222346,0.586922,20.298240,19.347177,-0.951063,19.784761,-0.182070,0.000000,0.029692,0.029692,0.000000,0.064247,0.064247,0.046970,2026-04-13T01:52:53+0200
13-04-2026-host-precopy-0004,precopy,host,edge-node-1,edge-node-2,18.787273,18.808892,6.911331,4.700855,5.806093,20.517798,20.415465,-0.102333,19.240663,19.210002,-0.030660,19.812734,-0.066497,0.000000,0.029317,0.029317,0.000000,0.161991,0.161991,0.095654,2026-04-13T01:53:26+0200
13-04-2026-host-precopy-0005,precopy,host,edge-node-1,edge-node-2,18.535754,18.556515,6.137968,5.466847,5.802408,19.588438,19.914550,0.326112,19.237278,19.243251,0.005973,19.578900,0.166043,0.000000,0.161006,0.161006,0.000000,0.027997,0.027997,0.094502,2026-04-13T01:53:58+0200
13-04-2026-host-precopy-0006,precopy,host,edge-node-1,edge-node-2,18.856053,18.841882,6.410256,4.552716,5.481486,20.017679,19.577488,-0.440192,20.285896,19.242853,-1.043044,19.410170,-0.741618,0.000000,0.037911,0.037911,0.000000,0.018659,0.018659,0.028285,2026-04-13T01:54:32+0200
13-04-2026-host-precopy-0007,precopy,host,edge-node-1,edge-node-2,18.579843,18.886179,7.253333,5.272969,6.263151,19.826352,21.110892,1.284540,19.557219,19.413275,-0.143944,20.262084,0.570298,0.000000,0.036372,0.036372,0.000000,0.159260,0.159260,0.097816,2026-04-13T01:55:04+0200
13-04-2026-host-precopy-0008,precopy,host,edge-node-1,edge-node-2,19.071618,19.061160,6.861969,4.700290,5.781130,19.595008,20.434378,0.839371,19.232500,19.278689,0.046189,19.856534,0.442780,0.000000,0.034410,0.034410,0.000000,0.162306,0.162306,0.098358,2026-04-13T01:55:37+0200
13-04-2026-host-precopy-0009,precopy,host,edge-node-1,edge-node-2,18.645092,18.918595,7.309942,5.183413,6.246677,19.589433,21.466470,1.877037,19.237079,19.226925,-0.010154,20.346698,0.933442,0.000000,0.042739,0.042739,0.000000,0.131113,0.131113,0.086926,2026-04-13T01:56:10+0200
13-04-2026-host-precopy-0010,precopy,host,edge-node-1,edge-node-2,19.189512,19.179733,6.605505,4.401362,5.503433,19.608944,19.564547,-0.044397,19.186310,19.214582,0.028271,19.389564,-0.008063,0.000000,0.040509,0.040509,0.000000,0.122199,0.122199,0.081354,2026-04-13T01:56:43+0200
13-04-2026-host-precopy-0011,precopy,host,edge-node-1,edge-node-2,18.632427,18.943848,7.182761,5.298013,6.240387,19.940631,22.004018,2.063387,20.256829,19.654177,-0.602652,20.829097,0.730367,0.000000,0.039623,0.039623,0.000000,0.149084,0.149084,0.094354,2026-04-13T01:57:16+0200
13-04-2026-host-precopy-0012,precopy,host,edge-node-1,edge-node-2,19.089348,19.081407,6.656101,4.694093,5.675097,19.608745,20.120212,0.511467,19.249622,19.413674,0.164052,19.766943,0.337759,0.000000,0.038061,0.038061,0.000000,0.147395,0.147395,0.092728,2026-04-13T01:57:49+0200
13-04-2026-host-precopy-0013,precopy,host,edge-node-1,edge-node-2,18.664102,18.995192,7.398568,5.000000,6.199284,19.598193,21.084413,1.486220,19.253205,19.215577,-0.037628,20.149995,0.724296,0.000000,0.037463,0.037463,0.000000,0.059637,0.059637,0.048550,2026-04-13T01:58:22+0200
13-04-2026-host-precopy-0014,precopy,host,edge-node-1,edge-node-2,18.806465,18.807692,6.636339,4.038513,5.337426,20.163614,19.749503,-0.414111,19.433384,19.267142,-0.166242,19.508322,-0.290176,0.000000,0.031572,0.031572,0.000000,0.126901,0.126901,0.079236,2026-04-13T01:58:55+0200
13-04-2026-host-precopy-0015,precopy,host,edge-node-1,edge-node-2,18.444485,18.733859,6.931757,4.910115,5.920936,19.832922,22.273190,2.440267,19.651987,19.701163,0.049176,20.987176,1.244722,0.000000,0.026685,0.026685,0.000000,0.024605,0.024605,0.025645,2026-04-13T01:59:28+0200
13-04-2026-host-precopy-0016,precopy,host,edge-node-1,edge-node-2,18.521645,18.530049,6.112469,4.255896,5.184183,19.640400,19.765231,0.124831,20.312376,19.357131,-0.955244,19.561181,-0.415207,0.000000,0.026363,0.026363,0.000000,0.004638,0.004638,0.015500,2026-04-13T02:00:00+0200
13-04-2026-host-precopy-0017,precopy,host,edge-node-1,edge-node-2,18.353216,18.642014,6.880734,4.855678,5.868206,19.595804,20.875566,1.279762,19.206220,19.347774,0.141555,20.111670,0.710658,0.000000,0.040226,0.040226,0.000000,0.053433,0.053433,0.046829,2026-04-13T02:00:32+0200
13-04-2026-host-precopy-0018,precopy,host,edge-node-1,edge-node-2,18.592345,18.686752,6.693657,4.405050,5.549353,19.594808,19.956160,0.361352,19.281476,19.244246,-0.037230,19.600203,0.162061,0.000000,0.038238,0.038238,0.000000,0.130649,0.130649,0.084444,2026-04-13T02:01:04+0200
13-04-2026-host-precopy-0019,precopy,host,edge-node-1,edge-node-2,18.957238,19.293618,7.629997,5.291971,6.460984,19.584257,21.084811,1.500554,19.221351,19.241459,0.020108,20.163135,0.760331,0.000000,0.035854,0.035854,0.000000,0.064383,0.064383,0.050119,2026-04-13T02:01:38+0200
13-04-2026-host-precopy-0020,precopy,host,edge-node-1,edge-node-2,18.620134,18.641009,6.290497,4.182407,5.236452,20.239069,19.576094,-0.662976,20.021303,19.251015,-0.770287,19.413555,-0.716631,0.000000,0.039020,0.039020,0.000000,0.041072,0.041072,0.040046,2026-04-13T02:02:10+0200
13-04-2026-host-precopy-0021,precopy,host,edge-node-1,edge-node-2,18.537850,18.842058,7.180993,5.044035,6.112514,19.774190,21.096558,1.322367,19.779406,19.294019,-0.485387,20.195288,0.418490,0.000000,0.168574,0.168574,0.000000,0.058048,0.058048,0.113311,2026-04-13T02:02:43+0200
13-04-2026-host-precopy-0022,precopy,host,edge-node-1,edge-node-2,18.429866,18.451448,6.386463,4.301661,5.344062,19.588438,20.431989,0.843552,19.219559,20.075854,0.856295,20.253922,0.849924,0.000000,0.173377,0.173377,0.000000,0.046787,0.046787,0.110082,2026-04-13T02:03:15+0200
13-04-2026-host-precopy-0023,precopy,host,edge-node-1,edge-node-2,18.557253,18.946723,7.281424,5.200318,6.240871,19.614718,21.026676,1.411959,19.245640,19.211993,-0.033647,20.119335,0.689156,0.000000,0.036416,0.036416,0.000000,0.055666,0.055666,0.046041,2026-04-13T02:03:48+0200
13-04-2026-host-precopy-0024,precopy,host,edge-node-1,edge-node-2,18.955907,18.960718,6.765720,4.482759,5.624239,19.638609,19.928287,0.289678,19.202039,19.235884,0.033846,19.582086,0.161762,0.000000,0.131061,0.131061,0.000000,0.032139,0.032139,0.081600,2026-04-13T02:04:21+0200
13-04-2026-host-precopy-0025,precopy,host,edge-node-1,edge-node-2,18.632270,18.959433,7.139066,5.173786,6.156426,20.775821,21.686466,0.910646,20.182368,20.255236,0.072868,20.970851,0.491757,0.000000,0.027674,0.027674,0.000000,0.063252,0.063252,0.045463,2026-04-13T02:04:54+0200
13-04-2026-host-precopy-0026,precopy,host,edge-node-1,edge-node-2,18.646913,18.653123,6.470747,4.580975,5.525861,19.599587,20.641235,1.041648,19.980887,19.248626,-0.732261,19.944930,0.154694,0.000000,0.155438,0.155438,0.000000,0.038742,0.038742,0.097090,2026-04-13T02:05:26+0200
13-04-2026-host-precopy-0027,precopy,host,edge-node-1,edge-node-2,18.487727,18.789390,7.152424,5.289874,6.221149,19.601777,21.854699,2.252922,19.242255,19.216772,-0.025484,20.535735,1.113719,0.000000,0.196710,0.196710,0.000000,0.068190,0.068190,0.132450,2026-04-13T02:05:59+0200
13-04-2026-host-precopy-0028,precopy,host,edge-node-1,edge-node-2,18.561773,18.563769,10.668833,4.514734,7.591783,19.622084,20.410288,0.788204,19.221351,19.234292,0.012941,19.822290,0.400573,0.000000,0.065238,0.065238,0.000000,0.034930,0.034930,0.050084,2026-04-13T02:06:31+0200
13-04-2026-host-precopy-0029,precopy,host,edge-node-1,edge-node-2,18.584428,18.893511,7.247535,9.395795,8.321665,19.574700,21.292066,1.717365,19.226925,19.245242,0.018316,20.268654,0.867841,0.000000,0.200100,0.200100,0.000000,0.070502,0.070502,0.135301,2026-04-13T02:07:04+0200
13-04-2026-direct-precopy-0000,precopy,direct,edge-node-1,edge-node-2,16.821231,16.832745,7.832586,5.768081,6.800334,20.508241,19.597795,-0.910447,19.808473,19.333838,-0.474636,19.465816,-0.692541,0.000000,0.195763,0.195763,0.000000,0.072171,0.072171,0.133967,2026-04-13T02:07:35+0200
13-04-2026-direct-precopy-0001,precopy,direct,edge-node-1,edge-node-2,17.420414,17.727439,8.262351,6.154282,7.208317,20.051525,21.048178,0.996653,20.339452,19.341403,-0.998049,20.194791,-0.000698,0.000000,0.192617,0.192617,0.000000,0.059054,0.059054,0.125835,2026-04-13T02:08:07+0200
13-04-2026-direct-precopy-0002,precopy,direct,edge-node-1,edge-node-2,16.744376,16.743731,7.854348,5.672269,6.763309,19.787131,19.610338,-0.176793,20.315760,19.270327,-1.045433,19.440332,-0.611113,0.000000,0.234220,0.234220,0.000000,0.040827,0.040827,0.137524,2026-04-13T02:08:37+0200
13-04-2026-direct-precopy-0003,precopy,direct,edge-node-1,edge-node-2,17.254741,17.587375,8.474091,6.537254,7.505672,20.178346,21.880382,1.702035,20.235327,19.224337,-1.010990,20.552359,0.345523,0.000000,0.173412,0.173412,0.000000,0.140593,0.140593,0.157003,2026-04-13T02:09:09+0200
13-04-2026-direct-precopy-0004,precopy,direct,edge-node-1,edge-node-2,16.757203,16.776662,8.188362,5.577211,6.882787,19.612329,20.022657,0.410328,19.761488,19.238672,-0.522816,19.630664,-0.056244,0.000000,0.102568,0.102568,0.000000,0.014203,0.014203,0.058385,2026-04-13T02:09:39+0200
13-04-2026-direct-precopy-0005,precopy,direct,edge-node-1,edge-node-2,17.427274,17.714778,8.411481,6.335227,7.373354,19.613722,21.577165,1.963443,19.589273,20.040416,0.451143,20.808790,1.207293,0.000000,0.102435,0.102435,0.000000,0.037045,0.037045,0.069740,2026-04-13T02:10:11+0200
13-04-2026-direct-precopy-0006,precopy,direct,edge-node-1,edge-node-2,16.781888,16.762832,7.987988,5.732293,6.860140,19.597994,20.076411,0.478417,19.629689,19.743370,0.113682,19.909891,0.296050,0.000000,0.113357,0.113357,0.000000,0.044742,0.044742,0.079049,2026-04-13T02:10:41+0200
13-04-2026-direct-precopy-0007,precopy,direct,edge-node-1,edge-node-2,16.978261,17.286082,8.571429,6.431898,7.501663,19.602374,21.143344,1.540970,19.595246,19.945449,0.350203,20.544396,0.945587,0.000000,0.154609,0.154609,0.000000,0.059658,0.059658,0.107134,2026-04-13T02:11:12+0200
13-04-2026-direct-precopy-0008,precopy,direct,edge-node-1,edge-node-2,17.001465,17.023093,8.049719,5.586757,6.818238,19.615116,20.048937,0.433821,19.756510,19.428805,-0.327706,19.738871,0.053058,0.000000,0.158304,0.158304,0.000000,0.039698,0.039698,0.099001,2026-04-13T02:11:43+0200
13-04-2026-direct-precopy-0009,precopy,direct,edge-node-1,edge-node-2,17.296116,17.641081,8.571429,6.447932,7.509680,19.603170,21.640476,2.037306,19.871187,19.260174,-0.611014,20.450325,0.713146,0.000000,0.143864,0.143864,0.000000,0.062443,0.062443,0.103153,2026-04-13T02:12:15+0200
13-04-2026-direct-precopy-0010,precopy,direct,edge-node-1,edge-node-2,16.729454,16.715144,8.092659,5.871725,6.982192,19.724616,20.616149,0.891533,19.250418,19.437963,0.187545,20.027056,0.539539,0.000000,0.156909,0.156909,0.000000,0.062864,0.062864,0.109886,2026-04-13T02:12:45+0200
13-04-2026-direct-precopy-0011,precopy,direct,edge-node-1,edge-node-2,17.690954,17.995960,8.277405,7.017053,7.647229,19.761647,21.644259,1.882612,19.208609,19.291033,0.082424,20.467646,0.982518,0.000000,0.040628,0.040628,0.000000,0.066855,0.066855,0.053742,2026-04-13T02:13:17+0200
13-04-2026-direct-precopy-0012,precopy,direct,edge-node-1,edge-node-2,16.830774,16.850794,8.059701,5.849000,6.954351,19.586845,20.070040,0.483196,19.224337,19.407502,0.183165,19.738771,0.333180,0.000000,0.071716,0.071716,0.000000,0.062126,0.062126,0.066921,2026-04-13T02:13:48+0200
13-04-2026-direct-precopy-0013,precopy,direct,edge-node-1,edge-node-2,17.087396,17.408941,8.627678,6.454414,7.541046,19.627061,20.740980,1.113918,19.206220,19.578920,0.372700,20.159950,0.743309,0.000000,0.047092,0.047092,0.000000,0.127000,0.127000,0.087046,2026-04-13T02:14:20+0200
13-04-2026-direct-precopy-0014,precopy,direct,edge-node-1,edge-node-2,16.740609,16.760364,7.992788,5.762305,6.877547,19.603569,19.944414,0.340845,19.220156,19.247034,0.026877,19.595724,0.183861,0.000000,0.068835,0.068835,0.000000,0.020743,0.020743,0.044789,2026-04-13T02:14:50+0200
13-04-2026-direct-precopy-0015,precopy,direct,edge-node-1,edge-node-2,17.202757,17.492876,8.889528,6.320023,7.604776,19.571316,21.325115,1.753799,19.232301,19.227522,-0.004778,20.276319,0.874510,0.000000,0.071300,0.071300,0.000000,0.018981,0.018981,0.045141,2026-04-13T02:15:22+0200
13-04-2026-direct-precopy-0016,precopy,direct,edge-node-1,edge-node-2,16.741286,16.767922,8.015611,5.698860,6.857236,19.567732,19.572311,0.004579,19.256590,19.253404,-0.003185,19.412858,0.000697,0.000000,0.064866,0.064866,0.000000,0.016307,0.016307,0.040587,2026-04-13T02:15:52+0200
13-04-2026-direct-precopy-0017,precopy,direct,edge-node-1,edge-node-2,17.022084,17.337137,8.514967,6.409513,7.462240,19.648165,20.914189,1.266024,19.236681,19.311340,0.074660,20.112765,0.670342,0.000000,0.072287,0.072287,0.000000,0.035374,0.035374,0.053830,2026-04-13T02:16:23+0200
13-04-2026-direct-precopy-0018,precopy,direct,edge-node-1,edge-node-2,16.825508,16.820811,7.812032,5.771531,6.791782,20.174365,19.633034,-0.541330,19.225133,19.240065,0.014932,19.436550,-0.263199,0.000000,0.062220,0.062220,0.000000,0.020204,0.020204,0.041212,2026-04-13T02:16:54+0200
13-04-2026-direct-precopy-0019,precopy,direct,edge-node-1,edge-node-2,17.161267,17.483134,8.208525,6.043165,7.125845,20.125388,20.917375,0.791987,19.787171,19.330652,-0.456518,20.124014,0.167734,0.000000,0.059864,0.059864,0.000000,0.035749,0.035749,0.047806,2026-04-13T02:17:25+0200
13-04-2026-direct-precopy-0020,precopy,direct,edge-node-1,edge-node-2,16.886916,16.777332,7.856072,5.688623,6.772347,20.277096,19.596401,-0.680695,19.566975,19.225930,-0.341045,19.411165,-0.510870,0.000000,0.062456,0.062456,0.000000,0.019558,0.019558,0.041007,2026-04-13T02:17:56+0200
13-04-2026-direct-precopy-0021,precopy,direct,edge-node-1,edge-node-2,17.024991,17.316855,8.430233,6.273599,7.351916,20.660347,21.045590,0.385243,20.249064,19.257984,-0.991081,20.151787,-0.302919,0.000000,0.066997,0.066997,0.000000,0.035415,0.035415,0.051206,2026-04-13T02:18:27+0200
13-04-2026-direct-precopy-0022,precopy,direct,edge-node-1,edge-node-2,16.804501,16.905365,7.792980,5.626675,6.709827,20.676275,19.605759,-1.070516,19.988851,19.250020,-0.738831,19.427889,-0.904674,0.000000,0.164344,0.164344,0.000000,0.053607,0.053607,0.108976,2026-04-13T02:18:58+0200
13-04-2026-direct-precopy-0023,precopy,direct,edge-node-1,edge-node-2,17.069218,17.365860,8.526682,6.271676,7.399179,20.160627,21.109100,0.948473,19.912599,19.338815,-0.573784,20.223958,0.187345,0.000000,0.140970,0.140970,0.000000,0.049262,0.049262,0.095116,2026-04-13T02:19:29+0200
13-04-2026-direct-precopy-0024,precopy,direct,edge-node-1,edge-node-2,16.790459,16.822551,7.871895,5.854241,6.863068,19.952178,19.602971,-0.349207,19.802501,19.322091,-0.480409,19.462531,-0.414808,0.000000,0.154943,0.154943,0.000000,0.030883,0.030883,0.092913,2026-04-13T02:20:00+0200
13-04-2026-direct-precopy-0025,precopy,direct,edge-node-1,edge-node-2,17.138608,17.435406,8.518625,6.406926,7.462776,19.609342,21.396191,1.786848,19.718484,19.246436,-0.472047,20.321313,0.657400,0.000000,0.041710,0.041710,0.000000,0.051529,0.051529,0.046620,2026-04-13T02:20:31+0200
13-04-2026-direct-precopy-0026,precopy,direct,edge-node-1,edge-node-2,17.030644,17.186660,7.893192,5.479051,6.686122,19.591225,20.153062,0.561837,19.709325,19.260174,-0.449152,19.706618,0.056343,0.000000,0.173859,0.173859,0.000000,0.053184,0.053184,0.113522,2026-04-13T02:21:02+0200
13-04-2026-direct-precopy-0027,precopy,direct,edge-node-1,edge-node-2,17.107922,17.415530,13.005780,6.479607,9.742693,19.581868,21.589907,2.008039,20.335072,19.960580,-0.374492,20.775243,0.816774,0.000000,0.043839,0.043839,0.000000,0.051588,0.051588,0.047714,2026-04-13T02:21:33+0200
13-04-2026-direct-precopy-0028,precopy,direct,edge-node-1,edge-node-2,16.947206,16.971334,7.959608,9.454220,8.706914,19.605559,20.721070,1.115511,22.016007,20.272955,-1.743052,20.497013,-0.313770,0.000000,0.042872,0.042872,0.000000,0.057772,0.057772,0.050322,2026-04-13T02:22:04+0200
13-04-2026-direct-precopy-0029,precopy,direct,edge-node-1,edge-node-2,17.379700,17.691007,8.733997,7.333712,8.033855,19.633432,21.899495,2.266062,19.653978,19.292427,-0.361551,20.595961,0.952255,0.000000,0.040007,0.040007,0.000000,0.059396,0.059396,0.049702,2026-04-13T02:22:36+0200
13-04-2026-host-postcopy-0000,postcopy,host,edge-node-1,edge-node-2,18.417695,18.458290,7.314410,6.079607,6.697009,19.596401,19.756471,0.160070,19.218762,19.229115,0.010353,19.492793,0.085211,0.000000,0.023966,0.023966,0.000000,0.023702,0.023702,0.023834,2026-04-13T02:23:08+0200
13-04-2026-host-postcopy-0001,postcopy,host,edge-node-1,edge-node-2,18.714249,18.712818,8.093574,6.890983,7.492278,19.606356,20.314923,0.708568,19.214980,19.215776,0.000796,19.765350,0.354682,0.000000,0.146321,0.146321,0.000000,0.023588,0.023588,0.084955,2026-04-13T02:23:41+0200
13-04-2026-host-postcopy-0002,postcopy,host,edge-node-1,edge-node-2,18.229724,18.251830,7.339956,6.206897,6.773426,20.142709,19.814805,-0.327904,19.234093,19.245640,0.011547,19.530222,-0.158178,0.000000,0.214279,0.214279,0.000000,0.127342,0.127342,0.170810,2026-04-13T02:24:13+0200
13-04-2026-host-postcopy-0003,postcopy,host,edge-node-1,edge-node-2,18.367101,18.379098,7.976974,6.792660,7.384817,20.445926,20.027037,-0.418889,19.615752,19.229314,-0.386438,19.628175,-0.402663,0.000000,0.182689,0.182689,0.000000,0.025079,0.025079,0.103884,2026-04-13T02:24:45+0200
13-04-2026-host-postcopy-0004,postcopy,host,edge-node-1,edge-node-2,18.443960,18.445257,7.343707,6.192035,6.767871,19.609939,20.282670,0.672731,19.935295,19.833559,-0.101736,20.058115,0.285497,0.000000,0.189129,0.189129,0.000000,0.029437,0.029437,0.109283,2026-04-13T02:25:18+0200
13-04-2026-host-postcopy-0005,postcopy,host,edge-node-1,edge-node-2,18.628109,18.640639,8.475034,6.188390,7.331712,19.570718,20.508042,0.937324,21.256470,19.381222,-1.875249,19.944632,-0.468962,0.000000,0.183065,0.183065,0.000000,0.172883,0.172883,0.177974,2026-04-13T02:25:50+0200
13-04-2026-host-postcopy-0006,postcopy,host,edge-node-1,edge-node-2,18.381270,18.398540,7.303063,6.102901,6.702982,19.927889,19.583659,-0.344230,19.231903,19.264753,0.032850,19.424206,-0.155690,0.000000,0.152796,0.152796,0.000000,0.173460,0.173460,0.163128,2026-04-13T02:26:22+0200
13-04-2026-host-postcopy-0007,postcopy,host,edge-node-1,edge-node-2,18.651230,18.748890,8.243824,6.161396,7.202610,19.580076,19.982440,0.402364,20.773075,19.334833,-1.438242,19.658637,-0.517939,0.000000,0.187236,0.187236,0.000000,0.170218,0.170218,0.178727,2026-04-13T02:26:55+0200
13-04-2026-host-postcopy-0008,postcopy,host,edge-node-1,edge-node-2,18.069178,18.071245,7.429048,6.208241,6.818644,20.362705,19.607152,-0.755553,19.278689,19.381222,0.102532,19.494187,-0.326510,0.000000,0.202996,0.202996,0.000000,0.189787,0.189787,0.196391,2026-04-13T02:27:27+0200
13-04-2026-host-postcopy-0009,postcopy,host,edge-node-1,edge-node-2,18.449157,18.462168,8.158254,6.099251,7.128753,20.316914,20.330652,0.013737,20.965398,19.243251,-1.722147,19.786951,-0.854205,0.000000,0.187593,0.187593,0.000000,0.170958,0.170958,0.179275,2026-04-13T02:27:59+0200
13-04-2026-host-postcopy-0010,postcopy,host,edge-node-1,edge-node-2,18.112027,18.122751,7.581227,6.185853,6.883540,19.809828,19.694354,-0.115473,19.912001,19.761886,-0.150115,19.728120,-0.132794,0.000000,0.027606,0.027606,0.000000,0.143983,0.143983,0.085795,2026-04-13T02:28:31+0200
13-04-2026-host-postcopy-0011,postcopy,host,edge-node-1,edge-node-2,18.379544,18.395573,8.230790,6.116208,7.173499,19.714662,20.178944,0.464282,21.501752,19.709724,-1.792028,19.944334,-0.663873,0.000000,0.188941,0.188941,0.000000,0.314699,0.314699,0.251820,2026-04-13T02:29:04+0200
13-04-2026-host-postcopy-0012,postcopy,host,edge-node-1,edge-node-2,18.026684,18.031874,7.350475,6.297019,6.823747,19.606555,19.577886,-0.028669,19.249224,19.240663,-0.008561,19.409274,-0.018615,0.000000,0.166203,0.166203,0.000000,0.121313,0.121313,0.143758,2026-04-13T02:29:35+0200
13-04-2026-host-postcopy-0013,postcopy,host,edge-node-1,edge-node-2,18.493746,18.502720,8.331065,6.025428,7.178246,19.597795,20.309946,0.712151,20.500717,19.228916,-1.271801,19.769431,-0.279825,0.000000,0.190098,0.190098,0.000000,0.185150,0.185150,0.187624,2026-04-13T02:30:08+0200
13-04-2026-host-postcopy-0014,postcopy,host,edge-node-1,edge-node-2,18.007002,18.006022,7.651494,6.307563,6.979529,19.560565,19.603569,0.043004,19.276101,19.271124,-0.004977,19.437346,0.019013,0.000000,0.066597,0.066597,0.000000,0.187871,0.187871,0.127234,2026-04-13T02:30:40+0200
13-04-2026-host-postcopy-0015,postcopy,host,edge-node-1,edge-node-2,18.399737,18.523081,8.039109,5.937586,6.988348,20.336823,20.568367,0.231544,21.319782,19.275305,-2.044477,19.921836,-0.906467,0.000000,0.048617,0.048617,0.000000,0.183681,0.183681,0.116149,2026-04-13T02:31:13+0200
13-04-2026-host-postcopy-0016,postcopy,host,edge-node-1,edge-node-2,18.321212,18.329210,7.360615,6.169454,6.765035,19.727603,19.722625,-0.004977,20.275743,19.764076,-0.511667,19.743351,-0.258322,0.000000,0.053942,0.053942,0.000000,0.189034,0.189034,0.121488,2026-04-13T02:31:45+0200
13-04-2026-host-postcopy-0017,postcopy,host,edge-node-1,edge-node-2,18.390158,18.397665,8.130304,6.111111,7.120707,19.799077,20.258182,0.459106,21.205304,19.782990,-1.422314,20.020586,-0.481604,0.000000,0.064148,0.064148,0.000000,0.200008,0.200008,0.132078,2026-04-13T02:32:17+0200
13-04-2026-host-postcopy-0018,postcopy,host,edge-node-1,edge-node-2,18.291461,18.301978,7.455296,6.055601,6.755449,19.604166,19.942423,0.338257,19.223939,19.341801,0.117863,19.642112,0.228060,0.000000,0.023705,0.023705,0.000000,0.193797,0.193797,0.108751,2026-04-13T02:32:49+0200
13-04-2026-host-postcopy-0019,postcopy,host,edge-node-1,edge-node-2,18.309175,18.306246,8.136339,6.176635,7.156487,19.608347,20.719279,1.110932,20.813092,19.261169,-1.551923,19.990224,-0.220496,0.000000,0.030082,0.030082,0.000000,0.188631,0.188631,0.109357,2026-04-13T02:33:21+0200
13-04-2026-host-postcopy-0020,postcopy,host,edge-node-1,edge-node-2,18.191054,18.192446,7.634855,6.893688,7.264271,19.606356,19.564746,-0.041610,19.269730,19.530342,0.260612,19.547544,0.109501,0.000000,0.024909,0.024909,0.000000,0.216007,0.216007,0.120458,2026-04-13T02:33:53+0200
13-04-2026-host-postcopy-0021,postcopy,host,edge-node-1,edge-node-2,18.705668,18.690104,8.328841,6.054795,7.191818,20.295412,20.064267,-0.231146,21.155133,19.544079,-1.611054,19.804173,-0.921100,0.000000,0.022762,0.022762,0.000000,0.080465,0.080465,0.051614,2026-04-13T02:34:26+0200
13-04-2026-host-postcopy-0022,postcopy,host,edge-node-1,edge-node-2,18.587034,18.313670,7.413509,6.048941,6.731225,19.840488,19.656129,-0.184359,20.627937,20.574381,-0.053556,20.115255,-0.118957,0.000000,0.025009,0.025009,0.000000,0.196873,0.196873,0.110941,2026-04-13T02:34:59+0200
13-04-2026-host-postcopy-0023,postcopy,host,edge-node-1,edge-node-2,17.982950,18.015947,8.384572,6.195925,7.290249,19.609939,20.244246,0.634306,20.813490,19.548061,-1.265430,19.896153,-0.315562,0.000000,0.016074,0.016074,0.000000,0.203162,0.203162,0.109618,2026-04-13T02:35:31+0200
13-04-2026-host-postcopy-0024,postcopy,host,edge-node-1,edge-node-2,18.079374,18.095989,7.508343,6.258693,6.883518,19.617306,19.594609,-0.022696,19.552441,19.556821,0.004380,19.575715,-0.009158,0.000000,0.023335,0.023335,0.000000,0.201616,0.201616,0.112475,2026-04-13T02:36:03+0200
13-04-2026-host-postcopy-0025,postcopy,host,edge-node-1,edge-node-2,18.267531,18.427203,12.619242,6.135806,9.377524,19.952576,19.827746,-0.124831,19.536513,19.542088,0.005575,19.684917,-0.059628,0.000000,0.026088,0.026088,0.000000,0.206895,0.206895,0.116492,2026-04-13T02:36:36+0200
13-04-2026-host-postcopy-0026,postcopy,host,edge-node-1,edge-node-2,18.333056,18.343473,7.515085,9.815274,8.665180,20.131361,19.583261,-0.548100,21.109341,19.537509,-1.571832,19.560385,-1.059966,0.000000,0.024716,0.024716,0.000000,0.022999,0.022999,0.023857,2026-04-13T02:37:08+0200
13-04-2026-host-postcopy-0027,postcopy,host,edge-node-1,edge-node-2,18.310504,18.326770,8.805724,6.126374,7.466049,20.146691,19.577886,-0.568805,20.262802,19.559011,-0.703791,19.568448,-0.636298,0.000000,0.124800,0.124800,0.000000,0.048810,0.048810,0.086805,2026-04-13T02:37:40+0200
13-04-2026-host-postcopy-0028,postcopy,host,edge-node-1,edge-node-2,18.176625,18.226300,7.421767,6.519337,6.970552,19.623478,19.699730,0.076252,20.181373,20.583539,0.402166,20.141634,0.239209,0.000000,0.133886,0.133886,0.000000,0.096872,0.096872,0.115379,2026-04-13T02:38:12+0200
13-04-2026-host-postcopy-0029,postcopy,host,edge-node-1,edge-node-2,18.103938,18.115986,8.198999,6.173526,7.186263,19.615514,20.222147,0.606633,19.827785,19.529545,-0.298240,19.875846,0.154196,0.000000,0.140033,0.140033,0.000000,0.016819,0.016819,0.078426,2026-04-13T02:38:45+0200
13-04-2026-direct-postcopy-0000,postcopy,direct,edge-node-1,edge-node-2,16.434528,16.449822,9.193993,7.560453,8.377223,19.635025,19.618102,-0.016923,19.280481,19.228916,-0.051565,19.423509,-0.034244,0.000000,0.174699,0.174699,0.000000,0.105672,0.105672,0.140185,2026-04-13T02:39:15+0200
13-04-2026-direct-postcopy-0001,postcopy,direct,edge-node-1,edge-node-2,16.816792,16.838815,9.787489,7.363065,8.575277,19.619695,20.064267,0.444572,19.255794,19.240264,-0.015529,19.652266,0.214521,0.000000,0.120787,0.120787,0.000000,0.053819,0.053819,0.087303,2026-04-13T02:39:46+0200
13-04-2026-direct-postcopy-0002,postcopy,direct,edge-node-1,edge-node-2,16.413890,16.431822,9.168967,7.576687,8.372827,19.600980,19.989607,0.388627,19.225532,19.238871,0.013339,19.614239,0.200983,0.000000,0.031414,0.031414,0.000000,0.060858,0.060858,0.046136,2026-04-13T02:40:16+0200
13-04-2026-direct-postcopy-0003,postcopy,direct,edge-node-1,edge-node-2,16.645360,16.661063,10.072595,7.706256,8.889425,19.612528,19.842479,0.229951,19.244644,19.257585,0.012941,19.550032,0.121446,0.000000,0.146907,0.146907,0.000000,0.054393,0.054393,0.100650,2026-04-13T02:40:47+0200
13-04-2026-direct-postcopy-0004,postcopy,direct,edge-node-1,edge-node-2,16.369740,16.338023,9.197170,7.673344,8.435257,19.653740,19.793502,0.139762,19.266943,19.221550,-0.045393,19.507526,0.047185,0.000000,0.168470,0.168470,0.000000,0.060011,0.060011,0.114241,2026-04-13T02:41:18+0200
13-04-2026-direct-postcopy-0005,postcopy,direct,edge-node-1,edge-node-2,16.535773,16.535048,9.902498,7.554066,8.728282,19.639007,20.626701,0.987694,19.251414,19.258581,0.007167,19.942641,0.497431,0.000000,0.177173,0.177173,0.000000,0.025042,0.025042,0.101107,2026-04-13T02:41:48+0200
13-04-2026-direct-postcopy-0006,postcopy,direct,edge-node-1,edge-node-2,16.329945,16.354230,9.236453,7.616405,8.426429,19.600383,19.594211,-0.006172,19.236880,19.239667,0.002787,19.416939,-0.001692,0.000000,0.027987,0.027987,0.000000,0.027468,0.027468,0.027728,2026-04-13T02:42:18+0200
13-04-2026-direct-postcopy-0007,postcopy,direct,edge-node-1,edge-node-2,16.989660,16.989840,9.916865,7.384342,8.650603,19.622482,20.594846,0.972364,19.252807,19.278490,0.025683,19.936668,0.499023,0.000000,0.027130,0.027130,0.000000,0.125075,0.125075,0.076103,2026-04-13T02:42:50+0200
13-04-2026-direct-postcopy-0008,postcopy,direct,edge-node-1,edge-node-2,16.725677,16.705034,9.077201,7.696951,8.387076,19.580673,19.580474,-0.000199,19.229314,19.226129,-0.003185,19.403301,-0.001692,0.000000,0.026391,0.026391,0.000000,0.166024,0.166024,0.096207,2026-04-13T02:43:20+0200
13-04-2026-direct-postcopy-0009,postcopy,direct,edge-node-1,edge-node-2,16.571809,16.576347,9.701946,7.615291,8.658619,19.605958,19.954169,0.348211,19.247432,19.246038,-0.001394,19.600104,0.173409,0.000000,0.059636,0.059636,0.000000,0.163778,0.163778,0.111707,2026-04-13T02:43:51+0200
13-04-2026-direct-postcopy-0010,postcopy,direct,edge-node-1,edge-node-2,16.391974,16.399304,9.283738,7.848569,8.566153,19.573904,19.754082,0.180178,19.239269,19.244246,0.004977,19.499164,0.092578,0.000000,0.023830,0.023830,0.000000,0.244866,0.244866,0.134348,2026-04-13T02:44:21+0200
13-04-2026-direct-postcopy-0011,postcopy,direct,edge-node-1,edge-node-2,16.711816,16.734784,10.147546,7.539204,8.843375,19.621686,20.816635,1.194949,19.327268,19.229912,-0.097356,20.023273,0.548796,0.000000,0.168995,0.168995,0.000000,0.173432,0.173432,0.171214,2026-04-13T02:44:52+0200
13-04-2026-direct-postcopy-0012,postcopy,direct,edge-node-1,edge-node-2,16.361219,16.375280,9.334566,7.692308,8.513437,19.621089,19.604763,-0.016326,19.312535,19.269531,-0.043004,19.437147,-0.029665,0.000000,0.154949,0.154949,0.000000,0.026956,0.026956,0.090952,2026-04-13T02:45:23+0200
13-04-2026-direct-postcopy-0013,postcopy,direct,edge-node-1,edge-node-2,16.659007,16.665859,9.957627,7.769045,8.863336,19.607550,20.563589,0.956039,19.241658,19.228717,-0.012941,19.896153,0.471549,0.000000,0.027903,0.027903,0.000000,0.026720,0.026720,0.027312,2026-04-13T02:45:53+0200
13-04-2026-direct-postcopy-0014,postcopy,direct,edge-node-1,edge-node-2,16.433162,16.426284,9.252997,7.822086,8.537542,19.587641,19.589234,0.001593,19.244445,19.229115,-0.015330,19.409175,-0.006869,0.000000,0.029000,0.029000,0.000000,0.062780,0.062780,0.045890,2026-04-13T02:46:24+0200
13-04-2026-direct-postcopy-0015,postcopy,direct,edge-node-1,edge-node-2,16.699080,16.701711,9.909366,7.606399,8.757882,19.602573,20.869394,1.266821,19.267142,19.258382,-0.008760,20.063888,0.629030,0.000000,0.061053,0.061053,0.000000,0.071568,0.071568,0.066311,2026-04-13T02:46:55+0200
13-04-2026-direct-postcopy-0016,postcopy,direct,edge-node-1,edge-node-2,16.399449,16.417325,9.065765,7.590658,8.328211,19.593216,19.632437,0.039221,19.257785,19.252011,-0.005774,19.442224,0.016724,0.000000,0.050735,0.050735,0.000000,0.029266,0.029266,0.040001,2026-04-13T02:47:25+0200
13-04-2026-direct-postcopy-0017,postcopy,direct,edge-node-1,edge-node-2,16.625733,16.614815,10.033343,7.498482,8.765913,19.609541,20.637452,1.027911,19.245441,19.244644,-0.000796,19.941048,0.513557,0.000000,0.050750,0.050750,0.000000,0.027037,0.027037,0.038893,2026-04-13T02:47:56+0200
13-04-2026-direct-postcopy-0018,postcopy,direct,edge-node-1,edge-node-2,16.425887,16.428281,9.238797,7.727691,8.483244,19.657921,19.620491,-0.037429,19.263558,19.247233,-0.016326,19.433862,-0.026877,0.000000,0.059215,0.059215,0.000000,0.029722,0.029722,0.044468,2026-04-13T02:48:26+0200
13-04-2026-direct-postcopy-0019,postcopy,direct,edge-node-1,edge-node-2,16.698008,16.728479,9.803922,7.613602,8.708762,19.598193,19.680418,0.082225,19.272716,19.285458,0.012742,19.482938,0.047483,0.000000,0.051934,0.051934,0.000000,0.062814,0.062814,0.057374,2026-04-13T02:48:57+0200
13-04-2026-direct-postcopy-0020,postcopy,direct,edge-node-1,edge-node-2,16.375277,16.377560,9.264389,7.725454,8.494922,19.601976,19.622880,0.020905,19.251015,19.298598,0.047583,19.460739,0.034244,0.000000,0.039121,0.039121,0.000000,0.036731,0.036731,0.037926,2026-04-13T02:49:27+0200
13-04-2026-direct-postcopy-0021,postcopy,direct,edge-node-1,edge-node-2,16.666190,16.676965,9.866828,7.875679,8.871254,19.617903,20.843910,1.226007,19.198256,19.247830,0.049574,20.045870,0.637790,0.000000,0.066096,0.066096,0.000000,0.067693,0.067693,0.066894,2026-04-13T02:49:58+0200
13-04-2026-direct-postcopy-0022,postcopy,direct,edge-node-1,edge-node-2,16.567905,16.595750,8.875380,7.869948,8.372664,19.620690,19.613921,-0.006769,19.252608,19.264155,0.011547,19.439038,0.002389,0.000000,0.061772,0.061772,0.000000,0.067553,0.067553,0.064663,2026-04-13T02:50:29+0200
13-04-2026-direct-postcopy-0023,postcopy,direct,edge-node-1,edge-node-2,16.845436,16.853788,9.835575,7.989228,8.912402,19.574899,20.326471,0.751571,19.216174,19.221550,0.005375,19.774010,0.378473,0.000000,0.061218,0.061218,0.000000,0.060029,0.060029,0.060624,2026-04-13T02:51:00+0200
13-04-2026-direct-postcopy-0024,postcopy,direct,edge-node-1,edge-node-2,16.934424,16.894995,13.563355,7.825568,10.694461,19.572510,19.617704,0.045194,19.216174,19.252409,0.036235,19.435057,0.040714,0.000000,0.058590,0.058590,0.000000,0.067281,0.067281,0.062936,2026-04-13T02:51:31+0200
13-04-2026-direct-postcopy-0025,postcopy,direct,edge-node-1,edge-node-2,17.606556,17.630323,9.439359,12.860817,11.150088,20.361909,20.346181,-0.015728,19.246834,19.282074,0.035239,19.814127,0.009756,0.000000,0.051250,0.051250,0.000000,0.066691,0.066691,0.058971,2026-04-13T02:52:02+0200
13-04-2026-direct-postcopy-0026,postcopy,direct,edge-node-1,edge-node-2,17.037398,17.105902,9.139151,8.183161,8.661156,20.555028,19.595804,-0.959224,19.210002,19.243450,0.033447,19.419627,-0.462888,0.000000,0.050670,0.050670,0.000000,0.067822,0.067822,0.059246,2026-04-13T02:52:34+0200
13-04-2026-direct-postcopy-0027,postcopy,direct,edge-node-1,edge-node-2,17.513779,17.550306,10.443038,8.388394,9.415716,19.592818,19.576890,-0.015927,19.282472,19.263757,-0.018715,19.420324,-0.017321,0.000000,0.203857,0.203857,0.000000,0.031160,0.031160,0.117509,2026-04-13T02:53:06+0200
13-04-2026-direct-postcopy-0028,postcopy,direct,edge-node-1,edge-node-2,17.137181,17.231748,9.676471,8.480047,9.078259,19.588836,19.570718,-0.018117,19.714303,19.263359,-0.450944,19.417039,-0.234531,0.000000,0.209933,0.209933,0.000000,0.024482,0.024482,0.117208,2026-04-13T02:53:38+0200
13-04-2026-direct-postcopy-0029,postcopy,direct,edge-node-1,edge-node-2,17.312286,17.323968,10.267597,7.893970,9.080784,19.594609,20.585887,0.991278,19.787768,19.244644,-0.543123,19.915266,0.224077,0.000000,0.233757,0.233757,0.000000,0.017813,0.017813,0.125785,2026-04-13T02:54:10+0200
22-04-2026-host-cold-0000,cold,host,edge-node-1,edge-node-2,15.269294,15.276076,6.317868,5.961792,6.139830,19.680020,20.268137,0.588117,21.153498,21.189533,0.036036,20.728835,0.312076,0.000000,0.030443,0.030443,0.000000,0.248295,0.248295,0.139369,2026-04-22T19:22:20+0200
22-04-2026-host-cold-0001,cold,host,edge-node-1,edge-node-2,14.977753,14.975021,6.344411,6.270959,6.307685,19.746317,20.357927,0.611610,21.187343,22.233570,1.046227,21.295749,0.828918,0.000000,0.033644,0.033644,0.000000,0.018781,0.018781,0.026212,2026-04-22T19:22:49+0200
22-04-2026-host-cold-0002,cold,host,edge-node-1,edge-node-2,16.358649,16.477176,6.450627,7.591463,7.021045,19.729594,20.411483,0.681889,22.037266,21.816075,-0.221191,21.113779,0.230349,0.000000,0.072830,0.072830,0.000000,0.017306,0.017306,0.045068,2026-04-22T19:23:20+0200
22-04-2026-host-cold-0003,cold,host,edge-node-1,edge-node-2,15.303442,15.254038,6.653491,5.954350,6.303921,19.756869,19.713865,-0.043004,22.209679,21.217207,-0.992472,20.465536,-0.517738,0.000000,0.035225,0.035225,0.000000,0.349549,0.349549,0.192387,2026-04-22T19:23:49+0200
22-04-2026-host-cold-0004,cold,host,edge-node-1,edge-node-2,15.987989,16.058391,6.547619,6.474820,6.511220,19.990006,20.318905,0.328900,21.636892,21.170421,-0.466472,20.744663,-0.068786,0.000000,0.171271,0.171271,0.000000,0.255659,0.255659,0.213465,2026-04-22T19:24:19+0200
22-04-2026-host-cold-0005,cold,host,edge-node-1,edge-node-2,15.095458,15.178796,6.162558,5.999337,6.080948,19.547624,19.826750,0.279127,21.889938,21.195307,-0.694631,20.511029,-0.207752,0.000000,0.055377,0.055377,0.000000,0.285915,0.285915,0.170646,2026-04-22T19:24:48+0200
22-04-2026-host-cold-0006,cold,host,edge-node-1,edge-node-2,15.523586,15.514116,6.385737,5.779221,6.082479,19.862388,20.616348,0.753960,21.606033,21.190330,-0.415704,20.903339,0.169128,0.000000,0.246097,0.246097,0.000000,0.277721,0.277721,0.261909,2026-04-22T19:25:18+0200
22-04-2026-host-cold-0007,cold,host,edge-node-1,edge-node-2,15.418693,15.399780,6.440013,6.266319,6.353166,20.488930,20.154057,-0.334872,21.150910,21.177986,0.027076,20.666022,-0.153898,0.000000,0.204956,0.204956,0.000000,0.299061,0.299061,0.252008,2026-04-22T19:25:47+0200
22-04-2026-host-cold-0008,cold,host,edge-node-1,edge-node-2,16.223688,16.074544,7.151819,8.713826,7.932823,20.990641,21.989086,0.998445,24.661693,21.150312,-3.511381,21.569699,-1.256468,0.000000,0.245590,0.245590,0.000000,0.320285,0.320285,0.282938,2026-04-22T19:26:18+0200
22-04-2026-host-cold-0009,cold,host,edge-node-1,edge-node-2,15.296266,15.267148,6.490939,6.132542,6.311741,19.426576,20.181532,0.754956,21.175398,21.575373,0.399975,20.878452,0.577466,0.000000,0.022728,0.022728,0.000000,0.018166,0.018166,0.020447,2026-04-22T19:26:46+0200
22-04-2026-host-cold-0010,cold,host,edge-node-1,edge-node-2,15.877932,15.873489,7.256020,6.975269,7.115645,19.433345,20.451699,1.018354,21.158276,21.153896,-0.004380,20.802798,0.506987,0.000000,0.022388,0.022388,0.000000,0.017964,0.017964,0.020176,2026-04-22T19:27:16+0200
22-04-2026-host-cold-0011,cold,host,edge-node-1,edge-node-2,15.535407,15.532735,6.316812,6.090055,6.203434,19.434141,20.521979,1.087837,21.148520,21.175597,0.027076,20.848788,0.557457,0.000000,0.064872,0.064872,0.000000,0.056836,0.056836,0.060854,2026-04-22T19:27:45+0200
22-04-2026-host-cold-0012,cold,host,edge-node-1,edge-node-2,15.856369,15.855929,6.984127,6.831120,6.907623,19.460422,19.691766,0.231345,21.765307,21.400372,-0.364935,20.546069,-0.066795,0.000000,0.022172,0.022172,0.000000,0.058633,0.058633,0.040403,2026-04-22T19:28:15+0200
22-04-2026-host-cold-0013,cold,host,edge-node-1,edge-node-2,15.360426,15.343401,5.737705,5.726440,5.732072,19.464403,19.845266,0.380863,21.630123,21.217207,-0.412916,20.531236,-0.016027,0.000000,0.024922,0.024922,0.000000,0.061356,0.061356,0.043139,2026-04-22T19:28:44+0200
22-04-2026-host-cold-0014,cold,host,edge-node-1,edge-node-2,15.946395,15.966743,6.494325,6.490233,6.492279,19.471173,20.257585,0.786412,21.631119,21.175199,-0.455920,20.716392,0.165246,0.000000,0.187150,0.187150,0.000000,0.052600,0.052600,0.119875,2026-04-22T19:29:13+0200
22-04-2026-host-cold-0015,cold,host,edge-node-1,edge-node-2,15.338908,15.346190,5.824607,5.772384,5.798496,19.445490,20.536313,1.090824,21.622160,21.181171,-0.440988,20.858742,0.324918,0.000000,0.022665,0.022665,0.000000,0.018327,0.018327,0.020496,2026-04-22T19:29:42+0200
22-04-2026-host-cold-0016,cold,host,edge-node-1,edge-node-2,15.551973,15.552158,6.951180,6.849758,6.900469,19.466195,20.708727,1.242532,21.162855,21.158873,-0.003982,20.933800,0.619275,0.000000,0.214251,0.214251,0.000000,0.018084,0.018084,0.116168,2026-04-22T19:30:11+0200
22-04-2026-host-cold-0017,cold,host,edge-node-1,edge-node-2,15.314494,15.308791,6.237689,5.948078,6.092883,19.455842,19.593017,0.137174,21.167633,21.183760,0.016126,20.388388,0.076650,0.000000,0.229817,0.229817,0.000000,0.018882,0.018882,0.124350,2026-04-22T19:30:40+0200
22-04-2026-host-cold-0018,cold,host,edge-node-1,edge-node-2,15.292064,15.570285,6.965495,6.561086,6.763290,19.420205,21.810700,2.390495,21.199090,21.258817,0.059728,21.534758,1.225111,0.000000,0.268471,0.268471,0.000000,0.201455,0.201455,0.234963,2026-04-22T19:31:09+0200
22-04-2026-host-cold-0019,cold,host,edge-node-1,edge-node-2,14.995067,15.009894,5.866577,5.766007,5.816292,19.475154,19.442105,-0.033049,21.264591,21.159271,-0.105320,20.300688,-0.069184,0.000000,0.232629,0.232629,0.000000,0.177227,0.177227,0.204928,2026-04-22T19:31:38+0200
22-04-2026-direct-cold-0000,cold,direct,edge-node-1,edge-node-2,13.706483,13.705143,7.525698,7.768778,7.647238,19.719440,19.453852,-0.265588,22.107545,21.190131,-0.917415,20.321991,-0.591502,0.000000,0.261623,0.261623,0.000000,0.231722,0.231722,0.246673,2026-04-22T19:32:05+0200
22-04-2026-direct-cold-0001,cold,direct,edge-node-1,edge-node-2,13.300554,13.291372,7.718502,7.698142,7.708322,19.773991,20.274508,0.500517,21.947675,21.176194,-0.771481,20.725351,-0.135482,0.000000,0.076653,0.076653,0.000000,0.034092,0.034092,0.055372,2026-04-22T19:32:33+0200
22-04-2026-direct-cold-0002,cold,direct,edge-node-1,edge-node-2,13.436834,13.452521,7.853403,7.471050,7.662226,19.436730,19.990205,0.553475,21.181371,21.205262,0.023891,20.597733,0.288683,0.000000,0.035467,0.035467,0.000000,0.087402,0.087402,0.061435,2026-04-22T19:33:00+0200
22-04-2026-direct-cold-0003,cold,direct,edge-node-1,edge-node-2,13.616022,13.618558,7.726433,7.741451,7.733942,20.346977,19.461218,-0.885759,23.349480,21.178782,-2.170697,20.320000,-1.528228,0.000000,0.035861,0.035861,0.000000,0.031265,0.031265,0.033563,2026-04-22T19:33:27+0200
22-04-2026-direct-cold-0004,cold,direct,edge-node-1,edge-node-2,13.341191,13.336577,7.628399,7.671958,7.650178,20.332045,20.158039,-0.174006,21.697815,21.232736,-0.465078,20.695388,-0.319542,0.000000,0.093402,0.093402,0.000000,0.037491,0.037491,0.065446,2026-04-22T19:33:54+0200
22-04-2026-direct-cold-0005,cold,direct,edge-node-1,edge-node-2,14.283164,14.287428,8.392102,8.433310,8.412706,19.491878,20.239468,0.747589,21.139760,21.370707,0.230946,20.805087,0.489268,0.000000,0.373035,0.373035,0.000000,0.260008,0.260008,0.316522,2026-04-22T19:34:22+0200
22-04-2026-direct-cold-0006,cold,direct,edge-node-1,edge-node-2,13.409708,13.406774,7.698085,7.596841,7.647463,19.448277,19.421200,-0.027076,22.361985,21.203072,-1.158913,20.312136,-0.592995,0.000000,0.259548,0.259548,0.000000,0.268929,0.268929,0.264239,2026-04-22T19:34:49+0200
22-04-2026-direct-cold-0007,cold,direct,edge-node-1,edge-node-2,13.558874,13.870005,8.523758,8.345428,8.434593,19.998965,21.521817,1.522853,22.017357,21.764510,-0.252847,21.643164,0.635003,0.000000,0.320362,0.320362,0.000000,0.229531,0.229531,0.274946,2026-04-22T19:35:16+0200
22-04-2026-direct-cold-0008,cold,direct,edge-node-1,edge-node-2,13.426880,13.435873,7.986502,8.014981,8.000741,19.467788,20.196464,0.728676,21.331486,21.350001,0.018516,20.773233,0.373596,0.000000,0.026474,0.026474,0.000000,0.021224,0.021224,0.023849,2026-04-22T19:35:44+0200
22-04-2026-direct-cold-0009,cold,direct,edge-node-1,edge-node-2,13.376895,13.371822,7.822490,7.680723,7.751606,19.439915,19.431354,-0.008561,21.832002,21.190330,-0.641673,20.310842,-0.325117,0.000000,0.044970,0.044970,0.000000,0.077413,0.077413,0.061192,2026-04-22T19:36:11+0200
22-04-2026-direct-cold-0010,cold,direct,edge-node-1,edge-node-2,13.376514,13.363845,7.750188,7.915567,7.832878,20.864217,19.748507,-1.115710,21.691045,21.207253,-0.483793,20.477880,-0.799752,0.000000,0.089359,0.089359,0.000000,0.021046,0.021046,0.055202,2026-04-22T19:36:38+0200
22-04-2026-direct-cold-0011,cold,direct,edge-node-1,edge-node-2,13.413901,13.411046,7.920420,7.885843,7.903132,19.447082,20.380225,0.933143,21.250854,21.174402,-0.076451,20.777314,0.428346,0.000000,0.293830,0.293830,0.000000,0.021263,0.021263,0.157546,2026-04-22T19:37:05+0200
22-04-2026-direct-cold-0012,cold,direct,edge-node-1,edge-node-2,13.869564,13.868467,8.384755,7.726433,8.055594,19.435535,19.433345,-0.002190,22.699246,21.180773,-1.518473,20.307059,-0.760331,0.000000,0.284740,0.284740,0.000000,0.285326,0.285326,0.285033,2026-04-22T19:37:33+0200
22-04-2026-direct-cold-0013,cold,direct,edge-node-1,edge-node-2,13.282179,13.306933,7.776935,7.639939,7.708437,20.192880,20.538902,0.346021,22.262439,21.178384,-1.084055,20.858643,-0.369017,0.000000,0.325271,0.325271,0.000000,0.242472,0.242472,0.283872,2026-04-22T19:38:00+0200
22-04-2026-direct-cold-0014,cold,direct,edge-node-1,edge-node-2,13.607023,13.892068,8.840580,8.744557,8.792569,19.450865,21.778447,2.327582,21.164249,21.142150,-0.022099,21.460298,1.152741,0.000000,0.263249,0.263249,0.000000,0.238727,0.238727,0.250988,2026-04-22T19:38:27+0200
22-04-2026-direct-cold-0015,cold,direct,edge-node-1,edge-node-2,13.447878,13.441976,7.709581,7.790262,7.749922,19.507208,19.471571,-0.035637,21.155688,21.193515,0.037827,20.332543,0.001095,0.000000,0.025852,0.025852,0.000000,0.045334,0.045334,0.035593,2026-04-22T19:38:54+0200
22-04-2026-direct-cold-0016,cold,direct,edge-node-1,edge-node-2,14.134673,14.125403,7.341411,8.533043,7.937227,20.482559,20.240264,-0.242295,21.842753,21.833396,-0.009357,21.036830,-0.125826,0.000000,0.082079,0.082079,0.000000,0.083792,0.083792,0.082935,2026-04-22T19:39:22+0200
22-04-2026-direct-cold-0017,cold,direct,edge-node-1,edge-node-2,13.308356,13.315515,7.951534,7.939509,7.945521,19.923310,20.608385,0.685075,21.151706,21.169624,0.017918,20.889004,0.351496,0.000000,0.026123,0.026123,0.000000,0.032856,0.032856,0.029490,2026-04-22T19:39:49+0200
22-04-2026-direct-cold-0018,cold,direct,edge-node-1,edge-node-2,13.257491,13.268364,7.736064,7.814270,7.775167,19.473163,19.463209,-0.009955,21.168231,21.179579,0.011348,20.321394,0.000697,0.000000,0.299654,0.299654,0.000000,0.021197,0.021197,0.160425,2026-04-22T19:40:16+0200
22-04-2026-direct-cold-0019,cold,direct,edge-node-1,edge-node-2,13.613568,13.612856,8.731040,7.470414,8.100727,19.427970,20.289639,0.861669,22.078677,21.156882,-0.921795,20.723260,-0.030063,0.000000,0.339735,0.339735,0.000000,0.022382,0.022382,0.181058,2026-04-22T19:40:43+0200
22-04-2026-host-precopy-0000,precopy,host,edge-node-1,edge-node-2,19.176327,19.168887,6.112277,7.986384,7.049330,19.431155,19.453453,0.022298,21.180176,21.156285,-0.023891,20.304869,-0.000796,0.000000,0.221016,0.221016,0.000000,0.033012,0.033012,0.127014,2026-04-22T19:41:16+0200
22-04-2026-host-precopy-0001,precopy,host,edge-node-1,edge-node-2,18.873061,18.878813,6.737683,4.388298,5.562990,20.266743,19.445091,-0.821652,22.074098,22.002624,-0.071474,20.723858,-0.446563,0.000000,0.189175,0.189175,0.000000,0.164288,0.164288,0.176732,2026-04-22T19:41:49+0200
22-04-2026-host-precopy-0002,precopy,host,edge-node-1,edge-node-2,19.093318,19.085936,5.927292,4.928664,5.427978,19.445091,19.923907,0.478816,22.356410,22.530814,0.174404,21.227361,0.326610,0.000000,0.216863,0.216863,0.000000,0.069382,0.069382,0.143122,2026-04-22T19:42:22+0200
22-04-2026-host-precopy-0003,precopy,host,edge-node-1,edge-node-2,18.874473,18.602702,6.111412,4.325493,5.218452,21.063508,20.530739,-0.532770,21.176592,21.188737,0.012145,20.859738,-0.260312,0.000000,0.065399,0.065399,0.000000,0.176596,0.176596,0.120997,2026-04-22T19:42:55+0200
22-04-2026-host-precopy-0004,precopy,host,edge-node-1,edge-node-2,19.169382,19.170043,5.979544,5.006553,5.493048,19.446087,19.829936,0.383849,21.183760,21.259614,0.075854,20.544775,0.229851,0.000000,0.237806,0.237806,0.000000,0.146306,0.146306,0.192056,2026-04-22T19:43:27+0200
22-04-2026-host-precopy-0005,precopy,host,edge-node-1,edge-node-2,18.628429,18.630491,6.293895,4.265659,5.279777,19.449870,19.471173,0.021303,21.738230,21.167434,-0.570796,20.319303,-0.274747,0.000000,0.029986,0.029986,0.000000,0.209879,0.209879,0.119933,2026-04-22T19:44:00+0200
22-04-2026-host-precopy-0006,precopy,host,edge-node-1,edge-node-2,19.299935,19.316696,5.983351,4.918033,5.450692,20.379429,19.967906,-0.411523,21.838772,21.239704,-0.599067,20.603805,-0.505295,0.000000,0.118402,0.118402,0.000000,0.153688,0.153688,0.136045,2026-04-22T19:44:33+0200
22-04-2026-host-precopy-0007,precopy,host,edge-node-1,edge-node-2,18.776387,18.791154,6.047632,4.274646,5.161139,19.566737,20.155252,0.588515,21.911241,21.766501,-0.144740,20.960876,0.221888,0.000000,0.055963,0.055963,0.000000,0.196028,0.196028,0.125995,2026-04-22T19:45:05+0200
22-04-2026-host-precopy-0008,precopy,host,edge-node-1,edge-node-2,19.140943,19.423691,6.785807,4.857881,5.821844,20.250617,20.964161,0.713545,21.184954,21.208845,0.023891,21.086503,0.368718,0.000000,0.073060,0.073060,0.000000,0.039015,0.039015,0.056037,2026-04-22T19:45:38+0200
22-04-2026-host-precopy-0009,precopy,host,edge-node-1,edge-node-2,18.548880,18.551996,6.048278,4.438430,5.243354,19.460023,20.097714,0.637691,21.167235,21.186547,0.019312,20.642131,0.328501,0.000000,0.063388,0.063388,0.000000,0.053271,0.053271,0.058330,2026-04-22T19:46:10+0200
22-04-2026-host-precopy-0010,precopy,host,edge-node-1,edge-node-2,19.152655,19.453583,6.771776,4.908292,5.840034,19.437725,20.949230,1.511505,21.161461,21.225967,0.064506,21.087598,0.788005,0.000000,0.054048,0.054048,0.000000,0.197787,0.197787,0.125917,2026-04-22T19:46:43+0200
22-04-2026-host-precopy-0011,precopy,host,edge-node-1,edge-node-2,18.589519,18.613909,6.140114,4.158790,5.149452,20.193876,19.433146,-0.760730,21.657996,21.196701,-0.461296,20.314923,-0.611013,0.000000,0.072916,0.072916,0.000000,0.199993,0.199993,0.136455,2026-04-22T19:47:15+0200
22-04-2026-host-precopy-0012,precopy,host,edge-node-1,edge-node-2,19.389314,19.675517,6.513410,4.872449,5.692929,20.113243,21.655607,1.542364,21.707371,21.193316,-0.514055,21.424462,0.514154,0.000000,0.063864,0.063864,0.000000,0.191386,0.191386,0.127625,2026-04-22T19:47:49+0200
22-04-2026-host-precopy-0013,precopy,host,edge-node-1,edge-node-2,18.816135,18.825059,6.091371,4.323459,5.207415,19.814805,20.220156,0.405351,21.176991,21.197497,0.020506,20.708826,0.212929,0.000000,0.028441,0.028441,0.000000,0.197958,0.197958,0.113199,2026-04-22T19:48:21+0200
22-04-2026-host-precopy-0014,precopy,host,edge-node-1,edge-node-2,19.362463,19.632532,6.582992,4.943648,5.763320,19.564347,20.874172,1.309825,21.179778,21.175597,-0.004181,21.024884,0.652822,0.000000,0.059514,0.059514,0.000000,0.245129,0.245129,0.152322,2026-04-22T19:48:54+0200
22-04-2026-host-precopy-0015,precopy,host,edge-node-1,edge-node-2,18.568420,18.558866,6.046638,4.383117,5.214877,19.991399,19.662898,-0.328501,21.216212,21.172212,-0.043999,20.417555,-0.186250,0.000000,0.265698,0.265698,0.000000,0.169225,0.169225,0.217462,2026-04-22T19:49:26+0200
22-04-2026-host-precopy-0016,precopy,host,edge-node-1,edge-node-2,19.140089,19.420558,6.601087,4.816157,5.708622,20.149279,20.882534,0.733255,21.584930,21.939512,0.354582,21.411023,0.543919,0.000000,0.037144,0.037144,0.000000,0.195508,0.195508,0.116326,2026-04-22T19:49:59+0200
22-04-2026-host-precopy-0017,precopy,host,edge-node-1,edge-node-2,18.523161,18.519183,6.134636,4.470333,5.302485,19.453652,20.350561,0.896908,21.772076,21.514849,-0.257227,20.932705,0.319841,0.000000,0.043653,0.043653,0.000000,0.179080,0.179080,0.111366,2026-04-22T19:50:31+0200
22-04-2026-host-precopy-0018,precopy,host,edge-node-1,edge-node-2,19.201700,19.468243,6.838710,4.957397,5.898054,19.434540,21.725488,2.290949,21.171615,21.160466,-0.011149,21.442977,1.139900,0.000000,0.036414,0.036414,0.000000,0.204460,0.204460,0.120437,2026-04-22T19:51:04+0200
22-04-2026-host-precopy-0019,precopy,host,edge-node-1,edge-node-2,18.508089,18.501287,6.166802,4.241436,5.204119,19.461019,19.864777,0.403758,21.156683,21.212031,0.055348,20.538404,0.229553,0.000000,0.028915,0.028915,0.000000,0.186009,0.186009,0.107462,2026-04-22T19:51:36+0200
22-04-2026-direct-precopy-0000,precopy,direct,edge-node-1,edge-node-2,17.199058,17.476228,8.031088,6.276994,7.154041,19.463607,20.846299,1.382692,21.173009,21.174801,0.001792,21.010550,0.692242,0.000000,0.032024,0.032024,0.000000,0.234247,0.234247,0.133135,2026-04-22T19:52:07+0200
22-04-2026-direct-precopy-0001,precopy,direct,edge-node-1,edge-node-2,17.461539,17.466011,7.321995,5.579523,6.450759,19.477344,19.430757,-0.046587,21.178185,21.255433,0.077248,20.343095,0.015330,0.000000,0.031319,0.031319,0.000000,0.211795,0.211795,0.121557,2026-04-22T19:52:38+0200
22-04-2026-direct-precopy-0002,precopy,direct,edge-node-1,edge-node-2,17.345390,17.632714,8.085714,6.109049,7.097382,20.124791,20.900054,0.775263,21.661580,21.170819,-0.490761,21.035436,0.142251,0.000000,0.068237,0.068237,0.000000,0.229953,0.229953,0.149095,2026-04-22T19:53:10+0200
22-04-2026-direct-precopy-0003,precopy,direct,edge-node-1,edge-node-2,16.923740,16.917551,7.367796,5.619982,6.493889,20.238671,19.444892,-0.793779,21.790193,21.180574,-0.609619,20.312733,-0.701699,0.000000,0.062782,0.062782,0.000000,0.175253,0.175253,0.119017,2026-04-22T19:53:40+0200
22-04-2026-direct-precopy-0004,precopy,direct,edge-node-1,edge-node-2,17.182980,17.472490,8.026467,6.109510,7.067989,20.025046,20.987654,0.962609,21.778248,21.210239,-0.568009,21.098947,0.197300,0.000000,0.066836,0.066836,0.000000,0.006483,0.006483,0.036660,2026-04-22T19:54:11+0200
22-04-2026-direct-precopy-0005,precopy,direct,edge-node-1,edge-node-2,16.910337,16.901665,7.412921,5.300774,6.356847,20.235088,19.513380,-0.721708,21.820455,21.222981,-0.597474,20.368180,-0.659591,0.000000,0.042273,0.042273,0.000000,0.026116,0.026116,0.034194,2026-04-22T19:54:41+0200
22-04-2026-direct-precopy-0006,precopy,direct,edge-node-1,edge-node-2,17.244880,17.509777,8.110440,6.036217,7.073329,20.533128,20.906425,0.373297,21.793180,21.155688,-0.637492,21.031056,-0.132097,0.000000,0.071353,0.071353,0.000000,0.044172,0.044172,0.057762,2026-04-22T19:55:12+0200
22-04-2026-direct-precopy-0007,precopy,direct,edge-node-1,edge-node-2,16.959455,16.949775,7.301870,5.604982,6.453426,20.225531,19.440512,-0.785019,22.272393,21.174601,-1.097792,20.307557,-0.941405,0.000000,0.061958,0.061958,0.000000,0.037104,0.037104,0.049531,2026-04-22T19:55:43+0200
22-04-2026-direct-precopy-0008,precopy,direct,edge-node-1,edge-node-2,17.591207,17.873281,7.794035,10.366197,9.080116,20.484749,20.965157,0.480408,21.634702,21.183561,-0.451142,21.074359,0.014633,0.000000,0.068394,0.068394,0.000000,0.055294,0.055294,0.061844,2026-04-22T19:56:14+0200
22-04-2026-direct-precopy-0009,precopy,direct,edge-node-1,edge-node-2,16.928213,16.927919,7.429421,5.522565,6.475993,20.148881,19.463607,-0.685274,22.547737,21.283306,-1.264432,20.373456,-0.974853,0.000000,0.062996,0.062996,0.000000,0.036690,0.036690,0.049843,2026-04-22T19:56:45+0200
22-04-2026-direct-precopy-0010,precopy,direct,edge-node-1,edge-node-2,17.469105,17.757589,8.167896,6.115515,7.141705,19.703712,21.430434,1.726723,21.856292,21.208049,-0.648243,21.319242,0.539240,0.000000,0.066188,0.066188,0.000000,0.058954,0.058954,0.062571,2026-04-22T19:57:16+0200
22-04-2026-direct-precopy-0011,precopy,direct,edge-node-1,edge-node-2,16.985832,16.993963,7.525926,5.476613,6.501270,19.669667,19.955364,0.285697,21.493347,21.193515,-0.299832,20.574439,-0.007068,0.000000,0.068761,0.068761,0.000000,0.034709,0.034709,0.051735,2026-04-22T19:57:47+0200
22-04-2026-direct-precopy-0012,precopy,direct,edge-node-1,edge-node-2,17.212986,17.509522,8.165612,6.171068,7.168340,19.542248,21.420082,1.877833,21.341241,21.165642,-0.175599,21.292862,0.851117,0.000000,0.088505,0.088505,0.000000,0.036587,0.036587,0.062546,2026-04-22T19:58:18+0200
22-04-2026-direct-precopy-0013,precopy,direct,edge-node-1,edge-node-2,16.882901,16.874756,7.657926,5.454545,6.556236,19.456241,19.849447,0.393206,22.211471,21.197895,-1.013576,20.523671,-0.310185,0.000000,0.078204,0.078204,0.000000,0.038426,0.038426,0.058315,2026-04-22T19:58:48+0200
22-04-2026-direct-precopy-0014,precopy,direct,edge-node-1,edge-node-2,17.264394,17.529329,8.187302,6.165759,7.176531,19.457634,21.173009,1.715374,22.323560,21.194710,-1.128850,21.183859,0.293262,0.000000,0.255901,0.255901,0.000000,0.041894,0.041894,0.148897,2026-04-22T19:59:19+0200
22-04-2026-direct-precopy-0015,precopy,direct,edge-node-1,edge-node-2,17.061716,17.063215,7.594563,5.506478,6.550520,19.696544,20.471409,0.774865,22.085446,21.255234,-0.830213,20.863322,-0.027674,0.000000,0.063877,0.063877,0.000000,0.035713,0.035713,0.049795,2026-04-22T19:59:50+0200
22-04-2026-direct-precopy-0016,precopy,direct,edge-node-1,edge-node-2,17.161702,17.440711,8.167388,6.118326,7.142857,19.449870,21.617780,2.167910,21.578559,21.207253,-0.371306,21.412516,0.898302,0.000000,0.032776,0.032776,0.000000,0.037404,0.037404,0.035090,2026-04-22T20:00:21+0200
22-04-2026-direct-precopy-0017,precopy,direct,edge-node-1,edge-node-2,16.977656,16.986340,7.496296,5.504587,6.500442,19.482720,20.564783,1.082064,21.532568,21.184755,-0.347813,20.874769,0.367125,0.000000,0.031751,0.031751,0.000000,0.037714,0.037714,0.034733,2026-04-22T20:00:51+0200
22-04-2026-direct-precopy-0018,precopy,direct,edge-node-1,edge-node-2,17.186349,17.431049,8.249207,6.118326,7.183766,19.469381,20.807874,1.338494,22.076885,21.184158,-0.892727,20.996016,0.222883,0.000000,0.032048,0.032048,0.000000,0.036976,0.036976,0.034512,2026-04-22T20:01:22+0200
22-04-2026-direct-precopy-0019,precopy,direct,edge-node-1,edge-node-2,16.897484,16.891933,7.582090,5.424739,6.503414,19.650952,19.878116,0.227164,22.246511,21.177389,-1.069123,20.527752,-0.420979,0.000000,0.094781,0.094781,0.000000,0.040469,0.040469,0.067625,2026-04-22T20:01:52+0200
22-04-2026-host-postcopy-0000,postcopy,host,edge-node-1,edge-node-2,18.904084,18.907906,7.430093,6.521161,6.975627,19.452856,20.315919,0.863063,21.607029,21.162855,-0.444174,20.739387,0.209445,0.000000,0.057445,0.057445,0.000000,0.045864,0.045864,0.051654,2026-04-22T20:02:25+0200
22-04-2026-host-postcopy-0001,postcopy,host,edge-node-1,edge-node-2,17.986486,17.984515,7.270694,6.202850,6.736772,19.446087,19.512982,0.066895,22.103364,21.777849,-0.325515,20.645416,-0.129310,0.000000,0.030839,0.030839,0.000000,0.046481,0.046481,0.038660,2026-04-22T20:02:56+0200
22-04-2026-host-postcopy-0002,postcopy,host,edge-node-1,edge-node-2,18.860727,18.875040,7.606085,6.608047,7.107066,19.442304,20.768056,1.325752,21.613798,21.210836,-0.402962,20.989446,0.461395,0.000000,0.027753,0.027753,0.000000,0.061672,0.061672,0.044712,2026-04-22T20:03:29+0200
22-04-2026-host-postcopy-0003,postcopy,host,edge-node-1,edge-node-2,18.163464,18.177065,7.176503,6.227512,6.702007,19.476747,20.051127,0.574380,21.191126,21.176991,-0.014136,20.614059,0.280122,0.000000,0.023872,0.023872,0.000000,0.177292,0.177292,0.100582,2026-04-22T20:04:00+0200
22-04-2026-host-postcopy-0004,postcopy,host,edge-node-1,edge-node-2,19.027477,19.028221,7.643481,6.576862,7.110171,19.435535,20.267340,0.831805,21.199090,21.192122,-0.006968,20.729731,0.412419,0.000000,0.043112,0.043112,0.000000,0.058712,0.058712,0.050912,2026-04-22T20:04:33+0200
22-04-2026-host-postcopy-0005,postcopy,host,edge-node-1,edge-node-2,18.076852,18.175931,6.956038,6.137683,6.546861,20.437564,19.466394,-0.971170,21.197895,21.199090,0.001195,20.332742,-0.484987,0.000000,0.024850,0.024850,0.000000,0.031377,0.031377,0.028114,2026-04-22T20:05:05+0200
22-04-2026-host-postcopy-0006,postcopy,host,edge-node-1,edge-node-2,18.980757,18.958693,7.686191,5.896607,6.791399,19.482123,20.431193,0.949070,22.699445,21.241496,-1.457949,20.836345,-0.254439,0.000000,0.023050,0.023050,0.000000,0.031318,0.031318,0.027184,2026-04-22T20:05:37+0200
22-04-2026-host-postcopy-0007,postcopy,host,edge-node-1,edge-node-2,18.052039,18.059036,7.218506,5.956026,6.587266,19.457634,19.444295,-0.013339,21.803532,21.153100,-0.650433,20.298697,-0.331886,0.000000,0.251876,0.251876,0.000000,0.032013,0.032013,0.141945,2026-04-22T20:06:09+0200
22-04-2026-host-postcopy-0008,postcopy,host,edge-node-1,edge-node-2,19.070733,19.067714,7.706519,5.835118,6.770818,19.623876,20.689017,1.065141,23.088470,22.376120,-0.712350,21.532568,0.176395,0.000000,0.209336,0.209336,0.000000,0.200150,0.200150,0.204743,2026-04-22T20:06:41+0200
22-04-2026-host-postcopy-0009,postcopy,host,edge-node-1,edge-node-2,18.026400,18.023554,7.336123,6.192469,6.764296,19.473562,19.487100,0.013538,21.171217,21.197696,0.026479,20.342398,0.020009,0.000000,0.020153,0.020153,0.000000,0.235369,0.235369,0.127761,2026-04-22T20:07:13+0200
22-04-2026-host-postcopy-0010,postcopy,host,edge-node-1,edge-node-2,18.860334,18.858715,7.784591,6.044999,6.914795,19.445291,20.134546,0.689256,22.545746,21.200682,-1.345064,20.667614,-0.327904,0.000000,0.241496,0.241496,0.000000,0.196361,0.196361,0.218929,2026-04-22T20:07:45+0200
22-04-2026-host-postcopy-0011,postcopy,host,edge-node-1,edge-node-2,18.039639,18.041235,6.947545,6.295265,6.621405,20.232499,19.453453,-0.779046,21.184556,21.174004,-0.010552,20.313729,-0.394799,0.000000,0.220218,0.220218,0.000000,0.200279,0.200279,0.210249,2026-04-22T20:08:17+0200
22-04-2026-host-postcopy-0012,postcopy,host,edge-node-1,edge-node-2,18.975121,18.986779,7.716786,5.890264,6.803525,20.094728,20.351556,0.256828,22.512100,21.216212,-1.295888,20.783884,-0.519530,0.000000,0.256504,0.256504,0.000000,0.200798,0.200798,0.228651,2026-04-22T20:08:49+0200
22-04-2026-host-postcopy-0013,postcopy,host,edge-node-1,edge-node-2,18.117420,18.112180,7.281823,5.944444,6.613134,19.509398,19.434739,-0.074659,21.648440,21.219198,-0.429242,20.326968,-0.251951,0.000000,0.419141,0.419141,0.000000,0.171242,0.171242,0.295191,2026-04-22T20:09:21+0200
22-04-2026-host-postcopy-0014,postcopy,host,edge-node-1,edge-node-2,19.141944,19.137218,7.603262,6.021849,6.812556,19.463010,20.254997,0.791987,22.937360,22.223815,-0.713545,21.239406,0.039221,0.000000,0.058976,0.058976,0.000000,0.174317,0.174317,0.116646,2026-04-22T20:09:54+0200
22-04-2026-host-postcopy-0015,postcopy,host,edge-node-1,edge-node-2,18.247403,18.241153,7.038366,6.068966,6.553666,19.466792,19.477543,0.010751,21.861667,21.194511,-0.667156,20.336027,-0.328203,0.000000,0.298630,0.298630,0.000000,0.203866,0.203866,0.251248,2026-04-22T20:10:26+0200
22-04-2026-host-postcopy-0016,postcopy,host,edge-node-1,edge-node-2,18.888475,18.895516,7.559223,5.998379,6.778801,19.475353,20.321493,0.846140,22.526633,21.220990,-1.305644,20.771242,-0.229752,0.000207,0.248167,0.248374,0.000000,0.220993,0.220993,0.234684,2026-04-22T20:10:58+0200
22-04-2026-host-postcopy-0017,postcopy,host,edge-node-1,edge-node-2,18.087614,18.101912,11.200667,6.194444,8.697556,20.681849,19.591026,-1.090824,21.210040,21.193913,-0.016126,20.392470,-0.553475,0.000000,0.026347,0.026347,0.000000,0.236077,0.236077,0.131212,2026-04-22T20:11:30+0200
22-04-2026-host-postcopy-0018,postcopy,host,edge-node-1,edge-node-2,19.203563,19.188348,7.651992,5.987055,6.819523,20.019869,20.030819,0.010950,22.511303,21.185751,-1.325553,20.608285,-0.657301,0.000000,0.022579,0.022579,0.000000,0.056186,0.056186,0.039383,2026-04-22T20:12:03+0200
22-04-2026-host-postcopy-0019,postcopy,host,edge-node-1,edge-node-2,18.128578,18.132107,7.214206,5.970564,6.592385,19.458032,19.433544,-0.024488,22.207888,21.197895,-1.009992,20.315720,-0.517240,0.000000,0.025641,0.025641,0.000000,0.238053,0.238053,0.131847,2026-04-22T20:12:34+0200
22-04-2026-direct-postcopy-0000,postcopy,direct,edge-node-1,edge-node-2,16.982226,16.981942,9.314743,7.353828,8.334286,19.685395,20.189894,0.504498,23.090660,21.220592,-1.870069,20.705243,-0.682785,0.000000,0.025762,0.025762,0.000000,0.278329,0.278329,0.152045,2026-04-22T20:13:05+0200
22-04-2026-direct-postcopy-0001,postcopy,direct,edge-node-1,edge-node-2,16.416307,16.438134,8.745014,7.510730,8.127872,19.493471,19.449671,-0.043800,21.877395,21.183760,-0.693636,20.316715,-0.368718,0.000000,0.034741,0.034741,0.000000,0.072478,0.072478,0.053609,2026-04-22T20:13:35+0200
22-04-2026-direct-postcopy-0002,postcopy,direct,edge-node-1,edge-node-2,17.148988,17.149777,9.277745,7.547733,8.412739,19.449472,20.623117,1.173646,23.048851,21.191723,-1.857128,20.907420,-0.341741,0.000000,0.025967,0.025967,0.000000,0.169463,0.169463,0.097715,2026-04-22T20:14:05+0200
22-04-2026-direct-postcopy-0003,postcopy,direct,edge-node-1,edge-node-2,16.564685,16.563412,8.825320,7.496206,8.160763,19.466195,19.461815,-0.004380,22.317587,21.217207,-1.100380,20.339511,-0.552380,0.000000,0.137953,0.137953,0.000000,0.028772,0.028772,0.083363,2026-04-22T20:14:36+0200
22-04-2026-direct-postcopy-0004,postcopy,direct,edge-node-1,edge-node-2,17.081958,17.068297,9.445100,7.322929,8.384015,19.500240,20.746952,1.246712,23.020182,21.150113,-1.870069,20.948533,-0.311678,0.000000,0.026984,0.026984,0.000000,0.029065,0.029065,0.028025,2026-04-22T20:15:06+0200
22-04-2026-direct-postcopy-0005,postcopy,direct,edge-node-1,edge-node-2,16.576461,16.564416,8.761789,7.659574,8.210682,19.875727,20.009118,0.133391,22.225010,21.215415,-1.009594,20.612267,-0.438101,0.000000,0.300926,0.300926,0.000000,0.076642,0.076642,0.188784,2026-04-22T20:15:36+0200
22-04-2026-direct-postcopy-0006,postcopy,direct,edge-node-1,edge-node-2,16.962690,16.958565,9.220702,7.429780,8.325241,19.434938,20.242056,0.807118,23.191401,21.190728,-2.000673,20.716392,-0.596778,0.000000,0.271045,0.271045,0.000000,0.072097,0.072097,0.171571,2026-04-22T20:16:07+0200
22-04-2026-direct-postcopy-0007,postcopy,direct,edge-node-1,edge-node-2,16.434711,16.429966,8.706315,7.602698,8.154506,19.555388,20.091144,0.535756,21.746393,21.195506,-0.550887,20.643325,-0.007565,0.000000,0.333231,0.333231,0.000000,0.079171,0.079171,0.206201,2026-04-22T20:16:37+0200
22-04-2026-direct-postcopy-0008,postcopy,direct,edge-node-1,edge-node-2,17.090842,17.098269,9.337261,7.897098,8.617180,19.453852,20.030620,0.576769,22.449386,21.185751,-1.263635,20.608185,-0.343433,0.000000,0.321581,0.321581,0.000000,0.071736,0.071736,0.196659,2026-04-22T20:17:08+0200
22-04-2026-direct-postcopy-0009,postcopy,direct,edge-node-1,edge-node-2,16.401115,16.410811,8.892978,7.609696,8.251337,19.464005,19.883890,0.419884,21.202872,21.178583,-0.024289,20.531236,0.197798,0.000000,0.324387,0.324387,0.000000,0.070457,0.070457,0.197422,2026-04-22T20:17:38+0200
22-04-2026-direct-postcopy-0010,postcopy,direct,edge-node-1,edge-node-2,16.998054,17.003892,9.306461,7.469880,8.388170,19.735367,20.732021,0.996653,22.486019,21.180574,-1.305445,20.956297,-0.154396,0.000000,0.030564,0.030564,0.000000,0.079256,0.079256,0.054910,2026-04-22T20:18:08+0200
22-04-2026-direct-postcopy-0011,postcopy,direct,edge-node-1,edge-node-2,16.380542,16.372857,8.553846,7.654473,8.104159,19.600980,19.457037,-0.143943,21.223578,21.221189,-0.002389,20.339113,-0.073166,0.000000,0.338864,0.338864,0.000000,0.074199,0.074199,0.206531,2026-04-22T20:18:38+0200
22-04-2026-direct-postcopy-0012,postcopy,direct,edge-node-1,edge-node-2,17.457864,17.458404,8.910035,7.403055,8.156545,19.782353,20.551245,0.768892,22.527828,21.176194,-1.351634,20.863720,-0.291371,0.000000,0.310345,0.310345,0.000000,0.112321,0.112321,0.211333,2026-04-22T20:19:09+0200
22-04-2026-direct-postcopy-0013,postcopy,direct,edge-node-1,edge-node-2,16.750545,16.760955,8.265705,7.481971,7.873838,19.565343,19.452060,-0.113283,21.235723,21.206854,-0.028868,20.329457,-0.071076,0.000000,0.101443,0.101443,0.000000,0.272443,0.272443,0.186943,2026-04-22T20:19:39+0200
22-04-2026-direct-postcopy-0014,postcopy,direct,edge-node-1,edge-node-2,17.103597,17.104089,9.292035,7.621040,8.456538,19.614519,20.444333,0.829814,22.568642,21.202474,-1.366168,20.823404,-0.268177,0.000000,0.319286,0.319286,0.000000,0.036084,0.036084,0.177685,2026-04-22T20:20:10+0200
22-04-2026-direct-postcopy-0015,postcopy,direct,edge-node-1,edge-node-2,16.550654,16.541022,8.673159,7.704019,8.188589,19.759258,19.500041,-0.259217,21.183162,21.199289,0.016126,20.349665,-0.121546,0.000000,0.287706,0.287706,0.000000,0.310308,0.310308,0.299007,2026-04-22T20:20:40+0200
22-04-2026-direct-postcopy-0016,postcopy,direct,edge-node-1,edge-node-2,17.073978,17.074664,9.176748,7.489515,8.333131,20.002349,20.446722,0.444373,22.573221,21.342436,-1.230785,20.894579,-0.393206,0.000000,0.269507,0.269507,0.000000,0.274987,0.274987,0.272247,2026-04-22T20:21:11+0200
22-04-2026-direct-postcopy-0017,postcopy,direct,edge-node-1,edge-node-2,16.481051,16.487182,8.498930,7.826353,8.162641,19.908179,19.438721,-0.469458,21.191325,21.218203,0.026877,20.328462,-0.221290,0.000000,0.284418,0.284418,0.000000,0.290235,0.290235,0.287326,2026-04-22T20:21:41+0200
22-04-2026-direct-postcopy-0018,postcopy,direct,edge-node-1,edge-node-2,17.094114,17.095324,8.964907,7.731495,8.348201,20.578720,20.662737,0.084017,22.556696,21.137570,-1.419126,20.900153,-0.667555,0.000000,0.321291,0.321291,0.000000,0.280367,0.280367,0.300829,2026-04-22T20:22:11+0200
22-04-2026-direct-postcopy-0019,postcopy,direct,edge-node-1,edge-node-2,16.422355,16.420077,8.468855,7.862408,8.165632,20.509834,19.500041,-1.009793,21.161661,21.171018,0.009357,20.335529,-0.500218,0.000000,0.347278,0.347278,0.000000,0.251931,0.251931,0.299604,2026-04-22T20:22:41+0200
22-04-2026-host-cold-0021,cold,host,edge-node-1,edge-node-2,15.844301,15.820216,5.661578,6.494747,6.078162,20.018277,20.100103,0.081827,21.150312,21.581147,0.430835,20.840625,0.256331,0.000000,0.019230,0.019230,0.000000,0.163458,0.163458,0.091344,2026-04-22T21:47:36+0200
22-04-2026-direct-cold-0021,cold,direct,edge-node-1,edge-node-2,13.861769,13.837590,7.957849,8.397225,8.177537,20.755115,19.837900,-0.917216,21.189334,21.303613,0.114279,20.570756,-0.401469,0.000000,0.024798,0.024798,0.000000,0.020325,0.020325,0.022562,2026-04-22T21:48:04+0200
22-04-2026-host-precopy-0021,precopy,host,edge-node-1,edge-node-2,17.322172,17.338661,6.589260,5.486212,6.037736,19.429164,20.498685,1.069521,21.342436,21.970172,0.627736,21.234429,0.848629,0.000000,0.061338,0.061338,0.000000,0.051817,0.051817,0.056577,2026-04-22T21:48:36+0200
22-04-2026-direct-precopy-0021,precopy,direct,edge-node-1,edge-node-2,14.734089,14.694386,8.247775,7.218611,7.733193,19.458431,20.522974,1.064544,21.183959,21.593490,0.409532,21.058232,0.737038,0.000000,0.031284,0.031284,0.000000,0.004253,0.004253,0.017769,2026-04-22T21:49:05+0200
22-04-2026-host-postcopy-0021,postcopy,host,edge-node-1,edge-node-2,19.812941,19.804394,7.592687,7.092018,7.342352,19.507606,19.497652,-0.009955,21.195108,21.198692,0.003584,20.348172,-0.003185,0.000000,0.022673,0.022673,0.000000,0.037476,0.037476,0.030074,2026-04-22T21:49:39+0200
22-04-2026-direct-postcopy-0021,postcopy,direct,edge-node-1,edge-node-2,18.383027,18.408595,10.145325,8.797417,9.471371,20.048539,20.414867,0.366329,21.193714,22.607266,1.413551,21.511067,0.889940,0.000000,0.242029,0.242029,0.000000,0.028434,0.028434,0.135232,2026-04-22T21:50:13+0200
