run_id,technology,migration_method,network_migration,checkpoint_ms,archive_bytes,transfer_ms,restore_ms,downtime_ms,bandwidth_mbps,src_arch,dst_arch,same_arch,success,notes,timestamp,profile_name,predump_ms,final_dump_ms,total_ms,lazy_pages_active_ms,lazy_pages_log_bytes,archive_create_ms,transfer_setup_ms,transfer_send_ms,transfer_receive_ms,transfer_cleanup_ms,unpack_ms
12-04-2026-host-cold-0002,CRIU,cold,yes,340,27344,5803,328,6471,0.04,x86_64,x86_64,True,True,transfer_mode=host;workload=tcp-client;relay_node=edge-host-1,2026-04-12T23:01:29.401921,,,,,,,,,,,,
12-04-2026-host-cold-0003,CRIU,cold,yes,330,27484,6338,327,6995,0.03,x86_64,x86_64,True,True,transfer_mode=host;workload=tcp-client;relay_node=edge-host-1,2026-04-12T23:02:15.706535,,,,,,,,,,,,
12-04-2026-host-cold-0004,CRIU,cold,yes,327,27426,5660,310,6297,0.04,x86_64,x86_64,True,True,transfer_mode=host;workload=tcp-client;relay_node=edge-host-1,2026-04-12T23:03:01.382053,,,,,,,,,,,,
12-04-2026-host-cold-0005,CRIU,cold,yes,332,27448,5639,311,6282,0.04,x86_64,x86_64,True,True,transfer_mode=host;workload=tcp-client;relay_node=edge-host-1,2026-04-12T23:03:47.397046,,,,,,,,,,,,
12-04-2026-host-cold-0006,CRIU,cold,yes,319,27456,5629,317,6265,0.04,x86_64,x86_64,True,True,transfer_mode=host;workload=tcp-client;relay_node=edge-host-1,2026-04-12T23:04:33.479211,,,,,,,,,,,,
12-04-2026-host-cold-0007,CRIU,cold,yes,332,27255,5655,324,6311,0.04,x86_64,x86_64,True,True,transfer_mode=host;workload=tcp-client;relay_node=edge-host-1,2026-04-12T23:05:19.436410,,,,,,,,,,,,
12-04-2026-host-cold-0008,CRIU,cold,yes,331,27256,5590,319,6240,0.04,x86_64,x86_64,True,True,transfer_mode=host;workload=tcp-client;relay_node=edge-host-1,2026-04-12T23:06:04.880154,,,,,,,,,,,,
12-04-2026-host-cold-0009,CRIU,cold,yes,342,27297,5678,319,6339,0.04,x86_64,x86_64,True,True,transfer_mode=host;workload=tcp-client;relay_node=edge-host-1,2026-04-12T23:06:51.315490,,,,,,,,,,,,
12-04-2026-host-cold-0010,CRIU,cold,yes,337,27595,5832,315,6484,0.04,x86_64,x86_64,True,True,transfer_mode=host;workload=tcp-client;relay_node=edge-host-1,2026-04-12T23:07:37.511908,,,,,,,,,,,,
12-04-2026-host-cold-0011,CRIU,cold,yes,333,27389,6014,326,6673,0.04,x86_64,x86_64,True,True,transfer_mode=host;workload=tcp-client;relay_node=edge-host-1,2026-04-12T23:08:23.339069,,,,,,,,,,,,
12-04-2026-host-cold-0012,CRIU,cold,yes,329,27389,5627,309,6265,0.04,x86_64,x86_64,True,True,transfer_mode=host;workload=tcp-client;relay_node=edge-host-1,2026-04-12T23:09:08.739516,,,,,,,,,,,,
12-04-2026-host-cold-0013,CRIU,cold,yes,323,27478,5641,324,6288,0.04,x86_64,x86_64,True,True,transfer_mode=host;workload=tcp-client;relay_node=edge-host-1,2026-04-12T23:09:54.693443,,,,,,,,,,,,
12-04-2026-host-cold-0014,CRIU,cold,yes,334,27460,5743,320,6397,0.04,x86_64,x86_64,True,True,transfer_mode=host;workload=tcp-client;relay_node=edge-host-1,2026-04-12T23:10:40.819704,,,,,,,,,,,,
12-04-2026-host-cold-0015,CRIU,cold,yes,327,27656,5944,320,6591,0.04,x86_64,x86_64,True,True,transfer_mode=host;workload=tcp-client;relay_node=edge-host-1,2026-04-12T23:11:26.602955,,,,,,,,,,,,
12-04-2026-host-cold-0016,CRIU,cold,yes,334,27592,5654,339,6327,0.04,x86_64,x86_64,True,True,transfer_mode=host;workload=tcp-client;relay_node=edge-host-1,2026-04-12T23:12:12.074307,,,,,,,,,,,,
12-04-2026-host-cold-0017,CRIU,cold,yes,323,27422,5676,318,6317,0.04,x86_64,x86_64,True,True,transfer_mode=host;workload=tcp-client;relay_node=edge-host-1,2026-04-12T23:12:58.312688,,,,,,,,,,,,
12-04-2026-host-cold-0018,CRIU,cold,yes,317,27478,5641,326,6284,0.04,x86_64,x86_64,True,True,transfer_mode=host;workload=tcp-client;relay_node=edge-host-1,2026-04-12T23:13:43.944109,,,,,,,,,,,,
12-04-2026-host-cold-0019,CRIU,cold,yes,329,27371,5676,299,6304,0.04,x86_64,x86_64,True,True,transfer_mode=host;workload=tcp-client;relay_node=edge-host-1,2026-04-12T23:14:29.945590,,,,,,,,,,,,
12-04-2026-host-cold-0020,CRIU,cold,yes,332,27414,5759,321,6412,0.04,x86_64,x86_64,True,True,transfer_mode=host;workload=tcp-client;relay_node=edge-host-1,2026-04-12T23:15:15.500469,,,,,,,,,,,,
12-04-2026-host-cold-0021,CRIU,cold,yes,322,27363,5807,312,6441,0.04,x86_64,x86_64,True,True,transfer_mode=host;workload=tcp-client;relay_node=edge-host-1,2026-04-12T23:16:02.202692,,,,,,,,,,,,
12-04-2026-host-cold-0022,CRIU,cold,yes,341,27490,5734,315,6390,0.04,x86_64,x86_64,True,True,transfer_mode=host;workload=tcp-client;relay_node=edge-host-1,2026-04-12T23:16:48.678712,,,,,,,,,,,,
12-04-2026-host-cold-0023,CRIU,cold,yes,333,27500,5994,319,6646,0.04,x86_64,x86_64,True,True,transfer_mode=host;workload=tcp-client;relay_node=edge-host-1,2026-04-12T23:17:36.866903,,,,,,,,,,,,
12-04-2026-host-cold-0024,CRIU,cold,yes,366,27638,5777,321,6464,0.04,x86_64,x86_64,True,True,transfer_mode=host;workload=tcp-client;relay_node=edge-host-1,2026-04-12T23:18:23.673357,,,,,,,,,,,,
12-04-2026-host-cold-0025,CRIU,cold,yes,336,27465,6075,340,6751,0.04,x86_64,x86_64,True,True,transfer_mode=host;workload=tcp-client;relay_node=edge-host-1,2026-04-12T23:19:11.450893,,,,,,,,,,,,
12-04-2026-host-cold-0026,CRIU,cold,yes,347,27468,5783,326,6456,0.04,x86_64,x86_64,True,True,transfer_mode=host;workload=tcp-client;relay_node=edge-host-1,2026-04-12T23:19:58.239892,,,,,,,,,,,,
12-04-2026-host-cold-0027,CRIU,cold,yes,328,27384,6208,325,6861,0.04,x86_64,x86_64,True,True,transfer_mode=host;workload=tcp-client;relay_node=edge-host-1,2026-04-12T23:20:45.171467,,,,,,,,,,,,
12-04-2026-host-cold-0028,CRIU,cold,yes,334,27333,5630,315,6279,0.04,x86_64,x86_64,True,True,transfer_mode=host;workload=tcp-client;relay_node=edge-host-1,2026-04-12T23:21:31.240032,,,,,,,,,,,,
12-04-2026-host-cold-0029,CRIU,cold,yes,343,27353,6224,326,6893,0.04,x86_64,x86_64,True,True,transfer_mode=host;workload=tcp-client;relay_node=edge-host-1,2026-04-12T23:22:18.761117,,,,,,,,,,,,
12-04-2026-host-cold-0030,CRIU,cold,yes,330,27438,5656,366,6352,0.04,x86_64,x86_64,True,True,transfer_mode=host;workload=tcp-client;relay_node=edge-host-1,2026-04-12T23:23:04.855587,,,,,,,,,,,,
12-04-2026-direct-cold-0001,CRIU,cold,yes,358,27458,2539,312,3209,0.09,x86_64,x86_64,True,True,transfer_mode=direct;workload=tcp-client,2026-04-12T23:23:50.441582,,,,,,,,,,,,
12-04-2026-direct-cold-0002,CRIU,cold,yes,336,27714,2583,309,3228,0.09,x86_64,x86_64,True,True,transfer_mode=direct;workload=tcp-client,2026-04-12T23:24:35.117452,,,,,,,,,,,,
12-04-2026-direct-cold-0003,CRIU,cold,yes,338,27407,2546,304,3188,0.09,x86_64,x86_64,True,True,transfer_mode=direct;workload=tcp-client,2026-04-12T23:25:20.424175,,,,,,,,,,,,
12-04-2026-direct-cold-0004,CRIU,cold,yes,321,27486,2542,361,3224,0.09,x86_64,x86_64,True,True,transfer_mode=direct;workload=tcp-client,2026-04-12T23:26:05.103316,,,,,,,,,,,,
12-04-2026-direct-cold-0005,CRIU,cold,yes,328,27529,2845,320,3493,0.08,x86_64,x86_64,True,True,transfer_mode=direct;workload=tcp-client,2026-04-12T23:26:50.078229,,,,,,,,,,,,
12-04-2026-direct-cold-0006,CRIU,cold,yes,335,27389,2502,325,3162,0.09,x86_64,x86_64,True,True,transfer_mode=direct;workload=tcp-client,2026-04-12T23:27:34.366293,,,,,,,,,,,,
12-04-2026-direct-cold-0007,CRIU,cold,yes,352,27520,2519,415,3286,0.09,x86_64,x86_64,True,True,transfer_mode=direct;workload=tcp-client,2026-04-12T23:28:18.896469,,,,,,,,,,,,
12-04-2026-direct-cold-0008,CRIU,cold,yes,324,27636,2516,319,3159,0.09,x86_64,x86_64,True,True,transfer_mode=direct;workload=tcp-client,2026-04-12T23:29:03.996742,,,,,,,,,,,,
12-04-2026-direct-cold-0009,CRIU,cold,yes,337,27536,2559,312,3208,0.09,x86_64,x86_64,True,True,transfer_mode=direct;workload=tcp-client,2026-04-12T23:29:48.423409,,,,,,,,,,,,
12-04-2026-direct-cold-0010,CRIU,cold,yes,332,27320,2540,315,3187,0.09,x86_64,x86_64,True,True,transfer_mode=direct;workload=tcp-client,2026-04-12T23:30:33.258582,,,,,,,,,,,,
12-04-2026-direct-cold-0011,CRIU,cold,yes,361,27361,2525,336,3222,0.09,x86_64,x86_64,True,True,transfer_mode=direct;workload=tcp-client,2026-04-12T23:31:19.254461,,,,,,,,,,,,
12-04-2026-direct-cold-0012,CRIU,cold,yes,328,27527,2517,306,3151,0.09,x86_64,x86_64,True,True,transfer_mode=direct;workload=tcp-client,2026-04-12T23:32:03.577550,,,,,,,,,,,,
12-04-2026-direct-cold-0013,CRIU,cold,yes,317,27274,2575,332,3224,0.08,x86_64,x86_64,True,True,transfer_mode=direct;workload=tcp-client,2026-04-12T23:32:47.632465,,,,,,,,,,,,
12-04-2026-direct-cold-0014,CRIU,cold,yes,324,27484,2517,324,3165,0.09,x86_64,x86_64,True,True,transfer_mode=direct;workload=tcp-client,2026-04-12T23:33:32.321298,,,,,,,,,,,,
12-04-2026-direct-cold-0015,CRIU,cold,yes,360,27316,2543,319,3222,0.09,x86_64,x86_64,True,True,transfer_mode=direct;workload=tcp-client,2026-04-12T23:34:17.333885,,,,,,,,,,,,
12-04-2026-direct-cold-0016,CRIU,cold,yes,326,27541,2587,335,3248,0.09,x86_64,x86_64,True,True,transfer_mode=direct;workload=tcp-client,2026-04-12T23:35:01.581598,,,,,,,,,,,,
12-04-2026-direct-cold-0017,CRIU,cold,yes,332,27364,2514,320,3166,0.09,x86_64,x86_64,True,True,transfer_mode=direct;workload=tcp-client,2026-04-12T23:35:46.636140,,,,,,,,,,,,
12-04-2026-direct-cold-0018,CRIU,cold,yes,319,27553,2550,312,3181,0.09,x86_64,x86_64,True,True,transfer_mode=direct;workload=tcp-client,2026-04-12T23:36:31.829336,,,,,,,,,,,,
12-04-2026-direct-cold-0019,CRIU,cold,yes,324,27329,2848,327,3499,0.08,x86_64,x86_64,True,True,transfer_mode=direct;workload=tcp-client,2026-04-12T23:37:16.754059,,,,,,,,,,,,
12-04-2026-direct-cold-0020,CRIU,cold,yes,323,27276,2572,317,3212,0.08,x86_64,x86_64,True,True,transfer_mode=direct;workload=tcp-client,2026-04-12T23:38:01.190259,,,,,,,,,,,,
12-04-2026-direct-cold-0021,CRIU,cold,yes,325,27331,2587,321,3233,0.08,x86_64,x86_64,True,True,transfer_mode=direct;workload=tcp-client,2026-04-12T23:38:46.103373,,,,,,,,,,,,
12-04-2026-direct-cold-0022,CRIU,cold,yes,329,27519,2552,329,3210,0.09,x86_64,x86_64,True,True,transfer_mode=direct;workload=tcp-client,2026-04-12T23:39:30.987292,,,,,,,,,,,,
12-04-2026-direct-cold-0023,CRIU,cold,yes,329,27509,2555,330,3214,0.09,x86_64,x86_64,True,True,transfer_mode=direct;workload=tcp-client,2026-04-12T23:40:15.396841,,,,,,,,,,,,
12-04-2026-direct-cold-0024,CRIU,cold,yes,325,27568,2661,317,3303,0.08,x86_64,x86_64,True,True,transfer_mode=direct;workload=tcp-client,2026-04-12T23:41:00.489366,,,,,,,,,,,,
12-04-2026-direct-cold-0025,CRIU,cold,yes,335,27527,2808,325,3468,0.08,x86_64,x86_64,True,True,transfer_mode=direct;workload=tcp-client,2026-04-12T23:41:46.286145,,,,,,,,,,,,
12-04-2026-direct-cold-0026,CRIU,cold,yes,341,27542,2851,327,3519,0.08,x86_64,x86_64,True,True,transfer_mode=direct;workload=tcp-client,2026-04-12T23:42:31.202906,,,,,,,,,,,,
12-04-2026-direct-cold-0027,CRIU,cold,yes,336,27389,2610,312,3258,0.08,x86_64,x86_64,True,True,transfer_mode=direct;workload=tcp-client,2026-04-12T23:43:15.578968,,,,,,,,,,,,
12-04-2026-direct-cold-0028,CRIU,cold,yes,329,27434,2579,315,3223,0.09,x86_64,x86_64,True,True,transfer_mode=direct;workload=tcp-client,2026-04-12T23:44:00.586441,,,,,,,,,,,,
12-04-2026-direct-cold-0029,CRIU,cold,yes,345,27512,2563,313,3221,0.09,x86_64,x86_64,True,True,transfer_mode=direct;workload=tcp-client,2026-04-12T23:44:45.864446,,,,,,,,,,,,
12-04-2026-direct-cold-0030,CRIU,cold,yes,334,27437,2545,323,3202,0.09,x86_64,x86_64,True,True,transfer_mode=direct;workload=tcp-client,2026-04-12T23:45:30.301160,,,,,,,,,,,,
12-04-2026-host-precopy-0000,CRIU,precopy,yes,323,49873,5775,325,6423,0.07,x86_64,x86_64,True,True,transfer_mode=host;workload=tcp-client;relay_node=edge-host-1;iterations=3,2026-04-12T23:46:21.566843,,,,,,,,,,,,
12-04-2026-host-precopy-0001,CRIU,precopy,yes,315,50622,5677,320,6312,0.07,x86_64,x86_64,True,True,transfer_mode=host;workload=tcp-client;relay_node=edge-host-1;iterations=3,2026-04-12T23:47:12.445494,,,,,,,,,,,,
12-04-2026-host-precopy-0002,CRIU,precopy,yes,319,49054,5730,326,6375,0.07,x86_64,x86_64,True,True,transfer_mode=host;workload=tcp-client;relay_node=edge-host-1;iterations=3,2026-04-12T23:48:02.911250,,,,,,,,,,,,
12-04-2026-host-precopy-0003,CRIU,precopy,yes,320,49107,6003,317,6640,0.07,x86_64,x86_64,True,True,transfer_mode=host;workload=tcp-client;relay_node=edge-host-1;iterations=3,2026-04-12T23:48:53.543002,,,,,,,,,,,,
12-04-2026-host-precopy-0004,CRIU,precopy,yes,310,49069,5709,338,6357,0.07,x86_64,x86_64,True,True,transfer_mode=host;workload=tcp-client;relay_node=edge-host-1;iterations=3,2026-04-12T23:49:43.652200,,,,,,,,,,,,
12-04-2026-host-precopy-0005,CRIU,precopy,yes,310,48906,5698,348,6356,0.07,x86_64,x86_64,True,True,transfer_mode=host;workload=tcp-client;relay_node=edge-host-1;iterations=3,2026-04-12T23:50:34.220145,,,,,,,,,,,,
12-04-2026-host-precopy-0006,CRIU,precopy,yes,331,50350,5946,331,6608,0.07,x86_64,x86_64,True,True,transfer_mode=host;workload=tcp-client;relay_node=edge-host-1;iterations=3,2026-04-12T23:51:25.574488,,,,,,,,,,,,
12-04-2026-host-precopy-0007,CRIU,precopy,yes,326,50442,5710,321,6357,0.07,x86_64,x86_64,True,True,transfer_mode=host;workload=tcp-client;relay_node=edge-host-1;iterations=3,2026-04-12T23:52:16.617945,,,,,,,,,,,,
12-04-2026-host-precopy-0008,CRIU,precopy,yes,318,49458,5990,327,6635,0.07,x86_64,x86_64,True,True,transfer_mode=host;workload=tcp-client;relay_node=edge-host-1;iterations=3,2026-04-12T23:53:07.600678,,,,,,,,,,,,
12-04-2026-host-precopy-0009,CRIU,precopy,yes,321,49244,5759,350,6430,0.07,x86_64,x86_64,True,True,transfer_mode=host;workload=tcp-client;relay_node=edge-host-1;iterations=3,2026-04-12T23:53:57.954873,,,,,,,,,,,,
12-04-2026-host-precopy-0010,CRIU,precopy,yes,319,49803,5750,333,6402,0.07,x86_64,x86_64,True,True,transfer_mode=host;workload=tcp-client;relay_node=edge-host-1;iterations=3,2026-04-12T23:54:48.836146,,,,,,,,,,,,
12-04-2026-host-precopy-0011,CRIU,precopy,yes,324,49007,5839,330,6493,0.07,x86_64,x86_64,True,True,transfer_mode=host;workload=tcp-client;relay_node=edge-host-1;iterations=3,2026-04-12T23:55:39.688126,,,,,,,,,,,,
12-04-2026-host-precopy-0012,CRIU,precopy,yes,320,50384,5762,323,6405,0.07,x86_64,x86_64,True,True,transfer_mode=host;workload=tcp-client;relay_node=edge-host-1;iterations=3,2026-04-12T23:56:30.815350,,,,,,,,,,,,
12-04-2026-host-precopy-0013,CRIU,precopy,yes,310,50584,6026,327,6663,0.07,x86_64,x86_64,True,True,transfer_mode=host;workload=tcp-client;relay_node=edge-host-1;iterations=3,2026-04-12T23:57:21.674697,,,,,,,,,,,,
12-04-2026-host-precopy-0014,CRIU,precopy,yes,311,49108,5748,314,6373,0.07,x86_64,x86_64,True,True,transfer_mode=host;workload=tcp-client;relay_node=edge-host-1;iterations=3,2026-04-12T23:58:11.879486,,,,,,,,,,,,
12-04-2026-host-precopy-0015,CRIU,precopy,yes,308,50486,5693,421,6422,0.07,x86_64,x86_64,True,True,transfer_mode=host;workload=tcp-client;relay_node=edge-host-1;iterations=3,2026-04-12T23:59:02.537208,,,,,,,,,,,,
12-04-2026-host-precopy-0016,CRIU,precopy,yes,313,49804,5701,312,6326,0.07,x86_64,x86_64,True,True,transfer_mode=host;workload=tcp-client;relay_node=edge-host-1;iterations=3,2026-04-12T23:59:53.246481,,,,,,,,,,,,
12-04-2026-host-precopy-0017,CRIU,precopy,yes,391,49428,5725,330,6446,0.07,x86_64,x86_64,True,True,transfer_mode=host;workload=tcp-client;relay_node=edge-host-1;iterations=3,2026-04-13T00:00:44.147685,,,,,,,,,,,,
12-04-2026-host-precopy-0018,CRIU,precopy,yes,317,50064,6246,349,6912,0.06,x86_64,x86_64,True,True,transfer_mode=host;workload=tcp-client;relay_node=edge-host-1;iterations=3,2026-04-13T00:01:35.472167,,,,,,,,,,,,
12-04-2026-host-precopy-0019,CRIU,precopy,yes,309,50532,5706,315,6330,0.07,x86_64,x86_64,True,True,transfer_mode=host;workload=tcp-client;relay_node=edge-host-1;iterations=3,2026-04-13T00:02:25.529124,,,,,,,,,,,,
12-04-2026-host-precopy-0020,CRIU,precopy,yes,316,50754,5749,313,6378,0.07,x86_64,x86_64,True,True,transfer_mode=host;workload=tcp-client;relay_node=edge-host-1;iterations=3,2026-04-13T00:03:15.882456,,,,,,,,,,,,
12-04-2026-host-precopy-0021,CRIU,precopy,yes,315,49859,5787,336,6438,0.07,x86_64,x86_64,True,True,transfer_mode=host;workload=tcp-client;relay_node=edge-host-1;iterations=3,2026-04-13T00:04:06.664354,,,,,,,,,,,,
12-04-2026-host-precopy-0022,CRIU,precopy,yes,323,49974,5673,316,6312,0.07,x86_64,x86_64,True,True,transfer_mode=host;workload=tcp-client;relay_node=edge-host-1;iterations=3,2026-04-13T00:04:57.265493,,,,,,,,,,,,
12-04-2026-host-precopy-0023,CRIU,precopy,yes,315,48875,5973,323,6611,0.07,x86_64,x86_64,True,True,transfer_mode=host;workload=tcp-client;relay_node=edge-host-1;iterations=3,2026-04-13T00:05:47.972420,,,,,,,,,,,,
12-04-2026-host-precopy-0024,CRIU,precopy,yes,308,49761,5709,368,6385,0.07,x86_64,x86_64,True,True,transfer_mode=host;workload=tcp-client;relay_node=edge-host-1;iterations=3,2026-04-13T00:06:38.218356,,,,,,,,,,,,
12-04-2026-host-precopy-0025,CRIU,precopy,yes,562,50391,5662,321,6545,0.07,x86_64,x86_64,True,True,transfer_mode=host;workload=tcp-client;relay_node=edge-host-1;iterations=3,2026-04-13T00:07:30.482440,,,,,,,,,,,,
12-04-2026-host-precopy-0026,CRIU,precopy,yes,315,50352,5844,361,6520,0.07,x86_64,x86_64,True,True,transfer_mode=host;workload=tcp-client;relay_node=edge-host-1;iterations=3,2026-04-13T00:08:21.389138,,,,,,,,,,,,
12-04-2026-host-precopy-0027,CRIU,precopy,yes,321,48540,5697,309,6327,0.07,x86_64,x86_64,True,True,transfer_mode=host;workload=tcp-client;relay_node=edge-host-1;iterations=3,2026-04-13T00:09:12.250422,,,,,,,,,,,,
12-04-2026-host-precopy-0028,CRIU,precopy,yes,319,49768,6035,311,6665,0.07,x86_64,x86_64,True,True,transfer_mode=host;workload=tcp-client;relay_node=edge-host-1;iterations=3,2026-04-13T00:10:03.528881,,,,,,,,,,,,
12-04-2026-host-precopy-0029,CRIU,precopy,yes,306,49094,5926,328,6560,0.07,x86_64,x86_64,True,True,transfer_mode=host;workload=tcp-client;relay_node=edge-host-1;iterations=3,2026-04-13T00:10:54.170957,,,,,,,,,,,,
12-04-2026-direct-precopy-0000,CRIU,precopy,yes,310,50398,2548,320,3178,0.16,x86_64,x86_64,True,True,transfer_mode=direct;workload=tcp-client;iterations=3,2026-04-13T00:11:43.111076,,,,,,,,,,,,
12-04-2026-direct-precopy-0001,CRIU,precopy,yes,330,49066,2640,309,3279,0.15,x86_64,x86_64,True,True,transfer_mode=direct;workload=tcp-client;iterations=3,2026-04-13T00:12:32.914052,,,,,,,,,,,,
12-04-2026-direct-precopy-0002,CRIU,precopy,yes,308,50306,2578,322,3208,0.16,x86_64,x86_64,True,True,transfer_mode=direct;workload=tcp-client;iterations=3,2026-04-13T00:13:22.396363,,,,,,,,,,,,
12-04-2026-direct-precopy-0003,CRIU,precopy,yes,309,49023,2551,318,3178,0.15,x86_64,x86_64,True,True,transfer_mode=direct;workload=tcp-client;iterations=3,2026-04-13T00:14:11.823902,,,,,,,,,,,,
12-04-2026-direct-precopy-0004,CRIU,precopy,yes,302,49363,2545,308,3155,0.16,x86_64,x86_64,True,True,transfer_mode=direct;workload=tcp-client;iterations=3,2026-04-13T00:15:00.558786,,,,,,,,,,,,
12-04-2026-direct-precopy-0005,CRIU,precopy,yes,328,50430,2540,320,3188,0.16,x86_64,x86_64,True,True,transfer_mode=direct;workload=tcp-client;iterations=3,2026-04-13T00:15:49.456088,,,,,,,,,,,,
12-04-2026-direct-precopy-0006,CRIU,precopy,yes,306,48788,2541,326,3173,0.15,x86_64,x86_64,True,True,transfer_mode=direct;workload=tcp-client;iterations=3,2026-04-13T00:16:39.427374,,,,,,,,,,,,
12-04-2026-direct-precopy-0007,CRIU,precopy,yes,321,49259,2527,326,3174,0.16,x86_64,x86_64,True,True,transfer_mode=direct;workload=tcp-client;iterations=3,2026-04-13T00:17:29.234457,,,,,,,,,,,,
12-04-2026-direct-precopy-0008,CRIU,precopy,yes,322,49616,2534,315,3171,0.16,x86_64,x86_64,True,True,transfer_mode=direct;workload=tcp-client;iterations=3,2026-04-13T00:18:18.738499,,,,,,,,,,,,
12-04-2026-direct-precopy-0009,CRIU,precopy,yes,311,49423,2522,323,3156,0.16,x86_64,x86_64,True,True,transfer_mode=direct;workload=tcp-client;iterations=3,2026-04-13T00:19:06.897260,,,,,,,,,,,,
12-04-2026-direct-precopy-0010,CRIU,precopy,yes,305,49113,2508,322,3135,0.16,x86_64,x86_64,True,True,transfer_mode=direct;workload=tcp-client;iterations=3,2026-04-13T00:19:55.871779,,,,,,,,,,,,
12-04-2026-direct-precopy-0011,CRIU,precopy,yes,327,50461,2530,328,3185,0.16,x86_64,x86_64,True,True,transfer_mode=direct;workload=tcp-client;iterations=3,2026-04-13T00:20:44.955614,,,,,,,,,,,,
12-04-2026-direct-precopy-0012,CRIU,precopy,yes,314,49183,2524,323,3161,0.16,x86_64,x86_64,True,True,transfer_mode=direct;workload=tcp-client;iterations=3,2026-04-13T00:21:34.025513,,,,,,,,,,,,
12-04-2026-direct-precopy-0013,CRIU,precopy,yes,309,49188,2532,319,3160,0.16,x86_64,x86_64,True,True,transfer_mode=direct;workload=tcp-client;iterations=3,2026-04-13T00:22:22.656242,,,,,,,,,,,,
12-04-2026-direct-precopy-0014,CRIU,precopy,yes,304,49000,2516,320,3140,0.16,x86_64,x86_64,True,True,transfer_mode=direct;workload=tcp-client;iterations=3,2026-04-13T00:23:12.021609,,,,,,,,,,,,
12-04-2026-direct-precopy-0015,CRIU,precopy,yes,325,49862,2534,319,3178,0.16,x86_64,x86_64,True,True,transfer_mode=direct;workload=tcp-client;iterations=3,2026-04-13T00:24:01.142513,,,,,,,,,,,,
12-04-2026-direct-precopy-0016,CRIU,precopy,yes,311,49245,2555,329,3195,0.15,x86_64,x86_64,True,True,transfer_mode=direct;workload=tcp-client;iterations=3,2026-04-13T00:24:50.544513,,,,,,,,,,,,
12-04-2026-direct-precopy-0017,CRIU,precopy,yes,312,49414,2543,306,3161,0.16,x86_64,x86_64,True,True,transfer_mode=direct;workload=tcp-client;iterations=3,2026-04-13T00:25:39.733348,,,,,,,,,,,,
12-04-2026-direct-precopy-0018,CRIU,precopy,yes,316,50603,2527,325,3168,0.16,x86_64,x86_64,True,True,transfer_mode=direct;workload=tcp-client;iterations=3,2026-04-13T00:26:28.490090,,,,,,,,,,,,
12-04-2026-direct-precopy-0019,CRIU,precopy,yes,316,49932,2545,321,3182,0.16,x86_64,x86_64,True,True,transfer_mode=direct;workload=tcp-client;iterations=3,2026-04-13T00:27:17.142700,,,,,,,,,,,,
12-04-2026-direct-precopy-0020,CRIU,precopy,yes,316,49727,2580,318,3214,0.15,x86_64,x86_64,True,True,transfer_mode=direct;workload=tcp-client;iterations=3,2026-04-13T00:28:06.345693,,,,,,,,,,,,
12-04-2026-direct-precopy-0021,CRIU,precopy,yes,325,50151,2542,560,3427,0.16,x86_64,x86_64,True,True,transfer_mode=direct;workload=tcp-client;iterations=3,2026-04-13T00:28:55.491179,,,,,,,,,,,,
12-04-2026-direct-precopy-0022,CRIU,precopy,yes,326,50432,2532,329,3187,0.16,x86_64,x86_64,True,True,transfer_mode=direct;workload=tcp-client;iterations=3,2026-04-13T00:29:44.684476,,,,,,,,,,,,
12-04-2026-direct-precopy-0023,CRIU,precopy,yes,318,49328,2523,325,3166,0.16,x86_64,x86_64,True,True,transfer_mode=direct;workload=tcp-client;iterations=3,2026-04-13T00:30:33.749916,,,,,,,,,,,,
12-04-2026-direct-precopy-0024,CRIU,precopy,yes,322,49272,2546,311,3179,0.15,x86_64,x86_64,True,True,transfer_mode=direct;workload=tcp-client;iterations=3,2026-04-13T00:31:22.724952,,,,,,,,,,,,
12-04-2026-direct-precopy-0025,CRIU,precopy,yes,362,49137,2491,306,3159,0.16,x86_64,x86_64,True,True,transfer_mode=direct;workload=tcp-client;iterations=3,2026-04-13T00:32:11.706775,,,,,,,,,,,,
12-04-2026-direct-precopy-0026,CRIU,precopy,yes,302,48945,2575,305,3182,0.15,x86_64,x86_64,True,True,transfer_mode=direct;workload=tcp-client;iterations=3,2026-04-13T00:33:00.493427,,,,,,,,,,,,
12-04-2026-direct-precopy-0027,CRIU,precopy,yes,300,50060,2545,308,3153,0.16,x86_64,x86_64,True,True,transfer_mode=direct;workload=tcp-client;iterations=3,2026-04-13T00:33:49.301503,,,,,,,,,,,,
12-04-2026-direct-precopy-0028,CRIU,precopy,yes,307,49892,2536,319,3162,0.16,x86_64,x86_64,True,True,transfer_mode=direct;workload=tcp-client;iterations=3,2026-04-13T00:34:37.868283,,,,,,,,,,,,
12-04-2026-direct-precopy-0029,CRIU,precopy,yes,317,49740,2528,324,3169,0.16,x86_64,x86_64,True,True,transfer_mode=direct;workload=tcp-client;iterations=3,2026-04-13T00:35:26.453043,,,,,,,,,,,,
12-04-2026-host-postcopy-0000,CRIU,postcopy,yes,696,24610,5613,309,6618,0.04,x86_64,x86_64,True,True,transfer_mode=host;workload=tcp-client;relay_node=edge-host-1;lazy_pages_port=9999,2026-04-13T00:36:14.824866,,,,,,,,,,,,
12-04-2026-host-postcopy-0001,CRIU,postcopy,yes,716,24682,5676,320,6712,0.03,x86_64,x86_64,True,True,transfer_mode=host;workload=tcp-client;relay_node=edge-host-1;lazy_pages_port=9999,2026-04-13T00:37:03.223785,,,,,,,,,,,,
12-04-2026-host-postcopy-0002,CRIU,postcopy,yes,1001,24973,6187,311,7499,0.03,x86_64,x86_64,True,True,transfer_mode=host;workload=tcp-client;relay_node=edge-host-1;lazy_pages_port=9999,2026-04-13T00:37:51.306581,,,,,,,,,,,,
12-04-2026-host-postcopy-0003,CRIU,postcopy,yes,714,24578,5626,320,6660,0.03,x86_64,x86_64,True,True,transfer_mode=host;workload=tcp-client;relay_node=edge-host-1;lazy_pages_port=9999,2026-04-13T00:38:39.402339,,,,,,,,,,,,
12-04-2026-host-postcopy-0004,CRIU,postcopy,yes,724,24965,5725,323,6772,0.03,x86_64,x86_64,True,True,transfer_mode=host;workload=tcp-client;relay_node=edge-host-1;lazy_pages_port=9999,2026-04-13T00:39:28.869495,,,,,,,,,,,,
12-04-2026-host-postcopy-0005,CRIU,postcopy,yes,735,24835,6009,317,7061,0.03,x86_64,x86_64,True,True,transfer_mode=host;workload=tcp-client;relay_node=edge-host-1;lazy_pages_port=9999,2026-04-13T00:40:17.739697,,,,,,,,,,,,
12-04-2026-host-postcopy-0006,CRIU,postcopy,yes,718,24710,6298,331,7347,0.03,x86_64,x86_64,True,True,transfer_mode=host;workload=tcp-client;relay_node=edge-host-1;lazy_pages_port=9999,2026-04-13T00:41:06.085275,,,,,,,,,,,,
12-04-2026-host-postcopy-0007,CRIU,postcopy,yes,721,25009,5668,319,6708,0.04,x86_64,x86_64,True,True,transfer_mode=host;workload=tcp-client;relay_node=edge-host-1;lazy_pages_port=9999,2026-04-13T00:41:53.671564,,,,,,,,,,,,
12-04-2026-host-postcopy-0008,CRIU,postcopy,yes,707,24922,5623,310,6640,0.04,x86_64,x86_64,True,True,transfer_mode=host;workload=tcp-client;relay_node=edge-host-1;lazy_pages_port=9999,2026-04-13T00:42:41.434550,,,,,,,,,,,,
12-04-2026-host-postcopy-0009,CRIU,postcopy,yes,725,24717,5625,447,6797,0.04,x86_64,x86_64,True,True,transfer_mode=host;workload=tcp-client;relay_node=edge-host-1;lazy_pages_port=9999,2026-04-13T00:43:29.845056,,,,,,,,,,,,
12-04-2026-host-postcopy-0010,CRIU,postcopy,yes,995,24626,6188,404,7587,0.03,x86_64,x86_64,True,True,transfer_mode=host;workload=tcp-client;relay_node=edge-host-1;lazy_pages_port=9999,2026-04-13T00:44:18.351385,,,,,,,,,,,,
12-04-2026-host-postcopy-0011,CRIU,postcopy,yes,724,24758,5697,335,6756,0.03,x86_64,x86_64,True,True,transfer_mode=host;workload=tcp-client;relay_node=edge-host-1;lazy_pages_port=9999,2026-04-13T00:45:06.117304,,,,,,,,,,,,
12-04-2026-host-postcopy-0012,CRIU,postcopy,yes,733,24788,5685,315,6733,0.03,x86_64,x86_64,True,True,transfer_mode=host;workload=tcp-client;relay_node=edge-host-1;lazy_pages_port=9999,2026-04-13T00:45:54.011093,,,,,,,,,,,,
12-04-2026-host-postcopy-0013,CRIU,postcopy,yes,720,24927,5624,314,6658,0.04,x86_64,x86_64,True,True,transfer_mode=host;workload=tcp-client;relay_node=edge-host-1;lazy_pages_port=9999,2026-04-13T00:46:42.151630,,,,,,,,,,,,
12-04-2026-host-postcopy-0014,CRIU,postcopy,yes,993,24729,6267,320,7580,0.03,x86_64,x86_64,True,True,transfer_mode=host;workload=tcp-client;relay_node=edge-host-1;lazy_pages_port=9999,2026-04-13T00:47:30.353229,,,,,,,,,,,,
12-04-2026-host-postcopy-0015,CRIU,postcopy,yes,722,24761,5657,328,6707,0.04,x86_64,x86_64,True,True,transfer_mode=host;workload=tcp-client;relay_node=edge-host-1;lazy_pages_port=9999,2026-04-13T00:48:18.441883,,,,,,,,,,,,
12-04-2026-host-postcopy-0016,CRIU,postcopy,yes,719,24925,5677,376,6772,0.04,x86_64,x86_64,True,True,transfer_mode=host;workload=tcp-client;relay_node=edge-host-1;lazy_pages_port=9999,2026-04-13T00:49:06.526119,,,,,,,,,,,,
12-04-2026-host-postcopy-0017,CRIU,postcopy,yes,729,24936,5625,304,6658,0.04,x86_64,x86_64,True,True,transfer_mode=host;workload=tcp-client;relay_node=edge-host-1;lazy_pages_port=9999,2026-04-13T00:49:55.125826,,,,,,,,,,,,
12-04-2026-host-postcopy-0018,CRIU,postcopy,yes,989,24821,6189,322,7500,0.03,x86_64,x86_64,True,True,transfer_mode=host;workload=tcp-client;relay_node=edge-host-1;lazy_pages_port=9999,2026-04-13T00:50:43.196306,,,,,,,,,,,,
12-04-2026-host-postcopy-0019,CRIU,postcopy,yes,720,24691,5670,311,6701,0.03,x86_64,x86_64,True,True,transfer_mode=host;workload=tcp-client;relay_node=edge-host-1;lazy_pages_port=9999,2026-04-13T00:51:30.740763,,,,,,,,,,,,
12-04-2026-host-postcopy-0020,CRIU,postcopy,yes,710,24879,5772,318,6800,0.03,x86_64,x86_64,True,True,transfer_mode=host;workload=tcp-client;relay_node=edge-host-1;lazy_pages_port=9999,2026-04-13T00:52:18.496604,,,,,,,,,,,,
12-04-2026-host-postcopy-0021,CRIU,postcopy,yes,721,24700,5721,324,6766,0.03,x86_64,x86_64,True,True,transfer_mode=host;workload=tcp-client;relay_node=edge-host-1;lazy_pages_port=9999,2026-04-13T00:53:06.907020,,,,,,,,,,,,
12-04-2026-host-postcopy-0022,CRIU,postcopy,yes,1018,25005,6235,331,7584,0.03,x86_64,x86_64,True,True,transfer_mode=host;workload=tcp-client;relay_node=edge-host-1;lazy_pages_port=9999,2026-04-13T00:53:54.994923,,,,,,,,,,,,
12-04-2026-host-postcopy-0023,CRIU,postcopy,yes,719,24680,5672,316,6707,0.03,x86_64,x86_64,True,True,transfer_mode=host;workload=tcp-client;relay_node=edge-host-1;lazy_pages_port=9999,2026-04-13T00:54:42.280863,,,,,,,,,,,,
12-04-2026-host-postcopy-0024,CRIU,postcopy,yes,723,24612,5680,317,6720,0.03,x86_64,x86_64,True,True,transfer_mode=host;workload=tcp-client;relay_node=edge-host-1;lazy_pages_port=9999,2026-04-13T00:55:30.338629,,,,,,,,,,,,
12-04-2026-host-postcopy-0025,CRIU,postcopy,yes,731,24668,5566,310,6607,0.04,x86_64,x86_64,True,True,transfer_mode=host;workload=tcp-client;relay_node=edge-host-1;lazy_pages_port=9999,2026-04-13T00:56:18.101755,,,,,,,,,,,,
12-04-2026-host-postcopy-0026,CRIU,postcopy,yes,710,24917,6216,315,7241,0.03,x86_64,x86_64,True,True,transfer_mode=host;workload=tcp-client;relay_node=edge-host-1;lazy_pages_port=9999,2026-04-13T00:57:05.638188,,,,,,,,,,,,
12-04-2026-host-postcopy-0027,CRIU,postcopy,yes,712,24757,5669,315,6696,0.03,x86_64,x86_64,True,True,transfer_mode=host;workload=tcp-client;relay_node=edge-host-1;lazy_pages_port=9999,2026-04-13T00:57:52.990361,,,,,,,,,,,,
12-04-2026-host-postcopy-0028,CRIU,postcopy,yes,723,24989,5631,320,6674,0.04,x86_64,x86_64,True,True,transfer_mode=host;workload=tcp-client;relay_node=edge-host-1;lazy_pages_port=9999,2026-04-13T00:58:40.669168,,,,,,,,,,,,
12-04-2026-host-postcopy-0029,CRIU,postcopy,yes,719,24714,5621,324,6664,0.04,x86_64,x86_64,True,True,transfer_mode=host;workload=tcp-client;relay_node=edge-host-1;lazy_pages_port=9999,2026-04-13T00:59:28.452449,,,,,,,,,,,,
12-04-2026-direct-postcopy-0000,CRIU,postcopy,yes,1093,24788,2777,311,4181,0.07,x86_64,x86_64,True,True,transfer_mode=direct;workload=tcp-client;lazy_pages_port=9999,2026-04-13T01:00:14.957822,,,,,,,,,,,,
12-04-2026-direct-postcopy-0001,CRIU,postcopy,yes,730,24679,2543,316,3589,0.08,x86_64,x86_64,True,True,transfer_mode=direct;workload=tcp-client;lazy_pages_port=9999,2026-04-13T01:01:00.763749,,,,,,,,,,,,
12-04-2026-direct-postcopy-0002,CRIU,postcopy,yes,726,24804,2535,321,3582,0.08,x86_64,x86_64,True,True,transfer_mode=direct;workload=tcp-client;lazy_pages_port=9999,2026-04-13T01:01:46.901324,,,,,,,,,,,,
12-04-2026-direct-postcopy-0003,CRIU,postcopy,yes,707,24759,2496,338,3541,0.08,x86_64,x86_64,True,True,transfer_mode=direct;workload=tcp-client;lazy_pages_port=9999,2026-04-13T01:02:33.668287,,,,,,,,,,,,
12-04-2026-direct-postcopy-0004,CRIU,postcopy,yes,728,24978,2776,315,3819,0.07,x86_64,x86_64,True,True,transfer_mode=direct;workload=tcp-client;lazy_pages_port=9999,2026-04-13T01:03:20.439193,,,,,,,,,,,,
12-04-2026-direct-postcopy-0005,CRIU,postcopy,yes,715,24832,2484,314,3513,0.08,x86_64,x86_64,True,True,transfer_mode=direct;workload=tcp-client;lazy_pages_port=9999,2026-04-13T01:04:06.138959,,,,,,,,,,,,
12-04-2026-direct-postcopy-0006,CRIU,postcopy,yes,729,24969,2540,321,3590,0.08,x86_64,x86_64,True,True,transfer_mode=direct;workload=tcp-client;lazy_pages_port=9999,2026-04-13T01:04:52.891685,,,,,,,,,,,,
12-04-2026-direct-postcopy-0007,CRIU,postcopy,yes,711,24762,2512,315,3538,0.08,x86_64,x86_64,True,True,transfer_mode=direct;workload=tcp-client;lazy_pages_port=9999,2026-04-13T01:05:40.000576,,,,,,,,,,,,
12-04-2026-direct-postcopy-0008,CRIU,postcopy,yes,700,24877,2948,315,3963,0.07,x86_64,x86_64,True,True,transfer_mode=direct;workload=tcp-client;lazy_pages_port=9999,2026-04-13T01:06:26.946037,,,,,,,,,,,,
12-04-2026-direct-postcopy-0009,CRIU,postcopy,yes,701,24714,2517,331,3549,0.08,x86_64,x86_64,True,True,transfer_mode=direct;workload=tcp-client;lazy_pages_port=9999,2026-04-13T01:07:12.953430,,,,,,,,,,,,
12-04-2026-direct-postcopy-0010,CRIU,postcopy,yes,725,24850,2524,310,3559,0.08,x86_64,x86_64,True,True,transfer_mode=direct;workload=tcp-client;lazy_pages_port=9999,2026-04-13T01:07:59.550192,,,,,,,,,,,,
12-04-2026-direct-postcopy-0011,CRIU,postcopy,yes,721,24953,2505,313,3539,0.08,x86_64,x86_64,True,True,transfer_mode=direct;workload=tcp-client;lazy_pages_port=9999,2026-04-13T01:08:46.062098,,,,,,,,,,,,
12-04-2026-direct-postcopy-0012,CRIU,postcopy,yes,722,24847,2538,321,3581,0.08,x86_64,x86_64,True,True,transfer_mode=direct;workload=tcp-client;lazy_pages_port=9999,2026-04-13T01:09:32.637848,,,,,,,,,,,,
12-04-2026-direct-postcopy-0013,CRIU,postcopy,yes,720,24946,2556,329,3605,0.08,x86_64,x86_64,True,True,transfer_mode=direct;workload=tcp-client;lazy_pages_port=9999,2026-04-13T01:10:18.832608,,,,,,,,,,,,
12-04-2026-direct-postcopy-0014,CRIU,postcopy,yes,717,24994,2552,330,3599,0.08,x86_64,x86_64,True,True,transfer_mode=direct;workload=tcp-client;lazy_pages_port=9999,2026-04-13T01:11:06.512258,,,,,,,,,,,,
12-04-2026-direct-postcopy-0015,CRIU,postcopy,yes,728,24790,2541,337,3606,0.08,x86_64,x86_64,True,True,transfer_mode=direct;workload=tcp-client;lazy_pages_port=9999,2026-04-13T01:11:53.475800,,,,,,,,,,,,
12-04-2026-direct-postcopy-0016,CRIU,postcopy,yes,707,24680,2845,316,3868,0.07,x86_64,x86_64,True,True,transfer_mode=direct;workload=tcp-client;lazy_pages_port=9999,2026-04-13T01:12:40.231627,,,,,,,,,,,,
12-04-2026-direct-postcopy-0017,CRIU,postcopy,yes,742,24737,2576,323,3641,0.08,x86_64,x86_64,True,True,transfer_mode=direct;workload=tcp-client;lazy_pages_port=9999,2026-04-13T01:13:26.549641,,,,,,,,,,,,
12-04-2026-direct-postcopy-0018,CRIU,postcopy,yes,709,24835,2546,328,3583,0.08,x86_64,x86_64,True,True,transfer_mode=direct;workload=tcp-client;lazy_pages_port=9999,2026-04-13T01:14:13.289299,,,,,,,,,,,,
12-04-2026-direct-postcopy-0019,CRIU,postcopy,yes,700,24791,2562,323,3585,0.08,x86_64,x86_64,True,True,transfer_mode=direct;workload=tcp-client;lazy_pages_port=9999,2026-04-13T01:15:00.333568,,,,,,,,,,,,
12-04-2026-direct-postcopy-0020,CRIU,postcopy,yes,727,24561,2836,344,3907,0.07,x86_64,x86_64,True,True,transfer_mode=direct;workload=tcp-client;lazy_pages_port=9999,2026-04-13T01:15:47.137384,,,,,,,,,,,,
12-04-2026-direct-postcopy-0021,CRIU,postcopy,yes,718,24582,2519,308,3545,0.08,x86_64,x86_64,True,True,transfer_mode=direct;workload=tcp-client;lazy_pages_port=9999,2026-04-13T01:16:33.049191,,,,,,,,,,,,
12-04-2026-direct-postcopy-0022,CRIU,postcopy,yes,719,24775,2593,313,3625,0.08,x86_64,x86_64,True,True,transfer_mode=direct;workload=tcp-client;lazy_pages_port=9999,2026-04-13T01:17:19.518191,,,,,,,,,,,,
12-04-2026-direct-postcopy-0023,CRIU,postcopy,yes,717,24851,2576,339,3632,0.08,x86_64,x86_64,True,True,transfer_mode=direct;workload=tcp-client;lazy_pages_port=9999,2026-04-13T01:18:06.982871,,,,,,,,,,,,
12-04-2026-direct-postcopy-0024,CRIU,postcopy,yes,720,24891,2817,314,3851,0.07,x86_64,x86_64,True,True,transfer_mode=direct;workload=tcp-client;lazy_pages_port=9999,2026-04-13T01:18:53.767318,,,,,,,,,,,,
12-04-2026-direct-postcopy-0025,CRIU,postcopy,yes,721,24827,2515,314,3550,0.08,x86_64,x86_64,True,True,transfer_mode=direct;workload=tcp-client;lazy_pages_port=9999,2026-04-13T01:19:39.865588,,,,,,,,,,,,
12-04-2026-direct-postcopy-0026,CRIU,postcopy,yes,724,24968,2527,319,3570,0.08,x86_64,x86_64,True,True,transfer_mode=direct;workload=tcp-client;lazy_pages_port=9999,2026-04-13T01:20:26.198144,,,,,,,,,,,,
12-04-2026-direct-postcopy-0027,CRIU,postcopy,yes,717,24775,2557,354,3628,0.08,x86_64,x86_64,True,True,transfer_mode=direct;workload=tcp-client;lazy_pages_port=9999,2026-04-13T01:21:13.237182,,,,,,,,,,,,
12-04-2026-direct-postcopy-0028,CRIU,postcopy,yes,1022,24647,2820,317,4159,0.07,x86_64,x86_64,True,True,transfer_mode=direct;workload=tcp-client;lazy_pages_port=9999,2026-04-13T01:22:01.098344,,,,,,,,,,,,
12-04-2026-direct-postcopy-0029,CRIU,postcopy,yes,727,24694,2534,309,3570,0.08,x86_64,x86_64,True,True,transfer_mode=direct;workload=tcp-client;lazy_pages_port=9999,2026-04-13T01:22:47.025772,,,,,,,,,,,,
22-04-2026-host-cold-0000,CRIU,cold,yes,348,27617,6347,319,7014,0.03,x86_64,x86_64,True,True,transfer_mode=host;workload=tcp-client;relay_node=edge-host-1,2026-04-22T18:25:07.314959,1_WiFi_6,,,,,,,,,,,
22-04-2026-host-cold-0001,CRIU,cold,yes,322,27532,6657,573,7552,0.03,x86_64,x86_64,True,True,transfer_mode=host;workload=tcp-client;relay_node=edge-host-1,2026-04-22T18:25:51.509421,1_WiFi_6,,,,,,,,,,,
22-04-2026-host-cold-0002,CRIU,cold,yes,327,27263,6645,311,7283,0.03,x86_64,x86_64,True,True,transfer_mode=host;workload=tcp-client;relay_node=edge-host-1,2026-04-22T18:26:35.007471,1_WiFi_6,,,,,,,,,,,
22-04-2026-host-cold-0003,CRIU,cold,yes,322,27374,6327,321,6970,0.03,x86_64,x86_64,True,True,transfer_mode=host;workload=tcp-client;relay_node=edge-host-1,2026-04-22T18:27:17.258985,1_WiFi_6,,,,,,,,,,,
22-04-2026-host-cold-0004,CRIU,cold,yes,323,27430,6277,312,6912,0.03,x86_64,x86_64,True,True,transfer_mode=host;workload=tcp-client;relay_node=edge-host-1,2026-04-22T18:28:00.425275,1_WiFi_6,,,,,,,,,,,
22-04-2026-host-cold-0005,CRIU,cold,yes,322,27344,6349,326,6997,0.03,x86_64,x86_64,True,True,transfer_mode=host;workload=tcp-client;relay_node=edge-host-1,2026-04-22T18:28:43.992532,1_WiFi_6,,,,,,,,,,,
22-04-2026-host-cold-0006,CRIU,cold,yes,327,27272,6344,323,6994,0.03,x86_64,x86_64,True,True,transfer_mode=host;workload=tcp-client;relay_node=edge-host-1,2026-04-22T18:29:26.800847,1_WiFi_6,,,,,,,,,,,
22-04-2026-host-cold-0007,CRIU,cold,yes,326,27528,6303,313,6942,0.03,x86_64,x86_64,True,True,transfer_mode=host;workload=tcp-client;relay_node=edge-host-1,2026-04-22T18:30:09.594076,1_WiFi_6,,,,,,,,,,,
22-04-2026-host-cold-0008,CRIU,cold,yes,326,27281,6324,320,6970,0.03,x86_64,x86_64,True,True,transfer_mode=host;workload=tcp-client;relay_node=edge-host-1,2026-04-22T18:30:52.772808,1_WiFi_6,,,,,,,,,,,
22-04-2026-host-cold-0009,CRIU,cold,yes,323,27499,6310,323,6956,0.03,x86_64,x86_64,True,True,transfer_mode=host;workload=tcp-client;relay_node=edge-host-1,2026-04-22T18:31:35.312849,1_WiFi_6,,,,,,,,,,,
22-04-2026-host-cold-0010,CRIU,cold,yes,324,27266,6315,321,6960,0.03,x86_64,x86_64,True,True,transfer_mode=host;workload=tcp-client;relay_node=edge-host-1,2026-04-22T18:32:18.527934,1_WiFi_6,,,,,,,,,,,
22-04-2026-host-cold-0011,CRIU,cold,yes,318,27455,6313,311,6942,0.03,x86_64,x86_64,True,True,transfer_mode=host;workload=tcp-client;relay_node=edge-host-1,2026-04-22T18:33:01.727876,1_WiFi_6,,,,,,,,,,,
22-04-2026-host-cold-0012,CRIU,cold,yes,328,27327,6302,328,6958,0.03,x86_64,x86_64,True,True,transfer_mode=host;workload=tcp-client;relay_node=edge-host-1,2026-04-22T18:33:44.249070,1_WiFi_6,,,,,,,,,,,
22-04-2026-host-cold-0013,CRIU,cold,yes,330,27535,6240,323,6893,0.04,x86_64,x86_64,True,True,transfer_mode=host;workload=tcp-client;relay_node=edge-host-1,2026-04-22T18:34:26.837466,1_WiFi_6,,,,,,,,,,,
22-04-2026-host-cold-0014,CRIU,cold,yes,321,27369,6326,315,6962,0.03,x86_64,x86_64,True,True,transfer_mode=host;workload=tcp-client;relay_node=edge-host-1,2026-04-22T18:35:10.221152,1_WiFi_6,,,,,,,,,,,
22-04-2026-host-cold-0015,CRIU,cold,yes,322,27350,6281,326,6929,0.03,x86_64,x86_64,True,True,transfer_mode=host;workload=tcp-client;relay_node=edge-host-1,2026-04-22T18:35:52.606756,1_WiFi_6,,,,,,,,,,,
22-04-2026-host-cold-0016,CRIU,cold,yes,330,27445,6277,325,6932,0.03,x86_64,x86_64,True,True,transfer_mode=host;workload=tcp-client;relay_node=edge-host-1,2026-04-22T18:36:35.277553,1_WiFi_6,,,,,,,,,,,
22-04-2026-host-cold-0017,CRIU,cold,yes,333,27404,6300,581,7214,0.03,x86_64,x86_64,True,True,transfer_mode=host;workload=tcp-client;relay_node=edge-host-1,2026-04-22T18:37:18.530712,1_WiFi_6,,,,,,,,,,,
22-04-2026-host-cold-0018,CRIU,cold,yes,327,27351,6298,330,6955,0.03,x86_64,x86_64,True,True,transfer_mode=host;workload=tcp-client;relay_node=edge-host-1,2026-04-22T18:38:01.007157,1_WiFi_6,,,,,,,,,,,
22-04-2026-host-cold-0019,CRIU,cold,yes,330,27646,6357,331,7018,0.03,x86_64,x86_64,True,True,transfer_mode=host;workload=tcp-client;relay_node=edge-host-1,2026-04-22T18:38:43.918299,1_WiFi_6,,,,,,,,,,,
22-04-2026-direct-cold-0000,CRIU,cold,yes,328,27654,2843,318,3489,0.08,x86_64,x86_64,True,True,transfer_mode=direct;workload=tcp-client,2026-04-22T18:39:25.397987,1_WiFi_6,,,,,,,,,,,
22-04-2026-direct-cold-0001,CRIU,cold,yes,344,27355,2839,322,3505,0.08,x86_64,x86_64,True,True,transfer_mode=direct;workload=tcp-client,2026-04-22T18:40:06.035825,1_WiFi_6,,,,,,,,,,,
22-04-2026-direct-cold-0002,CRIU,cold,yes,329,27398,3181,316,3826,0.07,x86_64,x86_64,True,True,transfer_mode=direct;workload=tcp-client,2026-04-22T18:40:47.890189,1_WiFi_6,,,,,,,,,,,
22-04-2026-direct-cold-0003,CRIU,cold,yes,320,27348,2824,314,3458,0.08,x86_64,x86_64,True,True,transfer_mode=direct;workload=tcp-client,2026-04-22T18:41:30.765902,1_WiFi_6,,,,,,,,,,,
22-04-2026-direct-cold-0004,CRIU,cold,yes,323,27396,2835,303,3461,0.08,x86_64,x86_64,True,True,transfer_mode=direct;workload=tcp-client,2026-04-22T18:42:11.845049,1_WiFi_6,,,,,,,,,,,
22-04-2026-direct-cold-0005,CRIU,cold,yes,313,27301,2860,315,3488,0.08,x86_64,x86_64,True,True,transfer_mode=direct;workload=tcp-client,2026-04-22T18:42:53.018355,1_WiFi_6,,,,,,,,,,,
22-04-2026-direct-cold-0006,CRIU,cold,yes,332,27239,3086,311,3729,0.07,x86_64,x86_64,True,True,transfer_mode=direct;workload=tcp-client,2026-04-22T18:43:35.140881,1_WiFi_6,,,,,,,,,,,
22-04-2026-direct-cold-0007,CRIU,cold,yes,315,27284,2838,310,3463,0.08,x86_64,x86_64,True,True,transfer_mode=direct;workload=tcp-client,2026-04-22T18:44:15.638056,1_WiFi_6,,,,,,,,,,,
22-04-2026-direct-cold-0008,CRIU,cold,yes,333,27314,2837,323,3493,0.08,x86_64,x86_64,True,True,transfer_mode=direct;workload=tcp-client,2026-04-22T18:44:57.215772,1_WiFi_6,,,,,,,,,,,
22-04-2026-direct-cold-0009,CRIU,cold,yes,328,27405,2856,306,3490,0.08,x86_64,x86_64,True,True,transfer_mode=direct;workload=tcp-client,2026-04-22T18:45:38.550927,1_WiFi_6,,,,,,,,,,,
22-04-2026-direct-cold-0010,CRIU,cold,yes,420,27580,2896,314,3630,0.08,x86_64,x86_64,True,True,transfer_mode=direct;workload=tcp-client,2026-04-22T18:46:19.229449,1_WiFi_6,,,,,,,,,,,
22-04-2026-direct-cold-0011,CRIU,cold,yes,323,27520,2875,330,3528,0.08,x86_64,x86_64,True,True,transfer_mode=direct;workload=tcp-client,2026-04-22T18:47:00.906374,1_WiFi_6,,,,,,,,,,,
22-04-2026-direct-cold-0012,CRIU,cold,yes,330,27271,2867,319,3516,0.08,x86_64,x86_64,True,True,transfer_mode=direct;workload=tcp-client,2026-04-22T18:47:42.661479,1_WiFi_6,,,,,,,,,,,
22-04-2026-direct-cold-0013,CRIU,cold,yes,329,27264,2854,309,3492,0.08,x86_64,x86_64,True,True,transfer_mode=direct;workload=tcp-client,2026-04-22T18:48:23.677072,1_WiFi_6,,,,,,,,,,,
22-04-2026-direct-cold-0014,CRIU,cold,yes,321,27354,2861,316,3498,0.08,x86_64,x86_64,True,True,transfer_mode=direct;workload=tcp-client,2026-04-22T18:49:05.066390,1_WiFi_6,,,,,,,,,,,
22-04-2026-direct-cold-0015,CRIU,cold,yes,321,27285,2853,324,3498,0.08,x86_64,x86_64,True,True,transfer_mode=direct;workload=tcp-client,2026-04-22T18:49:47.045727,1_WiFi_6,,,,,,,,,,,
22-04-2026-direct-cold-0016,CRIU,cold,yes,339,27436,2873,327,3539,0.08,x86_64,x86_64,True,True,transfer_mode=direct;workload=tcp-client,2026-04-22T18:50:27.693650,1_WiFi_6,,,,,,,,,,,
22-04-2026-direct-cold-0017,CRIU,cold,yes,323,27398,2860,321,3504,0.08,x86_64,x86_64,True,True,transfer_mode=direct;workload=tcp-client,2026-04-22T18:51:09.058330,1_WiFi_6,,,,,,,,,,,
22-04-2026-direct-cold-0018,CRIU,cold,yes,320,27568,2884,306,3510,0.08,x86_64,x86_64,True,True,transfer_mode=direct;workload=tcp-client,2026-04-22T18:51:50.623310,1_WiFi_6,,,,,,,,,,,
22-04-2026-direct-cold-0019,CRIU,cold,yes,318,27387,2823,313,3454,0.08,x86_64,x86_64,True,True,transfer_mode=direct;workload=tcp-client,2026-04-22T18:52:31.371890,1_WiFi_6,,,,,,,,,,,
22-04-2026-host-precopy-0000,CRIU,precopy,yes,308,49216,6337,321,6966,0.06,x86_64,x86_64,True,True,transfer_mode=host;workload=tcp-client;relay_node=edge-host-1;iterations=3,2026-04-22T18:53:18.750930,1_WiFi_6,,,,,,,,,,,
22-04-2026-host-precopy-0001,CRIU,precopy,yes,313,49321,6328,315,6956,0.06,x86_64,x86_64,True,True,transfer_mode=host;workload=tcp-client;relay_node=edge-host-1;iterations=3,2026-04-22T18:54:06.290344,1_WiFi_6,,,,,,,,,,,
22-04-2026-host-precopy-0002,CRIU,precopy,yes,321,49447,6979,309,7609,0.06,x86_64,x86_64,True,True,transfer_mode=host;workload=tcp-client;relay_node=edge-host-1;iterations=3,2026-04-22T18:54:53.883628,1_WiFi_6,,,,,,,,,,,
22-04-2026-host-precopy-0003,CRIU,precopy,yes,316,49150,6700,315,7331,0.06,x86_64,x86_64,True,True,transfer_mode=host;workload=tcp-client;relay_node=edge-host-1;iterations=3,2026-04-22T18:55:41.236885,1_WiFi_6,,,,,,,,,,,
22-04-2026-host-precopy-0004,CRIU,precopy,yes,305,49339,6372,314,6991,0.06,x86_64,x86_64,True,True,transfer_mode=host;workload=tcp-client;relay_node=edge-host-1;iterations=3,2026-04-22T18:56:28.520646,1_WiFi_6,,,,,,,,,,,
22-04-2026-host-precopy-0005,CRIU,precopy,yes,407,50340,6301,313,7021,0.06,x86_64,x86_64,True,True,transfer_mode=host;workload=tcp-client;relay_node=edge-host-1;iterations=3,2026-04-22T18:57:16.147119,1_WiFi_6,,,,,,,,,,,
22-04-2026-host-precopy-0006,CRIU,precopy,yes,308,50611,6883,318,7509,0.06,x86_64,x86_64,True,True,transfer_mode=host;workload=tcp-client;relay_node=edge-host-1;iterations=3,2026-04-22T18:58:03.681168,1_WiFi_6,,,,,,,,,,,
22-04-2026-host-precopy-0007,CRIU,precopy,yes,312,49905,6270,298,6880,0.06,x86_64,x86_64,True,True,transfer_mode=host;workload=tcp-client;relay_node=edge-host-1;iterations=3,2026-04-22T18:58:50.578878,1_WiFi_6,,,,,,,,,,,
22-04-2026-host-precopy-0008,CRIU,precopy,yes,320,49074,6336,309,6965,0.06,x86_64,x86_64,True,True,transfer_mode=host;workload=tcp-client;relay_node=edge-host-1;iterations=3,2026-04-22T18:59:37.651591,1_WiFi_6,,,,,,,,,,,
22-04-2026-host-precopy-0009,CRIU,precopy,yes,321,49017,6335,310,6966,0.06,x86_64,x86_64,True,True,transfer_mode=host;workload=tcp-client;relay_node=edge-host-1;iterations=3,2026-04-22T19:00:25.270355,1_WiFi_6,,,,,,,,,,,
22-04-2026-host-precopy-0010,CRIU,precopy,yes,304,49117,6918,313,7535,0.06,x86_64,x86_64,True,True,transfer_mode=host;workload=tcp-client;relay_node=edge-host-1;iterations=3,2026-04-22T19:01:12.627649,1_WiFi_6,,,,,,,,,,,
22-04-2026-host-precopy-0011,CRIU,precopy,yes,594,50375,6364,317,7275,0.06,x86_64,x86_64,True,True,transfer_mode=host;workload=tcp-client;relay_node=edge-host-1;iterations=3,2026-04-22T19:01:59.603037,1_WiFi_6,,,,,,,,,,,
22-04-2026-host-precopy-0012,CRIU,precopy,yes,314,50579,6327,310,6951,0.06,x86_64,x86_64,True,True,transfer_mode=host;workload=tcp-client;relay_node=edge-host-1;iterations=3,2026-04-22T19:02:46.599521,1_WiFi_6,,,,,,,,,,,
22-04-2026-host-precopy-0013,CRIU,precopy,yes,312,49208,6484,317,7113,0.06,x86_64,x86_64,True,True,transfer_mode=host;workload=tcp-client;relay_node=edge-host-1;iterations=3,2026-04-22T19:03:34.327453,1_WiFi_6,,,,,,,,,,,
22-04-2026-host-precopy-0014,CRIU,precopy,yes,313,49247,6872,300,7485,0.06,x86_64,x86_64,True,True,transfer_mode=host;workload=tcp-client;relay_node=edge-host-1;iterations=3,2026-04-22T19:04:21.902458,1_WiFi_6,,,,,,,,,,,
22-04-2026-host-precopy-0015,CRIU,precopy,yes,318,50515,6332,318,6968,0.06,x86_64,x86_64,True,True,transfer_mode=host;workload=tcp-client;relay_node=edge-host-1;iterations=3,2026-04-22T19:05:08.977619,1_WiFi_6,,,,,,,,,,,
22-04-2026-host-precopy-0016,CRIU,precopy,yes,306,50078,6588,308,7202,0.06,x86_64,x86_64,True,True,transfer_mode=host;workload=tcp-client;relay_node=edge-host-1;iterations=3,2026-04-22T19:05:56.267918,1_WiFi_6,,,,,,,,,,,
22-04-2026-host-precopy-0017,CRIU,precopy,yes,311,49710,6329,307,6947,0.06,x86_64,x86_64,True,True,transfer_mode=host;workload=tcp-client;relay_node=edge-host-1;iterations=3,2026-04-22T19:06:43.770313,1_WiFi_6,,,,,,,,,,,
22-04-2026-host-precopy-0018,CRIU,precopy,yes,305,50324,6855,320,7480,0.06,x86_64,x86_64,True,True,transfer_mode=host;workload=tcp-client;relay_node=edge-host-1;iterations=3,2026-04-22T19:07:31.236491,1_WiFi_6,,,,,,,,,,,
22-04-2026-host-precopy-0019,CRIU,precopy,yes,309,49146,6361,316,6986,0.06,x86_64,x86_64,True,True,transfer_mode=host;workload=tcp-client;relay_node=edge-host-1;iterations=3,2026-04-22T19:08:18.010071,1_WiFi_6,,,,,,,,,,,
22-04-2026-direct-precopy-0000,CRIU,precopy,yes,304,49326,2854,311,3469,0.14,x86_64,x86_64,True,True,transfer_mode=direct;workload=tcp-client;iterations=3,2026-04-22T19:09:03.961081,1_WiFi_6,,,,,,,,,,,
22-04-2026-direct-precopy-0001,CRIU,precopy,yes,328,50405,2869,316,3513,0.14,x86_64,x86_64,True,True,transfer_mode=direct;workload=tcp-client;iterations=3,2026-04-22T19:09:49.400868,1_WiFi_6,,,,,,,,,,,
22-04-2026-direct-precopy-0002,CRIU,precopy,yes,316,49312,2875,316,3507,0.14,x86_64,x86_64,True,True,transfer_mode=direct;workload=tcp-client;iterations=3,2026-04-22T19:10:34.829419,1_WiFi_6,,,,,,,,,,,
22-04-2026-direct-precopy-0003,CRIU,precopy,yes,314,49368,2933,326,3573,0.13,x86_64,x86_64,True,True,transfer_mode=direct;workload=tcp-client;iterations=3,2026-04-22T19:11:20.468246,1_WiFi_6,,,,,,,,,,,
22-04-2026-direct-precopy-0004,CRIU,precopy,yes,307,49037,2878,318,3503,0.14,x86_64,x86_64,True,True,transfer_mode=direct;workload=tcp-client;iterations=3,2026-04-22T19:12:06.400366,1_WiFi_6,,,,,,,,,,,
22-04-2026-direct-precopy-0005,CRIU,precopy,yes,307,49314,3109,316,3732,0.13,x86_64,x86_64,True,True,transfer_mode=direct;workload=tcp-client;iterations=3,2026-04-22T19:12:52.101883,1_WiFi_6,,,,,,,,,,,
22-04-2026-direct-precopy-0006,CRIU,precopy,yes,321,49984,2878,310,3509,0.14,x86_64,x86_64,True,True,transfer_mode=direct;workload=tcp-client;iterations=3,2026-04-22T19:13:37.798785,1_WiFi_6,,,,,,,,,,,
22-04-2026-direct-precopy-0007,CRIU,precopy,yes,316,49249,2865,306,3487,0.14,x86_64,x86_64,True,True,transfer_mode=direct;workload=tcp-client;iterations=3,2026-04-22T19:14:23.320687,1_WiFi_6,,,,,,,,,,,
22-04-2026-direct-precopy-0008,CRIU,precopy,yes,314,49874,2862,311,3487,0.14,x86_64,x86_64,True,True,transfer_mode=direct;workload=tcp-client;iterations=3,2026-04-22T19:15:08.725873,1_WiFi_6,,,,,,,,,,,
22-04-2026-direct-precopy-0009,CRIU,precopy,yes,308,49311,2857,321,3486,0.14,x86_64,x86_64,True,True,transfer_mode=direct;workload=tcp-client;iterations=3,2026-04-22T19:15:54.244326,1_WiFi_6,,,,,,,,,,,
22-04-2026-direct-precopy-0010,CRIU,precopy,yes,303,49452,2853,303,3459,0.14,x86_64,x86_64,True,True,transfer_mode=direct;workload=tcp-client;iterations=3,2026-04-22T19:16:39.991014,1_WiFi_6,,,,,,,,,,,
22-04-2026-direct-precopy-0011,CRIU,precopy,yes,316,49865,2846,313,3475,0.14,x86_64,x86_64,True,True,transfer_mode=direct;workload=tcp-client;iterations=3,2026-04-22T19:17:25.062863,1_WiFi_6,,,,,,,,,,,
22-04-2026-direct-precopy-0012,CRIU,precopy,yes,315,49036,2850,316,3481,0.14,x86_64,x86_64,True,True,transfer_mode=direct;workload=tcp-client;iterations=3,2026-04-22T19:18:11.182750,1_WiFi_6,,,,,,,,,,,
22-04-2026-direct-precopy-0013,CRIU,precopy,yes,306,49018,2862,311,3479,0.14,x86_64,x86_64,True,True,transfer_mode=direct;workload=tcp-client;iterations=3,2026-04-22T19:18:56.678294,1_WiFi_6,,,,,,,,,,,
22-04-2026-host-cold-0020,CRIU,cold,yes,326,27343,6521,316,7163,0.03,x86_64,x86_64,True,True,transfer_mode=host;workload=tcp-client;relay_node=edge-host-1,2026-04-22T21:51:36.133015,SMOKE-2026-04-22,0,0,20554,0,0,,,,,,
22-04-2026-direct-cold-0020,CRIU,cold,yes,368,27580,3270,329,3967,0.07,x86_64,x86_64,True,True,transfer_mode=direct;workload=tcp-client,2026-04-22T21:52:19.426154,SMOKE-2026-04-22,0,0,19900,0,0,,,,,,
22-04-2026-host-precopy-0020,CRIU,precopy,yes,337,41742,6898,339,7574,0.05,x86_64,x86_64,True,True,transfer_mode=host;workload=tcp-client;relay_node=edge-host-1;iterations=1,2026-04-22T21:53:06.021255,SMOKE-2026-04-22,1323,337,22585,0,0,,,,,,
22-04-2026-direct-precopy-0014,CRIU,precopy,yes,436,41920,3122,351,3909,0.11,x86_64,x86_64,True,True,transfer_mode=direct;workload=tcp-client;iterations=1,2026-04-22T21:53:52.267764,SMOKE-2026-04-22,1343,436,21319,0,0,,,,,,
22-04-2026-host-postcopy-0000,CRIU,postcopy,yes,772,24569,6913,389,8074,0.03,x86_64,x86_64,True,True,transfer_mode=host;workload=tcp-client;relay_node=edge-host-1;lazy_pages_port=9999,2026-04-22T21:54:41.228796,SMOKE-2026-04-22,0,772,25046,5017,3165,,,,,,
22-04-2026-direct-postcopy-0000,CRIU,postcopy,yes,754,24893,3938,377,5069,0.05,x86_64,x86_64,True,True,transfer_mode=direct;workload=tcp-client;lazy_pages_port=9999,2026-04-22T21:55:29.639738,SMOKE-2026-04-22,0,754,23944,5253,3005,,,,,,
29-04-2026-host-cold-0000,CRIU,cold,yes,342,27548,6863,360,7565,0.03,x86_64,x86_64,True,True,transfer_mode=host;workload=tcp-client;relay_node=edge-host-1,2026-04-30T00:00:26.547197,1_WiFi_6,0,0,20703,0,0,,,,,,
29-04-2026-direct-cold-0000,CRIU,cold,yes,330,27626,3067,302,3699,0.07,x86_64,x86_64,True,True,transfer_mode=direct;workload=tcp-client,2026-04-30T00:01:06.620693,1_WiFi_6,0,0,19043,0,0,,,,,,
29-04-2026-host-precopy-0000,CRIU,precopy,yes,275,50403,6941,303,7519,0.06,x86_64,x86_64,True,True,transfer_mode=host;workload=tcp-client;relay_node=edge-host-1;iterations=3,2026-04-30T00:01:51.851512,1_WiFi_6,3921,275,24873,0,0,,,,,,
29-04-2026-direct-precopy-0000,CRIU,precopy,yes,314,49340,3078,327,3719,0.13,x86_64,x86_64,True,True,transfer_mode=direct;workload=tcp-client;iterations=3,2026-04-30T00:02:35.686305,1_WiFi_6,3888,314,22883,0,0,,,,,,
29-04-2026-host-postcopy-0000,CRIU,postcopy,yes,728,24647,6735,341,7804,0.03,x86_64,x86_64,True,True,transfer_mode=host;workload=tcp-client;relay_node=edge-host-1;lazy_pages_port=9999,2026-04-30T00:03:19.624547,1_WiFi_6,0,728,22950,4740,2867,,,,,,
29-04-2026-direct-postcopy-0000,CRIU,postcopy,yes,714,24659,3046,335,4095,0.06,x86_64,x86_64,True,True,transfer_mode=direct;workload=tcp-client;lazy_pages_port=9999,2026-04-30T00:04:01.459830,1_WiFi_6,0,714,21451,5070,3133,,,,,,
30-04-2026-host-cold-0000,CRIU,cold,yes,336,27557,7448,316,8100,0.03,x86_64,x86_64,True,True,transfer_mode=host;workload=tcp-client;relay_node=edge-host-1,2026-04-30T00:15:49.878759,2_5G,0,0,21133,0,0,,,,,,
30-04-2026-direct-cold-0000,CRIU,cold,yes,330,27504,3427,325,4082,0.06,x86_64,x86_64,True,True,transfer_mode=direct;workload=tcp-client,2026-04-30T00:16:30.493203,2_5G,0,0,19779,0,0,,,,,,
30-04-2026-host-precopy-0000,CRIU,precopy,yes,319,50111,7612,334,8265,0.05,x86_64,x86_64,True,True,transfer_mode=host;workload=tcp-client;relay_node=edge-host-1;iterations=3,2026-04-30T00:17:16.745972,2_5G,3892,319,25960,0,0,,,,,,
30-04-2026-direct-precopy-0000,CRIU,precopy,yes,298,49996,3586,351,4235,0.11,x86_64,x86_64,True,True,transfer_mode=direct;workload=tcp-client;iterations=3,2026-04-30T00:18:01.562256,2_5G,4091,298,23823,0,0,,,,,,
30-04-2026-host-postcopy-0000,CRIU,postcopy,yes,686,24734,7438,400,8524,0.03,x86_64,x86_64,True,True,transfer_mode=host;workload=tcp-client;relay_node=edge-host-1;lazy_pages_port=9999,2026-04-30T00:18:46.050838,2_5G,0,686,23512,4797,3133,,,,,,
30-04-2026-direct-postcopy-0000,CRIU,postcopy,yes,828,24921,3922,420,5170,0.05,x86_64,x86_64,True,True,transfer_mode=direct;workload=tcp-client;lazy_pages_port=9999,2026-04-30T00:19:28.690831,2_5G,0,828,22226,4821,3133,,,,,,
30-04-2026-host-cold-0001,CRIU,cold,yes,326,27467,6694,334,7354,0.03,x86_64,x86_64,True,True,transfer_mode=host;workload=tcp-client;relay_node=edge-host-1,2026-04-30T03:04:19.552787,1_WiFi_6,0,0,20267,0,0,,,,,,
30-04-2026-host-cold-0002,CRIU,cold,yes,355,27309,7423,299,8077,0.03,x86_64,x86_64,True,True,transfer_mode=host;workload=tcp-client;relay_node=edge-host-1,2026-04-30T03:05:01.487428,1_WiFi_6,0,0,21379,0,0,,,,,,
30-04-2026-host-cold-0003,CRIU,cold,yes,326,27558,6821,296,7443,0.03,x86_64,x86_64,True,True,transfer_mode=host;workload=tcp-client;relay_node=edge-host-1,2026-04-30T03:05:42.137337,1_WiFi_6,0,0,20289,0,0,,,,,,
30-04-2026-host-cold-0004,CRIU,cold,yes,364,27421,6854,310,7528,0.03,x86_64,x86_64,True,True,transfer_mode=host;workload=tcp-client;relay_node=edge-host-1,2026-04-30T03:06:23.589279,1_WiFi_6,0,0,20479,0,0,,,,,,
30-04-2026-host-cold-0005,CRIU,cold,yes,340,27469,7490,349,8179,0.03,x86_64,x86_64,True,True,transfer_mode=host;workload=tcp-client;relay_node=edge-host-1,2026-04-30T03:07:05.375181,1_WiFi_6,0,0,21080,0,0,,,,,,
30-04-2026-host-cold-0006,CRIU,cold,yes,399,27644,6815,318,7532,0.03,x86_64,x86_64,True,True,transfer_mode=host;workload=tcp-client;relay_node=edge-host-1,2026-04-30T03:07:45.817888,1_WiFi_6,0,0,20301,0,0,,,,,,
30-04-2026-host-cold-0007,CRIU,cold,yes,341,27447,6890,308,7539,0.03,x86_64,x86_64,True,True,transfer_mode=host;workload=tcp-client;relay_node=edge-host-1,2026-04-30T03:08:27.437219,1_WiFi_6,0,0,20359,0,0,,,,,,
30-04-2026-host-cold-0008,CRIU,cold,yes,337,27484,7427,318,8082,0.03,x86_64,x86_64,True,True,transfer_mode=host;workload=tcp-client;relay_node=edge-host-1,2026-04-30T03:09:08.941668,1_WiFi_6,0,0,20834,0,0,,,,,,
30-04-2026-host-cold-0009,CRIU,cold,yes,332,27477,6743,321,7396,0.03,x86_64,x86_64,True,True,transfer_mode=host;workload=tcp-client;relay_node=edge-host-1,2026-04-30T03:09:49.411069,1_WiFi_6,0,0,20121,0,0,,,,,,
30-04-2026-host-cold-0010,CRIU,cold,yes,313,27595,6704,306,7323,0.03,x86_64,x86_64,True,True,transfer_mode=host;workload=tcp-client;relay_node=edge-host-1,2026-04-30T03:10:30.744642,1_WiFi_6,0,0,20138,0,0,,,,,,
30-04-2026-host-cold-0011,CRIU,cold,yes,324,27655,7285,306,7915,0.03,x86_64,x86_64,True,True,transfer_mode=host;workload=tcp-client;relay_node=edge-host-1,2026-04-30T03:11:12.213460,1_WiFi_6,0,0,20824,0,0,,,,,,
30-04-2026-host-cold-0012,CRIU,cold,yes,357,27467,6803,339,7499,0.03,x86_64,x86_64,True,True,transfer_mode=host;workload=tcp-client;relay_node=edge-host-1,2026-04-30T03:11:53.166960,1_WiFi_6,0,0,20567,0,0,,,,,,
30-04-2026-host-cold-0013,CRIU,cold,yes,321,27384,6837,307,7465,0.03,x86_64,x86_64,True,True,transfer_mode=host;workload=tcp-client;relay_node=edge-host-1,2026-04-30T03:12:34.625704,1_WiFi_6,0,0,20237,0,0,,,,,,
30-04-2026-host-cold-0014,CRIU,cold,yes,341,27498,7379,316,8036,0.03,x86_64,x86_64,True,True,transfer_mode=host;workload=tcp-client;relay_node=edge-host-1,2026-04-30T03:13:16.413673,1_WiFi_6,0,0,20998,0,0,,,,,,
30-04-2026-host-cold-0015,CRIU,cold,yes,356,27613,7021,309,7686,0.03,x86_64,x86_64,True,True,transfer_mode=host;workload=tcp-client;relay_node=edge-host-1,2026-04-30T03:13:57.424661,1_WiFi_6,0,0,20378,0,0,,,,,,
30-04-2026-host-cold-0016,CRIU,cold,yes,304,27458,6748,314,7366,0.03,x86_64,x86_64,True,True,transfer_mode=host;workload=tcp-client;relay_node=edge-host-1,2026-04-30T03:14:38.739928,1_WiFi_6,0,0,20130,0,0,,,,,,
30-04-2026-host-cold-0017,CRIU,cold,yes,378,27570,7448,321,8147,0.03,x86_64,x86_64,True,True,transfer_mode=host;workload=tcp-client;relay_node=edge-host-1,2026-04-30T03:15:19.859498,1_WiFi_6,0,0,20801,0,0,,,,,,
30-04-2026-host-cold-0018,CRIU,cold,yes,318,27506,6812,308,7438,0.03,x86_64,x86_64,True,True,transfer_mode=host;workload=tcp-client;relay_node=edge-host-1,2026-04-30T03:16:00.903132,1_WiFi_6,0,0,20298,0,0,,,,,,
30-04-2026-host-cold-0019,CRIU,cold,yes,349,27573,6621,308,7278,0.03,x86_64,x86_64,True,True,transfer_mode=host;workload=tcp-client;relay_node=edge-host-1,2026-04-30T03:16:42.251427,1_WiFi_6,0,0,20133,0,0,,,,,,
30-04-2026-host-cold-0020,CRIU,cold,yes,334,27526,7361,376,8071,0.03,x86_64,x86_64,True,True,transfer_mode=host;workload=tcp-client;relay_node=edge-host-1,2026-04-30T03:17:23.600173,1_WiFi_6,0,0,20841,0,0,,,,,,
30-04-2026-host-cold-0021,CRIU,cold,yes,359,27616,6771,319,7449,0.03,x86_64,x86_64,True,True,transfer_mode=host;workload=tcp-client;relay_node=edge-host-1,2026-04-30T03:18:04.105293,1_WiFi_6,0,0,20198,0,0,,,,,,
30-04-2026-host-cold-0022,CRIU,cold,yes,339,27590,6743,315,7397,0.03,x86_64,x86_64,True,True,transfer_mode=host;workload=tcp-client;relay_node=edge-host-1,2026-04-30T03:18:45.644880,1_WiFi_6,0,0,20193,0,0,,,,,,
30-04-2026-host-cold-0023,CRIU,cold,yes,350,27487,7521,318,8189,0.03,x86_64,x86_64,True,True,transfer_mode=host;workload=tcp-client;relay_node=edge-host-1,2026-04-30T03:19:27.434808,1_WiFi_6,0,0,20949,0,0,,,,,,
30-04-2026-host-cold-0024,CRIU,cold,yes,344,27530,6651,336,7331,0.03,x86_64,x86_64,True,True,transfer_mode=host;workload=tcp-client;relay_node=edge-host-1,2026-04-30T03:20:07.756066,1_WiFi_6,0,0,20080,0,0,,,,,,
30-04-2026-host-cold-0025,CRIU,cold,yes,347,27370,6778,344,7469,0.03,x86_64,x86_64,True,True,transfer_mode=host;workload=tcp-client;relay_node=edge-host-1,2026-04-30T03:20:49.394741,1_WiFi_6,0,0,20366,0,0,,,,,,
30-04-2026-host-cold-0026,CRIU,cold,yes,339,27682,7088,318,7745,0.03,x86_64,x86_64,True,True,transfer_mode=host;workload=tcp-client;relay_node=edge-host-1,2026-04-30T03:21:30.726282,1_WiFi_6,0,0,20617,0,0,,,,,,
30-04-2026-host-cold-0027,CRIU,cold,yes,350,27418,6977,321,7648,0.03,x86_64,x86_64,True,True,transfer_mode=host;workload=tcp-client;relay_node=edge-host-1,2026-04-30T03:22:11.774771,1_WiFi_6,0,0,20609,0,0,,,,,,
30-04-2026-host-cold-0028,CRIU,cold,yes,328,27574,6832,348,7508,0.03,x86_64,x86_64,True,True,transfer_mode=host;workload=tcp-client;relay_node=edge-host-1,2026-04-30T03:22:53.575495,1_WiFi_6,0,0,20454,0,0,,,,,,
30-04-2026-host-cold-0029,CRIU,cold,yes,344,27586,7572,319,8235,0.03,x86_64,x86_64,True,True,transfer_mode=host;workload=tcp-client;relay_node=edge-host-1,2026-04-30T03:23:35.511221,1_WiFi_6,0,0,20974,0,0,,,,,,
30-04-2026-host-cold-0030,CRIU,cold,yes,318,27469,6909,305,7532,0.03,x86_64,x86_64,True,True,transfer_mode=host;workload=tcp-client;relay_node=edge-host-1,2026-04-30T03:24:16.146250,1_WiFi_6,0,0,20362,0,0,,,,,,
30-04-2026-host-cold-0031,CRIU,cold,yes,341,27434,6735,348,7424,0.03,x86_64,x86_64,True,True,transfer_mode=host;workload=tcp-client;relay_node=edge-host-1,2026-04-30T03:24:57.698950,1_WiFi_6,0,0,20227,0,0,,,,,,
30-04-2026-host-cold-0032,CRIU,cold,yes,350,27461,7248,307,7905,0.03,x86_64,x86_64,True,True,transfer_mode=host;workload=tcp-client;relay_node=edge-host-1,2026-04-30T03:25:39.146677,1_WiFi_6,0,0,20834,0,0,,,,,,
30-04-2026-host-cold-0033,CRIU,cold,yes,323,27471,6722,309,7354,0.03,x86_64,x86_64,True,True,transfer_mode=host;workload=tcp-client;relay_node=edge-host-1,2026-04-30T03:26:19.917698,1_WiFi_6,0,0,20359,0,0,,,,,,
30-04-2026-host-cold-0034,CRIU,cold,yes,326,27567,6886,311,7523,0.03,x86_64,x86_64,True,True,transfer_mode=host;workload=tcp-client;relay_node=edge-host-1,2026-04-30T03:27:01.870399,1_WiFi_6,0,0,20575,0,0,,,,,,
30-04-2026-host-cold-0035,CRIU,cold,yes,335,27557,7342,312,7989,0.03,x86_64,x86_64,True,True,transfer_mode=host;workload=tcp-client;relay_node=edge-host-1,2026-04-30T03:27:43.577543,1_WiFi_6,0,0,20916,0,0,,,,,,
30-04-2026-host-cold-0036,CRIU,cold,yes,301,27496,6671,307,7279,0.03,x86_64,x86_64,True,True,transfer_mode=host;workload=tcp-client;relay_node=edge-host-1,2026-04-30T03:28:23.973335,1_WiFi_6,0,0,20312,0,0,,,,,,
30-04-2026-host-cold-0037,CRIU,cold,yes,329,27629,6801,306,7436,0.03,x86_64,x86_64,True,True,transfer_mode=host;workload=tcp-client;relay_node=edge-host-1,2026-04-30T03:29:06.111094,1_WiFi_6,0,0,20546,0,0,,,,,,
30-04-2026-host-cold-0038,CRIU,cold,yes,339,27486,7366,392,8097,0.03,x86_64,x86_64,True,True,transfer_mode=host;workload=tcp-client;relay_node=edge-host-1,2026-04-30T03:29:48.065584,1_WiFi_6,0,0,21134,0,0,,,,,,
30-04-2026-host-cold-0039,CRIU,cold,yes,318,27442,6710,317,7345,0.03,x86_64,x86_64,True,True,transfer_mode=host;workload=tcp-client;relay_node=edge-host-1,2026-04-30T03:30:28.421663,1_WiFi_6,0,0,20139,0,0,,,,,,
30-04-2026-host-cold-0040,CRIU,cold,yes,342,27495,6759,341,7442,0.03,x86_64,x86_64,True,True,transfer_mode=host;workload=tcp-client;relay_node=edge-host-1,2026-04-30T03:31:10.112155,1_WiFi_6,0,0,20339,0,0,,,,,,
30-04-2026-host-cold-0041,CRIU,cold,yes,370,27525,7286,326,7982,0.03,x86_64,x86_64,True,True,transfer_mode=host;workload=tcp-client;relay_node=edge-host-1,2026-04-30T03:31:51.670965,1_WiFi_6,0,0,20774,0,0,,,,,,
30-04-2026-host-cold-0042,CRIU,cold,yes,288,27423,6921,322,7531,0.03,x86_64,x86_64,True,True,transfer_mode=host;workload=tcp-client;relay_node=edge-host-1,2026-04-30T03:32:32.289359,1_WiFi_6,0,0,20428,0,0,,,,,,
30-04-2026-host-cold-0043,CRIU,cold,yes,336,27455,6950,324,7610,0.03,x86_64,x86_64,True,True,transfer_mode=host;workload=tcp-client;relay_node=edge-host-1,2026-04-30T03:33:13.966656,1_WiFi_6,0,0,20453,0,0,,,,,,
30-04-2026-host-cold-0044,CRIU,cold,yes,315,27451,7442,329,8086,0.03,x86_64,x86_64,True,True,transfer_mode=host;workload=tcp-client;relay_node=edge-host-1,2026-04-30T03:33:55.409149,1_WiFi_6,0,0,20958,0,0,,,,,,
30-04-2026-host-cold-0045,CRIU,cold,yes,349,27383,6585,303,7237,0.03,x86_64,x86_64,True,True,transfer_mode=host;workload=tcp-client;relay_node=edge-host-1,2026-04-30T03:34:35.648758,1_WiFi_6,0,0,20101,0,0,,,,,,
30-04-2026-host-cold-0046,CRIU,cold,yes,325,27337,6783,296,7404,0.03,x86_64,x86_64,True,True,transfer_mode=host;workload=tcp-client;relay_node=edge-host-1,2026-04-30T03:35:16.911209,1_WiFi_6,0,0,20205,0,0,,,,,,
30-04-2026-host-cold-0047,CRIU,cold,yes,375,27616,7468,318,8161,0.03,x86_64,x86_64,True,True,transfer_mode=host;workload=tcp-client;relay_node=edge-host-1,2026-04-30T03:35:58.685445,1_WiFi_6,0,0,21096,0,0,,,,,,
30-04-2026-host-cold-0048,CRIU,cold,yes,289,27310,6819,326,7434,0.03,x86_64,x86_64,True,True,transfer_mode=host;workload=tcp-client;relay_node=edge-host-1,2026-04-30T03:36:39.424409,1_WiFi_6,0,0,20298,0,0,,,,,,
30-04-2026-host-cold-0049,CRIU,cold,yes,353,27594,6742,319,7414,0.03,x86_64,x86_64,True,True,transfer_mode=host;workload=tcp-client;relay_node=edge-host-1,2026-04-30T03:37:21.264318,1_WiFi_6,0,0,20390,0,0,,,,,,
30-04-2026-direct-cold-0001,CRIU,cold,yes,322,27482,3016,338,3676,0.07,x86_64,x86_64,True,True,transfer_mode=direct;workload=tcp-client,2026-04-30T03:39:52.345463,1_WiFi_6,0,0,18725,0,0,,,,,,
30-04-2026-direct-cold-0002,CRIU,cold,yes,332,27442,3118,299,3749,0.07,x86_64,x86_64,True,True,transfer_mode=direct;workload=tcp-client,2026-04-30T03:40:31.722663,1_WiFi_6,0,0,19314,0,0,,,,,,
30-04-2026-direct-cold-0003,CRIU,cold,yes,336,27424,3024,297,3657,0.07,x86_64,x86_64,True,True,transfer_mode=direct;workload=tcp-client,2026-04-30T03:41:10.463784,1_WiFi_6,0,0,18475,0,0,,,,,,
30-04-2026-direct-cold-0004,CRIU,cold,yes,374,27536,3470,346,4190,0.06,x86_64,x86_64,True,True,transfer_mode=direct;workload=tcp-client,2026-04-30T03:41:50.727200,1_WiFi_6,0,0,19631,0,0,,,,,,
30-04-2026-direct-cold-0005,CRIU,cold,yes,318,27366,3374,308,4000,0.06,x86_64,x86_64,True,True,transfer_mode=direct;workload=tcp-client,2026-04-30T03:42:29.866147,1_WiFi_6,0,0,18671,0,0,,,,,,
30-04-2026-direct-cold-0006,CRIU,cold,yes,357,27662,3179,319,3855,0.07,x86_64,x86_64,True,True,transfer_mode=direct;workload=tcp-client,2026-04-30T03:43:09.870390,1_WiFi_6,0,0,18829,0,0,,,,,,
30-04-2026-direct-cold-0007,CRIU,cold,yes,335,27420,3119,450,3904,0.07,x86_64,x86_64,True,True,transfer_mode=direct;workload=tcp-client,2026-04-30T03:43:49.834148,1_WiFi_6,0,0,19173,0,0,,,,,,
30-04-2026-direct-cold-0008,CRIU,cold,yes,358,27531,3024,294,3676,0.07,x86_64,x86_64,True,True,transfer_mode=direct;workload=tcp-client,2026-04-30T03:44:28.788499,1_WiFi_6,0,0,18375,0,0,,,,,,
30-04-2026-direct-cold-0009,CRIU,cold,yes,324,27615,3086,271,3681,0.07,x86_64,x86_64,True,True,transfer_mode=direct;workload=tcp-client,2026-04-30T03:45:09.036097,1_WiFi_6,0,0,19177,0,0,,,,,,
30-04-2026-direct-cold-0010,CRIU,cold,yes,341,27489,3132,338,3811,0.07,x86_64,x86_64,True,True,transfer_mode=direct;workload=tcp-client,2026-04-30T03:45:48.244092,1_WiFi_6,0,0,18924,0,0,,,,,,
30-04-2026-direct-cold-0011,CRIU,cold,yes,335,27382,3048,361,3744,0.07,x86_64,x86_64,True,True,transfer_mode=direct;workload=tcp-client,2026-04-30T03:46:27.667494,1_WiFi_6,0,0,18498,0,0,,,,,,
30-04-2026-direct-cold-0012,CRIU,cold,yes,323,27581,3135,301,3759,0.07,x86_64,x86_64,True,True,transfer_mode=direct;workload=tcp-client,2026-04-30T03:47:07.710816,1_WiFi_6,0,0,19378,0,0,,,,,,
30-04-2026-direct-cold-0013,CRIU,cold,yes,322,27435,3584,282,4188,0.06,x86_64,x86_64,True,True,transfer_mode=direct;workload=tcp-client,2026-04-30T03:47:46.527242,1_WiFi_6,0,0,18656,0,0,,,,,,
30-04-2026-direct-cold-0014,CRIU,cold,yes,322,27468,3038,431,3791,0.07,x86_64,x86_64,True,True,transfer_mode=direct;workload=tcp-client,2026-04-30T03:48:35.708753,1_WiFi_6,0,0,18603,0,0,,,,,,
30-04-2026-direct-cold-0015,CRIU,cold,yes,333,27352,3113,367,3813,0.07,x86_64,x86_64,True,True,transfer_mode=direct;workload=tcp-client,2026-04-30T03:49:15.525801,1_WiFi_6,0,0,19208,0,0,,,,,,
30-04-2026-direct-cold-0016,CRIU,cold,yes,398,27350,3088,301,3787,0.07,x86_64,x86_64,True,True,transfer_mode=direct;workload=tcp-client,2026-04-30T03:49:54.830296,1_WiFi_6,0,0,19036,0,0,,,,,,
30-04-2026-direct-cold-0017,CRIU,cold,yes,360,27510,3141,329,3830,0.07,x86_64,x86_64,True,True,transfer_mode=direct;workload=tcp-client,2026-04-30T03:50:34.650153,1_WiFi_6,0,0,19133,0,0,,,,,,
30-04-2026-direct-cold-0018,CRIU,cold,yes,371,27456,3076,330,3777,0.07,x86_64,x86_64,True,True,transfer_mode=direct;workload=tcp-client,2026-04-30T03:51:14.410197,1_WiFi_6,0,0,18834,0,0,,,,,,
30-04-2026-direct-cold-0019,CRIU,cold,yes,365,27447,3377,319,4061,0.07,x86_64,x86_64,True,True,transfer_mode=direct;workload=tcp-client,2026-04-30T03:51:53.821328,1_WiFi_6,0,0,18701,0,0,,,,,,
30-04-2026-direct-cold-0020,CRIU,cold,yes,322,27320,3062,321,3705,0.07,x86_64,x86_64,True,True,transfer_mode=direct;workload=tcp-client,2026-04-30T03:52:33.261106,1_WiFi_6,0,0,18892,0,0,,,,,,
30-04-2026-direct-cold-0021,CRIU,cold,yes,338,27629,3028,318,3684,0.07,x86_64,x86_64,True,True,transfer_mode=direct;workload=tcp-client,2026-04-30T03:53:21.839308,1_WiFi_6,0,0,18811,0,0,,,,,,
30-04-2026-direct-cold-0022,CRIU,cold,yes,327,27432,3497,316,4140,0.06,x86_64,x86_64,True,True,transfer_mode=direct;workload=tcp-client,2026-04-30T03:54:01.443734,1_WiFi_6,0,0,18932,0,0,,,,,,
30-04-2026-direct-cold-0023,CRIU,cold,yes,348,27761,3149,336,3833,0.07,x86_64,x86_64,True,True,transfer_mode=direct;workload=tcp-client,2026-04-30T03:54:41.121752,1_WiFi_6,0,0,18982,0,0,,,,,,
30-04-2026-direct-cold-0024,CRIU,cold,yes,330,27610,3209,341,3880,0.07,x86_64,x86_64,True,True,transfer_mode=direct;workload=tcp-client,2026-04-30T03:55:20.800207,1_WiFi_6,0,0,18967,0,0,,,,,,
30-04-2026-direct-cold-0025,CRIU,cold,yes,318,27704,3123,363,3804,0.07,x86_64,x86_64,True,True,transfer_mode=direct;workload=tcp-client,2026-04-30T03:56:00.322083,1_WiFi_6,0,0,19137,0,0,,,,,,
30-04-2026-direct-cold-0026,CRIU,cold,yes,354,27430,3156,315,3825,0.07,x86_64,x86_64,True,True,transfer_mode=direct;workload=tcp-client,2026-04-30T03:56:40.006718,1_WiFi_6,0,0,18749,0,0,,,,,,
30-04-2026-direct-cold-0027,CRIU,cold,yes,329,27632,3189,396,3914,0.07,x86_64,x86_64,True,True,transfer_mode=direct;workload=tcp-client,2026-04-30T03:57:20.087850,1_WiFi_6,0,0,19312,0,0,,,,,,
30-04-2026-direct-cold-0028,CRIU,cold,yes,340,27623,2994,337,3671,0.07,x86_64,x86_64,True,True,transfer_mode=direct;workload=tcp-client,2026-04-30T03:57:59.010165,1_WiFi_6,0,0,18698,0,0,,,,,,
30-04-2026-direct-cold-0029,CRIU,cold,yes,352,27617,3187,314,3853,0.07,x86_64,x86_64,True,True,transfer_mode=direct;workload=tcp-client,2026-04-30T03:58:38.546705,1_WiFi_6,0,0,18606,0,0,,,,,,
30-04-2026-direct-cold-0030,CRIU,cold,yes,322,27531,3136,328,3786,0.07,x86_64,x86_64,True,True,transfer_mode=direct;workload=tcp-client,2026-04-30T03:59:17.917205,1_WiFi_6,0,0,19248,0,0,,,,,,
30-04-2026-direct-cold-0031,CRIU,cold,yes,340,27504,3042,320,3702,0.07,x86_64,x86_64,True,True,transfer_mode=direct;workload=tcp-client,2026-04-30T03:59:57.159672,1_WiFi_6,0,0,18457,0,0,,,,,,
30-04-2026-direct-cold-0032,CRIU,cold,yes,366,27411,3140,320,3826,0.07,x86_64,x86_64,True,True,transfer_mode=direct;workload=tcp-client,2026-04-30T04:00:37.466141,1_WiFi_6,0,0,18962,0,0,,,,,,
30-04-2026-direct-cold-0033,CRIU,cold,yes,338,27476,3030,293,3661,0.07,x86_64,x86_64,True,True,transfer_mode=direct;workload=tcp-client,2026-04-30T04:01:16.394179,1_WiFi_6,0,0,18703,0,0,,,,,,
30-04-2026-direct-cold-0034,CRIU,cold,yes,324,27709,2897,307,3528,0.08,x86_64,x86_64,True,True,transfer_mode=direct;workload=tcp-client,2026-04-30T04:01:55.887307,1_WiFi_6,0,0,18553,0,0,,,,,,
30-04-2026-direct-cold-0035,CRIU,cold,yes,324,27333,3122,299,3745,0.07,x86_64,x86_64,True,True,transfer_mode=direct;workload=tcp-client,2026-04-30T04:02:35.815036,1_WiFi_6,0,0,19640,0,0,,,,,,
30-04-2026-direct-cold-0036,CRIU,cold,yes,358,27592,3122,315,3795,0.07,x86_64,x86_64,True,True,transfer_mode=direct;workload=tcp-client,2026-04-30T04:03:14.680645,1_WiFi_6,0,0,18694,0,0,,,,,,
30-04-2026-direct-cold-0037,CRIU,cold,yes,323,27537,3167,324,3814,0.07,x86_64,x86_64,True,True,transfer_mode=direct;workload=tcp-client,2026-04-30T04:03:54.448562,1_WiFi_6,0,0,18650,0,0,,,,,,
30-04-2026-direct-cold-0038,CRIU,cold,yes,396,27380,3610,308,4314,0.06,x86_64,x86_64,True,True,transfer_mode=direct;workload=tcp-client,2026-04-30T04:04:34.555858,1_WiFi_6,0,0,19712,0,0,,,,,,
30-04-2026-direct-cold-0039,CRIU,cold,yes,330,27372,3140,324,3794,0.07,x86_64,x86_64,True,True,transfer_mode=direct;workload=tcp-client,2026-04-30T04:05:13.530760,1_WiFi_6,0,0,18684,0,0,,,,,,
30-04-2026-direct-cold-0040,CRIU,cold,yes,353,27434,3089,332,3774,0.07,x86_64,x86_64,True,True,transfer_mode=direct;workload=tcp-client,2026-04-30T04:05:53.430980,1_WiFi_6,0,0,18984,0,0,,,,,,
30-04-2026-direct-cold-0041,CRIU,cold,yes,322,27729,3060,298,3680,0.07,x86_64,x86_64,True,True,transfer_mode=direct;workload=tcp-client,2026-04-30T04:06:32.250668,1_WiFi_6,0,0,18561,0,0,,,,,,
30-04-2026-direct-cold-0042,CRIU,cold,yes,324,27600,3104,303,3731,0.07,x86_64,x86_64,True,True,transfer_mode=direct;workload=tcp-client,2026-04-30T04:07:11.920722,1_WiFi_6,0,0,18694,0,0,,,,,,
30-04-2026-direct-cold-0043,CRIU,cold,yes,322,27565,3086,309,3717,0.07,x86_64,x86_64,True,True,transfer_mode=direct;workload=tcp-client,2026-04-30T04:07:51.807220,1_WiFi_6,0,0,19291,0,0,,,,,,
30-04-2026-direct-cold-0044,CRIU,cold,yes,324,27634,3132,348,3804,0.07,x86_64,x86_64,True,True,transfer_mode=direct;workload=tcp-client,2026-04-30T04:08:30.669189,1_WiFi_6,0,0,18541,0,0,,,,,,
30-04-2026-direct-cold-0045,CRIU,cold,yes,333,27399,3095,272,3700,0.07,x86_64,x86_64,True,True,transfer_mode=direct;workload=tcp-client,2026-04-30T04:09:10.517180,1_WiFi_6,0,0,18836,0,0,,,,,,
30-04-2026-direct-cold-0046,CRIU,cold,yes,318,27411,3137,295,3750,0.07,x86_64,x86_64,True,True,transfer_mode=direct;workload=tcp-client,2026-04-30T04:09:49.892271,1_WiFi_6,0,0,19183,0,0,,,,,,
30-04-2026-direct-cold-0047,CRIU,cold,yes,324,27584,3113,335,3772,0.07,x86_64,x86_64,True,True,transfer_mode=direct;workload=tcp-client,2026-04-30T04:10:29.099503,1_WiFi_6,0,0,18725,0,0,,,,,,
30-04-2026-direct-cold-0048,CRIU,cold,yes,319,27632,3055,330,3704,0.07,x86_64,x86_64,True,True,transfer_mode=direct;workload=tcp-client,2026-04-30T04:11:08.642169,1_WiFi_6,0,0,18570,0,0,,,,,,
30-04-2026-direct-cold-0049,CRIU,cold,yes,352,27661,3042,349,3743,0.07,x86_64,x86_64,True,True,transfer_mode=direct;workload=tcp-client,2026-04-30T04:11:47.562694,1_WiFi_6,0,0,18582,0,0,,,,,,
30-04-2026-direct-cold-0050,CRIU,cold,yes,339,27636,3103,330,3772,0.07,x86_64,x86_64,True,True,transfer_mode=direct;workload=tcp-client,2026-04-30T04:12:27.324824,1_WiFi_6,0,0,18725,0,0,,,,,,
30-04-2026-host-precopy-0001,CRIU,precopy,yes,311,49167,6738,329,7378,0.06,x86_64,x86_64,True,True,transfer_mode=host;workload=tcp-client;relay_node=edge-host-1;iterations=3,2026-04-30T04:13:12.994728,1_WiFi_6,4000,311,25567,0,0,,,,,,
30-04-2026-host-precopy-0002,CRIU,precopy,yes,313,50625,7059,317,7689,0.06,x86_64,x86_64,True,True,transfer_mode=host;workload=tcp-client;relay_node=edge-host-1;iterations=3,2026-04-30T04:13:58.468206,1_WiFi_6,3913,313,25165,0,0,,,,,,
30-04-2026-host-precopy-0003,CRIU,precopy,yes,292,50040,7068,312,7672,0.06,x86_64,x86_64,True,True,transfer_mode=host;workload=tcp-client;relay_node=edge-host-1;iterations=3,2026-04-30T04:14:43.746993,1_WiFi_6,3968,292,24921,0,0,,,,,,
30-04-2026-host-precopy-0004,CRIU,precopy,yes,312,48968,7236,427,7975,0.05,x86_64,x86_64,True,True,transfer_mode=host;workload=tcp-client;relay_node=edge-host-1;iterations=3,2026-04-30T04:15:29.884390,1_WiFi_6,3914,312,25247,0,0,,,,,,
30-04-2026-host-precopy-0005,CRIU,precopy,yes,650,50602,7142,312,8104,0.06,x86_64,x86_64,True,True,transfer_mode=host;workload=tcp-client;relay_node=edge-host-1;iterations=3,2026-04-30T04:16:15.660941,1_WiFi_6,3920,650,25354,0,0,,,,,,
30-04-2026-host-precopy-0006,CRIU,precopy,yes,297,50551,6627,321,7245,0.06,x86_64,x86_64,True,True,transfer_mode=host;workload=tcp-client;relay_node=edge-host-1;iterations=3,2026-04-30T04:17:00.458971,1_WiFi_6,4067,297,24358,0,0,,,,,,
30-04-2026-host-precopy-0007,CRIU,precopy,yes,371,49530,6772,329,7472,0.06,x86_64,x86_64,True,True,transfer_mode=host;workload=tcp-client;relay_node=edge-host-1;iterations=3,2026-04-30T04:17:46.212752,1_WiFi_6,4119,371,24970,0,0,,,,,,
30-04-2026-host-precopy-0008,CRIU,precopy,yes,298,49333,6819,316,7433,0.06,x86_64,x86_64,True,True,transfer_mode=host;workload=tcp-client;relay_node=edge-host-1;iterations=3,2026-04-30T04:18:31.681535,1_WiFi_6,3902,298,24738,0,0,,,,,,
30-04-2026-host-precopy-0009,CRIU,precopy,yes,292,50506,7451,333,8076,0.05,x86_64,x86_64,True,True,transfer_mode=host;workload=tcp-client;relay_node=edge-host-1;iterations=3,2026-04-30T04:19:17.268737,1_WiFi_6,3904,292,25275,0,0,,,,,,
30-04-2026-host-precopy-0010,CRIU,precopy,yes,301,49930,6727,306,7334,0.06,x86_64,x86_64,True,True,transfer_mode=host;workload=tcp-client;relay_node=edge-host-1;iterations=3,2026-04-30T04:20:02.297953,1_WiFi_6,3954,301,24816,0,0,,,,,,
30-04-2026-host-precopy-0011,CRIU,precopy,yes,345,49915,6860,327,7532,0.06,x86_64,x86_64,True,True,transfer_mode=host;workload=tcp-client;relay_node=edge-host-1;iterations=3,2026-04-30T04:20:47.715905,1_WiFi_6,3971,345,24560,0,0,,,,,,
30-04-2026-host-precopy-0012,CRIU,precopy,yes,306,48920,6740,341,7387,0.06,x86_64,x86_64,True,True,transfer_mode=host;workload=tcp-client;relay_node=edge-host-1;iterations=3,2026-04-30T04:21:33.686152,1_WiFi_6,3915,306,24927,0,0,,,,,,
30-04-2026-host-precopy-0013,CRIU,precopy,yes,294,49357,7322,294,7910,0.05,x86_64,x86_64,True,True,transfer_mode=host;workload=tcp-client;relay_node=edge-host-1;iterations=3,2026-04-30T04:22:19.292711,1_WiFi_6,3896,294,25365,0,0,,,,,,
30-04-2026-host-precopy-0014,CRIU,precopy,yes,299,50115,6856,311,7466,0.06,x86_64,x86_64,True,True,transfer_mode=host;workload=tcp-client;relay_node=edge-host-1;iterations=3,2026-04-30T04:23:04.524223,1_WiFi_6,4054,299,24695,0,0,,,,,,
30-04-2026-host-precopy-0015,CRIU,precopy,yes,287,50467,6652,310,7249,0.06,x86_64,x86_64,True,True,transfer_mode=host;workload=tcp-client;relay_node=edge-host-1;iterations=3,2026-04-30T04:23:50.286787,1_WiFi_6,3943,287,24341,0,0,,,,,,
30-04-2026-host-precopy-0016,CRIU,precopy,yes,298,49109,6775,339,7412,0.06,x86_64,x86_64,True,True,transfer_mode=host;workload=tcp-client;relay_node=edge-host-1;iterations=3,2026-04-30T04:24:35.882400,1_WiFi_6,3941,298,25114,0,0,,,,,,
30-04-2026-host-precopy-0017,CRIU,precopy,yes,288,49313,7060,312,7660,0.06,x86_64,x86_64,True,True,transfer_mode=host;workload=tcp-client;relay_node=edge-host-1;iterations=3,2026-04-30T04:25:30.971374,1_WiFi_6,4307,288,25290,0,0,,,,,,
30-04-2026-host-precopy-0018,CRIU,precopy,yes,288,50335,6858,347,7493,0.06,x86_64,x86_64,True,True,transfer_mode=host;workload=tcp-client;relay_node=edge-host-1;iterations=3,2026-04-30T04:26:16.395864,1_WiFi_6,3914,288,24936,0,0,,,,,,
30-04-2026-host-precopy-0019,CRIU,precopy,yes,298,49954,7003,311,7612,0.06,x86_64,x86_64,True,True,transfer_mode=host;workload=tcp-client;relay_node=edge-host-1;iterations=3,2026-04-30T04:27:02.050316,1_WiFi_6,3935,298,24768,0,0,,,,,,
30-04-2026-host-precopy-0020,CRIU,precopy,yes,296,49480,6940,356,7592,0.06,x86_64,x86_64,True,True,transfer_mode=host;workload=tcp-client;relay_node=edge-host-1;iterations=3,2026-04-30T04:27:48.237451,1_WiFi_6,3894,296,25246,0,0,,,,,,
30-04-2026-host-precopy-0021,CRIU,precopy,yes,333,50617,7097,320,7750,0.06,x86_64,x86_64,True,True,transfer_mode=host;workload=tcp-client;relay_node=edge-host-1;iterations=3,2026-04-30T04:28:33.847932,1_WiFi_6,4071,333,25409,0,0,,,,,,
30-04-2026-host-precopy-0022,CRIU,precopy,yes,290,49103,6978,321,7589,0.06,x86_64,x86_64,True,True,transfer_mode=host;workload=tcp-client;relay_node=edge-host-1;iterations=3,2026-04-30T04:29:19.035529,1_WiFi_6,3904,290,24561,0,0,,,,,,
30-04-2026-host-precopy-0023,CRIU,precopy,yes,314,49186,6643,325,7282,0.06,x86_64,x86_64,True,True,transfer_mode=host;workload=tcp-client;relay_node=edge-host-1;iterations=3,2026-04-30T04:30:05.144289,1_WiFi_6,3969,314,24915,0,0,,,,,,
30-04-2026-host-precopy-0024,CRIU,precopy,yes,325,49772,6650,316,7291,0.06,x86_64,x86_64,True,True,transfer_mode=host;workload=tcp-client;relay_node=edge-host-1;iterations=3,2026-04-30T04:30:50.880784,1_WiFi_6,3968,325,24500,0,0,,,,,,
30-04-2026-host-precopy-0025,CRIU,precopy,yes,338,49104,7045,298,7681,0.06,x86_64,x86_64,True,True,transfer_mode=host;workload=tcp-client;relay_node=edge-host-1;iterations=3,2026-04-30T04:31:36.581896,1_WiFi_6,3919,338,25150,0,0,,,,,,
30-04-2026-host-precopy-0026,CRIU,precopy,yes,375,49333,6868,308,7551,0.06,x86_64,x86_64,True,True,transfer_mode=host;workload=tcp-client;relay_node=edge-host-1;iterations=3,2026-04-30T04:32:21.904508,1_WiFi_6,3926,375,25241,0,0,,,,,,
30-04-2026-host-precopy-0027,CRIU,precopy,yes,296,49963,6703,366,7365,0.06,x86_64,x86_64,True,True,transfer_mode=host;workload=tcp-client;relay_node=edge-host-1;iterations=3,2026-04-30T04:33:07.402528,1_WiFi_6,3982,296,24493,0,0,,,,,,
30-04-2026-host-precopy-0028,CRIU,precopy,yes,329,50523,6845,320,7494,0.06,x86_64,x86_64,True,True,transfer_mode=host;workload=tcp-client;relay_node=edge-host-1;iterations=3,2026-04-30T04:33:53.675222,1_WiFi_6,3921,329,24747,0,0,,,,,,
30-04-2026-host-precopy-0029,CRIU,precopy,yes,301,49874,7148,307,7756,0.06,x86_64,x86_64,True,True,transfer_mode=host;workload=tcp-client;relay_node=edge-host-1;iterations=3,2026-04-30T04:34:39.504111,1_WiFi_6,4037,301,25680,0,0,,,,,,
30-04-2026-host-precopy-0030,CRIU,precopy,yes,301,49388,6750,292,7343,0.06,x86_64,x86_64,True,True,transfer_mode=host;workload=tcp-client;relay_node=edge-host-1;iterations=3,2026-04-30T04:35:24.607682,1_WiFi_6,3960,301,24566,0,0,,,,,,
30-04-2026-host-precopy-0031,CRIU,precopy,yes,310,49131,6791,331,7432,0.06,x86_64,x86_64,True,True,transfer_mode=host;workload=tcp-client;relay_node=edge-host-1;iterations=3,2026-04-30T04:36:20.077213,1_WiFi_6,3895,310,24382,0,0,,,,,,
30-04-2026-host-precopy-0032,CRIU,precopy,yes,297,49862,6847,313,7457,0.06,x86_64,x86_64,True,True,transfer_mode=host;workload=tcp-client;relay_node=edge-host-1;iterations=3,2026-04-30T04:37:06.569844,1_WiFi_6,3932,297,25190,0,0,,,,,,
30-04-2026-host-precopy-0033,CRIU,precopy,yes,309,49443,7142,272,7723,0.06,x86_64,x86_64,True,True,transfer_mode=host;workload=tcp-client;relay_node=edge-host-1;iterations=3,2026-04-30T04:37:52.151682,1_WiFi_6,3919,309,25262,0,0,,,,,,
30-04-2026-host-precopy-0034,CRIU,precopy,yes,360,49521,6763,369,7492,0.06,x86_64,x86_64,True,True,transfer_mode=host;workload=tcp-client;relay_node=edge-host-1;iterations=3,2026-04-30T04:38:37.521883,1_WiFi_6,3904,360,24454,0,0,,,,,,
30-04-2026-host-precopy-0035,CRIU,precopy,yes,298,49373,6763,311,7372,0.06,x86_64,x86_64,True,True,transfer_mode=host;workload=tcp-client;relay_node=edge-host-1;iterations=3,2026-04-30T04:39:23.276658,1_WiFi_6,3935,298,24923,0,0,,,,,,
30-04-2026-host-precopy-0036,CRIU,precopy,yes,347,49534,6723,328,7398,0.06,x86_64,x86_64,True,True,transfer_mode=host;workload=tcp-client;relay_node=edge-host-1;iterations=3,2026-04-30T04:40:09.076515,1_WiFi_6,4074,347,24839,0,0,,,,,,
30-04-2026-host-precopy-0037,CRIU,precopy,yes,318,49452,7097,336,7751,0.06,x86_64,x86_64,True,True,transfer_mode=host;workload=tcp-client;relay_node=edge-host-1;iterations=3,2026-04-30T04:40:54.953546,1_WiFi_6,3912,318,25322,0,0,,,,,,
30-04-2026-host-precopy-0038,CRIU,precopy,yes,299,50426,6821,315,7435,0.06,x86_64,x86_64,True,True,transfer_mode=host;workload=tcp-client;relay_node=edge-host-1;iterations=3,2026-04-30T04:41:40.265920,1_WiFi_6,3988,299,24961,0,0,,,,,,
30-04-2026-host-precopy-0039,CRIU,precopy,yes,307,49081,6965,304,7576,0.06,x86_64,x86_64,True,True,transfer_mode=host;workload=tcp-client;relay_node=edge-host-1;iterations=3,2026-04-30T04:42:26.357960,1_WiFi_6,4012,307,24923,0,0,,,,,,
30-04-2026-host-precopy-0040,CRIU,precopy,yes,314,50528,6784,323,7421,0.06,x86_64,x86_64,True,True,transfer_mode=host;workload=tcp-client;relay_node=edge-host-1;iterations=3,2026-04-30T04:43:12.281167,1_WiFi_6,3920,314,24618,0,0,,,,,,
30-04-2026-host-precopy-0041,CRIU,precopy,yes,290,49275,7218,352,7860,0.05,x86_64,x86_64,True,True,transfer_mode=host;workload=tcp-client;relay_node=edge-host-1;iterations=3,2026-04-30T04:43:58.401693,1_WiFi_6,3967,290,25701,0,0,,,,,,
30-04-2026-host-precopy-0042,CRIU,precopy,yes,302,49139,6899,324,7525,0.06,x86_64,x86_64,True,True,transfer_mode=host;workload=tcp-client;relay_node=edge-host-1;iterations=3,2026-04-30T04:44:43.205432,1_WiFi_6,3949,302,24555,0,0,,,,,,
30-04-2026-host-precopy-0043,CRIU,precopy,yes,288,50517,6759,315,7362,0.06,x86_64,x86_64,True,True,transfer_mode=host;workload=tcp-client;relay_node=edge-host-1;iterations=3,2026-04-30T04:45:28.909657,1_WiFi_6,3978,288,24627,0,0,,,,,,
30-04-2026-host-precopy-0044,CRIU,precopy,yes,306,49685,6799,316,7421,0.06,x86_64,x86_64,True,True,transfer_mode=host;workload=tcp-client;relay_node=edge-host-1;iterations=3,2026-04-30T04:46:14.879662,1_WiFi_6,3932,306,25319,0,0,,,,,,
30-04-2026-host-precopy-0045,CRIU,precopy,yes,336,49933,7190,311,7837,0.06,x86_64,x86_64,True,True,transfer_mode=host;workload=tcp-client;relay_node=edge-host-1;iterations=3,2026-04-30T04:47:00.774930,1_WiFi_6,3944,336,25709,0,0,,,,,,
30-04-2026-host-precopy-0046,CRIU,precopy,yes,313,49193,6871,288,7472,0.06,x86_64,x86_64,True,True,transfer_mode=host;workload=tcp-client;relay_node=edge-host-1;iterations=3,2026-04-30T04:47:46.199264,1_WiFi_6,3922,313,24765,0,0,,,,,,
30-04-2026-host-precopy-0047,CRIU,precopy,yes,310,50147,6709,280,7299,0.06,x86_64,x86_64,True,True,transfer_mode=host;workload=tcp-client;relay_node=edge-host-1;iterations=3,2026-04-30T04:48:31.860610,1_WiFi_6,3886,310,24679,0,0,,,,,,
30-04-2026-host-precopy-0048,CRIU,precopy,yes,285,50443,6840,303,7428,0.06,x86_64,x86_64,True,True,transfer_mode=host;workload=tcp-client;relay_node=edge-host-1;iterations=3,2026-04-30T04:49:17.391189,1_WiFi_6,3944,285,24939,0,0,,,,,,
30-04-2026-host-precopy-0049,CRIU,precopy,yes,339,49525,6967,302,7608,0.06,x86_64,x86_64,True,True,transfer_mode=host;workload=tcp-client;relay_node=edge-host-1;iterations=3,2026-04-30T04:50:03.099698,1_WiFi_6,3967,339,24938,0,0,,,,,,
30-04-2026-host-precopy-0050,CRIU,precopy,yes,294,50569,6813,330,7437,0.06,x86_64,x86_64,True,True,transfer_mode=host;workload=tcp-client;relay_node=edge-host-1;iterations=3,2026-04-30T04:50:48.205014,1_WiFi_6,3972,294,24866,0,0,,,,,,
30-04-2026-direct-precopy-0001,CRIU,precopy,yes,299,49780,3118,317,3734,0.13,x86_64,x86_64,True,True,transfer_mode=direct;workload=tcp-client;iterations=3,2026-04-30T04:51:31.783827,1_WiFi_6,4038,299,22756,0,0,,,,,,
30-04-2026-direct-precopy-0002,CRIU,precopy,yes,283,50007,3320,313,3916,0.12,x86_64,x86_64,True,True,transfer_mode=direct;workload=tcp-client;iterations=3,2026-04-30T04:52:15.983166,1_WiFi_6,3907,283,23214,0,0,,,,,,
30-04-2026-direct-precopy-0003,CRIU,precopy,yes,308,50651,3326,316,3950,0.12,x86_64,x86_64,True,True,transfer_mode=direct;workload=tcp-client;iterations=3,2026-04-30T04:53:00.129194,1_WiFi_6,3922,308,23574,0,0,,,,,,
30-04-2026-direct-precopy-0004,CRIU,precopy,yes,297,50607,3158,312,3767,0.13,x86_64,x86_64,True,True,transfer_mode=direct;workload=tcp-client;iterations=3,2026-04-30T04:53:43.560193,1_WiFi_6,4127,297,22904,0,0,,,,,,
30-04-2026-direct-precopy-0005,CRIU,precopy,yes,349,49343,3086,325,3760,0.13,x86_64,x86_64,True,True,transfer_mode=direct;workload=tcp-client;iterations=3,2026-04-30T04:54:27.641335,1_WiFi_6,3912,349,22838,0,0,,,,,,
30-04-2026-direct-precopy-0006,CRIU,precopy,yes,310,48938,3291,322,3923,0.12,x86_64,x86_64,True,True,transfer_mode=direct;workload=tcp-client;iterations=3,2026-04-30T04:55:12.373311,1_WiFi_6,3948,310,23864,0,0,,,,,,
30-04-2026-direct-precopy-0007,CRIU,precopy,yes,302,50153,3239,327,3868,0.12,x86_64,x86_64,True,True,transfer_mode=direct;workload=tcp-client;iterations=3,2026-04-30T04:56:05.852086,1_WiFi_6,3919,302,23494,0,0,,,,,,
30-04-2026-direct-precopy-0008,CRIU,precopy,yes,309,49626,3130,318,3757,0.13,x86_64,x86_64,True,True,transfer_mode=direct;workload=tcp-client;iterations=3,2026-04-30T04:56:49.533058,1_WiFi_6,4017,309,22852,0,0,,,,,,
30-04-2026-direct-precopy-0009,CRIU,precopy,yes,302,48978,3053,311,3666,0.13,x86_64,x86_64,True,True,transfer_mode=direct;workload=tcp-client;iterations=3,2026-04-30T04:57:33.042874,1_WiFi_6,3923,302,22560,0,0,,,,,,
30-04-2026-direct-precopy-0010,CRIU,precopy,yes,368,50112,3758,297,4423,0.11,x86_64,x86_64,True,True,transfer_mode=direct;workload=tcp-client;iterations=3,2026-04-30T04:58:17.514158,1_WiFi_6,3884,368,23748,0,0,,,,,,
30-04-2026-direct-precopy-0011,CRIU,precopy,yes,315,50044,3089,342,3746,0.13,x86_64,x86_64,True,True,transfer_mode=direct;workload=tcp-client;iterations=3,2026-04-30T04:59:00.420750,1_WiFi_6,3952,315,22699,0,0,,,,,,
30-04-2026-direct-precopy-0012,CRIU,precopy,yes,344,49417,3054,316,3714,0.13,x86_64,x86_64,True,True,transfer_mode=direct;workload=tcp-client;iterations=3,2026-04-30T04:59:44.452723,1_WiFi_6,3903,344,22685,0,0,,,,,,
30-04-2026-direct-precopy-0013,CRIU,precopy,yes,325,50461,2896,329,3550,0.14,x86_64,x86_64,True,True,transfer_mode=direct;workload=tcp-client;iterations=3,2026-04-30T05:00:28.534197,1_WiFi_6,4011,325,23738,0,0,,,,,,
30-04-2026-direct-precopy-0014,CRIU,precopy,yes,305,49242,3065,300,3670,0.13,x86_64,x86_64,True,True,transfer_mode=direct;workload=tcp-client;iterations=3,2026-04-30T05:01:11.490034,1_WiFi_6,3943,305,22714,0,0,,,,,,
30-04-2026-direct-precopy-0015,CRIU,precopy,yes,315,49453,3085,321,3721,0.13,x86_64,x86_64,True,True,transfer_mode=direct;workload=tcp-client;iterations=3,2026-04-30T05:01:55.537868,1_WiFi_6,3942,315,22734,0,0,,,,,,
30-04-2026-direct-precopy-0016,CRIU,precopy,yes,300,49333,3175,320,3795,0.12,x86_64,x86_64,True,True,transfer_mode=direct;workload=tcp-client;iterations=3,2026-04-30T05:02:39.754206,1_WiFi_6,3961,300,23800,0,0,,,,,,
30-04-2026-direct-precopy-0017,CRIU,precopy,yes,348,50526,3059,301,3708,0.13,x86_64,x86_64,True,True,transfer_mode=direct;workload=tcp-client;iterations=3,2026-04-30T05:03:23.053732,1_WiFi_6,3930,348,22599,0,0,,,,,,
30-04-2026-direct-precopy-0018,CRIU,precopy,yes,296,50678,3136,316,3748,0.13,x86_64,x86_64,True,True,transfer_mode=direct;workload=tcp-client;iterations=3,2026-04-30T05:04:07.100709,1_WiFi_6,4004,296,22903,0,0,,,,,,
30-04-2026-direct-precopy-0019,CRIU,precopy,yes,301,49543,3004,319,3624,0.13,x86_64,x86_64,True,True,transfer_mode=direct;workload=tcp-client;iterations=3,2026-04-30T05:04:51.000110,1_WiFi_6,3927,301,23129,0,0,,,,,,
30-04-2026-direct-precopy-0020,CRIU,precopy,yes,325,49851,3314,302,3941,0.12,x86_64,x86_64,True,True,transfer_mode=direct;workload=tcp-client;iterations=3,2026-04-30T05:05:34.788030,1_WiFi_6,4173,325,23340,0,0,,,,,,
30-04-2026-direct-precopy-0021,CRIU,precopy,yes,298,50901,3101,301,3700,0.13,x86_64,x86_64,True,True,transfer_mode=direct;workload=tcp-client;iterations=3,2026-04-30T05:06:18.578251,1_WiFi_6,3908,298,22762,0,0,,,,,,
30-04-2026-direct-precopy-0022,CRIU,precopy,yes,469,50619,3159,306,3934,0.13,x86_64,x86_64,True,True,transfer_mode=direct;workload=tcp-client;iterations=3,2026-04-30T05:07:02.984144,1_WiFi_6,3928,469,23745,0,0,,,,,,
30-04-2026-direct-precopy-0023,CRIU,precopy,yes,276,49941,3193,355,3824,0.13,x86_64,x86_64,True,True,transfer_mode=direct;workload=tcp-client;iterations=3,2026-04-30T05:07:46.495999,1_WiFi_6,3924,276,23069,0,0,,,,,,
30-04-2026-direct-precopy-0024,CRIU,precopy,yes,375,50325,2973,322,3670,0.14,x86_64,x86_64,True,True,transfer_mode=direct;workload=tcp-client;iterations=3,2026-04-30T05:08:30.209325,1_WiFi_6,3928,375,22670,0,0,,,,,,
30-04-2026-direct-precopy-0025,CRIU,precopy,yes,297,50496,3100,324,3721,0.13,x86_64,x86_64,True,True,transfer_mode=direct;workload=tcp-client;iterations=3,2026-04-30T05:09:14.298632,1_WiFi_6,3930,297,23428,0,0,,,,,,
30-04-2026-direct-precopy-0026,CRIU,precopy,yes,302,49503,3126,345,3773,0.13,x86_64,x86_64,True,True,transfer_mode=direct;workload=tcp-client;iterations=3,2026-04-30T05:09:58.112558,1_WiFi_6,3998,302,23446,0,0,,,,,,
30-04-2026-direct-precopy-0027,CRIU,precopy,yes,305,49091,3026,308,3639,0.13,x86_64,x86_64,True,True,transfer_mode=direct;workload=tcp-client;iterations=3,2026-04-30T05:10:42.055354,1_WiFi_6,3915,305,22661,0,0,,,,,,
30-04-2026-direct-precopy-0028,CRIU,precopy,yes,298,50071,3061,332,3691,0.13,x86_64,x86_64,True,True,transfer_mode=direct;workload=tcp-client;iterations=3,2026-04-30T05:11:26.139607,1_WiFi_6,3985,298,23538,0,0,,,,,,
30-04-2026-direct-precopy-0029,CRIU,precopy,yes,303,49294,3220,304,3827,0.12,x86_64,x86_64,True,True,transfer_mode=direct;workload=tcp-client;iterations=3,2026-04-30T05:12:09.687337,1_WiFi_6,3942,303,22797,0,0,,,,,,
30-04-2026-direct-precopy-0030,CRIU,precopy,yes,302,49420,3370,324,3996,0.12,x86_64,x86_64,True,True,transfer_mode=direct;workload=tcp-client;iterations=3,2026-04-30T05:12:53.237660,1_WiFi_6,3898,302,22869,0,0,,,,,,
30-04-2026-direct-precopy-0031,CRIU,precopy,yes,296,50715,3054,314,3664,0.13,x86_64,x86_64,True,True,transfer_mode=direct;workload=tcp-client;iterations=3,2026-04-30T05:13:37.104155,1_WiFi_6,3948,296,23319,0,0,,,,,,
30-04-2026-direct-precopy-0032,CRIU,precopy,yes,305,49305,3072,301,3678,0.13,x86_64,x86_64,True,True,transfer_mode=direct;workload=tcp-client;iterations=3,2026-04-30T05:14:20.748637,1_WiFi_6,3924,305,23026,0,0,,,,,,
30-04-2026-direct-precopy-0033,CRIU,precopy,yes,300,50717,3172,318,3790,0.13,x86_64,x86_64,True,True,transfer_mode=direct;workload=tcp-client;iterations=3,2026-04-30T05:15:04.808415,1_WiFi_6,3949,300,23210,0,0,,,,,,
30-04-2026-direct-precopy-0034,CRIU,precopy,yes,308,50543,2998,310,3616,0.13,x86_64,x86_64,True,True,transfer_mode=direct;workload=tcp-client;iterations=3,2026-04-30T05:15:48.360329,1_WiFi_6,3961,308,23036,0,0,,,,,,
30-04-2026-direct-precopy-0035,CRIU,precopy,yes,321,50439,3119,320,3760,0.13,x86_64,x86_64,True,True,transfer_mode=direct;workload=tcp-client;iterations=3,2026-04-30T05:16:32.019712,1_WiFi_6,3981,321,22986,0,0,,,,,,
30-04-2026-direct-precopy-0036,CRIU,precopy,yes,300,49227,3211,312,3823,0.12,x86_64,x86_64,True,True,transfer_mode=direct;workload=tcp-client;iterations=3,2026-04-30T05:17:16.211379,1_WiFi_6,3903,300,23168,0,0,,,,,,
30-04-2026-direct-precopy-0037,CRIU,precopy,yes,301,49594,3030,307,3638,0.13,x86_64,x86_64,True,True,transfer_mode=direct;workload=tcp-client;iterations=3,2026-04-30T05:17:59.916353,1_WiFi_6,3934,301,22902,0,0,,,,,,
30-04-2026-direct-precopy-0038,CRIU,precopy,yes,338,49111,3238,309,3885,0.12,x86_64,x86_64,True,True,transfer_mode=direct;workload=tcp-client;iterations=3,2026-04-30T05:18:43.790666,1_WiFi_6,3940,338,23357,0,0,,,,,,
30-04-2026-direct-precopy-0039,CRIU,precopy,yes,326,49420,3121,321,3768,0.13,x86_64,x86_64,True,True,transfer_mode=direct;workload=tcp-client;iterations=3,2026-04-30T05:19:27.373807,1_WiFi_6,3957,326,23109,0,0,,,,,,
30-04-2026-direct-precopy-0040,CRIU,precopy,yes,280,49932,3050,647,3977,0.13,x86_64,x86_64,True,True,transfer_mode=direct;workload=tcp-client;iterations=3,2026-04-30T05:20:11.393823,1_WiFi_6,3957,280,23389,0,0,,,,,,
30-04-2026-direct-precopy-0041,CRIU,precopy,yes,292,49064,3083,337,3712,0.13,x86_64,x86_64,True,True,transfer_mode=direct;workload=tcp-client;iterations=3,2026-04-30T05:20:54.819265,1_WiFi_6,3901,292,22973,0,0,,,,,,
30-04-2026-direct-precopy-0042,CRIU,precopy,yes,300,50587,3087,350,3737,0.13,x86_64,x86_64,True,True,transfer_mode=direct;workload=tcp-client;iterations=3,2026-04-30T05:21:38.514750,1_WiFi_6,3956,300,22968,0,0,,,,,,
30-04-2026-direct-precopy-0043,CRIU,precopy,yes,293,50834,3127,336,3756,0.13,x86_64,x86_64,True,True,transfer_mode=direct;workload=tcp-client;iterations=3,2026-04-30T05:22:22.643770,1_WiFi_6,3939,293,23256,0,0,,,,,,
30-04-2026-direct-precopy-0045,CRIU,precopy,yes,289,49998,3164,339,3792,0.13,x86_64,x86_64,True,True,transfer_mode=direct;workload=tcp-client;iterations=3,2026-04-30T05:23:17.972109,1_WiFi_6,4038,289,23406,0,0,,,,,,
30-04-2026-direct-precopy-0046,CRIU,precopy,yes,290,49181,3140,366,3796,0.13,x86_64,x86_64,True,True,transfer_mode=direct;workload=tcp-client;iterations=3,2026-04-30T05:24:01.843674,1_WiFi_6,3943,290,23089,0,0,,,,,,
30-04-2026-direct-precopy-0047,CRIU,precopy,yes,300,50464,3074,320,3694,0.13,x86_64,x86_64,True,True,transfer_mode=direct;workload=tcp-client;iterations=3,2026-04-30T05:24:45.552901,1_WiFi_6,3960,300,23163,0,0,,,,,,
30-04-2026-direct-precopy-0048,CRIU,precopy,yes,326,49877,3186,307,3819,0.13,x86_64,x86_64,True,True,transfer_mode=direct;workload=tcp-client;iterations=3,2026-04-30T05:25:29.744982,1_WiFi_6,3966,326,23420,0,0,,,,,,
30-04-2026-direct-precopy-0049,CRIU,precopy,yes,295,50745,3127,347,3769,0.13,x86_64,x86_64,True,True,transfer_mode=direct;workload=tcp-client;iterations=3,2026-04-30T05:26:13.236833,1_WiFi_6,3945,295,23073,0,0,,,,,,
30-04-2026-direct-precopy-0050,CRIU,precopy,yes,281,48793,3110,323,3714,0.13,x86_64,x86_64,True,True,transfer_mode=direct;workload=tcp-client;iterations=3,2026-04-30T05:26:56.695846,1_WiFi_6,3919,281,23021,0,0,,,,,,
30-04-2026-host-postcopy-0001,CRIU,postcopy,yes,772,24990,6833,333,7938,0.03,x86_64,x86_64,True,True,transfer_mode=host;workload=tcp-client;relay_node=edge-host-1;lazy_pages_port=9999,2026-04-30T05:27:40.314111,1_WiFi_6,0,772,22905,4757,3007,,,,,,
30-04-2026-host-postcopy-0002,CRIU,postcopy,yes,747,24812,6734,346,7827,0.03,x86_64,x86_64,True,True,transfer_mode=host;workload=tcp-client;relay_node=edge-host-1;lazy_pages_port=9999,2026-04-30T05:28:24.534327,1_WiFi_6,0,747,23298,5062,3007,,,,,,
30-04-2026-host-postcopy-0003,CRIU,postcopy,yes,688,24957,6833,342,7863,0.03,x86_64,x86_64,True,True,transfer_mode=host;workload=tcp-client;relay_node=edge-host-1;lazy_pages_port=9999,2026-04-30T05:29:08.235780,1_WiFi_6,0,688,23158,4740,3007,,,,,,
30-04-2026-host-postcopy-0004,CRIU,postcopy,yes,696,24971,6856,352,7904,0.03,x86_64,x86_64,True,True,transfer_mode=host;workload=tcp-client;relay_node=edge-host-1;lazy_pages_port=9999,2026-04-30T05:29:51.746921,1_WiFi_6,0,696,22525,4781,3007,,,,,,
30-04-2026-host-postcopy-0005,CRIU,postcopy,yes,753,24604,6610,343,7706,0.03,x86_64,x86_64,True,True,transfer_mode=host;workload=tcp-client;relay_node=edge-host-1;lazy_pages_port=9999,2026-04-30T05:30:35.465318,1_WiFi_6,0,753,22693,4743,3116,,,,,,
30-04-2026-host-postcopy-0006,CRIU,postcopy,yes,704,24804,6623,380,7707,0.03,x86_64,x86_64,True,True,transfer_mode=host;workload=tcp-client;relay_node=edge-host-1;lazy_pages_port=9999,2026-04-30T05:31:18.892014,1_WiFi_6,0,704,23158,4856,3007,,,,,,
30-04-2026-host-postcopy-0007,CRIU,postcopy,yes,729,24677,6528,333,7590,0.03,x86_64,x86_64,True,True,transfer_mode=host;workload=tcp-client;relay_node=edge-host-1;lazy_pages_port=9999,2026-04-30T05:32:01.986882,1_WiFi_6,0,729,22424,4735,2948,,,,,,
30-04-2026-host-postcopy-0008,CRIU,postcopy,yes,745,24981,7144,354,8243,0.03,x86_64,x86_64,True,True,transfer_mode=host;workload=tcp-client;relay_node=edge-host-1;lazy_pages_port=9999,2026-04-30T05:32:45.953071,1_WiFi_6,0,745,22799,4707,3167,,,,,,
30-04-2026-host-postcopy-0009,CRIU,postcopy,yes,705,24703,6902,322,7929,0.03,x86_64,x86_64,True,True,transfer_mode=host;workload=tcp-client;relay_node=edge-host-1;lazy_pages_port=9999,2026-04-30T05:33:29.719849,1_WiFi_6,0,705,23477,4782,3167,,,,,,
30-04-2026-host-postcopy-0010,CRIU,postcopy,yes,736,24704,6796,405,7937,0.03,x86_64,x86_64,True,True,transfer_mode=host;workload=tcp-client;relay_node=edge-host-1;lazy_pages_port=9999,2026-04-30T05:34:13.287544,1_WiFi_6,0,736,22740,4880,3058,,,,,,
30-04-2026-host-postcopy-0011,CRIU,postcopy,yes,719,24914,6635,390,7744,0.03,x86_64,x86_64,True,True,transfer_mode=host;workload=tcp-client;relay_node=edge-host-1;lazy_pages_port=9999,2026-04-30T05:34:57.095114,1_WiFi_6,0,719,22826,4824,3007,,,,,,
30-04-2026-host-postcopy-0012,CRIU,postcopy,yes,724,24862,6859,328,7911,0.03,x86_64,x86_64,True,True,transfer_mode=host;workload=tcp-client;relay_node=edge-host-1;lazy_pages_port=9999,2026-04-30T05:35:41.013010,1_WiFi_6,0,724,23631,5210,2948,,,,,,
30-04-2026-host-postcopy-0013,CRIU,postcopy,yes,748,24934,6662,361,7771,0.03,x86_64,x86_64,True,True,transfer_mode=host;workload=tcp-client;relay_node=edge-host-1;lazy_pages_port=9999,2026-04-30T05:36:23.644155,1_WiFi_6,0,748,22483,4772,3057,,,,,,
30-04-2026-host-postcopy-0014,CRIU,postcopy,yes,690,24837,7071,330,8091,0.03,x86_64,x86_64,True,True,transfer_mode=host;workload=tcp-client;relay_node=edge-host-1;lazy_pages_port=9999,2026-04-30T05:37:07.648219,1_WiFi_6,0,690,22763,4748,3007,,,,,,
30-04-2026-host-postcopy-0015,CRIU,postcopy,yes,765,24598,7041,357,8163,0.03,x86_64,x86_64,True,True,transfer_mode=host;workload=tcp-client;relay_node=edge-host-1;lazy_pages_port=9999,2026-04-30T05:37:51.803370,1_WiFi_6,0,765,23578,4782,3167,,,,,,
30-04-2026-host-postcopy-0016,CRIU,postcopy,yes,700,24741,6777,321,7798,0.03,x86_64,x86_64,True,True,transfer_mode=host;workload=tcp-client;relay_node=edge-host-1;lazy_pages_port=9999,2026-04-30T05:38:34.772926,1_WiFi_6,0,700,22738,4747,3277,,,,,,
30-04-2026-host-postcopy-0017,CRIU,postcopy,yes,699,24786,6786,333,7818,0.03,x86_64,x86_64,True,True,transfer_mode=host;workload=tcp-client;relay_node=edge-host-1;lazy_pages_port=9999,2026-04-30T05:39:18.495475,1_WiFi_6,0,699,22347,4708,3007,,,,,,
30-04-2026-host-postcopy-0018,CRIU,postcopy,yes,728,24649,7150,356,8234,0.03,x86_64,x86_64,True,True,transfer_mode=host;workload=tcp-client;relay_node=edge-host-1;lazy_pages_port=9999,2026-04-30T05:40:02.513720,1_WiFi_6,0,728,23646,4823,3168,,,,,,
30-04-2026-host-postcopy-0019,CRIU,postcopy,yes,749,24956,6643,359,7751,0.03,x86_64,x86_64,True,True,transfer_mode=host;workload=tcp-client;relay_node=edge-host-1;lazy_pages_port=9999,2026-04-30T05:40:45.207443,1_WiFi_6,0,749,22495,4750,3007,,,,,,
30-04-2026-host-postcopy-0020,CRIU,postcopy,yes,717,24835,6776,346,7839,0.03,x86_64,x86_64,True,True,transfer_mode=host;workload=tcp-client;relay_node=edge-host-1;lazy_pages_port=9999,2026-04-30T05:41:29.112199,1_WiFi_6,0,717,22631,4741,3007,,,,,,
30-04-2026-host-postcopy-0021,CRIU,postcopy,yes,835,24717,6514,336,7685,0.03,x86_64,x86_64,True,True,transfer_mode=host;workload=tcp-client;relay_node=edge-host-1;lazy_pages_port=9999,2026-04-30T05:42:12.722543,1_WiFi_6,0,835,23430,4760,3007,,,,,,
30-04-2026-host-postcopy-0022,CRIU,postcopy,yes,704,24828,6662,362,7728,0.03,x86_64,x86_64,True,True,transfer_mode=host;workload=tcp-client;relay_node=edge-host-1;lazy_pages_port=9999,2026-04-30T05:42:56.276575,1_WiFi_6,0,704,23189,5106,3007,,,,,,
30-04-2026-host-postcopy-0023,CRIU,postcopy,yes,823,25018,6762,376,7961,0.03,x86_64,x86_64,True,True,transfer_mode=host;workload=tcp-client;relay_node=edge-host-1;lazy_pages_port=9999,2026-04-30T05:43:39.443744,1_WiFi_6,0,823,22647,4799,3116,,,,,,
30-04-2026-host-postcopy-0024,CRIU,postcopy,yes,715,24682,6664,331,7710,0.03,x86_64,x86_64,True,True,transfer_mode=host;workload=tcp-client;relay_node=edge-host-1;lazy_pages_port=9999,2026-04-30T05:44:23.022644,1_WiFi_6,0,715,22736,4681,3116,,,,,,
30-04-2026-host-postcopy-0025,CRIU,postcopy,yes,726,24938,6779,346,7851,0.03,x86_64,x86_64,True,True,transfer_mode=host;workload=tcp-client;relay_node=edge-host-1;lazy_pages_port=9999,2026-04-30T05:45:06.387847,1_WiFi_6,0,726,23172,5197,3007,,,,,,
30-04-2026-host-postcopy-0026,CRIU,postcopy,yes,796,24709,6747,338,7881,0.03,x86_64,x86_64,True,True,transfer_mode=host;workload=tcp-client;relay_node=edge-host-1;lazy_pages_port=9999,2026-04-30T05:45:49.707118,1_WiFi_6,0,796,22610,4710,3167,,,,,,
30-04-2026-host-postcopy-0027,CRIU,postcopy,yes,736,24707,6705,345,7786,0.03,x86_64,x86_64,True,True,transfer_mode=host;workload=tcp-client;relay_node=edge-host-1;lazy_pages_port=9999,2026-04-30T05:46:33.627158,1_WiFi_6,0,736,22741,4715,3168,,,,,,
30-04-2026-host-postcopy-0028,CRIU,postcopy,yes,659,24757,7114,332,8105,0.03,x86_64,x86_64,True,True,transfer_mode=host;workload=tcp-client;relay_node=edge-host-1;lazy_pages_port=9999,2026-04-30T05:47:16.898850,1_WiFi_6,0,659,23013,4783,2948,,,,,,
30-04-2026-host-postcopy-0029,CRIU,postcopy,yes,758,24921,6633,359,7750,0.03,x86_64,x86_64,True,True,transfer_mode=host;workload=tcp-client;relay_node=edge-host-1;lazy_pages_port=9999,2026-04-30T05:47:59.951796,1_WiFi_6,0,758,22390,4751,3116,,,,,,
30-04-2026-host-postcopy-0030,CRIU,postcopy,yes,726,24728,6840,326,7892,0.03,x86_64,x86_64,True,True,transfer_mode=host;workload=tcp-client;relay_node=edge-host-1;lazy_pages_port=9999,2026-04-30T05:48:44.178182,1_WiFi_6,0,726,23092,4782,3167,,,,,,
30-04-2026-host-postcopy-0031,CRIU,postcopy,yes,725,24658,7251,353,8329,0.03,x86_64,x86_64,True,True,transfer_mode=host;workload=tcp-client;relay_node=edge-host-1;lazy_pages_port=9999,2026-04-30T05:49:28.023233,1_WiFi_6,0,725,23792,4807,3007,,,,,,
30-04-2026-host-postcopy-0032,CRIU,postcopy,yes,711,24841,6885,335,7931,0.03,x86_64,x86_64,True,True,transfer_mode=host;workload=tcp-client;relay_node=edge-host-1;lazy_pages_port=9999,2026-04-30T05:50:11.446357,1_WiFi_6,0,711,22874,5032,3007,,,,,,
30-04-2026-host-postcopy-0033,CRIU,postcopy,yes,715,24907,6740,336,7791,0.03,x86_64,x86_64,True,True,transfer_mode=host;workload=tcp-client;relay_node=edge-host-1;lazy_pages_port=9999,2026-04-30T05:50:55.191896,1_WiFi_6,0,715,22859,4775,3007,,,,,,
30-04-2026-host-postcopy-0034,CRIU,postcopy,yes,793,24878,6679,377,7849,0.03,x86_64,x86_64,True,True,transfer_mode=host;workload=tcp-client;relay_node=edge-host-1;lazy_pages_port=9999,2026-04-30T05:51:38.556524,1_WiFi_6,0,793,22878,4804,3007,,,,,,
30-04-2026-host-postcopy-0035,CRIU,postcopy,yes,751,24596,6815,332,7898,0.03,x86_64,x86_64,True,True,transfer_mode=host;workload=tcp-client;relay_node=edge-host-1;lazy_pages_port=9999,2026-04-30T05:52:21.976510,1_WiFi_6,0,751,22867,4682,3117,,,,,,
30-04-2026-host-postcopy-0036,CRIU,postcopy,yes,724,24887,6641,386,7751,0.03,x86_64,x86_64,True,True,transfer_mode=host;workload=tcp-client;relay_node=edge-host-1;lazy_pages_port=9999,2026-04-30T05:53:05.555990,1_WiFi_6,0,724,22878,4801,3007,,,,,,
30-04-2026-host-postcopy-0037,CRIU,postcopy,yes,735,24785,6676,320,7731,0.03,x86_64,x86_64,True,True,transfer_mode=host;workload=tcp-client;relay_node=edge-host-1;lazy_pages_port=9999,2026-04-30T05:53:49.041884,1_WiFi_6,0,735,22940,4752,3058,,,,,,
30-04-2026-host-postcopy-0038,CRIU,postcopy,yes,740,24723,7048,367,8155,0.03,x86_64,x86_64,True,True,transfer_mode=host;workload=tcp-client;relay_node=edge-host-1;lazy_pages_port=9999,2026-04-30T05:54:33.230557,1_WiFi_6,0,740,23461,4844,3007,,,,,,
30-04-2026-host-postcopy-0039,CRIU,postcopy,yes,727,24792,6688,333,7748,0.03,x86_64,x86_64,True,True,transfer_mode=host;workload=tcp-client;relay_node=edge-host-1;lazy_pages_port=9999,2026-04-30T05:55:16.260732,1_WiFi_6,0,727,22786,4751,3007,,,,,,
30-04-2026-host-postcopy-0040,CRIU,postcopy,yes,896,24762,6865,357,8118,0.03,x86_64,x86_64,True,True,transfer_mode=host;workload=tcp-client;relay_node=edge-host-1;lazy_pages_port=9999,2026-04-30T05:56:00.333854,1_WiFi_6,0,896,22919,4763,3277,,,,,,
30-04-2026-host-postcopy-0041,CRIU,postcopy,yes,773,25024,6918,358,8049,0.03,x86_64,x86_64,True,True,transfer_mode=host;workload=tcp-client;relay_node=edge-host-1;lazy_pages_port=9999,2026-04-30T05:57:03.792508,1_WiFi_6,0,773,23075,4773,2948,,,,,,
30-04-2026-host-postcopy-0042,CRIU,postcopy,yes,641,24906,6703,379,7723,0.03,x86_64,x86_64,True,True,transfer_mode=host;workload=tcp-client;relay_node=edge-host-1;lazy_pages_port=9999,2026-04-30T05:57:47.491039,1_WiFi_6,0,641,23038,4863,3116,,,,,,
30-04-2026-host-postcopy-0043,CRIU,postcopy,yes,723,24617,7033,380,8136,0.03,x86_64,x86_64,True,True,transfer_mode=host;workload=tcp-client;relay_node=edge-host-1;lazy_pages_port=9999,2026-04-30T05:58:40.449011,1_WiFi_6,0,723,23097,4746,3007,,,,,,
30-04-2026-host-postcopy-0044,CRIU,postcopy,yes,744,24804,6757,352,7853,0.03,x86_64,x86_64,True,True,transfer_mode=host;workload=tcp-client;relay_node=edge-host-1;lazy_pages_port=9999,2026-04-30T05:59:23.813509,1_WiFi_6,0,744,22646,4728,3007,,,,,,
30-04-2026-host-postcopy-0045,CRIU,postcopy,yes,766,24842,6870,383,8019,0.03,x86_64,x86_64,True,True,transfer_mode=host;workload=tcp-client;relay_node=edge-host-1;lazy_pages_port=9999,2026-04-30T06:00:07.873342,1_WiFi_6,0,766,23212,4802,3167,,,,,,
30-04-2026-host-postcopy-0046,CRIU,postcopy,yes,773,24833,6687,353,7813,0.03,x86_64,x86_64,True,True,transfer_mode=host;workload=tcp-client;relay_node=edge-host-1;lazy_pages_port=9999,2026-04-30T06:00:51.921060,1_WiFi_6,0,773,23302,4830,3167,,,,,,
30-04-2026-host-postcopy-0047,CRIU,postcopy,yes,797,24899,6791,341,7929,0.03,x86_64,x86_64,True,True,transfer_mode=host;workload=tcp-client;relay_node=edge-host-1;lazy_pages_port=9999,2026-04-30T06:01:35.454939,1_WiFi_6,0,797,22892,5008,3007,,,,,,
30-04-2026-host-postcopy-0048,CRIU,postcopy,yes,784,24747,6827,369,7980,0.03,x86_64,x86_64,True,True,transfer_mode=host;workload=tcp-client;relay_node=edge-host-1;lazy_pages_port=9999,2026-04-30T06:02:19.115906,1_WiFi_6,0,784,22639,4744,3058,,,,,,
30-04-2026-host-postcopy-0049,CRIU,postcopy,yes,656,24614,6571,326,7553,0.03,x86_64,x86_64,True,True,transfer_mode=host;workload=tcp-client;relay_node=edge-host-1;lazy_pages_port=9999,2026-04-30T06:03:03.126152,1_WiFi_6,0,656,23124,4746,3007,,,,,,
30-04-2026-host-postcopy-0050,CRIU,postcopy,yes,746,24885,6810,361,7917,0.03,x86_64,x86_64,True,True,transfer_mode=host;workload=tcp-client;relay_node=edge-host-1;lazy_pages_port=9999,2026-04-30T06:03:46.251756,1_WiFi_6,0,746,22981,4761,2897,,,,,,
30-04-2026-direct-postcopy-0001,CRIU,postcopy,yes,780,24581,3119,344,4243,0.06,x86_64,x86_64,True,True,transfer_mode=direct;workload=tcp-client;lazy_pages_port=9999,2026-04-30T06:04:28.501566,1_WiFi_6,0,780,21217,4812,3116,,,,,,
30-04-2026-direct-postcopy-0002,CRIU,postcopy,yes,704,24785,3111,338,4153,0.06,x86_64,x86_64,True,True,transfer_mode=direct;workload=tcp-client;lazy_pages_port=9999,2026-04-30T06:05:10.762186,1_WiFi_6,0,704,21372,4725,3058,,,,,,
30-04-2026-direct-postcopy-0003,CRIU,postcopy,yes,782,24885,3175,334,4291,0.06,x86_64,x86_64,True,True,transfer_mode=direct;workload=tcp-client;lazy_pages_port=9999,2026-04-30T06:05:52.739959,1_WiFi_6,0,782,21468,4675,3116,,,,,,
30-04-2026-direct-postcopy-0004,CRIU,postcopy,yes,791,24774,2771,315,3877,0.07,x86_64,x86_64,True,True,transfer_mode=direct;workload=tcp-client;lazy_pages_port=9999,2026-04-30T06:06:44.004902,1_WiFi_6,0,791,20682,4634,3057,,,,,,
30-04-2026-direct-postcopy-0005,CRIU,postcopy,yes,660,24623,3234,336,4230,0.06,x86_64,x86_64,True,True,transfer_mode=direct;workload=tcp-client;lazy_pages_port=9999,2026-04-30T06:07:25.943887,1_WiFi_6,0,660,22111,5083,3006,,,,,,
30-04-2026-direct-postcopy-0006,CRIU,postcopy,yes,685,24756,2800,323,3808,0.07,x86_64,x86_64,True,True,transfer_mode=direct;workload=tcp-client;lazy_pages_port=9999,2026-04-30T06:08:10.734757,1_WiFi_6,0,685,20705,4760,3007,,,,,,
30-04-2026-direct-postcopy-0007,CRIU,postcopy,yes,736,24642,2778,347,3861,0.07,x86_64,x86_64,True,True,transfer_mode=direct;workload=tcp-client;lazy_pages_port=9999,2026-04-30T06:08:53.839994,1_WiFi_6,0,736,20788,5209,3007,,,,,,
30-04-2026-direct-postcopy-0008,CRIU,postcopy,yes,670,24612,3231,324,4225,0.06,x86_64,x86_64,True,True,transfer_mode=direct;workload=tcp-client;lazy_pages_port=9999,2026-04-30T06:09:36.011381,1_WiFi_6,0,670,21950,5838,3167,,,,,,
30-04-2026-direct-postcopy-0009,CRIU,postcopy,yes,712,24639,3201,358,4271,0.06,x86_64,x86_64,True,True,transfer_mode=direct;workload=tcp-client;lazy_pages_port=9999,2026-04-30T06:10:17.851578,1_WiFi_6,0,712,21058,4795,3168,,,,,,
30-04-2026-direct-postcopy-0010,CRIU,postcopy,yes,707,25042,3105,345,4157,0.06,x86_64,x86_64,True,True,transfer_mode=direct;workload=tcp-client;lazy_pages_port=9999,2026-04-30T06:11:00.310978,1_WiFi_6,0,707,21086,5066,3116,,,,,,
30-04-2026-direct-postcopy-0011,CRIU,postcopy,yes,733,24636,3183,357,4273,0.06,x86_64,x86_64,True,True,transfer_mode=direct;workload=tcp-client;lazy_pages_port=9999,2026-04-30T06:11:42.231816,1_WiFi_6,0,733,21556,5074,3167,,,,,,
30-04-2026-direct-postcopy-0012,CRIU,postcopy,yes,712,24836,3138,344,4194,0.06,x86_64,x86_64,True,True,transfer_mode=direct;workload=tcp-client;lazy_pages_port=9999,2026-04-30T06:12:23.836981,1_WiFi_6,0,712,20783,4765,3116,,,,,,
30-04-2026-direct-postcopy-0013,CRIU,postcopy,yes,724,24842,2952,336,4012,0.07,x86_64,x86_64,True,True,transfer_mode=direct;workload=tcp-client;lazy_pages_port=9999,2026-04-30T06:13:06.050862,1_WiFi_6,0,724,21037,5145,3007,,,,,,
30-04-2026-direct-postcopy-0014,CRIU,postcopy,yes,718,25030,3068,352,4138,0.07,x86_64,x86_64,True,True,transfer_mode=direct;workload=tcp-client;lazy_pages_port=9999,2026-04-30T06:13:47.780511,1_WiFi_6,0,718,21572,5097,3167,,,,,,
30-04-2026-direct-postcopy-0015,CRIU,postcopy,yes,814,24903,2983,376,4173,0.07,x86_64,x86_64,True,True,transfer_mode=direct;workload=tcp-client;lazy_pages_port=9999,2026-04-30T06:14:29.360321,1_WiFi_6,0,814,20913,4759,3058,,,,,,
30-04-2026-direct-postcopy-0016,CRIU,postcopy,yes,760,24920,3054,345,4159,0.07,x86_64,x86_64,True,True,transfer_mode=direct;workload=tcp-client;lazy_pages_port=9999,2026-04-30T06:15:11.504965,1_WiFi_6,0,760,21083,5132,3058,,,,,,
30-04-2026-direct-postcopy-0017,CRIU,postcopy,yes,712,24795,3357,328,4397,0.06,x86_64,x86_64,True,True,transfer_mode=direct;workload=tcp-client;lazy_pages_port=9999,2026-04-30T06:15:53.152204,1_WiFi_6,0,712,21158,5028,3168,,,,,,
30-04-2026-direct-postcopy-0018,CRIU,postcopy,yes,752,24657,3066,372,4190,0.06,x86_64,x86_64,True,True,transfer_mode=direct;workload=tcp-client;lazy_pages_port=9999,2026-04-30T06:16:34.585477,1_WiFi_6,0,752,20889,4760,3116,,,,,,
30-04-2026-direct-postcopy-0019,CRIU,postcopy,yes,705,24910,3072,328,4105,0.06,x86_64,x86_64,True,True,transfer_mode=direct;workload=tcp-client;lazy_pages_port=9999,2026-04-30T06:17:16.130231,1_WiFi_6,0,705,20792,5029,3168,,,,,,
30-04-2026-direct-postcopy-0020,CRIU,postcopy,yes,698,24975,3265,335,4298,0.06,x86_64,x86_64,True,True,transfer_mode=direct;workload=tcp-client;lazy_pages_port=9999,2026-04-30T06:17:58.108861,1_WiFi_6,0,698,21606,5082,3007,,,,,,
30-04-2026-direct-postcopy-0021,CRIU,postcopy,yes,723,24843,3052,362,4137,0.07,x86_64,x86_64,True,True,transfer_mode=direct;workload=tcp-client;lazy_pages_port=9999,2026-04-30T06:18:39.494742,1_WiFi_6,0,723,20761,4787,3057,,,,,,
30-04-2026-direct-postcopy-0022,CRIU,postcopy,yes,785,24854,3223,350,4358,0.06,x86_64,x86_64,True,True,transfer_mode=direct;workload=tcp-client;lazy_pages_port=9999,2026-04-30T06:19:21.959151,1_WiFi_6,0,785,21303,4997,3116,,,,,,
30-04-2026-direct-postcopy-0023,CRIU,postcopy,yes,805,24849,3180,343,4328,0.06,x86_64,x86_64,True,True,transfer_mode=direct;workload=tcp-client;lazy_pages_port=9999,2026-04-30T06:20:03.756053,1_WiFi_6,0,805,21556,5113,3007,,,,,,
30-04-2026-direct-postcopy-0024,CRIU,postcopy,yes,699,24648,3088,366,4153,0.06,x86_64,x86_64,True,True,transfer_mode=direct;workload=tcp-client;lazy_pages_port=9999,2026-04-30T06:20:45.646360,1_WiFi_6,0,699,20967,4821,3007,,,,,,
30-04-2026-direct-postcopy-0025,CRIU,postcopy,yes,799,24969,3012,374,4185,0.07,x86_64,x86_64,True,True,transfer_mode=direct;workload=tcp-client;lazy_pages_port=9999,2026-04-30T06:21:27.655716,1_WiFi_6,0,799,21198,5147,3058,,,,,,
30-04-2026-direct-postcopy-0026,CRIU,postcopy,yes,721,25042,3384,341,4446,0.06,x86_64,x86_64,True,True,transfer_mode=direct;workload=tcp-client;lazy_pages_port=9999,2026-04-30T06:22:09.322711,1_WiFi_6,0,721,21268,5145,3116,,,,,,
30-04-2026-direct-postcopy-0027,CRIU,postcopy,yes,741,24790,3025,351,4117,0.07,x86_64,x86_64,True,True,transfer_mode=direct;workload=tcp-client;lazy_pages_port=9999,2026-04-30T06:22:50.405240,1_WiFi_6,0,741,20630,4772,2948,,,,,,
30-04-2026-direct-postcopy-0028,CRIU,postcopy,yes,710,24726,3064,328,4102,0.06,x86_64,x86_64,True,True,transfer_mode=direct;workload=tcp-client;lazy_pages_port=9999,2026-04-30T06:23:32.393075,1_WiFi_6,0,710,21173,5072,3116,,,,,,
30-04-2026-direct-postcopy-0029,CRIU,postcopy,yes,731,24768,3089,377,4197,0.06,x86_64,x86_64,True,True,transfer_mode=direct;workload=tcp-client;lazy_pages_port=9999,2026-04-30T06:24:14.095200,1_WiFi_6,0,731,21398,5093,3167,,,,,,
30-04-2026-direct-postcopy-0030,CRIU,postcopy,yes,762,24866,3068,336,4166,0.06,x86_64,x86_64,True,True,transfer_mode=direct;workload=tcp-client;lazy_pages_port=9999,2026-04-30T06:24:55.729887,1_WiFi_6,0,762,20968,4782,3007,,,,,,
30-04-2026-direct-postcopy-0031,CRIU,postcopy,yes,772,24896,3061,324,4157,0.07,x86_64,x86_64,True,True,transfer_mode=direct;workload=tcp-client;lazy_pages_port=9999,2026-04-30T06:25:37.939421,1_WiFi_6,0,772,21103,5047,3116,,,,,,
30-04-2026-direct-postcopy-0032,CRIU,postcopy,yes,707,24699,3263,355,4325,0.06,x86_64,x86_64,True,True,transfer_mode=direct;workload=tcp-client;lazy_pages_port=9999,2026-04-30T06:26:19.155229,1_WiFi_6,0,707,21077,5053,3058,,,,,,
30-04-2026-direct-postcopy-0033,CRIU,postcopy,yes,707,24716,3088,354,4149,0.06,x86_64,x86_64,True,True,transfer_mode=direct;workload=tcp-client;lazy_pages_port=9999,2026-04-30T06:27:00.502892,1_WiFi_6,0,707,20779,4763,3168,,,,,,
30-04-2026-direct-postcopy-0034,CRIU,postcopy,yes,747,24943,3027,376,4150,0.07,x86_64,x86_64,True,True,transfer_mode=direct;workload=tcp-client;lazy_pages_port=9999,2026-04-30T06:27:42.378180,1_WiFi_6,0,747,20833,5031,3058,,,,,,
30-04-2026-direct-postcopy-0035,CRIU,postcopy,yes,777,24632,3405,346,4528,0.06,x86_64,x86_64,True,True,transfer_mode=direct;workload=tcp-client;lazy_pages_port=9999,2026-04-30T06:28:24.493742,1_WiFi_6,0,777,21715,5207,3007,,,,,,
30-04-2026-direct-postcopy-0036,CRIU,postcopy,yes,790,24788,2979,344,4113,0.07,x86_64,x86_64,True,True,transfer_mode=direct;workload=tcp-client;lazy_pages_port=9999,2026-04-30T06:29:05.747986,1_WiFi_6,0,790,20736,4720,3007,,,,,,
30-04-2026-direct-postcopy-0037,CRIU,postcopy,yes,770,24847,2791,339,3900,0.07,x86_64,x86_64,True,True,transfer_mode=direct;workload=tcp-client;lazy_pages_port=9999,2026-04-30T06:29:47.733920,1_WiFi_6,0,770,20687,5296,3277,,,,,,
30-04-2026-direct-postcopy-0038,CRIU,postcopy,yes,673,24914,3477,294,0,0.00,x86_64,x86_64,True,False,transfer_mode=direct;workload=tcp-client;lazy_pages_port=9999; restore_failed,2026-04-30T06:30:24.786158,1_WiFi_6,0,673,16752,816,1333,,,,,,
30-04-2026-direct-postcopy-0039,CRIU,postcopy,yes,928,24917,2866,318,4112,0.07,x86_64,x86_64,True,True,transfer_mode=direct;workload=tcp-client;lazy_pages_port=9999,2026-04-30T06:31:07.410952,1_WiFi_6,0,928,22047,4728,3167,,,,,,
30-04-2026-direct-postcopy-0040,CRIU,postcopy,yes,730,24924,10866,517,12113,0.02,x86_64,x86_64,True,True,transfer_mode=direct;workload=tcp-client;lazy_pages_port=9999,2026-04-30T06:32:02.177064,1_WiFi_6,0,730,30754,4967,3328,,,,,,
30-04-2026-direct-postcopy-0041,CRIU,postcopy,yes,734,24837,3047,367,4148,0.07,x86_64,x86_64,True,True,transfer_mode=direct;workload=tcp-client;lazy_pages_port=9999,2026-04-30T06:32:44.548072,1_WiFi_6,0,734,21832,5072,3007,,,,,,
30-04-2026-direct-postcopy-0042,CRIU,postcopy,yes,714,24702,2999,415,4128,0.07,x86_64,x86_64,True,True,transfer_mode=direct;workload=tcp-client;lazy_pages_port=9999,2026-04-30T06:33:26.383103,1_WiFi_6,0,714,21231,5003,3058,,,,,,
30-04-2026-direct-postcopy-0043,CRIU,postcopy,yes,734,24793,3137,397,4268,0.06,x86_64,x86_64,True,True,transfer_mode=direct;workload=tcp-client;lazy_pages_port=9999,2026-04-30T06:34:08.331220,1_WiFi_6,0,734,21064,4860,2948,,,,,,
30-04-2026-direct-postcopy-0044,CRIU,postcopy,yes,647,24787,3066,365,4078,0.06,x86_64,x86_64,True,True,transfer_mode=direct;workload=tcp-client;lazy_pages_port=9999,2026-04-30T06:34:50.626945,1_WiFi_6,0,647,21526,5069,3007,,,,,,
30-04-2026-direct-postcopy-0045,CRIU,postcopy,yes,732,24920,3046,325,4103,0.07,x86_64,x86_64,True,True,transfer_mode=direct;workload=tcp-client;lazy_pages_port=9999,2026-04-30T06:35:32.254518,1_WiFi_6,0,732,21224,4737,3007,,,,,,
30-04-2026-direct-postcopy-0046,CRIU,postcopy,yes,685,24726,3151,344,4180,0.06,x86_64,x86_64,True,True,transfer_mode=direct;workload=tcp-client;lazy_pages_port=9999,2026-04-30T06:36:13.978057,1_WiFi_6,0,685,20861,4784,3007,,,,,,
30-04-2026-direct-postcopy-0047,CRIU,postcopy,yes,694,24966,3020,345,4059,0.07,x86_64,x86_64,True,True,transfer_mode=direct;workload=tcp-client;lazy_pages_port=9999,2026-04-30T06:36:55.896139,1_WiFi_6,0,694,21229,5117,3007,,,,,,
30-04-2026-direct-postcopy-0048,CRIU,postcopy,yes,740,24681,3168,295,4203,0.06,x86_64,x86_64,True,True,transfer_mode=direct;workload=tcp-client;lazy_pages_port=9999,2026-04-30T06:37:37.739966,1_WiFi_6,0,740,21349,4672,3168,,,,,,
30-04-2026-direct-postcopy-0049,CRIU,postcopy,yes,712,24947,3089,373,4174,0.06,x86_64,x86_64,True,True,transfer_mode=direct;workload=tcp-client;lazy_pages_port=9999,2026-04-30T06:38:19.665960,1_WiFi_6,0,712,20959,4870,3058,,,,,,
30-04-2026-direct-postcopy-0050,CRIU,postcopy,yes,745,24820,3194,444,4383,0.06,x86_64,x86_64,True,True,transfer_mode=direct;workload=tcp-client;lazy_pages_port=9999,2026-04-30T06:39:02.307863,1_WiFi_6,0,745,21668,5262,2897,,,,,,
30-04-2026-host-cold-0050,CRIU,cold,yes,523,28090,6865,474,7862,0.03,x86_64,x86_64,True,True,transfer_mode=host;workload=tcp-client;relay_node=edge-host-1,2026-04-30T16:03:19.644009,1_WiFi_6,0,0,21092,0,0,,,,,,
30-04-2026-host-cold-0051,CRIU,cold,yes,315,27224,6802,309,7426,0.03,x86_64,x86_64,True,True,transfer_mode=host;workload=tcp-client;relay_node=edge-host-1,2026-04-30T16:04:01.478997,1_WiFi_6,0,0,21048,0,0,,,,,,
30-04-2026-host-cold-0052,CRIU,cold,yes,368,27267,6845,320,7533,0.03,x86_64,x86_64,True,True,transfer_mode=host;workload=tcp-client;relay_node=edge-host-1,2026-04-30T16:04:42.297113,1_WiFi_6,0,0,20384,0,0,,,,,,
30-04-2026-host-cold-0053,CRIU,cold,yes,367,27540,6750,343,7460,0.03,x86_64,x86_64,True,True,transfer_mode=host;workload=tcp-client;relay_node=edge-host-1,2026-04-30T16:05:23.676198,1_WiFi_6,0,0,20319,0,0,,,,,,
30-04-2026-host-cold-0054,CRIU,cold,yes,336,27510,7219,403,7958,0.03,x86_64,x86_64,True,True,transfer_mode=host;workload=tcp-client;relay_node=edge-host-1,2026-04-30T16:06:05.831168,1_WiFi_6,0,0,21188,0,0,,,,,,
30-04-2026-host-cold-0055,CRIU,cold,yes,339,27502,6922,294,7555,0.03,x86_64,x86_64,True,True,transfer_mode=host;workload=tcp-client;relay_node=edge-host-1,2026-04-30T16:06:47.028067,1_WiFi_6,0,0,20680,0,0,,,,,,
30-04-2026-host-cold-0056,CRIU,cold,yes,333,27354,6762,334,7429,0.03,x86_64,x86_64,True,True,transfer_mode=host;workload=tcp-client;relay_node=edge-host-1,2026-04-30T16:07:28.526824,1_WiFi_6,0,0,20278,0,0,,,,,,
30-04-2026-host-cold-0057,CRIU,cold,yes,323,27512,7464,328,8115,0.03,x86_64,x86_64,True,True,transfer_mode=host;workload=tcp-client;relay_node=edge-host-1,2026-04-30T16:08:10.188672,1_WiFi_6,0,0,21089,0,0,,,,,,
30-04-2026-host-cold-0058,CRIU,cold,yes,339,27505,6957,313,7609,0.03,x86_64,x86_64,True,True,transfer_mode=host;workload=tcp-client;relay_node=edge-host-1,2026-04-30T16:08:51.104189,1_WiFi_6,0,0,20600,0,0,,,,,,
30-04-2026-host-cold-0059,CRIU,cold,yes,329,27377,6799,318,7446,0.03,x86_64,x86_64,True,True,transfer_mode=host;workload=tcp-client;relay_node=edge-host-1,2026-04-30T16:09:33.214137,1_WiFi_6,0,0,20511,0,0,,,,,,
30-04-2026-direct-cold-0051,CRIU,cold,yes,330,27296,3070,392,3792,0.07,x86_64,x86_64,True,True,transfer_mode=direct;workload=tcp-client,2026-04-30T16:10:13.336390,1_WiFi_6,0,0,19237,0,0,,,,,,
30-04-2026-direct-cold-0052,CRIU,cold,yes,329,27346,3339,398,4066,0.07,x86_64,x86_64,True,True,transfer_mode=direct;workload=tcp-client,2026-04-30T16:10:52.766128,1_WiFi_6,0,0,18880,0,0,,,,,,
30-04-2026-direct-cold-0053,CRIU,cold,yes,377,27221,3085,309,3771,0.07,x86_64,x86_64,True,True,transfer_mode=direct;workload=tcp-client,2026-04-30T16:11:33.049701,1_WiFi_6,0,0,18742,0,0,,,,,,
30-04-2026-direct-cold-0054,CRIU,cold,yes,381,27248,3398,313,4092,0.06,x86_64,x86_64,True,True,transfer_mode=direct;workload=tcp-client,2026-04-30T16:12:12.620349,1_WiFi_6,0,0,19047,0,0,,,,,,
30-04-2026-direct-cold-0055,CRIU,cold,yes,335,27429,2982,315,3632,0.07,x86_64,x86_64,True,True,transfer_mode=direct;workload=tcp-client,2026-04-30T16:12:51.890864,1_WiFi_6,0,0,18686,0,0,,,,,,
30-04-2026-direct-cold-0056,CRIU,cold,yes,346,27525,3185,286,3817,0.07,x86_64,x86_64,True,True,transfer_mode=direct;workload=tcp-client,2026-04-30T16:13:31.840404,1_WiFi_6,0,0,19045,0,0,,,,,,
30-04-2026-direct-cold-0057,CRIU,cold,yes,362,27491,3103,336,3801,0.07,x86_64,x86_64,True,True,transfer_mode=direct;workload=tcp-client,2026-04-30T16:14:11.366967,1_WiFi_6,0,0,19113,0,0,,,,,,
30-04-2026-direct-cold-0058,CRIU,cold,yes,341,27337,3050,324,3715,0.07,x86_64,x86_64,True,True,transfer_mode=direct;workload=tcp-client,2026-04-30T16:14:51.112669,1_WiFi_6,0,0,19139,0,0,,,,,,
30-04-2026-direct-cold-0059,CRIU,cold,yes,357,27372,3046,312,3715,0.07,x86_64,x86_64,True,True,transfer_mode=direct;workload=tcp-client,2026-04-30T16:15:30.393811,1_WiFi_6,0,0,18607,0,0,,,,,,
30-04-2026-direct-cold-0060,CRIU,cold,yes,322,27345,3084,322,3728,0.07,x86_64,x86_64,True,True,transfer_mode=direct;workload=tcp-client,2026-04-30T16:16:10.482900,1_WiFi_6,0,0,19384,0,0,,,,,,
30-04-2026-host-precopy-0051,CRIU,precopy,yes,366,50402,6942,321,7629,0.06,x86_64,x86_64,True,True,transfer_mode=host;workload=tcp-client;relay_node=edge-host-1;iterations=3,2026-04-30T16:16:56.773601,1_WiFi_6,3922,366,25465,0,0,,,,,,
30-04-2026-host-precopy-0052,CRIU,precopy,yes,286,48933,6726,307,7319,0.06,x86_64,x86_64,True,True,transfer_mode=host;workload=tcp-client;relay_node=edge-host-1;iterations=3,2026-04-30T16:17:42.440621,1_WiFi_6,3918,286,24744,0,0,,,,,,
30-04-2026-host-precopy-0053,CRIU,precopy,yes,304,49135,6969,279,7552,0.06,x86_64,x86_64,True,True,transfer_mode=host;workload=tcp-client;relay_node=edge-host-1;iterations=3,2026-04-30T16:18:28.425039,1_WiFi_6,3928,304,24908,0,0,,,,,,
30-04-2026-host-precopy-0054,CRIU,precopy,yes,312,50420,6725,404,7441,0.06,x86_64,x86_64,True,True,transfer_mode=host;workload=tcp-client;relay_node=edge-host-1;iterations=3,2026-04-30T16:19:14.282754,1_WiFi_6,3939,312,25291,0,0,,,,,,
30-04-2026-host-precopy-0055,CRIU,precopy,yes,314,49319,6481,327,7122,0.06,x86_64,x86_64,True,True,transfer_mode=host;workload=tcp-client;relay_node=edge-host-1;iterations=3,2026-04-30T16:19:59.418665,1_WiFi_6,3945,314,24231,0,0,,,,,,
30-04-2026-host-precopy-0056,CRIU,precopy,yes,301,49451,7125,327,7753,0.06,x86_64,x86_64,True,True,transfer_mode=host;workload=tcp-client;relay_node=edge-host-1;iterations=3,2026-04-30T16:20:45.441137,1_WiFi_6,3951,301,25200,0,0,,,,,,
30-04-2026-host-precopy-0057,CRIU,precopy,yes,320,48999,6724,322,7366,0.06,x86_64,x86_64,True,True,transfer_mode=host;workload=tcp-client;relay_node=edge-host-1;iterations=3,2026-04-30T16:21:30.744107,1_WiFi_6,3970,320,24670,0,0,,,,,,
30-04-2026-host-precopy-0058,CRIU,precopy,yes,370,48796,6798,320,7488,0.06,x86_64,x86_64,True,True,transfer_mode=host;workload=tcp-client;relay_node=edge-host-1;iterations=3,2026-04-30T16:22:16.819424,1_WiFi_6,4069,370,25095,0,0,,,,,,
30-04-2026-host-precopy-0059,CRIU,precopy,yes,308,48961,6811,375,7494,0.06,x86_64,x86_64,True,True,transfer_mode=host;workload=tcp-client;relay_node=edge-host-1;iterations=3,2026-04-30T16:23:02.703608,1_WiFi_6,3921,308,24815,0,0,,,,,,
30-04-2026-host-precopy-0060,CRIU,precopy,yes,318,49373,7109,314,7741,0.06,x86_64,x86_64,True,True,transfer_mode=host;workload=tcp-client;relay_node=edge-host-1;iterations=3,2026-04-30T16:23:48.649582,1_WiFi_6,4001,318,25182,0,0,,,,,,
30-04-2026-direct-precopy-0051,CRIU,precopy,yes,398,49704,3065,308,3771,0.13,x86_64,x86_64,True,True,transfer_mode=direct;workload=tcp-client;iterations=3,2026-04-30T16:24:32.408988,1_WiFi_6,3941,398,22873,0,0,,,,,,
30-04-2026-direct-precopy-0052,CRIU,precopy,yes,305,49825,3441,306,4052,0.12,x86_64,x86_64,True,True,transfer_mode=direct;workload=tcp-client;iterations=3,2026-04-30T16:25:16.488117,1_WiFi_6,3929,305,23187,0,0,,,,,,
30-04-2026-direct-precopy-0053,CRIU,precopy,yes,303,50421,3038,328,3669,0.13,x86_64,x86_64,True,True,transfer_mode=direct;workload=tcp-client;iterations=3,2026-04-30T16:26:00.573246,1_WiFi_6,3928,303,23518,0,0,,,,,,
30-04-2026-direct-precopy-0054,CRIU,precopy,yes,296,50377,3015,405,3716,0.13,x86_64,x86_64,True,True,transfer_mode=direct;workload=tcp-client;iterations=3,2026-04-30T16:26:44.324823,1_WiFi_6,3979,296,22914,0,0,,,,,,
30-04-2026-direct-precopy-0055,CRIU,precopy,yes,304,48965,3070,274,3648,0.13,x86_64,x86_64,True,True,transfer_mode=direct;workload=tcp-client;iterations=3,2026-04-30T16:27:28.443037,1_WiFi_6,3972,304,22953,0,0,,,,,,
30-04-2026-direct-precopy-0056,CRIU,precopy,yes,351,49189,3303,316,3970,0.12,x86_64,x86_64,True,True,transfer_mode=direct;workload=tcp-client;iterations=3,2026-04-30T16:28:12.551324,1_WiFi_6,3937,351,23470,0,0,,,,,,
30-04-2026-direct-precopy-0057,CRIU,precopy,yes,315,50565,3311,331,3957,0.12,x86_64,x86_64,True,True,transfer_mode=direct;workload=tcp-client;iterations=3,2026-04-30T16:28:56.157606,1_WiFi_6,4010,315,22835,0,0,,,,,,
30-04-2026-direct-precopy-0058,CRIU,precopy,yes,294,49318,3034,361,3689,0.13,x86_64,x86_64,True,True,transfer_mode=direct;workload=tcp-client;iterations=3,2026-04-30T16:29:39.916590,1_WiFi_6,4023,294,23117,0,0,,,,,,
30-04-2026-direct-precopy-0059,CRIU,precopy,yes,364,49190,3109,342,3815,0.13,x86_64,x86_64,True,True,transfer_mode=direct;workload=tcp-client;iterations=3,2026-04-30T16:30:23.698202,1_WiFi_6,3938,364,22888,0,0,,,,,,
30-04-2026-direct-precopy-0060,CRIU,precopy,yes,296,49115,3108,317,3721,0.13,x86_64,x86_64,True,True,transfer_mode=direct;workload=tcp-client;iterations=3,2026-04-30T16:31:07.589745,1_WiFi_6,4083,296,23435,0,0,,,,,,
30-04-2026-host-postcopy-0051,CRIU,postcopy,yes,744,24632,6731,331,7806,0.03,x86_64,x86_64,True,True,transfer_mode=host;workload=tcp-client;relay_node=edge-host-1;lazy_pages_port=9999,2026-04-30T16:31:51.359874,1_WiFi_6,0,744,22722,4782,3203,,,,,,
30-04-2026-host-postcopy-0052,CRIU,postcopy,yes,772,24787,6944,329,8045,0.03,x86_64,x86_64,True,True,transfer_mode=host;workload=tcp-client;relay_node=edge-host-1;lazy_pages_port=9999,2026-04-30T16:32:35.394378,1_WiFi_6,0,772,23194,4802,2837,,,,,,
30-04-2026-host-postcopy-0053,CRIU,postcopy,yes,805,24786,7131,320,8256,0.03,x86_64,x86_64,True,True,transfer_mode=host;workload=tcp-client;relay_node=edge-host-1;lazy_pages_port=9999,2026-04-30T16:33:19.189686,1_WiFi_6,0,805,23320,4729,3097,,,,,,
30-04-2026-host-postcopy-0054,CRIU,postcopy,yes,714,24600,7017,347,8078,0.03,x86_64,x86_64,True,True,transfer_mode=host;workload=tcp-client;relay_node=edge-host-1;lazy_pages_port=9999,2026-04-30T16:34:03.841127,1_WiFi_6,0,714,23613,5161,2943,,,,,,
30-04-2026-host-postcopy-0055,CRIU,postcopy,yes,711,24611,7136,351,8198,0.03,x86_64,x86_64,True,True,transfer_mode=host;workload=tcp-client;relay_node=edge-host-1;lazy_pages_port=9999,2026-04-30T16:34:47.816646,1_WiFi_6,0,711,23433,4928,2886,,,,,,
30-04-2026-host-postcopy-0056,CRIU,postcopy,yes,735,24672,6736,342,7813,0.03,x86_64,x86_64,True,True,transfer_mode=host;workload=tcp-client;relay_node=edge-host-1;lazy_pages_port=9999,2026-04-30T16:35:31.231000,1_WiFi_6,0,735,22636,4750,2943,,,,,,
30-04-2026-host-postcopy-0057,CRIU,postcopy,yes,864,24704,6944,413,8221,0.03,x86_64,x86_64,True,True,transfer_mode=host;workload=tcp-client;relay_node=edge-host-1;lazy_pages_port=9999,2026-04-30T16:36:15.601206,1_WiFi_6,0,864,23416,4879,2943,,,,,,
30-04-2026-host-postcopy-0058,CRIU,postcopy,yes,752,24898,6726,344,7822,0.03,x86_64,x86_64,True,True,transfer_mode=host;workload=tcp-client;relay_node=edge-host-1;lazy_pages_port=9999,2026-04-30T16:36:59.482431,1_WiFi_6,0,752,23354,4816,2975,,,,,,
30-04-2026-host-postcopy-0059,CRIU,postcopy,yes,723,24609,6802,321,7846,0.03,x86_64,x86_64,True,True,transfer_mode=host;workload=tcp-client;relay_node=edge-host-1;lazy_pages_port=9999,2026-04-30T16:37:43.051313,1_WiFi_6,0,723,22780,4730,2975,,,,,,
30-04-2026-host-postcopy-0060,CRIU,postcopy,yes,778,24726,6908,356,8042,0.03,x86_64,x86_64,True,True,transfer_mode=host;workload=tcp-client;relay_node=edge-host-1;lazy_pages_port=9999,2026-04-30T16:38:26.477133,1_WiFi_6,0,778,22554,4756,2975,,,,,,
30-04-2026-direct-postcopy-0051,CRIU,postcopy,yes,763,24746,3098,301,4162,0.06,x86_64,x86_64,True,True,transfer_mode=direct;workload=tcp-client;lazy_pages_port=9999,2026-04-30T16:39:08.161111,1_WiFi_6,0,763,21136,4698,2975,,,,,,
30-04-2026-direct-postcopy-0052,CRIU,postcopy,yes,967,24666,3163,342,4472,0.06,x86_64,x86_64,True,True,transfer_mode=direct;workload=tcp-client;lazy_pages_port=9999,2026-04-30T16:39:50.166162,1_WiFi_6,0,967,21485,4781,3082,,,,,,
30-04-2026-direct-postcopy-0053,CRIU,postcopy,yes,751,24569,3102,338,4191,0.06,x86_64,x86_64,True,True,transfer_mode=direct;workload=tcp-client;lazy_pages_port=9999,2026-04-30T16:40:31.916222,1_WiFi_6,0,751,21329,4819,2867,,,,,,
30-04-2026-direct-postcopy-0054,CRIU,postcopy,yes,675,24626,3158,379,4212,0.06,x86_64,x86_64,True,True,transfer_mode=direct;workload=tcp-client;lazy_pages_port=9999,2026-04-30T16:41:14.245481,1_WiFi_6,0,675,21457,4872,3082,,,,,,
30-04-2026-direct-postcopy-0055,CRIU,postcopy,yes,706,0,0,0,0,0.00,x86_64,x86_64,True,False,transfer_mode=direct;workload=tcp-client;lazy_pages_port=9999; archive_failed,2026-04-30T16:41:43.981204,1_WiFi_6,0,706,9001,0,0,,,,,,
30-04-2026-direct-postcopy-0056,CRIU,postcopy,yes,755,24872,3495,339,4589,0.06,x86_64,x86_64,True,True,transfer_mode=direct;workload=tcp-client;lazy_pages_port=9999,2026-04-30T16:42:24.895764,1_WiFi_6,0,755,21541,4762,3133,,,,,,
30-04-2026-direct-postcopy-0057,CRIU,postcopy,yes,666,24584,3090,349,4105,0.06,x86_64,x86_64,True,True,transfer_mode=direct;workload=tcp-client;lazy_pages_port=9999,2026-04-30T16:43:06.734778,1_WiFi_6,0,666,21405,5076,3240,,,,,,
30-04-2026-direct-postcopy-0058,CRIU,postcopy,yes,723,24780,3136,342,4201,0.06,x86_64,x86_64,True,True,transfer_mode=direct;workload=tcp-client;lazy_pages_port=9999,2026-04-30T16:43:48.196352,1_WiFi_6,0,723,20813,4729,2975,,,,,,
30-04-2026-direct-postcopy-0059,CRIU,postcopy,yes,806,24679,3005,326,4137,0.07,x86_64,x86_64,True,True,transfer_mode=direct;workload=tcp-client;lazy_pages_port=9999,2026-04-30T16:44:30.202104,1_WiFi_6,0,806,20945,4668,2867,,,,,,
30-04-2026-direct-postcopy-0060,CRIU,postcopy,yes,718,24766,2978,344,4040,0.07,x86_64,x86_64,True,True,transfer_mode=direct;workload=tcp-client;lazy_pages_port=9999,2026-04-30T16:45:12.712046,1_WiFi_6,0,718,21365,5100,2975,,,,,,
30-04-2026-host-cold-0060,CRIU,cold,yes,442,28235,6716,418,7576,0.03,x86_64,x86_64,True,True,transfer_mode=host;workload=tcp-client;relay_node=edge-host-1,2026-04-30T16:47:26.026786,1_WiFi_6,0,0,21469,0,0,,,,,,
30-04-2026-host-cold-0061,CRIU,cold,yes,320,27414,6912,286,7518,0.03,x86_64,x86_64,True,True,transfer_mode=host;workload=tcp-client;relay_node=edge-host-1,2026-04-30T16:48:07.684986,1_WiFi_6,0,0,21107,0,0,,,,,,
30-04-2026-host-cold-0062,CRIU,cold,yes,345,27562,6795,303,7443,0.03,x86_64,x86_64,True,True,transfer_mode=host;workload=tcp-client;relay_node=edge-host-1,2026-04-30T16:48:48.710613,1_WiFi_6,0,0,20462,0,0,,,,,,
30-04-2026-host-cold-0063,CRIU,cold,yes,317,27291,6651,312,7280,0.03,x86_64,x86_64,True,True,transfer_mode=host;workload=tcp-client;relay_node=edge-host-1,2026-04-30T16:49:30.272414,1_WiFi_6,0,0,20385,0,0,,,,,,
30-04-2026-host-cold-0064,CRIU,cold,yes,333,26964,7009,311,7653,0.03,x86_64,x86_64,True,True,transfer_mode=host;workload=tcp-client;relay_node=edge-host-1,2026-04-30T16:50:11.649136,1_WiFi_6,0,0,20498,0,0,,,,,,
30-04-2026-host-cold-0065,CRIU,cold,yes,414,27301,6838,375,7627,0.03,x86_64,x86_64,True,True,transfer_mode=host;workload=tcp-client;relay_node=edge-host-1,2026-04-30T16:50:52.843185,1_WiFi_6,0,0,20804,0,0,,,,,,
30-04-2026-host-cold-0066,CRIU,cold,yes,339,27383,6827,298,7464,0.03,x86_64,x86_64,True,True,transfer_mode=host;workload=tcp-client;relay_node=edge-host-1,2026-04-30T16:51:34.294341,1_WiFi_6,0,0,20318,0,0,,,,,,
30-04-2026-host-cold-0067,CRIU,cold,yes,331,27446,7142,275,7748,0.03,x86_64,x86_64,True,True,transfer_mode=host;workload=tcp-client;relay_node=edge-host-1,2026-04-30T16:52:15.315229,1_WiFi_6,0,0,20567,0,0,,,,,,
30-04-2026-host-cold-0068,CRIU,cold,yes,343,27600,6874,325,7542,0.03,x86_64,x86_64,True,True,transfer_mode=host;workload=tcp-client;relay_node=edge-host-1,2026-04-30T16:52:56.277814,1_WiFi_6,0,0,20710,0,0,,,,,,
30-04-2026-host-cold-0069,CRIU,cold,yes,397,27446,6912,320,7629,0.03,x86_64,x86_64,True,True,transfer_mode=host;workload=tcp-client;relay_node=edge-host-1,2026-04-30T16:53:37.626846,1_WiFi_6,0,0,20279,0,0,,,,,,
30-04-2026-direct-cold-0061,CRIU,cold,yes,355,27272,2961,308,3624,0.07,x86_64,x86_64,True,True,transfer_mode=direct;workload=tcp-client,2026-04-30T16:54:16.999602,1_WiFi_6,0,0,18700,0,0,,,,,,
30-04-2026-direct-cold-0062,CRIU,cold,yes,327,27445,3041,338,3706,0.07,x86_64,x86_64,True,True,transfer_mode=direct;workload=tcp-client,2026-04-30T16:54:55.492067,1_WiFi_6,0,0,18360,0,0,,,,,,
30-04-2026-direct-cold-0063,CRIU,cold,yes,356,27572,3286,354,3996,0.07,x86_64,x86_64,True,True,transfer_mode=direct;workload=tcp-client,2026-04-30T16:55:35.848772,1_WiFi_6,0,0,19241,0,0,,,,,,
30-04-2026-direct-cold-0064,CRIU,cold,yes,370,27344,3123,315,3808,0.07,x86_64,x86_64,True,True,transfer_mode=direct;workload=tcp-client,2026-04-30T16:56:15.455110,1_WiFi_6,0,0,19345,0,0,,,,,,
30-04-2026-direct-cold-0065,CRIU,cold,yes,355,27579,3240,321,3916,0.07,x86_64,x86_64,True,True,transfer_mode=direct;workload=tcp-client,2026-04-30T16:56:54.819405,1_WiFi_6,0,0,18808,0,0,,,,,,
30-04-2026-direct-cold-0066,CRIU,cold,yes,343,27182,3048,309,3700,0.07,x86_64,x86_64,True,True,transfer_mode=direct;workload=tcp-client,2026-04-30T16:57:34.711273,1_WiFi_6,0,0,18842,0,0,,,,,,
30-04-2026-direct-cold-0067,CRIU,cold,yes,340,27397,3482,301,4123,0.06,x86_64,x86_64,True,True,transfer_mode=direct;workload=tcp-client,2026-04-30T16:58:14.290433,1_WiFi_6,0,0,19496,0,0,,,,,,
30-04-2026-direct-cold-0068,CRIU,cold,yes,344,27439,3226,386,3956,0.07,x86_64,x86_64,True,True,transfer_mode=direct;workload=tcp-client,2026-04-30T16:58:53.877882,1_WiFi_6,0,0,19187,0,0,,,,,,
30-04-2026-direct-cold-0069,CRIU,cold,yes,444,27233,3136,321,3901,0.07,x86_64,x86_64,True,True,transfer_mode=direct;workload=tcp-client,2026-04-30T16:59:33.774750,1_WiFi_6,0,0,18750,0,0,,,,,,
30-04-2026-direct-cold-0070,CRIU,cold,yes,334,27255,3464,313,4111,0.06,x86_64,x86_64,True,True,transfer_mode=direct;workload=tcp-client,2026-04-30T17:00:13.384601,1_WiFi_6,0,0,18858,0,0,,,,,,
30-04-2026-host-precopy-0061,CRIU,precopy,yes,314,50470,6812,318,7444,0.06,x86_64,x86_64,True,True,transfer_mode=host;workload=tcp-client;relay_node=edge-host-1;iterations=3,2026-04-30T17:00:58.781346,1_WiFi_6,3922,314,24741,0,0,,,,,,
30-04-2026-host-precopy-0062,CRIU,precopy,yes,288,49336,6604,331,7223,0.06,x86_64,x86_64,True,True,transfer_mode=host;workload=tcp-client;relay_node=edge-host-1;iterations=3,2026-04-30T17:01:44.294051,1_WiFi_6,4043,288,24469,0,0,,,,,,
30-04-2026-host-precopy-0063,CRIU,precopy,yes,303,49737,7113,315,7731,0.06,x86_64,x86_64,True,True,transfer_mode=host;workload=tcp-client;relay_node=edge-host-1;iterations=3,2026-04-30T17:02:30.231059,1_WiFi_6,3901,303,25226,0,0,,,,,,
30-04-2026-host-precopy-0064,CRIU,precopy,yes,305,49991,6785,321,7411,0.06,x86_64,x86_64,True,True,transfer_mode=host;workload=tcp-client;relay_node=edge-host-1;iterations=3,2026-04-30T17:03:15.526867,1_WiFi_6,3976,305,24817,0,0,,,,,,
30-04-2026-host-precopy-0065,CRIU,precopy,yes,295,48994,6813,308,7416,0.06,x86_64,x86_64,True,True,transfer_mode=host;workload=tcp-client;relay_node=edge-host-1;iterations=3,2026-04-30T17:04:01.052011,1_WiFi_6,3940,295,24454,0,0,,,,,,
30-04-2026-host-precopy-0066,CRIU,precopy,yes,298,49915,6871,319,7488,0.06,x86_64,x86_64,True,True,transfer_mode=host;workload=tcp-client;relay_node=edge-host-1;iterations=3,2026-04-30T17:04:46.920298,1_WiFi_6,3904,298,24571,0,0,,,,,,
30-04-2026-host-precopy-0067,CRIU,precopy,yes,300,48813,7093,323,7716,0.06,x86_64,x86_64,True,True,transfer_mode=host;workload=tcp-client;relay_node=edge-host-1;iterations=3,2026-04-30T17:05:32.792636,1_WiFi_6,3907,300,25650,0,0,,,,,,
30-04-2026-host-precopy-0068,CRIU,precopy,yes,294,50404,6828,324,7446,0.06,x86_64,x86_64,True,True,transfer_mode=host;workload=tcp-client;relay_node=edge-host-1;iterations=3,2026-04-30T17:06:17.737567,1_WiFi_6,3926,294,24453,0,0,,,,,,
30-04-2026-host-precopy-0069,CRIU,precopy,yes,328,50118,6817,307,7452,0.06,x86_64,x86_64,True,True,transfer_mode=host;workload=tcp-client;relay_node=edge-host-1;iterations=3,2026-04-30T17:07:03.926849,1_WiFi_6,3984,328,24823,0,0,,,,,,
30-04-2026-host-precopy-0070,CRIU,precopy,yes,291,49894,6841,309,7441,0.06,x86_64,x86_64,True,True,transfer_mode=host;workload=tcp-client;relay_node=edge-host-1;iterations=3,2026-04-30T17:07:49.784629,1_WiFi_6,3906,291,25146,0,0,,,,,,
30-04-2026-direct-precopy-0061,CRIU,precopy,yes,343,49351,3017,356,3716,0.13,x86_64,x86_64,True,True,transfer_mode=direct;workload=tcp-client;iterations=3,2026-04-30T17:08:34.110188,1_WiFi_6,3957,343,23680,0,0,,,,,,
30-04-2026-direct-precopy-0062,CRIU,precopy,yes,308,49206,3162,349,3819,0.12,x86_64,x86_64,True,True,transfer_mode=direct;workload=tcp-client;iterations=3,2026-04-30T17:09:18.059979,1_WiFi_6,3977,308,23236,0,0,,,,,,
30-04-2026-direct-precopy-0063,CRIU,precopy,yes,324,50324,3207,311,3842,0.13,x86_64,x86_64,True,True,transfer_mode=direct;workload=tcp-client;iterations=3,2026-04-30T17:10:02.481139,1_WiFi_6,4005,324,23431,0,0,,,,,,
30-04-2026-direct-precopy-0064,CRIU,precopy,yes,302,48882,3138,330,3770,0.12,x86_64,x86_64,True,True,transfer_mode=direct;workload=tcp-client;iterations=3,2026-04-30T17:10:46.418568,1_WiFi_6,3952,302,23412,0,0,,,,,,
30-04-2026-direct-precopy-0065,CRIU,precopy,yes,346,49005,3685,364,4395,0.11,x86_64,x86_64,True,True,transfer_mode=direct;workload=tcp-client;iterations=3,2026-04-30T17:11:30.623059,1_WiFi_6,4115,346,23601,0,0,,,,,,
30-04-2026-direct-precopy-0066,CRIU,precopy,yes,384,49887,3406,303,4093,0.12,x86_64,x86_64,True,True,transfer_mode=direct;workload=tcp-client;iterations=3,2026-04-30T17:12:14.470428,1_WiFi_6,3906,384,23222,0,0,,,,,,
30-04-2026-direct-precopy-0067,CRIU,precopy,yes,318,49841,3060,300,3678,0.13,x86_64,x86_64,True,True,transfer_mode=direct;workload=tcp-client;iterations=3,2026-04-30T17:12:58.190617,1_WiFi_6,3918,318,22736,0,0,,,,,,
30-04-2026-direct-precopy-0068,CRIU,precopy,yes,351,49159,3398,353,4102,0.12,x86_64,x86_64,True,True,transfer_mode=direct;workload=tcp-client;iterations=3,2026-04-30T17:13:42.339395,1_WiFi_6,3967,351,23447,0,0,,,,,,
30-04-2026-direct-precopy-0069,CRIU,precopy,yes,293,49409,3125,315,3733,0.13,x86_64,x86_64,True,True,transfer_mode=direct;workload=tcp-client;iterations=3,2026-04-30T17:14:25.863760,1_WiFi_6,3954,293,23050,0,0,,,,,,
30-04-2026-direct-precopy-0070,CRIU,precopy,yes,299,48924,3130,274,3703,0.13,x86_64,x86_64,True,True,transfer_mode=direct;workload=tcp-client;iterations=3,2026-04-30T17:15:09.710778,1_WiFi_6,3918,299,22903,0,0,,,,,,
30-04-2026-host-postcopy-0061,CRIU,postcopy,yes,709,24780,7040,402,8151,0.03,x86_64,x86_64,True,True,transfer_mode=host;workload=tcp-client;relay_node=edge-host-1;lazy_pages_port=9999,2026-04-30T17:15:53.956676,1_WiFi_6,0,709,23169,4780,2992,,,,,,
30-04-2026-host-postcopy-0062,CRIU,postcopy,yes,826,24856,6903,333,8062,0.03,x86_64,x86_64,True,True,transfer_mode=host;workload=tcp-client;relay_node=edge-host-1;lazy_pages_port=9999,2026-04-30T17:16:37.763918,1_WiFi_6,0,826,23320,4853,3098,,,,,,
30-04-2026-host-postcopy-0063,CRIU,postcopy,yes,755,24871,6849,356,7960,0.03,x86_64,x86_64,True,True,transfer_mode=host;workload=tcp-client;relay_node=edge-host-1;lazy_pages_port=9999,2026-04-30T17:17:21.837215,1_WiFi_6,0,755,23006,4754,3097,,,,,,
30-04-2026-host-postcopy-0064,CRIU,postcopy,yes,709,24860,6816,352,7877,0.03,x86_64,x86_64,True,True,transfer_mode=host;workload=tcp-client;relay_node=edge-host-1;lazy_pages_port=9999,2026-04-30T17:18:05.918398,1_WiFi_6,0,709,22890,4761,2943,,,,,,
30-04-2026-host-postcopy-0065,CRIU,postcopy,yes,841,24700,7207,345,8393,0.03,x86_64,x86_64,True,True,transfer_mode=host;workload=tcp-client;relay_node=edge-host-1;lazy_pages_port=9999,2026-04-30T17:18:50.250148,1_WiFi_6,0,841,23724,5197,2943,,,,,,
30-04-2026-host-postcopy-0066,CRIU,postcopy,yes,652,24645,6777,377,7806,0.03,x86_64,x86_64,True,True,transfer_mode=host;workload=tcp-client;relay_node=edge-host-1;lazy_pages_port=9999,2026-04-30T17:19:33.508795,1_WiFi_6,0,652,22795,4781,3098,,,,,,
30-04-2026-host-postcopy-0067,CRIU,postcopy,yes,862,24788,6986,346,8194,0.03,x86_64,x86_64,True,True,transfer_mode=host;workload=tcp-client;relay_node=edge-host-1;lazy_pages_port=9999,2026-04-30T17:20:17.581436,1_WiFi_6,0,862,22900,4772,2991,,,,,,
30-04-2026-host-postcopy-0068,CRIU,postcopy,yes,759,24698,6781,358,7898,0.03,x86_64,x86_64,True,True,transfer_mode=host;workload=tcp-client;relay_node=edge-host-1;lazy_pages_port=9999,2026-04-30T17:21:01.760537,1_WiFi_6,0,759,23705,4736,2975,,,,,,
30-04-2026-host-postcopy-0069,CRIU,postcopy,yes,688,24720,6838,337,7863,0.03,x86_64,x86_64,True,True,transfer_mode=host;workload=tcp-client;relay_node=edge-host-1;lazy_pages_port=9999,2026-04-30T17:21:44.915153,1_WiFi_6,0,688,22780,4776,2917,,,,,,
30-04-2026-host-postcopy-0070,CRIU,postcopy,yes,739,24649,6803,337,7879,0.03,x86_64,x86_64,True,True,transfer_mode=host;workload=tcp-client;relay_node=edge-host-1;lazy_pages_port=9999,2026-04-30T17:22:29.528868,1_WiFi_6,0,739,22999,4697,2917,,,,,,
30-04-2026-direct-postcopy-0061,CRIU,postcopy,yes,757,24850,3043,339,4139,0.07,x86_64,x86_64,True,True,transfer_mode=direct;workload=tcp-client;lazy_pages_port=9999,2026-04-30T17:23:11.540072,1_WiFi_6,0,757,21205,4748,2975,,,,,,
30-04-2026-direct-postcopy-0062,CRIU,postcopy,yes,745,24753,2886,333,3964,0.07,x86_64,x86_64,True,True,transfer_mode=direct;workload=tcp-client;lazy_pages_port=9999,2026-04-30T17:23:52.828819,1_WiFi_6,0,745,21144,4751,2975,,,,,,
30-04-2026-direct-postcopy-0063,CRIU,postcopy,yes,758,24743,3111,344,4213,0.06,x86_64,x86_64,True,True,transfer_mode=direct;workload=tcp-client;lazy_pages_port=9999,2026-04-30T17:24:34.824700,1_WiFi_6,0,758,20985,4868,3082,,,,,,
30-04-2026-direct-postcopy-0064,CRIU,postcopy,yes,727,24766,3117,337,4181,0.06,x86_64,x86_64,True,True,transfer_mode=direct;workload=tcp-client;lazy_pages_port=9999,2026-04-30T17:25:17.413785,1_WiFi_6,0,727,21525,4775,3082,,,,,,
30-04-2026-direct-postcopy-0065,CRIU,postcopy,yes,712,24561,3076,336,4124,0.06,x86_64,x86_64,True,True,transfer_mode=direct;workload=tcp-client;lazy_pages_port=9999,2026-04-30T17:25:59.014853,1_WiFi_6,0,712,21266,4832,3025,,,,,,
30-04-2026-direct-postcopy-0066,CRIU,postcopy,yes,830,24828,3102,334,4266,0.06,x86_64,x86_64,True,True,transfer_mode=direct;workload=tcp-client;lazy_pages_port=9999,2026-04-30T17:26:40.727193,1_WiFi_6,0,830,20986,4821,3132,,,,,,
30-04-2026-direct-postcopy-0067,CRIU,postcopy,yes,740,24663,3169,323,4232,0.06,x86_64,x86_64,True,True,transfer_mode=direct;workload=tcp-client;lazy_pages_port=9999,2026-04-30T17:27:22.779117,1_WiFi_6,0,740,21497,4707,3132,,,,,,
30-04-2026-direct-postcopy-0068,CRIU,postcopy,yes,778,24765,3020,354,4152,0.07,x86_64,x86_64,True,True,transfer_mode=direct;workload=tcp-client;lazy_pages_port=9999,2026-04-30T17:28:04.271713,1_WiFi_6,0,778,21045,4780,3082,,,,,,
30-04-2026-direct-postcopy-0069,CRIU,postcopy,yes,706,24743,3198,304,4208,0.06,x86_64,x86_64,True,True,transfer_mode=direct;workload=tcp-client;lazy_pages_port=9999,2026-04-30T17:28:45.859437,1_WiFi_6,0,706,20802,4710,3082,,,,,,
30-04-2026-direct-postcopy-0070,CRIU,postcopy,yes,744,24788,3099,341,4184,0.06,x86_64,x86_64,True,True,transfer_mode=direct;workload=tcp-client;lazy_pages_port=9999,2026-04-30T17:29:28.535670,1_WiFi_6,0,744,21634,4779,2975,,,,,,
30-04-2026-host-cold-0070,CRIU,cold,yes,433,28363,6841,436,7710,0.03,x86_64,x86_64,True,True,transfer_mode=host;workload=tcp-client;relay_node=edge-host-1,2026-04-30T17:31:42.138464,1_WiFi_6,0,0,21369,0,0,,,,,,
30-04-2026-host-cold-0071,CRIU,cold,yes,336,27457,7171,320,7827,0.03,x86_64,x86_64,True,True,transfer_mode=host;workload=tcp-client;relay_node=edge-host-1,2026-04-30T17:32:24.354448,1_WiFi_6,0,0,21357,0,0,,,,,,
30-04-2026-host-cold-0072,CRIU,cold,yes,347,27377,6994,348,7689,0.03,x86_64,x86_64,True,True,transfer_mode=host;workload=tcp-client;relay_node=edge-host-1,2026-04-30T17:33:05.469197,1_WiFi_6,0,0,20634,0,0,,,,,,
30-04-2026-host-cold-0073,CRIU,cold,yes,308,27448,6752,313,7373,0.03,x86_64,x86_64,True,True,transfer_mode=host;workload=tcp-client;relay_node=edge-host-1,2026-04-30T17:33:47.135359,1_WiFi_6,0,0,20368,0,0,,,,,,
30-04-2026-host-cold-0074,CRIU,cold,yes,340,27383,6996,329,7665,0.03,x86_64,x86_64,True,True,transfer_mode=host;workload=tcp-client;relay_node=edge-host-1,2026-04-30T17:34:28.311182,1_WiFi_6,0,0,20541,0,0,,,,,,
30-04-2026-host-cold-0075,CRIU,cold,yes,343,27476,6725,339,7407,0.03,x86_64,x86_64,True,True,transfer_mode=host;workload=tcp-client;relay_node=edge-host-1,2026-04-30T17:35:09.468238,1_WiFi_6,0,0,20911,0,0,,,,,,
30-04-2026-host-cold-0076,CRIU,cold,yes,397,27466,6693,304,7394,0.03,x86_64,x86_64,True,True,transfer_mode=host;workload=tcp-client;relay_node=edge-host-1,2026-04-30T17:35:50.706723,1_WiFi_6,0,0,20135,0,0,,,,,,
30-04-2026-host-cold-0077,CRIU,cold,yes,393,27591,7019,342,7754,0.03,x86_64,x86_64,True,True,transfer_mode=host;workload=tcp-client;relay_node=edge-host-1,2026-04-30T17:36:32.256466,1_WiFi_6,0,0,20679,0,0,,,,,,
30-04-2026-host-cold-0078,CRIU,cold,yes,346,27631,6751,308,7405,0.03,x86_64,x86_64,True,True,transfer_mode=host;workload=tcp-client;relay_node=edge-host-1,2026-04-30T17:37:13.478770,1_WiFi_6,0,0,20564,0,0,,,,,,
30-04-2026-host-cold-0079,CRIU,cold,yes,313,27366,6778,360,7451,0.03,x86_64,x86_64,True,True,transfer_mode=host;workload=tcp-client;relay_node=edge-host-1,2026-04-30T17:37:54.807886,1_WiFi_6,0,0,20380,0,0,,,,,,
30-04-2026-direct-cold-0071,CRIU,cold,yes,329,27358,3275,355,3959,0.07,x86_64,x86_64,True,True,transfer_mode=direct;workload=tcp-client,2026-04-30T17:38:35.030617,1_WiFi_6,0,0,19125,0,0,,,,,,
30-04-2026-direct-cold-0072,CRIU,cold,yes,343,27369,3073,312,3728,0.07,x86_64,x86_64,True,True,transfer_mode=direct;workload=tcp-client,2026-04-30T17:39:14.102174,1_WiFi_6,0,0,18661,0,0,,,,,,
30-04-2026-direct-cold-0073,CRIU,cold,yes,361,27497,3123,312,3796,0.07,x86_64,x86_64,True,True,transfer_mode=direct;workload=tcp-client,2026-04-30T17:39:54.183368,1_WiFi_6,0,0,18956,0,0,,,,,,
30-04-2026-direct-cold-0074,CRIU,cold,yes,334,27226,3208,294,3836,0.07,x86_64,x86_64,True,True,transfer_mode=direct;workload=tcp-client,2026-04-30T17:40:34.093058,1_WiFi_6,0,0,19264,0,0,,,,,,
30-04-2026-direct-cold-0075,CRIU,cold,yes,325,27376,3060,320,3705,0.07,x86_64,x86_64,True,True,transfer_mode=direct;workload=tcp-client,2026-04-30T17:41:13.431608,1_WiFi_6,0,0,18674,0,0,,,,,,
30-04-2026-direct-cold-0076,CRIU,cold,yes,368,27471,3323,329,4020,0.07,x86_64,x86_64,True,True,transfer_mode=direct;workload=tcp-client,2026-04-30T17:41:53.992154,1_WiFi_6,0,0,19422,0,0,,,,,,
30-04-2026-direct-cold-0077,CRIU,cold,yes,370,27268,3371,294,4035,0.06,x86_64,x86_64,True,True,transfer_mode=direct;workload=tcp-client,2026-04-30T17:42:33.861475,1_WiFi_6,0,0,19382,0,0,,,,,,
30-04-2026-direct-cold-0078,CRIU,cold,yes,332,27369,3145,324,3801,0.07,x86_64,x86_64,True,True,transfer_mode=direct;workload=tcp-client,2026-04-30T17:43:13.222260,1_WiFi_6,0,0,18623,0,0,,,,,,
30-04-2026-direct-cold-0079,CRIU,cold,yes,330,27338,3127,361,3818,0.07,x86_64,x86_64,True,True,transfer_mode=direct;workload=tcp-client,2026-04-30T17:43:52.985507,1_WiFi_6,0,0,18607,0,0,,,,,,
30-04-2026-direct-cold-0080,CRIU,cold,yes,376,27502,3097,299,3772,0.07,x86_64,x86_64,True,True,transfer_mode=direct;workload=tcp-client,2026-04-30T17:44:32.722911,1_WiFi_6,0,0,18826,0,0,,,,,,
30-04-2026-host-precopy-0071,CRIU,precopy,yes,304,49122,6974,325,7603,0.06,x86_64,x86_64,True,True,transfer_mode=host;workload=tcp-client;relay_node=edge-host-1;iterations=3,2026-04-30T17:45:18.630896,1_WiFi_6,3934,304,25190,0,0,,,,,,
30-04-2026-host-precopy-0072,CRIU,precopy,yes,321,49043,6499,326,7146,0.06,x86_64,x86_64,True,True,transfer_mode=host;workload=tcp-client;relay_node=edge-host-1;iterations=3,2026-04-30T17:46:04.050066,1_WiFi_6,3952,321,24538,0,0,,,,,,
30-04-2026-host-precopy-0073,CRIU,precopy,yes,312,49741,7036,299,7647,0.06,x86_64,x86_64,True,True,transfer_mode=host;workload=tcp-client;relay_node=edge-host-1;iterations=3,2026-04-30T17:46:50.054122,1_WiFi_6,3897,312,24727,0,0,,,,,,
30-04-2026-host-precopy-0074,CRIU,precopy,yes,338,48868,6834,328,7500,0.06,x86_64,x86_64,True,True,transfer_mode=host;workload=tcp-client;relay_node=edge-host-1;iterations=3,2026-04-30T17:47:36.224704,1_WiFi_6,3914,338,25271,0,0,,,,,,
30-04-2026-host-precopy-0075,CRIU,precopy,yes,296,49252,6802,312,7410,0.06,x86_64,x86_64,True,True,transfer_mode=host;workload=tcp-client;relay_node=edge-host-1;iterations=3,2026-04-30T17:48:21.933331,1_WiFi_6,4091,296,24938,0,0,,,,,,
30-04-2026-host-precopy-0076,CRIU,precopy,yes,297,49069,6723,319,7339,0.06,x86_64,x86_64,True,True,transfer_mode=host;workload=tcp-client;relay_node=edge-host-1;iterations=3,2026-04-30T17:49:08.102054,1_WiFi_6,3915,297,24474,0,0,,,,,,
30-04-2026-host-precopy-0077,CRIU,precopy,yes,371,49512,7181,323,7875,0.06,x86_64,x86_64,True,True,transfer_mode=host;workload=tcp-client;relay_node=edge-host-1;iterations=3,2026-04-30T17:49:53.867937,1_WiFi_6,3940,371,25221,0,0,,,,,,
30-04-2026-host-precopy-0078,CRIU,precopy,yes,309,48948,6818,310,7437,0.06,x86_64,x86_64,True,True,transfer_mode=host;workload=tcp-client;relay_node=edge-host-1;iterations=3,2026-04-30T17:50:39.240822,1_WiFi_6,3956,309,24907,0,0,,,,,,
30-04-2026-host-precopy-0079,CRIU,precopy,yes,334,50552,6775,325,7434,0.06,x86_64,x86_64,True,True,transfer_mode=host;workload=tcp-client;relay_node=edge-host-1;iterations=3,2026-04-30T17:51:24.919971,1_WiFi_6,3962,334,24705,0,0,,,,,,
30-04-2026-host-precopy-0080,CRIU,precopy,yes,309,49991,6685,323,7317,0.06,x86_64,x86_64,True,True,transfer_mode=host;workload=tcp-client;relay_node=edge-host-1;iterations=3,2026-04-30T17:52:10.471732,1_WiFi_6,3908,309,24790,0,0,,,,,,
30-04-2026-direct-precopy-0071,CRIU,precopy,yes,289,48603,3039,321,3649,0.13,x86_64,x86_64,True,True,transfer_mode=direct;workload=tcp-client;iterations=3,2026-04-30T17:52:54.378098,1_WiFi_6,3910,289,23048,0,0,,,,,,
30-04-2026-direct-precopy-0072,CRIU,precopy,yes,313,49040,3338,308,3959,0.12,x86_64,x86_64,True,True,transfer_mode=direct;workload=tcp-client;iterations=3,2026-04-30T17:53:38.161101,1_WiFi_6,3967,313,23247,0,0,,,,,,
30-04-2026-direct-precopy-0073,CRIU,precopy,yes,303,49083,3216,411,3930,0.12,x86_64,x86_64,True,True,transfer_mode=direct;workload=tcp-client;iterations=3,2026-04-30T17:54:22.484727,1_WiFi_6,3921,303,23799,0,0,,,,,,
30-04-2026-direct-precopy-0074,CRIU,precopy,yes,344,50353,3082,326,3752,0.13,x86_64,x86_64,True,True,transfer_mode=direct;workload=tcp-client;iterations=3,2026-04-30T17:55:06.208597,1_WiFi_6,3947,344,23246,0,0,,,,,,
30-04-2026-direct-precopy-0075,CRIU,precopy,yes,306,50109,3271,380,3957,0.12,x86_64,x86_64,True,True,transfer_mode=direct;workload=tcp-client;iterations=3,2026-04-30T17:55:50.241742,1_WiFi_6,3899,306,23128,0,0,,,,,,
30-04-2026-direct-precopy-0076,CRIU,precopy,yes,337,49219,2991,418,3746,0.13,x86_64,x86_64,True,True,transfer_mode=direct;workload=tcp-client;iterations=3,2026-04-30T17:56:34.185561,1_WiFi_6,3912,337,23170,0,0,,,,,,
30-04-2026-direct-precopy-0077,CRIU,precopy,yes,342,49692,3124,315,3781,0.13,x86_64,x86_64,True,True,transfer_mode=direct;workload=tcp-client;iterations=3,2026-04-30T17:57:17.865442,1_WiFi_6,3919,342,22662,0,0,,,,,,
30-04-2026-direct-precopy-0078,CRIU,precopy,yes,309,49156,3541,322,4172,0.11,x86_64,x86_64,True,True,transfer_mode=direct;workload=tcp-client;iterations=3,2026-04-30T17:58:02.501419,1_WiFi_6,3943,309,23626,0,0,,,,,,
30-04-2026-direct-precopy-0079,CRIU,precopy,yes,303,49818,3336,337,3976,0.12,x86_64,x86_64,True,True,transfer_mode=direct;workload=tcp-client;iterations=3,2026-04-30T17:58:46.559081,1_WiFi_6,3999,303,23443,0,0,,,,,,
30-04-2026-direct-precopy-0080,CRIU,precopy,yes,326,50655,2992,307,3625,0.14,x86_64,x86_64,True,True,transfer_mode=direct;workload=tcp-client;iterations=3,2026-04-30T17:59:29.943615,1_WiFi_6,3923,326,22713,0,0,,,,,,
30-04-2026-host-postcopy-0071,CRIU,postcopy,yes,800,24766,6662,448,7910,0.03,x86_64,x86_64,True,True,transfer_mode=host;workload=tcp-client;relay_node=edge-host-1;lazy_pages_port=9999,2026-04-30T18:00:14.585987,1_WiFi_6,0,800,22821,4798,2943,,,,,,
30-04-2026-host-postcopy-0072,CRIU,postcopy,yes,747,24591,7027,327,8101,0.03,x86_64,x86_64,True,True,transfer_mode=host;workload=tcp-client;relay_node=edge-host-1;lazy_pages_port=9999,2026-04-30T18:00:58.944844,1_WiFi_6,0,747,23970,5071,3048,,,,,,
30-04-2026-host-postcopy-0073,CRIU,postcopy,yes,704,24620,6875,365,7944,0.03,x86_64,x86_64,True,True,transfer_mode=host;workload=tcp-client;relay_node=edge-host-1;lazy_pages_port=9999,2026-04-30T18:01:42.357595,1_WiFi_6,0,704,22926,4864,2943,,,,,,
30-04-2026-host-postcopy-0074,CRIU,postcopy,yes,757,24619,6922,339,8018,0.03,x86_64,x86_64,True,True,transfer_mode=host;workload=tcp-client;relay_node=edge-host-1;lazy_pages_port=9999,2026-04-30T18:02:26.600814,1_WiFi_6,0,757,22968,4952,2943,,,,,,
30-04-2026-host-postcopy-0075,CRIU,postcopy,yes,727,24699,6889,334,7950,0.03,x86_64,x86_64,True,True,transfer_mode=host;workload=tcp-client;relay_node=edge-host-1;lazy_pages_port=9999,2026-04-30T18:03:10.795773,1_WiFi_6,0,727,23527,4820,3203,,,,,,
30-04-2026-host-postcopy-0076,CRIU,postcopy,yes,779,24621,6771,333,7883,0.03,x86_64,x86_64,True,True,transfer_mode=host;workload=tcp-client;relay_node=edge-host-1;lazy_pages_port=9999,2026-04-30T18:03:53.983077,1_WiFi_6,0,779,22941,4715,3048,,,,,,
30-04-2026-host-postcopy-0077,CRIU,postcopy,yes,768,24569,6825,342,7935,0.03,x86_64,x86_64,True,True,transfer_mode=host;workload=tcp-client;relay_node=edge-host-1;lazy_pages_port=9999,2026-04-30T18:04:37.452721,1_WiFi_6,0,768,22454,4757,2837,,,,,,
30-04-2026-host-postcopy-0078,CRIU,postcopy,yes,729,24845,7275,342,8346,0.03,x86_64,x86_64,True,True,transfer_mode=host;workload=tcp-client;relay_node=edge-host-1;lazy_pages_port=9999,2026-04-30T18:05:21.635858,1_WiFi_6,0,729,23339,4779,2867,,,,,,
30-04-2026-host-postcopy-0079,CRIU,postcopy,yes,838,24662,6702,402,7942,0.03,x86_64,x86_64,True,True,transfer_mode=host;workload=tcp-client;relay_node=edge-host-1;lazy_pages_port=9999,2026-04-30T18:06:05.065136,1_WiFi_6,0,838,23070,4803,3025,,,,,,
30-04-2026-host-postcopy-0080,CRIU,postcopy,yes,768,24455,6875,361,8004,0.03,x86_64,x86_64,True,True,transfer_mode=host;workload=tcp-client;relay_node=edge-host-1;lazy_pages_port=9999,2026-04-30T18:06:49.380785,1_WiFi_6,0,768,23323,4968,2975,,,,,,
30-04-2026-direct-postcopy-0071,CRIU,postcopy,yes,785,24699,3253,350,4388,0.06,x86_64,x86_64,True,True,transfer_mode=direct;workload=tcp-client;lazy_pages_port=9999,2026-04-30T18:07:31.824950,1_WiFi_6,0,785,21770,4727,3025,,,,,,
30-04-2026-direct-postcopy-0072,CRIU,postcopy,yes,735,24567,3239,346,4320,0.06,x86_64,x86_64,True,True,transfer_mode=direct;workload=tcp-client;lazy_pages_port=9999,2026-04-30T18:08:14.493951,1_WiFi_6,0,735,21683,5034,3082,,,,,,
30-04-2026-direct-postcopy-0073,CRIU,postcopy,yes,797,24559,3138,321,4256,0.06,x86_64,x86_64,True,True,transfer_mode=direct;workload=tcp-client;lazy_pages_port=9999,2026-04-30T18:08:56.592898,1_WiFi_6,0,797,20909,4729,2975,,,,,,
30-04-2026-direct-postcopy-0074,CRIU,postcopy,yes,767,24695,3075,323,4165,0.06,x86_64,x86_64,True,True,transfer_mode=direct;workload=tcp-client;lazy_pages_port=9999,2026-04-30T18:09:38.764427,1_WiFi_6,0,767,21100,4763,3082,,,,,,
30-04-2026-direct-postcopy-0075,CRIU,postcopy,yes,877,24822,3035,328,4240,0.07,x86_64,x86_64,True,True,transfer_mode=direct;workload=tcp-client;lazy_pages_port=9999,2026-04-30T18:10:20.501608,1_WiFi_6,0,877,21394,5047,2917,,,,,,
30-04-2026-direct-postcopy-0076,CRIU,postcopy,yes,728,24811,3047,331,4106,0.07,x86_64,x86_64,True,True,transfer_mode=direct;workload=tcp-client;lazy_pages_port=9999,2026-04-30T18:11:11.816400,1_WiFi_6,0,728,21081,4804,2975,,,,,,
30-04-2026-direct-postcopy-0077,CRIU,postcopy,yes,755,24967,2980,341,4076,0.07,x86_64,x86_64,True,True,transfer_mode=direct;workload=tcp-client;lazy_pages_port=9999,2026-04-30T18:11:53.747779,1_WiFi_6,0,755,20905,4736,2975,,,,,,
30-04-2026-direct-postcopy-0078,CRIU,postcopy,yes,832,24584,3469,368,4669,0.06,x86_64,x86_64,True,True,transfer_mode=direct;workload=tcp-client;lazy_pages_port=9999,2026-04-30T18:12:35.763280,1_WiFi_6,0,832,21715,4779,3132,,,,,,
30-04-2026-direct-postcopy-0079,CRIU,postcopy,yes,728,24612,3167,332,4227,0.06,x86_64,x86_64,True,True,transfer_mode=direct;workload=tcp-client;lazy_pages_port=9999,2026-04-30T18:13:17.273309,1_WiFi_6,0,728,21045,4746,3133,,,,,,
30-04-2026-direct-postcopy-0080,CRIU,postcopy,yes,747,24548,3086,335,4168,0.06,x86_64,x86_64,True,True,transfer_mode=direct;workload=tcp-client;lazy_pages_port=9999,2026-04-30T18:13:59.634394,1_WiFi_6,0,747,21296,4820,3025,,,,,,
30-04-2026-host-cold-0080,CRIU,cold,yes,382,28096,7013,453,7848,0.03,x86_64,x86_64,True,True,transfer_mode=host;workload=tcp-client;relay_node=edge-host-1,2026-04-30T18:16:13.751337,1_WiFi_6,0,0,21386,0,0,,,,,,
30-04-2026-host-cold-0081,CRIU,cold,yes,346,27406,6725,298,7369,0.03,x86_64,x86_64,True,True,transfer_mode=host;workload=tcp-client;relay_node=edge-host-1,2026-04-30T18:16:55.763497,1_WiFi_6,0,0,21060,0,0,,,,,,
30-04-2026-host-cold-0082,CRIU,cold,yes,355,27435,6937,307,7599,0.03,x86_64,x86_64,True,True,transfer_mode=host;workload=tcp-client;relay_node=edge-host-1,2026-04-30T18:17:37.133688,1_WiFi_6,0,0,20742,0,0,,,,,,
30-04-2026-host-cold-0083,CRIU,cold,yes,353,27257,6825,334,7512,0.03,x86_64,x86_64,True,True,transfer_mode=host;workload=tcp-client;relay_node=edge-host-1,2026-04-30T18:18:19.019781,1_WiFi_6,0,0,20613,0,0,,,,,,
30-04-2026-host-cold-0084,CRIU,cold,yes,334,27263,6696,294,7324,0.03,x86_64,x86_64,True,True,transfer_mode=host;workload=tcp-client;relay_node=edge-host-1,2026-04-30T18:19:00.724122,1_WiFi_6,0,0,20740,0,0,,,,,,
30-04-2026-host-cold-0085,CRIU,cold,yes,366,27438,6762,345,7473,0.03,x86_64,x86_64,True,True,transfer_mode=host;workload=tcp-client;relay_node=edge-host-1,2026-04-30T18:19:42.349861,1_WiFi_6,0,0,20996,0,0,,,,,,
30-04-2026-host-cold-0086,CRIU,cold,yes,327,27339,6755,337,7419,0.03,x86_64,x86_64,True,True,transfer_mode=host;workload=tcp-client;relay_node=edge-host-1,2026-04-30T18:20:23.549993,1_WiFi_6,0,0,20343,0,0,,,,,,
30-04-2026-host-cold-0087,CRIU,cold,yes,345,27563,7345,313,8003,0.03,x86_64,x86_64,True,True,transfer_mode=host;workload=tcp-client;relay_node=edge-host-1,2026-04-30T18:21:05.109885,1_WiFi_6,0,0,20936,0,0,,,,,,
30-04-2026-host-cold-0088,CRIU,cold,yes,359,27273,6767,334,7460,0.03,x86_64,x86_64,True,True,transfer_mode=host;workload=tcp-client;relay_node=edge-host-1,2026-04-30T18:21:46.145628,1_WiFi_6,0,0,20640,0,0,,,,,,
30-04-2026-host-cold-0089,CRIU,cold,yes,330,27384,6673,317,7320,0.03,x86_64,x86_64,True,True,transfer_mode=host;workload=tcp-client;relay_node=edge-host-1,2026-04-30T18:22:27.640726,1_WiFi_6,0,0,20568,0,0,,,,,,
30-04-2026-direct-cold-0081,CRIU,cold,yes,341,27442,3213,310,3864,0.07,x86_64,x86_64,True,True,transfer_mode=direct;workload=tcp-client,2026-04-30T18:23:06.957909,1_WiFi_6,0,0,19034,0,0,,,,,,
30-04-2026-direct-cold-0082,CRIU,cold,yes,392,27232,3087,323,3802,0.07,x86_64,x86_64,True,True,transfer_mode=direct;workload=tcp-client,2026-04-30T18:23:45.840488,1_WiFi_6,0,0,18531,0,0,,,,,,
30-04-2026-direct-cold-0083,CRIU,cold,yes,344,27265,3091,298,3733,0.07,x86_64,x86_64,True,True,transfer_mode=direct;workload=tcp-client,2026-04-30T18:24:25.738946,1_WiFi_6,0,0,18712,0,0,,,,,,
30-04-2026-direct-cold-0084,CRIU,cold,yes,323,27463,3077,338,3738,0.07,x86_64,x86_64,True,True,transfer_mode=direct;workload=tcp-client,2026-04-30T18:25:15.442311,1_WiFi_6,0,0,18998,0,0,,,,,,
30-04-2026-direct-cold-0085,CRIU,cold,yes,363,27537,3146,328,3837,0.07,x86_64,x86_64,True,True,transfer_mode=direct;workload=tcp-client,2026-04-30T18:25:54.716851,1_WiFi_6,0,0,18613,0,0,,,,,,
30-04-2026-direct-cold-0086,CRIU,cold,yes,367,27325,3121,300,3788,0.07,x86_64,x86_64,True,True,transfer_mode=direct;workload=tcp-client,2026-04-30T18:26:34.241197,1_WiFi_6,0,0,18617,0,0,,,,,,
30-04-2026-direct-cold-0087,CRIU,cold,yes,329,27565,3077,319,3725,0.07,x86_64,x86_64,True,True,transfer_mode=direct;workload=tcp-client,2026-04-30T18:27:13.657940,1_WiFi_6,0,0,19125,0,0,,,,,,
30-04-2026-direct-cold-0088,CRIU,cold,yes,325,27436,3042,319,3686,0.07,x86_64,x86_64,True,True,transfer_mode=direct;workload=tcp-client,2026-04-30T18:27:53.007785,1_WiFi_6,0,0,18340,0,0,,,,,,
30-04-2026-direct-cold-0089,CRIU,cold,yes,342,27439,2943,313,3598,0.07,x86_64,x86_64,True,True,transfer_mode=direct;workload=tcp-client,2026-04-30T18:28:33.045316,1_WiFi_6,0,0,18795,0,0,,,,,,
30-04-2026-direct-cold-0090,CRIU,cold,yes,331,27375,3038,295,3664,0.07,x86_64,x86_64,True,True,transfer_mode=direct;workload=tcp-client,2026-04-30T18:29:21.697915,1_WiFi_6,0,0,18511,0,0,,,,,,
30-04-2026-host-precopy-0081,CRIU,precopy,yes,295,49613,6985,297,7577,0.06,x86_64,x86_64,True,True,transfer_mode=host;workload=tcp-client;relay_node=edge-host-1;iterations=3,2026-04-30T18:30:07.042846,1_WiFi_6,3895,295,24796,0,0,,,,,,
30-04-2026-host-precopy-0082,CRIU,precopy,yes,470,49885,7011,286,7767,0.06,x86_64,x86_64,True,True,transfer_mode=host;workload=tcp-client;relay_node=edge-host-1;iterations=3,2026-04-30T18:30:53.056207,1_WiFi_6,3973,470,25194,0,0,,,,,,
30-04-2026-host-precopy-0083,CRIU,precopy,yes,320,49867,6821,347,7488,0.06,x86_64,x86_64,True,True,transfer_mode=host;workload=tcp-client;relay_node=edge-host-1;iterations=3,2026-04-30T18:31:39.209919,1_WiFi_6,4102,320,24951,0,0,,,,,,
30-04-2026-host-precopy-0084,CRIU,precopy,yes,619,49234,7079,324,8022,0.06,x86_64,x86_64,True,True,transfer_mode=host;workload=tcp-client;relay_node=edge-host-1;iterations=3,2026-04-30T18:32:24.980675,1_WiFi_6,3933,619,25335,0,0,,,,,,
30-04-2026-host-precopy-0085,CRIU,precopy,yes,293,50520,6638,306,7237,0.06,x86_64,x86_64,True,True,transfer_mode=host;workload=tcp-client;relay_node=edge-host-1;iterations=3,2026-04-30T18:33:09.851955,1_WiFi_6,3961,293,24654,0,0,,,,,,
30-04-2026-host-precopy-0086,CRIU,precopy,yes,299,49287,6846,304,7449,0.06,x86_64,x86_64,True,True,transfer_mode=host;workload=tcp-client;relay_node=edge-host-1;iterations=3,2026-04-30T18:33:55.413769,1_WiFi_6,4131,299,24662,0,0,,,,,,
30-04-2026-host-precopy-0087,CRIU,precopy,yes,317,49222,6681,317,7315,0.06,x86_64,x86_64,True,True,transfer_mode=host;workload=tcp-client;relay_node=edge-host-1;iterations=3,2026-04-30T18:34:41.142548,1_WiFi_6,3908,317,24796,0,0,,,,,,
30-04-2026-host-precopy-0088,CRIU,precopy,yes,312,50634,7269,281,7862,0.06,x86_64,x86_64,True,True,transfer_mode=host;workload=tcp-client;relay_node=edge-host-1;iterations=3,2026-04-30T18:35:27.340184,1_WiFi_6,3913,312,25634,0,0,,,,,,
30-04-2026-host-precopy-0089,CRIU,precopy,yes,378,48763,6919,302,7599,0.06,x86_64,x86_64,True,True,transfer_mode=host;workload=tcp-client;relay_node=edge-host-1;iterations=3,2026-04-30T18:36:12.515870,1_WiFi_6,3963,378,24650,0,0,,,,,,
30-04-2026-host-precopy-0090,CRIU,precopy,yes,333,48705,6918,301,7552,0.06,x86_64,x86_64,True,True,transfer_mode=host;workload=tcp-client;relay_node=edge-host-1;iterations=3,2026-04-30T18:36:58.404073,1_WiFi_6,3904,333,24912,0,0,,,,,,
30-04-2026-direct-precopy-0081,CRIU,precopy,yes,297,50552,3121,341,3759,0.13,x86_64,x86_64,True,True,transfer_mode=direct;workload=tcp-client;iterations=3,2026-04-30T18:37:42.177079,1_WiFi_6,3963,297,23424,0,0,,,,,,
30-04-2026-direct-precopy-0082,CRIU,precopy,yes,370,50444,3488,288,4146,0.12,x86_64,x86_64,True,True,transfer_mode=direct;workload=tcp-client;iterations=3,2026-04-30T18:38:25.949737,1_WiFi_6,4027,370,23535,0,0,,,,,,
30-04-2026-direct-precopy-0083,CRIU,precopy,yes,323,50295,3182,302,3807,0.13,x86_64,x86_64,True,True,transfer_mode=direct;workload=tcp-client;iterations=3,2026-04-30T18:39:10.009935,1_WiFi_6,3951,323,23032,0,0,,,,,,
30-04-2026-direct-precopy-0084,CRIU,precopy,yes,314,49082,3102,299,3715,0.13,x86_64,x86_64,True,True,transfer_mode=direct;workload=tcp-client;iterations=3,2026-04-30T18:39:54.445370,1_WiFi_6,4040,314,23140,0,0,,,,,,
30-04-2026-direct-precopy-0085,CRIU,precopy,yes,294,49159,3177,309,3780,0.12,x86_64,x86_64,True,True,transfer_mode=direct;workload=tcp-client;iterations=3,2026-04-30T18:40:38.272147,1_WiFi_6,3944,294,23590,0,0,,,,,,
30-04-2026-direct-precopy-0086,CRIU,precopy,yes,373,49397,3247,310,3930,0.12,x86_64,x86_64,True,True,transfer_mode=direct;workload=tcp-client;iterations=3,2026-04-30T18:41:22.137605,1_WiFi_6,3921,373,23112,0,0,,,,,,
30-04-2026-direct-precopy-0087,CRIU,precopy,yes,393,48929,3102,313,3808,0.13,x86_64,x86_64,True,True,transfer_mode=direct;workload=tcp-client;iterations=3,2026-04-30T18:42:06.689931,1_WiFi_6,3957,393,23151,0,0,,,,,,
30-04-2026-direct-precopy-0088,CRIU,precopy,yes,276,48819,3017,299,3592,0.13,x86_64,x86_64,True,True,transfer_mode=direct;workload=tcp-client;iterations=3,2026-04-30T18:42:50.489311,1_WiFi_6,3976,276,23394,0,0,,,,,,
30-04-2026-direct-precopy-0089,CRIU,precopy,yes,305,49921,3593,310,4208,0.11,x86_64,x86_64,True,True,transfer_mode=direct;workload=tcp-client;iterations=3,2026-04-30T18:43:34.908778,1_WiFi_6,4024,305,23730,0,0,,,,,,
30-04-2026-direct-precopy-0090,CRIU,precopy,yes,298,49232,3038,362,3698,0.13,x86_64,x86_64,True,True,transfer_mode=direct;workload=tcp-client;iterations=3,2026-04-30T18:44:18.518966,1_WiFi_6,3930,298,23236,0,0,,,,,,
30-04-2026-host-postcopy-0081,CRIU,postcopy,yes,753,24650,6734,346,7833,0.03,x86_64,x86_64,True,True,transfer_mode=host;workload=tcp-client;relay_node=edge-host-1;lazy_pages_port=9999,2026-04-30T18:45:02.249521,1_WiFi_6,0,753,22684,4747,2943,,,,,,
30-04-2026-host-postcopy-0082,CRIU,postcopy,yes,742,24683,7235,338,8315,0.03,x86_64,x86_64,True,True,transfer_mode=host;workload=tcp-client;relay_node=edge-host-1;lazy_pages_port=9999,2026-04-30T18:45:46.348465,1_WiFi_6,0,742,23515,4750,2942,,,,,,
30-04-2026-host-postcopy-0083,CRIU,postcopy,yes,711,24645,6759,338,7808,0.03,x86_64,x86_64,True,True,transfer_mode=host;workload=tcp-client;relay_node=edge-host-1;lazy_pages_port=9999,2026-04-30T18:46:39.782184,1_WiFi_6,0,711,23423,4770,2943,,,,,,
30-04-2026-host-postcopy-0084,CRIU,postcopy,yes,759,24839,6785,318,7862,0.03,x86_64,x86_64,True,True,transfer_mode=host;workload=tcp-client;relay_node=edge-host-1;lazy_pages_port=9999,2026-04-30T18:47:22.670316,1_WiFi_6,0,759,22743,5073,2991,,,,,,
30-04-2026-host-postcopy-0085,CRIU,postcopy,yes,739,24561,6805,364,7908,0.03,x86_64,x86_64,True,True,transfer_mode=host;workload=tcp-client;relay_node=edge-host-1;lazy_pages_port=9999,2026-04-30T18:48:06.223973,1_WiFi_6,0,739,22772,4853,3048,,,,,,
30-04-2026-host-postcopy-0086,CRIU,postcopy,yes,700,24582,7057,334,8091,0.03,x86_64,x86_64,True,True,transfer_mode=host;workload=tcp-client;relay_node=edge-host-1;lazy_pages_port=9999,2026-04-30T18:48:49.676376,1_WiFi_6,0,700,23051,4744,2943,,,,,,
30-04-2026-host-postcopy-0087,CRIU,postcopy,yes,736,24642,6673,346,7755,0.03,x86_64,x86_64,True,True,transfer_mode=host;workload=tcp-client;relay_node=edge-host-1;lazy_pages_port=9999,2026-04-30T18:49:32.922241,1_WiFi_6,0,736,22860,5047,3097,,,,,,
30-04-2026-host-postcopy-0088,CRIU,postcopy,yes,709,24670,6705,396,7810,0.03,x86_64,x86_64,True,True,transfer_mode=host;workload=tcp-client;relay_node=edge-host-1;lazy_pages_port=9999,2026-04-30T18:50:16.549409,1_WiFi_6,0,709,22699,4795,3132,,,,,,
30-04-2026-host-postcopy-0089,CRIU,postcopy,yes,732,24485,6797,383,7912,0.03,x86_64,x86_64,True,True,transfer_mode=host;workload=tcp-client;relay_node=edge-host-1;lazy_pages_port=9999,2026-04-30T18:51:00.688703,1_WiFi_6,0,732,23442,4872,3132,,,,,,
30-04-2026-host-postcopy-0090,CRIU,postcopy,yes,693,24845,6691,336,7720,0.03,x86_64,x86_64,True,True,transfer_mode=host;workload=tcp-client;relay_node=edge-host-1;lazy_pages_port=9999,2026-04-30T18:51:44.631460,1_WiFi_6,0,693,23177,5445,2975,,,,,,
30-04-2026-direct-postcopy-0081,CRIU,postcopy,yes,771,24562,3046,355,4172,0.06,x86_64,x86_64,True,True,transfer_mode=direct;workload=tcp-client;lazy_pages_port=9999,2026-04-30T18:52:26.427909,1_WiFi_6,0,771,20911,4911,3024,,,,,,
30-04-2026-direct-postcopy-0082,CRIU,postcopy,yes,760,24690,3060,358,4178,0.06,x86_64,x86_64,True,True,transfer_mode=direct;workload=tcp-client;lazy_pages_port=9999,2026-04-30T18:53:08.672778,1_WiFi_6,0,760,21204,4740,3132,,,,,,
30-04-2026-direct-postcopy-0083,CRIU,postcopy,yes,758,24620,661,0,0,0.00,x86_64,x86_64,True,False,transfer_mode=direct;workload=tcp-client;lazy_pages_port=9999; transfer_failed,2026-04-30T18:53:40.975206,1_WiFi_6,0,758,11839,0,0,,,,,,
30-04-2026-direct-postcopy-0084,CRIU,postcopy,yes,749,24523,3020,353,4122,0.06,x86_64,x86_64,True,True,transfer_mode=direct;workload=tcp-client;lazy_pages_port=9999,2026-04-30T18:54:21.779842,1_WiFi_6,0,749,21222,4851,2917,,,,,,
30-04-2026-direct-postcopy-0085,CRIU,postcopy,yes,721,24936,3340,394,4455,0.06,x86_64,x86_64,True,True,transfer_mode=direct;workload=tcp-client;lazy_pages_port=9999,2026-04-30T18:55:03.704218,1_WiFi_6,0,721,21589,4745,3082,,,,,,
30-04-2026-direct-postcopy-0086,CRIU,postcopy,yes,804,24850,3106,335,4245,0.06,x86_64,x86_64,True,True,transfer_mode=direct;workload=tcp-client;lazy_pages_port=9999,2026-04-30T18:55:45.407199,1_WiFi_6,0,804,21017,4920,3025,,,,,,
30-04-2026-direct-postcopy-0087,CRIU,postcopy,yes,726,24912,3240,331,4297,0.06,x86_64,x86_64,True,True,transfer_mode=direct;workload=tcp-client;lazy_pages_port=9999,2026-04-30T18:56:27.856964,1_WiFi_6,0,726,21375,4792,3132,,,,,,
30-04-2026-direct-postcopy-0088,CRIU,postcopy,yes,657,24569,3120,366,4143,0.06,x86_64,x86_64,True,True,transfer_mode=direct;workload=tcp-client;lazy_pages_port=9999,2026-04-30T18:57:09.660591,1_WiFi_6,0,657,21471,4783,3133,,,,,,
30-04-2026-direct-postcopy-0089,CRIU,postcopy,yes,723,24901,3085,326,4134,0.06,x86_64,x86_64,True,True,transfer_mode=direct;workload=tcp-client;lazy_pages_port=9999,2026-04-30T18:57:51.587651,1_WiFi_6,0,723,21042,4777,2975,,,,,,
30-04-2026-direct-postcopy-0090,CRIU,postcopy,yes,715,24797,3012,316,4043,0.07,x86_64,x86_64,True,True,transfer_mode=direct;workload=tcp-client;lazy_pages_port=9999,2026-04-30T18:58:33.982385,1_WiFi_6,0,715,21313,4732,3240,,,,,,
01-05-2026-host-cold-0000,CRIU,cold,yes,427,28238,6682,466,7575,0.03,x86_64,x86_64,True,True,transfer_mode=host;workload=tcp-client;relay_node=edge-host-1,2026-05-01T00:26:35.072184,1_WiFi_6,0,0,21044,0,0,330,4615,874,913,278,317
01-05-2026-host-cold-0001,CRIU,cold,yes,317,27196,6618,299,7234,0.03,x86_64,x86_64,True,True,transfer_mode=host;workload=tcp-client;relay_node=edge-host-1,2026-05-01T00:27:16.769935,1_WiFi_6,0,0,21019,0,0,318,4506,952,875,284,302
01-05-2026-host-cold-0002,CRIU,cold,yes,336,27287,6707,310,7353,0.03,x86_64,x86_64,True,True,transfer_mode=host;workload=tcp-client;relay_node=edge-host-1,2026-05-01T00:27:57.525076,1_WiFi_6,0,0,20482,0,0,358,4716,801,879,309,329
01-05-2026-host-cold-0003,CRIU,cold,yes,329,27447,6789,301,7419,0.03,x86_64,x86_64,True,True,transfer_mode=host;workload=tcp-client;relay_node=edge-host-1,2026-05-01T00:28:39.152466,1_WiFi_6,0,0,20214,0,0,336,4647,900,898,342,300
01-05-2026-host-cold-0004,CRIU,cold,yes,325,27366,7318,312,7955,0.03,x86_64,x86_64,True,True,transfer_mode=host;workload=tcp-client;relay_node=edge-host-1,2026-05-01T00:29:20.513305,1_WiFi_6,0,0,20766,0,0,324,5291,856,896,273,325
01-05-2026-host-cold-0005,CRIU,cold,yes,359,27498,6778,341,7478,0.03,x86_64,x86_64,True,True,transfer_mode=host;workload=tcp-client;relay_node=edge-host-1,2026-05-01T00:30:01.265671,1_WiFi_6,0,0,20559,0,0,381,4670,962,884,262,345
01-05-2026-host-cold-0006,CRIU,cold,yes,344,27328,6869,329,7542,0.03,x86_64,x86_64,True,True,transfer_mode=host;workload=tcp-client;relay_node=edge-host-1,2026-05-01T00:30:43.018325,1_WiFi_6,0,0,20514,0,0,356,4783,911,892,282,319
01-05-2026-host-cold-0007,CRIU,cold,yes,392,27254,7460,297,8149,0.03,x86_64,x86_64,True,True,transfer_mode=host;workload=tcp-client;relay_node=edge-host-1,2026-05-01T00:31:24.699346,1_WiFi_6,0,0,21265,0,0,318,5299,905,990,265,353
01-05-2026-host-cold-0008,CRIU,cold,yes,324,27333,6530,347,7201,0.03,x86_64,x86_64,True,True,transfer_mode=host;workload=tcp-client;relay_node=edge-host-1,2026-05-01T00:32:05.168127,1_WiFi_6,0,0,20094,0,0,328,4649,788,775,318,335
01-05-2026-host-cold-0009,CRIU,cold,yes,327,27262,6806,322,7455,0.03,x86_64,x86_64,True,True,transfer_mode=host;workload=tcp-client;relay_node=edge-host-1,2026-05-01T00:32:46.639754,1_WiFi_6,0,0,20350,0,0,340,4750,891,901,262,307
01-05-2026-direct-cold-0000,CRIU,cold,yes,316,27306,2947,336,3599,0.07,x86_64,x86_64,True,True,transfer_mode=direct;workload=tcp-client,2026-05-01T00:33:26.722466,1_WiFi_6,0,0,18915,0,0,310,2102,845,0,0,335
01-05-2026-direct-cold-0001,CRIU,cold,yes,345,27227,3310,315,3970,0.07,x86_64,x86_64,True,True,transfer_mode=direct;workload=tcp-client,2026-05-01T00:34:05.836698,1_WiFi_6,0,0,18811,0,0,335,2365,944,0,0,315
01-05-2026-direct-cold-0002,CRIU,cold,yes,336,27418,3148,294,3778,0.07,x86_64,x86_64,True,True,transfer_mode=direct;workload=tcp-client,2026-05-01T00:34:45.607781,1_WiFi_6,0,0,18760,0,0,327,2285,862,0,0,319
01-05-2026-direct-cold-0003,CRIU,cold,yes,350,27316,3376,371,4097,0.06,x86_64,x86_64,True,True,transfer_mode=direct;workload=tcp-client,2026-05-01T00:35:25.321869,1_WiFi_6,0,0,19255,0,0,344,2139,1237,0,0,325
01-05-2026-direct-cold-0004,CRIU,cold,yes,322,27496,3213,346,3881,0.07,x86_64,x86_64,True,True,transfer_mode=direct;workload=tcp-client,2026-05-01T00:36:04.866944,1_WiFi_6,0,0,18702,0,0,336,2314,899,0,0,304
01-05-2026-direct-cold-0005,CRIU,cold,yes,347,27482,3058,301,3706,0.07,x86_64,x86_64,True,True,transfer_mode=direct;workload=tcp-client,2026-05-01T00:36:44.345743,1_WiFi_6,0,0,18794,0,0,330,2153,905,0,0,318
01-05-2026-direct-cold-0006,CRIU,cold,yes,326,27349,3191,313,3830,0.07,x86_64,x86_64,True,True,transfer_mode=direct;workload=tcp-client,2026-05-01T00:37:23.885081,1_WiFi_6,0,0,19021,0,0,678,2299,892,0,0,328
01-05-2026-direct-cold-0007,CRIU,cold,yes,318,27245,3002,276,3596,0.07,x86_64,x86_64,True,True,transfer_mode=direct;workload=tcp-client,2026-05-01T00:38:03.433447,1_WiFi_6,0,0,18351,0,0,318,2095,906,0,0,328
01-05-2026-direct-cold-0008,CRIU,cold,yes,337,27321,3063,319,3719,0.07,x86_64,x86_64,True,True,transfer_mode=direct;workload=tcp-client,2026-05-01T00:38:42.759756,1_WiFi_6,0,0,18894,0,0,323,2139,923,0,0,306
01-05-2026-direct-cold-0009,CRIU,cold,yes,352,27363,3084,307,3743,0.07,x86_64,x86_64,True,True,transfer_mode=direct;workload=tcp-client,2026-05-01T00:39:21.722837,1_WiFi_6,0,0,18391,0,0,305,2210,874,0,0,309
01-05-2026-host-precopy-0000,CRIU,precopy,yes,328,49883,6698,373,7399,0.06,x86_64,x86_64,True,True,transfer_mode=host;workload=tcp-client;relay_node=edge-host-1;iterations=3,2026-05-01T00:40:07.789112,1_WiFi_6,4012,328,25054,0,0,357,4612,889,922,275,315
01-05-2026-host-precopy-0001,CRIU,precopy,yes,326,48893,6819,399,7544,0.06,x86_64,x86_64,True,True,transfer_mode=host;workload=tcp-client;relay_node=edge-host-1;iterations=3,2026-05-01T00:40:53.539125,1_WiFi_6,4013,326,24927,0,0,326,4659,905,980,272,318
01-05-2026-host-precopy-0002,CRIU,precopy,yes,366,49138,6779,329,7474,0.06,x86_64,x86_64,True,True,transfer_mode=host;workload=tcp-client;relay_node=edge-host-1;iterations=3,2026-05-01T00:41:39.310761,1_WiFi_6,3916,366,25061,0,0,649,4670,933,884,290,367
01-05-2026-host-precopy-0003,CRIU,precopy,yes,293,50468,6807,304,7404,0.06,x86_64,x86_64,True,True,transfer_mode=host;workload=tcp-client;relay_node=edge-host-1;iterations=3,2026-05-01T00:42:24.689465,1_WiFi_6,3947,293,24776,0,0,319,4649,960,926,271,321
01-05-2026-host-precopy-0004,CRIU,precopy,yes,273,48714,6850,331,7454,0.06,x86_64,x86_64,True,True,transfer_mode=host;workload=tcp-client;relay_node=edge-host-1;iterations=3,2026-05-01T00:43:10.483836,1_WiFi_6,3949,273,24711,0,0,322,4709,903,959,277,316
01-05-2026-host-precopy-0005,CRIU,precopy,yes,479,49367,7254,359,8092,0.05,x86_64,x86_64,True,True,transfer_mode=host;workload=tcp-client;relay_node=edge-host-1;iterations=3,2026-05-01T00:43:56.854314,1_WiFi_6,3904,479,25109,0,0,311,5081,944,953,275,297
01-05-2026-host-precopy-0006,CRIU,precopy,yes,365,49667,6631,311,7307,0.06,x86_64,x86_64,True,True,transfer_mode=host;workload=tcp-client;relay_node=edge-host-1;iterations=3,2026-05-01T00:44:52.732232,1_WiFi_6,3943,365,25651,0,0,346,4582,872,852,323,299
01-05-2026-host-precopy-0007,CRIU,precopy,yes,312,49748,7517,321,8150,0.05,x86_64,x86_64,True,True,transfer_mode=host;workload=tcp-client;relay_node=edge-host-1;iterations=3,2026-05-01T00:45:38.973478,1_WiFi_6,3920,312,25535,0,0,316,5059,1261,921,275,309
01-05-2026-host-precopy-0008,CRIU,precopy,yes,302,49144,6731,312,7345,0.06,x86_64,x86_64,True,True,transfer_mode=host;workload=tcp-client;relay_node=edge-host-1;iterations=3,2026-05-01T00:46:23.905757,1_WiFi_6,3947,302,24397,0,0,314,4583,905,944,296,304
01-05-2026-host-precopy-0009,CRIU,precopy,yes,289,49191,6775,313,7377,0.06,x86_64,x86_64,True,True,transfer_mode=host;workload=tcp-client;relay_node=edge-host-1;iterations=3,2026-05-01T00:47:10.129389,1_WiFi_6,3966,289,25080,0,0,326,4596,992,903,281,304
01-05-2026-direct-precopy-0000,CRIU,precopy,yes,298,48756,3178,297,3773,0.12,x86_64,x86_64,True,True,transfer_mode=direct;workload=tcp-client;iterations=3,2026-05-01T00:47:54.525792,1_WiFi_6,3940,298,23830,0,0,350,2255,922,0,0,377
01-05-2026-direct-precopy-0001,CRIU,precopy,yes,297,49077,3007,314,3618,0.13,x86_64,x86_64,True,True,transfer_mode=direct;workload=tcp-client;iterations=3,2026-05-01T00:48:37.799284,1_WiFi_6,3926,297,22699,0,0,359,2118,889,0,0,333
01-05-2026-direct-precopy-0002,CRIU,precopy,yes,294,50545,3045,296,3635,0.13,x86_64,x86_64,True,True,transfer_mode=direct;workload=tcp-client;iterations=3,2026-05-01T00:49:21.643121,1_WiFi_6,3970,294,22880,0,0,321,2120,925,0,0,340
01-05-2026-direct-precopy-0003,CRIU,precopy,yes,296,49053,3384,313,3993,0.12,x86_64,x86_64,True,True,transfer_mode=direct;workload=tcp-client;iterations=3,2026-05-01T00:50:05.761988,1_WiFi_6,3915,296,23499,0,0,334,2558,826,0,0,347
01-05-2026-direct-precopy-0004,CRIU,precopy,yes,299,49126,3068,285,3652,0.13,x86_64,x86_64,True,True,transfer_mode=direct;workload=tcp-client;iterations=3,2026-05-01T00:50:49.561066,1_WiFi_6,3961,299,23059,0,0,302,2176,892,0,0,319
01-05-2026-direct-precopy-0005,CRIU,precopy,yes,336,49815,3308,312,3956,0.12,x86_64,x86_64,True,True,transfer_mode=direct;workload=tcp-client;iterations=3,2026-05-01T00:51:33.593870,1_WiFi_6,4021,336,23036,0,0,334,2371,936,0,0,342
01-05-2026-direct-precopy-0006,CRIU,precopy,yes,299,48915,3066,347,3712,0.13,x86_64,x86_64,True,True,transfer_mode=direct;workload=tcp-client;iterations=3,2026-05-01T00:52:18.231958,1_WiFi_6,3991,299,23846,0,0,337,2134,931,0,0,316
01-05-2026-direct-precopy-0007,CRIU,precopy,yes,299,49092,3160,309,3768,0.12,x86_64,x86_64,True,True,transfer_mode=direct;workload=tcp-client;iterations=3,2026-05-01T00:53:02.173721,1_WiFi_6,4021,299,23251,0,0,634,2280,880,0,0,307
01-05-2026-direct-precopy-0008,CRIU,precopy,yes,335,49130,3215,315,3865,0.12,x86_64,x86_64,True,True,transfer_mode=direct;workload=tcp-client;iterations=3,2026-05-01T00:53:45.886108,1_WiFi_6,3921,335,22954,0,0,334,2297,918,0,0,305
01-05-2026-direct-precopy-0009,CRIU,precopy,yes,310,48990,3157,314,3781,0.12,x86_64,x86_64,True,True,transfer_mode=direct;workload=tcp-client;iterations=3,2026-05-01T00:54:30.036660,1_WiFi_6,3922,310,23611,0,0,331,2152,1004,0,0,320
01-05-2026-host-postcopy-0000,CRIU,postcopy,yes,645,24647,6754,408,7807,0.03,x86_64,x86_64,True,True,transfer_mode=host;workload=tcp-client;relay_node=edge-host-1;lazy_pages_port=9999,2026-05-01T00:55:13.196096,1_WiFi_6,0,645,22763,4789,3048,630,4591,945,939,277,319
01-05-2026-host-postcopy-0001,CRIU,postcopy,yes,697,24850,6809,334,7840,0.03,x86_64,x86_64,True,True,transfer_mode=host;workload=tcp-client;relay_node=edge-host-1;lazy_pages_port=9999,2026-05-01T00:55:56.726251,1_WiFi_6,0,697,22477,4867,2943,318,4677,924,888,318,296
01-05-2026-host-postcopy-0002,CRIU,postcopy,yes,716,24777,6882,325,7923,0.03,x86_64,x86_64,True,True,transfer_mode=host;workload=tcp-client;relay_node=edge-host-1;lazy_pages_port=9999,2026-05-01T00:56:40.871099,1_WiFi_6,0,716,23259,4719,2837,316,4765,876,946,294,370
01-05-2026-host-postcopy-0003,CRIU,postcopy,yes,812,24824,6914,344,8070,0.03,x86_64,x86_64,True,True,transfer_mode=host;workload=tcp-client;relay_node=edge-host-1;lazy_pages_port=9999,2026-05-01T00:57:24.860952,1_WiFi_6,0,812,23376,5163,2886,333,4833,902,902,275,303
01-05-2026-host-postcopy-0004,CRIU,postcopy,yes,813,24575,7259,335,8407,0.03,x86_64,x86_64,True,True,transfer_mode=host;workload=tcp-client;relay_node=edge-host-1;lazy_pages_port=9999,2026-05-01T00:58:09.225457,1_WiFi_6,0,813,23447,4795,3097,329,4763,1268,939,287,320
01-05-2026-host-postcopy-0005,CRIU,postcopy,yes,727,24737,6724,325,7776,0.03,x86_64,x86_64,True,True,transfer_mode=host;workload=tcp-client;relay_node=edge-host-1;lazy_pages_port=9999,2026-05-01T00:58:52.992072,1_WiFi_6,0,727,23132,4817,2991,327,4636,925,876,285,326
01-05-2026-host-postcopy-0006,CRIU,postcopy,yes,723,24951,6918,333,7974,0.03,x86_64,x86_64,True,True,transfer_mode=host;workload=tcp-client;relay_node=edge-host-1;lazy_pages_port=9999,2026-05-01T00:59:36.797966,1_WiFi_6,0,723,22990,4705,2943,363,4857,884,882,293,722
01-05-2026-host-postcopy-0007,CRIU,postcopy,yes,772,24749,6699,330,7801,0.03,x86_64,x86_64,True,True,transfer_mode=host;workload=tcp-client;relay_node=edge-host-1;lazy_pages_port=9999,2026-05-01T01:00:20.317488,1_WiFi_6,0,772,22856,4815,2975,651,4621,908,889,279,325
01-05-2026-host-postcopy-0008,CRIU,postcopy,yes,702,24649,6731,330,7763,0.03,x86_64,x86_64,True,True,transfer_mode=host;workload=tcp-client;relay_node=edge-host-1;lazy_pages_port=9999,2026-05-01T01:01:03.776908,1_WiFi_6,0,702,22932,4734,3132,302,4686,879,865,299,337
01-05-2026-host-postcopy-0009,CRIU,postcopy,yes,778,24839,7099,400,8277,0.03,x86_64,x86_64,True,True,transfer_mode=host;workload=tcp-client;relay_node=edge-host-1;lazy_pages_port=9999,2026-05-01T01:01:47.488823,1_WiFi_6,0,778,22951,4774,3082,320,4910,1010,905,273,342
01-05-2026-direct-postcopy-0000,CRIU,postcopy,yes,732,24835,3105,339,4176,0.06,x86_64,x86_64,True,True,transfer_mode=direct;workload=tcp-client;lazy_pages_port=9999,2026-05-01T01:02:29.312647,1_WiFi_6,0,732,20966,4834,3132,371,2215,890,0,0,319
01-05-2026-direct-postcopy-0001,CRIU,postcopy,yes,756,24550,3182,350,4288,0.06,x86_64,x86_64,True,True,transfer_mode=direct;workload=tcp-client;lazy_pages_port=9999,2026-05-01T01:03:11.692111,1_WiFi_6,0,756,21618,4916,3240,301,2326,855,0,0,317
01-05-2026-direct-postcopy-0002,CRIU,postcopy,yes,739,24485,3198,399,4336,0.06,x86_64,x86_64,True,True,transfer_mode=direct;workload=tcp-client;lazy_pages_port=9999,2026-05-01T01:03:53.417280,1_WiFi_6,0,739,21455,4784,3024,414,2321,876,0,0,306
01-05-2026-direct-postcopy-0003,CRIU,postcopy,yes,741,24448,3077,323,4141,0.06,x86_64,x86_64,True,True,transfer_mode=direct;workload=tcp-client;lazy_pages_port=9999,2026-05-01T01:04:35.543307,1_WiFi_6,0,741,20990,4784,3024,363,2173,903,0,0,286
01-05-2026-direct-postcopy-0004,CRIU,postcopy,yes,750,24841,3152,325,4227,0.06,x86_64,x86_64,True,True,transfer_mode=direct;workload=tcp-client;lazy_pages_port=9999,2026-05-01T01:05:17.905281,1_WiFi_6,0,750,21572,4768,3025,333,2231,920,0,0,352
01-05-2026-direct-postcopy-0005,CRIU,postcopy,yes,705,24844,3025,327,4057,0.07,x86_64,x86_64,True,True,transfer_mode=direct;workload=tcp-client;lazy_pages_port=9999,2026-05-01T01:05:59.654612,1_WiFi_6,0,705,21069,4716,3133,316,2174,851,0,0,334
01-05-2026-direct-postcopy-0006,CRIU,postcopy,yes,691,24772,3021,328,4040,0.07,x86_64,x86_64,True,True,transfer_mode=direct;workload=tcp-client;lazy_pages_port=9999,2026-05-01T01:06:41.481296,1_WiFi_6,0,691,20645,4742,3132,358,2157,864,0,0,310
01-05-2026-direct-postcopy-0007,CRIU,postcopy,yes,701,24566,2906,331,3938,0.07,x86_64,x86_64,True,True,transfer_mode=direct;workload=tcp-client;lazy_pages_port=9999,2026-05-01T01:07:23.719079,1_WiFi_6,0,701,21689,4762,3133,335,2159,746,0,0,467
01-05-2026-direct-postcopy-0008,CRIU,postcopy,yes,762,24676,3189,334,4285,0.06,x86_64,x86_64,True,True,transfer_mode=direct;workload=tcp-client;lazy_pages_port=9999,2026-05-01T01:08:05.162223,1_WiFi_6,0,762,21227,4705,3025,309,2324,865,0,0,340
01-05-2026-direct-postcopy-0009,CRIU,postcopy,yes,757,24512,3079,363,4199,0.06,x86_64,x86_64,True,True,transfer_mode=direct;workload=tcp-client;lazy_pages_port=9999,2026-05-01T01:08:47.018452,1_WiFi_6,0,757,20741,4718,3132,291,2146,932,0,0,323
01-05-2026-host-cold-0010,CRIU,cold,yes,463,28529,6794,407,7664,0.03,x86_64,x86_64,True,True,transfer_mode=host;workload=tcp-client;relay_node=edge-host-1,2026-05-01T01:11:01.853796,1_WiFi_6,0,0,21523,0,0,473,4727,920,866,280,401
01-05-2026-host-cold-0011,CRIU,cold,yes,387,27359,6640,327,7354,0.03,x86_64,x86_64,True,True,transfer_mode=host;workload=tcp-client;relay_node=edge-host-1,2026-05-01T01:11:43.403611,1_WiFi_6,0,0,20827,0,0,321,4576,891,892,279,301
01-05-2026-host-cold-0012,CRIU,cold,yes,346,27530,6841,308,7495,0.03,x86_64,x86_64,True,True,transfer_mode=host;workload=tcp-client;relay_node=edge-host-1,2026-05-01T01:12:24.262288,1_WiFi_6,0,0,20469,0,0,338,4791,894,874,281,308
01-05-2026-host-cold-0013,CRIU,cold,yes,327,27465,6755,310,7392,0.03,x86_64,x86_64,True,True,transfer_mode=host;workload=tcp-client;relay_node=edge-host-1,2026-05-01T01:13:05.727616,1_WiFi_6,0,0,20425,0,0,282,4641,905,929,278,329
01-05-2026-host-cold-0014,CRIU,cold,yes,349,27634,7327,326,8002,0.03,x86_64,x86_64,True,True,transfer_mode=host;workload=tcp-client;relay_node=edge-host-1,2026-05-01T01:13:47.267307,1_WiFi_6,0,0,20892,0,0,327,5257,897,891,281,315
01-05-2026-host-cold-0015,CRIU,cold,yes,374,27250,6763,304,7441,0.03,x86_64,x86_64,True,True,transfer_mode=host;workload=tcp-client;relay_node=edge-host-1,2026-05-01T01:14:28.391636,1_WiFi_6,0,0,20608,0,0,331,4697,903,889,273,289
01-05-2026-host-cold-0016,CRIU,cold,yes,341,27187,6807,316,7464,0.03,x86_64,x86_64,True,True,transfer_mode=host;workload=tcp-client;relay_node=edge-host-1,2026-05-01T01:15:10.354604,1_WiFi_6,0,0,20549,0,0,327,4746,915,863,281,314
01-05-2026-host-cold-0017,CRIU,cold,yes,331,27624,7468,324,8123,0.03,x86_64,x86_64,True,True,transfer_mode=host;workload=tcp-client;relay_node=edge-host-1,2026-05-01T01:15:52.521246,1_WiFi_6,0,0,21147,0,0,332,5426,864,917,259,298
01-05-2026-host-cold-0018,CRIU,cold,yes,325,27471,6935,340,7600,0.03,x86_64,x86_64,True,True,transfer_mode=host;workload=tcp-client;relay_node=edge-host-1,2026-05-01T01:16:33.976709,1_WiFi_6,0,0,20516,0,0,341,4831,920,905,277,309
01-05-2026-host-cold-0019,CRIU,cold,yes,328,27242,6845,303,7476,0.03,x86_64,x86_64,True,True,transfer_mode=host;workload=tcp-client;relay_node=edge-host-1,2026-05-01T01:17:15.715812,1_WiFi_6,0,0,20386,0,0,320,4719,925,916,282,349
01-05-2026-direct-cold-0010,CRIU,cold,yes,320,27275,3173,321,3814,0.07,x86_64,x86_64,True,True,transfer_mode=direct;workload=tcp-client,2026-05-01T01:17:55.880495,1_WiFi_6,0,0,19405,0,0,359,2182,990,0,0,333
01-05-2026-direct-cold-0011,CRIU,cold,yes,324,27440,3198,295,3817,0.07,x86_64,x86_64,True,True,transfer_mode=direct;workload=tcp-client,2026-05-01T01:18:35.084613,1_WiFi_6,0,0,18668,0,0,320,2301,896,0,0,331
01-05-2026-direct-cold-0012,CRIU,cold,yes,336,27606,3068,352,3756,0.07,x86_64,x86_64,True,True,transfer_mode=direct;workload=tcp-client,2026-05-01T01:19:15.852790,1_WiFi_6,0,0,18983,0,0,318,2162,905,0,0,320
01-05-2026-direct-cold-0013,CRIU,cold,yes,289,27360,3416,315,4020,0.06,x86_64,x86_64,True,True,transfer_mode=direct;workload=tcp-client,2026-05-01T01:19:55.494552,1_WiFi_6,0,0,18782,0,0,321,2533,882,0,0,323
01-05-2026-direct-cold-0014,CRIU,cold,yes,331,27273,3035,369,3735,0.07,x86_64,x86_64,True,True,transfer_mode=direct;workload=tcp-client,2026-05-01T01:20:35.059896,1_WiFi_6,0,0,18913,0,0,278,2173,861,0,0,320
01-05-2026-direct-cold-0015,CRIU,cold,yes,385,27345,2978,340,3703,0.07,x86_64,x86_64,True,True,transfer_mode=direct;workload=tcp-client,2026-05-01T01:21:14.887698,1_WiFi_6,0,0,18823,0,0,315,2203,774,0,0,327
01-05-2026-direct-cold-0016,CRIU,cold,yes,641,27408,0,0,0,0.00,x86_64,x86_64,True,False,transfer_mode=direct;workload=tcp-client; ssh_trust_failed,2026-05-01T01:21:45.823273,1_WiFi_6,0,0,10475,0,0,321,0,0,0,0,0
01-05-2026-direct-cold-0017,CRIU,cold,yes,322,27255,3113,325,3760,0.07,x86_64,x86_64,True,True,transfer_mode=direct;workload=tcp-client,2026-05-01T01:22:23.743010,1_WiFi_6,0,0,18716,0,0,306,2041,1072,0,0,311
01-05-2026-direct-cold-0018,CRIU,cold,yes,368,27506,3421,359,4148,0.06,x86_64,x86_64,True,True,transfer_mode=direct;workload=tcp-client,2026-05-01T01:23:03.496510,1_WiFi_6,0,0,18980,0,0,312,2233,1188,0,0,329
01-05-2026-direct-cold-0019,CRIU,cold,yes,335,27376,3150,318,3803,0.07,x86_64,x86_64,True,True,transfer_mode=direct;workload=tcp-client,2026-05-01T01:23:43.054703,1_WiFi_6,0,0,19130,0,0,309,2168,981,0,0,315
01-05-2026-host-precopy-0010,CRIU,precopy,yes,294,49794,6856,313,7463,0.06,x86_64,x86_64,True,True,transfer_mode=host;workload=tcp-client;relay_node=edge-host-1;iterations=3,2026-05-01T01:24:29.508158,1_WiFi_6,3922,294,25008,0,0,316,4732,896,946,279,307
01-05-2026-host-precopy-0011,CRIU,precopy,yes,311,49114,7074,294,7679,0.06,x86_64,x86_64,True,True,transfer_mode=host;workload=tcp-client;relay_node=edge-host-1;iterations=3,2026-05-01T01:25:15.241304,1_WiFi_6,3960,311,24965,0,0,381,4990,915,894,273,303
01-05-2026-host-precopy-0012,CRIU,precopy,yes,307,49198,6844,303,7454,0.06,x86_64,x86_64,True,True,transfer_mode=host;workload=tcp-client;relay_node=edge-host-1;iterations=3,2026-05-01T01:26:00.810312,1_WiFi_6,4015,307,24939,0,0,675,4709,915,923,296,296
01-05-2026-host-precopy-0013,CRIU,precopy,yes,308,50425,7375,307,7990,0.05,x86_64,x86_64,True,True,transfer_mode=host;workload=tcp-client;relay_node=edge-host-1;iterations=3,2026-05-01T01:26:47.303387,1_WiFi_6,3968,308,25338,0,0,318,5228,911,931,303,307
01-05-2026-host-precopy-0014,CRIU,precopy,yes,323,50434,6740,308,7371,0.06,x86_64,x86_64,True,True,transfer_mode=host;workload=tcp-client;relay_node=edge-host-1;iterations=3,2026-05-01T01:27:33.467850,1_WiFi_6,3908,323,24870,0,0,321,4728,844,892,274,377
01-05-2026-host-precopy-0015,CRIU,precopy,yes,298,49780,7093,334,7725,0.06,x86_64,x86_64,True,True,transfer_mode=host;workload=tcp-client;relay_node=edge-host-1;iterations=3,2026-05-01T01:28:19.718848,1_WiFi_6,4010,298,25001,0,0,319,5007,897,921,266,333
01-05-2026-host-precopy-0016,CRIU,precopy,yes,353,49827,6952,312,7617,0.06,x86_64,x86_64,True,True,transfer_mode=host;workload=tcp-client;relay_node=edge-host-1;iterations=3,2026-05-01T01:29:05.436430,1_WiFi_6,3951,353,25397,0,0,660,4744,982,955,269,345
01-05-2026-host-precopy-0017,CRIU,precopy,yes,301,49072,6857,309,7467,0.06,x86_64,x86_64,True,True,transfer_mode=host;workload=tcp-client;relay_node=edge-host-1;iterations=3,2026-05-01T01:29:50.702556,1_WiFi_6,3950,301,24501,0,0,321,4581,1079,923,272,326
01-05-2026-host-precopy-0018,CRIU,precopy,yes,294,49111,6776,291,7361,0.06,x86_64,x86_64,True,True,transfer_mode=host;workload=tcp-client;relay_node=edge-host-1;iterations=3,2026-05-01T01:30:36.641773,1_WiFi_6,4021,294,24543,0,0,322,4661,895,936,281,323
01-05-2026-host-precopy-0019,CRIU,precopy,yes,333,49298,7099,326,7758,0.06,x86_64,x86_64,True,True,transfer_mode=host;workload=tcp-client;relay_node=edge-host-1;iterations=3,2026-05-01T01:31:22.617647,1_WiFi_6,3973,333,25251,0,0,354,5085,892,873,248,278
01-05-2026-direct-precopy-0010,CRIU,precopy,yes,298,50573,3139,303,3740,0.13,x86_64,x86_64,True,True,transfer_mode=direct;workload=tcp-client;iterations=3,2026-05-01T01:32:06.213859,1_WiFi_6,3991,298,23023,0,0,636,2164,974,0,0,326
01-05-2026-direct-precopy-0011,CRIU,precopy,yes,312,50579,3168,308,3788,0.13,x86_64,x86_64,True,True,transfer_mode=direct;workload=tcp-client;iterations=3,2026-05-01T01:32:50.426093,1_WiFi_6,4034,312,23201,0,0,333,2265,903,0,0,318
01-05-2026-direct-precopy-0012,CRIU,precopy,yes,300,48714,3096,334,3730,0.13,x86_64,x86_64,True,True,transfer_mode=direct;workload=tcp-client;iterations=3,2026-05-01T01:33:34.534517,1_WiFi_6,3898,300,23428,0,0,370,2207,889,0,0,311
01-05-2026-direct-precopy-0013,CRIU,precopy,yes,324,50478,3104,312,3740,0.13,x86_64,x86_64,True,True,transfer_mode=direct;workload=tcp-client;iterations=3,2026-05-01T01:34:17.843369,1_WiFi_6,3963,324,23119,0,0,680,2209,895,0,0,304
01-05-2026-direct-precopy-0014,CRIU,precopy,yes,330,50374,3106,315,3751,0.13,x86_64,x86_64,True,True,transfer_mode=direct;workload=tcp-client;iterations=3,2026-05-01T01:35:01.850147,1_WiFi_6,3971,330,22868,0,0,409,2207,899,0,0,320
01-05-2026-direct-precopy-0015,CRIU,precopy,yes,298,50558,3104,329,3731,0.13,x86_64,x86_64,True,True,transfer_mode=direct;workload=tcp-client;iterations=3,2026-05-01T01:35:46.322572,1_WiFi_6,3949,298,23635,0,0,343,2161,942,0,0,307
01-05-2026-direct-precopy-0016,CRIU,precopy,yes,336,50500,3268,304,3908,0.12,x86_64,x86_64,True,True,transfer_mode=direct;workload=tcp-client;iterations=3,2026-05-01T01:36:30.192673,1_WiFi_6,4000,336,23600,0,0,627,2327,940,0,0,331
01-05-2026-direct-precopy-0017,CRIU,precopy,yes,304,49136,3139,445,3888,0.13,x86_64,x86_64,True,True,transfer_mode=direct;workload=tcp-client;iterations=3,2026-05-01T01:37:14.112964,1_WiFi_6,4116,304,23452,0,0,331,2268,871,0,0,402
01-05-2026-direct-precopy-0018,CRIU,precopy,yes,293,50472,3145,336,3774,0.13,x86_64,x86_64,True,True,transfer_mode=direct;workload=tcp-client;iterations=3,2026-05-01T01:38:07.827736,1_WiFi_6,3940,293,22822,0,0,321,2276,868,0,0,281
01-05-2026-direct-precopy-0019,CRIU,precopy,yes,280,49208,3047,364,3691,0.13,x86_64,x86_64,True,True,transfer_mode=direct;workload=tcp-client;iterations=3,2026-05-01T01:38:51.799345,1_WiFi_6,4027,280,23378,0,0,318,2176,871,0,0,311
01-05-2026-host-postcopy-0010,CRIU,postcopy,yes,734,24650,7017,367,8118,0.03,x86_64,x86_64,True,True,transfer_mode=host;workload=tcp-client;relay_node=edge-host-1;lazy_pages_port=9999,2026-05-01T01:39:35.706248,1_WiFi_6,0,734,23323,5278,3048,350,4638,1222,869,287,348
01-05-2026-host-postcopy-0011,CRIU,postcopy,yes,758,24936,6928,488,8174,0.03,x86_64,x86_64,True,True,transfer_mode=host;workload=tcp-client;relay_node=edge-host-1;lazy_pages_port=9999,2026-05-01T01:40:19.307185,1_WiFi_6,0,758,23129,4827,2943,337,4776,881,918,350,476
01-05-2026-host-postcopy-0012,CRIU,postcopy,yes,766,24763,7164,325,8255,0.03,x86_64,x86_64,True,True,transfer_mode=host;workload=tcp-client;relay_node=edge-host-1;lazy_pages_port=9999,2026-05-01T01:41:03.216952,1_WiFi_6,0,766,22947,4713,2943,323,4809,915,859,579,352
01-05-2026-host-postcopy-0013,CRIU,postcopy,yes,766,24822,6758,352,7876,0.03,x86_64,x86_64,True,True,transfer_mode=host;workload=tcp-client;relay_node=edge-host-1;lazy_pages_port=9999,2026-05-01T01:41:46.538139,1_WiFi_6,0,766,23164,4794,2992,330,4748,890,864,254,294
01-05-2026-host-postcopy-0014,CRIU,postcopy,yes,743,24816,6629,354,7726,0.03,x86_64,x86_64,True,True,transfer_mode=host;workload=tcp-client;relay_node=edge-host-1;lazy_pages_port=9999,2026-05-01T01:42:29.762944,1_WiFi_6,0,743,22360,4754,3203,352,4564,892,882,289,323
01-05-2026-host-postcopy-0015,CRIU,postcopy,yes,736,24785,6866,402,8004,0.03,x86_64,x86_64,True,True,transfer_mode=host;workload=tcp-client;relay_node=edge-host-1;lazy_pages_port=9999,2026-05-01T01:43:13.827825,1_WiFi_6,0,736,23074,4888,2943,326,4779,850,946,289,291
01-05-2026-host-postcopy-0016,CRIU,postcopy,yes,780,24716,7153,337,8270,0.03,x86_64,x86_64,True,True,transfer_mode=host;workload=tcp-client;relay_node=edge-host-1;lazy_pages_port=9999,2026-05-01T01:43:57.529143,1_WiFi_6,0,780,22923,4835,3048,318,5095,891,889,277,313
01-05-2026-host-postcopy-0017,CRIU,postcopy,yes,756,24756,6923,320,7999,0.03,x86_64,x86_64,True,True,transfer_mode=host;workload=tcp-client;relay_node=edge-host-1;lazy_pages_port=9999,2026-05-01T01:44:41.441301,1_WiFi_6,0,756,23077,4728,3240,309,4766,912,939,303,321
01-05-2026-host-postcopy-0018,CRIU,postcopy,yes,749,24670,6958,336,8043,0.03,x86_64,x86_64,True,True,transfer_mode=host;workload=tcp-client;relay_node=edge-host-1;lazy_pages_port=9999,2026-05-01T01:45:25.147203,1_WiFi_6,0,749,23120,4892,2975,351,4734,971,918,335,313
01-05-2026-host-postcopy-0019,CRIU,postcopy,yes,739,24658,6681,337,7757,0.03,x86_64,x86_64,True,True,transfer_mode=host;workload=tcp-client;relay_node=edge-host-1;lazy_pages_port=9999,2026-05-01T01:46:08.551240,1_WiFi_6,0,739,22797,4766,3024,300,4611,948,834,287,335
01-05-2026-direct-postcopy-0010,CRIU,postcopy,yes,716,24751,3110,334,4160,0.06,x86_64,x86_64,True,True,transfer_mode=direct;workload=tcp-client;lazy_pages_port=9999,2026-05-01T01:46:51.021941,1_WiFi_6,0,716,21633,5204,3025,317,2161,949,0,0,375
01-05-2026-direct-postcopy-0011,CRIU,postcopy,yes,724,24889,3087,361,4172,0.06,x86_64,x86_64,True,True,transfer_mode=direct;workload=tcp-client;lazy_pages_port=9999,2026-05-01T01:47:32.607557,1_WiFi_6,0,724,21349,4885,3082,318,2219,867,0,0,275
01-05-2026-direct-postcopy-0012,CRIU,postcopy,yes,768,24691,3170,336,4274,0.06,x86_64,x86_64,True,True,transfer_mode=direct;workload=tcp-client;lazy_pages_port=9999,2026-05-01T01:48:14.478279,1_WiFi_6,0,768,20758,4786,3132,315,2270,900,0,0,294
01-05-2026-direct-postcopy-0013,CRIU,postcopy,yes,740,24492,3031,328,4099,0.06,x86_64,x86_64,True,True,transfer_mode=direct;workload=tcp-client;lazy_pages_port=9999,2026-05-01T01:48:56.706674,1_WiFi_6,0,740,21403,5043,2975,321,2144,886,0,0,314
01-05-2026-direct-postcopy-0014,CRIU,postcopy,yes,735,24529,3321,333,4389,0.06,x86_64,x86_64,True,True,transfer_mode=direct;workload=tcp-client;lazy_pages_port=9999,2026-05-01T01:49:38.190376,1_WiFi_6,0,735,21151,4757,2917,326,2385,935,0,0,330
01-05-2026-direct-postcopy-0015,CRIU,postcopy,yes,723,24591,3063,337,4123,0.06,x86_64,x86_64,True,True,transfer_mode=direct;workload=tcp-client;lazy_pages_port=9999,2026-05-01T01:50:20.370183,1_WiFi_6,0,723,20868,4896,3025,324,2196,867,0,0,313
01-05-2026-direct-postcopy-0016,CRIU,postcopy,yes,718,24890,3137,332,4187,0.06,x86_64,x86_64,True,True,transfer_mode=direct;workload=tcp-client;lazy_pages_port=9999,2026-05-01T01:51:02.655556,1_WiFi_6,0,718,21638,5038,2975,315,2197,940,0,0,343
01-05-2026-direct-postcopy-0017,CRIU,postcopy,yes,830,24609,3265,334,4429,0.06,x86_64,x86_64,True,True,transfer_mode=direct;workload=tcp-client;lazy_pages_port=9999,2026-05-01T01:51:44.433501,1_WiFi_6,0,830,21246,4821,3024,322,2414,850,0,0,311
01-05-2026-direct-postcopy-0018,CRIU,postcopy,yes,703,24578,2936,345,3984,0.07,x86_64,x86_64,True,True,transfer_mode=direct;workload=tcp-client;lazy_pages_port=9999,2026-05-01T01:52:26.345810,1_WiFi_6,0,703,20818,4772,2917,321,2189,747,0,0,447
01-05-2026-direct-postcopy-0019,CRIU,postcopy,yes,737,24678,3174,378,4289,0.06,x86_64,x86_64,True,True,transfer_mode=direct;workload=tcp-client;lazy_pages_port=9999,2026-05-01T01:53:09.123326,1_WiFi_6,0,737,21958,5124,3024,323,2253,921,0,0,342
01-05-2026-host-cold-0020,CRIU,cold,yes,420,27736,6756,433,7609,0.03,x86_64,x86_64,True,True,transfer_mode=host;workload=tcp-client;relay_node=edge-host-1,2026-05-01T01:55:22.422951,1_WiFi_6,0,0,21350,0,0,333,4607,952,912,284,337
01-05-2026-host-cold-0021,CRIU,cold,yes,349,27381,6917,307,7573,0.03,x86_64,x86_64,True,True,transfer_mode=host;workload=tcp-client;relay_node=edge-host-1,2026-05-01T01:56:04.383719,1_WiFi_6,0,0,21115,0,0,318,4686,977,950,302,328
01-05-2026-host-cold-0022,CRIU,cold,yes,305,27426,6966,304,7575,0.03,x86_64,x86_64,True,True,transfer_mode=host;workload=tcp-client;relay_node=edge-host-1,2026-05-01T01:56:45.180367,1_WiFi_6,0,0,20584,0,0,360,4695,980,1002,287,315
01-05-2026-host-cold-0023,CRIU,cold,yes,345,27480,6837,322,7504,0.03,x86_64,x86_64,True,True,transfer_mode=host;workload=tcp-client;relay_node=edge-host-1,2026-05-01T01:57:27.628920,1_WiFi_6,0,0,20771,0,0,321,4744,891,921,280,303
01-05-2026-host-cold-0024,CRIU,cold,yes,324,27399,7016,336,7676,0.03,x86_64,x86_64,True,True,transfer_mode=host;workload=tcp-client;relay_node=edge-host-1,2026-05-01T01:58:09.139179,1_WiFi_6,0,0,20915,0,0,296,4977,869,895,274,313
01-05-2026-host-cold-0025,CRIU,cold,yes,336,27462,6710,317,7363,0.03,x86_64,x86_64,True,True,transfer_mode=host;workload=tcp-client;relay_node=edge-host-1,2026-05-01T01:58:49.970900,1_WiFi_6,0,0,20442,0,0,399,4590,902,957,259,331
01-05-2026-host-cold-0026,CRIU,cold,yes,345,27603,6884,348,7577,0.03,x86_64,x86_64,True,True,transfer_mode=host;workload=tcp-client;relay_node=edge-host-1,2026-05-01T01:59:31.689966,1_WiFi_6,0,0,20330,0,0,306,4824,878,907,274,271
01-05-2026-host-cold-0027,CRIU,cold,yes,344,27362,7011,325,7680,0.03,x86_64,x86_64,True,True,transfer_mode=host;workload=tcp-client;relay_node=edge-host-1,2026-05-01T02:00:13.487702,1_WiFi_6,0,0,21071,0,0,342,4911,937,878,283,313
01-05-2026-host-cold-0028,CRIU,cold,yes,333,27284,6862,325,7520,0.03,x86_64,x86_64,True,True,transfer_mode=host;workload=tcp-client;relay_node=edge-host-1,2026-05-01T02:00:54.341287,1_WiFi_6,0,0,20327,0,0,349,4756,909,928,267,315
01-05-2026-host-cold-0029,CRIU,cold,yes,336,27334,6925,319,7580,0.03,x86_64,x86_64,True,True,transfer_mode=host;workload=tcp-client;relay_node=edge-host-1,2026-05-01T02:01:36.145336,1_WiFi_6,0,0,20455,0,0,315,4889,888,894,253,314
01-05-2026-direct-cold-0020,CRIU,cold,yes,329,27306,3046,333,3708,0.07,x86_64,x86_64,True,True,transfer_mode=direct;workload=tcp-client,2026-05-01T02:02:16.260674,1_WiFi_6,0,0,19255,0,0,331,2203,843,0,0,389
01-05-2026-direct-cold-0021,CRIU,cold,yes,334,27448,3012,301,3647,0.07,x86_64,x86_64,True,True,transfer_mode=direct;workload=tcp-client,2026-05-01T02:02:54.898953,1_WiFi_6,0,0,18288,0,0,358,2202,809,0,0,296
01-05-2026-direct-cold-0022,CRIU,cold,yes,358,27507,3126,327,3811,0.07,x86_64,x86_64,True,True,transfer_mode=direct;workload=tcp-client,2026-05-01T02:03:35.002745,1_WiFi_6,0,0,18762,0,0,343,2298,827,0,0,318
01-05-2026-direct-cold-0023,CRIU,cold,yes,356,27369,3164,313,3833,0.07,x86_64,x86_64,True,True,transfer_mode=direct;workload=tcp-client,2026-05-01T02:04:14.600416,1_WiFi_6,0,0,19366,0,0,341,2219,945,0,0,323
01-05-2026-direct-cold-0024,CRIU,cold,yes,364,27254,3162,310,3836,0.07,x86_64,x86_64,True,True,transfer_mode=direct;workload=tcp-client,2026-05-01T02:04:53.616674,1_WiFi_6,0,0,18568,0,0,381,2230,931,0,0,336
01-05-2026-direct-cold-0025,CRIU,cold,yes,347,27474,3261,363,3971,0.07,x86_64,x86_64,True,True,transfer_mode=direct;workload=tcp-client,2026-05-01T02:05:33.779057,1_WiFi_6,0,0,19175,0,0,317,2369,892,0,0,339
01-05-2026-direct-cold-0026,CRIU,cold,yes,320,27436,3527,339,4186,0.06,x86_64,x86_64,True,True,transfer_mode=direct;workload=tcp-client,2026-05-01T02:06:13.389080,1_WiFi_6,0,0,19433,0,0,377,2273,1253,0,0,324
01-05-2026-direct-cold-0027,CRIU,cold,yes,313,27406,3129,307,3749,0.07,x86_64,x86_64,True,True,transfer_mode=direct;workload=tcp-client,2026-05-01T02:06:52.852006,1_WiFi_6,0,0,18901,0,0,366,2199,929,0,0,310
01-05-2026-direct-cold-0028,CRIU,cold,yes,327,27607,3145,293,3765,0.07,x86_64,x86_64,True,True,transfer_mode=direct;workload=tcp-client,2026-05-01T02:07:32.682153,1_WiFi_6,0,0,18750,0,0,315,2237,908,0,0,361
01-05-2026-direct-cold-0029,CRIU,cold,yes,326,27253,3032,329,3687,0.07,x86_64,x86_64,True,True,transfer_mode=direct;workload=tcp-client,2026-05-01T02:08:11.941392,1_WiFi_6,0,0,18846,0,0,635,2142,890,0,0,319
01-05-2026-host-precopy-0020,CRIU,precopy,yes,334,49196,6609,326,7269,0.06,x86_64,x86_64,True,True,transfer_mode=host;workload=tcp-client;relay_node=edge-host-1;iterations=3,2026-05-01T02:08:57.558965,1_WiFi_6,4017,334,24854,0,0,329,4483,893,952,281,306
01-05-2026-host-precopy-0021,CRIU,precopy,yes,297,50524,6655,301,7253,0.06,x86_64,x86_64,True,True,transfer_mode=host;workload=tcp-client;relay_node=edge-host-1;iterations=3,2026-05-01T02:09:43.086809,1_WiFi_6,3989,297,24526,0,0,325,4458,993,877,326,311
01-05-2026-host-precopy-0022,CRIU,precopy,yes,321,49819,6989,320,7630,0.06,x86_64,x86_64,True,True,transfer_mode=host;workload=tcp-client;relay_node=edge-host-1;iterations=3,2026-05-01T02:10:28.691800,1_WiFi_6,4028,321,24829,0,0,359,4837,906,916,330,319
01-05-2026-host-precopy-0023,CRIU,precopy,yes,289,50366,7200,323,7812,0.06,x86_64,x86_64,True,True,transfer_mode=host;workload=tcp-client;relay_node=edge-host-1;iterations=3,2026-05-01T02:11:14.062556,1_WiFi_6,4012,289,25165,0,0,323,5019,923,947,310,287
01-05-2026-host-precopy-0024,CRIU,precopy,yes,312,49382,6777,369,7458,0.06,x86_64,x86_64,True,True,transfer_mode=host;workload=tcp-client;relay_node=edge-host-1;iterations=3,2026-05-01T02:11:59.361011,1_WiFi_6,4004,312,24651,0,0,334,4554,937,1001,283,320
01-05-2026-host-precopy-0025,CRIU,precopy,yes,315,49105,6857,333,7505,0.06,x86_64,x86_64,True,True,transfer_mode=host;workload=tcp-client;relay_node=edge-host-1;iterations=3,2026-05-01T02:12:45.338362,1_WiFi_6,3943,315,24615,0,0,317,4650,934,937,335,308
01-05-2026-host-precopy-0026,CRIU,precopy,yes,305,50406,7242,307,7854,0.06,x86_64,x86_64,True,True,transfer_mode=host;workload=tcp-client;relay_node=edge-host-1;iterations=3,2026-05-01T02:13:31.768882,1_WiFi_6,3956,305,25360,0,0,355,4974,1066,914,287,335
01-05-2026-host-precopy-0027,CRIU,precopy,yes,333,49453,6726,292,7351,0.06,x86_64,x86_64,True,True,transfer_mode=host;workload=tcp-client;relay_node=edge-host-1;iterations=3,2026-05-01T02:14:16.683130,1_WiFi_6,3887,333,24726,0,0,641,4563,898,1000,263,310
01-05-2026-host-precopy-0028,CRIU,precopy,yes,313,48958,6663,323,7299,0.06,x86_64,x86_64,True,True,transfer_mode=host;workload=tcp-client;relay_node=edge-host-1;iterations=3,2026-05-01T02:15:01.967934,1_WiFi_6,3893,313,24375,0,0,310,4596,868,908,288,322
01-05-2026-host-precopy-0029,CRIU,precopy,yes,298,49054,6723,334,7355,0.06,x86_64,x86_64,True,True,transfer_mode=host;workload=tcp-client;relay_node=edge-host-1;iterations=3,2026-05-01T02:15:47.757976,1_WiFi_6,3984,298,24997,0,0,288,4719,850,895,258,357
01-05-2026-direct-precopy-0020,CRIU,precopy,yes,290,49720,3464,303,4057,0.11,x86_64,x86_64,True,True,transfer_mode=direct;workload=tcp-client;iterations=3,2026-05-01T02:16:31.367995,1_WiFi_6,3930,290,22941,0,0,300,2216,1248,0,0,423
01-05-2026-direct-precopy-0021,CRIU,precopy,yes,316,49308,3397,329,4042,0.12,x86_64,x86_64,True,True,transfer_mode=direct;workload=tcp-client;iterations=3,2026-05-01T02:17:15.101177,1_WiFi_6,3927,316,23150,0,0,403,2503,894,0,0,331
01-05-2026-direct-precopy-0022,CRIU,precopy,yes,289,50406,3073,321,3683,0.13,x86_64,x86_64,True,True,transfer_mode=direct;workload=tcp-client;iterations=3,2026-05-01T02:17:58.802066,1_WiFi_6,3935,289,22915,0,0,311,2143,929,0,0,335
01-05-2026-direct-precopy-0023,CRIU,precopy,yes,373,49522,2987,302,3662,0.13,x86_64,x86_64,True,True,transfer_mode=direct;workload=tcp-client;iterations=3,2026-05-01T02:18:42.354604,1_WiFi_6,3968,373,23102,0,0,317,2080,906,0,0,303
01-05-2026-direct-precopy-0024,CRIU,precopy,yes,304,49495,2942,329,3575,0.13,x86_64,x86_64,True,True,transfer_mode=direct;workload=tcp-client;iterations=3,2026-05-01T02:19:26.454542,1_WiFi_6,3956,304,23235,0,0,642,2145,796,0,0,337
01-05-2026-direct-precopy-0025,CRIU,precopy,yes,373,50337,3138,277,3788,0.13,x86_64,x86_64,True,True,transfer_mode=direct;workload=tcp-client;iterations=3,2026-05-01T02:20:10.065032,1_WiFi_6,3933,373,23022,0,0,318,2240,897,0,0,342
01-05-2026-direct-precopy-0026,CRIU,precopy,yes,308,48896,3049,316,3673,0.13,x86_64,x86_64,True,True,transfer_mode=direct;workload=tcp-client;iterations=3,2026-05-01T02:20:54.189695,1_WiFi_6,3916,308,23458,0,0,346,2143,905,0,0,414
01-05-2026-direct-precopy-0027,CRIU,precopy,yes,316,50537,3179,312,3807,0.13,x86_64,x86_64,True,True,transfer_mode=direct;workload=tcp-client;iterations=3,2026-05-01T02:21:38.029098,1_WiFi_6,3928,316,23105,0,0,639,2261,917,0,0,351
01-05-2026-direct-precopy-0028,CRIU,precopy,yes,301,49128,3267,296,3864,0.12,x86_64,x86_64,True,True,transfer_mode=direct;workload=tcp-client;iterations=3,2026-05-01T02:22:21.895639,1_WiFi_6,3914,301,23043,0,0,321,2269,997,0,0,336
01-05-2026-direct-precopy-0029,CRIU,precopy,yes,359,49267,3112,320,3791,0.13,x86_64,x86_64,True,True,transfer_mode=direct;workload=tcp-client;iterations=3,2026-05-01T02:23:05.877497,1_WiFi_6,3946,359,22816,0,0,431,2196,916,0,0,330
01-05-2026-host-postcopy-0020,CRIU,postcopy,yes,770,24604,6818,339,7927,0.03,x86_64,x86_64,True,True,transfer_mode=host;workload=tcp-client;relay_node=edge-host-1;lazy_pages_port=9999,2026-05-01T02:23:50.460871,1_WiFi_6,0,770,23172,4792,2991,654,4716,893,906,302,622
01-05-2026-host-postcopy-0021,CRIU,postcopy,yes,641,24672,6836,331,7808,0.03,x86_64,x86_64,True,True,transfer_mode=host;workload=tcp-client;relay_node=edge-host-1;lazy_pages_port=9999,2026-05-01T02:24:34.085322,1_WiFi_6,0,641,23052,4770,3097,394,4705,934,917,279,317
01-05-2026-host-postcopy-0022,CRIU,postcopy,yes,803,24504,6889,366,8058,0.03,x86_64,x86_64,True,True,transfer_mode=host;workload=tcp-client;relay_node=edge-host-1;lazy_pages_port=9999,2026-05-01T02:25:18.099568,1_WiFi_6,0,803,23082,4844,3097,322,4757,917,931,282,319
01-05-2026-host-postcopy-0023,CRIU,postcopy,yes,714,24584,7159,325,8198,0.03,x86_64,x86_64,True,True,transfer_mode=host;workload=tcp-client;relay_node=edge-host-1;lazy_pages_port=9999,2026-05-01T02:26:02.571463,1_WiFi_6,0,714,23050,4756,3097,358,5013,905,964,275,330
01-05-2026-host-postcopy-0024,CRIU,postcopy,yes,726,24771,7087,324,8137,0.03,x86_64,x86_64,True,True,transfer_mode=host;workload=tcp-client;relay_node=edge-host-1;lazy_pages_port=9999,2026-05-01T02:26:46.552039,1_WiFi_6,0,726,23387,4727,3048,327,4642,1208,943,293,324
01-05-2026-host-postcopy-0025,CRIU,postcopy,yes,766,24499,6726,344,7836,0.03,x86_64,x86_64,True,True,transfer_mode=host;workload=tcp-client;relay_node=edge-host-1;lazy_pages_port=9999,2026-05-01T02:27:30.251387,1_WiFi_6,0,766,22811,4901,2943,326,4632,917,897,279,308
01-05-2026-host-postcopy-0026,CRIU,postcopy,yes,788,24889,7016,361,8165,0.03,x86_64,x86_64,True,True,transfer_mode=host;workload=tcp-client;relay_node=edge-host-1;lazy_pages_port=9999,2026-05-01T02:28:14.779191,1_WiFi_6,0,788,23350,4764,3097,326,4955,902,881,278,316
01-05-2026-host-postcopy-0027,CRIU,postcopy,yes,749,24687,7080,335,8164,0.03,x86_64,x86_64,True,True,transfer_mode=host;workload=tcp-client;relay_node=edge-host-1;lazy_pages_port=9999,2026-05-01T02:28:59.016640,1_WiFi_6,0,749,23793,5085,2975,613,4853,986,940,299,296
01-05-2026-host-postcopy-0028,CRIU,postcopy,yes,829,24809,6900,324,8053,0.03,x86_64,x86_64,True,True,transfer_mode=host;workload=tcp-client;relay_node=edge-host-1;lazy_pages_port=9999,2026-05-01T02:29:42.645039,1_WiFi_6,0,829,22918,4740,3082,324,4726,975,884,313,323
01-05-2026-host-postcopy-0029,CRIU,postcopy,yes,759,24754,6906,345,8010,0.03,x86_64,x86_64,True,True,transfer_mode=host;workload=tcp-client;relay_node=edge-host-1;lazy_pages_port=9999,2026-05-01T02:30:26.939459,1_WiFi_6,0,759,23103,4999,2975,318,4800,916,910,279,328
01-05-2026-direct-postcopy-0020,CRIU,postcopy,yes,773,24735,3106,395,4274,0.06,x86_64,x86_64,True,True,transfer_mode=direct;workload=tcp-client;lazy_pages_port=9999,2026-05-01T02:31:09.157220,1_WiFi_6,0,773,21621,4815,3083,362,2195,910,0,0,344
01-05-2026-direct-postcopy-0021,CRIU,postcopy,yes,805,24634,3175,397,4377,0.06,x86_64,x86_64,True,True,transfer_mode=direct;workload=tcp-client;lazy_pages_port=9999,2026-05-01T02:31:51.408747,1_WiFi_6,0,805,21539,4927,2975,316,2226,948,0,0,289
01-05-2026-direct-postcopy-0022,CRIU,postcopy,yes,774,24603,3235,317,4326,0.06,x86_64,x86_64,True,True,transfer_mode=direct;workload=tcp-client;lazy_pages_port=9999,2026-05-01T02:32:33.719513,1_WiFi_6,0,774,21052,4714,3132,330,2291,943,0,0,348
01-05-2026-direct-postcopy-0023,CRIU,postcopy,yes,731,24713,3150,362,4243,0.06,x86_64,x86_64,True,True,transfer_mode=direct;workload=tcp-client;lazy_pages_port=9999,2026-05-01T02:33:16.189219,1_WiFi_6,0,731,21936,4940,3082,350,2255,895,0,0,335
01-05-2026-direct-postcopy-0024,CRIU,postcopy,yes,724,24768,3158,339,4221,0.06,x86_64,x86_64,True,True,transfer_mode=direct;workload=tcp-client;lazy_pages_port=9999,2026-05-01T02:33:58.025071,1_WiFi_6,0,724,21437,4776,2975,311,2223,935,0,0,324
01-05-2026-direct-postcopy-0025,CRIU,postcopy,yes,774,24589,3163,332,4269,0.06,x86_64,x86_64,True,True,transfer_mode=direct;workload=tcp-client;lazy_pages_port=9999,2026-05-01T02:34:40.231011,1_WiFi_6,0,774,21073,4895,2975,316,2242,920,0,0,328
01-05-2026-direct-postcopy-0026,CRIU,postcopy,yes,792,24853,3128,345,4265,0.06,x86_64,x86_64,True,True,transfer_mode=direct;workload=tcp-client;lazy_pages_port=9999,2026-05-01T02:35:21.969728,1_WiFi_6,0,792,21391,4776,2975,324,2228,900,0,0,311
01-05-2026-direct-postcopy-0027,CRIU,postcopy,yes,740,24803,3039,348,4127,0.07,x86_64,x86_64,True,True,transfer_mode=direct;workload=tcp-client;lazy_pages_port=9999,2026-05-01T02:36:03.527666,1_WiFi_6,0,740,21336,4790,3132,336,2178,861,0,0,302
01-05-2026-direct-postcopy-0028,CRIU,postcopy,yes,753,24795,3091,323,4167,0.06,x86_64,x86_64,True,True,transfer_mode=direct;workload=tcp-client;lazy_pages_port=9999,2026-05-01T02:36:45.635264,1_WiFi_6,0,753,21095,4808,2975,327,2180,910,0,0,341
01-05-2026-direct-postcopy-0029,CRIU,postcopy,yes,772,24618,3182,326,4280,0.06,x86_64,x86_64,True,True,transfer_mode=direct;workload=tcp-client;lazy_pages_port=9999,2026-05-01T02:37:28.231432,1_WiFi_6,0,772,21637,4708,2917,341,2316,865,0,0,290
01-05-2026-host-cold-0030,CRIU,cold,yes,472,28263,6796,517,7785,0.03,x86_64,x86_64,True,True,transfer_mode=host;workload=tcp-client;relay_node=edge-host-1,2026-05-01T02:39:41.769209,1_WiFi_6,0,0,21062,0,0,325,4687,916,918,273,334
01-05-2026-host-cold-0031,CRIU,cold,yes,337,27448,6867,310,7514,0.03,x86_64,x86_64,True,True,transfer_mode=host;workload=tcp-client;relay_node=edge-host-1,2026-05-01T02:40:23.642622,1_WiFi_6,0,0,21063,0,0,326,4784,928,876,278,309
01-05-2026-host-cold-0032,CRIU,cold,yes,312,27543,6983,316,7611,0.03,x86_64,x86_64,True,True,transfer_mode=host;workload=tcp-client;relay_node=edge-host-1,2026-05-01T02:41:04.370251,1_WiFi_6,0,0,20526,0,0,410,4865,939,893,285,305
01-05-2026-host-cold-0033,CRIU,cold,yes,328,27358,6669,306,7303,0.03,x86_64,x86_64,True,True,transfer_mode=host;workload=tcp-client;relay_node=edge-host-1,2026-05-01T02:41:45.591724,1_WiFi_6,0,0,20212,0,0,385,4568,898,921,280,318
01-05-2026-host-cold-0034,CRIU,cold,yes,377,27431,7386,310,8073,0.03,x86_64,x86_64,True,True,transfer_mode=host;workload=tcp-client;relay_node=edge-host-1,2026-05-01T02:42:27.424627,1_WiFi_6,0,0,20940,0,0,292,5306,954,853,273,321
01-05-2026-host-cold-0035,CRIU,cold,yes,319,27489,7014,292,7625,0.03,x86_64,x86_64,True,True,transfer_mode=host;workload=tcp-client;relay_node=edge-host-1,2026-05-01T02:43:08.454567,1_WiFi_6,0,0,20613,0,0,341,4742,975,959,336,321
01-05-2026-host-cold-0036,CRIU,cold,yes,354,27490,6748,311,7413,0.03,x86_64,x86_64,True,True,transfer_mode=host;workload=tcp-client;relay_node=edge-host-1,2026-05-01T02:43:50.527264,1_WiFi_6,0,0,20467,0,0,339,4675,979,842,251,383
01-05-2026-host-cold-0037,CRIU,cold,yes,354,27230,7315,338,8007,0.03,x86_64,x86_64,True,True,transfer_mode=host;workload=tcp-client;relay_node=edge-host-1,2026-05-01T02:44:31.989661,1_WiFi_6,0,0,20896,0,0,302,5254,888,845,327,329
01-05-2026-host-cold-0038,CRIU,cold,yes,327,27223,6890,339,7556,0.03,x86_64,x86_64,True,True,transfer_mode=host;workload=tcp-client;relay_node=edge-host-1,2026-05-01T02:45:12.977168,1_WiFi_6,0,0,20394,0,0,324,4814,930,873,272,314
01-05-2026-host-cold-0039,CRIU,cold,yes,351,27283,6793,297,7441,0.03,x86_64,x86_64,True,True,transfer_mode=host;workload=tcp-client;relay_node=edge-host-1,2026-05-01T02:45:54.469988,1_WiFi_6,0,0,20238,0,0,302,4707,885,919,281,314
01-05-2026-direct-cold-0030,CRIU,cold,yes,343,27524,3189,317,3849,0.07,x86_64,x86_64,True,True,transfer_mode=direct;workload=tcp-client,2026-05-01T02:46:34.418894,1_WiFi_6,0,0,19192,0,0,337,2293,895,0,0,319
01-05-2026-direct-cold-0031,CRIU,cold,yes,328,27314,2893,309,3530,0.08,x86_64,x86_64,True,True,transfer_mode=direct;workload=tcp-client,2026-05-01T02:47:13.657413,1_WiFi_6,0,0,18599,0,0,394,2051,842,0,0,339
01-05-2026-direct-cold-0032,CRIU,cold,yes,359,27329,3212,330,3901,0.07,x86_64,x86_64,True,True,transfer_mode=direct;workload=tcp-client,2026-05-01T02:47:53.992993,1_WiFi_6,0,0,18976,0,0,330,2239,972,0,0,323
01-05-2026-direct-cold-0033,CRIU,cold,yes,342,27509,2974,317,3633,0.07,x86_64,x86_64,True,True,transfer_mode=direct;workload=tcp-client,2026-05-01T02:48:43.906764,1_WiFi_6,0,0,19728,0,0,328,2161,812,0,0,466
01-05-2026-direct-cold-0034,CRIU,cold,yes,362,27282,3128,362,3852,0.07,x86_64,x86_64,True,True,transfer_mode=direct;workload=tcp-client,2026-05-01T02:49:23.211855,1_WiFi_6,0,0,18686,0,0,317,2287,841,0,0,314
01-05-2026-direct-cold-0035,CRIU,cold,yes,335,27475,3165,476,3976,0.07,x86_64,x86_64,True,True,transfer_mode=direct;workload=tcp-client,2026-05-01T02:50:12.641411,1_WiFi_6,0,0,18815,0,0,327,2298,867,0,0,273
01-05-2026-direct-cold-0036,CRIU,cold,yes,371,27361,3171,356,3898,0.07,x86_64,x86_64,True,True,transfer_mode=direct;workload=tcp-client,2026-05-01T02:50:52.852494,1_WiFi_6,0,0,19739,0,0,301,2283,888,0,0,338
01-05-2026-direct-cold-0037,CRIU,cold,yes,324,27533,3058,324,3706,0.07,x86_64,x86_64,True,True,transfer_mode=direct;workload=tcp-client,2026-05-01T02:51:32.082684,1_WiFi_6,0,0,18629,0,0,319,2162,896,0,0,324
01-05-2026-direct-cold-0038,CRIU,cold,yes,346,27518,3038,326,3710,0.07,x86_64,x86_64,True,True,transfer_mode=direct;workload=tcp-client,2026-05-01T02:52:11.681293,1_WiFi_6,0,0,18872,0,0,369,2147,890,0,0,345
01-05-2026-direct-cold-0039,CRIU,cold,yes,327,27589,2926,283,3536,0.08,x86_64,x86_64,True,True,transfer_mode=direct;workload=tcp-client,2026-05-01T02:52:51.023694,1_WiFi_6,0,0,19251,0,0,319,2165,761,0,0,823
01-05-2026-host-precopy-0030,CRIU,precopy,yes,345,49826,6609,392,7346,0.06,x86_64,x86_64,True,True,transfer_mode=host;workload=tcp-client;relay_node=edge-host-1;iterations=3,2026-05-01T02:53:35.799751,1_WiFi_6,3910,345,24306,0,0,345,4601,912,846,249,279
01-05-2026-host-precopy-0031,CRIU,precopy,yes,296,49765,6841,308,7445,0.06,x86_64,x86_64,True,True,transfer_mode=host;workload=tcp-client;relay_node=edge-host-1;iterations=3,2026-05-01T02:54:21.722782,1_WiFi_6,3929,296,24917,0,0,360,4733,910,771,426,340
01-05-2026-host-precopy-0032,CRIU,precopy,yes,308,49385,6694,297,7299,0.06,x86_64,x86_64,True,True,transfer_mode=host;workload=tcp-client;relay_node=edge-host-1;iterations=3,2026-05-01T02:55:07.297063,1_WiFi_6,3973,308,24901,0,0,342,4732,778,913,269,318
01-05-2026-host-precopy-0033,CRIU,precopy,yes,315,49456,6675,311,7301,0.06,x86_64,x86_64,True,True,transfer_mode=host;workload=tcp-client;relay_node=edge-host-1;iterations=3,2026-05-01T02:55:53.001499,1_WiFi_6,4079,315,25000,0,0,309,4588,786,1029,270,309
01-05-2026-host-precopy-0034,CRIU,precopy,yes,311,49942,6940,343,7594,0.06,x86_64,x86_64,True,True,transfer_mode=host;workload=tcp-client;relay_node=edge-host-1;iterations=3,2026-05-01T02:56:38.617683,1_WiFi_6,3930,311,25112,0,0,353,4645,1022,917,355,365
01-05-2026-host-precopy-0035,CRIU,precopy,yes,341,49338,6805,325,7471,0.06,x86_64,x86_64,True,True,transfer_mode=host;workload=tcp-client;relay_node=edge-host-1;iterations=3,2026-05-01T02:57:24.032885,1_WiFi_6,3934,341,24680,0,0,361,4687,933,896,288,319
01-05-2026-host-precopy-0036,CRIU,precopy,yes,347,48901,7210,330,7887,0.05,x86_64,x86_64,True,True,transfer_mode=host;workload=tcp-client;relay_node=edge-host-1;iterations=3,2026-05-01T02:58:10.024930,1_WiFi_6,3962,347,25012,0,0,303,5065,991,876,277,316
01-05-2026-host-precopy-0037,CRIU,precopy,yes,305,49293,6671,367,7343,0.06,x86_64,x86_64,True,True,transfer_mode=host;workload=tcp-client;relay_node=edge-host-1;iterations=3,2026-05-01T02:58:55.437937,1_WiFi_6,3953,305,25036,0,0,662,4522,879,997,271,308
01-05-2026-host-precopy-0038,CRIU,precopy,yes,305,50253,6867,329,7501,0.06,x86_64,x86_64,True,True,transfer_mode=host;workload=tcp-client;relay_node=edge-host-1;iterations=3,2026-05-01T02:59:40.731672,1_WiFi_6,3955,305,24594,0,0,402,4736,905,926,298,322
01-05-2026-host-precopy-0039,CRIU,precopy,yes,297,50029,6695,319,7311,0.06,x86_64,x86_64,True,True,transfer_mode=host;workload=tcp-client;relay_node=edge-host-1;iterations=3,2026-05-01T03:00:26.384838,1_WiFi_6,3960,297,24389,0,0,294,4586,899,929,279,351
01-05-2026-direct-precopy-0030,CRIU,precopy,yes,332,50586,3181,313,3826,0.13,x86_64,x86_64,True,True,transfer_mode=direct;workload=tcp-client;iterations=3,2026-05-01T03:01:10.685214,1_WiFi_6,4114,332,23636,0,0,329,2262,918,0,0,327
01-05-2026-direct-precopy-0031,CRIU,precopy,yes,308,50546,3156,309,3773,0.13,x86_64,x86_64,True,True,transfer_mode=direct;workload=tcp-client;iterations=3,2026-05-01T03:01:54.154759,1_WiFi_6,3906,308,23122,0,0,316,2239,916,0,0,349
01-05-2026-direct-precopy-0032,CRIU,precopy,yes,290,48936,3040,303,3633,0.13,x86_64,x86_64,True,True,transfer_mode=direct;workload=tcp-client;iterations=3,2026-05-01T03:02:37.983395,1_WiFi_6,3876,290,22840,0,0,378,2130,910,0,0,325
01-05-2026-direct-precopy-0033,CRIU,precopy,yes,326,49902,3009,340,3675,0.13,x86_64,x86_64,True,True,transfer_mode=direct;workload=tcp-client;iterations=3,2026-05-01T03:03:22.239566,1_WiFi_6,4040,326,23534,0,0,354,2134,875,0,0,369
01-05-2026-direct-precopy-0034,CRIU,precopy,yes,316,49300,3102,277,3695,0.13,x86_64,x86_64,True,True,transfer_mode=direct;workload=tcp-client;iterations=3,2026-05-01T03:04:05.648857,1_WiFi_6,3993,316,23187,0,0,642,2192,909,0,0,392
01-05-2026-direct-precopy-0035,CRIU,precopy,yes,348,50501,3234,305,3887,0.12,x86_64,x86_64,True,True,transfer_mode=direct;workload=tcp-client;iterations=3,2026-05-01T03:04:50.078382,1_WiFi_6,3905,348,23106,0,0,314,2218,1016,0,0,316
01-05-2026-direct-precopy-0036,CRIU,precopy,yes,316,49031,3242,319,3877,0.12,x86_64,x86_64,True,True,transfer_mode=direct;workload=tcp-client;iterations=3,2026-05-01T03:05:34.113828,1_WiFi_6,3926,316,23578,0,0,318,2311,930,0,0,335
01-05-2026-direct-precopy-0037,CRIU,precopy,yes,302,50402,3188,359,3849,0.13,x86_64,x86_64,True,True,transfer_mode=direct;workload=tcp-client;iterations=3,2026-05-01T03:06:18.325810,1_WiFi_6,3931,302,23832,0,0,336,2318,870,0,0,633
01-05-2026-direct-precopy-0038,CRIU,precopy,yes,298,49418,3107,315,3720,0.13,x86_64,x86_64,True,True,transfer_mode=direct;workload=tcp-client;iterations=3,2026-05-01T03:07:02.069136,1_WiFi_6,4039,298,22928,0,0,319,2181,925,0,0,413
01-05-2026-direct-precopy-0039,CRIU,precopy,yes,297,49246,3176,314,3787,0.12,x86_64,x86_64,True,True,transfer_mode=direct;workload=tcp-client;iterations=3,2026-05-01T03:07:46.884505,1_WiFi_6,3985,297,23461,0,0,409,2250,926,0,0,324
01-05-2026-host-postcopy-0030,CRIU,postcopy,yes,732,24562,7141,342,8215,0.03,x86_64,x86_64,True,True,transfer_mode=host;workload=tcp-client;relay_node=edge-host-1;lazy_pages_port=9999,2026-05-01T03:08:30.829885,1_WiFi_6,0,732,23012,4809,2943,311,5135,907,822,275,329
01-05-2026-host-postcopy-0031,CRIU,postcopy,yes,887,24676,7100,318,8305,0.03,x86_64,x86_64,True,True,transfer_mode=host;workload=tcp-client;relay_node=edge-host-1;lazy_pages_port=9999,2026-05-01T03:09:15.101734,1_WiFi_6,0,887,23407,4734,2992,336,4704,1234,877,284,322
01-05-2026-host-postcopy-0032,CRIU,postcopy,yes,720,24648,6803,346,7869,0.03,x86_64,x86_64,True,True,transfer_mode=host;workload=tcp-client;relay_node=edge-host-1;lazy_pages_port=9999,2026-05-01T03:09:58.610381,1_WiFi_6,0,720,22811,4807,3097,322,4742,897,896,266,317
01-05-2026-host-postcopy-0033,CRIU,postcopy,yes,803,24776,6870,356,8029,0.03,x86_64,x86_64,True,True,transfer_mode=host;workload=tcp-client;relay_node=edge-host-1;lazy_pages_port=9999,2026-05-01T03:10:42.642915,1_WiFi_6,0,803,23335,4860,3098,305,4750,891,889,339,307
01-05-2026-host-postcopy-0034,CRIU,postcopy,yes,769,24820,7070,362,8201,0.03,x86_64,x86_64,True,True,transfer_mode=host;workload=tcp-client;relay_node=edge-host-1;lazy_pages_port=9999,2026-05-01T03:11:26.708416,1_WiFi_6,0,769,23742,5088,3048,659,4965,922,894,287,339
01-05-2026-host-postcopy-0035,CRIU,postcopy,yes,799,24785,7038,322,8159,0.03,x86_64,x86_64,True,True,transfer_mode=host;workload=tcp-client;relay_node=edge-host-1;lazy_pages_port=9999,2026-05-01T03:12:09.852139,1_WiFi_6,0,799,23216,4732,2943,325,4836,941,907,352,318
01-05-2026-host-postcopy-0036,CRIU,postcopy,yes,856,24513,6922,354,8132,0.03,x86_64,x86_64,True,True,transfer_mode=host;workload=tcp-client;relay_node=edge-host-1;lazy_pages_port=9999,2026-05-01T03:12:53.580804,1_WiFi_6,0,856,22603,4722,2886,278,4858,897,912,253,316
01-05-2026-host-postcopy-0037,CRIU,postcopy,yes,729,24562,6735,327,7791,0.03,x86_64,x86_64,True,True,transfer_mode=host;workload=tcp-client;relay_node=edge-host-1;lazy_pages_port=9999,2026-05-01T03:13:37.373818,1_WiFi_6,0,729,22846,4715,2975,299,4626,945,887,275,318
01-05-2026-host-postcopy-0038,CRIU,postcopy,yes,826,24561,6716,328,7870,0.03,x86_64,x86_64,True,True,transfer_mode=host;workload=tcp-client;relay_node=edge-host-1;lazy_pages_port=9999,2026-05-01T03:14:31.043622,1_WiFi_6,0,826,22916,4727,2975,671,4627,901,909,277,309
01-05-2026-host-postcopy-0039,CRIU,postcopy,yes,664,24850,6699,319,7682,0.03,x86_64,x86_64,True,True,transfer_mode=host;workload=tcp-client;relay_node=edge-host-1;lazy_pages_port=9999,2026-05-01T03:15:14.907477,1_WiFi_6,0,664,22994,5243,3082,331,4681,828,913,276,333
01-05-2026-direct-postcopy-0030,CRIU,postcopy,yes,750,24892,3128,348,4226,0.06,x86_64,x86_64,True,True,transfer_mode=direct;workload=tcp-client;lazy_pages_port=9999,2026-05-01T03:15:57.186914,1_WiFi_6,0,750,21433,4877,2975,315,2211,916,0,0,332
01-05-2026-direct-postcopy-0031,CRIU,postcopy,yes,752,24603,3096,336,4184,0.06,x86_64,x86_64,True,True,transfer_mode=direct;workload=tcp-client;lazy_pages_port=9999,2026-05-01T03:16:39.484166,1_WiFi_6,0,752,21338,4801,3240,345,2229,867,0,0,342
01-05-2026-direct-postcopy-0032,CRIU,postcopy,yes,712,24553,3120,338,4170,0.06,x86_64,x86_64,True,True,transfer_mode=direct;workload=tcp-client;lazy_pages_port=9999,2026-05-01T03:17:21.400401,1_WiFi_6,0,712,21249,5080,2974,328,2155,964,0,0,305
01-05-2026-direct-postcopy-0033,CRIU,postcopy,yes,722,24653,3139,365,4226,0.06,x86_64,x86_64,True,True,transfer_mode=direct;workload=tcp-client;lazy_pages_port=9999,2026-05-01T03:18:02.796267,1_WiFi_6,0,722,21050,4737,3025,325,2245,893,0,0,309
01-05-2026-direct-postcopy-0034,CRIU,postcopy,yes,754,24586,3085,309,4148,0.06,x86_64,x86_64,True,True,transfer_mode=direct;workload=tcp-client;lazy_pages_port=9999,2026-05-01T03:18:44.863187,1_WiFi_6,0,754,21233,5006,2975,327,2160,925,0,0,356
01-05-2026-direct-postcopy-0035,CRIU,postcopy,yes,752,24606,3114,349,4215,0.06,x86_64,x86_64,True,True,transfer_mode=direct;workload=tcp-client;lazy_pages_port=9999,2026-05-01T03:19:26.790399,1_WiFi_6,0,752,21536,4979,3082,359,2217,896,0,0,303
01-05-2026-direct-postcopy-0036,CRIU,postcopy,yes,708,24606,3035,338,4081,0.06,x86_64,x86_64,True,True,transfer_mode=direct;workload=tcp-client;lazy_pages_port=9999,2026-05-01T03:20:08.193956,1_WiFi_6,0,708,20888,4717,3082,336,2129,906,0,0,307
01-05-2026-direct-postcopy-0037,CRIU,postcopy,yes,720,24643,3182,348,4250,0.06,x86_64,x86_64,True,True,transfer_mode=direct;workload=tcp-client;lazy_pages_port=9999,2026-05-01T03:20:50.295194,1_WiFi_6,0,720,21131,5022,2867,315,2278,903,0,0,308
01-05-2026-direct-postcopy-0038,CRIU,postcopy,yes,704,24652,3076,334,4114,0.06,x86_64,x86_64,True,True,transfer_mode=direct;workload=tcp-client;lazy_pages_port=9999,2026-05-01T03:21:32.322340,1_WiFi_6,0,704,21452,5082,2917,323,2181,895,0,0,295
01-05-2026-direct-postcopy-0039,CRIU,postcopy,yes,728,24574,3083,347,4158,0.06,x86_64,x86_64,True,True,transfer_mode=direct;workload=tcp-client;lazy_pages_port=9999,2026-05-01T03:22:13.866801,1_WiFi_6,0,728,21004,4794,2975,308,2159,923,0,0,343
01-05-2026-host-cold-0040,CRIU,cold,yes,439,28142,7477,436,8352,0.03,x86_64,x86_64,True,True,transfer_mode=host;workload=tcp-client;relay_node=edge-host-1,2026-05-01T08:21:01.194196,2_5G,0,0,21904,0,0,320,4851,1205,1143,276,312
01-05-2026-host-cold-0041,CRIU,cold,yes,316,27285,7510,299,8125,0.03,x86_64,x86_64,True,True,transfer_mode=host;workload=tcp-client;relay_node=edge-host-1,2026-05-01T08:21:43.466436,2_5G,0,0,21629,0,0,318,5064,1053,984,408,310
01-05-2026-host-cold-0042,CRIU,cold,yes,343,27377,7531,334,8208,0.03,x86_64,x86_64,True,True,transfer_mode=host;workload=tcp-client;relay_node=edge-host-1,2026-05-01T08:22:25.246881,2_5G,0,0,21376,0,0,341,5006,1126,1117,280,311
01-05-2026-host-cold-0043,CRIU,cold,yes,340,27429,7490,324,8154,0.03,x86_64,x86_64,True,True,transfer_mode=host;workload=tcp-client;relay_node=edge-host-1,2026-05-01T08:23:07.228783,2_5G,0,0,20976,0,0,312,4939,1092,1175,282,339
01-05-2026-host-cold-0044,CRIU,cold,yes,292,27210,7796,306,8394,0.03,x86_64,x86_64,True,True,transfer_mode=host;workload=tcp-client;relay_node=edge-host-1,2026-05-01T08:23:49.406454,2_5G,0,0,21342,0,0,344,5267,1103,1149,276,355
01-05-2026-host-cold-0045,CRIU,cold,yes,396,27469,7418,315,8129,0.03,x86_64,x86_64,True,True,transfer_mode=host;workload=tcp-client;relay_node=edge-host-1,2026-05-01T08:24:31.074421,2_5G,0,0,21287,0,0,312,4902,1107,1117,290,313
01-05-2026-host-cold-0046,CRIU,cold,yes,333,27181,7489,308,8130,0.03,x86_64,x86_64,True,True,transfer_mode=host;workload=tcp-client;relay_node=edge-host-1,2026-05-01T08:25:12.949896,2_5G,0,0,20936,0,0,295,4991,1106,1116,275,318
01-05-2026-host-cold-0047,CRIU,cold,yes,330,27379,7644,310,8284,0.03,x86_64,x86_64,True,True,transfer_mode=host;workload=tcp-client;relay_node=edge-host-1,2026-05-01T08:25:54.831207,2_5G,0,0,21289,0,0,329,5183,1136,1068,255,321
01-05-2026-host-cold-0048,CRIU,cold,yes,340,27234,7432,308,8080,0.03,x86_64,x86_64,True,True,transfer_mode=host;workload=tcp-client;relay_node=edge-host-1,2026-05-01T08:26:36.759898,2_5G,0,0,21323,0,0,304,4900,1081,989,461,300
01-05-2026-host-cold-0049,CRIU,cold,yes,322,27311,7826,286,8434,0.03,x86_64,x86_64,True,True,transfer_mode=host;workload=tcp-client;relay_node=edge-host-1,2026-05-01T08:27:19.675527,2_5G,0,0,21609,0,0,368,5341,1156,1063,264,307
01-05-2026-direct-cold-0040,CRIU,cold,yes,338,27221,3330,295,3963,0.07,x86_64,x86_64,True,True,transfer_mode=direct;workload=tcp-client,2026-05-01T08:28:00.187006,2_5G,0,0,19322,0,0,319,2308,1022,0,0,354
01-05-2026-direct-cold-0041,CRIU,cold,yes,310,27229,3576,293,4179,0.06,x86_64,x86_64,True,True,transfer_mode=direct;workload=tcp-client,2026-05-01T08:28:39.293613,2_5G,0,0,19082,0,0,332,2403,1172,0,0,342
01-05-2026-direct-cold-0042,CRIU,cold,yes,332,27231,3506,402,4240,0.06,x86_64,x86_64,True,True,transfer_mode=direct;workload=tcp-client,2026-05-01T08:29:19.593439,2_5G,0,0,18939,0,0,305,2373,1133,0,0,327
01-05-2026-direct-cold-0043,CRIU,cold,yes,363,27505,3461,345,4169,0.06,x86_64,x86_64,True,True,transfer_mode=direct;workload=tcp-client,2026-05-01T08:29:59.957373,2_5G,0,0,20053,0,0,327,2351,1109,0,0,367
01-05-2026-direct-cold-0044,CRIU,cold,yes,337,27494,3383,323,4043,0.07,x86_64,x86_64,True,True,transfer_mode=direct;workload=tcp-client,2026-05-01T08:30:39.256151,2_5G,0,0,18928,0,0,330,2305,1077,0,0,296
01-05-2026-direct-cold-0045,CRIU,cold,yes,339,27525,3531,348,4218,0.06,x86_64,x86_64,True,True,transfer_mode=direct;workload=tcp-client,2026-05-01T08:31:19.632661,2_5G,0,0,19169,0,0,331,2414,1116,0,0,316
01-05-2026-direct-cold-0046,CRIU,cold,yes,328,27355,3469,320,4117,0.06,x86_64,x86_64,True,True,transfer_mode=direct;workload=tcp-client,2026-05-01T08:31:59.817453,2_5G,0,0,19873,0,0,344,2339,1129,0,0,305
01-05-2026-direct-cold-0047,CRIU,cold,yes,337,27391,3547,325,4209,0.06,x86_64,x86_64,True,True,transfer_mode=direct;workload=tcp-client,2026-05-01T08:32:39.965254,2_5G,0,0,19289,0,0,465,2432,1114,0,0,372
01-05-2026-direct-cold-0048,CRIU,cold,yes,331,27536,3566,289,4186,0.06,x86_64,x86_64,True,True,transfer_mode=direct;workload=tcp-client,2026-05-01T08:33:20.319662,2_5G,0,0,19447,0,0,322,2459,1107,0,0,319
01-05-2026-direct-cold-0049,CRIU,cold,yes,640,27301,3629,307,4576,0.06,x86_64,x86_64,True,True,transfer_mode=direct;workload=tcp-client,2026-05-01T08:34:00.200978,2_5G,0,0,19709,0,0,326,2523,1106,0,0,327
01-05-2026-host-precopy-0040,CRIU,precopy,yes,338,50364,7507,374,8219,0.05,x86_64,x86_64,True,True,transfer_mode=host;workload=tcp-client;relay_node=edge-host-1;iterations=3,2026-05-01T08:34:46.361613,2_5G,3918,338,25198,0,0,330,4857,1234,1136,279,324
01-05-2026-host-precopy-0041,CRIU,precopy,yes,306,50409,7808,322,8436,0.05,x86_64,x86_64,True,True,transfer_mode=host;workload=tcp-client;relay_node=edge-host-1;iterations=3,2026-05-01T08:35:32.802124,2_5G,3941,306,25600,0,0,306,5229,1155,1141,281,306
01-05-2026-host-precopy-0042,CRIU,precopy,yes,317,50327,7655,297,8269,0.05,x86_64,x86_64,True,True,transfer_mode=host;workload=tcp-client;relay_node=edge-host-1;iterations=3,2026-05-01T08:36:19.236390,2_5G,3942,317,25769,0,0,340,5035,1161,1203,255,356
01-05-2026-host-precopy-0043,CRIU,precopy,yes,319,49284,7859,419,8597,0.05,x86_64,x86_64,True,True,transfer_mode=host;workload=tcp-client;relay_node=edge-host-1;iterations=3,2026-05-01T08:37:06.086818,2_5G,3931,319,26127,0,0,638,5340,1106,1135,276,287
01-05-2026-host-precopy-0044,CRIU,precopy,yes,309,49377,7502,345,8156,0.05,x86_64,x86_64,True,True,transfer_mode=host;workload=tcp-client;relay_node=edge-host-1;iterations=3,2026-05-01T08:37:52.151997,2_5G,3976,309,25589,0,0,320,4899,1160,993,449,311
01-05-2026-host-precopy-0045,CRIU,precopy,yes,334,50479,7595,351,8280,0.05,x86_64,x86_64,True,True,transfer_mode=host;workload=tcp-client;relay_node=edge-host-1;iterations=3,2026-05-01T08:38:39.201867,2_5G,4024,334,25906,0,0,314,5062,1124,1118,289,326
01-05-2026-host-precopy-0046,CRIU,precopy,yes,285,50544,7752,308,8345,0.05,x86_64,x86_64,True,True,transfer_mode=host;workload=tcp-client;relay_node=edge-host-1;iterations=3,2026-05-01T08:39:35.506991,2_5G,3930,285,25741,0,0,328,5114,1169,1190,277,397
01-05-2026-host-precopy-0047,CRIU,precopy,yes,323,50546,7417,306,8046,0.05,x86_64,x86_64,True,True,transfer_mode=host;workload=tcp-client;relay_node=edge-host-1;iterations=3,2026-05-01T08:40:22.302300,2_5G,4117,323,25761,0,0,328,4885,1100,1148,282,366
01-05-2026-host-precopy-0048,CRIU,precopy,yes,320,49341,7487,329,8136,0.05,x86_64,x86_64,True,True,transfer_mode=host;workload=tcp-client;relay_node=edge-host-1;iterations=3,2026-05-01T08:41:08.990007,2_5G,3930,320,26283,0,0,654,4981,1140,1078,286,343
01-05-2026-host-precopy-0049,CRIU,precopy,yes,295,50242,7715,327,8337,0.05,x86_64,x86_64,True,True,transfer_mode=host;workload=tcp-client;relay_node=edge-host-1;iterations=3,2026-05-01T08:41:55.214602,2_5G,4022,295,25889,0,0,319,5100,1177,1153,284,365
01-05-2026-direct-precopy-0040,CRIU,precopy,yes,351,50580,3386,312,4049,0.12,x86_64,x86_64,True,True,transfer_mode=direct;workload=tcp-client;iterations=3,2026-05-01T08:42:39.761338,2_5G,3918,351,23478,0,0,335,2281,1104,0,0,352
01-05-2026-direct-precopy-0041,CRIU,precopy,yes,308,50619,3554,319,4181,0.11,x86_64,x86_64,True,True,transfer_mode=direct;workload=tcp-client;iterations=3,2026-05-01T08:43:24.528872,2_5G,3917,308,23779,0,0,345,2405,1148,0,0,311
01-05-2026-direct-precopy-0042,CRIU,precopy,yes,303,50036,3400,364,4067,0.12,x86_64,x86_64,True,True,transfer_mode=direct;workload=tcp-client;iterations=3,2026-05-01T08:44:09.288530,2_5G,3980,303,24131,0,0,301,2290,1110,0,0,319
01-05-2026-direct-precopy-0043,CRIU,precopy,yes,319,49163,3490,303,4112,0.11,x86_64,x86_64,True,True,transfer_mode=direct;workload=tcp-client;iterations=3,2026-05-01T08:44:53.217734,2_5G,3894,319,23542,0,0,337,2328,1161,0,0,312
01-05-2026-direct-precopy-0044,CRIU,precopy,yes,302,49207,3504,337,4143,0.11,x86_64,x86_64,True,True,transfer_mode=direct;workload=tcp-client;iterations=3,2026-05-01T08:45:38.021563,2_5G,4039,302,23457,0,0,298,2314,1189,0,0,319
01-05-2026-direct-precopy-0045,CRIU,precopy,yes,320,50098,3740,321,4381,0.11,x86_64,x86_64,True,True,transfer_mode=direct;workload=tcp-client;iterations=3,2026-05-01T08:46:23.214636,2_5G,4020,320,24512,0,0,693,2604,1135,0,0,332
01-05-2026-direct-precopy-0046,CRIU,precopy,yes,297,49208,3571,330,4198,0.11,x86_64,x86_64,True,True,transfer_mode=direct;workload=tcp-client;iterations=3,2026-05-01T08:47:07.147615,2_5G,3957,297,23430,0,0,336,2408,1163,0,0,335
01-05-2026-direct-precopy-0047,CRIU,precopy,yes,299,49082,3422,373,4094,0.11,x86_64,x86_64,True,True,transfer_mode=direct;workload=tcp-client;iterations=3,2026-05-01T08:47:51.645498,2_5G,3926,299,23354,0,0,335,2278,1143,0,0,324
01-05-2026-direct-precopy-0048,CRIU,precopy,yes,292,48847,3363,321,3976,0.12,x86_64,x86_64,True,True,transfer_mode=direct;workload=tcp-client;iterations=3,2026-05-01T08:48:36.402050,2_5G,4108,292,24058,0,0,389,2257,1105,0,0,327
01-05-2026-direct-precopy-0049,CRIU,precopy,yes,322,49216,3750,350,4422,0.10,x86_64,x86_64,True,True,transfer_mode=direct;workload=tcp-client;iterations=3,2026-05-01T08:49:21.094381,2_5G,4009,322,24076,0,0,321,2600,1149,0,0,337
01-05-2026-host-postcopy-0040,CRIU,postcopy,yes,729,24563,7480,403,8612,0.03,x86_64,x86_64,True,True,transfer_mode=host;workload=tcp-client;relay_node=edge-host-1;lazy_pages_port=9999,2026-05-01T08:50:05.509759,2_5G,0,729,23541,4925,2943,424,4911,1134,1145,289,309
01-05-2026-host-postcopy-0041,CRIU,postcopy,yes,744,24837,7851,389,8984,0.03,x86_64,x86_64,True,True,transfer_mode=host;workload=tcp-client;relay_node=edge-host-1;lazy_pages_port=9999,2026-05-01T08:50:50.355746,2_5G,0,744,23802,4792,3098,330,4846,1079,1339,585,307
01-05-2026-host-postcopy-0042,CRIU,postcopy,yes,739,24794,7745,385,8869,0.03,x86_64,x86_64,True,True,transfer_mode=host;workload=tcp-client;relay_node=edge-host-1;lazy_pages_port=9999,2026-05-01T08:51:34.906596,2_5G,0,739,23937,4889,2943,649,4900,1174,1389,280,315
01-05-2026-host-postcopy-0043,CRIU,postcopy,yes,719,24543,7416,381,8516,0.03,x86_64,x86_64,True,True,transfer_mode=host;workload=tcp-client;relay_node=edge-host-1;lazy_pages_port=9999,2026-05-01T08:52:18.911582,2_5G,0,719,23171,4842,2943,318,4863,1159,1120,273,302
01-05-2026-host-postcopy-0044,CRIU,postcopy,yes,760,24774,7463,364,8587,0.03,x86_64,x86_64,True,True,transfer_mode=host;workload=tcp-client;relay_node=edge-host-1;lazy_pages_port=9999,2026-05-01T08:53:03.391578,2_5G,0,760,23667,4806,2943,343,4868,1155,1162,277,329
01-05-2026-host-postcopy-0045,CRIU,postcopy,yes,758,24566,7513,364,8635,0.03,x86_64,x86_64,True,True,transfer_mode=host;workload=tcp-client;relay_node=edge-host-1;lazy_pages_port=9999,2026-05-01T08:53:47.777155,2_5G,0,758,23792,4812,2943,360,4991,1131,1127,262,309
01-05-2026-host-postcopy-0046,CRIU,postcopy,yes,749,24664,7743,509,9001,0.03,x86_64,x86_64,True,True,transfer_mode=host;workload=tcp-client;relay_node=edge-host-1;lazy_pages_port=9999,2026-05-01T08:54:33.057090,2_5G,0,749,24285,5234,3048,281,4890,1478,1093,280,315
01-05-2026-host-postcopy-0047,CRIU,postcopy,yes,797,24528,7452,400,8649,0.03,x86_64,x86_64,True,True,transfer_mode=host;workload=tcp-client;relay_node=edge-host-1;lazy_pages_port=9999,2026-05-01T08:55:17.439922,2_5G,0,797,23651,4854,3025,290,4867,1234,1092,258,308
01-05-2026-host-postcopy-0048,CRIU,postcopy,yes,703,24645,7902,376,8981,0.02,x86_64,x86_64,True,True,transfer_mode=host;workload=tcp-client;relay_node=edge-host-1;lazy_pages_port=9999,2026-05-01T08:56:02.151373,2_5G,0,703,23742,4807,3133,310,5004,1138,1477,282,296
01-05-2026-host-postcopy-0049,CRIU,postcopy,yes,740,24849,7657,384,8781,0.03,x86_64,x86_64,True,True,transfer_mode=host;workload=tcp-client;relay_node=edge-host-1;lazy_pages_port=9999,2026-05-01T08:56:46.525845,2_5G,0,740,23951,4765,3083,720,4784,1132,1464,276,373
01-05-2026-direct-postcopy-0040,CRIU,postcopy,yes,778,24635,3414,370,4562,0.06,x86_64,x86_64,True,True,transfer_mode=direct;workload=tcp-client;lazy_pages_port=9999,2026-05-01T08:57:28.672410,2_5G,0,778,21254,4715,3133,301,2341,1072,0,0,320
01-05-2026-direct-postcopy-0041,CRIU,postcopy,yes,728,24604,3382,372,4482,0.06,x86_64,x86_64,True,True,transfer_mode=direct;workload=tcp-client;lazy_pages_port=9999,2026-05-01T08:58:11.386359,2_5G,0,728,21671,4772,2974,319,2326,1056,0,0,403
01-05-2026-direct-postcopy-0042,CRIU,postcopy,yes,739,24583,3392,354,4485,0.06,x86_64,x86_64,True,True,transfer_mode=direct;workload=tcp-client;lazy_pages_port=9999,2026-05-01T08:59:03.468348,2_5G,0,739,22179,5054,3025,344,2312,1080,0,0,316
01-05-2026-direct-postcopy-0043,CRIU,postcopy,yes,746,24484,3429,384,4559,0.06,x86_64,x86_64,True,True,transfer_mode=direct;workload=tcp-client;lazy_pages_port=9999,2026-05-01T08:59:45.756302,2_5G,0,746,21849,5098,2975,320,2353,1075,0,0,302
01-05-2026-direct-postcopy-0044,CRIU,postcopy,yes,694,24771,3293,380,4367,0.06,x86_64,x86_64,True,True,transfer_mode=direct;workload=tcp-client;lazy_pages_port=9999,2026-05-01T09:00:27.907812,2_5G,0,694,21354,4856,2975,348,2191,1101,0,0,322
01-05-2026-direct-postcopy-0045,CRIU,postcopy,yes,762,24782,3507,407,4676,0.06,x86_64,x86_64,True,True,transfer_mode=direct;workload=tcp-client;lazy_pages_port=9999,2026-05-01T09:01:10.740643,2_5G,0,762,21925,5175,2975,396,2374,1132,0,0,287
01-05-2026-direct-postcopy-0046,CRIU,postcopy,yes,753,24921,3452,383,4588,0.06,x86_64,x86_64,True,True,transfer_mode=direct;workload=tcp-client;lazy_pages_port=9999,2026-05-01T09:01:53.741849,2_5G,0,753,22355,5147,3082,340,2318,1134,0,0,312
01-05-2026-direct-postcopy-0047,CRIU,postcopy,yes,743,24748,3493,369,4605,0.06,x86_64,x86_64,True,True,transfer_mode=direct;workload=tcp-client;lazy_pages_port=9999,2026-05-01T09:02:36.388780,2_5G,0,743,21659,4904,2975,316,2337,1156,0,0,310
01-05-2026-direct-postcopy-0048,CRIU,postcopy,yes,878,24832,3689,361,4928,0.05,x86_64,x86_64,True,True,transfer_mode=direct;workload=tcp-client;lazy_pages_port=9999,2026-05-01T09:03:19.881610,2_5G,0,878,22403,5113,2975,419,2459,1230,0,0,344
01-05-2026-direct-postcopy-0049,CRIU,postcopy,yes,724,24755,3478,377,4579,0.06,x86_64,x86_64,True,True,transfer_mode=direct;workload=tcp-client;lazy_pages_port=9999,2026-05-01T09:04:02.443848,2_5G,0,724,21999,5141,2975,332,2377,1100,0,0,310
01-05-2026-host-cold-0050,CRIU,cold,yes,425,28047,7459,399,8283,0.03,x86_64,x86_64,True,True,transfer_mode=host;workload=tcp-client;relay_node=edge-host-1,2026-05-01T09:06:17.276668,2_5G,0,0,21703,0,0,320,4953,1151,1062,292,315
01-05-2026-host-cold-0051,CRIU,cold,yes,333,27468,7562,295,8190,0.03,x86_64,x86_64,True,True,transfer_mode=host;workload=tcp-client;relay_node=edge-host-1,2026-05-01T09:06:59.756411,2_5G,0,0,21855,0,0,334,5049,1124,1107,281,318
01-05-2026-host-cold-0052,CRIU,cold,yes,349,27323,7519,339,8207,0.03,x86_64,x86_64,True,True,transfer_mode=host;workload=tcp-client;relay_node=edge-host-1,2026-05-01T09:07:41.474312,2_5G,0,0,21341,0,0,320,4958,1104,1149,306,302
01-05-2026-host-cold-0053,CRIU,cold,yes,310,27341,7488,331,8129,0.03,x86_64,x86_64,True,True,transfer_mode=host;workload=tcp-client;relay_node=edge-host-1,2026-05-01T09:08:23.265849,2_5G,0,0,20939,0,0,310,4967,1086,1153,281,336
01-05-2026-host-cold-0054,CRIU,cold,yes,349,27301,7257,328,7934,0.03,x86_64,x86_64,True,True,transfer_mode=host;workload=tcp-client;relay_node=edge-host-1,2026-05-01T09:09:05.983550,2_5G,0,0,21230,0,0,347,4768,1091,1112,284,339
01-05-2026-host-cold-0055,CRIU,cold,yes,338,27451,7545,311,8194,0.03,x86_64,x86_64,True,True,transfer_mode=host;workload=tcp-client;relay_node=edge-host-1,2026-05-01T09:09:47.810976,2_5G,0,0,21407,0,0,316,5080,1158,1022,284,346
01-05-2026-host-cold-0056,CRIU,cold,yes,325,27285,7486,340,8151,0.03,x86_64,x86_64,True,True,transfer_mode=host;workload=tcp-client;relay_node=edge-host-1,2026-05-01T09:10:29.625084,2_5G,0,0,20957,0,0,316,4967,1136,1124,257,331
01-05-2026-host-cold-0057,CRIU,cold,yes,325,27235,7545,349,8219,0.03,x86_64,x86_64,True,True,transfer_mode=host;workload=tcp-client;relay_node=edge-host-1,2026-05-01T09:11:12.416117,2_5G,0,0,21370,0,0,351,5041,1113,1135,254,319
01-05-2026-host-cold-0058,CRIU,cold,yes,376,27175,7440,307,8123,0.03,x86_64,x86_64,True,True,transfer_mode=host;workload=tcp-client;relay_node=edge-host-1,2026-05-01T09:11:54.402243,2_5G,0,0,21331,0,0,346,4921,1112,1131,274,311
01-05-2026-host-cold-0059,CRIU,cold,yes,350,27205,7575,313,8238,0.03,x86_64,x86_64,True,True,transfer_mode=host;workload=tcp-client;relay_node=edge-host-1,2026-05-01T09:12:36.837697,2_5G,0,0,21130,0,0,329,5037,1147,1109,281,395
01-05-2026-direct-cold-0050,CRIU,cold,yes,326,27162,3429,315,4070,0.06,x86_64,x86_64,True,True,transfer_mode=direct;workload=tcp-client,2026-05-01T09:13:17.464095,2_5G,0,0,19409,0,0,321,2325,1104,0,0,312
01-05-2026-direct-cold-0051,CRIU,cold,yes,352,27394,3300,318,3970,0.07,x86_64,x86_64,True,True,transfer_mode=direct;workload=tcp-client,2026-05-01T09:13:56.777442,2_5G,0,0,19019,0,0,306,2133,1167,0,0,297
01-05-2026-direct-cold-0052,CRIU,cold,yes,314,27325,3436,327,4077,0.06,x86_64,x86_64,True,True,transfer_mode=direct;workload=tcp-client,2026-05-01T09:14:36.949113,2_5G,0,0,19010,0,0,323,2339,1097,0,0,312
01-05-2026-direct-cold-0053,CRIU,cold,yes,376,27378,3517,308,4201,0.06,x86_64,x86_64,True,True,transfer_mode=direct;workload=tcp-client,2026-05-01T09:15:17.057303,2_5G,0,0,19954,0,0,319,2379,1138,0,0,365
01-05-2026-direct-cold-0054,CRIU,cold,yes,337,27267,3483,413,4233,0.06,x86_64,x86_64,True,True,transfer_mode=direct;workload=tcp-client,2026-05-01T09:15:56.360005,2_5G,0,0,19137,0,0,317,2380,1102,0,0,315
01-05-2026-direct-cold-0055,CRIU,cold,yes,335,27394,3420,332,4087,0.06,x86_64,x86_64,True,True,transfer_mode=direct;workload=tcp-client,2026-05-01T09:16:36.930288,2_5G,0,0,18947,0,0,327,2293,1126,0,0,295
01-05-2026-direct-cold-0056,CRIU,cold,yes,342,27295,3502,316,4160,0.06,x86_64,x86_64,True,True,transfer_mode=direct;workload=tcp-client,2026-05-01T09:17:17.146072,2_5G,0,0,19764,0,0,309,2369,1133,0,0,306
01-05-2026-direct-cold-0057,CRIU,cold,yes,343,27221,3481,336,4160,0.06,x86_64,x86_64,True,True,transfer_mode=direct;workload=tcp-client,2026-05-01T09:17:57.006588,2_5G,0,0,18947,0,0,333,2383,1097,0,0,315
01-05-2026-direct-cold-0058,CRIU,cold,yes,329,27401,3374,315,4018,0.06,x86_64,x86_64,True,True,transfer_mode=direct;workload=tcp-client,2026-05-01T09:18:37.819993,2_5G,0,0,19323,0,0,361,2260,1113,0,0,298
01-05-2026-direct-cold-0059,CRIU,cold,yes,306,27218,3858,317,4481,0.06,x86_64,x86_64,True,True,transfer_mode=direct;workload=tcp-client,2026-05-01T09:19:17.502262,2_5G,0,0,19554,0,0,326,2424,1433,0,0,296
01-05-2026-host-precopy-0050,CRIU,precopy,yes,298,49059,7581,317,8196,0.05,x86_64,x86_64,True,True,transfer_mode=host;workload=tcp-client;relay_node=edge-host-1;iterations=3,2026-05-01T09:20:03.910111,2_5G,3906,298,25459,0,0,340,5016,1152,1149,262,307
01-05-2026-host-precopy-0051,CRIU,precopy,yes,282,49724,7806,306,8394,0.05,x86_64,x86_64,True,True,transfer_mode=host;workload=tcp-client;relay_node=edge-host-1;iterations=3,2026-05-01T09:20:50.722255,2_5G,3999,282,25566,0,0,333,5148,1188,1206,263,332
01-05-2026-host-precopy-0052,CRIU,precopy,yes,305,50237,7626,334,8265,0.05,x86_64,x86_64,True,True,transfer_mode=host;workload=tcp-client;relay_node=edge-host-1;iterations=3,2026-05-01T09:21:37.033283,2_5G,4058,305,25735,0,0,345,5058,1082,1138,346,305
01-05-2026-host-precopy-0053,CRIU,precopy,yes,291,49200,7955,307,8553,0.05,x86_64,x86_64,True,True,transfer_mode=host;workload=tcp-client;relay_node=edge-host-1;iterations=3,2026-05-01T09:22:24.384626,2_5G,3905,291,26371,0,0,324,5296,1201,1145,312,393
01-05-2026-host-precopy-0054,CRIU,precopy,yes,457,50555,7682,315,8454,0.05,x86_64,x86_64,True,True,transfer_mode=host;workload=tcp-client;relay_node=edge-host-1;iterations=3,2026-05-01T09:23:10.446421,2_5G,3902,457,25680,0,0,380,5115,1142,1153,271,296
01-05-2026-host-precopy-0055,CRIU,precopy,yes,308,49768,7391,322,8021,0.05,x86_64,x86_64,True,True,transfer_mode=host;workload=tcp-client;relay_node=edge-host-1;iterations=3,2026-05-01T09:23:56.980131,2_5G,3877,308,25481,0,0,312,4868,1172,1086,264,319
01-05-2026-host-precopy-0056,CRIU,precopy,yes,324,49719,7540,329,8193,0.05,x86_64,x86_64,True,True,transfer_mode=host;workload=tcp-client;relay_node=edge-host-1;iterations=3,2026-05-01T09:24:43.264645,2_5G,4007,324,25227,0,0,332,4901,1169,1135,334,322
01-05-2026-host-precopy-0057,CRIU,precopy,yes,335,50311,8072,357,8764,0.05,x86_64,x86_64,True,True,transfer_mode=host;workload=tcp-client;relay_node=edge-host-1;iterations=3,2026-05-01T09:25:30.165298,2_5G,3960,335,26199,0,0,631,5396,1207,1189,278,314
01-05-2026-host-precopy-0058,CRIU,precopy,yes,333,49780,7333,316,7982,0.05,x86_64,x86_64,True,True,transfer_mode=host;workload=tcp-client;relay_node=edge-host-1;iterations=3,2026-05-01T09:26:15.809598,2_5G,3937,333,25371,0,0,311,4841,1078,1135,278,307
01-05-2026-host-precopy-0059,CRIU,precopy,yes,298,49873,7715,290,8303,0.05,x86_64,x86_64,True,True,transfer_mode=host;workload=tcp-client;relay_node=edge-host-1;iterations=3,2026-05-01T09:27:02.398323,2_5G,3904,298,25838,0,0,335,5061,1142,1205,305,334
01-05-2026-direct-precopy-0050,CRIU,precopy,yes,308,49205,3583,320,4211,0.11,x86_64,x86_64,True,True,transfer_mode=direct;workload=tcp-client;iterations=3,2026-05-01T09:27:46.828841,2_5G,3979,308,23526,0,0,319,2483,1099,0,0,431
01-05-2026-direct-precopy-0051,CRIU,precopy,yes,293,49947,3815,322,4430,0.10,x86_64,x86_64,True,True,transfer_mode=direct;workload=tcp-client;iterations=3,2026-05-01T09:28:31.611351,2_5G,3986,293,24105,0,0,659,2625,1189,0,0,336
01-05-2026-direct-precopy-0052,CRIU,precopy,yes,375,49508,3446,317,4138,0.11,x86_64,x86_64,True,True,transfer_mode=direct;workload=tcp-client;iterations=3,2026-05-01T09:29:15.946302,2_5G,3937,375,23838,0,0,444,2275,1170,0,0,339
01-05-2026-direct-precopy-0053,CRIU,precopy,yes,373,49946,3466,311,4150,0.12,x86_64,x86_64,True,True,transfer_mode=direct;workload=tcp-client;iterations=3,2026-05-01T09:30:00.294630,2_5G,3941,373,23363,0,0,384,2346,1119,0,0,331
01-05-2026-direct-precopy-0054,CRIU,precopy,yes,356,49936,3401,303,4060,0.12,x86_64,x86_64,True,True,transfer_mode=direct;workload=tcp-client;iterations=3,2026-05-01T09:30:44.972206,2_5G,3930,356,23672,0,0,307,2305,1095,0,0,357
01-05-2026-direct-precopy-0055,CRIU,precopy,yes,298,49850,3880,356,4534,0.10,x86_64,x86_64,True,True,transfer_mode=direct;workload=tcp-client;iterations=3,2026-05-01T09:31:29.180186,2_5G,3956,298,23909,0,0,339,2698,1182,0,0,335
01-05-2026-direct-precopy-0056,CRIU,precopy,yes,327,50270,3457,318,4102,0.12,x86_64,x86_64,True,True,transfer_mode=direct;workload=tcp-client;iterations=3,2026-05-01T09:32:13.324616,2_5G,3955,327,23368,0,0,339,2289,1167,0,0,349
01-05-2026-direct-precopy-0057,CRIU,precopy,yes,310,49233,3570,312,4192,0.11,x86_64,x86_64,True,True,transfer_mode=direct;workload=tcp-client;iterations=3,2026-05-01T09:32:58.116816,2_5G,4008,310,23464,0,0,323,2467,1103,0,0,333
01-05-2026-direct-precopy-0058,CRIU,precopy,yes,313,48911,3745,305,4363,0.10,x86_64,x86_64,True,True,transfer_mode=direct;workload=tcp-client;iterations=3,2026-05-01T09:33:42.751756,2_5G,4024,313,24324,0,0,630,2604,1141,0,0,334
01-05-2026-direct-precopy-0059,CRIU,precopy,yes,335,49019,3365,313,4013,0.12,x86_64,x86_64,True,True,transfer_mode=direct;workload=tcp-client;iterations=3,2026-05-01T09:34:26.859181,2_5G,4013,335,23587,0,0,356,2192,1173,0,0,310
01-05-2026-host-postcopy-0050,CRIU,postcopy,yes,720,24516,7535,383,8638,0.03,x86_64,x86_64,True,True,transfer_mode=host;workload=tcp-client;relay_node=edge-host-1;lazy_pages_port=9999,2026-05-01T09:35:11.197560,2_5G,0,720,23296,4766,2886,375,4930,1150,1167,286,324
01-05-2026-host-postcopy-0051,CRIU,postcopy,yes,727,24636,7868,378,8973,0.03,x86_64,x86_64,True,True,transfer_mode=host;workload=tcp-client;relay_node=edge-host-1;lazy_pages_port=9999,2026-05-01T09:35:55.709341,2_5G,0,727,24317,4880,3097,334,4961,1126,1139,640,302
01-05-2026-host-postcopy-0052,CRIU,postcopy,yes,726,24577,7499,383,8608,0.03,x86_64,x86_64,True,True,transfer_mode=host;workload=tcp-client;relay_node=edge-host-1;lazy_pages_port=9999,2026-05-01T09:36:40.211437,2_5G,0,726,24298,5204,3203,317,4951,1112,1105,329,329
01-05-2026-host-postcopy-0053,CRIU,postcopy,yes,709,24556,7635,362,8706,0.03,x86_64,x86_64,True,True,transfer_mode=host;workload=tcp-client;relay_node=edge-host-1;lazy_pages_port=9999,2026-05-01T09:37:24.571341,2_5G,0,709,23578,4911,2992,332,5016,1160,1116,341,331
01-05-2026-host-postcopy-0054,CRIU,postcopy,yes,756,24853,7471,371,8598,0.03,x86_64,x86_64,True,True,transfer_mode=host;workload=tcp-client;relay_node=edge-host-1;lazy_pages_port=9999,2026-05-01T09:38:09.194188,2_5G,0,756,23650,4789,3203,311,4933,1135,1126,276,319
01-05-2026-host-postcopy-0055,CRIU,postcopy,yes,754,24668,763,0,0,0.00,x86_64,x86_64,True,False,transfer_mode=host;workload=tcp-client;relay_node=edge-host-1;lazy_pages_port=9999; transfer_failed,2026-05-01T09:38:39.468927,2_5G,0,754,10154,0,0,349,763,0,0,0,0
01-05-2026-host-postcopy-0056,CRIU,postcopy,yes,771,24659,7532,363,8666,0.03,x86_64,x86_64,True,True,transfer_mode=host;workload=tcp-client;relay_node=edge-host-1;lazy_pages_port=9999,2026-05-01T09:39:23.302008,2_5G,0,771,23820,4816,2943,337,4980,1142,1131,277,337
01-05-2026-host-postcopy-0057,CRIU,postcopy,yes,714,24642,8078,362,9154,0.02,x86_64,x86_64,True,True,transfer_mode=host;workload=tcp-client;relay_node=edge-host-1;lazy_pages_port=9999,2026-05-01T09:40:08.361681,2_5G,0,714,24506,4864,3097,350,5107,1221,1467,282,357
01-05-2026-host-postcopy-0058,CRIU,postcopy,yes,730,24507,7442,381,8553,0.03,x86_64,x86_64,True,True,transfer_mode=host;workload=tcp-client;relay_node=edge-host-1;lazy_pages_port=9999,2026-05-01T09:40:52.676221,2_5G,0,730,23829,5051,2917,319,4956,1092,1117,275,319
01-05-2026-host-postcopy-0059,CRIU,postcopy,yes,712,24912,7422,408,8542,0.03,x86_64,x86_64,True,True,transfer_mode=host;workload=tcp-client;relay_node=edge-host-1;lazy_pages_port=9999,2026-05-01T09:41:36.649294,2_5G,0,712,23261,4902,3082,334,4894,1114,1151,262,293
01-05-2026-direct-postcopy-0050,CRIU,postcopy,yes,834,24761,3460,373,4667,0.06,x86_64,x86_64,True,True,transfer_mode=direct;workload=tcp-client;lazy_pages_port=9999,2026-05-01T09:42:19.564988,2_5G,0,834,21852,4832,3240,418,2337,1123,0,0,312
01-05-2026-direct-postcopy-0051,CRIU,postcopy,yes,730,24527,3479,362,4571,0.06,x86_64,x86_64,True,True,transfer_mode=direct;workload=tcp-client;lazy_pages_port=9999,2026-05-01T09:43:01.978235,2_5G,0,730,21894,5075,3025,321,2376,1103,0,0,317
01-05-2026-direct-postcopy-0052,CRIU,postcopy,yes,853,24953,3492,402,4747,0.06,x86_64,x86_64,True,True,transfer_mode=direct;workload=tcp-client;lazy_pages_port=9999,2026-05-01T09:43:44.309760,2_5G,0,853,21666,4826,3082,343,2412,1080,0,0,320
01-05-2026-direct-postcopy-0053,CRIU,postcopy,yes,758,24793,3340,383,4481,0.06,x86_64,x86_64,True,True,transfer_mode=direct;workload=tcp-client;lazy_pages_port=9999,2026-05-01T09:44:26.856612,2_5G,0,758,21431,4737,2975,281,2238,1102,0,0,347
01-05-2026-direct-postcopy-0054,CRIU,postcopy,yes,740,24914,3310,376,4426,0.06,x86_64,x86_64,True,True,transfer_mode=direct;workload=tcp-client;lazy_pages_port=9999,2026-05-01T09:45:09.248340,2_5G,0,740,21924,5079,3132,328,2204,1106,0,0,322
01-05-2026-direct-postcopy-0055,CRIU,postcopy,yes,815,24738,3259,375,4449,0.06,x86_64,x86_64,True,True,transfer_mode=direct;workload=tcp-client;lazy_pages_port=9999,2026-05-01T09:45:51.482313,2_5G,0,815,21389,4783,3082,379,2271,988,0,0,296
01-05-2026-direct-postcopy-0056,CRIU,postcopy,yes,730,24963,3597,312,4639,0.06,x86_64,x86_64,True,True,transfer_mode=direct;workload=tcp-client;lazy_pages_port=9999,2026-05-01T09:46:34.577443,2_5G,0,730,21923,4682,2975,341,2467,1130,0,0,333
01-05-2026-direct-postcopy-0057,CRIU,postcopy,yes,783,24742,3573,376,4732,0.06,x86_64,x86_64,True,True,transfer_mode=direct;workload=tcp-client;lazy_pages_port=9999,2026-05-01T09:47:17.048374,2_5G,0,783,22085,5047,3025,346,2410,1163,0,0,332
01-05-2026-direct-postcopy-0058,CRIU,postcopy,yes,753,24874,3377,376,4506,0.06,x86_64,x86_64,True,True,transfer_mode=direct;workload=tcp-client;lazy_pages_port=9999,2026-05-01T09:47:59.315665,2_5G,0,753,21454,4796,2975,307,2250,1127,0,0,298
01-05-2026-direct-postcopy-0059,CRIU,postcopy,yes,787,24622,3658,402,4847,0.05,x86_64,x86_64,True,True,transfer_mode=direct;workload=tcp-client;lazy_pages_port=9999,2026-05-01T09:48:42.304525,2_5G,0,787,22072,4895,3025,334,2468,1189,0,0,383
01-05-2026-host-cold-0060,CRIU,cold,yes,459,28385,7449,458,8366,0.03,x86_64,x86_64,True,True,transfer_mode=host;workload=tcp-client;relay_node=edge-host-1,2026-05-01T09:50:57.612918,2_5G,0,0,21844,0,0,326,4916,1151,1105,275,367
01-05-2026-host-cold-0061,CRIU,cold,yes,407,27209,7300,308,8015,0.03,x86_64,x86_64,True,True,transfer_mode=host;workload=tcp-client;relay_node=edge-host-1,2026-05-01T09:51:39.897970,2_5G,0,0,21161,0,0,307,4797,1071,1090,341,305
01-05-2026-host-cold-0062,CRIU,cold,yes,335,27510,7388,308,8031,0.03,x86_64,x86_64,True,True,transfer_mode=host;workload=tcp-client;relay_node=edge-host-1,2026-05-01T09:52:21.222245,2_5G,0,0,21188,0,0,308,4921,1074,1116,275,348
01-05-2026-host-cold-0063,CRIU,cold,yes,337,27276,7439,304,8080,0.03,x86_64,x86_64,True,True,transfer_mode=host;workload=tcp-client;relay_node=edge-host-1,2026-05-01T09:53:03.488286,2_5G,0,0,21033,0,0,330,4901,1135,1115,288,383
01-05-2026-host-cold-0064,CRIU,cold,yes,340,27368,7884,304,8528,0.03,x86_64,x86_64,True,True,transfer_mode=host;workload=tcp-client;relay_node=edge-host-1,2026-05-01T09:53:46.332112,2_5G,0,0,21737,0,0,321,5208,1204,1193,277,369
01-05-2026-host-cold-0065,CRIU,cold,yes,342,27282,7506,426,8274,0.03,x86_64,x86_64,True,True,transfer_mode=host;workload=tcp-client;relay_node=edge-host-1,2026-05-01T09:54:28.111580,2_5G,0,0,21436,0,0,331,4950,1131,1153,271,278
01-05-2026-host-cold-0066,CRIU,cold,yes,380,27556,7498,317,8195,0.03,x86_64,x86_64,True,True,transfer_mode=host;workload=tcp-client;relay_node=edge-host-1,2026-05-01T09:55:10.060999,2_5G,0,0,21046,0,0,313,4898,1108,1171,319,313
01-05-2026-host-cold-0067,CRIU,cold,yes,338,27253,7874,301,8513,0.03,x86_64,x86_64,True,True,transfer_mode=host;workload=tcp-client;relay_node=edge-host-1,2026-05-01T09:55:52.300397,2_5G,0,0,21263,0,0,314,5347,1140,1107,278,312
01-05-2026-host-cold-0068,CRIU,cold,yes,296,27580,7455,319,8070,0.03,x86_64,x86_64,True,True,transfer_mode=host;workload=tcp-client;relay_node=edge-host-1,2026-05-01T09:56:34.154809,2_5G,0,0,21374,0,0,303,4917,1132,1118,287,326
01-05-2026-host-cold-0069,CRIU,cold,yes,332,27350,7525,327,8184,0.03,x86_64,x86_64,True,True,transfer_mode=host;workload=tcp-client;relay_node=edge-host-1,2026-05-01T09:57:16.332386,2_5G,0,0,21001,0,0,333,5012,1107,1120,284,326
01-05-2026-direct-cold-0060,CRIU,cold,yes,332,27373,3461,337,4130,0.06,x86_64,x86_64,True,True,transfer_mode=direct;workload=tcp-client,2026-05-01T09:57:56.946121,2_5G,0,0,19392,0,0,287,2344,1116,0,0,377
01-05-2026-direct-cold-0061,CRIU,cold,yes,337,27342,3314,321,3972,0.07,x86_64,x86_64,True,True,transfer_mode=direct;workload=tcp-client,2026-05-01T09:58:36.264076,2_5G,0,0,19057,0,0,341,2325,988,0,0,359
01-05-2026-direct-cold-0062,CRIU,cold,yes,317,27368,3365,312,3994,0.07,x86_64,x86_64,True,True,transfer_mode=direct;workload=tcp-client,2026-05-01T09:59:16.835438,2_5G,0,0,19038,0,0,422,2262,1103,0,0,329
01-05-2026-direct-cold-0063,CRIU,cold,yes,329,27389,3503,311,4143,0.06,x86_64,x86_64,True,True,transfer_mode=direct;workload=tcp-client,2026-05-01T09:59:57.821483,2_5G,0,0,20005,0,0,304,2413,1090,0,0,340
01-05-2026-direct-cold-0064,CRIU,cold,yes,356,26923,3393,296,4045,0.06,x86_64,x86_64,True,True,transfer_mode=direct;workload=tcp-client,2026-05-01T10:00:37.593914,2_5G,0,0,19046,0,0,318,2297,1095,0,0,294
01-05-2026-direct-cold-0065,CRIU,cold,yes,345,27357,3470,338,4153,0.06,x86_64,x86_64,True,True,transfer_mode=direct;workload=tcp-client,2026-05-01T10:01:18.089955,2_5G,0,0,19252,0,0,318,2341,1129,0,0,376
01-05-2026-direct-cold-0066,CRIU,cold,yes,447,27365,3402,379,4228,0.06,x86_64,x86_64,True,True,transfer_mode=direct;workload=tcp-client,2026-05-01T10:01:58.485045,2_5G,0,0,19671,0,0,346,2317,1085,0,0,275
01-05-2026-direct-cold-0067,CRIU,cold,yes,336,27371,3440,327,4103,0.06,x86_64,x86_64,True,True,transfer_mode=direct;workload=tcp-client,2026-05-01T10:02:38.438491,2_5G,0,0,19034,0,0,323,2322,1117,0,0,343
01-05-2026-direct-cold-0068,CRIU,cold,yes,336,27469,3538,372,4246,0.06,x86_64,x86_64,True,True,transfer_mode=direct;workload=tcp-client,2026-05-01T10:03:19.270075,2_5G,0,0,19337,0,0,320,2387,1151,0,0,318
01-05-2026-direct-cold-0069,CRIU,cold,yes,328,27558,3597,299,4224,0.06,x86_64,x86_64,True,True,transfer_mode=direct;workload=tcp-client,2026-05-01T10:03:59.499968,2_5G,0,0,19842,0,0,351,2480,1117,0,0,333
01-05-2026-host-precopy-0060,CRIU,precopy,yes,314,49666,7608,311,8233,0.05,x86_64,x86_64,True,True,transfer_mode=host;workload=tcp-client;relay_node=edge-host-1;iterations=3,2026-05-01T10:04:46.892929,2_5G,3984,314,25424,0,0,320,5090,1086,1154,276,328
01-05-2026-host-precopy-0061,CRIU,precopy,yes,307,50552,7414,293,8014,0.05,x86_64,x86_64,True,True,transfer_mode=host;workload=tcp-client;relay_node=edge-host-1;iterations=3,2026-05-01T10:05:33.533194,2_5G,3964,307,25073,0,0,338,4849,1169,1105,289,301
01-05-2026-host-precopy-0062,CRIU,precopy,yes,278,49148,7484,316,8078,0.05,x86_64,x86_64,True,True,transfer_mode=host;workload=tcp-client;relay_node=edge-host-1;iterations=3,2026-05-01T10:06:20.340887,2_5G,3923,278,25630,0,0,385,4832,1167,1190,292,301
01-05-2026-host-precopy-0063,CRIU,precopy,yes,403,50285,7880,341,8624,0.05,x86_64,x86_64,True,True,transfer_mode=host;workload=tcp-client;relay_node=edge-host-1;iterations=3,2026-05-01T10:07:07.318492,2_5G,3939,403,26597,0,0,651,5259,1155,1187,277,366
01-05-2026-host-precopy-0064,CRIU,precopy,yes,298,49457,7409,329,8036,0.05,x86_64,x86_64,True,True,transfer_mode=host;workload=tcp-client;relay_node=edge-host-1;iterations=3,2026-05-01T10:07:52.932039,2_5G,3879,298,25096,0,0,332,4808,1163,1126,310,321
01-05-2026-host-precopy-0065,CRIU,precopy,yes,295,49794,7427,306,8028,0.05,x86_64,x86_64,True,True,transfer_mode=host;workload=tcp-client;relay_node=edge-host-1;iterations=3,2026-05-01T10:08:39.554465,2_5G,4002,295,25237,0,0,345,4882,1156,1117,271,313
01-05-2026-host-precopy-0066,CRIU,precopy,yes,309,49207,7620,356,8285,0.05,x86_64,x86_64,True,True,transfer_mode=host;workload=tcp-client;relay_node=edge-host-1;iterations=3,2026-05-01T10:09:26.565417,2_5G,3925,309,25836,0,0,445,5053,1141,1147,278,352
01-05-2026-host-precopy-0067,CRIU,precopy,yes,308,50351,7942,272,8522,0.05,x86_64,x86_64,True,True,transfer_mode=host;workload=tcp-client;relay_node=edge-host-1;iterations=3,2026-05-01T10:10:13.681536,2_5G,3925,308,26502,0,0,338,5357,1149,1159,276,285
01-05-2026-host-precopy-0068,CRIU,precopy,yes,297,50492,7539,300,8136,0.05,x86_64,x86_64,True,True,transfer_mode=host;workload=tcp-client;relay_node=edge-host-1;iterations=3,2026-05-01T10:10:59.511822,2_5G,3918,297,25353,0,0,347,5072,1135,1050,280,313
01-05-2026-host-precopy-0069,CRIU,precopy,yes,310,49970,7671,332,8313,0.05,x86_64,x86_64,True,True,transfer_mode=host;workload=tcp-client;relay_node=edge-host-1;iterations=3,2026-05-01T10:11:46.473723,2_5G,3948,310,25546,0,0,322,5121,1005,1240,304,320
01-05-2026-direct-precopy-0060,CRIU,precopy,yes,309,50433,3686,404,4399,0.11,x86_64,x86_64,True,True,transfer_mode=direct;workload=tcp-client;iterations=3,2026-05-01T10:12:31.618659,2_5G,3921,309,23877,0,0,370,2308,1378,0,0,299
01-05-2026-direct-precopy-0061,CRIU,precopy,yes,315,49998,3681,314,4310,0.11,x86_64,x86_64,True,True,transfer_mode=direct;workload=tcp-client;iterations=3,2026-05-01T10:13:15.637907,2_5G,3924,315,23761,0,0,647,2561,1119,0,0,292
01-05-2026-direct-precopy-0062,CRIU,precopy,yes,299,48928,3331,320,3950,0.12,x86_64,x86_64,True,True,transfer_mode=direct;workload=tcp-client;iterations=3,2026-05-01T10:13:59.731758,2_5G,3939,299,23301,0,0,324,2307,1024,0,0,293
01-05-2026-direct-precopy-0063,CRIU,precopy,yes,295,48832,3441,352,4088,0.11,x86_64,x86_64,True,True,transfer_mode=direct;workload=tcp-client;iterations=3,2026-05-01T10:14:44.457155,2_5G,3988,295,23720,0,0,407,2318,1123,0,0,283
01-05-2026-direct-precopy-0064,CRIU,precopy,yes,320,49358,3440,317,4077,0.11,x86_64,x86_64,True,True,transfer_mode=direct;workload=tcp-client;iterations=3,2026-05-01T10:15:29.079437,2_5G,3921,320,23710,0,0,323,2335,1105,0,0,277
01-05-2026-direct-precopy-0065,CRIU,precopy,yes,303,49001,3895,292,4490,0.10,x86_64,x86_64,True,True,transfer_mode=direct;workload=tcp-client;iterations=3,2026-05-01T10:16:13.027658,2_5G,3953,303,23525,0,0,311,2684,1211,0,0,379
01-05-2026-direct-precopy-0066,CRIU,precopy,yes,307,49341,3520,376,4203,0.11,x86_64,x86_64,True,True,transfer_mode=direct;workload=tcp-client;iterations=3,2026-05-01T10:16:57.513788,2_5G,3921,307,23700,0,0,317,2389,1131,0,0,327
01-05-2026-direct-precopy-0067,CRIU,precopy,yes,292,49137,3596,302,4190,0.11,x86_64,x86_64,True,True,transfer_mode=direct;workload=tcp-client;iterations=3,2026-05-01T10:17:42.093957,2_5G,3912,292,23604,0,0,328,2447,1148,0,0,370
01-05-2026-direct-precopy-0068,CRIU,precopy,yes,308,49473,3779,310,4397,0.10,x86_64,x86_64,True,True,transfer_mode=direct;workload=tcp-client;iterations=3,2026-05-01T10:18:26.421083,2_5G,3932,308,23790,0,0,637,2649,1129,0,0,335
01-05-2026-direct-precopy-0069,CRIU,precopy,yes,307,50290,3512,308,4127,0.11,x86_64,x86_64,True,True,transfer_mode=direct;workload=tcp-client;iterations=3,2026-05-01T10:19:10.661655,2_5G,3941,307,23757,0,0,320,2316,1196,0,0,336
01-05-2026-host-postcopy-0060,CRIU,postcopy,yes,747,24523,7506,379,8632,0.03,x86_64,x86_64,True,True,transfer_mode=host;workload=tcp-client;relay_node=edge-host-1;lazy_pages_port=9999,2026-05-01T10:19:54.950914,2_5G,0,747,23314,4755,2943,314,5012,1106,1124,262,324
01-05-2026-host-postcopy-0061,CRIU,postcopy,yes,730,24536,7442,366,8538,0.03,x86_64,x86_64,True,True,transfer_mode=host;workload=tcp-client;relay_node=edge-host-1;lazy_pages_port=9999,2026-05-01T10:20:39.643625,2_5G,0,730,23962,4914,2942,324,4975,1086,1084,296,305
01-05-2026-host-postcopy-0062,CRIU,postcopy,yes,827,24571,7592,377,8796,0.03,x86_64,x86_64,True,True,transfer_mode=host;workload=tcp-client;relay_node=edge-host-1;lazy_pages_port=9999,2026-05-01T10:21:24.737636,2_5G,0,827,24606,5087,3097,352,4986,1132,1139,334,303
01-05-2026-host-postcopy-0063,CRIU,postcopy,yes,810,24634,7402,380,8592,0.03,x86_64,x86_64,True,True,transfer_mode=host;workload=tcp-client;relay_node=edge-host-1;lazy_pages_port=9999,2026-05-01T10:22:08.863375,2_5G,0,810,23374,4871,2886,297,4888,1118,1106,288,411
01-05-2026-host-postcopy-0064,CRIU,postcopy,yes,796,24937,7642,421,8859,0.03,x86_64,x86_64,True,True,transfer_mode=host;workload=tcp-client;relay_node=edge-host-1;lazy_pages_port=9999,2026-05-01T10:22:53.780403,2_5G,0,796,23441,4895,2886,330,5029,1127,1192,292,311
01-05-2026-host-postcopy-0065,CRIU,postcopy,yes,735,24899,8115,391,9241,0.02,x86_64,x86_64,True,True,transfer_mode=host;workload=tcp-client;relay_node=edge-host-1;lazy_pages_port=9999,2026-05-01T10:23:38.410120,2_5G,0,735,24039,4869,3049,329,4992,1435,1425,262,311
01-05-2026-host-postcopy-0066,CRIU,postcopy,yes,772,24906,7862,373,9007,0.03,x86_64,x86_64,True,True,transfer_mode=host;workload=tcp-client;relay_node=edge-host-1;lazy_pages_port=9999,2026-05-01T10:24:22.954671,2_5G,0,772,24045,4749,2943,309,5013,1187,1385,276,380
01-05-2026-host-postcopy-0067,CRIU,postcopy,yes,735,24651,7407,383,8525,0.03,x86_64,x86_64,True,True,transfer_mode=host;workload=tcp-client;relay_node=edge-host-1;lazy_pages_port=9999,2026-05-01T10:25:07.008445,2_5G,0,735,23255,4782,3082,317,4912,1095,1141,258,335
01-05-2026-host-postcopy-0068,CRIU,postcopy,yes,739,24650,7534,354,8627,0.03,x86_64,x86_64,True,True,transfer_mode=host;workload=tcp-client;relay_node=edge-host-1;lazy_pages_port=9999,2026-05-01T10:25:51.899539,2_5G,0,739,23981,4805,3083,637,4924,1138,1155,316,319
01-05-2026-host-postcopy-0069,CRIU,postcopy,yes,746,24598,7367,382,8495,0.03,x86_64,x86_64,True,True,transfer_mode=host;workload=tcp-client;relay_node=edge-host-1;lazy_pages_port=9999,2026-05-01T10:26:36.221104,2_5G,0,746,23976,5097,3132,323,4863,1128,1092,284,335
01-05-2026-direct-postcopy-0060,CRIU,postcopy,yes,732,24837,3611,385,4728,0.06,x86_64,x86_64,True,True,transfer_mode=direct;workload=tcp-client;lazy_pages_port=9999,2026-05-01T10:27:18.292073,2_5G,0,732,21429,4764,2975,317,2466,1145,0,0,342
01-05-2026-direct-postcopy-0061,CRIU,postcopy,yes,736,24665,3554,384,4674,0.06,x86_64,x86_64,True,True,transfer_mode=direct;workload=tcp-client;lazy_pages_port=9999,2026-05-01T10:28:01.366973,2_5G,0,736,21657,4879,2975,361,2413,1141,0,0,328
01-05-2026-direct-postcopy-0062,CRIU,postcopy,yes,753,24483,3477,376,4606,0.06,x86_64,x86_64,True,True,transfer_mode=direct;workload=tcp-client;lazy_pages_port=9999,2026-05-01T10:28:43.648884,2_5G,0,753,22085,5045,2917,345,2344,1132,0,0,312
01-05-2026-direct-postcopy-0063,CRIU,postcopy,yes,715,24559,3287,384,4386,0.06,x86_64,x86_64,True,True,transfer_mode=direct;workload=tcp-client;lazy_pages_port=9999,2026-05-01T10:29:25.292979,2_5G,0,715,21356,4735,3132,327,2315,971,0,0,466
01-05-2026-direct-postcopy-0064,CRIU,postcopy,yes,742,24756,3382,349,4473,0.06,x86_64,x86_64,True,True,transfer_mode=direct;workload=tcp-client;lazy_pages_port=9999,2026-05-01T10:30:07.737923,2_5G,0,742,21305,4726,2975,317,2295,1087,0,0,328
01-05-2026-direct-postcopy-0065,CRIU,postcopy,yes,739,24651,3485,408,4632,0.06,x86_64,x86_64,True,True,transfer_mode=direct;workload=tcp-client;lazy_pages_port=9999,2026-05-01T10:30:51.047801,2_5G,0,739,22663,5288,2975,344,2379,1106,0,0,331
01-05-2026-direct-postcopy-0066,CRIU,postcopy,yes,724,24608,3500,385,4609,0.06,x86_64,x86_64,True,True,transfer_mode=direct;workload=tcp-client;lazy_pages_port=9999,2026-05-01T10:31:32.831243,2_5G,0,724,21309,4757,2917,310,2366,1133,0,0,287
01-05-2026-direct-postcopy-0067,CRIU,postcopy,yes,752,24716,3438,392,4582,0.06,x86_64,x86_64,True,True,transfer_mode=direct;workload=tcp-client;lazy_pages_port=9999,2026-05-01T10:32:15.880803,2_5G,0,752,21778,4856,2917,336,2285,1152,0,0,398
01-05-2026-direct-postcopy-0068,CRIU,postcopy,yes,759,24728,3469,439,4667,0.06,x86_64,x86_64,True,True,transfer_mode=direct;workload=tcp-client;lazy_pages_port=9999,2026-05-01T10:32:58.689243,2_5G,0,759,22258,5182,2975,316,2330,1138,0,0,285
01-05-2026-direct-postcopy-0069,CRIU,postcopy,yes,737,24710,3445,399,4581,0.06,x86_64,x86_64,True,True,transfer_mode=direct;workload=tcp-client;lazy_pages_port=9999,2026-05-01T10:33:40.510745,2_5G,0,737,21480,4843,2974,343,2356,1088,0,0,331
01-05-2026-host-cold-0070,CRIU,cold,yes,432,28128,7572,428,8432,0.03,x86_64,x86_64,True,True,transfer_mode=host;workload=tcp-client;relay_node=edge-host-1,2026-05-01T10:35:56.210127,2_5G,0,0,21933,0,0,326,4919,1178,1111,362,315
01-05-2026-host-cold-0071,CRIU,cold,yes,339,27273,7540,311,8190,0.03,x86_64,x86_64,True,True,transfer_mode=host;workload=tcp-client;relay_node=edge-host-1,2026-05-01T10:36:38.494976,2_5G,0,0,21679,0,0,289,5021,1127,1131,260,321
01-05-2026-host-cold-0072,CRIU,cold,yes,335,27265,7293,309,7937,0.03,x86_64,x86_64,True,True,transfer_mode=host;workload=tcp-client;relay_node=edge-host-1,2026-05-01T10:37:19.727718,2_5G,0,0,21096,0,0,302,4816,1058,1144,273,326
01-05-2026-host-cold-0073,CRIU,cold,yes,389,27290,7459,324,8172,0.03,x86_64,x86_64,True,True,transfer_mode=host;workload=tcp-client;relay_node=edge-host-1,2026-05-01T10:38:01.658306,2_5G,0,0,21017,0,0,324,4990,1063,999,405,330
01-05-2026-host-cold-0074,CRIU,cold,yes,328,27349,7861,324,8513,0.03,x86_64,x86_64,True,True,transfer_mode=host;workload=tcp-client;relay_node=edge-host-1,2026-05-01T10:38:44.110772,2_5G,0,0,21562,0,0,310,5352,1139,1116,253,346
01-05-2026-host-cold-0075,CRIU,cold,yes,338,27329,7358,309,8005,0.03,x86_64,x86_64,True,True,transfer_mode=host;workload=tcp-client;relay_node=edge-host-1,2026-05-01T10:39:26.043151,2_5G,0,0,21336,0,0,359,4909,1061,1094,293,328
01-05-2026-host-cold-0076,CRIU,cold,yes,339,27446,7630,324,8293,0.03,x86_64,x86_64,True,True,transfer_mode=host;workload=tcp-client;relay_node=edge-host-1,2026-05-01T10:40:08.148582,2_5G,0,0,21325,0,0,325,5043,1088,1189,307,351
01-05-2026-host-cold-0077,CRIU,cold,yes,315,27233,7693,346,8354,0.03,x86_64,x86_64,True,True,transfer_mode=host;workload=tcp-client;relay_node=edge-host-1,2026-05-01T10:40:50.563846,2_5G,0,0,21528,0,0,314,5135,1137,1130,289,339
01-05-2026-host-cold-0078,CRIU,cold,yes,394,27478,7581,336,8311,0.03,x86_64,x86_64,True,True,transfer_mode=host;workload=tcp-client;relay_node=edge-host-1,2026-05-01T10:41:32.346762,2_5G,0,0,21395,0,0,334,5131,1079,1088,281,344
01-05-2026-host-cold-0079,CRIU,cold,yes,326,27314,7513,319,8158,0.03,x86_64,x86_64,True,True,transfer_mode=host;workload=tcp-client;relay_node=edge-host-1,2026-05-01T10:42:14.371572,2_5G,0,0,21084,0,0,325,4878,1168,1196,269,327
01-05-2026-direct-cold-0070,CRIU,cold,yes,334,27228,3328,463,4125,0.07,x86_64,x86_64,True,True,transfer_mode=direct;workload=tcp-client,2026-05-01T10:42:54.871643,2_5G,0,0,19662,0,0,350,2263,1064,0,0,303
01-05-2026-direct-cold-0071,CRIU,cold,yes,453,27315,3458,372,4283,0.06,x86_64,x86_64,True,True,transfer_mode=direct;workload=tcp-client,2026-05-01T10:43:34.385334,2_5G,0,0,19233,0,0,345,2320,1137,0,0,309
01-05-2026-direct-cold-0072,CRIU,cold,yes,327,27377,3481,310,4118,0.06,x86_64,x86_64,True,True,transfer_mode=direct;workload=tcp-client,2026-05-01T10:44:14.910947,2_5G,0,0,19118,0,0,326,2294,1187,0,0,388
01-05-2026-direct-cold-0073,CRIU,cold,yes,354,27508,3517,317,4188,0.06,x86_64,x86_64,True,True,transfer_mode=direct;workload=tcp-client,2026-05-01T10:44:55.436531,2_5G,0,0,19761,0,0,308,2331,1186,0,0,334
01-05-2026-direct-cold-0074,CRIU,cold,yes,440,27386,3446,311,4197,0.06,x86_64,x86_64,True,True,transfer_mode=direct;workload=tcp-client,2026-05-01T10:45:34.818565,2_5G,0,0,18953,0,0,334,2327,1118,0,0,321
01-05-2026-direct-cold-0075,CRIU,cold,yes,310,27412,3513,271,4094,0.06,x86_64,x86_64,True,True,transfer_mode=direct;workload=tcp-client,2026-05-01T10:46:15.054922,2_5G,0,0,19030,0,0,340,2359,1154,0,0,314
01-05-2026-direct-cold-0076,CRIU,cold,yes,333,27387,3446,341,4120,0.06,x86_64,x86_64,True,True,transfer_mode=direct;workload=tcp-client,2026-05-01T10:46:54.964754,2_5G,0,0,19566,0,0,393,2351,1094,0,0,311
01-05-2026-direct-cold-0077,CRIU,cold,yes,357,27436,3406,336,4099,0.06,x86_64,x86_64,True,True,transfer_mode=direct;workload=tcp-client,2026-05-01T10:47:34.683582,2_5G,0,0,18952,0,0,328,2311,1094,0,0,314
01-05-2026-direct-cold-0078,CRIU,cold,yes,370,27576,3418,315,4103,0.06,x86_64,x86_64,True,True,transfer_mode=direct;workload=tcp-client,2026-05-01T10:48:15.074228,2_5G,0,0,19370,0,0,272,2355,1062,0,0,330
01-05-2026-direct-cold-0079,CRIU,cold,yes,328,27600,3609,296,4233,0.06,x86_64,x86_64,True,True,transfer_mode=direct;workload=tcp-client,2026-05-01T10:48:54.796774,2_5G,0,0,19479,0,0,320,2632,977,0,0,374
01-05-2026-host-precopy-0070,CRIU,precopy,yes,290,49861,7449,301,8040,0.05,x86_64,x86_64,True,True,transfer_mode=host;workload=tcp-client;relay_node=edge-host-1;iterations=3,2026-05-01T10:49:40.730488,2_5G,3906,290,24986,0,0,331,5074,982,1102,290,311
01-05-2026-host-precopy-0071,CRIU,precopy,yes,295,49788,7672,305,8272,0.05,x86_64,x86_64,True,True,transfer_mode=host;workload=tcp-client;relay_node=edge-host-1;iterations=3,2026-05-01T10:50:27.152376,2_5G,4107,295,25587,0,0,351,5061,1113,1238,258,309
01-05-2026-host-precopy-0072,CRIU,precopy,yes,294,49355,7321,320,7935,0.05,x86_64,x86_64,True,True,transfer_mode=host;workload=tcp-client;relay_node=edge-host-1;iterations=3,2026-05-01T10:51:13.257860,2_5G,3965,294,25478,0,0,326,4816,1128,1091,285,327
01-05-2026-host-precopy-0073,CRIU,precopy,yes,292,49147,7896,307,8495,0.05,x86_64,x86_64,True,True,transfer_mode=host;workload=tcp-client;relay_node=edge-host-1;iterations=3,2026-05-01T10:52:00.008252,2_5G,3972,292,25991,0,0,703,5294,1150,1172,278,305
01-05-2026-host-precopy-0074,CRIU,precopy,yes,293,50448,7447,326,8066,0.05,x86_64,x86_64,True,True,transfer_mode=host;workload=tcp-client;relay_node=edge-host-1;iterations=3,2026-05-01T10:52:45.740510,2_5G,3930,293,25494,0,0,338,4805,1176,1191,275,323
01-05-2026-host-precopy-0075,CRIU,precopy,yes,306,49142,7578,316,8200,0.05,x86_64,x86_64,True,True,transfer_mode=host;workload=tcp-client;relay_node=edge-host-1;iterations=3,2026-05-01T10:53:32.353291,2_5G,3925,306,25614,0,0,302,5036,1141,1124,276,318
01-05-2026-host-precopy-0076,CRIU,precopy,yes,313,49254,7564,307,8184,0.05,x86_64,x86_64,True,True,transfer_mode=host;workload=tcp-client;relay_node=edge-host-1;iterations=3,2026-05-01T10:54:18.512917,2_5G,3979,313,25323,0,0,307,4965,1161,1148,288,298
01-05-2026-host-precopy-0077,CRIU,precopy,yes,349,49877,7838,296,8483,0.05,x86_64,x86_64,True,True,transfer_mode=host;workload=tcp-client;relay_node=edge-host-1;iterations=3,2026-05-01T10:55:05.680432,2_5G,3908,349,26119,0,0,711,5344,1133,1076,284,321
01-05-2026-host-precopy-0078,CRIU,precopy,yes,313,50384,8166,323,8802,0.05,x86_64,x86_64,True,True,transfer_mode=host;workload=tcp-client;relay_node=edge-host-1;iterations=3,2026-05-01T10:56:01.925207,2_5G,3988,313,25993,0,0,307,5041,1416,1443,265,288
01-05-2026-host-precopy-0079,CRIU,precopy,yes,310,49076,7847,281,8438,0.05,x86_64,x86_64,True,True,transfer_mode=host;workload=tcp-client;relay_node=edge-host-1;iterations=3,2026-05-01T10:56:48.037890,2_5G,3904,310,25658,0,0,323,5212,1151,1020,462,330
01-05-2026-direct-precopy-0070,CRIU,precopy,yes,300,49796,3298,331,3929,0.12,x86_64,x86_64,True,True,transfer_mode=direct;workload=tcp-client;iterations=3,2026-05-01T10:57:32.521246,2_5G,3923,300,23210,0,0,379,2303,995,0,0,313
01-05-2026-direct-precopy-0071,CRIU,precopy,yes,301,49698,3325,482,4108,0.12,x86_64,x86_64,True,True,transfer_mode=direct;workload=tcp-client;iterations=3,2026-05-01T10:58:17.090700,2_5G,3988,301,23902,0,0,632,2271,1054,0,0,281
01-05-2026-direct-precopy-0072,CRIU,precopy,yes,334,49189,3613,308,4255,0.11,x86_64,x86_64,True,True,transfer_mode=direct;workload=tcp-client;iterations=3,2026-05-01T10:59:01.792627,2_5G,3917,334,23951,0,0,304,2472,1141,0,0,392
01-05-2026-direct-precopy-0073,CRIU,precopy,yes,298,48794,3582,298,4178,0.11,x86_64,x86_64,True,True,transfer_mode=direct;workload=tcp-client;iterations=3,2026-05-01T10:59:45.723629,2_5G,3903,298,23508,0,0,326,2459,1123,0,0,330
01-05-2026-direct-precopy-0074,CRIU,precopy,yes,303,49791,3578,327,4208,0.11,x86_64,x86_64,True,True,transfer_mode=direct;workload=tcp-client;iterations=3,2026-05-01T11:00:30.559567,2_5G,3979,303,23867,0,0,317,2446,1131,0,0,338
01-05-2026-direct-precopy-0075,CRIU,precopy,yes,310,49670,4044,315,4669,0.10,x86_64,x86_64,True,True,transfer_mode=direct;workload=tcp-client;iterations=3,2026-05-01T11:01:15.060872,2_5G,3955,310,24017,0,0,364,2907,1136,0,0,319
01-05-2026-direct-precopy-0076,CRIU,precopy,yes,323,50338,3459,302,4084,0.12,x86_64,x86_64,True,True,transfer_mode=direct;workload=tcp-client;iterations=3,2026-05-01T11:02:09.073532,2_5G,4011,323,23831,0,0,287,2298,1161,0,0,318
01-05-2026-direct-precopy-0077,CRIU,precopy,yes,295,50406,3490,313,4098,0.12,x86_64,x86_64,True,True,transfer_mode=direct;workload=tcp-client;iterations=3,2026-05-01T11:02:52.848801,2_5G,3921,295,23235,0,0,357,2316,1174,0,0,367
01-05-2026-direct-precopy-0078,CRIU,precopy,yes,307,48962,3511,298,4116,0.11,x86_64,x86_64,True,True,transfer_mode=direct;workload=tcp-client;iterations=3,2026-05-01T11:03:37.278972,2_5G,3948,307,23183,0,0,311,2350,1160,0,0,359
01-05-2026-direct-precopy-0079,CRIU,precopy,yes,293,49634,4114,301,4708,0.10,x86_64,x86_64,True,True,transfer_mode=direct;workload=tcp-client;iterations=3,2026-05-01T11:04:22.001132,2_5G,3897,293,24256,0,0,319,2891,1223,0,0,358
01-05-2026-host-postcopy-0070,CRIU,postcopy,yes,722,24590,7420,386,8528,0.03,x86_64,x86_64,True,True,transfer_mode=host;workload=tcp-client;relay_node=edge-host-1;lazy_pages_port=9999,2026-05-01T11:05:05.881671,2_5G,0,722,23286,4769,3048,324,4926,1104,1086,302,347
01-05-2026-host-postcopy-0071,CRIU,postcopy,yes,724,24891,7363,420,8507,0.03,x86_64,x86_64,True,True,transfer_mode=host;workload=tcp-client;relay_node=edge-host-1;lazy_pages_port=9999,2026-05-01T11:05:50.567346,2_5G,0,724,23334,4928,3097,315,4910,1095,975,382,314
01-05-2026-host-postcopy-0072,CRIU,postcopy,yes,712,24754,7896,391,8999,0.03,x86_64,x86_64,True,True,transfer_mode=host;workload=tcp-client;relay_node=edge-host-1;lazy_pages_port=9999,2026-05-01T11:06:35.522775,2_5G,0,712,24512,4830,2837,639,5020,1160,1069,646,315
01-05-2026-host-postcopy-0073,CRIU,postcopy,yes,724,24713,7348,384,8456,0.03,x86_64,x86_64,True,True,transfer_mode=host;workload=tcp-client;relay_node=edge-host-1;lazy_pages_port=9999,2026-05-01T11:07:19.598596,2_5G,0,724,23626,5169,3097,317,4910,1105,1063,267,276
01-05-2026-host-postcopy-0074,CRIU,postcopy,yes,739,24944,7555,379,8673,0.03,x86_64,x86_64,True,True,transfer_mode=host;workload=tcp-client;relay_node=edge-host-1;lazy_pages_port=9999,2026-05-01T11:08:04.452194,2_5G,0,739,23716,4870,2943,329,5047,1122,1104,281,275
01-05-2026-host-postcopy-0075,CRIU,postcopy,yes,894,24890,7634,350,8878,0.03,x86_64,x86_64,True,True,transfer_mode=host;workload=tcp-client;relay_node=edge-host-1;lazy_pages_port=9999,2026-05-01T11:08:49.173167,2_5G,0,894,23839,4762,3049,323,5108,1113,1111,301,270
01-05-2026-host-postcopy-0076,CRIU,postcopy,yes,756,24755,7972,321,9049,0.02,x86_64,x86_64,True,True,transfer_mode=host;workload=tcp-client;relay_node=edge-host-1;lazy_pages_port=9999,2026-05-01T11:09:33.081771,2_5G,0,756,23622,4698,2943,306,4830,1415,1431,294,345
01-05-2026-host-postcopy-0077,CRIU,postcopy,yes,758,24898,7393,342,8493,0.03,x86_64,x86_64,True,True,transfer_mode=host;workload=tcp-client;relay_node=edge-host-1;lazy_pages_port=9999,2026-05-01T11:10:17.638511,2_5G,0,758,23281,4673,2975,327,4897,1095,1141,258,397
01-05-2026-host-postcopy-0078,CRIU,postcopy,yes,702,24583,7627,362,8691,0.03,x86_64,x86_64,True,True,transfer_mode=host;workload=tcp-client;relay_node=edge-host-1;lazy_pages_port=9999,2026-05-01T11:11:02.577121,2_5G,0,702,23872,4763,2975,348,5223,1060,1069,272,352
01-05-2026-host-postcopy-0079,CRIU,postcopy,yes,750,24645,7409,444,8603,0.03,x86_64,x86_64,True,True,transfer_mode=host;workload=tcp-client;relay_node=edge-host-1;lazy_pages_port=9999,2026-05-01T11:11:46.888391,2_5G,0,750,24005,4902,3024,642,4896,1142,1093,275,329
01-05-2026-direct-postcopy-0070,CRIU,postcopy,yes,727,24687,3436,387,4550,0.06,x86_64,x86_64,True,True,transfer_mode=direct;workload=tcp-client;lazy_pages_port=9999,2026-05-01T11:12:29.429460,2_5G,0,727,21684,5139,3025,328,2327,1108,0,0,295
01-05-2026-direct-postcopy-0071,CRIU,postcopy,yes,753,24679,3476,375,4604,0.06,x86_64,x86_64,True,True,transfer_mode=direct;workload=tcp-client;lazy_pages_port=9999,2026-05-01T11:13:11.849303,2_5G,0,753,21455,4801,3025,325,2325,1150,0,0,382
01-05-2026-direct-postcopy-0072,CRIU,postcopy,yes,668,24639,3552,366,4586,0.06,x86_64,x86_64,True,True,transfer_mode=direct;workload=tcp-client;lazy_pages_port=9999,2026-05-01T11:13:54.310173,2_5G,0,668,21896,5106,3132,382,2393,1158,0,0,302
01-05-2026-direct-postcopy-0073,CRIU,postcopy,yes,719,24810,3464,374,4557,0.06,x86_64,x86_64,True,True,transfer_mode=direct;workload=tcp-client;lazy_pages_port=9999,2026-05-01T11:14:36.714927,2_5G,0,719,22143,5152,3025,384,2333,1130,0,0,317
01-05-2026-direct-postcopy-0074,CRIU,postcopy,yes,728,24658,3434,382,4544,0.06,x86_64,x86_64,True,True,transfer_mode=direct;workload=tcp-client;lazy_pages_port=9999,2026-05-01T11:15:18.764965,2_5G,0,728,21295,4776,3024,300,2293,1141,0,0,301
01-05-2026-direct-postcopy-0075,CRIU,postcopy,yes,717,24742,3566,416,4699,0.06,x86_64,x86_64,True,True,transfer_mode=direct;workload=tcp-client;lazy_pages_port=9999,2026-05-01T11:16:01.636327,2_5G,0,717,21867,5117,2975,341,2407,1158,0,0,315
01-05-2026-direct-postcopy-0076,CRIU,postcopy,yes,725,24586,3355,389,4469,0.06,x86_64,x86_64,True,True,transfer_mode=direct;workload=tcp-client;lazy_pages_port=9999,2026-05-01T11:16:44.074089,2_5G,0,725,21975,5176,2917,308,2361,993,0,0,418
01-05-2026-direct-postcopy-0077,CRIU,postcopy,yes,759,24949,3426,318,4503,0.06,x86_64,x86_64,True,True,transfer_mode=direct;workload=tcp-client;lazy_pages_port=9999,2026-05-01T11:17:25.933674,2_5G,0,759,21104,4707,2975,322,2328,1097,0,0,309
01-05-2026-direct-postcopy-0078,CRIU,postcopy,yes,716,24528,3451,376,4543,0.06,x86_64,x86_64,True,True,transfer_mode=direct;workload=tcp-client;lazy_pages_port=9999,2026-05-01T11:18:08.729618,2_5G,0,716,21995,5265,2975,355,2304,1147,0,0,366
01-05-2026-direct-postcopy-0079,CRIU,postcopy,yes,707,24628,3468,363,4538,0.06,x86_64,x86_64,True,True,transfer_mode=direct;workload=tcp-client;lazy_pages_port=9999,2026-05-01T11:18:51.065073,2_5G,0,707,21963,5131,2975,327,2356,1112,0,0,321
01-05-2026-host-cold-0080,CRIU,cold,yes,525,28083,11398,387,12310,0.02,x86_64,x86_64,True,True,transfer_mode=host;workload=tcp-client;relay_node=edge-host-1,2026-05-01T16:34:38.728253,3_LTE,0,0,25986,0,0,348,6479,2307,2287,322,303
01-05-2026-host-cold-0081,CRIU,cold,yes,343,27295,11462,291,12096,0.02,x86_64,x86_64,True,True,transfer_mode=host;workload=tcp-client;relay_node=edge-host-1,2026-05-01T16:35:25.488411,3_LTE,0,0,25283,0,0,328,6337,2334,2311,478,308
01-05-2026-host-cold-0082,CRIU,cold,yes,336,27338,11907,322,12565,0.02,x86_64,x86_64,True,True,transfer_mode=host;workload=tcp-client;relay_node=edge-host-1,2026-05-01T16:36:12.061128,3_LTE,0,0,25737,0,0,630,6672,2630,2313,290,314
01-05-2026-host-cold-0083,CRIU,cold,yes,322,27251,11619,357,12298,0.02,x86_64,x86_64,True,True,transfer_mode=host;workload=tcp-client;relay_node=edge-host-1,2026-05-01T16:36:58.213464,3_LTE,0,0,25614,0,0,366,6537,2330,2487,263,318
01-05-2026-host-cold-0084,CRIU,cold,yes,402,27335,11246,328,11976,0.02,x86_64,x86_64,True,True,transfer_mode=host;workload=tcp-client;relay_node=edge-host-1,2026-05-01T16:37:44.352645,3_LTE,0,0,24919,0,0,347,6327,2311,2340,267,326
01-05-2026-host-cold-0085,CRIU,cold,yes,345,27579,11167,296,11808,0.02,x86_64,x86_64,True,True,transfer_mode=host;workload=tcp-client;relay_node=edge-host-1,2026-05-01T16:38:30.623295,3_LTE,0,0,25059,0,0,397,6102,2501,2299,264,313
01-05-2026-host-cold-0086,CRIU,cold,yes,346,27197,11903,299,12548,0.02,x86_64,x86_64,True,True,transfer_mode=host;workload=tcp-client;relay_node=edge-host-1,2026-05-01T16:39:16.911083,3_LTE,0,0,25715,0,0,356,6845,2394,2406,257,310
01-05-2026-host-cold-0087,CRIU,cold,yes,341,27305,11354,316,12011,0.02,x86_64,x86_64,True,True,transfer_mode=host;workload=tcp-client;relay_node=edge-host-1,2026-05-01T16:40:02.336152,3_LTE,0,0,25138,0,0,369,6406,2370,2324,252,317
01-05-2026-host-cold-0088,CRIU,cold,yes,372,27476,11229,299,11900,0.02,x86_64,x86_64,True,True,transfer_mode=host;workload=tcp-client;relay_node=edge-host-1,2026-05-01T16:40:48.754116,3_LTE,0,0,24967,0,0,346,6255,2391,2284,297,320
01-05-2026-host-cold-0089,CRIU,cold,yes,450,27445,11149,349,11948,0.02,x86_64,x86_64,True,True,transfer_mode=host;workload=tcp-client;relay_node=edge-host-1,2026-05-01T16:41:35.237101,3_LTE,0,0,25470,0,0,318,6244,2355,2281,268,314
01-05-2026-direct-cold-0080,CRIU,cold,yes,345,27634,5540,305,6190,0.04,x86_64,x86_64,True,True,transfer_mode=direct;workload=tcp-client,2026-05-01T16:42:17.666045,3_LTE,0,0,22061,0,0,322,2889,2650,0,0,307
01-05-2026-direct-cold-0081,CRIU,cold,yes,330,27473,5313,299,5942,0.04,x86_64,x86_64,True,True,transfer_mode=direct;workload=tcp-client,2026-05-01T16:42:59.851150,3_LTE,0,0,21572,0,0,362,2995,2317,0,0,290
01-05-2026-direct-cold-0082,CRIU,cold,yes,337,27342,5340,316,5993,0.04,x86_64,x86_64,True,True,transfer_mode=direct;workload=tcp-client,2026-05-01T16:43:42.636852,3_LTE,0,0,21914,0,0,343,3030,2310,0,0,296
01-05-2026-direct-cold-0083,CRIU,cold,yes,668,27438,5378,328,6374,0.04,x86_64,x86_64,True,True,transfer_mode=direct;workload=tcp-client,2026-05-01T16:44:25.586225,3_LTE,0,0,22730,0,0,337,3064,2314,0,0,343
01-05-2026-direct-cold-0084,CRIU,cold,yes,364,27306,5498,313,6175,0.04,x86_64,x86_64,True,True,transfer_mode=direct;workload=tcp-client,2026-05-01T16:45:08.769930,3_LTE,0,0,22236,0,0,402,3027,2471,0,0,345
01-05-2026-direct-cold-0086,CRIU,cold,yes,330,27427,5221,373,5924,0.04,x86_64,x86_64,True,True,transfer_mode=direct;workload=tcp-client,2026-05-01T16:46:07.634652,3_LTE,0,0,21654,0,0,383,2910,2310,0,0,354
01-05-2026-direct-cold-0087,CRIU,cold,yes,347,27367,5439,332,6118,0.04,x86_64,x86_64,True,True,transfer_mode=direct;workload=tcp-client,2026-05-01T16:46:50.720122,3_LTE,0,0,22047,0,0,325,3100,2338,0,0,319
01-05-2026-direct-cold-0088,CRIU,cold,yes,380,27260,6300,324,7004,0.03,x86_64,x86_64,True,True,transfer_mode=direct;workload=tcp-client,2026-05-01T16:47:34.071152,3_LTE,0,0,22829,0,0,335,2975,3325,0,0,294
01-05-2026-direct-cold-0089,CRIU,cold,yes,341,27672,5807,316,6464,0.04,x86_64,x86_64,True,True,transfer_mode=direct;workload=tcp-client,2026-05-01T16:48:17.050062,3_LTE,0,0,22114,0,0,346,3395,2411,0,0,291
01-05-2026-host-precopy-0080,CRIU,precopy,yes,366,49062,11648,301,12315,0.03,x86_64,x86_64,True,True,transfer_mode=host;workload=tcp-client;relay_node=edge-host-1;iterations=3,2026-05-01T16:49:07.591830,3_LTE,4028,366,29675,0,0,294,6559,2413,2415,259,359
01-05-2026-host-precopy-0081,CRIU,precopy,yes,395,50424,11360,321,12076,0.04,x86_64,x86_64,True,True,transfer_mode=host;workload=tcp-client;relay_node=edge-host-1;iterations=3,2026-05-01T16:49:58.033866,3_LTE,3938,395,29481,0,0,340,6237,2434,2436,252,322
01-05-2026-host-precopy-0082,CRIU,precopy,yes,311,50605,11392,303,12006,0.04,x86_64,x86_64,True,True,transfer_mode=host;workload=tcp-client;relay_node=edge-host-1;iterations=3,2026-05-01T16:50:57.596282,3_LTE,3890,311,29722,0,0,338,6233,2461,2363,333,331
01-05-2026-host-precopy-0083,CRIU,precopy,yes,308,50579,11809,318,12435,0.03,x86_64,x86_64,True,True,transfer_mode=host;workload=tcp-client;relay_node=edge-host-1;iterations=3,2026-05-01T16:51:48.511203,3_LTE,3887,308,30009,0,0,643,6645,2521,2385,257,332
01-05-2026-host-precopy-0084,CRIU,precopy,yes,350,49124,11344,326,12020,0.03,x86_64,x86_64,True,True,transfer_mode=host;workload=tcp-client;relay_node=edge-host-1;iterations=3,2026-05-01T16:52:38.685902,3_LTE,4071,350,29835,0,0,331,6289,2405,2391,258,643
01-05-2026-host-precopy-0085,CRIU,precopy,yes,311,49927,11482,319,12112,0.03,x86_64,x86_64,True,True,transfer_mode=host;workload=tcp-client;relay_node=edge-host-1;iterations=3,2026-05-01T16:53:28.997865,3_LTE,3889,311,29566,0,0,322,6236,2411,2434,398,306
01-05-2026-host-precopy-0086,CRIU,precopy,yes,300,49839,11669,361,12330,0.03,x86_64,x86_64,True,True,transfer_mode=host;workload=tcp-client;relay_node=edge-host-1;iterations=3,2026-05-01T16:54:19.144798,3_LTE,3936,300,29488,0,0,398,6264,2423,2717,263,310
01-05-2026-host-precopy-0087,CRIU,precopy,yes,290,48733,11303,317,11910,0.03,x86_64,x86_64,True,True,transfer_mode=host;workload=tcp-client;relay_node=edge-host-1;iterations=3,2026-05-01T16:55:09.320693,3_LTE,3926,290,29531,0,0,330,6249,2387,2408,258,323
01-05-2026-host-precopy-0088,CRIU,precopy,yes,274,49397,12178,311,12763,0.03,x86_64,x86_64,True,True,transfer_mode=host;workload=tcp-client;relay_node=edge-host-1;iterations=3,2026-05-01T16:56:00.224925,3_LTE,3932,274,30323,0,0,343,6570,2638,2711,258,313
01-05-2026-host-precopy-0089,CRIU,precopy,yes,335,49819,11780,315,12430,0.03,x86_64,x86_64,True,True,transfer_mode=host;workload=tcp-client;relay_node=edge-host-1;iterations=3,2026-05-01T16:56:50.775912,3_LTE,3943,335,29613,0,0,338,6305,2457,2705,311,323
01-05-2026-direct-precopy-0080,CRIU,precopy,yes,323,49402,5356,332,6011,0.07,x86_64,x86_64,True,True,transfer_mode=direct;workload=tcp-client;iterations=3,2026-05-01T16:57:37.620107,3_LTE,3965,323,26315,0,0,417,2945,2410,0,0,307
01-05-2026-direct-precopy-0081,CRIU,precopy,yes,292,50239,5310,316,5918,0.08,x86_64,x86_64,True,True,transfer_mode=direct;workload=tcp-client;iterations=3,2026-05-01T16:58:24.452306,3_LTE,3918,292,26073,0,0,318,2910,2399,0,0,302
01-05-2026-direct-precopy-0082,CRIU,precopy,yes,317,48863,5526,296,6139,0.07,x86_64,x86_64,True,True,transfer_mode=direct;workload=tcp-client;iterations=3,2026-05-01T16:59:11.565982,3_LTE,3984,317,26803,0,0,694,3075,2451,0,0,306
01-05-2026-direct-precopy-0083,CRIU,precopy,yes,333,49209,5413,314,6060,0.07,x86_64,x86_64,True,True,transfer_mode=direct;workload=tcp-client;iterations=3,2026-05-01T16:59:58.337769,3_LTE,3915,333,26114,0,0,314,2964,2448,0,0,294
01-05-2026-direct-precopy-0084,CRIU,precopy,yes,326,49058,5459,324,6109,0.07,x86_64,x86_64,True,True,transfer_mode=direct;workload=tcp-client;iterations=3,2026-05-01T17:00:45.371806,3_LTE,3943,326,26365,0,0,325,3036,2423,0,0,381
01-05-2026-direct-precopy-0085,CRIU,precopy,yes,301,48917,5406,335,6042,0.07,x86_64,x86_64,True,True,transfer_mode=direct;workload=tcp-client;iterations=3,2026-05-01T17:01:32.531805,3_LTE,3941,301,26132,0,0,326,3008,2398,0,0,314
01-05-2026-direct-precopy-0086,CRIU,precopy,yes,317,49327,5452,315,6084,0.07,x86_64,x86_64,True,True,transfer_mode=direct;workload=tcp-client;iterations=3,2026-05-01T17:02:19.542932,3_LTE,3976,317,26489,0,0,334,2984,2467,0,0,311
01-05-2026-direct-precopy-0087,CRIU,precopy,yes,283,49692,5444,325,6052,0.07,x86_64,x86_64,True,True,transfer_mode=direct;workload=tcp-client;iterations=3,2026-05-01T17:03:06.500735,3_LTE,3917,283,26073,0,0,331,3025,2419,0,0,296
01-05-2026-direct-precopy-0088,CRIU,precopy,yes,350,50409,5377,318,6045,0.07,x86_64,x86_64,True,True,transfer_mode=direct;workload=tcp-client;iterations=3,2026-05-01T17:03:54.434076,3_LTE,4018,350,26966,0,0,364,2980,2396,0,0,383
01-05-2026-direct-precopy-0089,CRIU,precopy,yes,369,50486,5271,275,5915,0.08,x86_64,x86_64,True,True,transfer_mode=direct;workload=tcp-client;iterations=3,2026-05-01T17:04:41.603533,3_LTE,3919,369,26077,0,0,356,2912,2358,0,0,283
01-05-2026-host-postcopy-0080,CRIU,postcopy,yes,826,24906,11575,501,12902,0.02,x86_64,x86_64,True,True,transfer_mode=host;workload=tcp-client;relay_node=edge-host-1;lazy_pages_port=9999,2026-05-01T17:05:30.438682,3_LTE,0,826,28235,4916,3097,683,6438,2278,2547,310,314
01-05-2026-host-postcopy-0081,CRIU,postcopy,yes,697,24611,11171,510,12378,0.02,x86_64,x86_64,True,True,transfer_mode=host;workload=tcp-client;relay_node=edge-host-1;lazy_pages_port=9999,2026-05-01T17:06:18.683342,3_LTE,0,697,27772,4922,3048,336,6253,2352,2280,284,311
01-05-2026-host-postcopy-0082,CRIU,postcopy,yes,747,24675,11454,507,12708,0.02,x86_64,x86_64,True,True,transfer_mode=host;workload=tcp-client;relay_node=edge-host-1;lazy_pages_port=9999,2026-05-01T17:07:06.728569,3_LTE,0,747,27929,4925,2886,341,6135,2377,2683,257,308
01-05-2026-host-postcopy-0083,CRIU,postcopy,yes,762,24624,11547,516,12825,0.02,x86_64,x86_64,True,True,transfer_mode=host;workload=tcp-client;relay_node=edge-host-1;lazy_pages_port=9999,2026-05-01T17:07:55.533837,3_LTE,0,762,27801,5072,2943,340,6288,2340,2300,618,313
01-05-2026-host-postcopy-0084,CRIU,postcopy,yes,806,24514,11489,517,12812,0.02,x86_64,x86_64,True,True,transfer_mode=host;workload=tcp-client;relay_node=edge-host-1;lazy_pages_port=9999,2026-05-01T17:08:44.311272,3_LTE,0,806,27938,4894,3098,348,6226,2667,2332,263,307
01-05-2026-host-postcopy-0085,CRIU,postcopy,yes,769,24525,11692,537,12998,0.02,x86_64,x86_64,True,True,transfer_mode=host;workload=tcp-client;relay_node=edge-host-1;lazy_pages_port=9999,2026-05-01T17:09:33.405928,3_LTE,0,769,27848,4982,3049,380,6314,2775,2308,294,325
01-05-2026-host-postcopy-0086,CRIU,postcopy,yes,730,24651,11558,523,12811,0.02,x86_64,x86_64,True,True,transfer_mode=host;workload=tcp-client;relay_node=edge-host-1;lazy_pages_port=9999,2026-05-01T17:10:21.903347,3_LTE,0,730,28408,4945,2992,337,6656,2328,2307,266,275
01-05-2026-host-postcopy-0087,CRIU,postcopy,yes,712,24646,11614,501,12827,0.02,x86_64,x86_64,True,True,transfer_mode=host;workload=tcp-client;relay_node=edge-host-1;lazy_pages_port=9999,2026-05-01T17:11:10.550005,3_LTE,0,712,28128,5192,2992,325,6544,2331,2466,271,313
01-05-2026-host-postcopy-0088,CRIU,postcopy,yes,731,24600,11318,505,12554,0.02,x86_64,x86_64,True,True,transfer_mode=host;workload=tcp-client;relay_node=edge-host-1;lazy_pages_port=9999,2026-05-01T17:11:59.039349,3_LTE,0,731,27877,5285,2975,379,6410,2307,2340,259,359
01-05-2026-host-postcopy-0089,CRIU,postcopy,yes,786,24727,11203,511,12500,0.02,x86_64,x86_64,True,True,transfer_mode=host;workload=tcp-client;relay_node=edge-host-1;lazy_pages_port=9999,2026-05-01T17:12:47.107861,3_LTE,0,786,27686,4925,3082,339,6225,2376,2317,283,319
01-05-2026-direct-postcopy-0080,CRIU,postcopy,yes,689,24753,5347,518,6554,0.04,x86_64,x86_64,True,True,transfer_mode=direct;workload=tcp-client;lazy_pages_port=9999,2026-05-01T17:13:33.001982,3_LTE,0,689,24976,4965,3025,408,3000,2346,0,0,309
01-05-2026-direct-postcopy-0081,CRIU,postcopy,yes,737,24616,5263,857,6857,0.04,x86_64,x86_64,True,True,transfer_mode=direct;workload=tcp-client;lazy_pages_port=9999,2026-05-01T17:14:17.976916,3_LTE,0,737,24594,5215,3025,422,2927,2335,0,0,306
01-05-2026-direct-postcopy-0082,CRIU,postcopy,yes,787,24673,5364,494,6645,0.04,x86_64,x86_64,True,True,transfer_mode=direct;workload=tcp-client;lazy_pages_port=9999,2026-05-01T17:15:03.108794,3_LTE,0,787,24486,5181,2975,444,3006,2358,0,0,290
01-05-2026-direct-postcopy-0083,CRIU,postcopy,yes,707,24524,5632,500,6839,0.03,x86_64,x86_64,True,True,transfer_mode=direct;workload=tcp-client;lazy_pages_port=9999,2026-05-01T17:15:47.825770,3_LTE,0,707,24349,4898,3132,327,3377,2255,0,0,279
01-05-2026-direct-postcopy-0084,CRIU,postcopy,yes,752,24642,5260,508,6520,0.04,x86_64,x86_64,True,True,transfer_mode=direct;workload=tcp-client;lazy_pages_port=9999,2026-05-01T17:16:32.836929,3_LTE,0,752,24349,4841,3025,343,2937,2322,0,0,303
01-05-2026-direct-postcopy-0085,CRIU,postcopy,yes,714,24794,5353,490,6557,0.04,x86_64,x86_64,True,True,transfer_mode=direct;workload=tcp-client;lazy_pages_port=9999,2026-05-01T17:17:18.101591,3_LTE,0,714,24627,5241,2917,391,3007,2345,0,0,317
01-05-2026-direct-postcopy-0086,CRIU,postcopy,yes,702,24573,5395,487,6584,0.04,x86_64,x86_64,True,True,transfer_mode=direct;workload=tcp-client;lazy_pages_port=9999,2026-05-01T17:18:03.364261,3_LTE,0,702,24007,4892,2975,357,3002,2393,0,0,300
01-05-2026-direct-postcopy-0087,CRIU,postcopy,yes,693,24720,5872,518,7083,0.03,x86_64,x86_64,True,True,transfer_mode=direct;workload=tcp-client;lazy_pages_port=9999,2026-05-01T17:18:48.849738,3_LTE,0,693,24631,4890,2975,332,3502,2369,0,0,344
01-05-2026-direct-postcopy-0088,CRIU,postcopy,yes,754,24651,5624,503,6881,0.04,x86_64,x86_64,True,True,transfer_mode=direct;workload=tcp-client;lazy_pages_port=9999,2026-05-01T17:19:34.176129,3_LTE,0,754,24933,5327,2974,349,2939,2684,0,0,309
01-05-2026-direct-postcopy-0089,CRIU,postcopy,yes,775,24548,5350,562,6687,0.04,x86_64,x86_64,True,True,transfer_mode=direct;workload=tcp-client;lazy_pages_port=9999,2026-05-01T17:20:19.016857,3_LTE,0,775,24217,4916,2975,360,2940,2410,0,0,318
01-05-2026-host-cold-0090,CRIU,cold,yes,463,28155,11294,398,12155,0.02,x86_64,x86_64,True,True,transfer_mode=host;workload=tcp-client;relay_node=edge-host-1,2026-05-01T17:22:37.500945,3_LTE,0,0,25724,0,0,340,6267,2402,2342,281,319
01-05-2026-host-cold-0091,CRIU,cold,yes,297,27503,11147,360,11804,0.02,x86_64,x86_64,True,True,transfer_mode=host;workload=tcp-client;relay_node=edge-host-1,2026-05-01T17:23:23.410812,3_LTE,0,0,24880,0,0,334,6276,2326,2270,274,343
01-05-2026-host-cold-0092,CRIU,cold,yes,301,27530,11783,311,12395,0.02,x86_64,x86_64,True,True,transfer_mode=host;workload=tcp-client;relay_node=edge-host-1,2026-05-01T17:24:09.559073,3_LTE,0,0,25847,0,0,647,6242,2341,2940,259,314
01-05-2026-host-cold-0094,CRIU,cold,yes,328,27379,11880,314,12522,0.02,x86_64,x86_64,True,True,transfer_mode=host;workload=tcp-client;relay_node=edge-host-1,2026-05-01T17:25:11.378568,3_LTE,0,0,25921,0,0,633,6311,2615,2673,280,318
01-05-2026-host-cold-0095,CRIU,cold,yes,341,27292,11277,310,11928,0.02,x86_64,x86_64,True,True,transfer_mode=host;workload=tcp-client;relay_node=edge-host-1,2026-05-01T17:25:56.642991,3_LTE,0,0,24898,0,0,373,6300,2416,2305,254,314
01-05-2026-host-cold-0096,CRIU,cold,yes,330,27250,11231,415,11976,0.02,x86_64,x86_64,True,True,transfer_mode=host;workload=tcp-client;relay_node=edge-host-1,2026-05-01T17:26:43.280935,3_LTE,0,0,25166,0,0,316,6370,2321,2279,259,317
01-05-2026-host-cold-0097,CRIU,cold,yes,331,27313,11350,285,11966,0.02,x86_64,x86_64,True,True,transfer_mode=host;workload=tcp-client;relay_node=edge-host-1,2026-05-01T17:27:29.868827,3_LTE,0,0,25566,0,0,408,6520,2302,2258,269,378
01-05-2026-host-cold-0098,CRIU,cold,yes,452,27288,11546,305,12303,0.02,x86_64,x86_64,True,True,transfer_mode=host;workload=tcp-client;relay_node=edge-host-1,2026-05-01T17:28:16.058574,3_LTE,0,0,26002,0,0,364,6276,2338,2673,257,353
01-05-2026-host-cold-0099,CRIU,cold,yes,295,27537,11382,325,12002,0.02,x86_64,x86_64,True,True,transfer_mode=host;workload=tcp-client;relay_node=edge-host-1,2026-05-01T17:29:01.378595,3_LTE,0,0,24953,0,0,327,6334,2370,2371,305,322
01-05-2026-direct-cold-0090,CRIU,cold,yes,334,27409,5488,359,6181,0.04,x86_64,x86_64,True,True,transfer_mode=direct;workload=tcp-client,2026-05-01T17:29:44.119215,3_LTE,0,0,21720,0,0,325,3075,2412,0,0,282
01-05-2026-direct-cold-0091,CRIU,cold,yes,362,27315,5297,316,5975,0.04,x86_64,x86_64,True,True,transfer_mode=direct;workload=tcp-client,2026-05-01T17:30:26.754052,3_LTE,0,0,22126,0,0,335,2998,2298,0,0,338
01-05-2026-direct-cold-0092,CRIU,cold,yes,341,27364,5408,309,6058,0.04,x86_64,x86_64,True,True,transfer_mode=direct;workload=tcp-client,2026-05-01T17:31:08.984771,3_LTE,0,0,21987,0,0,388,3016,2392,0,0,372
01-05-2026-direct-cold-0093,CRIU,cold,yes,370,27407,5414,348,6132,0.04,x86_64,x86_64,True,True,transfer_mode=direct;workload=tcp-client,2026-05-01T17:31:52.081345,3_LTE,0,0,21732,0,0,326,3077,2336,0,0,330
01-05-2026-direct-cold-0094,CRIU,cold,yes,382,27399,5545,315,6242,0.04,x86_64,x86_64,True,True,transfer_mode=direct;workload=tcp-client,2026-05-01T17:32:35.267581,3_LTE,0,0,22659,0,0,353,3281,2264,0,0,312
01-05-2026-direct-cold-0095,CRIU,cold,yes,362,27343,5364,344,6070,0.04,x86_64,x86_64,True,True,transfer_mode=direct;workload=tcp-client,2026-05-01T17:33:17.877638,3_LTE,0,0,22226,0,0,373,3005,2358,0,0,291
01-05-2026-direct-cold-0096,CRIU,cold,yes,331,27502,5247,319,5897,0.04,x86_64,x86_64,True,True,transfer_mode=direct;workload=tcp-client,2026-05-01T17:34:00.369758,3_LTE,0,0,21561,0,0,331,2974,2273,0,0,292
01-05-2026-direct-cold-0097,CRIU,cold,yes,341,27468,5217,284,5842,0.04,x86_64,x86_64,True,True,transfer_mode=direct;workload=tcp-client,2026-05-01T17:34:43.150996,3_LTE,0,0,21843,0,0,333,2933,2283,0,0,298
01-05-2026-direct-cold-0098,CRIU,cold,yes,345,27473,5340,291,5976,0.04,x86_64,x86_64,True,True,transfer_mode=direct;workload=tcp-client,2026-05-01T17:35:25.595581,3_LTE,0,0,22176,0,0,325,2986,2354,0,0,313
01-05-2026-direct-cold-0099,CRIU,cold,yes,315,27445,5426,414,6155,0.04,x86_64,x86_64,True,True,transfer_mode=direct;workload=tcp-client,2026-05-01T17:36:08.651679,3_LTE,0,0,21850,0,0,352,3061,2364,0,0,329
01-05-2026-host-precopy-0090,CRIU,precopy,yes,311,48904,11606,349,12266,0.03,x86_64,x86_64,True,True,transfer_mode=host;workload=tcp-client;relay_node=edge-host-1;iterations=3,2026-05-01T17:36:59.189575,3_LTE,3928,311,29417,0,0,349,6530,2450,2369,255,285
01-05-2026-host-precopy-0091,CRIU,precopy,yes,303,48870,11794,326,12423,0.03,x86_64,x86_64,True,True,transfer_mode=host;workload=tcp-client;relay_node=edge-host-1;iterations=3,2026-05-01T17:37:50.418656,3_LTE,3935,303,30398,0,0,361,6635,2480,2400,278,325
01-05-2026-host-precopy-0092,CRIU,precopy,yes,298,49786,11597,330,12225,0.03,x86_64,x86_64,True,True,transfer_mode=host;workload=tcp-client;relay_node=edge-host-1;iterations=3,2026-05-01T17:38:40.512077,3_LTE,3895,298,29786,0,0,329,6113,2773,2450,259,631
01-05-2026-host-precopy-0093,CRIU,precopy,yes,288,49664,11444,353,12085,0.03,x86_64,x86_64,True,True,transfer_mode=host;workload=tcp-client;relay_node=edge-host-1;iterations=3,2026-05-01T17:39:30.480265,3_LTE,4014,288,29224,0,0,341,6364,2359,2440,279,296
01-05-2026-host-precopy-0094,CRIU,precopy,yes,292,50449,11466,281,12039,0.04,x86_64,x86_64,True,True,transfer_mode=host;workload=tcp-client;relay_node=edge-host-1;iterations=3,2026-05-01T17:40:21.047817,3_LTE,3945,292,29259,0,0,344,6440,2353,2401,270,329
01-05-2026-host-precopy-0095,CRIU,precopy,yes,289,48633,11175,330,11794,0.03,x86_64,x86_64,True,True,transfer_mode=host;workload=tcp-client;relay_node=edge-host-1;iterations=3,2026-05-01T17:41:11.404432,3_LTE,3910,289,29370,0,0,347,6262,2282,2364,266,328
01-05-2026-host-precopy-0096,CRIU,precopy,yes,295,49618,11720,318,12333,0.03,x86_64,x86_64,True,True,transfer_mode=host;workload=tcp-client;relay_node=edge-host-1;iterations=3,2026-05-01T17:42:01.652909,3_LTE,3899,295,29822,0,0,331,6385,2339,2402,594,296
01-05-2026-host-precopy-0097,CRIU,precopy,yes,301,50263,12237,310,12848,0.03,x86_64,x86_64,True,True,transfer_mode=host;workload=tcp-client;relay_node=edge-host-1;iterations=3,2026-05-01T17:42:53.090308,3_LTE,3895,301,30348,0,0,658,6168,3090,2708,269,316
01-05-2026-host-precopy-0098,CRIU,precopy,yes,319,48977,11506,301,12126,0.03,x86_64,x86_64,True,True,transfer_mode=host;workload=tcp-client;relay_node=edge-host-1;iterations=3,2026-05-01T17:43:43.357124,3_LTE,4089,319,29415,0,0,330,6340,2412,2488,264,403
01-05-2026-host-precopy-0099,CRIU,precopy,yes,291,50439,11241,359,11891,0.04,x86_64,x86_64,True,True,transfer_mode=host;workload=tcp-client;relay_node=edge-host-1;iterations=3,2026-05-01T17:44:33.889436,3_LTE,3939,291,29304,0,0,365,6250,2367,2370,253,334
01-05-2026-direct-precopy-0090,CRIU,precopy,yes,367,48930,5472,333,6172,0.07,x86_64,x86_64,True,True,transfer_mode=direct;workload=tcp-client;iterations=3,2026-05-01T17:45:20.980249,3_LTE,4004,367,26377,0,0,352,3093,2378,0,0,312
01-05-2026-direct-precopy-0091,CRIU,precopy,yes,299,49598,5308,331,5938,0.07,x86_64,x86_64,True,True,transfer_mode=direct;workload=tcp-client;iterations=3,2026-05-01T17:46:08.207808,3_LTE,4255,299,26843,0,0,326,2892,2416,0,0,317
01-05-2026-direct-precopy-0092,CRIU,precopy,yes,295,49099,5715,321,6331,0.07,x86_64,x86_64,True,True,transfer_mode=direct;workload=tcp-client;iterations=3,2026-05-01T17:46:55.281895,3_LTE,4072,295,26614,0,0,341,3006,2709,0,0,332
01-05-2026-direct-precopy-0093,CRIU,precopy,yes,320,50480,5550,304,6174,0.07,x86_64,x86_64,True,True,transfer_mode=direct;workload=tcp-client;iterations=3,2026-05-01T17:47:42.231438,3_LTE,3981,320,26061,0,0,326,3105,2444,0,0,323
01-05-2026-direct-precopy-0094,CRIU,precopy,yes,295,49594,5507,322,6124,0.07,x86_64,x86_64,True,True,transfer_mode=direct;workload=tcp-client;iterations=3,2026-05-01T17:48:29.756414,3_LTE,3909,295,26509,0,0,398,3031,2476,0,0,340
01-05-2026-direct-precopy-0095,CRIU,precopy,yes,305,50587,5472,319,6096,0.07,x86_64,x86_64,True,True,transfer_mode=direct;workload=tcp-client;iterations=3,2026-05-01T17:49:17.395269,3_LTE,4245,305,27257,0,0,339,3055,2416,0,0,296
01-05-2026-direct-precopy-0096,CRIU,precopy,yes,287,50419,5635,311,6233,0.07,x86_64,x86_64,True,True,transfer_mode=direct;workload=tcp-client;iterations=3,2026-05-01T17:50:04.329237,3_LTE,3931,287,26613,0,0,333,2969,2666,0,0,327
01-05-2026-direct-precopy-0097,CRIU,precopy,yes,298,49775,5425,405,6128,0.07,x86_64,x86_64,True,True,transfer_mode=direct;workload=tcp-client;iterations=3,2026-05-01T17:50:51.110798,3_LTE,3951,298,26212,0,0,386,2949,2476,0,0,319
01-05-2026-direct-precopy-0098,CRIU,precopy,yes,293,49763,5500,328,6121,0.07,x86_64,x86_64,True,True,transfer_mode=direct;workload=tcp-client;iterations=3,2026-05-01T17:51:38.835884,3_LTE,3941,293,26810,0,0,429,3093,2406,0,0,468
01-05-2026-direct-precopy-0099,CRIU,precopy,yes,280,49213,5441,310,6031,0.07,x86_64,x86_64,True,True,transfer_mode=direct;workload=tcp-client;iterations=3,2026-05-01T17:52:26.633822,3_LTE,4219,280,27087,0,0,324,2852,2589,0,0,384
01-05-2026-host-postcopy-0090,CRIU,postcopy,yes,708,24869,11305,526,12539,0.02,x86_64,x86_64,True,True,transfer_mode=host;workload=tcp-client;relay_node=edge-host-1;lazy_pages_port=9999,2026-05-01T17:53:15.238050,3_LTE,0,708,28147,4967,3098,340,6337,2352,2356,258,618
01-05-2026-host-postcopy-0091,CRIU,postcopy,yes,770,24712,11352,493,12615,0.02,x86_64,x86_64,True,True,transfer_mode=host;workload=tcp-client;relay_node=edge-host-1;lazy_pages_port=9999,2026-05-01T17:54:03.656076,3_LTE,0,770,27573,4990,2992,321,6325,2404,2338,283,323
01-05-2026-host-postcopy-0092,CRIU,postcopy,yes,739,24697,11374,519,12632,0.02,x86_64,x86_64,True,True,transfer_mode=host;workload=tcp-client;relay_node=edge-host-1;lazy_pages_port=9999,2026-05-01T17:54:52.678184,3_LTE,0,739,27852,4906,3048,365,6443,2355,2319,255,353
01-05-2026-host-postcopy-0093,CRIU,postcopy,yes,791,24603,11437,504,12732,0.02,x86_64,x86_64,True,True,transfer_mode=host;workload=tcp-client;relay_node=edge-host-1;lazy_pages_port=9999,2026-05-01T17:55:40.842342,3_LTE,0,791,27672,4925,2943,348,6133,2340,2356,607,304
01-05-2026-host-postcopy-0094,CRIU,postcopy,yes,728,24776,11432,540,12700,0.02,x86_64,x86_64,True,True,transfer_mode=host;workload=tcp-client;relay_node=edge-host-1;lazy_pages_port=9999,2026-05-01T17:56:28.865347,3_LTE,0,728,27816,5026,3097,379,6563,2297,2307,264,335
01-05-2026-host-postcopy-0095,CRIU,postcopy,yes,740,24709,11096,576,12412,0.02,x86_64,x86_64,True,True,transfer_mode=host;workload=tcp-client;relay_node=edge-host-1;lazy_pages_port=9999,2026-05-01T17:57:16.802625,3_LTE,0,740,27349,5220,3048,356,6205,2355,2275,260,301
01-05-2026-host-postcopy-0096,CRIU,postcopy,yes,775,24657,11394,508,12677,0.02,x86_64,x86_64,True,True,transfer_mode=host;workload=tcp-client;relay_node=edge-host-1;lazy_pages_port=9999,2026-05-01T17:58:05.384309,3_LTE,0,775,28045,5000,2992,336,6364,2323,2300,406,428
01-05-2026-host-postcopy-0097,CRIU,postcopy,yes,688,24456,11483,538,12709,0.02,x86_64,x86_64,True,True,transfer_mode=host;workload=tcp-client;relay_node=edge-host-1;lazy_pages_port=9999,2026-05-01T17:58:54.042666,3_LTE,0,688,27824,5003,2943,347,6241,2315,2348,578,294
01-05-2026-host-postcopy-0098,CRIU,postcopy,yes,754,24882,11711,508,12973,0.02,x86_64,x86_64,True,True,transfer_mode=host;workload=tcp-client;relay_node=edge-host-1;lazy_pages_port=9999,2026-05-01T17:59:42.369996,3_LTE,0,754,28094,4990,2975,315,6441,2697,2315,257,327
01-05-2026-host-postcopy-0099,CRIU,postcopy,yes,714,24644,12527,507,13748,0.02,x86_64,x86_64,True,True,transfer_mode=host;workload=tcp-client;relay_node=edge-host-1;lazy_pages_port=9999,2026-05-01T18:00:31.801752,3_LTE,0,714,28933,4979,2975,310,7280,2354,2625,267,305
01-05-2026-direct-postcopy-0090,CRIU,postcopy,yes,710,24618,5258,500,6468,0.04,x86_64,x86_64,True,True,transfer_mode=direct;workload=tcp-client;lazy_pages_port=9999,2026-05-01T18:01:16.866339,3_LTE,0,710,24673,5035,2975,330,2950,2307,0,0,328
01-05-2026-direct-postcopy-0091,CRIU,postcopy,yes,733,24694,5349,526,6608,0.04,x86_64,x86_64,True,True,transfer_mode=direct;workload=tcp-client;lazy_pages_port=9999,2026-05-01T18:02:02.162934,3_LTE,0,733,24518,5281,2975,355,2998,2351,0,0,309
01-05-2026-direct-postcopy-0092,CRIU,postcopy,yes,752,24606,5987,491,7230,0.03,x86_64,x86_64,True,True,transfer_mode=direct;workload=tcp-client;lazy_pages_port=9999,2026-05-01T18:02:47.381155,3_LTE,0,752,24975,4880,2975,332,3657,2329,0,0,346
01-05-2026-direct-postcopy-0093,CRIU,postcopy,yes,722,24552,5309,502,6533,0.04,x86_64,x86_64,True,True,transfer_mode=direct;workload=tcp-client;lazy_pages_port=9999,2026-05-01T18:03:32.614439,3_LTE,0,722,24479,4882,3133,360,3002,2307,0,0,679
01-05-2026-direct-postcopy-0094,CRIU,postcopy,yes,652,24602,5731,508,6891,0.03,x86_64,x86_64,True,True,transfer_mode=direct;workload=tcp-client;lazy_pages_port=9999,2026-05-01T18:04:18.463207,3_LTE,0,652,25034,4921,3025,311,3215,2516,0,0,286
01-05-2026-direct-postcopy-0095,CRIU,postcopy,yes,769,24893,5322,520,6611,0.04,x86_64,x86_64,True,True,transfer_mode=direct;workload=tcp-client;lazy_pages_port=9999,2026-05-01T18:05:03.904139,3_LTE,0,769,24254,5348,2975,354,3000,2322,0,0,319
01-05-2026-direct-postcopy-0096,CRIU,postcopy,yes,774,24739,6052,551,7377,0.03,x86_64,x86_64,True,True,transfer_mode=direct;workload=tcp-client;lazy_pages_port=9999,2026-05-01T18:05:49.141033,3_LTE,0,774,25176,4975,2917,430,3787,2264,0,0,299
01-05-2026-direct-postcopy-0097,CRIU,postcopy,yes,836,24724,5319,507,6662,0.04,x86_64,x86_64,True,True,transfer_mode=direct;workload=tcp-client;lazy_pages_port=9999,2026-05-01T18:06:33.933136,3_LTE,0,836,24331,5295,2975,334,2965,2354,0,0,340
01-05-2026-direct-postcopy-0098,CRIU,postcopy,yes,802,24747,5242,486,6530,0.04,x86_64,x86_64,True,True,transfer_mode=direct;workload=tcp-client;lazy_pages_port=9999,2026-05-01T18:07:18.956211,3_LTE,0,802,24304,5266,2917,325,2985,2256,0,0,325
01-05-2026-direct-postcopy-0099,CRIU,postcopy,yes,762,24854,5317,511,6590,0.04,x86_64,x86_64,True,True,transfer_mode=direct;workload=tcp-client;lazy_pages_port=9999,2026-05-01T18:08:03.790284,3_LTE,0,762,23896,4906,2975,337,2997,2320,0,0,295
