=== repeat_benchmarks.py 2026-05-11T13:07:35.609434 ===
base_run_id=11-05-2026-counter-cold-precopy-postcopy-h10-d10-i3-relay-edge-host-1-snap-noplots-130735
strategies=cold,precopy,postcopy workload=counter source=edge-node-1 dest=edge-node-2 host_runs=10 direct_runs=10 iterations=3 relay_node=edge-host-1 profile_name=3_LTE snapshot_node_metrics=True no_plots=True

$ python3 /home/ivo/Evaluation-of-Live-Migration-Strategies-at-the-Edge/Container/scripts/setup/reset_nodes.py edge-node-1 edge-node-2
[13:07:35] Resetting nodes: edge-node-1 -> edge-node-2
[13:07:35] Step 1: Killing any existing processes on source...
[13:07:36]   Killing PID 125734 (from /home/ubuntu/app.pid)
[13:07:36]   Killing PID 125734 (from /home/ubuntu/counter.pid)
[13:07:37]   Killing any remaining background processes...
[13:07:38] Step 2: Cleaning source node...
[13:07:39] Step 3: Cleaning destination node...
[13:07:40]   Killing PID 125734 on destination (from /home/ubuntu/app.pid)
[13:07:41]   Killing PID 125734 on destination (from /home/ubuntu/counter.pid)
[13:07:41]   Killing all remaining counter processes on destination...
[13:07:44] ✓ Reset complete, nodes are clean
[13:07:44]   Next: Start your application
[exit=0]

$ bash /home/ivo/Evaluation-of-Live-Migration-Strategies-at-the-Edge/Container/scripts/workloads/start_counter_c.sh edge-node-1
[13:07:44] Ensuring counter binary on edge-node-1...
[13:07:45] Transferring counter.c to edge-node-1...
[13:07:45] Compiling counter.c on edge-node-1...
[13:07:45] Starting counter on edge-node-1...
[13:07:47] ✓ Counter started
[exit=0]
[repeat] warmup 2s

$ python3 /home/ivo/Evaluation-of-Live-Migration-Strategies-at-the-Edge/Container/scripts/orchestrators/criu_benchmark.py cold --source edge-node-1 --dest edge-node-2 --transfer-mode host --run-id 11-05-2026-host-cold-0050 --relay-node edge-host-1 --profile-name 3_LTE
[13:07:49] Starting cold migration...
[13:07:49] Source: edge-node-1, Dest: edge-node-2
[13:07:49] Transfer mode: host
[13:07:49] Relay node: edge-host-1

[13:07:49] === COLD MIGRATION ===
[13:07:49] Step 1: Checking source process...
[13:07:50]   Using PID from /home/ubuntu/counter.pid: 2770
[13:07:50]   Last counter value (pre-freeze): 4
[13:07:51]   Architecture: x86_64 (compatible)
[13:07:51] Step 2: Dumping process with CRIU...
[13:07:51]   Frozen last counter value: 5
[13:07:51]   Expected after restore: 6
[13:07:51]   Checkpoint time: 682 ms
[13:07:51] Step 3: Creating archive...
[13:07:52]   Archive size: 26057 bytes
[13:07:52] Step 4: Transferring archive...
  Transferring /home/ubuntu/CRIU-counter.tar.gz via relay node edge-host-1...
Setting up SSH trust: edge-node-1 → ubuntu@10.138.215.36
  Adding public key to destination's authorized_keys...
  Testing SSH connectivity...
  ✓ SSH trust ready
Setting up SSH trust: edge-host-1 → ubuntu@10.138.215.137
  Adding public key to destination's authorized_keys...
  Testing SSH connectivity...
  ✓ SSH trust ready
[13:08:04]   Transfer time: 11708 ms
[13:08:04] Step 5: Unpacking on destination...
[13:08:04] Step 6: Preparing restore environment...
[13:08:05] Step 6.5: Ensuring /tmp/counter binary is present on destination...
[13:08:05]   /tmp/counter missing on destination, copying from source...
[13:08:05] Step 7: Restoring process...
[13:08:06]   Restore time: 390 ms
[13:08:06]   Restored PID: 2770 (written to /home/ubuntu/counter.pid)
[13:08:06] Step 8: Verifying migration...
[13:08:10]   Expected min: 6 (after ~3.0s → ~9), Observed: 9
[13:08:10] ✓ SUCCESS: Counter continued correctly!
[13:08:10] Total downtime: 12780 ms
[13:08:10] Effective bandwidth: 0.02 Mbps
[13:08:10] Metrics saved to /home/ivo/Evaluation-of-Live-Migration-Strategies-at-the-Edge/Container/metrics/migration_metrics.csv
[exit=0]

$ python3 /home/ivo/Evaluation-of-Live-Migration-Strategies-at-the-Edge/Container/scripts/setup/reset_nodes.py edge-node-1 edge-node-2
[13:08:10] Resetting nodes: edge-node-1 -> edge-node-2
[13:08:10] Step 1: Killing any existing processes on source...
[13:08:10]   Killing PID 2770 (from /home/ubuntu/app.pid)
[13:08:11]   Killing PID 2770 (from /home/ubuntu/counter.pid)
[13:08:12]   Killing any remaining background processes...
[13:08:13] Step 2: Cleaning source node...
[13:08:14] Step 3: Cleaning destination node...
[13:08:14]   Killing PID 2770 on destination (from /home/ubuntu/app.pid)
[13:08:15]   Killing PID 2770 on destination (from /home/ubuntu/counter.pid)
[13:08:16]   Killing all remaining counter processes on destination...
[13:08:19] ✓ Reset complete, nodes are clean
[13:08:19]   Next: Start your application
[exit=0]

$ bash /home/ivo/Evaluation-of-Live-Migration-Strategies-at-the-Edge/Container/scripts/workloads/start_counter_c.sh edge-node-1
[13:08:19] Ensuring counter binary on edge-node-1...
[13:08:19] Reusing existing /tmp/counter on edge-node-1
[13:08:19] Starting counter on edge-node-1...
[13:08:21] ✓ Counter started
[exit=0]
[repeat] warmup 2s

$ python3 /home/ivo/Evaluation-of-Live-Migration-Strategies-at-the-Edge/Container/scripts/orchestrators/criu_benchmark.py cold --source edge-node-1 --dest edge-node-2 --transfer-mode host --run-id 11-05-2026-host-cold-0051 --relay-node edge-host-1 --profile-name 3_LTE
[13:08:23] Starting cold migration...
[13:08:23] Source: edge-node-1, Dest: edge-node-2
[13:08:23] Transfer mode: host
[13:08:23] Relay node: edge-host-1

[13:08:23] === COLD MIGRATION ===
[13:08:23] Step 1: Checking source process...
[13:08:24]   Using PID from /home/ubuntu/counter.pid: 4300
[13:08:24]   Last counter value (pre-freeze): 4
[13:08:24]   Architecture: x86_64 (compatible)
[13:08:24] Step 2: Dumping process with CRIU...
[13:08:25]   Frozen last counter value: 5
[13:08:25]   Expected after restore: 6
[13:08:25]   Checkpoint time: 652 ms
[13:08:25] Step 3: Creating archive...
[13:08:26]   Archive size: 25412 bytes
[13:08:26] Step 4: Transferring archive...
  Transferring /home/ubuntu/CRIU-counter.tar.gz via relay node edge-host-1...
Setting up SSH trust: edge-node-1 → ubuntu@10.138.215.36
  Adding public key to destination's authorized_keys...
  Testing SSH connectivity...
  ✓ SSH trust ready
Setting up SSH trust: edge-host-1 → ubuntu@10.138.215.137
  Adding public key to destination's authorized_keys...
  Testing SSH connectivity...
  ✓ SSH trust ready
[13:08:37]   Transfer time: 11419 ms
[13:08:37] Step 5: Unpacking on destination...
[13:08:37] Step 6: Preparing restore environment...
[13:08:38] Step 6.5: Ensuring /tmp/counter binary is present on destination...
[13:08:38] Step 7: Restoring process...
[13:08:39]   Restore time: 341 ms
[13:08:39]   Restored PID: 4300 (written to /home/ubuntu/counter.pid)
[13:08:39] Step 8: Verifying migration...
[13:08:43]   Expected min: 6 (after ~3.0s → ~9), Observed: 10
[13:08:43] ✓ SUCCESS: Counter continued correctly!
[13:08:43] Total downtime: 12412 ms
[13:08:43] Effective bandwidth: 0.02 Mbps
[13:08:43] Metrics saved to /home/ivo/Evaluation-of-Live-Migration-Strategies-at-the-Edge/Container/metrics/migration_metrics.csv
[exit=0]

$ python3 /home/ivo/Evaluation-of-Live-Migration-Strategies-at-the-Edge/Container/scripts/setup/reset_nodes.py edge-node-1 edge-node-2
[13:08:44] Resetting nodes: edge-node-1 -> edge-node-2
[13:08:44] Step 1: Killing any existing processes on source...
[13:08:44]   Killing PID 4300 (from /home/ubuntu/app.pid)
[13:08:45]   Killing PID 4300 (from /home/ubuntu/counter.pid)
[13:08:45]   Killing any remaining background processes...
[13:08:47] Step 2: Cleaning source node...
[13:08:48] Step 3: Cleaning destination node...
[13:08:48]   Killing PID 4300 on destination (from /home/ubuntu/app.pid)
[13:08:49]   Killing PID 4300 on destination (from /home/ubuntu/counter.pid)
[13:08:49]   Killing all remaining counter processes on destination...
[13:08:53] ✓ Reset complete, nodes are clean
[13:08:53]   Next: Start your application
[exit=0]

$ bash /home/ivo/Evaluation-of-Live-Migration-Strategies-at-the-Edge/Container/scripts/workloads/start_counter_c.sh edge-node-1
[13:08:53] Ensuring counter binary on edge-node-1...
[13:08:53] Reusing existing /tmp/counter on edge-node-1
[13:08:53] Starting counter on edge-node-1...
[13:08:54] ✓ Counter started
[exit=0]
[repeat] warmup 2s

$ python3 /home/ivo/Evaluation-of-Live-Migration-Strategies-at-the-Edge/Container/scripts/orchestrators/criu_benchmark.py cold --source edge-node-1 --dest edge-node-2 --transfer-mode host --run-id 11-05-2026-host-cold-0052 --relay-node edge-host-1 --profile-name 3_LTE
[13:08:57] Starting cold migration...
[13:08:57] Source: edge-node-1, Dest: edge-node-2
[13:08:57] Transfer mode: host
[13:08:57] Relay node: edge-host-1

[13:08:57] === COLD MIGRATION ===
[13:08:57] Step 1: Checking source process...
[13:08:57]   Using PID from /home/ubuntu/counter.pid: 5771
[13:08:57]   Last counter value (pre-freeze): 4
[13:08:58]   Architecture: x86_64 (compatible)
[13:08:58] Step 2: Dumping process with CRIU...
[13:08:59]   Frozen last counter value: 5
[13:08:59]   Expected after restore: 6
[13:08:59]   Checkpoint time: 588 ms
[13:08:59] Step 3: Creating archive...
[13:08:59]   Archive size: 25179 bytes
[13:08:59] Step 4: Transferring archive...
  Transferring /home/ubuntu/CRIU-counter.tar.gz via relay node edge-host-1...
Setting up SSH trust: edge-node-1 → ubuntu@10.138.215.36
  Adding public key to destination's authorized_keys...
  Testing SSH connectivity...
  ✓ SSH trust ready
Setting up SSH trust: edge-host-1 → ubuntu@10.138.215.137
  Adding public key to destination's authorized_keys...
  Testing SSH connectivity...
  ✓ SSH trust ready
[13:09:11]   Transfer time: 11570 ms
[13:09:11] Step 5: Unpacking on destination...
[13:09:11] Step 6: Preparing restore environment...
[13:09:12] Step 6.5: Ensuring /tmp/counter binary is present on destination...
[13:09:12] Step 7: Restoring process...
[13:09:12]   Restore time: 312 ms
[13:09:13]   Restored PID: 5771 (written to /home/ubuntu/counter.pid)
[13:09:13] Step 8: Verifying migration...
[13:09:16]   Expected min: 6 (after ~3.0s → ~9), Observed: 9
[13:09:16] ✓ SUCCESS: Counter continued correctly!
[13:09:16] Total downtime: 12470 ms
[13:09:16] Effective bandwidth: 0.02 Mbps
[13:09:16] Metrics saved to /home/ivo/Evaluation-of-Live-Migration-Strategies-at-the-Edge/Container/metrics/migration_metrics.csv
[exit=0]

$ python3 /home/ivo/Evaluation-of-Live-Migration-Strategies-at-the-Edge/Container/scripts/setup/reset_nodes.py edge-node-1 edge-node-2
[13:09:17] Resetting nodes: edge-node-1 -> edge-node-2
[13:09:17] Step 1: Killing any existing processes on source...
[13:09:17]   Killing PID 5771 (from /home/ubuntu/app.pid)
[13:09:18]   Killing PID 5771 (from /home/ubuntu/counter.pid)
[13:09:18]   Killing any remaining background processes...
[13:09:19] Step 2: Cleaning source node...
[13:09:21] Step 3: Cleaning destination node...
[13:09:21]   Killing PID 5771 on destination (from /home/ubuntu/app.pid)
[13:09:22]   Killing PID 5771 on destination (from /home/ubuntu/counter.pid)
[13:09:22]   Killing all remaining counter processes on destination...
[13:09:25] ✓ Reset complete, nodes are clean
[13:09:25]   Next: Start your application
[exit=0]

$ bash /home/ivo/Evaluation-of-Live-Migration-Strategies-at-the-Edge/Container/scripts/workloads/start_counter_c.sh edge-node-1
[13:09:25] Ensuring counter binary on edge-node-1...
[13:09:26] Reusing existing /tmp/counter on edge-node-1
[13:09:26] Starting counter on edge-node-1...
[13:09:27] ✓ Counter started
[exit=0]
[repeat] warmup 2s

$ python3 /home/ivo/Evaluation-of-Live-Migration-Strategies-at-the-Edge/Container/scripts/orchestrators/criu_benchmark.py cold --source edge-node-1 --dest edge-node-2 --transfer-mode host --run-id 11-05-2026-host-cold-0053 --relay-node edge-host-1 --profile-name 3_LTE
[13:09:30] Starting cold migration...
[13:09:30] Source: edge-node-1, Dest: edge-node-2
[13:09:30] Transfer mode: host
[13:09:30] Relay node: edge-host-1

[13:09:30] === COLD MIGRATION ===
[13:09:30] Step 1: Checking source process...
[13:09:30]   Using PID from /home/ubuntu/counter.pid: 7226
[13:09:30]   Last counter value (pre-freeze): 4
[13:09:31]   Architecture: x86_64 (compatible)
[13:09:31] Step 2: Dumping process with CRIU...
[13:09:32]   Frozen last counter value: 5
[13:09:32]   Expected after restore: 6
[13:09:32]   Checkpoint time: 586 ms
[13:09:32] Step 3: Creating archive...
[13:09:32]   Archive size: 25194 bytes
[13:09:32] Step 4: Transferring archive...
  Transferring /home/ubuntu/CRIU-counter.tar.gz via relay node edge-host-1...
Setting up SSH trust: edge-node-1 → ubuntu@10.138.215.36
  Adding public key to destination's authorized_keys...
  Testing SSH connectivity...
  ✓ SSH trust ready
Setting up SSH trust: edge-host-1 → ubuntu@10.138.215.137
  Adding public key to destination's authorized_keys...
  Testing SSH connectivity...
  ✓ SSH trust ready
[13:09:43]   Transfer time: 11402 ms
[13:09:43] Step 5: Unpacking on destination...
[13:09:44] Step 6: Preparing restore environment...
[13:09:45] Step 6.5: Ensuring /tmp/counter binary is present on destination...
[13:09:45] Step 7: Restoring process...
[13:09:45]   Restore time: 301 ms
[13:09:45]   Restored PID: 7226 (written to /home/ubuntu/counter.pid)
[13:09:45] Step 8: Verifying migration...
[13:09:49]   Expected min: 6 (after ~3.0s → ~9), Observed: 9
[13:09:49] ✓ SUCCESS: Counter continued correctly!
[13:09:49] Total downtime: 12289 ms
[13:09:49] Effective bandwidth: 0.02 Mbps
[13:09:49] Metrics saved to /home/ivo/Evaluation-of-Live-Migration-Strategies-at-the-Edge/Container/metrics/migration_metrics.csv
[exit=0]

$ python3 /home/ivo/Evaluation-of-Live-Migration-Strategies-at-the-Edge/Container/scripts/setup/reset_nodes.py edge-node-1 edge-node-2
[13:09:50] Resetting nodes: edge-node-1 -> edge-node-2
[13:09:50] Step 1: Killing any existing processes on source...
[13:09:50]   Killing PID 7226 (from /home/ubuntu/app.pid)
[13:09:51]   Killing PID 7226 (from /home/ubuntu/counter.pid)
[13:09:51]   Killing any remaining background processes...
[13:09:53] Step 2: Cleaning source node...
[13:09:54] Step 3: Cleaning destination node...
[13:09:54]   Killing PID 7226 on destination (from /home/ubuntu/app.pid)
[13:09:55]   Killing PID 7226 on destination (from /home/ubuntu/counter.pid)
[13:09:55]   Killing all remaining counter processes on destination...
[13:09:58] ✓ Reset complete, nodes are clean
[13:09:58]   Next: Start your application
[exit=0]

$ bash /home/ivo/Evaluation-of-Live-Migration-Strategies-at-the-Edge/Container/scripts/workloads/start_counter_c.sh edge-node-1
[13:09:58] Ensuring counter binary on edge-node-1...
[13:09:59] Reusing existing /tmp/counter on edge-node-1
[13:09:59] Starting counter on edge-node-1...
[13:10:00] ✓ Counter started
[exit=0]
[repeat] warmup 2s

$ python3 /home/ivo/Evaluation-of-Live-Migration-Strategies-at-the-Edge/Container/scripts/orchestrators/criu_benchmark.py cold --source edge-node-1 --dest edge-node-2 --transfer-mode host --run-id 11-05-2026-host-cold-0054 --relay-node edge-host-1 --profile-name 3_LTE
[13:10:02] Starting cold migration...
[13:10:02] Source: edge-node-1, Dest: edge-node-2
[13:10:02] Transfer mode: host
[13:10:02] Relay node: edge-host-1

[13:10:02] === COLD MIGRATION ===
[13:10:02] Step 1: Checking source process...
[13:10:03]   Using PID from /home/ubuntu/counter.pid: 8690
[13:10:03]   Last counter value (pre-freeze): 4
[13:10:04]   Architecture: x86_64 (compatible)
[13:10:04] Step 2: Dumping process with CRIU...
[13:10:04]   Frozen last counter value: 5
[13:10:04]   Expected after restore: 6
[13:10:04]   Checkpoint time: 625 ms
[13:10:04] Step 3: Creating archive...
[13:10:05]   Archive size: 25136 bytes
[13:10:05] Step 4: Transferring archive...
  Transferring /home/ubuntu/CRIU-counter.tar.gz via relay node edge-host-1...
Setting up SSH trust: edge-node-1 → ubuntu@10.138.215.36
  Adding public key to destination's authorized_keys...
  Testing SSH connectivity...
  ✓ SSH trust ready
Setting up SSH trust: edge-host-1 → ubuntu@10.138.215.137
  Adding public key to destination's authorized_keys...
  Testing SSH connectivity...
  ✓ SSH trust ready
[13:10:16]   Transfer time: 11401 ms
[13:10:16] Step 5: Unpacking on destination...
[13:10:17] Step 6: Preparing restore environment...
[13:10:17] Step 6.5: Ensuring /tmp/counter binary is present on destination...
[13:10:18] Step 7: Restoring process...
[13:10:18]   Restore time: 296 ms
[13:10:18]   Restored PID: 8690 (written to /home/ubuntu/counter.pid)
[13:10:18] Step 8: Verifying migration...
[13:10:22]   Expected min: 6 (after ~3.0s → ~9), Observed: 9
[13:10:22] ✓ SUCCESS: Counter continued correctly!
[13:10:22] Total downtime: 12322 ms
[13:10:22] Effective bandwidth: 0.02 Mbps
[13:10:22] Metrics saved to /home/ivo/Evaluation-of-Live-Migration-Strategies-at-the-Edge/Container/metrics/migration_metrics.csv
[exit=0]

$ python3 /home/ivo/Evaluation-of-Live-Migration-Strategies-at-the-Edge/Container/scripts/setup/reset_nodes.py edge-node-1 edge-node-2
[13:10:22] Resetting nodes: edge-node-1 -> edge-node-2
[13:10:22] Step 1: Killing any existing processes on source...
[13:10:23]   Killing PID 8690 (from /home/ubuntu/app.pid)
[13:10:23]   Killing PID 8690 (from /home/ubuntu/counter.pid)
[13:10:24]   Killing any remaining background processes...
[13:10:25] Step 2: Cleaning source node...
[13:10:26] Step 3: Cleaning destination node...
[13:10:27]   Killing PID 8690 on destination (from /home/ubuntu/app.pid)
[13:10:27]   Killing PID 8690 on destination (from /home/ubuntu/counter.pid)
[13:10:28]   Killing all remaining counter processes on destination...
[13:10:31] ✓ Reset complete, nodes are clean
[13:10:31]   Next: Start your application
[exit=0]

$ bash /home/ivo/Evaluation-of-Live-Migration-Strategies-at-the-Edge/Container/scripts/workloads/start_counter_c.sh edge-node-1
[13:10:31] Ensuring counter binary on edge-node-1...
[13:10:32] Reusing existing /tmp/counter on edge-node-1
[13:10:32] Starting counter on edge-node-1...
[13:10:33] ✓ Counter started
[exit=0]
[repeat] warmup 2s

$ python3 /home/ivo/Evaluation-of-Live-Migration-Strategies-at-the-Edge/Container/scripts/orchestrators/criu_benchmark.py cold --source edge-node-1 --dest edge-node-2 --transfer-mode host --run-id 11-05-2026-host-cold-0055 --relay-node edge-host-1 --profile-name 3_LTE
[13:10:35] Starting cold migration...
[13:10:35] Source: edge-node-1, Dest: edge-node-2
[13:10:35] Transfer mode: host
[13:10:35] Relay node: edge-host-1

[13:10:35] === COLD MIGRATION ===
[13:10:35] Step 1: Checking source process...
[13:10:36]   Using PID from /home/ubuntu/counter.pid: 10151
[13:10:36]   Last counter value (pre-freeze): 4
[13:10:37]   Architecture: x86_64 (compatible)
[13:10:37] Step 2: Dumping process with CRIU...
[13:10:37]   Frozen last counter value: 5
[13:10:37]   Expected after restore: 6
[13:10:37]   Checkpoint time: 601 ms
[13:10:37] Step 3: Creating archive...
[13:10:38]   Archive size: 25143 bytes
[13:10:38] Step 4: Transferring archive...
  Transferring /home/ubuntu/CRIU-counter.tar.gz via relay node edge-host-1...
Setting up SSH trust: edge-node-1 → ubuntu@10.138.215.36
  Adding public key to destination's authorized_keys...
  Testing SSH connectivity...
  ✓ SSH trust ready
Setting up SSH trust: edge-host-1 → ubuntu@10.138.215.137
  Adding public key to destination's authorized_keys...
  Testing SSH connectivity...
  ✓ SSH trust ready
[13:10:49]   Transfer time: 11560 ms
[13:10:49] Step 5: Unpacking on destination...
[13:10:50] Step 6: Preparing restore environment...
[13:10:50] Step 6.5: Ensuring /tmp/counter binary is present on destination...
[13:10:51] Step 7: Restoring process...
[13:10:51]   Restore time: 294 ms
[13:10:51]   Restored PID: 10151 (written to /home/ubuntu/counter.pid)
[13:10:51] Step 8: Verifying migration...
[13:10:55]   Expected min: 6 (after ~3.0s → ~9), Observed: 9
[13:10:55] ✓ SUCCESS: Counter continued correctly!
[13:10:55] Total downtime: 12455 ms
[13:10:55] Effective bandwidth: 0.02 Mbps
[13:10:55] Metrics saved to /home/ivo/Evaluation-of-Live-Migration-Strategies-at-the-Edge/Container/metrics/migration_metrics.csv
[exit=0]

$ python3 /home/ivo/Evaluation-of-Live-Migration-Strategies-at-the-Edge/Container/scripts/setup/reset_nodes.py edge-node-1 edge-node-2
[13:10:56] Resetting nodes: edge-node-1 -> edge-node-2
[13:10:56] Step 1: Killing any existing processes on source...
[13:10:56]   Killing PID 10151 (from /home/ubuntu/app.pid)
[13:10:57]   Killing PID 10151 (from /home/ubuntu/counter.pid)
[13:10:57]   Killing any remaining background processes...
[13:10:58] Step 2: Cleaning source node...
[13:11:00] Step 3: Cleaning destination node...
[13:11:00]   Killing PID 10151 on destination (from /home/ubuntu/app.pid)
[13:11:01]   Killing PID 10151 on destination (from /home/ubuntu/counter.pid)
[13:11:01]   Killing all remaining counter processes on destination...
[13:11:04] ✓ Reset complete, nodes are clean
[13:11:04]   Next: Start your application
[exit=0]

$ bash /home/ivo/Evaluation-of-Live-Migration-Strategies-at-the-Edge/Container/scripts/workloads/start_counter_c.sh edge-node-1
[13:11:04] Ensuring counter binary on edge-node-1...
[13:11:05] Reusing existing /tmp/counter on edge-node-1
[13:11:05] Starting counter on edge-node-1...
[13:11:06] ✓ Counter started
[exit=0]
[repeat] warmup 2s

$ python3 /home/ivo/Evaluation-of-Live-Migration-Strategies-at-the-Edge/Container/scripts/orchestrators/criu_benchmark.py cold --source edge-node-1 --dest edge-node-2 --transfer-mode host --run-id 11-05-2026-host-cold-0056 --relay-node edge-host-1 --profile-name 3_LTE
[13:11:08] Starting cold migration...
[13:11:08] Source: edge-node-1, Dest: edge-node-2
[13:11:08] Transfer mode: host
[13:11:08] Relay node: edge-host-1

[13:11:08] === COLD MIGRATION ===
[13:11:08] Step 1: Checking source process...
[13:11:09]   Using PID from /home/ubuntu/counter.pid: 11619
[13:11:09]   Last counter value (pre-freeze): 4
[13:11:10]   Architecture: x86_64 (compatible)
[13:11:10] Step 2: Dumping process with CRIU...
[13:11:11]   Frozen last counter value: 5
[13:11:11]   Expected after restore: 6
[13:11:11]   Checkpoint time: 602 ms
[13:11:11] Step 3: Creating archive...
[13:11:11]   Archive size: 25294 bytes
[13:11:11] Step 4: Transferring archive...
  Transferring /home/ubuntu/CRIU-counter.tar.gz via relay node edge-host-1...
Setting up SSH trust: edge-node-1 → ubuntu@10.138.215.36
  Adding public key to destination's authorized_keys...
  Testing SSH connectivity...
  ✓ SSH trust ready
Setting up SSH trust: edge-host-1 → ubuntu@10.138.215.137
  Adding public key to destination's authorized_keys...
  Testing SSH connectivity...
  ✓ SSH trust ready
[13:11:23]   Transfer time: 11710 ms
[13:11:23] Step 5: Unpacking on destination...
[13:11:23] Step 6: Preparing restore environment...
[13:11:24] Step 6.5: Ensuring /tmp/counter binary is present on destination...
[13:11:24] Step 7: Restoring process...
[13:11:24]   Restore time: 331 ms
[13:11:25]   Restored PID: 11619 (written to /home/ubuntu/counter.pid)
[13:11:25] Step 8: Verifying migration...
[13:11:28]   Expected min: 6 (after ~3.0s → ~9), Observed: 9
[13:11:28] ✓ SUCCESS: Counter continued correctly!
[13:11:28] Total downtime: 12643 ms
[13:11:28] Effective bandwidth: 0.02 Mbps
[13:11:28] Metrics saved to /home/ivo/Evaluation-of-Live-Migration-Strategies-at-the-Edge/Container/metrics/migration_metrics.csv
[exit=0]

$ python3 /home/ivo/Evaluation-of-Live-Migration-Strategies-at-the-Edge/Container/scripts/setup/reset_nodes.py edge-node-1 edge-node-2
[13:11:29] Resetting nodes: edge-node-1 -> edge-node-2
[13:11:29] Step 1: Killing any existing processes on source...
[13:11:29]   Killing PID 11619 (from /home/ubuntu/app.pid)
[13:11:30]   Killing PID 11619 (from /home/ubuntu/counter.pid)
[13:11:30]   Killing any remaining background processes...
[13:11:32] Step 2: Cleaning source node...
[13:11:33] Step 3: Cleaning destination node...
[13:11:33]   Killing PID 11619 on destination (from /home/ubuntu/app.pid)
[13:11:34]   Killing PID 11619 on destination (from /home/ubuntu/counter.pid)
[13:11:34]   Killing all remaining counter processes on destination...
[13:11:38] ✓ Reset complete, nodes are clean
[13:11:38]   Next: Start your application
[exit=0]

$ bash /home/ivo/Evaluation-of-Live-Migration-Strategies-at-the-Edge/Container/scripts/workloads/start_counter_c.sh edge-node-1
[13:11:38] Ensuring counter binary on edge-node-1...
[13:11:38] Reusing existing /tmp/counter on edge-node-1
[13:11:38] Starting counter on edge-node-1...
[13:11:39] ✓ Counter started
[exit=0]
[repeat] warmup 2s

$ python3 /home/ivo/Evaluation-of-Live-Migration-Strategies-at-the-Edge/Container/scripts/orchestrators/criu_benchmark.py cold --source edge-node-1 --dest edge-node-2 --transfer-mode host --run-id 11-05-2026-host-cold-0057 --relay-node edge-host-1 --profile-name 3_LTE
[13:11:42] Starting cold migration...
[13:11:42] Source: edge-node-1, Dest: edge-node-2
[13:11:42] Transfer mode: host
[13:11:42] Relay node: edge-host-1

[13:11:42] === COLD MIGRATION ===
[13:11:42] Step 1: Checking source process...
[13:11:42]   Using PID from /home/ubuntu/counter.pid: 13082
[13:11:43]   Last counter value (pre-freeze): 4
[13:11:43]   Architecture: x86_64 (compatible)
[13:11:43] Step 2: Dumping process with CRIU...
[13:11:44]   Frozen last counter value: 5
[13:11:44]   Expected after restore: 6
[13:11:44]   Checkpoint time: 583 ms
[13:11:44] Step 3: Creating archive...
[13:11:44]   Archive size: 25111 bytes
[13:11:44] Step 4: Transferring archive...
  Transferring /home/ubuntu/CRIU-counter.tar.gz via relay node edge-host-1...
Setting up SSH trust: edge-node-1 → ubuntu@10.138.215.36
  Adding public key to destination's authorized_keys...
  Testing SSH connectivity...
  ✓ SSH trust ready
Setting up SSH trust: edge-host-1 → ubuntu@10.138.215.137
  Adding public key to destination's authorized_keys...
  Testing SSH connectivity...
  ✓ SSH trust ready
[13:11:56]   Transfer time: 11698 ms
[13:11:56] Step 5: Unpacking on destination...
[13:11:56] Step 6: Preparing restore environment...
[13:11:57] Step 6.5: Ensuring /tmp/counter binary is present on destination...
[13:11:57] Step 7: Restoring process...
[13:11:58]   Restore time: 351 ms
[13:11:58]   Restored PID: 13082 (written to /home/ubuntu/counter.pid)
[13:11:58] Step 8: Verifying migration...
[13:12:02]   Expected min: 6 (after ~3.0s → ~9), Observed: 9
[13:12:02] ✓ SUCCESS: Counter continued correctly!
[13:12:02] Total downtime: 12632 ms
[13:12:02] Effective bandwidth: 0.02 Mbps
[13:12:02] Metrics saved to /home/ivo/Evaluation-of-Live-Migration-Strategies-at-the-Edge/Container/metrics/migration_metrics.csv
[exit=0]

$ python3 /home/ivo/Evaluation-of-Live-Migration-Strategies-at-the-Edge/Container/scripts/setup/reset_nodes.py edge-node-1 edge-node-2
[13:12:02] Resetting nodes: edge-node-1 -> edge-node-2
[13:12:02] Step 1: Killing any existing processes on source...
[13:12:03]   Killing PID 13082 (from /home/ubuntu/app.pid)
[13:12:03]   Killing PID 13082 (from /home/ubuntu/counter.pid)
[13:12:04]   Killing any remaining background processes...
[13:12:05] Step 2: Cleaning source node...
[13:12:06] Step 3: Cleaning destination node...
[13:12:07]   Killing PID 13082 on destination (from /home/ubuntu/app.pid)
[13:12:08]   Killing PID 13082 on destination (from /home/ubuntu/counter.pid)
[13:12:08]   Killing all remaining counter processes on destination...
[13:12:11] ✓ Reset complete, nodes are clean
[13:12:11]   Next: Start your application
[exit=0]

$ bash /home/ivo/Evaluation-of-Live-Migration-Strategies-at-the-Edge/Container/scripts/workloads/start_counter_c.sh edge-node-1
[13:12:11] Ensuring counter binary on edge-node-1...
[13:12:12] Reusing existing /tmp/counter on edge-node-1
[13:12:12] Starting counter on edge-node-1...
[13:12:13] ✓ Counter started
[exit=0]
[repeat] warmup 2s

$ python3 /home/ivo/Evaluation-of-Live-Migration-Strategies-at-the-Edge/Container/scripts/orchestrators/criu_benchmark.py cold --source edge-node-1 --dest edge-node-2 --transfer-mode host --run-id 11-05-2026-host-cold-0058 --relay-node edge-host-1 --profile-name 3_LTE
[13:12:15] Starting cold migration...
[13:12:15] Source: edge-node-1, Dest: edge-node-2
[13:12:15] Transfer mode: host
[13:12:15] Relay node: edge-host-1

[13:12:15] === COLD MIGRATION ===
[13:12:15] Step 1: Checking source process...
[13:12:16]   Using PID from /home/ubuntu/counter.pid: 14549
[13:12:16]   Last counter value (pre-freeze): 4
[13:12:17]   Architecture: x86_64 (compatible)
[13:12:17] Step 2: Dumping process with CRIU...
[13:12:17]   Frozen last counter value: 5
[13:12:17]   Expected after restore: 6
[13:12:17]   Checkpoint time: 628 ms
[13:12:17] Step 3: Creating archive...
[13:12:18]   Archive size: 25030 bytes
[13:12:18] Step 4: Transferring archive...
  Transferring /home/ubuntu/CRIU-counter.tar.gz via relay node edge-host-1...
Setting up SSH trust: edge-node-1 → ubuntu@10.138.215.36
  Adding public key to destination's authorized_keys...
  Testing SSH connectivity...
  ✓ SSH trust ready
Setting up SSH trust: edge-host-1 → ubuntu@10.138.215.137
  Adding public key to destination's authorized_keys...
  Testing SSH connectivity...
  ✓ SSH trust ready
[13:12:30]   Transfer time: 11622 ms
[13:12:30] Step 5: Unpacking on destination...
[13:12:30] Step 6: Preparing restore environment...
[13:12:31] Step 6.5: Ensuring /tmp/counter binary is present on destination...
[13:12:31] Step 7: Restoring process...
[13:12:31]   Restore time: 304 ms
[13:12:31]   Restored PID: 14549 (written to /home/ubuntu/counter.pid)
[13:12:31] Step 8: Verifying migration...
[13:12:35]   Expected min: 6 (after ~3.0s → ~9), Observed: 9
[13:12:35] ✓ SUCCESS: Counter continued correctly!
[13:12:35] Total downtime: 12554 ms
[13:12:35] Effective bandwidth: 0.02 Mbps
[13:12:35] Metrics saved to /home/ivo/Evaluation-of-Live-Migration-Strategies-at-the-Edge/Container/metrics/migration_metrics.csv
[exit=0]

$ python3 /home/ivo/Evaluation-of-Live-Migration-Strategies-at-the-Edge/Container/scripts/setup/reset_nodes.py edge-node-1 edge-node-2
[13:12:35] Resetting nodes: edge-node-1 -> edge-node-2
[13:12:35] Step 1: Killing any existing processes on source...
[13:12:36]   Killing PID 14549 (from /home/ubuntu/app.pid)
[13:12:37]   Killing PID 14549 (from /home/ubuntu/counter.pid)
[13:12:37]   Killing any remaining background processes...
[13:12:39] Step 2: Cleaning source node...
[13:12:40] Step 3: Cleaning destination node...
[13:12:40]   Killing PID 14549 on destination (from /home/ubuntu/app.pid)
[13:12:41]   Killing PID 14549 on destination (from /home/ubuntu/counter.pid)
[13:12:41]   Killing all remaining counter processes on destination...
[13:12:44] ✓ Reset complete, nodes are clean
[13:12:44]   Next: Start your application
[exit=0]

$ bash /home/ivo/Evaluation-of-Live-Migration-Strategies-at-the-Edge/Container/scripts/workloads/start_counter_c.sh edge-node-1
[13:12:44] Ensuring counter binary on edge-node-1...
[13:12:45] Reusing existing /tmp/counter on edge-node-1
[13:12:45] Starting counter on edge-node-1...
[13:12:46] ✓ Counter started
[exit=0]
[repeat] warmup 2s

$ python3 /home/ivo/Evaluation-of-Live-Migration-Strategies-at-the-Edge/Container/scripts/orchestrators/criu_benchmark.py cold --source edge-node-1 --dest edge-node-2 --transfer-mode host --run-id 11-05-2026-host-cold-0059 --relay-node edge-host-1 --profile-name 3_LTE
[13:12:48] Starting cold migration...
[13:12:48] Source: edge-node-1, Dest: edge-node-2
[13:12:48] Transfer mode: host
[13:12:48] Relay node: edge-host-1

[13:12:48] === COLD MIGRATION ===
[13:12:48] Step 1: Checking source process...
[13:12:49]   Using PID from /home/ubuntu/counter.pid: 16003
[13:12:49]   Last counter value (pre-freeze): 4
[13:12:50]   Architecture: x86_64 (compatible)
[13:12:50] Step 2: Dumping process with CRIU...
[13:12:51]   Frozen last counter value: 5
[13:12:51]   Expected after restore: 6
[13:12:51]   Checkpoint time: 684 ms
[13:12:51] Step 3: Creating archive...
[13:12:52]   Archive size: 25136 bytes
[13:12:52] Step 4: Transferring archive...
  Transferring /home/ubuntu/CRIU-counter.tar.gz via relay node edge-host-1...
Setting up SSH trust: edge-node-1 → ubuntu@10.138.215.36
  Adding public key to destination's authorized_keys...
  Testing SSH connectivity...
  ✓ SSH trust ready
Setting up SSH trust: edge-host-1 → ubuntu@10.138.215.137
  Adding public key to destination's authorized_keys...
  Testing SSH connectivity...
  ✓ SSH trust ready
[13:13:03]   Transfer time: 11233 ms
[13:13:03] Step 5: Unpacking on destination...
[13:13:03] Step 6: Preparing restore environment...
[13:13:04] Step 6.5: Ensuring /tmp/counter binary is present on destination...
[13:13:04] Step 7: Restoring process...
[13:13:04]   Restore time: 321 ms
[13:13:05]   Restored PID: 16003 (written to /home/ubuntu/counter.pid)
[13:13:05] Step 8: Verifying migration...
[13:13:08]   Expected min: 6 (after ~3.0s → ~9), Observed: 9
[13:13:08] ✓ SUCCESS: Counter continued correctly!
[13:13:08] Total downtime: 12238 ms
[13:13:08] Effective bandwidth: 0.02 Mbps
[13:13:08] Metrics saved to /home/ivo/Evaluation-of-Live-Migration-Strategies-at-the-Edge/Container/metrics/migration_metrics.csv
[exit=0]

$ python3 /home/ivo/Evaluation-of-Live-Migration-Strategies-at-the-Edge/Container/scripts/setup/reset_nodes.py edge-node-1 edge-node-2
[13:13:09] Resetting nodes: edge-node-1 -> edge-node-2
[13:13:09] Step 1: Killing any existing processes on source...
[13:13:09]   Killing PID 16003 (from /home/ubuntu/app.pid)
[13:13:10]   Killing PID 16003 (from /home/ubuntu/counter.pid)
[13:13:11]   Killing any remaining background processes...
[13:13:12] Step 2: Cleaning source node...
[13:13:13] Step 3: Cleaning destination node...
[13:13:13]   Killing PID 16003 on destination (from /home/ubuntu/app.pid)
[13:13:14]   Killing PID 16003 on destination (from /home/ubuntu/counter.pid)
[13:13:15]   Killing all remaining counter processes on destination...
[13:13:18] ✓ Reset complete, nodes are clean
[13:13:18]   Next: Start your application
[exit=0]

$ bash /home/ivo/Evaluation-of-Live-Migration-Strategies-at-the-Edge/Container/scripts/workloads/start_counter_c.sh edge-node-1
[13:13:18] Ensuring counter binary on edge-node-1...
[13:13:18] Reusing existing /tmp/counter on edge-node-1
[13:13:18] Starting counter on edge-node-1...
[13:13:19] ✓ Counter started
[exit=0]
[repeat] warmup 2s

$ python3 /home/ivo/Evaluation-of-Live-Migration-Strategies-at-the-Edge/Container/scripts/orchestrators/criu_benchmark.py cold --source edge-node-1 --dest edge-node-2 --transfer-mode direct --run-id 11-05-2026-direct-cold-0050 --profile-name 3_LTE
[13:13:22] Starting cold migration...
[13:13:22] Source: edge-node-1, Dest: edge-node-2
[13:13:22] Transfer mode: direct

[13:13:22] === COLD MIGRATION ===
[13:13:22] Step 1: Checking source process...
[13:13:22]   Using PID from /home/ubuntu/counter.pid: 17476
[13:13:23]   Last counter value (pre-freeze): 4
[13:13:23]   Architecture: x86_64 (compatible)
[13:13:23] Step 2: Dumping process with CRIU...
[13:13:24]   Frozen last counter value: 5
[13:13:24]   Expected after restore: 6
[13:13:24]   Checkpoint time: 569 ms
[13:13:24] Step 3: Creating archive...
[13:13:24]   Archive size: 25210 bytes
[13:13:24] Step 4: Transferring archive...
[13:13:24]   Setting up direct SSH trust...
Setting up SSH trust: edge-node-1 → ubuntu@10.138.215.137
  Adding public key to destination's authorized_keys...
  Testing SSH connectivity...
  ✓ SSH trust ready
Setting up SSH trust: edge-node-1 → ubuntu@10.138.215.137
  Adding public key to destination's authorized_keys...
  Testing SSH connectivity...
  ✓ SSH trust ready
  Transferring /home/ubuntu/CRIU-counter.tar.gz via SCP...
[13:13:33]   Transfer time: 5397 ms
[13:13:33] Step 5: Unpacking on destination...
[13:13:33] Step 6: Preparing restore environment...
[13:13:33] Step 6.5: Ensuring /tmp/counter binary is present on destination...
[13:13:34] Step 7: Restoring process...
[13:13:34]   Restore time: 304 ms
[13:13:34]   Restored PID: 17476 (written to /home/ubuntu/counter.pid)
[13:13:34] Step 8: Verifying migration...
[13:13:38]   Expected min: 6 (after ~3.0s → ~9), Observed: 9
[13:13:38] ✓ SUCCESS: Counter continued correctly!
[13:13:38] Total downtime: 6270 ms
[13:13:38] Effective bandwidth: 0.04 Mbps
[13:13:38] Metrics saved to /home/ivo/Evaluation-of-Live-Migration-Strategies-at-the-Edge/Container/metrics/migration_metrics.csv
[exit=0]

$ python3 /home/ivo/Evaluation-of-Live-Migration-Strategies-at-the-Edge/Container/scripts/setup/reset_nodes.py edge-node-1 edge-node-2
[13:13:38] Resetting nodes: edge-node-1 -> edge-node-2
[13:13:38] Step 1: Killing any existing processes on source...
[13:13:39]   Killing PID 17476 (from /home/ubuntu/app.pid)
[13:13:39]   Killing PID 17476 (from /home/ubuntu/counter.pid)
[13:13:40]   Killing any remaining background processes...
[13:13:41] Step 2: Cleaning source node...
[13:13:42] Step 3: Cleaning destination node...
[13:13:43]   Killing PID 17476 on destination (from /home/ubuntu/app.pid)
[13:13:43]   Killing PID 17476 on destination (from /home/ubuntu/counter.pid)
[13:13:44]   Killing all remaining counter processes on destination...
[13:13:47] ✓ Reset complete, nodes are clean
[13:13:47]   Next: Start your application
[exit=0]

$ bash /home/ivo/Evaluation-of-Live-Migration-Strategies-at-the-Edge/Container/scripts/workloads/start_counter_c.sh edge-node-1
[13:13:47] Ensuring counter binary on edge-node-1...
[13:13:48] Reusing existing /tmp/counter on edge-node-1
[13:13:48] Starting counter on edge-node-1...
[13:13:49] ✓ Counter started
[exit=0]
[repeat] warmup 2s

$ python3 /home/ivo/Evaluation-of-Live-Migration-Strategies-at-the-Edge/Container/scripts/orchestrators/criu_benchmark.py cold --source edge-node-1 --dest edge-node-2 --transfer-mode direct --run-id 11-05-2026-direct-cold-0051 --profile-name 3_LTE
[13:13:52] Starting cold migration...
[13:13:52] Source: edge-node-1, Dest: edge-node-2
[13:13:52] Transfer mode: direct

[13:13:52] === COLD MIGRATION ===
[13:13:52] Step 1: Checking source process...
[13:13:52]   Using PID from /home/ubuntu/counter.pid: 19026
[13:13:53]   Last counter value (pre-freeze): 4
[13:13:53]   Architecture: x86_64 (compatible)
[13:13:53] Step 2: Dumping process with CRIU...
[13:13:54]   Frozen last counter value: 5
[13:13:54]   Expected after restore: 6
[13:13:54]   Checkpoint time: 676 ms
[13:13:54] Step 3: Creating archive...
[13:13:54]   Archive size: 25369 bytes
[13:13:54] Step 4: Transferring archive...
[13:13:54]   Setting up direct SSH trust...
Setting up SSH trust: edge-node-1 → ubuntu@10.138.215.137
  Adding public key to destination's authorized_keys...
  Testing SSH connectivity...
  ✓ SSH trust ready
Setting up SSH trust: edge-node-1 → ubuntu@10.138.215.137
  Adding public key to destination's authorized_keys...
  Testing SSH connectivity...
  ✓ SSH trust ready
  Transferring /home/ubuntu/CRIU-counter.tar.gz via SCP...
[13:14:03]   Transfer time: 5421 ms
[13:14:03] Step 5: Unpacking on destination...
[13:14:03] Step 6: Preparing restore environment...
[13:14:04] Step 6.5: Ensuring /tmp/counter binary is present on destination...
[13:14:04] Step 7: Restoring process...
[13:14:04]   Restore time: 317 ms
[13:14:05]   Restored PID: 19026 (written to /home/ubuntu/counter.pid)
[13:14:05] Step 8: Verifying migration...
[13:14:08]   Expected min: 6 (after ~3.0s → ~9), Observed: 9
[13:14:08] ✓ SUCCESS: Counter continued correctly!
[13:14:08] Total downtime: 6414 ms
[13:14:08] Effective bandwidth: 0.04 Mbps
[13:14:08] Metrics saved to /home/ivo/Evaluation-of-Live-Migration-Strategies-at-the-Edge/Container/metrics/migration_metrics.csv
[exit=0]

$ python3 /home/ivo/Evaluation-of-Live-Migration-Strategies-at-the-Edge/Container/scripts/setup/reset_nodes.py edge-node-1 edge-node-2
[13:14:09] Resetting nodes: edge-node-1 -> edge-node-2
[13:14:09] Step 1: Killing any existing processes on source...
[13:14:09]   Killing PID 19026 (from /home/ubuntu/app.pid)
[13:14:10]   Killing PID 19026 (from /home/ubuntu/counter.pid)
[13:14:10]   Killing any remaining background processes...
[13:14:12] Step 2: Cleaning source node...
[13:14:13] Step 3: Cleaning destination node...
[13:14:13]   Killing PID 19026 on destination (from /home/ubuntu/app.pid)
[13:14:14]   Killing PID 19026 on destination (from /home/ubuntu/counter.pid)
[13:14:14]   Killing all remaining counter processes on destination...
[13:14:18] ✓ Reset complete, nodes are clean
[13:14:18]   Next: Start your application
[exit=0]

$ bash /home/ivo/Evaluation-of-Live-Migration-Strategies-at-the-Edge/Container/scripts/workloads/start_counter_c.sh edge-node-1
[13:14:18] Ensuring counter binary on edge-node-1...
[13:14:18] Reusing existing /tmp/counter on edge-node-1
[13:14:18] Starting counter on edge-node-1...
[13:14:19] ✓ Counter started
[exit=0]
[repeat] warmup 2s

$ python3 /home/ivo/Evaluation-of-Live-Migration-Strategies-at-the-Edge/Container/scripts/orchestrators/criu_benchmark.py cold --source edge-node-1 --dest edge-node-2 --transfer-mode direct --run-id 11-05-2026-direct-cold-0052 --profile-name 3_LTE
[13:14:22] Starting cold migration...
[13:14:22] Source: edge-node-1, Dest: edge-node-2
[13:14:22] Transfer mode: direct

[13:14:22] === COLD MIGRATION ===
[13:14:22] Step 1: Checking source process...
[13:14:22]   Using PID from /home/ubuntu/counter.pid: 20594
[13:14:23]   Last counter value (pre-freeze): 4
[13:14:23]   Architecture: x86_64 (compatible)
[13:14:23] Step 2: Dumping process with CRIU...
[13:14:24]   Frozen last counter value: 5
[13:14:24]   Expected after restore: 6
[13:14:24]   Checkpoint time: 582 ms
[13:14:24] Step 3: Creating archive...
[13:14:24]   Archive size: 25240 bytes
[13:14:24] Step 4: Transferring archive...
[13:14:24]   Setting up direct SSH trust...
Setting up SSH trust: edge-node-1 → ubuntu@10.138.215.137
  Adding public key to destination's authorized_keys...
  Testing SSH connectivity...
  ✓ SSH trust ready
Setting up SSH trust: edge-node-1 → ubuntu@10.138.215.137
  Adding public key to destination's authorized_keys...
  Testing SSH connectivity...
  ✓ SSH trust ready
  Transferring /home/ubuntu/CRIU-counter.tar.gz via SCP...
[13:14:32]   Transfer time: 5306 ms
[13:14:32] Step 5: Unpacking on destination...
[13:14:33] Step 6: Preparing restore environment...
[13:14:33] Step 6.5: Ensuring /tmp/counter binary is present on destination...
[13:14:33] Step 7: Restoring process...
[13:14:34]   Restore time: 312 ms
[13:14:34]   Restored PID: 20594 (written to /home/ubuntu/counter.pid)
[13:14:34] Step 8: Verifying migration...
[13:14:38]   Expected min: 6 (after ~3.0s → ~9), Observed: 9
[13:14:38] ✓ SUCCESS: Counter continued correctly!
[13:14:38] Total downtime: 6200 ms
[13:14:38] Effective bandwidth: 0.04 Mbps
[13:14:38] Metrics saved to /home/ivo/Evaluation-of-Live-Migration-Strategies-at-the-Edge/Container/metrics/migration_metrics.csv
[exit=0]

$ python3 /home/ivo/Evaluation-of-Live-Migration-Strategies-at-the-Edge/Container/scripts/setup/reset_nodes.py edge-node-1 edge-node-2
[13:14:38] Resetting nodes: edge-node-1 -> edge-node-2
[13:14:38] Step 1: Killing any existing processes on source...
[13:14:38]   Killing PID 20594 (from /home/ubuntu/app.pid)
[13:14:39]   Killing PID 20594 (from /home/ubuntu/counter.pid)
[13:14:40]   Killing any remaining background processes...
[13:14:41] Step 2: Cleaning source node...
[13:14:42] Step 3: Cleaning destination node...
[13:14:43]   Killing PID 20594 on destination (from /home/ubuntu/app.pid)
[13:14:43]   Killing PID 20594 on destination (from /home/ubuntu/counter.pid)
[13:14:44]   Killing all remaining counter processes on destination...
[13:14:47] ✓ Reset complete, nodes are clean
[13:14:47]   Next: Start your application
[exit=0]

$ bash /home/ivo/Evaluation-of-Live-Migration-Strategies-at-the-Edge/Container/scripts/workloads/start_counter_c.sh edge-node-1
[13:14:47] Ensuring counter binary on edge-node-1...
[13:14:47] Reusing existing /tmp/counter on edge-node-1
[13:14:47] Starting counter on edge-node-1...
[13:14:48] ✓ Counter started
[exit=0]
[repeat] warmup 2s

$ python3 /home/ivo/Evaluation-of-Live-Migration-Strategies-at-the-Edge/Container/scripts/orchestrators/criu_benchmark.py cold --source edge-node-1 --dest edge-node-2 --transfer-mode direct --run-id 11-05-2026-direct-cold-0053 --profile-name 3_LTE
[13:14:51] Starting cold migration...
[13:14:51] Source: edge-node-1, Dest: edge-node-2
[13:14:51] Transfer mode: direct

[13:14:51] === COLD MIGRATION ===
[13:14:51] Step 1: Checking source process...
[13:14:51]   Using PID from /home/ubuntu/counter.pid: 22154
[13:14:52]   Last counter value (pre-freeze): 4
[13:14:53]   Architecture: x86_64 (compatible)
[13:14:53] Step 2: Dumping process with CRIU...
[13:14:53]   Frozen last counter value: 5
[13:14:53]   Expected after restore: 6
[13:14:53]   Checkpoint time: 599 ms
[13:14:53] Step 3: Creating archive...
[13:14:54]   Archive size: 25240 bytes
[13:14:54] Step 4: Transferring archive...
[13:14:54]   Setting up direct SSH trust...
Setting up SSH trust: edge-node-1 → ubuntu@10.138.215.137
  Adding public key to destination's authorized_keys...
  Testing SSH connectivity...
  ✓ SSH trust ready
Setting up SSH trust: edge-node-1 → ubuntu@10.138.215.137
  Adding public key to destination's authorized_keys...
  Testing SSH connectivity...
  ✓ SSH trust ready
  Transferring /home/ubuntu/CRIU-counter.tar.gz via SCP...
[13:15:02]   Transfer time: 5312 ms
[13:15:02] Step 5: Unpacking on destination...
[13:15:02] Step 6: Preparing restore environment...
[13:15:03] Step 6.5: Ensuring /tmp/counter binary is present on destination...
[13:15:03] Step 7: Restoring process...
[13:15:03]   Restore time: 363 ms
[13:15:04]   Restored PID: 22154 (written to /home/ubuntu/counter.pid)
[13:15:04] Step 8: Verifying migration...
[13:15:07]   Expected min: 6 (after ~3.0s → ~9), Observed: 9
[13:15:07] ✓ SUCCESS: Counter continued correctly!
[13:15:07] Total downtime: 6274 ms
[13:15:07] Effective bandwidth: 0.04 Mbps
[13:15:07] Metrics saved to /home/ivo/Evaluation-of-Live-Migration-Strategies-at-the-Edge/Container/metrics/migration_metrics.csv
[exit=0]

$ python3 /home/ivo/Evaluation-of-Live-Migration-Strategies-at-the-Edge/Container/scripts/setup/reset_nodes.py edge-node-1 edge-node-2
[13:15:08] Resetting nodes: edge-node-1 -> edge-node-2
[13:15:08] Step 1: Killing any existing processes on source...
[13:15:08]   Killing PID 22154 (from /home/ubuntu/app.pid)
[13:15:09]   Killing PID 22154 (from /home/ubuntu/counter.pid)
[13:15:09]   Killing any remaining background processes...
[13:15:11] Step 2: Cleaning source node...
[13:15:12] Step 3: Cleaning destination node...
[13:15:12]   Killing PID 22154 on destination (from /home/ubuntu/app.pid)
[13:15:13]   Killing PID 22154 on destination (from /home/ubuntu/counter.pid)
[13:15:14]   Killing all remaining counter processes on destination...
[13:15:17] ✓ Reset complete, nodes are clean
[13:15:17]   Next: Start your application
[exit=0]

$ bash /home/ivo/Evaluation-of-Live-Migration-Strategies-at-the-Edge/Container/scripts/workloads/start_counter_c.sh edge-node-1
[13:15:17] Ensuring counter binary on edge-node-1...
[13:15:17] Reusing existing /tmp/counter on edge-node-1
[13:15:17] Starting counter on edge-node-1...
[13:15:19] ✓ Counter started
[exit=0]
[repeat] warmup 2s

$ python3 /home/ivo/Evaluation-of-Live-Migration-Strategies-at-the-Edge/Container/scripts/orchestrators/criu_benchmark.py cold --source edge-node-1 --dest edge-node-2 --transfer-mode direct --run-id 11-05-2026-direct-cold-0054 --profile-name 3_LTE
[13:15:21] Starting cold migration...
[13:15:21] Source: edge-node-1, Dest: edge-node-2
[13:15:21] Transfer mode: direct

[13:15:21] === COLD MIGRATION ===
[13:15:21] Step 1: Checking source process...
[13:15:22]   Using PID from /home/ubuntu/counter.pid: 23725
[13:15:22]   Last counter value (pre-freeze): 4
[13:15:23]   Architecture: x86_64 (compatible)
[13:15:23] Step 2: Dumping process with CRIU...
[13:15:23]   Frozen last counter value: 5
[13:15:23]   Expected after restore: 6
[13:15:23]   Checkpoint time: 598 ms
[13:15:23] Step 3: Creating archive...
[13:15:24]   Archive size: 25403 bytes
[13:15:24] Step 4: Transferring archive...
[13:15:24]   Setting up direct SSH trust...
Setting up SSH trust: edge-node-1 → ubuntu@10.138.215.137
  Adding public key to destination's authorized_keys...
  Testing SSH connectivity...
  ✓ SSH trust ready
Setting up SSH trust: edge-node-1 → ubuntu@10.138.215.137
  Adding public key to destination's authorized_keys...
  Testing SSH connectivity...
  ✓ SSH trust ready
  Transferring /home/ubuntu/CRIU-counter.tar.gz via SCP...
[13:15:32]   Transfer time: 5693 ms
[13:15:32] Step 5: Unpacking on destination...
[13:15:33] Step 6: Preparing restore environment...
[13:15:33] Step 6.5: Ensuring /tmp/counter binary is present on destination...
[13:15:34] Step 7: Restoring process...
[13:15:34]   Restore time: 378 ms
[13:15:34]   Restored PID: 23725 (written to /home/ubuntu/counter.pid)
[13:15:34] Step 8: Verifying migration...
[13:15:38]   Expected min: 6 (after ~3.0s → ~9), Observed: 9
[13:15:38] ✓ SUCCESS: Counter continued correctly!
[13:15:38] Total downtime: 6669 ms
[13:15:38] Effective bandwidth: 0.04 Mbps
[13:15:38] Metrics saved to /home/ivo/Evaluation-of-Live-Migration-Strategies-at-the-Edge/Container/metrics/migration_metrics.csv
[exit=0]

$ python3 /home/ivo/Evaluation-of-Live-Migration-Strategies-at-the-Edge/Container/scripts/setup/reset_nodes.py edge-node-1 edge-node-2
[13:15:38] Resetting nodes: edge-node-1 -> edge-node-2
[13:15:38] Step 1: Killing any existing processes on source...
[13:15:39]   Killing PID 23725 (from /home/ubuntu/app.pid)
[13:15:39]   Killing PID 23725 (from /home/ubuntu/counter.pid)
[13:15:40]   Killing any remaining background processes...
[13:15:41] Step 2: Cleaning source node...
[13:15:42] Step 3: Cleaning destination node...
[13:15:43]   Killing PID 23725 on destination (from /home/ubuntu/app.pid)
[13:15:43]   Killing PID 23725 on destination (from /home/ubuntu/counter.pid)
[13:15:44]   Killing all remaining counter processes on destination...
[13:15:47] ✓ Reset complete, nodes are clean
[13:15:47]   Next: Start your application
[exit=0]

$ bash /home/ivo/Evaluation-of-Live-Migration-Strategies-at-the-Edge/Container/scripts/workloads/start_counter_c.sh edge-node-1
[13:15:47] Ensuring counter binary on edge-node-1...
[13:15:47] Reusing existing /tmp/counter on edge-node-1
[13:15:47] Starting counter on edge-node-1...
[13:15:49] ✓ Counter started
[exit=0]
[repeat] warmup 2s

$ python3 /home/ivo/Evaluation-of-Live-Migration-Strategies-at-the-Edge/Container/scripts/orchestrators/criu_benchmark.py cold --source edge-node-1 --dest edge-node-2 --transfer-mode direct --run-id 11-05-2026-direct-cold-0055 --profile-name 3_LTE
[13:15:51] Starting cold migration...
[13:15:51] Source: edge-node-1, Dest: edge-node-2
[13:15:51] Transfer mode: direct

[13:15:51] === COLD MIGRATION ===
[13:15:51] Step 1: Checking source process...
[13:15:52]   Using PID from /home/ubuntu/counter.pid: 25284
[13:15:52]   Last counter value (pre-freeze): 4
[13:15:53]   Architecture: x86_64 (compatible)
[13:15:53] Step 2: Dumping process with CRIU...
[13:15:53]   Frozen last counter value: 5
[13:15:53]   Expected after restore: 6
[13:15:53]   Checkpoint time: 685 ms
[13:15:53] Step 3: Creating archive...
[13:15:54]   Archive size: 25273 bytes
[13:15:54] Step 4: Transferring archive...
[13:15:54]   Setting up direct SSH trust...
Setting up SSH trust: edge-node-1 → ubuntu@10.138.215.137
  Adding public key to destination's authorized_keys...
  Testing SSH connectivity...
  ✓ SSH trust ready
Setting up SSH trust: edge-node-1 → ubuntu@10.138.215.137
  Adding public key to destination's authorized_keys...
  Testing SSH connectivity...
  ✓ SSH trust ready
  Transferring /home/ubuntu/CRIU-counter.tar.gz via SCP...
[13:16:02]   Transfer time: 5330 ms
[13:16:02] Step 5: Unpacking on destination...
[13:16:03] Step 6: Preparing restore environment...
[13:16:03] Step 6.5: Ensuring /tmp/counter binary is present on destination...
[13:16:03] Step 7: Restoring process...
[13:16:04]   Restore time: 317 ms
[13:16:04]   Restored PID: 25284 (written to /home/ubuntu/counter.pid)
[13:16:04] Step 8: Verifying migration...
[13:16:08]   Expected min: 6 (after ~3.0s → ~9), Observed: 9
[13:16:08] ✓ SUCCESS: Counter continued correctly!
[13:16:08] Total downtime: 6332 ms
[13:16:08] Effective bandwidth: 0.04 Mbps
[13:16:08] Metrics saved to /home/ivo/Evaluation-of-Live-Migration-Strategies-at-the-Edge/Container/metrics/migration_metrics.csv
[exit=0]

$ python3 /home/ivo/Evaluation-of-Live-Migration-Strategies-at-the-Edge/Container/scripts/setup/reset_nodes.py edge-node-1 edge-node-2
[13:16:08] Resetting nodes: edge-node-1 -> edge-node-2
[13:16:08] Step 1: Killing any existing processes on source...
[13:16:08]   Killing PID 25284 (from /home/ubuntu/app.pid)
[13:16:09]   Killing PID 25284 (from /home/ubuntu/counter.pid)
[13:16:09]   Killing any remaining background processes...
[13:16:11] Step 2: Cleaning source node...
[13:16:12] Step 3: Cleaning destination node...
[13:16:13]   Killing PID 25284 on destination (from /home/ubuntu/app.pid)
[13:16:13]   Killing PID 25284 on destination (from /home/ubuntu/counter.pid)
[13:16:14]   Killing all remaining counter processes on destination...
[13:16:17] ✓ Reset complete, nodes are clean
[13:16:17]   Next: Start your application
[exit=0]

$ bash /home/ivo/Evaluation-of-Live-Migration-Strategies-at-the-Edge/Container/scripts/workloads/start_counter_c.sh edge-node-1
[13:16:17] Ensuring counter binary on edge-node-1...
[13:16:17] Reusing existing /tmp/counter on edge-node-1
[13:16:17] Starting counter on edge-node-1...
[13:16:19] ✓ Counter started
[exit=0]
[repeat] warmup 2s
[repeat] WARNING: node_exporter snapshot failed: edge-node-1 (before)

$ python3 /home/ivo/Evaluation-of-Live-Migration-Strategies-at-the-Edge/Container/scripts/orchestrators/criu_benchmark.py cold --source edge-node-1 --dest edge-node-2 --transfer-mode direct --run-id 11-05-2026-direct-cold-0056 --profile-name 3_LTE
[13:16:31] Starting cold migration...
[13:16:31] Source: edge-node-1, Dest: edge-node-2
[13:16:31] Transfer mode: direct

[13:16:31] === COLD MIGRATION ===
[13:16:31] Step 1: Checking source process...
[13:16:31]   Using PID from /home/ubuntu/counter.pid: 26855
[13:16:32]   Last counter value (pre-freeze): 13
[13:16:32]   Architecture: x86_64 (compatible)
[13:16:32] Step 2: Dumping process with CRIU...
[13:16:33]   Frozen last counter value: 14
[13:16:33]   Expected after restore: 15
[13:16:33]   Checkpoint time: 587 ms
[13:16:33] Step 3: Creating archive...
[13:16:33]   Archive size: 25211 bytes
[13:16:33] Step 4: Transferring archive...
[13:16:33]   Setting up direct SSH trust...
Setting up SSH trust: edge-node-1 → ubuntu@10.138.215.137
  Adding public key to destination's authorized_keys...
  Testing SSH connectivity...
  ✓ SSH trust ready
Setting up SSH trust: edge-node-1 → ubuntu@10.138.215.137
  Adding public key to destination's authorized_keys...
  Testing SSH connectivity...
  ✓ SSH trust ready
  Transferring /home/ubuntu/CRIU-counter.tar.gz via SCP...
[13:16:42]   Transfer time: 5387 ms
[13:16:42] Step 5: Unpacking on destination...
[13:16:42] Step 6: Preparing restore environment...
[13:16:42] Step 6.5: Ensuring /tmp/counter binary is present on destination...
[13:16:43] Step 7: Restoring process...
[13:16:43]   Restore time: 302 ms
[13:16:43]   Restored PID: 26855 (written to /home/ubuntu/counter.pid)
[13:16:43] Step 8: Verifying migration...
[13:16:47]   Expected min: 15 (after ~3.0s → ~18), Observed: 18
[13:16:47] ✓ SUCCESS: Counter continued correctly!
[13:16:47] Total downtime: 6276 ms
[13:16:47] Effective bandwidth: 0.04 Mbps
[13:16:47] Metrics saved to /home/ivo/Evaluation-of-Live-Migration-Strategies-at-the-Edge/Container/metrics/migration_metrics.csv
[exit=0]
[repeat] WARNING: node_exporter CSV row not written (missing snapshots)

$ python3 /home/ivo/Evaluation-of-Live-Migration-Strategies-at-the-Edge/Container/scripts/setup/reset_nodes.py edge-node-1 edge-node-2
[13:16:47] Resetting nodes: edge-node-1 -> edge-node-2
[13:16:47] Step 1: Killing any existing processes on source...
[13:16:48]   Killing PID 26855 (from /home/ubuntu/app.pid)
[13:16:48]   Killing PID 26855 (from /home/ubuntu/counter.pid)
[13:16:49]   Killing any remaining background processes...
[13:16:50] Step 2: Cleaning source node...
[13:16:51] Step 3: Cleaning destination node...
[13:16:52]   Killing PID 26855 on destination (from /home/ubuntu/app.pid)
[13:16:52]   Killing PID 26855 on destination (from /home/ubuntu/counter.pid)
[13:16:53]   Killing all remaining counter processes on destination...
[13:16:56] ✓ Reset complete, nodes are clean
[13:16:56]   Next: Start your application
[exit=0]

$ bash /home/ivo/Evaluation-of-Live-Migration-Strategies-at-the-Edge/Container/scripts/workloads/start_counter_c.sh edge-node-1
[13:16:57] Ensuring counter binary on edge-node-1...
[13:16:57] Reusing existing /tmp/counter on edge-node-1
[13:16:57] Starting counter on edge-node-1...
[13:16:58] ✓ Counter started
[exit=0]
[repeat] warmup 2s

$ python3 /home/ivo/Evaluation-of-Live-Migration-Strategies-at-the-Edge/Container/scripts/orchestrators/criu_benchmark.py cold --source edge-node-1 --dest edge-node-2 --transfer-mode direct --run-id 11-05-2026-direct-cold-0057 --profile-name 3_LTE
[13:17:01] Starting cold migration...
[13:17:01] Source: edge-node-1, Dest: edge-node-2
[13:17:01] Transfer mode: direct

[13:17:01] === COLD MIGRATION ===
[13:17:01] Step 1: Checking source process...
[13:17:01]   Using PID from /home/ubuntu/counter.pid: 28422
[13:17:01]   Last counter value (pre-freeze): 4
[13:17:02]   Architecture: x86_64 (compatible)
[13:17:02] Step 2: Dumping process with CRIU...
[13:17:02]   Frozen last counter value: 5
[13:17:02]   Expected after restore: 6
[13:17:02]   Checkpoint time: 538 ms
[13:17:02] Step 3: Creating archive...
[13:17:03]   Archive size: 25270 bytes
[13:17:03] Step 4: Transferring archive...
[13:17:03]   Setting up direct SSH trust...
Setting up SSH trust: edge-node-1 → ubuntu@10.138.215.137
  Adding public key to destination's authorized_keys...
  Testing SSH connectivity...
  ✓ SSH trust ready
Setting up SSH trust: edge-node-1 → ubuntu@10.138.215.137
  Adding public key to destination's authorized_keys...
  Testing SSH connectivity...
  ✓ SSH trust ready
  Transferring /home/ubuntu/CRIU-counter.tar.gz via SCP...
[13:17:11]   Transfer time: 5305 ms
[13:17:11] Step 5: Unpacking on destination...
[13:17:12] Step 6: Preparing restore environment...
[13:17:12] Step 6.5: Ensuring /tmp/counter binary is present on destination...
[13:17:12] Step 7: Restoring process...
[13:17:13]   Restore time: 285 ms
[13:17:13]   Restored PID: 28422 (written to /home/ubuntu/counter.pid)
[13:17:13] Step 8: Verifying migration...
[13:17:17]   Expected min: 6 (after ~3.0s → ~9), Observed: 9
[13:17:17] ✓ SUCCESS: Counter continued correctly!
[13:17:17] Total downtime: 6128 ms
[13:17:17] Effective bandwidth: 0.04 Mbps
[13:17:17] Metrics saved to /home/ivo/Evaluation-of-Live-Migration-Strategies-at-the-Edge/Container/metrics/migration_metrics.csv
[exit=0]

$ python3 /home/ivo/Evaluation-of-Live-Migration-Strategies-at-the-Edge/Container/scripts/setup/reset_nodes.py edge-node-1 edge-node-2
[13:17:17] Resetting nodes: edge-node-1 -> edge-node-2
[13:17:17] Step 1: Killing any existing processes on source...
[13:17:18]   Killing PID 28422 (from /home/ubuntu/app.pid)
[13:17:18]   Killing PID 28422 (from /home/ubuntu/counter.pid)
[13:17:19]   Killing any remaining background processes...
[13:17:20] Step 2: Cleaning source node...
[13:17:21] Step 3: Cleaning destination node...
[13:17:22]   Killing PID 28422 on destination (from /home/ubuntu/app.pid)
[13:17:22]   Killing PID 28422 on destination (from /home/ubuntu/counter.pid)
[13:17:23]   Killing all remaining counter processes on destination...
[13:17:26] ✓ Reset complete, nodes are clean
[13:17:26]   Next: Start your application
[exit=0]

$ bash /home/ivo/Evaluation-of-Live-Migration-Strategies-at-the-Edge/Container/scripts/workloads/start_counter_c.sh edge-node-1
[13:17:26] Ensuring counter binary on edge-node-1...
[13:17:26] Reusing existing /tmp/counter on edge-node-1
[13:17:26] Starting counter on edge-node-1...
[13:17:28] ✓ Counter started
[exit=0]
[repeat] warmup 2s

$ python3 /home/ivo/Evaluation-of-Live-Migration-Strategies-at-the-Edge/Container/scripts/orchestrators/criu_benchmark.py cold --source edge-node-1 --dest edge-node-2 --transfer-mode direct --run-id 11-05-2026-direct-cold-0058 --profile-name 3_LTE
[13:17:30] Starting cold migration...
[13:17:30] Source: edge-node-1, Dest: edge-node-2
[13:17:30] Transfer mode: direct

[13:17:30] === COLD MIGRATION ===
[13:17:30] Step 1: Checking source process...
[13:17:31]   Using PID from /home/ubuntu/counter.pid: 29996
[13:17:31]   Last counter value (pre-freeze): 4
[13:17:32]   Architecture: x86_64 (compatible)
[13:17:32] Step 2: Dumping process with CRIU...
[13:17:32]   Frozen last counter value: 5
[13:17:32]   Expected after restore: 6
[13:17:32]   Checkpoint time: 623 ms
[13:17:32] Step 3: Creating archive...
[13:17:33]   Archive size: 25243 bytes
[13:17:33] Step 4: Transferring archive...
[13:17:33]   Setting up direct SSH trust...
Setting up SSH trust: edge-node-1 → ubuntu@10.138.215.137
  Adding public key to destination's authorized_keys...
  Testing SSH connectivity...
  ✓ SSH trust ready
Setting up SSH trust: edge-node-1 → ubuntu@10.138.215.137
  Adding public key to destination's authorized_keys...
  Testing SSH connectivity...
  ✓ SSH trust ready
  Transferring /home/ubuntu/CRIU-counter.tar.gz via SCP...
[13:17:41]   Transfer time: 5457 ms
[13:17:41] Step 5: Unpacking on destination...
[13:17:41] Step 6: Preparing restore environment...
[13:17:42] Step 6.5: Ensuring /tmp/counter binary is present on destination...
[13:17:42] Step 7: Restoring process...
[13:17:42]   Restore time: 325 ms
[13:17:43]   Restored PID: 29996 (written to /home/ubuntu/counter.pid)
[13:17:43] Step 8: Verifying migration...
[13:17:46]   Expected min: 6 (after ~3.0s → ~9), Observed: 9
[13:17:46] ✓ SUCCESS: Counter continued correctly!
[13:17:46] Total downtime: 6405 ms
[13:17:46] Effective bandwidth: 0.04 Mbps
[13:17:46] Metrics saved to /home/ivo/Evaluation-of-Live-Migration-Strategies-at-the-Edge/Container/metrics/migration_metrics.csv
[exit=0]

$ python3 /home/ivo/Evaluation-of-Live-Migration-Strategies-at-the-Edge/Container/scripts/setup/reset_nodes.py edge-node-1 edge-node-2
[13:17:47] Resetting nodes: edge-node-1 -> edge-node-2
[13:17:47] Step 1: Killing any existing processes on source...
[13:17:47]   Killing PID 29996 (from /home/ubuntu/app.pid)
[13:17:48]   Killing PID 29996 (from /home/ubuntu/counter.pid)
[13:17:48]   Killing any remaining background processes...
[13:17:49] Step 2: Cleaning source node...
[13:17:51] Step 3: Cleaning destination node...
[13:17:51]   Killing PID 29996 on destination (from /home/ubuntu/app.pid)
[13:17:52]   Killing PID 29996 on destination (from /home/ubuntu/counter.pid)
[13:17:52]   Killing all remaining counter processes on destination...
[13:17:56] ✓ Reset complete, nodes are clean
[13:17:56]   Next: Start your application
[exit=0]

$ bash /home/ivo/Evaluation-of-Live-Migration-Strategies-at-the-Edge/Container/scripts/workloads/start_counter_c.sh edge-node-1
[13:17:56] Ensuring counter binary on edge-node-1...
[13:17:56] Reusing existing /tmp/counter on edge-node-1
[13:17:56] Starting counter on edge-node-1...
[13:17:57] ✓ Counter started
[exit=0]
[repeat] warmup 2s

$ python3 /home/ivo/Evaluation-of-Live-Migration-Strategies-at-the-Edge/Container/scripts/orchestrators/criu_benchmark.py cold --source edge-node-1 --dest edge-node-2 --transfer-mode direct --run-id 11-05-2026-direct-cold-0059 --profile-name 3_LTE
[13:18:00] Starting cold migration...
[13:18:00] Source: edge-node-1, Dest: edge-node-2
[13:18:00] Transfer mode: direct

[13:18:00] === COLD MIGRATION ===
[13:18:00] Step 1: Checking source process...
[13:18:00]   Using PID from /home/ubuntu/counter.pid: 31554
[13:18:01]   Last counter value (pre-freeze): 4
[13:18:01]   Architecture: x86_64 (compatible)
[13:18:01] Step 2: Dumping process with CRIU...
[13:18:02]   Frozen last counter value: 5
[13:18:02]   Expected after restore: 6
[13:18:02]   Checkpoint time: 720 ms
[13:18:02] Step 3: Creating archive...
[13:18:02]   Archive size: 25238 bytes
[13:18:02] Step 4: Transferring archive...
[13:18:02]   Setting up direct SSH trust...
Setting up SSH trust: edge-node-1 → ubuntu@10.138.215.137
  Adding public key to destination's authorized_keys...
  Testing SSH connectivity...
  ✓ SSH trust ready
Setting up SSH trust: edge-node-1 → ubuntu@10.138.215.137
  Adding public key to destination's authorized_keys...
  Testing SSH connectivity...
  ✓ SSH trust ready
  Transferring /home/ubuntu/CRIU-counter.tar.gz via SCP...
[13:18:11]   Transfer time: 5359 ms
[13:18:11] Step 5: Unpacking on destination...
[13:18:11] Step 6: Preparing restore environment...
[13:18:12] Step 6.5: Ensuring /tmp/counter binary is present on destination...
[13:18:12] Step 7: Restoring process...
[13:18:12]   Restore time: 345 ms
[13:18:12]   Restored PID: 31554 (written to /home/ubuntu/counter.pid)
[13:18:12] Step 8: Verifying migration...
[13:18:16]   Expected min: 6 (after ~3.0s → ~9), Observed: 9
[13:18:16] ✓ SUCCESS: Counter continued correctly!
[13:18:16] Total downtime: 6424 ms
[13:18:16] Effective bandwidth: 0.04 Mbps
[13:18:16] Metrics saved to /home/ivo/Evaluation-of-Live-Migration-Strategies-at-the-Edge/Container/metrics/migration_metrics.csv
[exit=0]

$ python3 /home/ivo/Evaluation-of-Live-Migration-Strategies-at-the-Edge/Container/scripts/setup/reset_nodes.py edge-node-1 edge-node-2
[13:18:16] Resetting nodes: edge-node-1 -> edge-node-2
[13:18:16] Step 1: Killing any existing processes on source...
[13:18:17]   Killing PID 31554 (from /home/ubuntu/app.pid)
[13:18:18]   Killing PID 31554 (from /home/ubuntu/counter.pid)
[13:18:18]   Killing any remaining background processes...
[13:18:20] Step 2: Cleaning source node...
[13:18:21] Step 3: Cleaning destination node...
[13:18:21]   Killing PID 31554 on destination (from /home/ubuntu/app.pid)
[13:18:22]   Killing PID 31554 on destination (from /home/ubuntu/counter.pid)
[13:18:22]   Killing all remaining counter processes on destination...
[13:18:26] ✓ Reset complete, nodes are clean
[13:18:26]   Next: Start your application
[exit=0]

$ bash /home/ivo/Evaluation-of-Live-Migration-Strategies-at-the-Edge/Container/scripts/workloads/start_counter_c.sh edge-node-1
[13:18:26] Ensuring counter binary on edge-node-1...
[13:18:26] Reusing existing /tmp/counter on edge-node-1
[13:18:26] Starting counter on edge-node-1...
[13:18:27] ✓ Counter started
[exit=0]
[repeat] warmup 2s

$ python3 /home/ivo/Evaluation-of-Live-Migration-Strategies-at-the-Edge/Container/scripts/orchestrators/criu_benchmark.py precopy --source edge-node-1 --dest edge-node-2 --transfer-mode host --run-id 11-05-2026-host-precopy-0050 --relay-node edge-host-1 --iterations 3 --profile-name 3_LTE
[13:18:30] Starting precopy migration...
[13:18:30] Source: edge-node-1, Dest: edge-node-2
[13:18:30] Transfer mode: host
[13:18:30] Relay node: edge-host-1

[13:18:30] === PRE-COPY LIVE MIGRATION ===
[13:18:30] Step 1: Checking source process...
[13:18:30]   Using PID from /home/ubuntu/counter.pid: 33123
[13:18:31]   Last counter value (pre-dumps start): 4
[13:18:31]   Architecture: x86_64 (compatible)
[13:18:31] Step 2: Preparing dump directory...
[13:18:31] Step 3: Running 3 pre-dumps and transferring them while service keeps running...
[13:18:31]   Pre-dump 1/3...
[13:18:32]   Archiving and transferring pre-dump 1...
  Transferring /home/ubuntu/CRIU-counter-iter-0.tar.gz via relay node edge-host-1...
Setting up SSH trust: edge-node-1 → ubuntu@10.138.215.36
  Adding public key to destination's authorized_keys...
  Testing SSH connectivity...
  ✓ SSH trust ready
Setting up SSH trust: edge-host-1 → ubuntu@10.138.215.137
  Adding public key to destination's authorized_keys...
  Testing SSH connectivity...
  ✓ SSH trust ready
[13:18:45]   Pre-dump 2/3...
[13:18:45]   Archiving and transferring pre-dump 2...
  Transferring /home/ubuntu/CRIU-counter-iter-1.tar.gz via relay node edge-host-1...
Setting up SSH trust: edge-node-1 → ubuntu@10.138.215.36
  Adding public key to destination's authorized_keys...
  Testing SSH connectivity...
  ✓ SSH trust ready
Setting up SSH trust: edge-host-1 → ubuntu@10.138.215.137
  Adding public key to destination's authorized_keys...
  Testing SSH connectivity...
  ✓ SSH trust ready
[13:18:59]   Pre-dump 3/3...
[13:18:59]   Archiving and transferring pre-dump 3...
  Transferring /home/ubuntu/CRIU-counter-iter-2.tar.gz via relay node edge-host-1...
Setting up SSH trust: edge-node-1 → ubuntu@10.138.215.36
  Adding public key to destination's authorized_keys...
  Testing SSH connectivity...
  ✓ SSH trust ready
Setting up SSH trust: edge-host-1 → ubuntu@10.138.215.137
  Adding public key to destination's authorized_keys...
  Testing SSH connectivity...
  ✓ SSH trust ready
[13:19:12]   Total pre-dump time: 40800 ms
[13:19:12]   Pre-copy transfer outside downtime: archive=868 ms, transfer=34209 ms, unpack=941 ms, bytes=18944
[13:19:12] Step 4: Final dump (freezing service)...
[13:19:13]   Frozen last counter value: 47
[13:19:13]   Expected after restore: 48
[13:19:13]   Final dump time (freeze duration): 588 ms
[13:19:13] Step 5: Creating final dump archive...
[13:19:13]   Archive size: 25500 bytes
[13:19:13] Step 6: Transferring archive...
  Transferring /home/ubuntu/CRIU-counter-final.tar.gz via relay node edge-host-1...
Setting up SSH trust: edge-node-1 → ubuntu@10.138.215.36
  Adding public key to destination's authorized_keys...
  Testing SSH connectivity...
  ✓ SSH trust ready
Setting up SSH trust: edge-host-1 → ubuntu@10.138.215.137
  Adding public key to destination's authorized_keys...
  Testing SSH connectivity...
  ✓ SSH trust ready
[13:19:25]   Transfer time: 11555 ms
[13:19:25] Step 7: Unpacking on destination...
[13:19:25] Step 7.5: Ensuring counter output file exists on destination...
[13:19:26] Step 7.8: Ensuring /tmp/counter binary is present on destination...
[13:19:26] Step 8: Restoring process...
[13:19:26]   Restore time: 358 ms
[13:19:27]   Restored PID: 33123 (written to /home/ubuntu/counter.pid)
[13:19:27] Step 9: Verifying migration...
[13:19:30]   Expected min: 48 (after ~3.0s → ~51), Observed: 51
[13:19:30] ✓ SUCCESS: Counter continued correctly!
[13:19:30] Total downtime: 12501 ms (final_dump: 588 + transfer: 11555 + restore: 358)
[13:19:30] Pre-dump time (not counted as downtime): 40800 ms
[13:19:30] Effective bandwidth: 0.02 Mbps
[13:19:30] Metrics saved to /home/ivo/Evaluation-of-Live-Migration-Strategies-at-the-Edge/Container/metrics/migration_metrics.csv
[exit=0]

$ python3 /home/ivo/Evaluation-of-Live-Migration-Strategies-at-the-Edge/Container/scripts/setup/reset_nodes.py edge-node-1 edge-node-2
[13:19:30] Resetting nodes: edge-node-1 -> edge-node-2
[13:19:30] Step 1: Killing any existing processes on source...
[13:19:31]   Killing PID 33123 (from /home/ubuntu/app.pid)
[13:19:31]   Killing PID 33123 (from /home/ubuntu/counter.pid)
[13:19:32]   Killing any remaining background processes...
[13:19:33] Step 2: Cleaning source node...
[13:19:34] Step 3: Cleaning destination node...
[13:19:35]   Killing PID 33123 on destination (from /home/ubuntu/app.pid)
[13:19:35]   Killing PID 33123 on destination (from /home/ubuntu/counter.pid)
[13:19:36]   Killing all remaining counter processes on destination...
[13:19:39] ✓ Reset complete, nodes are clean
[13:19:39]   Next: Start your application
[exit=0]

$ bash /home/ivo/Evaluation-of-Live-Migration-Strategies-at-the-Edge/Container/scripts/workloads/start_counter_c.sh edge-node-1
[13:19:39] Ensuring counter binary on edge-node-1...
[13:19:40] Reusing existing /tmp/counter on edge-node-1
[13:19:40] Starting counter on edge-node-1...
[13:19:41] ✓ Counter started
[exit=0]
[repeat] warmup 2s

$ python3 /home/ivo/Evaluation-of-Live-Migration-Strategies-at-the-Edge/Container/scripts/orchestrators/criu_benchmark.py precopy --source edge-node-1 --dest edge-node-2 --transfer-mode host --run-id 11-05-2026-host-precopy-0051 --relay-node edge-host-1 --iterations 3 --profile-name 3_LTE
[13:19:43] Starting precopy migration...
[13:19:43] Source: edge-node-1, Dest: edge-node-2
[13:19:43] Transfer mode: host
[13:19:43] Relay node: edge-host-1

[13:19:43] === PRE-COPY LIVE MIGRATION ===
[13:19:43] Step 1: Checking source process...
[13:19:44]   Using PID from /home/ubuntu/counter.pid: 35928
[13:19:44]   Last counter value (pre-dumps start): 4
[13:19:45]   Architecture: x86_64 (compatible)
[13:19:45] Step 2: Preparing dump directory...
[13:19:45] Step 3: Running 3 pre-dumps and transferring them while service keeps running...
[13:19:45]   Pre-dump 1/3...
[13:19:45]   Archiving and transferring pre-dump 1...
  Transferring /home/ubuntu/CRIU-counter-iter-0.tar.gz via relay node edge-host-1...
Setting up SSH trust: edge-node-1 → ubuntu@10.138.215.36
  Adding public key to destination's authorized_keys...
  Testing SSH connectivity...
  ✓ SSH trust ready
Setting up SSH trust: edge-host-1 → ubuntu@10.138.215.137
  Adding public key to destination's authorized_keys...
  Testing SSH connectivity...
  ✓ SSH trust ready
[13:19:59]   Pre-dump 2/3...
[13:20:00]   Archiving and transferring pre-dump 2...
  Transferring /home/ubuntu/CRIU-counter-iter-1.tar.gz via relay node edge-host-1...
Setting up SSH trust: edge-node-1 → ubuntu@10.138.215.36
  Adding public key to destination's authorized_keys...
  Testing SSH connectivity...
  ✓ SSH trust ready
Setting up SSH trust: edge-host-1 → ubuntu@10.138.215.137
  Adding public key to destination's authorized_keys...
  Testing SSH connectivity...
  ✓ SSH trust ready
[13:20:13]   Pre-dump 3/3...
[13:20:13]   Archiving and transferring pre-dump 3...
  Transferring /home/ubuntu/CRIU-counter-iter-2.tar.gz via relay node edge-host-1...
Setting up SSH trust: edge-node-1 → ubuntu@10.138.215.36
  Adding public key to destination's authorized_keys...
  Testing SSH connectivity...
  ✓ SSH trust ready
Setting up SSH trust: edge-host-1 → ubuntu@10.138.215.137
  Adding public key to destination's authorized_keys...
  Testing SSH connectivity...
  ✓ SSH trust ready
[13:20:26]   Total pre-dump time: 41424 ms
[13:20:26]   Pre-copy transfer outside downtime: archive=877 ms, transfer=34719 ms, unpack=1020 ms, bytes=18091
[13:20:26] Step 4: Final dump (freezing service)...
[13:20:27]   Frozen last counter value: 48
[13:20:27]   Expected after restore: 49
[13:20:27]   Final dump time (freeze duration): 582 ms
[13:20:27] Step 5: Creating final dump archive...
[13:20:28]   Archive size: 25368 bytes
[13:20:28] Step 6: Transferring archive...
  Transferring /home/ubuntu/CRIU-counter-final.tar.gz via relay node edge-host-1...
Setting up SSH trust: edge-node-1 → ubuntu@10.138.215.36
  Adding public key to destination's authorized_keys...
  Testing SSH connectivity...
  ✓ SSH trust ready
Setting up SSH trust: edge-host-1 → ubuntu@10.138.215.137
  Adding public key to destination's authorized_keys...
  Testing SSH connectivity...
  ✓ SSH trust ready
[13:20:39]   Transfer time: 11173 ms
[13:20:39] Step 7: Unpacking on destination...
[13:20:39] Step 7.5: Ensuring counter output file exists on destination...
[13:20:39] Step 7.8: Ensuring /tmp/counter binary is present on destination...
[13:20:40] Step 8: Restoring process...
[13:20:40]   Restore time: 281 ms
[13:20:40]   Restored PID: 35928 (written to /home/ubuntu/counter.pid)
[13:20:40] Step 9: Verifying migration...
[13:20:43]   Expected min: 49 (after ~3.0s → ~52), Observed: 52
[13:20:43] ✓ SUCCESS: Counter continued correctly!
[13:20:43] Total downtime: 12036 ms (final_dump: 582 + transfer: 11173 + restore: 281)
[13:20:43] Pre-dump time (not counted as downtime): 41424 ms
[13:20:43] Effective bandwidth: 0.02 Mbps
[13:20:43] Metrics saved to /home/ivo/Evaluation-of-Live-Migration-Strategies-at-the-Edge/Container/metrics/migration_metrics.csv
[exit=0]

$ python3 /home/ivo/Evaluation-of-Live-Migration-Strategies-at-the-Edge/Container/scripts/setup/reset_nodes.py edge-node-1 edge-node-2
[13:20:44] Resetting nodes: edge-node-1 -> edge-node-2
[13:20:44] Step 1: Killing any existing processes on source...
[13:20:44]   Killing PID 35928 (from /home/ubuntu/app.pid)
[13:20:45]   Killing PID 35928 (from /home/ubuntu/counter.pid)
[13:20:45]   Killing any remaining background processes...
[13:20:47] Step 2: Cleaning source node...
[13:20:48] Step 3: Cleaning destination node...
[13:20:48]   Killing PID 35928 on destination (from /home/ubuntu/app.pid)
[13:20:49]   Killing PID 35928 on destination (from /home/ubuntu/counter.pid)
[13:20:49]   Killing all remaining counter processes on destination...
[13:20:53] ✓ Reset complete, nodes are clean
[13:20:53]   Next: Start your application
[exit=0]

$ bash /home/ivo/Evaluation-of-Live-Migration-Strategies-at-the-Edge/Container/scripts/workloads/start_counter_c.sh edge-node-1
[13:20:53] Ensuring counter binary on edge-node-1...
[13:20:53] Reusing existing /tmp/counter on edge-node-1
[13:20:53] Starting counter on edge-node-1...
[13:20:54] ✓ Counter started
[exit=0]
[repeat] warmup 2s

$ python3 /home/ivo/Evaluation-of-Live-Migration-Strategies-at-the-Edge/Container/scripts/orchestrators/criu_benchmark.py precopy --source edge-node-1 --dest edge-node-2 --transfer-mode host --run-id 11-05-2026-host-precopy-0052 --relay-node edge-host-1 --iterations 3 --profile-name 3_LTE
[13:20:57] Starting precopy migration...
[13:20:57] Source: edge-node-1, Dest: edge-node-2
[13:20:57] Transfer mode: host
[13:20:57] Relay node: edge-host-1

[13:20:57] === PRE-COPY LIVE MIGRATION ===
[13:20:57] Step 1: Checking source process...
[13:20:57]   Using PID from /home/ubuntu/counter.pid: 38735
[13:20:58]   Last counter value (pre-dumps start): 4
[13:20:59]   Architecture: x86_64 (compatible)
[13:20:59] Step 2: Preparing dump directory...
[13:20:59] Step 3: Running 3 pre-dumps and transferring them while service keeps running...
[13:20:59]   Pre-dump 1/3...
[13:20:59]   Archiving and transferring pre-dump 1...
  Transferring /home/ubuntu/CRIU-counter-iter-0.tar.gz via relay node edge-host-1...
Setting up SSH trust: edge-node-1 → ubuntu@10.138.215.36
  Adding public key to destination's authorized_keys...
  Testing SSH connectivity...
  ✓ SSH trust ready
Setting up SSH trust: edge-host-1 → ubuntu@10.138.215.137
  Adding public key to destination's authorized_keys...
  Testing SSH connectivity...
  ✓ SSH trust ready
[13:21:12]   Pre-dump 2/3...
[13:21:13]   Archiving and transferring pre-dump 2...
  Transferring /home/ubuntu/CRIU-counter-iter-1.tar.gz via relay node edge-host-1...
Setting up SSH trust: edge-node-1 → ubuntu@10.138.215.36
  Adding public key to destination's authorized_keys...
  Testing SSH connectivity...
  ✓ SSH trust ready
Setting up SSH trust: edge-host-1 → ubuntu@10.138.215.137
  Adding public key to destination's authorized_keys...
  Testing SSH connectivity...
  ✓ SSH trust ready
[13:21:26]   Pre-dump 3/3...
[13:21:27]   Archiving and transferring pre-dump 3...
  Transferring /home/ubuntu/CRIU-counter-iter-2.tar.gz via relay node edge-host-1...
Setting up SSH trust: edge-node-1 → ubuntu@10.138.215.36
  Adding public key to destination's authorized_keys...
  Testing SSH connectivity...
  ✓ SSH trust ready
Setting up SSH trust: edge-host-1 → ubuntu@10.138.215.137
  Adding public key to destination's authorized_keys...
  Testing SSH connectivity...
  ✓ SSH trust ready
[13:21:40]   Total pre-dump time: 40925 ms
[13:21:40]   Pre-copy transfer outside downtime: archive=944 ms, transfer=33954 ms, unpack=966 ms, bytes=17959
[13:21:40] Step 4: Final dump (freezing service)...
[13:21:40]   Frozen last counter value: 48
[13:21:40]   Expected after restore: 49
[13:21:40]   Final dump time (freeze duration): 551 ms
[13:21:40] Step 5: Creating final dump archive...
[13:21:41]   Archive size: 25430 bytes
[13:21:41] Step 6: Transferring archive...
  Transferring /home/ubuntu/CRIU-counter-final.tar.gz via relay node edge-host-1...
Setting up SSH trust: edge-node-1 → ubuntu@10.138.215.36
  Adding public key to destination's authorized_keys...
  Testing SSH connectivity...
  ✓ SSH trust ready
Setting up SSH trust: edge-host-1 → ubuntu@10.138.215.137
  Adding public key to destination's authorized_keys...
  Testing SSH connectivity...
  ✓ SSH trust ready
[13:21:53]   Transfer time: 11668 ms
[13:21:53] Step 7: Unpacking on destination...
[13:21:53] Step 7.5: Ensuring counter output file exists on destination...
[13:21:53] Step 7.8: Ensuring /tmp/counter binary is present on destination...
[13:21:54] Step 8: Restoring process...
[13:21:54]   Restore time: 342 ms
[13:21:54]   Restored PID: 38735 (written to /home/ubuntu/counter.pid)
[13:21:54] Step 9: Verifying migration...
[13:21:57]   Expected min: 49 (after ~3.0s → ~52), Observed: 52
[13:21:57] ✓ SUCCESS: Counter continued correctly!
[13:21:57] Total downtime: 12561 ms (final_dump: 551 + transfer: 11668 + restore: 342)
[13:21:57] Pre-dump time (not counted as downtime): 40925 ms
[13:21:57] Effective bandwidth: 0.02 Mbps
[13:21:57] Metrics saved to /home/ivo/Evaluation-of-Live-Migration-Strategies-at-the-Edge/Container/metrics/migration_metrics.csv
[exit=0]

$ python3 /home/ivo/Evaluation-of-Live-Migration-Strategies-at-the-Edge/Container/scripts/setup/reset_nodes.py edge-node-1 edge-node-2
[13:21:58] Resetting nodes: edge-node-1 -> edge-node-2
[13:21:58] Step 1: Killing any existing processes on source...
[13:21:58]   Killing PID 38735 (from /home/ubuntu/app.pid)
[13:21:59]   Killing PID 38735 (from /home/ubuntu/counter.pid)
[13:21:59]   Killing any remaining background processes...
[13:22:01] Step 2: Cleaning source node...
[13:22:02] Step 3: Cleaning destination node...
[13:22:03]   Killing PID 38735 on destination (from /home/ubuntu/app.pid)
[13:22:03]   Killing PID 38735 on destination (from /home/ubuntu/counter.pid)
[13:22:04]   Killing all remaining counter processes on destination...
[13:22:07] ✓ Reset complete, nodes are clean
[13:22:07]   Next: Start your application
[exit=0]

$ bash /home/ivo/Evaluation-of-Live-Migration-Strategies-at-the-Edge/Container/scripts/workloads/start_counter_c.sh edge-node-1
[13:22:07] Ensuring counter binary on edge-node-1...
[13:22:08] Reusing existing /tmp/counter on edge-node-1
[13:22:08] Starting counter on edge-node-1...
[13:22:09] ✓ Counter started
[exit=0]
[repeat] warmup 2s

$ python3 /home/ivo/Evaluation-of-Live-Migration-Strategies-at-the-Edge/Container/scripts/orchestrators/criu_benchmark.py precopy --source edge-node-1 --dest edge-node-2 --transfer-mode host --run-id 11-05-2026-host-precopy-0053 --relay-node edge-host-1 --iterations 3 --profile-name 3_LTE
[13:22:11] Starting precopy migration...
[13:22:11] Source: edge-node-1, Dest: edge-node-2
[13:22:11] Transfer mode: host
[13:22:11] Relay node: edge-host-1

[13:22:11] === PRE-COPY LIVE MIGRATION ===
[13:22:11] Step 1: Checking source process...
[13:22:12]   Using PID from /home/ubuntu/counter.pid: 41806
[13:22:12]   Last counter value (pre-dumps start): 4
[13:22:13]   Architecture: x86_64 (compatible)
[13:22:13] Step 2: Preparing dump directory...
[13:22:13] Step 3: Running 3 pre-dumps and transferring them while service keeps running...
[13:22:13]   Pre-dump 1/3...
[13:22:13]   Archiving and transferring pre-dump 1...
  Transferring /home/ubuntu/CRIU-counter-iter-0.tar.gz via relay node edge-host-1...
Setting up SSH trust: edge-node-1 → ubuntu@10.138.215.36
  Adding public key to destination's authorized_keys...
  Testing SSH connectivity...
  ✓ SSH trust ready
Setting up SSH trust: edge-host-1 → ubuntu@10.138.215.137
  Adding public key to destination's authorized_keys...
  Testing SSH connectivity...
  ✓ SSH trust ready
[13:22:27]   Pre-dump 2/3...
[13:22:27]   Archiving and transferring pre-dump 2...
  Transferring /home/ubuntu/CRIU-counter-iter-1.tar.gz via relay node edge-host-1...
Setting up SSH trust: edge-node-1 → ubuntu@10.138.215.36
  Adding public key to destination's authorized_keys...
  Testing SSH connectivity...
  ✓ SSH trust ready
Setting up SSH trust: edge-host-1 → ubuntu@10.138.215.137
  Adding public key to destination's authorized_keys...
  Testing SSH connectivity...
  ✓ SSH trust ready
[13:22:41]   Pre-dump 3/3...
[13:22:41]   Archiving and transferring pre-dump 3...
  Transferring /home/ubuntu/CRIU-counter-iter-2.tar.gz via relay node edge-host-1...
Setting up SSH trust: edge-node-1 → ubuntu@10.138.215.36
  Adding public key to destination's authorized_keys...
  Testing SSH connectivity...
  ✓ SSH trust ready
Setting up SSH trust: edge-host-1 → ubuntu@10.138.215.137
  Adding public key to destination's authorized_keys...
  Testing SSH connectivity...
  ✓ SSH trust ready
[13:22:54]   Total pre-dump time: 41100 ms
[13:22:54]   Pre-copy transfer outside downtime: archive=968 ms, transfer=34057 ms, unpack=959 ms, bytes=18427
[13:22:54] Step 4: Final dump (freezing service)...
[13:22:55]   Frozen last counter value: 48
[13:22:55]   Expected after restore: 49
[13:22:55]   Final dump time (freeze duration): 580 ms
[13:22:55] Step 5: Creating final dump archive...
[13:22:55]   Archive size: 25285 bytes
[13:22:55] Step 6: Transferring archive...
  Transferring /home/ubuntu/CRIU-counter-final.tar.gz via relay node edge-host-1...
Setting up SSH trust: edge-node-1 → ubuntu@10.138.215.36
  Adding public key to destination's authorized_keys...
  Testing SSH connectivity...
  ✓ SSH trust ready
Setting up SSH trust: edge-host-1 → ubuntu@10.138.215.137
  Adding public key to destination's authorized_keys...
  Testing SSH connectivity...
  ✓ SSH trust ready
[13:23:07]   Transfer time: 11653 ms
[13:23:07] Step 7: Unpacking on destination...
[13:23:07] Step 7.5: Ensuring counter output file exists on destination...
[13:23:08] Step 7.8: Ensuring /tmp/counter binary is present on destination...
[13:23:08] Step 8: Restoring process...
[13:23:08]   Restore time: 318 ms
[13:23:09]   Restored PID: 41806 (written to /home/ubuntu/counter.pid)
[13:23:09] Step 9: Verifying migration...
[13:23:12]   Expected min: 49 (after ~3.0s → ~52), Observed: 52
[13:23:12] ✓ SUCCESS: Counter continued correctly!
[13:23:12] Total downtime: 12551 ms (final_dump: 580 + transfer: 11653 + restore: 318)
[13:23:12] Pre-dump time (not counted as downtime): 41100 ms
[13:23:12] Effective bandwidth: 0.02 Mbps
[13:23:12] Metrics saved to /home/ivo/Evaluation-of-Live-Migration-Strategies-at-the-Edge/Container/metrics/migration_metrics.csv
[exit=0]

$ python3 /home/ivo/Evaluation-of-Live-Migration-Strategies-at-the-Edge/Container/scripts/setup/reset_nodes.py edge-node-1 edge-node-2
[13:23:13] Resetting nodes: edge-node-1 -> edge-node-2
[13:23:13] Step 1: Killing any existing processes on source...
[13:23:13]   Killing PID 41806 (from /home/ubuntu/app.pid)
[13:23:14]   Killing PID 41806 (from /home/ubuntu/counter.pid)
[13:23:15]   Killing any remaining background processes...
[13:23:16] Step 2: Cleaning source node...
[13:23:17] Step 3: Cleaning destination node...
[13:23:17]   Killing PID 41806 on destination (from /home/ubuntu/app.pid)
[13:23:18]   Killing PID 41806 on destination (from /home/ubuntu/counter.pid)
[13:23:19]   Killing all remaining counter processes on destination...
[13:23:22] ✓ Reset complete, nodes are clean
[13:23:22]   Next: Start your application
[exit=0]

$ bash /home/ivo/Evaluation-of-Live-Migration-Strategies-at-the-Edge/Container/scripts/workloads/start_counter_c.sh edge-node-1
[13:23:22] Ensuring counter binary on edge-node-1...
[13:23:23] Reusing existing /tmp/counter on edge-node-1
[13:23:23] Starting counter on edge-node-1...
[13:23:24] ✓ Counter started
[exit=0]
[repeat] warmup 2s

$ python3 /home/ivo/Evaluation-of-Live-Migration-Strategies-at-the-Edge/Container/scripts/orchestrators/criu_benchmark.py precopy --source edge-node-1 --dest edge-node-2 --transfer-mode host --run-id 11-05-2026-host-precopy-0054 --relay-node edge-host-1 --iterations 3 --profile-name 3_LTE
[13:23:27] Starting precopy migration...
[13:23:27] Source: edge-node-1, Dest: edge-node-2
[13:23:27] Transfer mode: host
[13:23:27] Relay node: edge-host-1

[13:23:27] === PRE-COPY LIVE MIGRATION ===
[13:23:27] Step 1: Checking source process...
[13:23:27]   Using PID from /home/ubuntu/counter.pid: 44610
[13:23:27]   Last counter value (pre-dumps start): 4
[13:23:28]   Architecture: x86_64 (compatible)
[13:23:28] Step 2: Preparing dump directory...
[13:23:29] Step 3: Running 3 pre-dumps and transferring them while service keeps running...
[13:23:29]   Pre-dump 1/3...
[13:23:29]   Archiving and transferring pre-dump 1...
  Transferring /home/ubuntu/CRIU-counter-iter-0.tar.gz via relay node edge-host-1...
Setting up SSH trust: edge-node-1 → ubuntu@10.138.215.36
  Adding public key to destination's authorized_keys...
  Testing SSH connectivity...
  ✓ SSH trust ready
Setting up SSH trust: edge-host-1 → ubuntu@10.138.215.137
  Adding public key to destination's authorized_keys...
  Testing SSH connectivity...
  ✓ SSH trust ready
[13:23:43]   Pre-dump 2/3...
[13:23:43]   Archiving and transferring pre-dump 2...
  Transferring /home/ubuntu/CRIU-counter-iter-1.tar.gz via relay node edge-host-1...
Setting up SSH trust: edge-node-1 → ubuntu@10.138.215.36
  Adding public key to destination's authorized_keys...
  Testing SSH connectivity...
  ✓ SSH trust ready
Setting up SSH trust: edge-host-1 → ubuntu@10.138.215.137
  Adding public key to destination's authorized_keys...
  Testing SSH connectivity...
  ✓ SSH trust ready
[13:23:56]   Pre-dump 3/3...
[13:23:56]   Archiving and transferring pre-dump 3...
  Transferring /home/ubuntu/CRIU-counter-iter-2.tar.gz via relay node edge-host-1...
Setting up SSH trust: edge-node-1 → ubuntu@10.138.215.36
  Adding public key to destination's authorized_keys...
  Testing SSH connectivity...
  ✓ SSH trust ready
Setting up SSH trust: edge-host-1 → ubuntu@10.138.215.137
  Adding public key to destination's authorized_keys...
  Testing SSH connectivity...
  ✓ SSH trust ready
[13:24:10]   Total pre-dump time: 41015 ms
[13:24:10]   Pre-copy transfer outside downtime: archive=972 ms, transfer=34358 ms, unpack=916 ms, bytes=17990
[13:24:10] Step 4: Final dump (freezing service)...
[13:24:10]   Frozen last counter value: 48
[13:24:10]   Expected after restore: 49
[13:24:10]   Final dump time (freeze duration): 532 ms
[13:24:10] Step 5: Creating final dump archive...
[13:24:11]   Archive size: 25263 bytes
[13:24:11] Step 6: Transferring archive...
  Transferring /home/ubuntu/CRIU-counter-final.tar.gz via relay node edge-host-1...
Setting up SSH trust: edge-node-1 → ubuntu@10.138.215.36
  Adding public key to destination's authorized_keys...
  Testing SSH connectivity...
  ✓ SSH trust ready
Setting up SSH trust: edge-host-1 → ubuntu@10.138.215.137
  Adding public key to destination's authorized_keys...
  Testing SSH connectivity...
  ✓ SSH trust ready
[13:24:22]   Transfer time: 11435 ms
[13:24:22] Step 7: Unpacking on destination...
[13:24:22] Step 7.5: Ensuring counter output file exists on destination...
[13:24:23] Step 7.8: Ensuring /tmp/counter binary is present on destination...
[13:24:23] Step 8: Restoring process...
[13:24:23]   Restore time: 318 ms
[13:24:24]   Restored PID: 44610 (written to /home/ubuntu/counter.pid)
[13:24:24] Step 9: Verifying migration...
[13:24:27]   Expected min: 49 (after ~3.0s → ~52), Observed: 52
[13:24:27] ✓ SUCCESS: Counter continued correctly!
[13:24:27] Total downtime: 12285 ms (final_dump: 532 + transfer: 11435 + restore: 318)
[13:24:27] Pre-dump time (not counted as downtime): 41015 ms
[13:24:27] Effective bandwidth: 0.02 Mbps
[13:24:27] Metrics saved to /home/ivo/Evaluation-of-Live-Migration-Strategies-at-the-Edge/Container/metrics/migration_metrics.csv
[exit=0]

$ python3 /home/ivo/Evaluation-of-Live-Migration-Strategies-at-the-Edge/Container/scripts/setup/reset_nodes.py edge-node-1 edge-node-2
[13:24:27] Resetting nodes: edge-node-1 -> edge-node-2
[13:24:27] Step 1: Killing any existing processes on source...
[13:24:28]   Killing PID 44610 (from /home/ubuntu/app.pid)
[13:24:29]   Killing PID 44610 (from /home/ubuntu/counter.pid)
[13:24:29]   Killing any remaining background processes...
[13:24:31] Step 2: Cleaning source node...
[13:24:32] Step 3: Cleaning destination node...
[13:24:32]   Killing PID 44610 on destination (from /home/ubuntu/app.pid)
[13:24:33]   Killing PID 44610 on destination (from /home/ubuntu/counter.pid)
[13:24:33]   Killing all remaining counter processes on destination...
[13:24:37] ✓ Reset complete, nodes are clean
[13:24:37]   Next: Start your application
[exit=0]

$ bash /home/ivo/Evaluation-of-Live-Migration-Strategies-at-the-Edge/Container/scripts/workloads/start_counter_c.sh edge-node-1
[13:24:37] Ensuring counter binary on edge-node-1...
[13:24:37] Reusing existing /tmp/counter on edge-node-1
[13:24:37] Starting counter on edge-node-1...
[13:24:38] ✓ Counter started
[exit=0]
[repeat] warmup 2s

$ python3 /home/ivo/Evaluation-of-Live-Migration-Strategies-at-the-Edge/Container/scripts/orchestrators/criu_benchmark.py precopy --source edge-node-1 --dest edge-node-2 --transfer-mode host --run-id 11-05-2026-host-precopy-0055 --relay-node edge-host-1 --iterations 3 --profile-name 3_LTE
[13:24:41] Starting precopy migration...
[13:24:41] Source: edge-node-1, Dest: edge-node-2
[13:24:41] Transfer mode: host
[13:24:41] Relay node: edge-host-1

[13:24:41] === PRE-COPY LIVE MIGRATION ===
[13:24:41] Step 1: Checking source process...
[13:24:41]   Using PID from /home/ubuntu/counter.pid: 47425
[13:24:42]   Last counter value (pre-dumps start): 4
[13:24:42]   Architecture: x86_64 (compatible)
[13:24:42] Step 2: Preparing dump directory...
[13:24:43] Step 3: Running 3 pre-dumps and transferring them while service keeps running...
[13:24:43]   Pre-dump 1/3...
[13:24:43]   Archiving and transferring pre-dump 1...
  Transferring /home/ubuntu/CRIU-counter-iter-0.tar.gz via relay node edge-host-1...
Setting up SSH trust: edge-node-1 → ubuntu@10.138.215.36
  Adding public key to destination's authorized_keys...
  Testing SSH connectivity...
  ✓ SSH trust ready
Setting up SSH trust: edge-host-1 → ubuntu@10.138.215.137
  Adding public key to destination's authorized_keys...
  Testing SSH connectivity...
  ✓ SSH trust ready
[13:24:56]   Pre-dump 2/3...
[13:24:57]   Archiving and transferring pre-dump 2...
  Transferring /home/ubuntu/CRIU-counter-iter-1.tar.gz via relay node edge-host-1...
Setting up SSH trust: edge-node-1 → ubuntu@10.138.215.36
  Adding public key to destination's authorized_keys...
  Testing SSH connectivity...
  ✓ SSH trust ready
Setting up SSH trust: edge-host-1 → ubuntu@10.138.215.137
  Adding public key to destination's authorized_keys...
  Testing SSH connectivity...
  ✓ SSH trust ready
[13:25:10]   Pre-dump 3/3...
[13:25:10]   Archiving and transferring pre-dump 3...
  Transferring /home/ubuntu/CRIU-counter-iter-2.tar.gz via relay node edge-host-1...
Setting up SSH trust: edge-node-1 → ubuntu@10.138.215.36
  Adding public key to destination's authorized_keys...
  Testing SSH connectivity...
  ✓ SSH trust ready
Setting up SSH trust: edge-host-1 → ubuntu@10.138.215.137
  Adding public key to destination's authorized_keys...
  Testing SSH connectivity...
  ✓ SSH trust ready
[13:25:23]   Total pre-dump time: 40724 ms
[13:25:23]   Pre-copy transfer outside downtime: archive=871 ms, transfer=33902 ms, unpack=1213 ms, bytes=19111
[13:25:23] Step 4: Final dump (freezing service)...
[13:25:24]   Frozen last counter value: 47
[13:25:24]   Expected after restore: 48
[13:25:24]   Final dump time (freeze duration): 557 ms
[13:25:24] Step 5: Creating final dump archive...
[13:25:24]   Archive size: 25428 bytes
[13:25:24] Step 6: Transferring archive...
  Transferring /home/ubuntu/CRIU-counter-final.tar.gz via relay node edge-host-1...
Setting up SSH trust: edge-node-1 → ubuntu@10.138.215.36
  Adding public key to destination's authorized_keys...
  Testing SSH connectivity...
  ✓ SSH trust ready
Setting up SSH trust: edge-host-1 → ubuntu@10.138.215.137
  Adding public key to destination's authorized_keys...
  Testing SSH connectivity...
  ✓ SSH trust ready
[13:25:36]   Transfer time: 11771 ms
[13:25:36] Step 7: Unpacking on destination...
[13:25:36] Step 7.5: Ensuring counter output file exists on destination...
[13:25:37] Step 7.8: Ensuring /tmp/counter binary is present on destination...
[13:25:37] Step 8: Restoring process...
[13:25:37]   Restore time: 386 ms
[13:25:38]   Restored PID: 47425 (written to /home/ubuntu/counter.pid)
[13:25:38] Step 9: Verifying migration...
[13:25:41]   Expected min: 48 (after ~3.0s → ~51), Observed: 51
[13:25:41] ✓ SUCCESS: Counter continued correctly!
[13:25:41] Total downtime: 12714 ms (final_dump: 557 + transfer: 11771 + restore: 386)
[13:25:41] Pre-dump time (not counted as downtime): 40724 ms
[13:25:41] Effective bandwidth: 0.02 Mbps
[13:25:41] Metrics saved to /home/ivo/Evaluation-of-Live-Migration-Strategies-at-the-Edge/Container/metrics/migration_metrics.csv
[exit=0]

$ python3 /home/ivo/Evaluation-of-Live-Migration-Strategies-at-the-Edge/Container/scripts/setup/reset_nodes.py edge-node-1 edge-node-2
[13:25:42] Resetting nodes: edge-node-1 -> edge-node-2
[13:25:42] Step 1: Killing any existing processes on source...
[13:25:42]   Killing PID 47425 (from /home/ubuntu/app.pid)
[13:25:43]   Killing PID 47425 (from /home/ubuntu/counter.pid)
[13:25:43]   Killing any remaining background processes...
[13:25:44] Step 2: Cleaning source node...
[13:25:46] Step 3: Cleaning destination node...
[13:25:46]   Killing PID 47425 on destination (from /home/ubuntu/app.pid)
[13:25:47]   Killing PID 47425 on destination (from /home/ubuntu/counter.pid)
[13:25:47]   Killing all remaining counter processes on destination...
[13:25:50] ✓ Reset complete, nodes are clean
[13:25:50]   Next: Start your application
[exit=0]

$ bash /home/ivo/Evaluation-of-Live-Migration-Strategies-at-the-Edge/Container/scripts/workloads/start_counter_c.sh edge-node-1
[13:25:50] Ensuring counter binary on edge-node-1...
[13:25:51] Reusing existing /tmp/counter on edge-node-1
[13:25:51] Starting counter on edge-node-1...
[13:25:52] ✓ Counter started
[exit=0]
[repeat] warmup 2s

$ python3 /home/ivo/Evaluation-of-Live-Migration-Strategies-at-the-Edge/Container/scripts/orchestrators/criu_benchmark.py precopy --source edge-node-1 --dest edge-node-2 --transfer-mode host --run-id 11-05-2026-host-precopy-0056 --relay-node edge-host-1 --iterations 3 --profile-name 3_LTE
[13:25:54] Starting precopy migration...
[13:25:54] Source: edge-node-1, Dest: edge-node-2
[13:25:54] Transfer mode: host
[13:25:54] Relay node: edge-host-1

[13:25:54] === PRE-COPY LIVE MIGRATION ===
[13:25:54] Step 1: Checking source process...
[13:25:55]   Using PID from /home/ubuntu/counter.pid: 50232
[13:25:55]   Last counter value (pre-dumps start): 4
[13:25:56]   Architecture: x86_64 (compatible)
[13:25:56] Step 2: Preparing dump directory...
[13:25:56] Step 3: Running 3 pre-dumps and transferring them while service keeps running...
[13:25:56]   Pre-dump 1/3...
[13:25:56]   Archiving and transferring pre-dump 1...
  Transferring /home/ubuntu/CRIU-counter-iter-0.tar.gz via relay node edge-host-1...
Setting up SSH trust: edge-node-1 → ubuntu@10.138.215.36
  Adding public key to destination's authorized_keys...
  Testing SSH connectivity...
  ✓ SSH trust ready
Setting up SSH trust: edge-host-1 → ubuntu@10.138.215.137
  Adding public key to destination's authorized_keys...
  Testing SSH connectivity...
  ✓ SSH trust ready
[13:26:10]   Pre-dump 2/3...
[13:26:10]   Archiving and transferring pre-dump 2...
  Transferring /home/ubuntu/CRIU-counter-iter-1.tar.gz via relay node edge-host-1...
Setting up SSH trust: edge-node-1 → ubuntu@10.138.215.36
  Adding public key to destination's authorized_keys...
  Testing SSH connectivity...
  ✓ SSH trust ready
Setting up SSH trust: edge-host-1 → ubuntu@10.138.215.137
  Adding public key to destination's authorized_keys...
  Testing SSH connectivity...
  ✓ SSH trust ready
[13:26:23]   Pre-dump 3/3...
[13:26:24]   Archiving and transferring pre-dump 3...
  Transferring /home/ubuntu/CRIU-counter-iter-2.tar.gz via relay node edge-host-1...
Setting up SSH trust: edge-node-1 → ubuntu@10.138.215.36
  Adding public key to destination's authorized_keys...
  Testing SSH connectivity...
  ✓ SSH trust ready
Setting up SSH trust: edge-host-1 → ubuntu@10.138.215.137
  Adding public key to destination's authorized_keys...
  Testing SSH connectivity...
  ✓ SSH trust ready
[13:26:37]   Total pre-dump time: 40489 ms
[13:26:37]   Pre-copy transfer outside downtime: archive=938 ms, transfer=33865 ms, unpack=913 ms, bytes=18437
[13:26:37] Step 4: Final dump (freezing service)...
[13:26:38]   Frozen last counter value: 47
[13:26:38]   Expected after restore: 48
[13:26:38]   Final dump time (freeze duration): 873 ms
[13:26:38] Step 5: Creating final dump archive...
[13:26:38]   Archive size: 25193 bytes
[13:26:38] Step 6: Transferring archive...
  Transferring /home/ubuntu/CRIU-counter-final.tar.gz via relay node edge-host-1...
Setting up SSH trust: edge-node-1 → ubuntu@10.138.215.36
  Adding public key to destination's authorized_keys...
  Testing SSH connectivity...
  ✓ SSH trust ready
Setting up SSH trust: edge-host-1 → ubuntu@10.138.215.137
  Adding public key to destination's authorized_keys...
  Testing SSH connectivity...
  ✓ SSH trust ready
[13:26:50]   Transfer time: 11478 ms
[13:26:50] Step 7: Unpacking on destination...
[13:26:50] Step 7.5: Ensuring counter output file exists on destination...
[13:26:50] Step 7.8: Ensuring /tmp/counter binary is present on destination...
[13:26:50] Step 8: Restoring process...
[13:26:51]   Restore time: 385 ms
[13:26:51]   Restored PID: 50232 (written to /home/ubuntu/counter.pid)
[13:26:51] Step 9: Verifying migration...
[13:26:54]   Expected min: 48 (after ~3.0s → ~51), Observed: 51
[13:26:54] ✓ SUCCESS: Counter continued correctly!
[13:26:54] Total downtime: 12736 ms (final_dump: 873 + transfer: 11478 + restore: 385)
[13:26:54] Pre-dump time (not counted as downtime): 40489 ms
[13:26:54] Effective bandwidth: 0.02 Mbps
[13:26:54] Metrics saved to /home/ivo/Evaluation-of-Live-Migration-Strategies-at-the-Edge/Container/metrics/migration_metrics.csv
[exit=0]

$ python3 /home/ivo/Evaluation-of-Live-Migration-Strategies-at-the-Edge/Container/scripts/setup/reset_nodes.py edge-node-1 edge-node-2
[13:26:55] Resetting nodes: edge-node-1 -> edge-node-2
[13:26:55] Step 1: Killing any existing processes on source...
[13:26:55]   Killing PID 50232 (from /home/ubuntu/app.pid)
[13:26:56]   Killing PID 50232 (from /home/ubuntu/counter.pid)
[13:26:56]   Killing any remaining background processes...
[13:26:58] Step 2: Cleaning source node...
[13:26:59] Step 3: Cleaning destination node...
[13:26:59]   Killing PID 50232 on destination (from /home/ubuntu/app.pid)
[13:27:00]   Killing PID 50232 on destination (from /home/ubuntu/counter.pid)
[13:27:00]   Killing all remaining counter processes on destination...
[13:27:04] ✓ Reset complete, nodes are clean
[13:27:04]   Next: Start your application
[exit=0]

$ bash /home/ivo/Evaluation-of-Live-Migration-Strategies-at-the-Edge/Container/scripts/workloads/start_counter_c.sh edge-node-1
[13:27:04] Ensuring counter binary on edge-node-1...
[13:27:04] Reusing existing /tmp/counter on edge-node-1
[13:27:04] Starting counter on edge-node-1...
[13:27:05] ✓ Counter started
[exit=0]
[repeat] warmup 2s

$ python3 /home/ivo/Evaluation-of-Live-Migration-Strategies-at-the-Edge/Container/scripts/orchestrators/criu_benchmark.py precopy --source edge-node-1 --dest edge-node-2 --transfer-mode host --run-id 11-05-2026-host-precopy-0057 --relay-node edge-host-1 --iterations 3 --profile-name 3_LTE
[13:27:08] Starting precopy migration...
[13:27:08] Source: edge-node-1, Dest: edge-node-2
[13:27:08] Transfer mode: host
[13:27:08] Relay node: edge-host-1

[13:27:08] === PRE-COPY LIVE MIGRATION ===
[13:27:08] Step 1: Checking source process...
[13:27:08]   Using PID from /home/ubuntu/counter.pid: 53047
[13:27:09]   Last counter value (pre-dumps start): 4
[13:27:09]   Architecture: x86_64 (compatible)
[13:27:09] Step 2: Preparing dump directory...
[13:27:10] Step 3: Running 3 pre-dumps and transferring them while service keeps running...
[13:27:10]   Pre-dump 1/3...
[13:27:10]   Archiving and transferring pre-dump 1...
  Transferring /home/ubuntu/CRIU-counter-iter-0.tar.gz via relay node edge-host-1...
Setting up SSH trust: edge-node-1 → ubuntu@10.138.215.36
  Adding public key to destination's authorized_keys...
  Testing SSH connectivity...
  ✓ SSH trust ready
Setting up SSH trust: edge-host-1 → ubuntu@10.138.215.137
  Adding public key to destination's authorized_keys...
  Testing SSH connectivity...
  ✓ SSH trust ready
[13:27:23]   Pre-dump 2/3...
[13:27:24]   Archiving and transferring pre-dump 2...
  Transferring /home/ubuntu/CRIU-counter-iter-1.tar.gz via relay node edge-host-1...
Setting up SSH trust: edge-node-1 → ubuntu@10.138.215.36
  Adding public key to destination's authorized_keys...
  Testing SSH connectivity...
  ✓ SSH trust ready
Setting up SSH trust: edge-host-1 → ubuntu@10.138.215.137
  Adding public key to destination's authorized_keys...
  Testing SSH connectivity...
  ✓ SSH trust ready
[13:27:37]   Pre-dump 3/3...
[13:27:37]   Archiving and transferring pre-dump 3...
  Transferring /home/ubuntu/CRIU-counter-iter-2.tar.gz via relay node edge-host-1...
Setting up SSH trust: edge-node-1 → ubuntu@10.138.215.36
  Adding public key to destination's authorized_keys...
  Testing SSH connectivity...
  ✓ SSH trust ready
Setting up SSH trust: edge-host-1 → ubuntu@10.138.215.137
  Adding public key to destination's authorized_keys...
  Testing SSH connectivity...
  ✓ SSH trust ready
[13:27:50]   Total pre-dump time: 40846 ms
[13:27:50]   Pre-copy transfer outside downtime: archive=1175 ms, transfer=33876 ms, unpack=1062 ms, bytes=17706
[13:27:50] Step 4: Final dump (freezing service)...
[13:27:51]   Frozen last counter value: 47
[13:27:51]   Expected after restore: 48
[13:27:51]   Final dump time (freeze duration): 598 ms
[13:27:51] Step 5: Creating final dump archive...
[13:27:52]   Archive size: 25311 bytes
[13:27:52] Step 6: Transferring archive...
  Transferring /home/ubuntu/CRIU-counter-final.tar.gz via relay node edge-host-1...
Setting up SSH trust: edge-node-1 → ubuntu@10.138.215.36
  Adding public key to destination's authorized_keys...
  Testing SSH connectivity...
  ✓ SSH trust ready
Setting up SSH trust: edge-host-1 → ubuntu@10.138.215.137
  Adding public key to destination's authorized_keys...
  Testing SSH connectivity...
  ✓ SSH trust ready
[13:28:03]   Transfer time: 11318 ms
[13:28:03] Step 7: Unpacking on destination...
[13:28:03] Step 7.5: Ensuring counter output file exists on destination...
[13:28:04] Step 7.8: Ensuring /tmp/counter binary is present on destination...
[13:28:04] Step 8: Restoring process...
[13:28:04]   Restore time: 386 ms
[13:28:05]   Restored PID: 53047 (written to /home/ubuntu/counter.pid)
[13:28:05] Step 9: Verifying migration...
[13:28:08]   Expected min: 48 (after ~3.0s → ~51), Observed: 51
[13:28:08] ✓ SUCCESS: Counter continued correctly!
[13:28:08] Total downtime: 12302 ms (final_dump: 598 + transfer: 11318 + restore: 386)
[13:28:08] Pre-dump time (not counted as downtime): 40846 ms
[13:28:08] Effective bandwidth: 0.02 Mbps
[13:28:08] Metrics saved to /home/ivo/Evaluation-of-Live-Migration-Strategies-at-the-Edge/Container/metrics/migration_metrics.csv
[exit=0]

$ python3 /home/ivo/Evaluation-of-Live-Migration-Strategies-at-the-Edge/Container/scripts/setup/reset_nodes.py edge-node-1 edge-node-2
[13:28:08] Resetting nodes: edge-node-1 -> edge-node-2
[13:28:08] Step 1: Killing any existing processes on source...
[13:28:09]   Killing PID 53047 (from /home/ubuntu/app.pid)
[13:28:09]   Killing PID 53047 (from /home/ubuntu/counter.pid)
[13:28:10]   Killing any remaining background processes...
[13:28:11] Step 2: Cleaning source node...
[13:28:12] Step 3: Cleaning destination node...
[13:28:13]   Killing PID 53047 on destination (from /home/ubuntu/app.pid)
[13:28:14]   Killing PID 53047 on destination (from /home/ubuntu/counter.pid)
[13:28:14]   Killing all remaining counter processes on destination...
[13:28:18] ✓ Reset complete, nodes are clean
[13:28:18]   Next: Start your application
[exit=0]

$ bash /home/ivo/Evaluation-of-Live-Migration-Strategies-at-the-Edge/Container/scripts/workloads/start_counter_c.sh edge-node-1
[13:28:18] Ensuring counter binary on edge-node-1...
[13:28:18] Reusing existing /tmp/counter on edge-node-1
[13:28:18] Starting counter on edge-node-1...
[13:28:19] ✓ Counter started
[exit=0]
[repeat] warmup 2s

$ python3 /home/ivo/Evaluation-of-Live-Migration-Strategies-at-the-Edge/Container/scripts/orchestrators/criu_benchmark.py precopy --source edge-node-1 --dest edge-node-2 --transfer-mode host --run-id 11-05-2026-host-precopy-0058 --relay-node edge-host-1 --iterations 3 --profile-name 3_LTE
[13:28:22] Starting precopy migration...
[13:28:22] Source: edge-node-1, Dest: edge-node-2
[13:28:22] Transfer mode: host
[13:28:22] Relay node: edge-host-1

[13:28:22] === PRE-COPY LIVE MIGRATION ===
[13:28:22] Step 1: Checking source process...
[13:28:22]   Using PID from /home/ubuntu/counter.pid: 55850
[13:28:23]   Last counter value (pre-dumps start): 4
[13:28:23]   Architecture: x86_64 (compatible)
[13:28:23] Step 2: Preparing dump directory...
[13:28:23] Step 3: Running 3 pre-dumps and transferring them while service keeps running...
[13:28:23]   Pre-dump 1/3...
[13:28:24]   Archiving and transferring pre-dump 1...
  Transferring /home/ubuntu/CRIU-counter-iter-0.tar.gz via relay node edge-host-1...
Setting up SSH trust: edge-node-1 → ubuntu@10.138.215.36
  Adding public key to destination's authorized_keys...
  Testing SSH connectivity...
  ✓ SSH trust ready
Setting up SSH trust: edge-host-1 → ubuntu@10.138.215.137
  Adding public key to destination's authorized_keys...
  Testing SSH connectivity...
  ✓ SSH trust ready
[13:28:37]   Pre-dump 2/3...
[13:28:37]   Archiving and transferring pre-dump 2...
  Transferring /home/ubuntu/CRIU-counter-iter-1.tar.gz via relay node edge-host-1...
Setting up SSH trust: edge-node-1 → ubuntu@10.138.215.36
  Adding public key to destination's authorized_keys...
  Testing SSH connectivity...
  ✓ SSH trust ready
Setting up SSH trust: edge-host-1 → ubuntu@10.138.215.137
  Adding public key to destination's authorized_keys...
  Testing SSH connectivity...
  ✓ SSH trust ready
[13:28:51]   Pre-dump 3/3...
[13:28:51]   Archiving and transferring pre-dump 3...
  Transferring /home/ubuntu/CRIU-counter-iter-2.tar.gz via relay node edge-host-1...
Setting up SSH trust: edge-node-1 → ubuntu@10.138.215.36
  Adding public key to destination's authorized_keys...
  Testing SSH connectivity...
  ✓ SSH trust ready
Setting up SSH trust: edge-host-1 → ubuntu@10.138.215.137
  Adding public key to destination's authorized_keys...
  Testing SSH connectivity...
  ✓ SSH trust ready
[13:29:04]   Total pre-dump time: 40302 ms
[13:29:04]   Pre-copy transfer outside downtime: archive=868 ms, transfer=33514 ms, unpack=888 ms, bytes=18922
[13:29:04] Step 4: Final dump (freezing service)...
[13:29:04]   Frozen last counter value: 47
[13:29:04]   Expected after restore: 48
[13:29:04]   Final dump time (freeze duration): 725 ms
[13:29:04] Step 5: Creating final dump archive...
[13:29:05]   Archive size: 25265 bytes
[13:29:05] Step 6: Transferring archive...
  Transferring /home/ubuntu/CRIU-counter-final.tar.gz via relay node edge-host-1...
Setting up SSH trust: edge-node-1 → ubuntu@10.138.215.36
  Adding public key to destination's authorized_keys...
  Testing SSH connectivity...
  ✓ SSH trust ready
Setting up SSH trust: edge-host-1 → ubuntu@10.138.215.137
  Adding public key to destination's authorized_keys...
  Testing SSH connectivity...
  ✓ SSH trust ready
[13:29:17]   Transfer time: 11625 ms
[13:29:17] Step 7: Unpacking on destination...
[13:29:17] Step 7.5: Ensuring counter output file exists on destination...
[13:29:18] Step 7.8: Ensuring /tmp/counter binary is present on destination...
[13:29:18] Step 8: Restoring process...
[13:29:18]   Restore time: 323 ms
[13:29:19]   Restored PID: 55850 (written to /home/ubuntu/counter.pid)
[13:29:19] Step 9: Verifying migration...
[13:29:22]   Expected min: 48 (after ~3.0s → ~51), Observed: 51
[13:29:22] ✓ SUCCESS: Counter continued correctly!
[13:29:22] Total downtime: 12673 ms (final_dump: 725 + transfer: 11625 + restore: 323)
[13:29:22] Pre-dump time (not counted as downtime): 40302 ms
[13:29:22] Effective bandwidth: 0.02 Mbps
[13:29:22] Metrics saved to /home/ivo/Evaluation-of-Live-Migration-Strategies-at-the-Edge/Container/metrics/migration_metrics.csv
[exit=0]

$ python3 /home/ivo/Evaluation-of-Live-Migration-Strategies-at-the-Edge/Container/scripts/setup/reset_nodes.py edge-node-1 edge-node-2
[13:29:22] Resetting nodes: edge-node-1 -> edge-node-2
[13:29:22] Step 1: Killing any existing processes on source...
[13:29:23]   Killing PID 55850 (from /home/ubuntu/app.pid)
[13:29:23]   Killing PID 55850 (from /home/ubuntu/counter.pid)
[13:29:24]   Killing any remaining background processes...
[13:29:25] Step 2: Cleaning source node...
[13:29:26] Step 3: Cleaning destination node...
[13:29:27]   Killing PID 55850 on destination (from /home/ubuntu/app.pid)
[13:29:27]   Killing PID 55850 on destination (from /home/ubuntu/counter.pid)
[13:29:28]   Killing all remaining counter processes on destination...
[13:29:31] ✓ Reset complete, nodes are clean
[13:29:31]   Next: Start your application
[exit=0]

$ bash /home/ivo/Evaluation-of-Live-Migration-Strategies-at-the-Edge/Container/scripts/workloads/start_counter_c.sh edge-node-1
[13:29:31] Ensuring counter binary on edge-node-1...
[13:29:32] Reusing existing /tmp/counter on edge-node-1
[13:29:32] Starting counter on edge-node-1...
[13:29:33] ✓ Counter started
[exit=0]
[repeat] warmup 2s

$ python3 /home/ivo/Evaluation-of-Live-Migration-Strategies-at-the-Edge/Container/scripts/orchestrators/criu_benchmark.py precopy --source edge-node-1 --dest edge-node-2 --transfer-mode host --run-id 11-05-2026-host-precopy-0059 --relay-node edge-host-1 --iterations 3 --profile-name 3_LTE
[13:29:35] Starting precopy migration...
[13:29:35] Source: edge-node-1, Dest: edge-node-2
[13:29:35] Transfer mode: host
[13:29:35] Relay node: edge-host-1

[13:29:35] === PRE-COPY LIVE MIGRATION ===
[13:29:35] Step 1: Checking source process...
[13:29:36]   Using PID from /home/ubuntu/counter.pid: 58653
[13:29:36]   Last counter value (pre-dumps start): 4
[13:29:37]   Architecture: x86_64 (compatible)
[13:29:37] Step 2: Preparing dump directory...
[13:29:37] Step 3: Running 3 pre-dumps and transferring them while service keeps running...
[13:29:37]   Pre-dump 1/3...
[13:29:37]   Archiving and transferring pre-dump 1...
  Transferring /home/ubuntu/CRIU-counter-iter-0.tar.gz via relay node edge-host-1...
Setting up SSH trust: edge-node-1 → ubuntu@10.138.215.36
  Adding public key to destination's authorized_keys...
  Testing SSH connectivity...
  ✓ SSH trust ready
Setting up SSH trust: edge-host-1 → ubuntu@10.138.215.137
  Adding public key to destination's authorized_keys...
  Testing SSH connectivity...
  ✓ SSH trust ready
[13:29:51]   Pre-dump 2/3...
[13:29:51]   Archiving and transferring pre-dump 2...
  Transferring /home/ubuntu/CRIU-counter-iter-1.tar.gz via relay node edge-host-1...
Setting up SSH trust: edge-node-1 → ubuntu@10.138.215.36
  Adding public key to destination's authorized_keys...
  Testing SSH connectivity...
  ✓ SSH trust ready
Setting up SSH trust: edge-host-1 → ubuntu@10.138.215.137
  Adding public key to destination's authorized_keys...
  Testing SSH connectivity...
  ✓ SSH trust ready
[13:30:04]   Pre-dump 3/3...
[13:30:05]   Archiving and transferring pre-dump 3...
  Transferring /home/ubuntu/CRIU-counter-iter-2.tar.gz via relay node edge-host-1...
Setting up SSH trust: edge-node-1 → ubuntu@10.138.215.36
  Adding public key to destination's authorized_keys...
  Testing SSH connectivity...
  ✓ SSH trust ready
Setting up SSH trust: edge-host-1 → ubuntu@10.138.215.137
  Adding public key to destination's authorized_keys...
  Testing SSH connectivity...
  ✓ SSH trust ready
[13:30:18]   Total pre-dump time: 40639 ms
[13:30:18]   Pre-copy transfer outside downtime: archive=883 ms, transfer=34044 ms, unpack=964 ms, bytes=18404
[13:30:18] Step 4: Final dump (freezing service)...
[13:30:18]   Frozen last counter value: 47
[13:30:18]   Expected after restore: 48
[13:30:18]   Final dump time (freeze duration): 669 ms
[13:30:18] Step 5: Creating final dump archive...
[13:30:19]   Archive size: 25690 bytes
[13:30:19] Step 6: Transferring archive...
  Transferring /home/ubuntu/CRIU-counter-final.tar.gz via relay node edge-host-1...
Setting up SSH trust: edge-node-1 → ubuntu@10.138.215.36
  Adding public key to destination's authorized_keys...
  Testing SSH connectivity...
  ✓ SSH trust ready
Setting up SSH trust: edge-host-1 → ubuntu@10.138.215.137
  Adding public key to destination's authorized_keys...
  Testing SSH connectivity...
  ✓ SSH trust ready
[13:30:31]   Transfer time: 11764 ms
[13:30:31] Step 7: Unpacking on destination...
[13:30:31] Step 7.5: Ensuring counter output file exists on destination...
[13:30:31] Step 7.8: Ensuring /tmp/counter binary is present on destination...
[13:30:32] Step 8: Restoring process...
[13:30:32]   Restore time: 303 ms
[13:30:32]   Restored PID: 58653 (written to /home/ubuntu/counter.pid)
[13:30:32] Step 9: Verifying migration...
[13:30:36]   Expected min: 48 (after ~3.0s → ~51), Observed: 51
[13:30:36] ✓ SUCCESS: Counter continued correctly!
[13:30:36] Total downtime: 12736 ms (final_dump: 669 + transfer: 11764 + restore: 303)
[13:30:36] Pre-dump time (not counted as downtime): 40639 ms
[13:30:36] Effective bandwidth: 0.02 Mbps
[13:30:36] Metrics saved to /home/ivo/Evaluation-of-Live-Migration-Strategies-at-the-Edge/Container/metrics/migration_metrics.csv
[exit=0]

$ python3 /home/ivo/Evaluation-of-Live-Migration-Strategies-at-the-Edge/Container/scripts/setup/reset_nodes.py edge-node-1 edge-node-2
[13:30:36] Resetting nodes: edge-node-1 -> edge-node-2
[13:30:36] Step 1: Killing any existing processes on source...
[13:30:36]   Killing PID 58653 (from /home/ubuntu/app.pid)
[13:30:37]   Killing PID 58653 (from /home/ubuntu/counter.pid)
[13:30:38]   Killing any remaining background processes...
[13:30:39] Step 2: Cleaning source node...
[13:30:41] Step 3: Cleaning destination node...
[13:30:41]   Killing PID 58653 on destination (from /home/ubuntu/app.pid)
[13:30:42]   Killing PID 58653 on destination (from /home/ubuntu/counter.pid)
[13:30:42]   Killing all remaining counter processes on destination...
[13:30:45] ✓ Reset complete, nodes are clean
[13:30:45]   Next: Start your application
[exit=0]

$ bash /home/ivo/Evaluation-of-Live-Migration-Strategies-at-the-Edge/Container/scripts/workloads/start_counter_c.sh edge-node-1
[13:30:45] Ensuring counter binary on edge-node-1...
[13:30:46] Reusing existing /tmp/counter on edge-node-1
[13:30:46] Starting counter on edge-node-1...
[13:30:47] ✓ Counter started
[exit=0]
[repeat] warmup 2s

$ python3 /home/ivo/Evaluation-of-Live-Migration-Strategies-at-the-Edge/Container/scripts/orchestrators/criu_benchmark.py precopy --source edge-node-1 --dest edge-node-2 --transfer-mode direct --run-id 11-05-2026-direct-precopy-0050 --iterations 3 --profile-name 3_LTE
[13:30:49] Starting precopy migration...
[13:30:49] Source: edge-node-1, Dest: edge-node-2
[13:30:49] Transfer mode: direct

[13:30:49] === PRE-COPY LIVE MIGRATION ===
[13:30:49] Step 1: Checking source process...
[13:30:50]   Using PID from /home/ubuntu/counter.pid: 61467
[13:30:50]   Last counter value (pre-dumps start): 4
[13:30:51]   Architecture: x86_64 (compatible)
[13:30:51] Step 2: Preparing dump directory...
[13:30:51] Step 3: Running 3 pre-dumps and transferring them while service keeps running...
[13:30:51]   Pre-dump 1/3...
[13:30:52]   Archiving and transferring pre-dump 1...
Setting up SSH trust: edge-node-1 → ubuntu@10.138.215.137
  Adding public key to destination's authorized_keys...
  Testing SSH connectivity...
  ✓ SSH trust ready
  Transferring /home/ubuntu/CRIU-counter-iter-0.tar.gz via SCP...
[13:30:59]   Pre-dump 2/3...
[13:30:59]   Archiving and transferring pre-dump 2...
Setting up SSH trust: edge-node-1 → ubuntu@10.138.215.137
  Adding public key to destination's authorized_keys...
  Testing SSH connectivity...
  ✓ SSH trust ready
  Transferring /home/ubuntu/CRIU-counter-iter-1.tar.gz via SCP...
[13:31:07]   Pre-dump 3/3...
[13:31:07]   Archiving and transferring pre-dump 3...
Setting up SSH trust: edge-node-1 → ubuntu@10.138.215.137
  Adding public key to destination's authorized_keys...
  Testing SSH connectivity...
  ✓ SSH trust ready
  Transferring /home/ubuntu/CRIU-counter-iter-2.tar.gz via SCP...
[13:31:14]   Total pre-dump time: 22990 ms
[13:31:14]   Pre-copy transfer outside downtime: archive=868 ms, transfer=16437 ms, unpack=899 ms, bytes=17949
[13:31:14] Step 4: Final dump (freezing service)...
[13:31:15]   Frozen last counter value: 29
[13:31:15]   Expected after restore: 30
[13:31:15]   Final dump time (freeze duration): 605 ms
[13:31:15] Step 5: Creating final dump archive...
[13:31:15]   Archive size: 25574 bytes
[13:31:15] Step 6: Transferring archive...
[13:31:15]   Setting up direct SSH trust...
Setting up SSH trust: edge-node-1 → ubuntu@10.138.215.137
  Adding public key to destination's authorized_keys...
  Testing SSH connectivity...
  ✓ SSH trust ready
Setting up SSH trust: edge-node-1 → ubuntu@10.138.215.137
  Adding public key to destination's authorized_keys...
  Testing SSH connectivity...
  ✓ SSH trust ready
  Transferring /home/ubuntu/CRIU-counter-final.tar.gz via SCP...
[13:31:24]   Transfer time: 5716 ms
[13:31:24] Step 7: Unpacking on destination...
[13:31:24] Step 7.5: Ensuring counter output file exists on destination...
[13:31:25] Step 7.8: Ensuring /tmp/counter binary is present on destination...
[13:31:25] Step 8: Restoring process...
[13:31:25]   Restore time: 409 ms
[13:31:26]   Restored PID: 61467 (written to /home/ubuntu/counter.pid)
[13:31:26] Step 9: Verifying migration...
[13:31:29]   Expected min: 30 (after ~3.0s → ~33), Observed: 33
[13:31:29] ✓ SUCCESS: Counter continued correctly!
[13:31:29] Total downtime: 6730 ms (final_dump: 605 + transfer: 5716 + restore: 409)
[13:31:29] Pre-dump time (not counted as downtime): 22990 ms
[13:31:29] Effective bandwidth: 0.04 Mbps
[13:31:29] Metrics saved to /home/ivo/Evaluation-of-Live-Migration-Strategies-at-the-Edge/Container/metrics/migration_metrics.csv
[exit=0]

$ python3 /home/ivo/Evaluation-of-Live-Migration-Strategies-at-the-Edge/Container/scripts/setup/reset_nodes.py edge-node-1 edge-node-2
[13:31:29] Resetting nodes: edge-node-1 -> edge-node-2
[13:31:29] Step 1: Killing any existing processes on source...
[13:31:30]   Killing PID 61467 (from /home/ubuntu/app.pid)
[13:31:30]   Killing PID 61467 (from /home/ubuntu/counter.pid)
[13:31:31]   Killing any remaining background processes...
[13:31:32] Step 2: Cleaning source node...
[13:31:33] Step 3: Cleaning destination node...
[13:31:34]   Killing PID 61467 on destination (from /home/ubuntu/app.pid)
[13:31:34]   Killing PID 61467 on destination (from /home/ubuntu/counter.pid)
[13:31:35]   Killing all remaining counter processes on destination...
[13:31:38] ✓ Reset complete, nodes are clean
[13:31:38]   Next: Start your application
[exit=0]

$ bash /home/ivo/Evaluation-of-Live-Migration-Strategies-at-the-Edge/Container/scripts/workloads/start_counter_c.sh edge-node-1
[13:31:38] Ensuring counter binary on edge-node-1...
[13:31:38] Reusing existing /tmp/counter on edge-node-1
[13:31:38] Starting counter on edge-node-1...
[13:31:40] ✓ Counter started
[exit=0]
[repeat] warmup 2s

$ python3 /home/ivo/Evaluation-of-Live-Migration-Strategies-at-the-Edge/Container/scripts/orchestrators/criu_benchmark.py precopy --source edge-node-1 --dest edge-node-2 --transfer-mode direct --run-id 11-05-2026-direct-precopy-0051 --iterations 3 --profile-name 3_LTE
[13:31:43] Starting precopy migration...
[13:31:43] Source: edge-node-1, Dest: edge-node-2
[13:31:43] Transfer mode: direct

[13:31:43] === PRE-COPY LIVE MIGRATION ===
[13:31:43] Step 1: Checking source process...
[13:31:43]   Using PID from /home/ubuntu/counter.pid: 64208
[13:31:43]   Last counter value (pre-dumps start): 4
[13:31:44]   Architecture: x86_64 (compatible)
[13:31:44] Step 2: Preparing dump directory...
[13:31:44] Step 3: Running 3 pre-dumps and transferring them while service keeps running...
[13:31:44]   Pre-dump 1/3...
[13:31:45]   Archiving and transferring pre-dump 1...
Setting up SSH trust: edge-node-1 → ubuntu@10.138.215.137
  Adding public key to destination's authorized_keys...
  Testing SSH connectivity...
  ✓ SSH trust ready
  Transferring /home/ubuntu/CRIU-counter-iter-0.tar.gz via SCP...
[13:31:52]   Pre-dump 2/3...
[13:31:52]   Archiving and transferring pre-dump 2...
Setting up SSH trust: edge-node-1 → ubuntu@10.138.215.137
  Adding public key to destination's authorized_keys...
  Testing SSH connectivity...
  ✓ SSH trust ready
  Transferring /home/ubuntu/CRIU-counter-iter-1.tar.gz via SCP...
[13:31:59]   Pre-dump 3/3...
[13:32:00]   Archiving and transferring pre-dump 3...
Setting up SSH trust: edge-node-1 → ubuntu@10.138.215.137
  Adding public key to destination's authorized_keys...
  Testing SSH connectivity...
  ✓ SSH trust ready
  Transferring /home/ubuntu/CRIU-counter-iter-2.tar.gz via SCP...
[13:32:07]   Total pre-dump time: 22432 ms
[13:32:07]   Pre-copy transfer outside downtime: archive=970 ms, transfer=15882 ms, unpack=893 ms, bytes=17760
[13:32:07] Step 4: Final dump (freezing service)...
[13:32:07]   Frozen last counter value: 29
[13:32:07]   Expected after restore: 30
[13:32:07]   Final dump time (freeze duration): 558 ms
[13:32:07] Step 5: Creating final dump archive...
[13:32:08]   Archive size: 25502 bytes
[13:32:08] Step 6: Transferring archive...
[13:32:08]   Setting up direct SSH trust...
Setting up SSH trust: edge-node-1 → ubuntu@10.138.215.137
  Adding public key to destination's authorized_keys...
  Testing SSH connectivity...
  ✓ SSH trust ready
Setting up SSH trust: edge-node-1 → ubuntu@10.138.215.137
  Adding public key to destination's authorized_keys...
  Testing SSH connectivity...
  ✓ SSH trust ready
  Transferring /home/ubuntu/CRIU-counter-final.tar.gz via SCP...
[13:32:16]   Transfer time: 5378 ms
[13:32:16] Step 7: Unpacking on destination...
[13:32:16] Step 7.5: Ensuring counter output file exists on destination...
[13:32:16] Step 7.8: Ensuring /tmp/counter binary is present on destination...
[13:32:17] Step 8: Restoring process...
[13:32:17]   Restore time: 355 ms
[13:32:17]   Restored PID: 64208 (written to /home/ubuntu/counter.pid)
[13:32:17] Step 9: Verifying migration...
[13:32:21]   Expected min: 30 (after ~3.0s → ~33), Observed: 33
[13:32:21] ✓ SUCCESS: Counter continued correctly!
[13:32:21] Total downtime: 6291 ms (final_dump: 558 + transfer: 5378 + restore: 355)
[13:32:21] Pre-dump time (not counted as downtime): 22432 ms
[13:32:21] Effective bandwidth: 0.04 Mbps
[13:32:21] Metrics saved to /home/ivo/Evaluation-of-Live-Migration-Strategies-at-the-Edge/Container/metrics/migration_metrics.csv
[exit=0]

$ python3 /home/ivo/Evaluation-of-Live-Migration-Strategies-at-the-Edge/Container/scripts/setup/reset_nodes.py edge-node-1 edge-node-2
[13:32:21] Resetting nodes: edge-node-1 -> edge-node-2
[13:32:21] Step 1: Killing any existing processes on source...
[13:32:21]   Killing PID 64208 (from /home/ubuntu/app.pid)
[13:32:22]   Killing PID 64208 (from /home/ubuntu/counter.pid)
[13:32:23]   Killing any remaining background processes...
[13:32:24] Step 2: Cleaning source node...
[13:32:25] Step 3: Cleaning destination node...
[13:32:26]   Killing PID 64208 on destination (from /home/ubuntu/app.pid)
[13:32:27]   Killing PID 64208 on destination (from /home/ubuntu/counter.pid)
[13:32:27]   Killing all remaining counter processes on destination...
[13:32:30] ✓ Reset complete, nodes are clean
[13:32:30]   Next: Start your application
[exit=0]

$ bash /home/ivo/Evaluation-of-Live-Migration-Strategies-at-the-Edge/Container/scripts/workloads/start_counter_c.sh edge-node-1
[13:32:30] Ensuring counter binary on edge-node-1...
[13:32:31] Reusing existing /tmp/counter on edge-node-1
[13:32:31] Starting counter on edge-node-1...
[13:32:32] ✓ Counter started
[exit=0]
[repeat] warmup 2s

$ python3 /home/ivo/Evaluation-of-Live-Migration-Strategies-at-the-Edge/Container/scripts/orchestrators/criu_benchmark.py precopy --source edge-node-1 --dest edge-node-2 --transfer-mode direct --run-id 11-05-2026-direct-precopy-0052 --iterations 3 --profile-name 3_LTE
[13:32:34] Starting precopy migration...
[13:32:34] Source: edge-node-1, Dest: edge-node-2
[13:32:34] Transfer mode: direct

[13:32:34] === PRE-COPY LIVE MIGRATION ===
[13:32:34] Step 1: Checking source process...
[13:32:35]   Using PID from /home/ubuntu/counter.pid: 66946
[13:32:35]   Last counter value (pre-dumps start): 4
[13:32:36]   Architecture: x86_64 (compatible)
[13:32:36] Step 2: Preparing dump directory...
[13:32:36] Step 3: Running 3 pre-dumps and transferring them while service keeps running...
[13:32:36]   Pre-dump 1/3...
[13:32:36]   Archiving and transferring pre-dump 1...
Setting up SSH trust: edge-node-1 → ubuntu@10.138.215.137
  Adding public key to destination's authorized_keys...
  Testing SSH connectivity...
  ✓ SSH trust ready
  Transferring /home/ubuntu/CRIU-counter-iter-0.tar.gz via SCP...
[13:32:43]   Pre-dump 2/3...
[13:32:44]   Archiving and transferring pre-dump 2...
Setting up SSH trust: edge-node-1 → ubuntu@10.138.215.137
  Adding public key to destination's authorized_keys...
  Testing SSH connectivity...
  ✓ SSH trust ready
  Transferring /home/ubuntu/CRIU-counter-iter-1.tar.gz via SCP...
[13:32:51]   Pre-dump 3/3...
[13:32:52]   Archiving and transferring pre-dump 3...
Setting up SSH trust: edge-node-1 → ubuntu@10.138.215.137
  Adding public key to destination's authorized_keys...
  Testing SSH connectivity...
  ✓ SSH trust ready
  Transferring /home/ubuntu/CRIU-counter-iter-2.tar.gz via SCP...
[13:32:59]   Total pre-dump time: 22689 ms
[13:32:59]   Pre-copy transfer outside downtime: archive=940 ms, transfer=15667 ms, unpack=916 ms, bytes=18938
[13:32:59] Step 4: Final dump (freezing service)...
[13:32:59]   Frozen last counter value: 29
[13:32:59]   Expected after restore: 30
[13:32:59]   Final dump time (freeze duration): 594 ms
[13:32:59] Step 5: Creating final dump archive...
[13:33:00]   Archive size: 25415 bytes
[13:33:00] Step 6: Transferring archive...
[13:33:00]   Setting up direct SSH trust...
Setting up SSH trust: edge-node-1 → ubuntu@10.138.215.137
  Adding public key to destination's authorized_keys...
  Testing SSH connectivity...
  ✓ SSH trust ready
Setting up SSH trust: edge-node-1 → ubuntu@10.138.215.137
  Adding public key to destination's authorized_keys...
  Testing SSH connectivity...
  ✓ SSH trust ready
  Transferring /home/ubuntu/CRIU-counter-final.tar.gz via SCP...
[13:33:08]   Transfer time: 5386 ms
[13:33:08] Step 7: Unpacking on destination...
[13:33:08] Step 7.5: Ensuring counter output file exists on destination...
[13:33:09] Step 7.8: Ensuring /tmp/counter binary is present on destination...
[13:33:09] Step 8: Restoring process...
[13:33:09]   Restore time: 310 ms
[13:33:09]   Restored PID: 66946 (written to /home/ubuntu/counter.pid)
[13:33:09] Step 9: Verifying migration...
[13:33:13]   Expected min: 30 (after ~3.0s → ~33), Observed: 33
[13:33:13] ✓ SUCCESS: Counter continued correctly!
[13:33:13] Total downtime: 6290 ms (final_dump: 594 + transfer: 5386 + restore: 310)
[13:33:13] Pre-dump time (not counted as downtime): 22689 ms
[13:33:13] Effective bandwidth: 0.04 Mbps
[13:33:13] Metrics saved to /home/ivo/Evaluation-of-Live-Migration-Strategies-at-the-Edge/Container/metrics/migration_metrics.csv
[exit=0]

$ python3 /home/ivo/Evaluation-of-Live-Migration-Strategies-at-the-Edge/Container/scripts/setup/reset_nodes.py edge-node-1 edge-node-2
[13:33:13] Resetting nodes: edge-node-1 -> edge-node-2
[13:33:13] Step 1: Killing any existing processes on source...
[13:33:13]   Killing PID 66946 (from /home/ubuntu/app.pid)
[13:33:14]   Killing PID 66946 (from /home/ubuntu/counter.pid)
[13:33:15]   Killing any remaining background processes...
[13:33:16] Step 2: Cleaning source node...
[13:33:17] Step 3: Cleaning destination node...
[13:33:17]   Killing PID 66946 on destination (from /home/ubuntu/app.pid)
[13:33:18]   Killing PID 66946 on destination (from /home/ubuntu/counter.pid)
[13:33:19]   Killing all remaining counter processes on destination...
[13:33:22] ✓ Reset complete, nodes are clean
[13:33:22]   Next: Start your application
[exit=0]

$ bash /home/ivo/Evaluation-of-Live-Migration-Strategies-at-the-Edge/Container/scripts/workloads/start_counter_c.sh edge-node-1
[13:33:22] Ensuring counter binary on edge-node-1...
[13:33:22] Reusing existing /tmp/counter on edge-node-1
[13:33:22] Starting counter on edge-node-1...
[13:33:24] ✓ Counter started
[exit=0]
[repeat] warmup 2s

$ python3 /home/ivo/Evaluation-of-Live-Migration-Strategies-at-the-Edge/Container/scripts/orchestrators/criu_benchmark.py precopy --source edge-node-1 --dest edge-node-2 --transfer-mode direct --run-id 11-05-2026-direct-precopy-0053 --iterations 3 --profile-name 3_LTE
[13:33:26] Starting precopy migration...
[13:33:26] Source: edge-node-1, Dest: edge-node-2
[13:33:26] Transfer mode: direct

[13:33:26] === PRE-COPY LIVE MIGRATION ===
[13:33:26] Step 1: Checking source process...
[13:33:27]   Using PID from /home/ubuntu/counter.pid: 69685
[13:33:27]   Last counter value (pre-dumps start): 4
[13:33:28]   Architecture: x86_64 (compatible)
[13:33:28] Step 2: Preparing dump directory...
[13:33:28] Step 3: Running 3 pre-dumps and transferring them while service keeps running...
[13:33:28]   Pre-dump 1/3...
[13:33:28]   Archiving and transferring pre-dump 1...
Setting up SSH trust: edge-node-1 → ubuntu@10.138.215.137
  Adding public key to destination's authorized_keys...
  Testing SSH connectivity...
  ✓ SSH trust ready
  Transferring /home/ubuntu/CRIU-counter-iter-0.tar.gz via SCP...
[13:33:36]   Pre-dump 2/3...
[13:33:36]   Archiving and transferring pre-dump 2...
Setting up SSH trust: edge-node-1 → ubuntu@10.138.215.137
  Adding public key to destination's authorized_keys...
  Testing SSH connectivity...
  ✓ SSH trust ready
  Transferring /home/ubuntu/CRIU-counter-iter-1.tar.gz via SCP...
[13:33:43]   Pre-dump 3/3...
[13:33:43]   Archiving and transferring pre-dump 3...
Setting up SSH trust: edge-node-1 → ubuntu@10.138.215.137
  Adding public key to destination's authorized_keys...
  Testing SSH connectivity...
  ✓ SSH trust ready
  Transferring /home/ubuntu/CRIU-counter-iter-2.tar.gz via SCP...
[13:33:51]   Total pre-dump time: 22728 ms
[13:33:51]   Pre-copy transfer outside downtime: archive=867 ms, transfer=16176 ms, unpack=950 ms, bytes=18225
[13:33:51] Step 4: Final dump (freezing service)...
[13:33:51]   Frozen last counter value: 29
[13:33:51]   Expected after restore: 30
[13:33:51]   Final dump time (freeze duration): 631 ms
[13:33:51] Step 5: Creating final dump archive...
[13:33:52]   Archive size: 25239 bytes
[13:33:52] Step 6: Transferring archive...
[13:33:52]   Setting up direct SSH trust...
Setting up SSH trust: edge-node-1 → ubuntu@10.138.215.137
  Adding public key to destination's authorized_keys...
  Testing SSH connectivity...
  ✓ SSH trust ready
Setting up SSH trust: edge-node-1 → ubuntu@10.138.215.137
  Adding public key to destination's authorized_keys...
  Testing SSH connectivity...
  ✓ SSH trust ready
  Transferring /home/ubuntu/CRIU-counter-final.tar.gz via SCP...
[13:34:00]   Transfer time: 5209 ms
[13:34:00] Step 7: Unpacking on destination...
[13:34:00] Step 7.5: Ensuring counter output file exists on destination...
[13:34:01] Step 7.8: Ensuring /tmp/counter binary is present on destination...
[13:34:01] Step 8: Restoring process...
[13:34:01]   Restore time: 325 ms
[13:34:01]   Restored PID: 69685 (written to /home/ubuntu/counter.pid)
[13:34:01] Step 9: Verifying migration...
[13:34:05]   Expected min: 30 (after ~3.0s → ~33), Observed: 33
[13:34:05] ✓ SUCCESS: Counter continued correctly!
[13:34:05] Total downtime: 6165 ms (final_dump: 631 + transfer: 5209 + restore: 325)
[13:34:05] Pre-dump time (not counted as downtime): 22728 ms
[13:34:05] Effective bandwidth: 0.04 Mbps
[13:34:05] Metrics saved to /home/ivo/Evaluation-of-Live-Migration-Strategies-at-the-Edge/Container/metrics/migration_metrics.csv
[exit=0]

$ python3 /home/ivo/Evaluation-of-Live-Migration-Strategies-at-the-Edge/Container/scripts/setup/reset_nodes.py edge-node-1 edge-node-2
[13:34:05] Resetting nodes: edge-node-1 -> edge-node-2
[13:34:05] Step 1: Killing any existing processes on source...
[13:34:06]   Killing PID 69685 (from /home/ubuntu/app.pid)
[13:34:06]   Killing PID 69685 (from /home/ubuntu/counter.pid)
[13:34:07]   Killing any remaining background processes...
[13:34:08] Step 2: Cleaning source node...
[13:34:09] Step 3: Cleaning destination node...
[13:34:10]   Killing PID 69685 on destination (from /home/ubuntu/app.pid)
[13:34:10]   Killing PID 69685 on destination (from /home/ubuntu/counter.pid)
[13:34:11]   Killing all remaining counter processes on destination...
[13:34:14] ✓ Reset complete, nodes are clean
[13:34:14]   Next: Start your application
[exit=0]

$ bash /home/ivo/Evaluation-of-Live-Migration-Strategies-at-the-Edge/Container/scripts/workloads/start_counter_c.sh edge-node-1
[13:34:14] Ensuring counter binary on edge-node-1...
[13:34:15] Reusing existing /tmp/counter on edge-node-1
[13:34:15] Starting counter on edge-node-1...
[13:34:16] ✓ Counter started
[exit=0]
[repeat] warmup 2s

$ python3 /home/ivo/Evaluation-of-Live-Migration-Strategies-at-the-Edge/Container/scripts/orchestrators/criu_benchmark.py precopy --source edge-node-1 --dest edge-node-2 --transfer-mode direct --run-id 11-05-2026-direct-precopy-0054 --iterations 3 --profile-name 3_LTE
[13:34:18] Starting precopy migration...
[13:34:18] Source: edge-node-1, Dest: edge-node-2
[13:34:18] Transfer mode: direct

[13:34:18] === PRE-COPY LIVE MIGRATION ===
[13:34:18] Step 1: Checking source process...
[13:34:19]   Using PID from /home/ubuntu/counter.pid: 72425
[13:34:19]   Last counter value (pre-dumps start): 4
[13:34:20]   Architecture: x86_64 (compatible)
[13:34:20] Step 2: Preparing dump directory...
[13:34:20] Step 3: Running 3 pre-dumps and transferring them while service keeps running...
[13:34:20]   Pre-dump 1/3...
[13:34:20]   Archiving and transferring pre-dump 1...
Setting up SSH trust: edge-node-1 → ubuntu@10.138.215.137
  Adding public key to destination's authorized_keys...
  Testing SSH connectivity...
  ✓ SSH trust ready
  Transferring /home/ubuntu/CRIU-counter-iter-0.tar.gz via SCP...
[13:34:28]   Pre-dump 2/3...
[13:34:28]   Archiving and transferring pre-dump 2...
Setting up SSH trust: edge-node-1 → ubuntu@10.138.215.137
  Adding public key to destination's authorized_keys...
  Testing SSH connectivity...
  ✓ SSH trust ready
  Transferring /home/ubuntu/CRIU-counter-iter-1.tar.gz via SCP...
[13:34:36]   Pre-dump 3/3...
[13:34:36]   Archiving and transferring pre-dump 3...
Setting up SSH trust: edge-node-1 → ubuntu@10.138.215.137
  Adding public key to destination's authorized_keys...
  Testing SSH connectivity...
  ✓ SSH trust ready
  Transferring /home/ubuntu/CRIU-counter-iter-2.tar.gz via SCP...
[13:34:43]   Total pre-dump time: 23313 ms
[13:34:43]   Pre-copy transfer outside downtime: archive=1008 ms, transfer=16074 ms, unpack=1469 ms, bytes=19046
[13:34:43] Step 4: Final dump (freezing service)...
[13:34:44]   Frozen last counter value: 30
[13:34:44]   Expected after restore: 31
[13:34:44]   Final dump time (freeze duration): 620 ms
[13:34:44] Step 5: Creating final dump archive...
[13:34:44]   Archive size: 25347 bytes
[13:34:44] Step 6: Transferring archive...
[13:34:44]   Setting up direct SSH trust...
Setting up SSH trust: edge-node-1 → ubuntu@10.138.215.137
  Adding public key to destination's authorized_keys...
  Testing SSH connectivity...
  ✓ SSH trust ready
Setting up SSH trust: edge-node-1 → ubuntu@10.138.215.137
  Adding public key to destination's authorized_keys...
  Testing SSH connectivity...
  ✓ SSH trust ready
  Transferring /home/ubuntu/CRIU-counter-final.tar.gz via SCP...
[13:34:53]   Transfer time: 5611 ms
[13:34:53] Step 7: Unpacking on destination...
[13:34:53] Step 7.5: Ensuring counter output file exists on destination...
[13:34:54] Step 7.8: Ensuring /tmp/counter binary is present on destination...
[13:34:54] Step 8: Restoring process...
[13:34:54]   Restore time: 315 ms
[13:34:55]   Restored PID: 72425 (written to /home/ubuntu/counter.pid)
[13:34:55] Step 9: Verifying migration...
[13:34:58]   Expected min: 31 (after ~3.0s → ~34), Observed: 34
[13:34:58] ✓ SUCCESS: Counter continued correctly!
[13:34:58] Total downtime: 6546 ms (final_dump: 620 + transfer: 5611 + restore: 315)
[13:34:58] Pre-dump time (not counted as downtime): 23313 ms
[13:34:58] Effective bandwidth: 0.04 Mbps
[13:34:58] Metrics saved to /home/ivo/Evaluation-of-Live-Migration-Strategies-at-the-Edge/Container/metrics/migration_metrics.csv
[exit=0]

$ python3 /home/ivo/Evaluation-of-Live-Migration-Strategies-at-the-Edge/Container/scripts/setup/reset_nodes.py edge-node-1 edge-node-2
[13:34:58] Resetting nodes: edge-node-1 -> edge-node-2
[13:34:58] Step 1: Killing any existing processes on source...
[13:34:59]   Killing PID 72425 (from /home/ubuntu/app.pid)
[13:34:59]   Killing PID 72425 (from /home/ubuntu/counter.pid)
[13:35:00]   Killing any remaining background processes...
[13:35:01] Step 2: Cleaning source node...
[13:35:02] Step 3: Cleaning destination node...
[13:35:03]   Killing PID 72425 on destination (from /home/ubuntu/app.pid)
[13:35:03]   Killing PID 72425 on destination (from /home/ubuntu/counter.pid)
[13:35:04]   Killing all remaining counter processes on destination...
[13:35:07] ✓ Reset complete, nodes are clean
[13:35:07]   Next: Start your application
[exit=0]

$ bash /home/ivo/Evaluation-of-Live-Migration-Strategies-at-the-Edge/Container/scripts/workloads/start_counter_c.sh edge-node-1
[13:35:07] Ensuring counter binary on edge-node-1...
[13:35:08] Reusing existing /tmp/counter on edge-node-1
[13:35:08] Starting counter on edge-node-1...
[13:35:09] ✓ Counter started
[exit=0]
[repeat] warmup 2s

$ python3 /home/ivo/Evaluation-of-Live-Migration-Strategies-at-the-Edge/Container/scripts/orchestrators/criu_benchmark.py precopy --source edge-node-1 --dest edge-node-2 --transfer-mode direct --run-id 11-05-2026-direct-precopy-0055 --iterations 3 --profile-name 3_LTE
[13:35:11] Starting precopy migration...
[13:35:11] Source: edge-node-1, Dest: edge-node-2
[13:35:11] Transfer mode: direct

[13:35:11] === PRE-COPY LIVE MIGRATION ===
[13:35:11] Step 1: Checking source process...
[13:35:12]   Using PID from /home/ubuntu/counter.pid: 75169
[13:35:12]   Last counter value (pre-dumps start): 4
[13:35:13]   Architecture: x86_64 (compatible)
[13:35:13] Step 2: Preparing dump directory...
[13:35:13] Step 3: Running 3 pre-dumps and transferring them while service keeps running...
[13:35:13]   Pre-dump 1/3...
[13:35:13]   Archiving and transferring pre-dump 1...
Setting up SSH trust: edge-node-1 → ubuntu@10.138.215.137
  Adding public key to destination's authorized_keys...
  Testing SSH connectivity...
  ✓ SSH trust ready
  Transferring /home/ubuntu/CRIU-counter-iter-0.tar.gz via SCP...
[13:35:20]   Pre-dump 2/3...
[13:35:21]   Archiving and transferring pre-dump 2...
Setting up SSH trust: edge-node-1 → ubuntu@10.138.215.137
  Adding public key to destination's authorized_keys...
  Testing SSH connectivity...
  ✓ SSH trust ready
  Transferring /home/ubuntu/CRIU-counter-iter-1.tar.gz via SCP...
[13:35:28]   Pre-dump 3/3...
[13:35:28]   Archiving and transferring pre-dump 3...
Setting up SSH trust: edge-node-1 → ubuntu@10.138.215.137
  Adding public key to destination's authorized_keys...
  Testing SSH connectivity...
  ✓ SSH trust ready
  Transferring /home/ubuntu/CRIU-counter-iter-2.tar.gz via SCP...
[13:35:36]   Total pre-dump time: 23003 ms
[13:35:36]   Pre-copy transfer outside downtime: archive=926 ms, transfer=16338 ms, unpack=960 ms, bytes=18940
[13:35:36] Step 4: Final dump (freezing service)...
[13:35:37]   Frozen last counter value: 29
[13:35:37]   Expected after restore: 30
[13:35:37]   Final dump time (freeze duration): 604 ms
[13:35:37] Step 5: Creating final dump archive...
[13:35:37]   Archive size: 25250 bytes
[13:35:37] Step 6: Transferring archive...
[13:35:37]   Setting up direct SSH trust...
Setting up SSH trust: edge-node-1 → ubuntu@10.138.215.137
  Adding public key to destination's authorized_keys...
  Testing SSH connectivity...
  ✓ SSH trust ready
Setting up SSH trust: edge-node-1 → ubuntu@10.138.215.137
  Adding public key to destination's authorized_keys...
  Testing SSH connectivity...
  ✓ SSH trust ready
  Transferring /home/ubuntu/CRIU-counter-final.tar.gz via SCP...
[13:35:45]   Transfer time: 5205 ms
[13:35:45] Step 7: Unpacking on destination...
[13:35:45] Step 7.5: Ensuring counter output file exists on destination...
[13:35:46] Step 7.8: Ensuring /tmp/counter binary is present on destination...
[13:35:46] Step 8: Restoring process...
[13:35:46]   Restore time: 294 ms
[13:35:47]   Restored PID: 75169 (written to /home/ubuntu/counter.pid)
[13:35:47] Step 9: Verifying migration...
[13:35:50]   Expected min: 30 (after ~3.0s → ~33), Observed: 33
[13:35:50] ✓ SUCCESS: Counter continued correctly!
[13:35:50] Total downtime: 6103 ms (final_dump: 604 + transfer: 5205 + restore: 294)
[13:35:50] Pre-dump time (not counted as downtime): 23003 ms
[13:35:50] Effective bandwidth: 0.04 Mbps
[13:35:50] Metrics saved to /home/ivo/Evaluation-of-Live-Migration-Strategies-at-the-Edge/Container/metrics/migration_metrics.csv
[exit=0]

$ python3 /home/ivo/Evaluation-of-Live-Migration-Strategies-at-the-Edge/Container/scripts/setup/reset_nodes.py edge-node-1 edge-node-2
[13:35:51] Resetting nodes: edge-node-1 -> edge-node-2
[13:35:51] Step 1: Killing any existing processes on source...
[13:35:51]   Killing PID 75169 (from /home/ubuntu/app.pid)
[13:35:52]   Killing PID 75169 (from /home/ubuntu/counter.pid)
[13:35:52]   Killing any remaining background processes...
[13:35:54] Step 2: Cleaning source node...
[13:35:55] Step 3: Cleaning destination node...
[13:35:55]   Killing PID 75169 on destination (from /home/ubuntu/app.pid)
[13:35:56]   Killing PID 75169 on destination (from /home/ubuntu/counter.pid)
[13:35:56]   Killing all remaining counter processes on destination...
[13:36:00] ✓ Reset complete, nodes are clean
[13:36:00]   Next: Start your application
[exit=0]

$ bash /home/ivo/Evaluation-of-Live-Migration-Strategies-at-the-Edge/Container/scripts/workloads/start_counter_c.sh edge-node-1
[13:36:00] Ensuring counter binary on edge-node-1...
[13:36:00] Reusing existing /tmp/counter on edge-node-1
[13:36:00] Starting counter on edge-node-1...
[13:36:01] ✓ Counter started
[exit=0]
[repeat] warmup 2s

$ python3 /home/ivo/Evaluation-of-Live-Migration-Strategies-at-the-Edge/Container/scripts/orchestrators/criu_benchmark.py precopy --source edge-node-1 --dest edge-node-2 --transfer-mode direct --run-id 11-05-2026-direct-precopy-0056 --iterations 3 --profile-name 3_LTE
[13:36:04] Starting precopy migration...
[13:36:04] Source: edge-node-1, Dest: edge-node-2
[13:36:04] Transfer mode: direct

[13:36:04] === PRE-COPY LIVE MIGRATION ===
[13:36:04] Step 1: Checking source process...
[13:36:04]   Using PID from /home/ubuntu/counter.pid: 77908
[13:36:05]   Last counter value (pre-dumps start): 4
[13:36:05]   Architecture: x86_64 (compatible)
[13:36:05] Step 2: Preparing dump directory...
[13:36:05] Step 3: Running 3 pre-dumps and transferring them while service keeps running...
[13:36:05]   Pre-dump 1/3...
[13:36:06]   Archiving and transferring pre-dump 1...
Setting up SSH trust: edge-node-1 → ubuntu@10.138.215.137
  Adding public key to destination's authorized_keys...
  Testing SSH connectivity...
  ✓ SSH trust ready
  Transferring /home/ubuntu/CRIU-counter-iter-0.tar.gz via SCP...
[13:36:13]   Pre-dump 2/3...
[13:36:13]   Archiving and transferring pre-dump 2...
Setting up SSH trust: edge-node-1 → ubuntu@10.138.215.137
  Adding public key to destination's authorized_keys...
  Testing SSH connectivity...
  ✓ SSH trust ready
  Transferring /home/ubuntu/CRIU-counter-iter-1.tar.gz via SCP...
[13:36:21]   Pre-dump 3/3...
[13:36:21]   Archiving and transferring pre-dump 3...
Setting up SSH trust: edge-node-1 → ubuntu@10.138.215.137
  Adding public key to destination's authorized_keys...
  Testing SSH connectivity...
  ✓ SSH trust ready
  Transferring /home/ubuntu/CRIU-counter-iter-2.tar.gz via SCP...
[13:36:28]   Total pre-dump time: 22639 ms
[13:36:28]   Pre-copy transfer outside downtime: archive=950 ms, transfer=15846 ms, unpack=1027 ms, bytes=17676
[13:36:28] Step 4: Final dump (freezing service)...
[13:36:29]   Frozen last counter value: 29
[13:36:29]   Expected after restore: 30
[13:36:29]   Final dump time (freeze duration): 548 ms
[13:36:29] Step 5: Creating final dump archive...
[13:36:29]   Archive size: 25781 bytes
[13:36:29] Step 6: Transferring archive...
[13:36:29]   Setting up direct SSH trust...
Setting up SSH trust: edge-node-1 → ubuntu@10.138.215.137
  Adding public key to destination's authorized_keys...
  Testing SSH connectivity...
  ✓ SSH trust ready
Setting up SSH trust: edge-node-1 → ubuntu@10.138.215.137
  Adding public key to destination's authorized_keys...
  Testing SSH connectivity...
  ✓ SSH trust ready
  Transferring /home/ubuntu/CRIU-counter-final.tar.gz via SCP...
[13:36:38]   Transfer time: 5277 ms
[13:36:38] Step 7: Unpacking on destination...
[13:36:38] Step 7.5: Ensuring counter output file exists on destination...
[13:36:38] Step 7.8: Ensuring /tmp/counter binary is present on destination...
[13:36:39] Step 8: Restoring process...
[13:36:39]   Restore time: 298 ms
[13:36:39]   Restored PID: 77908 (written to /home/ubuntu/counter.pid)
[13:36:39] Step 9: Verifying migration...
[13:36:42]   Expected min: 30 (after ~3.0s → ~33), Observed: 33
[13:36:42] ✓ SUCCESS: Counter continued correctly!
[13:36:42] Total downtime: 6123 ms (final_dump: 548 + transfer: 5277 + restore: 298)
[13:36:42] Pre-dump time (not counted as downtime): 22639 ms
[13:36:42] Effective bandwidth: 0.04 Mbps
[13:36:42] Metrics saved to /home/ivo/Evaluation-of-Live-Migration-Strategies-at-the-Edge/Container/metrics/migration_metrics.csv
[exit=0]

$ python3 /home/ivo/Evaluation-of-Live-Migration-Strategies-at-the-Edge/Container/scripts/setup/reset_nodes.py edge-node-1 edge-node-2
[13:36:43] Resetting nodes: edge-node-1 -> edge-node-2
[13:36:43] Step 1: Killing any existing processes on source...
[13:36:43]   Killing PID 77908 (from /home/ubuntu/app.pid)
[13:36:44]   Killing PID 77908 (from /home/ubuntu/counter.pid)
[13:36:44]   Killing any remaining background processes...
[13:36:46] Step 2: Cleaning source node...
[13:36:47] Step 3: Cleaning destination node...
[13:36:47]   Killing PID 77908 on destination (from /home/ubuntu/app.pid)
[13:36:48]   Killing PID 77908 on destination (from /home/ubuntu/counter.pid)
[13:36:48]   Killing all remaining counter processes on destination...
[13:36:52] ✓ Reset complete, nodes are clean
[13:36:52]   Next: Start your application
[exit=0]

$ bash /home/ivo/Evaluation-of-Live-Migration-Strategies-at-the-Edge/Container/scripts/workloads/start_counter_c.sh edge-node-1
[13:36:52] Ensuring counter binary on edge-node-1...
[13:36:52] Reusing existing /tmp/counter on edge-node-1
[13:36:52] Starting counter on edge-node-1...
[13:36:54] ✓ Counter started
[exit=0]
[repeat] warmup 2s

$ python3 /home/ivo/Evaluation-of-Live-Migration-Strategies-at-the-Edge/Container/scripts/orchestrators/criu_benchmark.py precopy --source edge-node-1 --dest edge-node-2 --transfer-mode direct --run-id 11-05-2026-direct-precopy-0057 --iterations 3 --profile-name 3_LTE
[13:36:56] Starting precopy migration...
[13:36:56] Source: edge-node-1, Dest: edge-node-2
[13:36:56] Transfer mode: direct

[13:36:56] === PRE-COPY LIVE MIGRATION ===
[13:36:56] Step 1: Checking source process...
[13:36:57]   Using PID from /home/ubuntu/counter.pid: 80901
[13:36:57]   Last counter value (pre-dumps start): 4
[13:36:57]   Architecture: x86_64 (compatible)
[13:36:57] Step 2: Preparing dump directory...
[13:36:58] Step 3: Running 3 pre-dumps and transferring them while service keeps running...
[13:36:58]   Pre-dump 1/3...
[13:36:58]   Archiving and transferring pre-dump 1...
Setting up SSH trust: edge-node-1 → ubuntu@10.138.215.137
  Adding public key to destination's authorized_keys...
  Testing SSH connectivity...
  ✓ SSH trust ready
  Transferring /home/ubuntu/CRIU-counter-iter-0.tar.gz via SCP...
[13:37:05]   Pre-dump 2/3...
[13:37:06]   Archiving and transferring pre-dump 2...
Setting up SSH trust: edge-node-1 → ubuntu@10.138.215.137
  Adding public key to destination's authorized_keys...
  Testing SSH connectivity...
  ✓ SSH trust ready
  Transferring /home/ubuntu/CRIU-counter-iter-1.tar.gz via SCP...
[13:37:13]   Pre-dump 3/3...
[13:37:13]   Archiving and transferring pre-dump 3...
Setting up SSH trust: edge-node-1 → ubuntu@10.138.215.137
  Adding public key to destination's authorized_keys...
  Testing SSH connectivity...
  ✓ SSH trust ready
  Transferring /home/ubuntu/CRIU-counter-iter-2.tar.gz via SCP...
[13:37:20]   Total pre-dump time: 22273 ms
[13:37:20]   Pre-copy transfer outside downtime: archive=880 ms, transfer=15759 ms, unpack=873 ms, bytes=17926
[13:37:20] Step 4: Final dump (freezing service)...
[13:37:21]   Frozen last counter value: 29
[13:37:21]   Expected after restore: 30
[13:37:21]   Final dump time (freeze duration): 638 ms
[13:37:21] Step 5: Creating final dump archive...
[13:37:21]   Archive size: 25392 bytes
[13:37:21] Step 6: Transferring archive...
[13:37:21]   Setting up direct SSH trust...
Setting up SSH trust: edge-node-1 → ubuntu@10.138.215.137
  Adding public key to destination's authorized_keys...
  Testing SSH connectivity...
  ✓ SSH trust ready
Setting up SSH trust: edge-node-1 → ubuntu@10.138.215.137
  Adding public key to destination's authorized_keys...
  Testing SSH connectivity...
  ✓ SSH trust ready
  Transferring /home/ubuntu/CRIU-counter-final.tar.gz via SCP...
[13:37:30]   Transfer time: 5312 ms
[13:37:30] Step 7: Unpacking on destination...
[13:37:30] Step 7.5: Ensuring counter output file exists on destination...
[13:37:30] Step 7.8: Ensuring /tmp/counter binary is present on destination...
[13:37:30] Step 8: Restoring process...
[13:37:31]   Restore time: 333 ms
[13:37:31]   Restored PID: 80901 (written to /home/ubuntu/counter.pid)
[13:37:31] Step 9: Verifying migration...
[13:37:35]   Expected min: 30 (after ~3.0s → ~33), Observed: 33
[13:37:35] ✓ SUCCESS: Counter continued correctly!
[13:37:35] Total downtime: 6283 ms (final_dump: 638 + transfer: 5312 + restore: 333)
[13:37:35] Pre-dump time (not counted as downtime): 22273 ms
[13:37:35] Effective bandwidth: 0.04 Mbps
[13:37:35] Metrics saved to /home/ivo/Evaluation-of-Live-Migration-Strategies-at-the-Edge/Container/metrics/migration_metrics.csv
[exit=0]

$ python3 /home/ivo/Evaluation-of-Live-Migration-Strategies-at-the-Edge/Container/scripts/setup/reset_nodes.py edge-node-1 edge-node-2
[13:37:35] Resetting nodes: edge-node-1 -> edge-node-2
[13:37:35] Step 1: Killing any existing processes on source...
[13:37:35]   Killing PID 80901 (from /home/ubuntu/app.pid)
[13:37:36]   Killing PID 80901 (from /home/ubuntu/counter.pid)
[13:37:37]   Killing any remaining background processes...
[13:37:38] Step 2: Cleaning source node...
[13:37:39] Step 3: Cleaning destination node...
[13:37:39]   Killing PID 80901 on destination (from /home/ubuntu/app.pid)
[13:37:40]   Killing PID 80901 on destination (from /home/ubuntu/counter.pid)
[13:37:41]   Killing all remaining counter processes on destination...
[13:37:44] ✓ Reset complete, nodes are clean
[13:37:44]   Next: Start your application
[exit=0]

$ bash /home/ivo/Evaluation-of-Live-Migration-Strategies-at-the-Edge/Container/scripts/workloads/start_counter_c.sh edge-node-1
[13:37:44] Ensuring counter binary on edge-node-1...
[13:37:44] Reusing existing /tmp/counter on edge-node-1
[13:37:44] Starting counter on edge-node-1...
[13:37:46] ✓ Counter started
[exit=0]
[repeat] warmup 2s

$ python3 /home/ivo/Evaluation-of-Live-Migration-Strategies-at-the-Edge/Container/scripts/orchestrators/criu_benchmark.py precopy --source edge-node-1 --dest edge-node-2 --transfer-mode direct --run-id 11-05-2026-direct-precopy-0058 --iterations 3 --profile-name 3_LTE
[13:37:48] Starting precopy migration...
[13:37:48] Source: edge-node-1, Dest: edge-node-2
[13:37:48] Transfer mode: direct

[13:37:48] === PRE-COPY LIVE MIGRATION ===
[13:37:48] Step 1: Checking source process...
[13:37:49]   Using PID from /home/ubuntu/counter.pid: 83630
[13:37:49]   Last counter value (pre-dumps start): 4
[13:37:49]   Architecture: x86_64 (compatible)
[13:37:49] Step 2: Preparing dump directory...
[13:37:50] Step 3: Running 3 pre-dumps and transferring them while service keeps running...
[13:37:50]   Pre-dump 1/3...
[13:37:50]   Archiving and transferring pre-dump 1...
Setting up SSH trust: edge-node-1 → ubuntu@10.138.215.137
  Adding public key to destination's authorized_keys...
  Testing SSH connectivity...
  ✓ SSH trust ready
  Transferring /home/ubuntu/CRIU-counter-iter-0.tar.gz via SCP...
[13:37:57]   Pre-dump 2/3...
[13:37:58]   Archiving and transferring pre-dump 2...
Setting up SSH trust: edge-node-1 → ubuntu@10.138.215.137
  Adding public key to destination's authorized_keys...
  Testing SSH connectivity...
  ✓ SSH trust ready
  Transferring /home/ubuntu/CRIU-counter-iter-1.tar.gz via SCP...
[13:38:05]   Pre-dump 3/3...
[13:38:05]   Archiving and transferring pre-dump 3...
Setting up SSH trust: edge-node-1 → ubuntu@10.138.215.137
  Adding public key to destination's authorized_keys...
  Testing SSH connectivity...
  ✓ SSH trust ready
  Transferring /home/ubuntu/CRIU-counter-iter-2.tar.gz via SCP...
[13:38:13]   Total pre-dump time: 22784 ms
[13:38:13]   Pre-copy transfer outside downtime: archive=941 ms, transfer=16159 ms, unpack=842 ms, bytes=18934
[13:38:13] Step 4: Final dump (freezing service)...
[13:38:13]   Frozen last counter value: 29
[13:38:13]   Expected after restore: 30
[13:38:13]   Final dump time (freeze duration): 658 ms
[13:38:13] Step 5: Creating final dump archive...
[13:38:14]   Archive size: 25500 bytes
[13:38:14] Step 6: Transferring archive...
[13:38:14]   Setting up direct SSH trust...
Setting up SSH trust: edge-node-1 → ubuntu@10.138.215.137
  Adding public key to destination's authorized_keys...
  Testing SSH connectivity...
  ✓ SSH trust ready
Setting up SSH trust: edge-node-1 → ubuntu@10.138.215.137
  Adding public key to destination's authorized_keys...
  Testing SSH connectivity...
  ✓ SSH trust ready
  Transferring /home/ubuntu/CRIU-counter-final.tar.gz via SCP...
[13:38:22]   Transfer time: 5293 ms
[13:38:22] Step 7: Unpacking on destination...
[13:38:22] Step 7.5: Ensuring counter output file exists on destination...
[13:38:22] Step 7.8: Ensuring /tmp/counter binary is present on destination...
[13:38:23] Step 8: Restoring process...
[13:38:23]   Restore time: 321 ms
[13:38:23]   Restored PID: 83630 (written to /home/ubuntu/counter.pid)
[13:38:23] Step 9: Verifying migration...
[13:38:26]   Expected min: 30 (after ~3.0s → ~33), Observed: 33
[13:38:26] ✓ SUCCESS: Counter continued correctly!
[13:38:26] Total downtime: 6272 ms (final_dump: 658 + transfer: 5293 + restore: 321)
[13:38:26] Pre-dump time (not counted as downtime): 22784 ms
[13:38:26] Effective bandwidth: 0.04 Mbps
[13:38:26] Metrics saved to /home/ivo/Evaluation-of-Live-Migration-Strategies-at-the-Edge/Container/metrics/migration_metrics.csv
[exit=0]

$ python3 /home/ivo/Evaluation-of-Live-Migration-Strategies-at-the-Edge/Container/scripts/setup/reset_nodes.py edge-node-1 edge-node-2
[13:38:27] Resetting nodes: edge-node-1 -> edge-node-2
[13:38:27] Step 1: Killing any existing processes on source...
[13:38:27]   Killing PID 83630 (from /home/ubuntu/app.pid)
[13:38:28]   Killing PID 83630 (from /home/ubuntu/counter.pid)
[13:38:29]   Killing any remaining background processes...
[13:38:30] Step 2: Cleaning source node...
[13:38:31] Step 3: Cleaning destination node...
[13:38:31]   Killing PID 83630 on destination (from /home/ubuntu/app.pid)
[13:38:32]   Killing PID 83630 on destination (from /home/ubuntu/counter.pid)
[13:38:33]   Killing all remaining counter processes on destination...
[13:38:36] ✓ Reset complete, nodes are clean
[13:38:36]   Next: Start your application
[exit=0]

$ bash /home/ivo/Evaluation-of-Live-Migration-Strategies-at-the-Edge/Container/scripts/workloads/start_counter_c.sh edge-node-1
[13:38:36] Ensuring counter binary on edge-node-1...
[13:38:36] Reusing existing /tmp/counter on edge-node-1
[13:38:37] Starting counter on edge-node-1...
[13:38:38] ✓ Counter started
[exit=0]
[repeat] warmup 2s

$ python3 /home/ivo/Evaluation-of-Live-Migration-Strategies-at-the-Edge/Container/scripts/orchestrators/criu_benchmark.py precopy --source edge-node-1 --dest edge-node-2 --transfer-mode direct --run-id 11-05-2026-direct-precopy-0059 --iterations 3 --profile-name 3_LTE
[13:38:40] Starting precopy migration...
[13:38:40] Source: edge-node-1, Dest: edge-node-2
[13:38:40] Transfer mode: direct

[13:38:40] === PRE-COPY LIVE MIGRATION ===
[13:38:40] Step 1: Checking source process...
[13:38:41]   Using PID from /home/ubuntu/counter.pid: 86376
[13:38:41]   Last counter value (pre-dumps start): 4
[13:38:42]   Architecture: x86_64 (compatible)
[13:38:42] Step 2: Preparing dump directory...
[13:38:42] Step 3: Running 3 pre-dumps and transferring them while service keeps running...
[13:38:42]   Pre-dump 1/3...
[13:38:42]   Archiving and transferring pre-dump 1...
Setting up SSH trust: edge-node-1 → ubuntu@10.138.215.137
  Adding public key to destination's authorized_keys...
  Testing SSH connectivity...
  ✓ SSH trust ready
  Transferring /home/ubuntu/CRIU-counter-iter-0.tar.gz via SCP...
[13:38:49]   Pre-dump 2/3...
[13:38:50]   Archiving and transferring pre-dump 2...
Setting up SSH trust: edge-node-1 → ubuntu@10.138.215.137
  Adding public key to destination's authorized_keys...
  Testing SSH connectivity...
  ✓ SSH trust ready
  Transferring /home/ubuntu/CRIU-counter-iter-1.tar.gz via SCP...
[13:38:57]   Pre-dump 3/3...
[13:38:58]   Archiving and transferring pre-dump 3...
Setting up SSH trust: edge-node-1 → ubuntu@10.138.215.137
  Adding public key to destination's authorized_keys...
  Testing SSH connectivity...
  ✓ SSH trust ready
  Transferring /home/ubuntu/CRIU-counter-iter-2.tar.gz via SCP...
[13:39:05]   Total pre-dump time: 22785 ms
[13:39:05]   Pre-copy transfer outside downtime: archive=974 ms, transfer=15723 ms, unpack=921 ms, bytes=18005
[13:39:05] Step 4: Final dump (freezing service)...
[13:39:05]   Frozen last counter value: 29
[13:39:05]   Expected after restore: 30
[13:39:05]   Final dump time (freeze duration): 584 ms
[13:39:05] Step 5: Creating final dump archive...
[13:39:06]   Archive size: 25537 bytes
[13:39:06] Step 6: Transferring archive...
[13:39:06]   Setting up direct SSH trust...
Setting up SSH trust: edge-node-1 → ubuntu@10.138.215.137
  Adding public key to destination's authorized_keys...
  Testing SSH connectivity...
  ✓ SSH trust ready
Setting up SSH trust: edge-node-1 → ubuntu@10.138.215.137
  Adding public key to destination's authorized_keys...
  Testing SSH connectivity...
  ✓ SSH trust ready
  Transferring /home/ubuntu/CRIU-counter-final.tar.gz via SCP...
[13:39:14]   Transfer time: 5189 ms
[13:39:14] Step 7: Unpacking on destination...
[13:39:14] Step 7.5: Ensuring counter output file exists on destination...
[13:39:14] Step 7.8: Ensuring /tmp/counter binary is present on destination...
[13:39:15] Step 8: Restoring process...
[13:39:15]   Restore time: 289 ms
[13:39:15]   Restored PID: 86376 (written to /home/ubuntu/counter.pid)
[13:39:15] Step 9: Verifying migration...
[13:39:19]   Expected min: 30 (after ~3.0s → ~33), Observed: 33
[13:39:19] ✓ SUCCESS: Counter continued correctly!
[13:39:19] Total downtime: 6062 ms (final_dump: 584 + transfer: 5189 + restore: 289)
[13:39:19] Pre-dump time (not counted as downtime): 22785 ms
[13:39:19] Effective bandwidth: 0.04 Mbps
[13:39:19] Metrics saved to /home/ivo/Evaluation-of-Live-Migration-Strategies-at-the-Edge/Container/metrics/migration_metrics.csv
[exit=0]

$ python3 /home/ivo/Evaluation-of-Live-Migration-Strategies-at-the-Edge/Container/scripts/setup/reset_nodes.py edge-node-1 edge-node-2
[13:39:19] Resetting nodes: edge-node-1 -> edge-node-2
[13:39:19] Step 1: Killing any existing processes on source...
[13:39:19]   Killing PID 86376 (from /home/ubuntu/app.pid)
[13:39:20]   Killing PID 86376 (from /home/ubuntu/counter.pid)
[13:39:21]   Killing any remaining background processes...
[13:39:22] Step 2: Cleaning source node...
[13:39:23] Step 3: Cleaning destination node...
[13:39:24]   Killing PID 86376 on destination (from /home/ubuntu/app.pid)
[13:39:24]   Killing PID 86376 on destination (from /home/ubuntu/counter.pid)
[13:39:25]   Killing all remaining counter processes on destination...
[13:39:28] ✓ Reset complete, nodes are clean
[13:39:28]   Next: Start your application
[exit=0]

$ bash /home/ivo/Evaluation-of-Live-Migration-Strategies-at-the-Edge/Container/scripts/workloads/start_counter_c.sh edge-node-1
[13:39:28] Ensuring counter binary on edge-node-1...
[13:39:28] Reusing existing /tmp/counter on edge-node-1
[13:39:28] Starting counter on edge-node-1...
[13:39:30] ✓ Counter started
[exit=0]
[repeat] warmup 2s

$ python3 /home/ivo/Evaluation-of-Live-Migration-Strategies-at-the-Edge/Container/scripts/orchestrators/criu_benchmark.py postcopy --source edge-node-1 --dest edge-node-2 --transfer-mode host --run-id 11-05-2026-host-postcopy-0047 --relay-node edge-host-1 --page-server-port 9999 --profile-name 3_LTE
[13:39:32] Starting postcopy migration...
[13:39:32] Source: edge-node-1, Dest: edge-node-2
[13:39:32] Transfer mode: host
[13:39:32] Relay node: edge-host-1

[13:39:32] === POST-COPY (LAZY-PAGES) MIGRATION ===
[13:39:32] Step 1: Checking source process...
[13:39:33]   Using PID from /home/ubuntu/counter.pid: 89114
[13:39:33]   Last counter value (pre-freeze): 4
[13:39:35]   Page-server endpoint: 10.138.215.218:9999
[13:39:35] Step 2: Final dump (freezing service) with --lazy-pages...
[13:39:35]   Dump PID: 89589
[13:39:36]   Dump init time (approx freeze duration): 1097 ms
[13:39:36]   Frozen last counter value: 6
[13:39:36]   Expected after restore: 7
[13:39:36] Step 3: Page-server ready on source (served by dump process)
[13:39:36] Step 4: Creating archive...
[13:39:37]   Archive size: 22564 bytes
[13:39:37] Step 5: Transferring archive...
  Transferring /home/ubuntu/CRIU-counter.tar.gz via relay node edge-host-1...
Setting up SSH trust: edge-node-1 → ubuntu@10.138.215.36
  Adding public key to destination's authorized_keys...
  Testing SSH connectivity...
  ✓ SSH trust ready
Setting up SSH trust: edge-host-1 → ubuntu@10.138.215.137
  Adding public key to destination's authorized_keys...
  Testing SSH connectivity...
  ✓ SSH trust ready
[13:39:48]   Transfer time: 11703 ms
[13:39:48] Step 6: Unpacking on destination...
[13:39:49] Step 6.8: Ensuring /tmp/counter binary is present on destination...
[13:39:49] Step 7: Starting lazy-pages daemon on destination...
[13:39:50]   Lazy-pages PID: 86055
[13:39:50] Step 8: Restoring process...
[13:39:50]   Restore time: 529 ms
[13:39:51]   Restored PID: 89114 (written to /home/ubuntu/counter.pid)
[13:39:52] Step 9: Verifying migration...
[13:39:56]   Expected min: 7 (after ~3.0s → ~10), Observed: 12
[13:39:56] ✓ SUCCESS: Counter continued correctly!
[13:39:56] Total downtime: 13329 ms (dump: 1097 + transfer: 11703 + restore: 529)
[13:39:57] Metrics saved to /home/ivo/Evaluation-of-Live-Migration-Strategies-at-the-Edge/Container/metrics/migration_metrics.csv
[exit=0]

$ python3 /home/ivo/Evaluation-of-Live-Migration-Strategies-at-the-Edge/Container/scripts/setup/reset_nodes.py edge-node-1 edge-node-2
[13:39:57] Resetting nodes: edge-node-1 -> edge-node-2
[13:39:57] Step 1: Killing any existing processes on source...
[13:39:58]   Killing PID 89114 (from /home/ubuntu/app.pid)
[13:39:59]   Killing PID 89114 (from /home/ubuntu/counter.pid)
[13:39:59]   Killing any remaining background processes...
[13:40:01] Step 2: Cleaning source node...
[13:40:02] Step 3: Cleaning destination node...
[13:40:02]   Killing PID 89114 on destination (from /home/ubuntu/app.pid)
[13:40:03]   Killing PID 89114 on destination (from /home/ubuntu/counter.pid)
[13:40:03]   Killing all remaining counter processes on destination...
[13:40:07] ✓ Reset complete, nodes are clean
[13:40:07]   Next: Start your application
[exit=0]

$ bash /home/ivo/Evaluation-of-Live-Migration-Strategies-at-the-Edge/Container/scripts/workloads/start_counter_c.sh edge-node-1
[13:40:07] Ensuring counter binary on edge-node-1...
[13:40:07] Reusing existing /tmp/counter on edge-node-1
[13:40:07] Starting counter on edge-node-1...
[13:40:08] ✓ Counter started
[exit=0]
[repeat] warmup 2s

$ python3 /home/ivo/Evaluation-of-Live-Migration-Strategies-at-the-Edge/Container/scripts/orchestrators/criu_benchmark.py postcopy --source edge-node-1 --dest edge-node-2 --transfer-mode host --run-id 11-05-2026-host-postcopy-0048 --relay-node edge-host-1 --page-server-port 9999 --profile-name 3_LTE
[13:40:11] Starting postcopy migration...
[13:40:11] Source: edge-node-1, Dest: edge-node-2
[13:40:11] Transfer mode: host
[13:40:11] Relay node: edge-host-1

[13:40:11] === POST-COPY (LAZY-PAGES) MIGRATION ===
[13:40:11] Step 1: Checking source process...
[13:40:11]   Using PID from /home/ubuntu/counter.pid: 90953
[13:40:12]   Last counter value (pre-freeze): 4
[13:40:13]   Page-server endpoint: 10.138.215.218:9999
[13:40:13] Step 2: Final dump (freezing service) with --lazy-pages...
[13:40:13]   Dump PID: 91436
[13:40:14]   Dump init time (approx freeze duration): 1044 ms
[13:40:14]   Frozen last counter value: 6
[13:40:14]   Expected after restore: 7
[13:40:14] Step 3: Page-server ready on source (served by dump process)
[13:40:14] Step 4: Creating archive...
[13:40:15]   Archive size: 22404 bytes
[13:40:15] Step 5: Transferring archive...
  Transferring /home/ubuntu/CRIU-counter.tar.gz via relay node edge-host-1...
Setting up SSH trust: edge-node-1 → ubuntu@10.138.215.36
  Adding public key to destination's authorized_keys...
  Testing SSH connectivity...
  ✓ SSH trust ready
Setting up SSH trust: edge-host-1 → ubuntu@10.138.215.137
  Adding public key to destination's authorized_keys...
  Testing SSH connectivity...
  ✓ SSH trust ready
[13:40:26]   Transfer time: 11150 ms
[13:40:26] Step 6: Unpacking on destination...
[13:40:27] Step 6.8: Ensuring /tmp/counter binary is present on destination...
[13:40:27] Step 7: Starting lazy-pages daemon on destination...
[13:40:27]   Lazy-pages PID: 87877
[13:40:28] Step 8: Restoring process...
[13:40:28]   Restore time: 465 ms
[13:40:28]   Restored PID: 90953 (written to /home/ubuntu/counter.pid)
[13:40:30] Step 9: Verifying migration...
[13:40:34]   Expected min: 7 (after ~3.0s → ~10), Observed: 12
[13:40:34] ✓ SUCCESS: Counter continued correctly!
[13:40:34] Total downtime: 12659 ms (dump: 1044 + transfer: 11150 + restore: 465)
[13:40:35] Metrics saved to /home/ivo/Evaluation-of-Live-Migration-Strategies-at-the-Edge/Container/metrics/migration_metrics.csv
[exit=0]

$ python3 /home/ivo/Evaluation-of-Live-Migration-Strategies-at-the-Edge/Container/scripts/setup/reset_nodes.py edge-node-1 edge-node-2
[13:40:35] Resetting nodes: edge-node-1 -> edge-node-2
[13:40:35] Step 1: Killing any existing processes on source...
[13:40:36]   Killing PID 90953 (from /home/ubuntu/app.pid)
[13:40:36]   Killing PID 90953 (from /home/ubuntu/counter.pid)
[13:40:37]   Killing any remaining background processes...
[13:40:38] Step 2: Cleaning source node...
[13:40:39] Step 3: Cleaning destination node...
[13:40:40]   Killing PID 90953 on destination (from /home/ubuntu/app.pid)
[13:40:40]   Killing PID 90953 on destination (from /home/ubuntu/counter.pid)
[13:40:41]   Killing all remaining counter processes on destination...
[13:40:44] ✓ Reset complete, nodes are clean
[13:40:44]   Next: Start your application
[exit=0]

$ bash /home/ivo/Evaluation-of-Live-Migration-Strategies-at-the-Edge/Container/scripts/workloads/start_counter_c.sh edge-node-1
[13:40:44] Ensuring counter binary on edge-node-1...
[13:40:44] Reusing existing /tmp/counter on edge-node-1
[13:40:44] Starting counter on edge-node-1...
[13:40:46] ✓ Counter started
[exit=0]
[repeat] warmup 2s

$ python3 /home/ivo/Evaluation-of-Live-Migration-Strategies-at-the-Edge/Container/scripts/orchestrators/criu_benchmark.py postcopy --source edge-node-1 --dest edge-node-2 --transfer-mode host --run-id 11-05-2026-host-postcopy-0049 --relay-node edge-host-1 --page-server-port 9999 --profile-name 3_LTE
[13:40:48] Starting postcopy migration...
[13:40:48] Source: edge-node-1, Dest: edge-node-2
[13:40:48] Transfer mode: host
[13:40:48] Relay node: edge-host-1

[13:40:48] === POST-COPY (LAZY-PAGES) MIGRATION ===
[13:40:48] Step 1: Checking source process...
[13:40:49]   Using PID from /home/ubuntu/counter.pid: 92790
[13:40:49]   Last counter value (pre-freeze): 4
[13:40:50]   Page-server endpoint: 10.138.215.218:9999
[13:40:50] Step 2: Final dump (freezing service) with --lazy-pages...
[13:40:51]   Dump PID: 93273
[13:40:52]   Dump init time (approx freeze duration): 1126 ms
[13:40:52]   Frozen last counter value: 6
[13:40:52]   Expected after restore: 7
[13:40:52] Step 3: Page-server ready on source (served by dump process)
[13:40:52] Step 4: Creating archive...
[13:40:53]   Archive size: 22592 bytes
[13:40:53] Step 5: Transferring archive...
  Transferring /home/ubuntu/CRIU-counter.tar.gz via relay node edge-host-1...
Setting up SSH trust: edge-node-1 → ubuntu@10.138.215.36
  Adding public key to destination's authorized_keys...
  Testing SSH connectivity...
  ✓ SSH trust ready
Setting up SSH trust: edge-host-1 → ubuntu@10.138.215.137
  Adding public key to destination's authorized_keys...
  Testing SSH connectivity...
  ✓ SSH trust ready
[13:41:04]   Transfer time: 11939 ms
[13:41:04] Step 6: Unpacking on destination...
[13:41:05] Step 6.8: Ensuring /tmp/counter binary is present on destination...
[13:41:05] Step 7: Starting lazy-pages daemon on destination...
[13:41:06]   Lazy-pages PID: 89706
[13:41:06] Step 8: Restoring process...
[13:41:07]   Restore time: 496 ms
[13:41:07]   Restored PID: 92790 (written to /home/ubuntu/counter.pid)
[13:41:08] Step 9: Verifying migration...
[13:41:12]   Expected min: 7 (after ~3.0s → ~10), Observed: 12
[13:41:12] ✓ SUCCESS: Counter continued correctly!
[13:41:12] Total downtime: 13561 ms (dump: 1126 + transfer: 11939 + restore: 496)
[13:41:13] Metrics saved to /home/ivo/Evaluation-of-Live-Migration-Strategies-at-the-Edge/Container/metrics/migration_metrics.csv
[exit=0]

$ python3 /home/ivo/Evaluation-of-Live-Migration-Strategies-at-the-Edge/Container/scripts/setup/reset_nodes.py edge-node-1 edge-node-2
[13:41:14] Resetting nodes: edge-node-1 -> edge-node-2
[13:41:14] Step 1: Killing any existing processes on source...
[13:41:14]   Killing PID 92790 (from /home/ubuntu/app.pid)
[13:41:15]   Killing PID 92790 (from /home/ubuntu/counter.pid)
[13:41:15]   Killing any remaining background processes...
[13:41:17] Step 2: Cleaning source node...
[13:41:18] Step 3: Cleaning destination node...
[13:41:18]   Killing PID 92790 on destination (from /home/ubuntu/app.pid)
[13:41:19]   Killing PID 92790 on destination (from /home/ubuntu/counter.pid)
[13:41:19]   Killing all remaining counter processes on destination...
[13:41:23] ✓ Reset complete, nodes are clean
[13:41:23]   Next: Start your application
[exit=0]

$ bash /home/ivo/Evaluation-of-Live-Migration-Strategies-at-the-Edge/Container/scripts/workloads/start_counter_c.sh edge-node-1
[13:41:23] Ensuring counter binary on edge-node-1...
[13:41:23] Reusing existing /tmp/counter on edge-node-1
[13:41:23] Starting counter on edge-node-1...
[13:41:24] ✓ Counter started
[exit=0]
[repeat] warmup 2s

$ python3 /home/ivo/Evaluation-of-Live-Migration-Strategies-at-the-Edge/Container/scripts/orchestrators/criu_benchmark.py postcopy --source edge-node-1 --dest edge-node-2 --transfer-mode host --run-id 11-05-2026-host-postcopy-0050 --relay-node edge-host-1 --page-server-port 9999 --profile-name 3_LTE
[13:41:27] Starting postcopy migration...
[13:41:27] Source: edge-node-1, Dest: edge-node-2
[13:41:27] Transfer mode: host
[13:41:27] Relay node: edge-host-1

[13:41:27] === POST-COPY (LAZY-PAGES) MIGRATION ===
[13:41:27] Step 1: Checking source process...
[13:41:27]   Using PID from /home/ubuntu/counter.pid: 94636
[13:41:27]   Last counter value (pre-freeze): 4
[13:41:29]   Page-server endpoint: 10.138.215.218:9999
[13:41:29] Step 2: Final dump (freezing service) with --lazy-pages...
[13:41:29]   Dump PID: 95111
[13:41:30]   Dump init time (approx freeze duration): 974 ms
[13:41:30]   Frozen last counter value: 6
[13:41:30]   Expected after restore: 7
[13:41:30] Step 3: Page-server ready on source (served by dump process)
[13:41:30] Step 4: Creating archive...
[13:41:31]   Archive size: 22456 bytes
[13:41:31] Step 5: Transferring archive...
  Transferring /home/ubuntu/CRIU-counter.tar.gz via relay node edge-host-1...
Setting up SSH trust: edge-node-1 → ubuntu@10.138.215.36
  Adding public key to destination's authorized_keys...
  Testing SSH connectivity...
  ✓ SSH trust ready
Setting up SSH trust: edge-host-1 → ubuntu@10.138.215.137
  Adding public key to destination's authorized_keys...
  Testing SSH connectivity...
  ✓ SSH trust ready
[13:41:42]   Transfer time: 11571 ms
[13:41:42] Step 6: Unpacking on destination...
[13:41:43] Step 6.8: Ensuring /tmp/counter binary is present on destination...
[13:41:43] Step 7: Starting lazy-pages daemon on destination...
[13:41:44]   Lazy-pages PID: 91530
[13:41:44] Step 8: Restoring process...
[13:41:45]   Restore time: 516 ms
[13:41:45]   Restored PID: 94636 (written to /home/ubuntu/counter.pid)
[13:41:46] Step 9: Verifying migration...
[13:41:50]   Expected min: 7 (after ~3.0s → ~10), Observed: 12
[13:41:50] ✓ SUCCESS: Counter continued correctly!
[13:41:50] Total downtime: 13061 ms (dump: 974 + transfer: 11571 + restore: 516)
[13:41:51] Metrics saved to /home/ivo/Evaluation-of-Live-Migration-Strategies-at-the-Edge/Container/metrics/migration_metrics.csv
[exit=0]

$ python3 /home/ivo/Evaluation-of-Live-Migration-Strategies-at-the-Edge/Container/scripts/setup/reset_nodes.py edge-node-1 edge-node-2
[13:41:52] Resetting nodes: edge-node-1 -> edge-node-2
[13:41:52] Step 1: Killing any existing processes on source...
[13:41:52]   Killing PID 94636 (from /home/ubuntu/app.pid)
[13:41:53]   Killing PID 94636 (from /home/ubuntu/counter.pid)
[13:41:53]   Killing any remaining background processes...
[13:41:55] Step 2: Cleaning source node...
[13:41:56] Step 3: Cleaning destination node...
[13:41:56]   Killing PID 94636 on destination (from /home/ubuntu/app.pid)
[13:41:57]   Killing PID 94636 on destination (from /home/ubuntu/counter.pid)
[13:41:57]   Killing all remaining counter processes on destination...
[13:42:00] ✓ Reset complete, nodes are clean
[13:42:00]   Next: Start your application
[exit=0]

$ bash /home/ivo/Evaluation-of-Live-Migration-Strategies-at-the-Edge/Container/scripts/workloads/start_counter_c.sh edge-node-1
[13:42:01] Ensuring counter binary on edge-node-1...
[13:42:01] Reusing existing /tmp/counter on edge-node-1
[13:42:01] Starting counter on edge-node-1...
[13:42:02] ✓ Counter started
[exit=0]
[repeat] warmup 2s

$ python3 /home/ivo/Evaluation-of-Live-Migration-Strategies-at-the-Edge/Container/scripts/orchestrators/criu_benchmark.py postcopy --source edge-node-1 --dest edge-node-2 --transfer-mode host --run-id 11-05-2026-host-postcopy-0051 --relay-node edge-host-1 --page-server-port 9999 --profile-name 3_LTE
[13:42:05] Starting postcopy migration...
[13:42:05] Source: edge-node-1, Dest: edge-node-2
[13:42:05] Transfer mode: host
[13:42:05] Relay node: edge-host-1

[13:42:05] === POST-COPY (LAZY-PAGES) MIGRATION ===
[13:42:05] Step 1: Checking source process...
[13:42:05]   Using PID from /home/ubuntu/counter.pid: 96481
[13:42:06]   Last counter value (pre-freeze): 4
[13:42:07]   Page-server endpoint: 10.138.215.218:9999
[13:42:07] Step 2: Final dump (freezing service) with --lazy-pages...
[13:42:07]   Dump PID: 96956
[13:42:08]   Dump init time (approx freeze duration): 1040 ms
[13:42:08]   Frozen last counter value: 6
[13:42:08]   Expected after restore: 7
[13:42:08] Step 3: Page-server ready on source (served by dump process)
[13:42:08] Step 4: Creating archive...
[13:42:09]   Archive size: 22537 bytes
[13:42:09] Step 5: Transferring archive...
  Transferring /home/ubuntu/CRIU-counter.tar.gz via relay node edge-host-1...
Setting up SSH trust: edge-node-1 → ubuntu@10.138.215.36
  Adding public key to destination's authorized_keys...
  Testing SSH connectivity...
  ✓ SSH trust ready
Setting up SSH trust: edge-host-1 → ubuntu@10.138.215.137
  Adding public key to destination's authorized_keys...
  Testing SSH connectivity...
  ✓ SSH trust ready
[13:42:21]   Transfer time: 11544 ms
[13:42:21] Step 6: Unpacking on destination...
[13:42:21] Step 6.8: Ensuring /tmp/counter binary is present on destination...
[13:42:21] Step 7: Starting lazy-pages daemon on destination...
[13:42:22]   Lazy-pages PID: 93351
[13:42:22] Step 8: Restoring process...
[13:42:23]   Restore time: 532 ms
[13:42:23]   Restored PID: 96481 (written to /home/ubuntu/counter.pid)
[13:42:25] Step 9: Verifying migration...
[13:42:28]   Expected min: 7 (after ~3.0s → ~10), Observed: 12
[13:42:28] ✓ SUCCESS: Counter continued correctly!
[13:42:28] Total downtime: 13116 ms (dump: 1040 + transfer: 11544 + restore: 532)
[13:42:29] Metrics saved to /home/ivo/Evaluation-of-Live-Migration-Strategies-at-the-Edge/Container/metrics/migration_metrics.csv
[exit=0]

$ python3 /home/ivo/Evaluation-of-Live-Migration-Strategies-at-the-Edge/Container/scripts/setup/reset_nodes.py edge-node-1 edge-node-2
[13:42:30] Resetting nodes: edge-node-1 -> edge-node-2
[13:42:30] Step 1: Killing any existing processes on source...
[13:42:30]   Killing PID 96481 (from /home/ubuntu/app.pid)
[13:42:31]   Killing PID 96481 (from /home/ubuntu/counter.pid)
[13:42:31]   Killing any remaining background processes...
[13:42:33] Step 2: Cleaning source node...
[13:42:34] Step 3: Cleaning destination node...
[13:42:34]   Killing PID 96481 on destination (from /home/ubuntu/app.pid)
[13:42:35]   Killing PID 96481 on destination (from /home/ubuntu/counter.pid)
[13:42:35]   Killing all remaining counter processes on destination...
[13:42:39] ✓ Reset complete, nodes are clean
[13:42:39]   Next: Start your application
[exit=0]

$ bash /home/ivo/Evaluation-of-Live-Migration-Strategies-at-the-Edge/Container/scripts/workloads/start_counter_c.sh edge-node-1
[13:42:39] Ensuring counter binary on edge-node-1...
[13:42:39] Reusing existing /tmp/counter on edge-node-1
[13:42:39] Starting counter on edge-node-1...
[13:42:40] ✓ Counter started
[exit=0]
[repeat] warmup 2s

$ python3 /home/ivo/Evaluation-of-Live-Migration-Strategies-at-the-Edge/Container/scripts/orchestrators/criu_benchmark.py postcopy --source edge-node-1 --dest edge-node-2 --transfer-mode host --run-id 11-05-2026-host-postcopy-0052 --relay-node edge-host-1 --page-server-port 9999 --profile-name 3_LTE
[13:42:43] Starting postcopy migration...
[13:42:43] Source: edge-node-1, Dest: edge-node-2
[13:42:43] Transfer mode: host
[13:42:43] Relay node: edge-host-1

[13:42:43] === POST-COPY (LAZY-PAGES) MIGRATION ===
[13:42:43] Step 1: Checking source process...
[13:42:43]   Using PID from /home/ubuntu/counter.pid: 98308
[13:42:44]   Last counter value (pre-freeze): 4
[13:42:45]   Page-server endpoint: 10.138.215.218:9999
[13:42:45] Step 2: Final dump (freezing service) with --lazy-pages...
[13:42:46]   Dump PID: 98791
[13:42:46]   Dump init time (approx freeze duration): 1028 ms
[13:42:46]   Frozen last counter value: 5
[13:42:46]   Expected after restore: 6
[13:42:46] Step 3: Page-server ready on source (served by dump process)
[13:42:46] Step 4: Creating archive...
[13:42:47]   Archive size: 24843 bytes
[13:42:47] Step 5: Transferring archive...
  Transferring /home/ubuntu/CRIU-counter.tar.gz via relay node edge-host-1...
Setting up SSH trust: edge-node-1 → ubuntu@10.138.215.36
  Adding public key to destination's authorized_keys...
  Testing SSH connectivity...
  ✓ SSH trust ready
Setting up SSH trust: edge-host-1 → ubuntu@10.138.215.137
  Adding public key to destination's authorized_keys...
  Testing SSH connectivity...
  ✓ SSH trust ready
[13:42:58]   Transfer time: 11206 ms
[13:42:58] Step 6: Unpacking on destination...
[13:42:59] Step 6.8: Ensuring /tmp/counter binary is present on destination...
[13:42:59] Step 7: Starting lazy-pages daemon on destination...
[13:43:00]   Lazy-pages PID: 95180
[13:43:00] Step 8: Restoring process...
[13:43:00]   Restore time: 334 ms
[13:43:00]   Restored PID: 98308 (written to /home/ubuntu/counter.pid)
[13:43:02] Step 9: Verifying migration...
[13:43:06]   Expected min: 6 (after ~3.0s → ~9), Observed: 11
[13:43:06] ✓ SUCCESS: Counter continued correctly!
[13:43:06] Total downtime: 12568 ms (dump: 1028 + transfer: 11206 + restore: 334)
[13:43:07] Metrics saved to /home/ivo/Evaluation-of-Live-Migration-Strategies-at-the-Edge/Container/metrics/migration_metrics.csv
[exit=0]

$ python3 /home/ivo/Evaluation-of-Live-Migration-Strategies-at-the-Edge/Container/scripts/setup/reset_nodes.py edge-node-1 edge-node-2
[13:43:08] Resetting nodes: edge-node-1 -> edge-node-2
[13:43:08] Step 1: Killing any existing processes on source...
[13:43:08]   Killing PID 98308 (from /home/ubuntu/app.pid)
[13:43:09]   Killing PID 98308 (from /home/ubuntu/counter.pid)
[13:43:09]   Killing any remaining background processes...
[13:43:10] Step 2: Cleaning source node...
[13:43:12] Step 3: Cleaning destination node...
[13:43:12]   Killing PID 98308 on destination (from /home/ubuntu/app.pid)
[13:43:13]   Killing PID 98308 on destination (from /home/ubuntu/counter.pid)
[13:43:13]   Killing all remaining counter processes on destination...
[13:43:17] ✓ Reset complete, nodes are clean
[13:43:17]   Next: Start your application
[exit=0]

$ bash /home/ivo/Evaluation-of-Live-Migration-Strategies-at-the-Edge/Container/scripts/workloads/start_counter_c.sh edge-node-1
[13:43:17] Ensuring counter binary on edge-node-1...
[13:43:17] Reusing existing /tmp/counter on edge-node-1
[13:43:17] Starting counter on edge-node-1...
[13:43:18] ✓ Counter started
[exit=0]
[repeat] warmup 2s

$ python3 /home/ivo/Evaluation-of-Live-Migration-Strategies-at-the-Edge/Container/scripts/orchestrators/criu_benchmark.py postcopy --source edge-node-1 --dest edge-node-2 --transfer-mode host --run-id 11-05-2026-host-postcopy-0053 --relay-node edge-host-1 --page-server-port 9999 --profile-name 3_LTE
[13:43:21] Starting postcopy migration...
[13:43:21] Source: edge-node-1, Dest: edge-node-2
[13:43:21] Transfer mode: host
[13:43:21] Relay node: edge-host-1

[13:43:21] === POST-COPY (LAZY-PAGES) MIGRATION ===
[13:43:21] Step 1: Checking source process...
[13:43:21]   Using PID from /home/ubuntu/counter.pid: 100154
[13:43:22]   Last counter value (pre-freeze): 4
[13:43:23]   Page-server endpoint: 10.138.215.218:9999
[13:43:23] Step 2: Final dump (freezing service) with --lazy-pages...
[13:43:24]   Dump PID: 100637
[13:43:24]   Dump init time (approx freeze duration): 1031 ms
[13:43:24]   Frozen last counter value: 6
[13:43:24]   Expected after restore: 7
[13:43:24] Step 3: Page-server ready on source (served by dump process)
[13:43:24] Step 4: Creating archive...
[13:43:25]   Archive size: 22655 bytes
[13:43:25] Step 5: Transferring archive...
  Transferring /home/ubuntu/CRIU-counter.tar.gz via relay node edge-host-1...
Setting up SSH trust: edge-node-1 → ubuntu@10.138.215.36
  Adding public key to destination's authorized_keys...
  Testing SSH connectivity...
  ✓ SSH trust ready
Setting up SSH trust: edge-host-1 → ubuntu@10.138.215.137
  Adding public key to destination's authorized_keys...
  Testing SSH connectivity...
  ✓ SSH trust ready
[13:43:37]   Transfer time: 11651 ms
[13:43:37] Step 6: Unpacking on destination...
[13:43:38] Step 6.8: Ensuring /tmp/counter binary is present on destination...
[13:43:38] Step 7: Starting lazy-pages daemon on destination...
[13:43:38]   Lazy-pages PID: 97009
[13:43:39] Step 8: Restoring process...
[13:43:39]   Restore time: 613 ms
[13:43:39]   Restored PID: 100154 (written to /home/ubuntu/counter.pid)
[13:43:41] Step 9: Verifying migration...
[13:43:45]   Expected min: 7 (after ~3.0s → ~10), Observed: 12
[13:43:45] ✓ SUCCESS: Counter continued correctly!
[13:43:45] Total downtime: 13295 ms (dump: 1031 + transfer: 11651 + restore: 613)
[13:43:46] Metrics saved to /home/ivo/Evaluation-of-Live-Migration-Strategies-at-the-Edge/Container/metrics/migration_metrics.csv
[exit=0]

$ python3 /home/ivo/Evaluation-of-Live-Migration-Strategies-at-the-Edge/Container/scripts/setup/reset_nodes.py edge-node-1 edge-node-2
[13:43:46] Resetting nodes: edge-node-1 -> edge-node-2
[13:43:46] Step 1: Killing any existing processes on source...
[13:43:46]   Killing PID 100154 (from /home/ubuntu/app.pid)
[13:43:47]   Killing PID 100154 (from /home/ubuntu/counter.pid)
[13:43:48]   Killing any remaining background processes...
[13:43:49] Step 2: Cleaning source node...
[13:43:50] Step 3: Cleaning destination node...
[13:43:50]   Killing PID 100154 on destination (from /home/ubuntu/app.pid)
[13:43:51]   Killing PID 100154 on destination (from /home/ubuntu/counter.pid)
[13:43:52]   Killing all remaining counter processes on destination...
[13:43:55] ✓ Reset complete, nodes are clean
[13:43:55]   Next: Start your application
[exit=0]

$ bash /home/ivo/Evaluation-of-Live-Migration-Strategies-at-the-Edge/Container/scripts/workloads/start_counter_c.sh edge-node-1
[13:43:55] Ensuring counter binary on edge-node-1...
[13:43:55] Reusing existing /tmp/counter on edge-node-1
[13:43:55] Starting counter on edge-node-1...
[13:43:57] ✓ Counter started
[exit=0]
[repeat] warmup 2s

$ python3 /home/ivo/Evaluation-of-Live-Migration-Strategies-at-the-Edge/Container/scripts/orchestrators/criu_benchmark.py postcopy --source edge-node-1 --dest edge-node-2 --transfer-mode host --run-id 11-05-2026-host-postcopy-0054 --relay-node edge-host-1 --page-server-port 9999 --profile-name 3_LTE
[13:43:59] Starting postcopy migration...
[13:43:59] Source: edge-node-1, Dest: edge-node-2
[13:43:59] Transfer mode: host
[13:43:59] Relay node: edge-host-1

[13:43:59] === POST-COPY (LAZY-PAGES) MIGRATION ===
[13:43:59] Step 1: Checking source process...
[13:44:00]   Using PID from /home/ubuntu/counter.pid: 102015
[13:44:00]   Last counter value (pre-freeze): 4
[13:44:01]   Page-server endpoint: 10.138.215.218:9999
[13:44:01] Step 2: Final dump (freezing service) with --lazy-pages...
[13:44:02]   Dump PID: 102499
[13:44:03]   Dump init time (approx freeze duration): 1050 ms
[13:44:03]   Frozen last counter value: 6
[13:44:03]   Expected after restore: 7
[13:44:03] Step 3: Page-server ready on source (served by dump process)
[13:44:03] Step 4: Creating archive...
[13:44:03]   Archive size: 22555 bytes
[13:44:03] Step 5: Transferring archive...
  Transferring /home/ubuntu/CRIU-counter.tar.gz via relay node edge-host-1...
Setting up SSH trust: edge-node-1 → ubuntu@10.138.215.36
  Adding public key to destination's authorized_keys...
  Testing SSH connectivity...
  ✓ SSH trust ready
Setting up SSH trust: edge-host-1 → ubuntu@10.138.215.137
  Adding public key to destination's authorized_keys...
  Testing SSH connectivity...
  ✓ SSH trust ready
[13:44:15]   Transfer time: 11497 ms
[13:44:15] Step 6: Unpacking on destination...
[13:44:15] Step 6.8: Ensuring /tmp/counter binary is present on destination...
[13:44:16] Step 7: Starting lazy-pages daemon on destination...
[13:44:16]   Lazy-pages PID: 98822
[13:44:16] Step 8: Restoring process...
[13:44:17]   Restore time: 508 ms
[13:44:17]   Restored PID: 102015 (written to /home/ubuntu/counter.pid)
[13:44:19] Step 9: Verifying migration...
[13:44:22]   Expected min: 7 (after ~3.0s → ~10), Observed: 12
[13:44:22] ✓ SUCCESS: Counter continued correctly!
[13:44:22] Total downtime: 13055 ms (dump: 1050 + transfer: 11497 + restore: 508)
[13:44:24] Metrics saved to /home/ivo/Evaluation-of-Live-Migration-Strategies-at-the-Edge/Container/metrics/migration_metrics.csv
[exit=0]

$ python3 /home/ivo/Evaluation-of-Live-Migration-Strategies-at-the-Edge/Container/scripts/setup/reset_nodes.py edge-node-1 edge-node-2
[13:44:24] Resetting nodes: edge-node-1 -> edge-node-2
[13:44:24] Step 1: Killing any existing processes on source...
[13:44:24]   Killing PID 102015 (from /home/ubuntu/app.pid)
[13:44:25]   Killing PID 102015 (from /home/ubuntu/counter.pid)
[13:44:26]   Killing any remaining background processes...
[13:44:27] Step 2: Cleaning source node...
[13:44:28] Step 3: Cleaning destination node...
[13:44:29]   Killing PID 102015 on destination (from /home/ubuntu/app.pid)
[13:44:29]   Killing PID 102015 on destination (from /home/ubuntu/counter.pid)
[13:44:30]   Killing all remaining counter processes on destination...
[13:44:33] ✓ Reset complete, nodes are clean
[13:44:33]   Next: Start your application
[exit=0]

$ bash /home/ivo/Evaluation-of-Live-Migration-Strategies-at-the-Edge/Container/scripts/workloads/start_counter_c.sh edge-node-1
[13:44:33] Ensuring counter binary on edge-node-1...
[13:44:33] Reusing existing /tmp/counter on edge-node-1
[13:44:33] Starting counter on edge-node-1...
[13:44:35] ✓ Counter started
[exit=0]
[repeat] warmup 2s

$ python3 /home/ivo/Evaluation-of-Live-Migration-Strategies-at-the-Edge/Container/scripts/orchestrators/criu_benchmark.py postcopy --source edge-node-1 --dest edge-node-2 --transfer-mode host --run-id 11-05-2026-host-postcopy-0055 --relay-node edge-host-1 --page-server-port 9999 --profile-name 3_LTE
[13:44:37] Starting postcopy migration...
[13:44:37] Source: edge-node-1, Dest: edge-node-2
[13:44:37] Transfer mode: host
[13:44:37] Relay node: edge-host-1

[13:44:37] === POST-COPY (LAZY-PAGES) MIGRATION ===
[13:44:37] Step 1: Checking source process...
[13:44:38]   Using PID from /home/ubuntu/counter.pid: 103894
[13:44:38]   Last counter value (pre-freeze): 4
[13:44:40]   Page-server endpoint: 10.138.215.218:9999
[13:44:40] Step 2: Final dump (freezing service) with --lazy-pages...
[13:44:40]   Dump PID: 104378
[13:44:41]   Dump init time (approx freeze duration): 1006 ms
[13:44:41]   Frozen last counter value: 6
[13:44:41]   Expected after restore: 7
[13:44:41] Step 3: Page-server ready on source (served by dump process)
[13:44:41] Step 4: Creating archive...
[13:44:42]   Archive size: 22588 bytes
[13:44:42] Step 5: Transferring archive...
  Transferring /home/ubuntu/CRIU-counter.tar.gz via relay node edge-host-1...
Setting up SSH trust: edge-node-1 → ubuntu@10.138.215.36
  Adding public key to destination's authorized_keys...
  Testing SSH connectivity...
  ✓ SSH trust ready
Setting up SSH trust: edge-host-1 → ubuntu@10.138.215.137
  Adding public key to destination's authorized_keys...
  Testing SSH connectivity...
  ✓ SSH trust ready
[13:44:53]   Transfer time: 11394 ms
[13:44:53] Step 6: Unpacking on destination...
[13:44:54] Step 6.8: Ensuring /tmp/counter binary is present on destination...
[13:44:54] Step 7: Starting lazy-pages daemon on destination...
[13:44:54]   Lazy-pages PID: 100653
[13:44:55] Step 8: Restoring process...
[13:44:55]   Restore time: 497 ms
[13:44:55]   Restored PID: 103894 (written to /home/ubuntu/counter.pid)
[13:44:57] Step 9: Verifying migration...
[13:45:00]   Expected min: 7 (after ~3.0s → ~10), Observed: 12
[13:45:00] ✓ SUCCESS: Counter continued correctly!
[13:45:00] Total downtime: 12897 ms (dump: 1006 + transfer: 11394 + restore: 497)
[13:45:02] Metrics saved to /home/ivo/Evaluation-of-Live-Migration-Strategies-at-the-Edge/Container/metrics/migration_metrics.csv
[exit=0]

$ python3 /home/ivo/Evaluation-of-Live-Migration-Strategies-at-the-Edge/Container/scripts/setup/reset_nodes.py edge-node-1 edge-node-2
[13:45:02] Resetting nodes: edge-node-1 -> edge-node-2
[13:45:02] Step 1: Killing any existing processes on source...
[13:45:02]   Killing PID 103894 (from /home/ubuntu/app.pid)
[13:45:03]   Killing PID 103894 (from /home/ubuntu/counter.pid)
[13:45:04]   Killing any remaining background processes...
[13:45:05] Step 2: Cleaning source node...
[13:45:06] Step 3: Cleaning destination node...
[13:45:06]   Killing PID 103894 on destination (from /home/ubuntu/app.pid)
[13:45:07]   Killing PID 103894 on destination (from /home/ubuntu/counter.pid)
[13:45:08]   Killing all remaining counter processes on destination...
[13:45:11] ✓ Reset complete, nodes are clean
[13:45:11]   Next: Start your application
[exit=0]

$ bash /home/ivo/Evaluation-of-Live-Migration-Strategies-at-the-Edge/Container/scripts/workloads/start_counter_c.sh edge-node-1
[13:45:11] Ensuring counter binary on edge-node-1...
[13:45:12] Reusing existing /tmp/counter on edge-node-1
[13:45:12] Starting counter on edge-node-1...
[13:45:13] ✓ Counter started
[exit=0]
[repeat] warmup 2s

$ python3 /home/ivo/Evaluation-of-Live-Migration-Strategies-at-the-Edge/Container/scripts/orchestrators/criu_benchmark.py postcopy --source edge-node-1 --dest edge-node-2 --transfer-mode host --run-id 11-05-2026-host-postcopy-0056 --relay-node edge-host-1 --page-server-port 9999 --profile-name 3_LTE
[13:45:16] Starting postcopy migration...
[13:45:16] Source: edge-node-1, Dest: edge-node-2
[13:45:16] Transfer mode: host
[13:45:16] Relay node: edge-host-1

[13:45:16] === POST-COPY (LAZY-PAGES) MIGRATION ===
[13:45:16] Step 1: Checking source process...
[13:45:16]   Using PID from /home/ubuntu/counter.pid: 105769
[13:45:16]   Last counter value (pre-freeze): 4
[13:45:18]   Page-server endpoint: 10.138.215.218:9999
[13:45:18] Step 2: Final dump (freezing service) with --lazy-pages...
[13:45:18]   Dump PID: 106261
[13:45:19]   Dump init time (approx freeze duration): 1033 ms
[13:45:19]   Frozen last counter value: 6
[13:45:19]   Expected after restore: 7
[13:45:19] Step 3: Page-server ready on source (served by dump process)
[13:45:19] Step 4: Creating archive...
[13:45:20]   Archive size: 22713 bytes
[13:45:20] Step 5: Transferring archive...
  Transferring /home/ubuntu/CRIU-counter.tar.gz via relay node edge-host-1...
Setting up SSH trust: edge-node-1 → ubuntu@10.138.215.36
  Adding public key to destination's authorized_keys...
  Testing SSH connectivity...
  ✓ SSH trust ready
Setting up SSH trust: edge-host-1 → ubuntu@10.138.215.137
  Adding public key to destination's authorized_keys...
  Testing SSH connectivity...
  ✓ SSH trust ready
[13:45:31]   Transfer time: 11576 ms
[13:45:31] Step 6: Unpacking on destination...
[13:45:32] Step 6.8: Ensuring /tmp/counter binary is present on destination...
[13:45:32] Step 7: Starting lazy-pages daemon on destination...
[13:45:33]   Lazy-pages PID: 102477
[13:45:33] Step 8: Restoring process...
[13:45:33]   Restore time: 509 ms
[13:45:34]   Restored PID: 105769 (written to /home/ubuntu/counter.pid)
[13:45:35] Step 9: Verifying migration...
[13:45:39]   Expected min: 7 (after ~3.0s → ~10), Observed: 12
[13:45:39] ✓ SUCCESS: Counter continued correctly!
[13:45:39] Total downtime: 13118 ms (dump: 1033 + transfer: 11576 + restore: 509)
[13:45:41] Metrics saved to /home/ivo/Evaluation-of-Live-Migration-Strategies-at-the-Edge/Container/metrics/migration_metrics.csv
[exit=0]

$ python3 /home/ivo/Evaluation-of-Live-Migration-Strategies-at-the-Edge/Container/scripts/setup/reset_nodes.py edge-node-1 edge-node-2
[13:45:41] Resetting nodes: edge-node-1 -> edge-node-2
[13:45:41] Step 1: Killing any existing processes on source...
[13:45:41]   Killing PID 105769 (from /home/ubuntu/app.pid)
[13:45:42]   Killing PID 105769 (from /home/ubuntu/counter.pid)
[13:45:43]   Killing any remaining background processes...
[13:45:44] Step 2: Cleaning source node...
[13:45:45] Step 3: Cleaning destination node...
[13:45:45]   Killing PID 105769 on destination (from /home/ubuntu/app.pid)
[13:45:46]   Killing PID 105769 on destination (from /home/ubuntu/counter.pid)
[13:45:47]   Killing all remaining counter processes on destination...
[13:45:50] ✓ Reset complete, nodes are clean
[13:45:50]   Next: Start your application
[exit=0]

$ bash /home/ivo/Evaluation-of-Live-Migration-Strategies-at-the-Edge/Container/scripts/workloads/start_counter_c.sh edge-node-1
[13:45:50] Ensuring counter binary on edge-node-1...
[13:45:50] Reusing existing /tmp/counter on edge-node-1
[13:45:50] Starting counter on edge-node-1...
[13:45:52] ✓ Counter started
[exit=0]
[repeat] warmup 2s

$ python3 /home/ivo/Evaluation-of-Live-Migration-Strategies-at-the-Edge/Container/scripts/orchestrators/criu_benchmark.py postcopy --source edge-node-1 --dest edge-node-2 --transfer-mode direct --run-id 11-05-2026-direct-postcopy-0040 --page-server-port 9999 --profile-name 3_LTE
[13:45:54] Starting postcopy migration...
[13:45:54] Source: edge-node-1, Dest: edge-node-2
[13:45:54] Transfer mode: direct

[13:45:54] === POST-COPY (LAZY-PAGES) MIGRATION ===
[13:45:54] Step 1: Checking source process...
[13:45:55]   Using PID from /home/ubuntu/counter.pid: 107641
[13:45:55]   Last counter value (pre-freeze): 4
[13:45:56]   Page-server endpoint: 10.138.215.218:9999
[13:45:56] Step 2: Final dump (freezing service) with --lazy-pages...
[13:45:57]   Dump PID: 108133
[13:45:57]   Dump init time (approx freeze duration): 959 ms
[13:45:58]   Frozen last counter value: 6
[13:45:58]   Expected after restore: 7
[13:45:58] Step 3: Page-server ready on source (served by dump process)
[13:45:58] Step 4: Creating archive...
[13:45:58]   Archive size: 22644 bytes
[13:45:58] Step 5: Transferring archive...
[13:45:58]   Setting up direct SSH trust...
Setting up SSH trust: edge-node-1 → ubuntu@10.138.215.137
  Adding public key to destination's authorized_keys...
  Testing SSH connectivity...
  ✓ SSH trust ready
Setting up SSH trust: edge-node-1 → ubuntu@10.138.215.137
  Adding public key to destination's authorized_keys...
  Testing SSH connectivity...
  ✓ SSH trust ready
  Transferring /home/ubuntu/CRIU-counter.tar.gz via SCP...
[13:46:06]   Transfer time: 5357 ms
[13:46:06] Step 6: Unpacking on destination...
[13:46:07] Step 6.8: Ensuring /tmp/counter binary is present on destination...
[13:46:07] Step 7: Starting lazy-pages daemon on destination...
[13:46:08]   Lazy-pages PID: 104454
[13:46:08] Step 8: Restoring process...
[13:46:08]   Restore time: 536 ms
[13:46:09]   Restored PID: 107641 (written to /home/ubuntu/counter.pid)
[13:46:10] Step 9: Verifying migration...
[13:46:14]   Expected min: 7 (after ~3.0s → ~10), Observed: 12
[13:46:14] ✓ SUCCESS: Counter continued correctly!
[13:46:14] Total downtime: 6852 ms (dump: 959 + transfer: 5357 + restore: 536)
[13:46:15] Metrics saved to /home/ivo/Evaluation-of-Live-Migration-Strategies-at-the-Edge/Container/metrics/migration_metrics.csv
[exit=0]

$ python3 /home/ivo/Evaluation-of-Live-Migration-Strategies-at-the-Edge/Container/scripts/setup/reset_nodes.py edge-node-1 edge-node-2
[13:46:16] Resetting nodes: edge-node-1 -> edge-node-2
[13:46:16] Step 1: Killing any existing processes on source...
[13:46:16]   Killing PID 107641 (from /home/ubuntu/app.pid)
[13:46:17]   Killing PID 107641 (from /home/ubuntu/counter.pid)
[13:46:17]   Killing any remaining background processes...
[13:46:19] Step 2: Cleaning source node...
[13:46:20] Step 3: Cleaning destination node...
[13:46:20]   Killing PID 107641 on destination (from /home/ubuntu/app.pid)
[13:46:21]   Killing PID 107641 on destination (from /home/ubuntu/counter.pid)
[13:46:21]   Killing all remaining counter processes on destination...
[13:46:25] ✓ Reset complete, nodes are clean
[13:46:25]   Next: Start your application
[exit=0]

$ bash /home/ivo/Evaluation-of-Live-Migration-Strategies-at-the-Edge/Container/scripts/workloads/start_counter_c.sh edge-node-1
[13:46:25] Ensuring counter binary on edge-node-1...
[13:46:25] Reusing existing /tmp/counter on edge-node-1
[13:46:25] Starting counter on edge-node-1...
[13:46:26] ✓ Counter started
[exit=0]
[repeat] warmup 2s

$ python3 /home/ivo/Evaluation-of-Live-Migration-Strategies-at-the-Edge/Container/scripts/orchestrators/criu_benchmark.py postcopy --source edge-node-1 --dest edge-node-2 --transfer-mode direct --run-id 11-05-2026-direct-postcopy-0041 --page-server-port 9999 --profile-name 3_LTE
[13:46:29] Starting postcopy migration...
[13:46:29] Source: edge-node-1, Dest: edge-node-2
[13:46:29] Transfer mode: direct

[13:46:29] === POST-COPY (LAZY-PAGES) MIGRATION ===
[13:46:29] Step 1: Checking source process...
[13:46:29]   Using PID from /home/ubuntu/counter.pid: 109625
[13:46:29]   Last counter value (pre-freeze): 4
[13:46:31]   Page-server endpoint: 10.138.215.218:9999
[13:46:31] Step 2: Final dump (freezing service) with --lazy-pages...
[13:46:31]   Dump PID: 110117
[13:46:32]   Dump init time (approx freeze duration): 1020 ms
[13:46:32]   Frozen last counter value: 5
[13:46:32]   Expected after restore: 6
[13:46:32] Step 3: Page-server ready on source (served by dump process)
[13:46:32] Step 4: Creating archive...
[13:46:33]   Archive size: 22573 bytes
[13:46:33] Step 5: Transferring archive...
[13:46:33]   Setting up direct SSH trust...
Setting up SSH trust: edge-node-1 → ubuntu@10.138.215.137
  Adding public key to destination's authorized_keys...
  Testing SSH connectivity...
  ✓ SSH trust ready
Setting up SSH trust: edge-node-1 → ubuntu@10.138.215.137
  Adding public key to destination's authorized_keys...
  Testing SSH connectivity...
  ✓ SSH trust ready
  Transferring /home/ubuntu/CRIU-counter.tar.gz via SCP...
[13:46:41]   Transfer time: 5695 ms
[13:46:41] Step 6: Unpacking on destination...
[13:46:42] Step 6.8: Ensuring /tmp/counter binary is present on destination...
[13:46:42] Step 7: Starting lazy-pages daemon on destination...
[13:46:42]   Lazy-pages PID: 106441
[13:46:43] Step 8: Restoring process...
[13:46:43]   Restore time: 501 ms
[13:46:44]   Restored PID: 109625 (written to /home/ubuntu/counter.pid)
[13:46:45] Step 9: Verifying migration...
[13:46:49]   Expected min: 6 (after ~3.0s → ~9), Observed: 11
[13:46:49] ✓ SUCCESS: Counter continued correctly!
[13:46:49] Total downtime: 7216 ms (dump: 1020 + transfer: 5695 + restore: 501)
[13:46:50] Metrics saved to /home/ivo/Evaluation-of-Live-Migration-Strategies-at-the-Edge/Container/metrics/migration_metrics.csv
[exit=0]

$ python3 /home/ivo/Evaluation-of-Live-Migration-Strategies-at-the-Edge/Container/scripts/setup/reset_nodes.py edge-node-1 edge-node-2
[13:46:50] Resetting nodes: edge-node-1 -> edge-node-2
[13:46:50] Step 1: Killing any existing processes on source...
[13:46:50]   Killing PID 109625 (from /home/ubuntu/app.pid)
[13:46:51]   Killing PID 109625 (from /home/ubuntu/counter.pid)
[13:46:52]   Killing any remaining background processes...
[13:46:53] Step 2: Cleaning source node...
[13:46:54] Step 3: Cleaning destination node...
[13:46:54]   Killing PID 109625 on destination (from /home/ubuntu/app.pid)
[13:46:55]   Killing PID 109625 on destination (from /home/ubuntu/counter.pid)
[13:46:56]   Killing all remaining counter processes on destination...
[13:46:59] ✓ Reset complete, nodes are clean
[13:46:59]   Next: Start your application
[exit=0]

$ bash /home/ivo/Evaluation-of-Live-Migration-Strategies-at-the-Edge/Container/scripts/workloads/start_counter_c.sh edge-node-1
[13:46:59] Ensuring counter binary on edge-node-1...
[13:46:59] Reusing existing /tmp/counter on edge-node-1
[13:46:59] Starting counter on edge-node-1...
[13:47:01] ✓ Counter started
[exit=0]
[repeat] warmup 2s

$ python3 /home/ivo/Evaluation-of-Live-Migration-Strategies-at-the-Edge/Container/scripts/orchestrators/criu_benchmark.py postcopy --source edge-node-1 --dest edge-node-2 --transfer-mode direct --run-id 11-05-2026-direct-postcopy-0042 --page-server-port 9999 --profile-name 3_LTE
[13:47:03] Starting postcopy migration...
[13:47:03] Source: edge-node-1, Dest: edge-node-2
[13:47:03] Transfer mode: direct

[13:47:03] === POST-COPY (LAZY-PAGES) MIGRATION ===
[13:47:03] Step 1: Checking source process...
[13:47:04]   Using PID from /home/ubuntu/counter.pid: 111600
[13:47:04]   Last counter value (pre-freeze): 4
[13:47:05]   Page-server endpoint: 10.138.215.218:9999
[13:47:05] Step 2: Final dump (freezing service) with --lazy-pages...
[13:47:06]   Dump PID: 112084
[13:47:06]   Dump init time (approx freeze duration): 985 ms
[13:47:07]   Frozen last counter value: 6
[13:47:07]   Expected after restore: 7
[13:47:07] Step 3: Page-server ready on source (served by dump process)
[13:47:07] Step 4: Creating archive...
[13:47:07]   Archive size: 22766 bytes
[13:47:07] Step 5: Transferring archive...
[13:47:07]   Setting up direct SSH trust...
Setting up SSH trust: edge-node-1 → ubuntu@10.138.215.137
  Adding public key to destination's authorized_keys...
  Testing SSH connectivity...
  ✓ SSH trust ready
Setting up SSH trust: edge-node-1 → ubuntu@10.138.215.137
  Adding public key to destination's authorized_keys...
  Testing SSH connectivity...
  ✓ SSH trust ready
  Transferring /home/ubuntu/CRIU-counter.tar.gz via SCP...
[13:47:15]   Transfer time: 5286 ms
[13:47:15] Step 6: Unpacking on destination...
[13:47:16] Step 6.8: Ensuring /tmp/counter binary is present on destination...
[13:47:16] Step 7: Starting lazy-pages daemon on destination...
[13:47:17]   Lazy-pages PID: 108409
[13:47:17] Step 8: Restoring process...
[13:47:17]   Restore time: 493 ms
[13:47:18]   Restored PID: 111600 (written to /home/ubuntu/counter.pid)
[13:47:19] Step 9: Verifying migration...
[13:47:23]   Expected min: 7 (after ~3.0s → ~10), Observed: 12
[13:47:23] ✓ SUCCESS: Counter continued correctly!
[13:47:23] Total downtime: 6764 ms (dump: 985 + transfer: 5286 + restore: 493)
[13:47:24] Metrics saved to /home/ivo/Evaluation-of-Live-Migration-Strategies-at-the-Edge/Container/metrics/migration_metrics.csv
[exit=0]

$ python3 /home/ivo/Evaluation-of-Live-Migration-Strategies-at-the-Edge/Container/scripts/setup/reset_nodes.py edge-node-1 edge-node-2
[13:47:25] Resetting nodes: edge-node-1 -> edge-node-2
[13:47:25] Step 1: Killing any existing processes on source...
[13:47:25]   Killing PID 111600 (from /home/ubuntu/app.pid)
[13:47:26]   Killing PID 111600 (from /home/ubuntu/counter.pid)
[13:47:26]   Killing any remaining background processes...
[13:47:28] Step 2: Cleaning source node...
[13:47:29] Step 3: Cleaning destination node...
[13:47:29]   Killing PID 111600 on destination (from /home/ubuntu/app.pid)
[13:47:30]   Killing PID 111600 on destination (from /home/ubuntu/counter.pid)
[13:47:30]   Killing all remaining counter processes on destination...
[13:47:34] ✓ Reset complete, nodes are clean
[13:47:34]   Next: Start your application
[exit=0]

$ bash /home/ivo/Evaluation-of-Live-Migration-Strategies-at-the-Edge/Container/scripts/workloads/start_counter_c.sh edge-node-1
[13:47:34] Ensuring counter binary on edge-node-1...
[13:47:34] Reusing existing /tmp/counter on edge-node-1
[13:47:34] Starting counter on edge-node-1...
[13:47:35] ✓ Counter started
[exit=0]
[repeat] warmup 2s

$ python3 /home/ivo/Evaluation-of-Live-Migration-Strategies-at-the-Edge/Container/scripts/orchestrators/criu_benchmark.py postcopy --source edge-node-1 --dest edge-node-2 --transfer-mode direct --run-id 11-05-2026-direct-postcopy-0043 --page-server-port 9999 --profile-name 3_LTE
[13:47:38] Starting postcopy migration...
[13:47:38] Source: edge-node-1, Dest: edge-node-2
[13:47:38] Transfer mode: direct

[13:47:38] === POST-COPY (LAZY-PAGES) MIGRATION ===
[13:47:38] Step 1: Checking source process...
[13:47:38]   Using PID from /home/ubuntu/counter.pid: 113577
[13:47:39]   Last counter value (pre-freeze): 4
[13:47:40]   Page-server endpoint: 10.138.215.218:9999
[13:47:40] Step 2: Final dump (freezing service) with --lazy-pages...
[13:47:41]   Dump PID: 114069
[13:47:41]   Dump init time (approx freeze duration): 992 ms
[13:47:42]   Frozen last counter value: 6
[13:47:42]   Expected after restore: 7
[13:47:42] Step 3: Page-server ready on source (served by dump process)
[13:47:42] Step 4: Creating archive...
[13:47:42]   Archive size: 22628 bytes
[13:47:42] Step 5: Transferring archive...
[13:47:42]   Setting up direct SSH trust...
Setting up SSH trust: edge-node-1 → ubuntu@10.138.215.137
  Adding public key to destination's authorized_keys...
  Testing SSH connectivity...
  ✓ SSH trust ready
Setting up SSH trust: edge-node-1 → ubuntu@10.138.215.137
  Adding public key to destination's authorized_keys...
  Testing SSH connectivity...
  ✓ SSH trust ready
  Transferring /home/ubuntu/CRIU-counter.tar.gz via SCP...
[13:47:51]   Transfer time: 5345 ms
[13:47:51] Step 6: Unpacking on destination...
[13:47:51] Step 6.8: Ensuring /tmp/counter binary is present on destination...
[13:47:52] Step 7: Starting lazy-pages daemon on destination...
[13:47:52]   Lazy-pages PID: 110396
[13:47:52] Step 8: Restoring process...
[13:47:53]   Restore time: 496 ms
[13:47:53]   Restored PID: 113577 (written to /home/ubuntu/counter.pid)
[13:47:55] Step 9: Verifying migration...
[13:47:58]   Expected min: 7 (after ~3.0s → ~10), Observed: 12
[13:47:58] ✓ SUCCESS: Counter continued correctly!
[13:47:58] Total downtime: 6833 ms (dump: 992 + transfer: 5345 + restore: 496)
[13:47:59] Metrics saved to /home/ivo/Evaluation-of-Live-Migration-Strategies-at-the-Edge/Container/metrics/migration_metrics.csv
[exit=0]

$ python3 /home/ivo/Evaluation-of-Live-Migration-Strategies-at-the-Edge/Container/scripts/setup/reset_nodes.py edge-node-1 edge-node-2
[13:48:00] Resetting nodes: edge-node-1 -> edge-node-2
[13:48:00] Step 1: Killing any existing processes on source...
[13:48:00]   Killing PID 113577 (from /home/ubuntu/app.pid)
[13:48:01]   Killing PID 113577 (from /home/ubuntu/counter.pid)
[13:48:01]   Killing any remaining background processes...
[13:48:03] Step 2: Cleaning source node...
[13:48:04] Step 3: Cleaning destination node...
[13:48:04]   Killing PID 113577 on destination (from /home/ubuntu/app.pid)
[13:48:05]   Killing PID 113577 on destination (from /home/ubuntu/counter.pid)
[13:48:05]   Killing all remaining counter processes on destination...
[13:48:09] ✓ Reset complete, nodes are clean
[13:48:09]   Next: Start your application
[exit=0]

$ bash /home/ivo/Evaluation-of-Live-Migration-Strategies-at-the-Edge/Container/scripts/workloads/start_counter_c.sh edge-node-1
[13:48:09] Ensuring counter binary on edge-node-1...
[13:48:09] Reusing existing /tmp/counter on edge-node-1
[13:48:09] Starting counter on edge-node-1...
[13:48:10] ✓ Counter started
[exit=0]
[repeat] warmup 2s

$ python3 /home/ivo/Evaluation-of-Live-Migration-Strategies-at-the-Edge/Container/scripts/orchestrators/criu_benchmark.py postcopy --source edge-node-1 --dest edge-node-2 --transfer-mode direct --run-id 11-05-2026-direct-postcopy-0044 --page-server-port 9999 --profile-name 3_LTE
[13:48:13] Starting postcopy migration...
[13:48:13] Source: edge-node-1, Dest: edge-node-2
[13:48:13] Transfer mode: direct

[13:48:13] === POST-COPY (LAZY-PAGES) MIGRATION ===
[13:48:13] Step 1: Checking source process...
[13:48:13]   Using PID from /home/ubuntu/counter.pid: 115553
[13:48:14]   Last counter value (pre-freeze): 4
[13:48:15]   Page-server endpoint: 10.138.215.218:9999
[13:48:15] Step 2: Final dump (freezing service) with --lazy-pages...
[13:48:16]   Dump PID: 116037
[13:48:16]   Dump init time (approx freeze duration): 1048 ms
[13:48:17]   Frozen last counter value: 6
[13:48:17]   Expected after restore: 7
[13:48:17] Step 3: Page-server ready on source (served by dump process)
[13:48:17] Step 4: Creating archive...
[13:48:17]   Archive size: 22710 bytes
[13:48:17] Step 5: Transferring archive...
[13:48:17]   Setting up direct SSH trust...
Setting up SSH trust: edge-node-1 → ubuntu@10.138.215.137
  Adding public key to destination's authorized_keys...
  Testing SSH connectivity...
  ✓ SSH trust ready
Setting up SSH trust: edge-node-1 → ubuntu@10.138.215.137
  Adding public key to destination's authorized_keys...
  Testing SSH connectivity...
  ✓ SSH trust ready
  Transferring /home/ubuntu/CRIU-counter.tar.gz via SCP...
[13:48:25]   Transfer time: 5374 ms
[13:48:25] Step 6: Unpacking on destination...
[13:48:26] Step 6.8: Ensuring /tmp/counter binary is present on destination...
[13:48:26] Step 7: Starting lazy-pages daemon on destination...
[13:48:27]   Lazy-pages PID: 112363
[13:48:27] Step 8: Restoring process...
[13:48:27]   Restore time: 495 ms
[13:48:28]   Restored PID: 115553 (written to /home/ubuntu/counter.pid)
[13:48:29] Step 9: Verifying migration...
[13:48:33]   Expected min: 7 (after ~3.0s → ~10), Observed: 12
[13:48:33] ✓ SUCCESS: Counter continued correctly!
[13:48:33] Total downtime: 6917 ms (dump: 1048 + transfer: 5374 + restore: 495)
[13:48:34] Metrics saved to /home/ivo/Evaluation-of-Live-Migration-Strategies-at-the-Edge/Container/metrics/migration_metrics.csv
[exit=0]

$ python3 /home/ivo/Evaluation-of-Live-Migration-Strategies-at-the-Edge/Container/scripts/setup/reset_nodes.py edge-node-1 edge-node-2
[13:48:35] Resetting nodes: edge-node-1 -> edge-node-2
[13:48:35] Step 1: Killing any existing processes on source...
[13:48:35]   Killing PID 115553 (from /home/ubuntu/app.pid)
[13:48:36]   Killing PID 115553 (from /home/ubuntu/counter.pid)
[13:48:36]   Killing any remaining background processes...
[13:48:38] Step 2: Cleaning source node...
[13:48:39] Step 3: Cleaning destination node...
[13:48:39]   Killing PID 115553 on destination (from /home/ubuntu/app.pid)
[13:48:40]   Killing PID 115553 on destination (from /home/ubuntu/counter.pid)
[13:48:40]   Killing all remaining counter processes on destination...
[13:48:44] ✓ Reset complete, nodes are clean
[13:48:44]   Next: Start your application
[exit=0]

$ bash /home/ivo/Evaluation-of-Live-Migration-Strategies-at-the-Edge/Container/scripts/workloads/start_counter_c.sh edge-node-1
[13:48:44] Ensuring counter binary on edge-node-1...
[13:48:44] Reusing existing /tmp/counter on edge-node-1
[13:48:44] Starting counter on edge-node-1...
[13:48:46] ✓ Counter started
[exit=0]
[repeat] warmup 2s

$ python3 /home/ivo/Evaluation-of-Live-Migration-Strategies-at-the-Edge/Container/scripts/orchestrators/criu_benchmark.py postcopy --source edge-node-1 --dest edge-node-2 --transfer-mode direct --run-id 11-05-2026-direct-postcopy-0045 --page-server-port 9999 --profile-name 3_LTE
[13:48:48] Starting postcopy migration...
[13:48:48] Source: edge-node-1, Dest: edge-node-2
[13:48:48] Transfer mode: direct

[13:48:48] === POST-COPY (LAZY-PAGES) MIGRATION ===
[13:48:48] Step 1: Checking source process...
[13:48:49]   Using PID from /home/ubuntu/counter.pid: 117533
[13:48:49]   Last counter value (pre-freeze): 4
[13:48:50]   Page-server endpoint: 10.138.215.218:9999
[13:48:50] Step 2: Final dump (freezing service) with --lazy-pages...
[13:48:51]   Dump PID: 118025
[13:48:51]   Dump init time (approx freeze duration): 1053 ms
[13:48:52]   Frozen last counter value: 6
[13:48:52]   Expected after restore: 7
[13:48:52] Step 3: Page-server ready on source (served by dump process)
[13:48:52] Step 4: Creating archive...
[13:48:52]   Archive size: 22467 bytes
[13:48:52] Step 5: Transferring archive...
[13:48:52]   Setting up direct SSH trust...
Setting up SSH trust: edge-node-1 → ubuntu@10.138.215.137
  Adding public key to destination's authorized_keys...
  Testing SSH connectivity...
  ✓ SSH trust ready
Setting up SSH trust: edge-node-1 → ubuntu@10.138.215.137
  Adding public key to destination's authorized_keys...
  Testing SSH connectivity...
  ✓ SSH trust ready
  Transferring /home/ubuntu/CRIU-counter.tar.gz via SCP...
[13:49:00]   Transfer time: 5426 ms
[13:49:00] Step 6: Unpacking on destination...
[13:49:01] Step 6.8: Ensuring /tmp/counter binary is present on destination...
[13:49:01] Step 7: Starting lazy-pages daemon on destination...
[13:49:02]   Lazy-pages PID: 114339
[13:49:02] Step 8: Restoring process...
[13:49:03]   Restore time: 518 ms
[13:49:03]   Restored PID: 117533 (written to /home/ubuntu/counter.pid)
[13:49:04] Step 9: Verifying migration...
[13:49:08]   Expected min: 7 (after ~3.0s → ~10), Observed: 12
[13:49:08] ✓ SUCCESS: Counter continued correctly!
[13:49:08] Total downtime: 6997 ms (dump: 1053 + transfer: 5426 + restore: 518)
[13:49:09] Metrics saved to /home/ivo/Evaluation-of-Live-Migration-Strategies-at-the-Edge/Container/metrics/migration_metrics.csv
[exit=0]

$ python3 /home/ivo/Evaluation-of-Live-Migration-Strategies-at-the-Edge/Container/scripts/setup/reset_nodes.py edge-node-1 edge-node-2
[13:49:09] Resetting nodes: edge-node-1 -> edge-node-2
[13:49:09] Step 1: Killing any existing processes on source...
[13:49:10]   Killing PID 117533 (from /home/ubuntu/app.pid)
[13:49:10]   Killing PID 117533 (from /home/ubuntu/counter.pid)
[13:49:11]   Killing any remaining background processes...
[13:49:12] Step 2: Cleaning source node...
[13:49:13] Step 3: Cleaning destination node...
[13:49:14]   Killing PID 117533 on destination (from /home/ubuntu/app.pid)
[13:49:14]   Killing PID 117533 on destination (from /home/ubuntu/counter.pid)
[13:49:15]   Killing all remaining counter processes on destination...
[13:49:18] ✓ Reset complete, nodes are clean
[13:49:18]   Next: Start your application
[exit=0]

$ bash /home/ivo/Evaluation-of-Live-Migration-Strategies-at-the-Edge/Container/scripts/workloads/start_counter_c.sh edge-node-1
[13:49:18] Ensuring counter binary on edge-node-1...
[13:49:19] Reusing existing /tmp/counter on edge-node-1
[13:49:19] Starting counter on edge-node-1...
[13:49:20] ✓ Counter started
[exit=0]
[repeat] warmup 2s

$ python3 /home/ivo/Evaluation-of-Live-Migration-Strategies-at-the-Edge/Container/scripts/orchestrators/criu_benchmark.py postcopy --source edge-node-1 --dest edge-node-2 --transfer-mode direct --run-id 11-05-2026-direct-postcopy-0046 --page-server-port 9999 --profile-name 3_LTE
[13:49:22] Starting postcopy migration...
[13:49:22] Source: edge-node-1, Dest: edge-node-2
[13:49:22] Transfer mode: direct

[13:49:22] === POST-COPY (LAZY-PAGES) MIGRATION ===
[13:49:22] Step 1: Checking source process...
[13:49:23]   Using PID from /home/ubuntu/counter.pid: 119509
[13:49:23]   Last counter value (pre-freeze): 4
[13:49:25]   Page-server endpoint: 10.138.215.218:9999
[13:49:25] Step 2: Final dump (freezing service) with --lazy-pages...
[13:49:25]   Dump PID: 119993
[13:49:26]   Dump init time (approx freeze duration): 1014 ms
[13:49:26]   Frozen last counter value: 6
[13:49:26]   Expected after restore: 7
[13:49:26] Step 3: Page-server ready on source (served by dump process)
[13:49:26] Step 4: Creating archive...
[13:49:27]   Archive size: 22569 bytes
[13:49:27] Step 5: Transferring archive...
[13:49:27]   Setting up direct SSH trust...
Setting up SSH trust: edge-node-1 → ubuntu@10.138.215.137
  Adding public key to destination's authorized_keys...
  Testing SSH connectivity...
  ✓ SSH trust ready
Setting up SSH trust: edge-node-1 → ubuntu@10.138.215.137
  Adding public key to destination's authorized_keys...
  Testing SSH connectivity...
  ✓ SSH trust ready
  Transferring /home/ubuntu/CRIU-counter.tar.gz via SCP...
[13:49:35]   Transfer time: 5360 ms
[13:49:35] Step 6: Unpacking on destination...
[13:49:35] Step 6.8: Ensuring /tmp/counter binary is present on destination...
[13:49:36] Step 7: Starting lazy-pages daemon on destination...
[13:49:36]   Lazy-pages PID: 116313
[13:49:36] Step 8: Restoring process...
[13:49:37]   Restore time: 486 ms
[13:49:37]   Restored PID: 119509 (written to /home/ubuntu/counter.pid)
[13:49:39] Step 9: Verifying migration...
[13:49:42]   Expected min: 7 (after ~3.0s → ~10), Observed: 12
[13:49:42] ✓ SUCCESS: Counter continued correctly!
[13:49:42] Total downtime: 6860 ms (dump: 1014 + transfer: 5360 + restore: 486)
[13:49:44] Metrics saved to /home/ivo/Evaluation-of-Live-Migration-Strategies-at-the-Edge/Container/metrics/migration_metrics.csv
[exit=0]

$ python3 /home/ivo/Evaluation-of-Live-Migration-Strategies-at-the-Edge/Container/scripts/setup/reset_nodes.py edge-node-1 edge-node-2
[13:49:45] Resetting nodes: edge-node-1 -> edge-node-2
[13:49:45] Step 1: Killing any existing processes on source...
[13:49:45]   Killing PID 119509 (from /home/ubuntu/app.pid)
[13:49:46]   Killing PID 119509 (from /home/ubuntu/counter.pid)
[13:49:46]   Killing any remaining background processes...
[13:49:47] Step 2: Cleaning source node...
[13:49:49] Step 3: Cleaning destination node...
[13:49:49]   Killing PID 119509 on destination (from /home/ubuntu/app.pid)
[13:49:50]   Killing PID 119509 on destination (from /home/ubuntu/counter.pid)
[13:49:50]   Killing all remaining counter processes on destination...
[13:49:53] ✓ Reset complete, nodes are clean
[13:49:53]   Next: Start your application
[exit=0]

$ bash /home/ivo/Evaluation-of-Live-Migration-Strategies-at-the-Edge/Container/scripts/workloads/start_counter_c.sh edge-node-1
[13:49:53] Ensuring counter binary on edge-node-1...
[13:49:54] Reusing existing /tmp/counter on edge-node-1
[13:49:54] Starting counter on edge-node-1...
[13:49:55] ✓ Counter started
[exit=0]
[repeat] warmup 2s

$ python3 /home/ivo/Evaluation-of-Live-Migration-Strategies-at-the-Edge/Container/scripts/orchestrators/criu_benchmark.py postcopy --source edge-node-1 --dest edge-node-2 --transfer-mode direct --run-id 11-05-2026-direct-postcopy-0047 --page-server-port 9999 --profile-name 3_LTE
[13:49:57] Starting postcopy migration...
[13:49:57] Source: edge-node-1, Dest: edge-node-2
[13:49:57] Transfer mode: direct

[13:49:57] === POST-COPY (LAZY-PAGES) MIGRATION ===
[13:49:57] Step 1: Checking source process...
[13:49:58]   Using PID from /home/ubuntu/counter.pid: 121486
[13:49:58]   Last counter value (pre-freeze): 4
[13:50:00]   Page-server endpoint: 10.138.215.218:9999
[13:50:00] Step 2: Final dump (freezing service) with --lazy-pages...
[13:50:00]   Dump PID: 121980
[13:50:01]   Dump init time (approx freeze duration): 993 ms
[13:50:01]   Frozen last counter value: 6
[13:50:01]   Expected after restore: 7
[13:50:01] Step 3: Page-server ready on source (served by dump process)
[13:50:01] Step 4: Creating archive...
[13:50:02]   Archive size: 22417 bytes
[13:50:02] Step 5: Transferring archive...
[13:50:02]   Setting up direct SSH trust...
Setting up SSH trust: edge-node-1 → ubuntu@10.138.215.137
  Adding public key to destination's authorized_keys...
  Testing SSH connectivity...
  ✓ SSH trust ready
Setting up SSH trust: edge-node-1 → ubuntu@10.138.215.137
  Adding public key to destination's authorized_keys...
  Testing SSH connectivity...
  ✓ SSH trust ready
  Transferring /home/ubuntu/CRIU-counter.tar.gz via SCP...
[13:50:10]   Transfer time: 5366 ms
[13:50:10] Step 6: Unpacking on destination...
[13:50:10] Step 6.8: Ensuring /tmp/counter binary is present on destination...
[13:50:11] Step 7: Starting lazy-pages daemon on destination...
[13:50:11]   Lazy-pages PID: 118291
[13:50:11] Step 8: Restoring process...
[13:50:12]   Restore time: 462 ms
[13:50:12]   Restored PID: 121486 (written to /home/ubuntu/counter.pid)
[13:50:14] Step 9: Verifying migration...
[13:50:17]   Expected min: 7 (after ~3.0s → ~10), Observed: 12
[13:50:17] ✓ SUCCESS: Counter continued correctly!
[13:50:17] Total downtime: 6821 ms (dump: 993 + transfer: 5366 + restore: 462)
[13:50:18] Metrics saved to /home/ivo/Evaluation-of-Live-Migration-Strategies-at-the-Edge/Container/metrics/migration_metrics.csv
[exit=0]

$ python3 /home/ivo/Evaluation-of-Live-Migration-Strategies-at-the-Edge/Container/scripts/setup/reset_nodes.py edge-node-1 edge-node-2
[13:50:19] Resetting nodes: edge-node-1 -> edge-node-2
[13:50:19] Step 1: Killing any existing processes on source...
[13:50:19]   Killing PID 121486 (from /home/ubuntu/app.pid)
[13:50:20]   Killing PID 121486 (from /home/ubuntu/counter.pid)
[13:50:20]   Killing any remaining background processes...
[13:50:22] Step 2: Cleaning source node...
[13:50:23] Step 3: Cleaning destination node...
[13:50:23]   Killing PID 121486 on destination (from /home/ubuntu/app.pid)
[13:50:24]   Killing PID 121486 on destination (from /home/ubuntu/counter.pid)
[13:50:24]   Killing all remaining counter processes on destination...
[13:50:28] ✓ Reset complete, nodes are clean
[13:50:28]   Next: Start your application
[exit=0]

$ bash /home/ivo/Evaluation-of-Live-Migration-Strategies-at-the-Edge/Container/scripts/workloads/start_counter_c.sh edge-node-1
[13:50:28] Ensuring counter binary on edge-node-1...
[13:50:28] Reusing existing /tmp/counter on edge-node-1
[13:50:28] Starting counter on edge-node-1...
[13:50:29] ✓ Counter started
[exit=0]
[repeat] warmup 2s

$ python3 /home/ivo/Evaluation-of-Live-Migration-Strategies-at-the-Edge/Container/scripts/orchestrators/criu_benchmark.py postcopy --source edge-node-1 --dest edge-node-2 --transfer-mode direct --run-id 11-05-2026-direct-postcopy-0048 --page-server-port 9999 --profile-name 3_LTE
[13:50:32] Starting postcopy migration...
[13:50:32] Source: edge-node-1, Dest: edge-node-2
[13:50:32] Transfer mode: direct

[13:50:32] === POST-COPY (LAZY-PAGES) MIGRATION ===
[13:50:32] Step 1: Checking source process...
[13:50:32]   Using PID from /home/ubuntu/counter.pid: 123457
[13:50:32]   Last counter value (pre-freeze): 4
[13:50:34]   Page-server endpoint: 10.138.215.218:9999
[13:50:34] Step 2: Final dump (freezing service) with --lazy-pages...
[13:50:34]   Dump PID: 123950
[13:50:35]   Dump init time (approx freeze duration): 1032 ms
[13:50:35]   Frozen last counter value: 6
[13:50:35]   Expected after restore: 7
[13:50:35] Step 3: Page-server ready on source (served by dump process)
[13:50:35] Step 4: Creating archive...
[13:50:36]   Archive size: 22501 bytes
[13:50:36] Step 5: Transferring archive...
[13:50:36]   Setting up direct SSH trust...
Setting up SSH trust: edge-node-1 → ubuntu@10.138.215.137
  Adding public key to destination's authorized_keys...
  Testing SSH connectivity...
  ✓ SSH trust ready
Setting up SSH trust: edge-node-1 → ubuntu@10.138.215.137
  Adding public key to destination's authorized_keys...
  Testing SSH connectivity...
  ✓ SSH trust ready
  Transferring /home/ubuntu/CRIU-counter.tar.gz via SCP...
[13:50:44]   Transfer time: 5530 ms
[13:50:44] Step 6: Unpacking on destination...
[13:50:45] Step 6.8: Ensuring /tmp/counter binary is present on destination...
[13:50:45] Step 7: Starting lazy-pages daemon on destination...
[13:50:46]   Lazy-pages PID: 120276
[13:50:46] Step 8: Restoring process...
[13:50:46]   Restore time: 492 ms
[13:50:47]   Restored PID: 123457 (written to /home/ubuntu/counter.pid)
[13:50:48] Step 9: Verifying migration...
[13:50:52]   Expected min: 7 (after ~3.0s → ~10), Observed: 12
[13:50:52] ✓ SUCCESS: Counter continued correctly!
[13:50:52] Total downtime: 7054 ms (dump: 1032 + transfer: 5530 + restore: 492)
[13:50:54] Metrics saved to /home/ivo/Evaluation-of-Live-Migration-Strategies-at-the-Edge/Container/metrics/migration_metrics.csv
[exit=0]

$ python3 /home/ivo/Evaluation-of-Live-Migration-Strategies-at-the-Edge/Container/scripts/setup/reset_nodes.py edge-node-1 edge-node-2
[13:50:54] Resetting nodes: edge-node-1 -> edge-node-2
[13:50:54] Step 1: Killing any existing processes on source...
[13:50:54]   Killing PID 123457 (from /home/ubuntu/app.pid)
[13:50:55]   Killing PID 123457 (from /home/ubuntu/counter.pid)
[13:50:55]   Killing any remaining background processes...
[13:50:57] Step 2: Cleaning source node...
[13:50:58] Step 3: Cleaning destination node...
[13:50:58]   Killing PID 123457 on destination (from /home/ubuntu/app.pid)
[13:50:59]   Killing PID 123457 on destination (from /home/ubuntu/counter.pid)
[13:51:00]   Killing all remaining counter processes on destination...
[13:51:03] ✓ Reset complete, nodes are clean
[13:51:03]   Next: Start your application
[exit=0]

$ bash /home/ivo/Evaluation-of-Live-Migration-Strategies-at-the-Edge/Container/scripts/workloads/start_counter_c.sh edge-node-1
[13:51:03] Ensuring counter binary on edge-node-1...
[13:51:03] Reusing existing /tmp/counter on edge-node-1
[13:51:03] Starting counter on edge-node-1...
[13:51:04] ✓ Counter started
[exit=0]
[repeat] warmup 2s

$ python3 /home/ivo/Evaluation-of-Live-Migration-Strategies-at-the-Edge/Container/scripts/orchestrators/criu_benchmark.py postcopy --source edge-node-1 --dest edge-node-2 --transfer-mode direct --run-id 11-05-2026-direct-postcopy-0049 --page-server-port 9999 --profile-name 3_LTE
[13:51:07] Starting postcopy migration...
[13:51:07] Source: edge-node-1, Dest: edge-node-2
[13:51:07] Transfer mode: direct

[13:51:07] === POST-COPY (LAZY-PAGES) MIGRATION ===
[13:51:07] Step 1: Checking source process...
[13:51:07]   Using PID from /home/ubuntu/counter.pid: 125440
[13:51:08]   Last counter value (pre-freeze): 4
[13:51:09]   Page-server endpoint: 10.138.215.218:9999
[13:51:09] Step 2: Final dump (freezing service) with --lazy-pages...
[13:51:10]   Dump PID: 125924
[13:51:10]   Dump init time (approx freeze duration): 1158 ms
[13:51:11]   Frozen last counter value: 6
[13:51:11]   Expected after restore: 7
[13:51:11] Step 3: Page-server ready on source (served by dump process)
[13:51:11] Step 4: Creating archive...
[13:51:11]   Archive size: 22405 bytes
[13:51:11] Step 5: Transferring archive...
[13:51:11]   Setting up direct SSH trust...
Setting up SSH trust: edge-node-1 → ubuntu@10.138.215.137
  Adding public key to destination's authorized_keys...
  Testing SSH connectivity...
  ✓ SSH trust ready
Setting up SSH trust: edge-node-1 → ubuntu@10.138.215.137
  Adding public key to destination's authorized_keys...
  Testing SSH connectivity...
  ✓ SSH trust ready
  Transferring /home/ubuntu/CRIU-counter.tar.gz via SCP...
[13:51:19]   Transfer time: 5350 ms
[13:51:19] Step 6: Unpacking on destination...
[13:51:20] Step 6.8: Ensuring /tmp/counter binary is present on destination...
[13:51:20] Step 7: Starting lazy-pages daemon on destination...
[13:51:21]   Lazy-pages PID: 122243
[13:51:21] Step 8: Restoring process...
[13:51:21]   Restore time: 490 ms
[13:51:22]   Restored PID: 125440 (written to /home/ubuntu/counter.pid)
[13:51:23] Step 9: Verifying migration...
[13:51:27]   Expected min: 7 (after ~3.0s → ~10), Observed: 12
[13:51:27] ✓ SUCCESS: Counter continued correctly!
[13:51:27] Total downtime: 6998 ms (dump: 1158 + transfer: 5350 + restore: 490)
[13:51:28] Metrics saved to /home/ivo/Evaluation-of-Live-Migration-Strategies-at-the-Edge/Container/metrics/migration_metrics.csv
[exit=0]
[repeat] run_ids_file=/home/ivo/Evaluation-of-Live-Migration-Strategies-at-the-Edge/Container/metrics/run_logs/11-05-2026-counter-cold-precopy-postcopy-h10-d10-i3-relay-edge-host-1-snap-noplots-130735.run_ids.txt
