=== repeat_benchmarks.py 2026-03-30T18:50:20.131804 ===
strategy=suite source=edge-node-1 dest=edge-node-2 host_runs=50 direct_runs=50

$ python3 /home/ivo/Documents/University/4to/Thesis-AAAAAAAa/Container-vs-Wasm-Service-Migration/Container/scripts/setup/reset_nodes.py edge-node-1 edge-node-2
[18:50:20] Resetting nodes: edge-node-1 -> edge-node-2
[18:50:20] Step 1: Killing any existing processes on source...
[18:50:20]   Killing PID 44548 (from /home/ubuntu/app.pid)
[18:50:21]   Killing PID 44548 (from /home/ubuntu/counter.pid)
[18:50:22]   Killing any remaining background processes...
[18:50:22] Step 2: Cleaning source node...
[18:50:24] Step 3: Cleaning destination node...
[18:50:25]   Killing all remaining counter processes on destination...
[18:50:27] ✓ Reset complete, nodes are clean
[18:50:27]   Next: Start your application
[exit=0]

$ bash /home/ivo/Documents/University/4to/Thesis-AAAAAAAa/Container-vs-Wasm-Service-Migration/Container/scripts/workloads/start_counter_c.sh edge-node-1
[18:50:27] Transferring counter.c to edge-node-1...
[18:50:28] Compiling counter.c on edge-node-1...
[18:50:28] Starting counter on edge-node-1...
✓ C counter running (PID: 46847)
[18:50:29] ✓ Counter started
[exit=0]
[repeat] warmup 2s

$ python3 /home/ivo/Documents/University/4to/Thesis-AAAAAAAa/Container-vs-Wasm-Service-Migration/Container/scripts/orchestrators/criu_benchmark.py cold --source edge-node-1 --dest edge-node-2 --transfer-mode host --run-id repeat-suite-20260330-185020-cold-host-001
[18:50:32] Starting cold migration...
[18:50:32] Source: edge-node-1, Dest: edge-node-2
[18:50:32] Transfer mode: host

[18:50:32] === COLD MIGRATION ===
[18:50:32] Step 1: Checking source process...
[18:50:33]   Using PID from /home/ubuntu/counter.pid: 46847
[18:50:33]   Last counter value (pre-freeze): 4
[18:50:34]   Architecture: x86_64 (compatible)
[18:50:34] Step 2: Dumping process with CRIU...
[18:50:34]   Frozen last counter value: 5
[18:50:34]   Expected after restore: 6
[18:50:34]   Checkpoint time: 642 ms
[18:50:34] Step 3: Creating archive...
[18:50:35]   Archive size: 24973 bytes
[18:50:35] Step 4: Transferring archive...
  Transferring /home/ubuntu/CRIU-counter.tar.gz via host...
[18:50:36]   Transfer time: 867 ms
[18:50:36] Step 5: Unpacking on destination...
[18:50:36] Step 6: Preparing restore environment...
[18:50:37]   Copying application scripts...
[18:50:37] Step 6.5: Ensuring /tmp/counter binary is present on destination...
[18:50:38] Step 7: Restoring process...
[18:50:38]   Restore time: 322 ms
[18:50:38] Step 8: Verifying migration...
[18:50:42]   Expected min: 6 (after ~3.0s → ~9), Observed: 9
[18:50:42] ✓ SUCCESS: Counter continued correctly!
[18:50:42] Total downtime: 1831 ms
[18:50:42] Effective bandwidth: 0.23 Mbps
[18:50:42] Metrics saved to /home/ivo/Documents/University/4to/Thesis-AAAAAAAa/Container-vs-Wasm-Service-Migration/Container/metrics/migration_metrics.csv
[exit=0]

$ python3 /home/ivo/Documents/University/4to/Thesis-AAAAAAAa/Container-vs-Wasm-Service-Migration/Container/scripts/setup/reset_nodes.py edge-node-1 edge-node-2
[18:50:42] Resetting nodes: edge-node-1 -> edge-node-2
[18:50:42] Step 1: Killing any existing processes on source...
[18:50:43]   Killing PID 46847 (from /home/ubuntu/app.pid)
[18:50:43]   Killing PID 46847 (from /home/ubuntu/counter.pid)
[18:50:44]   Killing any remaining background processes...
[18:50:45] Step 2: Cleaning source node...
[18:50:46] Step 3: Cleaning destination node...
[18:50:46]   Killing all remaining counter processes on destination...
[18:50:49] ✓ Reset complete, nodes are clean
[18:50:49]   Next: Start your application
[exit=0]

$ bash /home/ivo/Documents/University/4to/Thesis-AAAAAAAa/Container-vs-Wasm-Service-Migration/Container/scripts/workloads/start_counter_c.sh edge-node-1
[18:50:49] Transferring counter.c to edge-node-1...
[18:50:50] Compiling counter.c on edge-node-1...
[18:50:50] Starting counter on edge-node-1...
✓ C counter running (PID: 48242)
[18:50:51] ✓ Counter started
[exit=0]
[repeat] warmup 2s

$ python3 /home/ivo/Documents/University/4to/Thesis-AAAAAAAa/Container-vs-Wasm-Service-Migration/Container/scripts/orchestrators/criu_benchmark.py cold --source edge-node-1 --dest edge-node-2 --transfer-mode host --run-id repeat-suite-20260330-185020-cold-host-002
[18:50:54] Starting cold migration...
[18:50:54] Source: edge-node-1, Dest: edge-node-2
[18:50:54] Transfer mode: host

[18:50:54] === COLD MIGRATION ===
[18:50:54] Step 1: Checking source process...
[18:50:54]   Using PID from /home/ubuntu/counter.pid: 48242
[18:50:55]   Last counter value (pre-freeze): 4
[18:50:55]   Architecture: x86_64 (compatible)
[18:50:55] Step 2: Dumping process with CRIU...
[18:50:56]   Frozen last counter value: 5
[18:50:56]   Expected after restore: 6
[18:50:56]   Checkpoint time: 597 ms
[18:50:56] Step 3: Creating archive...
[18:50:56]   Archive size: 25123 bytes
[18:50:56] Step 4: Transferring archive...
  Transferring /home/ubuntu/CRIU-counter.tar.gz via host...
[18:50:57]   Transfer time: 851 ms
[18:50:57] Step 5: Unpacking on destination...
[18:50:58] Step 6: Preparing restore environment...
[18:50:58]   Copying application scripts...
[18:50:59] Step 6.5: Ensuring /tmp/counter binary is present on destination...
[18:50:59] Step 7: Restoring process...
[18:51:00]   Restore time: 322 ms
[18:51:00] Step 8: Verifying migration...
[18:51:03]   Expected min: 6 (after ~3.0s → ~9), Observed: 9
[18:51:03] ✓ SUCCESS: Counter continued correctly!
[18:51:03] Total downtime: 1770 ms
[18:51:03] Effective bandwidth: 0.24 Mbps
[18:51:03] Metrics saved to /home/ivo/Documents/University/4to/Thesis-AAAAAAAa/Container-vs-Wasm-Service-Migration/Container/metrics/migration_metrics.csv
[exit=0]

$ python3 /home/ivo/Documents/University/4to/Thesis-AAAAAAAa/Container-vs-Wasm-Service-Migration/Container/scripts/setup/reset_nodes.py edge-node-1 edge-node-2
[18:51:04] Resetting nodes: edge-node-1 -> edge-node-2
[18:51:04] Step 1: Killing any existing processes on source...
[18:51:04]   Killing PID 48242 (from /home/ubuntu/app.pid)
[18:51:05]   Killing PID 48242 (from /home/ubuntu/counter.pid)
[18:51:05]   Killing any remaining background processes...
[18:51:06] Step 2: Cleaning source node...
[18:51:07] Step 3: Cleaning destination node...
[18:51:08]   Killing all remaining counter processes on destination...
[18:51:11] ✓ Reset complete, nodes are clean
[18:51:11]   Next: Start your application
[exit=0]

$ bash /home/ivo/Documents/University/4to/Thesis-AAAAAAAa/Container-vs-Wasm-Service-Migration/Container/scripts/workloads/start_counter_c.sh edge-node-1
[18:51:11] Transferring counter.c to edge-node-1...
[18:51:11] Compiling counter.c on edge-node-1...
[18:51:11] Starting counter on edge-node-1...
✓ C counter running (PID: 49636)
[18:51:13] ✓ Counter started
[exit=0]
[repeat] warmup 2s

$ python3 /home/ivo/Documents/University/4to/Thesis-AAAAAAAa/Container-vs-Wasm-Service-Migration/Container/scripts/orchestrators/criu_benchmark.py cold --source edge-node-1 --dest edge-node-2 --transfer-mode host --run-id repeat-suite-20260330-185020-cold-host-003
[18:51:15] Starting cold migration...
[18:51:15] Source: edge-node-1, Dest: edge-node-2
[18:51:15] Transfer mode: host

[18:51:15] === COLD MIGRATION ===
[18:51:15] Step 1: Checking source process...
[18:51:16]   Using PID from /home/ubuntu/counter.pid: 49636
[18:51:16]   Last counter value (pre-freeze): 4
[18:51:17]   Architecture: x86_64 (compatible)
[18:51:17] Step 2: Dumping process with CRIU...
[18:51:17]   Frozen last counter value: 5
[18:51:17]   Expected after restore: 6
[18:51:17]   Checkpoint time: 614 ms
[18:51:17] Step 3: Creating archive...
[18:51:18]   Archive size: 25278 bytes
[18:51:18] Step 4: Transferring archive...
  Transferring /home/ubuntu/CRIU-counter.tar.gz via host...
[18:51:19]   Transfer time: 839 ms
[18:51:19] Step 5: Unpacking on destination...
[18:51:19] Step 6: Preparing restore environment...
[18:51:20]   Copying application scripts...
[18:51:21] Step 6.5: Ensuring /tmp/counter binary is present on destination...
[18:51:21] Step 7: Restoring process...
[18:51:21]   Restore time: 327 ms
[18:51:21] Step 8: Verifying migration...
[18:51:25]   Expected min: 6 (after ~3.0s → ~9), Observed: 9
[18:51:25] ✓ SUCCESS: Counter continued correctly!
[18:51:25] Total downtime: 1780 ms
[18:51:25] Effective bandwidth: 0.24 Mbps
[18:51:25] Metrics saved to /home/ivo/Documents/University/4to/Thesis-AAAAAAAa/Container-vs-Wasm-Service-Migration/Container/metrics/migration_metrics.csv
[exit=0]

$ python3 /home/ivo/Documents/University/4to/Thesis-AAAAAAAa/Container-vs-Wasm-Service-Migration/Container/scripts/setup/reset_nodes.py edge-node-1 edge-node-2
[18:51:26] Resetting nodes: edge-node-1 -> edge-node-2
[18:51:26] Step 1: Killing any existing processes on source...
[18:51:26]   Killing PID 49636 (from /home/ubuntu/app.pid)
[18:51:27]   Killing PID 49636 (from /home/ubuntu/counter.pid)
[18:51:28]   Killing any remaining background processes...
[18:51:28] Step 2: Cleaning source node...
[18:51:29] Step 3: Cleaning destination node...
[18:51:30]   Killing all remaining counter processes on destination...
[18:51:33] ✓ Reset complete, nodes are clean
[18:51:33]   Next: Start your application
[exit=0]

$ bash /home/ivo/Documents/University/4to/Thesis-AAAAAAAa/Container-vs-Wasm-Service-Migration/Container/scripts/workloads/start_counter_c.sh edge-node-1
[18:51:33] Transferring counter.c to edge-node-1...
[18:51:33] Compiling counter.c on edge-node-1...
[18:51:33] Starting counter on edge-node-1...
✓ C counter running (PID: 51048)
[18:51:35] ✓ Counter started
[exit=0]
[repeat] warmup 2s

$ python3 /home/ivo/Documents/University/4to/Thesis-AAAAAAAa/Container-vs-Wasm-Service-Migration/Container/scripts/orchestrators/criu_benchmark.py cold --source edge-node-1 --dest edge-node-2 --transfer-mode host --run-id repeat-suite-20260330-185020-cold-host-004
[18:51:37] Starting cold migration...
[18:51:37] Source: edge-node-1, Dest: edge-node-2
[18:51:37] Transfer mode: host

[18:51:37] === COLD MIGRATION ===
[18:51:37] Step 1: Checking source process...
[18:51:38]   Using PID from /home/ubuntu/counter.pid: 51048
[18:51:38]   Last counter value (pre-freeze): 4
[18:51:39]   Architecture: x86_64 (compatible)
[18:51:39] Step 2: Dumping process with CRIU...
[18:51:39]   Frozen last counter value: 5
[18:51:39]   Expected after restore: 6
[18:51:39]   Checkpoint time: 636 ms
[18:51:39] Step 3: Creating archive...
[18:51:40]   Archive size: 25095 bytes
[18:51:40] Step 4: Transferring archive...
  Transferring /home/ubuntu/CRIU-counter.tar.gz via host...
[18:51:41]   Transfer time: 859 ms
[18:51:41] Step 5: Unpacking on destination...
[18:51:41] Step 6: Preparing restore environment...
[18:51:42]   Copying application scripts...
[18:51:43] Step 6.5: Ensuring /tmp/counter binary is present on destination...
[18:51:43] Step 7: Restoring process...
[18:51:43]   Restore time: 330 ms
[18:51:43] Step 8: Verifying migration...
[18:51:47]   Expected min: 6 (after ~3.0s → ~9), Observed: 9
[18:51:47] ✓ SUCCESS: Counter continued correctly!
[18:51:47] Total downtime: 1825 ms
[18:51:47] Effective bandwidth: 0.23 Mbps
[18:51:47] Metrics saved to /home/ivo/Documents/University/4to/Thesis-AAAAAAAa/Container-vs-Wasm-Service-Migration/Container/metrics/migration_metrics.csv
[exit=0]

$ python3 /home/ivo/Documents/University/4to/Thesis-AAAAAAAa/Container-vs-Wasm-Service-Migration/Container/scripts/setup/reset_nodes.py edge-node-1 edge-node-2
[18:51:48] Resetting nodes: edge-node-1 -> edge-node-2
[18:51:48] Step 1: Killing any existing processes on source...
[18:51:48]   Killing PID 51048 (from /home/ubuntu/app.pid)
[18:51:49]   Killing PID 51048 (from /home/ubuntu/counter.pid)
[18:51:49]   Killing any remaining background processes...
[18:51:50] Step 2: Cleaning source node...
[18:51:51] Step 3: Cleaning destination node...
[18:51:52]   Killing all remaining counter processes on destination...
[18:51:54] ✓ Reset complete, nodes are clean
[18:51:54]   Next: Start your application
[exit=0]

$ bash /home/ivo/Documents/University/4to/Thesis-AAAAAAAa/Container-vs-Wasm-Service-Migration/Container/scripts/workloads/start_counter_c.sh edge-node-1
[18:51:55] Transferring counter.c to edge-node-1...
[18:51:55] Compiling counter.c on edge-node-1...
[18:51:55] Starting counter on edge-node-1...
✓ C counter running (PID: 52443)
[18:51:56] ✓ Counter started
[exit=0]
[repeat] warmup 2s

$ python3 /home/ivo/Documents/University/4to/Thesis-AAAAAAAa/Container-vs-Wasm-Service-Migration/Container/scripts/orchestrators/criu_benchmark.py cold --source edge-node-1 --dest edge-node-2 --transfer-mode host --run-id repeat-suite-20260330-185020-cold-host-005
[18:51:59] Starting cold migration...
[18:51:59] Source: edge-node-1, Dest: edge-node-2
[18:51:59] Transfer mode: host

[18:51:59] === COLD MIGRATION ===
[18:51:59] Step 1: Checking source process...
[18:52:00]   Using PID from /home/ubuntu/counter.pid: 52443
[18:52:00]   Last counter value (pre-freeze): 4
[18:52:01]   Architecture: x86_64 (compatible)
[18:52:01] Step 2: Dumping process with CRIU...
[18:52:01]   Frozen last counter value: 5
[18:52:01]   Expected after restore: 6
[18:52:01]   Checkpoint time: 611 ms
[18:52:01] Step 3: Creating archive...
[18:52:02]   Archive size: 25065 bytes
[18:52:02] Step 4: Transferring archive...
  Transferring /home/ubuntu/CRIU-counter.tar.gz via host...
[18:52:03]   Transfer time: 856 ms
[18:52:03] Step 5: Unpacking on destination...
[18:52:03] Step 6: Preparing restore environment...
[18:52:03]   Copying application scripts...
[18:52:04] Step 6.5: Ensuring /tmp/counter binary is present on destination...
[18:52:05] Step 7: Restoring process...
[18:52:05]   Restore time: 319 ms
[18:52:05] Step 8: Verifying migration...
[18:52:09]   Expected min: 6 (after ~3.0s → ~9), Observed: 9
[18:52:09] ✓ SUCCESS: Counter continued correctly!
[18:52:09] Total downtime: 1786 ms
[18:52:09] Effective bandwidth: 0.23 Mbps
[18:52:09] Metrics saved to /home/ivo/Documents/University/4to/Thesis-AAAAAAAa/Container-vs-Wasm-Service-Migration/Container/metrics/migration_metrics.csv
[exit=0]

$ python3 /home/ivo/Documents/University/4to/Thesis-AAAAAAAa/Container-vs-Wasm-Service-Migration/Container/scripts/setup/reset_nodes.py edge-node-1 edge-node-2
[18:52:09] Resetting nodes: edge-node-1 -> edge-node-2
[18:52:09] Step 1: Killing any existing processes on source...
[18:52:10]   Killing PID 52443 (from /home/ubuntu/app.pid)
[18:52:10]   Killing PID 52443 (from /home/ubuntu/counter.pid)
[18:52:11]   Killing any remaining background processes...
[18:52:12] Step 2: Cleaning source node...
[18:52:13] Step 3: Cleaning destination node...
[18:52:13]   Killing all remaining counter processes on destination...
[18:52:16] ✓ Reset complete, nodes are clean
[18:52:16]   Next: Start your application
[exit=0]

$ bash /home/ivo/Documents/University/4to/Thesis-AAAAAAAa/Container-vs-Wasm-Service-Migration/Container/scripts/workloads/start_counter_c.sh edge-node-1
[18:52:16] Transferring counter.c to edge-node-1...
[18:52:16] Compiling counter.c on edge-node-1...
[18:52:17] Starting counter on edge-node-1...
✓ C counter running (PID: 53838)
[18:52:18] ✓ Counter started
[exit=0]
[repeat] warmup 2s

$ python3 /home/ivo/Documents/University/4to/Thesis-AAAAAAAa/Container-vs-Wasm-Service-Migration/Container/scripts/orchestrators/criu_benchmark.py cold --source edge-node-1 --dest edge-node-2 --transfer-mode host --run-id repeat-suite-20260330-185020-cold-host-006
[18:52:21] Starting cold migration...
[18:52:21] Source: edge-node-1, Dest: edge-node-2
[18:52:21] Transfer mode: host

[18:52:21] === COLD MIGRATION ===
[18:52:21] Step 1: Checking source process...
[18:52:22]   Using PID from /home/ubuntu/counter.pid: 53838
[18:52:22]   Last counter value (pre-freeze): 4
[18:52:22]   Architecture: x86_64 (compatible)
[18:52:22] Step 2: Dumping process with CRIU...
[18:52:23]   Frozen last counter value: 5
[18:52:23]   Expected after restore: 6
[18:52:23]   Checkpoint time: 637 ms
[18:52:23] Step 3: Creating archive...
[18:52:24]   Archive size: 25114 bytes
[18:52:24] Step 4: Transferring archive...
  Transferring /home/ubuntu/CRIU-counter.tar.gz via host...
[18:52:25]   Transfer time: 862 ms
[18:52:25] Step 5: Unpacking on destination...
[18:52:25] Step 6: Preparing restore environment...
[18:52:26]   Copying application scripts...
[18:52:27] Step 6.5: Ensuring /tmp/counter binary is present on destination...
[18:52:27] Step 7: Restoring process...
[18:52:27]   Restore time: 300 ms
[18:52:27] Step 8: Verifying migration...
[18:52:31]   Expected min: 6 (after ~3.0s → ~9), Observed: 9
[18:52:31] ✓ SUCCESS: Counter continued correctly!
[18:52:31] Total downtime: 1799 ms
[18:52:31] Effective bandwidth: 0.23 Mbps
[18:52:31] Metrics saved to /home/ivo/Documents/University/4to/Thesis-AAAAAAAa/Container-vs-Wasm-Service-Migration/Container/metrics/migration_metrics.csv
[exit=0]

$ python3 /home/ivo/Documents/University/4to/Thesis-AAAAAAAa/Container-vs-Wasm-Service-Migration/Container/scripts/setup/reset_nodes.py edge-node-1 edge-node-2
[18:52:31] Resetting nodes: edge-node-1 -> edge-node-2
[18:52:31] Step 1: Killing any existing processes on source...
[18:52:32]   Killing PID 53838 (from /home/ubuntu/app.pid)
[18:52:32]   Killing PID 53838 (from /home/ubuntu/counter.pid)
[18:52:33]   Killing any remaining background processes...
[18:52:34] Step 2: Cleaning source node...
[18:52:35] Step 3: Cleaning destination node...
[18:52:35]   Killing all remaining counter processes on destination...
[18:52:38] ✓ Reset complete, nodes are clean
[18:52:38]   Next: Start your application
[exit=0]

$ bash /home/ivo/Documents/University/4to/Thesis-AAAAAAAa/Container-vs-Wasm-Service-Migration/Container/scripts/workloads/start_counter_c.sh edge-node-1
[18:52:38] Transferring counter.c to edge-node-1...
[18:52:39] Compiling counter.c on edge-node-1...
[18:52:39] Starting counter on edge-node-1...
✓ C counter running (PID: 55241)
[18:52:40] ✓ Counter started
[exit=0]
[repeat] warmup 2s

$ python3 /home/ivo/Documents/University/4to/Thesis-AAAAAAAa/Container-vs-Wasm-Service-Migration/Container/scripts/orchestrators/criu_benchmark.py cold --source edge-node-1 --dest edge-node-2 --transfer-mode host --run-id repeat-suite-20260330-185020-cold-host-007
[18:52:43] Starting cold migration...
[18:52:43] Source: edge-node-1, Dest: edge-node-2
[18:52:43] Transfer mode: host

[18:52:43] === COLD MIGRATION ===
[18:52:43] Step 1: Checking source process...
[18:52:43]   Using PID from /home/ubuntu/counter.pid: 55241
[18:52:44]   Last counter value (pre-freeze): 4
[18:52:44]   Architecture: x86_64 (compatible)
[18:52:44] Step 2: Dumping process with CRIU...
[18:52:45]   Frozen last counter value: 5
[18:52:45]   Expected after restore: 6
[18:52:45]   Checkpoint time: 630 ms
[18:52:45] Step 3: Creating archive...
[18:52:45]   Archive size: 25018 bytes
[18:52:45] Step 4: Transferring archive...
  Transferring /home/ubuntu/CRIU-counter.tar.gz via host...
[18:52:46]   Transfer time: 822 ms
[18:52:46] Step 5: Unpacking on destination...
[18:52:47] Step 6: Preparing restore environment...
[18:52:47]   Copying application scripts...
[18:52:48] Step 6.5: Ensuring /tmp/counter binary is present on destination...
[18:52:48] Step 7: Restoring process...
[18:52:49]   Restore time: 322 ms
[18:52:49] Step 8: Verifying migration...
[18:52:52]   Expected min: 6 (after ~3.0s → ~9), Observed: 9
[18:52:52] ✓ SUCCESS: Counter continued correctly!
[18:52:52] Total downtime: 1774 ms
[18:52:52] Effective bandwidth: 0.24 Mbps
[18:52:52] Metrics saved to /home/ivo/Documents/University/4to/Thesis-AAAAAAAa/Container-vs-Wasm-Service-Migration/Container/metrics/migration_metrics.csv
[exit=0]

$ python3 /home/ivo/Documents/University/4to/Thesis-AAAAAAAa/Container-vs-Wasm-Service-Migration/Container/scripts/setup/reset_nodes.py edge-node-1 edge-node-2
[18:52:53] Resetting nodes: edge-node-1 -> edge-node-2
[18:52:53] Step 1: Killing any existing processes on source...
[18:52:53]   Killing PID 55241 (from /home/ubuntu/app.pid)
[18:52:54]   Killing PID 55241 (from /home/ubuntu/counter.pid)
[18:52:55]   Killing any remaining background processes...
[18:52:55] Step 2: Cleaning source node...
[18:52:56] Step 3: Cleaning destination node...
[18:52:57]   Killing all remaining counter processes on destination...
[18:53:00] ✓ Reset complete, nodes are clean
[18:53:00]   Next: Start your application
[exit=0]

$ bash /home/ivo/Documents/University/4to/Thesis-AAAAAAAa/Container-vs-Wasm-Service-Migration/Container/scripts/workloads/start_counter_c.sh edge-node-1
[18:53:00] Transferring counter.c to edge-node-1...
[18:53:00] Compiling counter.c on edge-node-1...
[18:53:00] Starting counter on edge-node-1...
✓ C counter running (PID: 56634)
[18:53:02] ✓ Counter started
[exit=0]
[repeat] warmup 2s

$ python3 /home/ivo/Documents/University/4to/Thesis-AAAAAAAa/Container-vs-Wasm-Service-Migration/Container/scripts/orchestrators/criu_benchmark.py cold --source edge-node-1 --dest edge-node-2 --transfer-mode host --run-id repeat-suite-20260330-185020-cold-host-008
[18:53:04] Starting cold migration...
[18:53:04] Source: edge-node-1, Dest: edge-node-2
[18:53:04] Transfer mode: host

[18:53:04] === COLD MIGRATION ===
[18:53:04] Step 1: Checking source process...
[18:53:05]   Using PID from /home/ubuntu/counter.pid: 56634
[18:53:05]   Last counter value (pre-freeze): 4
[18:53:06]   Architecture: x86_64 (compatible)
[18:53:06] Step 2: Dumping process with CRIU...
[18:53:07]   Frozen last counter value: 5
[18:53:07]   Expected after restore: 6
[18:53:07]   Checkpoint time: 831 ms
[18:53:07] Step 3: Creating archive...
[18:53:07]   Archive size: 24976 bytes
[18:53:07] Step 4: Transferring archive...
  Transferring /home/ubuntu/CRIU-counter.tar.gz via host...
[18:53:08]   Transfer time: 831 ms
[18:53:08] Step 5: Unpacking on destination...
[18:53:08] Step 6: Preparing restore environment...
[18:53:09]   Copying application scripts...
[18:53:10] Step 6.5: Ensuring /tmp/counter binary is present on destination...
[18:53:10] Step 7: Restoring process...
[18:53:10]   Restore time: 303 ms
[18:53:10] Step 8: Verifying migration...
[18:53:14]   Expected min: 6 (after ~3.0s → ~9), Observed: 9
[18:53:14] ✓ SUCCESS: Counter continued correctly!
[18:53:14] Total downtime: 1965 ms
[18:53:14] Effective bandwidth: 0.24 Mbps
[18:53:14] Metrics saved to /home/ivo/Documents/University/4to/Thesis-AAAAAAAa/Container-vs-Wasm-Service-Migration/Container/metrics/migration_metrics.csv
[exit=0]

$ python3 /home/ivo/Documents/University/4to/Thesis-AAAAAAAa/Container-vs-Wasm-Service-Migration/Container/scripts/setup/reset_nodes.py edge-node-1 edge-node-2
[18:53:15] Resetting nodes: edge-node-1 -> edge-node-2
[18:53:15] Step 1: Killing any existing processes on source...
[18:53:15]   Killing PID 56634 (from /home/ubuntu/app.pid)
[18:53:16]   Killing PID 56634 (from /home/ubuntu/counter.pid)
[18:53:16]   Killing any remaining background processes...
[18:53:17] Step 2: Cleaning source node...
[18:53:18] Step 3: Cleaning destination node...
[18:53:19]   Killing all remaining counter processes on destination...
[18:53:22] ✓ Reset complete, nodes are clean
[18:53:22]   Next: Start your application
[exit=0]

$ bash /home/ivo/Documents/University/4to/Thesis-AAAAAAAa/Container-vs-Wasm-Service-Migration/Container/scripts/workloads/start_counter_c.sh edge-node-1
[18:53:22] Transferring counter.c to edge-node-1...
[18:53:22] Compiling counter.c on edge-node-1...
[18:53:23] Starting counter on edge-node-1...
✓ C counter running (PID: 58036)
[18:53:24] ✓ Counter started
[exit=0]
[repeat] warmup 2s

$ python3 /home/ivo/Documents/University/4to/Thesis-AAAAAAAa/Container-vs-Wasm-Service-Migration/Container/scripts/orchestrators/criu_benchmark.py cold --source edge-node-1 --dest edge-node-2 --transfer-mode host --run-id repeat-suite-20260330-185020-cold-host-009
[18:53:27] Starting cold migration...
[18:53:27] Source: edge-node-1, Dest: edge-node-2
[18:53:27] Transfer mode: host

[18:53:27] === COLD MIGRATION ===
[18:53:27] Step 1: Checking source process...
[18:53:27]   Using PID from /home/ubuntu/counter.pid: 58036
[18:53:28]   Last counter value (pre-freeze): 4
[18:53:28]   Architecture: x86_64 (compatible)
[18:53:28] Step 2: Dumping process with CRIU...
[18:53:29]   Frozen last counter value: 5
[18:53:29]   Expected after restore: 6
[18:53:29]   Checkpoint time: 623 ms
[18:53:29] Step 3: Creating archive...
[18:53:29]   Archive size: 25036 bytes
[18:53:29] Step 4: Transferring archive...
  Transferring /home/ubuntu/CRIU-counter.tar.gz via host...
[18:53:30]   Transfer time: 858 ms
[18:53:30] Step 5: Unpacking on destination...
[18:53:31] Step 6: Preparing restore environment...
[18:53:31]   Copying application scripts...
[18:53:32] Step 6.5: Ensuring /tmp/counter binary is present on destination...
[18:53:32] Step 7: Restoring process...
[18:53:33]   Restore time: 335 ms
[18:53:33] Step 8: Verifying migration...
[18:53:36]   Expected min: 6 (after ~3.0s → ~9), Observed: 9
[18:53:36] ✓ SUCCESS: Counter continued correctly!
[18:53:36] Total downtime: 1816 ms
[18:53:36] Effective bandwidth: 0.23 Mbps
[18:53:36] Metrics saved to /home/ivo/Documents/University/4to/Thesis-AAAAAAAa/Container-vs-Wasm-Service-Migration/Container/metrics/migration_metrics.csv
[exit=0]

$ python3 /home/ivo/Documents/University/4to/Thesis-AAAAAAAa/Container-vs-Wasm-Service-Migration/Container/scripts/setup/reset_nodes.py edge-node-1 edge-node-2
[18:53:37] Resetting nodes: edge-node-1 -> edge-node-2
[18:53:37] Step 1: Killing any existing processes on source...
[18:53:37]   Killing PID 58036 (from /home/ubuntu/app.pid)
[18:53:38]   Killing PID 58036 (from /home/ubuntu/counter.pid)
[18:53:38]   Killing any remaining background processes...
[18:53:39] Step 2: Cleaning source node...
[18:53:40] Step 3: Cleaning destination node...
[18:53:41]   Killing all remaining counter processes on destination...
[18:53:44] ✓ Reset complete, nodes are clean
[18:53:44]   Next: Start your application
[exit=0]

$ bash /home/ivo/Documents/University/4to/Thesis-AAAAAAAa/Container-vs-Wasm-Service-Migration/Container/scripts/workloads/start_counter_c.sh edge-node-1
[18:53:44] Transferring counter.c to edge-node-1...
[18:53:44] Compiling counter.c on edge-node-1...
[18:53:44] Starting counter on edge-node-1...
✓ C counter running (PID: 59430)
[18:53:46] ✓ Counter started
[exit=0]
[repeat] warmup 2s

$ python3 /home/ivo/Documents/University/4to/Thesis-AAAAAAAa/Container-vs-Wasm-Service-Migration/Container/scripts/orchestrators/criu_benchmark.py cold --source edge-node-1 --dest edge-node-2 --transfer-mode host --run-id repeat-suite-20260330-185020-cold-host-010
[18:53:48] Starting cold migration...
[18:53:48] Source: edge-node-1, Dest: edge-node-2
[18:53:48] Transfer mode: host

[18:53:48] === COLD MIGRATION ===
[18:53:48] Step 1: Checking source process...
[18:53:49]   Using PID from /home/ubuntu/counter.pid: 59430
[18:53:49]   Last counter value (pre-freeze): 4
[18:53:50]   Architecture: x86_64 (compatible)
[18:53:50] Step 2: Dumping process with CRIU...
[18:53:50]   Frozen last counter value: 5
[18:53:50]   Expected after restore: 6
[18:53:50]   Checkpoint time: 605 ms
[18:53:50] Step 3: Creating archive...
[18:53:51]   Archive size: 25233 bytes
[18:53:51] Step 4: Transferring archive...
  Transferring /home/ubuntu/CRIU-counter.tar.gz via host...
[18:53:52]   Transfer time: 841 ms
[18:53:52] Step 5: Unpacking on destination...
[18:53:52] Step 6: Preparing restore environment...
[18:53:53]   Copying application scripts...
[18:53:53] Step 6.5: Ensuring /tmp/counter binary is present on destination...
[18:53:54] Step 7: Restoring process...
[18:53:54]   Restore time: 338 ms
[18:53:54] Step 8: Verifying migration...
[18:53:58]   Expected min: 6 (after ~3.0s → ~9), Observed: 9
[18:53:58] ✓ SUCCESS: Counter continued correctly!
[18:53:58] Total downtime: 1784 ms
[18:53:58] Effective bandwidth: 0.24 Mbps
[18:53:58] Metrics saved to /home/ivo/Documents/University/4to/Thesis-AAAAAAAa/Container-vs-Wasm-Service-Migration/Container/metrics/migration_metrics.csv
[exit=0]

$ python3 /home/ivo/Documents/University/4to/Thesis-AAAAAAAa/Container-vs-Wasm-Service-Migration/Container/scripts/setup/reset_nodes.py edge-node-1 edge-node-2
[18:53:58] Resetting nodes: edge-node-1 -> edge-node-2
[18:53:58] Step 1: Killing any existing processes on source...
[18:53:59]   Killing PID 59430 (from /home/ubuntu/app.pid)
[18:53:59]   Killing PID 59430 (from /home/ubuntu/counter.pid)
[18:54:00]   Killing any remaining background processes...
[18:54:01] Step 2: Cleaning source node...
[18:54:02] Step 3: Cleaning destination node...
[18:54:02]   Killing all remaining counter processes on destination...
[18:54:05] ✓ Reset complete, nodes are clean
[18:54:05]   Next: Start your application
[exit=0]

$ bash /home/ivo/Documents/University/4to/Thesis-AAAAAAAa/Container-vs-Wasm-Service-Migration/Container/scripts/workloads/start_counter_c.sh edge-node-1
[18:54:05] Transferring counter.c to edge-node-1...
[18:54:05] Compiling counter.c on edge-node-1...
[18:54:06] Starting counter on edge-node-1...
✓ C counter running (PID: 60834)
[18:54:07] ✓ Counter started
[exit=0]
[repeat] warmup 2s

$ python3 /home/ivo/Documents/University/4to/Thesis-AAAAAAAa/Container-vs-Wasm-Service-Migration/Container/scripts/orchestrators/criu_benchmark.py cold --source edge-node-1 --dest edge-node-2 --transfer-mode host --run-id repeat-suite-20260330-185020-cold-host-011
[18:54:10] Starting cold migration...
[18:54:10] Source: edge-node-1, Dest: edge-node-2
[18:54:10] Transfer mode: host

[18:54:10] === COLD MIGRATION ===
[18:54:10] Step 1: Checking source process...
[18:54:10]   Using PID from /home/ubuntu/counter.pid: 60834
[18:54:11]   Last counter value (pre-freeze): 4
[18:54:11]   Architecture: x86_64 (compatible)
[18:54:11] Step 2: Dumping process with CRIU...
[18:54:12]   Frozen last counter value: 5
[18:54:12]   Expected after restore: 6
[18:54:12]   Checkpoint time: 652 ms
[18:54:12] Step 3: Creating archive...
[18:54:13]   Archive size: 25030 bytes
[18:54:13] Step 4: Transferring archive...
  Transferring /home/ubuntu/CRIU-counter.tar.gz via host...
[18:54:13]   Transfer time: 850 ms
[18:54:13] Step 5: Unpacking on destination...
[18:54:14] Step 6: Preparing restore environment...
[18:54:14]   Copying application scripts...
[18:54:15] Step 6.5: Ensuring /tmp/counter binary is present on destination...
[18:54:15] Step 7: Restoring process...
[18:54:16]   Restore time: 313 ms
[18:54:16] Step 8: Verifying migration...
[18:54:19]   Expected min: 6 (after ~3.0s → ~9), Observed: 9
[18:54:19] ✓ SUCCESS: Counter continued correctly!
[18:54:19] Total downtime: 1815 ms
[18:54:19] Effective bandwidth: 0.24 Mbps
[18:54:19] Metrics saved to /home/ivo/Documents/University/4to/Thesis-AAAAAAAa/Container-vs-Wasm-Service-Migration/Container/metrics/migration_metrics.csv
[exit=0]

$ python3 /home/ivo/Documents/University/4to/Thesis-AAAAAAAa/Container-vs-Wasm-Service-Migration/Container/scripts/setup/reset_nodes.py edge-node-1 edge-node-2
[18:54:20] Resetting nodes: edge-node-1 -> edge-node-2
[18:54:20] Step 1: Killing any existing processes on source...
[18:54:20]   Killing PID 60834 (from /home/ubuntu/app.pid)
[18:54:21]   Killing PID 60834 (from /home/ubuntu/counter.pid)
[18:54:22]   Killing any remaining background processes...
[18:54:22] Step 2: Cleaning source node...
[18:54:24] Step 3: Cleaning destination node...
[18:54:24]   Killing all remaining counter processes on destination...
[18:54:27] ✓ Reset complete, nodes are clean
[18:54:27]   Next: Start your application
[exit=0]

$ bash /home/ivo/Documents/University/4to/Thesis-AAAAAAAa/Container-vs-Wasm-Service-Migration/Container/scripts/workloads/start_counter_c.sh edge-node-1
[18:54:27] Transferring counter.c to edge-node-1...
[18:54:28] Compiling counter.c on edge-node-1...
[18:54:28] Starting counter on edge-node-1...
✓ C counter running (PID: 62237)
[18:54:29] ✓ Counter started
[exit=0]
[repeat] warmup 2s

$ python3 /home/ivo/Documents/University/4to/Thesis-AAAAAAAa/Container-vs-Wasm-Service-Migration/Container/scripts/orchestrators/criu_benchmark.py cold --source edge-node-1 --dest edge-node-2 --transfer-mode host --run-id repeat-suite-20260330-185020-cold-host-012
[18:54:32] Starting cold migration...
[18:54:32] Source: edge-node-1, Dest: edge-node-2
[18:54:32] Transfer mode: host

[18:54:32] === COLD MIGRATION ===
[18:54:32] Step 1: Checking source process...
[18:54:32]   Using PID from /home/ubuntu/counter.pid: 62237
[18:54:33]   Last counter value (pre-freeze): 4
[18:54:33]   Architecture: x86_64 (compatible)
[18:54:33] Step 2: Dumping process with CRIU...
[18:54:34]   Frozen last counter value: 5
[18:54:34]   Expected after restore: 6
[18:54:34]   Checkpoint time: 626 ms
[18:54:34] Step 3: Creating archive...
[18:54:35]   Archive size: 25126 bytes
[18:54:35] Step 4: Transferring archive...
  Transferring /home/ubuntu/CRIU-counter.tar.gz via host...
[18:54:35]   Transfer time: 902 ms
[18:54:35] Step 5: Unpacking on destination...
[18:54:36] Step 6: Preparing restore environment...
[18:54:36]   Copying application scripts...
[18:54:37] Step 6.5: Ensuring /tmp/counter binary is present on destination...
[18:54:37] Step 7: Restoring process...
[18:54:38]   Restore time: 321 ms
[18:54:38] Step 8: Verifying migration...
[18:54:41]   Expected min: 6 (after ~3.0s → ~9), Observed: 9
[18:54:41] ✓ SUCCESS: Counter continued correctly!
[18:54:41] Total downtime: 1849 ms
[18:54:41] Effective bandwidth: 0.22 Mbps
[18:54:41] Metrics saved to /home/ivo/Documents/University/4to/Thesis-AAAAAAAa/Container-vs-Wasm-Service-Migration/Container/metrics/migration_metrics.csv
[exit=0]

$ python3 /home/ivo/Documents/University/4to/Thesis-AAAAAAAa/Container-vs-Wasm-Service-Migration/Container/scripts/setup/reset_nodes.py edge-node-1 edge-node-2
[18:54:42] Resetting nodes: edge-node-1 -> edge-node-2
[18:54:42] Step 1: Killing any existing processes on source...
[18:54:42]   Killing PID 62237 (from /home/ubuntu/app.pid)
[18:54:43]   Killing PID 62237 (from /home/ubuntu/counter.pid)
[18:54:44]   Killing any remaining background processes...
[18:54:44] Step 2: Cleaning source node...
[18:54:46] Step 3: Cleaning destination node...
[18:54:46]   Killing all remaining counter processes on destination...
[18:54:49] ✓ Reset complete, nodes are clean
[18:54:49]   Next: Start your application
[exit=0]

$ bash /home/ivo/Documents/University/4to/Thesis-AAAAAAAa/Container-vs-Wasm-Service-Migration/Container/scripts/workloads/start_counter_c.sh edge-node-1
[18:54:49] Transferring counter.c to edge-node-1...
[18:54:49] Compiling counter.c on edge-node-1...
[18:54:50] Starting counter on edge-node-1...
✓ C counter running (PID: 63632)
[18:54:51] ✓ Counter started
[exit=0]
[repeat] warmup 2s

$ python3 /home/ivo/Documents/University/4to/Thesis-AAAAAAAa/Container-vs-Wasm-Service-Migration/Container/scripts/orchestrators/criu_benchmark.py cold --source edge-node-1 --dest edge-node-2 --transfer-mode host --run-id repeat-suite-20260330-185020-cold-host-013
[18:54:53] Starting cold migration...
[18:54:53] Source: edge-node-1, Dest: edge-node-2
[18:54:53] Transfer mode: host

[18:54:53] === COLD MIGRATION ===
[18:54:53] Step 1: Checking source process...
[18:54:54]   Using PID from /home/ubuntu/counter.pid: 63632
[18:54:54]   Last counter value (pre-freeze): 4
[18:54:55]   Architecture: x86_64 (compatible)
[18:54:55] Step 2: Dumping process with CRIU...
[18:54:56]   Frozen last counter value: 5
[18:54:56]   Expected after restore: 6
[18:54:56]   Checkpoint time: 593 ms
[18:54:56] Step 3: Creating archive...
[18:54:56]   Archive size: 24998 bytes
[18:54:56] Step 4: Transferring archive...
  Transferring /home/ubuntu/CRIU-counter.tar.gz via host...
[18:54:57]   Transfer time: 852 ms
[18:54:57] Step 5: Unpacking on destination...
[18:54:57] Step 6: Preparing restore environment...
[18:54:58]   Copying application scripts...
[18:54:59] Step 6.5: Ensuring /tmp/counter binary is present on destination...
[18:54:59] Step 7: Restoring process...
[18:54:59]   Restore time: 330 ms
[18:54:59] Step 8: Verifying migration...
[18:55:03]   Expected min: 6 (after ~3.0s → ~9), Observed: 9
[18:55:03] ✓ SUCCESS: Counter continued correctly!
[18:55:03] Total downtime: 1775 ms
[18:55:03] Effective bandwidth: 0.23 Mbps
[18:55:03] Metrics saved to /home/ivo/Documents/University/4to/Thesis-AAAAAAAa/Container-vs-Wasm-Service-Migration/Container/metrics/migration_metrics.csv
[exit=0]

$ python3 /home/ivo/Documents/University/4to/Thesis-AAAAAAAa/Container-vs-Wasm-Service-Migration/Container/scripts/setup/reset_nodes.py edge-node-1 edge-node-2
[18:55:04] Resetting nodes: edge-node-1 -> edge-node-2
[18:55:04] Step 1: Killing any existing processes on source...
[18:55:04]   Killing PID 63632 (from /home/ubuntu/app.pid)
[18:55:05]   Killing PID 63632 (from /home/ubuntu/counter.pid)
[18:55:05]   Killing any remaining background processes...
[18:55:06] Step 2: Cleaning source node...
[18:55:07] Step 3: Cleaning destination node...
[18:55:08]   Killing all remaining counter processes on destination...
[18:55:11] ✓ Reset complete, nodes are clean
[18:55:11]   Next: Start your application
[exit=0]

$ bash /home/ivo/Documents/University/4to/Thesis-AAAAAAAa/Container-vs-Wasm-Service-Migration/Container/scripts/workloads/start_counter_c.sh edge-node-1
[18:55:11] Transferring counter.c to edge-node-1...
[18:55:11] Compiling counter.c on edge-node-1...
[18:55:11] Starting counter on edge-node-1...
✓ C counter running (PID: 65030)
[18:55:13] ✓ Counter started
[exit=0]
[repeat] warmup 2s

$ python3 /home/ivo/Documents/University/4to/Thesis-AAAAAAAa/Container-vs-Wasm-Service-Migration/Container/scripts/orchestrators/criu_benchmark.py cold --source edge-node-1 --dest edge-node-2 --transfer-mode host --run-id repeat-suite-20260330-185020-cold-host-014
[18:55:15] Starting cold migration...
[18:55:15] Source: edge-node-1, Dest: edge-node-2
[18:55:15] Transfer mode: host

[18:55:15] === COLD MIGRATION ===
[18:55:15] Step 1: Checking source process...
[18:55:16]   Using PID from /home/ubuntu/counter.pid: 65030
[18:55:16]   Last counter value (pre-freeze): 4
[18:55:17]   Architecture: x86_64 (compatible)
[18:55:17] Step 2: Dumping process with CRIU...
[18:55:17]   Frozen last counter value: 5
[18:55:17]   Expected after restore: 6
[18:55:17]   Checkpoint time: 592 ms
[18:55:17] Step 3: Creating archive...
[18:55:18]   Archive size: 25053 bytes
[18:55:18] Step 4: Transferring archive...
  Transferring /home/ubuntu/CRIU-counter.tar.gz via host...
[18:55:19]   Transfer time: 863 ms
[18:55:19] Step 5: Unpacking on destination...
[18:55:19] Step 6: Preparing restore environment...
[18:55:20]   Copying application scripts...
[18:55:20] Step 6.5: Ensuring /tmp/counter binary is present on destination...
[18:55:21] Step 7: Restoring process...
[18:55:21]   Restore time: 346 ms
[18:55:21] Step 8: Verifying migration...
[18:55:25]   Expected min: 6 (after ~3.0s → ~9), Observed: 9
[18:55:25] ✓ SUCCESS: Counter continued correctly!
[18:55:25] Total downtime: 1801 ms
[18:55:25] Effective bandwidth: 0.23 Mbps
[18:55:25] Metrics saved to /home/ivo/Documents/University/4to/Thesis-AAAAAAAa/Container-vs-Wasm-Service-Migration/Container/metrics/migration_metrics.csv
[exit=0]

$ python3 /home/ivo/Documents/University/4to/Thesis-AAAAAAAa/Container-vs-Wasm-Service-Migration/Container/scripts/setup/reset_nodes.py edge-node-1 edge-node-2
[18:55:26] Resetting nodes: edge-node-1 -> edge-node-2
[18:55:26] Step 1: Killing any existing processes on source...
[18:55:26]   Killing PID 65030 (from /home/ubuntu/app.pid)
[18:55:27]   Killing PID 65030 (from /home/ubuntu/counter.pid)
[18:55:27]   Killing any remaining background processes...
[18:55:28] Step 2: Cleaning source node...
[18:55:29] Step 3: Cleaning destination node...
[18:55:30]   Killing all remaining counter processes on destination...
[18:55:33] ✓ Reset complete, nodes are clean
[18:55:33]   Next: Start your application
[exit=0]

$ bash /home/ivo/Documents/University/4to/Thesis-AAAAAAAa/Container-vs-Wasm-Service-Migration/Container/scripts/workloads/start_counter_c.sh edge-node-1
[18:55:33] Transferring counter.c to edge-node-1...
[18:55:33] Compiling counter.c on edge-node-1...
[18:55:33] Starting counter on edge-node-1...
✓ C counter running (PID: 66433)
[18:55:35] ✓ Counter started
[exit=0]
[repeat] warmup 2s

$ python3 /home/ivo/Documents/University/4to/Thesis-AAAAAAAa/Container-vs-Wasm-Service-Migration/Container/scripts/orchestrators/criu_benchmark.py cold --source edge-node-1 --dest edge-node-2 --transfer-mode host --run-id repeat-suite-20260330-185020-cold-host-015
[18:55:37] Starting cold migration...
[18:55:37] Source: edge-node-1, Dest: edge-node-2
[18:55:37] Transfer mode: host

[18:55:37] === COLD MIGRATION ===
[18:55:37] Step 1: Checking source process...
[18:55:38]   Using PID from /home/ubuntu/counter.pid: 66433
[18:55:38]   Last counter value (pre-freeze): 4
[18:55:39]   Architecture: x86_64 (compatible)
[18:55:39] Step 2: Dumping process with CRIU...
[18:55:39]   Frozen last counter value: 5
[18:55:39]   Expected after restore: 6
[18:55:39]   Checkpoint time: 605 ms
[18:55:39] Step 3: Creating archive...
[18:55:40]   Archive size: 25292 bytes
[18:55:40] Step 4: Transferring archive...
  Transferring /home/ubuntu/CRIU-counter.tar.gz via host...
[18:55:41]   Transfer time: 895 ms
[18:55:41] Step 5: Unpacking on destination...
[18:55:41] Step 6: Preparing restore environment...
[18:55:42]   Copying application scripts...
[18:55:43] Step 6.5: Ensuring /tmp/counter binary is present on destination...
[18:55:43] Step 7: Restoring process...
[18:55:43]   Restore time: 341 ms
[18:55:43] Step 8: Verifying migration...
[18:55:47]   Expected min: 6 (after ~3.0s → ~9), Observed: 9
[18:55:47] ✓ SUCCESS: Counter continued correctly!
[18:55:47] Total downtime: 1841 ms
[18:55:47] Effective bandwidth: 0.23 Mbps
[18:55:47] Metrics saved to /home/ivo/Documents/University/4to/Thesis-AAAAAAAa/Container-vs-Wasm-Service-Migration/Container/metrics/migration_metrics.csv
[exit=0]

$ python3 /home/ivo/Documents/University/4to/Thesis-AAAAAAAa/Container-vs-Wasm-Service-Migration/Container/scripts/setup/reset_nodes.py edge-node-1 edge-node-2
[18:55:48] Resetting nodes: edge-node-1 -> edge-node-2
[18:55:48] Step 1: Killing any existing processes on source...
[18:55:48]   Killing PID 66433 (from /home/ubuntu/app.pid)
[18:55:49]   Killing PID 66433 (from /home/ubuntu/counter.pid)
[18:55:49]   Killing any remaining background processes...
[18:55:50] Step 2: Cleaning source node...
[18:55:52] Step 3: Cleaning destination node...
[18:55:52]   Killing all remaining counter processes on destination...
[18:55:55] ✓ Reset complete, nodes are clean
[18:55:55]   Next: Start your application
[exit=0]

$ bash /home/ivo/Documents/University/4to/Thesis-AAAAAAAa/Container-vs-Wasm-Service-Migration/Container/scripts/workloads/start_counter_c.sh edge-node-1
[18:55:55] Transferring counter.c to edge-node-1...
[18:55:55] Compiling counter.c on edge-node-1...
[18:55:56] Starting counter on edge-node-1...
✓ C counter running (PID: 67827)
[18:55:57] ✓ Counter started
[exit=0]
[repeat] warmup 2s

$ python3 /home/ivo/Documents/University/4to/Thesis-AAAAAAAa/Container-vs-Wasm-Service-Migration/Container/scripts/orchestrators/criu_benchmark.py cold --source edge-node-1 --dest edge-node-2 --transfer-mode host --run-id repeat-suite-20260330-185020-cold-host-016
[18:56:00] Starting cold migration...
[18:56:00] Source: edge-node-1, Dest: edge-node-2
[18:56:00] Transfer mode: host

[18:56:00] === COLD MIGRATION ===
[18:56:00] Step 1: Checking source process...
[18:56:00]   Using PID from /home/ubuntu/counter.pid: 67827
[18:56:01]   Last counter value (pre-freeze): 4
[18:56:01]   Architecture: x86_64 (compatible)
[18:56:01] Step 2: Dumping process with CRIU...
[18:56:02]   Frozen last counter value: 5
[18:56:02]   Expected after restore: 6
[18:56:02]   Checkpoint time: 603 ms
[18:56:02] Step 3: Creating archive...
[18:56:02]   Archive size: 24944 bytes
[18:56:02] Step 4: Transferring archive...
  Transferring /home/ubuntu/CRIU-counter.tar.gz via host...
[18:56:03]   Transfer time: 916 ms
[18:56:03] Step 5: Unpacking on destination...
[18:56:04] Step 6: Preparing restore environment...
[18:56:04]   Copying application scripts...
[18:56:05] Step 6.5: Ensuring /tmp/counter binary is present on destination...
[18:56:05] Step 7: Restoring process...
[18:56:06]   Restore time: 325 ms
[18:56:06] Step 8: Verifying migration...
[18:56:09]   Expected min: 6 (after ~3.0s → ~9), Observed: 9
[18:56:09] ✓ SUCCESS: Counter continued correctly!
[18:56:09] Total downtime: 1844 ms
[18:56:09] Effective bandwidth: 0.22 Mbps
[18:56:09] Metrics saved to /home/ivo/Documents/University/4to/Thesis-AAAAAAAa/Container-vs-Wasm-Service-Migration/Container/metrics/migration_metrics.csv
[exit=0]

$ python3 /home/ivo/Documents/University/4to/Thesis-AAAAAAAa/Container-vs-Wasm-Service-Migration/Container/scripts/setup/reset_nodes.py edge-node-1 edge-node-2
[18:56:10] Resetting nodes: edge-node-1 -> edge-node-2
[18:56:10] Step 1: Killing any existing processes on source...
[18:56:10]   Killing PID 67827 (from /home/ubuntu/app.pid)
[18:56:11]   Killing PID 67827 (from /home/ubuntu/counter.pid)
[18:56:11]   Killing any remaining background processes...
[18:56:12] Step 2: Cleaning source node...
[18:56:13] Step 3: Cleaning destination node...
[18:56:14]   Killing all remaining counter processes on destination...
[18:56:17] ✓ Reset complete, nodes are clean
[18:56:17]   Next: Start your application
[exit=0]

$ bash /home/ivo/Documents/University/4to/Thesis-AAAAAAAa/Container-vs-Wasm-Service-Migration/Container/scripts/workloads/start_counter_c.sh edge-node-1
[18:56:17] Transferring counter.c to edge-node-1...
[18:56:17] Compiling counter.c on edge-node-1...
[18:56:17] Starting counter on edge-node-1...
✓ C counter running (PID: 69221)
[18:56:19] ✓ Counter started
[exit=0]
[repeat] warmup 2s

$ python3 /home/ivo/Documents/University/4to/Thesis-AAAAAAAa/Container-vs-Wasm-Service-Migration/Container/scripts/orchestrators/criu_benchmark.py cold --source edge-node-1 --dest edge-node-2 --transfer-mode host --run-id repeat-suite-20260330-185020-cold-host-017
[18:56:21] Starting cold migration...
[18:56:21] Source: edge-node-1, Dest: edge-node-2
[18:56:21] Transfer mode: host

[18:56:21] === COLD MIGRATION ===
[18:56:21] Step 1: Checking source process...
[18:56:22]   Using PID from /home/ubuntu/counter.pid: 69221
[18:56:22]   Last counter value (pre-freeze): 4
[18:56:23]   Architecture: x86_64 (compatible)
[18:56:23] Step 2: Dumping process with CRIU...
[18:56:23]   Frozen last counter value: 5
[18:56:23]   Expected after restore: 6
[18:56:23]   Checkpoint time: 595 ms
[18:56:23] Step 3: Creating archive...
[18:56:24]   Archive size: 25107 bytes
[18:56:24] Step 4: Transferring archive...
  Transferring /home/ubuntu/CRIU-counter.tar.gz via host...
[18:56:25]   Transfer time: 879 ms
[18:56:25] Step 5: Unpacking on destination...
[18:56:25] Step 6: Preparing restore environment...
[18:56:26]   Copying application scripts...
[18:56:27] Step 6.5: Ensuring /tmp/counter binary is present on destination...
[18:56:27] Step 7: Restoring process...
[18:56:28]   Restore time: 306 ms
[18:56:28] Step 8: Verifying migration...
[18:56:32]   Expected min: 6 (after ~3.0s → ~9), Observed: 9
[18:56:32] ✓ SUCCESS: Counter continued correctly!
[18:56:32] Total downtime: 1780 ms
[18:56:32] Effective bandwidth: 0.23 Mbps
[18:56:32] Metrics saved to /home/ivo/Documents/University/4to/Thesis-AAAAAAAa/Container-vs-Wasm-Service-Migration/Container/metrics/migration_metrics.csv
[exit=0]

$ python3 /home/ivo/Documents/University/4to/Thesis-AAAAAAAa/Container-vs-Wasm-Service-Migration/Container/scripts/setup/reset_nodes.py edge-node-1 edge-node-2
[18:56:32] Resetting nodes: edge-node-1 -> edge-node-2
[18:56:32] Step 1: Killing any existing processes on source...
[18:56:33]   Killing PID 69221 (from /home/ubuntu/app.pid)
[18:56:33]   Killing PID 69221 (from /home/ubuntu/counter.pid)
[18:56:34]   Killing any remaining background processes...
[18:56:35] Step 2: Cleaning source node...
[18:56:36] Step 3: Cleaning destination node...
[18:56:36]   Killing all remaining counter processes on destination...
[18:56:39] ✓ Reset complete, nodes are clean
[18:56:39]   Next: Start your application
[exit=0]

$ bash /home/ivo/Documents/University/4to/Thesis-AAAAAAAa/Container-vs-Wasm-Service-Migration/Container/scripts/workloads/start_counter_c.sh edge-node-1
[18:56:39] Transferring counter.c to edge-node-1...
[18:56:40] Compiling counter.c on edge-node-1...
[18:56:40] Starting counter on edge-node-1...
✓ C counter running (PID: 70633)
[18:56:41] ✓ Counter started
[exit=0]
[repeat] warmup 2s

$ python3 /home/ivo/Documents/University/4to/Thesis-AAAAAAAa/Container-vs-Wasm-Service-Migration/Container/scripts/orchestrators/criu_benchmark.py cold --source edge-node-1 --dest edge-node-2 --transfer-mode host --run-id repeat-suite-20260330-185020-cold-host-018
[18:56:44] Starting cold migration...
[18:56:44] Source: edge-node-1, Dest: edge-node-2
[18:56:44] Transfer mode: host

[18:56:44] === COLD MIGRATION ===
[18:56:44] Step 1: Checking source process...
[18:56:45]   Using PID from /home/ubuntu/counter.pid: 70633
[18:56:45]   Last counter value (pre-freeze): 4
[18:56:45]   Architecture: x86_64 (compatible)
[18:56:45] Step 2: Dumping process with CRIU...
[18:56:46]   Frozen last counter value: 5
[18:56:46]   Expected after restore: 6
[18:56:46]   Checkpoint time: 636 ms
[18:56:46] Step 3: Creating archive...
[18:56:47]   Archive size: 25033 bytes
[18:56:47] Step 4: Transferring archive...
  Transferring /home/ubuntu/CRIU-counter.tar.gz via host...
[18:56:48]   Transfer time: 906 ms
[18:56:48] Step 5: Unpacking on destination...
[18:56:48] Step 6: Preparing restore environment...
[18:56:49]   Copying application scripts...
[18:56:50] Step 6.5: Ensuring /tmp/counter binary is present on destination...
[18:56:50] Step 7: Restoring process...
[18:56:50]   Restore time: 319 ms
[18:56:50] Step 8: Verifying migration...
[18:56:54]   Expected min: 6 (after ~3.0s → ~9), Observed: 9
[18:56:54] ✓ SUCCESS: Counter continued correctly!
[18:56:54] Total downtime: 1861 ms
[18:56:54] Effective bandwidth: 0.22 Mbps
[18:56:54] Metrics saved to /home/ivo/Documents/University/4to/Thesis-AAAAAAAa/Container-vs-Wasm-Service-Migration/Container/metrics/migration_metrics.csv
[exit=0]

$ python3 /home/ivo/Documents/University/4to/Thesis-AAAAAAAa/Container-vs-Wasm-Service-Migration/Container/scripts/setup/reset_nodes.py edge-node-1 edge-node-2
[18:56:54] Resetting nodes: edge-node-1 -> edge-node-2
[18:56:54] Step 1: Killing any existing processes on source...
[18:56:55]   Killing PID 70633 (from /home/ubuntu/app.pid)
[18:56:55]   Killing PID 70633 (from /home/ubuntu/counter.pid)
[18:56:56]   Killing any remaining background processes...
[18:56:57] Step 2: Cleaning source node...
[18:56:58] Step 3: Cleaning destination node...
[18:56:58]   Killing all remaining counter processes on destination...
[18:57:01] ✓ Reset complete, nodes are clean
[18:57:01]   Next: Start your application
[exit=0]

$ bash /home/ivo/Documents/University/4to/Thesis-AAAAAAAa/Container-vs-Wasm-Service-Migration/Container/scripts/workloads/start_counter_c.sh edge-node-1
[18:57:01] Transferring counter.c to edge-node-1...
[18:57:02] Compiling counter.c on edge-node-1...
[18:57:02] Starting counter on edge-node-1...
✓ C counter running (PID: 72028)
[18:57:03] ✓ Counter started
[exit=0]
[repeat] warmup 2s

$ python3 /home/ivo/Documents/University/4to/Thesis-AAAAAAAa/Container-vs-Wasm-Service-Migration/Container/scripts/orchestrators/criu_benchmark.py cold --source edge-node-1 --dest edge-node-2 --transfer-mode host --run-id repeat-suite-20260330-185020-cold-host-019
[18:57:06] Starting cold migration...
[18:57:06] Source: edge-node-1, Dest: edge-node-2
[18:57:06] Transfer mode: host

[18:57:06] === COLD MIGRATION ===
[18:57:06] Step 1: Checking source process...
[18:57:07]   Using PID from /home/ubuntu/counter.pid: 72028
[18:57:07]   Last counter value (pre-freeze): 4
[18:57:07]   Architecture: x86_64 (compatible)
[18:57:07] Step 2: Dumping process with CRIU...
[18:57:08]   Frozen last counter value: 5
[18:57:08]   Expected after restore: 6
[18:57:08]   Checkpoint time: 626 ms
[18:57:08] Step 3: Creating archive...
[18:57:09]   Archive size: 25345 bytes
[18:57:09] Step 4: Transferring archive...
  Transferring /home/ubuntu/CRIU-counter.tar.gz via host...
[18:57:10]   Transfer time: 880 ms
[18:57:10] Step 5: Unpacking on destination...
[18:57:10] Step 6: Preparing restore environment...
[18:57:10]   Copying application scripts...
[18:57:11] Step 6.5: Ensuring /tmp/counter binary is present on destination...
[18:57:12] Step 7: Restoring process...
[18:57:12]   Restore time: 318 ms
[18:57:12] Step 8: Verifying migration...
[18:57:16]   Expected min: 6 (after ~3.0s → ~9), Observed: 9
[18:57:16] ✓ SUCCESS: Counter continued correctly!
[18:57:16] Total downtime: 1824 ms
[18:57:16] Effective bandwidth: 0.23 Mbps
[18:57:16] Metrics saved to /home/ivo/Documents/University/4to/Thesis-AAAAAAAa/Container-vs-Wasm-Service-Migration/Container/metrics/migration_metrics.csv
[exit=0]

$ python3 /home/ivo/Documents/University/4to/Thesis-AAAAAAAa/Container-vs-Wasm-Service-Migration/Container/scripts/setup/reset_nodes.py edge-node-1 edge-node-2
[18:57:16] Resetting nodes: edge-node-1 -> edge-node-2
[18:57:16] Step 1: Killing any existing processes on source...
[18:57:17]   Killing PID 72028 (from /home/ubuntu/app.pid)
[18:57:17]   Killing PID 72028 (from /home/ubuntu/counter.pid)
[18:57:18]   Killing any remaining background processes...
[18:57:19] Step 2: Cleaning source node...
[18:57:20] Step 3: Cleaning destination node...
[18:57:20]   Killing all remaining counter processes on destination...
[18:57:23] ✓ Reset complete, nodes are clean
[18:57:23]   Next: Start your application
[exit=0]

$ bash /home/ivo/Documents/University/4to/Thesis-AAAAAAAa/Container-vs-Wasm-Service-Migration/Container/scripts/workloads/start_counter_c.sh edge-node-1
[18:57:23] Transferring counter.c to edge-node-1...
[18:57:24] Compiling counter.c on edge-node-1...
[18:57:24] Starting counter on edge-node-1...
✓ C counter running (PID: 73424)
[18:57:25] ✓ Counter started
[exit=0]
[repeat] warmup 2s

$ python3 /home/ivo/Documents/University/4to/Thesis-AAAAAAAa/Container-vs-Wasm-Service-Migration/Container/scripts/orchestrators/criu_benchmark.py cold --source edge-node-1 --dest edge-node-2 --transfer-mode host --run-id repeat-suite-20260330-185020-cold-host-020
[18:57:28] Starting cold migration...
[18:57:28] Source: edge-node-1, Dest: edge-node-2
[18:57:28] Transfer mode: host

[18:57:28] === COLD MIGRATION ===
[18:57:28] Step 1: Checking source process...
[18:57:29]   Using PID from /home/ubuntu/counter.pid: 73424
[18:57:29]   Last counter value (pre-freeze): 4
[18:57:30]   Architecture: x86_64 (compatible)
[18:57:30] Step 2: Dumping process with CRIU...
[18:57:30]   Frozen last counter value: 5
[18:57:30]   Expected after restore: 6
[18:57:30]   Checkpoint time: 653 ms
[18:57:30] Step 3: Creating archive...
[18:57:31]   Archive size: 25062 bytes
[18:57:31] Step 4: Transferring archive...
  Transferring /home/ubuntu/CRIU-counter.tar.gz via host...
[18:57:32]   Transfer time: 1163 ms
[18:57:32] Step 5: Unpacking on destination...
[18:57:32] Step 6: Preparing restore environment...
[18:57:33]   Copying application scripts...
[18:57:34] Step 6.5: Ensuring /tmp/counter binary is present on destination...
[18:57:34] Step 7: Restoring process...
[18:57:35]   Restore time: 324 ms
[18:57:35] Step 8: Verifying migration...
[18:57:38]   Expected min: 6 (after ~3.0s → ~9), Observed: 9
[18:57:38] ✓ SUCCESS: Counter continued correctly!
[18:57:38] Total downtime: 2140 ms
[18:57:38] Effective bandwidth: 0.17 Mbps
[18:57:38] Metrics saved to /home/ivo/Documents/University/4to/Thesis-AAAAAAAa/Container-vs-Wasm-Service-Migration/Container/metrics/migration_metrics.csv
[exit=0]

$ python3 /home/ivo/Documents/University/4to/Thesis-AAAAAAAa/Container-vs-Wasm-Service-Migration/Container/scripts/setup/reset_nodes.py edge-node-1 edge-node-2
[18:57:39] Resetting nodes: edge-node-1 -> edge-node-2
[18:57:39] Step 1: Killing any existing processes on source...
[18:57:39]   Killing PID 73424 (from /home/ubuntu/app.pid)
[18:57:40]   Killing PID 73424 (from /home/ubuntu/counter.pid)
[18:57:41]   Killing any remaining background processes...
[18:57:42] Step 2: Cleaning source node...
[18:57:43] Step 3: Cleaning destination node...
[18:57:43]   Killing all remaining counter processes on destination...
[18:57:46] ✓ Reset complete, nodes are clean
[18:57:46]   Next: Start your application
[exit=0]

$ bash /home/ivo/Documents/University/4to/Thesis-AAAAAAAa/Container-vs-Wasm-Service-Migration/Container/scripts/workloads/start_counter_c.sh edge-node-1
[18:57:46] Transferring counter.c to edge-node-1...
[18:57:47] Compiling counter.c on edge-node-1...
[18:57:47] Starting counter on edge-node-1...
✓ C counter running (PID: 74827)
[18:57:48] ✓ Counter started
[exit=0]
[repeat] warmup 2s

$ python3 /home/ivo/Documents/University/4to/Thesis-AAAAAAAa/Container-vs-Wasm-Service-Migration/Container/scripts/orchestrators/criu_benchmark.py cold --source edge-node-1 --dest edge-node-2 --transfer-mode host --run-id repeat-suite-20260330-185020-cold-host-021
[18:57:51] Starting cold migration...
[18:57:51] Source: edge-node-1, Dest: edge-node-2
[18:57:51] Transfer mode: host

[18:57:51] === COLD MIGRATION ===
[18:57:51] Step 1: Checking source process...
[18:57:52]   Using PID from /home/ubuntu/counter.pid: 74827
[18:57:52]   Last counter value (pre-freeze): 4
[18:57:53]   Architecture: x86_64 (compatible)
[18:57:53] Step 2: Dumping process with CRIU...
[18:57:53]   Frozen last counter value: 5
[18:57:53]   Expected after restore: 6
[18:57:53]   Checkpoint time: 639 ms
[18:57:53] Step 3: Creating archive...
[18:57:54]   Archive size: 25071 bytes
[18:57:54] Step 4: Transferring archive...
  Transferring /home/ubuntu/CRIU-counter.tar.gz via host...
[18:57:55]   Transfer time: 986 ms
[18:57:55] Step 5: Unpacking on destination...
[18:57:55] Step 6: Preparing restore environment...
[18:57:56]   Copying application scripts...
[18:57:57] Step 6.5: Ensuring /tmp/counter binary is present on destination...
[18:57:57] Step 7: Restoring process...
[18:57:58]   Restore time: 587 ms
[18:57:58] Step 8: Verifying migration...
[18:58:01]   Expected min: 6 (after ~3.0s → ~9), Observed: 9
[18:58:01] ✓ SUCCESS: Counter continued correctly!
[18:58:01] Total downtime: 2212 ms
[18:58:01] Effective bandwidth: 0.20 Mbps
[18:58:01] Metrics saved to /home/ivo/Documents/University/4to/Thesis-AAAAAAAa/Container-vs-Wasm-Service-Migration/Container/metrics/migration_metrics.csv
[exit=0]

$ python3 /home/ivo/Documents/University/4to/Thesis-AAAAAAAa/Container-vs-Wasm-Service-Migration/Container/scripts/setup/reset_nodes.py edge-node-1 edge-node-2
[18:58:02] Resetting nodes: edge-node-1 -> edge-node-2
[18:58:02] Step 1: Killing any existing processes on source...
[18:58:02]   Killing PID 74827 (from /home/ubuntu/app.pid)
[18:58:03]   Killing PID 74827 (from /home/ubuntu/counter.pid)
[18:58:03]   Killing any remaining background processes...
[18:58:04] Step 2: Cleaning source node...
[18:58:05] Step 3: Cleaning destination node...
[18:58:06]   Killing all remaining counter processes on destination...
[18:58:09] ✓ Reset complete, nodes are clean
[18:58:09]   Next: Start your application
[exit=0]

$ bash /home/ivo/Documents/University/4to/Thesis-AAAAAAAa/Container-vs-Wasm-Service-Migration/Container/scripts/workloads/start_counter_c.sh edge-node-1
[18:58:09] Transferring counter.c to edge-node-1...
[18:58:09] Compiling counter.c on edge-node-1...
[18:58:09] Starting counter on edge-node-1...
✓ C counter running (PID: 76221)
[18:58:11] ✓ Counter started
[exit=0]
[repeat] warmup 2s

$ python3 /home/ivo/Documents/University/4to/Thesis-AAAAAAAa/Container-vs-Wasm-Service-Migration/Container/scripts/orchestrators/criu_benchmark.py cold --source edge-node-1 --dest edge-node-2 --transfer-mode host --run-id repeat-suite-20260330-185020-cold-host-022
[18:58:13] Starting cold migration...
[18:58:13] Source: edge-node-1, Dest: edge-node-2
[18:58:13] Transfer mode: host

[18:58:13] === COLD MIGRATION ===
[18:58:13] Step 1: Checking source process...
[18:58:14]   Using PID from /home/ubuntu/counter.pid: 76221
[18:58:14]   Last counter value (pre-freeze): 4
[18:58:15]   Architecture: x86_64 (compatible)
[18:58:15] Step 2: Dumping process with CRIU...
[18:58:16]   Frozen last counter value: 5
[18:58:16]   Expected after restore: 6
[18:58:16]   Checkpoint time: 645 ms
[18:58:16] Step 3: Creating archive...
[18:58:17]   Archive size: 25021 bytes
[18:58:17] Step 4: Transferring archive...
  Transferring /home/ubuntu/CRIU-counter.tar.gz via host...
[18:58:17]   Transfer time: 890 ms
[18:58:17] Step 5: Unpacking on destination...
[18:58:18] Step 6: Preparing restore environment...
[18:58:18]   Copying application scripts...
[18:58:19] Step 6.5: Ensuring /tmp/counter binary is present on destination...
[18:58:20] Step 7: Restoring process...
[18:58:20]   Restore time: 337 ms
[18:58:20] Step 8: Verifying migration...
[18:58:24]   Expected min: 6 (after ~3.0s → ~9), Observed: 9
[18:58:24] ✓ SUCCESS: Counter continued correctly!
[18:58:24] Total downtime: 1872 ms
[18:58:24] Effective bandwidth: 0.22 Mbps
[18:58:24] Metrics saved to /home/ivo/Documents/University/4to/Thesis-AAAAAAAa/Container-vs-Wasm-Service-Migration/Container/metrics/migration_metrics.csv
[exit=0]

$ python3 /home/ivo/Documents/University/4to/Thesis-AAAAAAAa/Container-vs-Wasm-Service-Migration/Container/scripts/setup/reset_nodes.py edge-node-1 edge-node-2
[18:58:24] Resetting nodes: edge-node-1 -> edge-node-2
[18:58:24] Step 1: Killing any existing processes on source...
[18:58:25]   Killing PID 76221 (from /home/ubuntu/app.pid)
[18:58:25]   Killing PID 76221 (from /home/ubuntu/counter.pid)
[18:58:26]   Killing any remaining background processes...
[18:58:27] Step 2: Cleaning source node...
[18:58:28] Step 3: Cleaning destination node...
[18:58:28]   Killing all remaining counter processes on destination...
[18:58:31] ✓ Reset complete, nodes are clean
[18:58:31]   Next: Start your application
[exit=0]

$ bash /home/ivo/Documents/University/4to/Thesis-AAAAAAAa/Container-vs-Wasm-Service-Migration/Container/scripts/workloads/start_counter_c.sh edge-node-1
[18:58:31] Transferring counter.c to edge-node-1...
[18:58:32] Compiling counter.c on edge-node-1...
[18:58:32] Starting counter on edge-node-1...
✓ C counter running (PID: 77633)
[18:58:34] ✓ Counter started
[exit=0]
[repeat] warmup 2s

$ python3 /home/ivo/Documents/University/4to/Thesis-AAAAAAAa/Container-vs-Wasm-Service-Migration/Container/scripts/orchestrators/criu_benchmark.py cold --source edge-node-1 --dest edge-node-2 --transfer-mode host --run-id repeat-suite-20260330-185020-cold-host-023
[18:58:37] Starting cold migration...
[18:58:37] Source: edge-node-1, Dest: edge-node-2
[18:58:37] Transfer mode: host

[18:58:37] === COLD MIGRATION ===
[18:58:37] Step 1: Checking source process...
[18:58:37]   Using PID from /home/ubuntu/counter.pid: 77633
[18:58:37]   Last counter value (pre-freeze): 4
[18:58:38]   Architecture: x86_64 (compatible)
[18:58:38] Step 2: Dumping process with CRIU...
[18:58:39]   Frozen last counter value: 5
[18:58:39]   Expected after restore: 6
[18:58:39]   Checkpoint time: 698 ms
[18:58:39] Step 3: Creating archive...
[18:58:39]   Archive size: 25358 bytes
[18:58:39] Step 4: Transferring archive...
  Transferring /home/ubuntu/CRIU-counter.tar.gz via host...
[18:58:40]   Transfer time: 928 ms
[18:58:40] Step 5: Unpacking on destination...
[18:58:41] Step 6: Preparing restore environment...
[18:58:41]   Copying application scripts...
[18:58:42] Step 6.5: Ensuring /tmp/counter binary is present on destination...
[18:58:42] Step 7: Restoring process...
[18:58:43]   Restore time: 318 ms
[18:58:43] Step 8: Verifying migration...
[18:58:46]   Expected min: 6 (after ~3.0s → ~9), Observed: 9
[18:58:46] ✓ SUCCESS: Counter continued correctly!
[18:58:46] Total downtime: 1944 ms
[18:58:46] Effective bandwidth: 0.22 Mbps
[18:58:46] Metrics saved to /home/ivo/Documents/University/4to/Thesis-AAAAAAAa/Container-vs-Wasm-Service-Migration/Container/metrics/migration_metrics.csv
[exit=0]

$ python3 /home/ivo/Documents/University/4to/Thesis-AAAAAAAa/Container-vs-Wasm-Service-Migration/Container/scripts/setup/reset_nodes.py edge-node-1 edge-node-2
[18:58:47] Resetting nodes: edge-node-1 -> edge-node-2
[18:58:47] Step 1: Killing any existing processes on source...
[18:58:47]   Killing PID 77633 (from /home/ubuntu/app.pid)
[18:58:48]   Killing PID 77633 (from /home/ubuntu/counter.pid)
[18:58:49]   Killing any remaining background processes...
[18:58:49] Step 2: Cleaning source node...
[18:58:51] Step 3: Cleaning destination node...
[18:58:51]   Killing all remaining counter processes on destination...
[18:58:54] ✓ Reset complete, nodes are clean
[18:58:54]   Next: Start your application
[exit=0]

$ bash /home/ivo/Documents/University/4to/Thesis-AAAAAAAa/Container-vs-Wasm-Service-Migration/Container/scripts/workloads/start_counter_c.sh edge-node-1
[18:58:54] Transferring counter.c to edge-node-1...
[18:58:54] Compiling counter.c on edge-node-1...
[18:58:55] Starting counter on edge-node-1...
✓ C counter running (PID: 79028)
[18:58:56] ✓ Counter started
[exit=0]
[repeat] warmup 2s

$ python3 /home/ivo/Documents/University/4to/Thesis-AAAAAAAa/Container-vs-Wasm-Service-Migration/Container/scripts/orchestrators/criu_benchmark.py cold --source edge-node-1 --dest edge-node-2 --transfer-mode host --run-id repeat-suite-20260330-185020-cold-host-024
[18:58:59] Starting cold migration...
[18:58:59] Source: edge-node-1, Dest: edge-node-2
[18:58:59] Transfer mode: host

[18:58:59] === COLD MIGRATION ===
[18:58:59] Step 1: Checking source process...
[18:58:59]   Using PID from /home/ubuntu/counter.pid: 79028
[18:58:59]   Last counter value (pre-freeze): 4
[18:59:00]   Architecture: x86_64 (compatible)
[18:59:00] Step 2: Dumping process with CRIU...
[18:59:01]   Frozen last counter value: 5
[18:59:01]   Expected after restore: 6
[18:59:01]   Checkpoint time: 606 ms
[18:59:01] Step 3: Creating archive...
[18:59:01]   Archive size: 25226 bytes
[18:59:01] Step 4: Transferring archive...
  Transferring /home/ubuntu/CRIU-counter.tar.gz via host...
[18:59:02]   Transfer time: 855 ms
[18:59:02] Step 5: Unpacking on destination...
[18:59:02] Step 6: Preparing restore environment...
[18:59:03]   Copying application scripts...
[18:59:04] Step 6.5: Ensuring /tmp/counter binary is present on destination...
[18:59:04] Step 7: Restoring process...
[18:59:04]   Restore time: 318 ms
[18:59:04] Step 8: Verifying migration...
[18:59:08]   Expected min: 6 (after ~3.0s → ~9), Observed: 9
[18:59:08] ✓ SUCCESS: Counter continued correctly!
[18:59:08] Total downtime: 1779 ms
[18:59:08] Effective bandwidth: 0.24 Mbps
[18:59:08] Metrics saved to /home/ivo/Documents/University/4to/Thesis-AAAAAAAa/Container-vs-Wasm-Service-Migration/Container/metrics/migration_metrics.csv
[exit=0]

$ python3 /home/ivo/Documents/University/4to/Thesis-AAAAAAAa/Container-vs-Wasm-Service-Migration/Container/scripts/setup/reset_nodes.py edge-node-1 edge-node-2
[18:59:09] Resetting nodes: edge-node-1 -> edge-node-2
[18:59:09] Step 1: Killing any existing processes on source...
[18:59:09]   Killing PID 79028 (from /home/ubuntu/app.pid)
[18:59:10]   Killing PID 79028 (from /home/ubuntu/counter.pid)
[18:59:10]   Killing any remaining background processes...
[18:59:11] Step 2: Cleaning source node...
[18:59:12] Step 3: Cleaning destination node...
[18:59:13]   Killing all remaining counter processes on destination...
[18:59:16] ✓ Reset complete, nodes are clean
[18:59:16]   Next: Start your application
[exit=0]

$ bash /home/ivo/Documents/University/4to/Thesis-AAAAAAAa/Container-vs-Wasm-Service-Migration/Container/scripts/workloads/start_counter_c.sh edge-node-1
[18:59:16] Transferring counter.c to edge-node-1...
[18:59:16] Compiling counter.c on edge-node-1...
[18:59:16] Starting counter on edge-node-1...
✓ C counter running (PID: 80424)
[18:59:18] ✓ Counter started
[exit=0]
[repeat] warmup 2s

$ python3 /home/ivo/Documents/University/4to/Thesis-AAAAAAAa/Container-vs-Wasm-Service-Migration/Container/scripts/orchestrators/criu_benchmark.py cold --source edge-node-1 --dest edge-node-2 --transfer-mode host --run-id repeat-suite-20260330-185020-cold-host-025
[18:59:20] Starting cold migration...
[18:59:20] Source: edge-node-1, Dest: edge-node-2
[18:59:20] Transfer mode: host

[18:59:20] === COLD MIGRATION ===
[18:59:20] Step 1: Checking source process...
[18:59:21]   Using PID from /home/ubuntu/counter.pid: 80424
[18:59:21]   Last counter value (pre-freeze): 4
[18:59:22]   Architecture: x86_64 (compatible)
[18:59:22] Step 2: Dumping process with CRIU...
[18:59:22]   Frozen last counter value: 5
[18:59:22]   Expected after restore: 6
[18:59:22]   Checkpoint time: 623 ms
[18:59:22] Step 3: Creating archive...
[18:59:23]   Archive size: 25233 bytes
[18:59:23] Step 4: Transferring archive...
  Transferring /home/ubuntu/CRIU-counter.tar.gz via host...
[18:59:24]   Transfer time: 896 ms
[18:59:24] Step 5: Unpacking on destination...
[18:59:24] Step 6: Preparing restore environment...
[18:59:25]   Copying application scripts...
[18:59:26] Step 6.5: Ensuring /tmp/counter binary is present on destination...
[18:59:27] Step 7: Restoring process...
[18:59:27]   Restore time: 354 ms
[18:59:27] Step 8: Verifying migration...
[18:59:31]   Expected min: 6 (after ~3.0s → ~9), Observed: 9
[18:59:31] ✓ SUCCESS: Counter continued correctly!
[18:59:31] Total downtime: 1873 ms
[18:59:31] Effective bandwidth: 0.23 Mbps
[18:59:31] Metrics saved to /home/ivo/Documents/University/4to/Thesis-AAAAAAAa/Container-vs-Wasm-Service-Migration/Container/metrics/migration_metrics.csv
[exit=0]

$ python3 /home/ivo/Documents/University/4to/Thesis-AAAAAAAa/Container-vs-Wasm-Service-Migration/Container/scripts/setup/reset_nodes.py edge-node-1 edge-node-2
[18:59:31] Resetting nodes: edge-node-1 -> edge-node-2
[18:59:31] Step 1: Killing any existing processes on source...
[18:59:32]   Killing PID 80424 (from /home/ubuntu/app.pid)
[18:59:33]   Killing PID 80424 (from /home/ubuntu/counter.pid)
[18:59:33]   Killing any remaining background processes...
[18:59:34] Step 2: Cleaning source node...
[18:59:35] Step 3: Cleaning destination node...
[18:59:36]   Killing all remaining counter processes on destination...
[18:59:39] ✓ Reset complete, nodes are clean
[18:59:39]   Next: Start your application
[exit=0]

$ bash /home/ivo/Documents/University/4to/Thesis-AAAAAAAa/Container-vs-Wasm-Service-Migration/Container/scripts/workloads/start_counter_c.sh edge-node-1
[18:59:39] Transferring counter.c to edge-node-1...
[18:59:39] Compiling counter.c on edge-node-1...
[18:59:40] Starting counter on edge-node-1...
✓ C counter running (PID: 81827)
[18:59:41] ✓ Counter started
[exit=0]
[repeat] warmup 2s

$ python3 /home/ivo/Documents/University/4to/Thesis-AAAAAAAa/Container-vs-Wasm-Service-Migration/Container/scripts/orchestrators/criu_benchmark.py cold --source edge-node-1 --dest edge-node-2 --transfer-mode host --run-id repeat-suite-20260330-185020-cold-host-026
[18:59:44] Starting cold migration...
[18:59:44] Source: edge-node-1, Dest: edge-node-2
[18:59:44] Transfer mode: host

[18:59:44] === COLD MIGRATION ===
[18:59:44] Step 1: Checking source process...
[18:59:44]   Using PID from /home/ubuntu/counter.pid: 81827
[18:59:45]   Last counter value (pre-freeze): 4
[18:59:45]   Architecture: x86_64 (compatible)
[18:59:45] Step 2: Dumping process with CRIU...
[18:59:46]   Frozen last counter value: 5
[18:59:46]   Expected after restore: 6
[18:59:46]   Checkpoint time: 659 ms
[18:59:46] Step 3: Creating archive...
[18:59:47]   Archive size: 25276 bytes
[18:59:47] Step 4: Transferring archive...
  Transferring /home/ubuntu/CRIU-counter.tar.gz via host...
[18:59:48]   Transfer time: 899 ms
[18:59:48] Step 5: Unpacking on destination...
[18:59:48] Step 6: Preparing restore environment...
[18:59:49]   Copying application scripts...
[18:59:50] Step 6.5: Ensuring /tmp/counter binary is present on destination...
[18:59:50] Step 7: Restoring process...
[18:59:50]   Restore time: 312 ms
[18:59:50] Step 8: Verifying migration...
[18:59:54]   Expected min: 6 (after ~3.0s → ~9), Observed: 9
[18:59:54] ✓ SUCCESS: Counter continued correctly!
[18:59:54] Total downtime: 1870 ms
[18:59:54] Effective bandwidth: 0.22 Mbps
[18:59:54] Metrics saved to /home/ivo/Documents/University/4to/Thesis-AAAAAAAa/Container-vs-Wasm-Service-Migration/Container/metrics/migration_metrics.csv
[exit=0]

$ python3 /home/ivo/Documents/University/4to/Thesis-AAAAAAAa/Container-vs-Wasm-Service-Migration/Container/scripts/setup/reset_nodes.py edge-node-1 edge-node-2
[18:59:55] Resetting nodes: edge-node-1 -> edge-node-2
[18:59:55] Step 1: Killing any existing processes on source...
[18:59:56]   Killing PID 81827 (from /home/ubuntu/app.pid)
[18:59:57]   Killing PID 81827 (from /home/ubuntu/counter.pid)
[18:59:58]   Killing any remaining background processes...
[18:59:59] Step 2: Cleaning source node...
[19:00:00] Step 3: Cleaning destination node...
[19:00:00]   Killing all remaining counter processes on destination...
[19:00:03] ✓ Reset complete, nodes are clean
[19:00:03]   Next: Start your application
[exit=0]

$ bash /home/ivo/Documents/University/4to/Thesis-AAAAAAAa/Container-vs-Wasm-Service-Migration/Container/scripts/workloads/start_counter_c.sh edge-node-1
[19:00:03] Transferring counter.c to edge-node-1...
[19:00:04] Compiling counter.c on edge-node-1...
[19:00:04] Starting counter on edge-node-1...
✓ C counter running (PID: 83231)
[19:00:05] ✓ Counter started
[exit=0]
[repeat] warmup 2s

$ python3 /home/ivo/Documents/University/4to/Thesis-AAAAAAAa/Container-vs-Wasm-Service-Migration/Container/scripts/orchestrators/criu_benchmark.py cold --source edge-node-1 --dest edge-node-2 --transfer-mode host --run-id repeat-suite-20260330-185020-cold-host-027
[19:00:08] Starting cold migration...
[19:00:08] Source: edge-node-1, Dest: edge-node-2
[19:00:08] Transfer mode: host

[19:00:08] === COLD MIGRATION ===
[19:00:08] Step 1: Checking source process...
[19:00:08]   Using PID from /home/ubuntu/counter.pid: 83231
[19:00:09]   Last counter value (pre-freeze): 4
[19:00:09]   Architecture: x86_64 (compatible)
[19:00:09] Step 2: Dumping process with CRIU...
[19:00:10]   Frozen last counter value: 5
[19:00:10]   Expected after restore: 6
[19:00:10]   Checkpoint time: 620 ms
[19:00:10] Step 3: Creating archive...
[19:00:11]   Archive size: 25070 bytes
[19:00:11] Step 4: Transferring archive...
  Transferring /home/ubuntu/CRIU-counter.tar.gz via host...
[19:00:12]   Transfer time: 884 ms
[19:00:12] Step 5: Unpacking on destination...
[19:00:12] Step 6: Preparing restore environment...
[19:00:12]   Copying application scripts...
[19:00:13] Step 6.5: Ensuring /tmp/counter binary is present on destination...
[19:00:14] Step 7: Restoring process...
[19:00:14]   Restore time: 351 ms
[19:00:14] Step 8: Verifying migration...
[19:00:18]   Expected min: 6 (after ~3.0s → ~9), Observed: 9
[19:00:18] ✓ SUCCESS: Counter continued correctly!
[19:00:18] Total downtime: 1855 ms
[19:00:18] Effective bandwidth: 0.23 Mbps
[19:00:18] Metrics saved to /home/ivo/Documents/University/4to/Thesis-AAAAAAAa/Container-vs-Wasm-Service-Migration/Container/metrics/migration_metrics.csv
[exit=0]

$ python3 /home/ivo/Documents/University/4to/Thesis-AAAAAAAa/Container-vs-Wasm-Service-Migration/Container/scripts/setup/reset_nodes.py edge-node-1 edge-node-2
[19:00:18] Resetting nodes: edge-node-1 -> edge-node-2
[19:00:18] Step 1: Killing any existing processes on source...
[19:00:19]   Killing PID 83231 (from /home/ubuntu/app.pid)
[19:00:19]   Killing PID 83231 (from /home/ubuntu/counter.pid)
[19:00:20]   Killing any remaining background processes...
[19:00:21] Step 2: Cleaning source node...
[19:00:22] Step 3: Cleaning destination node...
[19:00:23]   Killing all remaining counter processes on destination...
[19:00:25] ✓ Reset complete, nodes are clean
[19:00:25]   Next: Start your application
[exit=0]

$ bash /home/ivo/Documents/University/4to/Thesis-AAAAAAAa/Container-vs-Wasm-Service-Migration/Container/scripts/workloads/start_counter_c.sh edge-node-1
[19:00:25] Transferring counter.c to edge-node-1...
[19:00:26] Compiling counter.c on edge-node-1...
[19:00:26] Starting counter on edge-node-1...
✓ C counter running (PID: 84626)
[19:00:27] ✓ Counter started
[exit=0]
[repeat] warmup 2s

$ python3 /home/ivo/Documents/University/4to/Thesis-AAAAAAAa/Container-vs-Wasm-Service-Migration/Container/scripts/orchestrators/criu_benchmark.py cold --source edge-node-1 --dest edge-node-2 --transfer-mode host --run-id repeat-suite-20260330-185020-cold-host-028
[19:00:30] Starting cold migration...
[19:00:30] Source: edge-node-1, Dest: edge-node-2
[19:00:30] Transfer mode: host

[19:00:30] === COLD MIGRATION ===
[19:00:30] Step 1: Checking source process...
[19:00:31]   Using PID from /home/ubuntu/counter.pid: 84626
[19:00:31]   Last counter value (pre-freeze): 4
[19:00:32]   Architecture: x86_64 (compatible)
[19:00:32] Step 2: Dumping process with CRIU...
[19:00:32]   Frozen last counter value: 5
[19:00:32]   Expected after restore: 6
[19:00:32]   Checkpoint time: 605 ms
[19:00:32] Step 3: Creating archive...
[19:00:33]   Archive size: 25019 bytes
[19:00:33] Step 4: Transferring archive...
  Transferring /home/ubuntu/CRIU-counter.tar.gz via host...
[19:00:34]   Transfer time: 904 ms
[19:00:34] Step 5: Unpacking on destination...
[19:00:34] Step 6: Preparing restore environment...
[19:00:35]   Copying application scripts...
[19:00:36] Step 6.5: Ensuring /tmp/counter binary is present on destination...
[19:00:36] Step 7: Restoring process...
[19:00:36]   Restore time: 312 ms
[19:00:36] Step 8: Verifying migration...
[19:00:40]   Expected min: 6 (after ~3.0s → ~9), Observed: 9
[19:00:40] ✓ SUCCESS: Counter continued correctly!
[19:00:40] Total downtime: 1821 ms
[19:00:40] Effective bandwidth: 0.22 Mbps
[19:00:40] Metrics saved to /home/ivo/Documents/University/4to/Thesis-AAAAAAAa/Container-vs-Wasm-Service-Migration/Container/metrics/migration_metrics.csv
[exit=0]

$ python3 /home/ivo/Documents/University/4to/Thesis-AAAAAAAa/Container-vs-Wasm-Service-Migration/Container/scripts/setup/reset_nodes.py edge-node-1 edge-node-2
[19:00:41] Resetting nodes: edge-node-1 -> edge-node-2
[19:00:41] Step 1: Killing any existing processes on source...
[19:00:41]   Killing PID 84626 (from /home/ubuntu/app.pid)
[19:00:42]   Killing PID 84626 (from /home/ubuntu/counter.pid)
[19:00:42]   Killing any remaining background processes...
[19:00:43] Step 2: Cleaning source node...
[19:00:44] Step 3: Cleaning destination node...
[19:00:45]   Killing all remaining counter processes on destination...
[19:00:48] ✓ Reset complete, nodes are clean
[19:00:48]   Next: Start your application
[exit=0]

$ bash /home/ivo/Documents/University/4to/Thesis-AAAAAAAa/Container-vs-Wasm-Service-Migration/Container/scripts/workloads/start_counter_c.sh edge-node-1
[19:00:48] Transferring counter.c to edge-node-1...
[19:00:48] Compiling counter.c on edge-node-1...
[19:00:49] Starting counter on edge-node-1...
✓ C counter running (PID: 86029)
[19:00:50] ✓ Counter started
[exit=0]
[repeat] warmup 2s

$ python3 /home/ivo/Documents/University/4to/Thesis-AAAAAAAa/Container-vs-Wasm-Service-Migration/Container/scripts/orchestrators/criu_benchmark.py cold --source edge-node-1 --dest edge-node-2 --transfer-mode host --run-id repeat-suite-20260330-185020-cold-host-029
[19:00:53] Starting cold migration...
[19:00:53] Source: edge-node-1, Dest: edge-node-2
[19:00:53] Transfer mode: host

[19:00:53] === COLD MIGRATION ===
[19:00:53] Step 1: Checking source process...
[19:00:53]   Using PID from /home/ubuntu/counter.pid: 86029
[19:00:53]   Last counter value (pre-freeze): 4
[19:00:54]   Architecture: x86_64 (compatible)
[19:00:54] Step 2: Dumping process with CRIU...
[19:00:55]   Frozen last counter value: 5
[19:00:55]   Expected after restore: 6
[19:00:55]   Checkpoint time: 603 ms
[19:00:55] Step 3: Creating archive...
[19:00:55]   Archive size: 25157 bytes
[19:00:55] Step 4: Transferring archive...
  Transferring /home/ubuntu/CRIU-counter.tar.gz via host...
[19:00:56]   Transfer time: 907 ms
[19:00:56] Step 5: Unpacking on destination...
[19:00:56] Step 6: Preparing restore environment...
[19:00:57]   Copying application scripts...
[19:00:58] Step 6.5: Ensuring /tmp/counter binary is present on destination...
[19:00:58] Step 7: Restoring process...
[19:00:59]   Restore time: 350 ms
[19:00:59] Step 8: Verifying migration...
[19:01:02]   Expected min: 6 (after ~3.0s → ~9), Observed: 9
[19:01:02] ✓ SUCCESS: Counter continued correctly!
[19:01:02] Total downtime: 1860 ms
[19:01:02] Effective bandwidth: 0.22 Mbps
[19:01:02] Metrics saved to /home/ivo/Documents/University/4to/Thesis-AAAAAAAa/Container-vs-Wasm-Service-Migration/Container/metrics/migration_metrics.csv
[exit=0]

$ python3 /home/ivo/Documents/University/4to/Thesis-AAAAAAAa/Container-vs-Wasm-Service-Migration/Container/scripts/setup/reset_nodes.py edge-node-1 edge-node-2
[19:01:03] Resetting nodes: edge-node-1 -> edge-node-2
[19:01:03] Step 1: Killing any existing processes on source...
[19:01:03]   Killing PID 86029 (from /home/ubuntu/app.pid)
[19:01:04]   Killing PID 86029 (from /home/ubuntu/counter.pid)
[19:01:04]   Killing any remaining background processes...
[19:01:05] Step 2: Cleaning source node...
[19:01:07] Step 3: Cleaning destination node...
[19:01:07]   Killing all remaining counter processes on destination...
[19:01:10] ✓ Reset complete, nodes are clean
[19:01:10]   Next: Start your application
[exit=0]

$ bash /home/ivo/Documents/University/4to/Thesis-AAAAAAAa/Container-vs-Wasm-Service-Migration/Container/scripts/workloads/start_counter_c.sh edge-node-1
[19:01:10] Transferring counter.c to edge-node-1...
[19:01:10] Compiling counter.c on edge-node-1...
[19:01:11] Starting counter on edge-node-1...
✓ C counter running (PID: 87423)
[19:01:12] ✓ Counter started
[exit=0]
[repeat] warmup 2s

$ python3 /home/ivo/Documents/University/4to/Thesis-AAAAAAAa/Container-vs-Wasm-Service-Migration/Container/scripts/orchestrators/criu_benchmark.py cold --source edge-node-1 --dest edge-node-2 --transfer-mode host --run-id repeat-suite-20260330-185020-cold-host-030
[19:01:15] Starting cold migration...
[19:01:15] Source: edge-node-1, Dest: edge-node-2
[19:01:15] Transfer mode: host

[19:01:15] === COLD MIGRATION ===
[19:01:15] Step 1: Checking source process...
[19:01:15]   Using PID from /home/ubuntu/counter.pid: 87423
[19:01:15]   Last counter value (pre-freeze): 4
[19:01:16]   Architecture: x86_64 (compatible)
[19:01:16] Step 2: Dumping process with CRIU...
[19:01:17]   Frozen last counter value: 5
[19:01:17]   Expected after restore: 6
[19:01:17]   Checkpoint time: 641 ms
[19:01:17] Step 3: Creating archive...
[19:01:17]   Archive size: 25065 bytes
[19:01:17] Step 4: Transferring archive...
  Transferring /home/ubuntu/CRIU-counter.tar.gz via host...
[19:01:18]   Transfer time: 890 ms
[19:01:18] Step 5: Unpacking on destination...
[19:01:19] Step 6: Preparing restore environment...
[19:01:19]   Copying application scripts...
[19:01:20] Step 6.5: Ensuring /tmp/counter binary is present on destination...
[19:01:20] Step 7: Restoring process...
[19:01:21]   Restore time: 309 ms
[19:01:21] Step 8: Verifying migration...
[19:01:24]   Expected min: 6 (after ~3.0s → ~9), Observed: 9
[19:01:24] ✓ SUCCESS: Counter continued correctly!
[19:01:24] Total downtime: 1840 ms
[19:01:24] Effective bandwidth: 0.23 Mbps
[19:01:24] Metrics saved to /home/ivo/Documents/University/4to/Thesis-AAAAAAAa/Container-vs-Wasm-Service-Migration/Container/metrics/migration_metrics.csv
[exit=0]

$ python3 /home/ivo/Documents/University/4to/Thesis-AAAAAAAa/Container-vs-Wasm-Service-Migration/Container/scripts/setup/reset_nodes.py edge-node-1 edge-node-2
[19:01:25] Resetting nodes: edge-node-1 -> edge-node-2
[19:01:25] Step 1: Killing any existing processes on source...
[19:01:25]   Killing PID 87423 (from /home/ubuntu/app.pid)
[19:01:26]   Killing PID 87423 (from /home/ubuntu/counter.pid)
[19:01:26]   Killing any remaining background processes...
[19:01:27] Step 2: Cleaning source node...
[19:01:28] Step 3: Cleaning destination node...
[19:01:29]   Killing all remaining counter processes on destination...
[19:01:32] ✓ Reset complete, nodes are clean
[19:01:32]   Next: Start your application
[exit=0]

$ bash /home/ivo/Documents/University/4to/Thesis-AAAAAAAa/Container-vs-Wasm-Service-Migration/Container/scripts/workloads/start_counter_c.sh edge-node-1
[19:01:32] Transferring counter.c to edge-node-1...
[19:01:32] Compiling counter.c on edge-node-1...
[19:01:33] Starting counter on edge-node-1...
✓ C counter running (PID: 88826)
[19:01:34] ✓ Counter started
[exit=0]
[repeat] warmup 2s

$ python3 /home/ivo/Documents/University/4to/Thesis-AAAAAAAa/Container-vs-Wasm-Service-Migration/Container/scripts/orchestrators/criu_benchmark.py cold --source edge-node-1 --dest edge-node-2 --transfer-mode host --run-id repeat-suite-20260330-185020-cold-host-031
[19:01:37] Starting cold migration...
[19:01:37] Source: edge-node-1, Dest: edge-node-2
[19:01:37] Transfer mode: host

[19:01:37] === COLD MIGRATION ===
[19:01:37] Step 1: Checking source process...
[19:01:38]   Using PID from /home/ubuntu/counter.pid: 88826
[19:01:38]   Last counter value (pre-freeze): 4
[19:01:38]   Architecture: x86_64 (compatible)
[19:01:38] Step 2: Dumping process with CRIU...
[19:01:39]   Frozen last counter value: 5
[19:01:39]   Expected after restore: 6
[19:01:39]   Checkpoint time: 627 ms
[19:01:39] Step 3: Creating archive...
[19:01:40]   Archive size: 25197 bytes
[19:01:40] Step 4: Transferring archive...
  Transferring /home/ubuntu/CRIU-counter.tar.gz via host...
[19:01:41]   Transfer time: 1101 ms
[19:01:41] Step 5: Unpacking on destination...
[19:01:41] Step 6: Preparing restore environment...
[19:01:42]   Copying application scripts...
[19:01:43] Step 6.5: Ensuring /tmp/counter binary is present on destination...
[19:01:43] Step 7: Restoring process...
[19:01:43]   Restore time: 333 ms
[19:01:43] Step 8: Verifying migration...
[19:01:47]   Expected min: 6 (after ~3.0s → ~9), Observed: 9
[19:01:47] ✓ SUCCESS: Counter continued correctly!
[19:01:47] Total downtime: 2061 ms
[19:01:47] Effective bandwidth: 0.18 Mbps
[19:01:47] Metrics saved to /home/ivo/Documents/University/4to/Thesis-AAAAAAAa/Container-vs-Wasm-Service-Migration/Container/metrics/migration_metrics.csv
[exit=0]

$ python3 /home/ivo/Documents/University/4to/Thesis-AAAAAAAa/Container-vs-Wasm-Service-Migration/Container/scripts/setup/reset_nodes.py edge-node-1 edge-node-2
[19:01:48] Resetting nodes: edge-node-1 -> edge-node-2
[19:01:48] Step 1: Killing any existing processes on source...
[19:01:48]   Killing PID 88826 (from /home/ubuntu/app.pid)
[19:01:49]   Killing PID 88826 (from /home/ubuntu/counter.pid)
[19:01:49]   Killing any remaining background processes...
[19:01:50] Step 2: Cleaning source node...
[19:01:51] Step 3: Cleaning destination node...
[19:01:52]   Killing all remaining counter processes on destination...
[19:01:55] ✓ Reset complete, nodes are clean
[19:01:55]   Next: Start your application
[exit=0]

$ bash /home/ivo/Documents/University/4to/Thesis-AAAAAAAa/Container-vs-Wasm-Service-Migration/Container/scripts/workloads/start_counter_c.sh edge-node-1
[19:01:55] Transferring counter.c to edge-node-1...
[19:01:55] Compiling counter.c on edge-node-1...
[19:01:55] Starting counter on edge-node-1...
✓ C counter running (PID: 90229)
[19:01:57] ✓ Counter started
[exit=0]
[repeat] warmup 2s

$ python3 /home/ivo/Documents/University/4to/Thesis-AAAAAAAa/Container-vs-Wasm-Service-Migration/Container/scripts/orchestrators/criu_benchmark.py cold --source edge-node-1 --dest edge-node-2 --transfer-mode host --run-id repeat-suite-20260330-185020-cold-host-032
[19:01:59] Starting cold migration...
[19:01:59] Source: edge-node-1, Dest: edge-node-2
[19:01:59] Transfer mode: host

[19:01:59] === COLD MIGRATION ===
[19:01:59] Step 1: Checking source process...
[19:02:00]   Using PID from /home/ubuntu/counter.pid: 90229
[19:02:00]   Last counter value (pre-freeze): 4
[19:02:01]   Architecture: x86_64 (compatible)
[19:02:01] Step 2: Dumping process with CRIU...
[19:02:01]   Frozen last counter value: 5
[19:02:01]   Expected after restore: 6
[19:02:01]   Checkpoint time: 607 ms
[19:02:01] Step 3: Creating archive...
[19:02:02]   Archive size: 25077 bytes
[19:02:02] Step 4: Transferring archive...
  Transferring /home/ubuntu/CRIU-counter.tar.gz via host...
[19:02:03]   Transfer time: 885 ms
[19:02:03] Step 5: Unpacking on destination...
[19:02:03] Step 6: Preparing restore environment...
[19:02:04]   Copying application scripts...
[19:02:05] Step 6.5: Ensuring /tmp/counter binary is present on destination...
[19:02:05] Step 7: Restoring process...
[19:02:05]   Restore time: 323 ms
[19:02:05] Step 8: Verifying migration...
[19:02:09]   Expected min: 6 (after ~3.0s → ~9), Observed: 9
[19:02:09] ✓ SUCCESS: Counter continued correctly!
[19:02:09] Total downtime: 1815 ms
[19:02:09] Effective bandwidth: 0.23 Mbps
[19:02:09] Metrics saved to /home/ivo/Documents/University/4to/Thesis-AAAAAAAa/Container-vs-Wasm-Service-Migration/Container/metrics/migration_metrics.csv
[exit=0]

$ python3 /home/ivo/Documents/University/4to/Thesis-AAAAAAAa/Container-vs-Wasm-Service-Migration/Container/scripts/setup/reset_nodes.py edge-node-1 edge-node-2
[19:02:09] Resetting nodes: edge-node-1 -> edge-node-2
[19:02:09] Step 1: Killing any existing processes on source...
[19:02:10]   Killing PID 90229 (from /home/ubuntu/app.pid)
[19:02:10]   Killing PID 90229 (from /home/ubuntu/counter.pid)
[19:02:11]   Killing any remaining background processes...
[19:02:12] Step 2: Cleaning source node...
[19:02:13] Step 3: Cleaning destination node...
[19:02:13]   Killing all remaining counter processes on destination...
[19:02:16] ✓ Reset complete, nodes are clean
[19:02:16]   Next: Start your application
[exit=0]

$ bash /home/ivo/Documents/University/4to/Thesis-AAAAAAAa/Container-vs-Wasm-Service-Migration/Container/scripts/workloads/start_counter_c.sh edge-node-1
[19:02:16] Transferring counter.c to edge-node-1...
[19:02:17] Compiling counter.c on edge-node-1...
[19:02:17] Starting counter on edge-node-1...
✓ C counter running (PID: 91624)
[19:02:19] ✓ Counter started
[exit=0]
[repeat] warmup 2s

$ python3 /home/ivo/Documents/University/4to/Thesis-AAAAAAAa/Container-vs-Wasm-Service-Migration/Container/scripts/orchestrators/criu_benchmark.py cold --source edge-node-1 --dest edge-node-2 --transfer-mode host --run-id repeat-suite-20260330-185020-cold-host-033
[19:02:21] Starting cold migration...
[19:02:21] Source: edge-node-1, Dest: edge-node-2
[19:02:21] Transfer mode: host

[19:02:21] === COLD MIGRATION ===
[19:02:21] Step 1: Checking source process...
[19:02:22]   Using PID from /home/ubuntu/counter.pid: 91624
[19:02:22]   Last counter value (pre-freeze): 5
[19:02:23]   Architecture: x86_64 (compatible)
[19:02:23] Step 2: Dumping process with CRIU...
[19:02:24]   Frozen last counter value: 5
[19:02:24]   Expected after restore: 6
[19:02:24]   Checkpoint time: 627 ms
[19:02:24] Step 3: Creating archive...
[19:02:24]   Archive size: 25053 bytes
[19:02:24] Step 4: Transferring archive...
  Transferring /home/ubuntu/CRIU-counter.tar.gz via host...
[19:02:25]   Transfer time: 927 ms
[19:02:25] Step 5: Unpacking on destination...
[19:02:26] Step 6: Preparing restore environment...
[19:02:26]   Copying application scripts...
[19:02:27] Step 6.5: Ensuring /tmp/counter binary is present on destination...
[19:02:27] Step 7: Restoring process...
[19:02:28]   Restore time: 315 ms
[19:02:28] Step 8: Verifying migration...
[19:02:31]   Expected min: 6 (after ~3.0s → ~9), Observed: 9
[19:02:31] ✓ SUCCESS: Counter continued correctly!
[19:02:31] Total downtime: 1869 ms
[19:02:31] Effective bandwidth: 0.22 Mbps
[19:02:31] Metrics saved to /home/ivo/Documents/University/4to/Thesis-AAAAAAAa/Container-vs-Wasm-Service-Migration/Container/metrics/migration_metrics.csv
[exit=0]

$ python3 /home/ivo/Documents/University/4to/Thesis-AAAAAAAa/Container-vs-Wasm-Service-Migration/Container/scripts/setup/reset_nodes.py edge-node-1 edge-node-2
[19:02:32] Resetting nodes: edge-node-1 -> edge-node-2
[19:02:32] Step 1: Killing any existing processes on source...
[19:02:32]   Killing PID 91624 (from /home/ubuntu/app.pid)
[19:02:33]   Killing PID 91624 (from /home/ubuntu/counter.pid)
[19:02:34]   Killing any remaining background processes...
[19:02:35] Step 2: Cleaning source node...
[19:02:36] Step 3: Cleaning destination node...
[19:02:37]   Killing all remaining counter processes on destination...
[19:02:40] ✓ Reset complete, nodes are clean
[19:02:40]   Next: Start your application
[exit=0]

$ bash /home/ivo/Documents/University/4to/Thesis-AAAAAAAa/Container-vs-Wasm-Service-Migration/Container/scripts/workloads/start_counter_c.sh edge-node-1
[19:02:40] Transferring counter.c to edge-node-1...
[19:02:40] Compiling counter.c on edge-node-1...
[19:02:40] Starting counter on edge-node-1...
✓ C counter running (PID: 93028)
[19:02:42] ✓ Counter started
[exit=0]
[repeat] warmup 2s

$ python3 /home/ivo/Documents/University/4to/Thesis-AAAAAAAa/Container-vs-Wasm-Service-Migration/Container/scripts/orchestrators/criu_benchmark.py cold --source edge-node-1 --dest edge-node-2 --transfer-mode host --run-id repeat-suite-20260330-185020-cold-host-034
[19:02:45] Starting cold migration...
[19:02:45] Source: edge-node-1, Dest: edge-node-2
[19:02:45] Transfer mode: host

[19:02:45] === COLD MIGRATION ===
[19:02:45] Step 1: Checking source process...
[19:02:45]   Using PID from /home/ubuntu/counter.pid: 93028
[19:02:46]   Last counter value (pre-freeze): 4
[19:02:46]   Architecture: x86_64 (compatible)
[19:02:46] Step 2: Dumping process with CRIU...
[19:02:47]   Frozen last counter value: 5
[19:02:47]   Expected after restore: 6
[19:02:47]   Checkpoint time: 597 ms
[19:02:47] Step 3: Creating archive...
[19:02:47]   Archive size: 25247 bytes
[19:02:47] Step 4: Transferring archive...
  Transferring /home/ubuntu/CRIU-counter.tar.gz via host...
[19:02:48]   Transfer time: 867 ms
[19:02:48] Step 5: Unpacking on destination...
[19:02:49] Step 6: Preparing restore environment...
[19:02:49]   Copying application scripts...
[19:02:50] Step 6.5: Ensuring /tmp/counter binary is present on destination...
[19:02:50] Step 7: Restoring process...
[19:02:51]   Restore time: 321 ms
[19:02:51] Step 8: Verifying migration...
[19:02:54]   Expected min: 6 (after ~3.0s → ~9), Observed: 9
[19:02:54] ✓ SUCCESS: Counter continued correctly!
[19:02:54] Total downtime: 1785 ms
[19:02:54] Effective bandwidth: 0.23 Mbps
[19:02:54] Metrics saved to /home/ivo/Documents/University/4to/Thesis-AAAAAAAa/Container-vs-Wasm-Service-Migration/Container/metrics/migration_metrics.csv
[exit=0]

$ python3 /home/ivo/Documents/University/4to/Thesis-AAAAAAAa/Container-vs-Wasm-Service-Migration/Container/scripts/setup/reset_nodes.py edge-node-1 edge-node-2
[19:02:55] Resetting nodes: edge-node-1 -> edge-node-2
[19:02:55] Step 1: Killing any existing processes on source...
[19:02:55]   Killing PID 93028 (from /home/ubuntu/app.pid)
[19:02:56]   Killing PID 93028 (from /home/ubuntu/counter.pid)
[19:02:57]   Killing any remaining background processes...
[19:02:57] Step 2: Cleaning source node...
[19:02:59] Step 3: Cleaning destination node...
[19:02:59]   Killing all remaining counter processes on destination...
[19:03:02] ✓ Reset complete, nodes are clean
[19:03:02]   Next: Start your application
[exit=0]

$ bash /home/ivo/Documents/University/4to/Thesis-AAAAAAAa/Container-vs-Wasm-Service-Migration/Container/scripts/workloads/start_counter_c.sh edge-node-1
[19:03:02] Transferring counter.c to edge-node-1...
[19:03:03] Compiling counter.c on edge-node-1...
[19:03:03] Starting counter on edge-node-1...
✓ C counter running (PID: 94423)
[19:03:05] ✓ Counter started
[exit=0]
[repeat] warmup 2s

$ python3 /home/ivo/Documents/University/4to/Thesis-AAAAAAAa/Container-vs-Wasm-Service-Migration/Container/scripts/orchestrators/criu_benchmark.py cold --source edge-node-1 --dest edge-node-2 --transfer-mode host --run-id repeat-suite-20260330-185020-cold-host-035
[19:03:07] Starting cold migration...
[19:03:07] Source: edge-node-1, Dest: edge-node-2
[19:03:07] Transfer mode: host

[19:03:07] === COLD MIGRATION ===
[19:03:07] Step 1: Checking source process...
[19:03:08]   Using PID from /home/ubuntu/counter.pid: 94423
[19:03:08]   Last counter value (pre-freeze): 4
[19:03:09]   Architecture: x86_64 (compatible)
[19:03:09] Step 2: Dumping process with CRIU...
[19:03:10]   Frozen last counter value: 5
[19:03:10]   Expected after restore: 6
[19:03:10]   Checkpoint time: 672 ms
[19:03:10] Step 3: Creating archive...
[19:03:10]   Archive size: 25213 bytes
[19:03:10] Step 4: Transferring archive...
  Transferring /home/ubuntu/CRIU-counter.tar.gz via host...
[19:03:11]   Transfer time: 919 ms
[19:03:11] Step 5: Unpacking on destination...
[19:03:12] Step 6: Preparing restore environment...
[19:03:12]   Copying application scripts...
[19:03:13] Step 6.5: Ensuring /tmp/counter binary is present on destination...
[19:03:14] Step 7: Restoring process...
[19:03:14]   Restore time: 346 ms
[19:03:14] Step 8: Verifying migration...
[19:03:18]   Expected min: 6 (after ~3.0s → ~9), Observed: 9
[19:03:18] ✓ SUCCESS: Counter continued correctly!
[19:03:18] Total downtime: 1937 ms
[19:03:18] Effective bandwidth: 0.22 Mbps
[19:03:18] Metrics saved to /home/ivo/Documents/University/4to/Thesis-AAAAAAAa/Container-vs-Wasm-Service-Migration/Container/metrics/migration_metrics.csv
[exit=0]

$ python3 /home/ivo/Documents/University/4to/Thesis-AAAAAAAa/Container-vs-Wasm-Service-Migration/Container/scripts/setup/reset_nodes.py edge-node-1 edge-node-2
[19:03:18] Resetting nodes: edge-node-1 -> edge-node-2
[19:03:18] Step 1: Killing any existing processes on source...
[19:03:19]   Killing PID 94423 (from /home/ubuntu/app.pid)
[19:03:19]   Killing PID 94423 (from /home/ubuntu/counter.pid)
[19:03:20]   Killing any remaining background processes...
[19:03:21] Step 2: Cleaning source node...
[19:03:22] Step 3: Cleaning destination node...
[19:03:23]   Killing all remaining counter processes on destination...
[19:03:26] ✓ Reset complete, nodes are clean
[19:03:26]   Next: Start your application
[exit=0]

$ bash /home/ivo/Documents/University/4to/Thesis-AAAAAAAa/Container-vs-Wasm-Service-Migration/Container/scripts/workloads/start_counter_c.sh edge-node-1
[19:03:26] Transferring counter.c to edge-node-1...
[19:03:26] Compiling counter.c on edge-node-1...
[19:03:26] Starting counter on edge-node-1...
✓ C counter running (PID: 95826)
[19:03:28] ✓ Counter started
[exit=0]
[repeat] warmup 2s

$ python3 /home/ivo/Documents/University/4to/Thesis-AAAAAAAa/Container-vs-Wasm-Service-Migration/Container/scripts/orchestrators/criu_benchmark.py cold --source edge-node-1 --dest edge-node-2 --transfer-mode host --run-id repeat-suite-20260330-185020-cold-host-036
[19:03:30] Starting cold migration...
[19:03:30] Source: edge-node-1, Dest: edge-node-2
[19:03:30] Transfer mode: host

[19:03:30] === COLD MIGRATION ===
[19:03:30] Step 1: Checking source process...
[19:03:31]   Using PID from /home/ubuntu/counter.pid: 95826
[19:03:31]   Last counter value (pre-freeze): 4
[19:03:32]   Architecture: x86_64 (compatible)
[19:03:32] Step 2: Dumping process with CRIU...
[19:03:33]   Frozen last counter value: 5
[19:03:33]   Expected after restore: 6
[19:03:33]   Checkpoint time: 759 ms
[19:03:33] Step 3: Creating archive...
[19:03:33]   Archive size: 25115 bytes
[19:03:33] Step 4: Transferring archive...
  Transferring /home/ubuntu/CRIU-counter.tar.gz via host...
[19:03:35]   Transfer time: 1418 ms
[19:03:35] Step 5: Unpacking on destination...
[19:03:35] Step 6: Preparing restore environment...
[19:03:36]   Copying application scripts...
[19:03:37] Step 6.5: Ensuring /tmp/counter binary is present on destination...
[19:03:37] Step 7: Restoring process...
[19:03:38]   Restore time: 349 ms
[19:03:38] Step 8: Verifying migration...
[19:03:41]   Expected min: 6 (after ~3.0s → ~9), Observed: 9
[19:03:41] ✓ SUCCESS: Counter continued correctly!
[19:03:41] Total downtime: 2526 ms
[19:03:41] Effective bandwidth: 0.14 Mbps
[19:03:41] Metrics saved to /home/ivo/Documents/University/4to/Thesis-AAAAAAAa/Container-vs-Wasm-Service-Migration/Container/metrics/migration_metrics.csv
[exit=0]

$ python3 /home/ivo/Documents/University/4to/Thesis-AAAAAAAa/Container-vs-Wasm-Service-Migration/Container/scripts/setup/reset_nodes.py edge-node-1 edge-node-2
[19:03:42] Resetting nodes: edge-node-1 -> edge-node-2
[19:03:42] Step 1: Killing any existing processes on source...
[19:03:42]   Killing PID 95826 (from /home/ubuntu/app.pid)
[19:03:43]   Killing PID 95826 (from /home/ubuntu/counter.pid)
[19:03:44]   Killing any remaining background processes...
[19:03:45] Step 2: Cleaning source node...
[19:03:46] Step 3: Cleaning destination node...
[19:03:47]   Killing all remaining counter processes on destination...
[19:03:50] ✓ Reset complete, nodes are clean
[19:03:50]   Next: Start your application
[exit=0]

$ bash /home/ivo/Documents/University/4to/Thesis-AAAAAAAa/Container-vs-Wasm-Service-Migration/Container/scripts/workloads/start_counter_c.sh edge-node-1
[19:03:50] Transferring counter.c to edge-node-1...
[19:03:50] Compiling counter.c on edge-node-1...
[19:03:50] Starting counter on edge-node-1...
✓ C counter running (PID: 97230)
[19:03:52] ✓ Counter started
[exit=0]
[repeat] warmup 2s

$ python3 /home/ivo/Documents/University/4to/Thesis-AAAAAAAa/Container-vs-Wasm-Service-Migration/Container/scripts/orchestrators/criu_benchmark.py cold --source edge-node-1 --dest edge-node-2 --transfer-mode host --run-id repeat-suite-20260330-185020-cold-host-037
[19:03:54] Starting cold migration...
[19:03:54] Source: edge-node-1, Dest: edge-node-2
[19:03:54] Transfer mode: host

[19:03:54] === COLD MIGRATION ===
[19:03:54] Step 1: Checking source process...
[19:03:55]   Using PID from /home/ubuntu/counter.pid: 97230
[19:03:55]   Last counter value (pre-freeze): 4
[19:03:56]   Architecture: x86_64 (compatible)
[19:03:56] Step 2: Dumping process with CRIU...
[19:03:57]   Frozen last counter value: 5
[19:03:57]   Expected after restore: 6
[19:03:57]   Checkpoint time: 607 ms
[19:03:57] Step 3: Creating archive...
[19:03:57]   Archive size: 25385 bytes
[19:03:57] Step 4: Transferring archive...
  Transferring /home/ubuntu/CRIU-counter.tar.gz via host...
[19:03:58]   Transfer time: 836 ms
[19:03:58] Step 5: Unpacking on destination...
[19:03:58] Step 6: Preparing restore environment...
[19:03:59]   Copying application scripts...
[19:04:00] Step 6.5: Ensuring /tmp/counter binary is present on destination...
[19:04:00] Step 7: Restoring process...
[19:04:00]   Restore time: 334 ms
[19:04:00] Step 8: Verifying migration...
[19:04:04]   Expected min: 6 (after ~3.0s → ~9), Observed: 9
[19:04:04] ✓ SUCCESS: Counter continued correctly!
[19:04:04] Total downtime: 1777 ms
[19:04:04] Effective bandwidth: 0.24 Mbps
[19:04:04] Metrics saved to /home/ivo/Documents/University/4to/Thesis-AAAAAAAa/Container-vs-Wasm-Service-Migration/Container/metrics/migration_metrics.csv
[exit=0]

$ python3 /home/ivo/Documents/University/4to/Thesis-AAAAAAAa/Container-vs-Wasm-Service-Migration/Container/scripts/setup/reset_nodes.py edge-node-1 edge-node-2
[19:04:05] Resetting nodes: edge-node-1 -> edge-node-2
[19:04:05] Step 1: Killing any existing processes on source...
[19:04:05]   Killing PID 97230 (from /home/ubuntu/app.pid)
[19:04:06]   Killing PID 97230 (from /home/ubuntu/counter.pid)
[19:04:06]   Killing any remaining background processes...
[19:04:07] Step 2: Cleaning source node...
[19:04:08] Step 3: Cleaning destination node...
[19:04:09]   Killing all remaining counter processes on destination...
[19:04:11] ✓ Reset complete, nodes are clean
[19:04:11]   Next: Start your application
[exit=0]

$ bash /home/ivo/Documents/University/4to/Thesis-AAAAAAAa/Container-vs-Wasm-Service-Migration/Container/scripts/workloads/start_counter_c.sh edge-node-1
[19:04:11] Transferring counter.c to edge-node-1...
[19:04:12] Compiling counter.c on edge-node-1...
[19:04:12] Starting counter on edge-node-1...
✓ C counter running (PID: 98626)
[19:04:13] ✓ Counter started
[exit=0]
[repeat] warmup 2s

$ python3 /home/ivo/Documents/University/4to/Thesis-AAAAAAAa/Container-vs-Wasm-Service-Migration/Container/scripts/orchestrators/criu_benchmark.py cold --source edge-node-1 --dest edge-node-2 --transfer-mode host --run-id repeat-suite-20260330-185020-cold-host-038
[19:04:16] Starting cold migration...
[19:04:16] Source: edge-node-1, Dest: edge-node-2
[19:04:16] Transfer mode: host

[19:04:16] === COLD MIGRATION ===
[19:04:16] Step 1: Checking source process...
[19:04:17]   Using PID from /home/ubuntu/counter.pid: 98626
[19:04:17]   Last counter value (pre-freeze): 4
[19:04:17]   Architecture: x86_64 (compatible)
[19:04:17] Step 2: Dumping process with CRIU...
[19:04:18]   Frozen last counter value: 5
[19:04:18]   Expected after restore: 6
[19:04:18]   Checkpoint time: 633 ms
[19:04:18] Step 3: Creating archive...
[19:04:19]   Archive size: 25102 bytes
[19:04:19] Step 4: Transferring archive...
  Transferring /home/ubuntu/CRIU-counter.tar.gz via host...
[19:04:20]   Transfer time: 868 ms
[19:04:20] Step 5: Unpacking on destination...
[19:04:20] Step 6: Preparing restore environment...
[19:04:21]   Copying application scripts...
[19:04:21] Step 6.5: Ensuring /tmp/counter binary is present on destination...
[19:04:22] Step 7: Restoring process...
[19:04:22]   Restore time: 322 ms
[19:04:22] Step 8: Verifying migration...
[19:04:26]   Expected min: 6 (after ~3.0s → ~9), Observed: 9
[19:04:26] ✓ SUCCESS: Counter continued correctly!
[19:04:26] Total downtime: 1823 ms
[19:04:26] Effective bandwidth: 0.23 Mbps
[19:04:26] Metrics saved to /home/ivo/Documents/University/4to/Thesis-AAAAAAAa/Container-vs-Wasm-Service-Migration/Container/metrics/migration_metrics.csv
[exit=0]

$ python3 /home/ivo/Documents/University/4to/Thesis-AAAAAAAa/Container-vs-Wasm-Service-Migration/Container/scripts/setup/reset_nodes.py edge-node-1 edge-node-2
[19:04:26] Resetting nodes: edge-node-1 -> edge-node-2
[19:04:26] Step 1: Killing any existing processes on source...
[19:04:27]   Killing PID 98626 (from /home/ubuntu/app.pid)
[19:04:27]   Killing PID 98626 (from /home/ubuntu/counter.pid)
[19:04:28]   Killing any remaining background processes...
[19:04:29] Step 2: Cleaning source node...
[19:04:30] Step 3: Cleaning destination node...
[19:04:31]   Killing all remaining counter processes on destination...
[19:04:34] ✓ Reset complete, nodes are clean
[19:04:34]   Next: Start your application
[exit=0]

$ bash /home/ivo/Documents/University/4to/Thesis-AAAAAAAa/Container-vs-Wasm-Service-Migration/Container/scripts/workloads/start_counter_c.sh edge-node-1
[19:04:34] Transferring counter.c to edge-node-1...
[19:04:34] Compiling counter.c on edge-node-1...
[19:04:35] Starting counter on edge-node-1...
✓ C counter running (PID: 100029)
[19:04:36] ✓ Counter started
[exit=0]
[repeat] warmup 2s

$ python3 /home/ivo/Documents/University/4to/Thesis-AAAAAAAa/Container-vs-Wasm-Service-Migration/Container/scripts/orchestrators/criu_benchmark.py cold --source edge-node-1 --dest edge-node-2 --transfer-mode host --run-id repeat-suite-20260330-185020-cold-host-039
[19:04:39] Starting cold migration...
[19:04:39] Source: edge-node-1, Dest: edge-node-2
[19:04:39] Transfer mode: host

[19:04:39] === COLD MIGRATION ===
[19:04:39] Step 1: Checking source process...
[19:04:39]   Using PID from /home/ubuntu/counter.pid: 100029
[19:04:40]   Last counter value (pre-freeze): 4
[19:04:40]   Architecture: x86_64 (compatible)
[19:04:40] Step 2: Dumping process with CRIU...
[19:04:41]   Frozen last counter value: 5
[19:04:41]   Expected after restore: 6
[19:04:41]   Checkpoint time: 644 ms
[19:04:41] Step 3: Creating archive...
[19:04:42]   Archive size: 24980 bytes
[19:04:42] Step 4: Transferring archive...
  Transferring /home/ubuntu/CRIU-counter.tar.gz via host...
[19:04:43]   Transfer time: 940 ms
[19:04:43] Step 5: Unpacking on destination...
[19:04:43] Step 6: Preparing restore environment...
[19:04:44]   Copying application scripts...
[19:04:45] Step 6.5: Ensuring /tmp/counter binary is present on destination...
[19:04:45] Step 7: Restoring process...
[19:04:45]   Restore time: 333 ms
[19:04:45] Step 8: Verifying migration...
[19:04:49]   Expected min: 6 (after ~3.0s → ~9), Observed: 9
[19:04:49] ✓ SUCCESS: Counter continued correctly!
[19:04:49] Total downtime: 1917 ms
[19:04:49] Effective bandwidth: 0.21 Mbps
[19:04:49] Metrics saved to /home/ivo/Documents/University/4to/Thesis-AAAAAAAa/Container-vs-Wasm-Service-Migration/Container/metrics/migration_metrics.csv
[exit=0]

$ python3 /home/ivo/Documents/University/4to/Thesis-AAAAAAAa/Container-vs-Wasm-Service-Migration/Container/scripts/setup/reset_nodes.py edge-node-1 edge-node-2
[19:04:50] Resetting nodes: edge-node-1 -> edge-node-2
[19:04:50] Step 1: Killing any existing processes on source...
[19:04:50]   Killing PID 100029 (from /home/ubuntu/app.pid)
[19:04:51]   Killing PID 100029 (from /home/ubuntu/counter.pid)
[19:04:51]   Killing any remaining background processes...
[19:04:52] Step 2: Cleaning source node...
[19:04:53] Step 3: Cleaning destination node...
[19:04:54]   Killing all remaining counter processes on destination...
[19:04:57] ✓ Reset complete, nodes are clean
[19:04:57]   Next: Start your application
[exit=0]

$ bash /home/ivo/Documents/University/4to/Thesis-AAAAAAAa/Container-vs-Wasm-Service-Migration/Container/scripts/workloads/start_counter_c.sh edge-node-1
[19:04:57] Transferring counter.c to edge-node-1...
[19:04:57] Compiling counter.c on edge-node-1...
[19:04:57] Starting counter on edge-node-1...
✓ C counter running (PID: 101422)
[19:04:59] ✓ Counter started
[exit=0]
[repeat] warmup 2s

$ python3 /home/ivo/Documents/University/4to/Thesis-AAAAAAAa/Container-vs-Wasm-Service-Migration/Container/scripts/orchestrators/criu_benchmark.py cold --source edge-node-1 --dest edge-node-2 --transfer-mode host --run-id repeat-suite-20260330-185020-cold-host-040
[19:05:01] Starting cold migration...
[19:05:01] Source: edge-node-1, Dest: edge-node-2
[19:05:01] Transfer mode: host

[19:05:01] === COLD MIGRATION ===
[19:05:01] Step 1: Checking source process...
[19:05:02]   Using PID from /home/ubuntu/counter.pid: 101422
[19:05:02]   Last counter value (pre-freeze): 4
[19:05:03]   Architecture: x86_64 (compatible)
[19:05:03] Step 2: Dumping process with CRIU...
[19:05:04]   Frozen last counter value: 5
[19:05:04]   Expected after restore: 6
[19:05:04]   Checkpoint time: 678 ms
[19:05:04] Step 3: Creating archive...
[19:05:04]   Archive size: 25186 bytes
[19:05:04] Step 4: Transferring archive...
  Transferring /home/ubuntu/CRIU-counter.tar.gz via host...
[19:05:05]   Transfer time: 943 ms
[19:05:05] Step 5: Unpacking on destination...
[19:05:05] Step 6: Preparing restore environment...
[19:05:06]   Copying application scripts...
[19:05:07] Step 6.5: Ensuring /tmp/counter binary is present on destination...
[19:05:07] Step 7: Restoring process...
[19:05:08]   Restore time: 322 ms
[19:05:08] Step 8: Verifying migration...
[19:05:11]   Expected min: 6 (after ~3.0s → ~9), Observed: 9
[19:05:11] ✓ SUCCESS: Counter continued correctly!
[19:05:11] Total downtime: 1943 ms
[19:05:11] Effective bandwidth: 0.21 Mbps
[19:05:11] Metrics saved to /home/ivo/Documents/University/4to/Thesis-AAAAAAAa/Container-vs-Wasm-Service-Migration/Container/metrics/migration_metrics.csv
[exit=0]

$ python3 /home/ivo/Documents/University/4to/Thesis-AAAAAAAa/Container-vs-Wasm-Service-Migration/Container/scripts/setup/reset_nodes.py edge-node-1 edge-node-2
[19:05:12] Resetting nodes: edge-node-1 -> edge-node-2
[19:05:12] Step 1: Killing any existing processes on source...
[19:05:12]   Killing PID 101422 (from /home/ubuntu/app.pid)
[19:05:13]   Killing PID 101422 (from /home/ubuntu/counter.pid)
[19:05:13]   Killing any remaining background processes...
[19:05:14] Step 2: Cleaning source node...
[19:05:15] Step 3: Cleaning destination node...
[19:05:16]   Killing all remaining counter processes on destination...
[19:05:19] ✓ Reset complete, nodes are clean
[19:05:19]   Next: Start your application
[exit=0]

$ bash /home/ivo/Documents/University/4to/Thesis-AAAAAAAa/Container-vs-Wasm-Service-Migration/Container/scripts/workloads/start_counter_c.sh edge-node-1
[19:05:19] Transferring counter.c to edge-node-1...
[19:05:19] Compiling counter.c on edge-node-1...
[19:05:19] Starting counter on edge-node-1...
✓ C counter running (PID: 102828)
[19:05:21] ✓ Counter started
[exit=0]
[repeat] warmup 2s

$ python3 /home/ivo/Documents/University/4to/Thesis-AAAAAAAa/Container-vs-Wasm-Service-Migration/Container/scripts/orchestrators/criu_benchmark.py cold --source edge-node-1 --dest edge-node-2 --transfer-mode host --run-id repeat-suite-20260330-185020-cold-host-041
[19:05:23] Starting cold migration...
[19:05:23] Source: edge-node-1, Dest: edge-node-2
[19:05:23] Transfer mode: host

[19:05:23] === COLD MIGRATION ===
[19:05:23] Step 1: Checking source process...
[19:05:24]   Using PID from /home/ubuntu/counter.pid: 102828
[19:05:24]   Last counter value (pre-freeze): 4
[19:05:25]   Architecture: x86_64 (compatible)
[19:05:25] Step 2: Dumping process with CRIU...
[19:05:26]   Frozen last counter value: 5
[19:05:26]   Expected after restore: 6
[19:05:26]   Checkpoint time: 606 ms
[19:05:26] Step 3: Creating archive...
[19:05:26]   Archive size: 24970 bytes
[19:05:26] Step 4: Transferring archive...
  Transferring /home/ubuntu/CRIU-counter.tar.gz via host...
[19:05:27]   Transfer time: 885 ms
[19:05:27] Step 5: Unpacking on destination...
[19:05:27] Step 6: Preparing restore environment...
[19:05:28]   Copying application scripts...
[19:05:29] Step 6.5: Ensuring /tmp/counter binary is present on destination...
[19:05:29] Step 7: Restoring process...
[19:05:29]   Restore time: 331 ms
[19:05:29] Step 8: Verifying migration...
[19:05:33]   Expected min: 6 (after ~3.0s → ~9), Observed: 9
[19:05:33] ✓ SUCCESS: Counter continued correctly!
[19:05:33] Total downtime: 1822 ms
[19:05:33] Effective bandwidth: 0.23 Mbps
[19:05:33] Metrics saved to /home/ivo/Documents/University/4to/Thesis-AAAAAAAa/Container-vs-Wasm-Service-Migration/Container/metrics/migration_metrics.csv
[exit=0]

$ python3 /home/ivo/Documents/University/4to/Thesis-AAAAAAAa/Container-vs-Wasm-Service-Migration/Container/scripts/setup/reset_nodes.py edge-node-1 edge-node-2
[19:05:34] Resetting nodes: edge-node-1 -> edge-node-2
[19:05:34] Step 1: Killing any existing processes on source...
[19:05:34]   Killing PID 102828 (from /home/ubuntu/app.pid)
[19:05:35]   Killing PID 102828 (from /home/ubuntu/counter.pid)
[19:05:35]   Killing any remaining background processes...
[19:05:36] Step 2: Cleaning source node...
[19:05:37] Step 3: Cleaning destination node...
[19:05:38]   Killing all remaining counter processes on destination...
[19:05:41] ✓ Reset complete, nodes are clean
[19:05:41]   Next: Start your application
[exit=0]

$ bash /home/ivo/Documents/University/4to/Thesis-AAAAAAAa/Container-vs-Wasm-Service-Migration/Container/scripts/workloads/start_counter_c.sh edge-node-1
[19:05:41] Transferring counter.c to edge-node-1...
[19:05:41] Compiling counter.c on edge-node-1...
[19:05:41] Starting counter on edge-node-1...
✓ C counter running (PID: 104231)
[19:05:43] ✓ Counter started
[exit=0]
[repeat] warmup 2s

$ python3 /home/ivo/Documents/University/4to/Thesis-AAAAAAAa/Container-vs-Wasm-Service-Migration/Container/scripts/orchestrators/criu_benchmark.py cold --source edge-node-1 --dest edge-node-2 --transfer-mode host --run-id repeat-suite-20260330-185020-cold-host-042
[19:05:45] Starting cold migration...
[19:05:45] Source: edge-node-1, Dest: edge-node-2
[19:05:45] Transfer mode: host

[19:05:45] === COLD MIGRATION ===
[19:05:45] Step 1: Checking source process...
[19:05:46]   Using PID from /home/ubuntu/counter.pid: 104231
[19:05:46]   Last counter value (pre-freeze): 4
[19:05:47]   Architecture: x86_64 (compatible)
[19:05:47] Step 2: Dumping process with CRIU...
[19:05:48]   Frozen last counter value: 5
[19:05:48]   Expected after restore: 6
[19:05:48]   Checkpoint time: 596 ms
[19:05:48] Step 3: Creating archive...
[19:05:48]   Archive size: 25245 bytes
[19:05:48] Step 4: Transferring archive...
  Transferring /home/ubuntu/CRIU-counter.tar.gz via host...
[19:05:49]   Transfer time: 1178 ms
[19:05:49] Step 5: Unpacking on destination...
[19:05:50] Step 6: Preparing restore environment...
[19:05:50]   Copying application scripts...
[19:05:51] Step 6.5: Ensuring /tmp/counter binary is present on destination...
[19:05:51] Step 7: Restoring process...
[19:05:52]   Restore time: 317 ms
[19:05:52] Step 8: Verifying migration...
[19:05:55]   Expected min: 6 (after ~3.0s → ~9), Observed: 9
[19:05:55] ✓ SUCCESS: Counter continued correctly!
[19:05:55] Total downtime: 2091 ms
[19:05:55] Effective bandwidth: 0.17 Mbps
[19:05:55] Metrics saved to /home/ivo/Documents/University/4to/Thesis-AAAAAAAa/Container-vs-Wasm-Service-Migration/Container/metrics/migration_metrics.csv
[exit=0]

$ python3 /home/ivo/Documents/University/4to/Thesis-AAAAAAAa/Container-vs-Wasm-Service-Migration/Container/scripts/setup/reset_nodes.py edge-node-1 edge-node-2
[19:05:56] Resetting nodes: edge-node-1 -> edge-node-2
[19:05:56] Step 1: Killing any existing processes on source...
[19:05:56]   Killing PID 104231 (from /home/ubuntu/app.pid)
[19:05:57]   Killing PID 104231 (from /home/ubuntu/counter.pid)
[19:05:58]   Killing any remaining background processes...
[19:05:58] Step 2: Cleaning source node...
[19:05:59] Step 3: Cleaning destination node...
[19:06:00]   Killing all remaining counter processes on destination...
[19:06:03] ✓ Reset complete, nodes are clean
[19:06:03]   Next: Start your application
[exit=0]

$ bash /home/ivo/Documents/University/4to/Thesis-AAAAAAAa/Container-vs-Wasm-Service-Migration/Container/scripts/workloads/start_counter_c.sh edge-node-1
[19:06:03] Transferring counter.c to edge-node-1...
[19:06:03] Compiling counter.c on edge-node-1...
[19:06:04] Starting counter on edge-node-1...
✓ C counter running (PID: 105626)
[19:06:05] ✓ Counter started
[exit=0]
[repeat] warmup 2s

$ python3 /home/ivo/Documents/University/4to/Thesis-AAAAAAAa/Container-vs-Wasm-Service-Migration/Container/scripts/orchestrators/criu_benchmark.py cold --source edge-node-1 --dest edge-node-2 --transfer-mode host --run-id repeat-suite-20260330-185020-cold-host-043
[19:06:08] Starting cold migration...
[19:06:08] Source: edge-node-1, Dest: edge-node-2
[19:06:08] Transfer mode: host

[19:06:08] === COLD MIGRATION ===
[19:06:08] Step 1: Checking source process...
[19:06:08]   Using PID from /home/ubuntu/counter.pid: 105626
[19:06:08]   Last counter value (pre-freeze): 4
[19:06:09]   Architecture: x86_64 (compatible)
[19:06:09] Step 2: Dumping process with CRIU...
[19:06:10]   Frozen last counter value: 5
[19:06:10]   Expected after restore: 6
[19:06:10]   Checkpoint time: 660 ms
[19:06:10] Step 3: Creating archive...
[19:06:10]   Archive size: 25005 bytes
[19:06:10] Step 4: Transferring archive...
  Transferring /home/ubuntu/CRIU-counter.tar.gz via host...
[19:06:11]   Transfer time: 957 ms
[19:06:11] Step 5: Unpacking on destination...
[19:06:12] Step 6: Preparing restore environment...
[19:06:12]   Copying application scripts...
[19:06:13] Step 6.5: Ensuring /tmp/counter binary is present on destination...
[19:06:13] Step 7: Restoring process...
[19:06:14]   Restore time: 303 ms
[19:06:14] Step 8: Verifying migration...
[19:06:17]   Expected min: 6 (after ~3.0s → ~9), Observed: 9
[19:06:17] ✓ SUCCESS: Counter continued correctly!
[19:06:17] Total downtime: 1920 ms
[19:06:17] Effective bandwidth: 0.21 Mbps
[19:06:17] Metrics saved to /home/ivo/Documents/University/4to/Thesis-AAAAAAAa/Container-vs-Wasm-Service-Migration/Container/metrics/migration_metrics.csv
[exit=0]

$ python3 /home/ivo/Documents/University/4to/Thesis-AAAAAAAa/Container-vs-Wasm-Service-Migration/Container/scripts/setup/reset_nodes.py edge-node-1 edge-node-2
[19:06:18] Resetting nodes: edge-node-1 -> edge-node-2
[19:06:18] Step 1: Killing any existing processes on source...
[19:06:18]   Killing PID 105626 (from /home/ubuntu/app.pid)
[19:06:19]   Killing PID 105626 (from /home/ubuntu/counter.pid)
[19:06:19]   Killing any remaining background processes...
[19:06:20] Step 2: Cleaning source node...
[19:06:21] Step 3: Cleaning destination node...
[19:06:22]   Killing all remaining counter processes on destination...
[19:06:25] ✓ Reset complete, nodes are clean
[19:06:25]   Next: Start your application
[exit=0]

$ bash /home/ivo/Documents/University/4to/Thesis-AAAAAAAa/Container-vs-Wasm-Service-Migration/Container/scripts/workloads/start_counter_c.sh edge-node-1
[19:06:25] Transferring counter.c to edge-node-1...
[19:06:25] Compiling counter.c on edge-node-1...
[19:06:26] Starting counter on edge-node-1...
✓ C counter running (PID: 107020)
[19:06:27] ✓ Counter started
[exit=0]
[repeat] warmup 2s

$ python3 /home/ivo/Documents/University/4to/Thesis-AAAAAAAa/Container-vs-Wasm-Service-Migration/Container/scripts/orchestrators/criu_benchmark.py cold --source edge-node-1 --dest edge-node-2 --transfer-mode host --run-id repeat-suite-20260330-185020-cold-host-044
[19:06:30] Starting cold migration...
[19:06:30] Source: edge-node-1, Dest: edge-node-2
[19:06:30] Transfer mode: host

[19:06:30] === COLD MIGRATION ===
[19:06:30] Step 1: Checking source process...
[19:06:30]   Using PID from /home/ubuntu/counter.pid: 107020
[19:06:30]   Last counter value (pre-freeze): 4
[19:06:31]   Architecture: x86_64 (compatible)
[19:06:31] Step 2: Dumping process with CRIU...
[19:06:32]   Frozen last counter value: 5
[19:06:32]   Expected after restore: 6
[19:06:32]   Checkpoint time: 658 ms
[19:06:32] Step 3: Creating archive...
[19:06:32]   Archive size: 25141 bytes
[19:06:32] Step 4: Transferring archive...
  Transferring /home/ubuntu/CRIU-counter.tar.gz via host...
[19:06:33]   Transfer time: 880 ms
[19:06:33] Step 5: Unpacking on destination...
[19:06:33] Step 6: Preparing restore environment...
[19:06:34]   Copying application scripts...
[19:06:35] Step 6.5: Ensuring /tmp/counter binary is present on destination...
[19:06:36] Step 7: Restoring process...
[19:06:36]   Restore time: 307 ms
[19:06:36] Step 8: Verifying migration...
[19:06:39]   Expected min: 6 (after ~3.0s → ~9), Observed: 9
[19:06:39] ✓ SUCCESS: Counter continued correctly!
[19:06:39] Total downtime: 1845 ms
[19:06:39] Effective bandwidth: 0.23 Mbps
[19:06:39] Metrics saved to /home/ivo/Documents/University/4to/Thesis-AAAAAAAa/Container-vs-Wasm-Service-Migration/Container/metrics/migration_metrics.csv
[exit=0]

$ python3 /home/ivo/Documents/University/4to/Thesis-AAAAAAAa/Container-vs-Wasm-Service-Migration/Container/scripts/setup/reset_nodes.py edge-node-1 edge-node-2
[19:06:40] Resetting nodes: edge-node-1 -> edge-node-2
[19:06:40] Step 1: Killing any existing processes on source...
[19:06:40]   Killing PID 107020 (from /home/ubuntu/app.pid)
[19:06:41]   Killing PID 107020 (from /home/ubuntu/counter.pid)
[19:06:42]   Killing any remaining background processes...
[19:06:43] Step 2: Cleaning source node...
[19:06:44] Step 3: Cleaning destination node...
[19:06:44]   Killing all remaining counter processes on destination...
[19:06:47] ✓ Reset complete, nodes are clean
[19:06:47]   Next: Start your application
[exit=0]

$ bash /home/ivo/Documents/University/4to/Thesis-AAAAAAAa/Container-vs-Wasm-Service-Migration/Container/scripts/workloads/start_counter_c.sh edge-node-1
[19:06:47] Transferring counter.c to edge-node-1...
[19:06:48] Compiling counter.c on edge-node-1...
[19:06:48] Starting counter on edge-node-1...
✓ C counter running (PID: 108424)
[19:06:49] ✓ Counter started
[exit=0]
[repeat] warmup 2s

$ python3 /home/ivo/Documents/University/4to/Thesis-AAAAAAAa/Container-vs-Wasm-Service-Migration/Container/scripts/orchestrators/criu_benchmark.py cold --source edge-node-1 --dest edge-node-2 --transfer-mode host --run-id repeat-suite-20260330-185020-cold-host-045
[19:06:52] Starting cold migration...
[19:06:52] Source: edge-node-1, Dest: edge-node-2
[19:06:52] Transfer mode: host

[19:06:52] === COLD MIGRATION ===
[19:06:52] Step 1: Checking source process...
[19:06:53]   Using PID from /home/ubuntu/counter.pid: 108424
[19:06:53]   Last counter value (pre-freeze): 4
[19:06:54]   Architecture: x86_64 (compatible)
[19:06:54] Step 2: Dumping process with CRIU...
[19:06:54]   Frozen last counter value: 5
[19:06:54]   Expected after restore: 6
[19:06:54]   Checkpoint time: 644 ms
[19:06:54] Step 3: Creating archive...
[19:06:55]   Archive size: 25091 bytes
[19:06:55] Step 4: Transferring archive...
  Transferring /home/ubuntu/CRIU-counter.tar.gz via host...
[19:06:56]   Transfer time: 901 ms
[19:06:56] Step 5: Unpacking on destination...
[19:06:56] Step 6: Preparing restore environment...
[19:06:57]   Copying application scripts...
[19:06:58] Step 6.5: Ensuring /tmp/counter binary is present on destination...
[19:06:58] Step 7: Restoring process...
[19:06:58]   Restore time: 313 ms
[19:06:58] Step 8: Verifying migration...
[19:07:02]   Expected min: 6 (after ~3.0s → ~9), Observed: 9
[19:07:02] ✓ SUCCESS: Counter continued correctly!
[19:07:02] Total downtime: 1858 ms
[19:07:02] Effective bandwidth: 0.22 Mbps
[19:07:02] Metrics saved to /home/ivo/Documents/University/4to/Thesis-AAAAAAAa/Container-vs-Wasm-Service-Migration/Container/metrics/migration_metrics.csv
[exit=0]

$ python3 /home/ivo/Documents/University/4to/Thesis-AAAAAAAa/Container-vs-Wasm-Service-Migration/Container/scripts/setup/reset_nodes.py edge-node-1 edge-node-2
[19:07:03] Resetting nodes: edge-node-1 -> edge-node-2
[19:07:03] Step 1: Killing any existing processes on source...
[19:07:03]   Killing PID 108424 (from /home/ubuntu/app.pid)
[19:07:04]   Killing PID 108424 (from /home/ubuntu/counter.pid)
[19:07:04]   Killing any remaining background processes...
[19:07:05] Step 2: Cleaning source node...
[19:07:06] Step 3: Cleaning destination node...
[19:07:07]   Killing all remaining counter processes on destination...
[19:07:10] ✓ Reset complete, nodes are clean
[19:07:10]   Next: Start your application
[exit=0]

$ bash /home/ivo/Documents/University/4to/Thesis-AAAAAAAa/Container-vs-Wasm-Service-Migration/Container/scripts/workloads/start_counter_c.sh edge-node-1
[19:07:10] Transferring counter.c to edge-node-1...
[19:07:10] Compiling counter.c on edge-node-1...
[19:07:10] Starting counter on edge-node-1...
✓ C counter running (PID: 109827)
[19:07:12] ✓ Counter started
[exit=0]
[repeat] warmup 2s

$ python3 /home/ivo/Documents/University/4to/Thesis-AAAAAAAa/Container-vs-Wasm-Service-Migration/Container/scripts/orchestrators/criu_benchmark.py cold --source edge-node-1 --dest edge-node-2 --transfer-mode host --run-id repeat-suite-20260330-185020-cold-host-046
[19:07:14] Starting cold migration...
[19:07:14] Source: edge-node-1, Dest: edge-node-2
[19:07:14] Transfer mode: host

[19:07:14] === COLD MIGRATION ===
[19:07:14] Step 1: Checking source process...
[19:07:15]   Using PID from /home/ubuntu/counter.pid: 109827
[19:07:15]   Last counter value (pre-freeze): 4
[19:07:16]   Architecture: x86_64 (compatible)
[19:07:16] Step 2: Dumping process with CRIU...
[19:07:16]   Frozen last counter value: 5
[19:07:16]   Expected after restore: 6
[19:07:16]   Checkpoint time: 681 ms
[19:07:16] Step 3: Creating archive...
[19:07:17]   Archive size: 25139 bytes
[19:07:17] Step 4: Transferring archive...
  Transferring /home/ubuntu/CRIU-counter.tar.gz via host...
[19:07:18]   Transfer time: 889 ms
[19:07:18] Step 5: Unpacking on destination...
[19:07:18] Step 6: Preparing restore environment...
[19:07:19]   Copying application scripts...
[19:07:20] Step 6.5: Ensuring /tmp/counter binary is present on destination...
[19:07:20] Step 7: Restoring process...
[19:07:20]   Restore time: 329 ms
[19:07:20] Step 8: Verifying migration...
[19:07:24]   Expected min: 6 (after ~3.0s → ~9), Observed: 9
[19:07:24] ✓ SUCCESS: Counter continued correctly!
[19:07:24] Total downtime: 1899 ms
[19:07:24] Effective bandwidth: 0.23 Mbps
[19:07:24] Metrics saved to /home/ivo/Documents/University/4to/Thesis-AAAAAAAa/Container-vs-Wasm-Service-Migration/Container/metrics/migration_metrics.csv
[exit=0]

$ python3 /home/ivo/Documents/University/4to/Thesis-AAAAAAAa/Container-vs-Wasm-Service-Migration/Container/scripts/setup/reset_nodes.py edge-node-1 edge-node-2
[19:07:25] Resetting nodes: edge-node-1 -> edge-node-2
[19:07:25] Step 1: Killing any existing processes on source...
[19:07:25]   Killing PID 109827 (from /home/ubuntu/app.pid)
[19:07:26]   Killing PID 109827 (from /home/ubuntu/counter.pid)
[19:07:26]   Killing any remaining background processes...
[19:07:27] Step 2: Cleaning source node...
[19:07:28] Step 3: Cleaning destination node...
[19:07:29]   Killing all remaining counter processes on destination...
[19:07:32] ✓ Reset complete, nodes are clean
[19:07:32]   Next: Start your application
[exit=0]

$ bash /home/ivo/Documents/University/4to/Thesis-AAAAAAAa/Container-vs-Wasm-Service-Migration/Container/scripts/workloads/start_counter_c.sh edge-node-1
[19:07:32] Transferring counter.c to edge-node-1...
[19:07:32] Compiling counter.c on edge-node-1...
[19:07:33] Starting counter on edge-node-1...
✓ C counter running (PID: 111221)
[19:07:34] ✓ Counter started
[exit=0]
[repeat] warmup 2s

$ python3 /home/ivo/Documents/University/4to/Thesis-AAAAAAAa/Container-vs-Wasm-Service-Migration/Container/scripts/orchestrators/criu_benchmark.py cold --source edge-node-1 --dest edge-node-2 --transfer-mode host --run-id repeat-suite-20260330-185020-cold-host-047
[19:07:37] Starting cold migration...
[19:07:37] Source: edge-node-1, Dest: edge-node-2
[19:07:37] Transfer mode: host

[19:07:37] === COLD MIGRATION ===
[19:07:37] Step 1: Checking source process...
[19:07:37]   Using PID from /home/ubuntu/counter.pid: 111221
[19:07:38]   Last counter value (pre-freeze): 4
[19:07:38]   Architecture: x86_64 (compatible)
[19:07:38] Step 2: Dumping process with CRIU...
[19:07:39]   Frozen last counter value: 5
[19:07:39]   Expected after restore: 6
[19:07:39]   Checkpoint time: 647 ms
[19:07:39] Step 3: Creating archive...
[19:07:40]   Archive size: 25085 bytes
[19:07:40] Step 4: Transferring archive...
  Transferring /home/ubuntu/CRIU-counter.tar.gz via host...
[19:07:41]   Transfer time: 837 ms
[19:07:41] Step 5: Unpacking on destination...
[19:07:41] Step 6: Preparing restore environment...
[19:07:41]   Copying application scripts...
[19:07:42] Step 6.5: Ensuring /tmp/counter binary is present on destination...
[19:07:43] Step 7: Restoring process...
[19:07:43]   Restore time: 313 ms
[19:07:43] Step 8: Verifying migration...
[19:07:47]   Expected min: 6 (after ~3.0s → ~9), Observed: 9
[19:07:47] ✓ SUCCESS: Counter continued correctly!
[19:07:47] Total downtime: 1797 ms
[19:07:47] Effective bandwidth: 0.24 Mbps
[19:07:47] Metrics saved to /home/ivo/Documents/University/4to/Thesis-AAAAAAAa/Container-vs-Wasm-Service-Migration/Container/metrics/migration_metrics.csv
[exit=0]

$ python3 /home/ivo/Documents/University/4to/Thesis-AAAAAAAa/Container-vs-Wasm-Service-Migration/Container/scripts/setup/reset_nodes.py edge-node-1 edge-node-2
[19:07:47] Resetting nodes: edge-node-1 -> edge-node-2
[19:07:47] Step 1: Killing any existing processes on source...
[19:07:47]   Killing PID 111221 (from /home/ubuntu/app.pid)
[19:07:48]   Killing PID 111221 (from /home/ubuntu/counter.pid)
[19:07:49]   Killing any remaining background processes...
[19:07:50] Step 2: Cleaning source node...
[19:07:51] Step 3: Cleaning destination node...
[19:07:51]   Killing all remaining counter processes on destination...
[19:07:54] ✓ Reset complete, nodes are clean
[19:07:54]   Next: Start your application
[exit=0]

$ bash /home/ivo/Documents/University/4to/Thesis-AAAAAAAa/Container-vs-Wasm-Service-Migration/Container/scripts/workloads/start_counter_c.sh edge-node-1
[19:07:54] Transferring counter.c to edge-node-1...
[19:07:55] Compiling counter.c on edge-node-1...
[19:07:55] Starting counter on edge-node-1...
✓ C counter running (PID: 112624)
[19:07:56] ✓ Counter started
[exit=0]
[repeat] warmup 2s

$ python3 /home/ivo/Documents/University/4to/Thesis-AAAAAAAa/Container-vs-Wasm-Service-Migration/Container/scripts/orchestrators/criu_benchmark.py cold --source edge-node-1 --dest edge-node-2 --transfer-mode host --run-id repeat-suite-20260330-185020-cold-host-048
[19:07:59] Starting cold migration...
[19:07:59] Source: edge-node-1, Dest: edge-node-2
[19:07:59] Transfer mode: host

[19:07:59] === COLD MIGRATION ===
[19:07:59] Step 1: Checking source process...
[19:08:00]   Using PID from /home/ubuntu/counter.pid: 112624
[19:08:00]   Last counter value (pre-freeze): 4
[19:08:01]   Architecture: x86_64 (compatible)
[19:08:01] Step 2: Dumping process with CRIU...
[19:08:01]   Frozen last counter value: 5
[19:08:01]   Expected after restore: 6
[19:08:01]   Checkpoint time: 607 ms
[19:08:01] Step 3: Creating archive...
[19:08:02]   Archive size: 25006 bytes
[19:08:02] Step 4: Transferring archive...
  Transferring /home/ubuntu/CRIU-counter.tar.gz via host...
[19:08:03]   Transfer time: 850 ms
[19:08:03] Step 5: Unpacking on destination...
[19:08:03] Step 6: Preparing restore environment...
[19:08:04]   Copying application scripts...
[19:08:05] Step 6.5: Ensuring /tmp/counter binary is present on destination...
[19:08:05] Step 7: Restoring process...
[19:08:05]   Restore time: 325 ms
[19:08:05] Step 8: Verifying migration...
[19:08:09]   Expected min: 6 (after ~3.0s → ~9), Observed: 9
[19:08:09] ✓ SUCCESS: Counter continued correctly!
[19:08:09] Total downtime: 1782 ms
[19:08:09] Effective bandwidth: 0.24 Mbps
[19:08:09] Metrics saved to /home/ivo/Documents/University/4to/Thesis-AAAAAAAa/Container-vs-Wasm-Service-Migration/Container/metrics/migration_metrics.csv
[exit=0]

$ python3 /home/ivo/Documents/University/4to/Thesis-AAAAAAAa/Container-vs-Wasm-Service-Migration/Container/scripts/setup/reset_nodes.py edge-node-1 edge-node-2
[19:08:10] Resetting nodes: edge-node-1 -> edge-node-2
[19:08:10] Step 1: Killing any existing processes on source...
[19:08:10]   Killing PID 112624 (from /home/ubuntu/app.pid)
[19:08:11]   Killing PID 112624 (from /home/ubuntu/counter.pid)
[19:08:11]   Killing any remaining background processes...
[19:08:12] Step 2: Cleaning source node...
[19:08:13] Step 3: Cleaning destination node...
[19:08:14]   Killing all remaining counter processes on destination...
[19:08:16] ✓ Reset complete, nodes are clean
[19:08:16]   Next: Start your application
[exit=0]

$ bash /home/ivo/Documents/University/4to/Thesis-AAAAAAAa/Container-vs-Wasm-Service-Migration/Container/scripts/workloads/start_counter_c.sh edge-node-1
[19:08:16] Transferring counter.c to edge-node-1...
[19:08:17] Compiling counter.c on edge-node-1...
[19:08:17] Starting counter on edge-node-1...
✓ C counter running (PID: 114020)
[19:08:18] ✓ Counter started
[exit=0]
[repeat] warmup 2s

$ python3 /home/ivo/Documents/University/4to/Thesis-AAAAAAAa/Container-vs-Wasm-Service-Migration/Container/scripts/orchestrators/criu_benchmark.py cold --source edge-node-1 --dest edge-node-2 --transfer-mode host --run-id repeat-suite-20260330-185020-cold-host-049
[19:08:21] Starting cold migration...
[19:08:21] Source: edge-node-1, Dest: edge-node-2
[19:08:21] Transfer mode: host

[19:08:21] === COLD MIGRATION ===
[19:08:21] Step 1: Checking source process...
[19:08:22]   Using PID from /home/ubuntu/counter.pid: 114020
[19:08:22]   Last counter value (pre-freeze): 4
[19:08:22]   Architecture: x86_64 (compatible)
[19:08:22] Step 2: Dumping process with CRIU...
[19:08:23]   Frozen last counter value: 5
[19:08:23]   Expected after restore: 6
[19:08:23]   Checkpoint time: 610 ms
[19:08:23] Step 3: Creating archive...
[19:08:24]   Archive size: 25390 bytes
[19:08:24] Step 4: Transferring archive...
  Transferring /home/ubuntu/CRIU-counter.tar.gz via host...
[19:08:25]   Transfer time: 854 ms
[19:08:25] Step 5: Unpacking on destination...
[19:08:25] Step 6: Preparing restore environment...
[19:08:25]   Copying application scripts...
[19:08:26] Step 6.5: Ensuring /tmp/counter binary is present on destination...
[19:08:27] Step 7: Restoring process...
[19:08:27]   Restore time: 297 ms
[19:08:27] Step 8: Verifying migration...
[19:08:30]   Expected min: 6 (after ~3.0s → ~9), Observed: 9
[19:08:30] ✓ SUCCESS: Counter continued correctly!
[19:08:30] Total downtime: 1761 ms
[19:08:30] Effective bandwidth: 0.24 Mbps
[19:08:30] Metrics saved to /home/ivo/Documents/University/4to/Thesis-AAAAAAAa/Container-vs-Wasm-Service-Migration/Container/metrics/migration_metrics.csv
[exit=0]

$ python3 /home/ivo/Documents/University/4to/Thesis-AAAAAAAa/Container-vs-Wasm-Service-Migration/Container/scripts/setup/reset_nodes.py edge-node-1 edge-node-2
[19:08:31] Resetting nodes: edge-node-1 -> edge-node-2
[19:08:31] Step 1: Killing any existing processes on source...
[19:08:31]   Killing PID 114020 (from /home/ubuntu/app.pid)
[19:08:32]   Killing PID 114020 (from /home/ubuntu/counter.pid)
[19:08:33]   Killing any remaining background processes...
[19:08:33] Step 2: Cleaning source node...
[19:08:35] Step 3: Cleaning destination node...
[19:08:35]   Killing all remaining counter processes on destination...
[19:08:38] ✓ Reset complete, nodes are clean
[19:08:38]   Next: Start your application
[exit=0]

$ bash /home/ivo/Documents/University/4to/Thesis-AAAAAAAa/Container-vs-Wasm-Service-Migration/Container/scripts/workloads/start_counter_c.sh edge-node-1
[19:08:38] Transferring counter.c to edge-node-1...
[19:08:39] Compiling counter.c on edge-node-1...
[19:08:39] Starting counter on edge-node-1...
✓ C counter running (PID: 115424)
[19:08:40] ✓ Counter started
[exit=0]
[repeat] warmup 2s

$ python3 /home/ivo/Documents/University/4to/Thesis-AAAAAAAa/Container-vs-Wasm-Service-Migration/Container/scripts/orchestrators/criu_benchmark.py cold --source edge-node-1 --dest edge-node-2 --transfer-mode host --run-id repeat-suite-20260330-185020-cold-host-050
[19:08:43] Starting cold migration...
[19:08:43] Source: edge-node-1, Dest: edge-node-2
[19:08:43] Transfer mode: host

[19:08:43] === COLD MIGRATION ===
[19:08:43] Step 1: Checking source process...
[19:08:44]   Using PID from /home/ubuntu/counter.pid: 115424
[19:08:44]   Last counter value (pre-freeze): 4
[19:08:44]   Architecture: x86_64 (compatible)
[19:08:44] Step 2: Dumping process with CRIU...
[19:08:45]   Frozen last counter value: 5
[19:08:45]   Expected after restore: 6
[19:08:45]   Checkpoint time: 621 ms
[19:08:45] Step 3: Creating archive...
[19:08:46]   Archive size: 25186 bytes
[19:08:46] Step 4: Transferring archive...
  Transferring /home/ubuntu/CRIU-counter.tar.gz via host...
[19:08:47]   Transfer time: 864 ms
[19:08:47] Step 5: Unpacking on destination...
[19:08:47] Step 6: Preparing restore environment...
[19:08:47]   Copying application scripts...
[19:08:48] Step 6.5: Ensuring /tmp/counter binary is present on destination...
[19:08:49] Step 7: Restoring process...
[19:08:49]   Restore time: 317 ms
[19:08:49] Step 8: Verifying migration...
[19:08:53]   Expected min: 6 (after ~3.0s → ~9), Observed: 9
[19:08:53] ✓ SUCCESS: Counter continued correctly!
[19:08:53] Total downtime: 1802 ms
[19:08:53] Effective bandwidth: 0.23 Mbps
[19:08:53] Metrics saved to /home/ivo/Documents/University/4to/Thesis-AAAAAAAa/Container-vs-Wasm-Service-Migration/Container/metrics/migration_metrics.csv
[exit=0]

$ python3 /home/ivo/Documents/University/4to/Thesis-AAAAAAAa/Container-vs-Wasm-Service-Migration/Container/scripts/setup/reset_nodes.py edge-node-1 edge-node-2
[19:08:54] Resetting nodes: edge-node-1 -> edge-node-2
[19:08:54] Step 1: Killing any existing processes on source...
[19:08:54]   Killing PID 115424 (from /home/ubuntu/app.pid)
[19:08:55]   Killing PID 115424 (from /home/ubuntu/counter.pid)
[19:08:55]   Killing any remaining background processes...
[19:08:56] Step 2: Cleaning source node...
[19:08:57] Step 3: Cleaning destination node...
[19:08:58]   Killing all remaining counter processes on destination...
[19:09:00] ✓ Reset complete, nodes are clean
[19:09:00]   Next: Start your application
[exit=0]

$ bash /home/ivo/Documents/University/4to/Thesis-AAAAAAAa/Container-vs-Wasm-Service-Migration/Container/scripts/workloads/start_counter_c.sh edge-node-1
[19:09:00] Transferring counter.c to edge-node-1...
[19:09:01] Compiling counter.c on edge-node-1...
[19:09:01] Starting counter on edge-node-1...
✓ C counter running (PID: 116820)
[19:09:02] ✓ Counter started
[exit=0]
[repeat] warmup 2s

$ python3 /home/ivo/Documents/University/4to/Thesis-AAAAAAAa/Container-vs-Wasm-Service-Migration/Container/scripts/orchestrators/criu_benchmark.py cold --source edge-node-1 --dest edge-node-2 --transfer-mode direct --run-id repeat-suite-20260330-185020-cold-direct-001
[19:09:05] Starting cold migration...
[19:09:05] Source: edge-node-1, Dest: edge-node-2
[19:09:05] Transfer mode: direct

[19:09:05] === COLD MIGRATION ===
[19:09:05] Step 1: Checking source process...
[19:09:06]   Using PID from /home/ubuntu/counter.pid: 116820
[19:09:06]   Last counter value (pre-freeze): 4
[19:09:07]   Architecture: x86_64 (compatible)
[19:09:07] Step 2: Dumping process with CRIU...
[19:09:07]   Frozen last counter value: 5
[19:09:07]   Expected after restore: 6
[19:09:07]   Checkpoint time: 637 ms
[19:09:07] Step 3: Creating archive...
[19:09:08]   Archive size: 25198 bytes
[19:09:08] Step 4: Transferring archive...
[19:09:08]   Setting up direct SSH trust...
Setting up SSH trust: edge-node-1 → ubuntu@10.22.132.37
  Adding public key to destination's authorized_keys...
  Testing SSH connectivity...
  ✓ SSH trust ready
Setting up SSH trust: edge-node-1 → ubuntu@10.22.132.37
  Adding public key to destination's authorized_keys...
  Testing SSH connectivity...
  ✓ SSH trust ready
  Transferring /home/ubuntu/CRIU-counter.tar.gz via SCP...
[19:09:12]   Transfer time: 2600 ms
[19:09:12] Step 5: Unpacking on destination...
[19:09:12] Step 6: Preparing restore environment...
[19:09:13]   Copying application scripts...
[19:09:14] Step 6.5: Ensuring /tmp/counter binary is present on destination...
[19:09:14] Step 7: Restoring process...
[19:09:14]   Restore time: 311 ms
[19:09:14] Step 8: Verifying migration...
[19:09:18]   Expected min: 6 (after ~3.0s → ~9), Observed: 9
[19:09:18] ✓ SUCCESS: Counter continued correctly!
[19:09:18] Total downtime: 3548 ms
[19:09:18] Effective bandwidth: 0.08 Mbps
[19:09:18] Metrics saved to /home/ivo/Documents/University/4to/Thesis-AAAAAAAa/Container-vs-Wasm-Service-Migration/Container/metrics/migration_metrics.csv
[exit=0]

$ python3 /home/ivo/Documents/University/4to/Thesis-AAAAAAAa/Container-vs-Wasm-Service-Migration/Container/scripts/setup/reset_nodes.py edge-node-1 edge-node-2
[19:09:19] Resetting nodes: edge-node-1 -> edge-node-2
[19:09:19] Step 1: Killing any existing processes on source...
[19:09:19]   Killing PID 116820 (from /home/ubuntu/app.pid)
[19:09:20]   Killing PID 116820 (from /home/ubuntu/counter.pid)
[19:09:20]   Killing any remaining background processes...
[19:09:21] Step 2: Cleaning source node...
[19:09:22] Step 3: Cleaning destination node...
[19:09:23]   Killing all remaining counter processes on destination...
[19:09:26] ✓ Reset complete, nodes are clean
[19:09:26]   Next: Start your application
[exit=0]

$ bash /home/ivo/Documents/University/4to/Thesis-AAAAAAAa/Container-vs-Wasm-Service-Migration/Container/scripts/workloads/start_counter_c.sh edge-node-1
[19:09:26] Transferring counter.c to edge-node-1...
[19:09:26] Compiling counter.c on edge-node-1...
[19:09:26] Starting counter on edge-node-1...
✓ C counter running (PID: 118482)
[19:09:27] ✓ Counter started
[exit=0]
[repeat] warmup 2s

$ python3 /home/ivo/Documents/University/4to/Thesis-AAAAAAAa/Container-vs-Wasm-Service-Migration/Container/scripts/orchestrators/criu_benchmark.py cold --source edge-node-1 --dest edge-node-2 --transfer-mode direct --run-id repeat-suite-20260330-185020-cold-direct-002
[19:09:30] Starting cold migration...
[19:09:30] Source: edge-node-1, Dest: edge-node-2
[19:09:30] Transfer mode: direct

[19:09:30] === COLD MIGRATION ===
[19:09:30] Step 1: Checking source process...
[19:09:31]   Using PID from /home/ubuntu/counter.pid: 118482
[19:09:31]   Last counter value (pre-freeze): 4
[19:09:32]   Architecture: x86_64 (compatible)
[19:09:32] Step 2: Dumping process with CRIU...
[19:09:32]   Frozen last counter value: 5
[19:09:32]   Expected after restore: 6
[19:09:32]   Checkpoint time: 592 ms
[19:09:32] Step 3: Creating archive...
[19:09:33]   Archive size: 25215 bytes
[19:09:33] Step 4: Transferring archive...
[19:09:33]   Setting up direct SSH trust...
Setting up SSH trust: edge-node-1 → ubuntu@10.22.132.37
  Adding public key to destination's authorized_keys...
  Testing SSH connectivity...
  ✓ SSH trust ready
Setting up SSH trust: edge-node-1 → ubuntu@10.22.132.37
  Adding public key to destination's authorized_keys...
  Testing SSH connectivity...
  ✓ SSH trust ready
  Transferring /home/ubuntu/CRIU-counter.tar.gz via SCP...
[19:09:37]   Transfer time: 2532 ms
[19:09:37] Step 5: Unpacking on destination...
[19:09:37] Step 6: Preparing restore environment...
[19:09:38]   Copying application scripts...
[19:09:39] Step 6.5: Ensuring /tmp/counter binary is present on destination...
[19:09:39] Step 7: Restoring process...
[19:09:40]   Restore time: 325 ms
[19:09:40] Step 8: Verifying migration...
[19:09:43]   Expected min: 6 (after ~3.0s → ~9), Observed: 9
[19:09:43] ✓ SUCCESS: Counter continued correctly!
[19:09:43] Total downtime: 3449 ms
[19:09:43] Effective bandwidth: 0.08 Mbps
[19:09:43] Metrics saved to /home/ivo/Documents/University/4to/Thesis-AAAAAAAa/Container-vs-Wasm-Service-Migration/Container/metrics/migration_metrics.csv
[exit=0]

$ python3 /home/ivo/Documents/University/4to/Thesis-AAAAAAAa/Container-vs-Wasm-Service-Migration/Container/scripts/setup/reset_nodes.py edge-node-1 edge-node-2
[19:09:44] Resetting nodes: edge-node-1 -> edge-node-2
[19:09:44] Step 1: Killing any existing processes on source...
[19:09:44]   Killing PID 118482 (from /home/ubuntu/app.pid)
[19:09:45]   Killing PID 118482 (from /home/ubuntu/counter.pid)
[19:09:45]   Killing any remaining background processes...
[19:09:46] Step 2: Cleaning source node...
[19:09:47] Step 3: Cleaning destination node...
[19:09:48]   Killing all remaining counter processes on destination...
[19:09:51] ✓ Reset complete, nodes are clean
[19:09:51]   Next: Start your application
[exit=0]

$ bash /home/ivo/Documents/University/4to/Thesis-AAAAAAAa/Container-vs-Wasm-Service-Migration/Container/scripts/workloads/start_counter_c.sh edge-node-1
[19:09:51] Transferring counter.c to edge-node-1...
[19:09:51] Compiling counter.c on edge-node-1...
[19:09:51] Starting counter on edge-node-1...
✓ C counter running (PID: 120144)
[19:09:53] ✓ Counter started
[exit=0]
[repeat] warmup 2s

$ python3 /home/ivo/Documents/University/4to/Thesis-AAAAAAAa/Container-vs-Wasm-Service-Migration/Container/scripts/orchestrators/criu_benchmark.py cold --source edge-node-1 --dest edge-node-2 --transfer-mode direct --run-id repeat-suite-20260330-185020-cold-direct-003
[19:09:56] Starting cold migration...
[19:09:56] Source: edge-node-1, Dest: edge-node-2
[19:09:56] Transfer mode: direct

[19:09:56] === COLD MIGRATION ===
[19:09:56] Step 1: Checking source process...
[19:09:56]   Using PID from /home/ubuntu/counter.pid: 120144
[19:09:56]   Last counter value (pre-freeze): 4
[19:09:57]   Architecture: x86_64 (compatible)
[19:09:57] Step 2: Dumping process with CRIU...
[19:09:58]   Frozen last counter value: 5
[19:09:58]   Expected after restore: 6
[19:09:58]   Checkpoint time: 631 ms
[19:09:58] Step 3: Creating archive...
[19:09:58]   Archive size: 25012 bytes
[19:09:58] Step 4: Transferring archive...
[19:09:58]   Setting up direct SSH trust...
Setting up SSH trust: edge-node-1 → ubuntu@10.22.132.37
  Adding public key to destination's authorized_keys...
  Testing SSH connectivity...
  ✓ SSH trust ready
Setting up SSH trust: edge-node-1 → ubuntu@10.22.132.37
  Adding public key to destination's authorized_keys...
  Testing SSH connectivity...
  ✓ SSH trust ready
  Transferring /home/ubuntu/CRIU-counter.tar.gz via SCP...
[19:10:03]   Transfer time: 2556 ms
[19:10:03] Step 5: Unpacking on destination...
[19:10:03] Step 6: Preparing restore environment...
[19:10:03]   Copying application scripts...
[19:10:04] Step 6.5: Ensuring /tmp/counter binary is present on destination...
[19:10:05] Step 7: Restoring process...
[19:10:05]   Restore time: 308 ms
[19:10:05] Step 8: Verifying migration...
[19:10:09]   Expected min: 6 (after ~3.0s → ~9), Observed: 9
[19:10:09] ✓ SUCCESS: Counter continued correctly!
[19:10:09] Total downtime: 3495 ms
[19:10:09] Effective bandwidth: 0.08 Mbps
[19:10:09] Metrics saved to /home/ivo/Documents/University/4to/Thesis-AAAAAAAa/Container-vs-Wasm-Service-Migration/Container/metrics/migration_metrics.csv
[exit=0]

$ python3 /home/ivo/Documents/University/4to/Thesis-AAAAAAAa/Container-vs-Wasm-Service-Migration/Container/scripts/setup/reset_nodes.py edge-node-1 edge-node-2
[19:10:09] Resetting nodes: edge-node-1 -> edge-node-2
[19:10:09] Step 1: Killing any existing processes on source...
[19:10:10]   Killing PID 120144 (from /home/ubuntu/app.pid)
[19:10:10]   Killing PID 120144 (from /home/ubuntu/counter.pid)
[19:10:11]   Killing any remaining background processes...
[19:10:12] Step 2: Cleaning source node...
[19:10:13] Step 3: Cleaning destination node...
[19:10:13]   Killing all remaining counter processes on destination...
[19:10:16] ✓ Reset complete, nodes are clean
[19:10:16]   Next: Start your application
[exit=0]

$ bash /home/ivo/Documents/University/4to/Thesis-AAAAAAAa/Container-vs-Wasm-Service-Migration/Container/scripts/workloads/start_counter_c.sh edge-node-1
[19:10:16] Transferring counter.c to edge-node-1...
[19:10:17] Compiling counter.c on edge-node-1...
[19:10:17] Starting counter on edge-node-1...
✓ C counter running (PID: 121807)
[19:10:18] ✓ Counter started
[exit=0]
[repeat] warmup 2s

$ python3 /home/ivo/Documents/University/4to/Thesis-AAAAAAAa/Container-vs-Wasm-Service-Migration/Container/scripts/orchestrators/criu_benchmark.py cold --source edge-node-1 --dest edge-node-2 --transfer-mode direct --run-id repeat-suite-20260330-185020-cold-direct-004
[19:10:21] Starting cold migration...
[19:10:21] Source: edge-node-1, Dest: edge-node-2
[19:10:21] Transfer mode: direct

[19:10:21] === COLD MIGRATION ===
[19:10:21] Step 1: Checking source process...
[19:10:21]   Using PID from /home/ubuntu/counter.pid: 121807
[19:10:22]   Last counter value (pre-freeze): 4
[19:10:22]   Architecture: x86_64 (compatible)
[19:10:22] Step 2: Dumping process with CRIU...
[19:10:23]   Frozen last counter value: 5
[19:10:23]   Expected after restore: 6
[19:10:23]   Checkpoint time: 596 ms
[19:10:23] Step 3: Creating archive...
[19:10:23]   Archive size: 25120 bytes
[19:10:23] Step 4: Transferring archive...
[19:10:23]   Setting up direct SSH trust...
Setting up SSH trust: edge-node-1 → ubuntu@10.22.132.37
  Adding public key to destination's authorized_keys...
  Testing SSH connectivity...
  ✓ SSH trust ready
Setting up SSH trust: edge-node-1 → ubuntu@10.22.132.37
  Adding public key to destination's authorized_keys...
  Testing SSH connectivity...
  ✓ SSH trust ready
  Transferring /home/ubuntu/CRIU-counter.tar.gz via SCP...
[19:10:28]   Transfer time: 2507 ms
[19:10:28] Step 5: Unpacking on destination...
[19:10:28] Step 6: Preparing restore environment...
[19:10:29]   Copying application scripts...
[19:10:29] Step 6.5: Ensuring /tmp/counter binary is present on destination...
[19:10:30] Step 7: Restoring process...
[19:10:30]   Restore time: 316 ms
[19:10:30] Step 8: Verifying migration...
[19:10:34]   Expected min: 6 (after ~3.0s → ~9), Observed: 9
[19:10:34] ✓ SUCCESS: Counter continued correctly!
[19:10:34] Total downtime: 3419 ms
[19:10:34] Effective bandwidth: 0.08 Mbps
[19:10:34] Metrics saved to /home/ivo/Documents/University/4to/Thesis-AAAAAAAa/Container-vs-Wasm-Service-Migration/Container/metrics/migration_metrics.csv
[exit=0]

$ python3 /home/ivo/Documents/University/4to/Thesis-AAAAAAAa/Container-vs-Wasm-Service-Migration/Container/scripts/setup/reset_nodes.py edge-node-1 edge-node-2
[19:10:34] Resetting nodes: edge-node-1 -> edge-node-2
[19:10:34] Step 1: Killing any existing processes on source...
[19:10:35]   Killing PID 121807 (from /home/ubuntu/app.pid)
[19:10:35]   Killing PID 121807 (from /home/ubuntu/counter.pid)
[19:10:36]   Killing any remaining background processes...
[19:10:37] Step 2: Cleaning source node...
[19:10:38] Step 3: Cleaning destination node...
[19:10:38]   Killing all remaining counter processes on destination...
[19:10:41] ✓ Reset complete, nodes are clean
[19:10:41]   Next: Start your application
[exit=0]

$ bash /home/ivo/Documents/University/4to/Thesis-AAAAAAAa/Container-vs-Wasm-Service-Migration/Container/scripts/workloads/start_counter_c.sh edge-node-1
[19:10:41] Transferring counter.c to edge-node-1...
[19:10:42] Compiling counter.c on edge-node-1...
[19:10:42] Starting counter on edge-node-1...
✓ C counter running (PID: 123469)
[19:10:43] ✓ Counter started
[exit=0]
[repeat] warmup 2s

$ python3 /home/ivo/Documents/University/4to/Thesis-AAAAAAAa/Container-vs-Wasm-Service-Migration/Container/scripts/orchestrators/criu_benchmark.py cold --source edge-node-1 --dest edge-node-2 --transfer-mode direct --run-id repeat-suite-20260330-185020-cold-direct-005
[19:10:46] Starting cold migration...
[19:10:46] Source: edge-node-1, Dest: edge-node-2
[19:10:46] Transfer mode: direct

[19:10:46] === COLD MIGRATION ===
[19:10:46] Step 1: Checking source process...
[19:10:47]   Using PID from /home/ubuntu/counter.pid: 123469
[19:10:47]   Last counter value (pre-freeze): 4
[19:10:48]   Architecture: x86_64 (compatible)
[19:10:48] Step 2: Dumping process with CRIU...
[19:10:48]   Frozen last counter value: 5
[19:10:48]   Expected after restore: 6
[19:10:48]   Checkpoint time: 615 ms
[19:10:48] Step 3: Creating archive...
[19:10:49]   Archive size: 24931 bytes
[19:10:49] Step 4: Transferring archive...
[19:10:49]   Setting up direct SSH trust...
Setting up SSH trust: edge-node-1 → ubuntu@10.22.132.37
  Adding public key to destination's authorized_keys...
  Testing SSH connectivity...
  ✓ SSH trust ready
Setting up SSH trust: edge-node-1 → ubuntu@10.22.132.37
  Adding public key to destination's authorized_keys...
  Testing SSH connectivity...
  ✓ SSH trust ready
  Transferring /home/ubuntu/CRIU-counter.tar.gz via SCP...
[19:10:53]   Transfer time: 2526 ms
[19:10:53] Step 5: Unpacking on destination...
[19:10:53] Step 6: Preparing restore environment...
[19:10:54]   Copying application scripts...
[19:10:55] Step 6.5: Ensuring /tmp/counter binary is present on destination...
[19:10:55] Step 7: Restoring process...
[19:10:55]   Restore time: 299 ms
[19:10:55] Step 8: Verifying migration...
[19:10:59]   Expected min: 6 (after ~3.0s → ~9), Observed: 9
[19:10:59] ✓ SUCCESS: Counter continued correctly!
[19:10:59] Total downtime: 3440 ms
[19:10:59] Effective bandwidth: 0.08 Mbps
[19:10:59] Metrics saved to /home/ivo/Documents/University/4to/Thesis-AAAAAAAa/Container-vs-Wasm-Service-Migration/Container/metrics/migration_metrics.csv
[exit=0]

$ python3 /home/ivo/Documents/University/4to/Thesis-AAAAAAAa/Container-vs-Wasm-Service-Migration/Container/scripts/setup/reset_nodes.py edge-node-1 edge-node-2
[19:11:00] Resetting nodes: edge-node-1 -> edge-node-2
[19:11:00] Step 1: Killing any existing processes on source...
[19:11:00]   Killing PID 123469 (from /home/ubuntu/app.pid)
[19:11:01]   Killing PID 123469 (from /home/ubuntu/counter.pid)
[19:11:02]   Killing any remaining background processes...
[19:11:02] Step 2: Cleaning source node...
[19:11:03] Step 3: Cleaning destination node...
[19:11:04]   Killing all remaining counter processes on destination...
[19:11:07] ✓ Reset complete, nodes are clean
[19:11:07]   Next: Start your application
[exit=0]

$ bash /home/ivo/Documents/University/4to/Thesis-AAAAAAAa/Container-vs-Wasm-Service-Migration/Container/scripts/workloads/start_counter_c.sh edge-node-1
[19:11:07] Transferring counter.c to edge-node-1...
[19:11:07] Compiling counter.c on edge-node-1...
[19:11:07] Starting counter on edge-node-1...
✓ C counter running (PID: 125130)
[19:11:09] ✓ Counter started
[exit=0]
[repeat] warmup 2s

$ python3 /home/ivo/Documents/University/4to/Thesis-AAAAAAAa/Container-vs-Wasm-Service-Migration/Container/scripts/orchestrators/criu_benchmark.py cold --source edge-node-1 --dest edge-node-2 --transfer-mode direct --run-id repeat-suite-20260330-185020-cold-direct-006
[19:11:11] Starting cold migration...
[19:11:11] Source: edge-node-1, Dest: edge-node-2
[19:11:11] Transfer mode: direct

[19:11:11] === COLD MIGRATION ===
[19:11:11] Step 1: Checking source process...
[19:11:12]   Using PID from /home/ubuntu/counter.pid: 125130
[19:11:12]   Last counter value (pre-freeze): 4
[19:11:13]   Architecture: x86_64 (compatible)
[19:11:13] Step 2: Dumping process with CRIU...
[19:11:13]   Frozen last counter value: 5
[19:11:13]   Expected after restore: 6
[19:11:13]   Checkpoint time: 599 ms
[19:11:13] Step 3: Creating archive...
[19:11:14]   Archive size: 25011 bytes
[19:11:14] Step 4: Transferring archive...
[19:11:14]   Setting up direct SSH trust...
Setting up SSH trust: edge-node-1 → ubuntu@10.22.132.37
  Adding public key to destination's authorized_keys...
  Testing SSH connectivity...
  ✓ SSH trust ready
Setting up SSH trust: edge-node-1 → ubuntu@10.22.132.37
  Adding public key to destination's authorized_keys...
  Testing SSH connectivity...
  ✓ SSH trust ready
  Transferring /home/ubuntu/CRIU-counter.tar.gz via SCP...
[19:11:18]   Transfer time: 2578 ms
[19:11:18] Step 5: Unpacking on destination...
[19:11:19] Step 6: Preparing restore environment...
[19:11:19]   Copying application scripts...
[19:11:20] Step 6.5: Ensuring /tmp/counter binary is present on destination...
[19:11:20] Step 7: Restoring process...
[19:11:21]   Restore time: 306 ms
[19:11:21] Step 8: Verifying migration...
[19:11:24]   Expected min: 6 (after ~3.0s → ~9), Observed: 9
[19:11:24] ✓ SUCCESS: Counter continued correctly!
[19:11:24] Total downtime: 3483 ms
[19:11:24] Effective bandwidth: 0.08 Mbps
[19:11:24] Metrics saved to /home/ivo/Documents/University/4to/Thesis-AAAAAAAa/Container-vs-Wasm-Service-Migration/Container/metrics/migration_metrics.csv
[exit=0]

$ python3 /home/ivo/Documents/University/4to/Thesis-AAAAAAAa/Container-vs-Wasm-Service-Migration/Container/scripts/setup/reset_nodes.py edge-node-1 edge-node-2
[19:11:25] Resetting nodes: edge-node-1 -> edge-node-2
[19:11:25] Step 1: Killing any existing processes on source...
[19:11:25]   Killing PID 125130 (from /home/ubuntu/app.pid)
[19:11:26]   Killing PID 125130 (from /home/ubuntu/counter.pid)
[19:11:26]   Killing any remaining background processes...
[19:11:27] Step 2: Cleaning source node...
[19:11:28] Step 3: Cleaning destination node...
[19:11:29]   Killing all remaining counter processes on destination...
[19:11:32] ✓ Reset complete, nodes are clean
[19:11:32]   Next: Start your application
[exit=0]

$ bash /home/ivo/Documents/University/4to/Thesis-AAAAAAAa/Container-vs-Wasm-Service-Migration/Container/scripts/workloads/start_counter_c.sh edge-node-1
[19:11:32] Transferring counter.c to edge-node-1...
[19:11:32] Compiling counter.c on edge-node-1...
[19:11:32] Starting counter on edge-node-1...
✓ C counter running (PID: 126783)
[19:11:34] ✓ Counter started
[exit=0]
[repeat] warmup 2s

$ python3 /home/ivo/Documents/University/4to/Thesis-AAAAAAAa/Container-vs-Wasm-Service-Migration/Container/scripts/orchestrators/criu_benchmark.py cold --source edge-node-1 --dest edge-node-2 --transfer-mode direct --run-id repeat-suite-20260330-185020-cold-direct-007
[19:11:36] Starting cold migration...
[19:11:36] Source: edge-node-1, Dest: edge-node-2
[19:11:36] Transfer mode: direct

[19:11:36] === COLD MIGRATION ===
[19:11:36] Step 1: Checking source process...
[19:11:37]   Using PID from /home/ubuntu/counter.pid: 126783
[19:11:37]   Last counter value (pre-freeze): 4
[19:11:38]   Architecture: x86_64 (compatible)
[19:11:38] Step 2: Dumping process with CRIU...
[19:11:38]   Frozen last counter value: 5
[19:11:38]   Expected after restore: 6
[19:11:38]   Checkpoint time: 608 ms
[19:11:38] Step 3: Creating archive...
[19:11:39]   Archive size: 25250 bytes
[19:11:39] Step 4: Transferring archive...
[19:11:39]   Setting up direct SSH trust...
Setting up SSH trust: edge-node-1 → ubuntu@10.22.132.37
  Adding public key to destination's authorized_keys...
  Testing SSH connectivity...
  ✓ SSH trust ready
Setting up SSH trust: edge-node-1 → ubuntu@10.22.132.37
  Adding public key to destination's authorized_keys...
  Testing SSH connectivity...
  ✓ SSH trust ready
  Transferring /home/ubuntu/CRIU-counter.tar.gz via SCP...
[19:11:44]   Transfer time: 2861 ms
[19:11:44] Step 5: Unpacking on destination...
[19:11:44] Step 6: Preparing restore environment...
[19:11:44]   Copying application scripts...
[19:11:45] Step 6.5: Ensuring /tmp/counter binary is present on destination...
[19:11:46] Step 7: Restoring process...
[19:11:46]   Restore time: 309 ms
[19:11:46] Step 8: Verifying migration...
[19:11:50]   Expected min: 6 (after ~3.0s → ~9), Observed: 9
[19:11:50] ✓ SUCCESS: Counter continued correctly!
[19:11:50] Total downtime: 3778 ms
[19:11:50] Effective bandwidth: 0.07 Mbps
[19:11:50] Metrics saved to /home/ivo/Documents/University/4to/Thesis-AAAAAAAa/Container-vs-Wasm-Service-Migration/Container/metrics/migration_metrics.csv
[exit=0]

$ python3 /home/ivo/Documents/University/4to/Thesis-AAAAAAAa/Container-vs-Wasm-Service-Migration/Container/scripts/setup/reset_nodes.py edge-node-1 edge-node-2
[19:11:50] Resetting nodes: edge-node-1 -> edge-node-2
[19:11:50] Step 1: Killing any existing processes on source...
[19:11:51]   Killing PID 126783 (from /home/ubuntu/app.pid)
[19:11:51]   Killing PID 126783 (from /home/ubuntu/counter.pid)
[19:11:52]   Killing any remaining background processes...
[19:11:53] Step 2: Cleaning source node...
[19:11:54] Step 3: Cleaning destination node...
[19:11:54]   Killing all remaining counter processes on destination...
[19:11:57] ✓ Reset complete, nodes are clean
[19:11:57]   Next: Start your application
[exit=0]

$ bash /home/ivo/Documents/University/4to/Thesis-AAAAAAAa/Container-vs-Wasm-Service-Migration/Container/scripts/workloads/start_counter_c.sh edge-node-1
[19:11:57] Transferring counter.c to edge-node-1...
[19:11:57] Compiling counter.c on edge-node-1...
[19:11:58] Starting counter on edge-node-1...
✓ C counter running (PID: 128453)
[19:11:59] ✓ Counter started
[exit=0]
[repeat] warmup 2s

$ python3 /home/ivo/Documents/University/4to/Thesis-AAAAAAAa/Container-vs-Wasm-Service-Migration/Container/scripts/orchestrators/criu_benchmark.py cold --source edge-node-1 --dest edge-node-2 --transfer-mode direct --run-id repeat-suite-20260330-185020-cold-direct-008
[19:12:02] Starting cold migration...
[19:12:02] Source: edge-node-1, Dest: edge-node-2
[19:12:02] Transfer mode: direct

[19:12:02] === COLD MIGRATION ===
[19:12:02] Step 1: Checking source process...
[19:12:03]   Using PID from /home/ubuntu/counter.pid: 128453
[19:12:03]   Last counter value (pre-freeze): 4
[19:12:03]   Architecture: x86_64 (compatible)
[19:12:03] Step 2: Dumping process with CRIU...
[19:12:04]   Frozen last counter value: 5
[19:12:04]   Expected after restore: 6
[19:12:04]   Checkpoint time: 615 ms
[19:12:04] Step 3: Creating archive...
[19:12:05]   Archive size: 25131 bytes
[19:12:05] Step 4: Transferring archive...
[19:12:05]   Setting up direct SSH trust...
Setting up SSH trust: edge-node-1 → ubuntu@10.22.132.37
  Adding public key to destination's authorized_keys...
  Testing SSH connectivity...
  ✓ SSH trust ready
Setting up SSH trust: edge-node-1 → ubuntu@10.22.132.37
  Adding public key to destination's authorized_keys...
  Testing SSH connectivity...
  ✓ SSH trust ready
  Transferring /home/ubuntu/CRIU-counter.tar.gz via SCP...
[19:12:09]   Transfer time: 2563 ms
[19:12:09] Step 5: Unpacking on destination...
[19:12:09] Step 6: Preparing restore environment...
[19:12:10]   Copying application scripts...
[19:12:11] Step 6.5: Ensuring /tmp/counter binary is present on destination...
[19:12:11] Step 7: Restoring process...
[19:12:11]   Restore time: 356 ms
[19:12:11] Step 8: Verifying migration...
[19:12:15]   Expected min: 6 (after ~3.0s → ~9), Observed: 9
[19:12:15] ✓ SUCCESS: Counter continued correctly!
[19:12:15] Total downtime: 3534 ms
[19:12:15] Effective bandwidth: 0.08 Mbps
[19:12:15] Metrics saved to /home/ivo/Documents/University/4to/Thesis-AAAAAAAa/Container-vs-Wasm-Service-Migration/Container/metrics/migration_metrics.csv
[exit=0]

$ python3 /home/ivo/Documents/University/4to/Thesis-AAAAAAAa/Container-vs-Wasm-Service-Migration/Container/scripts/setup/reset_nodes.py edge-node-1 edge-node-2
[19:12:16] Resetting nodes: edge-node-1 -> edge-node-2
[19:12:16] Step 1: Killing any existing processes on source...
[19:12:16]   Killing PID 128453 (from /home/ubuntu/app.pid)
[19:12:17]   Killing PID 128453 (from /home/ubuntu/counter.pid)
[19:12:17]   Killing any remaining background processes...
[19:12:18] Step 2: Cleaning source node...
[19:12:19] Step 3: Cleaning destination node...
[19:12:20]   Killing all remaining counter processes on destination...
[19:12:23] ✓ Reset complete, nodes are clean
[19:12:23]   Next: Start your application
[exit=0]

$ bash /home/ivo/Documents/University/4to/Thesis-AAAAAAAa/Container-vs-Wasm-Service-Migration/Container/scripts/workloads/start_counter_c.sh edge-node-1
[19:12:23] Transferring counter.c to edge-node-1...
[19:12:23] Compiling counter.c on edge-node-1...
[19:12:23] Starting counter on edge-node-1...
✓ C counter running (PID: 130106)
[19:12:24] ✓ Counter started
[exit=0]
[repeat] warmup 2s

$ python3 /home/ivo/Documents/University/4to/Thesis-AAAAAAAa/Container-vs-Wasm-Service-Migration/Container/scripts/orchestrators/criu_benchmark.py cold --source edge-node-1 --dest edge-node-2 --transfer-mode direct --run-id repeat-suite-20260330-185020-cold-direct-009
[19:12:27] Starting cold migration...
[19:12:27] Source: edge-node-1, Dest: edge-node-2
[19:12:27] Transfer mode: direct

[19:12:27] === COLD MIGRATION ===
[19:12:27] Step 1: Checking source process...
[19:12:28]   Using PID from /home/ubuntu/counter.pid: 130106
[19:12:28]   Last counter value (pre-freeze): 4
[19:12:29]   Architecture: x86_64 (compatible)
[19:12:29] Step 2: Dumping process with CRIU...
[19:12:29]   Frozen last counter value: 5
[19:12:29]   Expected after restore: 6
[19:12:29]   Checkpoint time: 616 ms
[19:12:29] Step 3: Creating archive...
[19:12:30]   Archive size: 24971 bytes
[19:12:30] Step 4: Transferring archive...
[19:12:30]   Setting up direct SSH trust...
Setting up SSH trust: edge-node-1 → ubuntu@10.22.132.37
  Adding public key to destination's authorized_keys...
  Testing SSH connectivity...
  ✓ SSH trust ready
Setting up SSH trust: edge-node-1 → ubuntu@10.22.132.37
  Adding public key to destination's authorized_keys...
  Testing SSH connectivity...
  ✓ SSH trust ready
  Transferring /home/ubuntu/CRIU-counter.tar.gz via SCP...
[19:12:34]   Transfer time: 2603 ms
[19:12:34] Step 5: Unpacking on destination...
[19:12:34] Step 6: Preparing restore environment...
[19:12:35]   Copying application scripts...
[19:12:36] Step 6.5: Ensuring /tmp/counter binary is present on destination...
[19:12:36] Step 7: Restoring process...
[19:12:36]   Restore time: 304 ms
[19:12:36] Step 8: Verifying migration...
[19:12:40]   Expected min: 6 (after ~3.0s → ~9), Observed: 9
[19:12:40] ✓ SUCCESS: Counter continued correctly!
[19:12:40] Total downtime: 3523 ms
[19:12:40] Effective bandwidth: 0.08 Mbps
[19:12:40] Metrics saved to /home/ivo/Documents/University/4to/Thesis-AAAAAAAa/Container-vs-Wasm-Service-Migration/Container/metrics/migration_metrics.csv
[exit=0]

$ python3 /home/ivo/Documents/University/4to/Thesis-AAAAAAAa/Container-vs-Wasm-Service-Migration/Container/scripts/setup/reset_nodes.py edge-node-1 edge-node-2
[19:12:41] Resetting nodes: edge-node-1 -> edge-node-2
[19:12:41] Step 1: Killing any existing processes on source...
[19:12:41]   Killing PID 130106 (from /home/ubuntu/app.pid)
[19:12:42]   Killing PID 130106 (from /home/ubuntu/counter.pid)
[19:12:43]   Killing any remaining background processes...
[19:12:44] Step 2: Cleaning source node...
[19:12:45] Step 3: Cleaning destination node...
[19:12:45]   Killing all remaining counter processes on destination...
[19:12:48] ✓ Reset complete, nodes are clean
[19:12:48]   Next: Start your application
[exit=0]

$ bash /home/ivo/Documents/University/4to/Thesis-AAAAAAAa/Container-vs-Wasm-Service-Migration/Container/scripts/workloads/start_counter_c.sh edge-node-1
[19:12:48] Transferring counter.c to edge-node-1...
[19:12:48] Compiling counter.c on edge-node-1...
[19:12:49] Starting counter on edge-node-1...
✓ C counter running (PID: 131776)
[19:12:50] ✓ Counter started
[exit=0]
[repeat] warmup 2s

$ python3 /home/ivo/Documents/University/4to/Thesis-AAAAAAAa/Container-vs-Wasm-Service-Migration/Container/scripts/orchestrators/criu_benchmark.py cold --source edge-node-1 --dest edge-node-2 --transfer-mode direct --run-id repeat-suite-20260330-185020-cold-direct-010
[19:12:53] Starting cold migration...
[19:12:53] Source: edge-node-1, Dest: edge-node-2
[19:12:53] Transfer mode: direct

[19:12:53] === COLD MIGRATION ===
[19:12:53] Step 1: Checking source process...
[19:12:53]   Using PID from /home/ubuntu/counter.pid: 131776
[19:12:54]   Last counter value (pre-freeze): 4
[19:12:54]   Architecture: x86_64 (compatible)
[19:12:54] Step 2: Dumping process with CRIU...
[19:12:55]   Frozen last counter value: 5
[19:12:55]   Expected after restore: 6
[19:12:55]   Checkpoint time: 646 ms
[19:12:55] Step 3: Creating archive...
[19:12:56]   Archive size: 25213 bytes
[19:12:56] Step 4: Transferring archive...
[19:12:56]   Setting up direct SSH trust...
Setting up SSH trust: edge-node-1 → ubuntu@10.22.132.37
  Adding public key to destination's authorized_keys...
  Testing SSH connectivity...
  ✓ SSH trust ready
Setting up SSH trust: edge-node-1 → ubuntu@10.22.132.37
  Adding public key to destination's authorized_keys...
  Testing SSH connectivity...
  ✓ SSH trust ready
  Transferring /home/ubuntu/CRIU-counter.tar.gz via SCP...
[19:13:00]   Transfer time: 2593 ms
[19:13:00] Step 5: Unpacking on destination...
[19:13:00] Step 6: Preparing restore environment...
[19:13:01]   Copying application scripts...
[19:13:02] Step 6.5: Ensuring /tmp/counter binary is present on destination...
[19:13:02] Step 7: Restoring process...
[19:13:03]   Restore time: 607 ms
[19:13:03] Step 8: Verifying migration...
[19:13:06]   Expected min: 6 (after ~3.0s → ~9), Observed: 9
[19:13:06] ✓ SUCCESS: Counter continued correctly!
[19:13:06] Total downtime: 3846 ms
[19:13:06] Effective bandwidth: 0.08 Mbps
[19:13:06] Metrics saved to /home/ivo/Documents/University/4to/Thesis-AAAAAAAa/Container-vs-Wasm-Service-Migration/Container/metrics/migration_metrics.csv
[exit=0]

$ python3 /home/ivo/Documents/University/4to/Thesis-AAAAAAAa/Container-vs-Wasm-Service-Migration/Container/scripts/setup/reset_nodes.py edge-node-1 edge-node-2
[19:13:07] Resetting nodes: edge-node-1 -> edge-node-2
[19:13:07] Step 1: Killing any existing processes on source...
[19:13:07]   Killing PID 131776 (from /home/ubuntu/app.pid)
[19:13:08]   Killing PID 131776 (from /home/ubuntu/counter.pid)
[19:13:08]   Killing any remaining background processes...
[19:13:09] Step 2: Cleaning source node...
[19:13:10] Step 3: Cleaning destination node...
[19:13:11]   Killing all remaining counter processes on destination...
[19:13:14] ✓ Reset complete, nodes are clean
[19:13:14]   Next: Start your application
[exit=0]

$ bash /home/ivo/Documents/University/4to/Thesis-AAAAAAAa/Container-vs-Wasm-Service-Migration/Container/scripts/workloads/start_counter_c.sh edge-node-1
[19:13:14] Transferring counter.c to edge-node-1...
[19:13:14] Compiling counter.c on edge-node-1...
[19:13:14] Starting counter on edge-node-1...
✓ C counter running (PID: 133429)
[19:13:16] ✓ Counter started
[exit=0]
[repeat] warmup 2s

$ python3 /home/ivo/Documents/University/4to/Thesis-AAAAAAAa/Container-vs-Wasm-Service-Migration/Container/scripts/orchestrators/criu_benchmark.py cold --source edge-node-1 --dest edge-node-2 --transfer-mode direct --run-id repeat-suite-20260330-185020-cold-direct-011
[19:13:18] Starting cold migration...
[19:13:18] Source: edge-node-1, Dest: edge-node-2
[19:13:18] Transfer mode: direct

[19:13:18] === COLD MIGRATION ===
[19:13:18] Step 1: Checking source process...
[19:13:19]   Using PID from /home/ubuntu/counter.pid: 133429
[19:13:19]   Last counter value (pre-freeze): 4
[19:13:20]   Architecture: x86_64 (compatible)
[19:13:20] Step 2: Dumping process with CRIU...
[19:13:20]   Frozen last counter value: 5
[19:13:20]   Expected after restore: 6
[19:13:20]   Checkpoint time: 605 ms
[19:13:20] Step 3: Creating archive...
[19:13:21]   Archive size: 25157 bytes
[19:13:21] Step 4: Transferring archive...
[19:13:21]   Setting up direct SSH trust...
Setting up SSH trust: edge-node-1 → ubuntu@10.22.132.37
  Adding public key to destination's authorized_keys...
  Testing SSH connectivity...
  ✓ SSH trust ready
Setting up SSH trust: edge-node-1 → ubuntu@10.22.132.37
  Adding public key to destination's authorized_keys...
  Testing SSH connectivity...
  ✓ SSH trust ready
  Transferring /home/ubuntu/CRIU-counter.tar.gz via SCP...
[19:13:25]   Transfer time: 2539 ms
[19:13:25] Step 5: Unpacking on destination...
[19:13:26] Step 6: Preparing restore environment...
[19:13:26]   Copying application scripts...
[19:13:27] Step 6.5: Ensuring /tmp/counter binary is present on destination...
[19:13:27] Step 7: Restoring process...
[19:13:28]   Restore time: 329 ms
[19:13:28] Step 8: Verifying migration...
[19:13:31]   Expected min: 6 (after ~3.0s → ~9), Observed: 9
[19:13:31] ✓ SUCCESS: Counter continued correctly!
[19:13:31] Total downtime: 3473 ms
[19:13:31] Effective bandwidth: 0.08 Mbps
[19:13:31] Metrics saved to /home/ivo/Documents/University/4to/Thesis-AAAAAAAa/Container-vs-Wasm-Service-Migration/Container/metrics/migration_metrics.csv
[exit=0]

$ python3 /home/ivo/Documents/University/4to/Thesis-AAAAAAAa/Container-vs-Wasm-Service-Migration/Container/scripts/setup/reset_nodes.py edge-node-1 edge-node-2
[19:13:32] Resetting nodes: edge-node-1 -> edge-node-2
[19:13:32] Step 1: Killing any existing processes on source...
[19:13:32]   Killing PID 133429 (from /home/ubuntu/app.pid)
[19:13:33]   Killing PID 133429 (from /home/ubuntu/counter.pid)
[19:13:34]   Killing any remaining background processes...
[19:13:34] Step 2: Cleaning source node...
[19:13:35] Step 3: Cleaning destination node...
[19:13:36]   Killing all remaining counter processes on destination...
[19:13:39] ✓ Reset complete, nodes are clean
[19:13:39]   Next: Start your application
[exit=0]

$ bash /home/ivo/Documents/University/4to/Thesis-AAAAAAAa/Container-vs-Wasm-Service-Migration/Container/scripts/workloads/start_counter_c.sh edge-node-1
[19:13:39] Transferring counter.c to edge-node-1...
[19:13:39] Compiling counter.c on edge-node-1...
[19:13:40] Starting counter on edge-node-1...
✓ C counter running (PID: 135091)
[19:13:41] ✓ Counter started
[exit=0]
[repeat] warmup 2s

$ python3 /home/ivo/Documents/University/4to/Thesis-AAAAAAAa/Container-vs-Wasm-Service-Migration/Container/scripts/orchestrators/criu_benchmark.py cold --source edge-node-1 --dest edge-node-2 --transfer-mode direct --run-id repeat-suite-20260330-185020-cold-direct-012
[19:13:44] Starting cold migration...
[19:13:44] Source: edge-node-1, Dest: edge-node-2
[19:13:44] Transfer mode: direct

[19:13:44] === COLD MIGRATION ===
[19:13:44] Step 1: Checking source process...
[19:13:44]   Using PID from /home/ubuntu/counter.pid: 135091
[19:13:45]   Last counter value (pre-freeze): 4
[19:13:45]   Architecture: x86_64 (compatible)
[19:13:45] Step 2: Dumping process with CRIU...
[19:13:46]   Frozen last counter value: 5
[19:13:46]   Expected after restore: 6
[19:13:46]   Checkpoint time: 644 ms
[19:13:46] Step 3: Creating archive...
[19:13:46]   Archive size: 25038 bytes
[19:13:46] Step 4: Transferring archive...
[19:13:46]   Setting up direct SSH trust...
Setting up SSH trust: edge-node-1 → ubuntu@10.22.132.37
  Adding public key to destination's authorized_keys...
  Testing SSH connectivity...
  ✓ SSH trust ready
Setting up SSH trust: edge-node-1 → ubuntu@10.22.132.37
  Adding public key to destination's authorized_keys...
  Testing SSH connectivity...
  ✓ SSH trust ready
  Transferring /home/ubuntu/CRIU-counter.tar.gz via SCP...
[19:13:51]   Transfer time: 2594 ms
[19:13:51] Step 5: Unpacking on destination...
[19:13:51] Step 6: Preparing restore environment...
[19:13:52]   Copying application scripts...
[19:13:53] Step 6.5: Ensuring /tmp/counter binary is present on destination...
[19:13:53] Step 7: Restoring process...
[19:13:53]   Restore time: 322 ms
[19:13:53] Step 8: Verifying migration...
[19:13:57]   Expected min: 6 (after ~3.0s → ~9), Observed: 9
[19:13:57] ✓ SUCCESS: Counter continued correctly!
[19:13:57] Total downtime: 3560 ms
[19:13:57] Effective bandwidth: 0.08 Mbps
[19:13:57] Metrics saved to /home/ivo/Documents/University/4to/Thesis-AAAAAAAa/Container-vs-Wasm-Service-Migration/Container/metrics/migration_metrics.csv
[exit=0]

$ python3 /home/ivo/Documents/University/4to/Thesis-AAAAAAAa/Container-vs-Wasm-Service-Migration/Container/scripts/setup/reset_nodes.py edge-node-1 edge-node-2
[19:13:57] Resetting nodes: edge-node-1 -> edge-node-2
[19:13:57] Step 1: Killing any existing processes on source...
[19:13:58]   Killing PID 135091 (from /home/ubuntu/app.pid)
[19:13:59]   Killing PID 135091 (from /home/ubuntu/counter.pid)
[19:13:59]   Killing any remaining background processes...
[19:14:00] Step 2: Cleaning source node...
[19:14:01] Step 3: Cleaning destination node...
[19:14:02]   Killing all remaining counter processes on destination...
[19:14:05] ✓ Reset complete, nodes are clean
[19:14:05]   Next: Start your application
[exit=0]

$ bash /home/ivo/Documents/University/4to/Thesis-AAAAAAAa/Container-vs-Wasm-Service-Migration/Container/scripts/workloads/start_counter_c.sh edge-node-1
[19:14:05] Transferring counter.c to edge-node-1...
[19:14:05] Compiling counter.c on edge-node-1...
[19:14:05] Starting counter on edge-node-1...
✓ C counter running (PID: 136757)
[19:14:07] ✓ Counter started
[exit=0]
[repeat] warmup 2s

$ python3 /home/ivo/Documents/University/4to/Thesis-AAAAAAAa/Container-vs-Wasm-Service-Migration/Container/scripts/orchestrators/criu_benchmark.py cold --source edge-node-1 --dest edge-node-2 --transfer-mode direct --run-id repeat-suite-20260330-185020-cold-direct-013
[19:14:09] Starting cold migration...
[19:14:09] Source: edge-node-1, Dest: edge-node-2
[19:14:09] Transfer mode: direct

[19:14:09] === COLD MIGRATION ===
[19:14:09] Step 1: Checking source process...
[19:14:10]   Using PID from /home/ubuntu/counter.pid: 136757
[19:14:10]   Last counter value (pre-freeze): 4
[19:14:11]   Architecture: x86_64 (compatible)
[19:14:11] Step 2: Dumping process with CRIU...
[19:14:11]   Frozen last counter value: 5
[19:14:11]   Expected after restore: 6
[19:14:11]   Checkpoint time: 632 ms
[19:14:11] Step 3: Creating archive...
[19:14:12]   Archive size: 25023 bytes
[19:14:12] Step 4: Transferring archive...
[19:14:12]   Setting up direct SSH trust...
Setting up SSH trust: edge-node-1 → ubuntu@10.22.132.37
  Adding public key to destination's authorized_keys...
  Testing SSH connectivity...
  ✓ SSH trust ready
Setting up SSH trust: edge-node-1 → ubuntu@10.22.132.37
  Adding public key to destination's authorized_keys...
  Testing SSH connectivity...
  ✓ SSH trust ready
  Transferring /home/ubuntu/CRIU-counter.tar.gz via SCP...
[19:14:16]   Transfer time: 2616 ms
[19:14:16] Step 5: Unpacking on destination...
[19:14:17] Step 6: Preparing restore environment...
[19:14:17]   Copying application scripts...
[19:14:18] Step 6.5: Ensuring /tmp/counter binary is present on destination...
[19:14:19] Step 7: Restoring process...
[19:14:19]   Restore time: 309 ms
[19:14:19] Step 8: Verifying migration...
[19:14:22]   Expected min: 6 (after ~3.0s → ~9), Observed: 9
[19:14:22] ✓ SUCCESS: Counter continued correctly!
[19:14:22] Total downtime: 3557 ms
[19:14:22] Effective bandwidth: 0.08 Mbps
[19:14:22] Metrics saved to /home/ivo/Documents/University/4to/Thesis-AAAAAAAa/Container-vs-Wasm-Service-Migration/Container/metrics/migration_metrics.csv
[exit=0]

$ python3 /home/ivo/Documents/University/4to/Thesis-AAAAAAAa/Container-vs-Wasm-Service-Migration/Container/scripts/setup/reset_nodes.py edge-node-1 edge-node-2
[19:14:23] Resetting nodes: edge-node-1 -> edge-node-2
[19:14:23] Step 1: Killing any existing processes on source...
[19:14:23]   Killing PID 136757 (from /home/ubuntu/app.pid)
[19:14:24]   Killing PID 136757 (from /home/ubuntu/counter.pid)
[19:14:25]   Killing any remaining background processes...
[19:14:25] Step 2: Cleaning source node...
[19:14:27] Step 3: Cleaning destination node...
[19:14:27]   Killing all remaining counter processes on destination...
[19:14:30] ✓ Reset complete, nodes are clean
[19:14:30]   Next: Start your application
[exit=0]

$ bash /home/ivo/Documents/University/4to/Thesis-AAAAAAAa/Container-vs-Wasm-Service-Migration/Container/scripts/workloads/start_counter_c.sh edge-node-1
[19:14:30] Transferring counter.c to edge-node-1...
[19:14:30] Compiling counter.c on edge-node-1...
[19:14:31] Starting counter on edge-node-1...
✓ C counter running (PID: 138418)
[19:14:32] ✓ Counter started
[exit=0]
[repeat] warmup 2s

$ python3 /home/ivo/Documents/University/4to/Thesis-AAAAAAAa/Container-vs-Wasm-Service-Migration/Container/scripts/orchestrators/criu_benchmark.py cold --source edge-node-1 --dest edge-node-2 --transfer-mode direct --run-id repeat-suite-20260330-185020-cold-direct-014
[19:14:35] Starting cold migration...
[19:14:35] Source: edge-node-1, Dest: edge-node-2
[19:14:35] Transfer mode: direct

[19:14:35] === COLD MIGRATION ===
[19:14:35] Step 1: Checking source process...
[19:14:35]   Using PID from /home/ubuntu/counter.pid: 138418
[19:14:35]   Last counter value (pre-freeze): 4
[19:14:36]   Architecture: x86_64 (compatible)
[19:14:36] Step 2: Dumping process with CRIU...
[19:14:37]   Frozen last counter value: 5
[19:14:37]   Expected after restore: 6
[19:14:37]   Checkpoint time: 600 ms
[19:14:37] Step 3: Creating archive...
[19:14:37]   Archive size: 25014 bytes
[19:14:37] Step 4: Transferring archive...
[19:14:37]   Setting up direct SSH trust...
Setting up SSH trust: edge-node-1 → ubuntu@10.22.132.37
  Adding public key to destination's authorized_keys...
  Testing SSH connectivity...
  ✓ SSH trust ready
Setting up SSH trust: edge-node-1 → ubuntu@10.22.132.37
  Adding public key to destination's authorized_keys...
  Testing SSH connectivity...
  ✓ SSH trust ready
  Transferring /home/ubuntu/CRIU-counter.tar.gz via SCP...
[19:14:42]   Transfer time: 2630 ms
[19:14:42] Step 5: Unpacking on destination...
[19:14:42] Step 6: Preparing restore environment...
[19:14:43]   Copying application scripts...
[19:14:43] Step 6.5: Ensuring /tmp/counter binary is present on destination...
[19:14:44] Step 7: Restoring process...
[19:14:44]   Restore time: 319 ms
[19:14:44] Step 8: Verifying migration...
[19:14:48]   Expected min: 6 (after ~3.0s → ~9), Observed: 9
[19:14:48] ✓ SUCCESS: Counter continued correctly!
[19:14:48] Total downtime: 3549 ms
[19:14:48] Effective bandwidth: 0.08 Mbps
[19:14:48] Metrics saved to /home/ivo/Documents/University/4to/Thesis-AAAAAAAa/Container-vs-Wasm-Service-Migration/Container/metrics/migration_metrics.csv
[exit=0]

$ python3 /home/ivo/Documents/University/4to/Thesis-AAAAAAAa/Container-vs-Wasm-Service-Migration/Container/scripts/setup/reset_nodes.py edge-node-1 edge-node-2
[19:14:49] Resetting nodes: edge-node-1 -> edge-node-2
[19:14:49] Step 1: Killing any existing processes on source...
[19:14:49]   Killing PID 138418 (from /home/ubuntu/app.pid)
[19:14:50]   Killing PID 138418 (from /home/ubuntu/counter.pid)
[19:14:50]   Killing any remaining background processes...
[19:14:51] Step 2: Cleaning source node...
[19:14:52] Step 3: Cleaning destination node...
[19:14:53]   Killing all remaining counter processes on destination...
[19:14:56] ✓ Reset complete, nodes are clean
[19:14:56]   Next: Start your application
[exit=0]

$ bash /home/ivo/Documents/University/4to/Thesis-AAAAAAAa/Container-vs-Wasm-Service-Migration/Container/scripts/workloads/start_counter_c.sh edge-node-1
[19:14:56] Transferring counter.c to edge-node-1...
[19:14:56] Compiling counter.c on edge-node-1...
[19:14:56] Starting counter on edge-node-1...
✓ C counter running (PID: 140081)
[19:14:58] ✓ Counter started
[exit=0]
[repeat] warmup 2s

$ python3 /home/ivo/Documents/University/4to/Thesis-AAAAAAAa/Container-vs-Wasm-Service-Migration/Container/scripts/orchestrators/criu_benchmark.py cold --source edge-node-1 --dest edge-node-2 --transfer-mode direct --run-id repeat-suite-20260330-185020-cold-direct-015
[19:15:00] Starting cold migration...
[19:15:00] Source: edge-node-1, Dest: edge-node-2
[19:15:00] Transfer mode: direct

[19:15:00] === COLD MIGRATION ===
[19:15:00] Step 1: Checking source process...
[19:15:01]   Using PID from /home/ubuntu/counter.pid: 140081
[19:15:01]   Last counter value (pre-freeze): 4
[19:15:02]   Architecture: x86_64 (compatible)
[19:15:02] Step 2: Dumping process with CRIU...
[19:15:02]   Frozen last counter value: 5
[19:15:02]   Expected after restore: 6
[19:15:02]   Checkpoint time: 598 ms
[19:15:02] Step 3: Creating archive...
[19:15:03]   Archive size: 25041 bytes
[19:15:03] Step 4: Transferring archive...
[19:15:03]   Setting up direct SSH trust...
Setting up SSH trust: edge-node-1 → ubuntu@10.22.132.37
  Adding public key to destination's authorized_keys...
  Testing SSH connectivity...
  ✓ SSH trust ready
Setting up SSH trust: edge-node-1 → ubuntu@10.22.132.37
  Adding public key to destination's authorized_keys...
  Testing SSH connectivity...
  ✓ SSH trust ready
  Transferring /home/ubuntu/CRIU-counter.tar.gz via SCP...
[19:15:08]   Transfer time: 2608 ms
[19:15:08] Step 5: Unpacking on destination...
[19:15:08] Step 6: Preparing restore environment...
[19:15:09]   Copying application scripts...
[19:15:09] Step 6.5: Ensuring /tmp/counter binary is present on destination...
[19:15:10] Step 7: Restoring process...
[19:15:10]   Restore time: 320 ms
[19:15:10] Step 8: Verifying migration...
[19:15:14]   Expected min: 6 (after ~3.0s → ~9), Observed: 9
[19:15:14] ✓ SUCCESS: Counter continued correctly!
[19:15:14] Total downtime: 3526 ms
[19:15:14] Effective bandwidth: 0.08 Mbps
[19:15:14] Metrics saved to /home/ivo/Documents/University/4to/Thesis-AAAAAAAa/Container-vs-Wasm-Service-Migration/Container/metrics/migration_metrics.csv
[exit=0]

$ python3 /home/ivo/Documents/University/4to/Thesis-AAAAAAAa/Container-vs-Wasm-Service-Migration/Container/scripts/setup/reset_nodes.py edge-node-1 edge-node-2
[19:15:14] Resetting nodes: edge-node-1 -> edge-node-2
[19:15:14] Step 1: Killing any existing processes on source...
[19:15:15]   Killing PID 140081 (from /home/ubuntu/app.pid)
[19:15:15]   Killing PID 140081 (from /home/ubuntu/counter.pid)
[19:15:16]   Killing any remaining background processes...
[19:15:17] Step 2: Cleaning source node...
[19:15:18] Step 3: Cleaning destination node...
[19:15:18]   Killing all remaining counter processes on destination...
[19:15:21] ✓ Reset complete, nodes are clean
[19:15:21]   Next: Start your application
[exit=0]

$ bash /home/ivo/Documents/University/4to/Thesis-AAAAAAAa/Container-vs-Wasm-Service-Migration/Container/scripts/workloads/start_counter_c.sh edge-node-1
[19:15:21] Transferring counter.c to edge-node-1...
[19:15:22] Compiling counter.c on edge-node-1...
[19:15:22] Starting counter on edge-node-1...
✓ C counter running (PID: 141747)
[19:15:23] ✓ Counter started
[exit=0]
[repeat] warmup 2s

$ python3 /home/ivo/Documents/University/4to/Thesis-AAAAAAAa/Container-vs-Wasm-Service-Migration/Container/scripts/orchestrators/criu_benchmark.py cold --source edge-node-1 --dest edge-node-2 --transfer-mode direct --run-id repeat-suite-20260330-185020-cold-direct-016
[19:15:26] Starting cold migration...
[19:15:26] Source: edge-node-1, Dest: edge-node-2
[19:15:26] Transfer mode: direct

[19:15:26] === COLD MIGRATION ===
[19:15:26] Step 1: Checking source process...
[19:15:27]   Using PID from /home/ubuntu/counter.pid: 141747
[19:15:27]   Last counter value (pre-freeze): 4
[19:15:27]   Architecture: x86_64 (compatible)
[19:15:27] Step 2: Dumping process with CRIU...
[19:15:28]   Frozen last counter value: 5
[19:15:28]   Expected after restore: 6
[19:15:28]   Checkpoint time: 608 ms
[19:15:28] Step 3: Creating archive...
[19:15:29]   Archive size: 25074 bytes
[19:15:29] Step 4: Transferring archive...
[19:15:29]   Setting up direct SSH trust...
Setting up SSH trust: edge-node-1 → ubuntu@10.22.132.37
  Adding public key to destination's authorized_keys...
  Testing SSH connectivity...
  ✓ SSH trust ready
Setting up SSH trust: edge-node-1 → ubuntu@10.22.132.37
  Adding public key to destination's authorized_keys...
  Testing SSH connectivity...
  ✓ SSH trust ready
  Transferring /home/ubuntu/CRIU-counter.tar.gz via SCP...
[19:15:33]   Transfer time: 2591 ms
[19:15:33] Step 5: Unpacking on destination...
[19:15:33] Step 6: Preparing restore environment...
[19:15:34]   Copying application scripts...
[19:15:35] Step 6.5: Ensuring /tmp/counter binary is present on destination...
[19:15:35] Step 7: Restoring process...
[19:15:35]   Restore time: 317 ms
[19:15:35] Step 8: Verifying migration...
[19:15:39]   Expected min: 6 (after ~3.0s → ~9), Observed: 9
[19:15:39] ✓ SUCCESS: Counter continued correctly!
[19:15:39] Total downtime: 3516 ms
[19:15:39] Effective bandwidth: 0.08 Mbps
[19:15:39] Metrics saved to /home/ivo/Documents/University/4to/Thesis-AAAAAAAa/Container-vs-Wasm-Service-Migration/Container/metrics/migration_metrics.csv
[exit=0]

$ python3 /home/ivo/Documents/University/4to/Thesis-AAAAAAAa/Container-vs-Wasm-Service-Migration/Container/scripts/setup/reset_nodes.py edge-node-1 edge-node-2
[19:15:40] Resetting nodes: edge-node-1 -> edge-node-2
[19:15:40] Step 1: Killing any existing processes on source...
[19:15:40]   Killing PID 141747 (from /home/ubuntu/app.pid)
[19:15:41]   Killing PID 141747 (from /home/ubuntu/counter.pid)
[19:15:41]   Killing any remaining background processes...
[19:15:42] Step 2: Cleaning source node...
[19:15:43] Step 3: Cleaning destination node...
[19:15:44]   Killing all remaining counter processes on destination...
[19:15:47] ✓ Reset complete, nodes are clean
[19:15:47]   Next: Start your application
[exit=0]

$ bash /home/ivo/Documents/University/4to/Thesis-AAAAAAAa/Container-vs-Wasm-Service-Migration/Container/scripts/workloads/start_counter_c.sh edge-node-1
[19:15:47] Transferring counter.c to edge-node-1...
[19:15:47] Compiling counter.c on edge-node-1...
[19:15:47] Starting counter on edge-node-1...
✓ C counter running (PID: 143400)
[19:15:48] ✓ Counter started
[exit=0]
[repeat] warmup 2s

$ python3 /home/ivo/Documents/University/4to/Thesis-AAAAAAAa/Container-vs-Wasm-Service-Migration/Container/scripts/orchestrators/criu_benchmark.py cold --source edge-node-1 --dest edge-node-2 --transfer-mode direct --run-id repeat-suite-20260330-185020-cold-direct-017
[19:15:51] Starting cold migration...
[19:15:51] Source: edge-node-1, Dest: edge-node-2
[19:15:51] Transfer mode: direct

[19:15:51] === COLD MIGRATION ===
[19:15:51] Step 1: Checking source process...
[19:15:52]   Using PID from /home/ubuntu/counter.pid: 143400
[19:15:52]   Last counter value (pre-freeze): 4
[19:15:53]   Architecture: x86_64 (compatible)
[19:15:53] Step 2: Dumping process with CRIU...
[19:15:54]   Frozen last counter value: 6
[19:15:54]   Expected after restore: 7
[19:15:54]   Checkpoint time: 620 ms
[19:15:54] Step 3: Creating archive...
[19:15:54]   Archive size: 25255 bytes
[19:15:54] Step 4: Transferring archive...
[19:15:54]   Setting up direct SSH trust...
Setting up SSH trust: edge-node-1 → ubuntu@10.22.132.37
  Adding public key to destination's authorized_keys...
  Testing SSH connectivity...
  ✓ SSH trust ready
Setting up SSH trust: edge-node-1 → ubuntu@10.22.132.37
  Adding public key to destination's authorized_keys...
  Testing SSH connectivity...
  ✓ SSH trust ready
  Transferring /home/ubuntu/CRIU-counter.tar.gz via SCP...
[19:15:59]   Transfer time: 2592 ms
[19:15:59] Step 5: Unpacking on destination...
[19:15:59] Step 6: Preparing restore environment...
[19:16:00]   Copying application scripts...
[19:16:01] Step 6.5: Ensuring /tmp/counter binary is present on destination...
[19:16:01] Step 7: Restoring process...
[19:16:01]   Restore time: 313 ms
[19:16:01] Step 8: Verifying migration...
[19:16:05]   Expected min: 7 (after ~3.0s → ~10), Observed: 10
[19:16:05] ✓ SUCCESS: Counter continued correctly!
[19:16:05] Total downtime: 3525 ms
[19:16:05] Effective bandwidth: 0.08 Mbps
[19:16:05] Metrics saved to /home/ivo/Documents/University/4to/Thesis-AAAAAAAa/Container-vs-Wasm-Service-Migration/Container/metrics/migration_metrics.csv
[exit=0]

$ python3 /home/ivo/Documents/University/4to/Thesis-AAAAAAAa/Container-vs-Wasm-Service-Migration/Container/scripts/setup/reset_nodes.py edge-node-1 edge-node-2
[19:16:06] Resetting nodes: edge-node-1 -> edge-node-2
[19:16:06] Step 1: Killing any existing processes on source...
[19:16:06]   Killing PID 143400 (from /home/ubuntu/app.pid)
[19:16:07]   Killing PID 143400 (from /home/ubuntu/counter.pid)
[19:16:07]   Killing any remaining background processes...
[19:16:08] Step 2: Cleaning source node...
[19:16:09] Step 3: Cleaning destination node...
[19:16:10]   Killing all remaining counter processes on destination...
[19:16:13] ✓ Reset complete, nodes are clean
[19:16:13]   Next: Start your application
[exit=0]

$ bash /home/ivo/Documents/University/4to/Thesis-AAAAAAAa/Container-vs-Wasm-Service-Migration/Container/scripts/workloads/start_counter_c.sh edge-node-1
[19:16:13] Transferring counter.c to edge-node-1...
[19:16:13] Compiling counter.c on edge-node-1...
[19:16:13] Starting counter on edge-node-1...
✓ C counter running (PID: 145070)
[19:16:14] ✓ Counter started
[exit=0]
[repeat] warmup 2s

$ python3 /home/ivo/Documents/University/4to/Thesis-AAAAAAAa/Container-vs-Wasm-Service-Migration/Container/scripts/orchestrators/criu_benchmark.py cold --source edge-node-1 --dest edge-node-2 --transfer-mode direct --run-id repeat-suite-20260330-185020-cold-direct-018
[19:16:17] Starting cold migration...
[19:16:17] Source: edge-node-1, Dest: edge-node-2
[19:16:17] Transfer mode: direct

[19:16:17] === COLD MIGRATION ===
[19:16:17] Step 1: Checking source process...
[19:16:18]   Using PID from /home/ubuntu/counter.pid: 145070
[19:16:18]   Last counter value (pre-freeze): 4
[19:16:19]   Architecture: x86_64 (compatible)
[19:16:19] Step 2: Dumping process with CRIU...
[19:16:19]   Frozen last counter value: 5
[19:16:19]   Expected after restore: 6
[19:16:19]   Checkpoint time: 617 ms
[19:16:19] Step 3: Creating archive...
[19:16:20]   Archive size: 25304 bytes
[19:16:20] Step 4: Transferring archive...
[19:16:20]   Setting up direct SSH trust...
Setting up SSH trust: edge-node-1 → ubuntu@10.22.132.37
  Adding public key to destination's authorized_keys...
  Testing SSH connectivity...
  ✓ SSH trust ready
Setting up SSH trust: edge-node-1 → ubuntu@10.22.132.37
  Adding public key to destination's authorized_keys...
  Testing SSH connectivity...
  ✓ SSH trust ready
  Transferring /home/ubuntu/CRIU-counter.tar.gz via SCP...
[19:16:24]   Transfer time: 2545 ms
[19:16:24] Step 5: Unpacking on destination...
[19:16:24] Step 6: Preparing restore environment...
[19:16:25]   Copying application scripts...
[19:16:26] Step 6.5: Ensuring /tmp/counter binary is present on destination...
[19:16:26] Step 7: Restoring process...
[19:16:26]   Restore time: 298 ms
[19:16:26] Step 8: Verifying migration...
[19:16:30]   Expected min: 6 (after ~3.0s → ~9), Observed: 9
[19:16:30] ✓ SUCCESS: Counter continued correctly!
[19:16:30] Total downtime: 3460 ms
[19:16:30] Effective bandwidth: 0.08 Mbps
[19:16:30] Metrics saved to /home/ivo/Documents/University/4to/Thesis-AAAAAAAa/Container-vs-Wasm-Service-Migration/Container/metrics/migration_metrics.csv
[exit=0]

$ python3 /home/ivo/Documents/University/4to/Thesis-AAAAAAAa/Container-vs-Wasm-Service-Migration/Container/scripts/setup/reset_nodes.py edge-node-1 edge-node-2
[19:16:31] Resetting nodes: edge-node-1 -> edge-node-2
[19:16:31] Step 1: Killing any existing processes on source...
[19:16:31]   Killing PID 145070 (from /home/ubuntu/app.pid)
[19:16:32]   Killing PID 145070 (from /home/ubuntu/counter.pid)
[19:16:32]   Killing any remaining background processes...
[19:16:33] Step 2: Cleaning source node...
[19:16:34] Step 3: Cleaning destination node...
[19:16:35]   Killing all remaining counter processes on destination...
[19:16:38] ✓ Reset complete, nodes are clean
[19:16:38]   Next: Start your application
[exit=0]

$ bash /home/ivo/Documents/University/4to/Thesis-AAAAAAAa/Container-vs-Wasm-Service-Migration/Container/scripts/workloads/start_counter_c.sh edge-node-1
[19:16:38] Transferring counter.c to edge-node-1...
[19:16:38] Compiling counter.c on edge-node-1...
[19:16:38] Starting counter on edge-node-1...
✓ C counter running (PID: 146723)
[19:16:40] ✓ Counter started
[exit=0]
[repeat] warmup 2s

$ python3 /home/ivo/Documents/University/4to/Thesis-AAAAAAAa/Container-vs-Wasm-Service-Migration/Container/scripts/orchestrators/criu_benchmark.py cold --source edge-node-1 --dest edge-node-2 --transfer-mode direct --run-id repeat-suite-20260330-185020-cold-direct-019
[19:16:42] Starting cold migration...
[19:16:42] Source: edge-node-1, Dest: edge-node-2
[19:16:42] Transfer mode: direct

[19:16:42] === COLD MIGRATION ===
[19:16:42] Step 1: Checking source process...
[19:16:43]   Using PID from /home/ubuntu/counter.pid: 146723
[19:16:43]   Last counter value (pre-freeze): 4
[19:16:44]   Architecture: x86_64 (compatible)
[19:16:44] Step 2: Dumping process with CRIU...
[19:16:44]   Frozen last counter value: 5
[19:16:44]   Expected after restore: 6
[19:16:44]   Checkpoint time: 582 ms
[19:16:44] Step 3: Creating archive...
[19:16:45]   Archive size: 25009 bytes
[19:16:45] Step 4: Transferring archive...
[19:16:45]   Setting up direct SSH trust...
Setting up SSH trust: edge-node-1 → ubuntu@10.22.132.37
  Adding public key to destination's authorized_keys...
  Testing SSH connectivity...
  ✓ SSH trust ready
Setting up SSH trust: edge-node-1 → ubuntu@10.22.132.37
  Adding public key to destination's authorized_keys...
  Testing SSH connectivity...
  ✓ SSH trust ready
  Transferring /home/ubuntu/CRIU-counter.tar.gz via SCP...
[19:16:49]   Transfer time: 2582 ms
[19:16:49] Step 5: Unpacking on destination...
[19:16:50] Step 6: Preparing restore environment...
[19:16:50]   Copying application scripts...
[19:16:51] Step 6.5: Ensuring /tmp/counter binary is present on destination...
[19:16:52] Step 7: Restoring process...
[19:16:52]   Restore time: 306 ms
[19:16:52] Step 8: Verifying migration...
[19:16:56]   Expected min: 6 (after ~3.0s → ~9), Observed: 9
[19:16:56] ✓ SUCCESS: Counter continued correctly!
[19:16:56] Total downtime: 3470 ms
[19:16:56] Effective bandwidth: 0.08 Mbps
[19:16:56] Metrics saved to /home/ivo/Documents/University/4to/Thesis-AAAAAAAa/Container-vs-Wasm-Service-Migration/Container/metrics/migration_metrics.csv
[exit=0]

$ python3 /home/ivo/Documents/University/4to/Thesis-AAAAAAAa/Container-vs-Wasm-Service-Migration/Container/scripts/setup/reset_nodes.py edge-node-1 edge-node-2
[19:16:56] Resetting nodes: edge-node-1 -> edge-node-2
[19:16:56] Step 1: Killing any existing processes on source...
[19:16:57]   Killing PID 146723 (from /home/ubuntu/app.pid)
[19:16:57]   Killing PID 146723 (from /home/ubuntu/counter.pid)
[19:16:58]   Killing any remaining background processes...
[19:16:59] Step 2: Cleaning source node...
[19:17:00] Step 3: Cleaning destination node...
[19:17:01]   Killing all remaining counter processes on destination...
[19:17:03] ✓ Reset complete, nodes are clean
[19:17:03]   Next: Start your application
[exit=0]

$ bash /home/ivo/Documents/University/4to/Thesis-AAAAAAAa/Container-vs-Wasm-Service-Migration/Container/scripts/workloads/start_counter_c.sh edge-node-1
[19:17:03] Transferring counter.c to edge-node-1...
[19:17:04] Compiling counter.c on edge-node-1...
[19:17:04] Starting counter on edge-node-1...
✓ C counter running (PID: 148396)
[19:17:05] ✓ Counter started
[exit=0]
[repeat] warmup 2s

$ python3 /home/ivo/Documents/University/4to/Thesis-AAAAAAAa/Container-vs-Wasm-Service-Migration/Container/scripts/orchestrators/criu_benchmark.py cold --source edge-node-1 --dest edge-node-2 --transfer-mode direct --run-id repeat-suite-20260330-185020-cold-direct-020
[19:17:08] Starting cold migration...
[19:17:08] Source: edge-node-1, Dest: edge-node-2
[19:17:08] Transfer mode: direct

[19:17:08] === COLD MIGRATION ===
[19:17:08] Step 1: Checking source process...
[19:17:09]   Using PID from /home/ubuntu/counter.pid: 148396
[19:17:09]   Last counter value (pre-freeze): 4
[19:17:10]   Architecture: x86_64 (compatible)
[19:17:10] Step 2: Dumping process with CRIU...
[19:17:10]   Frozen last counter value: 5
[19:17:10]   Expected after restore: 6
[19:17:10]   Checkpoint time: 630 ms
[19:17:10] Step 3: Creating archive...
[19:17:11]   Archive size: 25151 bytes
[19:17:11] Step 4: Transferring archive...
[19:17:11]   Setting up direct SSH trust...
Setting up SSH trust: edge-node-1 → ubuntu@10.22.132.37
  Adding public key to destination's authorized_keys...
  Testing SSH connectivity...
  ✓ SSH trust ready
Setting up SSH trust: edge-node-1 → ubuntu@10.22.132.37
  Adding public key to destination's authorized_keys...
  Testing SSH connectivity...
  ✓ SSH trust ready
  Transferring /home/ubuntu/CRIU-counter.tar.gz via SCP...
[19:17:15]   Transfer time: 2606 ms
[19:17:15] Step 5: Unpacking on destination...
[19:17:16] Step 6: Preparing restore environment...
[19:17:16]   Copying application scripts...
[19:17:17] Step 6.5: Ensuring /tmp/counter binary is present on destination...
[19:17:18] Step 7: Restoring process...
[19:17:18]   Restore time: 314 ms
[19:17:18] Step 8: Verifying migration...
[19:17:21]   Expected min: 6 (after ~3.0s → ~9), Observed: 9
[19:17:21] ✓ SUCCESS: Counter continued correctly!
[19:17:21] Total downtime: 3550 ms
[19:17:21] Effective bandwidth: 0.08 Mbps
[19:17:21] Metrics saved to /home/ivo/Documents/University/4to/Thesis-AAAAAAAa/Container-vs-Wasm-Service-Migration/Container/metrics/migration_metrics.csv
[exit=0]

$ python3 /home/ivo/Documents/University/4to/Thesis-AAAAAAAa/Container-vs-Wasm-Service-Migration/Container/scripts/setup/reset_nodes.py edge-node-1 edge-node-2
[19:17:22] Resetting nodes: edge-node-1 -> edge-node-2
[19:17:22] Step 1: Killing any existing processes on source...
[19:17:22]   Killing PID 148396 (from /home/ubuntu/app.pid)
[19:17:23]   Killing PID 148396 (from /home/ubuntu/counter.pid)
[19:17:24]   Killing any remaining background processes...
[19:17:24] Step 2: Cleaning source node...
[19:17:26] Step 3: Cleaning destination node...
[19:17:26]   Killing all remaining counter processes on destination...
[19:17:29] ✓ Reset complete, nodes are clean
[19:17:29]   Next: Start your application
[exit=0]

$ bash /home/ivo/Documents/University/4to/Thesis-AAAAAAAa/Container-vs-Wasm-Service-Migration/Container/scripts/workloads/start_counter_c.sh edge-node-1
[19:17:29] Transferring counter.c to edge-node-1...
[19:17:29] Compiling counter.c on edge-node-1...
[19:17:30] Starting counter on edge-node-1...
✓ C counter running (PID: 150049)
[19:17:31] ✓ Counter started
[exit=0]
[repeat] warmup 2s

$ python3 /home/ivo/Documents/University/4to/Thesis-AAAAAAAa/Container-vs-Wasm-Service-Migration/Container/scripts/orchestrators/criu_benchmark.py cold --source edge-node-1 --dest edge-node-2 --transfer-mode direct --run-id repeat-suite-20260330-185020-cold-direct-021
[19:17:34] Starting cold migration...
[19:17:34] Source: edge-node-1, Dest: edge-node-2
[19:17:34] Transfer mode: direct

[19:17:34] === COLD MIGRATION ===
[19:17:34] Step 1: Checking source process...
[19:17:34]   Using PID from /home/ubuntu/counter.pid: 150049
[19:17:35]   Last counter value (pre-freeze): 4
[19:17:35]   Architecture: x86_64 (compatible)
[19:17:35] Step 2: Dumping process with CRIU...
[19:17:36]   Frozen last counter value: 5
[19:17:36]   Expected after restore: 6
[19:17:36]   Checkpoint time: 636 ms
[19:17:36] Step 3: Creating archive...
[19:17:36]   Archive size: 25031 bytes
[19:17:36] Step 4: Transferring archive...
[19:17:36]   Setting up direct SSH trust...
Setting up SSH trust: edge-node-1 → ubuntu@10.22.132.37
  Adding public key to destination's authorized_keys...
  Testing SSH connectivity...
  ✓ SSH trust ready
Setting up SSH trust: edge-node-1 → ubuntu@10.22.132.37
  Adding public key to destination's authorized_keys...
  Testing SSH connectivity...
  ✓ SSH trust ready
  Transferring /home/ubuntu/CRIU-counter.tar.gz via SCP...
[19:17:41]   Transfer time: 2607 ms
[19:17:41] Step 5: Unpacking on destination...
[19:17:41] Step 6: Preparing restore environment...
[19:17:42]   Copying application scripts...
[19:17:43] Step 6.5: Ensuring /tmp/counter binary is present on destination...
[19:17:43] Step 7: Restoring process...
[19:17:43]   Restore time: 316 ms
[19:17:43] Step 8: Verifying migration...
[19:17:47]   Expected min: 6 (after ~3.0s → ~9), Observed: 9
[19:17:47] ✓ SUCCESS: Counter continued correctly!
[19:17:47] Total downtime: 3559 ms
[19:17:47] Effective bandwidth: 0.08 Mbps
[19:17:47] Metrics saved to /home/ivo/Documents/University/4to/Thesis-AAAAAAAa/Container-vs-Wasm-Service-Migration/Container/metrics/migration_metrics.csv
[exit=0]

$ python3 /home/ivo/Documents/University/4to/Thesis-AAAAAAAa/Container-vs-Wasm-Service-Migration/Container/scripts/setup/reset_nodes.py edge-node-1 edge-node-2
[19:17:47] Resetting nodes: edge-node-1 -> edge-node-2
[19:17:47] Step 1: Killing any existing processes on source...
[19:17:48]   Killing PID 150049 (from /home/ubuntu/app.pid)
[19:17:49]   Killing PID 150049 (from /home/ubuntu/counter.pid)
[19:17:49]   Killing any remaining background processes...
[19:17:50] Step 2: Cleaning source node...
[19:17:51] Step 3: Cleaning destination node...
[19:17:52]   Killing all remaining counter processes on destination...
[19:17:54] ✓ Reset complete, nodes are clean
[19:17:54]   Next: Start your application
[exit=0]

$ bash /home/ivo/Documents/University/4to/Thesis-AAAAAAAa/Container-vs-Wasm-Service-Migration/Container/scripts/workloads/start_counter_c.sh edge-node-1
[19:17:54] Transferring counter.c to edge-node-1...
[19:17:55] Compiling counter.c on edge-node-1...
[19:17:55] Starting counter on edge-node-1...
✓ C counter running (PID: 151719)
[19:17:57] ✓ Counter started
[exit=0]
[repeat] warmup 2s

$ python3 /home/ivo/Documents/University/4to/Thesis-AAAAAAAa/Container-vs-Wasm-Service-Migration/Container/scripts/orchestrators/criu_benchmark.py cold --source edge-node-1 --dest edge-node-2 --transfer-mode direct --run-id repeat-suite-20260330-185020-cold-direct-022
[19:17:59] Starting cold migration...
[19:17:59] Source: edge-node-1, Dest: edge-node-2
[19:17:59] Transfer mode: direct

[19:17:59] === COLD MIGRATION ===
[19:17:59] Step 1: Checking source process...
[19:18:00]   Using PID from /home/ubuntu/counter.pid: 151719
[19:18:00]   Last counter value (pre-freeze): 4
[19:18:01]   Architecture: x86_64 (compatible)
[19:18:01] Step 2: Dumping process with CRIU...
[19:18:01]   Frozen last counter value: 5
[19:18:01]   Expected after restore: 6
[19:18:01]   Checkpoint time: 609 ms
[19:18:01] Step 3: Creating archive...
[19:18:02]   Archive size: 25199 bytes
[19:18:02] Step 4: Transferring archive...
[19:18:02]   Setting up direct SSH trust...
Setting up SSH trust: edge-node-1 → ubuntu@10.22.132.37
  Adding public key to destination's authorized_keys...
  Testing SSH connectivity...
  ✓ SSH trust ready
Setting up SSH trust: edge-node-1 → ubuntu@10.22.132.37
  Adding public key to destination's authorized_keys...
  Testing SSH connectivity...
  ✓ SSH trust ready
  Transferring /home/ubuntu/CRIU-counter.tar.gz via SCP...
[19:18:06]   Transfer time: 2612 ms
[19:18:06] Step 5: Unpacking on destination...
[19:18:07] Step 6: Preparing restore environment...
[19:18:07]   Copying application scripts...
[19:18:08] Step 6.5: Ensuring /tmp/counter binary is present on destination...
[19:18:08] Step 7: Restoring process...
[19:18:09]   Restore time: 578 ms
[19:18:09] Step 8: Verifying migration...
[19:18:12]   Expected min: 6 (after ~3.0s → ~9), Observed: 9
[19:18:12] ✓ SUCCESS: Counter continued correctly!
[19:18:12] Total downtime: 3799 ms
[19:18:12] Effective bandwidth: 0.08 Mbps
[19:18:12] Metrics saved to /home/ivo/Documents/University/4to/Thesis-AAAAAAAa/Container-vs-Wasm-Service-Migration/Container/metrics/migration_metrics.csv
[exit=0]

$ python3 /home/ivo/Documents/University/4to/Thesis-AAAAAAAa/Container-vs-Wasm-Service-Migration/Container/scripts/setup/reset_nodes.py edge-node-1 edge-node-2
[19:18:13] Resetting nodes: edge-node-1 -> edge-node-2
[19:18:13] Step 1: Killing any existing processes on source...
[19:18:13]   Killing PID 151719 (from /home/ubuntu/app.pid)
[19:18:14]   Killing PID 151719 (from /home/ubuntu/counter.pid)
[19:18:15]   Killing any remaining background processes...
[19:18:16] Step 2: Cleaning source node...
[19:18:17] Step 3: Cleaning destination node...
[19:18:17]   Killing all remaining counter processes on destination...
[19:18:20] ✓ Reset complete, nodes are clean
[19:18:20]   Next: Start your application
[exit=0]

$ bash /home/ivo/Documents/University/4to/Thesis-AAAAAAAa/Container-vs-Wasm-Service-Migration/Container/scripts/workloads/start_counter_c.sh edge-node-1
[19:18:20] Transferring counter.c to edge-node-1...
[19:18:20] Compiling counter.c on edge-node-1...
[19:18:21] Starting counter on edge-node-1...
✓ C counter running (PID: 153372)
[19:18:22] ✓ Counter started
[exit=0]
[repeat] warmup 2s

$ python3 /home/ivo/Documents/University/4to/Thesis-AAAAAAAa/Container-vs-Wasm-Service-Migration/Container/scripts/orchestrators/criu_benchmark.py cold --source edge-node-1 --dest edge-node-2 --transfer-mode direct --run-id repeat-suite-20260330-185020-cold-direct-023
[19:18:25] Starting cold migration...
[19:18:25] Source: edge-node-1, Dest: edge-node-2
[19:18:25] Transfer mode: direct

[19:18:25] === COLD MIGRATION ===
[19:18:25] Step 1: Checking source process...
[19:18:25]   Using PID from /home/ubuntu/counter.pid: 153372
[19:18:26]   Last counter value (pre-freeze): 4
[19:18:26]   Architecture: x86_64 (compatible)
[19:18:26] Step 2: Dumping process with CRIU...
[19:18:27]   Frozen last counter value: 5
[19:18:27]   Expected after restore: 6
[19:18:27]   Checkpoint time: 646 ms
[19:18:27] Step 3: Creating archive...
[19:18:28]   Archive size: 25112 bytes
[19:18:28] Step 4: Transferring archive...
[19:18:28]   Setting up direct SSH trust...
Setting up SSH trust: edge-node-1 → ubuntu@10.22.132.37
  Adding public key to destination's authorized_keys...
  Testing SSH connectivity...
  ✓ SSH trust ready
Setting up SSH trust: edge-node-1 → ubuntu@10.22.132.37
  Adding public key to destination's authorized_keys...
  Testing SSH connectivity...
  ✓ SSH trust ready
  Transferring /home/ubuntu/CRIU-counter.tar.gz via SCP...
[19:18:32]   Transfer time: 2588 ms
[19:18:32] Step 5: Unpacking on destination...
[19:18:32] Step 6: Preparing restore environment...
[19:18:33]   Copying application scripts...
[19:18:34] Step 6.5: Ensuring /tmp/counter binary is present on destination...
[19:18:34] Step 7: Restoring process...
[19:18:34]   Restore time: 310 ms
[19:18:34] Step 8: Verifying migration...
[19:18:38]   Expected min: 6 (after ~3.0s → ~9), Observed: 9
[19:18:38] ✓ SUCCESS: Counter continued correctly!
[19:18:38] Total downtime: 3544 ms
[19:18:38] Effective bandwidth: 0.08 Mbps
[19:18:38] Metrics saved to /home/ivo/Documents/University/4to/Thesis-AAAAAAAa/Container-vs-Wasm-Service-Migration/Container/metrics/migration_metrics.csv
[exit=0]

$ python3 /home/ivo/Documents/University/4to/Thesis-AAAAAAAa/Container-vs-Wasm-Service-Migration/Container/scripts/setup/reset_nodes.py edge-node-1 edge-node-2
[19:18:39] Resetting nodes: edge-node-1 -> edge-node-2
[19:18:39] Step 1: Killing any existing processes on source...
[19:18:39]   Killing PID 153372 (from /home/ubuntu/app.pid)
[19:18:40]   Killing PID 153372 (from /home/ubuntu/counter.pid)
[19:18:40]   Killing any remaining background processes...
[19:18:41] Step 2: Cleaning source node...
[19:18:42] Step 3: Cleaning destination node...
[19:18:43]   Killing all remaining counter processes on destination...
[19:18:45] ✓ Reset complete, nodes are clean
[19:18:45]   Next: Start your application
[exit=0]

$ bash /home/ivo/Documents/University/4to/Thesis-AAAAAAAa/Container-vs-Wasm-Service-Migration/Container/scripts/workloads/start_counter_c.sh edge-node-1
[19:18:45] Transferring counter.c to edge-node-1...
[19:18:46] Compiling counter.c on edge-node-1...
[19:18:46] Starting counter on edge-node-1...
✓ C counter running (PID: 155033)
[19:18:47] ✓ Counter started
[exit=0]
[repeat] warmup 2s

$ python3 /home/ivo/Documents/University/4to/Thesis-AAAAAAAa/Container-vs-Wasm-Service-Migration/Container/scripts/orchestrators/criu_benchmark.py cold --source edge-node-1 --dest edge-node-2 --transfer-mode direct --run-id repeat-suite-20260330-185020-cold-direct-024
[19:18:50] Starting cold migration...
[19:18:50] Source: edge-node-1, Dest: edge-node-2
[19:18:50] Transfer mode: direct

[19:18:50] === COLD MIGRATION ===
[19:18:50] Step 1: Checking source process...
[19:18:51]   Using PID from /home/ubuntu/counter.pid: 155033
[19:18:51]   Last counter value (pre-freeze): 4
[19:18:51]   Architecture: x86_64 (compatible)
[19:18:51] Step 2: Dumping process with CRIU...
[19:18:52]   Frozen last counter value: 5
[19:18:52]   Expected after restore: 6
[19:18:52]   Checkpoint time: 586 ms
[19:18:52] Step 3: Creating archive...
[19:18:53]   Archive size: 25277 bytes
[19:18:53] Step 4: Transferring archive...
[19:18:53]   Setting up direct SSH trust...
Setting up SSH trust: edge-node-1 → ubuntu@10.22.132.37
  Adding public key to destination's authorized_keys...
  Testing SSH connectivity...
  ✓ SSH trust ready
Setting up SSH trust: edge-node-1 → ubuntu@10.22.132.37
  Adding public key to destination's authorized_keys...
  Testing SSH connectivity...
  ✓ SSH trust ready
  Transferring /home/ubuntu/CRIU-counter.tar.gz via SCP...
[19:18:57]   Transfer time: 2906 ms
[19:18:57] Step 5: Unpacking on destination...
[19:18:58] Step 6: Preparing restore environment...
[19:18:58]   Copying application scripts...
[19:18:59] Step 6.5: Ensuring /tmp/counter binary is present on destination...
[19:18:59] Step 7: Restoring process...
[19:19:00]   Restore time: 314 ms
[19:19:00] Step 8: Verifying migration...
[19:19:03]   Expected min: 6 (after ~3.0s → ~9), Observed: 9
[19:19:03] ✓ SUCCESS: Counter continued correctly!
[19:19:03] Total downtime: 3806 ms
[19:19:03] Effective bandwidth: 0.07 Mbps
[19:19:03] Metrics saved to /home/ivo/Documents/University/4to/Thesis-AAAAAAAa/Container-vs-Wasm-Service-Migration/Container/metrics/migration_metrics.csv
[exit=0]

$ python3 /home/ivo/Documents/University/4to/Thesis-AAAAAAAa/Container-vs-Wasm-Service-Migration/Container/scripts/setup/reset_nodes.py edge-node-1 edge-node-2
[19:19:04] Resetting nodes: edge-node-1 -> edge-node-2
[19:19:04] Step 1: Killing any existing processes on source...
[19:19:04]   Killing PID 155033 (from /home/ubuntu/app.pid)
[19:19:05]   Killing PID 155033 (from /home/ubuntu/counter.pid)
[19:19:06]   Killing any remaining background processes...
[19:19:06] Step 2: Cleaning source node...
[19:19:07] Step 3: Cleaning destination node...
[19:19:08]   Killing all remaining counter processes on destination...
[19:19:11] ✓ Reset complete, nodes are clean
[19:19:11]   Next: Start your application
[exit=0]

$ bash /home/ivo/Documents/University/4to/Thesis-AAAAAAAa/Container-vs-Wasm-Service-Migration/Container/scripts/workloads/start_counter_c.sh edge-node-1
[19:19:11] Transferring counter.c to edge-node-1...
[19:19:11] Compiling counter.c on edge-node-1...
[19:19:12] Starting counter on edge-node-1...
✓ C counter running (PID: 156741)
[19:19:13] ✓ Counter started
[exit=0]
[repeat] warmup 2s

$ python3 /home/ivo/Documents/University/4to/Thesis-AAAAAAAa/Container-vs-Wasm-Service-Migration/Container/scripts/orchestrators/criu_benchmark.py cold --source edge-node-1 --dest edge-node-2 --transfer-mode direct --run-id repeat-suite-20260330-185020-cold-direct-025
[19:19:16] Starting cold migration...
[19:19:16] Source: edge-node-1, Dest: edge-node-2
[19:19:16] Transfer mode: direct

[19:19:16] === COLD MIGRATION ===
[19:19:16] Step 1: Checking source process...
[19:19:16]   Using PID from /home/ubuntu/counter.pid: 156741
[19:19:17]   Last counter value (pre-freeze): 4
[19:19:17]   Architecture: x86_64 (compatible)
[19:19:17] Step 2: Dumping process with CRIU...
[19:19:18]   Frozen last counter value: 5
[19:19:18]   Expected after restore: 6
[19:19:18]   Checkpoint time: 654 ms
[19:19:18] Step 3: Creating archive...
[19:19:18]   Archive size: 25225 bytes
[19:19:18] Step 4: Transferring archive...
[19:19:18]   Setting up direct SSH trust...
Setting up SSH trust: edge-node-1 → ubuntu@10.22.132.37
  Adding public key to destination's authorized_keys...
  Testing SSH connectivity...
  ✓ SSH trust ready
Setting up SSH trust: edge-node-1 → ubuntu@10.22.132.37
  Adding public key to destination's authorized_keys...
  Testing SSH connectivity...
  ✓ SSH trust ready
  Transferring /home/ubuntu/CRIU-counter.tar.gz via SCP...
[19:19:23]   Transfer time: 2598 ms
[19:19:23] Step 5: Unpacking on destination...
[19:19:23] Step 6: Preparing restore environment...
[19:19:24]   Copying application scripts...
[19:19:25] Step 6.5: Ensuring /tmp/counter binary is present on destination...
[19:19:25] Step 7: Restoring process...
[19:19:25]   Restore time: 325 ms
[19:19:25] Step 8: Verifying migration...
[19:19:29]   Expected min: 6 (after ~3.0s → ~9), Observed: 9
[19:19:29] ✓ SUCCESS: Counter continued correctly!
[19:19:29] Total downtime: 3577 ms
[19:19:29] Effective bandwidth: 0.08 Mbps
[19:19:29] Metrics saved to /home/ivo/Documents/University/4to/Thesis-AAAAAAAa/Container-vs-Wasm-Service-Migration/Container/metrics/migration_metrics.csv
[exit=0]

$ python3 /home/ivo/Documents/University/4to/Thesis-AAAAAAAa/Container-vs-Wasm-Service-Migration/Container/scripts/setup/reset_nodes.py edge-node-1 edge-node-2
[19:19:30] Resetting nodes: edge-node-1 -> edge-node-2
[19:19:30] Step 1: Killing any existing processes on source...
[19:19:30]   Killing PID 156741 (from /home/ubuntu/app.pid)
[19:19:31]   Killing PID 156741 (from /home/ubuntu/counter.pid)
[19:19:31]   Killing any remaining background processes...
[19:19:32] Step 2: Cleaning source node...
[19:19:33] Step 3: Cleaning destination node...
[19:19:34]   Killing all remaining counter processes on destination...
[19:19:37] ✓ Reset complete, nodes are clean
[19:19:37]   Next: Start your application
[exit=0]

$ bash /home/ivo/Documents/University/4to/Thesis-AAAAAAAa/Container-vs-Wasm-Service-Migration/Container/scripts/workloads/start_counter_c.sh edge-node-1
[19:19:37] Transferring counter.c to edge-node-1...
[19:19:37] Compiling counter.c on edge-node-1...
[19:19:37] Starting counter on edge-node-1...
✓ C counter running (PID: 158403)
[19:19:39] ✓ Counter started
[exit=0]
[repeat] warmup 2s

$ python3 /home/ivo/Documents/University/4to/Thesis-AAAAAAAa/Container-vs-Wasm-Service-Migration/Container/scripts/orchestrators/criu_benchmark.py cold --source edge-node-1 --dest edge-node-2 --transfer-mode direct --run-id repeat-suite-20260330-185020-cold-direct-026
[19:19:41] Starting cold migration...
[19:19:41] Source: edge-node-1, Dest: edge-node-2
[19:19:41] Transfer mode: direct

[19:19:41] === COLD MIGRATION ===
[19:19:41] Step 1: Checking source process...
[19:19:42]   Using PID from /home/ubuntu/counter.pid: 158403
[19:19:42]   Last counter value (pre-freeze): 4
[19:19:43]   Architecture: x86_64 (compatible)
[19:19:43] Step 2: Dumping process with CRIU...
[19:19:43]   Frozen last counter value: 5
[19:19:43]   Expected after restore: 6
[19:19:43]   Checkpoint time: 637 ms
[19:19:43] Step 3: Creating archive...
[19:19:44]   Archive size: 25242 bytes
[19:19:44] Step 4: Transferring archive...
[19:19:44]   Setting up direct SSH trust...
Setting up SSH trust: edge-node-1 → ubuntu@10.22.132.37
  Adding public key to destination's authorized_keys...
  Testing SSH connectivity...
  ✓ SSH trust ready
Setting up SSH trust: edge-node-1 → ubuntu@10.22.132.37
  Adding public key to destination's authorized_keys...
  Testing SSH connectivity...
  ✓ SSH trust ready
  Transferring /home/ubuntu/CRIU-counter.tar.gz via SCP...
[19:19:48]   Transfer time: 2618 ms
[19:19:48] Step 5: Unpacking on destination...
[19:19:49] Step 6: Preparing restore environment...
[19:19:49]   Copying application scripts...
[19:19:50] Step 6.5: Ensuring /tmp/counter binary is present on destination...
[19:19:50] Step 7: Restoring process...
[19:19:51]   Restore time: 311 ms
[19:19:51] Step 8: Verifying migration...
[19:19:54]   Expected min: 6 (after ~3.0s → ~9), Observed: 9
[19:19:54] ✓ SUCCESS: Counter continued correctly!
[19:19:54] Total downtime: 3566 ms
[19:19:54] Effective bandwidth: 0.08 Mbps
[19:19:54] Metrics saved to /home/ivo/Documents/University/4to/Thesis-AAAAAAAa/Container-vs-Wasm-Service-Migration/Container/metrics/migration_metrics.csv
[exit=0]

$ python3 /home/ivo/Documents/University/4to/Thesis-AAAAAAAa/Container-vs-Wasm-Service-Migration/Container/scripts/setup/reset_nodes.py edge-node-1 edge-node-2
[19:19:55] Resetting nodes: edge-node-1 -> edge-node-2
[19:19:55] Step 1: Killing any existing processes on source...
[19:19:55]   Killing PID 158403 (from /home/ubuntu/app.pid)
[19:19:56]   Killing PID 158403 (from /home/ubuntu/counter.pid)
[19:19:57]   Killing any remaining background processes...
[19:19:58] Step 2: Cleaning source node...
[19:19:59] Step 3: Cleaning destination node...
[19:19:59]   Killing all remaining counter processes on destination...
[19:20:02] ✓ Reset complete, nodes are clean
[19:20:02]   Next: Start your application
[exit=0]

$ bash /home/ivo/Documents/University/4to/Thesis-AAAAAAAa/Container-vs-Wasm-Service-Migration/Container/scripts/workloads/start_counter_c.sh edge-node-1
[19:20:02] Transferring counter.c to edge-node-1...
[19:20:03] Compiling counter.c on edge-node-1...
[19:20:03] Starting counter on edge-node-1...
✓ C counter running (PID: 160069)
[19:20:04] ✓ Counter started
[exit=0]
[repeat] warmup 2s

$ python3 /home/ivo/Documents/University/4to/Thesis-AAAAAAAa/Container-vs-Wasm-Service-Migration/Container/scripts/orchestrators/criu_benchmark.py cold --source edge-node-1 --dest edge-node-2 --transfer-mode direct --run-id repeat-suite-20260330-185020-cold-direct-027
[19:20:07] Starting cold migration...
[19:20:07] Source: edge-node-1, Dest: edge-node-2
[19:20:07] Transfer mode: direct

[19:20:07] === COLD MIGRATION ===
[19:20:07] Step 1: Checking source process...
[19:20:07]   Using PID from /home/ubuntu/counter.pid: 160069
[19:20:08]   Last counter value (pre-freeze): 4
[19:20:08]   Architecture: x86_64 (compatible)
[19:20:08] Step 2: Dumping process with CRIU...
[19:20:09]   Frozen last counter value: 5
[19:20:09]   Expected after restore: 6
[19:20:09]   Checkpoint time: 601 ms
[19:20:09] Step 3: Creating archive...
[19:20:10]   Archive size: 24952 bytes
[19:20:10] Step 4: Transferring archive...
[19:20:10]   Setting up direct SSH trust...
Setting up SSH trust: edge-node-1 → ubuntu@10.22.132.37
  Adding public key to destination's authorized_keys...
  Testing SSH connectivity...
  ✓ SSH trust ready
Setting up SSH trust: edge-node-1 → ubuntu@10.22.132.37
  Adding public key to destination's authorized_keys...
  Testing SSH connectivity...
  ✓ SSH trust ready
  Transferring /home/ubuntu/CRIU-counter.tar.gz via SCP...
[19:20:14]   Transfer time: 2523 ms
[19:20:14] Step 5: Unpacking on destination...
[19:20:14] Step 6: Preparing restore environment...
[19:20:15]   Copying application scripts...
[19:20:16] Step 6.5: Ensuring /tmp/counter binary is present on destination...
[19:20:16] Step 7: Restoring process...
[19:20:16]   Restore time: 301 ms
[19:20:16] Step 8: Verifying migration...
[19:20:20]   Expected min: 6 (after ~3.0s → ~9), Observed: 9
[19:20:20] ✓ SUCCESS: Counter continued correctly!
[19:20:20] Total downtime: 3425 ms
[19:20:20] Effective bandwidth: 0.08 Mbps
[19:20:20] Metrics saved to /home/ivo/Documents/University/4to/Thesis-AAAAAAAa/Container-vs-Wasm-Service-Migration/Container/metrics/migration_metrics.csv
[exit=0]

$ python3 /home/ivo/Documents/University/4to/Thesis-AAAAAAAa/Container-vs-Wasm-Service-Migration/Container/scripts/setup/reset_nodes.py edge-node-1 edge-node-2
[19:20:21] Resetting nodes: edge-node-1 -> edge-node-2
[19:20:21] Step 1: Killing any existing processes on source...
[19:20:21]   Killing PID 160069 (from /home/ubuntu/app.pid)
[19:20:22]   Killing PID 160069 (from /home/ubuntu/counter.pid)
[19:20:22]   Killing any remaining background processes...
[19:20:23] Step 2: Cleaning source node...
[19:20:24] Step 3: Cleaning destination node...
[19:20:25]   Killing all remaining counter processes on destination...
[19:20:27] ✓ Reset complete, nodes are clean
[19:20:27]   Next: Start your application
[exit=0]

$ bash /home/ivo/Documents/University/4to/Thesis-AAAAAAAa/Container-vs-Wasm-Service-Migration/Container/scripts/workloads/start_counter_c.sh edge-node-1
[19:20:27] Transferring counter.c to edge-node-1...
[19:20:28] Compiling counter.c on edge-node-1...
[19:20:28] Starting counter on edge-node-1...
✓ C counter running (PID: 161730)
[19:20:29] ✓ Counter started
[exit=0]
[repeat] warmup 2s

$ python3 /home/ivo/Documents/University/4to/Thesis-AAAAAAAa/Container-vs-Wasm-Service-Migration/Container/scripts/orchestrators/criu_benchmark.py cold --source edge-node-1 --dest edge-node-2 --transfer-mode direct --run-id repeat-suite-20260330-185020-cold-direct-028
[19:20:32] Starting cold migration...
[19:20:32] Source: edge-node-1, Dest: edge-node-2
[19:20:32] Transfer mode: direct

[19:20:32] === COLD MIGRATION ===
[19:20:32] Step 1: Checking source process...
[19:20:33]   Using PID from /home/ubuntu/counter.pid: 161730
[19:20:33]   Last counter value (pre-freeze): 4
[19:20:33]   Architecture: x86_64 (compatible)
[19:20:33] Step 2: Dumping process with CRIU...
[19:20:34]   Frozen last counter value: 5
[19:20:34]   Expected after restore: 6
[19:20:34]   Checkpoint time: 603 ms
[19:20:34] Step 3: Creating archive...
[19:20:35]   Archive size: 25348 bytes
[19:20:35] Step 4: Transferring archive...
[19:20:35]   Setting up direct SSH trust...
Setting up SSH trust: edge-node-1 → ubuntu@10.22.132.37
  Adding public key to destination's authorized_keys...
  Testing SSH connectivity...
  ✓ SSH trust ready
Setting up SSH trust: edge-node-1 → ubuntu@10.22.132.37
  Adding public key to destination's authorized_keys...
  Testing SSH connectivity...
  ✓ SSH trust ready
  Transferring /home/ubuntu/CRIU-counter.tar.gz via SCP...
[19:20:39]   Transfer time: 2555 ms
[19:20:39] Step 5: Unpacking on destination...
[19:20:39] Step 6: Preparing restore environment...
[19:20:40]   Copying application scripts...
[19:20:41] Step 6.5: Ensuring /tmp/counter binary is present on destination...
[19:20:41] Step 7: Restoring process...
[19:20:41]   Restore time: 311 ms
[19:20:41] Step 8: Verifying migration...
[19:20:45]   Expected min: 6 (after ~3.0s → ~9), Observed: 9
[19:20:45] ✓ SUCCESS: Counter continued correctly!
[19:20:45] Total downtime: 3469 ms
[19:20:45] Effective bandwidth: 0.08 Mbps
[19:20:45] Metrics saved to /home/ivo/Documents/University/4to/Thesis-AAAAAAAa/Container-vs-Wasm-Service-Migration/Container/metrics/migration_metrics.csv
[exit=0]

$ python3 /home/ivo/Documents/University/4to/Thesis-AAAAAAAa/Container-vs-Wasm-Service-Migration/Container/scripts/setup/reset_nodes.py edge-node-1 edge-node-2
[19:20:46] Resetting nodes: edge-node-1 -> edge-node-2
[19:20:46] Step 1: Killing any existing processes on source...
[19:20:46]   Killing PID 161730 (from /home/ubuntu/app.pid)
[19:20:47]   Killing PID 161730 (from /home/ubuntu/counter.pid)
[19:20:47]   Killing any remaining background processes...
[19:20:48] Step 2: Cleaning source node...
[19:20:49] Step 3: Cleaning destination node...
[19:20:50]   Killing all remaining counter processes on destination...
[19:20:52] ✓ Reset complete, nodes are clean
[19:20:52]   Next: Start your application
[exit=0]

$ bash /home/ivo/Documents/University/4to/Thesis-AAAAAAAa/Container-vs-Wasm-Service-Migration/Container/scripts/workloads/start_counter_c.sh edge-node-1
[19:20:52] Transferring counter.c to edge-node-1...
[19:20:53] Compiling counter.c on edge-node-1...
[19:20:53] Starting counter on edge-node-1...
✓ C counter running (PID: 163384)
[19:20:54] ✓ Counter started
[exit=0]
[repeat] warmup 2s

$ python3 /home/ivo/Documents/University/4to/Thesis-AAAAAAAa/Container-vs-Wasm-Service-Migration/Container/scripts/orchestrators/criu_benchmark.py cold --source edge-node-1 --dest edge-node-2 --transfer-mode direct --run-id repeat-suite-20260330-185020-cold-direct-029
[19:20:57] Starting cold migration...
[19:20:57] Source: edge-node-1, Dest: edge-node-2
[19:20:57] Transfer mode: direct

[19:20:57] === COLD MIGRATION ===
[19:20:57] Step 1: Checking source process...
[19:20:58]   Using PID from /home/ubuntu/counter.pid: 163384
[19:20:58]   Last counter value (pre-freeze): 4
[19:20:59]   Architecture: x86_64 (compatible)
[19:20:59] Step 2: Dumping process with CRIU...
[19:20:59]   Frozen last counter value: 5
[19:20:59]   Expected after restore: 6
[19:20:59]   Checkpoint time: 607 ms
[19:20:59] Step 3: Creating archive...
[19:21:00]   Archive size: 24991 bytes
[19:21:00] Step 4: Transferring archive...
[19:21:00]   Setting up direct SSH trust...
Setting up SSH trust: edge-node-1 → ubuntu@10.22.132.37
  Adding public key to destination's authorized_keys...
  Testing SSH connectivity...
  ✓ SSH trust ready
Setting up SSH trust: edge-node-1 → ubuntu@10.22.132.37
  Adding public key to destination's authorized_keys...
  Testing SSH connectivity...
  ✓ SSH trust ready
  Transferring /home/ubuntu/CRIU-counter.tar.gz via SCP...
[19:21:04]   Transfer time: 2553 ms
[19:21:04] Step 5: Unpacking on destination...
[19:21:04] Step 6: Preparing restore environment...
[19:21:05]   Copying application scripts...
[19:21:06] Step 6.5: Ensuring /tmp/counter binary is present on destination...
[19:21:06] Step 7: Restoring process...
[19:21:06]   Restore time: 320 ms
[19:21:06] Step 8: Verifying migration...
[19:21:10]   Expected min: 6 (after ~3.0s → ~9), Observed: 9
[19:21:10] ✓ SUCCESS: Counter continued correctly!
[19:21:10] Total downtime: 3480 ms
[19:21:10] Effective bandwidth: 0.08 Mbps
[19:21:10] Metrics saved to /home/ivo/Documents/University/4to/Thesis-AAAAAAAa/Container-vs-Wasm-Service-Migration/Container/metrics/migration_metrics.csv
[exit=0]

$ python3 /home/ivo/Documents/University/4to/Thesis-AAAAAAAa/Container-vs-Wasm-Service-Migration/Container/scripts/setup/reset_nodes.py edge-node-1 edge-node-2
[19:21:11] Resetting nodes: edge-node-1 -> edge-node-2
[19:21:11] Step 1: Killing any existing processes on source...
[19:21:12]   Killing PID 163384 (from /home/ubuntu/app.pid)
[19:21:12]   Killing PID 163384 (from /home/ubuntu/counter.pid)
[19:21:13]   Killing any remaining background processes...
[19:21:14] Step 2: Cleaning source node...
[19:21:15] Step 3: Cleaning destination node...
[19:21:15]   Killing all remaining counter processes on destination...
[19:21:18] ✓ Reset complete, nodes are clean
[19:21:18]   Next: Start your application
[exit=0]

$ bash /home/ivo/Documents/University/4to/Thesis-AAAAAAAa/Container-vs-Wasm-Service-Migration/Container/scripts/workloads/start_counter_c.sh edge-node-1
[19:21:18] Transferring counter.c to edge-node-1...
[19:21:19] Compiling counter.c on edge-node-1...
[19:21:19] Starting counter on edge-node-1...
✓ C counter running (PID: 165056)
[19:21:20] ✓ Counter started
[exit=0]
[repeat] warmup 2s

$ python3 /home/ivo/Documents/University/4to/Thesis-AAAAAAAa/Container-vs-Wasm-Service-Migration/Container/scripts/orchestrators/criu_benchmark.py cold --source edge-node-1 --dest edge-node-2 --transfer-mode direct --run-id repeat-suite-20260330-185020-cold-direct-030
[19:21:23] Starting cold migration...
[19:21:23] Source: edge-node-1, Dest: edge-node-2
[19:21:23] Transfer mode: direct

[19:21:23] === COLD MIGRATION ===
[19:21:23] Step 1: Checking source process...
[19:21:23]   Using PID from /home/ubuntu/counter.pid: 165056
[19:21:24]   Last counter value (pre-freeze): 4
[19:21:24]   Architecture: x86_64 (compatible)
[19:21:24] Step 2: Dumping process with CRIU...
[19:21:25]   Frozen last counter value: 5
[19:21:25]   Expected after restore: 6
[19:21:25]   Checkpoint time: 594 ms
[19:21:25] Step 3: Creating archive...
[19:21:25]   Archive size: 25085 bytes
[19:21:25] Step 4: Transferring archive...
[19:21:25]   Setting up direct SSH trust...
Setting up SSH trust: edge-node-1 → ubuntu@10.22.132.37
  Adding public key to destination's authorized_keys...
  Testing SSH connectivity...
  ✓ SSH trust ready
Setting up SSH trust: edge-node-1 → ubuntu@10.22.132.37
  Adding public key to destination's authorized_keys...
  Testing SSH connectivity...
  ✓ SSH trust ready
  Transferring /home/ubuntu/CRIU-counter.tar.gz via SCP...
[19:21:30]   Transfer time: 2597 ms
[19:21:30] Step 5: Unpacking on destination...
[19:21:30] Step 6: Preparing restore environment...
[19:21:31]   Copying application scripts...
[19:21:32] Step 6.5: Ensuring /tmp/counter binary is present on destination...
[19:21:32] Step 7: Restoring process...
[19:21:32]   Restore time: 301 ms
[19:21:32] Step 8: Verifying migration...
[19:21:36]   Expected min: 6 (after ~3.0s → ~9), Observed: 9
[19:21:36] ✓ SUCCESS: Counter continued correctly!
[19:21:36] Total downtime: 3492 ms
[19:21:36] Effective bandwidth: 0.08 Mbps
[19:21:36] Metrics saved to /home/ivo/Documents/University/4to/Thesis-AAAAAAAa/Container-vs-Wasm-Service-Migration/Container/metrics/migration_metrics.csv
[exit=0]

$ python3 /home/ivo/Documents/University/4to/Thesis-AAAAAAAa/Container-vs-Wasm-Service-Migration/Container/scripts/setup/reset_nodes.py edge-node-1 edge-node-2
[19:21:36] Resetting nodes: edge-node-1 -> edge-node-2
[19:21:36] Step 1: Killing any existing processes on source...
[19:21:37]   Killing PID 165056 (from /home/ubuntu/app.pid)
[19:21:38]   Killing PID 165056 (from /home/ubuntu/counter.pid)
[19:21:38]   Killing any remaining background processes...
[19:21:39] Step 2: Cleaning source node...
[19:21:40] Step 3: Cleaning destination node...
[19:21:41]   Killing all remaining counter processes on destination...
[19:21:43] ✓ Reset complete, nodes are clean
[19:21:43]   Next: Start your application
[exit=0]

$ bash /home/ivo/Documents/University/4to/Thesis-AAAAAAAa/Container-vs-Wasm-Service-Migration/Container/scripts/workloads/start_counter_c.sh edge-node-1
[19:21:43] Transferring counter.c to edge-node-1...
[19:21:44] Compiling counter.c on edge-node-1...
[19:21:44] Starting counter on edge-node-1...
✓ C counter running (PID: 166709)
[19:21:45] ✓ Counter started
[exit=0]
[repeat] warmup 2s

$ python3 /home/ivo/Documents/University/4to/Thesis-AAAAAAAa/Container-vs-Wasm-Service-Migration/Container/scripts/orchestrators/criu_benchmark.py cold --source edge-node-1 --dest edge-node-2 --transfer-mode direct --run-id repeat-suite-20260330-185020-cold-direct-031
[19:21:48] Starting cold migration...
[19:21:48] Source: edge-node-1, Dest: edge-node-2
[19:21:48] Transfer mode: direct

[19:21:48] === COLD MIGRATION ===
[19:21:48] Step 1: Checking source process...
[19:21:49]   Using PID from /home/ubuntu/counter.pid: 166709
[19:21:49]   Last counter value (pre-freeze): 4
[19:21:49]   Architecture: x86_64 (compatible)
[19:21:49] Step 2: Dumping process with CRIU...
[19:21:50]   Frozen last counter value: 5
[19:21:50]   Expected after restore: 6
[19:21:50]   Checkpoint time: 655 ms
[19:21:50] Step 3: Creating archive...
[19:21:51]   Archive size: 24998 bytes
[19:21:51] Step 4: Transferring archive...
[19:21:51]   Setting up direct SSH trust...
Setting up SSH trust: edge-node-1 → ubuntu@10.22.132.37
  Adding public key to destination's authorized_keys...
  Testing SSH connectivity...
  ✓ SSH trust ready
Setting up SSH trust: edge-node-1 → ubuntu@10.22.132.37
  Adding public key to destination's authorized_keys...
  Testing SSH connectivity...
  ✓ SSH trust ready
  Transferring /home/ubuntu/CRIU-counter.tar.gz via SCP...
[19:21:55]   Transfer time: 2584 ms
[19:21:55] Step 5: Unpacking on destination...
[19:21:55] Step 6: Preparing restore environment...
[19:21:56]   Copying application scripts...
[19:21:57] Step 6.5: Ensuring /tmp/counter binary is present on destination...
[19:21:57] Step 7: Restoring process...
[19:21:58]   Restore time: 299 ms
[19:21:58] Step 8: Verifying migration...
[19:22:01]   Expected min: 6 (after ~3.0s → ~9), Observed: 9
[19:22:01] ✓ SUCCESS: Counter continued correctly!
[19:22:01] Total downtime: 3538 ms
[19:22:01] Effective bandwidth: 0.08 Mbps
[19:22:01] Metrics saved to /home/ivo/Documents/University/4to/Thesis-AAAAAAAa/Container-vs-Wasm-Service-Migration/Container/metrics/migration_metrics.csv
[exit=0]

$ python3 /home/ivo/Documents/University/4to/Thesis-AAAAAAAa/Container-vs-Wasm-Service-Migration/Container/scripts/setup/reset_nodes.py edge-node-1 edge-node-2
[19:22:02] Resetting nodes: edge-node-1 -> edge-node-2
[19:22:02] Step 1: Killing any existing processes on source...
[19:22:02]   Killing PID 166709 (from /home/ubuntu/app.pid)
[19:22:03]   Killing PID 166709 (from /home/ubuntu/counter.pid)
[19:22:04]   Killing any remaining background processes...
[19:22:04] Step 2: Cleaning source node...
[19:22:05] Step 3: Cleaning destination node...
[19:22:06]   Killing all remaining counter processes on destination...
[19:22:09] ✓ Reset complete, nodes are clean
[19:22:09]   Next: Start your application
[exit=0]

$ bash /home/ivo/Documents/University/4to/Thesis-AAAAAAAa/Container-vs-Wasm-Service-Migration/Container/scripts/workloads/start_counter_c.sh edge-node-1
[19:22:09] Transferring counter.c to edge-node-1...
[19:22:09] Compiling counter.c on edge-node-1...
[19:22:10] Starting counter on edge-node-1...
✓ C counter running (PID: 168380)
[19:22:11] ✓ Counter started
[exit=0]
[repeat] warmup 2s

$ python3 /home/ivo/Documents/University/4to/Thesis-AAAAAAAa/Container-vs-Wasm-Service-Migration/Container/scripts/orchestrators/criu_benchmark.py cold --source edge-node-1 --dest edge-node-2 --transfer-mode direct --run-id repeat-suite-20260330-185020-cold-direct-032
[19:22:14] Starting cold migration...
[19:22:14] Source: edge-node-1, Dest: edge-node-2
[19:22:14] Transfer mode: direct

[19:22:14] === COLD MIGRATION ===
[19:22:14] Step 1: Checking source process...
[19:22:14]   Using PID from /home/ubuntu/counter.pid: 168380
[19:22:15]   Last counter value (pre-freeze): 4
[19:22:15]   Architecture: x86_64 (compatible)
[19:22:15] Step 2: Dumping process with CRIU...
[19:22:16]   Frozen last counter value: 5
[19:22:16]   Expected after restore: 6
[19:22:16]   Checkpoint time: 618 ms
[19:22:16] Step 3: Creating archive...
[19:22:17]   Archive size: 25000 bytes
[19:22:17] Step 4: Transferring archive...
[19:22:17]   Setting up direct SSH trust...
Setting up SSH trust: edge-node-1 → ubuntu@10.22.132.37
  Adding public key to destination's authorized_keys...
  Testing SSH connectivity...
  ✓ SSH trust ready
Setting up SSH trust: edge-node-1 → ubuntu@10.22.132.37
  Adding public key to destination's authorized_keys...
  Testing SSH connectivity...
  ✓ SSH trust ready
  Transferring /home/ubuntu/CRIU-counter.tar.gz via SCP...
[19:22:21]   Transfer time: 2583 ms
[19:22:21] Step 5: Unpacking on destination...
[19:22:21] Step 6: Preparing restore environment...
[19:22:22]   Copying application scripts...
[19:22:23] Step 6.5: Ensuring /tmp/counter binary is present on destination...
[19:22:23] Step 7: Restoring process...
[19:22:24]   Restore time: 319 ms
[19:22:24] Step 8: Verifying migration...
[19:22:27]   Expected min: 6 (after ~3.0s → ~9), Observed: 9
[19:22:27] ✓ SUCCESS: Counter continued correctly!
[19:22:27] Total downtime: 3520 ms
[19:22:27] Effective bandwidth: 0.08 Mbps
[19:22:27] Metrics saved to /home/ivo/Documents/University/4to/Thesis-AAAAAAAa/Container-vs-Wasm-Service-Migration/Container/metrics/migration_metrics.csv
[exit=0]

$ python3 /home/ivo/Documents/University/4to/Thesis-AAAAAAAa/Container-vs-Wasm-Service-Migration/Container/scripts/setup/reset_nodes.py edge-node-1 edge-node-2
[19:22:28] Resetting nodes: edge-node-1 -> edge-node-2
[19:22:28] Step 1: Killing any existing processes on source...
[19:22:28]   Killing PID 168380 (from /home/ubuntu/app.pid)
[19:22:29]   Killing PID 168380 (from /home/ubuntu/counter.pid)
[19:22:29]   Killing any remaining background processes...
[19:22:30] Step 2: Cleaning source node...
[19:22:31] Step 3: Cleaning destination node...
[19:22:32]   Killing all remaining counter processes on destination...
[19:22:35] ✓ Reset complete, nodes are clean
[19:22:35]   Next: Start your application
[exit=0]

$ bash /home/ivo/Documents/University/4to/Thesis-AAAAAAAa/Container-vs-Wasm-Service-Migration/Container/scripts/workloads/start_counter_c.sh edge-node-1
[19:22:35] Transferring counter.c to edge-node-1...
[19:22:35] Compiling counter.c on edge-node-1...
[19:22:35] Starting counter on edge-node-1...
✓ C counter running (PID: 170033)
[19:22:37] ✓ Counter started
[exit=0]
[repeat] warmup 2s

$ python3 /home/ivo/Documents/University/4to/Thesis-AAAAAAAa/Container-vs-Wasm-Service-Migration/Container/scripts/orchestrators/criu_benchmark.py cold --source edge-node-1 --dest edge-node-2 --transfer-mode direct --run-id repeat-suite-20260330-185020-cold-direct-033
[19:22:39] Starting cold migration...
[19:22:39] Source: edge-node-1, Dest: edge-node-2
[19:22:39] Transfer mode: direct

[19:22:39] === COLD MIGRATION ===
[19:22:39] Step 1: Checking source process...
[19:22:40]   Using PID from /home/ubuntu/counter.pid: 170033
[19:22:40]   Last counter value (pre-freeze): 4
[19:22:41]   Architecture: x86_64 (compatible)
[19:22:41] Step 2: Dumping process with CRIU...
[19:22:42]   Frozen last counter value: 5
[19:22:42]   Expected after restore: 6
[19:22:42]   Checkpoint time: 624 ms
[19:22:42] Step 3: Creating archive...
[19:22:42]   Archive size: 25210 bytes
[19:22:42] Step 4: Transferring archive...
[19:22:42]   Setting up direct SSH trust...
Setting up SSH trust: edge-node-1 → ubuntu@10.22.132.37
  Adding public key to destination's authorized_keys...
  Testing SSH connectivity...
  ✓ SSH trust ready
Setting up SSH trust: edge-node-1 → ubuntu@10.22.132.37
  Adding public key to destination's authorized_keys...
  Testing SSH connectivity...
  ✓ SSH trust ready
  Transferring /home/ubuntu/CRIU-counter.tar.gz via SCP...
[19:22:47]   Transfer time: 2681 ms
[19:22:47] Step 5: Unpacking on destination...
[19:22:47] Step 6: Preparing restore environment...
[19:22:48]   Copying application scripts...
[19:22:49] Step 6.5: Ensuring /tmp/counter binary is present on destination...
[19:22:49] Step 7: Restoring process...
[19:22:49]   Restore time: 317 ms
[19:22:49] Step 8: Verifying migration...
[19:22:53]   Expected min: 6 (after ~3.0s → ~9), Observed: 9
[19:22:53] ✓ SUCCESS: Counter continued correctly!
[19:22:53] Total downtime: 3622 ms
[19:22:53] Effective bandwidth: 0.08 Mbps
[19:22:53] Metrics saved to /home/ivo/Documents/University/4to/Thesis-AAAAAAAa/Container-vs-Wasm-Service-Migration/Container/metrics/migration_metrics.csv
[exit=0]

$ python3 /home/ivo/Documents/University/4to/Thesis-AAAAAAAa/Container-vs-Wasm-Service-Migration/Container/scripts/setup/reset_nodes.py edge-node-1 edge-node-2
[19:22:53] Resetting nodes: edge-node-1 -> edge-node-2
[19:22:53] Step 1: Killing any existing processes on source...
[19:22:54]   Killing PID 170033 (from /home/ubuntu/app.pid)
[19:22:54]   Killing PID 170033 (from /home/ubuntu/counter.pid)
[19:22:55]   Killing any remaining background processes...
[19:22:56] Step 2: Cleaning source node...
[19:22:57] Step 3: Cleaning destination node...
[19:22:57]   Killing all remaining counter processes on destination...
[19:23:00] ✓ Reset complete, nodes are clean
[19:23:00]   Next: Start your application
[exit=0]

$ bash /home/ivo/Documents/University/4to/Thesis-AAAAAAAa/Container-vs-Wasm-Service-Migration/Container/scripts/workloads/start_counter_c.sh edge-node-1
[19:23:00] Transferring counter.c to edge-node-1...
[19:23:01] Compiling counter.c on edge-node-1...
[19:23:01] Starting counter on edge-node-1...
✓ C counter running (PID: 171704)
[19:23:03] ✓ Counter started
[exit=0]
[repeat] warmup 2s

$ python3 /home/ivo/Documents/University/4to/Thesis-AAAAAAAa/Container-vs-Wasm-Service-Migration/Container/scripts/orchestrators/criu_benchmark.py cold --source edge-node-1 --dest edge-node-2 --transfer-mode direct --run-id repeat-suite-20260330-185020-cold-direct-034
[19:23:05] Starting cold migration...
[19:23:05] Source: edge-node-1, Dest: edge-node-2
[19:23:05] Transfer mode: direct

[19:23:05] === COLD MIGRATION ===
[19:23:05] Step 1: Checking source process...
[19:23:06]   Using PID from /home/ubuntu/counter.pid: 171704
[19:23:06]   Last counter value (pre-freeze): 4
[19:23:07]   Architecture: x86_64 (compatible)
[19:23:07] Step 2: Dumping process with CRIU...
[19:23:07]   Frozen last counter value: 5
[19:23:07]   Expected after restore: 6
[19:23:07]   Checkpoint time: 619 ms
[19:23:07] Step 3: Creating archive...
[19:23:08]   Archive size: 25063 bytes
[19:23:08] Step 4: Transferring archive...
[19:23:08]   Setting up direct SSH trust...
Setting up SSH trust: edge-node-1 → ubuntu@10.22.132.37
  Adding public key to destination's authorized_keys...
  Testing SSH connectivity...
  ✓ SSH trust ready
Setting up SSH trust: edge-node-1 → ubuntu@10.22.132.37
  Adding public key to destination's authorized_keys...
  Testing SSH connectivity...
  ✓ SSH trust ready
  Transferring /home/ubuntu/CRIU-counter.tar.gz via SCP...
[19:23:12]   Transfer time: 2527 ms
[19:23:12] Step 5: Unpacking on destination...
[19:23:12] Step 6: Preparing restore environment...
[19:23:13]   Copying application scripts...
[19:23:14] Step 6.5: Ensuring /tmp/counter binary is present on destination...
[19:23:15] Step 7: Restoring process...
[19:23:15]   Restore time: 313 ms
[19:23:15] Step 8: Verifying migration...
[19:23:18]   Expected min: 6 (after ~3.0s → ~9), Observed: 9
[19:23:18] ✓ SUCCESS: Counter continued correctly!
[19:23:18] Total downtime: 3459 ms
[19:23:18] Effective bandwidth: 0.08 Mbps
[19:23:18] Metrics saved to /home/ivo/Documents/University/4to/Thesis-AAAAAAAa/Container-vs-Wasm-Service-Migration/Container/metrics/migration_metrics.csv
[exit=0]

$ python3 /home/ivo/Documents/University/4to/Thesis-AAAAAAAa/Container-vs-Wasm-Service-Migration/Container/scripts/setup/reset_nodes.py edge-node-1 edge-node-2
[19:23:19] Resetting nodes: edge-node-1 -> edge-node-2
[19:23:19] Step 1: Killing any existing processes on source...
[19:23:19]   Killing PID 171704 (from /home/ubuntu/app.pid)
[19:23:20]   Killing PID 171704 (from /home/ubuntu/counter.pid)
[19:23:21]   Killing any remaining background processes...
[19:23:21] Step 2: Cleaning source node...
[19:23:23] Step 3: Cleaning destination node...
[19:23:23]   Killing all remaining counter processes on destination...
[19:23:26] ✓ Reset complete, nodes are clean
[19:23:26]   Next: Start your application
[exit=0]

$ bash /home/ivo/Documents/University/4to/Thesis-AAAAAAAa/Container-vs-Wasm-Service-Migration/Container/scripts/workloads/start_counter_c.sh edge-node-1
[19:23:26] Transferring counter.c to edge-node-1...
[19:23:26] Compiling counter.c on edge-node-1...
[19:23:27] Starting counter on edge-node-1...
✓ C counter running (PID: 173357)
[19:23:28] ✓ Counter started
[exit=0]
[repeat] warmup 2s

$ python3 /home/ivo/Documents/University/4to/Thesis-AAAAAAAa/Container-vs-Wasm-Service-Migration/Container/scripts/orchestrators/criu_benchmark.py cold --source edge-node-1 --dest edge-node-2 --transfer-mode direct --run-id repeat-suite-20260330-185020-cold-direct-035
[19:23:31] Starting cold migration...
[19:23:31] Source: edge-node-1, Dest: edge-node-2
[19:23:31] Transfer mode: direct

[19:23:31] === COLD MIGRATION ===
[19:23:31] Step 1: Checking source process...
[19:23:31]   Using PID from /home/ubuntu/counter.pid: 173357
[19:23:31]   Last counter value (pre-freeze): 4
[19:23:32]   Architecture: x86_64 (compatible)
[19:23:32] Step 2: Dumping process with CRIU...
[19:23:33]   Frozen last counter value: 5
[19:23:33]   Expected after restore: 6
[19:23:33]   Checkpoint time: 630 ms
[19:23:33] Step 3: Creating archive...
[19:23:33]   Archive size: 25161 bytes
[19:23:33] Step 4: Transferring archive...
[19:23:33]   Setting up direct SSH trust...
Setting up SSH trust: edge-node-1 → ubuntu@10.22.132.37
  Adding public key to destination's authorized_keys...
  Testing SSH connectivity...
  ✓ SSH trust ready
Setting up SSH trust: edge-node-1 → ubuntu@10.22.132.37
  Adding public key to destination's authorized_keys...
  Testing SSH connectivity...
  ✓ SSH trust ready
  Transferring /home/ubuntu/CRIU-counter.tar.gz via SCP...
[19:23:38]   Transfer time: 2556 ms
[19:23:38] Step 5: Unpacking on destination...
[19:23:38] Step 6: Preparing restore environment...
[19:23:39]   Copying application scripts...
[19:23:39] Step 6.5: Ensuring /tmp/counter binary is present on destination...
[19:23:40] Step 7: Restoring process...
[19:23:40]   Restore time: 301 ms
[19:23:40] Step 8: Verifying migration...
[19:23:44]   Expected min: 6 (after ~3.0s → ~9), Observed: 9
[19:23:44] ✓ SUCCESS: Counter continued correctly!
[19:23:44] Total downtime: 3487 ms
[19:23:44] Effective bandwidth: 0.08 Mbps
[19:23:44] Metrics saved to /home/ivo/Documents/University/4to/Thesis-AAAAAAAa/Container-vs-Wasm-Service-Migration/Container/metrics/migration_metrics.csv
[exit=0]

$ python3 /home/ivo/Documents/University/4to/Thesis-AAAAAAAa/Container-vs-Wasm-Service-Migration/Container/scripts/setup/reset_nodes.py edge-node-1 edge-node-2
[19:23:44] Resetting nodes: edge-node-1 -> edge-node-2
[19:23:44] Step 1: Killing any existing processes on source...
[19:23:45]   Killing PID 173357 (from /home/ubuntu/app.pid)
[19:23:46]   Killing PID 173357 (from /home/ubuntu/counter.pid)
[19:23:46]   Killing any remaining background processes...
[19:23:47] Step 2: Cleaning source node...
[19:23:48] Step 3: Cleaning destination node...
[19:23:49]   Killing all remaining counter processes on destination...
[19:23:51] ✓ Reset complete, nodes are clean
[19:23:51]   Next: Start your application
[exit=0]

$ bash /home/ivo/Documents/University/4to/Thesis-AAAAAAAa/Container-vs-Wasm-Service-Migration/Container/scripts/workloads/start_counter_c.sh edge-node-1
[19:23:51] Transferring counter.c to edge-node-1...
[19:23:52] Compiling counter.c on edge-node-1...
[19:23:52] Starting counter on edge-node-1...
✓ C counter running (PID: 175018)
[19:23:53] ✓ Counter started
[exit=0]
[repeat] warmup 2s

$ python3 /home/ivo/Documents/University/4to/Thesis-AAAAAAAa/Container-vs-Wasm-Service-Migration/Container/scripts/orchestrators/criu_benchmark.py cold --source edge-node-1 --dest edge-node-2 --transfer-mode direct --run-id repeat-suite-20260330-185020-cold-direct-036
[19:23:56] Starting cold migration...
[19:23:56] Source: edge-node-1, Dest: edge-node-2
[19:23:56] Transfer mode: direct

[19:23:56] === COLD MIGRATION ===
[19:23:56] Step 1: Checking source process...
[19:23:57]   Using PID from /home/ubuntu/counter.pid: 175018
[19:23:57]   Last counter value (pre-freeze): 4
[19:23:58]   Architecture: x86_64 (compatible)
[19:23:58] Step 2: Dumping process with CRIU...
[19:23:58]   Frozen last counter value: 5
[19:23:58]   Expected after restore: 6
[19:23:58]   Checkpoint time: 631 ms
[19:23:58] Step 3: Creating archive...
[19:23:59]   Archive size: 25159 bytes
[19:23:59] Step 4: Transferring archive...
[19:23:59]   Setting up direct SSH trust...
Setting up SSH trust: edge-node-1 → ubuntu@10.22.132.37
  Adding public key to destination's authorized_keys...
  Testing SSH connectivity...
  ✓ SSH trust ready
Setting up SSH trust: edge-node-1 → ubuntu@10.22.132.37
  Adding public key to destination's authorized_keys...
  Testing SSH connectivity...
  ✓ SSH trust ready
  Transferring /home/ubuntu/CRIU-counter.tar.gz via SCP...
[19:24:03]   Transfer time: 2816 ms
[19:24:03] Step 5: Unpacking on destination...
[19:24:04] Step 6: Preparing restore environment...
[19:24:04]   Copying application scripts...
[19:24:05] Step 6.5: Ensuring /tmp/counter binary is present on destination...
[19:24:05] Step 7: Restoring process...
[19:24:06]   Restore time: 336 ms
[19:24:06] Step 8: Verifying migration...
[19:24:09]   Expected min: 6 (after ~3.0s → ~9), Observed: 9
[19:24:09] ✓ SUCCESS: Counter continued correctly!
[19:24:09] Total downtime: 3783 ms
[19:24:09] Effective bandwidth: 0.07 Mbps
[19:24:09] Metrics saved to /home/ivo/Documents/University/4to/Thesis-AAAAAAAa/Container-vs-Wasm-Service-Migration/Container/metrics/migration_metrics.csv
[exit=0]

$ python3 /home/ivo/Documents/University/4to/Thesis-AAAAAAAa/Container-vs-Wasm-Service-Migration/Container/scripts/setup/reset_nodes.py edge-node-1 edge-node-2
[19:24:10] Resetting nodes: edge-node-1 -> edge-node-2
[19:24:10] Step 1: Killing any existing processes on source...
[19:24:10]   Killing PID 175018 (from /home/ubuntu/app.pid)
[19:24:11]   Killing PID 175018 (from /home/ubuntu/counter.pid)
[19:24:12]   Killing any remaining background processes...
[19:24:12] Step 2: Cleaning source node...
[19:24:14] Step 3: Cleaning destination node...
[19:24:14]   Killing all remaining counter processes on destination...
[19:24:17] ✓ Reset complete, nodes are clean
[19:24:17]   Next: Start your application
[exit=0]

$ bash /home/ivo/Documents/University/4to/Thesis-AAAAAAAa/Container-vs-Wasm-Service-Migration/Container/scripts/workloads/start_counter_c.sh edge-node-1
[19:24:17] Transferring counter.c to edge-node-1...
[19:24:18] Compiling counter.c on edge-node-1...
[19:24:18] Starting counter on edge-node-1...
✓ C counter running (PID: 176682)
[19:24:19] ✓ Counter started
[exit=0]
[repeat] warmup 2s

$ python3 /home/ivo/Documents/University/4to/Thesis-AAAAAAAa/Container-vs-Wasm-Service-Migration/Container/scripts/orchestrators/criu_benchmark.py cold --source edge-node-1 --dest edge-node-2 --transfer-mode direct --run-id repeat-suite-20260330-185020-cold-direct-037
[19:24:22] Starting cold migration...
[19:24:22] Source: edge-node-1, Dest: edge-node-2
[19:24:22] Transfer mode: direct

[19:24:22] === COLD MIGRATION ===
[19:24:22] Step 1: Checking source process...
[19:24:22]   Using PID from /home/ubuntu/counter.pid: 176682
[19:24:23]   Last counter value (pre-freeze): 4
[19:24:23]   Architecture: x86_64 (compatible)
[19:24:23] Step 2: Dumping process with CRIU...
[19:24:24]   Frozen last counter value: 5
[19:24:24]   Expected after restore: 6
[19:24:24]   Checkpoint time: 617 ms
[19:24:24] Step 3: Creating archive...
[19:24:24]   Archive size: 25379 bytes
[19:24:24] Step 4: Transferring archive...
[19:24:24]   Setting up direct SSH trust...
Setting up SSH trust: edge-node-1 → ubuntu@10.22.132.37
  Adding public key to destination's authorized_keys...
  Testing SSH connectivity...
  ✓ SSH trust ready
Setting up SSH trust: edge-node-1 → ubuntu@10.22.132.37
  Adding public key to destination's authorized_keys...
  Testing SSH connectivity...
  ✓ SSH trust ready
  Transferring /home/ubuntu/CRIU-counter.tar.gz via SCP...
[19:24:29]   Transfer time: 2629 ms
[19:24:29] Step 5: Unpacking on destination...
[19:24:29] Step 6: Preparing restore environment...
[19:24:30]   Copying application scripts...
[19:24:31] Step 6.5: Ensuring /tmp/counter binary is present on destination...
[19:24:31] Step 7: Restoring process...
[19:24:31]   Restore time: 311 ms
[19:24:31] Step 8: Verifying migration...
[19:24:35]   Expected min: 6 (after ~3.0s → ~9), Observed: 9
[19:24:35] ✓ SUCCESS: Counter continued correctly!
[19:24:35] Total downtime: 3557 ms
[19:24:35] Effective bandwidth: 0.08 Mbps
[19:24:35] Metrics saved to /home/ivo/Documents/University/4to/Thesis-AAAAAAAa/Container-vs-Wasm-Service-Migration/Container/metrics/migration_metrics.csv
[exit=0]

$ python3 /home/ivo/Documents/University/4to/Thesis-AAAAAAAa/Container-vs-Wasm-Service-Migration/Container/scripts/setup/reset_nodes.py edge-node-1 edge-node-2
[19:24:36] Resetting nodes: edge-node-1 -> edge-node-2
[19:24:36] Step 1: Killing any existing processes on source...
[19:24:36]   Killing PID 176682 (from /home/ubuntu/app.pid)
[19:24:37]   Killing PID 176682 (from /home/ubuntu/counter.pid)
[19:24:37]   Killing any remaining background processes...
[19:24:38] Step 2: Cleaning source node...
[19:24:39] Step 3: Cleaning destination node...
[19:24:40]   Killing all remaining counter processes on destination...
[19:24:43] ✓ Reset complete, nodes are clean
[19:24:43]   Next: Start your application
[exit=0]

$ bash /home/ivo/Documents/University/4to/Thesis-AAAAAAAa/Container-vs-Wasm-Service-Migration/Container/scripts/workloads/start_counter_c.sh edge-node-1
[19:24:43] Transferring counter.c to edge-node-1...
[19:24:43] Compiling counter.c on edge-node-1...
[19:24:43] Starting counter on edge-node-1...
✓ C counter running (PID: 178344)
[19:24:44] ✓ Counter started
[exit=0]
[repeat] warmup 2s

$ python3 /home/ivo/Documents/University/4to/Thesis-AAAAAAAa/Container-vs-Wasm-Service-Migration/Container/scripts/orchestrators/criu_benchmark.py cold --source edge-node-1 --dest edge-node-2 --transfer-mode direct --run-id repeat-suite-20260330-185020-cold-direct-038
[19:24:47] Starting cold migration...
[19:24:47] Source: edge-node-1, Dest: edge-node-2
[19:24:47] Transfer mode: direct

[19:24:47] === COLD MIGRATION ===
[19:24:47] Step 1: Checking source process...
[19:24:48]   Using PID from /home/ubuntu/counter.pid: 178344
[19:24:48]   Last counter value (pre-freeze): 4
[19:24:49]   Architecture: x86_64 (compatible)
[19:24:49] Step 2: Dumping process with CRIU...
[19:24:49]   Frozen last counter value: 5
[19:24:49]   Expected after restore: 6
[19:24:49]   Checkpoint time: 642 ms
[19:24:49] Step 3: Creating archive...
[19:24:50]   Archive size: 25159 bytes
[19:24:50] Step 4: Transferring archive...
[19:24:50]   Setting up direct SSH trust...
Setting up SSH trust: edge-node-1 → ubuntu@10.22.132.37
  Adding public key to destination's authorized_keys...
  Testing SSH connectivity...
  ✓ SSH trust ready
Setting up SSH trust: edge-node-1 → ubuntu@10.22.132.37
  Adding public key to destination's authorized_keys...
  Testing SSH connectivity...
  ✓ SSH trust ready
  Transferring /home/ubuntu/CRIU-counter.tar.gz via SCP...
[19:24:54]   Transfer time: 2616 ms
[19:24:54] Step 5: Unpacking on destination...
[19:24:55] Step 6: Preparing restore environment...
[19:24:55]   Copying application scripts...
[19:24:56] Step 6.5: Ensuring /tmp/counter binary is present on destination...
[19:24:56] Step 7: Restoring process...
[19:24:57]   Restore time: 317 ms
[19:24:57] Step 8: Verifying migration...
[19:25:00]   Expected min: 6 (after ~3.0s → ~9), Observed: 9
[19:25:00] ✓ SUCCESS: Counter continued correctly!
[19:25:00] Total downtime: 3575 ms
[19:25:00] Effective bandwidth: 0.08 Mbps
[19:25:00] Metrics saved to /home/ivo/Documents/University/4to/Thesis-AAAAAAAa/Container-vs-Wasm-Service-Migration/Container/metrics/migration_metrics.csv
[exit=0]

$ python3 /home/ivo/Documents/University/4to/Thesis-AAAAAAAa/Container-vs-Wasm-Service-Migration/Container/scripts/setup/reset_nodes.py edge-node-1 edge-node-2
[19:25:01] Resetting nodes: edge-node-1 -> edge-node-2
[19:25:01] Step 1: Killing any existing processes on source...
[19:25:01]   Killing PID 178344 (from /home/ubuntu/app.pid)
[19:25:02]   Killing PID 178344 (from /home/ubuntu/counter.pid)
[19:25:03]   Killing any remaining background processes...
[19:25:03] Step 2: Cleaning source node...
[19:25:05] Step 3: Cleaning destination node...
[19:25:05]   Killing all remaining counter processes on destination...
[19:25:08] ✓ Reset complete, nodes are clean
[19:25:08]   Next: Start your application
[exit=0]

$ bash /home/ivo/Documents/University/4to/Thesis-AAAAAAAa/Container-vs-Wasm-Service-Migration/Container/scripts/workloads/start_counter_c.sh edge-node-1
[19:25:08] Transferring counter.c to edge-node-1...
[19:25:08] Compiling counter.c on edge-node-1...
[19:25:09] Starting counter on edge-node-1...
✓ C counter running (PID: 180009)
[19:25:10] ✓ Counter started
[exit=0]
[repeat] warmup 2s

$ python3 /home/ivo/Documents/University/4to/Thesis-AAAAAAAa/Container-vs-Wasm-Service-Migration/Container/scripts/orchestrators/criu_benchmark.py cold --source edge-node-1 --dest edge-node-2 --transfer-mode direct --run-id repeat-suite-20260330-185020-cold-direct-039
[19:25:12] Starting cold migration...
[19:25:12] Source: edge-node-1, Dest: edge-node-2
[19:25:12] Transfer mode: direct

[19:25:12] === COLD MIGRATION ===
[19:25:12] Step 1: Checking source process...
[19:25:13]   Using PID from /home/ubuntu/counter.pid: 180009
[19:25:13]   Last counter value (pre-freeze): 4
[19:25:14]   Architecture: x86_64 (compatible)
[19:25:14] Step 2: Dumping process with CRIU...
[19:25:14]   Frozen last counter value: 5
[19:25:14]   Expected after restore: 6
[19:25:14]   Checkpoint time: 586 ms
[19:25:14] Step 3: Creating archive...
[19:25:15]   Archive size: 25292 bytes
[19:25:15] Step 4: Transferring archive...
[19:25:15]   Setting up direct SSH trust...
Setting up SSH trust: edge-node-1 → ubuntu@10.22.132.37
  Adding public key to destination's authorized_keys...
  Testing SSH connectivity...
  ✓ SSH trust ready
Setting up SSH trust: edge-node-1 → ubuntu@10.22.132.37
  Adding public key to destination's authorized_keys...
  Testing SSH connectivity...
  ✓ SSH trust ready
  Transferring /home/ubuntu/CRIU-counter.tar.gz via SCP...
[19:25:20]   Transfer time: 2557 ms
[19:25:20] Step 5: Unpacking on destination...
[19:25:20] Step 6: Preparing restore environment...
[19:25:21]   Copying application scripts...
[19:25:21] Step 6.5: Ensuring /tmp/counter binary is present on destination...
[19:25:22] Step 7: Restoring process...
[19:25:22]   Restore time: 305 ms
[19:25:22] Step 8: Verifying migration...
[19:25:26]   Expected min: 6 (after ~3.0s → ~9), Observed: 9
[19:25:26] ✓ SUCCESS: Counter continued correctly!
[19:25:26] Total downtime: 3448 ms
[19:25:26] Effective bandwidth: 0.08 Mbps
[19:25:26] Metrics saved to /home/ivo/Documents/University/4to/Thesis-AAAAAAAa/Container-vs-Wasm-Service-Migration/Container/metrics/migration_metrics.csv
[exit=0]

$ python3 /home/ivo/Documents/University/4to/Thesis-AAAAAAAa/Container-vs-Wasm-Service-Migration/Container/scripts/setup/reset_nodes.py edge-node-1 edge-node-2
[19:25:26] Resetting nodes: edge-node-1 -> edge-node-2
[19:25:26] Step 1: Killing any existing processes on source...
[19:25:27]   Killing PID 180009 (from /home/ubuntu/app.pid)
[19:25:27]   Killing PID 180009 (from /home/ubuntu/counter.pid)
[19:25:28]   Killing any remaining background processes...
[19:25:29] Step 2: Cleaning source node...
[19:25:30] Step 3: Cleaning destination node...
[19:25:30]   Killing all remaining counter processes on destination...
[19:25:33] ✓ Reset complete, nodes are clean
[19:25:33]   Next: Start your application
[exit=0]

$ bash /home/ivo/Documents/University/4to/Thesis-AAAAAAAa/Container-vs-Wasm-Service-Migration/Container/scripts/workloads/start_counter_c.sh edge-node-1
[19:25:33] Transferring counter.c to edge-node-1...
[19:25:34] Compiling counter.c on edge-node-1...
[19:25:34] Starting counter on edge-node-1...
✓ C counter running (PID: 181670)
[19:25:35] ✓ Counter started
[exit=0]
[repeat] warmup 2s

$ python3 /home/ivo/Documents/University/4to/Thesis-AAAAAAAa/Container-vs-Wasm-Service-Migration/Container/scripts/orchestrators/criu_benchmark.py cold --source edge-node-1 --dest edge-node-2 --transfer-mode direct --run-id repeat-suite-20260330-185020-cold-direct-040
[19:25:38] Starting cold migration...
[19:25:38] Source: edge-node-1, Dest: edge-node-2
[19:25:38] Transfer mode: direct

[19:25:38] === COLD MIGRATION ===
[19:25:38] Step 1: Checking source process...
[19:25:38]   Using PID from /home/ubuntu/counter.pid: 181670
[19:25:39]   Last counter value (pre-freeze): 4
[19:25:39]   Architecture: x86_64 (compatible)
[19:25:39] Step 2: Dumping process with CRIU...
[19:25:40]   Frozen last counter value: 5
[19:25:40]   Expected after restore: 6
[19:25:40]   Checkpoint time: 610 ms
[19:25:40] Step 3: Creating archive...
[19:25:41]   Archive size: 24917 bytes
[19:25:41] Step 4: Transferring archive...
[19:25:41]   Setting up direct SSH trust...
Setting up SSH trust: edge-node-1 → ubuntu@10.22.132.37
  Adding public key to destination's authorized_keys...
  Testing SSH connectivity...
  ✓ SSH trust ready
Setting up SSH trust: edge-node-1 → ubuntu@10.22.132.37
  Adding public key to destination's authorized_keys...
  Testing SSH connectivity...
  ✓ SSH trust ready
  Transferring /home/ubuntu/CRIU-counter.tar.gz via SCP...
[19:25:45]   Transfer time: 2556 ms
[19:25:45] Step 5: Unpacking on destination...
[19:25:45] Step 6: Preparing restore environment...
[19:25:46]   Copying application scripts...
[19:25:47] Step 6.5: Ensuring /tmp/counter binary is present on destination...
[19:25:47] Step 7: Restoring process...
[19:25:47]   Restore time: 329 ms
[19:25:47] Step 8: Verifying migration...
[19:25:51]   Expected min: 6 (after ~3.0s → ~9), Observed: 9
[19:25:51] ✓ SUCCESS: Counter continued correctly!
[19:25:51] Total downtime: 3495 ms
[19:25:51] Effective bandwidth: 0.08 Mbps
[19:25:51] Metrics saved to /home/ivo/Documents/University/4to/Thesis-AAAAAAAa/Container-vs-Wasm-Service-Migration/Container/metrics/migration_metrics.csv
[exit=0]

$ python3 /home/ivo/Documents/University/4to/Thesis-AAAAAAAa/Container-vs-Wasm-Service-Migration/Container/scripts/setup/reset_nodes.py edge-node-1 edge-node-2
[19:25:52] Resetting nodes: edge-node-1 -> edge-node-2
[19:25:52] Step 1: Killing any existing processes on source...
[19:25:52]   Killing PID 181670 (from /home/ubuntu/app.pid)
[19:25:53]   Killing PID 181670 (from /home/ubuntu/counter.pid)
[19:25:53]   Killing any remaining background processes...
[19:25:54] Step 2: Cleaning source node...
[19:25:55] Step 3: Cleaning destination node...
[19:25:56]   Killing all remaining counter processes on destination...
[19:25:59] ✓ Reset complete, nodes are clean
[19:25:59]   Next: Start your application
[exit=0]

$ bash /home/ivo/Documents/University/4to/Thesis-AAAAAAAa/Container-vs-Wasm-Service-Migration/Container/scripts/workloads/start_counter_c.sh edge-node-1
[19:25:59] Transferring counter.c to edge-node-1...
[19:25:59] Compiling counter.c on edge-node-1...
[19:25:59] Starting counter on edge-node-1...
✓ C counter running (PID: 183325)
[19:26:01] ✓ Counter started
[exit=0]
[repeat] warmup 2s

$ python3 /home/ivo/Documents/University/4to/Thesis-AAAAAAAa/Container-vs-Wasm-Service-Migration/Container/scripts/orchestrators/criu_benchmark.py cold --source edge-node-1 --dest edge-node-2 --transfer-mode direct --run-id repeat-suite-20260330-185020-cold-direct-041
[19:26:03] Starting cold migration...
[19:26:03] Source: edge-node-1, Dest: edge-node-2
[19:26:03] Transfer mode: direct

[19:26:03] === COLD MIGRATION ===
[19:26:03] Step 1: Checking source process...
[19:26:04]   Using PID from /home/ubuntu/counter.pid: 183325
[19:26:04]   Last counter value (pre-freeze): 4
[19:26:05]   Architecture: x86_64 (compatible)
[19:26:05] Step 2: Dumping process with CRIU...
[19:26:06]   Frozen last counter value: 5
[19:26:06]   Expected after restore: 6
[19:26:06]   Checkpoint time: 590 ms
[19:26:06] Step 3: Creating archive...
[19:26:06]   Archive size: 25057 bytes
[19:26:06] Step 4: Transferring archive...
[19:26:06]   Setting up direct SSH trust...
Setting up SSH trust: edge-node-1 → ubuntu@10.22.132.37
  Adding public key to destination's authorized_keys...
  Testing SSH connectivity...
  ✓ SSH trust ready
Setting up SSH trust: edge-node-1 → ubuntu@10.22.132.37
  Adding public key to destination's authorized_keys...
  Testing SSH connectivity...
  ✓ SSH trust ready
  Transferring /home/ubuntu/CRIU-counter.tar.gz via SCP...
[19:26:11]   Transfer time: 2543 ms
[19:26:11] Step 5: Unpacking on destination...
[19:26:11] Step 6: Preparing restore environment...
[19:26:11]   Copying application scripts...
[19:26:12] Step 6.5: Ensuring /tmp/counter binary is present on destination...
[19:26:13] Step 7: Restoring process...
[19:26:13]   Restore time: 302 ms
[19:26:13] Step 8: Verifying migration...
[19:26:17]   Expected min: 6 (after ~3.0s → ~9), Observed: 9
[19:26:17] ✓ SUCCESS: Counter continued correctly!
[19:26:17] Total downtime: 3435 ms
[19:26:17] Effective bandwidth: 0.08 Mbps
[19:26:17] Metrics saved to /home/ivo/Documents/University/4to/Thesis-AAAAAAAa/Container-vs-Wasm-Service-Migration/Container/metrics/migration_metrics.csv
[exit=0]

$ python3 /home/ivo/Documents/University/4to/Thesis-AAAAAAAa/Container-vs-Wasm-Service-Migration/Container/scripts/setup/reset_nodes.py edge-node-1 edge-node-2
[19:26:17] Resetting nodes: edge-node-1 -> edge-node-2
[19:26:17] Step 1: Killing any existing processes on source...
[19:26:18]   Killing PID 183325 (from /home/ubuntu/app.pid)
[19:26:19]   Killing PID 183325 (from /home/ubuntu/counter.pid)
[19:26:19]   Killing any remaining background processes...
[19:26:20] Step 2: Cleaning source node...
[19:26:21] Step 3: Cleaning destination node...
[19:26:22]   Killing all remaining counter processes on destination...
[19:26:24] ✓ Reset complete, nodes are clean
[19:26:24]   Next: Start your application
[exit=0]

$ bash /home/ivo/Documents/University/4to/Thesis-AAAAAAAa/Container-vs-Wasm-Service-Migration/Container/scripts/workloads/start_counter_c.sh edge-node-1
[19:26:24] Transferring counter.c to edge-node-1...
[19:26:25] Compiling counter.c on edge-node-1...
[19:26:25] Starting counter on edge-node-1...
✓ C counter running (PID: 184997)
[19:26:26] ✓ Counter started
[exit=0]
[repeat] warmup 2s

$ python3 /home/ivo/Documents/University/4to/Thesis-AAAAAAAa/Container-vs-Wasm-Service-Migration/Container/scripts/orchestrators/criu_benchmark.py cold --source edge-node-1 --dest edge-node-2 --transfer-mode direct --run-id repeat-suite-20260330-185020-cold-direct-042
[19:26:29] Starting cold migration...
[19:26:29] Source: edge-node-1, Dest: edge-node-2
[19:26:29] Transfer mode: direct

[19:26:29] === COLD MIGRATION ===
[19:26:29] Step 1: Checking source process...
[19:26:30]   Using PID from /home/ubuntu/counter.pid: 184997
[19:26:30]   Last counter value (pre-freeze): 4
[19:26:31]   Architecture: x86_64 (compatible)
[19:26:31] Step 2: Dumping process with CRIU...
[19:26:31]   Frozen last counter value: 5
[19:26:31]   Expected after restore: 6
[19:26:31]   Checkpoint time: 628 ms
[19:26:31] Step 3: Creating archive...
[19:26:32]   Archive size: 25295 bytes
[19:26:32] Step 4: Transferring archive...
[19:26:32]   Setting up direct SSH trust...
Setting up SSH trust: edge-node-1 → ubuntu@10.22.132.37
  Adding public key to destination's authorized_keys...
  Testing SSH connectivity...
  ✓ SSH trust ready
Setting up SSH trust: edge-node-1 → ubuntu@10.22.132.37
  Adding public key to destination's authorized_keys...
  Testing SSH connectivity...
  ✓ SSH trust ready
  Transferring /home/ubuntu/CRIU-counter.tar.gz via SCP...
[19:26:37]   Transfer time: 2860 ms
[19:26:37] Step 5: Unpacking on destination...
[19:26:37] Step 6: Preparing restore environment...
[19:26:37]   Copying application scripts...
[19:26:38] Step 6.5: Ensuring /tmp/counter binary is present on destination...
[19:26:39] Step 7: Restoring process...
[19:26:39]   Restore time: 319 ms
[19:26:39] Step 8: Verifying migration...
[19:26:43]   Expected min: 6 (after ~3.0s → ~9), Observed: 9
[19:26:43] ✓ SUCCESS: Counter continued correctly!
[19:26:43] Total downtime: 3807 ms
[19:26:43] Effective bandwidth: 0.07 Mbps
[19:26:43] Metrics saved to /home/ivo/Documents/University/4to/Thesis-AAAAAAAa/Container-vs-Wasm-Service-Migration/Container/metrics/migration_metrics.csv
[exit=0]

$ python3 /home/ivo/Documents/University/4to/Thesis-AAAAAAAa/Container-vs-Wasm-Service-Migration/Container/scripts/setup/reset_nodes.py edge-node-1 edge-node-2
[19:26:43] Resetting nodes: edge-node-1 -> edge-node-2
[19:26:43] Step 1: Killing any existing processes on source...
[19:26:43]   Killing PID 184997 (from /home/ubuntu/app.pid)
[19:26:44]   Killing PID 184997 (from /home/ubuntu/counter.pid)
[19:26:45]   Killing any remaining background processes...
[19:26:46] Step 2: Cleaning source node...
[19:26:47] Step 3: Cleaning destination node...
[19:26:47]   Killing all remaining counter processes on destination...
[19:26:50] ✓ Reset complete, nodes are clean
[19:26:50]   Next: Start your application
[exit=0]

$ bash /home/ivo/Documents/University/4to/Thesis-AAAAAAAa/Container-vs-Wasm-Service-Migration/Container/scripts/workloads/start_counter_c.sh edge-node-1
[19:26:50] Transferring counter.c to edge-node-1...
[19:26:51] Compiling counter.c on edge-node-1...
[19:26:51] Starting counter on edge-node-1...
✓ C counter running (PID: 186660)
[19:26:52] ✓ Counter started
[exit=0]
[repeat] warmup 2s

$ python3 /home/ivo/Documents/University/4to/Thesis-AAAAAAAa/Container-vs-Wasm-Service-Migration/Container/scripts/orchestrators/criu_benchmark.py cold --source edge-node-1 --dest edge-node-2 --transfer-mode direct --run-id repeat-suite-20260330-185020-cold-direct-043
[19:26:55] Starting cold migration...
[19:26:55] Source: edge-node-1, Dest: edge-node-2
[19:26:55] Transfer mode: direct

[19:26:55] === COLD MIGRATION ===
[19:26:55] Step 1: Checking source process...
[19:26:55]   Using PID from /home/ubuntu/counter.pid: 186660
[19:26:56]   Last counter value (pre-freeze): 4
[19:26:56]   Architecture: x86_64 (compatible)
[19:26:56] Step 2: Dumping process with CRIU...
[19:26:57]   Frozen last counter value: 5
[19:26:57]   Expected after restore: 6
[19:26:57]   Checkpoint time: 606 ms
[19:26:57] Step 3: Creating archive...
[19:26:57]   Archive size: 25087 bytes
[19:26:57] Step 4: Transferring archive...
[19:26:57]   Setting up direct SSH trust...
Setting up SSH trust: edge-node-1 → ubuntu@10.22.132.37
  Adding public key to destination's authorized_keys...
  Testing SSH connectivity...
  ✓ SSH trust ready
Setting up SSH trust: edge-node-1 → ubuntu@10.22.132.37
  Adding public key to destination's authorized_keys...
  Testing SSH connectivity...
  ✓ SSH trust ready
  Transferring /home/ubuntu/CRIU-counter.tar.gz via SCP...
[19:27:02]   Transfer time: 2612 ms
[19:27:02] Step 5: Unpacking on destination...
[19:27:02] Step 6: Preparing restore environment...
[19:27:03]   Copying application scripts...
[19:27:04] Step 6.5: Ensuring /tmp/counter binary is present on destination...
[19:27:04] Step 7: Restoring process...
[19:27:04]   Restore time: 318 ms
[19:27:04] Step 8: Verifying migration...
[19:27:08]   Expected min: 6 (after ~3.0s → ~9), Observed: 9
[19:27:08] ✓ SUCCESS: Counter continued correctly!
[19:27:08] Total downtime: 3536 ms
[19:27:08] Effective bandwidth: 0.08 Mbps
[19:27:08] Metrics saved to /home/ivo/Documents/University/4to/Thesis-AAAAAAAa/Container-vs-Wasm-Service-Migration/Container/metrics/migration_metrics.csv
[exit=0]

$ python3 /home/ivo/Documents/University/4to/Thesis-AAAAAAAa/Container-vs-Wasm-Service-Migration/Container/scripts/setup/reset_nodes.py edge-node-1 edge-node-2
[19:27:09] Resetting nodes: edge-node-1 -> edge-node-2
[19:27:09] Step 1: Killing any existing processes on source...
[19:27:09]   Killing PID 186660 (from /home/ubuntu/app.pid)
[19:27:10]   Killing PID 186660 (from /home/ubuntu/counter.pid)
[19:27:10]   Killing any remaining background processes...
[19:27:11] Step 2: Cleaning source node...
[19:27:12] Step 3: Cleaning destination node...
[19:27:13]   Killing all remaining counter processes on destination...
[19:27:16] ✓ Reset complete, nodes are clean
[19:27:16]   Next: Start your application
[exit=0]

$ bash /home/ivo/Documents/University/4to/Thesis-AAAAAAAa/Container-vs-Wasm-Service-Migration/Container/scripts/workloads/start_counter_c.sh edge-node-1
[19:27:16] Transferring counter.c to edge-node-1...
[19:27:16] Compiling counter.c on edge-node-1...
[19:27:16] Starting counter on edge-node-1...
✓ C counter running (PID: 188323)
[19:27:18] ✓ Counter started
[exit=0]
[repeat] warmup 2s

$ python3 /home/ivo/Documents/University/4to/Thesis-AAAAAAAa/Container-vs-Wasm-Service-Migration/Container/scripts/orchestrators/criu_benchmark.py cold --source edge-node-1 --dest edge-node-2 --transfer-mode direct --run-id repeat-suite-20260330-185020-cold-direct-044
[19:27:21] Starting cold migration...
[19:27:21] Source: edge-node-1, Dest: edge-node-2
[19:27:21] Transfer mode: direct

[19:27:21] === COLD MIGRATION ===
[19:27:21] Step 1: Checking source process...
[19:27:21]   Using PID from /home/ubuntu/counter.pid: 188323
[19:27:21]   Last counter value (pre-freeze): 4
[19:27:22]   Architecture: x86_64 (compatible)
[19:27:22] Step 2: Dumping process with CRIU...
[19:27:23]   Frozen last counter value: 5
[19:27:23]   Expected after restore: 6
[19:27:23]   Checkpoint time: 604 ms
[19:27:23] Step 3: Creating archive...
[19:27:23]   Archive size: 25249 bytes
[19:27:23] Step 4: Transferring archive...
[19:27:23]   Setting up direct SSH trust...
Setting up SSH trust: edge-node-1 → ubuntu@10.22.132.37
  Adding public key to destination's authorized_keys...
  Testing SSH connectivity...
  ✓ SSH trust ready
Setting up SSH trust: edge-node-1 → ubuntu@10.22.132.37
  Adding public key to destination's authorized_keys...
  Testing SSH connectivity...
  ✓ SSH trust ready
  Transferring /home/ubuntu/CRIU-counter.tar.gz via SCP...
[19:27:28]   Transfer time: 2568 ms
[19:27:28] Step 5: Unpacking on destination...
[19:27:28] Step 6: Preparing restore environment...
[19:27:28]   Copying application scripts...
[19:27:29] Step 6.5: Ensuring /tmp/counter binary is present on destination...
[19:27:30] Step 7: Restoring process...
[19:27:30]   Restore time: 316 ms
[19:27:30] Step 8: Verifying migration...
[19:27:33]   Expected min: 6 (after ~3.0s → ~9), Observed: 9
[19:27:33] ✓ SUCCESS: Counter continued correctly!
[19:27:33] Total downtime: 3488 ms
[19:27:33] Effective bandwidth: 0.08 Mbps
[19:27:33] Metrics saved to /home/ivo/Documents/University/4to/Thesis-AAAAAAAa/Container-vs-Wasm-Service-Migration/Container/metrics/migration_metrics.csv
[exit=0]

$ python3 /home/ivo/Documents/University/4to/Thesis-AAAAAAAa/Container-vs-Wasm-Service-Migration/Container/scripts/setup/reset_nodes.py edge-node-1 edge-node-2
[19:27:34] Resetting nodes: edge-node-1 -> edge-node-2
[19:27:34] Step 1: Killing any existing processes on source...
[19:27:34]   Killing PID 188323 (from /home/ubuntu/app.pid)
[19:27:35]   Killing PID 188323 (from /home/ubuntu/counter.pid)
[19:27:36]   Killing any remaining background processes...
[19:27:37] Step 2: Cleaning source node...
[19:27:38] Step 3: Cleaning destination node...
[19:27:38]   Killing all remaining counter processes on destination...
[19:27:41] ✓ Reset complete, nodes are clean
[19:27:41]   Next: Start your application
[exit=0]

$ bash /home/ivo/Documents/University/4to/Thesis-AAAAAAAa/Container-vs-Wasm-Service-Migration/Container/scripts/workloads/start_counter_c.sh edge-node-1
[19:27:41] Transferring counter.c to edge-node-1...
[19:27:41] Compiling counter.c on edge-node-1...
[19:27:42] Starting counter on edge-node-1...
✓ C counter running (PID: 189986)
[19:27:43] ✓ Counter started
[exit=0]
[repeat] warmup 2s

$ python3 /home/ivo/Documents/University/4to/Thesis-AAAAAAAa/Container-vs-Wasm-Service-Migration/Container/scripts/orchestrators/criu_benchmark.py cold --source edge-node-1 --dest edge-node-2 --transfer-mode direct --run-id repeat-suite-20260330-185020-cold-direct-045
[19:27:46] Starting cold migration...
[19:27:46] Source: edge-node-1, Dest: edge-node-2
[19:27:46] Transfer mode: direct

[19:27:46] === COLD MIGRATION ===
[19:27:46] Step 1: Checking source process...
[19:27:46]   Using PID from /home/ubuntu/counter.pid: 189986
[19:27:47]   Last counter value (pre-freeze): 4
[19:27:47]   Architecture: x86_64 (compatible)
[19:27:47] Step 2: Dumping process with CRIU...
[19:27:48]   Frozen last counter value: 5
[19:27:48]   Expected after restore: 6
[19:27:48]   Checkpoint time: 625 ms
[19:27:48] Step 3: Creating archive...
[19:27:49]   Archive size: 25364 bytes
[19:27:49] Step 4: Transferring archive...
[19:27:49]   Setting up direct SSH trust...
Setting up SSH trust: edge-node-1 → ubuntu@10.22.132.37
  Adding public key to destination's authorized_keys...
  Testing SSH connectivity...
  ✓ SSH trust ready
Setting up SSH trust: edge-node-1 → ubuntu@10.22.132.37
  Adding public key to destination's authorized_keys...
  Testing SSH connectivity...
  ✓ SSH trust ready
  Transferring /home/ubuntu/CRIU-counter.tar.gz via SCP...
[19:27:53]   Transfer time: 2605 ms
[19:27:53] Step 5: Unpacking on destination...
[19:27:53] Step 6: Preparing restore environment...
[19:27:54]   Copying application scripts...
[19:27:55] Step 6.5: Ensuring /tmp/counter binary is present on destination...
[19:27:55] Step 7: Restoring process...
[19:27:55]   Restore time: 326 ms
[19:27:55] Step 8: Verifying migration...
[19:27:59]   Expected min: 6 (after ~3.0s → ~9), Observed: 9
[19:27:59] ✓ SUCCESS: Counter continued correctly!
[19:27:59] Total downtime: 3556 ms
[19:27:59] Effective bandwidth: 0.08 Mbps
[19:27:59] Metrics saved to /home/ivo/Documents/University/4to/Thesis-AAAAAAAa/Container-vs-Wasm-Service-Migration/Container/metrics/migration_metrics.csv
[exit=0]

$ python3 /home/ivo/Documents/University/4to/Thesis-AAAAAAAa/Container-vs-Wasm-Service-Migration/Container/scripts/setup/reset_nodes.py edge-node-1 edge-node-2
[19:28:00] Resetting nodes: edge-node-1 -> edge-node-2
[19:28:00] Step 1: Killing any existing processes on source...
[19:28:00]   Killing PID 189986 (from /home/ubuntu/app.pid)
[19:28:01]   Killing PID 189986 (from /home/ubuntu/counter.pid)
[19:28:01]   Killing any remaining background processes...
[19:28:02] Step 2: Cleaning source node...
[19:28:03] Step 3: Cleaning destination node...
[19:28:04]   Killing all remaining counter processes on destination...
[19:28:06] ✓ Reset complete, nodes are clean
[19:28:06]   Next: Start your application
[exit=0]

$ bash /home/ivo/Documents/University/4to/Thesis-AAAAAAAa/Container-vs-Wasm-Service-Migration/Container/scripts/workloads/start_counter_c.sh edge-node-1
[19:28:07] Transferring counter.c to edge-node-1...
[19:28:07] Compiling counter.c on edge-node-1...
[19:28:07] Starting counter on edge-node-1...
✓ C counter running (PID: 191649)
[19:28:09] ✓ Counter started
[exit=0]
[repeat] warmup 2s

$ python3 /home/ivo/Documents/University/4to/Thesis-AAAAAAAa/Container-vs-Wasm-Service-Migration/Container/scripts/orchestrators/criu_benchmark.py cold --source edge-node-1 --dest edge-node-2 --transfer-mode direct --run-id repeat-suite-20260330-185020-cold-direct-046
[19:28:11] Starting cold migration...
[19:28:11] Source: edge-node-1, Dest: edge-node-2
[19:28:11] Transfer mode: direct

[19:28:11] === COLD MIGRATION ===
[19:28:11] Step 1: Checking source process...
[19:28:12]   Using PID from /home/ubuntu/counter.pid: 191649
[19:28:12]   Last counter value (pre-freeze): 4
[19:28:13]   Architecture: x86_64 (compatible)
[19:28:13] Step 2: Dumping process with CRIU...
[19:28:14]   Frozen last counter value: 5
[19:28:14]   Expected after restore: 6
[19:28:14]   Checkpoint time: 615 ms
[19:28:14] Step 3: Creating archive...
[19:28:14]   Archive size: 25249 bytes
[19:28:14] Step 4: Transferring archive...
[19:28:14]   Setting up direct SSH trust...
Setting up SSH trust: edge-node-1 → ubuntu@10.22.132.37
  Adding public key to destination's authorized_keys...
  Testing SSH connectivity...
  ✓ SSH trust ready
Setting up SSH trust: edge-node-1 → ubuntu@10.22.132.37
  Adding public key to destination's authorized_keys...
  Testing SSH connectivity...
  ✓ SSH trust ready
  Transferring /home/ubuntu/CRIU-counter.tar.gz via SCP...
[19:28:18]   Transfer time: 2528 ms
[19:28:18] Step 5: Unpacking on destination...
[19:28:19] Step 6: Preparing restore environment...
[19:28:19]   Copying application scripts...
[19:28:20] Step 6.5: Ensuring /tmp/counter binary is present on destination...
[19:28:21] Step 7: Restoring process...
[19:28:21]   Restore time: 617 ms
[19:28:21] Step 8: Verifying migration...
[19:28:25]   Expected min: 6 (after ~3.0s → ~9), Observed: 9
[19:28:25] ✓ SUCCESS: Counter continued correctly!
[19:28:25] Total downtime: 3760 ms
[19:28:25] Effective bandwidth: 0.08 Mbps
[19:28:25] Metrics saved to /home/ivo/Documents/University/4to/Thesis-AAAAAAAa/Container-vs-Wasm-Service-Migration/Container/metrics/migration_metrics.csv
[exit=0]

$ python3 /home/ivo/Documents/University/4to/Thesis-AAAAAAAa/Container-vs-Wasm-Service-Migration/Container/scripts/setup/reset_nodes.py edge-node-1 edge-node-2
[19:28:25] Resetting nodes: edge-node-1 -> edge-node-2
[19:28:25] Step 1: Killing any existing processes on source...
[19:28:26]   Killing PID 191649 (from /home/ubuntu/app.pid)
[19:28:27]   Killing PID 191649 (from /home/ubuntu/counter.pid)
[19:28:27]   Killing any remaining background processes...
[19:28:28] Step 2: Cleaning source node...
[19:28:29] Step 3: Cleaning destination node...
[19:28:30]   Killing all remaining counter processes on destination...
[19:28:32] ✓ Reset complete, nodes are clean
[19:28:32]   Next: Start your application
[exit=0]

$ bash /home/ivo/Documents/University/4to/Thesis-AAAAAAAa/Container-vs-Wasm-Service-Migration/Container/scripts/workloads/start_counter_c.sh edge-node-1
[19:28:32] Transferring counter.c to edge-node-1...
[19:28:33] Compiling counter.c on edge-node-1...
[19:28:33] Starting counter on edge-node-1...
✓ C counter running (PID: 193312)
[19:28:34] ✓ Counter started
[exit=0]
[repeat] warmup 2s

$ python3 /home/ivo/Documents/University/4to/Thesis-AAAAAAAa/Container-vs-Wasm-Service-Migration/Container/scripts/orchestrators/criu_benchmark.py cold --source edge-node-1 --dest edge-node-2 --transfer-mode direct --run-id repeat-suite-20260330-185020-cold-direct-047
[19:28:37] Starting cold migration...
[19:28:37] Source: edge-node-1, Dest: edge-node-2
[19:28:37] Transfer mode: direct

[19:28:37] === COLD MIGRATION ===
[19:28:37] Step 1: Checking source process...
[19:28:38]   Using PID from /home/ubuntu/counter.pid: 193312
[19:28:38]   Last counter value (pre-freeze): 4
[19:28:38]   Architecture: x86_64 (compatible)
[19:28:38] Step 2: Dumping process with CRIU...
[19:28:39]   Frozen last counter value: 5
[19:28:39]   Expected after restore: 6
[19:28:39]   Checkpoint time: 614 ms
[19:28:39] Step 3: Creating archive...
[19:28:40]   Archive size: 25361 bytes
[19:28:40] Step 4: Transferring archive...
[19:28:40]   Setting up direct SSH trust...
Setting up SSH trust: edge-node-1 → ubuntu@10.22.132.37
  Adding public key to destination's authorized_keys...
  Testing SSH connectivity...
  ✓ SSH trust ready
Setting up SSH trust: edge-node-1 → ubuntu@10.22.132.37
  Adding public key to destination's authorized_keys...
  Testing SSH connectivity...
  ✓ SSH trust ready
  Transferring /home/ubuntu/CRIU-counter.tar.gz via SCP...
[19:28:44]   Transfer time: 2601 ms
[19:28:44] Step 5: Unpacking on destination...
[19:28:44] Step 6: Preparing restore environment...
[19:28:45]   Copying application scripts...
[19:28:46] Step 6.5: Ensuring /tmp/counter binary is present on destination...
[19:28:46] Step 7: Restoring process...
[19:28:46]   Restore time: 312 ms
[19:28:46] Step 8: Verifying migration...
[19:28:50]   Expected min: 6 (after ~3.0s → ~9), Observed: 9
[19:28:50] ✓ SUCCESS: Counter continued correctly!
[19:28:50] Total downtime: 3527 ms
[19:28:50] Effective bandwidth: 0.08 Mbps
[19:28:50] Metrics saved to /home/ivo/Documents/University/4to/Thesis-AAAAAAAa/Container-vs-Wasm-Service-Migration/Container/metrics/migration_metrics.csv
[exit=0]

$ python3 /home/ivo/Documents/University/4to/Thesis-AAAAAAAa/Container-vs-Wasm-Service-Migration/Container/scripts/setup/reset_nodes.py edge-node-1 edge-node-2
[19:28:51] Resetting nodes: edge-node-1 -> edge-node-2
[19:28:51] Step 1: Killing any existing processes on source...
[19:28:51]   Killing PID 193312 (from /home/ubuntu/app.pid)
[19:28:52]   Killing PID 193312 (from /home/ubuntu/counter.pid)
[19:28:52]   Killing any remaining background processes...
[19:28:53] Step 2: Cleaning source node...
[19:28:54] Step 3: Cleaning destination node...
[19:28:55]   Killing all remaining counter processes on destination...
[19:28:58] ✓ Reset complete, nodes are clean
[19:28:58]   Next: Start your application
[exit=0]

$ bash /home/ivo/Documents/University/4to/Thesis-AAAAAAAa/Container-vs-Wasm-Service-Migration/Container/scripts/workloads/start_counter_c.sh edge-node-1
[19:28:58] Transferring counter.c to edge-node-1...
[19:28:58] Compiling counter.c on edge-node-1...
[19:28:58] Starting counter on edge-node-1...
✓ C counter running (PID: 194966)
[19:29:00] ✓ Counter started
[exit=0]
[repeat] warmup 2s

$ python3 /home/ivo/Documents/University/4to/Thesis-AAAAAAAa/Container-vs-Wasm-Service-Migration/Container/scripts/orchestrators/criu_benchmark.py cold --source edge-node-1 --dest edge-node-2 --transfer-mode direct --run-id repeat-suite-20260330-185020-cold-direct-048
[19:29:02] Starting cold migration...
[19:29:02] Source: edge-node-1, Dest: edge-node-2
[19:29:02] Transfer mode: direct

[19:29:02] === COLD MIGRATION ===
[19:29:02] Step 1: Checking source process...
[19:29:03]   Using PID from /home/ubuntu/counter.pid: 194966
[19:29:03]   Last counter value (pre-freeze): 4
[19:29:04]   Architecture: x86_64 (compatible)
[19:29:04] Step 2: Dumping process with CRIU...
[19:29:04]   Frozen last counter value: 5
[19:29:04]   Expected after restore: 6
[19:29:04]   Checkpoint time: 620 ms
[19:29:04] Step 3: Creating archive...
[19:29:05]   Archive size: 25245 bytes
[19:29:05] Step 4: Transferring archive...
[19:29:05]   Setting up direct SSH trust...
Setting up SSH trust: edge-node-1 → ubuntu@10.22.132.37
  Adding public key to destination's authorized_keys...
  Testing SSH connectivity...
  ✓ SSH trust ready
Setting up SSH trust: edge-node-1 → ubuntu@10.22.132.37
  Adding public key to destination's authorized_keys...
  Testing SSH connectivity...
  ✓ SSH trust ready
  Transferring /home/ubuntu/CRIU-counter.tar.gz via SCP...
[19:29:09]   Transfer time: 2821 ms
[19:29:09] Step 5: Unpacking on destination...
[19:29:10] Step 6: Preparing restore environment...
[19:29:10]   Copying application scripts...
[19:29:11] Step 6.5: Ensuring /tmp/counter binary is present on destination...
[19:29:11] Step 7: Restoring process...
[19:29:12]   Restore time: 312 ms
[19:29:12] Step 8: Verifying migration...
[19:29:15]   Expected min: 6 (after ~3.0s → ~9), Observed: 9
[19:29:15] ✓ SUCCESS: Counter continued correctly!
[19:29:15] Total downtime: 3753 ms
[19:29:15] Effective bandwidth: 0.07 Mbps
[19:29:15] Metrics saved to /home/ivo/Documents/University/4to/Thesis-AAAAAAAa/Container-vs-Wasm-Service-Migration/Container/metrics/migration_metrics.csv
[exit=0]

$ python3 /home/ivo/Documents/University/4to/Thesis-AAAAAAAa/Container-vs-Wasm-Service-Migration/Container/scripts/setup/reset_nodes.py edge-node-1 edge-node-2
[19:29:16] Resetting nodes: edge-node-1 -> edge-node-2
[19:29:16] Step 1: Killing any existing processes on source...
[19:29:16]   Killing PID 194966 (from /home/ubuntu/app.pid)
[19:29:17]   Killing PID 194966 (from /home/ubuntu/counter.pid)
[19:29:18]   Killing any remaining background processes...
[19:29:18] Step 2: Cleaning source node...
[19:29:20] Step 3: Cleaning destination node...
[19:29:20]   Killing all remaining counter processes on destination...
[19:29:23] ✓ Reset complete, nodes are clean
[19:29:23]   Next: Start your application
[exit=0]

$ bash /home/ivo/Documents/University/4to/Thesis-AAAAAAAa/Container-vs-Wasm-Service-Migration/Container/scripts/workloads/start_counter_c.sh edge-node-1
[19:29:23] Transferring counter.c to edge-node-1...
[19:29:24] Compiling counter.c on edge-node-1...
[19:29:24] Starting counter on edge-node-1...
✓ C counter running (PID: 196639)
[19:29:25] ✓ Counter started
[exit=0]
[repeat] warmup 2s

$ python3 /home/ivo/Documents/University/4to/Thesis-AAAAAAAa/Container-vs-Wasm-Service-Migration/Container/scripts/orchestrators/criu_benchmark.py cold --source edge-node-1 --dest edge-node-2 --transfer-mode direct --run-id repeat-suite-20260330-185020-cold-direct-049
[19:29:28] Starting cold migration...
[19:29:28] Source: edge-node-1, Dest: edge-node-2
[19:29:28] Transfer mode: direct

[19:29:28] === COLD MIGRATION ===
[19:29:28] Step 1: Checking source process...
[19:29:28]   Using PID from /home/ubuntu/counter.pid: 196639
[19:29:29]   Last counter value (pre-freeze): 4
[19:29:29]   Architecture: x86_64 (compatible)
[19:29:29] Step 2: Dumping process with CRIU...
[19:29:30]   Frozen last counter value: 5
[19:29:30]   Expected after restore: 6
[19:29:30]   Checkpoint time: 607 ms
[19:29:30] Step 3: Creating archive...
[19:29:31]   Archive size: 25264 bytes
[19:29:31] Step 4: Transferring archive...
[19:29:31]   Setting up direct SSH trust...
Setting up SSH trust: edge-node-1 → ubuntu@10.22.132.37
  Adding public key to destination's authorized_keys...
  Testing SSH connectivity...
  ✓ SSH trust ready
Setting up SSH trust: edge-node-1 → ubuntu@10.22.132.37
  Adding public key to destination's authorized_keys...
  Testing SSH connectivity...
  ✓ SSH trust ready
  Transferring /home/ubuntu/CRIU-counter.tar.gz via SCP...
[19:29:35]   Transfer time: 2604 ms
[19:29:35] Step 5: Unpacking on destination...
[19:29:35] Step 6: Preparing restore environment...
[19:29:36]   Copying application scripts...
[19:29:37] Step 6.5: Ensuring /tmp/counter binary is present on destination...
[19:29:37] Step 7: Restoring process...
[19:29:37]   Restore time: 320 ms
[19:29:37] Step 8: Verifying migration...
[19:29:41]   Expected min: 6 (after ~3.0s → ~9), Observed: 9
[19:29:41] ✓ SUCCESS: Counter continued correctly!
[19:29:41] Total downtime: 3531 ms
[19:29:41] Effective bandwidth: 0.08 Mbps
[19:29:41] Metrics saved to /home/ivo/Documents/University/4to/Thesis-AAAAAAAa/Container-vs-Wasm-Service-Migration/Container/metrics/migration_metrics.csv
[exit=0]

$ python3 /home/ivo/Documents/University/4to/Thesis-AAAAAAAa/Container-vs-Wasm-Service-Migration/Container/scripts/setup/reset_nodes.py edge-node-1 edge-node-2
[19:29:42] Resetting nodes: edge-node-1 -> edge-node-2
[19:29:42] Step 1: Killing any existing processes on source...
[19:29:42]   Killing PID 196639 (from /home/ubuntu/app.pid)
[19:29:43]   Killing PID 196639 (from /home/ubuntu/counter.pid)
[19:29:43]   Killing any remaining background processes...
[19:29:44] Step 2: Cleaning source node...
[19:29:45] Step 3: Cleaning destination node...
[19:29:46]   Killing all remaining counter processes on destination...
[19:29:49] ✓ Reset complete, nodes are clean
[19:29:49]   Next: Start your application
[exit=0]

$ bash /home/ivo/Documents/University/4to/Thesis-AAAAAAAa/Container-vs-Wasm-Service-Migration/Container/scripts/workloads/start_counter_c.sh edge-node-1
[19:29:49] Transferring counter.c to edge-node-1...
[19:29:49] Compiling counter.c on edge-node-1...
[19:29:49] Starting counter on edge-node-1...
✓ C counter running (PID: 198292)
[19:29:50] ✓ Counter started
[exit=0]
[repeat] warmup 2s

$ python3 /home/ivo/Documents/University/4to/Thesis-AAAAAAAa/Container-vs-Wasm-Service-Migration/Container/scripts/orchestrators/criu_benchmark.py cold --source edge-node-1 --dest edge-node-2 --transfer-mode direct --run-id repeat-suite-20260330-185020-cold-direct-050
[19:29:53] Starting cold migration...
[19:29:53] Source: edge-node-1, Dest: edge-node-2
[19:29:53] Transfer mode: direct

[19:29:53] === COLD MIGRATION ===
[19:29:53] Step 1: Checking source process...
[19:29:54]   Using PID from /home/ubuntu/counter.pid: 198292
[19:29:54]   Last counter value (pre-freeze): 4
[19:29:55]   Architecture: x86_64 (compatible)
[19:29:55] Step 2: Dumping process with CRIU...
[19:29:55]   Frozen last counter value: 5
[19:29:55]   Expected after restore: 6
[19:29:55]   Checkpoint time: 638 ms
[19:29:55] Step 3: Creating archive...
[19:29:56]   Archive size: 25039 bytes
[19:29:56] Step 4: Transferring archive...
[19:29:56]   Setting up direct SSH trust...
Setting up SSH trust: edge-node-1 → ubuntu@10.22.132.37
  Adding public key to destination's authorized_keys...
  Testing SSH connectivity...
  ✓ SSH trust ready
Setting up SSH trust: edge-node-1 → ubuntu@10.22.132.37
  Adding public key to destination's authorized_keys...
  Testing SSH connectivity...
  ✓ SSH trust ready
  Transferring /home/ubuntu/CRIU-counter.tar.gz via SCP...
[19:30:00]   Transfer time: 2607 ms
[19:30:00] Step 5: Unpacking on destination...
[19:30:01] Step 6: Preparing restore environment...
[19:30:01]   Copying application scripts...
[19:30:02] Step 6.5: Ensuring /tmp/counter binary is present on destination...
[19:30:03] Step 7: Restoring process...
[19:30:03]   Restore time: 334 ms
[19:30:03] Step 8: Verifying migration...
[19:30:06]   Expected min: 6 (after ~3.0s → ~9), Observed: 9
[19:30:06] ✓ SUCCESS: Counter continued correctly!
[19:30:06] Total downtime: 3579 ms
[19:30:06] Effective bandwidth: 0.08 Mbps
[19:30:06] Metrics saved to /home/ivo/Documents/University/4to/Thesis-AAAAAAAa/Container-vs-Wasm-Service-Migration/Container/metrics/migration_metrics.csv
[exit=0]

$ python3 /home/ivo/Documents/University/4to/Thesis-AAAAAAAa/Container-vs-Wasm-Service-Migration/Container/scripts/setup/reset_nodes.py edge-node-1 edge-node-2
[19:30:07] Resetting nodes: edge-node-1 -> edge-node-2
[19:30:07] Step 1: Killing any existing processes on source...
[19:30:08]   Killing PID 198292 (from /home/ubuntu/app.pid)
[19:30:09]   Killing PID 198292 (from /home/ubuntu/counter.pid)
[19:30:09]   Killing any remaining background processes...
[19:30:10] Step 2: Cleaning source node...
[19:30:11] Step 3: Cleaning destination node...
[19:30:12]   Killing all remaining counter processes on destination...
[19:30:15] ✓ Reset complete, nodes are clean
[19:30:15]   Next: Start your application
[exit=0]

$ bash /home/ivo/Documents/University/4to/Thesis-AAAAAAAa/Container-vs-Wasm-Service-Migration/Container/scripts/workloads/start_counter_c.sh edge-node-1
[19:30:15] Transferring counter.c to edge-node-1...
[19:30:15] Compiling counter.c on edge-node-1...
[19:30:15] Starting counter on edge-node-1...
✓ C counter running (PID: 199965)
[19:30:17] ✓ Counter started
[exit=0]
[repeat] warmup 2s

$ python3 /home/ivo/Documents/University/4to/Thesis-AAAAAAAa/Container-vs-Wasm-Service-Migration/Container/scripts/orchestrators/criu_benchmark.py precopy --source edge-node-1 --dest edge-node-2 --transfer-mode host --run-id repeat-suite-20260330-185020-precopy-host-001 --iterations 3
[19:30:19] Starting precopy migration...
[19:30:19] Source: edge-node-1, Dest: edge-node-2
[19:30:19] Transfer mode: host

[19:30:19] === PRE-COPY LIVE MIGRATION ===
[19:30:19] Step 1: Checking source process...
[19:30:20]   Using PID from /home/ubuntu/counter.pid: 199965
[19:30:20]   Last counter value (pre-dumps start): 4
[19:30:21]   Architecture: x86_64 (compatible)
[19:30:21] Step 2: Preparing dump directory...
[19:30:21] Step 3: Running 3 pre-dumps...
[19:30:21]   Pre-dump 1/3...
[19:30:23]   Pre-dump 2/3...
[19:30:24]   Pre-dump 3/3...
[19:30:25]   Total pre-dump time: 4005 ms
[19:30:25] Step 4: Final dump (freezing service)...
[19:30:26]   Frozen last counter value: 11
[19:30:26]   Expected after restore: 12
[19:30:26]   Final dump time (freeze duration): 611 ms
[19:30:26] Step 5: Creating archive...
[19:30:26]   Archive size: 32366 bytes
[19:30:26] Step 6: Transferring archive...
  Transferring /tmp/CRIU-counter.tar.gz via host...
[19:30:28]   Transfer time: 1172 ms
[19:30:28] Step 7: Unpacking on destination...
[19:30:28] Step 7.5: Ensuring counter output file exists on destination...
[19:30:28] Step 7.8: Ensuring /tmp/counter binary is present on destination...
[19:30:28] Step 8: Restoring process...
[19:30:29]   Restore time: 307 ms
[19:30:29] Step 9: Verifying migration...
[19:30:32]   Expected min: 12 (after ~3.0s → ~15), Observed: 15
[19:30:32] ✓ SUCCESS: Counter continued correctly!
[19:30:32] Total downtime: 2090 ms (final_dump: 611 + transfer: 1172 + restore: 307)
[19:30:32] Pre-dump time (not counted as downtime): 4005 ms
[19:30:32] Effective bandwidth: 0.22 Mbps
[19:30:32] Metrics saved to /home/ivo/Documents/University/4to/Thesis-AAAAAAAa/Container-vs-Wasm-Service-Migration/Container/metrics/migration_metrics.csv
[exit=0]

$ python3 /home/ivo/Documents/University/4to/Thesis-AAAAAAAa/Container-vs-Wasm-Service-Migration/Container/scripts/setup/reset_nodes.py edge-node-1 edge-node-2
[19:30:33] Resetting nodes: edge-node-1 -> edge-node-2
[19:30:33] Step 1: Killing any existing processes on source...
[19:30:33]   Killing PID 199965 (from /home/ubuntu/app.pid)
[19:30:34]   Killing PID 199965 (from /home/ubuntu/counter.pid)
[19:30:34]   Killing any remaining background processes...
[19:30:35] Step 2: Cleaning source node...
[19:30:36] Step 3: Cleaning destination node...
[19:30:37]   Killing all remaining counter processes on destination...
[19:30:40] ✓ Reset complete, nodes are clean
[19:30:40]   Next: Start your application
[exit=0]

$ bash /home/ivo/Documents/University/4to/Thesis-AAAAAAAa/Container-vs-Wasm-Service-Migration/Container/scripts/workloads/start_counter_c.sh edge-node-1
[19:30:40] Transferring counter.c to edge-node-1...
[19:30:40] Compiling counter.c on edge-node-1...
[19:30:40] Starting counter on edge-node-1...
✓ C counter running (PID: 201415)
[19:30:42] ✓ Counter started
[exit=0]
[repeat] warmup 2s

$ python3 /home/ivo/Documents/University/4to/Thesis-AAAAAAAa/Container-vs-Wasm-Service-Migration/Container/scripts/orchestrators/criu_benchmark.py precopy --source edge-node-1 --dest edge-node-2 --transfer-mode host --run-id repeat-suite-20260330-185020-precopy-host-002 --iterations 3
[19:30:44] Starting precopy migration...
[19:30:44] Source: edge-node-1, Dest: edge-node-2
[19:30:44] Transfer mode: host

[19:30:44] === PRE-COPY LIVE MIGRATION ===
[19:30:44] Step 1: Checking source process...
[19:30:45]   Using PID from /home/ubuntu/counter.pid: 201415
[19:30:45]   Last counter value (pre-dumps start): 4
[19:30:46]   Architecture: x86_64 (compatible)
[19:30:46] Step 2: Preparing dump directory...
[19:30:46] Step 3: Running 3 pre-dumps...
[19:30:46]   Pre-dump 1/3...
[19:30:47]   Pre-dump 2/3...
[19:30:49]   Pre-dump 3/3...
[19:30:50]   Total pre-dump time: 3957 ms
[19:30:50] Step 4: Final dump (freezing service)...
[19:30:51]   Frozen last counter value: 11
[19:30:51]   Expected after restore: 12
[19:30:51]   Final dump time (freeze duration): 578 ms
[19:30:51] Step 5: Creating archive...
[19:30:51]   Archive size: 31259 bytes
[19:30:51] Step 6: Transferring archive...
  Transferring /tmp/CRIU-counter.tar.gz via host...
[19:30:52]   Transfer time: 838 ms
[19:30:52] Step 7: Unpacking on destination...
[19:30:52] Step 7.5: Ensuring counter output file exists on destination...
[19:30:53] Step 7.8: Ensuring /tmp/counter binary is present on destination...
[19:30:53] Step 8: Restoring process...
[19:30:53]   Restore time: 327 ms
[19:30:53] Step 9: Verifying migration...
[19:30:56]   Expected min: 12 (after ~3.0s → ~15), Observed: 15
[19:30:56] ✓ SUCCESS: Counter continued correctly!
[19:30:56] Total downtime: 1743 ms (final_dump: 578 + transfer: 838 + restore: 327)
[19:30:56] Pre-dump time (not counted as downtime): 3957 ms
[19:30:56] Effective bandwidth: 0.30 Mbps
[19:30:56] Metrics saved to /home/ivo/Documents/University/4to/Thesis-AAAAAAAa/Container-vs-Wasm-Service-Migration/Container/metrics/migration_metrics.csv
[exit=0]

$ python3 /home/ivo/Documents/University/4to/Thesis-AAAAAAAa/Container-vs-Wasm-Service-Migration/Container/scripts/setup/reset_nodes.py edge-node-1 edge-node-2
[19:30:57] Resetting nodes: edge-node-1 -> edge-node-2
[19:30:57] Step 1: Killing any existing processes on source...
[19:30:57]   Killing PID 201415 (from /home/ubuntu/app.pid)
[19:30:58]   Killing PID 201415 (from /home/ubuntu/counter.pid)
[19:30:59]   Killing any remaining background processes...
[19:30:59] Step 2: Cleaning source node...
[19:31:01] Step 3: Cleaning destination node...
[19:31:01]   Killing all remaining counter processes on destination...
[19:31:04] ✓ Reset complete, nodes are clean
[19:31:04]   Next: Start your application
[exit=0]

$ bash /home/ivo/Documents/University/4to/Thesis-AAAAAAAa/Container-vs-Wasm-Service-Migration/Container/scripts/workloads/start_counter_c.sh edge-node-1
[19:31:04] Transferring counter.c to edge-node-1...
[19:31:04] Compiling counter.c on edge-node-1...
[19:31:05] Starting counter on edge-node-1...
✓ C counter running (PID: 202873)
[19:31:06] ✓ Counter started
[exit=0]
[repeat] warmup 2s

$ python3 /home/ivo/Documents/University/4to/Thesis-AAAAAAAa/Container-vs-Wasm-Service-Migration/Container/scripts/orchestrators/criu_benchmark.py precopy --source edge-node-1 --dest edge-node-2 --transfer-mode host --run-id repeat-suite-20260330-185020-precopy-host-003 --iterations 3
[19:31:09] Starting precopy migration...
[19:31:09] Source: edge-node-1, Dest: edge-node-2
[19:31:09] Transfer mode: host

[19:31:09] === PRE-COPY LIVE MIGRATION ===
[19:31:09] Step 1: Checking source process...
[19:31:10]   Using PID from /home/ubuntu/counter.pid: 202873
[19:31:10]   Last counter value (pre-dumps start): 4
[19:31:11]   Architecture: x86_64 (compatible)
[19:31:11] Step 2: Preparing dump directory...
[19:31:11] Step 3: Running 3 pre-dumps...
[19:31:11]   Pre-dump 1/3...
[19:31:12]   Pre-dump 2/3...
[19:31:13]   Pre-dump 3/3...
[19:31:15]   Total pre-dump time: 3910 ms
[19:31:15] Step 4: Final dump (freezing service)...
[19:31:15]   Frozen last counter value: 12
[19:31:15]   Expected after restore: 13
[19:31:15]   Final dump time (freeze duration): 612 ms
[19:31:15] Step 5: Creating archive...
[19:31:16]   Archive size: 31611 bytes
[19:31:16] Step 6: Transferring archive...
  Transferring /tmp/CRIU-counter.tar.gz via host...
[19:31:17]   Transfer time: 891 ms
[19:31:17] Step 7: Unpacking on destination...
[19:31:17] Step 7.5: Ensuring counter output file exists on destination...
[19:31:17] Step 7.8: Ensuring /tmp/counter binary is present on destination...
[19:31:18] Step 8: Restoring process...
[19:31:18]   Restore time: 323 ms
[19:31:18] Step 9: Verifying migration...
[19:31:21]   Expected min: 13 (after ~3.0s → ~16), Observed: 16
[19:31:21] ✓ SUCCESS: Counter continued correctly!
[19:31:21] Total downtime: 1826 ms (final_dump: 612 + transfer: 891 + restore: 323)
[19:31:21] Pre-dump time (not counted as downtime): 3910 ms
[19:31:21] Effective bandwidth: 0.28 Mbps
[19:31:21] Metrics saved to /home/ivo/Documents/University/4to/Thesis-AAAAAAAa/Container-vs-Wasm-Service-Migration/Container/metrics/migration_metrics.csv
[exit=0]

$ python3 /home/ivo/Documents/University/4to/Thesis-AAAAAAAa/Container-vs-Wasm-Service-Migration/Container/scripts/setup/reset_nodes.py edge-node-1 edge-node-2
[19:31:22] Resetting nodes: edge-node-1 -> edge-node-2
[19:31:22] Step 1: Killing any existing processes on source...
[19:31:22]   Killing PID 202873 (from /home/ubuntu/app.pid)
[19:31:23]   Killing PID 202873 (from /home/ubuntu/counter.pid)
[19:31:24]   Killing any remaining background processes...
[19:31:24] Step 2: Cleaning source node...
[19:31:26] Step 3: Cleaning destination node...
[19:31:26]   Killing all remaining counter processes on destination...
[19:31:29] ✓ Reset complete, nodes are clean
[19:31:29]   Next: Start your application
[exit=0]

$ bash /home/ivo/Documents/University/4to/Thesis-AAAAAAAa/Container-vs-Wasm-Service-Migration/Container/scripts/workloads/start_counter_c.sh edge-node-1
[19:31:29] Transferring counter.c to edge-node-1...
[19:31:30] Compiling counter.c on edge-node-1...
[19:31:30] Starting counter on edge-node-1...
✓ C counter running (PID: 204332)
[19:31:31] ✓ Counter started
[exit=0]
[repeat] warmup 2s

$ python3 /home/ivo/Documents/University/4to/Thesis-AAAAAAAa/Container-vs-Wasm-Service-Migration/Container/scripts/orchestrators/criu_benchmark.py precopy --source edge-node-1 --dest edge-node-2 --transfer-mode host --run-id repeat-suite-20260330-185020-precopy-host-004 --iterations 3
[19:31:34] Starting precopy migration...
[19:31:34] Source: edge-node-1, Dest: edge-node-2
[19:31:34] Transfer mode: host

[19:31:34] === PRE-COPY LIVE MIGRATION ===
[19:31:34] Step 1: Checking source process...
[19:31:35]   Using PID from /home/ubuntu/counter.pid: 204332
[19:31:35]   Last counter value (pre-dumps start): 4
[19:31:35]   Architecture: x86_64 (compatible)
[19:31:35] Step 2: Preparing dump directory...
[19:31:36] Step 3: Running 3 pre-dumps...
[19:31:36]   Pre-dump 1/3...
[19:31:37]   Pre-dump 2/3...
[19:31:38]   Pre-dump 3/3...
[19:31:40]   Total pre-dump time: 3946 ms
[19:31:40] Step 4: Final dump (freezing service)...
[19:31:40]   Frozen last counter value: 11
[19:31:40]   Expected after restore: 12
[19:31:40]   Final dump time (freeze duration): 652 ms
[19:31:40] Step 5: Creating archive...
[19:31:41]   Archive size: 32500 bytes
[19:31:41] Step 6: Transferring archive...
  Transferring /tmp/CRIU-counter.tar.gz via host...
[19:31:42]   Transfer time: 849 ms
[19:31:42] Step 7: Unpacking on destination...
[19:31:42] Step 7.5: Ensuring counter output file exists on destination...
[19:31:42] Step 7.8: Ensuring /tmp/counter binary is present on destination...
[19:31:43] Step 8: Restoring process...
[19:31:43]   Restore time: 317 ms
[19:31:43] Step 9: Verifying migration...
[19:31:46]   Expected min: 12 (after ~3.0s → ~15), Observed: 15
[19:31:46] ✓ SUCCESS: Counter continued correctly!
[19:31:46] Total downtime: 1818 ms (final_dump: 652 + transfer: 849 + restore: 317)
[19:31:46] Pre-dump time (not counted as downtime): 3946 ms
[19:31:46] Effective bandwidth: 0.31 Mbps
[19:31:46] Metrics saved to /home/ivo/Documents/University/4to/Thesis-AAAAAAAa/Container-vs-Wasm-Service-Migration/Container/metrics/migration_metrics.csv
[exit=0]

$ python3 /home/ivo/Documents/University/4to/Thesis-AAAAAAAa/Container-vs-Wasm-Service-Migration/Container/scripts/setup/reset_nodes.py edge-node-1 edge-node-2
[19:31:47] Resetting nodes: edge-node-1 -> edge-node-2
[19:31:47] Step 1: Killing any existing processes on source...
[19:31:47]   Killing PID 204332 (from /home/ubuntu/app.pid)
[19:31:48]   Killing PID 204332 (from /home/ubuntu/counter.pid)
[19:31:49]   Killing any remaining background processes...
[19:31:49] Step 2: Cleaning source node...
[19:31:50] Step 3: Cleaning destination node...
[19:31:51]   Killing all remaining counter processes on destination...
[19:31:54] ✓ Reset complete, nodes are clean
[19:31:54]   Next: Start your application
[exit=0]

$ bash /home/ivo/Documents/University/4to/Thesis-AAAAAAAa/Container-vs-Wasm-Service-Migration/Container/scripts/workloads/start_counter_c.sh edge-node-1
[19:31:54] Transferring counter.c to edge-node-1...
[19:31:54] Compiling counter.c on edge-node-1...
[19:31:55] Starting counter on edge-node-1...
✓ C counter running (PID: 205782)
[19:31:56] ✓ Counter started
[exit=0]
[repeat] warmup 2s

$ python3 /home/ivo/Documents/University/4to/Thesis-AAAAAAAa/Container-vs-Wasm-Service-Migration/Container/scripts/orchestrators/criu_benchmark.py precopy --source edge-node-1 --dest edge-node-2 --transfer-mode host --run-id repeat-suite-20260330-185020-precopy-host-005 --iterations 3
[19:31:59] Starting precopy migration...
[19:31:59] Source: edge-node-1, Dest: edge-node-2
[19:31:59] Transfer mode: host

[19:31:59] === PRE-COPY LIVE MIGRATION ===
[19:31:59] Step 1: Checking source process...
[19:31:59]   Using PID from /home/ubuntu/counter.pid: 205782
[19:31:59]   Last counter value (pre-dumps start): 4
[19:32:00]   Architecture: x86_64 (compatible)
[19:32:00] Step 2: Preparing dump directory...
[19:32:00] Step 3: Running 3 pre-dumps...
[19:32:00]   Pre-dump 1/3...
[19:32:02]   Pre-dump 2/3...
[19:32:03]   Pre-dump 3/3...
[19:32:04]   Total pre-dump time: 3968 ms
[19:32:04] Step 4: Final dump (freezing service)...
[19:32:05]   Frozen last counter value: 11
[19:32:05]   Expected after restore: 12
[19:32:05]   Final dump time (freeze duration): 588 ms
[19:32:05] Step 5: Creating archive...
[19:32:05]   Archive size: 33021 bytes
[19:32:05] Step 6: Transferring archive...
  Transferring /tmp/CRIU-counter.tar.gz via host...
[19:32:06]   Transfer time: 869 ms
[19:32:06] Step 7: Unpacking on destination...
[19:32:07] Step 7.5: Ensuring counter output file exists on destination...
[19:32:07] Step 7.8: Ensuring /tmp/counter binary is present on destination...
[19:32:07] Step 8: Restoring process...
[19:32:08]   Restore time: 316 ms
[19:32:08] Step 9: Verifying migration...
[19:32:11]   Expected min: 12 (after ~3.0s → ~15), Observed: 15
[19:32:11] ✓ SUCCESS: Counter continued correctly!
[19:32:11] Total downtime: 1773 ms (final_dump: 588 + transfer: 869 + restore: 316)
[19:32:11] Pre-dump time (not counted as downtime): 3968 ms
[19:32:11] Effective bandwidth: 0.30 Mbps
[19:32:11] Metrics saved to /home/ivo/Documents/University/4to/Thesis-AAAAAAAa/Container-vs-Wasm-Service-Migration/Container/metrics/migration_metrics.csv
[exit=0]

$ python3 /home/ivo/Documents/University/4to/Thesis-AAAAAAAa/Container-vs-Wasm-Service-Migration/Container/scripts/setup/reset_nodes.py edge-node-1 edge-node-2
[19:32:12] Resetting nodes: edge-node-1 -> edge-node-2
[19:32:12] Step 1: Killing any existing processes on source...
[19:32:12]   Killing PID 205782 (from /home/ubuntu/app.pid)
[19:32:13]   Killing PID 205782 (from /home/ubuntu/counter.pid)
[19:32:13]   Killing any remaining background processes...
[19:32:14] Step 2: Cleaning source node...
[19:32:16] Step 3: Cleaning destination node...
[19:32:16]   Killing all remaining counter processes on destination...
[19:32:19] ✓ Reset complete, nodes are clean
[19:32:19]   Next: Start your application
[exit=0]

$ bash /home/ivo/Documents/University/4to/Thesis-AAAAAAAa/Container-vs-Wasm-Service-Migration/Container/scripts/workloads/start_counter_c.sh edge-node-1
[19:32:19] Transferring counter.c to edge-node-1...
[19:32:19] Compiling counter.c on edge-node-1...
[19:32:20] Starting counter on edge-node-1...
✓ C counter running (PID: 207250)
[19:32:21] ✓ Counter started
[exit=0]
[repeat] warmup 2s

$ python3 /home/ivo/Documents/University/4to/Thesis-AAAAAAAa/Container-vs-Wasm-Service-Migration/Container/scripts/orchestrators/criu_benchmark.py precopy --source edge-node-1 --dest edge-node-2 --transfer-mode host --run-id repeat-suite-20260330-185020-precopy-host-006 --iterations 3
[19:32:24] Starting precopy migration...
[19:32:24] Source: edge-node-1, Dest: edge-node-2
[19:32:24] Transfer mode: host

[19:32:24] === PRE-COPY LIVE MIGRATION ===
[19:32:24] Step 1: Checking source process...
[19:32:24]   Using PID from /home/ubuntu/counter.pid: 207250
[19:32:25]   Last counter value (pre-dumps start): 4
[19:32:25]   Architecture: x86_64 (compatible)
[19:32:25] Step 2: Preparing dump directory...
[19:32:25] Step 3: Running 3 pre-dumps...
[19:32:25]   Pre-dump 1/3...
[19:32:27]   Pre-dump 2/3...
[19:32:28]   Pre-dump 3/3...
[19:32:29]   Total pre-dump time: 3945 ms
[19:32:29] Step 4: Final dump (freezing service)...
[19:32:30]   Frozen last counter value: 11
[19:32:30]   Expected after restore: 12
[19:32:30]   Final dump time (freeze duration): 628 ms
[19:32:30] Step 5: Creating archive...
[19:32:31]   Archive size: 32428 bytes
[19:32:31] Step 6: Transferring archive...
  Transferring /tmp/CRIU-counter.tar.gz via host...
[19:32:32]   Transfer time: 1124 ms
[19:32:32] Step 7: Unpacking on destination...
[19:32:32] Step 7.5: Ensuring counter output file exists on destination...
[19:32:32] Step 7.8: Ensuring /tmp/counter binary is present on destination...
[19:32:33] Step 8: Restoring process...
[19:32:33]   Restore time: 318 ms
[19:32:33] Step 9: Verifying migration...
[19:32:36]   Expected min: 12 (after ~3.0s → ~15), Observed: 15
[19:32:36] ✓ SUCCESS: Counter continued correctly!
[19:32:36] Total downtime: 2070 ms (final_dump: 628 + transfer: 1124 + restore: 318)
[19:32:36] Pre-dump time (not counted as downtime): 3945 ms
[19:32:36] Effective bandwidth: 0.23 Mbps
[19:32:36] Metrics saved to /home/ivo/Documents/University/4to/Thesis-AAAAAAAa/Container-vs-Wasm-Service-Migration/Container/metrics/migration_metrics.csv
[exit=0]

$ python3 /home/ivo/Documents/University/4to/Thesis-AAAAAAAa/Container-vs-Wasm-Service-Migration/Container/scripts/setup/reset_nodes.py edge-node-1 edge-node-2
[19:32:37] Resetting nodes: edge-node-1 -> edge-node-2
[19:32:37] Step 1: Killing any existing processes on source...
[19:32:37]   Killing PID 207250 (from /home/ubuntu/app.pid)
[19:32:38]   Killing PID 207250 (from /home/ubuntu/counter.pid)
[19:32:39]   Killing any remaining background processes...
[19:32:39] Step 2: Cleaning source node...
[19:32:41] Step 3: Cleaning destination node...
[19:32:41]   Killing all remaining counter processes on destination...
[19:32:44] ✓ Reset complete, nodes are clean
[19:32:44]   Next: Start your application
[exit=0]

$ bash /home/ivo/Documents/University/4to/Thesis-AAAAAAAa/Container-vs-Wasm-Service-Migration/Container/scripts/workloads/start_counter_c.sh edge-node-1
[19:32:44] Transferring counter.c to edge-node-1...
[19:32:44] Compiling counter.c on edge-node-1...
[19:32:45] Starting counter on edge-node-1...
✓ C counter running (PID: 208702)
[19:32:46] ✓ Counter started
[exit=0]
[repeat] warmup 2s

$ python3 /home/ivo/Documents/University/4to/Thesis-AAAAAAAa/Container-vs-Wasm-Service-Migration/Container/scripts/orchestrators/criu_benchmark.py precopy --source edge-node-1 --dest edge-node-2 --transfer-mode host --run-id repeat-suite-20260330-185020-precopy-host-007 --iterations 3
[19:32:49] Starting precopy migration...
[19:32:49] Source: edge-node-1, Dest: edge-node-2
[19:32:49] Transfer mode: host

[19:32:49] === PRE-COPY LIVE MIGRATION ===
[19:32:49] Step 1: Checking source process...
[19:32:49]   Using PID from /home/ubuntu/counter.pid: 208702
[19:32:50]   Last counter value (pre-dumps start): 4
[19:32:50]   Architecture: x86_64 (compatible)
[19:32:50] Step 2: Preparing dump directory...
[19:32:50] Step 3: Running 3 pre-dumps...
[19:32:50]   Pre-dump 1/3...
[19:32:52]   Pre-dump 2/3...
[19:32:53]   Pre-dump 3/3...
[19:32:54]   Total pre-dump time: 3966 ms
[19:32:54] Step 4: Final dump (freezing service)...
[19:32:55]   Frozen last counter value: 11
[19:32:55]   Expected after restore: 12
[19:32:55]   Final dump time (freeze duration): 619 ms
[19:32:55] Step 5: Creating archive...
[19:32:56]   Archive size: 32881 bytes
[19:32:56] Step 6: Transferring archive...
  Transferring /tmp/CRIU-counter.tar.gz via host...
[19:32:56]   Transfer time: 831 ms
[19:32:56] Step 7: Unpacking on destination...
[19:32:57] Step 7.5: Ensuring counter output file exists on destination...
[19:32:57] Step 7.8: Ensuring /tmp/counter binary is present on destination...
[19:32:57] Step 8: Restoring process...
[19:32:58]   Restore time: 318 ms
[19:32:58] Step 9: Verifying migration...
[19:33:01]   Expected min: 12 (after ~3.0s → ~15), Observed: 15
[19:33:01] ✓ SUCCESS: Counter continued correctly!
[19:33:01] Total downtime: 1768 ms (final_dump: 619 + transfer: 831 + restore: 318)
[19:33:01] Pre-dump time (not counted as downtime): 3966 ms
[19:33:01] Effective bandwidth: 0.32 Mbps
[19:33:01] Metrics saved to /home/ivo/Documents/University/4to/Thesis-AAAAAAAa/Container-vs-Wasm-Service-Migration/Container/metrics/migration_metrics.csv
[exit=0]

$ python3 /home/ivo/Documents/University/4to/Thesis-AAAAAAAa/Container-vs-Wasm-Service-Migration/Container/scripts/setup/reset_nodes.py edge-node-1 edge-node-2
[19:33:02] Resetting nodes: edge-node-1 -> edge-node-2
[19:33:02] Step 1: Killing any existing processes on source...
[19:33:02]   Killing PID 208702 (from /home/ubuntu/app.pid)
[19:33:03]   Killing PID 208702 (from /home/ubuntu/counter.pid)
[19:33:03]   Killing any remaining background processes...
[19:33:04] Step 2: Cleaning source node...
[19:33:05] Step 3: Cleaning destination node...
[19:33:06]   Killing all remaining counter processes on destination...
[19:33:09] ✓ Reset complete, nodes are clean
[19:33:09]   Next: Start your application
[exit=0]

$ bash /home/ivo/Documents/University/4to/Thesis-AAAAAAAa/Container-vs-Wasm-Service-Migration/Container/scripts/workloads/start_counter_c.sh edge-node-1
[19:33:09] Transferring counter.c to edge-node-1...
[19:33:09] Compiling counter.c on edge-node-1...
[19:33:09] Starting counter on edge-node-1...
✓ C counter running (PID: 210161)
[19:33:11] ✓ Counter started
[exit=0]
[repeat] warmup 2s

$ python3 /home/ivo/Documents/University/4to/Thesis-AAAAAAAa/Container-vs-Wasm-Service-Migration/Container/scripts/orchestrators/criu_benchmark.py precopy --source edge-node-1 --dest edge-node-2 --transfer-mode host --run-id repeat-suite-20260330-185020-precopy-host-008 --iterations 3
[19:33:14] Starting precopy migration...
[19:33:14] Source: edge-node-1, Dest: edge-node-2
[19:33:14] Transfer mode: host

[19:33:14] === PRE-COPY LIVE MIGRATION ===
[19:33:14] Step 1: Checking source process...
[19:33:14]   Using PID from /home/ubuntu/counter.pid: 210161
[19:33:14]   Last counter value (pre-dumps start): 4
[19:33:15]   Architecture: x86_64 (compatible)
[19:33:15] Step 2: Preparing dump directory...
[19:33:15] Step 3: Running 3 pre-dumps...
[19:33:15]   Pre-dump 1/3...
[19:33:17]   Pre-dump 2/3...
[19:33:18]   Pre-dump 3/3...
[19:33:19]   Total pre-dump time: 3959 ms
[19:33:19] Step 4: Final dump (freezing service)...
[19:33:20]   Frozen last counter value: 12
[19:33:20]   Expected after restore: 13
[19:33:20]   Final dump time (freeze duration): 591 ms
[19:33:20] Step 5: Creating archive...
[19:33:20]   Archive size: 32077 bytes
[19:33:20] Step 6: Transferring archive...
  Transferring /tmp/CRIU-counter.tar.gz via host...
[19:33:21]   Transfer time: 855 ms
[19:33:21] Step 7: Unpacking on destination...
[19:33:22] Step 7.5: Ensuring counter output file exists on destination...
[19:33:22] Step 7.8: Ensuring /tmp/counter binary is present on destination...
[19:33:22] Step 8: Restoring process...
[19:33:22]   Restore time: 311 ms
[19:33:22] Step 9: Verifying migration...
[19:33:26]   Expected min: 13 (after ~3.0s → ~16), Observed: 16
[19:33:26] ✓ SUCCESS: Counter continued correctly!
[19:33:26] Total downtime: 1757 ms (final_dump: 591 + transfer: 855 + restore: 311)
[19:33:26] Pre-dump time (not counted as downtime): 3959 ms
[19:33:26] Effective bandwidth: 0.30 Mbps
[19:33:26] Metrics saved to /home/ivo/Documents/University/4to/Thesis-AAAAAAAa/Container-vs-Wasm-Service-Migration/Container/metrics/migration_metrics.csv
[exit=0]

$ python3 /home/ivo/Documents/University/4to/Thesis-AAAAAAAa/Container-vs-Wasm-Service-Migration/Container/scripts/setup/reset_nodes.py edge-node-1 edge-node-2
[19:33:26] Resetting nodes: edge-node-1 -> edge-node-2
[19:33:26] Step 1: Killing any existing processes on source...
[19:33:27]   Killing PID 210161 (from /home/ubuntu/app.pid)
[19:33:28]   Killing PID 210161 (from /home/ubuntu/counter.pid)
[19:33:28]   Killing any remaining background processes...
[19:33:29] Step 2: Cleaning source node...
[19:33:30] Step 3: Cleaning destination node...
[19:33:31]   Killing all remaining counter processes on destination...
[19:33:34] ✓ Reset complete, nodes are clean
[19:33:34]   Next: Start your application
[exit=0]

$ bash /home/ivo/Documents/University/4to/Thesis-AAAAAAAa/Container-vs-Wasm-Service-Migration/Container/scripts/workloads/start_counter_c.sh edge-node-1
[19:33:34] Transferring counter.c to edge-node-1...
[19:33:34] Compiling counter.c on edge-node-1...
[19:33:34] Starting counter on edge-node-1...
✓ C counter running (PID: 211620)
[19:33:36] ✓ Counter started
[exit=0]
[repeat] warmup 2s

$ python3 /home/ivo/Documents/University/4to/Thesis-AAAAAAAa/Container-vs-Wasm-Service-Migration/Container/scripts/orchestrators/criu_benchmark.py precopy --source edge-node-1 --dest edge-node-2 --transfer-mode host --run-id repeat-suite-20260330-185020-precopy-host-009 --iterations 3
[19:33:39] Starting precopy migration...
[19:33:39] Source: edge-node-1, Dest: edge-node-2
[19:33:39] Transfer mode: host

[19:33:39] === PRE-COPY LIVE MIGRATION ===
[19:33:39] Step 1: Checking source process...
[19:33:39]   Using PID from /home/ubuntu/counter.pid: 211620
[19:33:39]   Last counter value (pre-dumps start): 4
[19:33:40]   Architecture: x86_64 (compatible)
[19:33:40] Step 2: Preparing dump directory...
[19:33:40] Step 3: Running 3 pre-dumps...
[19:33:40]   Pre-dump 1/3...
[19:33:42]   Pre-dump 2/3...
[19:33:43]   Pre-dump 3/3...
[19:33:44]   Total pre-dump time: 3961 ms
[19:33:44] Step 4: Final dump (freezing service)...
[19:33:45]   Frozen last counter value: 11
[19:33:45]   Expected after restore: 12
[19:33:45]   Final dump time (freeze duration): 863 ms
[19:33:45] Step 5: Creating archive...
[19:33:46]   Archive size: 33140 bytes
[19:33:46] Step 6: Transferring archive...
  Transferring /tmp/CRIU-counter.tar.gz via host...
[19:33:47]   Transfer time: 939 ms
[19:33:47] Step 7: Unpacking on destination...
[19:33:47] Step 7.5: Ensuring counter output file exists on destination...
[19:33:47] Step 7.8: Ensuring /tmp/counter binary is present on destination...
[19:33:48] Step 8: Restoring process...
[19:33:48]   Restore time: 318 ms
[19:33:48] Step 9: Verifying migration...
[19:33:51]   Expected min: 12 (after ~3.0s → ~15), Observed: 15
[19:33:51] ✓ SUCCESS: Counter continued correctly!
[19:33:51] Total downtime: 2120 ms (final_dump: 863 + transfer: 939 + restore: 318)
[19:33:51] Pre-dump time (not counted as downtime): 3961 ms
[19:33:51] Effective bandwidth: 0.28 Mbps
[19:33:51] Metrics saved to /home/ivo/Documents/University/4to/Thesis-AAAAAAAa/Container-vs-Wasm-Service-Migration/Container/metrics/migration_metrics.csv
[exit=0]

$ python3 /home/ivo/Documents/University/4to/Thesis-AAAAAAAa/Container-vs-Wasm-Service-Migration/Container/scripts/setup/reset_nodes.py edge-node-1 edge-node-2
[19:33:52] Resetting nodes: edge-node-1 -> edge-node-2
[19:33:52] Step 1: Killing any existing processes on source...
[19:33:52]   Killing PID 211620 (from /home/ubuntu/app.pid)
[19:33:53]   Killing PID 211620 (from /home/ubuntu/counter.pid)
[19:33:54]   Killing any remaining background processes...
[19:33:54] Step 2: Cleaning source node...
[19:33:56] Step 3: Cleaning destination node...
[19:33:56]   Killing all remaining counter processes on destination...
[19:33:59] ✓ Reset complete, nodes are clean
[19:33:59]   Next: Start your application
[exit=0]

$ bash /home/ivo/Documents/University/4to/Thesis-AAAAAAAa/Container-vs-Wasm-Service-Migration/Container/scripts/workloads/start_counter_c.sh edge-node-1
[19:33:59] Transferring counter.c to edge-node-1...
[19:33:59] Compiling counter.c on edge-node-1...
[19:34:00] Starting counter on edge-node-1...
✓ C counter running (PID: 213077)
[19:34:01] ✓ Counter started
[exit=0]
[repeat] warmup 2s

$ python3 /home/ivo/Documents/University/4to/Thesis-AAAAAAAa/Container-vs-Wasm-Service-Migration/Container/scripts/orchestrators/criu_benchmark.py precopy --source edge-node-1 --dest edge-node-2 --transfer-mode host --run-id repeat-suite-20260330-185020-precopy-host-010 --iterations 3
[19:34:03] Starting precopy migration...
[19:34:03] Source: edge-node-1, Dest: edge-node-2
[19:34:03] Transfer mode: host

[19:34:03] === PRE-COPY LIVE MIGRATION ===
[19:34:03] Step 1: Checking source process...
[19:34:04]   Using PID from /home/ubuntu/counter.pid: 213077
[19:34:04]   Last counter value (pre-dumps start): 4
[19:34:05]   Architecture: x86_64 (compatible)
[19:34:05] Step 2: Preparing dump directory...
[19:34:05] Step 3: Running 3 pre-dumps...
[19:34:05]   Pre-dump 1/3...
[19:34:07]   Pre-dump 2/3...
[19:34:08]   Pre-dump 3/3...
[19:34:09]   Total pre-dump time: 3974 ms
[19:34:09] Step 4: Final dump (freezing service)...
[19:34:10]   Frozen last counter value: 11
[19:34:10]   Expected after restore: 12
[19:34:10]   Final dump time (freeze duration): 606 ms
[19:34:10] Step 5: Creating archive...
[19:34:10]   Archive size: 31599 bytes
[19:34:10] Step 6: Transferring archive...
  Transferring /tmp/CRIU-counter.tar.gz via host...
[19:34:11]   Transfer time: 869 ms
[19:34:11] Step 7: Unpacking on destination...
[19:34:12] Step 7.5: Ensuring counter output file exists on destination...
[19:34:12] Step 7.8: Ensuring /tmp/counter binary is present on destination...
[19:34:12] Step 8: Restoring process...
[19:34:12]   Restore time: 315 ms
[19:34:12] Step 9: Verifying migration...
[19:34:16]   Expected min: 12 (after ~3.0s → ~15), Observed: 15
[19:34:16] ✓ SUCCESS: Counter continued correctly!
[19:34:16] Total downtime: 1790 ms (final_dump: 606 + transfer: 869 + restore: 315)
[19:34:16] Pre-dump time (not counted as downtime): 3974 ms
[19:34:16] Effective bandwidth: 0.29 Mbps
[19:34:16] Metrics saved to /home/ivo/Documents/University/4to/Thesis-AAAAAAAa/Container-vs-Wasm-Service-Migration/Container/metrics/migration_metrics.csv
[exit=0]

$ python3 /home/ivo/Documents/University/4to/Thesis-AAAAAAAa/Container-vs-Wasm-Service-Migration/Container/scripts/setup/reset_nodes.py edge-node-1 edge-node-2
[19:34:17] Resetting nodes: edge-node-1 -> edge-node-2
[19:34:17] Step 1: Killing any existing processes on source...
[19:34:17]   Killing PID 213077 (from /home/ubuntu/app.pid)
[19:34:18]   Killing PID 213077 (from /home/ubuntu/counter.pid)
[19:34:18]   Killing any remaining background processes...
[19:34:19] Step 2: Cleaning source node...
[19:34:20] Step 3: Cleaning destination node...
[19:34:21]   Killing all remaining counter processes on destination...
[19:34:24] ✓ Reset complete, nodes are clean
[19:34:24]   Next: Start your application
[exit=0]

$ bash /home/ivo/Documents/University/4to/Thesis-AAAAAAAa/Container-vs-Wasm-Service-Migration/Container/scripts/workloads/start_counter_c.sh edge-node-1
[19:34:24] Transferring counter.c to edge-node-1...
[19:34:24] Compiling counter.c on edge-node-1...
[19:34:24] Starting counter on edge-node-1...
✓ C counter running (PID: 214538)
[19:34:26] ✓ Counter started
[exit=0]
[repeat] warmup 2s

$ python3 /home/ivo/Documents/University/4to/Thesis-AAAAAAAa/Container-vs-Wasm-Service-Migration/Container/scripts/orchestrators/criu_benchmark.py precopy --source edge-node-1 --dest edge-node-2 --transfer-mode host --run-id repeat-suite-20260330-185020-precopy-host-011 --iterations 3
[19:34:28] Starting precopy migration...
[19:34:28] Source: edge-node-1, Dest: edge-node-2
[19:34:28] Transfer mode: host

[19:34:28] === PRE-COPY LIVE MIGRATION ===
[19:34:28] Step 1: Checking source process...
[19:34:29]   Using PID from /home/ubuntu/counter.pid: 214538
[19:34:29]   Last counter value (pre-dumps start): 4
[19:34:30]   Architecture: x86_64 (compatible)
[19:34:30] Step 2: Preparing dump directory...
[19:34:30] Step 3: Running 3 pre-dumps...
[19:34:30]   Pre-dump 1/3...
[19:34:31]   Pre-dump 2/3...
[19:34:33]   Pre-dump 3/3...
[19:34:34]   Total pre-dump time: 3959 ms
[19:34:34] Step 4: Final dump (freezing service)...
[19:34:35]   Frozen last counter value: 11
[19:34:35]   Expected after restore: 12
[19:34:35]   Final dump time (freeze duration): 621 ms
[19:34:35] Step 5: Creating archive...
[19:34:35]   Archive size: 31458 bytes
[19:34:35] Step 6: Transferring archive...
  Transferring /tmp/CRIU-counter.tar.gz via host...
[19:34:36]   Transfer time: 1158 ms
[19:34:36] Step 7: Unpacking on destination...
[19:34:37] Step 7.5: Ensuring counter output file exists on destination...
[19:34:37] Step 7.8: Ensuring /tmp/counter binary is present on destination...
[19:34:37] Step 8: Restoring process...
[19:34:38]   Restore time: 305 ms
[19:34:38] Step 9: Verifying migration...
[19:34:41]   Expected min: 12 (after ~3.0s → ~15), Observed: 15
[19:34:41] ✓ SUCCESS: Counter continued correctly!
[19:34:41] Total downtime: 2084 ms (final_dump: 621 + transfer: 1158 + restore: 305)
[19:34:41] Pre-dump time (not counted as downtime): 3959 ms
[19:34:41] Effective bandwidth: 0.22 Mbps
[19:34:41] Metrics saved to /home/ivo/Documents/University/4to/Thesis-AAAAAAAa/Container-vs-Wasm-Service-Migration/Container/metrics/migration_metrics.csv
[exit=0]

$ python3 /home/ivo/Documents/University/4to/Thesis-AAAAAAAa/Container-vs-Wasm-Service-Migration/Container/scripts/setup/reset_nodes.py edge-node-1 edge-node-2
[19:34:42] Resetting nodes: edge-node-1 -> edge-node-2
[19:34:42] Step 1: Killing any existing processes on source...
[19:34:42]   Killing PID 214538 (from /home/ubuntu/app.pid)
[19:34:43]   Killing PID 214538 (from /home/ubuntu/counter.pid)
[19:34:43]   Killing any remaining background processes...
[19:34:44] Step 2: Cleaning source node...
[19:34:45] Step 3: Cleaning destination node...
[19:34:46]   Killing all remaining counter processes on destination...
[19:34:49] ✓ Reset complete, nodes are clean
[19:34:49]   Next: Start your application
[exit=0]

$ bash /home/ivo/Documents/University/4to/Thesis-AAAAAAAa/Container-vs-Wasm-Service-Migration/Container/scripts/workloads/start_counter_c.sh edge-node-1
[19:34:49] Transferring counter.c to edge-node-1...
[19:34:49] Compiling counter.c on edge-node-1...
[19:34:49] Starting counter on edge-node-1...
✓ C counter running (PID: 215996)
[19:34:51] ✓ Counter started
[exit=0]
[repeat] warmup 2s

$ python3 /home/ivo/Documents/University/4to/Thesis-AAAAAAAa/Container-vs-Wasm-Service-Migration/Container/scripts/orchestrators/criu_benchmark.py precopy --source edge-node-1 --dest edge-node-2 --transfer-mode host --run-id repeat-suite-20260330-185020-precopy-host-012 --iterations 3
[19:34:53] Starting precopy migration...
[19:34:53] Source: edge-node-1, Dest: edge-node-2
[19:34:53] Transfer mode: host

[19:34:53] === PRE-COPY LIVE MIGRATION ===
[19:34:53] Step 1: Checking source process...
[19:34:54]   Using PID from /home/ubuntu/counter.pid: 215996
[19:34:54]   Last counter value (pre-dumps start): 4
[19:34:55]   Architecture: x86_64 (compatible)
[19:34:55] Step 2: Preparing dump directory...
[19:34:55] Step 3: Running 3 pre-dumps...
[19:34:55]   Pre-dump 1/3...
[19:34:56]   Pre-dump 2/3...
[19:34:58]   Pre-dump 3/3...
[19:34:59]   Total pre-dump time: 3959 ms
[19:34:59] Step 4: Final dump (freezing service)...
[19:35:00]   Frozen last counter value: 11
[19:35:00]   Expected after restore: 12
[19:35:00]   Final dump time (freeze duration): 597 ms
[19:35:00] Step 5: Creating archive...
[19:35:00]   Archive size: 31834 bytes
[19:35:00] Step 6: Transferring archive...
  Transferring /tmp/CRIU-counter.tar.gz via host...
[19:35:01]   Transfer time: 867 ms
[19:35:01] Step 7: Unpacking on destination...
[19:35:01] Step 7.5: Ensuring counter output file exists on destination...
[19:35:02] Step 7.8: Ensuring /tmp/counter binary is present on destination...
[19:35:02] Step 8: Restoring process...
[19:35:02]   Restore time: 319 ms
[19:35:02] Step 9: Verifying migration...
[19:35:06]   Expected min: 12 (after ~3.0s → ~15), Observed: 15
[19:35:06] ✓ SUCCESS: Counter continued correctly!
[19:35:06] Total downtime: 1783 ms (final_dump: 597 + transfer: 867 + restore: 319)
[19:35:06] Pre-dump time (not counted as downtime): 3959 ms
[19:35:06] Effective bandwidth: 0.29 Mbps
[19:35:06] Metrics saved to /home/ivo/Documents/University/4to/Thesis-AAAAAAAa/Container-vs-Wasm-Service-Migration/Container/metrics/migration_metrics.csv
[exit=0]

$ python3 /home/ivo/Documents/University/4to/Thesis-AAAAAAAa/Container-vs-Wasm-Service-Migration/Container/scripts/setup/reset_nodes.py edge-node-1 edge-node-2
[19:35:06] Resetting nodes: edge-node-1 -> edge-node-2
[19:35:06] Step 1: Killing any existing processes on source...
[19:35:07]   Killing PID 215996 (from /home/ubuntu/app.pid)
[19:35:07]   Killing PID 215996 (from /home/ubuntu/counter.pid)
[19:35:08]   Killing any remaining background processes...
[19:35:09] Step 2: Cleaning source node...
[19:35:10] Step 3: Cleaning destination node...
[19:35:10]   Killing all remaining counter processes on destination...
[19:35:13] ✓ Reset complete, nodes are clean
[19:35:13]   Next: Start your application
[exit=0]

$ bash /home/ivo/Documents/University/4to/Thesis-AAAAAAAa/Container-vs-Wasm-Service-Migration/Container/scripts/workloads/start_counter_c.sh edge-node-1
[19:35:13] Transferring counter.c to edge-node-1...
[19:35:14] Compiling counter.c on edge-node-1...
[19:35:14] Starting counter on edge-node-1...
✓ C counter running (PID: 217449)
[19:35:15] ✓ Counter started
[exit=0]
[repeat] warmup 2s

$ python3 /home/ivo/Documents/University/4to/Thesis-AAAAAAAa/Container-vs-Wasm-Service-Migration/Container/scripts/orchestrators/criu_benchmark.py precopy --source edge-node-1 --dest edge-node-2 --transfer-mode host --run-id repeat-suite-20260330-185020-precopy-host-013 --iterations 3
[19:35:18] Starting precopy migration...
[19:35:18] Source: edge-node-1, Dest: edge-node-2
[19:35:18] Transfer mode: host

[19:35:18] === PRE-COPY LIVE MIGRATION ===
[19:35:18] Step 1: Checking source process...
[19:35:19]   Using PID from /home/ubuntu/counter.pid: 217449
[19:35:19]   Last counter value (pre-dumps start): 4
[19:35:20]   Architecture: x86_64 (compatible)
[19:35:20] Step 2: Preparing dump directory...
[19:35:20] Step 3: Running 3 pre-dumps...
[19:35:20]   Pre-dump 1/3...
[19:35:21]   Pre-dump 2/3...
[19:35:23]   Pre-dump 3/3...
[19:35:24]   Total pre-dump time: 3962 ms
[19:35:24] Step 4: Final dump (freezing service)...
[19:35:24]   Frozen last counter value: 12
[19:35:24]   Expected after restore: 13
[19:35:24]   Final dump time (freeze duration): 591 ms
[19:35:24] Step 5: Creating archive...
[19:35:25]   Archive size: 32544 bytes
[19:35:25] Step 6: Transferring archive...
  Transferring /tmp/CRIU-counter.tar.gz via host...
[19:35:26]   Transfer time: 853 ms
[19:35:26] Step 7: Unpacking on destination...
[19:35:26] Step 7.5: Ensuring counter output file exists on destination...
[19:35:27] Step 7.8: Ensuring /tmp/counter binary is present on destination...
[19:35:27] Step 8: Restoring process...
[19:35:27]   Restore time: 324 ms
[19:35:27] Step 9: Verifying migration...
[19:35:30]   Expected min: 13 (after ~3.0s → ~16), Observed: 16
[19:35:30] ✓ SUCCESS: Counter continued correctly!
[19:35:30] Total downtime: 1768 ms (final_dump: 591 + transfer: 853 + restore: 324)
[19:35:30] Pre-dump time (not counted as downtime): 3962 ms
[19:35:30] Effective bandwidth: 0.31 Mbps
[19:35:30] Metrics saved to /home/ivo/Documents/University/4to/Thesis-AAAAAAAa/Container-vs-Wasm-Service-Migration/Container/metrics/migration_metrics.csv
[exit=0]

$ python3 /home/ivo/Documents/University/4to/Thesis-AAAAAAAa/Container-vs-Wasm-Service-Migration/Container/scripts/setup/reset_nodes.py edge-node-1 edge-node-2
[19:35:31] Resetting nodes: edge-node-1 -> edge-node-2
[19:35:31] Step 1: Killing any existing processes on source...
[19:35:31]   Killing PID 217449 (from /home/ubuntu/app.pid)
[19:35:32]   Killing PID 217449 (from /home/ubuntu/counter.pid)
[19:35:33]   Killing any remaining background processes...
[19:35:33] Step 2: Cleaning source node...
[19:35:35] Step 3: Cleaning destination node...
[19:35:35]   Killing all remaining counter processes on destination...
[19:35:38] ✓ Reset complete, nodes are clean
[19:35:38]   Next: Start your application
[exit=0]

$ bash /home/ivo/Documents/University/4to/Thesis-AAAAAAAa/Container-vs-Wasm-Service-Migration/Container/scripts/workloads/start_counter_c.sh edge-node-1
[19:35:38] Transferring counter.c to edge-node-1...
[19:35:39] Compiling counter.c on edge-node-1...
[19:35:39] Starting counter on edge-node-1...
✓ C counter running (PID: 218916)
[19:35:40] ✓ Counter started
[exit=0]
[repeat] warmup 2s

$ python3 /home/ivo/Documents/University/4to/Thesis-AAAAAAAa/Container-vs-Wasm-Service-Migration/Container/scripts/orchestrators/criu_benchmark.py precopy --source edge-node-1 --dest edge-node-2 --transfer-mode host --run-id repeat-suite-20260330-185020-precopy-host-014 --iterations 3
[19:35:43] Starting precopy migration...
[19:35:43] Source: edge-node-1, Dest: edge-node-2
[19:35:43] Transfer mode: host

[19:35:43] === PRE-COPY LIVE MIGRATION ===
[19:35:43] Step 1: Checking source process...
[19:35:44]   Using PID from /home/ubuntu/counter.pid: 218916
[19:35:44]   Last counter value (pre-dumps start): 4
[19:35:44]   Architecture: x86_64 (compatible)
[19:35:44] Step 2: Preparing dump directory...
[19:35:45] Step 3: Running 3 pre-dumps...
[19:35:45]   Pre-dump 1/3...
[19:35:46]   Pre-dump 2/3...
[19:35:47]   Pre-dump 3/3...
[19:35:49]   Total pre-dump time: 3966 ms
[19:35:49] Step 4: Final dump (freezing service)...
[19:35:49]   Frozen last counter value: 11
[19:35:49]   Expected after restore: 12
[19:35:49]   Final dump time (freeze duration): 613 ms
[19:35:49] Step 5: Creating archive...
[19:35:50]   Archive size: 32294 bytes
[19:35:50] Step 6: Transferring archive...
  Transferring /tmp/CRIU-counter.tar.gz via host...
[19:35:51]   Transfer time: 868 ms
[19:35:51] Step 7: Unpacking on destination...
[19:35:51] Step 7.5: Ensuring counter output file exists on destination...
[19:35:51] Step 7.8: Ensuring /tmp/counter binary is present on destination...
[19:35:52] Step 8: Restoring process...
[19:35:52]   Restore time: 308 ms
[19:35:52] Step 9: Verifying migration...
[19:35:55]   Expected min: 12 (after ~3.0s → ~15), Observed: 15
[19:35:55] ✓ SUCCESS: Counter continued correctly!
[19:35:55] Total downtime: 1789 ms (final_dump: 613 + transfer: 868 + restore: 308)
[19:35:55] Pre-dump time (not counted as downtime): 3966 ms
[19:35:55] Effective bandwidth: 0.30 Mbps
[19:35:55] Metrics saved to /home/ivo/Documents/University/4to/Thesis-AAAAAAAa/Container-vs-Wasm-Service-Migration/Container/metrics/migration_metrics.csv
[exit=0]

$ python3 /home/ivo/Documents/University/4to/Thesis-AAAAAAAa/Container-vs-Wasm-Service-Migration/Container/scripts/setup/reset_nodes.py edge-node-1 edge-node-2
[19:35:56] Resetting nodes: edge-node-1 -> edge-node-2
[19:35:56] Step 1: Killing any existing processes on source...
[19:35:56]   Killing PID 218916 (from /home/ubuntu/app.pid)
[19:35:57]   Killing PID 218916 (from /home/ubuntu/counter.pid)
[19:35:57]   Killing any remaining background processes...
[19:35:58] Step 2: Cleaning source node...
[19:35:59] Step 3: Cleaning destination node...
[19:36:00]   Killing all remaining counter processes on destination...
[19:36:03] ✓ Reset complete, nodes are clean
[19:36:03]   Next: Start your application
[exit=0]

$ bash /home/ivo/Documents/University/4to/Thesis-AAAAAAAa/Container-vs-Wasm-Service-Migration/Container/scripts/workloads/start_counter_c.sh edge-node-1
[19:36:03] Transferring counter.c to edge-node-1...
[19:36:03] Compiling counter.c on edge-node-1...
[19:36:04] Starting counter on edge-node-1...
✓ C counter running (PID: 220366)
[19:36:05] ✓ Counter started
[exit=0]
[repeat] warmup 2s

$ python3 /home/ivo/Documents/University/4to/Thesis-AAAAAAAa/Container-vs-Wasm-Service-Migration/Container/scripts/orchestrators/criu_benchmark.py precopy --source edge-node-1 --dest edge-node-2 --transfer-mode host --run-id repeat-suite-20260330-185020-precopy-host-015 --iterations 3
[19:36:07] Starting precopy migration...
[19:36:07] Source: edge-node-1, Dest: edge-node-2
[19:36:07] Transfer mode: host

[19:36:07] === PRE-COPY LIVE MIGRATION ===
[19:36:07] Step 1: Checking source process...
[19:36:08]   Using PID from /home/ubuntu/counter.pid: 220366
[19:36:08]   Last counter value (pre-dumps start): 4
[19:36:09]   Architecture: x86_64 (compatible)
[19:36:09] Step 2: Preparing dump directory...
[19:36:09] Step 3: Running 3 pre-dumps...
[19:36:09]   Pre-dump 1/3...
[19:36:11]   Pre-dump 2/3...
[19:36:12]   Pre-dump 3/3...
[19:36:13]   Total pre-dump time: 3988 ms
[19:36:13] Step 4: Final dump (freezing service)...
[19:36:14]   Frozen last counter value: 11
[19:36:14]   Expected after restore: 12
[19:36:14]   Final dump time (freeze duration): 595 ms
[19:36:14] Step 5: Creating archive...
[19:36:14]   Archive size: 31871 bytes
[19:36:14] Step 6: Transferring archive...
  Transferring /tmp/CRIU-counter.tar.gz via host...
[19:36:15]   Transfer time: 861 ms
[19:36:15] Step 7: Unpacking on destination...
[19:36:16] Step 7.5: Ensuring counter output file exists on destination...
[19:36:16] Step 7.8: Ensuring /tmp/counter binary is present on destination...
[19:36:16] Step 8: Restoring process...
[19:36:17]   Restore time: 298 ms
[19:36:17] Step 9: Verifying migration...
[19:36:20]   Expected min: 12 (after ~3.0s → ~15), Observed: 15
[19:36:20] ✓ SUCCESS: Counter continued correctly!
[19:36:20] Total downtime: 1754 ms (final_dump: 595 + transfer: 861 + restore: 298)
[19:36:20] Pre-dump time (not counted as downtime): 3988 ms
[19:36:20] Effective bandwidth: 0.30 Mbps
[19:36:20] Metrics saved to /home/ivo/Documents/University/4to/Thesis-AAAAAAAa/Container-vs-Wasm-Service-Migration/Container/metrics/migration_metrics.csv
[exit=0]

$ python3 /home/ivo/Documents/University/4to/Thesis-AAAAAAAa/Container-vs-Wasm-Service-Migration/Container/scripts/setup/reset_nodes.py edge-node-1 edge-node-2
[19:36:21] Resetting nodes: edge-node-1 -> edge-node-2
[19:36:21] Step 1: Killing any existing processes on source...
[19:36:21]   Killing PID 220366 (from /home/ubuntu/app.pid)
[19:36:22]   Killing PID 220366 (from /home/ubuntu/counter.pid)
[19:36:22]   Killing any remaining background processes...
[19:36:23] Step 2: Cleaning source node...
[19:36:24] Step 3: Cleaning destination node...
[19:36:25]   Killing all remaining counter processes on destination...
[19:36:28] ✓ Reset complete, nodes are clean
[19:36:28]   Next: Start your application
[exit=0]

$ bash /home/ivo/Documents/University/4to/Thesis-AAAAAAAa/Container-vs-Wasm-Service-Migration/Container/scripts/workloads/start_counter_c.sh edge-node-1
[19:36:28] Transferring counter.c to edge-node-1...
[19:36:28] Compiling counter.c on edge-node-1...
[19:36:29] Starting counter on edge-node-1...
✓ C counter running (PID: 221825)
[19:36:30] ✓ Counter started
[exit=0]
[repeat] warmup 2s

$ python3 /home/ivo/Documents/University/4to/Thesis-AAAAAAAa/Container-vs-Wasm-Service-Migration/Container/scripts/orchestrators/criu_benchmark.py precopy --source edge-node-1 --dest edge-node-2 --transfer-mode host --run-id repeat-suite-20260330-185020-precopy-host-016 --iterations 3
[19:36:32] Starting precopy migration...
[19:36:32] Source: edge-node-1, Dest: edge-node-2
[19:36:32] Transfer mode: host

[19:36:32] === PRE-COPY LIVE MIGRATION ===
[19:36:32] Step 1: Checking source process...
[19:36:33]   Using PID from /home/ubuntu/counter.pid: 221825
[19:36:33]   Last counter value (pre-dumps start): 4
[19:36:34]   Architecture: x86_64 (compatible)
[19:36:34] Step 2: Preparing dump directory...
[19:36:34] Step 3: Running 3 pre-dumps...
[19:36:34]   Pre-dump 1/3...
[19:36:36]   Pre-dump 2/3...
[19:36:37]   Pre-dump 3/3...
[19:36:38]   Total pre-dump time: 3957 ms
[19:36:38] Step 4: Final dump (freezing service)...
[19:36:39]   Frozen last counter value: 11
[19:36:39]   Expected after restore: 12
[19:36:39]   Final dump time (freeze duration): 609 ms
[19:36:39] Step 5: Creating archive...
[19:36:39]   Archive size: 33109 bytes
[19:36:39] Step 6: Transferring archive...
  Transferring /tmp/CRIU-counter.tar.gz via host...
[19:36:41]   Transfer time: 1171 ms
[19:36:41] Step 7: Unpacking on destination...
[19:36:41] Step 7.5: Ensuring counter output file exists on destination...
[19:36:41] Step 7.8: Ensuring /tmp/counter binary is present on destination...
[19:36:42] Step 8: Restoring process...
[19:36:42]   Restore time: 313 ms
[19:36:42] Step 9: Verifying migration...
[19:36:45]   Expected min: 12 (after ~3.0s → ~15), Observed: 15
[19:36:45] ✓ SUCCESS: Counter continued correctly!
[19:36:45] Total downtime: 2093 ms (final_dump: 609 + transfer: 1171 + restore: 313)
[19:36:45] Pre-dump time (not counted as downtime): 3957 ms
[19:36:45] Effective bandwidth: 0.23 Mbps
[19:36:45] Metrics saved to /home/ivo/Documents/University/4to/Thesis-AAAAAAAa/Container-vs-Wasm-Service-Migration/Container/metrics/migration_metrics.csv
[exit=0]

$ python3 /home/ivo/Documents/University/4to/Thesis-AAAAAAAa/Container-vs-Wasm-Service-Migration/Container/scripts/setup/reset_nodes.py edge-node-1 edge-node-2
[19:36:46] Resetting nodes: edge-node-1 -> edge-node-2
[19:36:46] Step 1: Killing any existing processes on source...
[19:36:46]   Killing PID 221825 (from /home/ubuntu/app.pid)
[19:36:47]   Killing PID 221825 (from /home/ubuntu/counter.pid)
[19:36:47]   Killing any remaining background processes...
[19:36:48] Step 2: Cleaning source node...
[19:36:49] Step 3: Cleaning destination node...
[19:36:50]   Killing all remaining counter processes on destination...
[19:36:53] ✓ Reset complete, nodes are clean
[19:36:53]   Next: Start your application
[exit=0]

$ bash /home/ivo/Documents/University/4to/Thesis-AAAAAAAa/Container-vs-Wasm-Service-Migration/Container/scripts/workloads/start_counter_c.sh edge-node-1
[19:36:53] Transferring counter.c to edge-node-1...
[19:36:53] Compiling counter.c on edge-node-1...
[19:36:53] Starting counter on edge-node-1...
✓ C counter running (PID: 223283)
[19:36:55] ✓ Counter started
[exit=0]
[repeat] warmup 2s

$ python3 /home/ivo/Documents/University/4to/Thesis-AAAAAAAa/Container-vs-Wasm-Service-Migration/Container/scripts/orchestrators/criu_benchmark.py precopy --source edge-node-1 --dest edge-node-2 --transfer-mode host --run-id repeat-suite-20260330-185020-precopy-host-017 --iterations 3
[19:36:57] Starting precopy migration...
[19:36:57] Source: edge-node-1, Dest: edge-node-2
[19:36:57] Transfer mode: host

[19:36:57] === PRE-COPY LIVE MIGRATION ===
[19:36:57] Step 1: Checking source process...
[19:36:58]   Using PID from /home/ubuntu/counter.pid: 223283
[19:36:58]   Last counter value (pre-dumps start): 4
[19:36:59]   Architecture: x86_64 (compatible)
[19:36:59] Step 2: Preparing dump directory...
[19:36:59] Step 3: Running 3 pre-dumps...
[19:36:59]   Pre-dump 1/3...
[19:37:01]   Pre-dump 2/3...
[19:37:02]   Pre-dump 3/3...
[19:37:03]   Total pre-dump time: 3973 ms
[19:37:03] Step 4: Final dump (freezing service)...
[19:37:04]   Frozen last counter value: 11
[19:37:04]   Expected after restore: 12
[19:37:04]   Final dump time (freeze duration): 602 ms
[19:37:04] Step 5: Creating archive...
[19:37:04]   Archive size: 31972 bytes
[19:37:04] Step 6: Transferring archive...
  Transferring /tmp/CRIU-counter.tar.gz via host...
[19:37:06]   Transfer time: 1136 ms
[19:37:06] Step 7: Unpacking on destination...
[19:37:06] Step 7.5: Ensuring counter output file exists on destination...
[19:37:06] Step 7.8: Ensuring /tmp/counter binary is present on destination...
[19:37:06] Step 8: Restoring process...
[19:37:07]   Restore time: 317 ms
[19:37:07] Step 9: Verifying migration...
[19:37:10]   Expected min: 12 (after ~3.0s → ~15), Observed: 15
[19:37:10] ✓ SUCCESS: Counter continued correctly!
[19:37:10] Total downtime: 2055 ms (final_dump: 602 + transfer: 1136 + restore: 317)
[19:37:10] Pre-dump time (not counted as downtime): 3973 ms
[19:37:10] Effective bandwidth: 0.23 Mbps
[19:37:10] Metrics saved to /home/ivo/Documents/University/4to/Thesis-AAAAAAAa/Container-vs-Wasm-Service-Migration/Container/metrics/migration_metrics.csv
[exit=0]

$ python3 /home/ivo/Documents/University/4to/Thesis-AAAAAAAa/Container-vs-Wasm-Service-Migration/Container/scripts/setup/reset_nodes.py edge-node-1 edge-node-2
[19:37:11] Resetting nodes: edge-node-1 -> edge-node-2
[19:37:11] Step 1: Killing any existing processes on source...
[19:37:11]   Killing PID 223283 (from /home/ubuntu/app.pid)
[19:37:12]   Killing PID 223283 (from /home/ubuntu/counter.pid)
[19:37:12]   Killing any remaining background processes...
[19:37:13] Step 2: Cleaning source node...
[19:37:14] Step 3: Cleaning destination node...
[19:37:15]   Killing all remaining counter processes on destination...
[19:37:18] ✓ Reset complete, nodes are clean
[19:37:18]   Next: Start your application
[exit=0]

$ bash /home/ivo/Documents/University/4to/Thesis-AAAAAAAa/Container-vs-Wasm-Service-Migration/Container/scripts/workloads/start_counter_c.sh edge-node-1
[19:37:18] Transferring counter.c to edge-node-1...
[19:37:18] Compiling counter.c on edge-node-1...
[19:37:18] Starting counter on edge-node-1...
✓ C counter running (PID: 224733)
[19:37:20] ✓ Counter started
[exit=0]
[repeat] warmup 2s

$ python3 /home/ivo/Documents/University/4to/Thesis-AAAAAAAa/Container-vs-Wasm-Service-Migration/Container/scripts/orchestrators/criu_benchmark.py precopy --source edge-node-1 --dest edge-node-2 --transfer-mode host --run-id repeat-suite-20260330-185020-precopy-host-018 --iterations 3
[19:37:23] Starting precopy migration...
[19:37:23] Source: edge-node-1, Dest: edge-node-2
[19:37:23] Transfer mode: host

[19:37:23] === PRE-COPY LIVE MIGRATION ===
[19:37:23] Step 1: Checking source process...
[19:37:23]   Using PID from /home/ubuntu/counter.pid: 224733
[19:37:23]   Last counter value (pre-dumps start): 4
[19:37:24]   Architecture: x86_64 (compatible)
[19:37:24] Step 2: Preparing dump directory...
[19:37:24] Step 3: Running 3 pre-dumps...
[19:37:24]   Pre-dump 1/3...
[19:37:26]   Pre-dump 2/3...
[19:37:27]   Pre-dump 3/3...
[19:37:28]   Total pre-dump time: 3968 ms
[19:37:28] Step 4: Final dump (freezing service)...
[19:37:29]   Frozen last counter value: 12
[19:37:29]   Expected after restore: 13
[19:37:29]   Final dump time (freeze duration): 637 ms
[19:37:29] Step 5: Creating archive...
[19:37:30]   Archive size: 31828 bytes
[19:37:30] Step 6: Transferring archive...
  Transferring /tmp/CRIU-counter.tar.gz via host...
[19:37:30]   Transfer time: 838 ms
[19:37:30] Step 7: Unpacking on destination...
[19:37:31] Step 7.5: Ensuring counter output file exists on destination...
[19:37:31] Step 7.8: Ensuring /tmp/counter binary is present on destination...
[19:37:31] Step 8: Restoring process...
[19:37:32]   Restore time: 307 ms
[19:37:32] Step 9: Verifying migration...
[19:37:35]   Expected min: 13 (after ~3.0s → ~16), Observed: 16
[19:37:35] ✓ SUCCESS: Counter continued correctly!
[19:37:35] Total downtime: 1782 ms (final_dump: 637 + transfer: 838 + restore: 307)
[19:37:35] Pre-dump time (not counted as downtime): 3968 ms
[19:37:35] Effective bandwidth: 0.30 Mbps
[19:37:35] Metrics saved to /home/ivo/Documents/University/4to/Thesis-AAAAAAAa/Container-vs-Wasm-Service-Migration/Container/metrics/migration_metrics.csv
[exit=0]

$ python3 /home/ivo/Documents/University/4to/Thesis-AAAAAAAa/Container-vs-Wasm-Service-Migration/Container/scripts/setup/reset_nodes.py edge-node-1 edge-node-2
[19:37:36] Resetting nodes: edge-node-1 -> edge-node-2
[19:37:36] Step 1: Killing any existing processes on source...
[19:37:36]   Killing PID 224733 (from /home/ubuntu/app.pid)
[19:37:37]   Killing PID 224733 (from /home/ubuntu/counter.pid)
[19:37:37]   Killing any remaining background processes...
[19:37:38] Step 2: Cleaning source node...
[19:37:39] Step 3: Cleaning destination node...
[19:37:40]   Killing all remaining counter processes on destination...
[19:37:43] ✓ Reset complete, nodes are clean
[19:37:43]   Next: Start your application
[exit=0]

$ bash /home/ivo/Documents/University/4to/Thesis-AAAAAAAa/Container-vs-Wasm-Service-Migration/Container/scripts/workloads/start_counter_c.sh edge-node-1
[19:37:43] Transferring counter.c to edge-node-1...
[19:37:43] Compiling counter.c on edge-node-1...
[19:37:43] Starting counter on edge-node-1...
✓ C counter running (PID: 226201)
[19:37:45] ✓ Counter started
[exit=0]
[repeat] warmup 2s

$ python3 /home/ivo/Documents/University/4to/Thesis-AAAAAAAa/Container-vs-Wasm-Service-Migration/Container/scripts/orchestrators/criu_benchmark.py precopy --source edge-node-1 --dest edge-node-2 --transfer-mode host --run-id repeat-suite-20260330-185020-precopy-host-019 --iterations 3
[19:37:47] Starting precopy migration...
[19:37:47] Source: edge-node-1, Dest: edge-node-2
[19:37:47] Transfer mode: host

[19:37:47] === PRE-COPY LIVE MIGRATION ===
[19:37:47] Step 1: Checking source process...
[19:37:48]   Using PID from /home/ubuntu/counter.pid: 226201
[19:37:48]   Last counter value (pre-dumps start): 4
[19:37:49]   Architecture: x86_64 (compatible)
[19:37:49] Step 2: Preparing dump directory...
[19:37:49] Step 3: Running 3 pre-dumps...
[19:37:49]   Pre-dump 1/3...
[19:37:50]   Pre-dump 2/3...
[19:37:52]   Pre-dump 3/3...
[19:37:53]   Total pre-dump time: 3937 ms
[19:37:53] Step 4: Final dump (freezing service)...
[19:37:54]   Frozen last counter value: 11
[19:37:54]   Expected after restore: 12
[19:37:54]   Final dump time (freeze duration): 629 ms
[19:37:54] Step 5: Creating archive...
[19:37:54]   Archive size: 32978 bytes
[19:37:54] Step 6: Transferring archive...
  Transferring /tmp/CRIU-counter.tar.gz via host...
[19:37:55]   Transfer time: 848 ms
[19:37:55] Step 7: Unpacking on destination...
[19:37:55] Step 7.5: Ensuring counter output file exists on destination...
[19:37:56] Step 7.8: Ensuring /tmp/counter binary is present on destination...
[19:37:56] Step 8: Restoring process...
[19:37:56]   Restore time: 335 ms
[19:37:56] Step 9: Verifying migration...
[19:38:00]   Expected min: 12 (after ~3.0s → ~15), Observed: 15
[19:38:00] ✓ SUCCESS: Counter continued correctly!
[19:38:00] Total downtime: 1812 ms (final_dump: 629 + transfer: 848 + restore: 335)
[19:38:00] Pre-dump time (not counted as downtime): 3937 ms
[19:38:00] Effective bandwidth: 0.31 Mbps
[19:38:00] Metrics saved to /home/ivo/Documents/University/4to/Thesis-AAAAAAAa/Container-vs-Wasm-Service-Migration/Container/metrics/migration_metrics.csv
[exit=0]

$ python3 /home/ivo/Documents/University/4to/Thesis-AAAAAAAa/Container-vs-Wasm-Service-Migration/Container/scripts/setup/reset_nodes.py edge-node-1 edge-node-2
[19:38:00] Resetting nodes: edge-node-1 -> edge-node-2
[19:38:00] Step 1: Killing any existing processes on source...
[19:38:01]   Killing PID 226201 (from /home/ubuntu/app.pid)
[19:38:02]   Killing PID 226201 (from /home/ubuntu/counter.pid)
[19:38:02]   Killing any remaining background processes...
[19:38:03] Step 2: Cleaning source node...
[19:38:04] Step 3: Cleaning destination node...
[19:38:05]   Killing all remaining counter processes on destination...
[19:38:07] ✓ Reset complete, nodes are clean
[19:38:07]   Next: Start your application
[exit=0]

$ bash /home/ivo/Documents/University/4to/Thesis-AAAAAAAa/Container-vs-Wasm-Service-Migration/Container/scripts/workloads/start_counter_c.sh edge-node-1
[19:38:07] Transferring counter.c to edge-node-1...
[19:38:08] Compiling counter.c on edge-node-1...
[19:38:08] Starting counter on edge-node-1...
✓ C counter running (PID: 227653)
[19:38:09] ✓ Counter started
[exit=0]
[repeat] warmup 2s

$ python3 /home/ivo/Documents/University/4to/Thesis-AAAAAAAa/Container-vs-Wasm-Service-Migration/Container/scripts/orchestrators/criu_benchmark.py precopy --source edge-node-1 --dest edge-node-2 --transfer-mode host --run-id repeat-suite-20260330-185020-precopy-host-020 --iterations 3
[19:38:12] Starting precopy migration...
[19:38:12] Source: edge-node-1, Dest: edge-node-2
[19:38:12] Transfer mode: host

[19:38:12] === PRE-COPY LIVE MIGRATION ===
[19:38:12] Step 1: Checking source process...
[19:38:13]   Using PID from /home/ubuntu/counter.pid: 227653
[19:38:13]   Last counter value (pre-dumps start): 4
[19:38:14]   Architecture: x86_64 (compatible)
[19:38:14] Step 2: Preparing dump directory...
[19:38:14] Step 3: Running 3 pre-dumps...
[19:38:14]   Pre-dump 1/3...
[19:38:15]   Pre-dump 2/3...
[19:38:16]   Pre-dump 3/3...
[19:38:18]   Total pre-dump time: 3964 ms
[19:38:18] Step 4: Final dump (freezing service)...
[19:38:18]   Frozen last counter value: 11
[19:38:18]   Expected after restore: 12
[19:38:18]   Final dump time (freeze duration): 594 ms
[19:38:18] Step 5: Creating archive...
[19:38:19]   Archive size: 31756 bytes
[19:38:19] Step 6: Transferring archive...
  Transferring /tmp/CRIU-counter.tar.gz via host...
[19:38:20]   Transfer time: 878 ms
[19:38:20] Step 7: Unpacking on destination...
[19:38:20] Step 7.5: Ensuring counter output file exists on destination...
[19:38:20] Step 7.8: Ensuring /tmp/counter binary is present on destination...
[19:38:21] Step 8: Restoring process...
[19:38:21]   Restore time: 320 ms
[19:38:21] Step 9: Verifying migration...
[19:38:24]   Expected min: 12 (after ~3.0s → ~15), Observed: 15
[19:38:24] ✓ SUCCESS: Counter continued correctly!
[19:38:24] Total downtime: 1792 ms (final_dump: 594 + transfer: 878 + restore: 320)
[19:38:24] Pre-dump time (not counted as downtime): 3964 ms
[19:38:24] Effective bandwidth: 0.29 Mbps
[19:38:24] Metrics saved to /home/ivo/Documents/University/4to/Thesis-AAAAAAAa/Container-vs-Wasm-Service-Migration/Container/metrics/migration_metrics.csv
[exit=0]

$ python3 /home/ivo/Documents/University/4to/Thesis-AAAAAAAa/Container-vs-Wasm-Service-Migration/Container/scripts/setup/reset_nodes.py edge-node-1 edge-node-2
[19:38:25] Resetting nodes: edge-node-1 -> edge-node-2
[19:38:25] Step 1: Killing any existing processes on source...
[19:38:26]   Killing PID 227653 (from /home/ubuntu/app.pid)
[19:38:26]   Killing PID 227653 (from /home/ubuntu/counter.pid)
[19:38:27]   Killing any remaining background processes...
[19:38:28] Step 2: Cleaning source node...
[19:38:29] Step 3: Cleaning destination node...
[19:38:30]   Killing all remaining counter processes on destination...
[19:38:32] ✓ Reset complete, nodes are clean
[19:38:32]   Next: Start your application
[exit=0]

$ bash /home/ivo/Documents/University/4to/Thesis-AAAAAAAa/Container-vs-Wasm-Service-Migration/Container/scripts/workloads/start_counter_c.sh edge-node-1
[19:38:32] Transferring counter.c to edge-node-1...
[19:38:33] Compiling counter.c on edge-node-1...
[19:38:33] Starting counter on edge-node-1...
✓ C counter running (PID: 229120)
[19:38:34] ✓ Counter started
[exit=0]
[repeat] warmup 2s

$ python3 /home/ivo/Documents/University/4to/Thesis-AAAAAAAa/Container-vs-Wasm-Service-Migration/Container/scripts/orchestrators/criu_benchmark.py precopy --source edge-node-1 --dest edge-node-2 --transfer-mode host --run-id repeat-suite-20260330-185020-precopy-host-021 --iterations 3
[19:38:37] Starting precopy migration...
[19:38:37] Source: edge-node-1, Dest: edge-node-2
[19:38:37] Transfer mode: host

[19:38:37] === PRE-COPY LIVE MIGRATION ===
[19:38:37] Step 1: Checking source process...
[19:38:38]   Using PID from /home/ubuntu/counter.pid: 229120
[19:38:38]   Last counter value (pre-dumps start): 4
[19:38:38]   Architecture: x86_64 (compatible)
[19:38:38] Step 2: Preparing dump directory...
[19:38:39] Step 3: Running 3 pre-dumps...
[19:38:39]   Pre-dump 1/3...
[19:38:40]   Pre-dump 2/3...
[19:38:41]   Pre-dump 3/3...
[19:38:43]   Total pre-dump time: 3951 ms
[19:38:43] Step 4: Final dump (freezing service)...
[19:38:43]   Frozen last counter value: 11
[19:38:43]   Expected after restore: 12
[19:38:43]   Final dump time (freeze duration): 576 ms
[19:38:43] Step 5: Creating archive...
[19:38:44]   Archive size: 31760 bytes
[19:38:44] Step 6: Transferring archive...
  Transferring /tmp/CRIU-counter.tar.gz via host...
[19:38:45]   Transfer time: 1180 ms
[19:38:45] Step 7: Unpacking on destination...
[19:38:45] Step 7.5: Ensuring counter output file exists on destination...
[19:38:46] Step 7.8: Ensuring /tmp/counter binary is present on destination...
[19:38:46] Step 8: Restoring process...
[19:38:46]   Restore time: 310 ms
[19:38:46] Step 9: Verifying migration...
[19:38:50]   Expected min: 12 (after ~3.0s → ~15), Observed: 15
[19:38:50] ✓ SUCCESS: Counter continued correctly!
[19:38:50] Total downtime: 2066 ms (final_dump: 576 + transfer: 1180 + restore: 310)
[19:38:50] Pre-dump time (not counted as downtime): 3951 ms
[19:38:50] Effective bandwidth: 0.22 Mbps
[19:38:50] Metrics saved to /home/ivo/Documents/University/4to/Thesis-AAAAAAAa/Container-vs-Wasm-Service-Migration/Container/metrics/migration_metrics.csv
[exit=0]

$ python3 /home/ivo/Documents/University/4to/Thesis-AAAAAAAa/Container-vs-Wasm-Service-Migration/Container/scripts/setup/reset_nodes.py edge-node-1 edge-node-2
[19:38:50] Resetting nodes: edge-node-1 -> edge-node-2
[19:38:50] Step 1: Killing any existing processes on source...
[19:38:51]   Killing PID 229120 (from /home/ubuntu/app.pid)
[19:38:51]   Killing PID 229120 (from /home/ubuntu/counter.pid)
[19:38:52]   Killing any remaining background processes...
[19:38:53] Step 2: Cleaning source node...
[19:38:54] Step 3: Cleaning destination node...
[19:38:54]   Killing all remaining counter processes on destination...
[19:38:57] ✓ Reset complete, nodes are clean
[19:38:57]   Next: Start your application
[exit=0]

$ bash /home/ivo/Documents/University/4to/Thesis-AAAAAAAa/Container-vs-Wasm-Service-Migration/Container/scripts/workloads/start_counter_c.sh edge-node-1
[19:38:57] Transferring counter.c to edge-node-1...
[19:38:58] Compiling counter.c on edge-node-1...
[19:38:58] Starting counter on edge-node-1...
✓ C counter running (PID: 230573)
[19:38:59] ✓ Counter started
[exit=0]
[repeat] warmup 2s

$ python3 /home/ivo/Documents/University/4to/Thesis-AAAAAAAa/Container-vs-Wasm-Service-Migration/Container/scripts/orchestrators/criu_benchmark.py precopy --source edge-node-1 --dest edge-node-2 --transfer-mode host --run-id repeat-suite-20260330-185020-precopy-host-022 --iterations 3
[19:39:02] Starting precopy migration...
[19:39:02] Source: edge-node-1, Dest: edge-node-2
[19:39:02] Transfer mode: host

[19:39:02] === PRE-COPY LIVE MIGRATION ===
[19:39:02] Step 1: Checking source process...
[19:39:02]   Using PID from /home/ubuntu/counter.pid: 230573
[19:39:03]   Last counter value (pre-dumps start): 4
[19:39:03]   Architecture: x86_64 (compatible)
[19:39:03] Step 2: Preparing dump directory...
[19:39:04] Step 3: Running 3 pre-dumps...
[19:39:04]   Pre-dump 1/3...
[19:39:05]   Pre-dump 2/3...
[19:39:06]   Pre-dump 3/3...
[19:39:08]   Total pre-dump time: 3927 ms
[19:39:08] Step 4: Final dump (freezing service)...
[19:39:08]   Frozen last counter value: 11
[19:39:08]   Expected after restore: 12
[19:39:08]   Final dump time (freeze duration): 637 ms
[19:39:08] Step 5: Creating archive...
[19:39:09]   Archive size: 31881 bytes
[19:39:09] Step 6: Transferring archive...
  Transferring /tmp/CRIU-counter.tar.gz via host...
[19:39:10]   Transfer time: 872 ms
[19:39:10] Step 7: Unpacking on destination...
[19:39:10] Step 7.5: Ensuring counter output file exists on destination...
[19:39:10] Step 7.8: Ensuring /tmp/counter binary is present on destination...
[19:39:11] Step 8: Restoring process...
[19:39:11]   Restore time: 320 ms
[19:39:11] Step 9: Verifying migration...
[19:39:14]   Expected min: 12 (after ~3.0s → ~15), Observed: 15
[19:39:14] ✓ SUCCESS: Counter continued correctly!
[19:39:14] Total downtime: 1829 ms (final_dump: 637 + transfer: 872 + restore: 320)
[19:39:14] Pre-dump time (not counted as downtime): 3927 ms
[19:39:14] Effective bandwidth: 0.29 Mbps
[19:39:14] Metrics saved to /home/ivo/Documents/University/4to/Thesis-AAAAAAAa/Container-vs-Wasm-Service-Migration/Container/metrics/migration_metrics.csv
[exit=0]

$ python3 /home/ivo/Documents/University/4to/Thesis-AAAAAAAa/Container-vs-Wasm-Service-Migration/Container/scripts/setup/reset_nodes.py edge-node-1 edge-node-2
[19:39:15] Resetting nodes: edge-node-1 -> edge-node-2
[19:39:15] Step 1: Killing any existing processes on source...
[19:39:15]   Killing PID 230573 (from /home/ubuntu/app.pid)
[19:39:16]   Killing PID 230573 (from /home/ubuntu/counter.pid)
[19:39:17]   Killing any remaining background processes...
[19:39:17] Step 2: Cleaning source node...
[19:39:19] Step 3: Cleaning destination node...
[19:39:19]   Killing all remaining counter processes on destination...
[19:39:22] ✓ Reset complete, nodes are clean
[19:39:22]   Next: Start your application
[exit=0]

$ bash /home/ivo/Documents/University/4to/Thesis-AAAAAAAa/Container-vs-Wasm-Service-Migration/Container/scripts/workloads/start_counter_c.sh edge-node-1
[19:39:22] Transferring counter.c to edge-node-1...
[19:39:22] Compiling counter.c on edge-node-1...
[19:39:23] Starting counter on edge-node-1...
✓ C counter running (PID: 232025)
[19:39:24] ✓ Counter started
[exit=0]
[repeat] warmup 2s

$ python3 /home/ivo/Documents/University/4to/Thesis-AAAAAAAa/Container-vs-Wasm-Service-Migration/Container/scripts/orchestrators/criu_benchmark.py precopy --source edge-node-1 --dest edge-node-2 --transfer-mode host --run-id repeat-suite-20260330-185020-precopy-host-023 --iterations 3
[19:39:27] Starting precopy migration...
[19:39:27] Source: edge-node-1, Dest: edge-node-2
[19:39:27] Transfer mode: host

[19:39:27] === PRE-COPY LIVE MIGRATION ===
[19:39:27] Step 1: Checking source process...
[19:39:28]   Using PID from /home/ubuntu/counter.pid: 232025
[19:39:28]   Last counter value (pre-dumps start): 4
[19:39:28]   Architecture: x86_64 (compatible)
[19:39:28] Step 2: Preparing dump directory...
[19:39:29] Step 3: Running 3 pre-dumps...
[19:39:29]   Pre-dump 1/3...
[19:39:30]   Pre-dump 2/3...
[19:39:31]   Pre-dump 3/3...
[19:39:33]   Total pre-dump time: 4005 ms
[19:39:33] Step 4: Final dump (freezing service)...
[19:39:33]   Frozen last counter value: 12
[19:39:33]   Expected after restore: 13
[19:39:33]   Final dump time (freeze duration): 623 ms
[19:39:33] Step 5: Creating archive...
[19:39:34]   Archive size: 32434 bytes
[19:39:34] Step 6: Transferring archive...
  Transferring /tmp/CRIU-counter.tar.gz via host...
[19:39:35]   Transfer time: 874 ms
[19:39:35] Step 7: Unpacking on destination...
[19:39:35] Step 7.5: Ensuring counter output file exists on destination...
[19:39:35] Step 7.8: Ensuring /tmp/counter binary is present on destination...
[19:39:36] Step 8: Restoring process...
[19:39:36]   Restore time: 339 ms
[19:39:36] Step 9: Verifying migration...
[19:39:39]   Expected min: 13 (after ~3.0s → ~16), Observed: 16
[19:39:39] ✓ SUCCESS: Counter continued correctly!
[19:39:39] Total downtime: 1836 ms (final_dump: 623 + transfer: 874 + restore: 339)
[19:39:39] Pre-dump time (not counted as downtime): 4005 ms
[19:39:39] Effective bandwidth: 0.30 Mbps
[19:39:39] Metrics saved to /home/ivo/Documents/University/4to/Thesis-AAAAAAAa/Container-vs-Wasm-Service-Migration/Container/metrics/migration_metrics.csv
[exit=0]

$ python3 /home/ivo/Documents/University/4to/Thesis-AAAAAAAa/Container-vs-Wasm-Service-Migration/Container/scripts/setup/reset_nodes.py edge-node-1 edge-node-2
[19:39:40] Resetting nodes: edge-node-1 -> edge-node-2
[19:39:40] Step 1: Killing any existing processes on source...
[19:39:40]   Killing PID 232025 (from /home/ubuntu/app.pid)
[19:39:41]   Killing PID 232025 (from /home/ubuntu/counter.pid)
[19:39:42]   Killing any remaining background processes...
[19:39:42] Step 2: Cleaning source node...
[19:39:44] Step 3: Cleaning destination node...
[19:39:44]   Killing all remaining counter processes on destination...
[19:39:48] ✓ Reset complete, nodes are clean
[19:39:48]   Next: Start your application
[exit=0]

$ bash /home/ivo/Documents/University/4to/Thesis-AAAAAAAa/Container-vs-Wasm-Service-Migration/Container/scripts/workloads/start_counter_c.sh edge-node-1
[19:39:48] Transferring counter.c to edge-node-1...
[19:39:48] Compiling counter.c on edge-node-1...
[19:39:48] Starting counter on edge-node-1...
✓ C counter running (PID: 233493)
[19:39:50] ✓ Counter started
[exit=0]
[repeat] warmup 2s

$ python3 /home/ivo/Documents/University/4to/Thesis-AAAAAAAa/Container-vs-Wasm-Service-Migration/Container/scripts/orchestrators/criu_benchmark.py precopy --source edge-node-1 --dest edge-node-2 --transfer-mode host --run-id repeat-suite-20260330-185020-precopy-host-024 --iterations 3
[19:39:52] Starting precopy migration...
[19:39:52] Source: edge-node-1, Dest: edge-node-2
[19:39:52] Transfer mode: host

[19:39:52] === PRE-COPY LIVE MIGRATION ===
[19:39:52] Step 1: Checking source process...
[19:39:53]   Using PID from /home/ubuntu/counter.pid: 233493
[19:39:53]   Last counter value (pre-dumps start): 4
[19:39:54]   Architecture: x86_64 (compatible)
[19:39:54] Step 2: Preparing dump directory...
[19:39:54] Step 3: Running 3 pre-dumps...
[19:39:54]   Pre-dump 1/3...
[19:39:55]   Pre-dump 2/3...
[19:39:57]   Pre-dump 3/3...
[19:39:58]   Total pre-dump time: 3968 ms
[19:39:58] Step 4: Final dump (freezing service)...
[19:39:59]   Frozen last counter value: 11
[19:39:59]   Expected after restore: 12
[19:39:59]   Final dump time (freeze duration): 604 ms
[19:39:59] Step 5: Creating archive...
[19:39:59]   Archive size: 32571 bytes
[19:39:59] Step 6: Transferring archive...
  Transferring /tmp/CRIU-counter.tar.gz via host...
[19:40:00]   Transfer time: 924 ms
[19:40:00] Step 7: Unpacking on destination...
[19:40:01] Step 7.5: Ensuring counter output file exists on destination...
[19:40:01] Step 7.8: Ensuring /tmp/counter binary is present on destination...
[19:40:01] Step 8: Restoring process...
[19:40:01]   Restore time: 323 ms
[19:40:01] Step 9: Verifying migration...
[19:40:05]   Expected min: 12 (after ~3.0s → ~15), Observed: 15
[19:40:05] ✓ SUCCESS: Counter continued correctly!
[19:40:05] Total downtime: 1851 ms (final_dump: 604 + transfer: 924 + restore: 323)
[19:40:05] Pre-dump time (not counted as downtime): 3968 ms
[19:40:05] Effective bandwidth: 0.28 Mbps
[19:40:05] Metrics saved to /home/ivo/Documents/University/4to/Thesis-AAAAAAAa/Container-vs-Wasm-Service-Migration/Container/metrics/migration_metrics.csv
[exit=0]

$ python3 /home/ivo/Documents/University/4to/Thesis-AAAAAAAa/Container-vs-Wasm-Service-Migration/Container/scripts/setup/reset_nodes.py edge-node-1 edge-node-2
[19:40:05] Resetting nodes: edge-node-1 -> edge-node-2
[19:40:05] Step 1: Killing any existing processes on source...
[19:40:06]   Killing PID 233493 (from /home/ubuntu/app.pid)
[19:40:06]   Killing PID 233493 (from /home/ubuntu/counter.pid)
[19:40:07]   Killing any remaining background processes...
[19:40:08] Step 2: Cleaning source node...
[19:40:09] Step 3: Cleaning destination node...
[19:40:10]   Killing all remaining counter processes on destination...
[19:40:13] ✓ Reset complete, nodes are clean
[19:40:13]   Next: Start your application
[exit=0]

$ bash /home/ivo/Documents/University/4to/Thesis-AAAAAAAa/Container-vs-Wasm-Service-Migration/Container/scripts/workloads/start_counter_c.sh edge-node-1
[19:40:13] Transferring counter.c to edge-node-1...
[19:40:13] Compiling counter.c on edge-node-1...
[19:40:13] Starting counter on edge-node-1...
✓ C counter running (PID: 234945)
[19:40:15] ✓ Counter started
[exit=0]
[repeat] warmup 2s

$ python3 /home/ivo/Documents/University/4to/Thesis-AAAAAAAa/Container-vs-Wasm-Service-Migration/Container/scripts/orchestrators/criu_benchmark.py precopy --source edge-node-1 --dest edge-node-2 --transfer-mode host --run-id repeat-suite-20260330-185020-precopy-host-025 --iterations 3
[19:40:17] Starting precopy migration...
[19:40:17] Source: edge-node-1, Dest: edge-node-2
[19:40:17] Transfer mode: host

[19:40:17] === PRE-COPY LIVE MIGRATION ===
[19:40:17] Step 1: Checking source process...
[19:40:18]   Using PID from /home/ubuntu/counter.pid: 234945
[19:40:18]   Last counter value (pre-dumps start): 4
[19:40:19]   Architecture: x86_64 (compatible)
[19:40:19] Step 2: Preparing dump directory...
[19:40:19] Step 3: Running 3 pre-dumps...
[19:40:19]   Pre-dump 1/3...
[19:40:20]   Pre-dump 2/3...
[19:40:22]   Pre-dump 3/3...
[19:40:23]   Total pre-dump time: 3979 ms
[19:40:23] Step 4: Final dump (freezing service)...
[19:40:24]   Frozen last counter value: 11
[19:40:24]   Expected after restore: 12
[19:40:24]   Final dump time (freeze duration): 592 ms
[19:40:24] Step 5: Creating archive...
[19:40:24]   Archive size: 31675 bytes
[19:40:24] Step 6: Transferring archive...
  Transferring /tmp/CRIU-counter.tar.gz via host...
[19:40:25]   Transfer time: 872 ms
[19:40:25] Step 7: Unpacking on destination...
[19:40:25] Step 7.5: Ensuring counter output file exists on destination...
[19:40:26] Step 7.8: Ensuring /tmp/counter binary is present on destination...
[19:40:26] Step 8: Restoring process...
[19:40:26]   Restore time: 309 ms
[19:40:26] Step 9: Verifying migration...
[19:40:30]   Expected min: 12 (after ~3.0s → ~15), Observed: 15
[19:40:30] ✓ SUCCESS: Counter continued correctly!
[19:40:30] Total downtime: 1773 ms (final_dump: 592 + transfer: 872 + restore: 309)
[19:40:30] Pre-dump time (not counted as downtime): 3979 ms
[19:40:30] Effective bandwidth: 0.29 Mbps
[19:40:30] Metrics saved to /home/ivo/Documents/University/4to/Thesis-AAAAAAAa/Container-vs-Wasm-Service-Migration/Container/metrics/migration_metrics.csv
[exit=0]

$ python3 /home/ivo/Documents/University/4to/Thesis-AAAAAAAa/Container-vs-Wasm-Service-Migration/Container/scripts/setup/reset_nodes.py edge-node-1 edge-node-2
[19:40:31] Resetting nodes: edge-node-1 -> edge-node-2
[19:40:31] Step 1: Killing any existing processes on source...
[19:40:31]   Killing PID 234945 (from /home/ubuntu/app.pid)
[19:40:32]   Killing PID 234945 (from /home/ubuntu/counter.pid)
[19:40:32]   Killing any remaining background processes...
[19:40:33] Step 2: Cleaning source node...
[19:40:34] Step 3: Cleaning destination node...
[19:40:35]   Killing all remaining counter processes on destination...
[19:40:38] ✓ Reset complete, nodes are clean
[19:40:38]   Next: Start your application
[exit=0]

$ bash /home/ivo/Documents/University/4to/Thesis-AAAAAAAa/Container-vs-Wasm-Service-Migration/Container/scripts/workloads/start_counter_c.sh edge-node-1
[19:40:38] Transferring counter.c to edge-node-1...
[19:40:38] Compiling counter.c on edge-node-1...
[19:40:38] Starting counter on edge-node-1...
✓ C counter running (PID: 236412)
[19:40:40] ✓ Counter started
[exit=0]
[repeat] warmup 2s

$ python3 /home/ivo/Documents/University/4to/Thesis-AAAAAAAa/Container-vs-Wasm-Service-Migration/Container/scripts/orchestrators/criu_benchmark.py precopy --source edge-node-1 --dest edge-node-2 --transfer-mode host --run-id repeat-suite-20260330-185020-precopy-host-026 --iterations 3
[19:40:42] Starting precopy migration...
[19:40:42] Source: edge-node-1, Dest: edge-node-2
[19:40:42] Transfer mode: host

[19:40:42] === PRE-COPY LIVE MIGRATION ===
[19:40:42] Step 1: Checking source process...
[19:40:43]   Using PID from /home/ubuntu/counter.pid: 236412
[19:40:43]   Last counter value (pre-dumps start): 4
[19:40:44]   Architecture: x86_64 (compatible)
[19:40:44] Step 2: Preparing dump directory...
[19:40:44] Step 3: Running 3 pre-dumps...
[19:40:44]   Pre-dump 1/3...
[19:40:45]   Pre-dump 2/3...
[19:40:47]   Pre-dump 3/3...
[19:40:48]   Total pre-dump time: 3958 ms
[19:40:48] Step 4: Final dump (freezing service)...
[19:40:49]   Frozen last counter value: 11
[19:40:49]   Expected after restore: 12
[19:40:49]   Final dump time (freeze duration): 590 ms
[19:40:49] Step 5: Creating archive...
[19:40:49]   Archive size: 33086 bytes
[19:40:49] Step 6: Transferring archive...
  Transferring /tmp/CRIU-counter.tar.gz via host...
[19:40:50]   Transfer time: 1176 ms
[19:40:50] Step 7: Unpacking on destination...
[19:40:51] Step 7.5: Ensuring counter output file exists on destination...
[19:40:51] Step 7.8: Ensuring /tmp/counter binary is present on destination...
[19:40:51] Step 8: Restoring process...
[19:40:52]   Restore time: 322 ms
[19:40:52] Step 9: Verifying migration...
[19:40:55]   Expected min: 12 (after ~3.0s → ~15), Observed: 15
[19:40:55] ✓ SUCCESS: Counter continued correctly!
[19:40:55] Total downtime: 2088 ms (final_dump: 590 + transfer: 1176 + restore: 322)
[19:40:55] Pre-dump time (not counted as downtime): 3958 ms
[19:40:55] Effective bandwidth: 0.23 Mbps
[19:40:55] Metrics saved to /home/ivo/Documents/University/4to/Thesis-AAAAAAAa/Container-vs-Wasm-Service-Migration/Container/metrics/migration_metrics.csv
[exit=0]

$ python3 /home/ivo/Documents/University/4to/Thesis-AAAAAAAa/Container-vs-Wasm-Service-Migration/Container/scripts/setup/reset_nodes.py edge-node-1 edge-node-2
[19:40:56] Resetting nodes: edge-node-1 -> edge-node-2
[19:40:56] Step 1: Killing any existing processes on source...
[19:40:56]   Killing PID 236412 (from /home/ubuntu/app.pid)
[19:40:57]   Killing PID 236412 (from /home/ubuntu/counter.pid)
[19:40:57]   Killing any remaining background processes...
[19:40:58] Step 2: Cleaning source node...
[19:40:59] Step 3: Cleaning destination node...
[19:41:00]   Killing all remaining counter processes on destination...
[19:41:03] ✓ Reset complete, nodes are clean
[19:41:03]   Next: Start your application
[exit=0]

$ bash /home/ivo/Documents/University/4to/Thesis-AAAAAAAa/Container-vs-Wasm-Service-Migration/Container/scripts/workloads/start_counter_c.sh edge-node-1
[19:41:03] Transferring counter.c to edge-node-1...
[19:41:03] Compiling counter.c on edge-node-1...
[19:41:03] Starting counter on edge-node-1...
✓ C counter running (PID: 237863)
[19:41:05] ✓ Counter started
[exit=0]
[repeat] warmup 2s

$ python3 /home/ivo/Documents/University/4to/Thesis-AAAAAAAa/Container-vs-Wasm-Service-Migration/Container/scripts/orchestrators/criu_benchmark.py precopy --source edge-node-1 --dest edge-node-2 --transfer-mode host --run-id repeat-suite-20260330-185020-precopy-host-027 --iterations 3
[19:41:07] Starting precopy migration...
[19:41:07] Source: edge-node-1, Dest: edge-node-2
[19:41:07] Transfer mode: host

[19:41:07] === PRE-COPY LIVE MIGRATION ===
[19:41:07] Step 1: Checking source process...
[19:41:08]   Using PID from /home/ubuntu/counter.pid: 237863
[19:41:08]   Last counter value (pre-dumps start): 4
[19:41:09]   Architecture: x86_64 (compatible)
[19:41:09] Step 2: Preparing dump directory...
[19:41:09] Step 3: Running 3 pre-dumps...
[19:41:09]   Pre-dump 1/3...
[19:41:10]   Pre-dump 2/3...
[19:41:12]   Pre-dump 3/3...
[19:41:13]   Total pre-dump time: 4050 ms
[19:41:13] Step 4: Final dump (freezing service)...
[19:41:14]   Frozen last counter value: 11
[19:41:14]   Expected after restore: 12
[19:41:14]   Final dump time (freeze duration): 610 ms
[19:41:14] Step 5: Creating archive...
[19:41:14]   Archive size: 32356 bytes
[19:41:14] Step 6: Transferring archive...
  Transferring /tmp/CRIU-counter.tar.gz via host...
[19:41:15]   Transfer time: 886 ms
[19:41:15] Step 7: Unpacking on destination...
[19:41:16] Step 7.5: Ensuring counter output file exists on destination...
[19:41:16] Step 7.8: Ensuring /tmp/counter binary is present on destination...
[19:41:16] Step 8: Restoring process...
[19:41:17]   Restore time: 580 ms
[19:41:17] Step 9: Verifying migration...
[19:41:20]   Expected min: 12 (after ~3.0s → ~15), Observed: 15
[19:41:20] ✓ SUCCESS: Counter continued correctly!
[19:41:20] Total downtime: 2076 ms (final_dump: 610 + transfer: 886 + restore: 580)
[19:41:20] Pre-dump time (not counted as downtime): 4050 ms
[19:41:20] Effective bandwidth: 0.29 Mbps
[19:41:20] Metrics saved to /home/ivo/Documents/University/4to/Thesis-AAAAAAAa/Container-vs-Wasm-Service-Migration/Container/metrics/migration_metrics.csv
[exit=0]

$ python3 /home/ivo/Documents/University/4to/Thesis-AAAAAAAa/Container-vs-Wasm-Service-Migration/Container/scripts/setup/reset_nodes.py edge-node-1 edge-node-2
[19:41:21] Resetting nodes: edge-node-1 -> edge-node-2
[19:41:21] Step 1: Killing any existing processes on source...
[19:41:21]   Killing PID 237863 (from /home/ubuntu/app.pid)
[19:41:22]   Killing PID 237863 (from /home/ubuntu/counter.pid)
[19:41:22]   Killing any remaining background processes...
[19:41:23] Step 2: Cleaning source node...
[19:41:24] Step 3: Cleaning destination node...
[19:41:25]   Killing all remaining counter processes on destination...
[19:41:28] ✓ Reset complete, nodes are clean
[19:41:28]   Next: Start your application
[exit=0]

$ bash /home/ivo/Documents/University/4to/Thesis-AAAAAAAa/Container-vs-Wasm-Service-Migration/Container/scripts/workloads/start_counter_c.sh edge-node-1
[19:41:28] Transferring counter.c to edge-node-1...
[19:41:28] Compiling counter.c on edge-node-1...
[19:41:29] Starting counter on edge-node-1...
✓ C counter running (PID: 239320)
[19:41:30] ✓ Counter started
[exit=0]
[repeat] warmup 2s

$ python3 /home/ivo/Documents/University/4to/Thesis-AAAAAAAa/Container-vs-Wasm-Service-Migration/Container/scripts/orchestrators/criu_benchmark.py precopy --source edge-node-1 --dest edge-node-2 --transfer-mode host --run-id repeat-suite-20260330-185020-precopy-host-028 --iterations 3
[19:41:33] Starting precopy migration...
[19:41:33] Source: edge-node-1, Dest: edge-node-2
[19:41:33] Transfer mode: host

[19:41:33] === PRE-COPY LIVE MIGRATION ===
[19:41:33] Step 1: Checking source process...
[19:41:33]   Using PID from /home/ubuntu/counter.pid: 239320
[19:41:34]   Last counter value (pre-dumps start): 4
[19:41:34]   Architecture: x86_64 (compatible)
[19:41:34] Step 2: Preparing dump directory...
[19:41:35] Step 3: Running 3 pre-dumps...
[19:41:35]   Pre-dump 1/3...
[19:41:36]   Pre-dump 2/3...
[19:41:37]   Pre-dump 3/3...
[19:41:39]   Total pre-dump time: 3975 ms
[19:41:39] Step 4: Final dump (freezing service)...
[19:41:39]   Frozen last counter value: 12
[19:41:39]   Expected after restore: 13
[19:41:39]   Final dump time (freeze duration): 594 ms
[19:41:39] Step 5: Creating archive...
[19:41:40]   Archive size: 33179 bytes
[19:41:40] Step 6: Transferring archive...
  Transferring /tmp/CRIU-counter.tar.gz via host...
[19:41:41]   Transfer time: 874 ms
[19:41:41] Step 7: Unpacking on destination...
[19:41:41] Step 7.5: Ensuring counter output file exists on destination...
[19:41:41] Step 7.8: Ensuring /tmp/counter binary is present on destination...
[19:41:42] Step 8: Restoring process...
[19:41:42]   Restore time: 328 ms
[19:41:42] Step 9: Verifying migration...
[19:41:45]   Expected min: 13 (after ~3.0s → ~16), Observed: 16
[19:41:45] ✓ SUCCESS: Counter continued correctly!
[19:41:45] Total downtime: 1796 ms (final_dump: 594 + transfer: 874 + restore: 328)
[19:41:45] Pre-dump time (not counted as downtime): 3975 ms
[19:41:45] Effective bandwidth: 0.30 Mbps
[19:41:45] Metrics saved to /home/ivo/Documents/University/4to/Thesis-AAAAAAAa/Container-vs-Wasm-Service-Migration/Container/metrics/migration_metrics.csv
[exit=0]

$ python3 /home/ivo/Documents/University/4to/Thesis-AAAAAAAa/Container-vs-Wasm-Service-Migration/Container/scripts/setup/reset_nodes.py edge-node-1 edge-node-2
[19:41:46] Resetting nodes: edge-node-1 -> edge-node-2
[19:41:46] Step 1: Killing any existing processes on source...
[19:41:46]   Killing PID 239320 (from /home/ubuntu/app.pid)
[19:41:47]   Killing PID 239320 (from /home/ubuntu/counter.pid)
[19:41:48]   Killing any remaining background processes...
[19:41:48] Step 2: Cleaning source node...
[19:41:50] Step 3: Cleaning destination node...
[19:41:50]   Killing all remaining counter processes on destination...
[19:41:53] ✓ Reset complete, nodes are clean
[19:41:53]   Next: Start your application
[exit=0]

$ bash /home/ivo/Documents/University/4to/Thesis-AAAAAAAa/Container-vs-Wasm-Service-Migration/Container/scripts/workloads/start_counter_c.sh edge-node-1
[19:41:53] Transferring counter.c to edge-node-1...
[19:41:54] Compiling counter.c on edge-node-1...
[19:41:54] Starting counter on edge-node-1...
✓ C counter running (PID: 240779)
[19:41:55] ✓ Counter started
[exit=0]
[repeat] warmup 2s

$ python3 /home/ivo/Documents/University/4to/Thesis-AAAAAAAa/Container-vs-Wasm-Service-Migration/Container/scripts/orchestrators/criu_benchmark.py precopy --source edge-node-1 --dest edge-node-2 --transfer-mode host --run-id repeat-suite-20260330-185020-precopy-host-029 --iterations 3
[19:41:58] Starting precopy migration...
[19:41:58] Source: edge-node-1, Dest: edge-node-2
[19:41:58] Transfer mode: host

[19:41:58] === PRE-COPY LIVE MIGRATION ===
[19:41:58] Step 1: Checking source process...
[19:41:58]   Using PID from /home/ubuntu/counter.pid: 240779
[19:41:59]   Last counter value (pre-dumps start): 4
[19:41:59]   Architecture: x86_64 (compatible)
[19:41:59] Step 2: Preparing dump directory...
[19:42:00] Step 3: Running 3 pre-dumps...
[19:42:00]   Pre-dump 1/3...
[19:42:01]   Pre-dump 2/3...
[19:42:02]   Pre-dump 3/3...
[19:42:04]   Total pre-dump time: 3948 ms
[19:42:04] Step 4: Final dump (freezing service)...
[19:42:04]   Frozen last counter value: 11
[19:42:04]   Expected after restore: 12
[19:42:04]   Final dump time (freeze duration): 587 ms
[19:42:04] Step 5: Creating archive...
[19:42:05]   Archive size: 32916 bytes
[19:42:05] Step 6: Transferring archive...
  Transferring /tmp/CRIU-counter.tar.gz via host...
[19:42:06]   Transfer time: 835 ms
[19:42:06] Step 7: Unpacking on destination...
[19:42:06] Step 7.5: Ensuring counter output file exists on destination...
[19:42:06] Step 7.8: Ensuring /tmp/counter binary is present on destination...
[19:42:07] Step 8: Restoring process...
[19:42:07]   Restore time: 358 ms
[19:42:07] Step 9: Verifying migration...
[19:42:10]   Expected min: 12 (after ~3.0s → ~15), Observed: 15
[19:42:10] ✓ SUCCESS: Counter continued correctly!
[19:42:10] Total downtime: 1780 ms (final_dump: 587 + transfer: 835 + restore: 358)
[19:42:10] Pre-dump time (not counted as downtime): 3948 ms
[19:42:10] Effective bandwidth: 0.32 Mbps
[19:42:10] Metrics saved to /home/ivo/Documents/University/4to/Thesis-AAAAAAAa/Container-vs-Wasm-Service-Migration/Container/metrics/migration_metrics.csv
[exit=0]

$ python3 /home/ivo/Documents/University/4to/Thesis-AAAAAAAa/Container-vs-Wasm-Service-Migration/Container/scripts/setup/reset_nodes.py edge-node-1 edge-node-2
[19:42:11] Resetting nodes: edge-node-1 -> edge-node-2
[19:42:11] Step 1: Killing any existing processes on source...
[19:42:11]   Killing PID 240779 (from /home/ubuntu/app.pid)
[19:42:12]   Killing PID 240779 (from /home/ubuntu/counter.pid)
[19:42:12]   Killing any remaining background processes...
[19:42:13] Step 2: Cleaning source node...
[19:42:14] Step 3: Cleaning destination node...
[19:42:15]   Killing all remaining counter processes on destination...
[19:42:18] ✓ Reset complete, nodes are clean
[19:42:18]   Next: Start your application
[exit=0]

$ bash /home/ivo/Documents/University/4to/Thesis-AAAAAAAa/Container-vs-Wasm-Service-Migration/Container/scripts/workloads/start_counter_c.sh edge-node-1
[19:42:18] Transferring counter.c to edge-node-1...
[19:42:18] Compiling counter.c on edge-node-1...
[19:42:18] Starting counter on edge-node-1...
✓ C counter running (PID: 242236)
[19:42:20] ✓ Counter started
[exit=0]
[repeat] warmup 2s

$ python3 /home/ivo/Documents/University/4to/Thesis-AAAAAAAa/Container-vs-Wasm-Service-Migration/Container/scripts/orchestrators/criu_benchmark.py precopy --source edge-node-1 --dest edge-node-2 --transfer-mode host --run-id repeat-suite-20260330-185020-precopy-host-030 --iterations 3
[19:42:22] Starting precopy migration...
[19:42:22] Source: edge-node-1, Dest: edge-node-2
[19:42:22] Transfer mode: host

[19:42:22] === PRE-COPY LIVE MIGRATION ===
[19:42:22] Step 1: Checking source process...
[19:42:23]   Using PID from /home/ubuntu/counter.pid: 242236
[19:42:23]   Last counter value (pre-dumps start): 4
[19:42:24]   Architecture: x86_64 (compatible)
[19:42:24] Step 2: Preparing dump directory...
[19:42:24] Step 3: Running 3 pre-dumps...
[19:42:24]   Pre-dump 1/3...
[19:42:25]   Pre-dump 2/3...
[19:42:27]   Pre-dump 3/3...
[19:42:28]   Total pre-dump time: 3921 ms
[19:42:28] Step 4: Final dump (freezing service)...
[19:42:29]   Frozen last counter value: 11
[19:42:29]   Expected after restore: 12
[19:42:29]   Final dump time (freeze duration): 577 ms
[19:42:29] Step 5: Creating archive...
[19:42:29]   Archive size: 32334 bytes
[19:42:29] Step 6: Transferring archive...
  Transferring /tmp/CRIU-counter.tar.gz via host...
[19:42:30]   Transfer time: 855 ms
[19:42:30] Step 7: Unpacking on destination...
[19:42:30] Step 7.5: Ensuring counter output file exists on destination...
[19:42:31] Step 7.8: Ensuring /tmp/counter binary is present on destination...
[19:42:31] Step 8: Restoring process...
[19:42:31]   Restore time: 334 ms
[19:42:31] Step 9: Verifying migration...
[19:42:35]   Expected min: 12 (after ~3.0s → ~15), Observed: 15
[19:42:35] ✓ SUCCESS: Counter continued correctly!
[19:42:35] Total downtime: 1766 ms (final_dump: 577 + transfer: 855 + restore: 334)
[19:42:35] Pre-dump time (not counted as downtime): 3921 ms
[19:42:35] Effective bandwidth: 0.30 Mbps
[19:42:35] Metrics saved to /home/ivo/Documents/University/4to/Thesis-AAAAAAAa/Container-vs-Wasm-Service-Migration/Container/metrics/migration_metrics.csv
[exit=0]

$ python3 /home/ivo/Documents/University/4to/Thesis-AAAAAAAa/Container-vs-Wasm-Service-Migration/Container/scripts/setup/reset_nodes.py edge-node-1 edge-node-2
[19:42:36] Resetting nodes: edge-node-1 -> edge-node-2
[19:42:36] Step 1: Killing any existing processes on source...
[19:42:36]   Killing PID 242236 (from /home/ubuntu/app.pid)
[19:42:37]   Killing PID 242236 (from /home/ubuntu/counter.pid)
[19:42:37]   Killing any remaining background processes...
[19:42:38] Step 2: Cleaning source node...
[19:42:39] Step 3: Cleaning destination node...
[19:42:40]   Killing all remaining counter processes on destination...
[19:42:43] ✓ Reset complete, nodes are clean
[19:42:43]   Next: Start your application
[exit=0]

$ bash /home/ivo/Documents/University/4to/Thesis-AAAAAAAa/Container-vs-Wasm-Service-Migration/Container/scripts/workloads/start_counter_c.sh edge-node-1
[19:42:43] Transferring counter.c to edge-node-1...
[19:42:43] Compiling counter.c on edge-node-1...
[19:42:43] Starting counter on edge-node-1...
✓ C counter running (PID: 243696)
[19:42:44] ✓ Counter started
[exit=0]
[repeat] warmup 2s

$ python3 /home/ivo/Documents/University/4to/Thesis-AAAAAAAa/Container-vs-Wasm-Service-Migration/Container/scripts/orchestrators/criu_benchmark.py precopy --source edge-node-1 --dest edge-node-2 --transfer-mode host --run-id repeat-suite-20260330-185020-precopy-host-031 --iterations 3
[19:42:47] Starting precopy migration...
[19:42:47] Source: edge-node-1, Dest: edge-node-2
[19:42:47] Transfer mode: host

[19:42:47] === PRE-COPY LIVE MIGRATION ===
[19:42:47] Step 1: Checking source process...
[19:42:48]   Using PID from /home/ubuntu/counter.pid: 243696
[19:42:48]   Last counter value (pre-dumps start): 4
[19:42:49]   Architecture: x86_64 (compatible)
[19:42:49] Step 2: Preparing dump directory...
[19:42:49] Step 3: Running 3 pre-dumps...
[19:42:49]   Pre-dump 1/3...
[19:42:50]   Pre-dump 2/3...
[19:42:52]   Pre-dump 3/3...
[19:42:53]   Total pre-dump time: 3988 ms
[19:42:53] Step 4: Final dump (freezing service)...
[19:42:53]   Frozen last counter value: 11
[19:42:53]   Expected after restore: 12
[19:42:53]   Final dump time (freeze duration): 572 ms
[19:42:53] Step 5: Creating archive...
[19:42:54]   Archive size: 31150 bytes
[19:42:54] Step 6: Transferring archive...
  Transferring /tmp/CRIU-counter.tar.gz via host...
[19:42:55]   Transfer time: 1167 ms
[19:42:55] Step 7: Unpacking on destination...
[19:42:56] Step 7.5: Ensuring counter output file exists on destination...
[19:42:56] Step 7.8: Ensuring /tmp/counter binary is present on destination...
[19:42:56] Step 8: Restoring process...
[19:42:56]   Restore time: 315 ms
[19:42:56] Step 9: Verifying migration...
[19:43:00]   Expected min: 12 (after ~3.0s → ~15), Observed: 15
[19:43:00] ✓ SUCCESS: Counter continued correctly!
[19:43:00] Total downtime: 2054 ms (final_dump: 572 + transfer: 1167 + restore: 315)
[19:43:00] Pre-dump time (not counted as downtime): 3988 ms
[19:43:00] Effective bandwidth: 0.21 Mbps
[19:43:00] Metrics saved to /home/ivo/Documents/University/4to/Thesis-AAAAAAAa/Container-vs-Wasm-Service-Migration/Container/metrics/migration_metrics.csv
[exit=0]

$ python3 /home/ivo/Documents/University/4to/Thesis-AAAAAAAa/Container-vs-Wasm-Service-Migration/Container/scripts/setup/reset_nodes.py edge-node-1 edge-node-2
[19:43:00] Resetting nodes: edge-node-1 -> edge-node-2
[19:43:00] Step 1: Killing any existing processes on source...
[19:43:01]   Killing PID 243696 (from /home/ubuntu/app.pid)
[19:43:02]   Killing PID 243696 (from /home/ubuntu/counter.pid)
[19:43:02]   Killing any remaining background processes...
[19:43:03] Step 2: Cleaning source node...
[19:43:04] Step 3: Cleaning destination node...
[19:43:05]   Killing all remaining counter processes on destination...
[19:43:07] ✓ Reset complete, nodes are clean
[19:43:07]   Next: Start your application
[exit=0]

$ bash /home/ivo/Documents/University/4to/Thesis-AAAAAAAa/Container-vs-Wasm-Service-Migration/Container/scripts/workloads/start_counter_c.sh edge-node-1
[19:43:07] Transferring counter.c to edge-node-1...
[19:43:08] Compiling counter.c on edge-node-1...
[19:43:08] Starting counter on edge-node-1...
✓ C counter running (PID: 245154)
[19:43:09] ✓ Counter started
[exit=0]
[repeat] warmup 2s

$ python3 /home/ivo/Documents/University/4to/Thesis-AAAAAAAa/Container-vs-Wasm-Service-Migration/Container/scripts/orchestrators/criu_benchmark.py precopy --source edge-node-1 --dest edge-node-2 --transfer-mode host --run-id repeat-suite-20260330-185020-precopy-host-032 --iterations 3
[19:43:12] Starting precopy migration...
[19:43:12] Source: edge-node-1, Dest: edge-node-2
[19:43:12] Transfer mode: host

[19:43:12] === PRE-COPY LIVE MIGRATION ===
[19:43:12] Step 1: Checking source process...
[19:43:13]   Using PID from /home/ubuntu/counter.pid: 245154
[19:43:13]   Last counter value (pre-dumps start): 4
[19:43:14]   Architecture: x86_64 (compatible)
[19:43:14] Step 2: Preparing dump directory...
[19:43:14] Step 3: Running 3 pre-dumps...
[19:43:14]   Pre-dump 1/3...
[19:43:15]   Pre-dump 2/3...
[19:43:17]   Pre-dump 3/3...
[19:43:18]   Total pre-dump time: 3997 ms
[19:43:18] Step 4: Final dump (freezing service)...
[19:43:18]   Frozen last counter value: 11
[19:43:18]   Expected after restore: 12
[19:43:18]   Final dump time (freeze duration): 600 ms
[19:43:18] Step 5: Creating archive...
[19:43:19]   Archive size: 31364 bytes
[19:43:19] Step 6: Transferring archive...
  Transferring /tmp/CRIU-counter.tar.gz via host...
[19:43:20]   Transfer time: 862 ms
[19:43:20] Step 7: Unpacking on destination...
[19:43:20] Step 7.5: Ensuring counter output file exists on destination...
[19:43:21] Step 7.8: Ensuring /tmp/counter binary is present on destination...
[19:43:21] Step 8: Restoring process...
[19:43:21]   Restore time: 310 ms
[19:43:21] Step 9: Verifying migration...
[19:43:24]   Expected min: 12 (after ~3.0s → ~15), Observed: 15
[19:43:24] ✓ SUCCESS: Counter continued correctly!
[19:43:24] Total downtime: 1772 ms (final_dump: 600 + transfer: 862 + restore: 310)
[19:43:24] Pre-dump time (not counted as downtime): 3997 ms
[19:43:24] Effective bandwidth: 0.29 Mbps
[19:43:24] Metrics saved to /home/ivo/Documents/University/4to/Thesis-AAAAAAAa/Container-vs-Wasm-Service-Migration/Container/metrics/migration_metrics.csv
[exit=0]

$ python3 /home/ivo/Documents/University/4to/Thesis-AAAAAAAa/Container-vs-Wasm-Service-Migration/Container/scripts/setup/reset_nodes.py edge-node-1 edge-node-2
[19:43:25] Resetting nodes: edge-node-1 -> edge-node-2
[19:43:25] Step 1: Killing any existing processes on source...
[19:43:25]   Killing PID 245154 (from /home/ubuntu/app.pid)
[19:43:26]   Killing PID 245154 (from /home/ubuntu/counter.pid)
[19:43:27]   Killing any remaining background processes...
[19:43:28] Step 2: Cleaning source node...
[19:43:29] Step 3: Cleaning destination node...
[19:43:29]   Killing all remaining counter processes on destination...
[19:43:32] ✓ Reset complete, nodes are clean
[19:43:32]   Next: Start your application
[exit=0]

$ bash /home/ivo/Documents/University/4to/Thesis-AAAAAAAa/Container-vs-Wasm-Service-Migration/Container/scripts/workloads/start_counter_c.sh edge-node-1
[19:43:32] Transferring counter.c to edge-node-1...
[19:43:32] Compiling counter.c on edge-node-1...
[19:43:33] Starting counter on edge-node-1...
✓ C counter running (PID: 246604)
[19:43:34] ✓ Counter started
[exit=0]
[repeat] warmup 2s

$ python3 /home/ivo/Documents/University/4to/Thesis-AAAAAAAa/Container-vs-Wasm-Service-Migration/Container/scripts/orchestrators/criu_benchmark.py precopy --source edge-node-1 --dest edge-node-2 --transfer-mode host --run-id repeat-suite-20260330-185020-precopy-host-033 --iterations 3
[19:43:37] Starting precopy migration...
[19:43:37] Source: edge-node-1, Dest: edge-node-2
[19:43:37] Transfer mode: host

[19:43:37] === PRE-COPY LIVE MIGRATION ===
[19:43:37] Step 1: Checking source process...
[19:43:38]   Using PID from /home/ubuntu/counter.pid: 246604
[19:43:38]   Last counter value (pre-dumps start): 4
[19:43:38]   Architecture: x86_64 (compatible)
[19:43:38] Step 2: Preparing dump directory...
[19:43:39] Step 3: Running 3 pre-dumps...
[19:43:39]   Pre-dump 1/3...
[19:43:40]   Pre-dump 2/3...
[19:43:41]   Pre-dump 3/3...
[19:43:43]   Total pre-dump time: 3962 ms
[19:43:43] Step 4: Final dump (freezing service)...
[19:43:43]   Frozen last counter value: 12
[19:43:43]   Expected after restore: 13
[19:43:43]   Final dump time (freeze duration): 596 ms
[19:43:43] Step 5: Creating archive...
[19:43:44]   Archive size: 33062 bytes
[19:43:44] Step 6: Transferring archive...
  Transferring /tmp/CRIU-counter.tar.gz via host...
[19:43:45]   Transfer time: 896 ms
[19:43:45] Step 7: Unpacking on destination...
[19:43:45] Step 7.5: Ensuring counter output file exists on destination...
[19:43:45] Step 7.8: Ensuring /tmp/counter binary is present on destination...
[19:43:46] Step 8: Restoring process...
[19:43:46]   Restore time: 322 ms
[19:43:46] Step 9: Verifying migration...
[19:43:49]   Expected min: 13 (after ~3.0s → ~16), Observed: 16
[19:43:49] ✓ SUCCESS: Counter continued correctly!
[19:43:49] Total downtime: 1814 ms (final_dump: 596 + transfer: 896 + restore: 322)
[19:43:49] Pre-dump time (not counted as downtime): 3962 ms
[19:43:49] Effective bandwidth: 0.30 Mbps
[19:43:49] Metrics saved to /home/ivo/Documents/University/4to/Thesis-AAAAAAAa/Container-vs-Wasm-Service-Migration/Container/metrics/migration_metrics.csv
[exit=0]

$ python3 /home/ivo/Documents/University/4to/Thesis-AAAAAAAa/Container-vs-Wasm-Service-Migration/Container/scripts/setup/reset_nodes.py edge-node-1 edge-node-2
[19:43:50] Resetting nodes: edge-node-1 -> edge-node-2
[19:43:50] Step 1: Killing any existing processes on source...
[19:43:50]   Killing PID 246604 (from /home/ubuntu/app.pid)
[19:43:51]   Killing PID 246604 (from /home/ubuntu/counter.pid)
[19:43:52]   Killing any remaining background processes...
[19:43:52] Step 2: Cleaning source node...
[19:43:54] Step 3: Cleaning destination node...
[19:43:54]   Killing all remaining counter processes on destination...
[19:43:57] ✓ Reset complete, nodes are clean
[19:43:57]   Next: Start your application
[exit=0]

$ bash /home/ivo/Documents/University/4to/Thesis-AAAAAAAa/Container-vs-Wasm-Service-Migration/Container/scripts/workloads/start_counter_c.sh edge-node-1
[19:43:57] Transferring counter.c to edge-node-1...
[19:43:58] Compiling counter.c on edge-node-1...
[19:43:58] Starting counter on edge-node-1...
✓ C counter running (PID: 248063)
[19:43:59] ✓ Counter started
[exit=0]
[repeat] warmup 2s

$ python3 /home/ivo/Documents/University/4to/Thesis-AAAAAAAa/Container-vs-Wasm-Service-Migration/Container/scripts/orchestrators/criu_benchmark.py precopy --source edge-node-1 --dest edge-node-2 --transfer-mode host --run-id repeat-suite-20260330-185020-precopy-host-034 --iterations 3
[19:44:02] Starting precopy migration...
[19:44:02] Source: edge-node-1, Dest: edge-node-2
[19:44:02] Transfer mode: host

[19:44:02] === PRE-COPY LIVE MIGRATION ===
[19:44:02] Step 1: Checking source process...
[19:44:02]   Using PID from /home/ubuntu/counter.pid: 248063
[19:44:03]   Last counter value (pre-dumps start): 4
[19:44:03]   Architecture: x86_64 (compatible)
[19:44:03] Step 2: Preparing dump directory...
[19:44:04] Step 3: Running 3 pre-dumps...
[19:44:04]   Pre-dump 1/3...
[19:44:05]   Pre-dump 2/3...
[19:44:06]   Pre-dump 3/3...
[19:44:08]   Total pre-dump time: 3986 ms
[19:44:08] Step 4: Final dump (freezing service)...
[19:44:08]   Frozen last counter value: 11
[19:44:08]   Expected after restore: 12
[19:44:08]   Final dump time (freeze duration): 617 ms
[19:44:08] Step 5: Creating archive...
[19:44:09]   Archive size: 32514 bytes
[19:44:09] Step 6: Transferring archive...
  Transferring /tmp/CRIU-counter.tar.gz via host...
[19:44:10]   Transfer time: 861 ms
[19:44:10] Step 7: Unpacking on destination...
[19:44:10] Step 7.5: Ensuring counter output file exists on destination...
[19:44:10] Step 7.8: Ensuring /tmp/counter binary is present on destination...
[19:44:11] Step 8: Restoring process...
[19:44:11]   Restore time: 310 ms
[19:44:11] Step 9: Verifying migration...
[19:44:14]   Expected min: 12 (after ~3.0s → ~15), Observed: 15
[19:44:14] ✓ SUCCESS: Counter continued correctly!
[19:44:14] Total downtime: 1788 ms (final_dump: 617 + transfer: 861 + restore: 310)
[19:44:14] Pre-dump time (not counted as downtime): 3986 ms
[19:44:14] Effective bandwidth: 0.30 Mbps
[19:44:14] Metrics saved to /home/ivo/Documents/University/4to/Thesis-AAAAAAAa/Container-vs-Wasm-Service-Migration/Container/metrics/migration_metrics.csv
[exit=0]

$ python3 /home/ivo/Documents/University/4to/Thesis-AAAAAAAa/Container-vs-Wasm-Service-Migration/Container/scripts/setup/reset_nodes.py edge-node-1 edge-node-2
[19:44:15] Resetting nodes: edge-node-1 -> edge-node-2
[19:44:15] Step 1: Killing any existing processes on source...
[19:44:15]   Killing PID 248063 (from /home/ubuntu/app.pid)
[19:44:16]   Killing PID 248063 (from /home/ubuntu/counter.pid)
[19:44:16]   Killing any remaining background processes...
[19:44:17] Step 2: Cleaning source node...
[19:44:18] Step 3: Cleaning destination node...
[19:44:19]   Killing all remaining counter processes on destination...
[19:44:22] ✓ Reset complete, nodes are clean
[19:44:22]   Next: Start your application
[exit=0]

$ bash /home/ivo/Documents/University/4to/Thesis-AAAAAAAa/Container-vs-Wasm-Service-Migration/Container/scripts/workloads/start_counter_c.sh edge-node-1
[19:44:22] Transferring counter.c to edge-node-1...
[19:44:22] Compiling counter.c on edge-node-1...
[19:44:23] Starting counter on edge-node-1...
✓ C counter running (PID: 249523)
[19:44:24] ✓ Counter started
[exit=0]
[repeat] warmup 2s

$ python3 /home/ivo/Documents/University/4to/Thesis-AAAAAAAa/Container-vs-Wasm-Service-Migration/Container/scripts/orchestrators/criu_benchmark.py precopy --source edge-node-1 --dest edge-node-2 --transfer-mode host --run-id repeat-suite-20260330-185020-precopy-host-035 --iterations 3
[19:44:27] Starting precopy migration...
[19:44:27] Source: edge-node-1, Dest: edge-node-2
[19:44:27] Transfer mode: host

[19:44:27] === PRE-COPY LIVE MIGRATION ===
[19:44:27] Step 1: Checking source process...
[19:44:27]   Using PID from /home/ubuntu/counter.pid: 249523
[19:44:28]   Last counter value (pre-dumps start): 4
[19:44:28]   Architecture: x86_64 (compatible)
[19:44:28] Step 2: Preparing dump directory...
[19:44:28] Step 3: Running 3 pre-dumps...
[19:44:28]   Pre-dump 1/3...
[19:44:30]   Pre-dump 2/3...
[19:44:31]   Pre-dump 3/3...
[19:44:32]   Total pre-dump time: 3976 ms
[19:44:32] Step 4: Final dump (freezing service)...
[19:44:33]   Frozen last counter value: 11
[19:44:33]   Expected after restore: 12
[19:44:33]   Final dump time (freeze duration): 581 ms
[19:44:33] Step 5: Creating archive...
[19:44:34]   Archive size: 31871 bytes
[19:44:34] Step 6: Transferring archive...
  Transferring /tmp/CRIU-counter.tar.gz via host...
[19:44:34]   Transfer time: 843 ms
[19:44:34] Step 7: Unpacking on destination...
[19:44:35] Step 7.5: Ensuring counter output file exists on destination...
[19:44:35] Step 7.8: Ensuring /tmp/counter binary is present on destination...
[19:44:35] Step 8: Restoring process...
[19:44:36]   Restore time: 294 ms
[19:44:36] Step 9: Verifying migration...
[19:44:39]   Expected min: 12 (after ~3.0s → ~15), Observed: 15
[19:44:39] ✓ SUCCESS: Counter continued correctly!
[19:44:39] Total downtime: 1718 ms (final_dump: 581 + transfer: 843 + restore: 294)
[19:44:39] Pre-dump time (not counted as downtime): 3976 ms
[19:44:39] Effective bandwidth: 0.30 Mbps
[19:44:39] Metrics saved to /home/ivo/Documents/University/4to/Thesis-AAAAAAAa/Container-vs-Wasm-Service-Migration/Container/metrics/migration_metrics.csv
[exit=0]

$ python3 /home/ivo/Documents/University/4to/Thesis-AAAAAAAa/Container-vs-Wasm-Service-Migration/Container/scripts/setup/reset_nodes.py edge-node-1 edge-node-2
[19:44:40] Resetting nodes: edge-node-1 -> edge-node-2
[19:44:40] Step 1: Killing any existing processes on source...
[19:44:40]   Killing PID 249523 (from /home/ubuntu/app.pid)
[19:44:41]   Killing PID 249523 (from /home/ubuntu/counter.pid)
[19:44:41]   Killing any remaining background processes...
[19:44:42] Step 2: Cleaning source node...
[19:44:44] Step 3: Cleaning destination node...
[19:44:44]   Killing all remaining counter processes on destination...
[19:44:47] ✓ Reset complete, nodes are clean
[19:44:47]   Next: Start your application
[exit=0]

$ bash /home/ivo/Documents/University/4to/Thesis-AAAAAAAa/Container-vs-Wasm-Service-Migration/Container/scripts/workloads/start_counter_c.sh edge-node-1
[19:44:47] Transferring counter.c to edge-node-1...
[19:44:47] Compiling counter.c on edge-node-1...
[19:44:48] Starting counter on edge-node-1...
✓ C counter running (PID: 250983)
[19:44:49] ✓ Counter started
[exit=0]
[repeat] warmup 2s

$ python3 /home/ivo/Documents/University/4to/Thesis-AAAAAAAa/Container-vs-Wasm-Service-Migration/Container/scripts/orchestrators/criu_benchmark.py precopy --source edge-node-1 --dest edge-node-2 --transfer-mode host --run-id repeat-suite-20260330-185020-precopy-host-036 --iterations 3
[19:44:52] Starting precopy migration...
[19:44:52] Source: edge-node-1, Dest: edge-node-2
[19:44:52] Transfer mode: host

[19:44:52] === PRE-COPY LIVE MIGRATION ===
[19:44:52] Step 1: Checking source process...
[19:44:52]   Using PID from /home/ubuntu/counter.pid: 250983
[19:44:52]   Last counter value (pre-dumps start): 4
[19:44:53]   Architecture: x86_64 (compatible)
[19:44:53] Step 2: Preparing dump directory...
[19:44:53] Step 3: Running 3 pre-dumps...
[19:44:53]   Pre-dump 1/3...
[19:44:55]   Pre-dump 2/3...
[19:44:56]   Pre-dump 3/3...
[19:44:57]   Total pre-dump time: 4004 ms
[19:44:57] Step 4: Final dump (freezing service)...
[19:44:58]   Frozen last counter value: 11
[19:44:58]   Expected after restore: 12
[19:44:58]   Final dump time (freeze duration): 586 ms
[19:44:58] Step 5: Creating archive...
[19:44:58]   Archive size: 32378 bytes
[19:44:58] Step 6: Transferring archive...
  Transferring /tmp/CRIU-counter.tar.gz via host...
[19:45:00]   Transfer time: 1154 ms
[19:45:00] Step 7: Unpacking on destination...
[19:45:00] Step 7.5: Ensuring counter output file exists on destination...
[19:45:00] Step 7.8: Ensuring /tmp/counter binary is present on destination...
[19:45:01] Step 8: Restoring process...
[19:45:01]   Restore time: 336 ms
[19:45:01] Step 9: Verifying migration...
[19:45:04]   Expected min: 12 (after ~3.0s → ~15), Observed: 15
[19:45:04] ✓ SUCCESS: Counter continued correctly!
[19:45:04] Total downtime: 2076 ms (final_dump: 586 + transfer: 1154 + restore: 336)
[19:45:04] Pre-dump time (not counted as downtime): 4004 ms
[19:45:04] Effective bandwidth: 0.22 Mbps
[19:45:04] Metrics saved to /home/ivo/Documents/University/4to/Thesis-AAAAAAAa/Container-vs-Wasm-Service-Migration/Container/metrics/migration_metrics.csv
[exit=0]

$ python3 /home/ivo/Documents/University/4to/Thesis-AAAAAAAa/Container-vs-Wasm-Service-Migration/Container/scripts/setup/reset_nodes.py edge-node-1 edge-node-2
[19:45:05] Resetting nodes: edge-node-1 -> edge-node-2
[19:45:05] Step 1: Killing any existing processes on source...
[19:45:05]   Killing PID 250983 (from /home/ubuntu/app.pid)
[19:45:06]   Killing PID 250983 (from /home/ubuntu/counter.pid)
[19:45:06]   Killing any remaining background processes...
[19:45:07] Step 2: Cleaning source node...
[19:45:09] Step 3: Cleaning destination node...
[19:45:09]   Killing all remaining counter processes on destination...
[19:45:12] ✓ Reset complete, nodes are clean
[19:45:12]   Next: Start your application
[exit=0]

$ bash /home/ivo/Documents/University/4to/Thesis-AAAAAAAa/Container-vs-Wasm-Service-Migration/Container/scripts/workloads/start_counter_c.sh edge-node-1
[19:45:12] Transferring counter.c to edge-node-1...
[19:45:12] Compiling counter.c on edge-node-1...
[19:45:13] Starting counter on edge-node-1...
✓ C counter running (PID: 252444)
[19:45:14] ✓ Counter started
[exit=0]
[repeat] warmup 2s

$ python3 /home/ivo/Documents/University/4to/Thesis-AAAAAAAa/Container-vs-Wasm-Service-Migration/Container/scripts/orchestrators/criu_benchmark.py precopy --source edge-node-1 --dest edge-node-2 --transfer-mode host --run-id repeat-suite-20260330-185020-precopy-host-037 --iterations 3
[19:45:17] Starting precopy migration...
[19:45:17] Source: edge-node-1, Dest: edge-node-2
[19:45:17] Transfer mode: host

[19:45:17] === PRE-COPY LIVE MIGRATION ===
[19:45:17] Step 1: Checking source process...
[19:45:17]   Using PID from /home/ubuntu/counter.pid: 252444
[19:45:17]   Last counter value (pre-dumps start): 4
[19:45:18]   Architecture: x86_64 (compatible)
[19:45:18] Step 2: Preparing dump directory...
[19:45:18] Step 3: Running 3 pre-dumps...
[19:45:18]   Pre-dump 1/3...
[19:45:20]   Pre-dump 2/3...
[19:45:21]   Pre-dump 3/3...
[19:45:22]   Total pre-dump time: 3977 ms
[19:45:22] Step 4: Final dump (freezing service)...
[19:45:23]   Frozen last counter value: 11
[19:45:23]   Expected after restore: 12
[19:45:23]   Final dump time (freeze duration): 598 ms
[19:45:23] Step 5: Creating archive...
[19:45:24]   Archive size: 31680 bytes
[19:45:24] Step 6: Transferring archive...
  Transferring /tmp/CRIU-counter.tar.gz via host...
[19:45:24]   Transfer time: 900 ms
[19:45:24] Step 7: Unpacking on destination...
[19:45:25] Step 7.5: Ensuring counter output file exists on destination...
[19:45:25] Step 7.8: Ensuring /tmp/counter binary is present on destination...
[19:45:25] Step 8: Restoring process...
[19:45:26]   Restore time: 300 ms
[19:45:26] Step 9: Verifying migration...
[19:45:29]   Expected min: 12 (after ~3.0s → ~15), Observed: 15
[19:45:29] ✓ SUCCESS: Counter continued correctly!
[19:45:29] Total downtime: 1798 ms (final_dump: 598 + transfer: 900 + restore: 300)
[19:45:29] Pre-dump time (not counted as downtime): 3977 ms
[19:45:29] Effective bandwidth: 0.28 Mbps
[19:45:29] Metrics saved to /home/ivo/Documents/University/4to/Thesis-AAAAAAAa/Container-vs-Wasm-Service-Migration/Container/metrics/migration_metrics.csv
[exit=0]

$ python3 /home/ivo/Documents/University/4to/Thesis-AAAAAAAa/Container-vs-Wasm-Service-Migration/Container/scripts/setup/reset_nodes.py edge-node-1 edge-node-2
[19:45:30] Resetting nodes: edge-node-1 -> edge-node-2
[19:45:30] Step 1: Killing any existing processes on source...
[19:45:30]   Killing PID 252444 (from /home/ubuntu/app.pid)
[19:45:31]   Killing PID 252444 (from /home/ubuntu/counter.pid)
[19:45:31]   Killing any remaining background processes...
[19:45:32] Step 2: Cleaning source node...
[19:45:33] Step 3: Cleaning destination node...
[19:45:34]   Killing all remaining counter processes on destination...
[19:45:37] ✓ Reset complete, nodes are clean
[19:45:37]   Next: Start your application
[exit=0]

$ bash /home/ivo/Documents/University/4to/Thesis-AAAAAAAa/Container-vs-Wasm-Service-Migration/Container/scripts/workloads/start_counter_c.sh edge-node-1
[19:45:37] Transferring counter.c to edge-node-1...
[19:45:37] Compiling counter.c on edge-node-1...
[19:45:37] Starting counter on edge-node-1...
✓ C counter running (PID: 253895)
[19:45:39] ✓ Counter started
[exit=0]
[repeat] warmup 2s

$ python3 /home/ivo/Documents/University/4to/Thesis-AAAAAAAa/Container-vs-Wasm-Service-Migration/Container/scripts/orchestrators/criu_benchmark.py precopy --source edge-node-1 --dest edge-node-2 --transfer-mode host --run-id repeat-suite-20260330-185020-precopy-host-038 --iterations 3
[19:45:42] Starting precopy migration...
[19:45:42] Source: edge-node-1, Dest: edge-node-2
[19:45:42] Transfer mode: host

[19:45:42] === PRE-COPY LIVE MIGRATION ===
[19:45:42] Step 1: Checking source process...
[19:45:42]   Using PID from /home/ubuntu/counter.pid: 253895
[19:45:42]   Last counter value (pre-dumps start): 4
[19:45:43]   Architecture: x86_64 (compatible)
[19:45:43] Step 2: Preparing dump directory...
[19:45:43] Step 3: Running 3 pre-dumps...
[19:45:43]   Pre-dump 1/3...
[19:45:45]   Pre-dump 2/3...
[19:45:46]   Pre-dump 3/3...
[19:45:47]   Total pre-dump time: 3980 ms
[19:45:47] Step 4: Final dump (freezing service)...
[19:45:48]   Frozen last counter value: 11
[19:45:48]   Expected after restore: 12
[19:45:48]   Final dump time (freeze duration): 604 ms
[19:45:48] Step 5: Creating archive...
[19:45:48]   Archive size: 33026 bytes
[19:45:48] Step 6: Transferring archive...
  Transferring /tmp/CRIU-counter.tar.gz via host...
[19:45:49]   Transfer time: 852 ms
[19:45:49] Step 7: Unpacking on destination...
[19:45:50] Step 7.5: Ensuring counter output file exists on destination...
[19:45:50] Step 7.8: Ensuring /tmp/counter binary is present on destination...
[19:45:50] Step 8: Restoring process...
[19:45:51]   Restore time: 327 ms
[19:45:51] Step 9: Verifying migration...
[19:45:54]   Expected min: 12 (after ~3.0s → ~15), Observed: 15
[19:45:54] ✓ SUCCESS: Counter continued correctly!
[19:45:54] Total downtime: 1783 ms (final_dump: 604 + transfer: 852 + restore: 327)
[19:45:54] Pre-dump time (not counted as downtime): 3980 ms
[19:45:54] Effective bandwidth: 0.31 Mbps
[19:45:54] Metrics saved to /home/ivo/Documents/University/4to/Thesis-AAAAAAAa/Container-vs-Wasm-Service-Migration/Container/metrics/migration_metrics.csv
[exit=0]

$ python3 /home/ivo/Documents/University/4to/Thesis-AAAAAAAa/Container-vs-Wasm-Service-Migration/Container/scripts/setup/reset_nodes.py edge-node-1 edge-node-2
[19:45:54] Resetting nodes: edge-node-1 -> edge-node-2
[19:45:54] Step 1: Killing any existing processes on source...
[19:45:55]   Killing PID 253895 (from /home/ubuntu/app.pid)
[19:45:56]   Killing PID 253895 (from /home/ubuntu/counter.pid)
[19:45:56]   Killing any remaining background processes...
[19:45:57] Step 2: Cleaning source node...
[19:45:58] Step 3: Cleaning destination node...
[19:45:59]   Killing all remaining counter processes on destination...
[19:46:02] ✓ Reset complete, nodes are clean
[19:46:02]   Next: Start your application
[exit=0]

$ bash /home/ivo/Documents/University/4to/Thesis-AAAAAAAa/Container-vs-Wasm-Service-Migration/Container/scripts/workloads/start_counter_c.sh edge-node-1
[19:46:02] Transferring counter.c to edge-node-1...
[19:46:02] Compiling counter.c on edge-node-1...
[19:46:02] Starting counter on edge-node-1...
✓ C counter running (PID: 255362)
[19:46:04] ✓ Counter started
[exit=0]
[repeat] warmup 2s

$ python3 /home/ivo/Documents/University/4to/Thesis-AAAAAAAa/Container-vs-Wasm-Service-Migration/Container/scripts/orchestrators/criu_benchmark.py precopy --source edge-node-1 --dest edge-node-2 --transfer-mode host --run-id repeat-suite-20260330-185020-precopy-host-039 --iterations 3
[19:46:06] Starting precopy migration...
[19:46:06] Source: edge-node-1, Dest: edge-node-2
[19:46:06] Transfer mode: host

[19:46:06] === PRE-COPY LIVE MIGRATION ===
[19:46:06] Step 1: Checking source process...
[19:46:07]   Using PID from /home/ubuntu/counter.pid: 255362
[19:46:07]   Last counter value (pre-dumps start): 4
[19:46:08]   Architecture: x86_64 (compatible)
[19:46:08] Step 2: Preparing dump directory...
[19:46:08] Step 3: Running 3 pre-dumps...
[19:46:08]   Pre-dump 1/3...
[19:46:09]   Pre-dump 2/3...
[19:46:11]   Pre-dump 3/3...
[19:46:12]   Total pre-dump time: 3981 ms
[19:46:12] Step 4: Final dump (freezing service)...
[19:46:13]   Frozen last counter value: 11
[19:46:13]   Expected after restore: 12
[19:46:13]   Final dump time (freeze duration): 740 ms
[19:46:13] Step 5: Creating archive...
[19:46:13]   Archive size: 33037 bytes
[19:46:13] Step 6: Transferring archive...
  Transferring /tmp/CRIU-counter.tar.gz via host...
[19:46:14]   Transfer time: 870 ms
[19:46:14] Step 7: Unpacking on destination...
[19:46:15] Step 7.5: Ensuring counter output file exists on destination...
[19:46:15] Step 7.8: Ensuring /tmp/counter binary is present on destination...
[19:46:15] Step 8: Restoring process...
[19:46:16]   Restore time: 315 ms
[19:46:16] Step 9: Verifying migration...
[19:46:19]   Expected min: 12 (after ~3.0s → ~15), Observed: 15
[19:46:19] ✓ SUCCESS: Counter continued correctly!
[19:46:19] Total downtime: 1925 ms (final_dump: 740 + transfer: 870 + restore: 315)
[19:46:19] Pre-dump time (not counted as downtime): 3981 ms
[19:46:19] Effective bandwidth: 0.30 Mbps
[19:46:19] Metrics saved to /home/ivo/Documents/University/4to/Thesis-AAAAAAAa/Container-vs-Wasm-Service-Migration/Container/metrics/migration_metrics.csv
[exit=0]

$ python3 /home/ivo/Documents/University/4to/Thesis-AAAAAAAa/Container-vs-Wasm-Service-Migration/Container/scripts/setup/reset_nodes.py edge-node-1 edge-node-2
[19:46:20] Resetting nodes: edge-node-1 -> edge-node-2
[19:46:20] Step 1: Killing any existing processes on source...
[19:46:20]   Killing PID 255362 (from /home/ubuntu/app.pid)
[19:46:21]   Killing PID 255362 (from /home/ubuntu/counter.pid)
[19:46:21]   Killing any remaining background processes...
[19:46:22] Step 2: Cleaning source node...
[19:46:23] Step 3: Cleaning destination node...
[19:46:24]   Killing all remaining counter processes on destination...
[19:46:27] ✓ Reset complete, nodes are clean
[19:46:27]   Next: Start your application
[exit=0]

$ bash /home/ivo/Documents/University/4to/Thesis-AAAAAAAa/Container-vs-Wasm-Service-Migration/Container/scripts/workloads/start_counter_c.sh edge-node-1
[19:46:27] Transferring counter.c to edge-node-1...
[19:46:27] Compiling counter.c on edge-node-1...
[19:46:27] Starting counter on edge-node-1...
✓ C counter running (PID: 256812)
[19:46:29] ✓ Counter started
[exit=0]
[repeat] warmup 2s

$ python3 /home/ivo/Documents/University/4to/Thesis-AAAAAAAa/Container-vs-Wasm-Service-Migration/Container/scripts/orchestrators/criu_benchmark.py precopy --source edge-node-1 --dest edge-node-2 --transfer-mode host --run-id repeat-suite-20260330-185020-precopy-host-040 --iterations 3
[19:46:31] Starting precopy migration...
[19:46:31] Source: edge-node-1, Dest: edge-node-2
[19:46:31] Transfer mode: host

[19:46:31] === PRE-COPY LIVE MIGRATION ===
[19:46:31] Step 1: Checking source process...
[19:46:32]   Using PID from /home/ubuntu/counter.pid: 256812
[19:46:32]   Last counter value (pre-dumps start): 4
[19:46:33]   Architecture: x86_64 (compatible)
[19:46:33] Step 2: Preparing dump directory...
[19:46:33] Step 3: Running 3 pre-dumps...
[19:46:33]   Pre-dump 1/3...
[19:46:34]   Pre-dump 2/3...
[19:46:36]   Pre-dump 3/3...
[19:46:37]   Total pre-dump time: 3939 ms
[19:46:37] Step 4: Final dump (freezing service)...
[19:46:38]   Frozen last counter value: 11
[19:46:38]   Expected after restore: 12
[19:46:38]   Final dump time (freeze duration): 630 ms
[19:46:38] Step 5: Creating archive...
[19:46:38]   Archive size: 32496 bytes
[19:46:38] Step 6: Transferring archive...
  Transferring /tmp/CRIU-counter.tar.gz via host...
[19:46:39]   Transfer time: 944 ms
[19:46:39] Step 7: Unpacking on destination...
[19:46:40] Step 7.5: Ensuring counter output file exists on destination...
[19:46:40] Step 7.8: Ensuring /tmp/counter binary is present on destination...
[19:46:40] Step 8: Restoring process...
[19:46:40]   Restore time: 325 ms
[19:46:40] Step 9: Verifying migration...
[19:46:44]   Expected min: 12 (after ~3.0s → ~15), Observed: 15
[19:46:44] ✓ SUCCESS: Counter continued correctly!
[19:46:44] Total downtime: 1899 ms (final_dump: 630 + transfer: 944 + restore: 325)
[19:46:44] Pre-dump time (not counted as downtime): 3939 ms
[19:46:44] Effective bandwidth: 0.28 Mbps
[19:46:44] Metrics saved to /home/ivo/Documents/University/4to/Thesis-AAAAAAAa/Container-vs-Wasm-Service-Migration/Container/metrics/migration_metrics.csv
[exit=0]

$ python3 /home/ivo/Documents/University/4to/Thesis-AAAAAAAa/Container-vs-Wasm-Service-Migration/Container/scripts/setup/reset_nodes.py edge-node-1 edge-node-2
[19:46:45] Resetting nodes: edge-node-1 -> edge-node-2
[19:46:45] Step 1: Killing any existing processes on source...
[19:46:45]   Killing PID 256812 (from /home/ubuntu/app.pid)
[19:46:46]   Killing PID 256812 (from /home/ubuntu/counter.pid)
[19:46:46]   Killing any remaining background processes...
[19:46:47] Step 2: Cleaning source node...
[19:46:48] Step 3: Cleaning destination node...
[19:46:49]   Killing all remaining counter processes on destination...
[19:46:52] ✓ Reset complete, nodes are clean
[19:46:52]   Next: Start your application
[exit=0]

$ bash /home/ivo/Documents/University/4to/Thesis-AAAAAAAa/Container-vs-Wasm-Service-Migration/Container/scripts/workloads/start_counter_c.sh edge-node-1
[19:46:52] Transferring counter.c to edge-node-1...
[19:46:52] Compiling counter.c on edge-node-1...
[19:46:52] Starting counter on edge-node-1...
✓ C counter running (PID: 258279)
[19:46:54] ✓ Counter started
[exit=0]
[repeat] warmup 2s

$ python3 /home/ivo/Documents/University/4to/Thesis-AAAAAAAa/Container-vs-Wasm-Service-Migration/Container/scripts/orchestrators/criu_benchmark.py precopy --source edge-node-1 --dest edge-node-2 --transfer-mode host --run-id repeat-suite-20260330-185020-precopy-host-041 --iterations 3
[19:46:56] Starting precopy migration...
[19:46:56] Source: edge-node-1, Dest: edge-node-2
[19:46:56] Transfer mode: host

[19:46:56] === PRE-COPY LIVE MIGRATION ===
[19:46:56] Step 1: Checking source process...
[19:46:57]   Using PID from /home/ubuntu/counter.pid: 258279
[19:46:57]   Last counter value (pre-dumps start): 4
[19:46:58]   Architecture: x86_64 (compatible)
[19:46:58] Step 2: Preparing dump directory...
[19:46:58] Step 3: Running 3 pre-dumps...
[19:46:58]   Pre-dump 1/3...
[19:46:59]   Pre-dump 2/3...
[19:47:01]   Pre-dump 3/3...
[19:47:02]   Total pre-dump time: 4003 ms
[19:47:02] Step 4: Final dump (freezing service)...
[19:47:03]   Frozen last counter value: 11
[19:47:03]   Expected after restore: 12
[19:47:03]   Final dump time (freeze duration): 595 ms
[19:47:03] Step 5: Creating archive...
[19:47:03]   Archive size: 31663 bytes
[19:47:03] Step 6: Transferring archive...
  Transferring /tmp/CRIU-counter.tar.gz via host...
[19:47:05]   Transfer time: 1179 ms
[19:47:05] Step 7: Unpacking on destination...
[19:47:05] Step 7.5: Ensuring counter output file exists on destination...
[19:47:05] Step 7.8: Ensuring /tmp/counter binary is present on destination...
[19:47:05] Step 8: Restoring process...
[19:47:06]   Restore time: 329 ms
[19:47:06] Step 9: Verifying migration...
[19:47:09]   Expected min: 12 (after ~3.0s → ~15), Observed: 15
[19:47:09] ✓ SUCCESS: Counter continued correctly!
[19:47:09] Total downtime: 2103 ms (final_dump: 595 + transfer: 1179 + restore: 329)
[19:47:09] Pre-dump time (not counted as downtime): 4003 ms
[19:47:09] Effective bandwidth: 0.21 Mbps
[19:47:09] Metrics saved to /home/ivo/Documents/University/4to/Thesis-AAAAAAAa/Container-vs-Wasm-Service-Migration/Container/metrics/migration_metrics.csv
[exit=0]

$ python3 /home/ivo/Documents/University/4to/Thesis-AAAAAAAa/Container-vs-Wasm-Service-Migration/Container/scripts/setup/reset_nodes.py edge-node-1 edge-node-2
[19:47:10] Resetting nodes: edge-node-1 -> edge-node-2
[19:47:10] Step 1: Killing any existing processes on source...
[19:47:10]   Killing PID 258279 (from /home/ubuntu/app.pid)
[19:47:11]   Killing PID 258279 (from /home/ubuntu/counter.pid)
[19:47:11]   Killing any remaining background processes...
[19:47:12] Step 2: Cleaning source node...
[19:47:13] Step 3: Cleaning destination node...
[19:47:14]   Killing all remaining counter processes on destination...
[19:47:17] ✓ Reset complete, nodes are clean
[19:47:17]   Next: Start your application
[exit=0]

$ bash /home/ivo/Documents/University/4to/Thesis-AAAAAAAa/Container-vs-Wasm-Service-Migration/Container/scripts/workloads/start_counter_c.sh edge-node-1
[19:47:17] Transferring counter.c to edge-node-1...
[19:47:17] Compiling counter.c on edge-node-1...
[19:47:17] Starting counter on edge-node-1...
✓ C counter running (PID: 259729)
[19:47:19] ✓ Counter started
[exit=0]
[repeat] warmup 2s

$ python3 /home/ivo/Documents/University/4to/Thesis-AAAAAAAa/Container-vs-Wasm-Service-Migration/Container/scripts/orchestrators/criu_benchmark.py precopy --source edge-node-1 --dest edge-node-2 --transfer-mode host --run-id repeat-suite-20260330-185020-precopy-host-042 --iterations 3
[19:47:21] Starting precopy migration...
[19:47:21] Source: edge-node-1, Dest: edge-node-2
[19:47:21] Transfer mode: host

[19:47:21] === PRE-COPY LIVE MIGRATION ===
[19:47:21] Step 1: Checking source process...
[19:47:22]   Using PID from /home/ubuntu/counter.pid: 259729
[19:47:22]   Last counter value (pre-dumps start): 4
[19:47:23]   Architecture: x86_64 (compatible)
[19:47:23] Step 2: Preparing dump directory...
[19:47:23] Step 3: Running 3 pre-dumps...
[19:47:23]   Pre-dump 1/3...
[19:47:25]   Pre-dump 2/3...
[19:47:26]   Pre-dump 3/3...
[19:47:27]   Total pre-dump time: 3981 ms
[19:47:27] Step 4: Final dump (freezing service)...
[19:47:28]   Frozen last counter value: 11
[19:47:28]   Expected after restore: 12
[19:47:28]   Final dump time (freeze duration): 627 ms
[19:47:28] Step 5: Creating archive...
[19:47:28]   Archive size: 33076 bytes
[19:47:28] Step 6: Transferring archive...
  Transferring /tmp/CRIU-counter.tar.gz via host...
[19:47:29]   Transfer time: 902 ms
[19:47:29] Step 7: Unpacking on destination...
[19:47:30] Step 7.5: Ensuring counter output file exists on destination...
[19:47:30] Step 7.8: Ensuring /tmp/counter binary is present on destination...
[19:47:30] Step 8: Restoring process...
[19:47:31]   Restore time: 310 ms
[19:47:31] Step 9: Verifying migration...
[19:47:34]   Expected min: 12 (after ~3.0s → ~15), Observed: 15
[19:47:34] ✓ SUCCESS: Counter continued correctly!
[19:47:34] Total downtime: 1839 ms (final_dump: 627 + transfer: 902 + restore: 310)
[19:47:34] Pre-dump time (not counted as downtime): 3981 ms
[19:47:34] Effective bandwidth: 0.29 Mbps
[19:47:34] Metrics saved to /home/ivo/Documents/University/4to/Thesis-AAAAAAAa/Container-vs-Wasm-Service-Migration/Container/metrics/migration_metrics.csv
[exit=0]

$ python3 /home/ivo/Documents/University/4to/Thesis-AAAAAAAa/Container-vs-Wasm-Service-Migration/Container/scripts/setup/reset_nodes.py edge-node-1 edge-node-2
[19:47:35] Resetting nodes: edge-node-1 -> edge-node-2
[19:47:35] Step 1: Killing any existing processes on source...
[19:47:35]   Killing PID 259729 (from /home/ubuntu/app.pid)
[19:47:36]   Killing PID 259729 (from /home/ubuntu/counter.pid)
[19:47:36]   Killing any remaining background processes...
[19:47:37] Step 2: Cleaning source node...
[19:47:38] Step 3: Cleaning destination node...
[19:47:39]   Killing all remaining counter processes on destination...
[19:47:42] ✓ Reset complete, nodes are clean
[19:47:42]   Next: Start your application
[exit=0]

$ bash /home/ivo/Documents/University/4to/Thesis-AAAAAAAa/Container-vs-Wasm-Service-Migration/Container/scripts/workloads/start_counter_c.sh edge-node-1
[19:47:42] Transferring counter.c to edge-node-1...
[19:47:42] Compiling counter.c on edge-node-1...
[19:47:42] Starting counter on edge-node-1...
✓ C counter running (PID: 261179)
[19:47:44] ✓ Counter started
[exit=0]
[repeat] warmup 2s

$ python3 /home/ivo/Documents/University/4to/Thesis-AAAAAAAa/Container-vs-Wasm-Service-Migration/Container/scripts/orchestrators/criu_benchmark.py precopy --source edge-node-1 --dest edge-node-2 --transfer-mode host --run-id repeat-suite-20260330-185020-precopy-host-043 --iterations 3
[19:47:47] Starting precopy migration...
[19:47:47] Source: edge-node-1, Dest: edge-node-2
[19:47:47] Transfer mode: host

[19:47:47] === PRE-COPY LIVE MIGRATION ===
[19:47:47] Step 1: Checking source process...
[19:47:47]   Using PID from /home/ubuntu/counter.pid: 261179
[19:47:47]   Last counter value (pre-dumps start): 4
[19:47:48]   Architecture: x86_64 (compatible)
[19:47:48] Step 2: Preparing dump directory...
[19:47:48] Step 3: Running 3 pre-dumps...
[19:47:48]   Pre-dump 1/3...
[19:47:50]   Pre-dump 2/3...
[19:47:51]   Pre-dump 3/3...
[19:47:52]   Total pre-dump time: 3942 ms
[19:47:52] Step 4: Final dump (freezing service)...
[19:47:53]   Frozen last counter value: 12
[19:47:53]   Expected after restore: 13
[19:47:53]   Final dump time (freeze duration): 594 ms
[19:47:53] Step 5: Creating archive...
[19:47:54]   Archive size: 31849 bytes
[19:47:54] Step 6: Transferring archive...
  Transferring /tmp/CRIU-counter.tar.gz via host...
[19:47:54]   Transfer time: 897 ms
[19:47:54] Step 7: Unpacking on destination...
[19:47:55] Step 7.5: Ensuring counter output file exists on destination...
[19:47:55] Step 7.8: Ensuring /tmp/counter binary is present on destination...
[19:47:55] Step 8: Restoring process...
[19:47:56]   Restore time: 317 ms
[19:47:56] Step 9: Verifying migration...
[19:47:59]   Expected min: 13 (after ~3.0s → ~16), Observed: 16
[19:47:59] ✓ SUCCESS: Counter continued correctly!
[19:47:59] Total downtime: 1808 ms (final_dump: 594 + transfer: 897 + restore: 317)
[19:47:59] Pre-dump time (not counted as downtime): 3942 ms
[19:47:59] Effective bandwidth: 0.28 Mbps
[19:47:59] Metrics saved to /home/ivo/Documents/University/4to/Thesis-AAAAAAAa/Container-vs-Wasm-Service-Migration/Container/metrics/migration_metrics.csv
[exit=0]

$ python3 /home/ivo/Documents/University/4to/Thesis-AAAAAAAa/Container-vs-Wasm-Service-Migration/Container/scripts/setup/reset_nodes.py edge-node-1 edge-node-2
[19:48:00] Resetting nodes: edge-node-1 -> edge-node-2
[19:48:00] Step 1: Killing any existing processes on source...
[19:48:00]   Killing PID 261179 (from /home/ubuntu/app.pid)
[19:48:01]   Killing PID 261179 (from /home/ubuntu/counter.pid)
[19:48:01]   Killing any remaining background processes...
[19:48:02] Step 2: Cleaning source node...
[19:48:03] Step 3: Cleaning destination node...
[19:48:04]   Killing all remaining counter processes on destination...
[19:48:07] ✓ Reset complete, nodes are clean
[19:48:07]   Next: Start your application
[exit=0]

$ bash /home/ivo/Documents/University/4to/Thesis-AAAAAAAa/Container-vs-Wasm-Service-Migration/Container/scripts/workloads/start_counter_c.sh edge-node-1
[19:48:07] Transferring counter.c to edge-node-1...
[19:48:07] Compiling counter.c on edge-node-1...
[19:48:08] Starting counter on edge-node-1...
✓ C counter running (PID: 262647)
[19:48:09] ✓ Counter started
[exit=0]
[repeat] warmup 2s

$ python3 /home/ivo/Documents/University/4to/Thesis-AAAAAAAa/Container-vs-Wasm-Service-Migration/Container/scripts/orchestrators/criu_benchmark.py precopy --source edge-node-1 --dest edge-node-2 --transfer-mode host --run-id repeat-suite-20260330-185020-precopy-host-044 --iterations 3
[19:48:12] Starting precopy migration...
[19:48:12] Source: edge-node-1, Dest: edge-node-2
[19:48:12] Transfer mode: host

[19:48:12] === PRE-COPY LIVE MIGRATION ===
[19:48:12] Step 1: Checking source process...
[19:48:12]   Using PID from /home/ubuntu/counter.pid: 262647
[19:48:13]   Last counter value (pre-dumps start): 4
[19:48:13]   Architecture: x86_64 (compatible)
[19:48:13] Step 2: Preparing dump directory...
[19:48:14] Step 3: Running 3 pre-dumps...
[19:48:14]   Pre-dump 1/3...
[19:48:15]   Pre-dump 2/3...
[19:48:16]   Pre-dump 3/3...
[19:48:18]   Total pre-dump time: 3941 ms
[19:48:18] Step 4: Final dump (freezing service)...
[19:48:18]   Frozen last counter value: 11
[19:48:18]   Expected after restore: 12
[19:48:18]   Final dump time (freeze duration): 634 ms
[19:48:18] Step 5: Creating archive...
[19:48:19]   Archive size: 32317 bytes
[19:48:19] Step 6: Transferring archive...
  Transferring /tmp/CRIU-counter.tar.gz via host...
[19:48:20]   Transfer time: 901 ms
[19:48:20] Step 7: Unpacking on destination...
[19:48:20] Step 7.5: Ensuring counter output file exists on destination...
[19:48:20] Step 7.8: Ensuring /tmp/counter binary is present on destination...
[19:48:21] Step 8: Restoring process...
[19:48:21]   Restore time: 313 ms
[19:48:21] Step 9: Verifying migration...
[19:48:24]   Expected min: 12 (after ~3.0s → ~15), Observed: 15
[19:48:24] ✓ SUCCESS: Counter continued correctly!
[19:48:24] Total downtime: 1848 ms (final_dump: 634 + transfer: 901 + restore: 313)
[19:48:24] Pre-dump time (not counted as downtime): 3941 ms
[19:48:24] Effective bandwidth: 0.29 Mbps
[19:48:24] Metrics saved to /home/ivo/Documents/University/4to/Thesis-AAAAAAAa/Container-vs-Wasm-Service-Migration/Container/metrics/migration_metrics.csv
[exit=0]

$ python3 /home/ivo/Documents/University/4to/Thesis-AAAAAAAa/Container-vs-Wasm-Service-Migration/Container/scripts/setup/reset_nodes.py edge-node-1 edge-node-2
[19:48:25] Resetting nodes: edge-node-1 -> edge-node-2
[19:48:25] Step 1: Killing any existing processes on source...
[19:48:25]   Killing PID 262647 (from /home/ubuntu/app.pid)
[19:48:26]   Killing PID 262647 (from /home/ubuntu/counter.pid)
[19:48:26]   Killing any remaining background processes...
[19:48:27] Step 2: Cleaning source node...
[19:48:28] Step 3: Cleaning destination node...
[19:48:29]   Killing all remaining counter processes on destination...
[19:48:32] ✓ Reset complete, nodes are clean
[19:48:32]   Next: Start your application
[exit=0]

$ bash /home/ivo/Documents/University/4to/Thesis-AAAAAAAa/Container-vs-Wasm-Service-Migration/Container/scripts/workloads/start_counter_c.sh edge-node-1
[19:48:32] Transferring counter.c to edge-node-1...
[19:48:32] Compiling counter.c on edge-node-1...
[19:48:32] Starting counter on edge-node-1...
✓ C counter running (PID: 264097)
[19:48:34] ✓ Counter started
[exit=0]
[repeat] warmup 2s

$ python3 /home/ivo/Documents/University/4to/Thesis-AAAAAAAa/Container-vs-Wasm-Service-Migration/Container/scripts/orchestrators/criu_benchmark.py precopy --source edge-node-1 --dest edge-node-2 --transfer-mode host --run-id repeat-suite-20260330-185020-precopy-host-045 --iterations 3
[19:48:36] Starting precopy migration...
[19:48:36] Source: edge-node-1, Dest: edge-node-2
[19:48:36] Transfer mode: host

[19:48:36] === PRE-COPY LIVE MIGRATION ===
[19:48:36] Step 1: Checking source process...
[19:48:37]   Using PID from /home/ubuntu/counter.pid: 264097
[19:48:37]   Last counter value (pre-dumps start): 4
[19:48:38]   Architecture: x86_64 (compatible)
[19:48:38] Step 2: Preparing dump directory...
[19:48:38] Step 3: Running 3 pre-dumps...
[19:48:38]   Pre-dump 1/3...
[19:48:40]   Pre-dump 2/3...
[19:48:41]   Pre-dump 3/3...
[19:48:42]   Total pre-dump time: 3998 ms
[19:48:42] Step 4: Final dump (freezing service)...
[19:48:43]   Frozen last counter value: 11
[19:48:43]   Expected after restore: 12
[19:48:43]   Final dump time (freeze duration): 615 ms
[19:48:43] Step 5: Creating archive...
[19:48:43]   Archive size: 31755 bytes
[19:48:43] Step 6: Transferring archive...
  Transferring /tmp/CRIU-counter.tar.gz via host...
[19:48:44]   Transfer time: 903 ms
[19:48:44] Step 7: Unpacking on destination...
[19:48:45] Step 7.5: Ensuring counter output file exists on destination...
[19:48:45] Step 7.8: Ensuring /tmp/counter binary is present on destination...
[19:48:45] Step 8: Restoring process...
[19:48:46]   Restore time: 312 ms
[19:48:46] Step 9: Verifying migration...
[19:48:49]   Expected min: 12 (after ~3.0s → ~15), Observed: 15
[19:48:49] ✓ SUCCESS: Counter continued correctly!
[19:48:49] Total downtime: 1830 ms (final_dump: 615 + transfer: 903 + restore: 312)
[19:48:49] Pre-dump time (not counted as downtime): 3998 ms
[19:48:49] Effective bandwidth: 0.28 Mbps
[19:48:49] Metrics saved to /home/ivo/Documents/University/4to/Thesis-AAAAAAAa/Container-vs-Wasm-Service-Migration/Container/metrics/migration_metrics.csv
[exit=0]

$ python3 /home/ivo/Documents/University/4to/Thesis-AAAAAAAa/Container-vs-Wasm-Service-Migration/Container/scripts/setup/reset_nodes.py edge-node-1 edge-node-2
[19:48:50] Resetting nodes: edge-node-1 -> edge-node-2
[19:48:50] Step 1: Killing any existing processes on source...
[19:48:50]   Killing PID 264097 (from /home/ubuntu/app.pid)
[19:48:51]   Killing PID 264097 (from /home/ubuntu/counter.pid)
[19:48:51]   Killing any remaining background processes...
[19:48:52] Step 2: Cleaning source node...
[19:48:53] Step 3: Cleaning destination node...
[19:48:54]   Killing all remaining counter processes on destination...
[19:48:57] ✓ Reset complete, nodes are clean
[19:48:57]   Next: Start your application
[exit=0]

$ bash /home/ivo/Documents/University/4to/Thesis-AAAAAAAa/Container-vs-Wasm-Service-Migration/Container/scripts/workloads/start_counter_c.sh edge-node-1
[19:48:57] Transferring counter.c to edge-node-1...
[19:48:57] Compiling counter.c on edge-node-1...
[19:48:58] Starting counter on edge-node-1...
✓ C counter running (PID: 265609)
[19:48:59] ✓ Counter started
[exit=0]
[repeat] warmup 2s

$ python3 /home/ivo/Documents/University/4to/Thesis-AAAAAAAa/Container-vs-Wasm-Service-Migration/Container/scripts/orchestrators/criu_benchmark.py precopy --source edge-node-1 --dest edge-node-2 --transfer-mode host --run-id repeat-suite-20260330-185020-precopy-host-046 --iterations 3
[19:49:02] Starting precopy migration...
[19:49:02] Source: edge-node-1, Dest: edge-node-2
[19:49:02] Transfer mode: host

[19:49:02] === PRE-COPY LIVE MIGRATION ===
[19:49:02] Step 1: Checking source process...
[19:49:02]   Using PID from /home/ubuntu/counter.pid: 265609
[19:49:02]   Last counter value (pre-dumps start): 4
[19:49:03]   Architecture: x86_64 (compatible)
[19:49:03] Step 2: Preparing dump directory...
[19:49:03] Step 3: Running 3 pre-dumps...
[19:49:03]   Pre-dump 1/3...
[19:49:05]   Pre-dump 2/3...
[19:49:06]   Pre-dump 3/3...
[19:49:07]   Total pre-dump time: 3969 ms
[19:49:07] Step 4: Final dump (freezing service)...
[19:49:08]   Frozen last counter value: 11
[19:49:08]   Expected after restore: 12
[19:49:08]   Final dump time (freeze duration): 591 ms
[19:49:08] Step 5: Creating archive...
[19:49:08]   Archive size: 31854 bytes
[19:49:08] Step 6: Transferring archive...
  Transferring /tmp/CRIU-counter.tar.gz via host...
[19:49:10]   Transfer time: 1194 ms
[19:49:10] Step 7: Unpacking on destination...
[19:49:10] Step 7.5: Ensuring counter output file exists on destination...
[19:49:10] Step 7.8: Ensuring /tmp/counter binary is present on destination...
[19:49:11] Step 8: Restoring process...
[19:49:11]   Restore time: 324 ms
[19:49:11] Step 9: Verifying migration...
[19:49:14]   Expected min: 12 (after ~3.0s → ~15), Observed: 15
[19:49:14] ✓ SUCCESS: Counter continued correctly!
[19:49:14] Total downtime: 2109 ms (final_dump: 591 + transfer: 1194 + restore: 324)
[19:49:14] Pre-dump time (not counted as downtime): 3969 ms
[19:49:14] Effective bandwidth: 0.21 Mbps
[19:49:14] Metrics saved to /home/ivo/Documents/University/4to/Thesis-AAAAAAAa/Container-vs-Wasm-Service-Migration/Container/metrics/migration_metrics.csv
[exit=0]

$ python3 /home/ivo/Documents/University/4to/Thesis-AAAAAAAa/Container-vs-Wasm-Service-Migration/Container/scripts/setup/reset_nodes.py edge-node-1 edge-node-2
[19:49:15] Resetting nodes: edge-node-1 -> edge-node-2
[19:49:15] Step 1: Killing any existing processes on source...
[19:49:15]   Killing PID 265609 (from /home/ubuntu/app.pid)
[19:49:16]   Killing PID 265609 (from /home/ubuntu/counter.pid)
[19:49:17]   Killing any remaining background processes...
[19:49:17] Step 2: Cleaning source node...
[19:49:19] Step 3: Cleaning destination node...
[19:49:19]   Killing all remaining counter processes on destination...
[19:49:22] ✓ Reset complete, nodes are clean
[19:49:22]   Next: Start your application
[exit=0]

$ bash /home/ivo/Documents/University/4to/Thesis-AAAAAAAa/Container-vs-Wasm-Service-Migration/Container/scripts/workloads/start_counter_c.sh edge-node-1
[19:49:22] Transferring counter.c to edge-node-1...
[19:49:22] Compiling counter.c on edge-node-1...
[19:49:23] Starting counter on edge-node-1...
✓ C counter running (PID: 267083)
[19:49:24] ✓ Counter started
[exit=0]
[repeat] warmup 2s

$ python3 /home/ivo/Documents/University/4to/Thesis-AAAAAAAa/Container-vs-Wasm-Service-Migration/Container/scripts/orchestrators/criu_benchmark.py precopy --source edge-node-1 --dest edge-node-2 --transfer-mode host --run-id repeat-suite-20260330-185020-precopy-host-047 --iterations 3
[19:49:27] Starting precopy migration...
[19:49:27] Source: edge-node-1, Dest: edge-node-2
[19:49:27] Transfer mode: host

[19:49:27] === PRE-COPY LIVE MIGRATION ===
[19:49:27] Step 1: Checking source process...
[19:49:27]   Using PID from /home/ubuntu/counter.pid: 267083
[19:49:27]   Last counter value (pre-dumps start): 4
[19:49:28]   Architecture: x86_64 (compatible)
[19:49:28] Step 2: Preparing dump directory...
[19:49:28] Step 3: Running 3 pre-dumps...
[19:49:28]   Pre-dump 1/3...
[19:49:30]   Pre-dump 2/3...
[19:49:31]   Pre-dump 3/3...
[19:49:32]   Total pre-dump time: 3959 ms
[19:49:32] Step 4: Final dump (freezing service)...
[19:49:33]   Frozen last counter value: 11
[19:49:33]   Expected after restore: 12
[19:49:33]   Final dump time (freeze duration): 678 ms
[19:49:33] Step 5: Creating archive...
[19:49:34]   Archive size: 32955 bytes
[19:49:34] Step 6: Transferring archive...
  Transferring /tmp/CRIU-counter.tar.gz via host...
[19:49:34]   Transfer time: 890 ms
[19:49:34] Step 7: Unpacking on destination...
[19:49:35] Step 7.5: Ensuring counter output file exists on destination...
[19:49:35] Step 7.8: Ensuring /tmp/counter binary is present on destination...
[19:49:35] Step 8: Restoring process...
[19:49:36]   Restore time: 403 ms
[19:49:36] Step 9: Verifying migration...
[19:49:39]   Expected min: 12 (after ~3.0s → ~15), Observed: 15
[19:49:39] ✓ SUCCESS: Counter continued correctly!
[19:49:39] Total downtime: 1971 ms (final_dump: 678 + transfer: 890 + restore: 403)
[19:49:39] Pre-dump time (not counted as downtime): 3959 ms
[19:49:39] Effective bandwidth: 0.30 Mbps
[19:49:39] Metrics saved to /home/ivo/Documents/University/4to/Thesis-AAAAAAAa/Container-vs-Wasm-Service-Migration/Container/metrics/migration_metrics.csv
[exit=0]

$ python3 /home/ivo/Documents/University/4to/Thesis-AAAAAAAa/Container-vs-Wasm-Service-Migration/Container/scripts/setup/reset_nodes.py edge-node-1 edge-node-2
[19:49:40] Resetting nodes: edge-node-1 -> edge-node-2
[19:49:40] Step 1: Killing any existing processes on source...
[19:49:40]   Killing PID 267083 (from /home/ubuntu/app.pid)
[19:49:41]   Killing PID 267083 (from /home/ubuntu/counter.pid)
[19:49:41]   Killing any remaining background processes...
[19:49:42] Step 2: Cleaning source node...
[19:49:43] Step 3: Cleaning destination node...
[19:49:44]   Killing all remaining counter processes on destination...
[19:49:47] ✓ Reset complete, nodes are clean
[19:49:47]   Next: Start your application
[exit=0]

$ bash /home/ivo/Documents/University/4to/Thesis-AAAAAAAa/Container-vs-Wasm-Service-Migration/Container/scripts/workloads/start_counter_c.sh edge-node-1
[19:49:47] Transferring counter.c to edge-node-1...
[19:49:47] Compiling counter.c on edge-node-1...
[19:49:47] Starting counter on edge-node-1...
✓ C counter running (PID: 268570)
[19:49:49] ✓ Counter started
[exit=0]
[repeat] warmup 2s

$ python3 /home/ivo/Documents/University/4to/Thesis-AAAAAAAa/Container-vs-Wasm-Service-Migration/Container/scripts/orchestrators/criu_benchmark.py precopy --source edge-node-1 --dest edge-node-2 --transfer-mode host --run-id repeat-suite-20260330-185020-precopy-host-048 --iterations 3
[19:49:52] Starting precopy migration...
[19:49:52] Source: edge-node-1, Dest: edge-node-2
[19:49:52] Transfer mode: host

[19:49:52] === PRE-COPY LIVE MIGRATION ===
[19:49:52] Step 1: Checking source process...
[19:49:52]   Using PID from /home/ubuntu/counter.pid: 268570
[19:49:53]   Last counter value (pre-dumps start): 4
[19:49:53]   Architecture: x86_64 (compatible)
[19:49:53] Step 2: Preparing dump directory...
[19:49:54] Step 3: Running 3 pre-dumps...
[19:49:54]   Pre-dump 1/3...
[19:49:55]   Pre-dump 2/3...
[19:49:56]   Pre-dump 3/3...
[19:49:57]   Total pre-dump time: 3961 ms
[19:49:57] Step 4: Final dump (freezing service)...
[19:49:58]   Frozen last counter value: 12
[19:49:58]   Expected after restore: 13
[19:49:58]   Final dump time (freeze duration): 626 ms
[19:49:58] Step 5: Creating archive...
[19:49:59]   Archive size: 31859 bytes
[19:49:59] Step 6: Transferring archive...
  Transferring /tmp/CRIU-counter.tar.gz via host...
[19:50:00]   Transfer time: 916 ms
[19:50:00] Step 7: Unpacking on destination...
[19:50:00] Step 7.5: Ensuring counter output file exists on destination...
[19:50:00] Step 7.8: Ensuring /tmp/counter binary is present on destination...
[19:50:01] Step 8: Restoring process...
[19:50:01]   Restore time: 320 ms
[19:50:01] Step 9: Verifying migration...
[19:50:04]   Expected min: 13 (after ~3.0s → ~16), Observed: 16
[19:50:04] ✓ SUCCESS: Counter continued correctly!
[19:50:04] Total downtime: 1862 ms (final_dump: 626 + transfer: 916 + restore: 320)
[19:50:04] Pre-dump time (not counted as downtime): 3961 ms
[19:50:04] Effective bandwidth: 0.28 Mbps
[19:50:04] Metrics saved to /home/ivo/Documents/University/4to/Thesis-AAAAAAAa/Container-vs-Wasm-Service-Migration/Container/metrics/migration_metrics.csv
[exit=0]

$ python3 /home/ivo/Documents/University/4to/Thesis-AAAAAAAa/Container-vs-Wasm-Service-Migration/Container/scripts/setup/reset_nodes.py edge-node-1 edge-node-2
[19:50:05] Resetting nodes: edge-node-1 -> edge-node-2
[19:50:05] Step 1: Killing any existing processes on source...
[19:50:05]   Killing PID 268570 (from /home/ubuntu/app.pid)
[19:50:06]   Killing PID 268570 (from /home/ubuntu/counter.pid)
[19:50:06]   Killing any remaining background processes...
[19:50:07] Step 2: Cleaning source node...
[19:50:08] Step 3: Cleaning destination node...
[19:50:09]   Killing all remaining counter processes on destination...
[19:50:12] ✓ Reset complete, nodes are clean
[19:50:12]   Next: Start your application
[exit=0]

$ bash /home/ivo/Documents/University/4to/Thesis-AAAAAAAa/Container-vs-Wasm-Service-Migration/Container/scripts/workloads/start_counter_c.sh edge-node-1
[19:50:12] Transferring counter.c to edge-node-1...
[19:50:13] Compiling counter.c on edge-node-1...
[19:50:13] Starting counter on edge-node-1...
✓ C counter running (PID: 270059)
[19:50:14] ✓ Counter started
[exit=0]
[repeat] warmup 2s

$ python3 /home/ivo/Documents/University/4to/Thesis-AAAAAAAa/Container-vs-Wasm-Service-Migration/Container/scripts/orchestrators/criu_benchmark.py precopy --source edge-node-1 --dest edge-node-2 --transfer-mode host --run-id repeat-suite-20260330-185020-precopy-host-049 --iterations 3
[19:50:17] Starting precopy migration...
[19:50:17] Source: edge-node-1, Dest: edge-node-2
[19:50:17] Transfer mode: host

[19:50:17] === PRE-COPY LIVE MIGRATION ===
[19:50:17] Step 1: Checking source process...
[19:50:17]   Using PID from /home/ubuntu/counter.pid: 270059
[19:50:18]   Last counter value (pre-dumps start): 4
[19:50:18]   Architecture: x86_64 (compatible)
[19:50:18] Step 2: Preparing dump directory...
[19:50:19] Step 3: Running 3 pre-dumps...
[19:50:19]   Pre-dump 1/3...
[19:50:20]   Pre-dump 2/3...
[19:50:21]   Pre-dump 3/3...
[19:50:23]   Total pre-dump time: 3930 ms
[19:50:23] Step 4: Final dump (freezing service)...
[19:50:23]   Frozen last counter value: 11
[19:50:23]   Expected after restore: 12
[19:50:23]   Final dump time (freeze duration): 611 ms
[19:50:23] Step 5: Creating archive...
[19:50:24]   Archive size: 32887 bytes
[19:50:24] Step 6: Transferring archive...
  Transferring /tmp/CRIU-counter.tar.gz via host...
[19:50:25]   Transfer time: 922 ms
[19:50:25] Step 7: Unpacking on destination...
[19:50:25] Step 7.5: Ensuring counter output file exists on destination...
[19:50:25] Step 7.8: Ensuring /tmp/counter binary is present on destination...
[19:50:26] Step 8: Restoring process...
[19:50:26]   Restore time: 330 ms
[19:50:26] Step 9: Verifying migration...
[19:50:29]   Expected min: 12 (after ~3.0s → ~15), Observed: 15
[19:50:29] ✓ SUCCESS: Counter continued correctly!
[19:50:29] Total downtime: 1863 ms (final_dump: 611 + transfer: 922 + restore: 330)
[19:50:29] Pre-dump time (not counted as downtime): 3930 ms
[19:50:29] Effective bandwidth: 0.29 Mbps
[19:50:29] Metrics saved to /home/ivo/Documents/University/4to/Thesis-AAAAAAAa/Container-vs-Wasm-Service-Migration/Container/metrics/migration_metrics.csv
[exit=0]

$ python3 /home/ivo/Documents/University/4to/Thesis-AAAAAAAa/Container-vs-Wasm-Service-Migration/Container/scripts/setup/reset_nodes.py edge-node-1 edge-node-2
[19:50:30] Resetting nodes: edge-node-1 -> edge-node-2
[19:50:30] Step 1: Killing any existing processes on source...
[19:50:30]   Killing PID 270059 (from /home/ubuntu/app.pid)
[19:50:31]   Killing PID 270059 (from /home/ubuntu/counter.pid)
[19:50:32]   Killing any remaining background processes...
[19:50:32] Step 2: Cleaning source node...
[19:50:34] Step 3: Cleaning destination node...
[19:50:34]   Killing all remaining counter processes on destination...
[19:50:37] ✓ Reset complete, nodes are clean
[19:50:37]   Next: Start your application
[exit=0]

$ bash /home/ivo/Documents/University/4to/Thesis-AAAAAAAa/Container-vs-Wasm-Service-Migration/Container/scripts/workloads/start_counter_c.sh edge-node-1
[19:50:37] Transferring counter.c to edge-node-1...
[19:50:37] Compiling counter.c on edge-node-1...
[19:50:38] Starting counter on edge-node-1...
✓ C counter running (PID: 271546)
[19:50:39] ✓ Counter started
[exit=0]
[repeat] warmup 2s

$ python3 /home/ivo/Documents/University/4to/Thesis-AAAAAAAa/Container-vs-Wasm-Service-Migration/Container/scripts/orchestrators/criu_benchmark.py precopy --source edge-node-1 --dest edge-node-2 --transfer-mode host --run-id repeat-suite-20260330-185020-precopy-host-050 --iterations 3
[19:50:42] Starting precopy migration...
[19:50:42] Source: edge-node-1, Dest: edge-node-2
[19:50:42] Transfer mode: host

[19:50:42] === PRE-COPY LIVE MIGRATION ===
[19:50:42] Step 1: Checking source process...
[19:50:42]   Using PID from /home/ubuntu/counter.pid: 271546
[19:50:43]   Last counter value (pre-dumps start): 4
[19:50:43]   Architecture: x86_64 (compatible)
[19:50:43] Step 2: Preparing dump directory...
[19:50:44] Step 3: Running 3 pre-dumps...
[19:50:44]   Pre-dump 1/3...
[19:50:45]   Pre-dump 2/3...
[19:50:46]   Pre-dump 3/3...
[19:50:47]   Total pre-dump time: 3991 ms
[19:50:47] Step 4: Final dump (freezing service)...
[19:50:48]   Frozen last counter value: 11
[19:50:48]   Expected after restore: 12
[19:50:48]   Final dump time (freeze duration): 626 ms
[19:50:48] Step 5: Creating archive...
[19:50:49]   Archive size: 32416 bytes
[19:50:49] Step 6: Transferring archive...
  Transferring /tmp/CRIU-counter.tar.gz via host...
[19:50:50]   Transfer time: 880 ms
[19:50:50] Step 7: Unpacking on destination...
[19:50:50] Step 7.5: Ensuring counter output file exists on destination...
[19:50:50] Step 7.8: Ensuring /tmp/counter binary is present on destination...
[19:50:51] Step 8: Restoring process...
[19:50:51]   Restore time: 317 ms
[19:50:51] Step 9: Verifying migration...
[19:50:54]   Expected min: 12 (after ~3.0s → ~15), Observed: 15
[19:50:54] ✓ SUCCESS: Counter continued correctly!
[19:50:54] Total downtime: 1823 ms (final_dump: 626 + transfer: 880 + restore: 317)
[19:50:54] Pre-dump time (not counted as downtime): 3991 ms
[19:50:54] Effective bandwidth: 0.29 Mbps
[19:50:54] Metrics saved to /home/ivo/Documents/University/4to/Thesis-AAAAAAAa/Container-vs-Wasm-Service-Migration/Container/metrics/migration_metrics.csv
[exit=0]

$ python3 /home/ivo/Documents/University/4to/Thesis-AAAAAAAa/Container-vs-Wasm-Service-Migration/Container/scripts/setup/reset_nodes.py edge-node-1 edge-node-2
[19:50:55] Resetting nodes: edge-node-1 -> edge-node-2
[19:50:55] Step 1: Killing any existing processes on source...
[19:50:56]   Killing PID 271546 (from /home/ubuntu/app.pid)
[19:50:56]   Killing PID 271546 (from /home/ubuntu/counter.pid)
[19:50:57]   Killing any remaining background processes...
[19:50:58] Step 2: Cleaning source node...
[19:50:59] Step 3: Cleaning destination node...
[19:51:00]   Killing all remaining counter processes on destination...
[19:51:03] ✓ Reset complete, nodes are clean
[19:51:03]   Next: Start your application
[exit=0]

$ bash /home/ivo/Documents/University/4to/Thesis-AAAAAAAa/Container-vs-Wasm-Service-Migration/Container/scripts/workloads/start_counter_c.sh edge-node-1
[19:51:03] Transferring counter.c to edge-node-1...
[19:51:03] Compiling counter.c on edge-node-1...
[19:51:03] Starting counter on edge-node-1...
✓ C counter running (PID: 273033)
[19:51:04] ✓ Counter started
[exit=0]
[repeat] warmup 2s

$ python3 /home/ivo/Documents/University/4to/Thesis-AAAAAAAa/Container-vs-Wasm-Service-Migration/Container/scripts/orchestrators/criu_benchmark.py precopy --source edge-node-1 --dest edge-node-2 --transfer-mode direct --run-id repeat-suite-20260330-185020-precopy-direct-001 --iterations 3
[19:51:07] Starting precopy migration...
[19:51:07] Source: edge-node-1, Dest: edge-node-2
[19:51:07] Transfer mode: direct

[19:51:07] === PRE-COPY LIVE MIGRATION ===
[19:51:07] Step 1: Checking source process...
[19:51:08]   Using PID from /home/ubuntu/counter.pid: 273033
[19:51:08]   Last counter value (pre-dumps start): 4
[19:51:09]   Architecture: x86_64 (compatible)
[19:51:09] Step 2: Preparing dump directory...
[19:51:09] Step 3: Running 3 pre-dumps...
[19:51:09]   Pre-dump 1/3...
[19:51:10]   Pre-dump 2/3...
[19:51:11]   Pre-dump 3/3...
[19:51:13]   Total pre-dump time: 3967 ms
[19:51:13] Step 4: Final dump (freezing service)...
[19:51:13]   Frozen last counter value: 11
[19:51:13]   Expected after restore: 12
[19:51:13]   Final dump time (freeze duration): 632 ms
[19:51:13] Step 5: Creating archive...
[19:51:14]   Archive size: 32021 bytes
[19:51:14] Step 6: Transferring archive...
[19:51:14]   Setting up direct SSH trust...
Setting up SSH trust: edge-node-1 → ubuntu@10.22.132.37
  Adding public key to destination's authorized_keys...
  Testing SSH connectivity...
  ✓ SSH trust ready
Setting up SSH trust: edge-node-1 → ubuntu@10.22.132.37
  Adding public key to destination's authorized_keys...
  Testing SSH connectivity...
  ✓ SSH trust ready
  Transferring /tmp/CRIU-counter.tar.gz via SCP...
[19:51:19]   Transfer time: 2706 ms
[19:51:19] Step 7: Unpacking on destination...
[19:51:19] Step 7.5: Ensuring counter output file exists on destination...
[19:51:20] Step 7.8: Ensuring /tmp/counter binary is present on destination...
[19:51:20] Step 8: Restoring process...
[19:51:20]   Restore time: 339 ms
[19:51:20] Step 9: Verifying migration...
[19:51:23]   Expected min: 12 (after ~3.0s → ~15), Observed: 15
[19:51:23] ✓ SUCCESS: Counter continued correctly!
[19:51:23] Total downtime: 3677 ms (final_dump: 632 + transfer: 2706 + restore: 339)
[19:51:23] Pre-dump time (not counted as downtime): 3967 ms
[19:51:23] Effective bandwidth: 0.09 Mbps
[19:51:23] Metrics saved to /home/ivo/Documents/University/4to/Thesis-AAAAAAAa/Container-vs-Wasm-Service-Migration/Container/metrics/migration_metrics.csv
[exit=0]

$ python3 /home/ivo/Documents/University/4to/Thesis-AAAAAAAa/Container-vs-Wasm-Service-Migration/Container/scripts/setup/reset_nodes.py edge-node-1 edge-node-2
[19:51:24] Resetting nodes: edge-node-1 -> edge-node-2
[19:51:24] Step 1: Killing any existing processes on source...
[19:51:25]   Killing PID 273033 (from /home/ubuntu/app.pid)
[19:51:25]   Killing PID 273033 (from /home/ubuntu/counter.pid)
[19:51:26]   Killing any remaining background processes...
[19:51:27] Step 2: Cleaning source node...
[19:51:28] Step 3: Cleaning destination node...
[19:51:29]   Killing all remaining counter processes on destination...
[19:51:31] ✓ Reset complete, nodes are clean
[19:51:31]   Next: Start your application
[exit=0]

$ bash /home/ivo/Documents/University/4to/Thesis-AAAAAAAa/Container-vs-Wasm-Service-Migration/Container/scripts/workloads/start_counter_c.sh edge-node-1
[19:51:31] Transferring counter.c to edge-node-1...
[19:51:32] Compiling counter.c on edge-node-1...
[19:51:32] Starting counter on edge-node-1...
✓ C counter running (PID: 274783)
[19:51:33] ✓ Counter started
[exit=0]
[repeat] warmup 2s

$ python3 /home/ivo/Documents/University/4to/Thesis-AAAAAAAa/Container-vs-Wasm-Service-Migration/Container/scripts/orchestrators/criu_benchmark.py precopy --source edge-node-1 --dest edge-node-2 --transfer-mode direct --run-id repeat-suite-20260330-185020-precopy-direct-002 --iterations 3
[19:51:36] Starting precopy migration...
[19:51:36] Source: edge-node-1, Dest: edge-node-2
[19:51:36] Transfer mode: direct

[19:51:36] === PRE-COPY LIVE MIGRATION ===
[19:51:36] Step 1: Checking source process...
[19:51:37]   Using PID from /home/ubuntu/counter.pid: 274783
[19:51:37]   Last counter value (pre-dumps start): 4
[19:51:37]   Architecture: x86_64 (compatible)
[19:51:37] Step 2: Preparing dump directory...
[19:51:38] Step 3: Running 3 pre-dumps...
[19:51:38]   Pre-dump 1/3...
[19:51:39]   Pre-dump 2/3...
[19:51:40]   Pre-dump 3/3...
[19:51:42]   Total pre-dump time: 3977 ms
[19:51:42] Step 4: Final dump (freezing service)...
[19:51:42]   Frozen last counter value: 11
[19:51:42]   Expected after restore: 12
[19:51:42]   Final dump time (freeze duration): 645 ms
[19:51:42] Step 5: Creating archive...
[19:51:43]   Archive size: 31805 bytes
[19:51:43] Step 6: Transferring archive...
[19:51:43]   Setting up direct SSH trust...
Setting up SSH trust: edge-node-1 → ubuntu@10.22.132.37
  Adding public key to destination's authorized_keys...
  Testing SSH connectivity...
  ✓ SSH trust ready
Setting up SSH trust: edge-node-1 → ubuntu@10.22.132.37
  Adding public key to destination's authorized_keys...
  Testing SSH connectivity...
  ✓ SSH trust ready
  Transferring /tmp/CRIU-counter.tar.gz via SCP...
[19:51:48]   Transfer time: 2700 ms
[19:51:48] Step 7: Unpacking on destination...
[19:51:48] Step 7.5: Ensuring counter output file exists on destination...
[19:51:48] Step 7.8: Ensuring /tmp/counter binary is present on destination...
[19:51:48] Step 8: Restoring process...
[19:51:49]   Restore time: 322 ms
[19:51:49] Step 9: Verifying migration...
[19:51:52]   Expected min: 12 (after ~3.0s → ~15), Observed: 15
[19:51:52] ✓ SUCCESS: Counter continued correctly!
[19:51:52] Total downtime: 3667 ms (final_dump: 645 + transfer: 2700 + restore: 322)
[19:51:52] Pre-dump time (not counted as downtime): 3977 ms
[19:51:52] Effective bandwidth: 0.09 Mbps
[19:51:52] Metrics saved to /home/ivo/Documents/University/4to/Thesis-AAAAAAAa/Container-vs-Wasm-Service-Migration/Container/metrics/migration_metrics.csv
[exit=0]

$ python3 /home/ivo/Documents/University/4to/Thesis-AAAAAAAa/Container-vs-Wasm-Service-Migration/Container/scripts/setup/reset_nodes.py edge-node-1 edge-node-2
[19:51:53] Resetting nodes: edge-node-1 -> edge-node-2
[19:51:53] Step 1: Killing any existing processes on source...
[19:51:53]   Killing PID 274783 (from /home/ubuntu/app.pid)
[19:51:54]   Killing PID 274783 (from /home/ubuntu/counter.pid)
[19:51:54]   Killing any remaining background processes...
[19:51:55] Step 2: Cleaning source node...
[19:51:57] Step 3: Cleaning destination node...
[19:51:57]   Killing all remaining counter processes on destination...
[19:52:00] ✓ Reset complete, nodes are clean
[19:52:00]   Next: Start your application
[exit=0]

$ bash /home/ivo/Documents/University/4to/Thesis-AAAAAAAa/Container-vs-Wasm-Service-Migration/Container/scripts/workloads/start_counter_c.sh edge-node-1
[19:52:00] Transferring counter.c to edge-node-1...
[19:52:01] Compiling counter.c on edge-node-1...
[19:52:01] Starting counter on edge-node-1...
✓ C counter running (PID: 276545)
[19:52:02] ✓ Counter started
[exit=0]
[repeat] warmup 2s

$ python3 /home/ivo/Documents/University/4to/Thesis-AAAAAAAa/Container-vs-Wasm-Service-Migration/Container/scripts/orchestrators/criu_benchmark.py precopy --source edge-node-1 --dest edge-node-2 --transfer-mode direct --run-id repeat-suite-20260330-185020-precopy-direct-003 --iterations 3
[19:52:05] Starting precopy migration...
[19:52:05] Source: edge-node-1, Dest: edge-node-2
[19:52:05] Transfer mode: direct

[19:52:05] === PRE-COPY LIVE MIGRATION ===
[19:52:05] Step 1: Checking source process...
[19:52:06]   Using PID from /home/ubuntu/counter.pid: 276545
[19:52:06]   Last counter value (pre-dumps start): 4
[19:52:06]   Architecture: x86_64 (compatible)
[19:52:06] Step 2: Preparing dump directory...
[19:52:07] Step 3: Running 3 pre-dumps...
[19:52:07]   Pre-dump 1/3...
[19:52:08]   Pre-dump 2/3...
[19:52:09]   Pre-dump 3/3...
[19:52:11]   Total pre-dump time: 3979 ms
[19:52:11] Step 4: Final dump (freezing service)...
[19:52:11]   Frozen last counter value: 11
[19:52:11]   Expected after restore: 12
[19:52:11]   Final dump time (freeze duration): 639 ms
[19:52:11] Step 5: Creating archive...
[19:52:12]   Archive size: 31878 bytes
[19:52:12] Step 6: Transferring archive...
[19:52:12]   Setting up direct SSH trust...
Setting up SSH trust: edge-node-1 → ubuntu@10.22.132.37
  Adding public key to destination's authorized_keys...
  Testing SSH connectivity...
  ✓ SSH trust ready
Setting up SSH trust: edge-node-1 → ubuntu@10.22.132.37
  Adding public key to destination's authorized_keys...
  Testing SSH connectivity...
  ✓ SSH trust ready
  Transferring /tmp/CRIU-counter.tar.gz via SCP...
[19:52:17]   Transfer time: 2874 ms
[19:52:17] Step 7: Unpacking on destination...
[19:52:17] Step 7.5: Ensuring counter output file exists on destination...
[19:52:17] Step 7.8: Ensuring /tmp/counter binary is present on destination...
[19:52:17] Step 8: Restoring process...
[19:52:18]   Restore time: 324 ms
[19:52:18] Step 9: Verifying migration...
[19:52:21]   Expected min: 12 (after ~3.0s → ~15), Observed: 15
[19:52:21] ✓ SUCCESS: Counter continued correctly!
[19:52:21] Total downtime: 3837 ms (final_dump: 639 + transfer: 2874 + restore: 324)
[19:52:21] Pre-dump time (not counted as downtime): 3979 ms
[19:52:21] Effective bandwidth: 0.09 Mbps
[19:52:21] Metrics saved to /home/ivo/Documents/University/4to/Thesis-AAAAAAAa/Container-vs-Wasm-Service-Migration/Container/metrics/migration_metrics.csv
[exit=0]

$ python3 /home/ivo/Documents/University/4to/Thesis-AAAAAAAa/Container-vs-Wasm-Service-Migration/Container/scripts/setup/reset_nodes.py edge-node-1 edge-node-2
[19:52:22] Resetting nodes: edge-node-1 -> edge-node-2
[19:52:22] Step 1: Killing any existing processes on source...
[19:52:22]   Killing PID 276545 (from /home/ubuntu/app.pid)
[19:52:23]   Killing PID 276545 (from /home/ubuntu/counter.pid)
[19:52:23]   Killing any remaining background processes...
[19:52:24] Step 2: Cleaning source node...
[19:52:25] Step 3: Cleaning destination node...
[19:52:26]   Killing all remaining counter processes on destination...
[19:52:29] ✓ Reset complete, nodes are clean
[19:52:29]   Next: Start your application
[exit=0]

$ bash /home/ivo/Documents/University/4to/Thesis-AAAAAAAa/Container-vs-Wasm-Service-Migration/Container/scripts/workloads/start_counter_c.sh edge-node-1
[19:52:29] Transferring counter.c to edge-node-1...
[19:52:29] Compiling counter.c on edge-node-1...
[19:52:30] Starting counter on edge-node-1...
✓ C counter running (PID: 278295)
[19:52:31] ✓ Counter started
[exit=0]
[repeat] warmup 2s

$ python3 /home/ivo/Documents/University/4to/Thesis-AAAAAAAa/Container-vs-Wasm-Service-Migration/Container/scripts/orchestrators/criu_benchmark.py precopy --source edge-node-1 --dest edge-node-2 --transfer-mode direct --run-id repeat-suite-20260330-185020-precopy-direct-004 --iterations 3
[19:52:34] Starting precopy migration...
[19:52:34] Source: edge-node-1, Dest: edge-node-2
[19:52:34] Transfer mode: direct

[19:52:34] === PRE-COPY LIVE MIGRATION ===
[19:52:34] Step 1: Checking source process...
[19:52:34]   Using PID from /home/ubuntu/counter.pid: 278295
[19:52:34]   Last counter value (pre-dumps start): 4
[19:52:35]   Architecture: x86_64 (compatible)
[19:52:35] Step 2: Preparing dump directory...
[19:52:35] Step 3: Running 3 pre-dumps...
[19:52:35]   Pre-dump 1/3...
[19:52:37]   Pre-dump 2/3...
[19:52:38]   Pre-dump 3/3...
[19:52:39]   Total pre-dump time: 3975 ms
[19:52:39] Step 4: Final dump (freezing service)...
[19:52:40]   Frozen last counter value: 11
[19:52:40]   Expected after restore: 12
[19:52:40]   Final dump time (freeze duration): 631 ms
[19:52:40] Step 5: Creating archive...
[19:52:40]   Archive size: 32490 bytes
[19:52:40] Step 6: Transferring archive...
[19:52:40]   Setting up direct SSH trust...
Setting up SSH trust: edge-node-1 → ubuntu@10.22.132.37
  Adding public key to destination's authorized_keys...
  Testing SSH connectivity...
  ✓ SSH trust ready
Setting up SSH trust: edge-node-1 → ubuntu@10.22.132.37
  Adding public key to destination's authorized_keys...
  Testing SSH connectivity...
  ✓ SSH trust ready
  Transferring /tmp/CRIU-counter.tar.gz via SCP...
[19:52:45]   Transfer time: 2653 ms
[19:52:45] Step 7: Unpacking on destination...
[19:52:45] Step 7.5: Ensuring counter output file exists on destination...
[19:52:46] Step 7.8: Ensuring /tmp/counter binary is present on destination...
[19:52:46] Step 8: Restoring process...
[19:52:46]   Restore time: 307 ms
[19:52:46] Step 9: Verifying migration...
[19:52:49]   Expected min: 12 (after ~3.0s → ~15), Observed: 15
[19:52:49] ✓ SUCCESS: Counter continued correctly!
[19:52:49] Total downtime: 3591 ms (final_dump: 631 + transfer: 2653 + restore: 307)
[19:52:49] Pre-dump time (not counted as downtime): 3975 ms
[19:52:49] Effective bandwidth: 0.10 Mbps
[19:52:49] Metrics saved to /home/ivo/Documents/University/4to/Thesis-AAAAAAAa/Container-vs-Wasm-Service-Migration/Container/metrics/migration_metrics.csv
[exit=0]

$ python3 /home/ivo/Documents/University/4to/Thesis-AAAAAAAa/Container-vs-Wasm-Service-Migration/Container/scripts/setup/reset_nodes.py edge-node-1 edge-node-2
[19:52:50] Resetting nodes: edge-node-1 -> edge-node-2
[19:52:50] Step 1: Killing any existing processes on source...
[19:52:50]   Killing PID 278295 (from /home/ubuntu/app.pid)
[19:52:51]   Killing PID 278295 (from /home/ubuntu/counter.pid)
[19:52:52]   Killing any remaining background processes...
[19:52:53] Step 2: Cleaning source node...
[19:52:54] Step 3: Cleaning destination node...
[19:52:54]   Killing all remaining counter processes on destination...
[19:52:57] ✓ Reset complete, nodes are clean
[19:52:57]   Next: Start your application
[exit=0]

$ bash /home/ivo/Documents/University/4to/Thesis-AAAAAAAa/Container-vs-Wasm-Service-Migration/Container/scripts/workloads/start_counter_c.sh edge-node-1
[19:52:57] Transferring counter.c to edge-node-1...
[19:52:58] Compiling counter.c on edge-node-1...
[19:52:58] Starting counter on edge-node-1...
✓ C counter running (PID: 280054)
[19:53:00] ✓ Counter started
[exit=0]
[repeat] warmup 2s

$ python3 /home/ivo/Documents/University/4to/Thesis-AAAAAAAa/Container-vs-Wasm-Service-Migration/Container/scripts/orchestrators/criu_benchmark.py precopy --source edge-node-1 --dest edge-node-2 --transfer-mode direct --run-id repeat-suite-20260330-185020-precopy-direct-005 --iterations 3
[19:53:02] Starting precopy migration...
[19:53:02] Source: edge-node-1, Dest: edge-node-2
[19:53:02] Transfer mode: direct

[19:53:02] === PRE-COPY LIVE MIGRATION ===
[19:53:02] Step 1: Checking source process...
[19:53:03]   Using PID from /home/ubuntu/counter.pid: 280054
[19:53:03]   Last counter value (pre-dumps start): 4
[19:53:04]   Architecture: x86_64 (compatible)
[19:53:04] Step 2: Preparing dump directory...
[19:53:04] Step 3: Running 3 pre-dumps...
[19:53:04]   Pre-dump 1/3...
[19:53:05]   Pre-dump 2/3...
[19:53:07]   Pre-dump 3/3...
[19:53:08]   Total pre-dump time: 3940 ms
[19:53:08] Step 4: Final dump (freezing service)...
[19:53:09]   Frozen last counter value: 11
[19:53:09]   Expected after restore: 12
[19:53:09]   Final dump time (freeze duration): 624 ms
[19:53:09] Step 5: Creating archive...
[19:53:09]   Archive size: 31764 bytes
[19:53:09] Step 6: Transferring archive...
[19:53:09]   Setting up direct SSH trust...
Setting up SSH trust: edge-node-1 → ubuntu@10.22.132.37
  Adding public key to destination's authorized_keys...
  Testing SSH connectivity...
  ✓ SSH trust ready
Setting up SSH trust: edge-node-1 → ubuntu@10.22.132.37
  Adding public key to destination's authorized_keys...
  Testing SSH connectivity...
  ✓ SSH trust ready
  Transferring /tmp/CRIU-counter.tar.gz via SCP...
[19:53:14]   Transfer time: 2883 ms
[19:53:14] Step 7: Unpacking on destination...
[19:53:14] Step 7.5: Ensuring counter output file exists on destination...
[19:53:15] Step 7.8: Ensuring /tmp/counter binary is present on destination...
[19:53:15] Step 8: Restoring process...
[19:53:15]   Restore time: 328 ms
[19:53:15] Step 9: Verifying migration...
[19:53:19]   Expected min: 12 (after ~3.0s → ~15), Observed: 15
[19:53:19] ✓ SUCCESS: Counter continued correctly!
[19:53:19] Total downtime: 3835 ms (final_dump: 624 + transfer: 2883 + restore: 328)
[19:53:19] Pre-dump time (not counted as downtime): 3940 ms
[19:53:19] Effective bandwidth: 0.09 Mbps
[19:53:19] Metrics saved to /home/ivo/Documents/University/4to/Thesis-AAAAAAAa/Container-vs-Wasm-Service-Migration/Container/metrics/migration_metrics.csv
[exit=0]

$ python3 /home/ivo/Documents/University/4to/Thesis-AAAAAAAa/Container-vs-Wasm-Service-Migration/Container/scripts/setup/reset_nodes.py edge-node-1 edge-node-2
[19:53:20] Resetting nodes: edge-node-1 -> edge-node-2
[19:53:20] Step 1: Killing any existing processes on source...
[19:53:20]   Killing PID 280054 (from /home/ubuntu/app.pid)
[19:53:21]   Killing PID 280054 (from /home/ubuntu/counter.pid)
[19:53:21]   Killing any remaining background processes...
[19:53:22] Step 2: Cleaning source node...
[19:53:23] Step 3: Cleaning destination node...
[19:53:24]   Killing all remaining counter processes on destination...
[19:53:27] ✓ Reset complete, nodes are clean
[19:53:27]   Next: Start your application
[exit=0]

$ bash /home/ivo/Documents/University/4to/Thesis-AAAAAAAa/Container-vs-Wasm-Service-Migration/Container/scripts/workloads/start_counter_c.sh edge-node-1
[19:53:27] Transferring counter.c to edge-node-1...
[19:53:27] Compiling counter.c on edge-node-1...
[19:53:27] Starting counter on edge-node-1...
✓ C counter running (PID: 281798)
[19:53:29] ✓ Counter started
[exit=0]
[repeat] warmup 2s

$ python3 /home/ivo/Documents/University/4to/Thesis-AAAAAAAa/Container-vs-Wasm-Service-Migration/Container/scripts/orchestrators/criu_benchmark.py precopy --source edge-node-1 --dest edge-node-2 --transfer-mode direct --run-id repeat-suite-20260330-185020-precopy-direct-006 --iterations 3
[19:53:31] Starting precopy migration...
[19:53:31] Source: edge-node-1, Dest: edge-node-2
[19:53:31] Transfer mode: direct

[19:53:31] === PRE-COPY LIVE MIGRATION ===
[19:53:31] Step 1: Checking source process...
[19:53:32]   Using PID from /home/ubuntu/counter.pid: 281798
[19:53:32]   Last counter value (pre-dumps start): 4
[19:53:33]   Architecture: x86_64 (compatible)
[19:53:33] Step 2: Preparing dump directory...
[19:53:33] Step 3: Running 3 pre-dumps...
[19:53:33]   Pre-dump 1/3...
[19:53:35]   Pre-dump 2/3...
[19:53:36]   Pre-dump 3/3...
[19:53:37]   Total pre-dump time: 4004 ms
[19:53:37] Step 4: Final dump (freezing service)...
[19:53:38]   Frozen last counter value: 11
[19:53:38]   Expected after restore: 12
[19:53:38]   Final dump time (freeze duration): 595 ms
[19:53:38] Step 5: Creating archive...
[19:53:38]   Archive size: 31346 bytes
[19:53:38] Step 6: Transferring archive...
[19:53:38]   Setting up direct SSH trust...
Setting up SSH trust: edge-node-1 → ubuntu@10.22.132.37
  Adding public key to destination's authorized_keys...
  Testing SSH connectivity...
  ✓ SSH trust ready
Setting up SSH trust: edge-node-1 → ubuntu@10.22.132.37
  Adding public key to destination's authorized_keys...
  Testing SSH connectivity...
  ✓ SSH trust ready
  Transferring /tmp/CRIU-counter.tar.gz via SCP...
[19:53:43]   Transfer time: 2575 ms
[19:53:43] Step 7: Unpacking on destination...
[19:53:43] Step 7.5: Ensuring counter output file exists on destination...
[19:53:43] Step 7.8: Ensuring /tmp/counter binary is present on destination...
[19:53:44] Step 8: Restoring process...
[19:53:44]   Restore time: 325 ms
[19:53:44] Step 9: Verifying migration...
[19:53:47]   Expected min: 12 (after ~3.0s → ~15), Observed: 15
[19:53:47] ✓ SUCCESS: Counter continued correctly!
[19:53:47] Total downtime: 3495 ms (final_dump: 595 + transfer: 2575 + restore: 325)
[19:53:47] Pre-dump time (not counted as downtime): 4004 ms
[19:53:47] Effective bandwidth: 0.10 Mbps
[19:53:47] Metrics saved to /home/ivo/Documents/University/4to/Thesis-AAAAAAAa/Container-vs-Wasm-Service-Migration/Container/metrics/migration_metrics.csv
[exit=0]

$ python3 /home/ivo/Documents/University/4to/Thesis-AAAAAAAa/Container-vs-Wasm-Service-Migration/Container/scripts/setup/reset_nodes.py edge-node-1 edge-node-2
[19:53:48] Resetting nodes: edge-node-1 -> edge-node-2
[19:53:48] Step 1: Killing any existing processes on source...
[19:53:48]   Killing PID 281798 (from /home/ubuntu/app.pid)
[19:53:49]   Killing PID 281798 (from /home/ubuntu/counter.pid)
[19:53:50]   Killing any remaining background processes...
[19:53:50] Step 2: Cleaning source node...
[19:53:52] Step 3: Cleaning destination node...
[19:53:52]   Killing all remaining counter processes on destination...
[19:53:55] ✓ Reset complete, nodes are clean
[19:53:55]   Next: Start your application
[exit=0]

$ bash /home/ivo/Documents/University/4to/Thesis-AAAAAAAa/Container-vs-Wasm-Service-Migration/Container/scripts/workloads/start_counter_c.sh edge-node-1
[19:53:55] Transferring counter.c to edge-node-1...
[19:53:55] Compiling counter.c on edge-node-1...
[19:53:56] Starting counter on edge-node-1...
✓ C counter running (PID: 283549)
[19:53:57] ✓ Counter started
[exit=0]
[repeat] warmup 2s

$ python3 /home/ivo/Documents/University/4to/Thesis-AAAAAAAa/Container-vs-Wasm-Service-Migration/Container/scripts/orchestrators/criu_benchmark.py precopy --source edge-node-1 --dest edge-node-2 --transfer-mode direct --run-id repeat-suite-20260330-185020-precopy-direct-007 --iterations 3
[19:54:00] Starting precopy migration...
[19:54:00] Source: edge-node-1, Dest: edge-node-2
[19:54:00] Transfer mode: direct

[19:54:00] === PRE-COPY LIVE MIGRATION ===
[19:54:00] Step 1: Checking source process...
[19:54:01]   Using PID from /home/ubuntu/counter.pid: 283549
[19:54:01]   Last counter value (pre-dumps start): 5
[19:54:02]   Architecture: x86_64 (compatible)
[19:54:02] Step 2: Preparing dump directory...
[19:54:02] Step 3: Running 3 pre-dumps...
[19:54:02]   Pre-dump 1/3...
[19:54:03]   Pre-dump 2/3...
[19:54:05]   Pre-dump 3/3...
[19:54:06]   Total pre-dump time: 3957 ms
[19:54:06] Step 4: Final dump (freezing service)...
[19:54:07]   Frozen last counter value: 12
[19:54:07]   Expected after restore: 13
[19:54:07]   Final dump time (freeze duration): 654 ms
[19:54:07] Step 5: Creating archive...
[19:54:07]   Archive size: 31919 bytes
[19:54:07] Step 6: Transferring archive...
[19:54:07]   Setting up direct SSH trust...
Setting up SSH trust: edge-node-1 → ubuntu@10.22.132.37
  Adding public key to destination's authorized_keys...
  Testing SSH connectivity...
  ✓ SSH trust ready
Setting up SSH trust: edge-node-1 → ubuntu@10.22.132.37
  Adding public key to destination's authorized_keys...
  Testing SSH connectivity...
  ✓ SSH trust ready
  Transferring /tmp/CRIU-counter.tar.gz via SCP...
[19:54:12]   Transfer time: 2661 ms
[19:54:12] Step 7: Unpacking on destination...
[19:54:12] Step 7.5: Ensuring counter output file exists on destination...
[19:54:12] Step 7.8: Ensuring /tmp/counter binary is present on destination...
[19:54:13] Step 8: Restoring process...
[19:54:13]   Restore time: 319 ms
[19:54:13] Step 9: Verifying migration...
[19:54:16]   Expected min: 13 (after ~3.0s → ~16), Observed: 16
[19:54:16] ✓ SUCCESS: Counter continued correctly!
[19:54:16] Total downtime: 3634 ms (final_dump: 654 + transfer: 2661 + restore: 319)
[19:54:16] Pre-dump time (not counted as downtime): 3957 ms
[19:54:16] Effective bandwidth: 0.10 Mbps
[19:54:16] Metrics saved to /home/ivo/Documents/University/4to/Thesis-AAAAAAAa/Container-vs-Wasm-Service-Migration/Container/metrics/migration_metrics.csv
[exit=0]

$ python3 /home/ivo/Documents/University/4to/Thesis-AAAAAAAa/Container-vs-Wasm-Service-Migration/Container/scripts/setup/reset_nodes.py edge-node-1 edge-node-2
[19:54:17] Resetting nodes: edge-node-1 -> edge-node-2
[19:54:17] Step 1: Killing any existing processes on source...
[19:54:17]   Killing PID 283549 (from /home/ubuntu/app.pid)
[19:54:18]   Killing PID 283549 (from /home/ubuntu/counter.pid)
[19:54:19]   Killing any remaining background processes...
[19:54:19] Step 2: Cleaning source node...
[19:54:21] Step 3: Cleaning destination node...
[19:54:21]   Killing all remaining counter processes on destination...
[19:54:24] ✓ Reset complete, nodes are clean
[19:54:24]   Next: Start your application
[exit=0]

$ bash /home/ivo/Documents/University/4to/Thesis-AAAAAAAa/Container-vs-Wasm-Service-Migration/Container/scripts/workloads/start_counter_c.sh edge-node-1
[19:54:24] Transferring counter.c to edge-node-1...
[19:54:25] Compiling counter.c on edge-node-1...
[19:54:25] Starting counter on edge-node-1...
✓ C counter running (PID: 285314)
[19:54:26] ✓ Counter started
[exit=0]
[repeat] warmup 2s

$ python3 /home/ivo/Documents/University/4to/Thesis-AAAAAAAa/Container-vs-Wasm-Service-Migration/Container/scripts/orchestrators/criu_benchmark.py precopy --source edge-node-1 --dest edge-node-2 --transfer-mode direct --run-id repeat-suite-20260330-185020-precopy-direct-008 --iterations 3
[19:54:29] Starting precopy migration...
[19:54:29] Source: edge-node-1, Dest: edge-node-2
[19:54:29] Transfer mode: direct

[19:54:29] === PRE-COPY LIVE MIGRATION ===
[19:54:29] Step 1: Checking source process...
[19:54:30]   Using PID from /home/ubuntu/counter.pid: 285314
[19:54:30]   Last counter value (pre-dumps start): 4
[19:54:30]   Architecture: x86_64 (compatible)
[19:54:30] Step 2: Preparing dump directory...
[19:54:31] Step 3: Running 3 pre-dumps...
[19:54:31]   Pre-dump 1/3...
[19:54:32]   Pre-dump 2/3...
[19:54:33]   Pre-dump 3/3...
[19:54:35]   Total pre-dump time: 3997 ms
[19:54:35] Step 4: Final dump (freezing service)...
[19:54:35]   Frozen last counter value: 11
[19:54:35]   Expected after restore: 12
[19:54:35]   Final dump time (freeze duration): 611 ms
[19:54:35] Step 5: Creating archive...
[19:54:36]   Archive size: 31996 bytes
[19:54:36] Step 6: Transferring archive...
[19:54:36]   Setting up direct SSH trust...
Setting up SSH trust: edge-node-1 → ubuntu@10.22.132.37
  Adding public key to destination's authorized_keys...
  Testing SSH connectivity...
  ✓ SSH trust ready
Setting up SSH trust: edge-node-1 → ubuntu@10.22.132.37
  Adding public key to destination's authorized_keys...
  Testing SSH connectivity...
  ✓ SSH trust ready
  Transferring /tmp/CRIU-counter.tar.gz via SCP...
[19:54:40]   Transfer time: 2634 ms
[19:54:40] Step 7: Unpacking on destination...
[19:54:41] Step 7.5: Ensuring counter output file exists on destination...
[19:54:41] Step 7.8: Ensuring /tmp/counter binary is present on destination...
[19:54:41] Step 8: Restoring process...
[19:54:42]   Restore time: 321 ms
[19:54:42] Step 9: Verifying migration...
[19:54:45]   Expected min: 12 (after ~3.0s → ~15), Observed: 15
[19:54:45] ✓ SUCCESS: Counter continued correctly!
[19:54:45] Total downtime: 3566 ms (final_dump: 611 + transfer: 2634 + restore: 321)
[19:54:45] Pre-dump time (not counted as downtime): 3997 ms
[19:54:45] Effective bandwidth: 0.10 Mbps
[19:54:45] Metrics saved to /home/ivo/Documents/University/4to/Thesis-AAAAAAAa/Container-vs-Wasm-Service-Migration/Container/metrics/migration_metrics.csv
[exit=0]

$ python3 /home/ivo/Documents/University/4to/Thesis-AAAAAAAa/Container-vs-Wasm-Service-Migration/Container/scripts/setup/reset_nodes.py edge-node-1 edge-node-2
[19:54:46] Resetting nodes: edge-node-1 -> edge-node-2
[19:54:46] Step 1: Killing any existing processes on source...
[19:54:46]   Killing PID 285314 (from /home/ubuntu/app.pid)
[19:54:47]   Killing PID 285314 (from /home/ubuntu/counter.pid)
[19:54:47]   Killing any remaining background processes...
[19:54:48] Step 2: Cleaning source node...
[19:54:49] Step 3: Cleaning destination node...
[19:54:50]   Killing all remaining counter processes on destination...
[19:54:53] ✓ Reset complete, nodes are clean
[19:54:53]   Next: Start your application
[exit=0]

$ bash /home/ivo/Documents/University/4to/Thesis-AAAAAAAa/Container-vs-Wasm-Service-Migration/Container/scripts/workloads/start_counter_c.sh edge-node-1
[19:54:53] Transferring counter.c to edge-node-1...
[19:54:53] Compiling counter.c on edge-node-1...
[19:54:54] Starting counter on edge-node-1...
✓ C counter running (PID: 287065)
[19:54:55] ✓ Counter started
[exit=0]
[repeat] warmup 2s

$ python3 /home/ivo/Documents/University/4to/Thesis-AAAAAAAa/Container-vs-Wasm-Service-Migration/Container/scripts/orchestrators/criu_benchmark.py precopy --source edge-node-1 --dest edge-node-2 --transfer-mode direct --run-id repeat-suite-20260330-185020-precopy-direct-009 --iterations 3
[19:54:58] Starting precopy migration...
[19:54:58] Source: edge-node-1, Dest: edge-node-2
[19:54:58] Transfer mode: direct

[19:54:58] === PRE-COPY LIVE MIGRATION ===
[19:54:58] Step 1: Checking source process...
[19:54:58]   Using PID from /home/ubuntu/counter.pid: 287065
[19:54:58]   Last counter value (pre-dumps start): 4
[19:54:59]   Architecture: x86_64 (compatible)
[19:54:59] Step 2: Preparing dump directory...
[19:54:59] Step 3: Running 3 pre-dumps...
[19:54:59]   Pre-dump 1/3...
[19:55:01]   Pre-dump 2/3...
[19:55:02]   Pre-dump 3/3...
[19:55:04]   Total pre-dump time: 4327 ms
[19:55:04] Step 4: Final dump (freezing service)...
[19:55:04]   Frozen last counter value: 11
[19:55:04]   Expected after restore: 12
[19:55:04]   Final dump time (freeze duration): 613 ms
[19:55:04] Step 5: Creating archive...
[19:55:05]   Archive size: 33077 bytes
[19:55:05] Step 6: Transferring archive...
[19:55:05]   Setting up direct SSH trust...
Setting up SSH trust: edge-node-1 → ubuntu@10.22.132.37
  Adding public key to destination's authorized_keys...
  Testing SSH connectivity...
  ✓ SSH trust ready
Setting up SSH trust: edge-node-1 → ubuntu@10.22.132.37
  Adding public key to destination's authorized_keys...
  Testing SSH connectivity...
  ✓ SSH trust ready
  Transferring /tmp/CRIU-counter.tar.gz via SCP...
[19:55:09]   Transfer time: 2672 ms
[19:55:09] Step 7: Unpacking on destination...
[19:55:10] Step 7.5: Ensuring counter output file exists on destination...
[19:55:10] Step 7.8: Ensuring /tmp/counter binary is present on destination...
[19:55:10] Step 8: Restoring process...
[19:55:11]   Restore time: 337 ms
[19:55:11] Step 9: Verifying migration...
[19:55:14]   Expected min: 12 (after ~3.0s → ~15), Observed: 15
[19:55:14] ✓ SUCCESS: Counter continued correctly!
[19:55:14] Total downtime: 3622 ms (final_dump: 613 + transfer: 2672 + restore: 337)
[19:55:14] Pre-dump time (not counted as downtime): 4327 ms
[19:55:14] Effective bandwidth: 0.10 Mbps
[19:55:14] Metrics saved to /home/ivo/Documents/University/4to/Thesis-AAAAAAAa/Container-vs-Wasm-Service-Migration/Container/metrics/migration_metrics.csv
[exit=0]

$ python3 /home/ivo/Documents/University/4to/Thesis-AAAAAAAa/Container-vs-Wasm-Service-Migration/Container/scripts/setup/reset_nodes.py edge-node-1 edge-node-2
[19:55:15] Resetting nodes: edge-node-1 -> edge-node-2
[19:55:15] Step 1: Killing any existing processes on source...
[19:55:15]   Killing PID 287065 (from /home/ubuntu/app.pid)
[19:55:16]   Killing PID 287065 (from /home/ubuntu/counter.pid)
[19:55:16]   Killing any remaining background processes...
[19:55:17] Step 2: Cleaning source node...
[19:55:18] Step 3: Cleaning destination node...
[19:55:19]   Killing all remaining counter processes on destination...
[19:55:22] ✓ Reset complete, nodes are clean
[19:55:22]   Next: Start your application
[exit=0]

$ bash /home/ivo/Documents/University/4to/Thesis-AAAAAAAa/Container-vs-Wasm-Service-Migration/Container/scripts/workloads/start_counter_c.sh edge-node-1
[19:55:22] Transferring counter.c to edge-node-1...
[19:55:22] Compiling counter.c on edge-node-1...
[19:55:23] Starting counter on edge-node-1...
✓ C counter running (PID: 288827)
[19:55:24] ✓ Counter started
[exit=0]
[repeat] warmup 2s

$ python3 /home/ivo/Documents/University/4to/Thesis-AAAAAAAa/Container-vs-Wasm-Service-Migration/Container/scripts/orchestrators/criu_benchmark.py precopy --source edge-node-1 --dest edge-node-2 --transfer-mode direct --run-id repeat-suite-20260330-185020-precopy-direct-010 --iterations 3
[19:55:27] Starting precopy migration...
[19:55:27] Source: edge-node-1, Dest: edge-node-2
[19:55:27] Transfer mode: direct

[19:55:27] === PRE-COPY LIVE MIGRATION ===
[19:55:27] Step 1: Checking source process...
[19:55:27]   Using PID from /home/ubuntu/counter.pid: 288827
[19:55:27]   Last counter value (pre-dumps start): 4
[19:55:28]   Architecture: x86_64 (compatible)
[19:55:28] Step 2: Preparing dump directory...
[19:55:28] Step 3: Running 3 pre-dumps...
[19:55:28]   Pre-dump 1/3...
[19:55:30]   Pre-dump 2/3...
[19:55:31]   Pre-dump 3/3...
[19:55:32]   Total pre-dump time: 3979 ms
[19:55:32] Step 4: Final dump (freezing service)...
[19:55:33]   Frozen last counter value: 11
[19:55:33]   Expected after restore: 12
[19:55:33]   Final dump time (freeze duration): 612 ms
[19:55:33] Step 5: Creating archive...
[19:55:34]   Archive size: 31783 bytes
[19:55:34] Step 6: Transferring archive...
[19:55:34]   Setting up direct SSH trust...
Setting up SSH trust: edge-node-1 → ubuntu@10.22.132.37
  Adding public key to destination's authorized_keys...
  Testing SSH connectivity...
  ✓ SSH trust ready
Setting up SSH trust: edge-node-1 → ubuntu@10.22.132.37
  Adding public key to destination's authorized_keys...
  Testing SSH connectivity...
  ✓ SSH trust ready
  Transferring /tmp/CRIU-counter.tar.gz via SCP...
[19:55:38]   Transfer time: 2654 ms
[19:55:38] Step 7: Unpacking on destination...
[19:55:38] Step 7.5: Ensuring counter output file exists on destination...
[19:55:39] Step 7.8: Ensuring /tmp/counter binary is present on destination...
[19:55:39] Step 8: Restoring process...
[19:55:39]   Restore time: 326 ms
[19:55:39] Step 9: Verifying migration...
[19:55:42]   Expected min: 12 (after ~3.0s → ~15), Observed: 15
[19:55:42] ✓ SUCCESS: Counter continued correctly!
[19:55:42] Total downtime: 3592 ms (final_dump: 612 + transfer: 2654 + restore: 326)
[19:55:42] Pre-dump time (not counted as downtime): 3979 ms
[19:55:42] Effective bandwidth: 0.10 Mbps
[19:55:42] Metrics saved to /home/ivo/Documents/University/4to/Thesis-AAAAAAAa/Container-vs-Wasm-Service-Migration/Container/metrics/migration_metrics.csv
[exit=0]

$ python3 /home/ivo/Documents/University/4to/Thesis-AAAAAAAa/Container-vs-Wasm-Service-Migration/Container/scripts/setup/reset_nodes.py edge-node-1 edge-node-2
[19:55:43] Resetting nodes: edge-node-1 -> edge-node-2
[19:55:43] Step 1: Killing any existing processes on source...
[19:55:43]   Killing PID 288827 (from /home/ubuntu/app.pid)
[19:55:44]   Killing PID 288827 (from /home/ubuntu/counter.pid)
[19:55:45]   Killing any remaining background processes...
[19:55:46] Step 2: Cleaning source node...
[19:55:47] Step 3: Cleaning destination node...
[19:55:47]   Killing all remaining counter processes on destination...
[19:55:50] ✓ Reset complete, nodes are clean
[19:55:50]   Next: Start your application
[exit=0]

$ bash /home/ivo/Documents/University/4to/Thesis-AAAAAAAa/Container-vs-Wasm-Service-Migration/Container/scripts/workloads/start_counter_c.sh edge-node-1
[19:55:50] Transferring counter.c to edge-node-1...
[19:55:51] Compiling counter.c on edge-node-1...
[19:55:51] Starting counter on edge-node-1...
✓ C counter running (PID: 290570)
[19:55:52] ✓ Counter started
[exit=0]
[repeat] warmup 2s

$ python3 /home/ivo/Documents/University/4to/Thesis-AAAAAAAa/Container-vs-Wasm-Service-Migration/Container/scripts/orchestrators/criu_benchmark.py precopy --source edge-node-1 --dest edge-node-2 --transfer-mode direct --run-id repeat-suite-20260330-185020-precopy-direct-011 --iterations 3
[19:55:55] Starting precopy migration...
[19:55:55] Source: edge-node-1, Dest: edge-node-2
[19:55:55] Transfer mode: direct

[19:55:55] === PRE-COPY LIVE MIGRATION ===
[19:55:55] Step 1: Checking source process...
[19:55:55]   Using PID from /home/ubuntu/counter.pid: 290570
[19:55:56]   Last counter value (pre-dumps start): 4
[19:55:56]   Architecture: x86_64 (compatible)
[19:55:56] Step 2: Preparing dump directory...
[19:55:57] Step 3: Running 3 pre-dumps...
[19:55:57]   Pre-dump 1/3...
[19:55:58]   Pre-dump 2/3...
[19:55:59]   Pre-dump 3/3...
[19:56:01]   Total pre-dump time: 3967 ms
[19:56:01] Step 4: Final dump (freezing service)...
[19:56:01]   Frozen last counter value: 11
[19:56:01]   Expected after restore: 12
[19:56:01]   Final dump time (freeze duration): 616 ms
[19:56:01] Step 5: Creating archive...
[19:56:02]   Archive size: 32984 bytes
[19:56:02] Step 6: Transferring archive...
[19:56:02]   Setting up direct SSH trust...
Setting up SSH trust: edge-node-1 → ubuntu@10.22.132.37
  Adding public key to destination's authorized_keys...
  Testing SSH connectivity...
  ✓ SSH trust ready
Setting up SSH trust: edge-node-1 → ubuntu@10.22.132.37
  Adding public key to destination's authorized_keys...
  Testing SSH connectivity...
  ✓ SSH trust ready
  Transferring /tmp/CRIU-counter.tar.gz via SCP...
[19:56:07]   Transfer time: 2665 ms
[19:56:07] Step 7: Unpacking on destination...
[19:56:07] Step 7.5: Ensuring counter output file exists on destination...
[19:56:07] Step 7.8: Ensuring /tmp/counter binary is present on destination...
[19:56:07] Step 8: Restoring process...
[19:56:08]   Restore time: 307 ms
[19:56:08] Step 9: Verifying migration...
[19:56:11]   Expected min: 12 (after ~3.0s → ~15), Observed: 15
[19:56:11] ✓ SUCCESS: Counter continued correctly!
[19:56:11] Total downtime: 3588 ms (final_dump: 616 + transfer: 2665 + restore: 307)
[19:56:11] Pre-dump time (not counted as downtime): 3967 ms
[19:56:11] Effective bandwidth: 0.10 Mbps
[19:56:11] Metrics saved to /home/ivo/Documents/University/4to/Thesis-AAAAAAAa/Container-vs-Wasm-Service-Migration/Container/metrics/migration_metrics.csv
[exit=0]

$ python3 /home/ivo/Documents/University/4to/Thesis-AAAAAAAa/Container-vs-Wasm-Service-Migration/Container/scripts/setup/reset_nodes.py edge-node-1 edge-node-2
[19:56:12] Resetting nodes: edge-node-1 -> edge-node-2
[19:56:12] Step 1: Killing any existing processes on source...
[19:56:12]   Killing PID 290570 (from /home/ubuntu/app.pid)
[19:56:13]   Killing PID 290570 (from /home/ubuntu/counter.pid)
[19:56:13]   Killing any remaining background processes...
[19:56:14] Step 2: Cleaning source node...
[19:56:15] Step 3: Cleaning destination node...
[19:56:16]   Killing all remaining counter processes on destination...
[19:56:19] ✓ Reset complete, nodes are clean
[19:56:19]   Next: Start your application
[exit=0]

$ bash /home/ivo/Documents/University/4to/Thesis-AAAAAAAa/Container-vs-Wasm-Service-Migration/Container/scripts/workloads/start_counter_c.sh edge-node-1
[19:56:19] Transferring counter.c to edge-node-1...
[19:56:19] Compiling counter.c on edge-node-1...
[19:56:19] Starting counter on edge-node-1...
✓ C counter running (PID: 292329)
[19:56:21] ✓ Counter started
[exit=0]
[repeat] warmup 2s

$ python3 /home/ivo/Documents/University/4to/Thesis-AAAAAAAa/Container-vs-Wasm-Service-Migration/Container/scripts/orchestrators/criu_benchmark.py precopy --source edge-node-1 --dest edge-node-2 --transfer-mode direct --run-id repeat-suite-20260330-185020-precopy-direct-012 --iterations 3
[19:56:24] Starting precopy migration...
[19:56:24] Source: edge-node-1, Dest: edge-node-2
[19:56:24] Transfer mode: direct

[19:56:24] === PRE-COPY LIVE MIGRATION ===
[19:56:24] Step 1: Checking source process...
[19:56:24]   Using PID from /home/ubuntu/counter.pid: 292329
[19:56:25]   Last counter value (pre-dumps start): 4
[19:56:25]   Architecture: x86_64 (compatible)
[19:56:25] Step 2: Preparing dump directory...
[19:56:25] Step 3: Running 3 pre-dumps...
[19:56:25]   Pre-dump 1/3...
[19:56:27]   Pre-dump 2/3...
[19:56:28]   Pre-dump 3/3...
[19:56:29]   Total pre-dump time: 3936 ms
[19:56:29] Step 4: Final dump (freezing service)...
[19:56:30]   Frozen last counter value: 12
[19:56:30]   Expected after restore: 13
[19:56:30]   Final dump time (freeze duration): 592 ms
[19:56:30] Step 5: Creating archive...
[19:56:31]   Archive size: 32489 bytes
[19:56:31] Step 6: Transferring archive...
[19:56:31]   Setting up direct SSH trust...
Setting up SSH trust: edge-node-1 → ubuntu@10.22.132.37
  Adding public key to destination's authorized_keys...
  Testing SSH connectivity...
  ✓ SSH trust ready
Setting up SSH trust: edge-node-1 → ubuntu@10.22.132.37
  Adding public key to destination's authorized_keys...
  Testing SSH connectivity...
  ✓ SSH trust ready
  Transferring /tmp/CRIU-counter.tar.gz via SCP...
[19:56:35]   Transfer time: 2666 ms
[19:56:35] Step 7: Unpacking on destination...
[19:56:35] Step 7.5: Ensuring counter output file exists on destination...
[19:56:36] Step 7.8: Ensuring /tmp/counter binary is present on destination...
[19:56:36] Step 8: Restoring process...
[19:56:36]   Restore time: 308 ms
[19:56:36] Step 9: Verifying migration...
[19:56:40]   Expected min: 13 (after ~3.0s → ~16), Observed: 16
[19:56:40] ✓ SUCCESS: Counter continued correctly!
[19:56:40] Total downtime: 3566 ms (final_dump: 592 + transfer: 2666 + restore: 308)
[19:56:40] Pre-dump time (not counted as downtime): 3936 ms
[19:56:40] Effective bandwidth: 0.10 Mbps
[19:56:40] Metrics saved to /home/ivo/Documents/University/4to/Thesis-AAAAAAAa/Container-vs-Wasm-Service-Migration/Container/metrics/migration_metrics.csv
[exit=0]

$ python3 /home/ivo/Documents/University/4to/Thesis-AAAAAAAa/Container-vs-Wasm-Service-Migration/Container/scripts/setup/reset_nodes.py edge-node-1 edge-node-2
[19:56:40] Resetting nodes: edge-node-1 -> edge-node-2
[19:56:40] Step 1: Killing any existing processes on source...
[19:56:41]   Killing PID 292329 (from /home/ubuntu/app.pid)
[19:56:41]   Killing PID 292329 (from /home/ubuntu/counter.pid)
[19:56:42]   Killing any remaining background processes...
[19:56:43] Step 2: Cleaning source node...
[19:56:44] Step 3: Cleaning destination node...
[19:56:44]   Killing all remaining counter processes on destination...
[19:56:47] ✓ Reset complete, nodes are clean
[19:56:47]   Next: Start your application
[exit=0]

$ bash /home/ivo/Documents/University/4to/Thesis-AAAAAAAa/Container-vs-Wasm-Service-Migration/Container/scripts/workloads/start_counter_c.sh edge-node-1
[19:56:47] Transferring counter.c to edge-node-1...
[19:56:48] Compiling counter.c on edge-node-1...
[19:56:48] Starting counter on edge-node-1...
✓ C counter running (PID: 294080)
[19:56:49] ✓ Counter started
[exit=0]
[repeat] warmup 2s

$ python3 /home/ivo/Documents/University/4to/Thesis-AAAAAAAa/Container-vs-Wasm-Service-Migration/Container/scripts/orchestrators/criu_benchmark.py precopy --source edge-node-1 --dest edge-node-2 --transfer-mode direct --run-id repeat-suite-20260330-185020-precopy-direct-013 --iterations 3
[19:56:52] Starting precopy migration...
[19:56:52] Source: edge-node-1, Dest: edge-node-2
[19:56:52] Transfer mode: direct

[19:56:52] === PRE-COPY LIVE MIGRATION ===
[19:56:52] Step 1: Checking source process...
[19:56:52]   Using PID from /home/ubuntu/counter.pid: 294080
[19:56:53]   Last counter value (pre-dumps start): 4
[19:56:53]   Architecture: x86_64 (compatible)
[19:56:53] Step 2: Preparing dump directory...
[19:56:54] Step 3: Running 3 pre-dumps...
[19:56:54]   Pre-dump 1/3...
[19:56:55]   Pre-dump 2/3...
[19:56:56]   Pre-dump 3/3...
[19:56:58]   Total pre-dump time: 3941 ms
[19:56:58] Step 4: Final dump (freezing service)...
[19:56:58]   Frozen last counter value: 11
[19:56:58]   Expected after restore: 12
[19:56:58]   Final dump time (freeze duration): 597 ms
[19:56:58] Step 5: Creating archive...
[19:56:59]   Archive size: 31973 bytes
[19:56:59] Step 6: Transferring archive...
[19:56:59]   Setting up direct SSH trust...
Setting up SSH trust: edge-node-1 → ubuntu@10.22.132.37
  Adding public key to destination's authorized_keys...
  Testing SSH connectivity...
  ✓ SSH trust ready
Setting up SSH trust: edge-node-1 → ubuntu@10.22.132.37
  Adding public key to destination's authorized_keys...
  Testing SSH connectivity...
  ✓ SSH trust ready
  Transferring /tmp/CRIU-counter.tar.gz via SCP...
[19:57:03]   Transfer time: 2904 ms
[19:57:03] Step 7: Unpacking on destination...
[19:57:04] Step 7.5: Ensuring counter output file exists on destination...
[19:57:04] Step 7.8: Ensuring /tmp/counter binary is present on destination...
[19:57:04] Step 8: Restoring process...
[19:57:05]   Restore time: 316 ms
[19:57:05] Step 9: Verifying migration...
[19:57:08]   Expected min: 12 (after ~3.0s → ~15), Observed: 15
[19:57:08] ✓ SUCCESS: Counter continued correctly!
[19:57:08] Total downtime: 3817 ms (final_dump: 597 + transfer: 2904 + restore: 316)
[19:57:08] Pre-dump time (not counted as downtime): 3941 ms
[19:57:08] Effective bandwidth: 0.09 Mbps
[19:57:08] Metrics saved to /home/ivo/Documents/University/4to/Thesis-AAAAAAAa/Container-vs-Wasm-Service-Migration/Container/metrics/migration_metrics.csv
[exit=0]

$ python3 /home/ivo/Documents/University/4to/Thesis-AAAAAAAa/Container-vs-Wasm-Service-Migration/Container/scripts/setup/reset_nodes.py edge-node-1 edge-node-2
[19:57:09] Resetting nodes: edge-node-1 -> edge-node-2
[19:57:09] Step 1: Killing any existing processes on source...
[19:57:09]   Killing PID 294080 (from /home/ubuntu/app.pid)
[19:57:10]   Killing PID 294080 (from /home/ubuntu/counter.pid)
[19:57:10]   Killing any remaining background processes...
[19:57:11] Step 2: Cleaning source node...
[19:57:12] Step 3: Cleaning destination node...
[19:57:13]   Killing all remaining counter processes on destination...
[19:57:16] ✓ Reset complete, nodes are clean
[19:57:16]   Next: Start your application
[exit=0]

$ bash /home/ivo/Documents/University/4to/Thesis-AAAAAAAa/Container-vs-Wasm-Service-Migration/Container/scripts/workloads/start_counter_c.sh edge-node-1
[19:57:16] Transferring counter.c to edge-node-1...
[19:57:16] Compiling counter.c on edge-node-1...
[19:57:16] Starting counter on edge-node-1...
✓ C counter running (PID: 295839)
[19:57:18] ✓ Counter started
[exit=0]
[repeat] warmup 2s

$ python3 /home/ivo/Documents/University/4to/Thesis-AAAAAAAa/Container-vs-Wasm-Service-Migration/Container/scripts/orchestrators/criu_benchmark.py precopy --source edge-node-1 --dest edge-node-2 --transfer-mode direct --run-id repeat-suite-20260330-185020-precopy-direct-014 --iterations 3
[19:57:20] Starting precopy migration...
[19:57:20] Source: edge-node-1, Dest: edge-node-2
[19:57:20] Transfer mode: direct

[19:57:20] === PRE-COPY LIVE MIGRATION ===
[19:57:20] Step 1: Checking source process...
[19:57:21]   Using PID from /home/ubuntu/counter.pid: 295839
[19:57:21]   Last counter value (pre-dumps start): 4
[19:57:22]   Architecture: x86_64 (compatible)
[19:57:22] Step 2: Preparing dump directory...
[19:57:22] Step 3: Running 3 pre-dumps...
[19:57:22]   Pre-dump 1/3...
[19:57:23]   Pre-dump 2/3...
[19:57:25]   Pre-dump 3/3...
[19:57:26]   Total pre-dump time: 3969 ms
[19:57:26] Step 4: Final dump (freezing service)...
[19:57:27]   Frozen last counter value: 11
[19:57:27]   Expected after restore: 12
[19:57:27]   Final dump time (freeze duration): 622 ms
[19:57:27] Step 5: Creating archive...
[19:57:27]   Archive size: 31533 bytes
[19:57:27] Step 6: Transferring archive...
[19:57:27]   Setting up direct SSH trust...
Setting up SSH trust: edge-node-1 → ubuntu@10.22.132.37
  Adding public key to destination's authorized_keys...
  Testing SSH connectivity...
  ✓ SSH trust ready
Setting up SSH trust: edge-node-1 → ubuntu@10.22.132.37
  Adding public key to destination's authorized_keys...
  Testing SSH connectivity...
  ✓ SSH trust ready
  Transferring /tmp/CRIU-counter.tar.gz via SCP...
[19:57:32]   Transfer time: 2598 ms
[19:57:32] Step 7: Unpacking on destination...
[19:57:32] Step 7.5: Ensuring counter output file exists on destination...
[19:57:33] Step 7.8: Ensuring /tmp/counter binary is present on destination...
[19:57:33] Step 8: Restoring process...
[19:57:33]   Restore time: 320 ms
[19:57:33] Step 9: Verifying migration...
[19:57:36]   Expected min: 12 (after ~3.0s → ~15), Observed: 15
[19:57:36] ✓ SUCCESS: Counter continued correctly!
[19:57:36] Total downtime: 3540 ms (final_dump: 622 + transfer: 2598 + restore: 320)
[19:57:36] Pre-dump time (not counted as downtime): 3969 ms
[19:57:36] Effective bandwidth: 0.10 Mbps
[19:57:36] Metrics saved to /home/ivo/Documents/University/4to/Thesis-AAAAAAAa/Container-vs-Wasm-Service-Migration/Container/metrics/migration_metrics.csv
[exit=0]

$ python3 /home/ivo/Documents/University/4to/Thesis-AAAAAAAa/Container-vs-Wasm-Service-Migration/Container/scripts/setup/reset_nodes.py edge-node-1 edge-node-2
[19:57:37] Resetting nodes: edge-node-1 -> edge-node-2
[19:57:37] Step 1: Killing any existing processes on source...
[19:57:37]   Killing PID 295839 (from /home/ubuntu/app.pid)
[19:57:38]   Killing PID 295839 (from /home/ubuntu/counter.pid)
[19:57:39]   Killing any remaining background processes...
[19:57:40] Step 2: Cleaning source node...
[19:57:41] Step 3: Cleaning destination node...
[19:57:41]   Killing all remaining counter processes on destination...
[19:57:44] ✓ Reset complete, nodes are clean
[19:57:44]   Next: Start your application
[exit=0]

$ bash /home/ivo/Documents/University/4to/Thesis-AAAAAAAa/Container-vs-Wasm-Service-Migration/Container/scripts/workloads/start_counter_c.sh edge-node-1
[19:57:44] Transferring counter.c to edge-node-1...
[19:57:44] Compiling counter.c on edge-node-1...
[19:57:45] Starting counter on edge-node-1...
✓ C counter running (PID: 297589)
[19:57:46] ✓ Counter started
[exit=0]
[repeat] warmup 2s

$ python3 /home/ivo/Documents/University/4to/Thesis-AAAAAAAa/Container-vs-Wasm-Service-Migration/Container/scripts/orchestrators/criu_benchmark.py precopy --source edge-node-1 --dest edge-node-2 --transfer-mode direct --run-id repeat-suite-20260330-185020-precopy-direct-015 --iterations 3
[19:57:49] Starting precopy migration...
[19:57:49] Source: edge-node-1, Dest: edge-node-2
[19:57:49] Transfer mode: direct

[19:57:49] === PRE-COPY LIVE MIGRATION ===
[19:57:49] Step 1: Checking source process...
[19:57:49]   Using PID from /home/ubuntu/counter.pid: 297589
[19:57:50]   Last counter value (pre-dumps start): 4
[19:57:50]   Architecture: x86_64 (compatible)
[19:57:50] Step 2: Preparing dump directory...
[19:57:50] Step 3: Running 3 pre-dumps...
[19:57:50]   Pre-dump 1/3...
[19:57:52]   Pre-dump 2/3...
[19:57:53]   Pre-dump 3/3...
[19:57:54]   Total pre-dump time: 3948 ms
[19:57:54] Step 4: Final dump (freezing service)...
[19:57:55]   Frozen last counter value: 11
[19:57:55]   Expected after restore: 12
[19:57:55]   Final dump time (freeze duration): 608 ms
[19:57:55] Step 5: Creating archive...
[19:57:56]   Archive size: 31823 bytes
[19:57:56] Step 6: Transferring archive...
[19:57:56]   Setting up direct SSH trust...
Setting up SSH trust: edge-node-1 → ubuntu@10.22.132.37
  Adding public key to destination's authorized_keys...
  Testing SSH connectivity...
  ✓ SSH trust ready
Setting up SSH trust: edge-node-1 → ubuntu@10.22.132.37
  Adding public key to destination's authorized_keys...
  Testing SSH connectivity...
  ✓ SSH trust ready
  Transferring /tmp/CRIU-counter.tar.gz via SCP...
[19:58:00]   Transfer time: 2608 ms
[19:58:00] Step 7: Unpacking on destination...
[19:58:00] Step 7.5: Ensuring counter output file exists on destination...
[19:58:01] Step 7.8: Ensuring /tmp/counter binary is present on destination...
[19:58:01] Step 8: Restoring process...
[19:58:01]   Restore time: 316 ms
[19:58:01] Step 9: Verifying migration...
[19:58:04]   Expected min: 12 (after ~3.0s → ~15), Observed: 15
[19:58:04] ✓ SUCCESS: Counter continued correctly!
[19:58:04] Total downtime: 3532 ms (final_dump: 608 + transfer: 2608 + restore: 316)
[19:58:04] Pre-dump time (not counted as downtime): 3948 ms
[19:58:04] Effective bandwidth: 0.10 Mbps
[19:58:04] Metrics saved to /home/ivo/Documents/University/4to/Thesis-AAAAAAAa/Container-vs-Wasm-Service-Migration/Container/metrics/migration_metrics.csv
[exit=0]

$ python3 /home/ivo/Documents/University/4to/Thesis-AAAAAAAa/Container-vs-Wasm-Service-Migration/Container/scripts/setup/reset_nodes.py edge-node-1 edge-node-2
[19:58:06] Resetting nodes: edge-node-1 -> edge-node-2
[19:58:06] Step 1: Killing any existing processes on source...
[19:58:06]   Killing PID 297589 (from /home/ubuntu/app.pid)
[19:58:07]   Killing PID 297589 (from /home/ubuntu/counter.pid)
[19:58:07]   Killing any remaining background processes...
[19:58:08] Step 2: Cleaning source node...
[19:58:09] Step 3: Cleaning destination node...
[19:58:10]   Killing all remaining counter processes on destination...
[19:58:13] ✓ Reset complete, nodes are clean
[19:58:13]   Next: Start your application
[exit=0]

$ bash /home/ivo/Documents/University/4to/Thesis-AAAAAAAa/Container-vs-Wasm-Service-Migration/Container/scripts/workloads/start_counter_c.sh edge-node-1
[19:58:13] Transferring counter.c to edge-node-1...
[19:58:13] Compiling counter.c on edge-node-1...
[19:58:13] Starting counter on edge-node-1...
✓ C counter running (PID: 299341)
[19:58:15] ✓ Counter started
[exit=0]
[repeat] warmup 2s

$ python3 /home/ivo/Documents/University/4to/Thesis-AAAAAAAa/Container-vs-Wasm-Service-Migration/Container/scripts/orchestrators/criu_benchmark.py precopy --source edge-node-1 --dest edge-node-2 --transfer-mode direct --run-id repeat-suite-20260330-185020-precopy-direct-016 --iterations 3
[19:58:17] Starting precopy migration...
[19:58:17] Source: edge-node-1, Dest: edge-node-2
[19:58:17] Transfer mode: direct

[19:58:17] === PRE-COPY LIVE MIGRATION ===
[19:58:17] Step 1: Checking source process...
[19:58:18]   Using PID from /home/ubuntu/counter.pid: 299341
[19:58:18]   Last counter value (pre-dumps start): 4
[19:58:19]   Architecture: x86_64 (compatible)
[19:58:19] Step 2: Preparing dump directory...
[19:58:19] Step 3: Running 3 pre-dumps...
[19:58:19]   Pre-dump 1/3...
[19:58:20]   Pre-dump 2/3...
[19:58:22]   Pre-dump 3/3...
[19:58:23]   Total pre-dump time: 4030 ms
[19:58:23] Step 4: Final dump (freezing service)...
[19:58:24]   Frozen last counter value: 11
[19:58:24]   Expected after restore: 12
[19:58:24]   Final dump time (freeze duration): 616 ms
[19:58:24] Step 5: Creating archive...
[19:58:24]   Archive size: 33093 bytes
[19:58:24] Step 6: Transferring archive...
[19:58:24]   Setting up direct SSH trust...
Setting up SSH trust: edge-node-1 → ubuntu@10.22.132.37
  Adding public key to destination's authorized_keys...
  Testing SSH connectivity...
  ✓ SSH trust ready
Setting up SSH trust: edge-node-1 → ubuntu@10.22.132.37
  Adding public key to destination's authorized_keys...
  Testing SSH connectivity...
  ✓ SSH trust ready
  Transferring /tmp/CRIU-counter.tar.gz via SCP...
[19:58:29]   Transfer time: 2893 ms
[19:58:29] Step 7: Unpacking on destination...
[19:58:29] Step 7.5: Ensuring counter output file exists on destination...
[19:58:30] Step 7.8: Ensuring /tmp/counter binary is present on destination...
[19:58:30] Step 8: Restoring process...
[19:58:30]   Restore time: 314 ms
[19:58:30] Step 9: Verifying migration...
[19:58:33]   Expected min: 12 (after ~3.0s → ~15), Observed: 15
[19:58:33] ✓ SUCCESS: Counter continued correctly!
[19:58:33] Total downtime: 3823 ms (final_dump: 616 + transfer: 2893 + restore: 314)
[19:58:33] Pre-dump time (not counted as downtime): 4030 ms
[19:58:33] Effective bandwidth: 0.09 Mbps
[19:58:33] Metrics saved to /home/ivo/Documents/University/4to/Thesis-AAAAAAAa/Container-vs-Wasm-Service-Migration/Container/metrics/migration_metrics.csv
[exit=0]

$ python3 /home/ivo/Documents/University/4to/Thesis-AAAAAAAa/Container-vs-Wasm-Service-Migration/Container/scripts/setup/reset_nodes.py edge-node-1 edge-node-2
[19:58:34] Resetting nodes: edge-node-1 -> edge-node-2
[19:58:34] Step 1: Killing any existing processes on source...
[19:58:34]   Killing PID 299341 (from /home/ubuntu/app.pid)
[19:58:35]   Killing PID 299341 (from /home/ubuntu/counter.pid)
[19:58:36]   Killing any remaining background processes...
[19:58:37] Step 2: Cleaning source node...
[19:58:38] Step 3: Cleaning destination node...
[19:58:38]   Killing all remaining counter processes on destination...
[19:58:41] ✓ Reset complete, nodes are clean
[19:58:41]   Next: Start your application
[exit=0]

$ bash /home/ivo/Documents/University/4to/Thesis-AAAAAAAa/Container-vs-Wasm-Service-Migration/Container/scripts/workloads/start_counter_c.sh edge-node-1
[19:58:41] Transferring counter.c to edge-node-1...
[19:58:42] Compiling counter.c on edge-node-1...
[19:58:42] Starting counter on edge-node-1...
✓ C counter running (PID: 301091)
[19:58:43] ✓ Counter started
[exit=0]
[repeat] warmup 2s

$ python3 /home/ivo/Documents/University/4to/Thesis-AAAAAAAa/Container-vs-Wasm-Service-Migration/Container/scripts/orchestrators/criu_benchmark.py precopy --source edge-node-1 --dest edge-node-2 --transfer-mode direct --run-id repeat-suite-20260330-185020-precopy-direct-017 --iterations 3
[19:58:46] Starting precopy migration...
[19:58:46] Source: edge-node-1, Dest: edge-node-2
[19:58:46] Transfer mode: direct

[19:58:46] === PRE-COPY LIVE MIGRATION ===
[19:58:46] Step 1: Checking source process...
[19:58:46]   Using PID from /home/ubuntu/counter.pid: 301091
[19:58:47]   Last counter value (pre-dumps start): 4
[19:58:47]   Architecture: x86_64 (compatible)
[19:58:47] Step 2: Preparing dump directory...
[19:58:48] Step 3: Running 3 pre-dumps...
[19:58:48]   Pre-dump 1/3...
[19:58:49]   Pre-dump 2/3...
[19:58:50]   Pre-dump 3/3...
[19:58:52]   Total pre-dump time: 3988 ms
[19:58:52] Step 4: Final dump (freezing service)...
[19:58:52]   Frozen last counter value: 11
[19:58:52]   Expected after restore: 12
[19:58:52]   Final dump time (freeze duration): 586 ms
[19:58:52] Step 5: Creating archive...
[19:58:53]   Archive size: 33068 bytes
[19:58:53] Step 6: Transferring archive...
[19:58:53]   Setting up direct SSH trust...
Setting up SSH trust: edge-node-1 → ubuntu@10.22.132.37
  Adding public key to destination's authorized_keys...
  Testing SSH connectivity...
  ✓ SSH trust ready
Setting up SSH trust: edge-node-1 → ubuntu@10.22.132.37
  Adding public key to destination's authorized_keys...
  Testing SSH connectivity...
  ✓ SSH trust ready
  Transferring /tmp/CRIU-counter.tar.gz via SCP...
[19:58:57]   Transfer time: 2651 ms
[19:58:57] Step 7: Unpacking on destination...
[19:58:57] Step 7.5: Ensuring counter output file exists on destination...
[19:58:58] Step 7.8: Ensuring /tmp/counter binary is present on destination...
[19:58:58] Step 8: Restoring process...
[19:58:58]   Restore time: 335 ms
[19:58:58] Step 9: Verifying migration...
[19:59:02]   Expected min: 12 (after ~3.0s → ~15), Observed: 15
[19:59:02] ✓ SUCCESS: Counter continued correctly!
[19:59:02] Total downtime: 3572 ms (final_dump: 586 + transfer: 2651 + restore: 335)
[19:59:02] Pre-dump time (not counted as downtime): 3988 ms
[19:59:02] Effective bandwidth: 0.10 Mbps
[19:59:02] Metrics saved to /home/ivo/Documents/University/4to/Thesis-AAAAAAAa/Container-vs-Wasm-Service-Migration/Container/metrics/migration_metrics.csv
[exit=0]

$ python3 /home/ivo/Documents/University/4to/Thesis-AAAAAAAa/Container-vs-Wasm-Service-Migration/Container/scripts/setup/reset_nodes.py edge-node-1 edge-node-2
[19:59:02] Resetting nodes: edge-node-1 -> edge-node-2
[19:59:02] Step 1: Killing any existing processes on source...
[19:59:03]   Killing PID 301091 (from /home/ubuntu/app.pid)
[19:59:04]   Killing PID 301091 (from /home/ubuntu/counter.pid)
[19:59:04]   Killing any remaining background processes...
[19:59:05] Step 2: Cleaning source node...
[19:59:06] Step 3: Cleaning destination node...
[19:59:07]   Killing all remaining counter processes on destination...
[19:59:10] ✓ Reset complete, nodes are clean
[19:59:10]   Next: Start your application
[exit=0]

$ bash /home/ivo/Documents/University/4to/Thesis-AAAAAAAa/Container-vs-Wasm-Service-Migration/Container/scripts/workloads/start_counter_c.sh edge-node-1
[19:59:10] Transferring counter.c to edge-node-1...
[19:59:10] Compiling counter.c on edge-node-1...
[19:59:11] Starting counter on edge-node-1...
✓ C counter running (PID: 302855)
[19:59:12] ✓ Counter started
[exit=0]
[repeat] warmup 2s

$ python3 /home/ivo/Documents/University/4to/Thesis-AAAAAAAa/Container-vs-Wasm-Service-Migration/Container/scripts/orchestrators/criu_benchmark.py precopy --source edge-node-1 --dest edge-node-2 --transfer-mode direct --run-id repeat-suite-20260330-185020-precopy-direct-018 --iterations 3
[19:59:15] Starting precopy migration...
[19:59:15] Source: edge-node-1, Dest: edge-node-2
[19:59:15] Transfer mode: direct

[19:59:15] === PRE-COPY LIVE MIGRATION ===
[19:59:15] Step 1: Checking source process...
[19:59:15]   Using PID from /home/ubuntu/counter.pid: 302855
[19:59:15]   Last counter value (pre-dumps start): 4
[19:59:16]   Architecture: x86_64 (compatible)
[19:59:16] Step 2: Preparing dump directory...
[19:59:16] Step 3: Running 3 pre-dumps...
[19:59:16]   Pre-dump 1/3...
[19:59:18]   Pre-dump 2/3...
[19:59:19]   Pre-dump 3/3...
[19:59:20]   Total pre-dump time: 3968 ms
[19:59:20] Step 4: Final dump (freezing service)...
[19:59:21]   Frozen last counter value: 11
[19:59:21]   Expected after restore: 12
[19:59:21]   Final dump time (freeze duration): 592 ms
[19:59:21] Step 5: Creating archive...
[19:59:22]   Archive size: 33095 bytes
[19:59:22] Step 6: Transferring archive...
[19:59:22]   Setting up direct SSH trust...
Setting up SSH trust: edge-node-1 → ubuntu@10.22.132.37
  Adding public key to destination's authorized_keys...
  Testing SSH connectivity...
  ✓ SSH trust ready
Setting up SSH trust: edge-node-1 → ubuntu@10.22.132.37
  Adding public key to destination's authorized_keys...
  Testing SSH connectivity...
  ✓ SSH trust ready
  Transferring /tmp/CRIU-counter.tar.gz via SCP...
[19:59:26]   Transfer time: 2649 ms
[19:59:26] Step 7: Unpacking on destination...
[19:59:26] Step 7.5: Ensuring counter output file exists on destination...
[19:59:27] Step 7.8: Ensuring /tmp/counter binary is present on destination...
[19:59:27] Step 8: Restoring process...
[19:59:27]   Restore time: 317 ms
[19:59:27] Step 9: Verifying migration...
[19:59:31]   Expected min: 12 (after ~3.0s → ~15), Observed: 15
[19:59:31] ✓ SUCCESS: Counter continued correctly!
[19:59:31] Total downtime: 3558 ms (final_dump: 592 + transfer: 2649 + restore: 317)
[19:59:31] Pre-dump time (not counted as downtime): 3968 ms
[19:59:31] Effective bandwidth: 0.10 Mbps
[19:59:31] Metrics saved to /home/ivo/Documents/University/4to/Thesis-AAAAAAAa/Container-vs-Wasm-Service-Migration/Container/metrics/migration_metrics.csv
[exit=0]

$ python3 /home/ivo/Documents/University/4to/Thesis-AAAAAAAa/Container-vs-Wasm-Service-Migration/Container/scripts/setup/reset_nodes.py edge-node-1 edge-node-2
[19:59:32] Resetting nodes: edge-node-1 -> edge-node-2
[19:59:32] Step 1: Killing any existing processes on source...
[19:59:32]   Killing PID 302855 (from /home/ubuntu/app.pid)
[19:59:33]   Killing PID 302855 (from /home/ubuntu/counter.pid)
[19:59:33]   Killing any remaining background processes...
[19:59:34] Step 2: Cleaning source node...
[19:59:35] Step 3: Cleaning destination node...
[19:59:36]   Killing all remaining counter processes on destination...
[19:59:39] ✓ Reset complete, nodes are clean
[19:59:39]   Next: Start your application
[exit=0]

$ bash /home/ivo/Documents/University/4to/Thesis-AAAAAAAa/Container-vs-Wasm-Service-Migration/Container/scripts/workloads/start_counter_c.sh edge-node-1
[19:59:39] Transferring counter.c to edge-node-1...
[19:59:39] Compiling counter.c on edge-node-1...
[19:59:40] Starting counter on edge-node-1...
✓ C counter running (PID: 304606)
[19:59:41] ✓ Counter started
[exit=0]
[repeat] warmup 2s

$ python3 /home/ivo/Documents/University/4to/Thesis-AAAAAAAa/Container-vs-Wasm-Service-Migration/Container/scripts/orchestrators/criu_benchmark.py precopy --source edge-node-1 --dest edge-node-2 --transfer-mode direct --run-id repeat-suite-20260330-185020-precopy-direct-019 --iterations 3
[19:59:44] Starting precopy migration...
[19:59:44] Source: edge-node-1, Dest: edge-node-2
[19:59:44] Transfer mode: direct

[19:59:44] === PRE-COPY LIVE MIGRATION ===
[19:59:44] Step 1: Checking source process...
[19:59:44]   Using PID from /home/ubuntu/counter.pid: 304606
[19:59:44]   Last counter value (pre-dumps start): 4
[19:59:45]   Architecture: x86_64 (compatible)
[19:59:45] Step 2: Preparing dump directory...
[19:59:45] Step 3: Running 3 pre-dumps...
[19:59:45]   Pre-dump 1/3...
[19:59:47]   Pre-dump 2/3...
[19:59:48]   Pre-dump 3/3...
[19:59:49]   Total pre-dump time: 3997 ms
[19:59:49] Step 4: Final dump (freezing service)...
[19:59:50]   Frozen last counter value: 11
[19:59:50]   Expected after restore: 12
[19:59:50]   Final dump time (freeze duration): 629 ms
[19:59:50] Step 5: Creating archive...
[19:59:51]   Archive size: 32479 bytes
[19:59:51] Step 6: Transferring archive...
[19:59:51]   Setting up direct SSH trust...
Setting up SSH trust: edge-node-1 → ubuntu@10.22.132.37
  Adding public key to destination's authorized_keys...
  Testing SSH connectivity...
  ✓ SSH trust ready
Setting up SSH trust: edge-node-1 → ubuntu@10.22.132.37
  Adding public key to destination's authorized_keys...
  Testing SSH connectivity...
  ✓ SSH trust ready
  Transferring /tmp/CRIU-counter.tar.gz via SCP...
[19:59:55]   Transfer time: 2640 ms
[19:59:55] Step 7: Unpacking on destination...
[19:59:55] Step 7.5: Ensuring counter output file exists on destination...
[19:59:56] Step 7.8: Ensuring /tmp/counter binary is present on destination...
[19:59:56] Step 8: Restoring process...
[19:59:56]   Restore time: 329 ms
[19:59:56] Step 9: Verifying migration...
[20:00:00]   Expected min: 12 (after ~3.0s → ~15), Observed: 15
[20:00:00] ✓ SUCCESS: Counter continued correctly!
[20:00:00] Total downtime: 3598 ms (final_dump: 629 + transfer: 2640 + restore: 329)
[20:00:00] Pre-dump time (not counted as downtime): 3997 ms
[20:00:00] Effective bandwidth: 0.10 Mbps
[20:00:00] Metrics saved to /home/ivo/Documents/University/4to/Thesis-AAAAAAAa/Container-vs-Wasm-Service-Migration/Container/metrics/migration_metrics.csv
[exit=0]

$ python3 /home/ivo/Documents/University/4to/Thesis-AAAAAAAa/Container-vs-Wasm-Service-Migration/Container/scripts/setup/reset_nodes.py edge-node-1 edge-node-2
[20:00:00] Resetting nodes: edge-node-1 -> edge-node-2
[20:00:00] Step 1: Killing any existing processes on source...
[20:00:01]   Killing PID 304606 (from /home/ubuntu/app.pid)
[20:00:01]   Killing PID 304606 (from /home/ubuntu/counter.pid)
[20:00:02]   Killing any remaining background processes...
[20:00:03] Step 2: Cleaning source node...
[20:00:04] Step 3: Cleaning destination node...
[20:00:04]   Killing all remaining counter processes on destination...
[20:00:07] ✓ Reset complete, nodes are clean
[20:00:07]   Next: Start your application
[exit=0]

$ bash /home/ivo/Documents/University/4to/Thesis-AAAAAAAa/Container-vs-Wasm-Service-Migration/Container/scripts/workloads/start_counter_c.sh edge-node-1
[20:00:07] Transferring counter.c to edge-node-1...
[20:00:08] Compiling counter.c on edge-node-1...
[20:00:08] Starting counter on edge-node-1...
✓ C counter running (PID: 306366)
[20:00:10] ✓ Counter started
[exit=0]
[repeat] warmup 2s

$ python3 /home/ivo/Documents/University/4to/Thesis-AAAAAAAa/Container-vs-Wasm-Service-Migration/Container/scripts/orchestrators/criu_benchmark.py precopy --source edge-node-1 --dest edge-node-2 --transfer-mode direct --run-id repeat-suite-20260330-185020-precopy-direct-020 --iterations 3
[20:00:12] Starting precopy migration...
[20:00:12] Source: edge-node-1, Dest: edge-node-2
[20:00:12] Transfer mode: direct

[20:00:12] === PRE-COPY LIVE MIGRATION ===
[20:00:12] Step 1: Checking source process...
[20:00:13]   Using PID from /home/ubuntu/counter.pid: 306366
[20:00:13]   Last counter value (pre-dumps start): 4
[20:00:14]   Architecture: x86_64 (compatible)
[20:00:14] Step 2: Preparing dump directory...
[20:00:14] Step 3: Running 3 pre-dumps...
[20:00:14]   Pre-dump 1/3...
[20:00:15]   Pre-dump 2/3...
[20:00:17]   Pre-dump 3/3...
[20:00:18]   Total pre-dump time: 4018 ms
[20:00:18] Step 4: Final dump (freezing service)...
[20:00:19]   Frozen last counter value: 11
[20:00:19]   Expected after restore: 12
[20:00:19]   Final dump time (freeze duration): 629 ms
[20:00:19] Step 5: Creating archive...
[20:00:19]   Archive size: 33178 bytes
[20:00:19] Step 6: Transferring archive...
[20:00:19]   Setting up direct SSH trust...
Setting up SSH trust: edge-node-1 → ubuntu@10.22.132.37
  Adding public key to destination's authorized_keys...
  Testing SSH connectivity...
  ✓ SSH trust ready
Setting up SSH trust: edge-node-1 → ubuntu@10.22.132.37
  Adding public key to destination's authorized_keys...
  Testing SSH connectivity...
  ✓ SSH trust ready
  Transferring /tmp/CRIU-counter.tar.gz via SCP...
[20:00:24]   Transfer time: 2912 ms
[20:00:24] Step 7: Unpacking on destination...
[20:00:24] Step 7.5: Ensuring counter output file exists on destination...
[20:00:25] Step 7.8: Ensuring /tmp/counter binary is present on destination...
[20:00:25] Step 8: Restoring process...
[20:00:25]   Restore time: 324 ms
[20:00:25] Step 9: Verifying migration...
[20:00:29]   Expected min: 12 (after ~3.0s → ~15), Observed: 15
[20:00:29] ✓ SUCCESS: Counter continued correctly!
[20:00:29] Total downtime: 3865 ms (final_dump: 629 + transfer: 2912 + restore: 324)
[20:00:29] Pre-dump time (not counted as downtime): 4018 ms
[20:00:29] Effective bandwidth: 0.09 Mbps
[20:00:29] Metrics saved to /home/ivo/Documents/University/4to/Thesis-AAAAAAAa/Container-vs-Wasm-Service-Migration/Container/metrics/migration_metrics.csv
[exit=0]

$ python3 /home/ivo/Documents/University/4to/Thesis-AAAAAAAa/Container-vs-Wasm-Service-Migration/Container/scripts/setup/reset_nodes.py edge-node-1 edge-node-2
[20:00:29] Resetting nodes: edge-node-1 -> edge-node-2
[20:00:29] Step 1: Killing any existing processes on source...
[20:00:30]   Killing PID 306366 (from /home/ubuntu/app.pid)
[20:00:30]   Killing PID 306366 (from /home/ubuntu/counter.pid)
[20:00:31]   Killing any remaining background processes...
[20:00:32] Step 2: Cleaning source node...
[20:00:33] Step 3: Cleaning destination node...
[20:00:34]   Killing all remaining counter processes on destination...
[20:00:37] ✓ Reset complete, nodes are clean
[20:00:37]   Next: Start your application
[exit=0]

$ bash /home/ivo/Documents/University/4to/Thesis-AAAAAAAa/Container-vs-Wasm-Service-Migration/Container/scripts/workloads/start_counter_c.sh edge-node-1
[20:00:37] Transferring counter.c to edge-node-1...
[20:00:37] Compiling counter.c on edge-node-1...
[20:00:37] Starting counter on edge-node-1...
✓ C counter running (PID: 308115)
[20:00:39] ✓ Counter started
[exit=0]
[repeat] warmup 2s

$ python3 /home/ivo/Documents/University/4to/Thesis-AAAAAAAa/Container-vs-Wasm-Service-Migration/Container/scripts/orchestrators/criu_benchmark.py precopy --source edge-node-1 --dest edge-node-2 --transfer-mode direct --run-id repeat-suite-20260330-185020-precopy-direct-021 --iterations 3
[20:00:41] Starting precopy migration...
[20:00:41] Source: edge-node-1, Dest: edge-node-2
[20:00:41] Transfer mode: direct

[20:00:41] === PRE-COPY LIVE MIGRATION ===
[20:00:41] Step 1: Checking source process...
[20:00:42]   Using PID from /home/ubuntu/counter.pid: 308115
[20:00:42]   Last counter value (pre-dumps start): 4
[20:00:43]   Architecture: x86_64 (compatible)
[20:00:43] Step 2: Preparing dump directory...
[20:00:43] Step 3: Running 3 pre-dumps...
[20:00:43]   Pre-dump 1/3...
[20:00:45]   Pre-dump 2/3...
[20:00:46]   Pre-dump 3/3...
[20:00:47]   Total pre-dump time: 3987 ms
[20:00:47] Step 4: Final dump (freezing service)...
[20:00:48]   Frozen last counter value: 11
[20:00:48]   Expected after restore: 12
[20:00:48]   Final dump time (freeze duration): 630 ms
[20:00:48] Step 5: Creating archive...
[20:00:48]   Archive size: 32276 bytes
[20:00:48] Step 6: Transferring archive...
[20:00:48]   Setting up direct SSH trust...
Setting up SSH trust: edge-node-1 → ubuntu@10.22.132.37
  Adding public key to destination's authorized_keys...
  Testing SSH connectivity...
  ✓ SSH trust ready
Setting up SSH trust: edge-node-1 → ubuntu@10.22.132.37
  Adding public key to destination's authorized_keys...
  Testing SSH connectivity...
  ✓ SSH trust ready
  Transferring /tmp/CRIU-counter.tar.gz via SCP...
[20:00:53]   Transfer time: 2689 ms
[20:00:53] Step 7: Unpacking on destination...
[20:00:53] Step 7.5: Ensuring counter output file exists on destination...
[20:00:53] Step 7.8: Ensuring /tmp/counter binary is present on destination...
[20:00:54] Step 8: Restoring process...
[20:00:54]   Restore time: 307 ms
[20:00:54] Step 9: Verifying migration...
[20:00:57]   Expected min: 12 (after ~3.0s → ~15), Observed: 15
[20:00:57] ✓ SUCCESS: Counter continued correctly!
[20:00:57] Total downtime: 3626 ms (final_dump: 630 + transfer: 2689 + restore: 307)
[20:00:57] Pre-dump time (not counted as downtime): 3987 ms
[20:00:57] Effective bandwidth: 0.10 Mbps
[20:00:57] Metrics saved to /home/ivo/Documents/University/4to/Thesis-AAAAAAAa/Container-vs-Wasm-Service-Migration/Container/metrics/migration_metrics.csv
[exit=0]

$ python3 /home/ivo/Documents/University/4to/Thesis-AAAAAAAa/Container-vs-Wasm-Service-Migration/Container/scripts/setup/reset_nodes.py edge-node-1 edge-node-2
[20:00:58] Resetting nodes: edge-node-1 -> edge-node-2
[20:00:58] Step 1: Killing any existing processes on source...
[20:00:58]   Killing PID 308115 (from /home/ubuntu/app.pid)
[20:00:59]   Killing PID 308115 (from /home/ubuntu/counter.pid)
[20:01:00]   Killing any remaining background processes...
[20:01:01] Step 2: Cleaning source node...
[20:01:02] Step 3: Cleaning destination node...
[20:01:02]   Killing all remaining counter processes on destination...
[20:01:05] ✓ Reset complete, nodes are clean
[20:01:05]   Next: Start your application
[exit=0]

$ bash /home/ivo/Documents/University/4to/Thesis-AAAAAAAa/Container-vs-Wasm-Service-Migration/Container/scripts/workloads/start_counter_c.sh edge-node-1
[20:01:05] Transferring counter.c to edge-node-1...
[20:01:06] Compiling counter.c on edge-node-1...
[20:01:06] Starting counter on edge-node-1...
✓ C counter running (PID: 309858)
[20:01:07] ✓ Counter started
[exit=0]
[repeat] warmup 2s

$ python3 /home/ivo/Documents/University/4to/Thesis-AAAAAAAa/Container-vs-Wasm-Service-Migration/Container/scripts/orchestrators/criu_benchmark.py precopy --source edge-node-1 --dest edge-node-2 --transfer-mode direct --run-id repeat-suite-20260330-185020-precopy-direct-022 --iterations 3
[20:01:10] Starting precopy migration...
[20:01:10] Source: edge-node-1, Dest: edge-node-2
[20:01:10] Transfer mode: direct

[20:01:10] === PRE-COPY LIVE MIGRATION ===
[20:01:10] Step 1: Checking source process...
[20:01:11]   Using PID from /home/ubuntu/counter.pid: 309858
[20:01:11]   Last counter value (pre-dumps start): 4
[20:01:12]   Architecture: x86_64 (compatible)
[20:01:12] Step 2: Preparing dump directory...
[20:01:12] Step 3: Running 3 pre-dumps...
[20:01:12]   Pre-dump 1/3...
[20:01:13]   Pre-dump 2/3...
[20:01:15]   Pre-dump 3/3...
[20:01:16]   Total pre-dump time: 3969 ms
[20:01:16] Step 4: Final dump (freezing service)...
[20:01:16]   Frozen last counter value: 12
[20:01:16]   Expected after restore: 13
[20:01:16]   Final dump time (freeze duration): 603 ms
[20:01:16] Step 5: Creating archive...
[20:01:17]   Archive size: 31763 bytes
[20:01:17] Step 6: Transferring archive...
[20:01:17]   Setting up direct SSH trust...
Setting up SSH trust: edge-node-1 → ubuntu@10.22.132.37
  Adding public key to destination's authorized_keys...
  Testing SSH connectivity...
  ✓ SSH trust ready
Setting up SSH trust: edge-node-1 → ubuntu@10.22.132.37
  Adding public key to destination's authorized_keys...
  Testing SSH connectivity...
  ✓ SSH trust ready
  Transferring /tmp/CRIU-counter.tar.gz via SCP...
[20:01:21]   Transfer time: 2576 ms
[20:01:21] Step 7: Unpacking on destination...
[20:01:22] Step 7.5: Ensuring counter output file exists on destination...
[20:01:22] Step 7.8: Ensuring /tmp/counter binary is present on destination...
[20:01:22] Step 8: Restoring process...
[20:01:23]   Restore time: 326 ms
[20:01:23] Step 9: Verifying migration...
[20:01:26]   Expected min: 13 (after ~3.0s → ~16), Observed: 16
[20:01:26] ✓ SUCCESS: Counter continued correctly!
[20:01:26] Total downtime: 3505 ms (final_dump: 603 + transfer: 2576 + restore: 326)
[20:01:26] Pre-dump time (not counted as downtime): 3969 ms
[20:01:26] Effective bandwidth: 0.10 Mbps
[20:01:26] Metrics saved to /home/ivo/Documents/University/4to/Thesis-AAAAAAAa/Container-vs-Wasm-Service-Migration/Container/metrics/migration_metrics.csv
[exit=0]

$ python3 /home/ivo/Documents/University/4to/Thesis-AAAAAAAa/Container-vs-Wasm-Service-Migration/Container/scripts/setup/reset_nodes.py edge-node-1 edge-node-2
[20:01:27] Resetting nodes: edge-node-1 -> edge-node-2
[20:01:27] Step 1: Killing any existing processes on source...
[20:01:27]   Killing PID 309858 (from /home/ubuntu/app.pid)
[20:01:28]   Killing PID 309858 (from /home/ubuntu/counter.pid)
[20:01:28]   Killing any remaining background processes...
[20:01:29] Step 2: Cleaning source node...
[20:01:30] Step 3: Cleaning destination node...
[20:01:31]   Killing all remaining counter processes on destination...
[20:01:34] ✓ Reset complete, nodes are clean
[20:01:34]   Next: Start your application
[exit=0]

$ bash /home/ivo/Documents/University/4to/Thesis-AAAAAAAa/Container-vs-Wasm-Service-Migration/Container/scripts/workloads/start_counter_c.sh edge-node-1
[20:01:34] Transferring counter.c to edge-node-1...
[20:01:34] Compiling counter.c on edge-node-1...
[20:01:35] Starting counter on edge-node-1...
✓ C counter running (PID: 311619)
[20:01:36] ✓ Counter started
[exit=0]
[repeat] warmup 2s

$ python3 /home/ivo/Documents/University/4to/Thesis-AAAAAAAa/Container-vs-Wasm-Service-Migration/Container/scripts/orchestrators/criu_benchmark.py precopy --source edge-node-1 --dest edge-node-2 --transfer-mode direct --run-id repeat-suite-20260330-185020-precopy-direct-023 --iterations 3
[20:01:39] Starting precopy migration...
[20:01:39] Source: edge-node-1, Dest: edge-node-2
[20:01:39] Transfer mode: direct

[20:01:39] === PRE-COPY LIVE MIGRATION ===
[20:01:39] Step 1: Checking source process...
[20:01:39]   Using PID from /home/ubuntu/counter.pid: 311619
[20:01:39]   Last counter value (pre-dumps start): 4
[20:01:40]   Architecture: x86_64 (compatible)
[20:01:40] Step 2: Preparing dump directory...
[20:01:40] Step 3: Running 3 pre-dumps...
[20:01:40]   Pre-dump 1/3...
[20:01:42]   Pre-dump 2/3...
[20:01:43]   Pre-dump 3/3...
[20:01:44]   Total pre-dump time: 3973 ms
[20:01:44] Step 4: Final dump (freezing service)...
[20:01:45]   Frozen last counter value: 11
[20:01:45]   Expected after restore: 12
[20:01:45]   Final dump time (freeze duration): 632 ms
[20:01:45] Step 5: Creating archive...
[20:01:45]   Archive size: 31788 bytes
[20:01:45] Step 6: Transferring archive...
[20:01:45]   Setting up direct SSH trust...
Setting up SSH trust: edge-node-1 → ubuntu@10.22.132.37
  Adding public key to destination's authorized_keys...
  Testing SSH connectivity...
  ✓ SSH trust ready
Setting up SSH trust: edge-node-1 → ubuntu@10.22.132.37
  Adding public key to destination's authorized_keys...
  Testing SSH connectivity...
  ✓ SSH trust ready
  Transferring /tmp/CRIU-counter.tar.gz via SCP...
[20:01:50]   Transfer time: 2583 ms
[20:01:50] Step 7: Unpacking on destination...
[20:01:50] Step 7.5: Ensuring counter output file exists on destination...
[20:01:50] Step 7.8: Ensuring /tmp/counter binary is present on destination...
[20:01:51] Step 8: Restoring process...
[20:01:51]   Restore time: 313 ms
[20:01:51] Step 9: Verifying migration...
[20:01:54]   Expected min: 12 (after ~3.0s → ~15), Observed: 15
[20:01:54] ✓ SUCCESS: Counter continued correctly!
[20:01:54] Total downtime: 3528 ms (final_dump: 632 + transfer: 2583 + restore: 313)
[20:01:54] Pre-dump time (not counted as downtime): 3973 ms
[20:01:54] Effective bandwidth: 0.10 Mbps
[20:01:54] Metrics saved to /home/ivo/Documents/University/4to/Thesis-AAAAAAAa/Container-vs-Wasm-Service-Migration/Container/metrics/migration_metrics.csv
[exit=0]

$ python3 /home/ivo/Documents/University/4to/Thesis-AAAAAAAa/Container-vs-Wasm-Service-Migration/Container/scripts/setup/reset_nodes.py edge-node-1 edge-node-2
[20:01:55] Resetting nodes: edge-node-1 -> edge-node-2
[20:01:55] Step 1: Killing any existing processes on source...
[20:01:55]   Killing PID 311619 (from /home/ubuntu/app.pid)
[20:01:56]   Killing PID 311619 (from /home/ubuntu/counter.pid)
[20:01:57]   Killing any remaining background processes...
[20:01:57] Step 2: Cleaning source node...
[20:01:59] Step 3: Cleaning destination node...
[20:01:59]   Killing all remaining counter processes on destination...
[20:02:02] ✓ Reset complete, nodes are clean
[20:02:02]   Next: Start your application
[exit=0]

$ bash /home/ivo/Documents/University/4to/Thesis-AAAAAAAa/Container-vs-Wasm-Service-Migration/Container/scripts/workloads/start_counter_c.sh edge-node-1
[20:02:02] Transferring counter.c to edge-node-1...
[20:02:02] Compiling counter.c on edge-node-1...
[20:02:03] Starting counter on edge-node-1...
✓ C counter running (PID: 313370)
[20:02:04] ✓ Counter started
[exit=0]
[repeat] warmup 2s

$ python3 /home/ivo/Documents/University/4to/Thesis-AAAAAAAa/Container-vs-Wasm-Service-Migration/Container/scripts/orchestrators/criu_benchmark.py precopy --source edge-node-1 --dest edge-node-2 --transfer-mode direct --run-id repeat-suite-20260330-185020-precopy-direct-024 --iterations 3
[20:02:07] Starting precopy migration...
[20:02:07] Source: edge-node-1, Dest: edge-node-2
[20:02:07] Transfer mode: direct

[20:02:07] === PRE-COPY LIVE MIGRATION ===
[20:02:07] Step 1: Checking source process...
[20:02:07]   Using PID from /home/ubuntu/counter.pid: 313370
[20:02:08]   Last counter value (pre-dumps start): 4
[20:02:08]   Architecture: x86_64 (compatible)
[20:02:08] Step 2: Preparing dump directory...
[20:02:08] Step 3: Running 3 pre-dumps...
[20:02:08]   Pre-dump 1/3...
[20:02:10]   Pre-dump 2/3...
[20:02:11]   Pre-dump 3/3...
[20:02:13]   Total pre-dump time: 4331 ms
[20:02:13] Step 4: Final dump (freezing service)...
[20:02:13]   Frozen last counter value: 11
[20:02:13]   Expected after restore: 12
[20:02:13]   Final dump time (freeze duration): 603 ms
[20:02:13] Step 5: Creating archive...
[20:02:14]   Archive size: 31552 bytes
[20:02:14] Step 6: Transferring archive...
[20:02:14]   Setting up direct SSH trust...
Setting up SSH trust: edge-node-1 → ubuntu@10.22.132.37
  Adding public key to destination's authorized_keys...
  Testing SSH connectivity...
  ✓ SSH trust ready
Setting up SSH trust: edge-node-1 → ubuntu@10.22.132.37
  Adding public key to destination's authorized_keys...
  Testing SSH connectivity...
  ✓ SSH trust ready
  Transferring /tmp/CRIU-counter.tar.gz via SCP...
[20:02:18]   Transfer time: 2618 ms
[20:02:18] Step 7: Unpacking on destination...
[20:02:19] Step 7.5: Ensuring counter output file exists on destination...
[20:02:19] Step 7.8: Ensuring /tmp/counter binary is present on destination...
[20:02:19] Step 8: Restoring process...
[20:02:20]   Restore time: 319 ms
[20:02:20] Step 9: Verifying migration...
[20:02:23]   Expected min: 12 (after ~3.0s → ~15), Observed: 15
[20:02:23] ✓ SUCCESS: Counter continued correctly!
[20:02:23] Total downtime: 3540 ms (final_dump: 603 + transfer: 2618 + restore: 319)
[20:02:23] Pre-dump time (not counted as downtime): 4331 ms
[20:02:23] Effective bandwidth: 0.10 Mbps
[20:02:23] Metrics saved to /home/ivo/Documents/University/4to/Thesis-AAAAAAAa/Container-vs-Wasm-Service-Migration/Container/metrics/migration_metrics.csv
[exit=0]

$ python3 /home/ivo/Documents/University/4to/Thesis-AAAAAAAa/Container-vs-Wasm-Service-Migration/Container/scripts/setup/reset_nodes.py edge-node-1 edge-node-2
[20:02:24] Resetting nodes: edge-node-1 -> edge-node-2
[20:02:24] Step 1: Killing any existing processes on source...
[20:02:24]   Killing PID 313370 (from /home/ubuntu/app.pid)
[20:02:25]   Killing PID 313370 (from /home/ubuntu/counter.pid)
[20:02:25]   Killing any remaining background processes...
[20:02:26] Step 2: Cleaning source node...
[20:02:27] Step 3: Cleaning destination node...
[20:02:28]   Killing all remaining counter processes on destination...
[20:02:31] ✓ Reset complete, nodes are clean
[20:02:31]   Next: Start your application
[exit=0]

$ bash /home/ivo/Documents/University/4to/Thesis-AAAAAAAa/Container-vs-Wasm-Service-Migration/Container/scripts/workloads/start_counter_c.sh edge-node-1
[20:02:31] Transferring counter.c to edge-node-1...
[20:02:31] Compiling counter.c on edge-node-1...
[20:02:31] Starting counter on edge-node-1...
✓ C counter running (PID: 315129)
[20:02:33] ✓ Counter started
[exit=0]
[repeat] warmup 2s

$ python3 /home/ivo/Documents/University/4to/Thesis-AAAAAAAa/Container-vs-Wasm-Service-Migration/Container/scripts/orchestrators/criu_benchmark.py precopy --source edge-node-1 --dest edge-node-2 --transfer-mode direct --run-id repeat-suite-20260330-185020-precopy-direct-025 --iterations 3
[20:02:36] Starting precopy migration...
[20:02:36] Source: edge-node-1, Dest: edge-node-2
[20:02:36] Transfer mode: direct

[20:02:36] === PRE-COPY LIVE MIGRATION ===
[20:02:36] Step 1: Checking source process...
[20:02:36]   Using PID from /home/ubuntu/counter.pid: 315129
[20:02:36]   Last counter value (pre-dumps start): 4
[20:02:37]   Architecture: x86_64 (compatible)
[20:02:37] Step 2: Preparing dump directory...
[20:02:37] Step 3: Running 3 pre-dumps...
[20:02:37]   Pre-dump 1/3...
[20:02:39]   Pre-dump 2/3...
[20:02:40]   Pre-dump 3/3...
[20:02:41]   Total pre-dump time: 3947 ms
[20:02:41] Step 4: Final dump (freezing service)...
[20:02:42]   Frozen last counter value: 12
[20:02:42]   Expected after restore: 13
[20:02:42]   Final dump time (freeze duration): 602 ms
[20:02:42] Step 5: Creating archive...
[20:02:42]   Archive size: 31746 bytes
[20:02:42] Step 6: Transferring archive...
[20:02:42]   Setting up direct SSH trust...
Setting up SSH trust: edge-node-1 → ubuntu@10.22.132.37
  Adding public key to destination's authorized_keys...
  Testing SSH connectivity...
  ✓ SSH trust ready
Setting up SSH trust: edge-node-1 → ubuntu@10.22.132.37
  Adding public key to destination's authorized_keys...
  Testing SSH connectivity...
  ✓ SSH trust ready
  Transferring /tmp/CRIU-counter.tar.gz via SCP...
[20:02:47]   Transfer time: 2587 ms
[20:02:47] Step 7: Unpacking on destination...
[20:02:47] Step 7.5: Ensuring counter output file exists on destination...
[20:02:47] Step 7.8: Ensuring /tmp/counter binary is present on destination...
[20:02:48] Step 8: Restoring process...
[20:02:48]   Restore time: 319 ms
[20:02:48] Step 9: Verifying migration...
[20:02:51]   Expected min: 13 (after ~3.0s → ~16), Observed: 16
[20:02:51] ✓ SUCCESS: Counter continued correctly!
[20:02:51] Total downtime: 3508 ms (final_dump: 602 + transfer: 2587 + restore: 319)
[20:02:51] Pre-dump time (not counted as downtime): 3947 ms
[20:02:51] Effective bandwidth: 0.10 Mbps
[20:02:51] Metrics saved to /home/ivo/Documents/University/4to/Thesis-AAAAAAAa/Container-vs-Wasm-Service-Migration/Container/metrics/migration_metrics.csv
[exit=0]

$ python3 /home/ivo/Documents/University/4to/Thesis-AAAAAAAa/Container-vs-Wasm-Service-Migration/Container/scripts/setup/reset_nodes.py edge-node-1 edge-node-2
[20:02:52] Resetting nodes: edge-node-1 -> edge-node-2
[20:02:52] Step 1: Killing any existing processes on source...
[20:02:52]   Killing PID 315129 (from /home/ubuntu/app.pid)
[20:02:53]   Killing PID 315129 (from /home/ubuntu/counter.pid)
[20:02:54]   Killing any remaining background processes...
[20:02:54] Step 2: Cleaning source node...
[20:02:56] Step 3: Cleaning destination node...
[20:02:56]   Killing all remaining counter processes on destination...
[20:02:59] ✓ Reset complete, nodes are clean
[20:02:59]   Next: Start your application
[exit=0]

$ bash /home/ivo/Documents/University/4to/Thesis-AAAAAAAa/Container-vs-Wasm-Service-Migration/Container/scripts/workloads/start_counter_c.sh edge-node-1
[20:02:59] Transferring counter.c to edge-node-1...
[20:03:00] Compiling counter.c on edge-node-1...
[20:03:00] Starting counter on edge-node-1...
✓ C counter running (PID: 316880)
[20:03:01] ✓ Counter started
[exit=0]
[repeat] warmup 2s

$ python3 /home/ivo/Documents/University/4to/Thesis-AAAAAAAa/Container-vs-Wasm-Service-Migration/Container/scripts/orchestrators/criu_benchmark.py precopy --source edge-node-1 --dest edge-node-2 --transfer-mode direct --run-id repeat-suite-20260330-185020-precopy-direct-026 --iterations 3
[20:03:04] Starting precopy migration...
[20:03:04] Source: edge-node-1, Dest: edge-node-2
[20:03:04] Transfer mode: direct

[20:03:04] === PRE-COPY LIVE MIGRATION ===
[20:03:04] Step 1: Checking source process...
[20:03:04]   Using PID from /home/ubuntu/counter.pid: 316880
[20:03:05]   Last counter value (pre-dumps start): 4
[20:03:05]   Architecture: x86_64 (compatible)
[20:03:05] Step 2: Preparing dump directory...
[20:03:06] Step 3: Running 3 pre-dumps...
[20:03:06]   Pre-dump 1/3...
[20:03:07]   Pre-dump 2/3...
[20:03:08]   Pre-dump 3/3...
[20:03:10]   Total pre-dump time: 3967 ms
[20:03:10] Step 4: Final dump (freezing service)...
[20:03:10]   Frozen last counter value: 11
[20:03:10]   Expected after restore: 12
[20:03:10]   Final dump time (freeze duration): 629 ms
[20:03:10] Step 5: Creating archive...
[20:03:11]   Archive size: 32388 bytes
[20:03:11] Step 6: Transferring archive...
[20:03:11]   Setting up direct SSH trust...
Setting up SSH trust: edge-node-1 → ubuntu@10.22.132.37
  Adding public key to destination's authorized_keys...
  Testing SSH connectivity...
  ✓ SSH trust ready
Setting up SSH trust: edge-node-1 → ubuntu@10.22.132.37
  Adding public key to destination's authorized_keys...
  Testing SSH connectivity...
  ✓ SSH trust ready
  Transferring /tmp/CRIU-counter.tar.gz via SCP...
[20:03:16]   Transfer time: 2736 ms
[20:03:16] Step 7: Unpacking on destination...
[20:03:16] Step 7.5: Ensuring counter output file exists on destination...
[20:03:16] Step 7.8: Ensuring /tmp/counter binary is present on destination...
[20:03:17] Step 8: Restoring process...
[20:03:17]   Restore time: 319 ms
[20:03:17] Step 9: Verifying migration...
[20:03:20]   Expected min: 12 (after ~3.0s → ~15), Observed: 15
[20:03:20] ✓ SUCCESS: Counter continued correctly!
[20:03:20] Total downtime: 3684 ms (final_dump: 629 + transfer: 2736 + restore: 319)
[20:03:20] Pre-dump time (not counted as downtime): 3967 ms
[20:03:20] Effective bandwidth: 0.09 Mbps
[20:03:20] Metrics saved to /home/ivo/Documents/University/4to/Thesis-AAAAAAAa/Container-vs-Wasm-Service-Migration/Container/metrics/migration_metrics.csv
[exit=0]

$ python3 /home/ivo/Documents/University/4to/Thesis-AAAAAAAa/Container-vs-Wasm-Service-Migration/Container/scripts/setup/reset_nodes.py edge-node-1 edge-node-2
[20:03:21] Resetting nodes: edge-node-1 -> edge-node-2
[20:03:21] Step 1: Killing any existing processes on source...
[20:03:21]   Killing PID 316880 (from /home/ubuntu/app.pid)
[20:03:22]   Killing PID 316880 (from /home/ubuntu/counter.pid)
[20:03:23]   Killing any remaining background processes...
[20:03:23] Step 2: Cleaning source node...
[20:03:25] Step 3: Cleaning destination node...
[20:03:25]   Killing all remaining counter processes on destination...
[20:03:28] ✓ Reset complete, nodes are clean
[20:03:28]   Next: Start your application
[exit=0]

$ bash /home/ivo/Documents/University/4to/Thesis-AAAAAAAa/Container-vs-Wasm-Service-Migration/Container/scripts/workloads/start_counter_c.sh edge-node-1
[20:03:28] Transferring counter.c to edge-node-1...
[20:03:28] Compiling counter.c on edge-node-1...
[20:03:29] Starting counter on edge-node-1...
✓ C counter running (PID: 318631)
[20:03:30] ✓ Counter started
[exit=0]
[repeat] warmup 2s

$ python3 /home/ivo/Documents/University/4to/Thesis-AAAAAAAa/Container-vs-Wasm-Service-Migration/Container/scripts/orchestrators/criu_benchmark.py precopy --source edge-node-1 --dest edge-node-2 --transfer-mode direct --run-id repeat-suite-20260330-185020-precopy-direct-027 --iterations 3
[20:03:33] Starting precopy migration...
[20:03:33] Source: edge-node-1, Dest: edge-node-2
[20:03:33] Transfer mode: direct

[20:03:33] === PRE-COPY LIVE MIGRATION ===
[20:03:33] Step 1: Checking source process...
[20:03:33]   Using PID from /home/ubuntu/counter.pid: 318631
[20:03:34]   Last counter value (pre-dumps start): 4
[20:03:34]   Architecture: x86_64 (compatible)
[20:03:34] Step 2: Preparing dump directory...
[20:03:35] Step 3: Running 3 pre-dumps...
[20:03:35]   Pre-dump 1/3...
[20:03:36]   Pre-dump 2/3...
[20:03:37]   Pre-dump 3/3...
[20:03:39]   Total pre-dump time: 4035 ms
[20:03:39] Step 4: Final dump (freezing service)...
[20:03:39]   Frozen last counter value: 11
[20:03:39]   Expected after restore: 12
[20:03:39]   Final dump time (freeze duration): 607 ms
[20:03:39] Step 5: Creating archive...
[20:03:40]   Archive size: 31648 bytes
[20:03:40] Step 6: Transferring archive...
[20:03:40]   Setting up direct SSH trust...
Setting up SSH trust: edge-node-1 → ubuntu@10.22.132.37
  Adding public key to destination's authorized_keys...
  Testing SSH connectivity...
  ✓ SSH trust ready
Setting up SSH trust: edge-node-1 → ubuntu@10.22.132.37
  Adding public key to destination's authorized_keys...
  Testing SSH connectivity...
  ✓ SSH trust ready
  Transferring /tmp/CRIU-counter.tar.gz via SCP...
[20:03:45]   Transfer time: 2688 ms
[20:03:45] Step 7: Unpacking on destination...
[20:03:45] Step 7.5: Ensuring counter output file exists on destination...
[20:03:45] Step 7.8: Ensuring /tmp/counter binary is present on destination...
[20:03:46] Step 8: Restoring process...
[20:03:46]   Restore time: 589 ms
[20:03:46] Step 9: Verifying migration...
[20:03:49]   Expected min: 12 (after ~3.0s → ~15), Observed: 15
[20:03:49] ✓ SUCCESS: Counter continued correctly!
[20:03:49] Total downtime: 3884 ms (final_dump: 607 + transfer: 2688 + restore: 589)
[20:03:49] Pre-dump time (not counted as downtime): 4035 ms
[20:03:49] Effective bandwidth: 0.09 Mbps
[20:03:49] Metrics saved to /home/ivo/Documents/University/4to/Thesis-AAAAAAAa/Container-vs-Wasm-Service-Migration/Container/metrics/migration_metrics.csv
[exit=0]

$ python3 /home/ivo/Documents/University/4to/Thesis-AAAAAAAa/Container-vs-Wasm-Service-Migration/Container/scripts/setup/reset_nodes.py edge-node-1 edge-node-2
[20:03:50] Resetting nodes: edge-node-1 -> edge-node-2
[20:03:50] Step 1: Killing any existing processes on source...
[20:03:51]   Killing PID 318631 (from /home/ubuntu/app.pid)
[20:03:51]   Killing PID 318631 (from /home/ubuntu/counter.pid)
[20:03:52]   Killing any remaining background processes...
[20:03:53] Step 2: Cleaning source node...
[20:03:54] Step 3: Cleaning destination node...
[20:03:54]   Killing all remaining counter processes on destination...
[20:03:57] ✓ Reset complete, nodes are clean
[20:03:57]   Next: Start your application
[exit=0]

$ bash /home/ivo/Documents/University/4to/Thesis-AAAAAAAa/Container-vs-Wasm-Service-Migration/Container/scripts/workloads/start_counter_c.sh edge-node-1
[20:03:57] Transferring counter.c to edge-node-1...
[20:03:58] Compiling counter.c on edge-node-1...
[20:03:58] Starting counter on edge-node-1...
✓ C counter running (PID: 320382)
[20:03:59] ✓ Counter started
[exit=0]
[repeat] warmup 2s

$ python3 /home/ivo/Documents/University/4to/Thesis-AAAAAAAa/Container-vs-Wasm-Service-Migration/Container/scripts/orchestrators/criu_benchmark.py precopy --source edge-node-1 --dest edge-node-2 --transfer-mode direct --run-id repeat-suite-20260330-185020-precopy-direct-028 --iterations 3
[20:04:02] Starting precopy migration...
[20:04:02] Source: edge-node-1, Dest: edge-node-2
[20:04:02] Transfer mode: direct

[20:04:02] === PRE-COPY LIVE MIGRATION ===
[20:04:02] Step 1: Checking source process...
[20:04:03]   Using PID from /home/ubuntu/counter.pid: 320382
[20:04:03]   Last counter value (pre-dumps start): 4
[20:04:04]   Architecture: x86_64 (compatible)
[20:04:04] Step 2: Preparing dump directory...
[20:04:04] Step 3: Running 3 pre-dumps...
[20:04:04]   Pre-dump 1/3...
[20:04:05]   Pre-dump 2/3...
[20:04:07]   Pre-dump 3/3...
[20:04:08]   Total pre-dump time: 4001 ms
[20:04:08] Step 4: Final dump (freezing service)...
[20:04:09]   Frozen last counter value: 11
[20:04:09]   Expected after restore: 12
[20:04:09]   Final dump time (freeze duration): 580 ms
[20:04:09] Step 5: Creating archive...
[20:04:09]   Archive size: 33125 bytes
[20:04:09] Step 6: Transferring archive...
[20:04:09]   Setting up direct SSH trust...
Setting up SSH trust: edge-node-1 → ubuntu@10.22.132.37
  Adding public key to destination's authorized_keys...
  Testing SSH connectivity...
  ✓ SSH trust ready
Setting up SSH trust: edge-node-1 → ubuntu@10.22.132.37
  Adding public key to destination's authorized_keys...
  Testing SSH connectivity...
  ✓ SSH trust ready
  Transferring /tmp/CRIU-counter.tar.gz via SCP...
[20:04:14]   Transfer time: 2938 ms
[20:04:14] Step 7: Unpacking on destination...
[20:04:14] Step 7.5: Ensuring counter output file exists on destination...
[20:04:14] Step 7.8: Ensuring /tmp/counter binary is present on destination...
[20:04:15] Step 8: Restoring process...
[20:04:15]   Restore time: 316 ms
[20:04:15] Step 9: Verifying migration...
[20:04:18]   Expected min: 12 (after ~3.0s → ~15), Observed: 15
[20:04:18] ✓ SUCCESS: Counter continued correctly!
[20:04:18] Total downtime: 3834 ms (final_dump: 580 + transfer: 2938 + restore: 316)
[20:04:18] Pre-dump time (not counted as downtime): 4001 ms
[20:04:18] Effective bandwidth: 0.09 Mbps
[20:04:18] Metrics saved to /home/ivo/Documents/University/4to/Thesis-AAAAAAAa/Container-vs-Wasm-Service-Migration/Container/metrics/migration_metrics.csv
[exit=0]

$ python3 /home/ivo/Documents/University/4to/Thesis-AAAAAAAa/Container-vs-Wasm-Service-Migration/Container/scripts/setup/reset_nodes.py edge-node-1 edge-node-2
[20:04:19] Resetting nodes: edge-node-1 -> edge-node-2
[20:04:19] Step 1: Killing any existing processes on source...
[20:04:19]   Killing PID 320382 (from /home/ubuntu/app.pid)
[20:04:20]   Killing PID 320382 (from /home/ubuntu/counter.pid)
[20:04:21]   Killing any remaining background processes...
[20:04:22] Step 2: Cleaning source node...
[20:04:23] Step 3: Cleaning destination node...
[20:04:23]   Killing all remaining counter processes on destination...
[20:04:26] ✓ Reset complete, nodes are clean
[20:04:26]   Next: Start your application
[exit=0]

$ bash /home/ivo/Documents/University/4to/Thesis-AAAAAAAa/Container-vs-Wasm-Service-Migration/Container/scripts/workloads/start_counter_c.sh edge-node-1
[20:04:26] Transferring counter.c to edge-node-1...
[20:04:26] Compiling counter.c on edge-node-1...
[20:04:27] Starting counter on edge-node-1...
✓ C counter running (PID: 322144)
[20:04:28] ✓ Counter started
[exit=0]
[repeat] warmup 2s

$ python3 /home/ivo/Documents/University/4to/Thesis-AAAAAAAa/Container-vs-Wasm-Service-Migration/Container/scripts/orchestrators/criu_benchmark.py precopy --source edge-node-1 --dest edge-node-2 --transfer-mode direct --run-id repeat-suite-20260330-185020-precopy-direct-029 --iterations 3
[20:04:31] Starting precopy migration...
[20:04:31] Source: edge-node-1, Dest: edge-node-2
[20:04:31] Transfer mode: direct

[20:04:31] === PRE-COPY LIVE MIGRATION ===
[20:04:31] Step 1: Checking source process...
[20:04:31]   Using PID from /home/ubuntu/counter.pid: 322144
[20:04:32]   Last counter value (pre-dumps start): 4
[20:04:32]   Architecture: x86_64 (compatible)
[20:04:32] Step 2: Preparing dump directory...
[20:04:33] Step 3: Running 3 pre-dumps...
[20:04:33]   Pre-dump 1/3...
[20:04:34]   Pre-dump 2/3...
[20:04:35]   Pre-dump 3/3...
[20:04:37]   Total pre-dump time: 3956 ms
[20:04:37] Step 4: Final dump (freezing service)...
[20:04:37]   Frozen last counter value: 11
[20:04:37]   Expected after restore: 12
[20:04:37]   Final dump time (freeze duration): 611 ms
[20:04:37] Step 5: Creating archive...
[20:04:38]   Archive size: 31907 bytes
[20:04:38] Step 6: Transferring archive...
[20:04:38]   Setting up direct SSH trust...
Setting up SSH trust: edge-node-1 → ubuntu@10.22.132.37
  Adding public key to destination's authorized_keys...
  Testing SSH connectivity...
  ✓ SSH trust ready
Setting up SSH trust: edge-node-1 → ubuntu@10.22.132.37
  Adding public key to destination's authorized_keys...
  Testing SSH connectivity...
  ✓ SSH trust ready
  Transferring /tmp/CRIU-counter.tar.gz via SCP...
[20:04:43]   Transfer time: 2951 ms
[20:04:43] Step 7: Unpacking on destination...
[20:04:43] Step 7.5: Ensuring counter output file exists on destination...
[20:04:43] Step 7.8: Ensuring /tmp/counter binary is present on destination...
[20:04:43] Step 8: Restoring process...
[20:04:44]   Restore time: 316 ms
[20:04:44] Step 9: Verifying migration...
[20:04:47]   Expected min: 12 (after ~3.0s → ~15), Observed: 15
[20:04:47] ✓ SUCCESS: Counter continued correctly!
[20:04:47] Total downtime: 3878 ms (final_dump: 611 + transfer: 2951 + restore: 316)
[20:04:47] Pre-dump time (not counted as downtime): 3956 ms
[20:04:47] Effective bandwidth: 0.09 Mbps
[20:04:47] Metrics saved to /home/ivo/Documents/University/4to/Thesis-AAAAAAAa/Container-vs-Wasm-Service-Migration/Container/metrics/migration_metrics.csv
[exit=0]

$ python3 /home/ivo/Documents/University/4to/Thesis-AAAAAAAa/Container-vs-Wasm-Service-Migration/Container/scripts/setup/reset_nodes.py edge-node-1 edge-node-2
[20:04:48] Resetting nodes: edge-node-1 -> edge-node-2
[20:04:48] Step 1: Killing any existing processes on source...
[20:04:48]   Killing PID 322144 (from /home/ubuntu/app.pid)
[20:04:49]   Killing PID 322144 (from /home/ubuntu/counter.pid)
[20:04:49]   Killing any remaining background processes...
[20:04:50] Step 2: Cleaning source node...
[20:04:51] Step 3: Cleaning destination node...
[20:04:52]   Killing all remaining counter processes on destination...
[20:04:55] ✓ Reset complete, nodes are clean
[20:04:55]   Next: Start your application
[exit=0]

$ bash /home/ivo/Documents/University/4to/Thesis-AAAAAAAa/Container-vs-Wasm-Service-Migration/Container/scripts/workloads/start_counter_c.sh edge-node-1
[20:04:55] Transferring counter.c to edge-node-1...
[20:04:55] Compiling counter.c on edge-node-1...
[20:04:55] Starting counter on edge-node-1...
✓ C counter running (PID: 323897)
[20:04:57] ✓ Counter started
[exit=0]
[repeat] warmup 2s

$ python3 /home/ivo/Documents/University/4to/Thesis-AAAAAAAa/Container-vs-Wasm-Service-Migration/Container/scripts/orchestrators/criu_benchmark.py precopy --source edge-node-1 --dest edge-node-2 --transfer-mode direct --run-id repeat-suite-20260330-185020-precopy-direct-030 --iterations 3
[20:04:59] Starting precopy migration...
[20:04:59] Source: edge-node-1, Dest: edge-node-2
[20:04:59] Transfer mode: direct

[20:04:59] === PRE-COPY LIVE MIGRATION ===
[20:04:59] Step 1: Checking source process...
[20:05:00]   Using PID from /home/ubuntu/counter.pid: 323897
[20:05:00]   Last counter value (pre-dumps start): 4
[20:05:01]   Architecture: x86_64 (compatible)
[20:05:01] Step 2: Preparing dump directory...
[20:05:01] Step 3: Running 3 pre-dumps...
[20:05:01]   Pre-dump 1/3...
[20:05:02]   Pre-dump 2/3...
[20:05:04]   Pre-dump 3/3...
[20:05:05]   Total pre-dump time: 3979 ms
[20:05:05] Step 4: Final dump (freezing service)...
[20:05:06]   Frozen last counter value: 11
[20:05:06]   Expected after restore: 12
[20:05:06]   Final dump time (freeze duration): 653 ms
[20:05:06] Step 5: Creating archive...
[20:05:06]   Archive size: 32992 bytes
[20:05:06] Step 6: Transferring archive...
[20:05:06]   Setting up direct SSH trust...
Setting up SSH trust: edge-node-1 → ubuntu@10.22.132.37
  Adding public key to destination's authorized_keys...
  Testing SSH connectivity...
  ✓ SSH trust ready
Setting up SSH trust: edge-node-1 → ubuntu@10.22.132.37
  Adding public key to destination's authorized_keys...
  Testing SSH connectivity...
  ✓ SSH trust ready
  Transferring /tmp/CRIU-counter.tar.gz via SCP...
[20:05:11]   Transfer time: 2653 ms
[20:05:11] Step 7: Unpacking on destination...
[20:05:11] Step 7.5: Ensuring counter output file exists on destination...
[20:05:11] Step 7.8: Ensuring /tmp/counter binary is present on destination...
[20:05:12] Step 8: Restoring process...
[20:05:12]   Restore time: 315 ms
[20:05:12] Step 9: Verifying migration...
[20:05:15]   Expected min: 12 (after ~3.0s → ~15), Observed: 15
[20:05:15] ✓ SUCCESS: Counter continued correctly!
[20:05:15] Total downtime: 3621 ms (final_dump: 653 + transfer: 2653 + restore: 315)
[20:05:15] Pre-dump time (not counted as downtime): 3979 ms
[20:05:15] Effective bandwidth: 0.10 Mbps
[20:05:15] Metrics saved to /home/ivo/Documents/University/4to/Thesis-AAAAAAAa/Container-vs-Wasm-Service-Migration/Container/metrics/migration_metrics.csv
[exit=0]

$ python3 /home/ivo/Documents/University/4to/Thesis-AAAAAAAa/Container-vs-Wasm-Service-Migration/Container/scripts/setup/reset_nodes.py edge-node-1 edge-node-2
[20:05:16] Resetting nodes: edge-node-1 -> edge-node-2
[20:05:16] Step 1: Killing any existing processes on source...
[20:05:17]   Killing PID 323897 (from /home/ubuntu/app.pid)
[20:05:17]   Killing PID 323897 (from /home/ubuntu/counter.pid)
[20:05:18]   Killing any remaining background processes...
[20:05:19] Step 2: Cleaning source node...
[20:05:20] Step 3: Cleaning destination node...
[20:05:20]   Killing all remaining counter processes on destination...
[20:05:23] ✓ Reset complete, nodes are clean
[20:05:23]   Next: Start your application
[exit=0]

$ bash /home/ivo/Documents/University/4to/Thesis-AAAAAAAa/Container-vs-Wasm-Service-Migration/Container/scripts/workloads/start_counter_c.sh edge-node-1
[20:05:23] Transferring counter.c to edge-node-1...
[20:05:24] Compiling counter.c on edge-node-1...
[20:05:24] Starting counter on edge-node-1...
✓ C counter running (PID: 325659)
[20:05:25] ✓ Counter started
[exit=0]
[repeat] warmup 2s

$ python3 /home/ivo/Documents/University/4to/Thesis-AAAAAAAa/Container-vs-Wasm-Service-Migration/Container/scripts/orchestrators/criu_benchmark.py precopy --source edge-node-1 --dest edge-node-2 --transfer-mode direct --run-id repeat-suite-20260330-185020-precopy-direct-031 --iterations 3
[20:05:28] Starting precopy migration...
[20:05:28] Source: edge-node-1, Dest: edge-node-2
[20:05:28] Transfer mode: direct

[20:05:28] === PRE-COPY LIVE MIGRATION ===
[20:05:28] Step 1: Checking source process...
[20:05:29]   Using PID from /home/ubuntu/counter.pid: 325659
[20:05:29]   Last counter value (pre-dumps start): 4
[20:05:29]   Architecture: x86_64 (compatible)
[20:05:29] Step 2: Preparing dump directory...
[20:05:30] Step 3: Running 3 pre-dumps...
[20:05:30]   Pre-dump 1/3...
[20:05:31]   Pre-dump 2/3...
[20:05:32]   Pre-dump 3/3...
[20:05:34]   Total pre-dump time: 3993 ms
[20:05:34] Step 4: Final dump (freezing service)...
[20:05:34]   Frozen last counter value: 11
[20:05:34]   Expected after restore: 12
[20:05:34]   Final dump time (freeze duration): 611 ms
[20:05:34] Step 5: Creating archive...
[20:05:35]   Archive size: 32505 bytes
[20:05:35] Step 6: Transferring archive...
[20:05:35]   Setting up direct SSH trust...
Setting up SSH trust: edge-node-1 → ubuntu@10.22.132.37
  Adding public key to destination's authorized_keys...
  Testing SSH connectivity...
  ✓ SSH trust ready
Setting up SSH trust: edge-node-1 → ubuntu@10.22.132.37
  Adding public key to destination's authorized_keys...
  Testing SSH connectivity...
  ✓ SSH trust ready
  Transferring /tmp/CRIU-counter.tar.gz via SCP...
[20:05:39]   Transfer time: 2644 ms
[20:05:39] Step 7: Unpacking on destination...
[20:05:40] Step 7.5: Ensuring counter output file exists on destination...
[20:05:40] Step 7.8: Ensuring /tmp/counter binary is present on destination...
[20:05:40] Step 8: Restoring process...
[20:05:41]   Restore time: 311 ms
[20:05:41] Step 9: Verifying migration...
[20:05:44]   Expected min: 12 (after ~3.0s → ~15), Observed: 15
[20:05:44] ✓ SUCCESS: Counter continued correctly!
[20:05:44] Total downtime: 3566 ms (final_dump: 611 + transfer: 2644 + restore: 311)
[20:05:44] Pre-dump time (not counted as downtime): 3993 ms
[20:05:44] Effective bandwidth: 0.10 Mbps
[20:05:44] Metrics saved to /home/ivo/Documents/University/4to/Thesis-AAAAAAAa/Container-vs-Wasm-Service-Migration/Container/metrics/migration_metrics.csv
[exit=0]

$ python3 /home/ivo/Documents/University/4to/Thesis-AAAAAAAa/Container-vs-Wasm-Service-Migration/Container/scripts/setup/reset_nodes.py edge-node-1 edge-node-2
[20:05:45] Resetting nodes: edge-node-1 -> edge-node-2
[20:05:45] Step 1: Killing any existing processes on source...
[20:05:45]   Killing PID 325659 (from /home/ubuntu/app.pid)
[20:05:46]   Killing PID 325659 (from /home/ubuntu/counter.pid)
[20:05:46]   Killing any remaining background processes...
[20:05:47] Step 2: Cleaning source node...
[20:05:48] Step 3: Cleaning destination node...
[20:05:49]   Killing all remaining counter processes on destination...
[20:05:52] ✓ Reset complete, nodes are clean
[20:05:52]   Next: Start your application
[exit=0]

$ bash /home/ivo/Documents/University/4to/Thesis-AAAAAAAa/Container-vs-Wasm-Service-Migration/Container/scripts/workloads/start_counter_c.sh edge-node-1
[20:05:52] Transferring counter.c to edge-node-1...
[20:05:52] Compiling counter.c on edge-node-1...
[20:05:53] Starting counter on edge-node-1...
✓ C counter running (PID: 327410)
[20:05:54] ✓ Counter started
[exit=0]
[repeat] warmup 2s

$ python3 /home/ivo/Documents/University/4to/Thesis-AAAAAAAa/Container-vs-Wasm-Service-Migration/Container/scripts/orchestrators/criu_benchmark.py precopy --source edge-node-1 --dest edge-node-2 --transfer-mode direct --run-id repeat-suite-20260330-185020-precopy-direct-032 --iterations 3
[20:05:57] Starting precopy migration...
[20:05:57] Source: edge-node-1, Dest: edge-node-2
[20:05:57] Transfer mode: direct

[20:05:57] === PRE-COPY LIVE MIGRATION ===
[20:05:57] Step 1: Checking source process...
[20:05:57]   Using PID from /home/ubuntu/counter.pid: 327410
[20:05:57]   Last counter value (pre-dumps start): 4
[20:05:58]   Architecture: x86_64 (compatible)
[20:05:58] Step 2: Preparing dump directory...
[20:05:58] Step 3: Running 3 pre-dumps...
[20:05:58]   Pre-dump 1/3...
[20:06:00]   Pre-dump 2/3...
[20:06:01]   Pre-dump 3/3...
[20:06:02]   Total pre-dump time: 3962 ms
[20:06:02] Step 4: Final dump (freezing service)...
[20:06:03]   Frozen last counter value: 11
[20:06:03]   Expected after restore: 12
[20:06:03]   Final dump time (freeze duration): 611 ms
[20:06:03] Step 5: Creating archive...
[20:06:03]   Archive size: 31283 bytes
[20:06:03] Step 6: Transferring archive...
[20:06:03]   Setting up direct SSH trust...
Setting up SSH trust: edge-node-1 → ubuntu@10.22.132.37
  Adding public key to destination's authorized_keys...
  Testing SSH connectivity...
  ✓ SSH trust ready
Setting up SSH trust: edge-node-1 → ubuntu@10.22.132.37
  Adding public key to destination's authorized_keys...
  Testing SSH connectivity...
  ✓ SSH trust ready
  Transferring /tmp/CRIU-counter.tar.gz via SCP...
[20:06:08]   Transfer time: 2634 ms
[20:06:08] Step 7: Unpacking on destination...
[20:06:08] Step 7.5: Ensuring counter output file exists on destination...
[20:06:09] Step 7.8: Ensuring /tmp/counter binary is present on destination...
[20:06:09] Step 8: Restoring process...
[20:06:09]   Restore time: 332 ms
[20:06:09] Step 9: Verifying migration...
[20:06:12]   Expected min: 12 (after ~3.0s → ~15), Observed: 15
[20:06:12] ✓ SUCCESS: Counter continued correctly!
[20:06:12] Total downtime: 3577 ms (final_dump: 611 + transfer: 2634 + restore: 332)
[20:06:12] Pre-dump time (not counted as downtime): 3962 ms
[20:06:12] Effective bandwidth: 0.10 Mbps
[20:06:12] Metrics saved to /home/ivo/Documents/University/4to/Thesis-AAAAAAAa/Container-vs-Wasm-Service-Migration/Container/metrics/migration_metrics.csv
[exit=0]

$ python3 /home/ivo/Documents/University/4to/Thesis-AAAAAAAa/Container-vs-Wasm-Service-Migration/Container/scripts/setup/reset_nodes.py edge-node-1 edge-node-2
[20:06:13] Resetting nodes: edge-node-1 -> edge-node-2
[20:06:13] Step 1: Killing any existing processes on source...
[20:06:13]   Killing PID 327410 (from /home/ubuntu/app.pid)
[20:06:14]   Killing PID 327410 (from /home/ubuntu/counter.pid)
[20:06:15]   Killing any remaining background processes...
[20:06:16] Step 2: Cleaning source node...
[20:06:17] Step 3: Cleaning destination node...
[20:06:18]   Killing all remaining counter processes on destination...
[20:06:21] ✓ Reset complete, nodes are clean
[20:06:21]   Next: Start your application
[exit=0]

$ bash /home/ivo/Documents/University/4to/Thesis-AAAAAAAa/Container-vs-Wasm-Service-Migration/Container/scripts/workloads/start_counter_c.sh edge-node-1
[20:06:21] Transferring counter.c to edge-node-1...
[20:06:21] Compiling counter.c on edge-node-1...
[20:06:21] Starting counter on edge-node-1...
✓ C counter running (PID: 329161)
[20:06:23] ✓ Counter started
[exit=0]
[repeat] warmup 2s

$ python3 /home/ivo/Documents/University/4to/Thesis-AAAAAAAa/Container-vs-Wasm-Service-Migration/Container/scripts/orchestrators/criu_benchmark.py precopy --source edge-node-1 --dest edge-node-2 --transfer-mode direct --run-id repeat-suite-20260330-185020-precopy-direct-033 --iterations 3
[20:06:25] Starting precopy migration...
[20:06:25] Source: edge-node-1, Dest: edge-node-2
[20:06:25] Transfer mode: direct

[20:06:25] === PRE-COPY LIVE MIGRATION ===
[20:06:25] Step 1: Checking source process...
[20:06:26]   Using PID from /home/ubuntu/counter.pid: 329161
[20:06:26]   Last counter value (pre-dumps start): 4
[20:06:27]   Architecture: x86_64 (compatible)
[20:06:27] Step 2: Preparing dump directory...
[20:06:27] Step 3: Running 3 pre-dumps...
[20:06:27]   Pre-dump 1/3...
[20:06:29]   Pre-dump 2/3...
[20:06:30]   Pre-dump 3/3...
[20:06:31]   Total pre-dump time: 4006 ms
[20:06:31] Step 4: Final dump (freezing service)...
[20:06:32]   Frozen last counter value: 11
[20:06:32]   Expected after restore: 12
[20:06:32]   Final dump time (freeze duration): 641 ms
[20:06:32] Step 5: Creating archive...
[20:06:32]   Archive size: 33061 bytes
[20:06:32] Step 6: Transferring archive...
[20:06:32]   Setting up direct SSH trust...
Setting up SSH trust: edge-node-1 → ubuntu@10.22.132.37
  Adding public key to destination's authorized_keys...
  Testing SSH connectivity...
  ✓ SSH trust ready
Setting up SSH trust: edge-node-1 → ubuntu@10.22.132.37
  Adding public key to destination's authorized_keys...
  Testing SSH connectivity...
  ✓ SSH trust ready
  Transferring /tmp/CRIU-counter.tar.gz via SCP...
[20:06:37]   Transfer time: 2644 ms
[20:06:37] Step 7: Unpacking on destination...
[20:06:37] Step 7.5: Ensuring counter output file exists on destination...
[20:06:37] Step 7.8: Ensuring /tmp/counter binary is present on destination...
[20:06:38] Step 8: Restoring process...
[20:06:38]   Restore time: 337 ms
[20:06:38] Step 9: Verifying migration...
[20:06:41]   Expected min: 12 (after ~3.0s → ~15), Observed: 15
[20:06:41] ✓ SUCCESS: Counter continued correctly!
[20:06:41] Total downtime: 3622 ms (final_dump: 641 + transfer: 2644 + restore: 337)
[20:06:41] Pre-dump time (not counted as downtime): 4006 ms
[20:06:41] Effective bandwidth: 0.10 Mbps
[20:06:41] Metrics saved to /home/ivo/Documents/University/4to/Thesis-AAAAAAAa/Container-vs-Wasm-Service-Migration/Container/metrics/migration_metrics.csv
[exit=0]

$ python3 /home/ivo/Documents/University/4to/Thesis-AAAAAAAa/Container-vs-Wasm-Service-Migration/Container/scripts/setup/reset_nodes.py edge-node-1 edge-node-2
[20:06:42] Resetting nodes: edge-node-1 -> edge-node-2
[20:06:42] Step 1: Killing any existing processes on source...
[20:06:42]   Killing PID 329161 (from /home/ubuntu/app.pid)
[20:06:43]   Killing PID 329161 (from /home/ubuntu/counter.pid)
[20:06:44]   Killing any remaining background processes...
[20:06:45] Step 2: Cleaning source node...
[20:06:46] Step 3: Cleaning destination node...
[20:06:47]   Killing all remaining counter processes on destination...
[20:06:50] ✓ Reset complete, nodes are clean
[20:06:50]   Next: Start your application
[exit=0]

$ bash /home/ivo/Documents/University/4to/Thesis-AAAAAAAa/Container-vs-Wasm-Service-Migration/Container/scripts/workloads/start_counter_c.sh edge-node-1
[20:06:50] Transferring counter.c to edge-node-1...
[20:06:50] Compiling counter.c on edge-node-1...
[20:06:50] Starting counter on edge-node-1...
✓ C counter running (PID: 330912)
[20:06:52] ✓ Counter started
[exit=0]
[repeat] warmup 2s

$ python3 /home/ivo/Documents/University/4to/Thesis-AAAAAAAa/Container-vs-Wasm-Service-Migration/Container/scripts/orchestrators/criu_benchmark.py precopy --source edge-node-1 --dest edge-node-2 --transfer-mode direct --run-id repeat-suite-20260330-185020-precopy-direct-034 --iterations 3
[20:06:54] Starting precopy migration...
[20:06:54] Source: edge-node-1, Dest: edge-node-2
[20:06:54] Transfer mode: direct

[20:06:54] === PRE-COPY LIVE MIGRATION ===
[20:06:54] Step 1: Checking source process...
[20:06:55]   Using PID from /home/ubuntu/counter.pid: 330912
[20:06:55]   Last counter value (pre-dumps start): 4
[20:06:56]   Architecture: x86_64 (compatible)
[20:06:56] Step 2: Preparing dump directory...
[20:06:56] Step 3: Running 3 pre-dumps...
[20:06:56]   Pre-dump 1/3...
[20:06:57]   Pre-dump 2/3...
[20:06:59]   Pre-dump 3/3...
[20:07:00]   Total pre-dump time: 3967 ms
[20:07:00] Step 4: Final dump (freezing service)...
[20:07:01]   Frozen last counter value: 11
[20:07:01]   Expected after restore: 12
[20:07:01]   Final dump time (freeze duration): 617 ms
[20:07:01] Step 5: Creating archive...
[20:07:01]   Archive size: 31910 bytes
[20:07:01] Step 6: Transferring archive...
[20:07:01]   Setting up direct SSH trust...
Setting up SSH trust: edge-node-1 → ubuntu@10.22.132.37
  Adding public key to destination's authorized_keys...
  Testing SSH connectivity...
  ✓ SSH trust ready
Setting up SSH trust: edge-node-1 → ubuntu@10.22.132.37
  Adding public key to destination's authorized_keys...
  Testing SSH connectivity...
  ✓ SSH trust ready
  Transferring /tmp/CRIU-counter.tar.gz via SCP...
[20:07:06]   Transfer time: 2614 ms
[20:07:06] Step 7: Unpacking on destination...
[20:07:06] Step 7.5: Ensuring counter output file exists on destination...
[20:07:06] Step 7.8: Ensuring /tmp/counter binary is present on destination...
[20:07:06] Step 8: Restoring process...
[20:07:07]   Restore time: 329 ms
[20:07:07] Step 9: Verifying migration...
[20:07:10]   Expected min: 12 (after ~3.0s → ~15), Observed: 15
[20:07:10] ✓ SUCCESS: Counter continued correctly!
[20:07:10] Total downtime: 3560 ms (final_dump: 617 + transfer: 2614 + restore: 329)
[20:07:10] Pre-dump time (not counted as downtime): 3967 ms
[20:07:10] Effective bandwidth: 0.10 Mbps
[20:07:10] Metrics saved to /home/ivo/Documents/University/4to/Thesis-AAAAAAAa/Container-vs-Wasm-Service-Migration/Container/metrics/migration_metrics.csv
[exit=0]

$ python3 /home/ivo/Documents/University/4to/Thesis-AAAAAAAa/Container-vs-Wasm-Service-Migration/Container/scripts/setup/reset_nodes.py edge-node-1 edge-node-2
[20:07:11] Resetting nodes: edge-node-1 -> edge-node-2
[20:07:11] Step 1: Killing any existing processes on source...
[20:07:11]   Killing PID 330912 (from /home/ubuntu/app.pid)
[20:07:12]   Killing PID 330912 (from /home/ubuntu/counter.pid)
[20:07:12]   Killing any remaining background processes...
[20:07:13] Step 2: Cleaning source node...
[20:07:14] Step 3: Cleaning destination node...
[20:07:15]   Killing all remaining counter processes on destination...
[20:07:18] ✓ Reset complete, nodes are clean
[20:07:18]   Next: Start your application
[exit=0]

$ bash /home/ivo/Documents/University/4to/Thesis-AAAAAAAa/Container-vs-Wasm-Service-Migration/Container/scripts/workloads/start_counter_c.sh edge-node-1
[20:07:18] Transferring counter.c to edge-node-1...
[20:07:18] Compiling counter.c on edge-node-1...
[20:07:19] Starting counter on edge-node-1...
✓ C counter running (PID: 332672)
[20:07:20] ✓ Counter started
[exit=0]
[repeat] warmup 2s

$ python3 /home/ivo/Documents/University/4to/Thesis-AAAAAAAa/Container-vs-Wasm-Service-Migration/Container/scripts/orchestrators/criu_benchmark.py precopy --source edge-node-1 --dest edge-node-2 --transfer-mode direct --run-id repeat-suite-20260330-185020-precopy-direct-035 --iterations 3
[20:07:23] Starting precopy migration...
[20:07:23] Source: edge-node-1, Dest: edge-node-2
[20:07:23] Transfer mode: direct

[20:07:23] === PRE-COPY LIVE MIGRATION ===
[20:07:23] Step 1: Checking source process...
[20:07:23]   Using PID from /home/ubuntu/counter.pid: 332672
[20:07:24]   Last counter value (pre-dumps start): 4
[20:07:24]   Architecture: x86_64 (compatible)
[20:07:24] Step 2: Preparing dump directory...
[20:07:24] Step 3: Running 3 pre-dumps...
[20:07:24]   Pre-dump 1/3...
[20:07:26]   Pre-dump 2/3...
[20:07:27]   Pre-dump 3/3...
[20:07:28]   Total pre-dump time: 3992 ms
[20:07:28] Step 4: Final dump (freezing service)...
[20:07:29]   Frozen last counter value: 11
[20:07:29]   Expected after restore: 12
[20:07:29]   Final dump time (freeze duration): 596 ms
[20:07:29] Step 5: Creating archive...
[20:07:30]   Archive size: 32438 bytes
[20:07:30] Step 6: Transferring archive...
[20:07:30]   Setting up direct SSH trust...
Setting up SSH trust: edge-node-1 → ubuntu@10.22.132.37
  Adding public key to destination's authorized_keys...
  Testing SSH connectivity...
  ✓ SSH trust ready
Setting up SSH trust: edge-node-1 → ubuntu@10.22.132.37
  Adding public key to destination's authorized_keys...
  Testing SSH connectivity...
  ✓ SSH trust ready
  Transferring /tmp/CRIU-counter.tar.gz via SCP...
[20:07:34]   Transfer time: 2545 ms
[20:07:34] Step 7: Unpacking on destination...
[20:07:34] Step 7.5: Ensuring counter output file exists on destination...
[20:07:34] Step 7.8: Ensuring /tmp/counter binary is present on destination...
[20:07:35] Step 8: Restoring process...
[20:07:35]   Restore time: 330 ms
[20:07:35] Step 9: Verifying migration...
[20:07:38]   Expected min: 12 (after ~3.0s → ~15), Observed: 15
[20:07:38] ✓ SUCCESS: Counter continued correctly!
[20:07:38] Total downtime: 3471 ms (final_dump: 596 + transfer: 2545 + restore: 330)
[20:07:38] Pre-dump time (not counted as downtime): 3992 ms
[20:07:38] Effective bandwidth: 0.10 Mbps
[20:07:38] Metrics saved to /home/ivo/Documents/University/4to/Thesis-AAAAAAAa/Container-vs-Wasm-Service-Migration/Container/metrics/migration_metrics.csv
[exit=0]

$ python3 /home/ivo/Documents/University/4to/Thesis-AAAAAAAa/Container-vs-Wasm-Service-Migration/Container/scripts/setup/reset_nodes.py edge-node-1 edge-node-2
[20:07:39] Resetting nodes: edge-node-1 -> edge-node-2
[20:07:39] Step 1: Killing any existing processes on source...
[20:07:39]   Killing PID 332672 (from /home/ubuntu/app.pid)
[20:07:40]   Killing PID 332672 (from /home/ubuntu/counter.pid)
[20:07:41]   Killing any remaining background processes...
[20:07:41] Step 2: Cleaning source node...
[20:07:43] Step 3: Cleaning destination node...
[20:07:43]   Killing all remaining counter processes on destination...
[20:07:46] ✓ Reset complete, nodes are clean
[20:07:46]   Next: Start your application
[exit=0]

$ bash /home/ivo/Documents/University/4to/Thesis-AAAAAAAa/Container-vs-Wasm-Service-Migration/Container/scripts/workloads/start_counter_c.sh edge-node-1
[20:07:46] Transferring counter.c to edge-node-1...
[20:07:46] Compiling counter.c on edge-node-1...
[20:07:47] Starting counter on edge-node-1...
✓ C counter running (PID: 334421)
[20:07:48] ✓ Counter started
[exit=0]
[repeat] warmup 2s

$ python3 /home/ivo/Documents/University/4to/Thesis-AAAAAAAa/Container-vs-Wasm-Service-Migration/Container/scripts/orchestrators/criu_benchmark.py precopy --source edge-node-1 --dest edge-node-2 --transfer-mode direct --run-id repeat-suite-20260330-185020-precopy-direct-036 --iterations 3
[20:07:51] Starting precopy migration...
[20:07:51] Source: edge-node-1, Dest: edge-node-2
[20:07:51] Transfer mode: direct

[20:07:51] === PRE-COPY LIVE MIGRATION ===
[20:07:51] Step 1: Checking source process...
[20:07:52]   Using PID from /home/ubuntu/counter.pid: 334421
[20:07:52]   Last counter value (pre-dumps start): 4
[20:07:53]   Architecture: x86_64 (compatible)
[20:07:53] Step 2: Preparing dump directory...
[20:07:53] Step 3: Running 3 pre-dumps...
[20:07:53]   Pre-dump 1/3...
[20:07:54]   Pre-dump 2/3...
[20:07:56]   Pre-dump 3/3...
[20:07:57]   Total pre-dump time: 3947 ms
[20:07:57] Step 4: Final dump (freezing service)...
[20:07:57]   Frozen last counter value: 12
[20:07:57]   Expected after restore: 13
[20:07:57]   Final dump time (freeze duration): 603 ms
[20:07:57] Step 5: Creating archive...
[20:07:58]   Archive size: 32321 bytes
[20:07:58] Step 6: Transferring archive...
[20:07:58]   Setting up direct SSH trust...
Setting up SSH trust: edge-node-1 → ubuntu@10.22.132.37
  Adding public key to destination's authorized_keys...
  Testing SSH connectivity...
  ✓ SSH trust ready
Setting up SSH trust: edge-node-1 → ubuntu@10.22.132.37
  Adding public key to destination's authorized_keys...
  Testing SSH connectivity...
  ✓ SSH trust ready
  Transferring /tmp/CRIU-counter.tar.gz via SCP...
[20:08:02]   Transfer time: 2584 ms
[20:08:02] Step 7: Unpacking on destination...
[20:08:03] Step 7.5: Ensuring counter output file exists on destination...
[20:08:03] Step 7.8: Ensuring /tmp/counter binary is present on destination...
[20:08:03] Step 8: Restoring process...
[20:08:04]   Restore time: 312 ms
[20:08:04] Step 9: Verifying migration...
[20:08:07]   Expected min: 13 (after ~3.0s → ~16), Observed: 16
[20:08:07] ✓ SUCCESS: Counter continued correctly!
[20:08:07] Total downtime: 3499 ms (final_dump: 603 + transfer: 2584 + restore: 312)
[20:08:07] Pre-dump time (not counted as downtime): 3947 ms
[20:08:07] Effective bandwidth: 0.10 Mbps
[20:08:07] Metrics saved to /home/ivo/Documents/University/4to/Thesis-AAAAAAAa/Container-vs-Wasm-Service-Migration/Container/metrics/migration_metrics.csv
[exit=0]

$ python3 /home/ivo/Documents/University/4to/Thesis-AAAAAAAa/Container-vs-Wasm-Service-Migration/Container/scripts/setup/reset_nodes.py edge-node-1 edge-node-2
[20:08:08] Resetting nodes: edge-node-1 -> edge-node-2
[20:08:08] Step 1: Killing any existing processes on source...
[20:08:08]   Killing PID 334421 (from /home/ubuntu/app.pid)
[20:08:09]   Killing PID 334421 (from /home/ubuntu/counter.pid)
[20:08:09]   Killing any remaining background processes...
[20:08:10] Step 2: Cleaning source node...
[20:08:11] Step 3: Cleaning destination node...
[20:08:12]   Killing all remaining counter processes on destination...
[20:08:15] ✓ Reset complete, nodes are clean
[20:08:15]   Next: Start your application
[exit=0]

$ bash /home/ivo/Documents/University/4to/Thesis-AAAAAAAa/Container-vs-Wasm-Service-Migration/Container/scripts/workloads/start_counter_c.sh edge-node-1
[20:08:15] Transferring counter.c to edge-node-1...
[20:08:15] Compiling counter.c on edge-node-1...
[20:08:16] Starting counter on edge-node-1...
✓ C counter running (PID: 336171)
[20:08:17] ✓ Counter started
[exit=0]
[repeat] warmup 2s

$ python3 /home/ivo/Documents/University/4to/Thesis-AAAAAAAa/Container-vs-Wasm-Service-Migration/Container/scripts/orchestrators/criu_benchmark.py precopy --source edge-node-1 --dest edge-node-2 --transfer-mode direct --run-id repeat-suite-20260330-185020-precopy-direct-037 --iterations 3
[20:08:20] Starting precopy migration...
[20:08:20] Source: edge-node-1, Dest: edge-node-2
[20:08:20] Transfer mode: direct

[20:08:20] === PRE-COPY LIVE MIGRATION ===
[20:08:20] Step 1: Checking source process...
[20:08:20]   Using PID from /home/ubuntu/counter.pid: 336171
[20:08:21]   Last counter value (pre-dumps start): 4
[20:08:21]   Architecture: x86_64 (compatible)
[20:08:21] Step 2: Preparing dump directory...
[20:08:21] Step 3: Running 3 pre-dumps...
[20:08:21]   Pre-dump 1/3...
[20:08:23]   Pre-dump 2/3...
[20:08:24]   Pre-dump 3/3...
[20:08:25]   Total pre-dump time: 3985 ms
[20:08:25] Step 4: Final dump (freezing service)...
[20:08:26]   Frozen last counter value: 11
[20:08:26]   Expected after restore: 12
[20:08:26]   Final dump time (freeze duration): 621 ms
[20:08:26] Step 5: Creating archive...
[20:08:27]   Archive size: 32528 bytes
[20:08:27] Step 6: Transferring archive...
[20:08:27]   Setting up direct SSH trust...
Setting up SSH trust: edge-node-1 → ubuntu@10.22.132.37
  Adding public key to destination's authorized_keys...
  Testing SSH connectivity...
  ✓ SSH trust ready
Setting up SSH trust: edge-node-1 → ubuntu@10.22.132.37
  Adding public key to destination's authorized_keys...
  Testing SSH connectivity...
  ✓ SSH trust ready
  Transferring /tmp/CRIU-counter.tar.gz via SCP...
[20:08:31]   Transfer time: 2588 ms
[20:08:31] Step 7: Unpacking on destination...
[20:08:31] Step 7.5: Ensuring counter output file exists on destination...
[20:08:32] Step 7.8: Ensuring /tmp/counter binary is present on destination...
[20:08:32] Step 8: Restoring process...
[20:08:32]   Restore time: 307 ms
[20:08:32] Step 9: Verifying migration...
[20:08:35]   Expected min: 12 (after ~3.0s → ~15), Observed: 15
[20:08:35] ✓ SUCCESS: Counter continued correctly!
[20:08:35] Total downtime: 3516 ms (final_dump: 621 + transfer: 2588 + restore: 307)
[20:08:35] Pre-dump time (not counted as downtime): 3985 ms
[20:08:35] Effective bandwidth: 0.10 Mbps
[20:08:35] Metrics saved to /home/ivo/Documents/University/4to/Thesis-AAAAAAAa/Container-vs-Wasm-Service-Migration/Container/metrics/migration_metrics.csv
[exit=0]

$ python3 /home/ivo/Documents/University/4to/Thesis-AAAAAAAa/Container-vs-Wasm-Service-Migration/Container/scripts/setup/reset_nodes.py edge-node-1 edge-node-2
[20:08:36] Resetting nodes: edge-node-1 -> edge-node-2
[20:08:36] Step 1: Killing any existing processes on source...
[20:08:36]   Killing PID 336171 (from /home/ubuntu/app.pid)
[20:08:37]   Killing PID 336171 (from /home/ubuntu/counter.pid)
[20:08:38]   Killing any remaining background processes...
[20:08:38] Step 2: Cleaning source node...
[20:08:40] Step 3: Cleaning destination node...
[20:08:40]   Killing all remaining counter processes on destination...
[20:08:43] ✓ Reset complete, nodes are clean
[20:08:43]   Next: Start your application
[exit=0]

$ bash /home/ivo/Documents/University/4to/Thesis-AAAAAAAa/Container-vs-Wasm-Service-Migration/Container/scripts/workloads/start_counter_c.sh edge-node-1
[20:08:43] Transferring counter.c to edge-node-1...
[20:08:44] Compiling counter.c on edge-node-1...
[20:08:44] Starting counter on edge-node-1...
✓ C counter running (PID: 337922)
[20:08:45] ✓ Counter started
[exit=0]
[repeat] warmup 2s

$ python3 /home/ivo/Documents/University/4to/Thesis-AAAAAAAa/Container-vs-Wasm-Service-Migration/Container/scripts/orchestrators/criu_benchmark.py precopy --source edge-node-1 --dest edge-node-2 --transfer-mode direct --run-id repeat-suite-20260330-185020-precopy-direct-038 --iterations 3
[20:08:48] Starting precopy migration...
[20:08:48] Source: edge-node-1, Dest: edge-node-2
[20:08:48] Transfer mode: direct

[20:08:48] === PRE-COPY LIVE MIGRATION ===
[20:08:48] Step 1: Checking source process...
[20:08:49]   Using PID from /home/ubuntu/counter.pid: 337922
[20:08:49]   Last counter value (pre-dumps start): 4
[20:08:49]   Architecture: x86_64 (compatible)
[20:08:49] Step 2: Preparing dump directory...
[20:08:50] Step 3: Running 3 pre-dumps...
[20:08:50]   Pre-dump 1/3...
[20:08:51]   Pre-dump 2/3...
[20:08:52]   Pre-dump 3/3...
[20:08:54]   Total pre-dump time: 3998 ms
[20:08:54] Step 4: Final dump (freezing service)...
[20:08:54]   Frozen last counter value: 11
[20:08:54]   Expected after restore: 12
[20:08:54]   Final dump time (freeze duration): 633 ms
[20:08:54] Step 5: Creating archive...
[20:08:55]   Archive size: 32689 bytes
[20:08:55] Step 6: Transferring archive...
[20:08:55]   Setting up direct SSH trust...
Setting up SSH trust: edge-node-1 → ubuntu@10.22.132.37
  Adding public key to destination's authorized_keys...
  Testing SSH connectivity...
  ✓ SSH trust ready
Setting up SSH trust: edge-node-1 → ubuntu@10.22.132.37
  Adding public key to destination's authorized_keys...
  Testing SSH connectivity...
  ✓ SSH trust ready
  Transferring /tmp/CRIU-counter.tar.gz via SCP...
[20:09:00]   Transfer time: 2639 ms
[20:09:00] Step 7: Unpacking on destination...
[20:09:00] Step 7.5: Ensuring counter output file exists on destination...
[20:09:00] Step 7.8: Ensuring /tmp/counter binary is present on destination...
[20:09:01] Step 8: Restoring process...
[20:09:01]   Restore time: 308 ms
[20:09:01] Step 9: Verifying migration...
[20:09:04]   Expected min: 12 (after ~3.0s → ~15), Observed: 15
[20:09:04] ✓ SUCCESS: Counter continued correctly!
[20:09:04] Total downtime: 3580 ms (final_dump: 633 + transfer: 2639 + restore: 308)
[20:09:04] Pre-dump time (not counted as downtime): 3998 ms
[20:09:04] Effective bandwidth: 0.10 Mbps
[20:09:04] Metrics saved to /home/ivo/Documents/University/4to/Thesis-AAAAAAAa/Container-vs-Wasm-Service-Migration/Container/metrics/migration_metrics.csv
[exit=0]

$ python3 /home/ivo/Documents/University/4to/Thesis-AAAAAAAa/Container-vs-Wasm-Service-Migration/Container/scripts/setup/reset_nodes.py edge-node-1 edge-node-2
[20:09:05] Resetting nodes: edge-node-1 -> edge-node-2
[20:09:05] Step 1: Killing any existing processes on source...
[20:09:05]   Killing PID 337922 (from /home/ubuntu/app.pid)
[20:09:06]   Killing PID 337922 (from /home/ubuntu/counter.pid)
[20:09:06]   Killing any remaining background processes...
[20:09:07] Step 2: Cleaning source node...
[20:09:08] Step 3: Cleaning destination node...
[20:09:09]   Killing all remaining counter processes on destination...
[20:09:12] ✓ Reset complete, nodes are clean
[20:09:12]   Next: Start your application
[exit=0]

$ bash /home/ivo/Documents/University/4to/Thesis-AAAAAAAa/Container-vs-Wasm-Service-Migration/Container/scripts/workloads/start_counter_c.sh edge-node-1
[20:09:12] Transferring counter.c to edge-node-1...
[20:09:12] Compiling counter.c on edge-node-1...
[20:09:13] Starting counter on edge-node-1...
✓ C counter running (PID: 339675)
[20:09:14] ✓ Counter started
[exit=0]
[repeat] warmup 2s

$ python3 /home/ivo/Documents/University/4to/Thesis-AAAAAAAa/Container-vs-Wasm-Service-Migration/Container/scripts/orchestrators/criu_benchmark.py precopy --source edge-node-1 --dest edge-node-2 --transfer-mode direct --run-id repeat-suite-20260330-185020-precopy-direct-039 --iterations 3
[20:09:17] Starting precopy migration...
[20:09:17] Source: edge-node-1, Dest: edge-node-2
[20:09:17] Transfer mode: direct

[20:09:17] === PRE-COPY LIVE MIGRATION ===
[20:09:17] Step 1: Checking source process...
[20:09:17]   Using PID from /home/ubuntu/counter.pid: 339675
[20:09:17]   Last counter value (pre-dumps start): 4
[20:09:18]   Architecture: x86_64 (compatible)
[20:09:18] Step 2: Preparing dump directory...
[20:09:18] Step 3: Running 3 pre-dumps...
[20:09:18]   Pre-dump 1/3...
[20:09:20]   Pre-dump 2/3...
[20:09:21]   Pre-dump 3/3...
[20:09:22]   Total pre-dump time: 4260 ms
[20:09:22] Step 4: Final dump (freezing service)...
[20:09:23]   Frozen last counter value: 11
[20:09:23]   Expected after restore: 12
[20:09:23]   Final dump time (freeze duration): 573 ms
[20:09:23] Step 5: Creating archive...
[20:09:24]   Archive size: 31217 bytes
[20:09:24] Step 6: Transferring archive...
[20:09:24]   Setting up direct SSH trust...
Setting up SSH trust: edge-node-1 → ubuntu@10.22.132.37
  Adding public key to destination's authorized_keys...
  Testing SSH connectivity...
  ✓ SSH trust ready
Setting up SSH trust: edge-node-1 → ubuntu@10.22.132.37
  Adding public key to destination's authorized_keys...
  Testing SSH connectivity...
  ✓ SSH trust ready
  Transferring /tmp/CRIU-counter.tar.gz via SCP...
[20:09:28]   Transfer time: 2623 ms
[20:09:28] Step 7: Unpacking on destination...
[20:09:28] Step 7.5: Ensuring counter output file exists on destination...
[20:09:29] Step 7.8: Ensuring /tmp/counter binary is present on destination...
[20:09:29] Step 8: Restoring process...
[20:09:29]   Restore time: 354 ms
[20:09:29] Step 9: Verifying migration...
[20:09:33]   Expected min: 12 (after ~3.0s → ~15), Observed: 15
[20:09:33] ✓ SUCCESS: Counter continued correctly!
[20:09:33] Total downtime: 3550 ms (final_dump: 573 + transfer: 2623 + restore: 354)
[20:09:33] Pre-dump time (not counted as downtime): 4260 ms
[20:09:33] Effective bandwidth: 0.10 Mbps
[20:09:33] Metrics saved to /home/ivo/Documents/University/4to/Thesis-AAAAAAAa/Container-vs-Wasm-Service-Migration/Container/metrics/migration_metrics.csv
[exit=0]

$ python3 /home/ivo/Documents/University/4to/Thesis-AAAAAAAa/Container-vs-Wasm-Service-Migration/Container/scripts/setup/reset_nodes.py edge-node-1 edge-node-2
[20:09:33] Resetting nodes: edge-node-1 -> edge-node-2
[20:09:33] Step 1: Killing any existing processes on source...
[20:09:34]   Killing PID 339675 (from /home/ubuntu/app.pid)
[20:09:34]   Killing PID 339675 (from /home/ubuntu/counter.pid)
[20:09:35]   Killing any remaining background processes...
[20:09:36] Step 2: Cleaning source node...
[20:09:37] Step 3: Cleaning destination node...
[20:09:37]   Killing all remaining counter processes on destination...
[20:09:40] ✓ Reset complete, nodes are clean
[20:09:40]   Next: Start your application
[exit=0]

$ bash /home/ivo/Documents/University/4to/Thesis-AAAAAAAa/Container-vs-Wasm-Service-Migration/Container/scripts/workloads/start_counter_c.sh edge-node-1
[20:09:40] Transferring counter.c to edge-node-1...
[20:09:40] Compiling counter.c on edge-node-1...
[20:09:41] Starting counter on edge-node-1...
✓ C counter running (PID: 341436)
[20:09:42] ✓ Counter started
[exit=0]
[repeat] warmup 2s

$ python3 /home/ivo/Documents/University/4to/Thesis-AAAAAAAa/Container-vs-Wasm-Service-Migration/Container/scripts/orchestrators/criu_benchmark.py precopy --source edge-node-1 --dest edge-node-2 --transfer-mode direct --run-id repeat-suite-20260330-185020-precopy-direct-040 --iterations 3
[20:09:45] Starting precopy migration...
[20:09:45] Source: edge-node-1, Dest: edge-node-2
[20:09:45] Transfer mode: direct

[20:09:45] === PRE-COPY LIVE MIGRATION ===
[20:09:45] Step 1: Checking source process...
[20:09:45]   Using PID from /home/ubuntu/counter.pid: 341436
[20:09:46]   Last counter value (pre-dumps start): 4
[20:09:46]   Architecture: x86_64 (compatible)
[20:09:46] Step 2: Preparing dump directory...
[20:09:47] Step 3: Running 3 pre-dumps...
[20:09:47]   Pre-dump 1/3...
[20:09:48]   Pre-dump 2/3...
[20:09:49]   Pre-dump 3/3...
[20:09:51]   Total pre-dump time: 3975 ms
[20:09:51] Step 4: Final dump (freezing service)...
[20:09:51]   Frozen last counter value: 11
[20:09:51]   Expected after restore: 12
[20:09:51]   Final dump time (freeze duration): 604 ms
[20:09:51] Step 5: Creating archive...
[20:09:52]   Archive size: 32529 bytes
[20:09:52] Step 6: Transferring archive...
[20:09:52]   Setting up direct SSH trust...
Setting up SSH trust: edge-node-1 → ubuntu@10.22.132.37
  Adding public key to destination's authorized_keys...
  Testing SSH connectivity...
  ✓ SSH trust ready
Setting up SSH trust: edge-node-1 → ubuntu@10.22.132.37
  Adding public key to destination's authorized_keys...
  Testing SSH connectivity...
  ✓ SSH trust ready
  Transferring /tmp/CRIU-counter.tar.gz via SCP...
[20:09:56]   Transfer time: 2873 ms
[20:09:56] Step 7: Unpacking on destination...
[20:09:57] Step 7.5: Ensuring counter output file exists on destination...
[20:09:57] Step 7.8: Ensuring /tmp/counter binary is present on destination...
[20:09:57] Step 8: Restoring process...
[20:09:58]   Restore time: 344 ms
[20:09:58] Step 9: Verifying migration...
[20:10:01]   Expected min: 12 (after ~3.0s → ~15), Observed: 15
[20:10:01] ✓ SUCCESS: Counter continued correctly!
[20:10:01] Total downtime: 3821 ms (final_dump: 604 + transfer: 2873 + restore: 344)
[20:10:01] Pre-dump time (not counted as downtime): 3975 ms
[20:10:01] Effective bandwidth: 0.09 Mbps
[20:10:01] Metrics saved to /home/ivo/Documents/University/4to/Thesis-AAAAAAAa/Container-vs-Wasm-Service-Migration/Container/metrics/migration_metrics.csv
[exit=0]

$ python3 /home/ivo/Documents/University/4to/Thesis-AAAAAAAa/Container-vs-Wasm-Service-Migration/Container/scripts/setup/reset_nodes.py edge-node-1 edge-node-2
[20:10:02] Resetting nodes: edge-node-1 -> edge-node-2
[20:10:02] Step 1: Killing any existing processes on source...
[20:10:02]   Killing PID 341436 (from /home/ubuntu/app.pid)
[20:10:03]   Killing PID 341436 (from /home/ubuntu/counter.pid)
[20:10:03]   Killing any remaining background processes...
[20:10:04] Step 2: Cleaning source node...
[20:10:05] Step 3: Cleaning destination node...
[20:10:06]   Killing all remaining counter processes on destination...
[20:10:09] ✓ Reset complete, nodes are clean
[20:10:09]   Next: Start your application
[exit=0]

$ bash /home/ivo/Documents/University/4to/Thesis-AAAAAAAa/Container-vs-Wasm-Service-Migration/Container/scripts/workloads/start_counter_c.sh edge-node-1
[20:10:09] Transferring counter.c to edge-node-1...
[20:10:09] Compiling counter.c on edge-node-1...
[20:10:09] Starting counter on edge-node-1...
✓ C counter running (PID: 343190)
[20:10:10] ✓ Counter started
[exit=0]
[repeat] warmup 2s

$ python3 /home/ivo/Documents/University/4to/Thesis-AAAAAAAa/Container-vs-Wasm-Service-Migration/Container/scripts/orchestrators/criu_benchmark.py precopy --source edge-node-1 --dest edge-node-2 --transfer-mode direct --run-id repeat-suite-20260330-185020-precopy-direct-041 --iterations 3
[20:10:13] Starting precopy migration...
[20:10:13] Source: edge-node-1, Dest: edge-node-2
[20:10:13] Transfer mode: direct

[20:10:13] === PRE-COPY LIVE MIGRATION ===
[20:10:13] Step 1: Checking source process...
[20:10:14]   Using PID from /home/ubuntu/counter.pid: 343190
[20:10:14]   Last counter value (pre-dumps start): 4
[20:10:15]   Architecture: x86_64 (compatible)
[20:10:15] Step 2: Preparing dump directory...
[20:10:15] Step 3: Running 3 pre-dumps...
[20:10:15]   Pre-dump 1/3...
[20:10:16]   Pre-dump 2/3...
[20:10:18]   Pre-dump 3/3...
[20:10:19]   Total pre-dump time: 3985 ms
[20:10:19] Step 4: Final dump (freezing service)...
[20:10:19]   Frozen last counter value: 11
[20:10:19]   Expected after restore: 12
[20:10:19]   Final dump time (freeze duration): 624 ms
[20:10:19] Step 5: Creating archive...
[20:10:20]   Archive size: 32377 bytes
[20:10:20] Step 6: Transferring archive...
[20:10:20]   Setting up direct SSH trust...
Setting up SSH trust: edge-node-1 → ubuntu@10.22.132.37
  Adding public key to destination's authorized_keys...
  Testing SSH connectivity...
  ✓ SSH trust ready
Setting up SSH trust: edge-node-1 → ubuntu@10.22.132.37
  Adding public key to destination's authorized_keys...
  Testing SSH connectivity...
  ✓ SSH trust ready
  Transferring /tmp/CRIU-counter.tar.gz via SCP...
[20:10:25]   Transfer time: 2558 ms
[20:10:25] Step 7: Unpacking on destination...
[20:10:25] Step 7.5: Ensuring counter output file exists on destination...
[20:10:25] Step 7.8: Ensuring /tmp/counter binary is present on destination...
[20:10:26] Step 8: Restoring process...
[20:10:26]   Restore time: 300 ms
[20:10:26] Step 9: Verifying migration...
[20:10:29]   Expected min: 12 (after ~3.0s → ~15), Observed: 15
[20:10:29] ✓ SUCCESS: Counter continued correctly!
[20:10:29] Total downtime: 3482 ms (final_dump: 624 + transfer: 2558 + restore: 300)
[20:10:29] Pre-dump time (not counted as downtime): 3985 ms
[20:10:29] Effective bandwidth: 0.10 Mbps
[20:10:29] Metrics saved to /home/ivo/Documents/University/4to/Thesis-AAAAAAAa/Container-vs-Wasm-Service-Migration/Container/metrics/migration_metrics.csv
[exit=0]

$ python3 /home/ivo/Documents/University/4to/Thesis-AAAAAAAa/Container-vs-Wasm-Service-Migration/Container/scripts/setup/reset_nodes.py edge-node-1 edge-node-2
[20:10:30] Resetting nodes: edge-node-1 -> edge-node-2
[20:10:30] Step 1: Killing any existing processes on source...
[20:10:30]   Killing PID 343190 (from /home/ubuntu/app.pid)
[20:10:31]   Killing PID 343190 (from /home/ubuntu/counter.pid)
[20:10:31]   Killing any remaining background processes...
[20:10:32] Step 2: Cleaning source node...
[20:10:33] Step 3: Cleaning destination node...
[20:10:34]   Killing all remaining counter processes on destination...
[20:10:37] ✓ Reset complete, nodes are clean
[20:10:37]   Next: Start your application
[exit=0]

$ bash /home/ivo/Documents/University/4to/Thesis-AAAAAAAa/Container-vs-Wasm-Service-Migration/Container/scripts/workloads/start_counter_c.sh edge-node-1
[20:10:37] Transferring counter.c to edge-node-1...
[20:10:37] Compiling counter.c on edge-node-1...
[20:10:38] Starting counter on edge-node-1...
✓ C counter running (PID: 344950)
[20:10:39] ✓ Counter started
[exit=0]
[repeat] warmup 2s

$ python3 /home/ivo/Documents/University/4to/Thesis-AAAAAAAa/Container-vs-Wasm-Service-Migration/Container/scripts/orchestrators/criu_benchmark.py precopy --source edge-node-1 --dest edge-node-2 --transfer-mode direct --run-id repeat-suite-20260330-185020-precopy-direct-042 --iterations 3
[20:10:42] Starting precopy migration...
[20:10:42] Source: edge-node-1, Dest: edge-node-2
[20:10:42] Transfer mode: direct

[20:10:42] === PRE-COPY LIVE MIGRATION ===
[20:10:42] Step 1: Checking source process...
[20:10:42]   Using PID from /home/ubuntu/counter.pid: 344950
[20:10:43]   Last counter value (pre-dumps start): 4
[20:10:43]   Architecture: x86_64 (compatible)
[20:10:43] Step 2: Preparing dump directory...
[20:10:43] Step 3: Running 3 pre-dumps...
[20:10:43]   Pre-dump 1/3...
[20:10:45]   Pre-dump 2/3...
[20:10:46]   Pre-dump 3/3...
[20:10:47]   Total pre-dump time: 3972 ms
[20:10:47] Step 4: Final dump (freezing service)...
[20:10:48]   Frozen last counter value: 11
[20:10:48]   Expected after restore: 12
[20:10:48]   Final dump time (freeze duration): 641 ms
[20:10:48] Step 5: Creating archive...
[20:10:49]   Archive size: 31629 bytes
[20:10:49] Step 6: Transferring archive...
[20:10:49]   Setting up direct SSH trust...
Setting up SSH trust: edge-node-1 → ubuntu@10.22.132.37
  Adding public key to destination's authorized_keys...
  Testing SSH connectivity...
  ✓ SSH trust ready
Setting up SSH trust: edge-node-1 → ubuntu@10.22.132.37
  Adding public key to destination's authorized_keys...
  Testing SSH connectivity...
  ✓ SSH trust ready
  Transferring /tmp/CRIU-counter.tar.gz via SCP...
[20:10:53]   Transfer time: 2542 ms
[20:10:53] Step 7: Unpacking on destination...
[20:10:53] Step 7.5: Ensuring counter output file exists on destination...
[20:10:54] Step 7.8: Ensuring /tmp/counter binary is present on destination...
[20:10:54] Step 8: Restoring process...
[20:10:54]   Restore time: 307 ms
[20:10:54] Step 9: Verifying migration...
[20:10:58]   Expected min: 12 (after ~3.0s → ~15), Observed: 15
[20:10:58] ✓ SUCCESS: Counter continued correctly!
[20:10:58] Total downtime: 3490 ms (final_dump: 641 + transfer: 2542 + restore: 307)
[20:10:58] Pre-dump time (not counted as downtime): 3972 ms
[20:10:58] Effective bandwidth: 0.10 Mbps
[20:10:58] Metrics saved to /home/ivo/Documents/University/4to/Thesis-AAAAAAAa/Container-vs-Wasm-Service-Migration/Container/metrics/migration_metrics.csv
[exit=0]

$ python3 /home/ivo/Documents/University/4to/Thesis-AAAAAAAa/Container-vs-Wasm-Service-Migration/Container/scripts/setup/reset_nodes.py edge-node-1 edge-node-2
[20:10:58] Resetting nodes: edge-node-1 -> edge-node-2
[20:10:58] Step 1: Killing any existing processes on source...
[20:10:59]   Killing PID 344950 (from /home/ubuntu/app.pid)
[20:11:00]   Killing PID 344950 (from /home/ubuntu/counter.pid)
[20:11:00]   Killing any remaining background processes...
[20:11:01] Step 2: Cleaning source node...
[20:11:02] Step 3: Cleaning destination node...
[20:11:03]   Killing all remaining counter processes on destination...
[20:11:06] ✓ Reset complete, nodes are clean
[20:11:06]   Next: Start your application
[exit=0]

$ bash /home/ivo/Documents/University/4to/Thesis-AAAAAAAa/Container-vs-Wasm-Service-Migration/Container/scripts/workloads/start_counter_c.sh edge-node-1
[20:11:06] Transferring counter.c to edge-node-1...
[20:11:06] Compiling counter.c on edge-node-1...
[20:11:06] Starting counter on edge-node-1...
✓ C counter running (PID: 346692)
[20:11:08] ✓ Counter started
[exit=0]
[repeat] warmup 2s

$ python3 /home/ivo/Documents/University/4to/Thesis-AAAAAAAa/Container-vs-Wasm-Service-Migration/Container/scripts/orchestrators/criu_benchmark.py precopy --source edge-node-1 --dest edge-node-2 --transfer-mode direct --run-id repeat-suite-20260330-185020-precopy-direct-043 --iterations 3
[20:11:10] Starting precopy migration...
[20:11:10] Source: edge-node-1, Dest: edge-node-2
[20:11:10] Transfer mode: direct

[20:11:10] === PRE-COPY LIVE MIGRATION ===
[20:11:10] Step 1: Checking source process...
[20:11:11]   Using PID from /home/ubuntu/counter.pid: 346692
[20:11:11]   Last counter value (pre-dumps start): 4
[20:11:12]   Architecture: x86_64 (compatible)
[20:11:12] Step 2: Preparing dump directory...
[20:11:12] Step 3: Running 3 pre-dumps...
[20:11:12]   Pre-dump 1/3...
[20:11:13]   Pre-dump 2/3...
[20:11:15]   Pre-dump 3/3...
[20:11:16]   Total pre-dump time: 3983 ms
[20:11:16] Step 4: Final dump (freezing service)...
[20:11:17]   Frozen last counter value: 11
[20:11:17]   Expected after restore: 12
[20:11:17]   Final dump time (freeze duration): 581 ms
[20:11:17] Step 5: Creating archive...
[20:11:17]   Archive size: 32945 bytes
[20:11:17] Step 6: Transferring archive...
[20:11:17]   Setting up direct SSH trust...
Setting up SSH trust: edge-node-1 → ubuntu@10.22.132.37
  Adding public key to destination's authorized_keys...
  Testing SSH connectivity...
  ✓ SSH trust ready
Setting up SSH trust: edge-node-1 → ubuntu@10.22.132.37
  Adding public key to destination's authorized_keys...
  Testing SSH connectivity...
  ✓ SSH trust ready
  Transferring /tmp/CRIU-counter.tar.gz via SCP...
[20:11:22]   Transfer time: 2884 ms
[20:11:22] Step 7: Unpacking on destination...
[20:11:22] Step 7.5: Ensuring counter output file exists on destination...
[20:11:22] Step 7.8: Ensuring /tmp/counter binary is present on destination...
[20:11:23] Step 8: Restoring process...
[20:11:23]   Restore time: 339 ms
[20:11:23] Step 9: Verifying migration...
[20:11:26]   Expected min: 12 (after ~3.0s → ~15), Observed: 15
[20:11:26] ✓ SUCCESS: Counter continued correctly!
[20:11:26] Total downtime: 3804 ms (final_dump: 581 + transfer: 2884 + restore: 339)
[20:11:26] Pre-dump time (not counted as downtime): 3983 ms
[20:11:26] Effective bandwidth: 0.09 Mbps
[20:11:26] Metrics saved to /home/ivo/Documents/University/4to/Thesis-AAAAAAAa/Container-vs-Wasm-Service-Migration/Container/metrics/migration_metrics.csv
[exit=0]

$ python3 /home/ivo/Documents/University/4to/Thesis-AAAAAAAa/Container-vs-Wasm-Service-Migration/Container/scripts/setup/reset_nodes.py edge-node-1 edge-node-2
[20:11:27] Resetting nodes: edge-node-1 -> edge-node-2
[20:11:27] Step 1: Killing any existing processes on source...
[20:11:27]   Killing PID 346692 (from /home/ubuntu/app.pid)
[20:11:28]   Killing PID 346692 (from /home/ubuntu/counter.pid)
[20:11:29]   Killing any remaining background processes...
[20:11:29] Step 2: Cleaning source node...
[20:11:31] Step 3: Cleaning destination node...
[20:11:31]   Killing all remaining counter processes on destination...
[20:11:34] ✓ Reset complete, nodes are clean
[20:11:34]   Next: Start your application
[exit=0]

$ bash /home/ivo/Documents/University/4to/Thesis-AAAAAAAa/Container-vs-Wasm-Service-Migration/Container/scripts/workloads/start_counter_c.sh edge-node-1
[20:11:34] Transferring counter.c to edge-node-1...
[20:11:34] Compiling counter.c on edge-node-1...
[20:11:35] Starting counter on edge-node-1...
✓ C counter running (PID: 348452)
[20:11:36] ✓ Counter started
[exit=0]
[repeat] warmup 2s

$ python3 /home/ivo/Documents/University/4to/Thesis-AAAAAAAa/Container-vs-Wasm-Service-Migration/Container/scripts/orchestrators/criu_benchmark.py precopy --source edge-node-1 --dest edge-node-2 --transfer-mode direct --run-id repeat-suite-20260330-185020-precopy-direct-044 --iterations 3
[20:11:39] Starting precopy migration...
[20:11:39] Source: edge-node-1, Dest: edge-node-2
[20:11:39] Transfer mode: direct

[20:11:39] === PRE-COPY LIVE MIGRATION ===
[20:11:39] Step 1: Checking source process...
[20:11:39]   Using PID from /home/ubuntu/counter.pid: 348452
[20:11:39]   Last counter value (pre-dumps start): 4
[20:11:40]   Architecture: x86_64 (compatible)
[20:11:40] Step 2: Preparing dump directory...
[20:11:40] Step 3: Running 3 pre-dumps...
[20:11:40]   Pre-dump 1/3...
[20:11:42]   Pre-dump 2/3...
[20:11:43]   Pre-dump 3/3...
[20:11:44]   Total pre-dump time: 3993 ms
[20:11:44] Step 4: Final dump (freezing service)...
[20:11:45]   Frozen last counter value: 11
[20:11:45]   Expected after restore: 12
[20:11:45]   Final dump time (freeze duration): 625 ms
[20:11:45] Step 5: Creating archive...
[20:11:46]   Archive size: 33059 bytes
[20:11:46] Step 6: Transferring archive...
[20:11:46]   Setting up direct SSH trust...
Setting up SSH trust: edge-node-1 → ubuntu@10.22.132.37
  Adding public key to destination's authorized_keys...
  Testing SSH connectivity...
  ✓ SSH trust ready
Setting up SSH trust: edge-node-1 → ubuntu@10.22.132.37
  Adding public key to destination's authorized_keys...
  Testing SSH connectivity...
  ✓ SSH trust ready
  Transferring /tmp/CRIU-counter.tar.gz via SCP...
[20:11:50]   Transfer time: 2674 ms
[20:11:50] Step 7: Unpacking on destination...
[20:11:50] Step 7.5: Ensuring counter output file exists on destination...
[20:11:51] Step 7.8: Ensuring /tmp/counter binary is present on destination...
[20:11:51] Step 8: Restoring process...
[20:11:51]   Restore time: 312 ms
[20:11:51] Step 9: Verifying migration...
[20:11:55]   Expected min: 12 (after ~3.0s → ~15), Observed: 15
[20:11:55] ✓ SUCCESS: Counter continued correctly!
[20:11:55] Total downtime: 3611 ms (final_dump: 625 + transfer: 2674 + restore: 312)
[20:11:55] Pre-dump time (not counted as downtime): 3993 ms
[20:11:55] Effective bandwidth: 0.10 Mbps
[20:11:55] Metrics saved to /home/ivo/Documents/University/4to/Thesis-AAAAAAAa/Container-vs-Wasm-Service-Migration/Container/metrics/migration_metrics.csv
[exit=0]

$ python3 /home/ivo/Documents/University/4to/Thesis-AAAAAAAa/Container-vs-Wasm-Service-Migration/Container/scripts/setup/reset_nodes.py edge-node-1 edge-node-2
[20:11:55] Resetting nodes: edge-node-1 -> edge-node-2
[20:11:55] Step 1: Killing any existing processes on source...
[20:11:56]   Killing PID 348452 (from /home/ubuntu/app.pid)
[20:11:56]   Killing PID 348452 (from /home/ubuntu/counter.pid)
[20:11:57]   Killing any remaining background processes...
[20:11:58] Step 2: Cleaning source node...
[20:11:59] Step 3: Cleaning destination node...
[20:12:00]   Killing all remaining counter processes on destination...
[20:12:03] ✓ Reset complete, nodes are clean
[20:12:03]   Next: Start your application
[exit=0]

$ bash /home/ivo/Documents/University/4to/Thesis-AAAAAAAa/Container-vs-Wasm-Service-Migration/Container/scripts/workloads/start_counter_c.sh edge-node-1
[20:12:03] Transferring counter.c to edge-node-1...
[20:12:03] Compiling counter.c on edge-node-1...
[20:12:03] Starting counter on edge-node-1...
✓ C counter running (PID: 350202)
[20:12:04] ✓ Counter started
[exit=0]
[repeat] warmup 2s

$ python3 /home/ivo/Documents/University/4to/Thesis-AAAAAAAa/Container-vs-Wasm-Service-Migration/Container/scripts/orchestrators/criu_benchmark.py precopy --source edge-node-1 --dest edge-node-2 --transfer-mode direct --run-id repeat-suite-20260330-185020-precopy-direct-045 --iterations 3
[20:12:07] Starting precopy migration...
[20:12:07] Source: edge-node-1, Dest: edge-node-2
[20:12:07] Transfer mode: direct

[20:12:07] === PRE-COPY LIVE MIGRATION ===
[20:12:07] Step 1: Checking source process...
[20:12:08]   Using PID from /home/ubuntu/counter.pid: 350202
[20:12:08]   Last counter value (pre-dumps start): 4
[20:12:09]   Architecture: x86_64 (compatible)
[20:12:09] Step 2: Preparing dump directory...
[20:12:09] Step 3: Running 3 pre-dumps...
[20:12:09]   Pre-dump 1/3...
[20:12:10]   Pre-dump 2/3...
[20:12:12]   Pre-dump 3/3...
[20:12:13]   Total pre-dump time: 3942 ms
[20:12:13] Step 4: Final dump (freezing service)...
[20:12:13]   Frozen last counter value: 11
[20:12:13]   Expected after restore: 12
[20:12:13]   Final dump time (freeze duration): 605 ms
[20:12:13] Step 5: Creating archive...
[20:12:14]   Archive size: 33036 bytes
[20:12:14] Step 6: Transferring archive...
[20:12:14]   Setting up direct SSH trust...
Setting up SSH trust: edge-node-1 → ubuntu@10.22.132.37
  Adding public key to destination's authorized_keys...
  Testing SSH connectivity...
  ✓ SSH trust ready
Setting up SSH trust: edge-node-1 → ubuntu@10.22.132.37
  Adding public key to destination's authorized_keys...
  Testing SSH connectivity...
  ✓ SSH trust ready
  Transferring /tmp/CRIU-counter.tar.gz via SCP...
[20:12:18]   Transfer time: 2658 ms
[20:12:18] Step 7: Unpacking on destination...
[20:12:19] Step 7.5: Ensuring counter output file exists on destination...
[20:12:19] Step 7.8: Ensuring /tmp/counter binary is present on destination...
[20:12:19] Step 8: Restoring process...
[20:12:20]   Restore time: 311 ms
[20:12:20] Step 9: Verifying migration...
[20:12:23]   Expected min: 12 (after ~3.0s → ~15), Observed: 15
[20:12:23] ✓ SUCCESS: Counter continued correctly!
[20:12:23] Total downtime: 3574 ms (final_dump: 605 + transfer: 2658 + restore: 311)
[20:12:23] Pre-dump time (not counted as downtime): 3942 ms
[20:12:23] Effective bandwidth: 0.10 Mbps
[20:12:23] Metrics saved to /home/ivo/Documents/University/4to/Thesis-AAAAAAAa/Container-vs-Wasm-Service-Migration/Container/metrics/migration_metrics.csv
[exit=0]

$ python3 /home/ivo/Documents/University/4to/Thesis-AAAAAAAa/Container-vs-Wasm-Service-Migration/Container/scripts/setup/reset_nodes.py edge-node-1 edge-node-2
[20:12:24] Resetting nodes: edge-node-1 -> edge-node-2
[20:12:24] Step 1: Killing any existing processes on source...
[20:12:24]   Killing PID 350202 (from /home/ubuntu/app.pid)
[20:12:25]   Killing PID 350202 (from /home/ubuntu/counter.pid)
[20:12:26]   Killing any remaining background processes...
[20:12:26] Step 2: Cleaning source node...
[20:12:28] Step 3: Cleaning destination node...
[20:12:28]   Killing all remaining counter processes on destination...
[20:12:31] ✓ Reset complete, nodes are clean
[20:12:31]   Next: Start your application
[exit=0]

$ bash /home/ivo/Documents/University/4to/Thesis-AAAAAAAa/Container-vs-Wasm-Service-Migration/Container/scripts/workloads/start_counter_c.sh edge-node-1
[20:12:31] Transferring counter.c to edge-node-1...
[20:12:31] Compiling counter.c on edge-node-1...
[20:12:32] Starting counter on edge-node-1...
✓ C counter running (PID: 351962)
[20:12:33] ✓ Counter started
[exit=0]
[repeat] warmup 2s

$ python3 /home/ivo/Documents/University/4to/Thesis-AAAAAAAa/Container-vs-Wasm-Service-Migration/Container/scripts/orchestrators/criu_benchmark.py precopy --source edge-node-1 --dest edge-node-2 --transfer-mode direct --run-id repeat-suite-20260330-185020-precopy-direct-046 --iterations 3
[20:12:36] Starting precopy migration...
[20:12:36] Source: edge-node-1, Dest: edge-node-2
[20:12:36] Transfer mode: direct

[20:12:36] === PRE-COPY LIVE MIGRATION ===
[20:12:36] Step 1: Checking source process...
[20:12:36]   Using PID from /home/ubuntu/counter.pid: 351962
[20:12:37]   Last counter value (pre-dumps start): 4
[20:12:37]   Architecture: x86_64 (compatible)
[20:12:37] Step 2: Preparing dump directory...
[20:12:37] Step 3: Running 3 pre-dumps...
[20:12:37]   Pre-dump 1/3...
[20:12:39]   Pre-dump 2/3...
[20:12:40]   Pre-dump 3/3...
[20:12:41]   Total pre-dump time: 3986 ms
[20:12:41] Step 4: Final dump (freezing service)...
[20:12:42]   Frozen last counter value: 11
[20:12:42]   Expected after restore: 12
[20:12:42]   Final dump time (freeze duration): 615 ms
[20:12:42] Step 5: Creating archive...
[20:12:43]   Archive size: 32502 bytes
[20:12:43] Step 6: Transferring archive...
[20:12:43]   Setting up direct SSH trust...
Setting up SSH trust: edge-node-1 → ubuntu@10.22.132.37
  Adding public key to destination's authorized_keys...
  Testing SSH connectivity...
  ✓ SSH trust ready
Setting up SSH trust: edge-node-1 → ubuntu@10.22.132.37
  Adding public key to destination's authorized_keys...
  Testing SSH connectivity...
  ✓ SSH trust ready
  Transferring /tmp/CRIU-counter.tar.gz via SCP...
[20:12:47]   Transfer time: 2584 ms
[20:12:47] Step 7: Unpacking on destination...
[20:12:47] Step 7.5: Ensuring counter output file exists on destination...
[20:12:48] Step 7.8: Ensuring /tmp/counter binary is present on destination...
[20:12:48] Step 8: Restoring process...
[20:12:48]   Restore time: 317 ms
[20:12:48] Step 9: Verifying migration...
[20:12:52]   Expected min: 12 (after ~3.0s → ~15), Observed: 15
[20:12:52] ✓ SUCCESS: Counter continued correctly!
[20:12:52] Total downtime: 3516 ms (final_dump: 615 + transfer: 2584 + restore: 317)
[20:12:52] Pre-dump time (not counted as downtime): 3986 ms
[20:12:52] Effective bandwidth: 0.10 Mbps
[20:12:52] Metrics saved to /home/ivo/Documents/University/4to/Thesis-AAAAAAAa/Container-vs-Wasm-Service-Migration/Container/metrics/migration_metrics.csv
[exit=0]

$ python3 /home/ivo/Documents/University/4to/Thesis-AAAAAAAa/Container-vs-Wasm-Service-Migration/Container/scripts/setup/reset_nodes.py edge-node-1 edge-node-2
[20:12:52] Resetting nodes: edge-node-1 -> edge-node-2
[20:12:52] Step 1: Killing any existing processes on source...
[20:12:52]   Killing PID 351962 (from /home/ubuntu/app.pid)
[20:12:53]   Killing PID 351962 (from /home/ubuntu/counter.pid)
[20:12:54]   Killing any remaining background processes...
[20:12:55] Step 2: Cleaning source node...
[20:12:56] Step 3: Cleaning destination node...
[20:12:56]   Killing all remaining counter processes on destination...
[20:12:59] ✓ Reset complete, nodes are clean
[20:12:59]   Next: Start your application
[exit=0]

$ bash /home/ivo/Documents/University/4to/Thesis-AAAAAAAa/Container-vs-Wasm-Service-Migration/Container/scripts/workloads/start_counter_c.sh edge-node-1
[20:12:59] Transferring counter.c to edge-node-1...
[20:13:00] Compiling counter.c on edge-node-1...
[20:13:00] Starting counter on edge-node-1...
✓ C counter running (PID: 353712)
[20:13:01] ✓ Counter started
[exit=0]
[repeat] warmup 2s

$ python3 /home/ivo/Documents/University/4to/Thesis-AAAAAAAa/Container-vs-Wasm-Service-Migration/Container/scripts/orchestrators/criu_benchmark.py precopy --source edge-node-1 --dest edge-node-2 --transfer-mode direct --run-id repeat-suite-20260330-185020-precopy-direct-047 --iterations 3
[20:13:04] Starting precopy migration...
[20:13:04] Source: edge-node-1, Dest: edge-node-2
[20:13:04] Transfer mode: direct

[20:13:04] === PRE-COPY LIVE MIGRATION ===
[20:13:04] Step 1: Checking source process...
[20:13:05]   Using PID from /home/ubuntu/counter.pid: 353712
[20:13:05]   Last counter value (pre-dumps start): 4
[20:13:06]   Architecture: x86_64 (compatible)
[20:13:06] Step 2: Preparing dump directory...
[20:13:06] Step 3: Running 3 pre-dumps...
[20:13:06]   Pre-dump 1/3...
[20:13:07]   Pre-dump 2/3...
[20:13:09]   Pre-dump 3/3...
[20:13:10]   Total pre-dump time: 3947 ms
[20:13:10] Step 4: Final dump (freezing service)...
[20:13:11]   Frozen last counter value: 12
[20:13:11]   Expected after restore: 13
[20:13:11]   Final dump time (freeze duration): 610 ms
[20:13:11] Step 5: Creating archive...
[20:13:11]   Archive size: 32906 bytes
[20:13:11] Step 6: Transferring archive...
[20:13:11]   Setting up direct SSH trust...
Setting up SSH trust: edge-node-1 → ubuntu@10.22.132.37
  Adding public key to destination's authorized_keys...
  Testing SSH connectivity...
  ✓ SSH trust ready
Setting up SSH trust: edge-node-1 → ubuntu@10.22.132.37
  Adding public key to destination's authorized_keys...
  Testing SSH connectivity...
  ✓ SSH trust ready
  Transferring /tmp/CRIU-counter.tar.gz via SCP...
[20:13:16]   Transfer time: 2600 ms
[20:13:16] Step 7: Unpacking on destination...
[20:13:16] Step 7.5: Ensuring counter output file exists on destination...
[20:13:16] Step 7.8: Ensuring /tmp/counter binary is present on destination...
[20:13:17] Step 8: Restoring process...
[20:13:17]   Restore time: 321 ms
[20:13:17] Step 9: Verifying migration...
[20:13:20]   Expected min: 13 (after ~3.0s → ~16), Observed: 16
[20:13:20] ✓ SUCCESS: Counter continued correctly!
[20:13:20] Total downtime: 3531 ms (final_dump: 610 + transfer: 2600 + restore: 321)
[20:13:20] Pre-dump time (not counted as downtime): 3947 ms
[20:13:20] Effective bandwidth: 0.10 Mbps
[20:13:20] Metrics saved to /home/ivo/Documents/University/4to/Thesis-AAAAAAAa/Container-vs-Wasm-Service-Migration/Container/metrics/migration_metrics.csv
[exit=0]

$ python3 /home/ivo/Documents/University/4to/Thesis-AAAAAAAa/Container-vs-Wasm-Service-Migration/Container/scripts/setup/reset_nodes.py edge-node-1 edge-node-2
[20:13:21] Resetting nodes: edge-node-1 -> edge-node-2
[20:13:21] Step 1: Killing any existing processes on source...
[20:13:21]   Killing PID 353712 (from /home/ubuntu/app.pid)
[20:13:22]   Killing PID 353712 (from /home/ubuntu/counter.pid)
[20:13:22]   Killing any remaining background processes...
[20:13:23] Step 2: Cleaning source node...
[20:13:25] Step 3: Cleaning destination node...
[20:13:25]   Killing all remaining counter processes on destination...
[20:13:28] ✓ Reset complete, nodes are clean
[20:13:28]   Next: Start your application
[exit=0]

$ bash /home/ivo/Documents/University/4to/Thesis-AAAAAAAa/Container-vs-Wasm-Service-Migration/Container/scripts/workloads/start_counter_c.sh edge-node-1
[20:13:28] Transferring counter.c to edge-node-1...
[20:13:29] Compiling counter.c on edge-node-1...
[20:13:29] Starting counter on edge-node-1...
✓ C counter running (PID: 355464)
[20:13:30] ✓ Counter started
[exit=0]
[repeat] warmup 2s

$ python3 /home/ivo/Documents/University/4to/Thesis-AAAAAAAa/Container-vs-Wasm-Service-Migration/Container/scripts/orchestrators/criu_benchmark.py precopy --source edge-node-1 --dest edge-node-2 --transfer-mode direct --run-id repeat-suite-20260330-185020-precopy-direct-048 --iterations 3
[20:13:33] Starting precopy migration...
[20:13:33] Source: edge-node-1, Dest: edge-node-2
[20:13:33] Transfer mode: direct

[20:13:33] === PRE-COPY LIVE MIGRATION ===
[20:13:33] Step 1: Checking source process...
[20:13:33]   Using PID from /home/ubuntu/counter.pid: 355464
[20:13:34]   Last counter value (pre-dumps start): 4
[20:13:34]   Architecture: x86_64 (compatible)
[20:13:34] Step 2: Preparing dump directory...
[20:13:35] Step 3: Running 3 pre-dumps...
[20:13:35]   Pre-dump 1/3...
[20:13:36]   Pre-dump 2/3...
[20:13:37]   Pre-dump 3/3...
[20:13:39]   Total pre-dump time: 3937 ms
[20:13:39] Step 4: Final dump (freezing service)...
[20:13:39]   Frozen last counter value: 11
[20:13:39]   Expected after restore: 12
[20:13:39]   Final dump time (freeze duration): 596 ms
[20:13:39] Step 5: Creating archive...
[20:13:40]   Archive size: 31780 bytes
[20:13:40] Step 6: Transferring archive...
[20:13:40]   Setting up direct SSH trust...
Setting up SSH trust: edge-node-1 → ubuntu@10.22.132.37
  Adding public key to destination's authorized_keys...
  Testing SSH connectivity...
  ✓ SSH trust ready
Setting up SSH trust: edge-node-1 → ubuntu@10.22.132.37
  Adding public key to destination's authorized_keys...
  Testing SSH connectivity...
  ✓ SSH trust ready
  Transferring /tmp/CRIU-counter.tar.gz via SCP...
[20:13:44]   Transfer time: 2555 ms
[20:13:44] Step 7: Unpacking on destination...
[20:13:44] Step 7.5: Ensuring counter output file exists on destination...
[20:13:45] Step 7.8: Ensuring /tmp/counter binary is present on destination...
[20:13:45] Step 8: Restoring process...
[20:13:45]   Restore time: 327 ms
[20:13:45] Step 9: Verifying migration...
[20:13:48]   Expected min: 12 (after ~3.0s → ~15), Observed: 15
[20:13:48] ✓ SUCCESS: Counter continued correctly!
[20:13:48] Total downtime: 3478 ms (final_dump: 596 + transfer: 2555 + restore: 327)
[20:13:48] Pre-dump time (not counted as downtime): 3937 ms
[20:13:48] Effective bandwidth: 0.10 Mbps
[20:13:48] Metrics saved to /home/ivo/Documents/University/4to/Thesis-AAAAAAAa/Container-vs-Wasm-Service-Migration/Container/metrics/migration_metrics.csv
[exit=0]

$ python3 /home/ivo/Documents/University/4to/Thesis-AAAAAAAa/Container-vs-Wasm-Service-Migration/Container/scripts/setup/reset_nodes.py edge-node-1 edge-node-2
[20:13:49] Resetting nodes: edge-node-1 -> edge-node-2
[20:13:49] Step 1: Killing any existing processes on source...
[20:13:49]   Killing PID 355464 (from /home/ubuntu/app.pid)
[20:13:50]   Killing PID 355464 (from /home/ubuntu/counter.pid)
[20:13:51]   Killing any remaining background processes...
[20:13:52] Step 2: Cleaning source node...
[20:13:53] Step 3: Cleaning destination node...
[20:13:53]   Killing all remaining counter processes on destination...
[20:13:56] ✓ Reset complete, nodes are clean
[20:13:56]   Next: Start your application
[exit=0]

$ bash /home/ivo/Documents/University/4to/Thesis-AAAAAAAa/Container-vs-Wasm-Service-Migration/Container/scripts/workloads/start_counter_c.sh edge-node-1
[20:13:56] Transferring counter.c to edge-node-1...
[20:13:56] Compiling counter.c on edge-node-1...
[20:13:57] Starting counter on edge-node-1...
✓ C counter running (PID: 357215)
[20:13:58] ✓ Counter started
[exit=0]
[repeat] warmup 2s

$ python3 /home/ivo/Documents/University/4to/Thesis-AAAAAAAa/Container-vs-Wasm-Service-Migration/Container/scripts/orchestrators/criu_benchmark.py precopy --source edge-node-1 --dest edge-node-2 --transfer-mode direct --run-id repeat-suite-20260330-185020-precopy-direct-049 --iterations 3
[20:14:01] Starting precopy migration...
[20:14:01] Source: edge-node-1, Dest: edge-node-2
[20:14:01] Transfer mode: direct

[20:14:01] === PRE-COPY LIVE MIGRATION ===
[20:14:01] Step 1: Checking source process...
[20:14:01]   Using PID from /home/ubuntu/counter.pid: 357215
[20:14:02]   Last counter value (pre-dumps start): 4
[20:14:02]   Architecture: x86_64 (compatible)
[20:14:02] Step 2: Preparing dump directory...
[20:14:03] Step 3: Running 3 pre-dumps...
[20:14:03]   Pre-dump 1/3...
[20:14:04]   Pre-dump 2/3...
[20:14:05]   Pre-dump 3/3...
[20:14:06]   Total pre-dump time: 3940 ms
[20:14:06] Step 4: Final dump (freezing service)...
[20:14:07]   Frozen last counter value: 11
[20:14:07]   Expected after restore: 12
[20:14:07]   Final dump time (freeze duration): 636 ms
[20:14:07] Step 5: Creating archive...
[20:14:08]   Archive size: 32470 bytes
[20:14:08] Step 6: Transferring archive...
[20:14:08]   Setting up direct SSH trust...
Setting up SSH trust: edge-node-1 → ubuntu@10.22.132.37
  Adding public key to destination's authorized_keys...
  Testing SSH connectivity...
  ✓ SSH trust ready
Setting up SSH trust: edge-node-1 → ubuntu@10.22.132.37
  Adding public key to destination's authorized_keys...
  Testing SSH connectivity...
  ✓ SSH trust ready
  Transferring /tmp/CRIU-counter.tar.gz via SCP...
[20:14:12]   Transfer time: 2609 ms
[20:14:12] Step 7: Unpacking on destination...
[20:14:13] Step 7.5: Ensuring counter output file exists on destination...
[20:14:13] Step 7.8: Ensuring /tmp/counter binary is present on destination...
[20:14:13] Step 8: Restoring process...
[20:14:14]   Restore time: 333 ms
[20:14:14] Step 9: Verifying migration...
[20:14:17]   Expected min: 12 (after ~3.0s → ~15), Observed: 15
[20:14:17] ✓ SUCCESS: Counter continued correctly!
[20:14:17] Total downtime: 3578 ms (final_dump: 636 + transfer: 2609 + restore: 333)
[20:14:17] Pre-dump time (not counted as downtime): 3940 ms
[20:14:17] Effective bandwidth: 0.10 Mbps
[20:14:17] Metrics saved to /home/ivo/Documents/University/4to/Thesis-AAAAAAAa/Container-vs-Wasm-Service-Migration/Container/metrics/migration_metrics.csv
[exit=0]

$ python3 /home/ivo/Documents/University/4to/Thesis-AAAAAAAa/Container-vs-Wasm-Service-Migration/Container/scripts/setup/reset_nodes.py edge-node-1 edge-node-2
[20:14:18] Resetting nodes: edge-node-1 -> edge-node-2
[20:14:18] Step 1: Killing any existing processes on source...
[20:14:18]   Killing PID 357215 (from /home/ubuntu/app.pid)
[20:14:19]   Killing PID 357215 (from /home/ubuntu/counter.pid)
[20:14:19]   Killing any remaining background processes...
[20:14:20] Step 2: Cleaning source node...
[20:14:21] Step 3: Cleaning destination node...
[20:14:22]   Killing all remaining counter processes on destination...
[20:14:25] ✓ Reset complete, nodes are clean
[20:14:25]   Next: Start your application
[exit=0]

$ bash /home/ivo/Documents/University/4to/Thesis-AAAAAAAa/Container-vs-Wasm-Service-Migration/Container/scripts/workloads/start_counter_c.sh edge-node-1
[20:14:25] Transferring counter.c to edge-node-1...
[20:14:25] Compiling counter.c on edge-node-1...
[20:14:26] Starting counter on edge-node-1...
✓ C counter running (PID: 358976)
[20:14:27] ✓ Counter started
[exit=0]
[repeat] warmup 2s

$ python3 /home/ivo/Documents/University/4to/Thesis-AAAAAAAa/Container-vs-Wasm-Service-Migration/Container/scripts/orchestrators/criu_benchmark.py precopy --source edge-node-1 --dest edge-node-2 --transfer-mode direct --run-id repeat-suite-20260330-185020-precopy-direct-050 --iterations 3
[20:14:30] Starting precopy migration...
[20:14:30] Source: edge-node-1, Dest: edge-node-2
[20:14:30] Transfer mode: direct

[20:14:30] === PRE-COPY LIVE MIGRATION ===
[20:14:30] Step 1: Checking source process...
[20:14:30]   Using PID from /home/ubuntu/counter.pid: 358976
[20:14:31]   Last counter value (pre-dumps start): 4
[20:14:31]   Architecture: x86_64 (compatible)
[20:14:31] Step 2: Preparing dump directory...
[20:14:31] Step 3: Running 3 pre-dumps...
[20:14:31]   Pre-dump 1/3...
[20:14:33]   Pre-dump 2/3...
[20:14:34]   Pre-dump 3/3...
[20:14:35]   Total pre-dump time: 3955 ms
[20:14:35] Step 4: Final dump (freezing service)...
[20:14:36]   Frozen last counter value: 11
[20:14:36]   Expected after restore: 12
[20:14:36]   Final dump time (freeze duration): 580 ms
[20:14:36] Step 5: Creating archive...
[20:14:37]   Archive size: 31973 bytes
[20:14:37] Step 6: Transferring archive...
[20:14:37]   Setting up direct SSH trust...
Setting up SSH trust: edge-node-1 → ubuntu@10.22.132.37
  Adding public key to destination's authorized_keys...
  Testing SSH connectivity...
  ✓ SSH trust ready
Setting up SSH trust: edge-node-1 → ubuntu@10.22.132.37
  Adding public key to destination's authorized_keys...
  Testing SSH connectivity...
  ✓ SSH trust ready
  Transferring /tmp/CRIU-counter.tar.gz via SCP...
[20:14:41]   Transfer time: 2568 ms
[20:14:41] Step 7: Unpacking on destination...
[20:14:41] Step 7.5: Ensuring counter output file exists on destination...
[20:14:41] Step 7.8: Ensuring /tmp/counter binary is present on destination...
[20:14:42] Step 8: Restoring process...
[20:14:42]   Restore time: 347 ms
[20:14:42] Step 9: Verifying migration...
[20:14:45]   Expected min: 12 (after ~3.0s → ~15), Observed: 15
[20:14:45] ✓ SUCCESS: Counter continued correctly!
[20:14:45] Total downtime: 3495 ms (final_dump: 580 + transfer: 2568 + restore: 347)
[20:14:45] Pre-dump time (not counted as downtime): 3955 ms
[20:14:45] Effective bandwidth: 0.10 Mbps
[20:14:45] Metrics saved to /home/ivo/Documents/University/4to/Thesis-AAAAAAAa/Container-vs-Wasm-Service-Migration/Container/metrics/migration_metrics.csv
[exit=0]
