=== repeat_benchmarks.py 2026-05-01T03:23:43.628151 ===
base_run_id=01-05-2026-gol-cold-precopy-postcopy-h10-d10-i3-relay-edge-host-1-snap-noplots-032343
strategies=cold,precopy,postcopy workload=gol source=edge-node-1 dest=edge-node-2 host_runs=10 direct_runs=10 iterations=3 relay_node=edge-host-1 profile_name=1_WiFi_6 snapshot_node_metrics=True no_plots=True

$ python3 /home/ivo/Evaluation-of-Live-Migration-Strategies-at-the-Edge/Game-of-life-migration/scripts/setup/reset_nodes.py edge-node-1 edge-node-2
[03:23:43] Resetting nodes: edge-node-1 -> edge-node-2
[03:23:43] Step 1: Killing any existing processes on source...
[03:23:44]   Killing PID 104825 (from /home/ubuntu/app.pid)
[03:23:45]   Killing PID 97606 (from /home/ubuntu/gol.pid)
[03:23:45]   Killing any remaining background processes...
[03:23:47] Step 2: Cleaning source node...
[03:23:48] Step 3: Cleaning destination node...
[03:23:49]   Killing PID 104825 on destination (from /home/ubuntu/app.pid)
[03:23:49]   Killing PID 97606 on destination (from /home/ubuntu/gol.pid)
[03:23:50]   Killing all remaining gol processes on destination...
[03:23:53] ✓ Reset complete, nodes are clean
[03:23:53]   Next: Start your application
[exit=0]

$ bash /home/ivo/Evaluation-of-Live-Migration-Strategies-at-the-Edge/Game-of-life-migration/scripts/workloads/start_gol_c.sh edge-node-1
[03:23:53] Ensuring gol binary on edge-node-1...
[03:23:53] Transferring gol.c to edge-node-1...
[03:23:54] Compiling gol.c on edge-node-1...
[03:23:54] Starting gol on edge-node-1...
[03:23:55] ✓ Gol started
[exit=0]
[repeat] warmup 2s

$ python3 /home/ivo/Evaluation-of-Live-Migration-Strategies-at-the-Edge/Game-of-life-migration/scripts/orchestrators/criu_benchmark.py cold --source edge-node-1 --dest edge-node-2 --transfer-mode host --run-id 01-05-2026-host-cold-0000 --relay-node edge-host-1 --profile-name 1_WiFi_6
[03:23:58] Starting cold migration...
[03:23:58] Source: edge-node-1, Dest: edge-node-2
[03:23:58] Transfer mode: host
[03:23:58] Relay node: edge-host-1

[03:23:58] === COLD MIGRATION ===
[03:23:58] Step 1: Checking source process...
[03:23:58]   Using PID from /home/ubuntu/gol.pid: 2732
[03:23:59]   Architecture: x86_64 (compatible)
[03:23:59] Step 2: Dumping process with CRIU...
[03:23:59]   Checkpoint time: 424 ms
[03:23:59] Step 3: Creating archive...
[03:24:00]   Archive size: 26235 bytes
[03:24:00] Step 4: Transferring archive...
  Transferring /home/ubuntu/CRIU-gol.tar.gz via relay node edge-host-1...
Setting up SSH trust: edge-node-1 → ubuntu@10.138.215.36
  Adding public key to destination's authorized_keys...
  Testing SSH connectivity...
  ✓ SSH trust ready
Setting up SSH trust: edge-host-1 → ubuntu@10.138.215.137
  Adding public key to destination's authorized_keys...
  Testing SSH connectivity...
  ✓ SSH trust ready
[03:24:08]   Transfer time: 7511 ms
[03:24:08] Step 5: Unpacking on destination...
[03:24:08] Step 6: Preparing restore environment...
[03:24:08] Step 6.5: Ensuring /tmp/gol binary is present on destination...
[03:24:09]   /tmp/gol missing on destination, copying from source...
[03:24:09] Step 7: Restoring process...
[03:24:10]   Restore time: 415 ms
[03:24:10]   Restored PID: 2732 (written to /home/ubuntu/gol.pid)
[03:24:10] Step 8: Verifying migration...
[03:24:15] ✓ gol.out updated after migration (mtime 1777598653 → 1777598655), simulation running!
[03:24:15] Total downtime: 8350 ms
[03:24:15] Effective bandwidth: 0.03 Mbps
[03:24:15] Metrics saved to /home/ivo/Evaluation-of-Live-Migration-Strategies-at-the-Edge/Game-of-life-migration/metrics/migration_metrics.csv
[exit=0]

$ python3 /home/ivo/Evaluation-of-Live-Migration-Strategies-at-the-Edge/Game-of-life-migration/scripts/setup/reset_nodes.py edge-node-1 edge-node-2
[03:24:16] Resetting nodes: edge-node-1 -> edge-node-2
[03:24:16] Step 1: Killing any existing processes on source...
[03:24:16]   Killing PID 2732 (from /home/ubuntu/app.pid)
[03:24:17]   Killing PID 2732 (from /home/ubuntu/gol.pid)
[03:24:17]   Killing any remaining background processes...
[03:24:19] Step 2: Cleaning source node...
[03:24:20] Step 3: Cleaning destination node...
[03:24:20]   Killing PID 2732 on destination (from /home/ubuntu/app.pid)
[03:24:21]   Killing PID 2732 on destination (from /home/ubuntu/gol.pid)
[03:24:21]   Killing all remaining gol processes on destination...
[03:24:25] ✓ Reset complete, nodes are clean
[03:24:25]   Next: Start your application
[exit=0]

$ bash /home/ivo/Evaluation-of-Live-Migration-Strategies-at-the-Edge/Game-of-life-migration/scripts/workloads/start_gol_c.sh edge-node-1
[03:24:25] Ensuring gol binary on edge-node-1...
[03:24:25] Reusing existing /tmp/gol on edge-node-1
[03:24:25] Starting gol on edge-node-1...
[03:24:26] ✓ Gol started
[exit=0]
[repeat] warmup 2s

$ python3 /home/ivo/Evaluation-of-Live-Migration-Strategies-at-the-Edge/Game-of-life-migration/scripts/orchestrators/criu_benchmark.py cold --source edge-node-1 --dest edge-node-2 --transfer-mode host --run-id 01-05-2026-host-cold-0001 --relay-node edge-host-1 --profile-name 1_WiFi_6
[03:24:29] Starting cold migration...
[03:24:29] Source: edge-node-1, Dest: edge-node-2
[03:24:29] Transfer mode: host
[03:24:29] Relay node: edge-host-1

[03:24:29] === COLD MIGRATION ===
[03:24:29] Step 1: Checking source process...
[03:24:29]   Using PID from /home/ubuntu/gol.pid: 4158
[03:24:30]   Architecture: x86_64 (compatible)
[03:24:30] Step 2: Dumping process with CRIU...
[03:24:30]   Checkpoint time: 318 ms
[03:24:30] Step 3: Creating archive...
[03:24:31]   Archive size: 25531 bytes
[03:24:31] Step 4: Transferring archive...
  Transferring /home/ubuntu/CRIU-gol.tar.gz via relay node edge-host-1...
Setting up SSH trust: edge-node-1 → ubuntu@10.138.215.36
  Adding public key to destination's authorized_keys...
  Testing SSH connectivity...
  ✓ SSH trust ready
Setting up SSH trust: edge-host-1 → ubuntu@10.138.215.137
  Adding public key to destination's authorized_keys...
  Testing SSH connectivity...
  ✓ SSH trust ready
[03:24:38]   Transfer time: 6770 ms
[03:24:38] Step 5: Unpacking on destination...
[03:24:38] Step 6: Preparing restore environment...
[03:24:38] Step 6.5: Ensuring /tmp/gol binary is present on destination...
[03:24:39] Step 7: Restoring process...
[03:24:39]   Restore time: 358 ms
[03:24:39]   Restored PID: 4158 (written to /home/ubuntu/gol.pid)
[03:24:39] Step 8: Verifying migration...
[03:24:45] ✓ gol.out updated after migration (mtime 1777598682 → 1777598684), simulation running!
[03:24:45] Total downtime: 7446 ms
[03:24:45] Effective bandwidth: 0.03 Mbps
[03:24:45] Metrics saved to /home/ivo/Evaluation-of-Live-Migration-Strategies-at-the-Edge/Game-of-life-migration/metrics/migration_metrics.csv
[exit=0]

$ python3 /home/ivo/Evaluation-of-Live-Migration-Strategies-at-the-Edge/Game-of-life-migration/scripts/setup/reset_nodes.py edge-node-1 edge-node-2
[03:24:46] Resetting nodes: edge-node-1 -> edge-node-2
[03:24:46] Step 1: Killing any existing processes on source...
[03:24:46]   Killing PID 4158 (from /home/ubuntu/app.pid)
[03:24:47]   Killing PID 4158 (from /home/ubuntu/gol.pid)
[03:24:47]   Killing any remaining background processes...
[03:24:49] Step 2: Cleaning source node...
[03:24:50] Step 3: Cleaning destination node...
[03:24:50]   Killing PID 4158 on destination (from /home/ubuntu/app.pid)
[03:24:51]   Killing PID 4158 on destination (from /home/ubuntu/gol.pid)
[03:24:51]   Killing all remaining gol processes on destination...
[03:24:55] ✓ Reset complete, nodes are clean
[03:24:55]   Next: Start your application
[exit=0]

$ bash /home/ivo/Evaluation-of-Live-Migration-Strategies-at-the-Edge/Game-of-life-migration/scripts/workloads/start_gol_c.sh edge-node-1
[03:24:55] Ensuring gol binary on edge-node-1...
[03:24:55] Reusing existing /tmp/gol on edge-node-1
[03:24:55] Starting gol on edge-node-1...
[03:24:56] ✓ Gol started
[exit=0]
[repeat] warmup 2s

$ python3 /home/ivo/Evaluation-of-Live-Migration-Strategies-at-the-Edge/Game-of-life-migration/scripts/orchestrators/criu_benchmark.py cold --source edge-node-1 --dest edge-node-2 --transfer-mode host --run-id 01-05-2026-host-cold-0002 --relay-node edge-host-1 --profile-name 1_WiFi_6
[03:24:59] Starting cold migration...
[03:24:59] Source: edge-node-1, Dest: edge-node-2
[03:24:59] Transfer mode: host
[03:24:59] Relay node: edge-host-1

[03:24:59] === COLD MIGRATION ===
[03:24:59] Step 1: Checking source process...
[03:24:59]   Using PID from /home/ubuntu/gol.pid: 5518
[03:25:00]   Architecture: x86_64 (compatible)
[03:25:00] Step 2: Dumping process with CRIU...
[03:25:00]   Checkpoint time: 344 ms
[03:25:00] Step 3: Creating archive...
[03:25:01]   Archive size: 25313 bytes
[03:25:01] Step 4: Transferring archive...
  Transferring /home/ubuntu/CRIU-gol.tar.gz via relay node edge-host-1...
Setting up SSH trust: edge-node-1 → ubuntu@10.138.215.36
  Adding public key to destination's authorized_keys...
  Testing SSH connectivity...
  ✓ SSH trust ready
Setting up SSH trust: edge-host-1 → ubuntu@10.138.215.137
  Adding public key to destination's authorized_keys...
  Testing SSH connectivity...
  ✓ SSH trust ready
[03:25:08]   Transfer time: 7247 ms
[03:25:08] Step 5: Unpacking on destination...
[03:25:08] Step 6: Preparing restore environment...
[03:25:09] Step 6.5: Ensuring /tmp/gol binary is present on destination...
[03:25:09] Step 7: Restoring process...
[03:25:10]   Restore time: 312 ms
[03:25:10]   Restored PID: 5518 (written to /home/ubuntu/gol.pid)
[03:25:10] Step 8: Verifying migration...
[03:25:16] ✓ gol.out updated after migration (mtime 1777598713 → 1777598715), simulation running!
[03:25:16] Total downtime: 7903 ms
[03:25:16] Effective bandwidth: 0.03 Mbps
[03:25:16] Metrics saved to /home/ivo/Evaluation-of-Live-Migration-Strategies-at-the-Edge/Game-of-life-migration/metrics/migration_metrics.csv
[exit=0]

$ python3 /home/ivo/Evaluation-of-Live-Migration-Strategies-at-the-Edge/Game-of-life-migration/scripts/setup/reset_nodes.py edge-node-1 edge-node-2
[03:25:16] Resetting nodes: edge-node-1 -> edge-node-2
[03:25:16] Step 1: Killing any existing processes on source...
[03:25:16]   Killing PID 5518 (from /home/ubuntu/app.pid)
[03:25:17]   Killing PID 5518 (from /home/ubuntu/gol.pid)
[03:25:17]   Killing any remaining background processes...
[03:25:19] Step 2: Cleaning source node...
[03:25:20] Step 3: Cleaning destination node...
[03:25:20]   Killing PID 5518 on destination (from /home/ubuntu/app.pid)
[03:25:21]   Killing PID 5518 on destination (from /home/ubuntu/gol.pid)
[03:25:22]   Killing all remaining gol processes on destination...
[03:25:25] ✓ Reset complete, nodes are clean
[03:25:25]   Next: Start your application
[exit=0]

$ bash /home/ivo/Evaluation-of-Live-Migration-Strategies-at-the-Edge/Game-of-life-migration/scripts/workloads/start_gol_c.sh edge-node-1
[03:25:25] Ensuring gol binary on edge-node-1...
[03:25:25] Reusing existing /tmp/gol on edge-node-1
[03:25:25] Starting gol on edge-node-1...
[03:25:26] ✓ Gol started
[exit=0]
[repeat] warmup 2s

$ python3 /home/ivo/Evaluation-of-Live-Migration-Strategies-at-the-Edge/Game-of-life-migration/scripts/orchestrators/criu_benchmark.py cold --source edge-node-1 --dest edge-node-2 --transfer-mode host --run-id 01-05-2026-host-cold-0003 --relay-node edge-host-1 --profile-name 1_WiFi_6
[03:25:29] Starting cold migration...
[03:25:29] Source: edge-node-1, Dest: edge-node-2
[03:25:29] Transfer mode: host
[03:25:29] Relay node: edge-host-1

[03:25:29] === COLD MIGRATION ===
[03:25:29] Step 1: Checking source process...
[03:25:29]   Using PID from /home/ubuntu/gol.pid: 6865
[03:25:30]   Architecture: x86_64 (compatible)
[03:25:30] Step 2: Dumping process with CRIU...
[03:25:30]   Checkpoint time: 342 ms
[03:25:30] Step 3: Creating archive...
[03:25:31]   Archive size: 25427 bytes
[03:25:31] Step 4: Transferring archive...
  Transferring /home/ubuntu/CRIU-gol.tar.gz via relay node edge-host-1...
Setting up SSH trust: edge-node-1 → ubuntu@10.138.215.36
  Adding public key to destination's authorized_keys...
  Testing SSH connectivity...
  ✓ SSH trust ready
Setting up SSH trust: edge-host-1 → ubuntu@10.138.215.137
  Adding public key to destination's authorized_keys...
  Testing SSH connectivity...
  ✓ SSH trust ready
[03:25:38]   Transfer time: 6936 ms
[03:25:38] Step 5: Unpacking on destination...
[03:25:38] Step 6: Preparing restore environment...
[03:25:39] Step 6.5: Ensuring /tmp/gol binary is present on destination...
[03:25:39] Step 7: Restoring process...
[03:25:39]   Restore time: 301 ms
[03:25:40]   Restored PID: 6865 (written to /home/ubuntu/gol.pid)
[03:25:40] Step 8: Verifying migration...
[03:25:45] ✓ gol.out updated after migration (mtime 1777598742 → 1777598744), simulation running!
[03:25:45] Total downtime: 7579 ms
[03:25:45] Effective bandwidth: 0.03 Mbps
[03:25:45] Metrics saved to /home/ivo/Evaluation-of-Live-Migration-Strategies-at-the-Edge/Game-of-life-migration/metrics/migration_metrics.csv
[exit=0]
[repeat] WARNING: node_exporter snapshot failed: edge-node-2 (after)
[repeat] WARNING: node_exporter CSV row not written (missing snapshots)

$ python3 /home/ivo/Evaluation-of-Live-Migration-Strategies-at-the-Edge/Game-of-life-migration/scripts/setup/reset_nodes.py edge-node-1 edge-node-2
[03:25:55] Resetting nodes: edge-node-1 -> edge-node-2
[03:25:55] Step 1: Killing any existing processes on source...
[03:25:56]   Killing PID 6865 (from /home/ubuntu/app.pid)
[03:25:57]   Killing PID 6865 (from /home/ubuntu/gol.pid)
[03:25:57]   Killing any remaining background processes...
[03:25:58] Step 2: Cleaning source node...
[03:25:59] Step 3: Cleaning destination node...
[03:26:00]   Killing PID 6865 on destination (from /home/ubuntu/app.pid)
[03:26:01]   Killing PID 6865 on destination (from /home/ubuntu/gol.pid)
[03:26:01]   Killing all remaining gol processes on destination...
[03:26:04] ✓ Reset complete, nodes are clean
[03:26:04]   Next: Start your application
[exit=0]

$ bash /home/ivo/Evaluation-of-Live-Migration-Strategies-at-the-Edge/Game-of-life-migration/scripts/workloads/start_gol_c.sh edge-node-1
[03:26:04] Ensuring gol binary on edge-node-1...
[03:26:05] Reusing existing /tmp/gol on edge-node-1
[03:26:05] Starting gol on edge-node-1...
[03:26:06] ✓ Gol started
[exit=0]
[repeat] warmup 2s

$ python3 /home/ivo/Evaluation-of-Live-Migration-Strategies-at-the-Edge/Game-of-life-migration/scripts/orchestrators/criu_benchmark.py cold --source edge-node-1 --dest edge-node-2 --transfer-mode host --run-id 01-05-2026-host-cold-0004 --relay-node edge-host-1 --profile-name 1_WiFi_6
[03:26:09] Starting cold migration...
[03:26:09] Source: edge-node-1, Dest: edge-node-2
[03:26:09] Transfer mode: host
[03:26:09] Relay node: edge-host-1

[03:26:09] === COLD MIGRATION ===
[03:26:09] Step 1: Checking source process...
[03:26:09]   Using PID from /home/ubuntu/gol.pid: 8232
[03:26:10]   Architecture: x86_64 (compatible)
[03:26:10] Step 2: Dumping process with CRIU...
[03:26:10]   Checkpoint time: 282 ms
[03:26:10] Step 3: Creating archive...
[03:26:10]   Archive size: 25467 bytes
[03:26:10] Step 4: Transferring archive...
  Transferring /home/ubuntu/CRIU-gol.tar.gz via relay node edge-host-1...
Setting up SSH trust: edge-node-1 → ubuntu@10.138.215.36
  Adding public key to destination's authorized_keys...
  Testing SSH connectivity...
  ✓ SSH trust ready
Setting up SSH trust: edge-host-1 → ubuntu@10.138.215.137
  Adding public key to destination's authorized_keys...
  Testing SSH connectivity...
  ✓ SSH trust ready
[03:26:18]   Transfer time: 7287 ms
[03:26:18] Step 5: Unpacking on destination...
[03:26:18] Step 6: Preparing restore environment...
[03:26:19] Step 6.5: Ensuring /tmp/gol binary is present on destination...
[03:26:19] Step 7: Restoring process...
[03:26:19]   Restore time: 339 ms
[03:26:20]   Restored PID: 8232 (written to /home/ubuntu/gol.pid)
[03:26:20] Step 8: Verifying migration...
[03:26:25] ✓ gol.out updated after migration (mtime 1777598782 → 1777598784), simulation running!
[03:26:25] Total downtime: 7908 ms
[03:26:25] Effective bandwidth: 0.03 Mbps
[03:26:25] Metrics saved to /home/ivo/Evaluation-of-Live-Migration-Strategies-at-the-Edge/Game-of-life-migration/metrics/migration_metrics.csv
[exit=0]

$ python3 /home/ivo/Evaluation-of-Live-Migration-Strategies-at-the-Edge/Game-of-life-migration/scripts/setup/reset_nodes.py edge-node-1 edge-node-2
[03:26:26] Resetting nodes: edge-node-1 -> edge-node-2
[03:26:26] Step 1: Killing any existing processes on source...
[03:26:26]   Killing PID 8232 (from /home/ubuntu/app.pid)
[03:26:27]   Killing PID 8232 (from /home/ubuntu/gol.pid)
[03:26:27]   Killing any remaining background processes...
[03:26:28] Step 2: Cleaning source node...
[03:26:30] Step 3: Cleaning destination node...
[03:26:30]   Killing PID 8232 on destination (from /home/ubuntu/app.pid)
[03:26:31]   Killing PID 8232 on destination (from /home/ubuntu/gol.pid)
[03:26:31]   Killing all remaining gol processes on destination...
[03:26:34] ✓ Reset complete, nodes are clean
[03:26:34]   Next: Start your application
[exit=0]

$ bash /home/ivo/Evaluation-of-Live-Migration-Strategies-at-the-Edge/Game-of-life-migration/scripts/workloads/start_gol_c.sh edge-node-1
[03:26:34] Ensuring gol binary on edge-node-1...
[03:26:35] Reusing existing /tmp/gol on edge-node-1
[03:26:35] Starting gol on edge-node-1...
[03:26:36] ✓ Gol started
[exit=0]
[repeat] warmup 2s

$ python3 /home/ivo/Evaluation-of-Live-Migration-Strategies-at-the-Edge/Game-of-life-migration/scripts/orchestrators/criu_benchmark.py cold --source edge-node-1 --dest edge-node-2 --transfer-mode host --run-id 01-05-2026-host-cold-0005 --relay-node edge-host-1 --profile-name 1_WiFi_6
[03:26:38] Starting cold migration...
[03:26:38] Source: edge-node-1, Dest: edge-node-2
[03:26:38] Transfer mode: host
[03:26:38] Relay node: edge-host-1

[03:26:38] === COLD MIGRATION ===
[03:26:38] Step 1: Checking source process...
[03:26:39]   Using PID from /home/ubuntu/gol.pid: 9585
[03:26:40]   Architecture: x86_64 (compatible)
[03:26:40] Step 2: Dumping process with CRIU...
[03:26:40]   Checkpoint time: 324 ms
[03:26:40] Step 3: Creating archive...
[03:26:40]   Archive size: 25323 bytes
[03:26:40] Step 4: Transferring archive...
  Transferring /home/ubuntu/CRIU-gol.tar.gz via relay node edge-host-1...
Setting up SSH trust: edge-node-1 → ubuntu@10.138.215.36
  Adding public key to destination's authorized_keys...
  Testing SSH connectivity...
  ✓ SSH trust ready
Setting up SSH trust: edge-host-1 → ubuntu@10.138.215.137
  Adding public key to destination's authorized_keys...
  Testing SSH connectivity...
  ✓ SSH trust ready
[03:26:48]   Transfer time: 7132 ms
[03:26:48] Step 5: Unpacking on destination...
[03:26:48] Step 6: Preparing restore environment...
[03:26:48] Step 6.5: Ensuring /tmp/gol binary is present on destination...
[03:26:49] Step 7: Restoring process...
[03:26:49]   Restore time: 310 ms
[03:26:49]   Restored PID: 9585 (written to /home/ubuntu/gol.pid)
[03:26:49] Step 8: Verifying migration...
[03:26:55] ✓ gol.out updated after migration (mtime 1777598812 → 1777598814), simulation running!
[03:26:55] Total downtime: 7766 ms
[03:26:55] Effective bandwidth: 0.03 Mbps
[03:26:55] Metrics saved to /home/ivo/Evaluation-of-Live-Migration-Strategies-at-the-Edge/Game-of-life-migration/metrics/migration_metrics.csv
[exit=0]

$ python3 /home/ivo/Evaluation-of-Live-Migration-Strategies-at-the-Edge/Game-of-life-migration/scripts/setup/reset_nodes.py edge-node-1 edge-node-2
[03:26:55] Resetting nodes: edge-node-1 -> edge-node-2
[03:26:55] Step 1: Killing any existing processes on source...
[03:26:55]   Killing PID 9585 (from /home/ubuntu/app.pid)
[03:26:57]   Killing PID 9585 (from /home/ubuntu/gol.pid)
[03:26:57]   Killing any remaining background processes...
[03:26:59] Step 2: Cleaning source node...
[03:27:00] Step 3: Cleaning destination node...
[03:27:00]   Killing PID 9585 on destination (from /home/ubuntu/app.pid)
[03:27:01]   Killing PID 9585 on destination (from /home/ubuntu/gol.pid)
[03:27:01]   Killing all remaining gol processes on destination...
[03:27:05] ✓ Reset complete, nodes are clean
[03:27:05]   Next: Start your application
[exit=0]

$ bash /home/ivo/Evaluation-of-Live-Migration-Strategies-at-the-Edge/Game-of-life-migration/scripts/workloads/start_gol_c.sh edge-node-1
[03:27:05] Ensuring gol binary on edge-node-1...
[03:27:05] Reusing existing /tmp/gol on edge-node-1
[03:27:05] Starting gol on edge-node-1...
[03:27:06] ✓ Gol started
[exit=0]
[repeat] warmup 2s

$ python3 /home/ivo/Evaluation-of-Live-Migration-Strategies-at-the-Edge/Game-of-life-migration/scripts/orchestrators/criu_benchmark.py cold --source edge-node-1 --dest edge-node-2 --transfer-mode host --run-id 01-05-2026-host-cold-0006 --relay-node edge-host-1 --profile-name 1_WiFi_6
[03:27:09] Starting cold migration...
[03:27:09] Source: edge-node-1, Dest: edge-node-2
[03:27:09] Transfer mode: host
[03:27:09] Relay node: edge-host-1

[03:27:09] === COLD MIGRATION ===
[03:27:09] Step 1: Checking source process...
[03:27:09]   Using PID from /home/ubuntu/gol.pid: 10946
[03:27:10]   Architecture: x86_64 (compatible)
[03:27:10] Step 2: Dumping process with CRIU...
[03:27:10]   Checkpoint time: 347 ms
[03:27:10] Step 3: Creating archive...
[03:27:11]   Archive size: 25297 bytes
[03:27:11] Step 4: Transferring archive...
  Transferring /home/ubuntu/CRIU-gol.tar.gz via relay node edge-host-1...
Setting up SSH trust: edge-node-1 → ubuntu@10.138.215.36
  Adding public key to destination's authorized_keys...
  Testing SSH connectivity...
  ✓ SSH trust ready
Setting up SSH trust: edge-host-1 → ubuntu@10.138.215.137
  Adding public key to destination's authorized_keys...
  Testing SSH connectivity...
  ✓ SSH trust ready
[03:27:18]   Transfer time: 7334 ms
[03:27:18] Step 5: Unpacking on destination...
[03:27:19] Step 6: Preparing restore environment...
[03:27:19] Step 6.5: Ensuring /tmp/gol binary is present on destination...
[03:27:19] Step 7: Restoring process...
[03:27:20]   Restore time: 358 ms
[03:27:20]   Restored PID: 10946 (written to /home/ubuntu/gol.pid)
[03:27:20] Step 8: Verifying migration...
[03:27:26] ✓ gol.out updated after migration (mtime 1777598843 → 1777598845), simulation running!
[03:27:26] Total downtime: 8039 ms
[03:27:26] Effective bandwidth: 0.03 Mbps
[03:27:26] Metrics saved to /home/ivo/Evaluation-of-Live-Migration-Strategies-at-the-Edge/Game-of-life-migration/metrics/migration_metrics.csv
[exit=0]

$ python3 /home/ivo/Evaluation-of-Live-Migration-Strategies-at-the-Edge/Game-of-life-migration/scripts/setup/reset_nodes.py edge-node-1 edge-node-2
[03:27:26] Resetting nodes: edge-node-1 -> edge-node-2
[03:27:26] Step 1: Killing any existing processes on source...
[03:27:26]   Killing PID 10946 (from /home/ubuntu/app.pid)
[03:27:27]   Killing PID 10946 (from /home/ubuntu/gol.pid)
[03:27:28]   Killing any remaining background processes...
[03:27:29] Step 2: Cleaning source node...
[03:27:30] Step 3: Cleaning destination node...
[03:27:30]   Killing PID 10946 on destination (from /home/ubuntu/app.pid)
[03:27:31]   Killing PID 10946 on destination (from /home/ubuntu/gol.pid)
[03:27:32]   Killing all remaining gol processes on destination...
[03:27:35] ✓ Reset complete, nodes are clean
[03:27:35]   Next: Start your application
[exit=0]

$ bash /home/ivo/Evaluation-of-Live-Migration-Strategies-at-the-Edge/Game-of-life-migration/scripts/workloads/start_gol_c.sh edge-node-1
[03:27:35] Ensuring gol binary on edge-node-1...
[03:27:35] Reusing existing /tmp/gol on edge-node-1
[03:27:35] Starting gol on edge-node-1...
[03:27:37] ✓ Gol started
[exit=0]
[repeat] warmup 2s

$ python3 /home/ivo/Evaluation-of-Live-Migration-Strategies-at-the-Edge/Game-of-life-migration/scripts/orchestrators/criu_benchmark.py cold --source edge-node-1 --dest edge-node-2 --transfer-mode host --run-id 01-05-2026-host-cold-0007 --relay-node edge-host-1 --profile-name 1_WiFi_6
[03:27:39] Starting cold migration...
[03:27:39] Source: edge-node-1, Dest: edge-node-2
[03:27:39] Transfer mode: host
[03:27:39] Relay node: edge-host-1

[03:27:39] === COLD MIGRATION ===
[03:27:39] Step 1: Checking source process...
[03:27:39]   Using PID from /home/ubuntu/gol.pid: 12301
[03:27:40]   Architecture: x86_64 (compatible)
[03:27:40] Step 2: Dumping process with CRIU...
[03:27:40]   Checkpoint time: 281 ms
[03:27:40] Step 3: Creating archive...
[03:27:41]   Archive size: 25338 bytes
[03:27:41] Step 4: Transferring archive...
  Transferring /home/ubuntu/CRIU-gol.tar.gz via relay node edge-host-1...
Setting up SSH trust: edge-node-1 → ubuntu@10.138.215.36
  Adding public key to destination's authorized_keys...
  Testing SSH connectivity...
  ✓ SSH trust ready
Setting up SSH trust: edge-host-1 → ubuntu@10.138.215.137
  Adding public key to destination's authorized_keys...
  Testing SSH connectivity...
  ✓ SSH trust ready
[03:27:48]   Transfer time: 7077 ms
[03:27:48] Step 5: Unpacking on destination...
[03:27:48] Step 6: Preparing restore environment...
[03:27:49] Step 6.5: Ensuring /tmp/gol binary is present on destination...
[03:27:49] Step 7: Restoring process...
[03:27:49]   Restore time: 307 ms
[03:27:50]   Restored PID: 12301 (written to /home/ubuntu/gol.pid)
[03:27:50] Step 8: Verifying migration...
[03:27:55] ✓ gol.out updated after migration (mtime 1777598872 → 1777598874), simulation running!
[03:27:55] Total downtime: 7665 ms
[03:27:55] Effective bandwidth: 0.03 Mbps
[03:27:55] Metrics saved to /home/ivo/Evaluation-of-Live-Migration-Strategies-at-the-Edge/Game-of-life-migration/metrics/migration_metrics.csv
[exit=0]

$ python3 /home/ivo/Evaluation-of-Live-Migration-Strategies-at-the-Edge/Game-of-life-migration/scripts/setup/reset_nodes.py edge-node-1 edge-node-2
[03:27:56] Resetting nodes: edge-node-1 -> edge-node-2
[03:27:56] Step 1: Killing any existing processes on source...
[03:27:56]   Killing PID 12301 (from /home/ubuntu/app.pid)
[03:27:57]   Killing PID 12301 (from /home/ubuntu/gol.pid)
[03:27:58]   Killing any remaining background processes...
[03:27:59] Step 2: Cleaning source node...
[03:28:00] Step 3: Cleaning destination node...
[03:28:00]   Killing PID 12301 on destination (from /home/ubuntu/app.pid)
[03:28:02]   Killing PID 12301 on destination (from /home/ubuntu/gol.pid)
[03:28:02]   Killing all remaining gol processes on destination...
[03:28:05] ✓ Reset complete, nodes are clean
[03:28:05]   Next: Start your application
[exit=0]

$ bash /home/ivo/Evaluation-of-Live-Migration-Strategies-at-the-Edge/Game-of-life-migration/scripts/workloads/start_gol_c.sh edge-node-1
[03:28:05] Ensuring gol binary on edge-node-1...
[03:28:05] Reusing existing /tmp/gol on edge-node-1
[03:28:05] Starting gol on edge-node-1...
[03:28:07] ✓ Gol started
[exit=0]
[repeat] warmup 2s

$ python3 /home/ivo/Evaluation-of-Live-Migration-Strategies-at-the-Edge/Game-of-life-migration/scripts/orchestrators/criu_benchmark.py cold --source edge-node-1 --dest edge-node-2 --transfer-mode host --run-id 01-05-2026-host-cold-0008 --relay-node edge-host-1 --profile-name 1_WiFi_6
[03:28:09] Starting cold migration...
[03:28:09] Source: edge-node-1, Dest: edge-node-2
[03:28:09] Transfer mode: host
[03:28:09] Relay node: edge-host-1

[03:28:09] === COLD MIGRATION ===
[03:28:09] Step 1: Checking source process...
[03:28:10]   Using PID from /home/ubuntu/gol.pid: 13661
[03:28:10]   Architecture: x86_64 (compatible)
[03:28:10] Step 2: Dumping process with CRIU...
[03:28:11]   Checkpoint time: 381 ms
[03:28:11] Step 3: Creating archive...
[03:28:11]   Archive size: 25381 bytes
[03:28:11] Step 4: Transferring archive...
  Transferring /home/ubuntu/CRIU-gol.tar.gz via relay node edge-host-1...
Setting up SSH trust: edge-node-1 → ubuntu@10.138.215.36
  Adding public key to destination's authorized_keys...
  Testing SSH connectivity...
  ✓ SSH trust ready
Setting up SSH trust: edge-host-1 → ubuntu@10.138.215.137
  Adding public key to destination's authorized_keys...
  Testing SSH connectivity...
  ✓ SSH trust ready
[03:28:18]   Transfer time: 7176 ms
[03:28:18] Step 5: Unpacking on destination...
[03:28:19] Step 6: Preparing restore environment...
[03:28:19] Step 6.5: Ensuring /tmp/gol binary is present on destination...
[03:28:20] Step 7: Restoring process...
[03:28:20]   Restore time: 304 ms
[03:28:20]   Restored PID: 13661 (written to /home/ubuntu/gol.pid)
[03:28:20] Step 8: Verifying migration...
[03:28:26] ✓ gol.out updated after migration (mtime 1777598903 → 1777598906), simulation running!
[03:28:26] Total downtime: 7861 ms
[03:28:26] Effective bandwidth: 0.03 Mbps
[03:28:26] Metrics saved to /home/ivo/Evaluation-of-Live-Migration-Strategies-at-the-Edge/Game-of-life-migration/metrics/migration_metrics.csv
[exit=0]

$ python3 /home/ivo/Evaluation-of-Live-Migration-Strategies-at-the-Edge/Game-of-life-migration/scripts/setup/reset_nodes.py edge-node-1 edge-node-2
[03:28:26] Resetting nodes: edge-node-1 -> edge-node-2
[03:28:26] Step 1: Killing any existing processes on source...
[03:28:27]   Killing PID 13661 (from /home/ubuntu/app.pid)
[03:28:27]   Killing PID 13661 (from /home/ubuntu/gol.pid)
[03:28:28]   Killing any remaining background processes...
[03:28:29] Step 2: Cleaning source node...
[03:28:30] Step 3: Cleaning destination node...
[03:28:31]   Killing PID 13661 on destination (from /home/ubuntu/app.pid)
[03:28:31]   Killing PID 13661 on destination (from /home/ubuntu/gol.pid)
[03:28:32]   Killing all remaining gol processes on destination...
[03:28:35] ✓ Reset complete, nodes are clean
[03:28:35]   Next: Start your application
[exit=0]

$ bash /home/ivo/Evaluation-of-Live-Migration-Strategies-at-the-Edge/Game-of-life-migration/scripts/workloads/start_gol_c.sh edge-node-1
[03:28:35] Ensuring gol binary on edge-node-1...
[03:28:35] Reusing existing /tmp/gol on edge-node-1
[03:28:35] Starting gol on edge-node-1...
[03:28:37] ✓ Gol started
[exit=0]
[repeat] warmup 2s

$ python3 /home/ivo/Evaluation-of-Live-Migration-Strategies-at-the-Edge/Game-of-life-migration/scripts/orchestrators/criu_benchmark.py cold --source edge-node-1 --dest edge-node-2 --transfer-mode host --run-id 01-05-2026-host-cold-0009 --relay-node edge-host-1 --profile-name 1_WiFi_6
[03:28:39] Starting cold migration...
[03:28:39] Source: edge-node-1, Dest: edge-node-2
[03:28:39] Transfer mode: host
[03:28:39] Relay node: edge-host-1

[03:28:39] === COLD MIGRATION ===
[03:28:39] Step 1: Checking source process...
[03:28:40]   Using PID from /home/ubuntu/gol.pid: 15013
[03:28:40]   Architecture: x86_64 (compatible)
[03:28:40] Step 2: Dumping process with CRIU...
[03:28:41]   Checkpoint time: 329 ms
[03:28:41] Step 3: Creating archive...
[03:28:41]   Archive size: 25415 bytes
[03:28:41] Step 4: Transferring archive...
  Transferring /home/ubuntu/CRIU-gol.tar.gz via relay node edge-host-1...
Setting up SSH trust: edge-node-1 → ubuntu@10.138.215.36
  Adding public key to destination's authorized_keys...
  Testing SSH connectivity...
  ✓ SSH trust ready
Setting up SSH trust: edge-host-1 → ubuntu@10.138.215.137
  Adding public key to destination's authorized_keys...
  Testing SSH connectivity...
  ✓ SSH trust ready
[03:28:48]   Transfer time: 7067 ms
[03:28:48] Step 5: Unpacking on destination...
[03:28:49] Step 6: Preparing restore environment...
[03:28:49] Step 6.5: Ensuring /tmp/gol binary is present on destination...
[03:28:50] Step 7: Restoring process...
[03:28:50]   Restore time: 318 ms
[03:28:50]   Restored PID: 15013 (written to /home/ubuntu/gol.pid)
[03:28:50] Step 8: Verifying migration...
[03:28:56] ✓ gol.out updated after migration (mtime 1777598933 → 1777598935), simulation running!
[03:28:56] Total downtime: 7714 ms
[03:28:56] Effective bandwidth: 0.03 Mbps
[03:28:56] Metrics saved to /home/ivo/Evaluation-of-Live-Migration-Strategies-at-the-Edge/Game-of-life-migration/metrics/migration_metrics.csv
[exit=0]

$ python3 /home/ivo/Evaluation-of-Live-Migration-Strategies-at-the-Edge/Game-of-life-migration/scripts/setup/reset_nodes.py edge-node-1 edge-node-2
[03:28:56] Resetting nodes: edge-node-1 -> edge-node-2
[03:28:56] Step 1: Killing any existing processes on source...
[03:28:56]   Killing PID 15013 (from /home/ubuntu/app.pid)
[03:28:58]   Killing PID 15013 (from /home/ubuntu/gol.pid)
[03:28:58]   Killing any remaining background processes...
[03:29:00] Step 2: Cleaning source node...
[03:29:01] Step 3: Cleaning destination node...
[03:29:01]   Killing PID 15013 on destination (from /home/ubuntu/app.pid)
[03:29:02]   Killing PID 15013 on destination (from /home/ubuntu/gol.pid)
[03:29:03]   Killing all remaining gol processes on destination...
[03:29:06] ✓ Reset complete, nodes are clean
[03:29:06]   Next: Start your application
[exit=0]

$ bash /home/ivo/Evaluation-of-Live-Migration-Strategies-at-the-Edge/Game-of-life-migration/scripts/workloads/start_gol_c.sh edge-node-1
[03:29:06] Ensuring gol binary on edge-node-1...
[03:29:06] Reusing existing /tmp/gol on edge-node-1
[03:29:06] Starting gol on edge-node-1...
[03:29:07] ✓ Gol started
[exit=0]
[repeat] warmup 2s

$ python3 /home/ivo/Evaluation-of-Live-Migration-Strategies-at-the-Edge/Game-of-life-migration/scripts/orchestrators/criu_benchmark.py cold --source edge-node-1 --dest edge-node-2 --transfer-mode direct --run-id 01-05-2026-direct-cold-0000 --profile-name 1_WiFi_6
[03:29:10] Starting cold migration...
[03:29:10] Source: edge-node-1, Dest: edge-node-2
[03:29:10] Transfer mode: direct

[03:29:10] === COLD MIGRATION ===
[03:29:10] Step 1: Checking source process...
[03:29:10]   Using PID from /home/ubuntu/gol.pid: 16375
[03:29:11]   Architecture: x86_64 (compatible)
[03:29:11] Step 2: Dumping process with CRIU...
[03:29:11]   Checkpoint time: 357 ms
[03:29:11] Step 3: Creating archive...
[03:29:12]   Archive size: 25523 bytes
[03:29:12] Step 4: Transferring archive...
[03:29:12]   Setting up direct SSH trust...
Setting up SSH trust: edge-node-1 → ubuntu@10.138.215.137
  Adding public key to destination's authorized_keys...
  Testing SSH connectivity...
  ✓ SSH trust ready
Setting up SSH trust: edge-node-1 → ubuntu@10.138.215.137
  Adding public key to destination's authorized_keys...
  Testing SSH connectivity...
  ✓ SSH trust ready
  Transferring /home/ubuntu/CRIU-gol.tar.gz via SCP...
[03:29:17]   Transfer time: 3146 ms
[03:29:17] Step 5: Unpacking on destination...
[03:29:17] Step 6: Preparing restore environment...
[03:29:18] Step 6.5: Ensuring /tmp/gol binary is present on destination...
[03:29:18] Step 7: Restoring process...
[03:29:18]   Restore time: 299 ms
[03:29:19]   Restored PID: 16375 (written to /home/ubuntu/gol.pid)
[03:29:19] Step 8: Verifying migration...
[03:29:24] ✓ gol.out updated after migration (mtime 1777598961 → 1777598963), simulation running!
[03:29:24] Total downtime: 3802 ms
[03:29:24] Effective bandwidth: 0.06 Mbps
[03:29:24] Metrics saved to /home/ivo/Evaluation-of-Live-Migration-Strategies-at-the-Edge/Game-of-life-migration/metrics/migration_metrics.csv
[exit=0]

$ python3 /home/ivo/Evaluation-of-Live-Migration-Strategies-at-the-Edge/Game-of-life-migration/scripts/setup/reset_nodes.py edge-node-1 edge-node-2
[03:29:25] Resetting nodes: edge-node-1 -> edge-node-2
[03:29:25] Step 1: Killing any existing processes on source...
[03:29:25]   Killing PID 16375 (from /home/ubuntu/app.pid)
[03:29:26]   Killing PID 16375 (from /home/ubuntu/gol.pid)
[03:29:26]   Killing any remaining background processes...
[03:29:28] Step 2: Cleaning source node...
[03:29:29] Step 3: Cleaning destination node...
[03:29:29]   Killing PID 16375 on destination (from /home/ubuntu/app.pid)
[03:29:30]   Killing PID 16375 on destination (from /home/ubuntu/gol.pid)
[03:29:30]   Killing all remaining gol processes on destination...
[03:29:33] ✓ Reset complete, nodes are clean
[03:29:33]   Next: Start your application
[exit=0]

$ bash /home/ivo/Evaluation-of-Live-Migration-Strategies-at-the-Edge/Game-of-life-migration/scripts/workloads/start_gol_c.sh edge-node-1
[03:29:33] Ensuring gol binary on edge-node-1...
[03:29:34] Reusing existing /tmp/gol on edge-node-1
[03:29:34] Starting gol on edge-node-1...
[03:29:35] ✓ Gol started
[exit=0]
[repeat] warmup 2s

$ python3 /home/ivo/Evaluation-of-Live-Migration-Strategies-at-the-Edge/Game-of-life-migration/scripts/orchestrators/criu_benchmark.py cold --source edge-node-1 --dest edge-node-2 --transfer-mode direct --run-id 01-05-2026-direct-cold-0001 --profile-name 1_WiFi_6
[03:29:37] Starting cold migration...
[03:29:37] Source: edge-node-1, Dest: edge-node-2
[03:29:37] Transfer mode: direct

[03:29:37] === COLD MIGRATION ===
[03:29:37] Step 1: Checking source process...
[03:29:38]   Using PID from /home/ubuntu/gol.pid: 17827
[03:29:39]   Architecture: x86_64 (compatible)
[03:29:39] Step 2: Dumping process with CRIU...
[03:29:39]   Checkpoint time: 325 ms
[03:29:39] Step 3: Creating archive...
[03:29:39]   Archive size: 25177 bytes
[03:29:39] Step 4: Transferring archive...
[03:29:39]   Setting up direct SSH trust...
Setting up SSH trust: edge-node-1 → ubuntu@10.138.215.137
  Adding public key to destination's authorized_keys...
  Testing SSH connectivity...
  ✓ SSH trust ready
Setting up SSH trust: edge-node-1 → ubuntu@10.138.215.137
  Adding public key to destination's authorized_keys...
  Testing SSH connectivity...
  ✓ SSH trust ready
  Transferring /home/ubuntu/CRIU-gol.tar.gz via SCP...
[03:29:44]   Transfer time: 3097 ms
[03:29:44] Step 5: Unpacking on destination...
[03:29:45] Step 6: Preparing restore environment...
[03:29:45] Step 6.5: Ensuring /tmp/gol binary is present on destination...
[03:29:45] Step 7: Restoring process...
[03:29:46]   Restore time: 328 ms
[03:29:46]   Restored PID: 17827 (written to /home/ubuntu/gol.pid)
[03:29:46] Step 8: Verifying migration...
[03:29:52] ✓ gol.out updated after migration (mtime 1777598989 → 1777598991), simulation running!
[03:29:52] Total downtime: 3750 ms
[03:29:52] Effective bandwidth: 0.07 Mbps
[03:29:52] Metrics saved to /home/ivo/Evaluation-of-Live-Migration-Strategies-at-the-Edge/Game-of-life-migration/metrics/migration_metrics.csv
[exit=0]

$ python3 /home/ivo/Evaluation-of-Live-Migration-Strategies-at-the-Edge/Game-of-life-migration/scripts/setup/reset_nodes.py edge-node-1 edge-node-2
[03:29:52] Resetting nodes: edge-node-1 -> edge-node-2
[03:29:52] Step 1: Killing any existing processes on source...
[03:29:52]   Killing PID 17827 (from /home/ubuntu/app.pid)
[03:29:53]   Killing PID 17827 (from /home/ubuntu/gol.pid)
[03:29:54]   Killing any remaining background processes...
[03:29:55] Step 2: Cleaning source node...
[03:29:56] Step 3: Cleaning destination node...
[03:29:56]   Killing PID 17827 on destination (from /home/ubuntu/app.pid)
[03:29:57]   Killing PID 17827 on destination (from /home/ubuntu/gol.pid)
[03:29:57]   Killing all remaining gol processes on destination...
[03:30:01] ✓ Reset complete, nodes are clean
[03:30:01]   Next: Start your application
[exit=0]

$ bash /home/ivo/Evaluation-of-Live-Migration-Strategies-at-the-Edge/Game-of-life-migration/scripts/workloads/start_gol_c.sh edge-node-1
[03:30:01] Ensuring gol binary on edge-node-1...
[03:30:01] Reusing existing /tmp/gol on edge-node-1
[03:30:01] Starting gol on edge-node-1...
[03:30:03] ✓ Gol started
[exit=0]
[repeat] warmup 2s

$ python3 /home/ivo/Evaluation-of-Live-Migration-Strategies-at-the-Edge/Game-of-life-migration/scripts/orchestrators/criu_benchmark.py cold --source edge-node-1 --dest edge-node-2 --transfer-mode direct --run-id 01-05-2026-direct-cold-0002 --profile-name 1_WiFi_6
[03:30:05] Starting cold migration...
[03:30:05] Source: edge-node-1, Dest: edge-node-2
[03:30:05] Transfer mode: direct

[03:30:05] === COLD MIGRATION ===
[03:30:05] Step 1: Checking source process...
[03:30:06]   Using PID from /home/ubuntu/gol.pid: 19291
[03:30:07]   Architecture: x86_64 (compatible)
[03:30:07] Step 2: Dumping process with CRIU...
[03:30:07]   Checkpoint time: 329 ms
[03:30:07] Step 3: Creating archive...
[03:30:07]   Archive size: 25269 bytes
[03:30:07] Step 4: Transferring archive...
[03:30:07]   Setting up direct SSH trust...
Setting up SSH trust: edge-node-1 → ubuntu@10.138.215.137
  Adding public key to destination's authorized_keys...
  Testing SSH connectivity...
  ✓ SSH trust ready
Setting up SSH trust: edge-node-1 → ubuntu@10.138.215.137
  Adding public key to destination's authorized_keys...
  Testing SSH connectivity...
  ✓ SSH trust ready
  Transferring /home/ubuntu/CRIU-gol.tar.gz via SCP...
[03:30:12]   Transfer time: 3093 ms
[03:30:12] Step 5: Unpacking on destination...
[03:30:13] Step 6: Preparing restore environment...
[03:30:13] Step 6.5: Ensuring /tmp/gol binary is present on destination...
[03:30:14] Step 7: Restoring process...
[03:30:14]   Restore time: 304 ms
[03:30:14]   Restored PID: 19291 (written to /home/ubuntu/gol.pid)
[03:30:14] Step 8: Verifying migration...
[03:30:20] ✓ gol.out updated after migration (mtime 1777599017 → 1777599019), simulation running!
[03:30:20] Total downtime: 3726 ms
[03:30:20] Effective bandwidth: 0.07 Mbps
[03:30:20] Metrics saved to /home/ivo/Evaluation-of-Live-Migration-Strategies-at-the-Edge/Game-of-life-migration/metrics/migration_metrics.csv
[exit=0]

$ python3 /home/ivo/Evaluation-of-Live-Migration-Strategies-at-the-Edge/Game-of-life-migration/scripts/setup/reset_nodes.py edge-node-1 edge-node-2
[03:30:20] Resetting nodes: edge-node-1 -> edge-node-2
[03:30:20] Step 1: Killing any existing processes on source...
[03:30:21]   Killing PID 19291 (from /home/ubuntu/app.pid)
[03:30:21]   Killing PID 19291 (from /home/ubuntu/gol.pid)
[03:30:22]   Killing any remaining background processes...
[03:30:23] Step 2: Cleaning source node...
[03:30:24] Step 3: Cleaning destination node...
[03:30:25]   Killing PID 19291 on destination (from /home/ubuntu/app.pid)
[03:30:25]   Killing PID 19291 on destination (from /home/ubuntu/gol.pid)
[03:30:26]   Killing all remaining gol processes on destination...
[03:30:29] ✓ Reset complete, nodes are clean
[03:30:29]   Next: Start your application
[exit=0]

$ bash /home/ivo/Evaluation-of-Live-Migration-Strategies-at-the-Edge/Game-of-life-migration/scripts/workloads/start_gol_c.sh edge-node-1
[03:30:29] Ensuring gol binary on edge-node-1...
[03:30:30] Reusing existing /tmp/gol on edge-node-1
[03:30:30] Starting gol on edge-node-1...
[03:30:31] ✓ Gol started
[exit=0]
[repeat] warmup 2s

$ python3 /home/ivo/Evaluation-of-Live-Migration-Strategies-at-the-Edge/Game-of-life-migration/scripts/orchestrators/criu_benchmark.py cold --source edge-node-1 --dest edge-node-2 --transfer-mode direct --run-id 01-05-2026-direct-cold-0003 --profile-name 1_WiFi_6
[03:30:33] Starting cold migration...
[03:30:33] Source: edge-node-1, Dest: edge-node-2
[03:30:33] Transfer mode: direct

[03:30:33] === COLD MIGRATION ===
[03:30:33] Step 1: Checking source process...
[03:30:34]   Using PID from /home/ubuntu/gol.pid: 20736
[03:30:34]   Architecture: x86_64 (compatible)
[03:30:34] Step 2: Dumping process with CRIU...
[03:30:35]   Checkpoint time: 348 ms
[03:30:35] Step 3: Creating archive...
[03:30:35]   Archive size: 25246 bytes
[03:30:35] Step 4: Transferring archive...
[03:30:35]   Setting up direct SSH trust...
Setting up SSH trust: edge-node-1 → ubuntu@10.138.215.137
  Adding public key to destination's authorized_keys...
  Testing SSH connectivity...
  ✓ SSH trust ready
Setting up SSH trust: edge-node-1 → ubuntu@10.138.215.137
  Adding public key to destination's authorized_keys...
  Testing SSH connectivity...
  ✓ SSH trust ready
  Transferring /home/ubuntu/CRIU-gol.tar.gz via SCP...
[03:30:40]   Transfer time: 3042 ms
[03:30:40] Step 5: Unpacking on destination...
[03:30:41] Step 6: Preparing restore environment...
[03:30:41] Step 6.5: Ensuring /tmp/gol binary is present on destination...
[03:30:41] Step 7: Restoring process...
[03:30:42]   Restore time: 309 ms
[03:30:42]   Restored PID: 20736 (written to /home/ubuntu/gol.pid)
[03:30:42] Step 8: Verifying migration...
[03:30:48] ✓ gol.out updated after migration (mtime 1777599045 → 1777599047), simulation running!
[03:30:48] Total downtime: 3699 ms
[03:30:48] Effective bandwidth: 0.07 Mbps
[03:30:48] Metrics saved to /home/ivo/Evaluation-of-Live-Migration-Strategies-at-the-Edge/Game-of-life-migration/metrics/migration_metrics.csv
[exit=0]

$ python3 /home/ivo/Evaluation-of-Live-Migration-Strategies-at-the-Edge/Game-of-life-migration/scripts/setup/reset_nodes.py edge-node-1 edge-node-2
[03:30:48] Resetting nodes: edge-node-1 -> edge-node-2
[03:30:48] Step 1: Killing any existing processes on source...
[03:30:48]   Killing PID 20736 (from /home/ubuntu/app.pid)
[03:30:49]   Killing PID 20736 (from /home/ubuntu/gol.pid)
[03:30:49]   Killing any remaining background processes...
[03:30:51] Step 2: Cleaning source node...
[03:30:52] Step 3: Cleaning destination node...
[03:30:52]   Killing PID 20736 on destination (from /home/ubuntu/app.pid)
[03:30:53]   Killing PID 20736 on destination (from /home/ubuntu/gol.pid)
[03:30:53]   Killing all remaining gol processes on destination...
[03:30:57] ✓ Reset complete, nodes are clean
[03:30:57]   Next: Start your application
[exit=0]

$ bash /home/ivo/Evaluation-of-Live-Migration-Strategies-at-the-Edge/Game-of-life-migration/scripts/workloads/start_gol_c.sh edge-node-1
[03:30:57] Ensuring gol binary on edge-node-1...
[03:30:57] Reusing existing /tmp/gol on edge-node-1
[03:30:57] Starting gol on edge-node-1...
[03:30:58] ✓ Gol started
[exit=0]
[repeat] warmup 2s

$ python3 /home/ivo/Evaluation-of-Live-Migration-Strategies-at-the-Edge/Game-of-life-migration/scripts/orchestrators/criu_benchmark.py cold --source edge-node-1 --dest edge-node-2 --transfer-mode direct --run-id 01-05-2026-direct-cold-0004 --profile-name 1_WiFi_6
[03:31:01] Starting cold migration...
[03:31:01] Source: edge-node-1, Dest: edge-node-2
[03:31:01] Transfer mode: direct

[03:31:01] === COLD MIGRATION ===
[03:31:01] Step 1: Checking source process...
[03:31:02]   Using PID from /home/ubuntu/gol.pid: 22189
[03:31:02]   Architecture: x86_64 (compatible)
[03:31:02] Step 2: Dumping process with CRIU...
[03:31:03]   Checkpoint time: 283 ms
[03:31:03] Step 3: Creating archive...
[03:31:03]   Archive size: 25458 bytes
[03:31:03] Step 4: Transferring archive...
[03:31:03]   Setting up direct SSH trust...
Setting up SSH trust: edge-node-1 → ubuntu@10.138.215.137
  Adding public key to destination's authorized_keys...
  Testing SSH connectivity...
  ✓ SSH trust ready
Setting up SSH trust: edge-node-1 → ubuntu@10.138.215.137
  Adding public key to destination's authorized_keys...
  Testing SSH connectivity...
  ✓ SSH trust ready
  Transferring /home/ubuntu/CRIU-gol.tar.gz via SCP...
[03:31:09]   Transfer time: 3446 ms
[03:31:09] Step 5: Unpacking on destination...
[03:31:09] Step 6: Preparing restore environment...
[03:31:09] Step 6.5: Ensuring /tmp/gol binary is present on destination...
[03:31:10] Step 7: Restoring process...
[03:31:10]   Restore time: 337 ms
[03:31:10]   Restored PID: 22189 (written to /home/ubuntu/gol.pid)
[03:31:10] Step 8: Verifying migration...
[03:31:16] ✓ gol.out updated after migration (mtime 1777599073 → 1777599075), simulation running!
[03:31:16] Total downtime: 4066 ms
[03:31:16] Effective bandwidth: 0.06 Mbps
[03:31:16] Metrics saved to /home/ivo/Evaluation-of-Live-Migration-Strategies-at-the-Edge/Game-of-life-migration/metrics/migration_metrics.csv
[exit=0]

$ python3 /home/ivo/Evaluation-of-Live-Migration-Strategies-at-the-Edge/Game-of-life-migration/scripts/setup/reset_nodes.py edge-node-1 edge-node-2
[03:31:16] Resetting nodes: edge-node-1 -> edge-node-2
[03:31:16] Step 1: Killing any existing processes on source...
[03:31:17]   Killing PID 22189 (from /home/ubuntu/app.pid)
[03:31:17]   Killing PID 22189 (from /home/ubuntu/gol.pid)
[03:31:18]   Killing any remaining background processes...
[03:31:19] Step 2: Cleaning source node...
[03:31:20] Step 3: Cleaning destination node...
[03:31:21]   Killing PID 22189 on destination (from /home/ubuntu/app.pid)
[03:31:22]   Killing PID 22189 on destination (from /home/ubuntu/gol.pid)
[03:31:22]   Killing all remaining gol processes on destination...
[03:31:25] ✓ Reset complete, nodes are clean
[03:31:25]   Next: Start your application
[exit=0]

$ bash /home/ivo/Evaluation-of-Live-Migration-Strategies-at-the-Edge/Game-of-life-migration/scripts/workloads/start_gol_c.sh edge-node-1
[03:31:25] Ensuring gol binary on edge-node-1...
[03:31:26] Reusing existing /tmp/gol on edge-node-1
[03:31:26] Starting gol on edge-node-1...
[03:31:27] ✓ Gol started
[exit=0]
[repeat] warmup 2s

$ python3 /home/ivo/Evaluation-of-Live-Migration-Strategies-at-the-Edge/Game-of-life-migration/scripts/orchestrators/criu_benchmark.py cold --source edge-node-1 --dest edge-node-2 --transfer-mode direct --run-id 01-05-2026-direct-cold-0005 --profile-name 1_WiFi_6
[03:31:29] Starting cold migration...
[03:31:29] Source: edge-node-1, Dest: edge-node-2
[03:31:29] Transfer mode: direct

[03:31:29] === COLD MIGRATION ===
[03:31:29] Step 1: Checking source process...
[03:31:30]   Using PID from /home/ubuntu/gol.pid: 23651
[03:31:30]   Architecture: x86_64 (compatible)
[03:31:30] Step 2: Dumping process with CRIU...
[03:31:31]   Checkpoint time: 341 ms
[03:31:31] Step 3: Creating archive...
[03:31:31]   Archive size: 25477 bytes
[03:31:31] Step 4: Transferring archive...
[03:31:31]   Setting up direct SSH trust...
Setting up SSH trust: edge-node-1 → ubuntu@10.138.215.137
  Adding public key to destination's authorized_keys...
  Testing SSH connectivity...
  ✓ SSH trust ready
Setting up SSH trust: edge-node-1 → ubuntu@10.138.215.137
  Adding public key to destination's authorized_keys...
  Testing SSH connectivity...
  ✓ SSH trust ready
  Transferring /home/ubuntu/CRIU-gol.tar.gz via SCP...
[03:31:36]   Transfer time: 3109 ms
[03:31:36] Step 5: Unpacking on destination...
[03:31:37] Step 6: Preparing restore environment...
[03:31:37] Step 6.5: Ensuring /tmp/gol binary is present on destination...
[03:31:37] Step 7: Restoring process...
[03:31:38]   Restore time: 336 ms
[03:31:38]   Restored PID: 23651 (written to /home/ubuntu/gol.pid)
[03:31:38] Step 8: Verifying migration...
[03:31:44] ✓ gol.out updated after migration (mtime 1777599101 → 1777599103), simulation running!
[03:31:44] Total downtime: 3786 ms
[03:31:44] Effective bandwidth: 0.07 Mbps
[03:31:44] Metrics saved to /home/ivo/Evaluation-of-Live-Migration-Strategies-at-the-Edge/Game-of-life-migration/metrics/migration_metrics.csv
[exit=0]

$ python3 /home/ivo/Evaluation-of-Live-Migration-Strategies-at-the-Edge/Game-of-life-migration/scripts/setup/reset_nodes.py edge-node-1 edge-node-2
[03:31:44] Resetting nodes: edge-node-1 -> edge-node-2
[03:31:44] Step 1: Killing any existing processes on source...
[03:31:44]   Killing PID 23651 (from /home/ubuntu/app.pid)
[03:31:45]   Killing PID 23651 (from /home/ubuntu/gol.pid)
[03:31:46]   Killing any remaining background processes...
[03:31:47] Step 2: Cleaning source node...
[03:31:48] Step 3: Cleaning destination node...
[03:31:48]   Killing PID 23651 on destination (from /home/ubuntu/app.pid)
[03:31:49]   Killing PID 23651 on destination (from /home/ubuntu/gol.pid)
[03:31:50]   Killing all remaining gol processes on destination...
[03:31:53] ✓ Reset complete, nodes are clean
[03:31:53]   Next: Start your application
[exit=0]

$ bash /home/ivo/Evaluation-of-Live-Migration-Strategies-at-the-Edge/Game-of-life-migration/scripts/workloads/start_gol_c.sh edge-node-1
[03:31:53] Ensuring gol binary on edge-node-1...
[03:31:53] Reusing existing /tmp/gol on edge-node-1
[03:31:53] Starting gol on edge-node-1...
[03:31:54] ✓ Gol started
[exit=0]
[repeat] warmup 2s

$ python3 /home/ivo/Evaluation-of-Live-Migration-Strategies-at-the-Edge/Game-of-life-migration/scripts/orchestrators/criu_benchmark.py cold --source edge-node-1 --dest edge-node-2 --transfer-mode direct --run-id 01-05-2026-direct-cold-0006 --profile-name 1_WiFi_6
[03:31:57] Starting cold migration...
[03:31:57] Source: edge-node-1, Dest: edge-node-2
[03:31:57] Transfer mode: direct

[03:31:57] === COLD MIGRATION ===
[03:31:57] Step 1: Checking source process...
[03:31:57]   Using PID from /home/ubuntu/gol.pid: 25104
[03:31:58]   Architecture: x86_64 (compatible)
[03:31:58] Step 2: Dumping process with CRIU...
[03:31:58]   Checkpoint time: 313 ms
[03:31:58] Step 3: Creating archive...
[03:31:59]   Archive size: 25353 bytes
[03:31:59] Step 4: Transferring archive...
[03:31:59]   Setting up direct SSH trust...
Setting up SSH trust: edge-node-1 → ubuntu@10.138.215.137
  Adding public key to destination's authorized_keys...
  Testing SSH connectivity...
  ✓ SSH trust ready
Setting up SSH trust: edge-node-1 → ubuntu@10.138.215.137
  Adding public key to destination's authorized_keys...
  Testing SSH connectivity...
  ✓ SSH trust ready
  Transferring /home/ubuntu/CRIU-gol.tar.gz via SCP...
[03:32:04]   Transfer time: 3483 ms
[03:32:04] Step 5: Unpacking on destination...
[03:32:05] Step 6: Preparing restore environment...
[03:32:05] Step 6.5: Ensuring /tmp/gol binary is present on destination...
[03:32:06] Step 7: Restoring process...
[03:32:06]   Restore time: 643 ms
[03:32:06]   Restored PID: 25104 (written to /home/ubuntu/gol.pid)
[03:32:06] Step 8: Verifying migration...
[03:32:12] ✓ gol.out updated after migration (mtime 1777599129 → 1777599131), simulation running!
[03:32:12] Total downtime: 4439 ms
[03:32:12] Effective bandwidth: 0.06 Mbps
[03:32:12] Metrics saved to /home/ivo/Evaluation-of-Live-Migration-Strategies-at-the-Edge/Game-of-life-migration/metrics/migration_metrics.csv
[exit=0]

$ python3 /home/ivo/Evaluation-of-Live-Migration-Strategies-at-the-Edge/Game-of-life-migration/scripts/setup/reset_nodes.py edge-node-1 edge-node-2
[03:32:12] Resetting nodes: edge-node-1 -> edge-node-2
[03:32:12] Step 1: Killing any existing processes on source...
[03:32:13]   Killing PID 25104 (from /home/ubuntu/app.pid)
[03:32:13]   Killing PID 25104 (from /home/ubuntu/gol.pid)
[03:32:14]   Killing any remaining background processes...
[03:32:15] Step 2: Cleaning source node...
[03:32:16] Step 3: Cleaning destination node...
[03:32:17]   Killing PID 25104 on destination (from /home/ubuntu/app.pid)
[03:32:17]   Killing PID 25104 on destination (from /home/ubuntu/gol.pid)
[03:32:18]   Killing all remaining gol processes on destination...
[03:32:21] ✓ Reset complete, nodes are clean
[03:32:21]   Next: Start your application
[exit=0]

$ bash /home/ivo/Evaluation-of-Live-Migration-Strategies-at-the-Edge/Game-of-life-migration/scripts/workloads/start_gol_c.sh edge-node-1
[03:32:21] Ensuring gol binary on edge-node-1...
[03:32:21] Reusing existing /tmp/gol on edge-node-1
[03:32:21] Starting gol on edge-node-1...
[03:32:23] ✓ Gol started
[exit=0]
[repeat] warmup 2s

$ python3 /home/ivo/Evaluation-of-Live-Migration-Strategies-at-the-Edge/Game-of-life-migration/scripts/orchestrators/criu_benchmark.py cold --source edge-node-1 --dest edge-node-2 --transfer-mode direct --run-id 01-05-2026-direct-cold-0007 --profile-name 1_WiFi_6
[03:32:25] Starting cold migration...
[03:32:25] Source: edge-node-1, Dest: edge-node-2
[03:32:25] Transfer mode: direct

[03:32:25] === COLD MIGRATION ===
[03:32:25] Step 1: Checking source process...
[03:32:26]   Using PID from /home/ubuntu/gol.pid: 26558
[03:32:26]   Architecture: x86_64 (compatible)
[03:32:26] Step 2: Dumping process with CRIU...
[03:32:27]   Checkpoint time: 324 ms
[03:32:27] Step 3: Creating archive...
[03:32:27]   Archive size: 25375 bytes
[03:32:27] Step 4: Transferring archive...
[03:32:27]   Setting up direct SSH trust...
Setting up SSH trust: edge-node-1 → ubuntu@10.138.215.137
  Adding public key to destination's authorized_keys...
  Testing SSH connectivity...
  ✓ SSH trust ready
Setting up SSH trust: edge-node-1 → ubuntu@10.138.215.137
  Adding public key to destination's authorized_keys...
  Testing SSH connectivity...
  ✓ SSH trust ready
  Transferring /home/ubuntu/CRIU-gol.tar.gz via SCP...
[03:32:32]   Transfer time: 3231 ms
[03:32:32] Step 5: Unpacking on destination...
[03:32:33] Step 6: Preparing restore environment...
[03:32:33] Step 6.5: Ensuring /tmp/gol binary is present on destination...
[03:32:33] Step 7: Restoring process...
[03:32:34]   Restore time: 317 ms
[03:32:34]   Restored PID: 26558 (written to /home/ubuntu/gol.pid)
[03:32:34] Step 8: Verifying migration...
[03:32:40] ✓ gol.out updated after migration (mtime 1777599157 → 1777599159), simulation running!
[03:32:40] Total downtime: 3872 ms
[03:32:40] Effective bandwidth: 0.06 Mbps
[03:32:40] Metrics saved to /home/ivo/Evaluation-of-Live-Migration-Strategies-at-the-Edge/Game-of-life-migration/metrics/migration_metrics.csv
[exit=0]

$ python3 /home/ivo/Evaluation-of-Live-Migration-Strategies-at-the-Edge/Game-of-life-migration/scripts/setup/reset_nodes.py edge-node-1 edge-node-2
[03:32:40] Resetting nodes: edge-node-1 -> edge-node-2
[03:32:40] Step 1: Killing any existing processes on source...
[03:32:40]   Killing PID 26558 (from /home/ubuntu/app.pid)
[03:32:41]   Killing PID 26558 (from /home/ubuntu/gol.pid)
[03:32:42]   Killing any remaining background processes...
[03:32:43] Step 2: Cleaning source node...
[03:32:44] Step 3: Cleaning destination node...
[03:32:44]   Killing PID 26558 on destination (from /home/ubuntu/app.pid)
[03:32:45]   Killing PID 26558 on destination (from /home/ubuntu/gol.pid)
[03:32:46]   Killing all remaining gol processes on destination...
[03:32:49] ✓ Reset complete, nodes are clean
[03:32:49]   Next: Start your application
[exit=0]

$ bash /home/ivo/Evaluation-of-Live-Migration-Strategies-at-the-Edge/Game-of-life-migration/scripts/workloads/start_gol_c.sh edge-node-1
[03:32:49] Ensuring gol binary on edge-node-1...
[03:32:49] Reusing existing /tmp/gol on edge-node-1
[03:32:49] Starting gol on edge-node-1...
[03:32:51] ✓ Gol started
[exit=0]
[repeat] warmup 2s

$ python3 /home/ivo/Evaluation-of-Live-Migration-Strategies-at-the-Edge/Game-of-life-migration/scripts/orchestrators/criu_benchmark.py cold --source edge-node-1 --dest edge-node-2 --transfer-mode direct --run-id 01-05-2026-direct-cold-0008 --profile-name 1_WiFi_6
[03:32:53] Starting cold migration...
[03:32:53] Source: edge-node-1, Dest: edge-node-2
[03:32:53] Transfer mode: direct

[03:32:53] === COLD MIGRATION ===
[03:32:53] Step 1: Checking source process...
[03:32:54]   Using PID from /home/ubuntu/gol.pid: 28014
[03:32:54]   Architecture: x86_64 (compatible)
[03:32:54] Step 2: Dumping process with CRIU...
[03:32:54]   Checkpoint time: 344 ms
[03:32:54] Step 3: Creating archive...
[03:32:55]   Archive size: 25267 bytes
[03:32:55] Step 4: Transferring archive...
[03:32:55]   Setting up direct SSH trust...
Setting up SSH trust: edge-node-1 → ubuntu@10.138.215.137
  Adding public key to destination's authorized_keys...
  Testing SSH connectivity...
  ✓ SSH trust ready
Setting up SSH trust: edge-node-1 → ubuntu@10.138.215.137
  Adding public key to destination's authorized_keys...
  Testing SSH connectivity...
  ✓ SSH trust ready
  Transferring /home/ubuntu/CRIU-gol.tar.gz via SCP...
[03:33:00]   Transfer time: 3216 ms
[03:33:00] Step 5: Unpacking on destination...
[03:33:00] Step 6: Preparing restore environment...
[03:33:01] Step 6.5: Ensuring /tmp/gol binary is present on destination...
[03:33:01] Step 7: Restoring process...
[03:33:02]   Restore time: 300 ms
[03:33:02]   Restored PID: 28014 (written to /home/ubuntu/gol.pid)
[03:33:02] Step 8: Verifying migration...
[03:33:08] ✓ gol.out updated after migration (mtime 1777599185 → 1777599188), simulation running!
[03:33:08] Total downtime: 3860 ms
[03:33:08] Effective bandwidth: 0.06 Mbps
[03:33:08] Metrics saved to /home/ivo/Evaluation-of-Live-Migration-Strategies-at-the-Edge/Game-of-life-migration/metrics/migration_metrics.csv
[exit=0]

$ python3 /home/ivo/Evaluation-of-Live-Migration-Strategies-at-the-Edge/Game-of-life-migration/scripts/setup/reset_nodes.py edge-node-1 edge-node-2
[03:33:09] Resetting nodes: edge-node-1 -> edge-node-2
[03:33:09] Step 1: Killing any existing processes on source...
[03:33:09]   Killing PID 28014 (from /home/ubuntu/app.pid)
[03:33:10]   Killing PID 28014 (from /home/ubuntu/gol.pid)
[03:33:10]   Killing any remaining background processes...
[03:33:12] Step 2: Cleaning source node...
[03:33:13] Step 3: Cleaning destination node...
[03:33:13]   Killing PID 28014 on destination (from /home/ubuntu/app.pid)
[03:33:14]   Killing PID 28014 on destination (from /home/ubuntu/gol.pid)
[03:33:14]   Killing all remaining gol processes on destination...
[03:33:17] ✓ Reset complete, nodes are clean
[03:33:17]   Next: Start your application
[exit=0]

$ bash /home/ivo/Evaluation-of-Live-Migration-Strategies-at-the-Edge/Game-of-life-migration/scripts/workloads/start_gol_c.sh edge-node-1
[03:33:17] Ensuring gol binary on edge-node-1...
[03:33:18] Reusing existing /tmp/gol on edge-node-1
[03:33:18] Starting gol on edge-node-1...
[03:33:19] ✓ Gol started
[exit=0]
[repeat] warmup 2s

$ python3 /home/ivo/Evaluation-of-Live-Migration-Strategies-at-the-Edge/Game-of-life-migration/scripts/orchestrators/criu_benchmark.py cold --source edge-node-1 --dest edge-node-2 --transfer-mode direct --run-id 01-05-2026-direct-cold-0009 --profile-name 1_WiFi_6
[03:33:21] Starting cold migration...
[03:33:21] Source: edge-node-1, Dest: edge-node-2
[03:33:21] Transfer mode: direct

[03:33:21] === COLD MIGRATION ===
[03:33:21] Step 1: Checking source process...
[03:33:22]   Using PID from /home/ubuntu/gol.pid: 29490
[03:33:23]   Architecture: x86_64 (compatible)
[03:33:23] Step 2: Dumping process with CRIU...
[03:33:23]   Checkpoint time: 320 ms
[03:33:23] Step 3: Creating archive...
[03:33:23]   Archive size: 25310 bytes
[03:33:23] Step 4: Transferring archive...
[03:33:23]   Setting up direct SSH trust...
Setting up SSH trust: edge-node-1 → ubuntu@10.138.215.137
  Adding public key to destination's authorized_keys...
  Testing SSH connectivity...
  ✓ SSH trust ready
Setting up SSH trust: edge-node-1 → ubuntu@10.138.215.137
  Adding public key to destination's authorized_keys...
  Testing SSH connectivity...
  ✓ SSH trust ready
  Transferring /home/ubuntu/CRIU-gol.tar.gz via SCP...
[03:33:28]   Transfer time: 3150 ms
[03:33:28] Step 5: Unpacking on destination...
[03:33:29] Step 6: Preparing restore environment...
[03:33:29] Step 6.5: Ensuring /tmp/gol binary is present on destination...
[03:33:30] Step 7: Restoring process...
[03:33:30]   Restore time: 328 ms
[03:33:30]   Restored PID: 29490 (written to /home/ubuntu/gol.pid)
[03:33:30] Step 8: Verifying migration...
[03:33:36] ✓ gol.out updated after migration (mtime 1777599213 → 1777599215), simulation running!
[03:33:36] Total downtime: 3798 ms
[03:33:36] Effective bandwidth: 0.06 Mbps
[03:33:36] Metrics saved to /home/ivo/Evaluation-of-Live-Migration-Strategies-at-the-Edge/Game-of-life-migration/metrics/migration_metrics.csv
[exit=0]

$ python3 /home/ivo/Evaluation-of-Live-Migration-Strategies-at-the-Edge/Game-of-life-migration/scripts/setup/reset_nodes.py edge-node-1 edge-node-2
[03:33:36] Resetting nodes: edge-node-1 -> edge-node-2
[03:33:36] Step 1: Killing any existing processes on source...
[03:33:36]   Killing PID 29490 (from /home/ubuntu/app.pid)
[03:33:37]   Killing PID 29490 (from /home/ubuntu/gol.pid)
[03:33:38]   Killing any remaining background processes...
[03:33:39] Step 2: Cleaning source node...
[03:33:40] Step 3: Cleaning destination node...
[03:33:40]   Killing PID 29490 on destination (from /home/ubuntu/app.pid)
[03:33:41]   Killing PID 29490 on destination (from /home/ubuntu/gol.pid)
[03:33:42]   Killing all remaining gol processes on destination...
[03:33:45] ✓ Reset complete, nodes are clean
[03:33:45]   Next: Start your application
[exit=0]

$ bash /home/ivo/Evaluation-of-Live-Migration-Strategies-at-the-Edge/Game-of-life-migration/scripts/workloads/start_gol_c.sh edge-node-1
[03:33:45] Ensuring gol binary on edge-node-1...
[03:33:45] Reusing existing /tmp/gol on edge-node-1
[03:33:45] Starting gol on edge-node-1...
[03:33:47] ✓ Gol started
[exit=0]
[repeat] warmup 2s

$ python3 /home/ivo/Evaluation-of-Live-Migration-Strategies-at-the-Edge/Game-of-life-migration/scripts/orchestrators/criu_benchmark.py precopy --source edge-node-1 --dest edge-node-2 --transfer-mode host --run-id 01-05-2026-host-precopy-0000 --relay-node edge-host-1 --iterations 3 --profile-name 1_WiFi_6
[03:33:49] Starting precopy migration...
[03:33:49] Source: edge-node-1, Dest: edge-node-2
[03:33:49] Transfer mode: host
[03:33:49] Relay node: edge-host-1

[03:33:49] === PRE-COPY LIVE MIGRATION ===
[03:33:49] Step 1: Checking source process...
[03:33:50]   Using PID from /home/ubuntu/gol.pid: 30966
[03:33:50]   Architecture: x86_64 (compatible)
[03:33:50] Step 2: Preparing dump directory...
[03:33:51] Step 3: Running 3 pre-dumps...
[03:33:51]   Pre-dump 1/3...
[03:33:52]   Pre-dump 2/3...
[03:33:53]   Pre-dump 3/3...
[03:33:55]   Total pre-dump time: 3915 ms
[03:33:55] Step 4: Final dump (freezing service)...
[03:33:55]   Final dump time (freeze duration): 328 ms
[03:33:55] Step 5: Creating archive...
[03:33:55]   Archive size: 32834 bytes
[03:33:55] Step 6: Transferring archive...
  Transferring /tmp/CRIU-gol.tar.gz via relay node edge-host-1...
Setting up SSH trust: edge-node-1 → ubuntu@10.138.215.36
  Adding public key to destination's authorized_keys...
  Testing SSH connectivity...
  ✓ SSH trust ready
Setting up SSH trust: edge-host-1 → ubuntu@10.138.215.137
  Adding public key to destination's authorized_keys...
  Testing SSH connectivity...
  ✓ SSH trust ready
[03:34:03]   Transfer time: 7253 ms
[03:34:03] Step 7: Unpacking on destination...
[03:34:03] Step 7.5: Ensuring gol output file exists on destination...
[03:34:03] Step 7.8: Ensuring /tmp/gol binary is present on destination...
[03:34:03] Step 8: Restoring process...
[03:34:04]   Restore time: 383 ms
[03:34:04]   Restored PID: 30966 (written to /home/ubuntu/gol.pid)
[03:34:04] Step 9: Verifying migration...
[03:34:10] ✓ gol.out updated after migration (mtime 1777599247 → 1777599250), simulation running!
[03:34:10] Total downtime: 7964 ms (final_dump: 328 + transfer: 7253 + restore: 383)
[03:34:10] Pre-dump time (not counted as downtime): 3915 ms
[03:34:10] Effective bandwidth: 0.04 Mbps
[03:34:10] Metrics saved to /home/ivo/Evaluation-of-Live-Migration-Strategies-at-the-Edge/Game-of-life-migration/metrics/migration_metrics.csv
[exit=0]

$ python3 /home/ivo/Evaluation-of-Live-Migration-Strategies-at-the-Edge/Game-of-life-migration/scripts/setup/reset_nodes.py edge-node-1 edge-node-2
[03:34:11] Resetting nodes: edge-node-1 -> edge-node-2
[03:34:11] Step 1: Killing any existing processes on source...
[03:34:11]   Killing PID 30966 (from /home/ubuntu/app.pid)
[03:34:12]   Killing PID 30966 (from /home/ubuntu/gol.pid)
[03:34:12]   Killing any remaining background processes...
[03:34:14] Step 2: Cleaning source node...
[03:34:15] Step 3: Cleaning destination node...
[03:34:15]   Killing PID 30966 on destination (from /home/ubuntu/app.pid)
[03:34:16]   Killing PID 30966 on destination (from /home/ubuntu/gol.pid)
[03:34:16]   Killing all remaining gol processes on destination...
[03:34:20] ✓ Reset complete, nodes are clean
[03:34:20]   Next: Start your application
[exit=0]

$ bash /home/ivo/Evaluation-of-Live-Migration-Strategies-at-the-Edge/Game-of-life-migration/scripts/workloads/start_gol_c.sh edge-node-1
[03:34:20] Ensuring gol binary on edge-node-1...
[03:34:20] Reusing existing /tmp/gol on edge-node-1
[03:34:20] Starting gol on edge-node-1...
[03:34:21] ✓ Gol started
[exit=0]
[repeat] warmup 2s

$ python3 /home/ivo/Evaluation-of-Live-Migration-Strategies-at-the-Edge/Game-of-life-migration/scripts/orchestrators/criu_benchmark.py precopy --source edge-node-1 --dest edge-node-2 --transfer-mode host --run-id 01-05-2026-host-precopy-0001 --relay-node edge-host-1 --iterations 3 --profile-name 1_WiFi_6
[03:34:24] Starting precopy migration...
[03:34:24] Source: edge-node-1, Dest: edge-node-2
[03:34:24] Transfer mode: host
[03:34:24] Relay node: edge-host-1

[03:34:24] === PRE-COPY LIVE MIGRATION ===
[03:34:24] Step 1: Checking source process...
[03:34:24]   Using PID from /home/ubuntu/gol.pid: 32567
[03:34:25]   Architecture: x86_64 (compatible)
[03:34:25] Step 2: Preparing dump directory...
[03:34:25] Step 3: Running 3 pre-dumps...
[03:34:25]   Pre-dump 1/3...
[03:34:27]   Pre-dump 2/3...
[03:34:28]   Pre-dump 3/3...
[03:34:29]   Total pre-dump time: 3951 ms
[03:34:29] Step 4: Final dump (freezing service)...
[03:34:30]   Final dump time (freeze duration): 327 ms
[03:34:30] Step 5: Creating archive...
[03:34:30]   Archive size: 33837 bytes
[03:34:30] Step 6: Transferring archive...
  Transferring /tmp/CRIU-gol.tar.gz via relay node edge-host-1...
Setting up SSH trust: edge-node-1 → ubuntu@10.138.215.36
  Adding public key to destination's authorized_keys...
  Testing SSH connectivity...
  ✓ SSH trust ready
Setting up SSH trust: edge-host-1 → ubuntu@10.138.215.137
  Adding public key to destination's authorized_keys...
  Testing SSH connectivity...
  ✓ SSH trust ready
[03:34:37]   Transfer time: 6976 ms
[03:34:37] Step 7: Unpacking on destination...
[03:34:37] Step 7.5: Ensuring gol output file exists on destination...
[03:34:38] Step 7.8: Ensuring /tmp/gol binary is present on destination...
[03:34:38] Step 8: Restoring process...
[03:34:38]   Restore time: 328 ms
[03:34:39]   Restored PID: 32567 (written to /home/ubuntu/gol.pid)
[03:34:39] Step 9: Verifying migration...
[03:34:44] ✓ gol.out updated after migration (mtime 1777599281 → 1777599283), simulation running!
[03:34:44] Total downtime: 7631 ms (final_dump: 327 + transfer: 6976 + restore: 328)
[03:34:44] Pre-dump time (not counted as downtime): 3951 ms
[03:34:44] Effective bandwidth: 0.04 Mbps
[03:34:44] Metrics saved to /home/ivo/Evaluation-of-Live-Migration-Strategies-at-the-Edge/Game-of-life-migration/metrics/migration_metrics.csv
[exit=0]

$ python3 /home/ivo/Evaluation-of-Live-Migration-Strategies-at-the-Edge/Game-of-life-migration/scripts/setup/reset_nodes.py edge-node-1 edge-node-2
[03:34:44] Resetting nodes: edge-node-1 -> edge-node-2
[03:34:44] Step 1: Killing any existing processes on source...
[03:34:45]   Killing PID 32567 (from /home/ubuntu/app.pid)
[03:34:45]   Killing PID 32567 (from /home/ubuntu/gol.pid)
[03:34:46]   Killing any remaining background processes...
[03:34:47] Step 2: Cleaning source node...
[03:34:48] Step 3: Cleaning destination node...
[03:34:49]   Killing PID 32567 on destination (from /home/ubuntu/app.pid)
[03:34:49]   Killing PID 32567 on destination (from /home/ubuntu/gol.pid)
[03:34:50]   Killing all remaining gol processes on destination...
[03:34:53] ✓ Reset complete, nodes are clean
[03:34:53]   Next: Start your application
[exit=0]

$ bash /home/ivo/Evaluation-of-Live-Migration-Strategies-at-the-Edge/Game-of-life-migration/scripts/workloads/start_gol_c.sh edge-node-1
[03:34:53] Ensuring gol binary on edge-node-1...
[03:34:53] Reusing existing /tmp/gol on edge-node-1
[03:34:54] Starting gol on edge-node-1...
[03:34:55] ✓ Gol started
[exit=0]
[repeat] warmup 2s

$ python3 /home/ivo/Evaluation-of-Live-Migration-Strategies-at-the-Edge/Game-of-life-migration/scripts/orchestrators/criu_benchmark.py precopy --source edge-node-1 --dest edge-node-2 --transfer-mode host --run-id 01-05-2026-host-precopy-0002 --relay-node edge-host-1 --iterations 3 --profile-name 1_WiFi_6
[03:34:57] Starting precopy migration...
[03:34:57] Source: edge-node-1, Dest: edge-node-2
[03:34:57] Transfer mode: host
[03:34:57] Relay node: edge-host-1

[03:34:57] === PRE-COPY LIVE MIGRATION ===
[03:34:57] Step 1: Checking source process...
[03:34:58]   Using PID from /home/ubuntu/gol.pid: 34157
[03:34:58]   Architecture: x86_64 (compatible)
[03:34:58] Step 2: Preparing dump directory...
[03:34:59] Step 3: Running 3 pre-dumps...
[03:34:59]   Pre-dump 1/3...
[03:35:00]   Pre-dump 2/3...
[03:35:01]   Pre-dump 3/3...
[03:35:03]   Total pre-dump time: 3930 ms
[03:35:03] Step 4: Final dump (freezing service)...
[03:35:03]   Final dump time (freeze duration): 303 ms
[03:35:03] Step 5: Creating archive...
[03:35:03]   Archive size: 33219 bytes
[03:35:03] Step 6: Transferring archive...
  Transferring /tmp/CRIU-gol.tar.gz via relay node edge-host-1...
Setting up SSH trust: edge-node-1 → ubuntu@10.138.215.36
  Adding public key to destination's authorized_keys...
  Testing SSH connectivity...
  ✓ SSH trust ready
Setting up SSH trust: edge-host-1 → ubuntu@10.138.215.137
  Adding public key to destination's authorized_keys...
  Testing SSH connectivity...
  ✓ SSH trust ready
[03:35:11]   Transfer time: 7739 ms
[03:35:11] Step 7: Unpacking on destination...
[03:35:12] Step 7.5: Ensuring gol output file exists on destination...
[03:35:12] Step 7.8: Ensuring /tmp/gol binary is present on destination...
[03:35:12] Step 8: Restoring process...
[03:35:12]   Restore time: 289 ms
[03:35:13]   Restored PID: 34157 (written to /home/ubuntu/gol.pid)
[03:35:13] Step 9: Verifying migration...
[03:35:18] ✓ gol.out updated after migration (mtime 1777599315 → 1777599317), simulation running!
[03:35:18] Total downtime: 8331 ms (final_dump: 303 + transfer: 7739 + restore: 289)
[03:35:18] Pre-dump time (not counted as downtime): 3930 ms
[03:35:18] Effective bandwidth: 0.03 Mbps
[03:35:18] Metrics saved to /home/ivo/Evaluation-of-Live-Migration-Strategies-at-the-Edge/Game-of-life-migration/metrics/migration_metrics.csv
[exit=0]

$ python3 /home/ivo/Evaluation-of-Live-Migration-Strategies-at-the-Edge/Game-of-life-migration/scripts/setup/reset_nodes.py edge-node-1 edge-node-2
[03:35:19] Resetting nodes: edge-node-1 -> edge-node-2
[03:35:19] Step 1: Killing any existing processes on source...
[03:35:19]   Killing PID 34157 (from /home/ubuntu/app.pid)
[03:35:20]   Killing PID 34157 (from /home/ubuntu/gol.pid)
[03:35:20]   Killing any remaining background processes...
[03:35:22] Step 2: Cleaning source node...
[03:35:23] Step 3: Cleaning destination node...
[03:35:23]   Killing PID 34157 on destination (from /home/ubuntu/app.pid)
[03:35:24]   Killing PID 34157 on destination (from /home/ubuntu/gol.pid)
[03:35:24]   Killing all remaining gol processes on destination...
[03:35:28] ✓ Reset complete, nodes are clean
[03:35:28]   Next: Start your application
[exit=0]

$ bash /home/ivo/Evaluation-of-Live-Migration-Strategies-at-the-Edge/Game-of-life-migration/scripts/workloads/start_gol_c.sh edge-node-1
[03:35:28] Ensuring gol binary on edge-node-1...
[03:35:28] Reusing existing /tmp/gol on edge-node-1
[03:35:28] Starting gol on edge-node-1...
[03:35:29] ✓ Gol started
[exit=0]
[repeat] warmup 2s

$ python3 /home/ivo/Evaluation-of-Live-Migration-Strategies-at-the-Edge/Game-of-life-migration/scripts/orchestrators/criu_benchmark.py precopy --source edge-node-1 --dest edge-node-2 --transfer-mode host --run-id 01-05-2026-host-precopy-0003 --relay-node edge-host-1 --iterations 3 --profile-name 1_WiFi_6
[03:35:32] Starting precopy migration...
[03:35:32] Source: edge-node-1, Dest: edge-node-2
[03:35:32] Transfer mode: host
[03:35:32] Relay node: edge-host-1

[03:35:32] === PRE-COPY LIVE MIGRATION ===
[03:35:32] Step 1: Checking source process...
[03:35:33]   Using PID from /home/ubuntu/gol.pid: 35768
[03:35:33]   Architecture: x86_64 (compatible)
[03:35:33] Step 2: Preparing dump directory...
[03:35:33] Step 3: Running 3 pre-dumps...
[03:35:33]   Pre-dump 1/3...
[03:35:35]   Pre-dump 2/3...
[03:35:36]   Pre-dump 3/3...
[03:35:37]   Total pre-dump time: 4001 ms
[03:35:37] Step 4: Final dump (freezing service)...
[03:35:38]   Final dump time (freeze duration): 337 ms
[03:35:38] Step 5: Creating archive...
[03:35:38]   Archive size: 33220 bytes
[03:35:38] Step 6: Transferring archive...
  Transferring /tmp/CRIU-gol.tar.gz via relay node edge-host-1...
Setting up SSH trust: edge-node-1 → ubuntu@10.138.215.36
  Adding public key to destination's authorized_keys...
  Testing SSH connectivity...
  ✓ SSH trust ready
Setting up SSH trust: edge-host-1 → ubuntu@10.138.215.137
  Adding public key to destination's authorized_keys...
  Testing SSH connectivity...
  ✓ SSH trust ready
[03:35:45]   Transfer time: 7006 ms
[03:35:45] Step 7: Unpacking on destination...
[03:35:46] Step 7.5: Ensuring gol output file exists on destination...
[03:35:46] Step 7.8: Ensuring /tmp/gol binary is present on destination...
[03:35:46] Step 8: Restoring process...
[03:35:46]   Restore time: 326 ms
[03:35:47]   Restored PID: 35768 (written to /home/ubuntu/gol.pid)
[03:35:47] Step 9: Verifying migration...
[03:35:52] ✓ gol.out updated after migration (mtime 1777599349 → 1777599351), simulation running!
[03:35:52] Total downtime: 7669 ms (final_dump: 337 + transfer: 7006 + restore: 326)
[03:35:52] Pre-dump time (not counted as downtime): 4001 ms
[03:35:52] Effective bandwidth: 0.04 Mbps
[03:35:52] Metrics saved to /home/ivo/Evaluation-of-Live-Migration-Strategies-at-the-Edge/Game-of-life-migration/metrics/migration_metrics.csv
[exit=0]

$ python3 /home/ivo/Evaluation-of-Live-Migration-Strategies-at-the-Edge/Game-of-life-migration/scripts/setup/reset_nodes.py edge-node-1 edge-node-2
[03:35:53] Resetting nodes: edge-node-1 -> edge-node-2
[03:35:53] Step 1: Killing any existing processes on source...
[03:35:53]   Killing PID 35768 (from /home/ubuntu/app.pid)
[03:35:54]   Killing PID 35768 (from /home/ubuntu/gol.pid)
[03:35:54]   Killing any remaining background processes...
[03:35:56] Step 2: Cleaning source node...
[03:35:57] Step 3: Cleaning destination node...
[03:35:57]   Killing PID 35768 on destination (from /home/ubuntu/app.pid)
[03:35:58]   Killing PID 35768 on destination (from /home/ubuntu/gol.pid)
[03:35:58]   Killing all remaining gol processes on destination...
[03:36:02] ✓ Reset complete, nodes are clean
[03:36:02]   Next: Start your application
[exit=0]

$ bash /home/ivo/Evaluation-of-Live-Migration-Strategies-at-the-Edge/Game-of-life-migration/scripts/workloads/start_gol_c.sh edge-node-1
[03:36:02] Ensuring gol binary on edge-node-1...
[03:36:02] Reusing existing /tmp/gol on edge-node-1
[03:36:02] Starting gol on edge-node-1...
[03:36:03] ✓ Gol started
[exit=0]
[repeat] warmup 2s

$ python3 /home/ivo/Evaluation-of-Live-Migration-Strategies-at-the-Edge/Game-of-life-migration/scripts/orchestrators/criu_benchmark.py precopy --source edge-node-1 --dest edge-node-2 --transfer-mode host --run-id 01-05-2026-host-precopy-0004 --relay-node edge-host-1 --iterations 3 --profile-name 1_WiFi_6
[03:36:06] Starting precopy migration...
[03:36:06] Source: edge-node-1, Dest: edge-node-2
[03:36:06] Transfer mode: host
[03:36:06] Relay node: edge-host-1

[03:36:06] === PRE-COPY LIVE MIGRATION ===
[03:36:06] Step 1: Checking source process...
[03:36:06]   Using PID from /home/ubuntu/gol.pid: 37359
[03:36:07]   Architecture: x86_64 (compatible)
[03:36:07] Step 2: Preparing dump directory...
[03:36:07] Step 3: Running 3 pre-dumps...
[03:36:07]   Pre-dump 1/3...
[03:36:08]   Pre-dump 2/3...
[03:36:10]   Pre-dump 3/3...
[03:36:11]   Total pre-dump time: 3915 ms
[03:36:11] Step 4: Final dump (freezing service)...
[03:36:11]   Final dump time (freeze duration): 285 ms
[03:36:11] Step 5: Creating archive...
[03:36:12]   Archive size: 33204 bytes
[03:36:12] Step 6: Transferring archive...
  Transferring /tmp/CRIU-gol.tar.gz via relay node edge-host-1...
Setting up SSH trust: edge-node-1 → ubuntu@10.138.215.36
  Adding public key to destination's authorized_keys...
  Testing SSH connectivity...
  ✓ SSH trust ready
Setting up SSH trust: edge-host-1 → ubuntu@10.138.215.137
  Adding public key to destination's authorized_keys...
  Testing SSH connectivity...
  ✓ SSH trust ready
[03:36:19]   Transfer time: 7553 ms
[03:36:19] Step 7: Unpacking on destination...
[03:36:20] Step 7.5: Ensuring gol output file exists on destination...
[03:36:20] Step 7.8: Ensuring /tmp/gol binary is present on destination...
[03:36:20] Step 8: Restoring process...
[03:36:21]   Restore time: 313 ms
[03:36:21]   Restored PID: 37359 (written to /home/ubuntu/gol.pid)
[03:36:21] Step 9: Verifying migration...
[03:36:26] ✓ gol.out updated after migration (mtime 1777599384 → 1777599386), simulation running!
[03:36:26] Total downtime: 8151 ms (final_dump: 285 + transfer: 7553 + restore: 313)
[03:36:26] Pre-dump time (not counted as downtime): 3915 ms
[03:36:26] Effective bandwidth: 0.04 Mbps
[03:36:26] Metrics saved to /home/ivo/Evaluation-of-Live-Migration-Strategies-at-the-Edge/Game-of-life-migration/metrics/migration_metrics.csv
[exit=0]

$ python3 /home/ivo/Evaluation-of-Live-Migration-Strategies-at-the-Edge/Game-of-life-migration/scripts/setup/reset_nodes.py edge-node-1 edge-node-2
[03:36:27] Resetting nodes: edge-node-1 -> edge-node-2
[03:36:27] Step 1: Killing any existing processes on source...
[03:36:27]   Killing PID 37359 (from /home/ubuntu/app.pid)
[03:36:28]   Killing PID 37359 (from /home/ubuntu/gol.pid)
[03:36:29]   Killing any remaining background processes...
[03:36:30] Step 2: Cleaning source node...
[03:36:31] Step 3: Cleaning destination node...
[03:36:32]   Killing PID 37359 on destination (from /home/ubuntu/app.pid)
[03:36:32]   Killing PID 37359 on destination (from /home/ubuntu/gol.pid)
[03:36:33]   Killing all remaining gol processes on destination...
[03:36:36] ✓ Reset complete, nodes are clean
[03:36:36]   Next: Start your application
[exit=0]

$ bash /home/ivo/Evaluation-of-Live-Migration-Strategies-at-the-Edge/Game-of-life-migration/scripts/workloads/start_gol_c.sh edge-node-1
[03:36:36] Ensuring gol binary on edge-node-1...
[03:36:36] Reusing existing /tmp/gol on edge-node-1
[03:36:36] Starting gol on edge-node-1...
[03:36:38] ✓ Gol started
[exit=0]
[repeat] warmup 2s

$ python3 /home/ivo/Evaluation-of-Live-Migration-Strategies-at-the-Edge/Game-of-life-migration/scripts/orchestrators/criu_benchmark.py precopy --source edge-node-1 --dest edge-node-2 --transfer-mode host --run-id 01-05-2026-host-precopy-0005 --relay-node edge-host-1 --iterations 3 --profile-name 1_WiFi_6
[03:36:40] Starting precopy migration...
[03:36:40] Source: edge-node-1, Dest: edge-node-2
[03:36:40] Transfer mode: host
[03:36:40] Relay node: edge-host-1

[03:36:40] === PRE-COPY LIVE MIGRATION ===
[03:36:40] Step 1: Checking source process...
[03:36:41]   Using PID from /home/ubuntu/gol.pid: 38959
[03:36:41]   Architecture: x86_64 (compatible)
[03:36:41] Step 2: Preparing dump directory...
[03:36:42] Step 3: Running 3 pre-dumps...
[03:36:42]   Pre-dump 1/3...
[03:36:43]   Pre-dump 2/3...
[03:36:44]   Pre-dump 3/3...
[03:36:46]   Total pre-dump time: 3880 ms
[03:36:46] Step 4: Final dump (freezing service)...
[03:36:46]   Final dump time (freeze duration): 301 ms
[03:36:46] Step 5: Creating archive...
[03:36:46]   Archive size: 33952 bytes
[03:36:46] Step 6: Transferring archive...
  Transferring /tmp/CRIU-gol.tar.gz via relay node edge-host-1...
Setting up SSH trust: edge-node-1 → ubuntu@10.138.215.36
  Adding public key to destination's authorized_keys...
  Testing SSH connectivity...
  ✓ SSH trust ready
Setting up SSH trust: edge-host-1 → ubuntu@10.138.215.137
  Adding public key to destination's authorized_keys...
  Testing SSH connectivity...
  ✓ SSH trust ready
[03:36:53]   Transfer time: 7078 ms
[03:36:53] Step 7: Unpacking on destination...
[03:36:54] Step 7.5: Ensuring gol output file exists on destination...
[03:36:54] Step 7.8: Ensuring /tmp/gol binary is present on destination...
[03:36:54] Step 8: Restoring process...
[03:36:55]   Restore time: 297 ms
[03:36:55]   Restored PID: 38959 (written to /home/ubuntu/gol.pid)
[03:36:55] Step 9: Verifying migration...
[03:37:01] ✓ gol.out updated after migration (mtime 1777599418 → 1777599420), simulation running!
[03:37:01] Total downtime: 7676 ms (final_dump: 301 + transfer: 7078 + restore: 297)
[03:37:01] Pre-dump time (not counted as downtime): 3880 ms
[03:37:01] Effective bandwidth: 0.04 Mbps
[03:37:01] Metrics saved to /home/ivo/Evaluation-of-Live-Migration-Strategies-at-the-Edge/Game-of-life-migration/metrics/migration_metrics.csv
[exit=0]

$ python3 /home/ivo/Evaluation-of-Live-Migration-Strategies-at-the-Edge/Game-of-life-migration/scripts/setup/reset_nodes.py edge-node-1 edge-node-2
[03:37:01] Resetting nodes: edge-node-1 -> edge-node-2
[03:37:01] Step 1: Killing any existing processes on source...
[03:37:01]   Killing PID 38959 (from /home/ubuntu/app.pid)
[03:37:02]   Killing PID 38959 (from /home/ubuntu/gol.pid)
[03:37:03]   Killing any remaining background processes...
[03:37:04] Step 2: Cleaning source node...
[03:37:05] Step 3: Cleaning destination node...
[03:37:05]   Killing PID 38959 on destination (from /home/ubuntu/app.pid)
[03:37:06]   Killing PID 38959 on destination (from /home/ubuntu/gol.pid)
[03:37:07]   Killing all remaining gol processes on destination...
[03:37:10] ✓ Reset complete, nodes are clean
[03:37:10]   Next: Start your application
[exit=0]

$ bash /home/ivo/Evaluation-of-Live-Migration-Strategies-at-the-Edge/Game-of-life-migration/scripts/workloads/start_gol_c.sh edge-node-1
[03:37:10] Ensuring gol binary on edge-node-1...
[03:37:10] Reusing existing /tmp/gol on edge-node-1
[03:37:10] Starting gol on edge-node-1...
[03:37:12] ✓ Gol started
[exit=0]
[repeat] warmup 2s

$ python3 /home/ivo/Evaluation-of-Live-Migration-Strategies-at-the-Edge/Game-of-life-migration/scripts/orchestrators/criu_benchmark.py precopy --source edge-node-1 --dest edge-node-2 --transfer-mode host --run-id 01-05-2026-host-precopy-0006 --relay-node edge-host-1 --iterations 3 --profile-name 1_WiFi_6
[03:37:14] Starting precopy migration...
[03:37:14] Source: edge-node-1, Dest: edge-node-2
[03:37:14] Transfer mode: host
[03:37:14] Relay node: edge-host-1

[03:37:14] === PRE-COPY LIVE MIGRATION ===
[03:37:14] Step 1: Checking source process...
[03:37:15]   Using PID from /home/ubuntu/gol.pid: 40556
[03:37:15]   Architecture: x86_64 (compatible)
[03:37:15] Step 2: Preparing dump directory...
[03:37:16] Step 3: Running 3 pre-dumps...
[03:37:16]   Pre-dump 1/3...
[03:37:17]   Pre-dump 2/3...
[03:37:18]   Pre-dump 3/3...
[03:37:20]   Total pre-dump time: 3938 ms
[03:37:20] Step 4: Final dump (freezing service)...
[03:37:20]   Final dump time (freeze duration): 318 ms
[03:37:20] Step 5: Creating archive...
[03:37:21]   Archive size: 33677 bytes
[03:37:21] Step 6: Transferring archive...
  Transferring /tmp/CRIU-gol.tar.gz via relay node edge-host-1...
Setting up SSH trust: edge-node-1 → ubuntu@10.138.215.36
  Adding public key to destination's authorized_keys...
  Testing SSH connectivity...
  ✓ SSH trust ready
Setting up SSH trust: edge-host-1 → ubuntu@10.138.215.137
  Adding public key to destination's authorized_keys...
  Testing SSH connectivity...
  ✓ SSH trust ready
[03:37:28]   Transfer time: 7119 ms
[03:37:28] Step 7: Unpacking on destination...
[03:37:28] Step 7.5: Ensuring gol output file exists on destination...
[03:37:28] Step 7.8: Ensuring /tmp/gol binary is present on destination...
[03:37:29] Step 8: Restoring process...
[03:37:29]   Restore time: 319 ms
[03:37:29]   Restored PID: 40556 (written to /home/ubuntu/gol.pid)
[03:37:29] Step 9: Verifying migration...
[03:37:35] ✓ gol.out updated after migration (mtime 1777599452 → 1777599454), simulation running!
[03:37:35] Total downtime: 7756 ms (final_dump: 318 + transfer: 7119 + restore: 319)
[03:37:35] Pre-dump time (not counted as downtime): 3938 ms
[03:37:35] Effective bandwidth: 0.04 Mbps
[03:37:35] Metrics saved to /home/ivo/Evaluation-of-Live-Migration-Strategies-at-the-Edge/Game-of-life-migration/metrics/migration_metrics.csv
[exit=0]

$ python3 /home/ivo/Evaluation-of-Live-Migration-Strategies-at-the-Edge/Game-of-life-migration/scripts/setup/reset_nodes.py edge-node-1 edge-node-2
[03:37:36] Resetting nodes: edge-node-1 -> edge-node-2
[03:37:36] Step 1: Killing any existing processes on source...
[03:37:36]   Killing PID 40556 (from /home/ubuntu/app.pid)
[03:37:37]   Killing PID 40556 (from /home/ubuntu/gol.pid)
[03:37:37]   Killing any remaining background processes...
[03:37:39] Step 2: Cleaning source node...
[03:37:40] Step 3: Cleaning destination node...
[03:37:40]   Killing PID 40556 on destination (from /home/ubuntu/app.pid)
[03:37:41]   Killing PID 40556 on destination (from /home/ubuntu/gol.pid)
[03:37:41]   Killing all remaining gol processes on destination...
[03:37:45] ✓ Reset complete, nodes are clean
[03:37:45]   Next: Start your application
[exit=0]

$ bash /home/ivo/Evaluation-of-Live-Migration-Strategies-at-the-Edge/Game-of-life-migration/scripts/workloads/start_gol_c.sh edge-node-1
[03:37:45] Ensuring gol binary on edge-node-1...
[03:37:45] Reusing existing /tmp/gol on edge-node-1
[03:37:45] Starting gol on edge-node-1...
[03:37:46] ✓ Gol started
[exit=0]
[repeat] warmup 2s

$ python3 /home/ivo/Evaluation-of-Live-Migration-Strategies-at-the-Edge/Game-of-life-migration/scripts/orchestrators/criu_benchmark.py precopy --source edge-node-1 --dest edge-node-2 --transfer-mode host --run-id 01-05-2026-host-precopy-0007 --relay-node edge-host-1 --iterations 3 --profile-name 1_WiFi_6
[03:37:49] Starting precopy migration...
[03:37:49] Source: edge-node-1, Dest: edge-node-2
[03:37:49] Transfer mode: host
[03:37:49] Relay node: edge-host-1

[03:37:49] === PRE-COPY LIVE MIGRATION ===
[03:37:49] Step 1: Checking source process...
[03:37:49]   Using PID from /home/ubuntu/gol.pid: 42415
[03:37:50]   Architecture: x86_64 (compatible)
[03:37:50] Step 2: Preparing dump directory...
[03:37:50] Step 3: Running 3 pre-dumps...
[03:37:50]   Pre-dump 1/3...
[03:37:51]   Pre-dump 2/3...
[03:37:53]   Pre-dump 3/3...
[03:37:54]   Total pre-dump time: 3916 ms
[03:37:54] Step 4: Final dump (freezing service)...
[03:37:54]   Final dump time (freeze duration): 290 ms
[03:37:54] Step 5: Creating archive...
[03:37:55]   Archive size: 33728 bytes
[03:37:55] Step 6: Transferring archive...
  Transferring /tmp/CRIU-gol.tar.gz via relay node edge-host-1...
Setting up SSH trust: edge-node-1 → ubuntu@10.138.215.36
  Adding public key to destination's authorized_keys...
  Testing SSH connectivity...
  ✓ SSH trust ready
Setting up SSH trust: edge-host-1 → ubuntu@10.138.215.137
  Adding public key to destination's authorized_keys...
  Testing SSH connectivity...
  ✓ SSH trust ready
[03:38:02]   Transfer time: 7128 ms
[03:38:02] Step 7: Unpacking on destination...
[03:38:02] Step 7.5: Ensuring gol output file exists on destination...
[03:38:03] Step 7.8: Ensuring /tmp/gol binary is present on destination...
[03:38:03] Step 8: Restoring process...
[03:38:03]   Restore time: 406 ms
[03:38:04]   Restored PID: 42415 (written to /home/ubuntu/gol.pid)
[03:38:04] Step 9: Verifying migration...
[03:38:09] ✓ gol.out updated after migration (mtime 1777599486 → 1777599488), simulation running!
[03:38:09] Total downtime: 7824 ms (final_dump: 290 + transfer: 7128 + restore: 406)
[03:38:09] Pre-dump time (not counted as downtime): 3916 ms
[03:38:09] Effective bandwidth: 0.04 Mbps
[03:38:09] Metrics saved to /home/ivo/Evaluation-of-Live-Migration-Strategies-at-the-Edge/Game-of-life-migration/metrics/migration_metrics.csv
[exit=0]

$ python3 /home/ivo/Evaluation-of-Live-Migration-Strategies-at-the-Edge/Game-of-life-migration/scripts/setup/reset_nodes.py edge-node-1 edge-node-2
[03:38:10] Resetting nodes: edge-node-1 -> edge-node-2
[03:38:10] Step 1: Killing any existing processes on source...
[03:38:10]   Killing PID 42415 (from /home/ubuntu/app.pid)
[03:38:11]   Killing PID 42415 (from /home/ubuntu/gol.pid)
[03:38:11]   Killing any remaining background processes...
[03:38:12] Step 2: Cleaning source node...
[03:38:14] Step 3: Cleaning destination node...
[03:38:14]   Killing PID 42415 on destination (from /home/ubuntu/app.pid)
[03:38:15]   Killing PID 42415 on destination (from /home/ubuntu/gol.pid)
[03:38:15]   Killing all remaining gol processes on destination...
[03:38:19] ✓ Reset complete, nodes are clean
[03:38:19]   Next: Start your application
[exit=0]

$ bash /home/ivo/Evaluation-of-Live-Migration-Strategies-at-the-Edge/Game-of-life-migration/scripts/workloads/start_gol_c.sh edge-node-1
[03:38:19] Ensuring gol binary on edge-node-1...
[03:38:19] Reusing existing /tmp/gol on edge-node-1
[03:38:19] Starting gol on edge-node-1...
[03:38:20] ✓ Gol started
[exit=0]
[repeat] warmup 2s

$ python3 /home/ivo/Evaluation-of-Live-Migration-Strategies-at-the-Edge/Game-of-life-migration/scripts/orchestrators/criu_benchmark.py precopy --source edge-node-1 --dest edge-node-2 --transfer-mode host --run-id 01-05-2026-host-precopy-0008 --relay-node edge-host-1 --iterations 3 --profile-name 1_WiFi_6
[03:38:23] Starting precopy migration...
[03:38:23] Source: edge-node-1, Dest: edge-node-2
[03:38:23] Transfer mode: host
[03:38:23] Relay node: edge-host-1

[03:38:23] === PRE-COPY LIVE MIGRATION ===
[03:38:23] Step 1: Checking source process...
[03:38:23]   Using PID from /home/ubuntu/gol.pid: 44008
[03:38:24]   Architecture: x86_64 (compatible)
[03:38:24] Step 2: Preparing dump directory...
[03:38:24] Step 3: Running 3 pre-dumps...
[03:38:24]   Pre-dump 1/3...
[03:38:25]   Pre-dump 2/3...
[03:38:27]   Pre-dump 3/3...
[03:38:28]   Total pre-dump time: 3944 ms
[03:38:28] Step 4: Final dump (freezing service)...
[03:38:28]   Final dump time (freeze duration): 342 ms
[03:38:28] Step 5: Creating archive...
[03:38:29]   Archive size: 33082 bytes
[03:38:29] Step 6: Transferring archive...
  Transferring /tmp/CRIU-gol.tar.gz via relay node edge-host-1...
Setting up SSH trust: edge-node-1 → ubuntu@10.138.215.36
  Adding public key to destination's authorized_keys...
  Testing SSH connectivity...
  ✓ SSH trust ready
Setting up SSH trust: edge-host-1 → ubuntu@10.138.215.137
  Adding public key to destination's authorized_keys...
  Testing SSH connectivity...
  ✓ SSH trust ready
[03:38:36]   Transfer time: 7299 ms
[03:38:36] Step 7: Unpacking on destination...
[03:38:37] Step 7.5: Ensuring gol output file exists on destination...
[03:38:37] Step 7.8: Ensuring /tmp/gol binary is present on destination...
[03:38:37] Step 8: Restoring process...
[03:38:37]   Restore time: 304 ms
[03:38:38]   Restored PID: 44008 (written to /home/ubuntu/gol.pid)
[03:38:38] Step 9: Verifying migration...
[03:38:43] ✓ gol.out updated after migration (mtime 1777599520 → 1777599522), simulation running!
[03:38:43] Total downtime: 7945 ms (final_dump: 342 + transfer: 7299 + restore: 304)
[03:38:43] Pre-dump time (not counted as downtime): 3944 ms
[03:38:43] Effective bandwidth: 0.04 Mbps
[03:38:43] Metrics saved to /home/ivo/Evaluation-of-Live-Migration-Strategies-at-the-Edge/Game-of-life-migration/metrics/migration_metrics.csv
[exit=0]

$ python3 /home/ivo/Evaluation-of-Live-Migration-Strategies-at-the-Edge/Game-of-life-migration/scripts/setup/reset_nodes.py edge-node-1 edge-node-2
[03:38:44] Resetting nodes: edge-node-1 -> edge-node-2
[03:38:44] Step 1: Killing any existing processes on source...
[03:38:44]   Killing PID 44008 (from /home/ubuntu/app.pid)
[03:38:45]   Killing PID 44008 (from /home/ubuntu/gol.pid)
[03:38:45]   Killing any remaining background processes...
[03:38:47] Step 2: Cleaning source node...
[03:38:48] Step 3: Cleaning destination node...
[03:38:48]   Killing PID 44008 on destination (from /home/ubuntu/app.pid)
[03:38:49]   Killing PID 44008 on destination (from /home/ubuntu/gol.pid)
[03:38:49]   Killing all remaining gol processes on destination...
[03:38:53] ✓ Reset complete, nodes are clean
[03:38:53]   Next: Start your application
[exit=0]

$ bash /home/ivo/Evaluation-of-Live-Migration-Strategies-at-the-Edge/Game-of-life-migration/scripts/workloads/start_gol_c.sh edge-node-1
[03:38:53] Ensuring gol binary on edge-node-1...
[03:38:53] Reusing existing /tmp/gol on edge-node-1
[03:38:53] Starting gol on edge-node-1...
[03:38:55] ✓ Gol started
[exit=0]
[repeat] warmup 2s

$ python3 /home/ivo/Evaluation-of-Live-Migration-Strategies-at-the-Edge/Game-of-life-migration/scripts/orchestrators/criu_benchmark.py precopy --source edge-node-1 --dest edge-node-2 --transfer-mode host --run-id 01-05-2026-host-precopy-0009 --relay-node edge-host-1 --iterations 3 --profile-name 1_WiFi_6
[03:38:57] Starting precopy migration...
[03:38:57] Source: edge-node-1, Dest: edge-node-2
[03:38:57] Transfer mode: host
[03:38:57] Relay node: edge-host-1

[03:38:57] === PRE-COPY LIVE MIGRATION ===
[03:38:57] Step 1: Checking source process...
[03:38:58]   Using PID from /home/ubuntu/gol.pid: 45615
[03:38:58]   Architecture: x86_64 (compatible)
[03:38:58] Step 2: Preparing dump directory...
[03:38:59] Step 3: Running 3 pre-dumps...
[03:38:59]   Pre-dump 1/3...
[03:39:00]   Pre-dump 2/3...
[03:39:01]   Pre-dump 3/3...
[03:39:03]   Total pre-dump time: 3999 ms
[03:39:03] Step 4: Final dump (freezing service)...
[03:39:03]   Final dump time (freeze duration): 300 ms
[03:39:03] Step 5: Creating archive...
[03:39:04]   Archive size: 33035 bytes
[03:39:04] Step 6: Transferring archive...
  Transferring /tmp/CRIU-gol.tar.gz via relay node edge-host-1...
Setting up SSH trust: edge-node-1 → ubuntu@10.138.215.36
  Adding public key to destination's authorized_keys...
  Testing SSH connectivity...
  ✓ SSH trust ready
Setting up SSH trust: edge-host-1 → ubuntu@10.138.215.137
  Adding public key to destination's authorized_keys...
  Testing SSH connectivity...
  ✓ SSH trust ready
[03:39:11]   Transfer time: 7045 ms
[03:39:11] Step 7: Unpacking on destination...
[03:39:11] Step 7.5: Ensuring gol output file exists on destination...
[03:39:11] Step 7.8: Ensuring /tmp/gol binary is present on destination...
[03:39:12] Step 8: Restoring process...
[03:39:12]   Restore time: 307 ms
[03:39:12]   Restored PID: 45615 (written to /home/ubuntu/gol.pid)
[03:39:12] Step 9: Verifying migration...
[03:39:18] ✓ gol.out updated after migration (mtime 1777599555 → 1777599558), simulation running!
[03:39:18] Total downtime: 7652 ms (final_dump: 300 + transfer: 7045 + restore: 307)
[03:39:18] Pre-dump time (not counted as downtime): 3999 ms
[03:39:18] Effective bandwidth: 0.04 Mbps
[03:39:18] Metrics saved to /home/ivo/Evaluation-of-Live-Migration-Strategies-at-the-Edge/Game-of-life-migration/metrics/migration_metrics.csv
[exit=0]

$ python3 /home/ivo/Evaluation-of-Live-Migration-Strategies-at-the-Edge/Game-of-life-migration/scripts/setup/reset_nodes.py edge-node-1 edge-node-2
[03:39:19] Resetting nodes: edge-node-1 -> edge-node-2
[03:39:19] Step 1: Killing any existing processes on source...
[03:39:19]   Killing PID 45615 (from /home/ubuntu/app.pid)
[03:39:20]   Killing PID 45615 (from /home/ubuntu/gol.pid)
[03:39:20]   Killing any remaining background processes...
[03:39:22] Step 2: Cleaning source node...
[03:39:23] Step 3: Cleaning destination node...
[03:39:23]   Killing PID 45615 on destination (from /home/ubuntu/app.pid)
[03:39:24]   Killing PID 45615 on destination (from /home/ubuntu/gol.pid)
[03:39:24]   Killing all remaining gol processes on destination...
[03:39:28] ✓ Reset complete, nodes are clean
[03:39:28]   Next: Start your application
[exit=0]

$ bash /home/ivo/Evaluation-of-Live-Migration-Strategies-at-the-Edge/Game-of-life-migration/scripts/workloads/start_gol_c.sh edge-node-1
[03:39:28] Ensuring gol binary on edge-node-1...
[03:39:28] Reusing existing /tmp/gol on edge-node-1
[03:39:28] Starting gol on edge-node-1...
[03:39:29] ✓ Gol started
[exit=0]
[repeat] warmup 2s

$ python3 /home/ivo/Evaluation-of-Live-Migration-Strategies-at-the-Edge/Game-of-life-migration/scripts/orchestrators/criu_benchmark.py precopy --source edge-node-1 --dest edge-node-2 --transfer-mode direct --run-id 01-05-2026-direct-precopy-0000 --iterations 3 --profile-name 1_WiFi_6
[03:39:32] Starting precopy migration...
[03:39:32] Source: edge-node-1, Dest: edge-node-2
[03:39:32] Transfer mode: direct

[03:39:32] === PRE-COPY LIVE MIGRATION ===
[03:39:32] Step 1: Checking source process...
[03:39:32]   Using PID from /home/ubuntu/gol.pid: 47205
[03:39:33]   Architecture: x86_64 (compatible)
[03:39:33] Step 2: Preparing dump directory...
[03:39:33] Step 3: Running 3 pre-dumps...
[03:39:33]   Pre-dump 1/3...
[03:39:34]   Pre-dump 2/3...
[03:39:36]   Pre-dump 3/3...
[03:39:37]   Total pre-dump time: 3941 ms
[03:39:37] Step 4: Final dump (freezing service)...
[03:39:37]   Final dump time (freeze duration): 378 ms
[03:39:37] Step 5: Creating archive...
[03:39:38]   Archive size: 32773 bytes
[03:39:38] Step 6: Transferring archive...
[03:39:38]   Setting up direct SSH trust...
Setting up SSH trust: edge-node-1 → ubuntu@10.138.215.137
  Adding public key to destination's authorized_keys...
  Testing SSH connectivity...
  ✓ SSH trust ready
Setting up SSH trust: edge-node-1 → ubuntu@10.138.215.137
  Adding public key to destination's authorized_keys...
  Testing SSH connectivity...
  ✓ SSH trust ready
  Transferring /tmp/CRIU-gol.tar.gz via SCP...
[03:39:43]   Transfer time: 3007 ms
[03:39:43] Step 7: Unpacking on destination...
[03:39:43] Step 7.5: Ensuring gol output file exists on destination...
[03:39:43] Step 7.8: Ensuring /tmp/gol binary is present on destination...
[03:39:44] Step 8: Restoring process...
[03:39:44]   Restore time: 295 ms
[03:39:44]   Restored PID: 47205 (written to /home/ubuntu/gol.pid)
[03:39:44] Step 9: Verifying migration...
[03:39:50] ✓ gol.out updated after migration (mtime 1777599587 → 1777599589), simulation running!
[03:39:50] Total downtime: 3680 ms (final_dump: 378 + transfer: 3007 + restore: 295)
[03:39:50] Pre-dump time (not counted as downtime): 3941 ms
[03:39:50] Effective bandwidth: 0.09 Mbps
[03:39:50] Metrics saved to /home/ivo/Evaluation-of-Live-Migration-Strategies-at-the-Edge/Game-of-life-migration/metrics/migration_metrics.csv
[exit=0]

$ python3 /home/ivo/Evaluation-of-Live-Migration-Strategies-at-the-Edge/Game-of-life-migration/scripts/setup/reset_nodes.py edge-node-1 edge-node-2
[03:39:51] Resetting nodes: edge-node-1 -> edge-node-2
[03:39:51] Step 1: Killing any existing processes on source...
[03:39:51]   Killing PID 47205 (from /home/ubuntu/app.pid)
[03:39:52]   Killing PID 47205 (from /home/ubuntu/gol.pid)
[03:39:52]   Killing any remaining background processes...
[03:39:53] Step 2: Cleaning source node...
[03:39:55] Step 3: Cleaning destination node...
[03:39:55]   Killing PID 47205 on destination (from /home/ubuntu/app.pid)
[03:39:56]   Killing PID 47205 on destination (from /home/ubuntu/gol.pid)
[03:39:56]   Killing all remaining gol processes on destination...
[03:39:59] ✓ Reset complete, nodes are clean
[03:39:59]   Next: Start your application
[exit=0]

$ bash /home/ivo/Evaluation-of-Live-Migration-Strategies-at-the-Edge/Game-of-life-migration/scripts/workloads/start_gol_c.sh edge-node-1
[03:39:59] Ensuring gol binary on edge-node-1...
[03:40:00] Reusing existing /tmp/gol on edge-node-1
[03:40:00] Starting gol on edge-node-1...
[03:40:01] ✓ Gol started
[exit=0]
[repeat] warmup 2s

$ python3 /home/ivo/Evaluation-of-Live-Migration-Strategies-at-the-Edge/Game-of-life-migration/scripts/orchestrators/criu_benchmark.py precopy --source edge-node-1 --dest edge-node-2 --transfer-mode direct --run-id 01-05-2026-direct-precopy-0001 --iterations 3 --profile-name 1_WiFi_6
[03:40:03] Starting precopy migration...
[03:40:03] Source: edge-node-1, Dest: edge-node-2
[03:40:03] Transfer mode: direct

[03:40:03] === PRE-COPY LIVE MIGRATION ===
[03:40:03] Step 1: Checking source process...
[03:40:04]   Using PID from /home/ubuntu/gol.pid: 48909
[03:40:05]   Architecture: x86_64 (compatible)
[03:40:05] Step 2: Preparing dump directory...
[03:40:05] Step 3: Running 3 pre-dumps...
[03:40:05]   Pre-dump 1/3...
[03:40:06]   Pre-dump 2/3...
[03:40:08]   Pre-dump 3/3...
[03:40:09]   Total pre-dump time: 3978 ms
[03:40:09] Step 4: Final dump (freezing service)...
[03:40:09]   Final dump time (freeze duration): 366 ms
[03:40:09] Step 5: Creating archive...
[03:40:10]   Archive size: 33106 bytes
[03:40:10] Step 6: Transferring archive...
[03:40:10]   Setting up direct SSH trust...
Setting up SSH trust: edge-node-1 → ubuntu@10.138.215.137
  Adding public key to destination's authorized_keys...
  Testing SSH connectivity...
  ✓ SSH trust ready
Setting up SSH trust: edge-node-1 → ubuntu@10.138.215.137
  Adding public key to destination's authorized_keys...
  Testing SSH connectivity...
  ✓ SSH trust ready
  Transferring /tmp/CRIU-gol.tar.gz via SCP...
[03:40:15]   Transfer time: 3039 ms
[03:40:15] Step 7: Unpacking on destination...
[03:40:15] Step 7.5: Ensuring gol output file exists on destination...
[03:40:15] Step 7.8: Ensuring /tmp/gol binary is present on destination...
[03:40:16] Step 8: Restoring process...
[03:40:16]   Restore time: 629 ms
[03:40:17]   Restored PID: 48909 (written to /home/ubuntu/gol.pid)
[03:40:17] Step 9: Verifying migration...
[03:40:22] ✓ gol.out updated after migration (mtime 1777599619 → 1777599621), simulation running!
[03:40:22] Total downtime: 4034 ms (final_dump: 366 + transfer: 3039 + restore: 629)
[03:40:22] Pre-dump time (not counted as downtime): 3978 ms
[03:40:22] Effective bandwidth: 0.09 Mbps
[03:40:22] Metrics saved to /home/ivo/Evaluation-of-Live-Migration-Strategies-at-the-Edge/Game-of-life-migration/metrics/migration_metrics.csv
[exit=0]

$ python3 /home/ivo/Evaluation-of-Live-Migration-Strategies-at-the-Edge/Game-of-life-migration/scripts/setup/reset_nodes.py edge-node-1 edge-node-2
[03:40:23] Resetting nodes: edge-node-1 -> edge-node-2
[03:40:23] Step 1: Killing any existing processes on source...
[03:40:23]   Killing PID 48909 (from /home/ubuntu/app.pid)
[03:40:24]   Killing PID 48909 (from /home/ubuntu/gol.pid)
[03:40:24]   Killing any remaining background processes...
[03:40:26] Step 2: Cleaning source node...
[03:40:27] Step 3: Cleaning destination node...
[03:40:27]   Killing PID 48909 on destination (from /home/ubuntu/app.pid)
[03:40:28]   Killing PID 48909 on destination (from /home/ubuntu/gol.pid)
[03:40:28]   Killing all remaining gol processes on destination...
[03:40:31] ✓ Reset complete, nodes are clean
[03:40:31]   Next: Start your application
[exit=0]

$ bash /home/ivo/Evaluation-of-Live-Migration-Strategies-at-the-Edge/Game-of-life-migration/scripts/workloads/start_gol_c.sh edge-node-1
[03:40:31] Ensuring gol binary on edge-node-1...
[03:40:32] Reusing existing /tmp/gol on edge-node-1
[03:40:32] Starting gol on edge-node-1...
[03:40:33] ✓ Gol started
[exit=0]
[repeat] warmup 2s

$ python3 /home/ivo/Evaluation-of-Live-Migration-Strategies-at-the-Edge/Game-of-life-migration/scripts/orchestrators/criu_benchmark.py precopy --source edge-node-1 --dest edge-node-2 --transfer-mode direct --run-id 01-05-2026-direct-precopy-0002 --iterations 3 --profile-name 1_WiFi_6
[03:40:35] Starting precopy migration...
[03:40:35] Source: edge-node-1, Dest: edge-node-2
[03:40:35] Transfer mode: direct

[03:40:35] === PRE-COPY LIVE MIGRATION ===
[03:40:35] Step 1: Checking source process...
[03:40:36]   Using PID from /home/ubuntu/gol.pid: 50613
[03:40:37]   Architecture: x86_64 (compatible)
[03:40:37] Step 2: Preparing dump directory...
[03:40:37] Step 3: Running 3 pre-dumps...
[03:40:37]   Pre-dump 1/3...
[03:40:38]   Pre-dump 2/3...
[03:40:40]   Pre-dump 3/3...
[03:40:41]   Total pre-dump time: 3920 ms
[03:40:41] Step 4: Final dump (freezing service)...
[03:40:41]   Final dump time (freeze duration): 311 ms
[03:40:41] Step 5: Creating archive...
[03:40:42]   Archive size: 33094 bytes
[03:40:42] Step 6: Transferring archive...
[03:40:42]   Setting up direct SSH trust...
Setting up SSH trust: edge-node-1 → ubuntu@10.138.215.137
  Adding public key to destination's authorized_keys...
  Testing SSH connectivity...
  ✓ SSH trust ready
Setting up SSH trust: edge-node-1 → ubuntu@10.138.215.137
  Adding public key to destination's authorized_keys...
  Testing SSH connectivity...
  ✓ SSH trust ready
  Transferring /tmp/CRIU-gol.tar.gz via SCP...
[03:40:47]   Transfer time: 3376 ms
[03:40:47] Step 7: Unpacking on destination...
[03:40:47] Step 7.5: Ensuring gol output file exists on destination...
[03:40:48] Step 7.8: Ensuring /tmp/gol binary is present on destination...
[03:40:48] Step 8: Restoring process...
[03:40:48]   Restore time: 274 ms
[03:40:48]   Restored PID: 50613 (written to /home/ubuntu/gol.pid)
[03:40:48] Step 9: Verifying migration...
[03:40:54] ✓ gol.out updated after migration (mtime 1777599651 → 1777599653), simulation running!
[03:40:54] Total downtime: 3961 ms (final_dump: 311 + transfer: 3376 + restore: 274)
[03:40:54] Pre-dump time (not counted as downtime): 3920 ms
[03:40:54] Effective bandwidth: 0.08 Mbps
[03:40:54] Metrics saved to /home/ivo/Evaluation-of-Live-Migration-Strategies-at-the-Edge/Game-of-life-migration/metrics/migration_metrics.csv
[exit=0]

$ python3 /home/ivo/Evaluation-of-Live-Migration-Strategies-at-the-Edge/Game-of-life-migration/scripts/setup/reset_nodes.py edge-node-1 edge-node-2
[03:40:55] Resetting nodes: edge-node-1 -> edge-node-2
[03:40:55] Step 1: Killing any existing processes on source...
[03:40:55]   Killing PID 50613 (from /home/ubuntu/app.pid)
[03:40:56]   Killing PID 50613 (from /home/ubuntu/gol.pid)
[03:40:56]   Killing any remaining background processes...
[03:40:58] Step 2: Cleaning source node...
[03:40:59] Step 3: Cleaning destination node...
[03:40:59]   Killing PID 50613 on destination (from /home/ubuntu/app.pid)
[03:41:00]   Killing PID 50613 on destination (from /home/ubuntu/gol.pid)
[03:41:00]   Killing all remaining gol processes on destination...
[03:41:04] ✓ Reset complete, nodes are clean
[03:41:04]   Next: Start your application
[exit=0]

$ bash /home/ivo/Evaluation-of-Live-Migration-Strategies-at-the-Edge/Game-of-life-migration/scripts/workloads/start_gol_c.sh edge-node-1
[03:41:04] Ensuring gol binary on edge-node-1...
[03:41:04] Reusing existing /tmp/gol on edge-node-1
[03:41:04] Starting gol on edge-node-1...
[03:41:05] ✓ Gol started
[exit=0]
[repeat] warmup 2s

$ python3 /home/ivo/Evaluation-of-Live-Migration-Strategies-at-the-Edge/Game-of-life-migration/scripts/orchestrators/criu_benchmark.py precopy --source edge-node-1 --dest edge-node-2 --transfer-mode direct --run-id 01-05-2026-direct-precopy-0003 --iterations 3 --profile-name 1_WiFi_6
[03:41:08] Starting precopy migration...
[03:41:08] Source: edge-node-1, Dest: edge-node-2
[03:41:08] Transfer mode: direct

[03:41:08] === PRE-COPY LIVE MIGRATION ===
[03:41:08] Step 1: Checking source process...
[03:41:08]   Using PID from /home/ubuntu/gol.pid: 52317
[03:41:09]   Architecture: x86_64 (compatible)
[03:41:09] Step 2: Preparing dump directory...
[03:41:09] Step 3: Running 3 pre-dumps...
[03:41:09]   Pre-dump 1/3...
[03:41:10]   Pre-dump 2/3...
[03:41:12]   Pre-dump 3/3...
[03:41:13]   Total pre-dump time: 4077 ms
[03:41:13] Step 4: Final dump (freezing service)...
[03:41:13]   Final dump time (freeze duration): 375 ms
[03:41:13] Step 5: Creating archive...
[03:41:14]   Archive size: 33044 bytes
[03:41:14] Step 6: Transferring archive...
[03:41:14]   Setting up direct SSH trust...
Setting up SSH trust: edge-node-1 → ubuntu@10.138.215.137
  Adding public key to destination's authorized_keys...
  Testing SSH connectivity...
  ✓ SSH trust ready
Setting up SSH trust: edge-node-1 → ubuntu@10.138.215.137
  Adding public key to destination's authorized_keys...
  Testing SSH connectivity...
  ✓ SSH trust ready
  Transferring /tmp/CRIU-gol.tar.gz via SCP...
[03:41:19]   Transfer time: 3371 ms
[03:41:19] Step 7: Unpacking on destination...
[03:41:20] Step 7.5: Ensuring gol output file exists on destination...
[03:41:20] Step 7.8: Ensuring /tmp/gol binary is present on destination...
[03:41:20] Step 8: Restoring process...
[03:41:21]   Restore time: 317 ms
[03:41:21]   Restored PID: 52317 (written to /home/ubuntu/gol.pid)
[03:41:21] Step 9: Verifying migration...
[03:41:26] ✓ gol.out updated after migration (mtime 1777599684 → 1777599686), simulation running!
[03:41:26] Total downtime: 4063 ms (final_dump: 375 + transfer: 3371 + restore: 317)
[03:41:26] Pre-dump time (not counted as downtime): 4077 ms
[03:41:26] Effective bandwidth: 0.08 Mbps
[03:41:26] Metrics saved to /home/ivo/Evaluation-of-Live-Migration-Strategies-at-the-Edge/Game-of-life-migration/metrics/migration_metrics.csv
[exit=0]

$ python3 /home/ivo/Evaluation-of-Live-Migration-Strategies-at-the-Edge/Game-of-life-migration/scripts/setup/reset_nodes.py edge-node-1 edge-node-2
[03:41:27] Resetting nodes: edge-node-1 -> edge-node-2
[03:41:27] Step 1: Killing any existing processes on source...
[03:41:27]   Killing PID 52317 (from /home/ubuntu/app.pid)
[03:41:28]   Killing PID 52317 (from /home/ubuntu/gol.pid)
[03:41:28]   Killing any remaining background processes...
[03:41:30] Step 2: Cleaning source node...
[03:41:31] Step 3: Cleaning destination node...
[03:41:31]   Killing PID 52317 on destination (from /home/ubuntu/app.pid)
[03:41:32]   Killing PID 52317 on destination (from /home/ubuntu/gol.pid)
[03:41:32]   Killing all remaining gol processes on destination...
[03:41:36] ✓ Reset complete, nodes are clean
[03:41:36]   Next: Start your application
[exit=0]

$ bash /home/ivo/Evaluation-of-Live-Migration-Strategies-at-the-Edge/Game-of-life-migration/scripts/workloads/start_gol_c.sh edge-node-1
[03:41:36] Ensuring gol binary on edge-node-1...
[03:41:36] Reusing existing /tmp/gol on edge-node-1
[03:41:36] Starting gol on edge-node-1...
[03:41:37] ✓ Gol started
[exit=0]
[repeat] warmup 2s

$ python3 /home/ivo/Evaluation-of-Live-Migration-Strategies-at-the-Edge/Game-of-life-migration/scripts/orchestrators/criu_benchmark.py precopy --source edge-node-1 --dest edge-node-2 --transfer-mode direct --run-id 01-05-2026-direct-precopy-0004 --iterations 3 --profile-name 1_WiFi_6
[03:41:40] Starting precopy migration...
[03:41:40] Source: edge-node-1, Dest: edge-node-2
[03:41:40] Transfer mode: direct

[03:41:40] === PRE-COPY LIVE MIGRATION ===
[03:41:40] Step 1: Checking source process...
[03:41:40]   Using PID from /home/ubuntu/gol.pid: 54011
[03:41:41]   Architecture: x86_64 (compatible)
[03:41:41] Step 2: Preparing dump directory...
[03:41:41] Step 3: Running 3 pre-dumps...
[03:41:41]   Pre-dump 1/3...
[03:41:42]   Pre-dump 2/3...
[03:41:44]   Pre-dump 3/3...
[03:41:45]   Total pre-dump time: 3934 ms
[03:41:45] Step 4: Final dump (freezing service)...
[03:41:45]   Final dump time (freeze duration): 326 ms
[03:41:45] Step 5: Creating archive...
[03:41:46]   Archive size: 33093 bytes
[03:41:46] Step 6: Transferring archive...
[03:41:46]   Setting up direct SSH trust...
Setting up SSH trust: edge-node-1 → ubuntu@10.138.215.137
  Adding public key to destination's authorized_keys...
  Testing SSH connectivity...
  ✓ SSH trust ready
Setting up SSH trust: edge-node-1 → ubuntu@10.138.215.137
  Adding public key to destination's authorized_keys...
  Testing SSH connectivity...
  ✓ SSH trust ready
  Transferring /tmp/CRIU-gol.tar.gz via SCP...
[03:41:51]   Transfer time: 3149 ms
[03:41:51] Step 7: Unpacking on destination...
[03:41:51] Step 7.5: Ensuring gol output file exists on destination...
[03:41:52] Step 7.8: Ensuring /tmp/gol binary is present on destination...
[03:41:52] Step 8: Restoring process...
[03:41:52]   Restore time: 288 ms
[03:41:53]   Restored PID: 54011 (written to /home/ubuntu/gol.pid)
[03:41:53] Step 9: Verifying migration...
[03:41:58] ✓ gol.out updated after migration (mtime 1777599715 → 1777599717), simulation running!
[03:41:58] Total downtime: 3763 ms (final_dump: 326 + transfer: 3149 + restore: 288)
[03:41:58] Pre-dump time (not counted as downtime): 3934 ms
[03:41:58] Effective bandwidth: 0.08 Mbps
[03:41:58] Metrics saved to /home/ivo/Evaluation-of-Live-Migration-Strategies-at-the-Edge/Game-of-life-migration/metrics/migration_metrics.csv
[exit=0]

$ python3 /home/ivo/Evaluation-of-Live-Migration-Strategies-at-the-Edge/Game-of-life-migration/scripts/setup/reset_nodes.py edge-node-1 edge-node-2
[03:41:59] Resetting nodes: edge-node-1 -> edge-node-2
[03:41:59] Step 1: Killing any existing processes on source...
[03:41:59]   Killing PID 54011 (from /home/ubuntu/app.pid)
[03:42:00]   Killing PID 54011 (from /home/ubuntu/gol.pid)
[03:42:00]   Killing any remaining background processes...
[03:42:02] Step 2: Cleaning source node...
[03:42:03] Step 3: Cleaning destination node...
[03:42:03]   Killing PID 54011 on destination (from /home/ubuntu/app.pid)
[03:42:04]   Killing PID 54011 on destination (from /home/ubuntu/gol.pid)
[03:42:05]   Killing all remaining gol processes on destination...
[03:42:08] ✓ Reset complete, nodes are clean
[03:42:08]   Next: Start your application
[exit=0]

$ bash /home/ivo/Evaluation-of-Live-Migration-Strategies-at-the-Edge/Game-of-life-migration/scripts/workloads/start_gol_c.sh edge-node-1
[03:42:08] Ensuring gol binary on edge-node-1...
[03:42:08] Reusing existing /tmp/gol on edge-node-1
[03:42:08] Starting gol on edge-node-1...
[03:42:10] ✓ Gol started
[exit=0]
[repeat] warmup 2s

$ python3 /home/ivo/Evaluation-of-Live-Migration-Strategies-at-the-Edge/Game-of-life-migration/scripts/orchestrators/criu_benchmark.py precopy --source edge-node-1 --dest edge-node-2 --transfer-mode direct --run-id 01-05-2026-direct-precopy-0005 --iterations 3 --profile-name 1_WiFi_6
[03:42:12] Starting precopy migration...
[03:42:12] Source: edge-node-1, Dest: edge-node-2
[03:42:12] Transfer mode: direct

[03:42:12] === PRE-COPY LIVE MIGRATION ===
[03:42:12] Step 1: Checking source process...
[03:42:13]   Using PID from /home/ubuntu/gol.pid: 55714
[03:42:13]   Architecture: x86_64 (compatible)
[03:42:13] Step 2: Preparing dump directory...
[03:42:13] Step 3: Running 3 pre-dumps...
[03:42:13]   Pre-dump 1/3...
[03:42:15]   Pre-dump 2/3...
[03:42:16]   Pre-dump 3/3...
[03:42:17]   Total pre-dump time: 3979 ms
[03:42:17] Step 4: Final dump (freezing service)...
[03:42:18]   Final dump time (freeze duration): 302 ms
[03:42:18] Step 5: Creating archive...
[03:42:18]   Archive size: 33044 bytes
[03:42:18] Step 6: Transferring archive...
[03:42:18]   Setting up direct SSH trust...
Setting up SSH trust: edge-node-1 → ubuntu@10.138.215.137
  Adding public key to destination's authorized_keys...
  Testing SSH connectivity...
  ✓ SSH trust ready
Setting up SSH trust: edge-node-1 → ubuntu@10.138.215.137
  Adding public key to destination's authorized_keys...
  Testing SSH connectivity...
  ✓ SSH trust ready
  Transferring /tmp/CRIU-gol.tar.gz via SCP...
[03:42:24]   Transfer time: 3141 ms
[03:42:24] Step 7: Unpacking on destination...
[03:42:24] Step 7.5: Ensuring gol output file exists on destination...
[03:42:24] Step 7.8: Ensuring /tmp/gol binary is present on destination...
[03:42:24] Step 8: Restoring process...
[03:42:25]   Restore time: 295 ms
[03:42:25]   Restored PID: 55714 (written to /home/ubuntu/gol.pid)
[03:42:25] Step 9: Verifying migration...
[03:42:31] ✓ gol.out updated after migration (mtime 1777599748 → 1777599750), simulation running!
[03:42:31] Total downtime: 3738 ms (final_dump: 302 + transfer: 3141 + restore: 295)
[03:42:31] Pre-dump time (not counted as downtime): 3979 ms
[03:42:31] Effective bandwidth: 0.08 Mbps
[03:42:31] Metrics saved to /home/ivo/Evaluation-of-Live-Migration-Strategies-at-the-Edge/Game-of-life-migration/metrics/migration_metrics.csv
[exit=0]

$ python3 /home/ivo/Evaluation-of-Live-Migration-Strategies-at-the-Edge/Game-of-life-migration/scripts/setup/reset_nodes.py edge-node-1 edge-node-2
[03:42:31] Resetting nodes: edge-node-1 -> edge-node-2
[03:42:31] Step 1: Killing any existing processes on source...
[03:42:31]   Killing PID 55714 (from /home/ubuntu/app.pid)
[03:42:32]   Killing PID 55714 (from /home/ubuntu/gol.pid)
[03:42:33]   Killing any remaining background processes...
[03:42:34] Step 2: Cleaning source node...
[03:42:35] Step 3: Cleaning destination node...
[03:42:35]   Killing PID 55714 on destination (from /home/ubuntu/app.pid)
[03:42:36]   Killing PID 55714 on destination (from /home/ubuntu/gol.pid)
[03:42:37]   Killing all remaining gol processes on destination...
[03:42:40] ✓ Reset complete, nodes are clean
[03:42:40]   Next: Start your application
[exit=0]

$ bash /home/ivo/Evaluation-of-Live-Migration-Strategies-at-the-Edge/Game-of-life-migration/scripts/workloads/start_gol_c.sh edge-node-1
[03:42:40] Ensuring gol binary on edge-node-1...
[03:42:40] Reusing existing /tmp/gol on edge-node-1
[03:42:40] Starting gol on edge-node-1...
[03:42:42] ✓ Gol started
[exit=0]
[repeat] warmup 2s

$ python3 /home/ivo/Evaluation-of-Live-Migration-Strategies-at-the-Edge/Game-of-life-migration/scripts/orchestrators/criu_benchmark.py precopy --source edge-node-1 --dest edge-node-2 --transfer-mode direct --run-id 01-05-2026-direct-precopy-0006 --iterations 3 --profile-name 1_WiFi_6
[03:42:44] Starting precopy migration...
[03:42:44] Source: edge-node-1, Dest: edge-node-2
[03:42:44] Transfer mode: direct

[03:42:44] === PRE-COPY LIVE MIGRATION ===
[03:42:44] Step 1: Checking source process...
[03:42:45]   Using PID from /home/ubuntu/gol.pid: 57411
[03:42:45]   Architecture: x86_64 (compatible)
[03:42:45] Step 2: Preparing dump directory...
[03:42:45] Step 3: Running 3 pre-dumps...
[03:42:45]   Pre-dump 1/3...
[03:42:47]   Pre-dump 2/3...
[03:42:48]   Pre-dump 3/3...
[03:42:49]   Total pre-dump time: 3938 ms
[03:42:49] Step 4: Final dump (freezing service)...
[03:42:50]   Final dump time (freeze duration): 294 ms
[03:42:50] Step 5: Creating archive...
[03:42:50]   Archive size: 33104 bytes
[03:42:50] Step 6: Transferring archive...
[03:42:50]   Setting up direct SSH trust...
Setting up SSH trust: edge-node-1 → ubuntu@10.138.215.137
  Adding public key to destination's authorized_keys...
  Testing SSH connectivity...
  ✓ SSH trust ready
Setting up SSH trust: edge-node-1 → ubuntu@10.138.215.137
  Adding public key to destination's authorized_keys...
  Testing SSH connectivity...
  ✓ SSH trust ready
  Transferring /tmp/CRIU-gol.tar.gz via SCP...
[03:42:55]   Transfer time: 3221 ms
[03:42:55] Step 7: Unpacking on destination...
[03:42:56] Step 7.5: Ensuring gol output file exists on destination...
[03:42:56] Step 7.8: Ensuring /tmp/gol binary is present on destination...
[03:42:56] Step 8: Restoring process...
[03:42:56]   Restore time: 309 ms
[03:42:57]   Restored PID: 57411 (written to /home/ubuntu/gol.pid)
[03:42:57] Step 9: Verifying migration...
[03:43:02] ✓ gol.out updated after migration (mtime 1777599779 → 1777599781), simulation running!
[03:43:02] Total downtime: 3824 ms (final_dump: 294 + transfer: 3221 + restore: 309)
[03:43:02] Pre-dump time (not counted as downtime): 3938 ms
[03:43:02] Effective bandwidth: 0.08 Mbps
[03:43:02] Metrics saved to /home/ivo/Evaluation-of-Live-Migration-Strategies-at-the-Edge/Game-of-life-migration/metrics/migration_metrics.csv
[exit=0]

$ python3 /home/ivo/Evaluation-of-Live-Migration-Strategies-at-the-Edge/Game-of-life-migration/scripts/setup/reset_nodes.py edge-node-1 edge-node-2
[03:43:03] Resetting nodes: edge-node-1 -> edge-node-2
[03:43:03] Step 1: Killing any existing processes on source...
[03:43:03]   Killing PID 57411 (from /home/ubuntu/app.pid)
[03:43:04]   Killing PID 57411 (from /home/ubuntu/gol.pid)
[03:43:05]   Killing any remaining background processes...
[03:43:06] Step 2: Cleaning source node...
[03:43:07] Step 3: Cleaning destination node...
[03:43:07]   Killing PID 57411 on destination (from /home/ubuntu/app.pid)
[03:43:08]   Killing PID 57411 on destination (from /home/ubuntu/gol.pid)
[03:43:09]   Killing all remaining gol processes on destination...
[03:43:12] ✓ Reset complete, nodes are clean
[03:43:12]   Next: Start your application
[exit=0]

$ bash /home/ivo/Evaluation-of-Live-Migration-Strategies-at-the-Edge/Game-of-life-migration/scripts/workloads/start_gol_c.sh edge-node-1
[03:43:12] Ensuring gol binary on edge-node-1...
[03:43:12] Reusing existing /tmp/gol on edge-node-1
[03:43:12] Starting gol on edge-node-1...
[03:43:14] ✓ Gol started
[exit=0]
[repeat] warmup 2s

$ python3 /home/ivo/Evaluation-of-Live-Migration-Strategies-at-the-Edge/Game-of-life-migration/scripts/orchestrators/criu_benchmark.py precopy --source edge-node-1 --dest edge-node-2 --transfer-mode direct --run-id 01-05-2026-direct-precopy-0007 --iterations 3 --profile-name 1_WiFi_6
[03:43:16] Starting precopy migration...
[03:43:16] Source: edge-node-1, Dest: edge-node-2
[03:43:16] Transfer mode: direct

[03:43:16] === PRE-COPY LIVE MIGRATION ===
[03:43:16] Step 1: Checking source process...
[03:43:17]   Using PID from /home/ubuntu/gol.pid: 59114
[03:43:17]   Architecture: x86_64 (compatible)
[03:43:17] Step 2: Preparing dump directory...
[03:43:18] Step 3: Running 3 pre-dumps...
[03:43:18]   Pre-dump 1/3...
[03:43:19]   Pre-dump 2/3...
[03:43:20]   Pre-dump 3/3...
[03:43:22]   Total pre-dump time: 3936 ms
[03:43:22] Step 4: Final dump (freezing service)...
[03:43:22]   Final dump time (freeze duration): 284 ms
[03:43:22] Step 5: Creating archive...
[03:43:22]   Archive size: 33003 bytes
[03:43:22] Step 6: Transferring archive...
[03:43:22]   Setting up direct SSH trust...
Setting up SSH trust: edge-node-1 → ubuntu@10.138.215.137
  Adding public key to destination's authorized_keys...
  Testing SSH connectivity...
  ✓ SSH trust ready
Setting up SSH trust: edge-node-1 → ubuntu@10.138.215.137
  Adding public key to destination's authorized_keys...
  Testing SSH connectivity...
  ✓ SSH trust ready
  Transferring /tmp/CRIU-gol.tar.gz via SCP...
[03:43:28]   Transfer time: 2924 ms
[03:43:28] Step 7: Unpacking on destination...
[03:43:28] Step 7.5: Ensuring gol output file exists on destination...
[03:43:28] Step 7.8: Ensuring /tmp/gol binary is present on destination...
[03:43:28] Step 8: Restoring process...
[03:43:29]   Restore time: 326 ms
[03:43:29]   Restored PID: 59114 (written to /home/ubuntu/gol.pid)
[03:43:29] Step 9: Verifying migration...
[03:43:35] ✓ gol.out updated after migration (mtime 1777599812 → 1777599814), simulation running!
[03:43:35] Total downtime: 3534 ms (final_dump: 284 + transfer: 2924 + restore: 326)
[03:43:35] Pre-dump time (not counted as downtime): 3936 ms
[03:43:35] Effective bandwidth: 0.09 Mbps
[03:43:35] Metrics saved to /home/ivo/Evaluation-of-Live-Migration-Strategies-at-the-Edge/Game-of-life-migration/metrics/migration_metrics.csv
[exit=0]

$ python3 /home/ivo/Evaluation-of-Live-Migration-Strategies-at-the-Edge/Game-of-life-migration/scripts/setup/reset_nodes.py edge-node-1 edge-node-2
[03:43:35] Resetting nodes: edge-node-1 -> edge-node-2
[03:43:35] Step 1: Killing any existing processes on source...
[03:43:35]   Killing PID 59114 (from /home/ubuntu/app.pid)
[03:43:36]   Killing PID 59114 (from /home/ubuntu/gol.pid)
[03:43:37]   Killing any remaining background processes...
[03:43:38] Step 2: Cleaning source node...
[03:43:39] Step 3: Cleaning destination node...
[03:43:39]   Killing PID 59114 on destination (from /home/ubuntu/app.pid)
[03:43:40]   Killing PID 59114 on destination (from /home/ubuntu/gol.pid)
[03:43:41]   Killing all remaining gol processes on destination...
[03:43:44] ✓ Reset complete, nodes are clean
[03:43:44]   Next: Start your application
[exit=0]

$ bash /home/ivo/Evaluation-of-Live-Migration-Strategies-at-the-Edge/Game-of-life-migration/scripts/workloads/start_gol_c.sh edge-node-1
[03:43:44] Ensuring gol binary on edge-node-1...
[03:43:44] Reusing existing /tmp/gol on edge-node-1
[03:43:44] Starting gol on edge-node-1...
[03:43:46] ✓ Gol started
[exit=0]
[repeat] warmup 2s

$ python3 /home/ivo/Evaluation-of-Live-Migration-Strategies-at-the-Edge/Game-of-life-migration/scripts/orchestrators/criu_benchmark.py precopy --source edge-node-1 --dest edge-node-2 --transfer-mode direct --run-id 01-05-2026-direct-precopy-0008 --iterations 3 --profile-name 1_WiFi_6
[03:43:48] Starting precopy migration...
[03:43:48] Source: edge-node-1, Dest: edge-node-2
[03:43:48] Transfer mode: direct

[03:43:48] === PRE-COPY LIVE MIGRATION ===
[03:43:48] Step 1: Checking source process...
[03:43:49]   Using PID from /home/ubuntu/gol.pid: 60809
[03:43:49]   Architecture: x86_64 (compatible)
[03:43:49] Step 2: Preparing dump directory...
[03:43:50] Step 3: Running 3 pre-dumps...
[03:43:50]   Pre-dump 1/3...
[03:43:51]   Pre-dump 2/3...
[03:43:52]   Pre-dump 3/3...
[03:43:53]   Total pre-dump time: 3948 ms
[03:43:53] Step 4: Final dump (freezing service)...
[03:43:54]   Final dump time (freeze duration): 333 ms
[03:43:54] Step 5: Creating archive...
[03:43:54]   Archive size: 33116 bytes
[03:43:54] Step 6: Transferring archive...
[03:43:54]   Setting up direct SSH trust...
Setting up SSH trust: edge-node-1 → ubuntu@10.138.215.137
  Adding public key to destination's authorized_keys...
  Testing SSH connectivity...
  ✓ SSH trust ready
Setting up SSH trust: edge-node-1 → ubuntu@10.138.215.137
  Adding public key to destination's authorized_keys...
  Testing SSH connectivity...
  ✓ SSH trust ready
  Transferring /tmp/CRIU-gol.tar.gz via SCP...
[03:43:59]   Transfer time: 3181 ms
[03:43:59] Step 7: Unpacking on destination...
[03:44:00] Step 7.5: Ensuring gol output file exists on destination...
[03:44:00] Step 7.8: Ensuring /tmp/gol binary is present on destination...
[03:44:00] Step 8: Restoring process...
[03:44:01]   Restore time: 299 ms
[03:44:01]   Restored PID: 60809 (written to /home/ubuntu/gol.pid)
[03:44:01] Step 9: Verifying migration...
[03:44:06] ✓ gol.out updated after migration (mtime 1777599844 → 1777599846), simulation running!
[03:44:06] Total downtime: 3813 ms (final_dump: 333 + transfer: 3181 + restore: 299)
[03:44:06] Pre-dump time (not counted as downtime): 3948 ms
[03:44:06] Effective bandwidth: 0.08 Mbps
[03:44:06] Metrics saved to /home/ivo/Evaluation-of-Live-Migration-Strategies-at-the-Edge/Game-of-life-migration/metrics/migration_metrics.csv
[exit=0]

$ python3 /home/ivo/Evaluation-of-Live-Migration-Strategies-at-the-Edge/Game-of-life-migration/scripts/setup/reset_nodes.py edge-node-1 edge-node-2
[03:44:07] Resetting nodes: edge-node-1 -> edge-node-2
[03:44:07] Step 1: Killing any existing processes on source...
[03:44:08]   Killing PID 60809 (from /home/ubuntu/app.pid)
[03:44:08]   Killing PID 60809 (from /home/ubuntu/gol.pid)
[03:44:09]   Killing any remaining background processes...
[03:44:10] Step 2: Cleaning source node...
[03:44:11] Step 3: Cleaning destination node...
[03:44:11]   Killing PID 60809 on destination (from /home/ubuntu/app.pid)
[03:44:12]   Killing PID 60809 on destination (from /home/ubuntu/gol.pid)
[03:44:13]   Killing all remaining gol processes on destination...
[03:44:16] ✓ Reset complete, nodes are clean
[03:44:16]   Next: Start your application
[exit=0]

$ bash /home/ivo/Evaluation-of-Live-Migration-Strategies-at-the-Edge/Game-of-life-migration/scripts/workloads/start_gol_c.sh edge-node-1
[03:44:16] Ensuring gol binary on edge-node-1...
[03:44:16] Reusing existing /tmp/gol on edge-node-1
[03:44:16] Starting gol on edge-node-1...
[03:44:18] ✓ Gol started
[exit=0]
[repeat] warmup 2s

$ python3 /home/ivo/Evaluation-of-Live-Migration-Strategies-at-the-Edge/Game-of-life-migration/scripts/orchestrators/criu_benchmark.py precopy --source edge-node-1 --dest edge-node-2 --transfer-mode direct --run-id 01-05-2026-direct-precopy-0009 --iterations 3 --profile-name 1_WiFi_6
[03:44:20] Starting precopy migration...
[03:44:20] Source: edge-node-1, Dest: edge-node-2
[03:44:20] Transfer mode: direct

[03:44:20] === PRE-COPY LIVE MIGRATION ===
[03:44:20] Step 1: Checking source process...
[03:44:21]   Using PID from /home/ubuntu/gol.pid: 62523
[03:44:21]   Architecture: x86_64 (compatible)
[03:44:21] Step 2: Preparing dump directory...
[03:44:22] Step 3: Running 3 pre-dumps...
[03:44:22]   Pre-dump 1/3...
[03:44:23]   Pre-dump 2/3...
[03:44:24]   Pre-dump 3/3...
[03:44:26]   Total pre-dump time: 4032 ms
[03:44:26] Step 4: Final dump (freezing service)...
[03:44:26]   Final dump time (freeze duration): 285 ms
[03:44:26] Step 5: Creating archive...
[03:44:27]   Archive size: 33737 bytes
[03:44:27] Step 6: Transferring archive...
[03:44:27]   Setting up direct SSH trust...
Setting up SSH trust: edge-node-1 → ubuntu@10.138.215.137
  Adding public key to destination's authorized_keys...
  Testing SSH connectivity...
  ✓ SSH trust ready
Setting up SSH trust: edge-node-1 → ubuntu@10.138.215.137
  Adding public key to destination's authorized_keys...
  Testing SSH connectivity...
  ✓ SSH trust ready
  Transferring /tmp/CRIU-gol.tar.gz via SCP...
[03:44:32]   Transfer time: 3132 ms
[03:44:32] Step 7: Unpacking on destination...
[03:44:32] Step 7.5: Ensuring gol output file exists on destination...
[03:44:33] Step 7.8: Ensuring /tmp/gol binary is present on destination...
[03:44:33] Step 8: Restoring process...
[03:44:33]   Restore time: 338 ms
[03:44:33]   Restored PID: 62523 (written to /home/ubuntu/gol.pid)
[03:44:33] Step 9: Verifying migration...
[03:44:39] ✓ gol.out updated after migration (mtime 1777599876 → 1777599878), simulation running!
[03:44:39] Total downtime: 3755 ms (final_dump: 285 + transfer: 3132 + restore: 338)
[03:44:39] Pre-dump time (not counted as downtime): 4032 ms
[03:44:39] Effective bandwidth: 0.09 Mbps
[03:44:39] Metrics saved to /home/ivo/Evaluation-of-Live-Migration-Strategies-at-the-Edge/Game-of-life-migration/metrics/migration_metrics.csv
[exit=0]

$ python3 /home/ivo/Evaluation-of-Live-Migration-Strategies-at-the-Edge/Game-of-life-migration/scripts/setup/reset_nodes.py edge-node-1 edge-node-2
[03:44:39] Resetting nodes: edge-node-1 -> edge-node-2
[03:44:39] Step 1: Killing any existing processes on source...
[03:44:40]   Killing PID 62523 (from /home/ubuntu/app.pid)
[03:44:40]   Killing PID 62523 (from /home/ubuntu/gol.pid)
[03:44:41]   Killing any remaining background processes...
[03:44:42] Step 2: Cleaning source node...
[03:44:44] Step 3: Cleaning destination node...
[03:44:44]   Killing PID 62523 on destination (from /home/ubuntu/app.pid)
[03:44:45]   Killing PID 62523 on destination (from /home/ubuntu/gol.pid)
[03:44:45]   Killing all remaining gol processes on destination...
[03:44:49] ✓ Reset complete, nodes are clean
[03:44:49]   Next: Start your application
[exit=0]

$ bash /home/ivo/Evaluation-of-Live-Migration-Strategies-at-the-Edge/Game-of-life-migration/scripts/workloads/start_gol_c.sh edge-node-1
[03:44:49] Ensuring gol binary on edge-node-1...
[03:44:49] Reusing existing /tmp/gol on edge-node-1
[03:44:49] Starting gol on edge-node-1...
[03:44:50] ✓ Gol started
[exit=0]
[repeat] warmup 2s

$ python3 /home/ivo/Evaluation-of-Live-Migration-Strategies-at-the-Edge/Game-of-life-migration/scripts/orchestrators/criu_benchmark.py postcopy --source edge-node-1 --dest edge-node-2 --transfer-mode host --run-id 01-05-2026-host-postcopy-0000 --relay-node edge-host-1 --page-server-port 9999 --profile-name 1_WiFi_6
[03:44:53] Starting postcopy migration...
[03:44:53] Source: edge-node-1, Dest: edge-node-2
[03:44:53] Transfer mode: host
[03:44:53] Relay node: edge-host-1

[03:44:53] === POST-COPY (LAZY-PAGES) MIGRATION ===
[03:44:53] Step 1: Checking source process...
[03:44:53]   Using PID from /home/ubuntu/gol.pid: 64218
[03:44:55]   Page-server endpoint: 10.138.215.218:9999
[03:44:55] Step 2: Final dump (freezing service) with --lazy-pages...
[03:44:55]   Dump PID: 64650
[03:44:56]   Dump init time (approx freeze duration): 1045 ms
[03:44:56] Step 3: Page-server ready on source (served by dump process)
[03:44:56] Step 4: Creating archive...
[03:44:56]   Archive size: 23381 bytes
[03:44:56] Step 5: Transferring archive...
  Transferring /home/ubuntu/CRIU-gol.tar.gz via relay node edge-host-1...
Setting up SSH trust: edge-node-1 → ubuntu@10.138.215.36
  Adding public key to destination's authorized_keys...
  Testing SSH connectivity...
  ✓ SSH trust ready
Setting up SSH trust: edge-host-1 → ubuntu@10.138.215.137
  Adding public key to destination's authorized_keys...
  Testing SSH connectivity...
  ✓ SSH trust ready
[03:45:03]   Transfer time: 7112 ms
[03:45:03] Step 6: Unpacking on destination...
[03:45:04] Step 6.8: Ensuring /tmp/gol binary is present on destination...
[03:45:04] Step 7: Starting lazy-pages daemon on destination...
[03:45:05]   Lazy-pages PID: 67565
[03:45:05] Step 8: Restoring process...
[03:45:05]   Restore time: 336 ms
[03:45:06]   Restored PID: 64218 (written to /home/ubuntu/gol.pid)
[03:45:06] Step 9: Verifying migration...
[03:45:11] ✓ gol.out updated after migration (mtime 1777599908 → 1777599911), simulation running!
[03:45:11] Total downtime: 8493 ms (dump: 1045 + transfer: 7112 + restore: 336)
[03:45:13] Metrics saved to /home/ivo/Evaluation-of-Live-Migration-Strategies-at-the-Edge/Game-of-life-migration/metrics/migration_metrics.csv
[exit=0]

$ python3 /home/ivo/Evaluation-of-Live-Migration-Strategies-at-the-Edge/Game-of-life-migration/scripts/setup/reset_nodes.py edge-node-1 edge-node-2
[03:45:13] Resetting nodes: edge-node-1 -> edge-node-2
[03:45:13] Step 1: Killing any existing processes on source...
[03:45:14]   Killing PID 64218 (from /home/ubuntu/app.pid)
[03:45:14]   Killing PID 64218 (from /home/ubuntu/gol.pid)
[03:45:15]   Killing any remaining background processes...
[03:45:16] Step 2: Cleaning source node...
[03:45:17] Step 3: Cleaning destination node...
[03:45:18]   Killing PID 64218 on destination (from /home/ubuntu/app.pid)
[03:45:18]   Killing PID 64218 on destination (from /home/ubuntu/gol.pid)
[03:45:19]   Killing all remaining gol processes on destination...
[03:45:22] ✓ Reset complete, nodes are clean
[03:45:22]   Next: Start your application
[exit=0]

$ bash /home/ivo/Evaluation-of-Live-Migration-Strategies-at-the-Edge/Game-of-life-migration/scripts/workloads/start_gol_c.sh edge-node-1
[03:45:22] Ensuring gol binary on edge-node-1...
[03:45:23] Reusing existing /tmp/gol on edge-node-1
[03:45:23] Starting gol on edge-node-1...
[03:45:24] ✓ Gol started
[exit=0]
[repeat] warmup 2s

$ python3 /home/ivo/Evaluation-of-Live-Migration-Strategies-at-the-Edge/Game-of-life-migration/scripts/orchestrators/criu_benchmark.py postcopy --source edge-node-1 --dest edge-node-2 --transfer-mode host --run-id 01-05-2026-host-postcopy-0001 --relay-node edge-host-1 --page-server-port 9999 --profile-name 1_WiFi_6
[03:45:26] Starting postcopy migration...
[03:45:26] Source: edge-node-1, Dest: edge-node-2
[03:45:26] Transfer mode: host
[03:45:26] Relay node: edge-host-1

[03:45:26] === POST-COPY (LAZY-PAGES) MIGRATION ===
[03:45:26] Step 1: Checking source process...
[03:45:27]   Using PID from /home/ubuntu/gol.pid: 65987
[03:45:29]   Page-server endpoint: 10.138.215.218:9999
[03:45:29] Step 2: Final dump (freezing service) with --lazy-pages...
[03:45:29]   Dump PID: 66426
[03:45:30]   Dump init time (approx freeze duration): 1042 ms
[03:45:30] Step 3: Page-server ready on source (served by dump process)
[03:45:30] Step 4: Creating archive...
[03:45:30]   Archive size: 23222 bytes
[03:45:30] Step 5: Transferring archive...
  Transferring /home/ubuntu/CRIU-gol.tar.gz via relay node edge-host-1...
Setting up SSH trust: edge-node-1 → ubuntu@10.138.215.36
  Adding public key to destination's authorized_keys...
  Testing SSH connectivity...
  ✓ SSH trust ready
Setting up SSH trust: edge-host-1 → ubuntu@10.138.215.137
  Adding public key to destination's authorized_keys...
  Testing SSH connectivity...
  ✓ SSH trust ready
[03:45:37]   Transfer time: 7041 ms
[03:45:37] Step 6: Unpacking on destination...
[03:45:38] Step 6.8: Ensuring /tmp/gol binary is present on destination...
[03:45:38] Step 7: Starting lazy-pages daemon on destination...
[03:45:39]   Lazy-pages PID: 69335
[03:45:39] Step 8: Restoring process...
[03:45:39]   Restore time: 372 ms
[03:45:40]   Restored PID: 65987 (written to /home/ubuntu/gol.pid)
[03:45:40] Step 9: Verifying migration...
[03:45:45] ✓ gol.out updated after migration (mtime 1777599942 → 1777599945), simulation running!
[03:45:45] Total downtime: 8455 ms (dump: 1042 + transfer: 7041 + restore: 372)
[03:45:47] Metrics saved to /home/ivo/Evaluation-of-Live-Migration-Strategies-at-the-Edge/Game-of-life-migration/metrics/migration_metrics.csv
[exit=0]

$ python3 /home/ivo/Evaluation-of-Live-Migration-Strategies-at-the-Edge/Game-of-life-migration/scripts/setup/reset_nodes.py edge-node-1 edge-node-2
[03:45:47] Resetting nodes: edge-node-1 -> edge-node-2
[03:45:47] Step 1: Killing any existing processes on source...
[03:45:47]   Killing PID 65987 (from /home/ubuntu/app.pid)
[03:45:48]   Killing PID 65987 (from /home/ubuntu/gol.pid)
[03:45:49]   Killing any remaining background processes...
[03:45:50] Step 2: Cleaning source node...
[03:45:51] Step 3: Cleaning destination node...
[03:45:51]   Killing PID 65987 on destination (from /home/ubuntu/app.pid)
[03:45:52]   Killing PID 65987 on destination (from /home/ubuntu/gol.pid)
[03:45:53]   Killing all remaining gol processes on destination...
[03:45:56] ✓ Reset complete, nodes are clean
[03:45:56]   Next: Start your application
[exit=0]

$ bash /home/ivo/Evaluation-of-Live-Migration-Strategies-at-the-Edge/Game-of-life-migration/scripts/workloads/start_gol_c.sh edge-node-1
[03:45:56] Ensuring gol binary on edge-node-1...
[03:45:56] Reusing existing /tmp/gol on edge-node-1
[03:45:56] Starting gol on edge-node-1...
[03:45:58] ✓ Gol started
[exit=0]
[repeat] warmup 2s

$ python3 /home/ivo/Evaluation-of-Live-Migration-Strategies-at-the-Edge/Game-of-life-migration/scripts/orchestrators/criu_benchmark.py postcopy --source edge-node-1 --dest edge-node-2 --transfer-mode host --run-id 01-05-2026-host-postcopy-0002 --relay-node edge-host-1 --page-server-port 9999 --profile-name 1_WiFi_6
[03:46:00] Starting postcopy migration...
[03:46:00] Source: edge-node-1, Dest: edge-node-2
[03:46:00] Transfer mode: host
[03:46:00] Relay node: edge-host-1

[03:46:00] === POST-COPY (LAZY-PAGES) MIGRATION ===
[03:46:00] Step 1: Checking source process...
[03:46:01]   Using PID from /home/ubuntu/gol.pid: 67742
[03:46:02]   Page-server endpoint: 10.138.215.218:9999
[03:46:02] Step 2: Final dump (freezing service) with --lazy-pages...
[03:46:03]   Dump PID: 68182
[03:46:03]   Dump init time (approx freeze duration): 1036 ms
[03:46:03] Step 3: Page-server ready on source (served by dump process)
[03:46:03] Step 4: Creating archive...
[03:46:04]   Archive size: 23236 bytes
[03:46:04] Step 5: Transferring archive...
  Transferring /home/ubuntu/CRIU-gol.tar.gz via relay node edge-host-1...
Setting up SSH trust: edge-node-1 → ubuntu@10.138.215.36
  Adding public key to destination's authorized_keys...
  Testing SSH connectivity...
  ✓ SSH trust ready
Setting up SSH trust: edge-host-1 → ubuntu@10.138.215.137
  Adding public key to destination's authorized_keys...
  Testing SSH connectivity...
  ✓ SSH trust ready
[03:46:11]   Transfer time: 7378 ms
[03:46:11] Step 6: Unpacking on destination...
[03:46:12] Step 6.8: Ensuring /tmp/gol binary is present on destination...
[03:46:12] Step 7: Starting lazy-pages daemon on destination...
[03:46:12]   Lazy-pages PID: 71104
[03:46:13] Step 8: Restoring process...
[03:46:13]   Restore time: 408 ms
[03:46:13]   Restored PID: 67742 (written to /home/ubuntu/gol.pid)
[03:46:14] Step 9: Verifying migration...
[03:46:19] ✓ gol.out updated after migration (mtime 1777599976 → 1777599979), simulation running!
[03:46:19] Total downtime: 8822 ms (dump: 1036 + transfer: 7378 + restore: 408)
[03:46:21] Metrics saved to /home/ivo/Evaluation-of-Live-Migration-Strategies-at-the-Edge/Game-of-life-migration/metrics/migration_metrics.csv
[exit=0]

$ python3 /home/ivo/Evaluation-of-Live-Migration-Strategies-at-the-Edge/Game-of-life-migration/scripts/setup/reset_nodes.py edge-node-1 edge-node-2
[03:46:21] Resetting nodes: edge-node-1 -> edge-node-2
[03:46:21] Step 1: Killing any existing processes on source...
[03:46:21]   Killing PID 67742 (from /home/ubuntu/app.pid)
[03:46:22]   Killing PID 67742 (from /home/ubuntu/gol.pid)
[03:46:23]   Killing any remaining background processes...
[03:46:24] Step 2: Cleaning source node...
[03:46:25] Step 3: Cleaning destination node...
[03:46:26]   Killing PID 67742 on destination (from /home/ubuntu/app.pid)
[03:46:26]   Killing PID 67742 on destination (from /home/ubuntu/gol.pid)
[03:46:27]   Killing all remaining gol processes on destination...
[03:46:30] ✓ Reset complete, nodes are clean
[03:46:30]   Next: Start your application
[exit=0]

$ bash /home/ivo/Evaluation-of-Live-Migration-Strategies-at-the-Edge/Game-of-life-migration/scripts/workloads/start_gol_c.sh edge-node-1
[03:46:31] Ensuring gol binary on edge-node-1...
[03:46:31] Reusing existing /tmp/gol on edge-node-1
[03:46:31] Starting gol on edge-node-1...
[03:46:32] ✓ Gol started
[exit=0]
[repeat] warmup 2s

$ python3 /home/ivo/Evaluation-of-Live-Migration-Strategies-at-the-Edge/Game-of-life-migration/scripts/orchestrators/criu_benchmark.py postcopy --source edge-node-1 --dest edge-node-2 --transfer-mode host --run-id 01-05-2026-host-postcopy-0003 --relay-node edge-host-1 --page-server-port 9999 --profile-name 1_WiFi_6
[03:46:35] Starting postcopy migration...
[03:46:35] Source: edge-node-1, Dest: edge-node-2
[03:46:35] Transfer mode: host
[03:46:35] Relay node: edge-host-1

[03:46:35] === POST-COPY (LAZY-PAGES) MIGRATION ===
[03:46:35] Step 1: Checking source process...
[03:46:35]   Using PID from /home/ubuntu/gol.pid: 69514
[03:46:37]   Page-server endpoint: 10.138.215.218:9999
[03:46:37] Step 2: Final dump (freezing service) with --lazy-pages...
[03:46:37]   Dump PID: 69946
[03:46:38]   Dump init time (approx freeze duration): 1015 ms
[03:46:38] Step 3: Page-server ready on source (served by dump process)
[03:46:38] Step 4: Creating archive...
[03:46:38]   Archive size: 23389 bytes
[03:46:38] Step 5: Transferring archive...
  Transferring /home/ubuntu/CRIU-gol.tar.gz via relay node edge-host-1...
Setting up SSH trust: edge-node-1 → ubuntu@10.138.215.36
  Adding public key to destination's authorized_keys...
  Testing SSH connectivity...
  ✓ SSH trust ready
Setting up SSH trust: edge-host-1 → ubuntu@10.138.215.137
  Adding public key to destination's authorized_keys...
  Testing SSH connectivity...
  ✓ SSH trust ready
[03:46:46]   Transfer time: 7138 ms
[03:46:46] Step 6: Unpacking on destination...
[03:46:46] Step 6.8: Ensuring /tmp/gol binary is present on destination...
[03:46:46] Step 7: Starting lazy-pages daemon on destination...
[03:46:47]   Lazy-pages PID: 72873
[03:46:47] Step 8: Restoring process...
[03:46:48]   Restore time: 331 ms
[03:46:48]   Restored PID: 69514 (written to /home/ubuntu/gol.pid)
[03:46:48] Step 9: Verifying migration...
[03:46:54] ✓ gol.out updated after migration (mtime 1777600011 → 1777600014), simulation running!
[03:46:54] Total downtime: 8484 ms (dump: 1015 + transfer: 7138 + restore: 331)
[03:46:55] Metrics saved to /home/ivo/Evaluation-of-Live-Migration-Strategies-at-the-Edge/Game-of-life-migration/metrics/migration_metrics.csv
[exit=0]

$ python3 /home/ivo/Evaluation-of-Live-Migration-Strategies-at-the-Edge/Game-of-life-migration/scripts/setup/reset_nodes.py edge-node-1 edge-node-2
[03:46:55] Resetting nodes: edge-node-1 -> edge-node-2
[03:46:55] Step 1: Killing any existing processes on source...
[03:46:56]   Killing PID 69514 (from /home/ubuntu/app.pid)
[03:46:56]   Killing PID 69514 (from /home/ubuntu/gol.pid)
[03:46:57]   Killing any remaining background processes...
[03:46:58] Step 2: Cleaning source node...
[03:47:00] Step 3: Cleaning destination node...
[03:47:00]   Killing PID 69514 on destination (from /home/ubuntu/app.pid)
[03:47:01]   Killing PID 69514 on destination (from /home/ubuntu/gol.pid)
[03:47:01]   Killing all remaining gol processes on destination...
[03:47:04] ✓ Reset complete, nodes are clean
[03:47:04]   Next: Start your application
[exit=0]

$ bash /home/ivo/Evaluation-of-Live-Migration-Strategies-at-the-Edge/Game-of-life-migration/scripts/workloads/start_gol_c.sh edge-node-1
[03:47:04] Ensuring gol binary on edge-node-1...
[03:47:05] Reusing existing /tmp/gol on edge-node-1
[03:47:05] Starting gol on edge-node-1...
[03:47:06] ✓ Gol started
[exit=0]
[repeat] warmup 2s

$ python3 /home/ivo/Evaluation-of-Live-Migration-Strategies-at-the-Edge/Game-of-life-migration/scripts/orchestrators/criu_benchmark.py postcopy --source edge-node-1 --dest edge-node-2 --transfer-mode host --run-id 01-05-2026-host-postcopy-0004 --relay-node edge-host-1 --page-server-port 9999 --profile-name 1_WiFi_6
[03:47:08] Starting postcopy migration...
[03:47:08] Source: edge-node-1, Dest: edge-node-2
[03:47:08] Transfer mode: host
[03:47:08] Relay node: edge-host-1

[03:47:08] === POST-COPY (LAZY-PAGES) MIGRATION ===
[03:47:08] Step 1: Checking source process...
[03:47:09]   Using PID from /home/ubuntu/gol.pid: 71271
[03:47:10]   Page-server endpoint: 10.138.215.218:9999
[03:47:10] Step 2: Final dump (freezing service) with --lazy-pages...
[03:47:11]   Dump PID: 71711
[03:47:12]   Dump init time (approx freeze duration): 1075 ms
[03:47:12] Step 3: Page-server ready on source (served by dump process)
[03:47:12] Step 4: Creating archive...
[03:47:12]   Archive size: 23255 bytes
[03:47:12] Step 5: Transferring archive...
  Transferring /home/ubuntu/CRIU-gol.tar.gz via relay node edge-host-1...
Setting up SSH trust: edge-node-1 → ubuntu@10.138.215.36
  Adding public key to destination's authorized_keys...
  Testing SSH connectivity...
  ✓ SSH trust ready
Setting up SSH trust: edge-host-1 → ubuntu@10.138.215.137
  Adding public key to destination's authorized_keys...
  Testing SSH connectivity...
  ✓ SSH trust ready
[03:47:20]   Transfer time: 7465 ms
[03:47:20] Step 6: Unpacking on destination...
[03:47:20] Step 6.8: Ensuring /tmp/gol binary is present on destination...
[03:47:20] Step 7: Starting lazy-pages daemon on destination...
[03:47:21]   Lazy-pages PID: 74634
[03:47:21] Step 8: Restoring process...
[03:47:21]   Restore time: 324 ms
[03:47:22]   Restored PID: 71271 (written to /home/ubuntu/gol.pid)
[03:47:22] Step 9: Verifying migration...
[03:47:28] ✓ gol.out updated after migration (mtime 1777600045 → 1777600048), simulation running!
[03:47:28] Total downtime: 8864 ms (dump: 1075 + transfer: 7465 + restore: 324)
[03:47:29] Metrics saved to /home/ivo/Evaluation-of-Live-Migration-Strategies-at-the-Edge/Game-of-life-migration/metrics/migration_metrics.csv
[exit=0]

$ python3 /home/ivo/Evaluation-of-Live-Migration-Strategies-at-the-Edge/Game-of-life-migration/scripts/setup/reset_nodes.py edge-node-1 edge-node-2
[03:47:30] Resetting nodes: edge-node-1 -> edge-node-2
[03:47:30] Step 1: Killing any existing processes on source...
[03:47:30]   Killing PID 71271 (from /home/ubuntu/app.pid)
[03:47:31]   Killing PID 71271 (from /home/ubuntu/gol.pid)
[03:47:31]   Killing any remaining background processes...
[03:47:33] Step 2: Cleaning source node...
[03:47:34] Step 3: Cleaning destination node...
[03:47:34]   Killing PID 71271 on destination (from /home/ubuntu/app.pid)
[03:47:35]   Killing PID 71271 on destination (from /home/ubuntu/gol.pid)
[03:47:35]   Killing all remaining gol processes on destination...
[03:47:39] ✓ Reset complete, nodes are clean
[03:47:39]   Next: Start your application
[exit=0]

$ bash /home/ivo/Evaluation-of-Live-Migration-Strategies-at-the-Edge/Game-of-life-migration/scripts/workloads/start_gol_c.sh edge-node-1
[03:47:39] Ensuring gol binary on edge-node-1...
[03:47:39] Reusing existing /tmp/gol on edge-node-1
[03:47:39] Starting gol on edge-node-1...
[03:47:40] ✓ Gol started
[exit=0]
[repeat] warmup 2s

$ python3 /home/ivo/Evaluation-of-Live-Migration-Strategies-at-the-Edge/Game-of-life-migration/scripts/orchestrators/criu_benchmark.py postcopy --source edge-node-1 --dest edge-node-2 --transfer-mode host --run-id 01-05-2026-host-postcopy-0005 --relay-node edge-host-1 --page-server-port 9999 --profile-name 1_WiFi_6
[03:47:43] Starting postcopy migration...
[03:47:43] Source: edge-node-1, Dest: edge-node-2
[03:47:43] Transfer mode: host
[03:47:43] Relay node: edge-host-1

[03:47:43] === POST-COPY (LAZY-PAGES) MIGRATION ===
[03:47:43] Step 1: Checking source process...
[03:47:43]   Using PID from /home/ubuntu/gol.pid: 73039
[03:47:45]   Page-server endpoint: 10.138.215.218:9999
[03:47:45] Step 2: Final dump (freezing service) with --lazy-pages...
[03:47:45]   Dump PID: 73479
[03:47:46]   Dump init time (approx freeze duration): 1080 ms
[03:47:46] Step 3: Page-server ready on source (served by dump process)
[03:47:46] Step 4: Creating archive...
[03:47:47]   Archive size: 23319 bytes
[03:47:47] Step 5: Transferring archive...
  Transferring /home/ubuntu/CRIU-gol.tar.gz via relay node edge-host-1...
Setting up SSH trust: edge-node-1 → ubuntu@10.138.215.36
  Adding public key to destination's authorized_keys...
  Testing SSH connectivity...
  ✓ SSH trust ready
Setting up SSH trust: edge-host-1 → ubuntu@10.138.215.137
  Adding public key to destination's authorized_keys...
  Testing SSH connectivity...
  ✓ SSH trust ready
[03:47:54]   Transfer time: 7145 ms
[03:47:54] Step 6: Unpacking on destination...
[03:47:54] Step 6.8: Ensuring /tmp/gol binary is present on destination...
[03:47:55] Step 7: Starting lazy-pages daemon on destination...
[03:47:55]   Lazy-pages PID: 76414
[03:47:55] Step 8: Restoring process...
[03:47:56]   Restore time: 336 ms
[03:47:56]   Restored PID: 73039 (written to /home/ubuntu/gol.pid)
[03:47:56] Step 9: Verifying migration...
[03:48:02] ✓ gol.out updated after migration (mtime 1777600079 → 1777600082), simulation running!
[03:48:02] Total downtime: 8561 ms (dump: 1080 + transfer: 7145 + restore: 336)
[03:48:03] Metrics saved to /home/ivo/Evaluation-of-Live-Migration-Strategies-at-the-Edge/Game-of-life-migration/metrics/migration_metrics.csv
[exit=0]

$ python3 /home/ivo/Evaluation-of-Live-Migration-Strategies-at-the-Edge/Game-of-life-migration/scripts/setup/reset_nodes.py edge-node-1 edge-node-2
[03:48:03] Resetting nodes: edge-node-1 -> edge-node-2
[03:48:03] Step 1: Killing any existing processes on source...
[03:48:04]   Killing PID 73039 (from /home/ubuntu/app.pid)
[03:48:05]   Killing PID 73039 (from /home/ubuntu/gol.pid)
[03:48:05]   Killing any remaining background processes...
[03:48:06] Step 2: Cleaning source node...
[03:48:08] Step 3: Cleaning destination node...
[03:48:08]   Killing PID 73039 on destination (from /home/ubuntu/app.pid)
[03:48:09]   Killing PID 73039 on destination (from /home/ubuntu/gol.pid)
[03:48:09]   Killing all remaining gol processes on destination...
[03:48:13] ✓ Reset complete, nodes are clean
[03:48:13]   Next: Start your application
[exit=0]

$ bash /home/ivo/Evaluation-of-Live-Migration-Strategies-at-the-Edge/Game-of-life-migration/scripts/workloads/start_gol_c.sh edge-node-1
[03:48:13] Ensuring gol binary on edge-node-1...
[03:48:13] Reusing existing /tmp/gol on edge-node-1
[03:48:13] Starting gol on edge-node-1...
[03:48:14] ✓ Gol started
[exit=0]
[repeat] warmup 2s

$ python3 /home/ivo/Evaluation-of-Live-Migration-Strategies-at-the-Edge/Game-of-life-migration/scripts/orchestrators/criu_benchmark.py postcopy --source edge-node-1 --dest edge-node-2 --transfer-mode host --run-id 01-05-2026-host-postcopy-0006 --relay-node edge-host-1 --page-server-port 9999 --profile-name 1_WiFi_6
[03:48:17] Starting postcopy migration...
[03:48:17] Source: edge-node-1, Dest: edge-node-2
[03:48:17] Transfer mode: host
[03:48:17] Relay node: edge-host-1

[03:48:17] === POST-COPY (LAZY-PAGES) MIGRATION ===
[03:48:17] Step 1: Checking source process...
[03:48:17]   Using PID from /home/ubuntu/gol.pid: 74803
[03:48:19]   Page-server endpoint: 10.138.215.218:9999
[03:48:19] Step 2: Final dump (freezing service) with --lazy-pages...
[03:48:19]   Dump PID: 75235
[03:48:19]   Dump init time (approx freeze duration): 909 ms
[03:48:19] Step 3: Page-server ready on source (served by dump process)
[03:48:19] Step 4: Creating archive...
[03:48:20]   Archive size: 23331 bytes
[03:48:20] Step 5: Transferring archive...
  Transferring /home/ubuntu/CRIU-gol.tar.gz via relay node edge-host-1...
Setting up SSH trust: edge-node-1 → ubuntu@10.138.215.36
  Adding public key to destination's authorized_keys...
  Testing SSH connectivity...
  ✓ SSH trust ready
Setting up SSH trust: edge-host-1 → ubuntu@10.138.215.137
  Adding public key to destination's authorized_keys...
  Testing SSH connectivity...
  ✓ SSH trust ready
[03:48:28]   Transfer time: 7303 ms
[03:48:28] Step 6: Unpacking on destination...
[03:48:28] Step 6.8: Ensuring /tmp/gol binary is present on destination...
[03:48:28] Step 7: Starting lazy-pages daemon on destination...
[03:48:29]   Lazy-pages PID: 78175
[03:48:29] Step 8: Restoring process...
[03:48:29]   Restore time: 337 ms
[03:48:30]   Restored PID: 74803 (written to /home/ubuntu/gol.pid)
[03:48:30] Step 9: Verifying migration...
[03:48:36] ✓ gol.out updated after migration (mtime 1777600113 → 1777600115), simulation running!
[03:48:36] Total downtime: 8549 ms (dump: 909 + transfer: 7303 + restore: 337)
[03:48:37] Metrics saved to /home/ivo/Evaluation-of-Live-Migration-Strategies-at-the-Edge/Game-of-life-migration/metrics/migration_metrics.csv
[exit=0]

$ python3 /home/ivo/Evaluation-of-Live-Migration-Strategies-at-the-Edge/Game-of-life-migration/scripts/setup/reset_nodes.py edge-node-1 edge-node-2
[03:48:38] Resetting nodes: edge-node-1 -> edge-node-2
[03:48:38] Step 1: Killing any existing processes on source...
[03:48:38]   Killing PID 74803 (from /home/ubuntu/app.pid)
[03:48:39]   Killing PID 74803 (from /home/ubuntu/gol.pid)
[03:48:39]   Killing any remaining background processes...
[03:48:41] Step 2: Cleaning source node...
[03:48:42] Step 3: Cleaning destination node...
[03:48:42]   Killing PID 74803 on destination (from /home/ubuntu/app.pid)
[03:48:43]   Killing PID 74803 on destination (from /home/ubuntu/gol.pid)
[03:48:44]   Killing all remaining gol processes on destination...
[03:48:47] ✓ Reset complete, nodes are clean
[03:48:47]   Next: Start your application
[exit=0]

$ bash /home/ivo/Evaluation-of-Live-Migration-Strategies-at-the-Edge/Game-of-life-migration/scripts/workloads/start_gol_c.sh edge-node-1
[03:48:47] Ensuring gol binary on edge-node-1...
[03:48:47] Reusing existing /tmp/gol on edge-node-1
[03:48:47] Starting gol on edge-node-1...
[03:48:49] ✓ Gol started
[exit=0]
[repeat] warmup 2s

$ python3 /home/ivo/Evaluation-of-Live-Migration-Strategies-at-the-Edge/Game-of-life-migration/scripts/orchestrators/criu_benchmark.py postcopy --source edge-node-1 --dest edge-node-2 --transfer-mode host --run-id 01-05-2026-host-postcopy-0007 --relay-node edge-host-1 --page-server-port 9999 --profile-name 1_WiFi_6
[03:48:51] Starting postcopy migration...
[03:48:51] Source: edge-node-1, Dest: edge-node-2
[03:48:51] Transfer mode: host
[03:48:51] Relay node: edge-host-1

[03:48:51] === POST-COPY (LAZY-PAGES) MIGRATION ===
[03:48:51] Step 1: Checking source process...
[03:48:52]   Using PID from /home/ubuntu/gol.pid: 76568
[03:48:53]   Page-server endpoint: 10.138.215.218:9999
[03:48:53] Step 2: Final dump (freezing service) with --lazy-pages...
[03:48:53]   Dump PID: 77009
[03:48:54]   Dump init time (approx freeze duration): 1029 ms
[03:48:54] Step 3: Page-server ready on source (served by dump process)
[03:48:54] Step 4: Creating archive...
[03:48:55]   Archive size: 23329 bytes
[03:48:55] Step 5: Transferring archive...
  Transferring /home/ubuntu/CRIU-gol.tar.gz via relay node edge-host-1...
Setting up SSH trust: edge-node-1 → ubuntu@10.138.215.36
  Adding public key to destination's authorized_keys...
  Testing SSH connectivity...
  ✓ SSH trust ready
Setting up SSH trust: edge-host-1 → ubuntu@10.138.215.137
  Adding public key to destination's authorized_keys...
  Testing SSH connectivity...
  ✓ SSH trust ready
[03:49:02]   Transfer time: 6993 ms
[03:49:02] Step 6: Unpacking on destination...
[03:49:02] Step 6.8: Ensuring /tmp/gol binary is present on destination...
[03:49:02] Step 7: Starting lazy-pages daemon on destination...
[03:49:03]   Lazy-pages PID: 79945
[03:49:03] Step 8: Restoring process...
[03:49:04]   Restore time: 327 ms
[03:49:04]   Restored PID: 76568 (written to /home/ubuntu/gol.pid)
[03:49:04] Step 9: Verifying migration...
[03:49:10] ✓ gol.out updated after migration (mtime 1777600147 → 1777600150), simulation running!
[03:49:10] Total downtime: 8349 ms (dump: 1029 + transfer: 6993 + restore: 327)
[03:49:11] Metrics saved to /home/ivo/Evaluation-of-Live-Migration-Strategies-at-the-Edge/Game-of-life-migration/metrics/migration_metrics.csv
[exit=0]

$ python3 /home/ivo/Evaluation-of-Live-Migration-Strategies-at-the-Edge/Game-of-life-migration/scripts/setup/reset_nodes.py edge-node-1 edge-node-2
[03:49:11] Resetting nodes: edge-node-1 -> edge-node-2
[03:49:11] Step 1: Killing any existing processes on source...
[03:49:11]   Killing PID 76568 (from /home/ubuntu/app.pid)
[03:49:12]   Killing PID 76568 (from /home/ubuntu/gol.pid)
[03:49:13]   Killing any remaining background processes...
[03:49:14] Step 2: Cleaning source node...
[03:49:15] Step 3: Cleaning destination node...
[03:49:16]   Killing PID 76568 on destination (from /home/ubuntu/app.pid)
[03:49:16]   Killing PID 76568 on destination (from /home/ubuntu/gol.pid)
[03:49:17]   Killing all remaining gol processes on destination...
[03:49:20] ✓ Reset complete, nodes are clean
[03:49:20]   Next: Start your application
[exit=0]

$ bash /home/ivo/Evaluation-of-Live-Migration-Strategies-at-the-Edge/Game-of-life-migration/scripts/workloads/start_gol_c.sh edge-node-1
[03:49:20] Ensuring gol binary on edge-node-1...
[03:49:21] Reusing existing /tmp/gol on edge-node-1
[03:49:21] Starting gol on edge-node-1...
[03:49:22] ✓ Gol started
[exit=0]
[repeat] warmup 2s

$ python3 /home/ivo/Evaluation-of-Live-Migration-Strategies-at-the-Edge/Game-of-life-migration/scripts/orchestrators/criu_benchmark.py postcopy --source edge-node-1 --dest edge-node-2 --transfer-mode host --run-id 01-05-2026-host-postcopy-0008 --relay-node edge-host-1 --page-server-port 9999 --profile-name 1_WiFi_6
[03:49:24] Starting postcopy migration...
[03:49:24] Source: edge-node-1, Dest: edge-node-2
[03:49:24] Transfer mode: host
[03:49:24] Relay node: edge-host-1

[03:49:24] === POST-COPY (LAZY-PAGES) MIGRATION ===
[03:49:24] Step 1: Checking source process...
[03:49:25]   Using PID from /home/ubuntu/gol.pid: 78326
[03:49:26]   Page-server endpoint: 10.138.215.218:9999
[03:49:26] Step 2: Final dump (freezing service) with --lazy-pages...
[03:49:27]   Dump PID: 78766
[03:49:27]   Dump init time (approx freeze duration): 1048 ms
[03:49:27] Step 3: Page-server ready on source (served by dump process)
[03:49:27] Step 4: Creating archive...
[03:49:28]   Archive size: 23298 bytes
[03:49:28] Step 5: Transferring archive...
  Transferring /home/ubuntu/CRIU-gol.tar.gz via relay node edge-host-1...
Setting up SSH trust: edge-node-1 → ubuntu@10.138.215.36
  Adding public key to destination's authorized_keys...
  Testing SSH connectivity...
  ✓ SSH trust ready
Setting up SSH trust: edge-host-1 → ubuntu@10.138.215.137
  Adding public key to destination's authorized_keys...
  Testing SSH connectivity...
  ✓ SSH trust ready
[03:49:36]   Transfer time: 7726 ms
[03:49:36] Step 6: Unpacking on destination...
[03:49:36] Step 6.8: Ensuring /tmp/gol binary is present on destination...
[03:49:37] Step 7: Starting lazy-pages daemon on destination...
[03:49:37]   Lazy-pages PID: 81722
[03:49:37] Step 8: Restoring process...
[03:49:38]   Restore time: 353 ms
[03:49:38]   Restored PID: 78326 (written to /home/ubuntu/gol.pid)
[03:49:38] Step 9: Verifying migration...
[03:49:44] ✓ gol.out updated after migration (mtime 1777600181 → 1777600184), simulation running!
[03:49:44] Total downtime: 9127 ms (dump: 1048 + transfer: 7726 + restore: 353)
[03:49:45] Metrics saved to /home/ivo/Evaluation-of-Live-Migration-Strategies-at-the-Edge/Game-of-life-migration/metrics/migration_metrics.csv
[exit=0]

$ python3 /home/ivo/Evaluation-of-Live-Migration-Strategies-at-the-Edge/Game-of-life-migration/scripts/setup/reset_nodes.py edge-node-1 edge-node-2
[03:49:46] Resetting nodes: edge-node-1 -> edge-node-2
[03:49:46] Step 1: Killing any existing processes on source...
[03:49:46]   Killing PID 78326 (from /home/ubuntu/app.pid)
[03:49:47]   Killing PID 78326 (from /home/ubuntu/gol.pid)
[03:49:47]   Killing any remaining background processes...
[03:49:49] Step 2: Cleaning source node...
[03:49:50] Step 3: Cleaning destination node...
[03:49:50]   Killing PID 78326 on destination (from /home/ubuntu/app.pid)
[03:49:51]   Killing PID 78326 on destination (from /home/ubuntu/gol.pid)
[03:49:51]   Killing all remaining gol processes on destination...
[03:49:55] ✓ Reset complete, nodes are clean
[03:49:55]   Next: Start your application
[exit=0]

$ bash /home/ivo/Evaluation-of-Live-Migration-Strategies-at-the-Edge/Game-of-life-migration/scripts/workloads/start_gol_c.sh edge-node-1
[03:49:55] Ensuring gol binary on edge-node-1...
[03:49:55] Reusing existing /tmp/gol on edge-node-1
[03:49:55] Starting gol on edge-node-1...
[03:49:57] ✓ Gol started
[exit=0]
[repeat] warmup 2s

$ python3 /home/ivo/Evaluation-of-Live-Migration-Strategies-at-the-Edge/Game-of-life-migration/scripts/orchestrators/criu_benchmark.py postcopy --source edge-node-1 --dest edge-node-2 --transfer-mode host --run-id 01-05-2026-host-postcopy-0009 --relay-node edge-host-1 --page-server-port 9999 --profile-name 1_WiFi_6
[03:49:59] Starting postcopy migration...
[03:49:59] Source: edge-node-1, Dest: edge-node-2
[03:49:59] Transfer mode: host
[03:49:59] Relay node: edge-host-1

[03:49:59] === POST-COPY (LAZY-PAGES) MIGRATION ===
[03:49:59] Step 1: Checking source process...
[03:50:00]   Using PID from /home/ubuntu/gol.pid: 80099
[03:50:01]   Page-server endpoint: 10.138.215.218:9999
[03:50:01] Step 2: Final dump (freezing service) with --lazy-pages...
[03:50:02]   Dump PID: 80533
[03:50:02]   Dump init time (approx freeze duration): 1116 ms
[03:50:02] Step 3: Page-server ready on source (served by dump process)
[03:50:02] Step 4: Creating archive...
[03:50:03]   Archive size: 23335 bytes
[03:50:03] Step 5: Transferring archive...
  Transferring /home/ubuntu/CRIU-gol.tar.gz via relay node edge-host-1...
Setting up SSH trust: edge-node-1 → ubuntu@10.138.215.36
  Adding public key to destination's authorized_keys...
  Testing SSH connectivity...
  ✓ SSH trust ready
Setting up SSH trust: edge-host-1 → ubuntu@10.138.215.137
  Adding public key to destination's authorized_keys...
  Testing SSH connectivity...
  ✓ SSH trust ready
[03:50:10]   Transfer time: 6995 ms
[03:50:10] Step 6: Unpacking on destination...
[03:50:10] Step 6.8: Ensuring /tmp/gol binary is present on destination...
[03:50:11] Step 7: Starting lazy-pages daemon on destination...
[03:50:11]   Lazy-pages PID: 83484
[03:50:11] Step 8: Restoring process...
[03:50:12]   Restore time: 298 ms
[03:50:12]   Restored PID: 80099 (written to /home/ubuntu/gol.pid)
[03:50:12] Step 9: Verifying migration...
[03:50:18] ✓ gol.out updated after migration (mtime 1777600215 → 1777600218), simulation running!
[03:50:18] Total downtime: 8409 ms (dump: 1116 + transfer: 6995 + restore: 298)
[03:50:19] Metrics saved to /home/ivo/Evaluation-of-Live-Migration-Strategies-at-the-Edge/Game-of-life-migration/metrics/migration_metrics.csv
[exit=0]

$ python3 /home/ivo/Evaluation-of-Live-Migration-Strategies-at-the-Edge/Game-of-life-migration/scripts/setup/reset_nodes.py edge-node-1 edge-node-2
[03:50:19] Resetting nodes: edge-node-1 -> edge-node-2
[03:50:19] Step 1: Killing any existing processes on source...
[03:50:20]   Killing PID 80099 (from /home/ubuntu/app.pid)
[03:50:20]   Killing PID 80099 (from /home/ubuntu/gol.pid)
[03:50:21]   Killing any remaining background processes...
[03:50:22] Step 2: Cleaning source node...
[03:50:23] Step 3: Cleaning destination node...
[03:50:24]   Killing PID 80099 on destination (from /home/ubuntu/app.pid)
[03:50:24]   Killing PID 80099 on destination (from /home/ubuntu/gol.pid)
[03:50:25]   Killing all remaining gol processes on destination...
[03:50:28] ✓ Reset complete, nodes are clean
[03:50:28]   Next: Start your application
[exit=0]

$ bash /home/ivo/Evaluation-of-Live-Migration-Strategies-at-the-Edge/Game-of-life-migration/scripts/workloads/start_gol_c.sh edge-node-1
[03:50:28] Ensuring gol binary on edge-node-1...
[03:50:28] Reusing existing /tmp/gol on edge-node-1
[03:50:28] Starting gol on edge-node-1...
[03:50:30] ✓ Gol started
[exit=0]
[repeat] warmup 2s

$ python3 /home/ivo/Evaluation-of-Live-Migration-Strategies-at-the-Edge/Game-of-life-migration/scripts/orchestrators/criu_benchmark.py postcopy --source edge-node-1 --dest edge-node-2 --transfer-mode direct --run-id 01-05-2026-direct-postcopy-0000 --page-server-port 9999 --profile-name 1_WiFi_6
[03:50:32] Starting postcopy migration...
[03:50:32] Source: edge-node-1, Dest: edge-node-2
[03:50:32] Transfer mode: direct

[03:50:32] === POST-COPY (LAZY-PAGES) MIGRATION ===
[03:50:32] Step 1: Checking source process...
[03:50:33]   Using PID from /home/ubuntu/gol.pid: 81857
[03:50:34]   Page-server endpoint: 10.138.215.218:9999
[03:50:34] Step 2: Final dump (freezing service) with --lazy-pages...
[03:50:35]   Dump PID: 82297
[03:50:35]   Dump init time (approx freeze duration): 1064 ms
[03:50:35] Step 3: Page-server ready on source (served by dump process)
[03:50:35] Step 4: Creating archive...
[03:50:36]   Archive size: 23527 bytes
[03:50:36] Step 5: Transferring archive...
[03:50:36]   Setting up direct SSH trust...
Setting up SSH trust: edge-node-1 → ubuntu@10.138.215.137
  Adding public key to destination's authorized_keys...
  Testing SSH connectivity...
  ✓ SSH trust ready
Setting up SSH trust: edge-node-1 → ubuntu@10.138.215.137
  Adding public key to destination's authorized_keys...
  Testing SSH connectivity...
  ✓ SSH trust ready
  Transferring /home/ubuntu/CRIU-gol.tar.gz via SCP...
[03:50:41]   Transfer time: 3140 ms
[03:50:41] Step 6: Unpacking on destination...
[03:50:42] Step 6.8: Ensuring /tmp/gol binary is present on destination...
[03:50:42] Step 7: Starting lazy-pages daemon on destination...
[03:50:42]   Lazy-pages PID: 85409
[03:50:43] Step 8: Restoring process...
[03:50:43]   Restore time: 357 ms
[03:50:43]   Restored PID: 81857 (written to /home/ubuntu/gol.pid)
[03:50:44] Step 9: Verifying migration...
[03:50:49] ✓ gol.out updated after migration (mtime 1777600246 → 1777600249), simulation running!
[03:50:49] Total downtime: 4561 ms (dump: 1064 + transfer: 3140 + restore: 357)
[03:50:51] Metrics saved to /home/ivo/Evaluation-of-Live-Migration-Strategies-at-the-Edge/Game-of-life-migration/metrics/migration_metrics.csv
[exit=0]

$ python3 /home/ivo/Evaluation-of-Live-Migration-Strategies-at-the-Edge/Game-of-life-migration/scripts/setup/reset_nodes.py edge-node-1 edge-node-2
[03:50:51] Resetting nodes: edge-node-1 -> edge-node-2
[03:50:51] Step 1: Killing any existing processes on source...
[03:50:51]   Killing PID 81857 (from /home/ubuntu/app.pid)
[03:50:52]   Killing PID 81857 (from /home/ubuntu/gol.pid)
[03:50:52]   Killing any remaining background processes...
[03:50:54] Step 2: Cleaning source node...
[03:50:55] Step 3: Cleaning destination node...
[03:50:55]   Killing PID 81857 on destination (from /home/ubuntu/app.pid)
[03:50:56]   Killing PID 81857 on destination (from /home/ubuntu/gol.pid)
[03:50:57]   Killing all remaining gol processes on destination...
[03:51:00] ✓ Reset complete, nodes are clean
[03:51:00]   Next: Start your application
[exit=0]

$ bash /home/ivo/Evaluation-of-Live-Migration-Strategies-at-the-Edge/Game-of-life-migration/scripts/workloads/start_gol_c.sh edge-node-1
[03:51:00] Ensuring gol binary on edge-node-1...
[03:51:00] Reusing existing /tmp/gol on edge-node-1
[03:51:00] Starting gol on edge-node-1...
[03:51:01] ✓ Gol started
[exit=0]
[repeat] warmup 2s

$ python3 /home/ivo/Evaluation-of-Live-Migration-Strategies-at-the-Edge/Game-of-life-migration/scripts/orchestrators/criu_benchmark.py postcopy --source edge-node-1 --dest edge-node-2 --transfer-mode direct --run-id 01-05-2026-direct-postcopy-0001 --page-server-port 9999 --profile-name 1_WiFi_6
[03:51:04] Starting postcopy migration...
[03:51:04] Source: edge-node-1, Dest: edge-node-2
[03:51:04] Transfer mode: direct

[03:51:04] === POST-COPY (LAZY-PAGES) MIGRATION ===
[03:51:04] Step 1: Checking source process...
[03:51:04]   Using PID from /home/ubuntu/gol.pid: 83726
[03:51:06]   Page-server endpoint: 10.138.215.218:9999
[03:51:06] Step 2: Final dump (freezing service) with --lazy-pages...
[03:51:06]   Dump PID: 84165
[03:51:07]   Dump init time (approx freeze duration): 1023 ms
[03:51:07] Step 3: Page-server ready on source (served by dump process)
[03:51:07] Step 4: Creating archive...
[03:51:07]   Archive size: 23476 bytes
[03:51:07] Step 5: Transferring archive...
[03:51:07]   Setting up direct SSH trust...
Setting up SSH trust: edge-node-1 → ubuntu@10.138.215.137
  Adding public key to destination's authorized_keys...
  Testing SSH connectivity...
  ✓ SSH trust ready
Setting up SSH trust: edge-node-1 → ubuntu@10.138.215.137
  Adding public key to destination's authorized_keys...
  Testing SSH connectivity...
  ✓ SSH trust ready
  Transferring /home/ubuntu/CRIU-gol.tar.gz via SCP...
[03:51:12]   Transfer time: 3027 ms
[03:51:12] Step 6: Unpacking on destination...
[03:51:13] Step 6.8: Ensuring /tmp/gol binary is present on destination...
[03:51:13] Step 7: Starting lazy-pages daemon on destination...
[03:51:14]   Lazy-pages PID: 87325
[03:51:14] Step 8: Restoring process...
[03:51:14]   Restore time: 338 ms
[03:51:15]   Restored PID: 83726 (written to /home/ubuntu/gol.pid)
[03:51:15] Step 9: Verifying migration...
[03:51:20] ✓ gol.out updated after migration (mtime 1777600277 → 1777600280), simulation running!
[03:51:20] Total downtime: 4388 ms (dump: 1023 + transfer: 3027 + restore: 338)
[03:51:22] Metrics saved to /home/ivo/Evaluation-of-Live-Migration-Strategies-at-the-Edge/Game-of-life-migration/metrics/migration_metrics.csv
[exit=0]

$ python3 /home/ivo/Evaluation-of-Live-Migration-Strategies-at-the-Edge/Game-of-life-migration/scripts/setup/reset_nodes.py edge-node-1 edge-node-2
[03:51:22] Resetting nodes: edge-node-1 -> edge-node-2
[03:51:22] Step 1: Killing any existing processes on source...
[03:51:22]   Killing PID 83726 (from /home/ubuntu/app.pid)
[03:51:23]   Killing PID 83726 (from /home/ubuntu/gol.pid)
[03:51:24]   Killing any remaining background processes...
[03:51:25] Step 2: Cleaning source node...
[03:51:26] Step 3: Cleaning destination node...
[03:51:26]   Killing PID 83726 on destination (from /home/ubuntu/app.pid)
[03:51:27]   Killing PID 83726 on destination (from /home/ubuntu/gol.pid)
[03:51:28]   Killing all remaining gol processes on destination...
[03:51:31] ✓ Reset complete, nodes are clean
[03:51:31]   Next: Start your application
[exit=0]

$ bash /home/ivo/Evaluation-of-Live-Migration-Strategies-at-the-Edge/Game-of-life-migration/scripts/workloads/start_gol_c.sh edge-node-1
[03:51:31] Ensuring gol binary on edge-node-1...
[03:51:31] Reusing existing /tmp/gol on edge-node-1
[03:51:31] Starting gol on edge-node-1...
[03:51:33] ✓ Gol started
[exit=0]
[repeat] warmup 2s

$ python3 /home/ivo/Evaluation-of-Live-Migration-Strategies-at-the-Edge/Game-of-life-migration/scripts/orchestrators/criu_benchmark.py postcopy --source edge-node-1 --dest edge-node-2 --transfer-mode direct --run-id 01-05-2026-direct-postcopy-0002 --page-server-port 9999 --profile-name 1_WiFi_6
[03:51:35] Starting postcopy migration...
[03:51:35] Source: edge-node-1, Dest: edge-node-2
[03:51:35] Transfer mode: direct

[03:51:35] === POST-COPY (LAZY-PAGES) MIGRATION ===
[03:51:35] Step 1: Checking source process...
[03:51:36]   Using PID from /home/ubuntu/gol.pid: 85585
[03:51:37]   Page-server endpoint: 10.138.215.218:9999
[03:51:37] Step 2: Final dump (freezing service) with --lazy-pages...
[03:51:38]   Dump PID: 86026
[03:51:38]   Dump init time (approx freeze duration): 985 ms
[03:51:38] Step 3: Page-server ready on source (served by dump process)
[03:51:38] Step 4: Creating archive...
[03:51:39]   Archive size: 23373 bytes
[03:51:39] Step 5: Transferring archive...
[03:51:39]   Setting up direct SSH trust...
Setting up SSH trust: edge-node-1 → ubuntu@10.138.215.137
  Adding public key to destination's authorized_keys...
  Testing SSH connectivity...
  ✓ SSH trust ready
Setting up SSH trust: edge-node-1 → ubuntu@10.138.215.137
  Adding public key to destination's authorized_keys...
  Testing SSH connectivity...
  ✓ SSH trust ready
  Transferring /home/ubuntu/CRIU-gol.tar.gz via SCP...
[03:51:44]   Transfer time: 2997 ms
[03:51:44] Step 6: Unpacking on destination...
[03:51:45] Step 6.8: Ensuring /tmp/gol binary is present on destination...
[03:51:45] Step 7: Starting lazy-pages daemon on destination...
[03:51:45]   Lazy-pages PID: 89249
[03:51:46] Step 8: Restoring process...
[03:51:46]   Restore time: 330 ms
[03:51:46]   Restored PID: 85585 (written to /home/ubuntu/gol.pid)
[03:51:46] Step 9: Verifying migration...
[03:51:52] ✓ gol.out updated after migration (mtime 1777600309 → 1777600312), simulation running!
[03:51:52] Total downtime: 4312 ms (dump: 985 + transfer: 2997 + restore: 330)
[03:51:53] Metrics saved to /home/ivo/Evaluation-of-Live-Migration-Strategies-at-the-Edge/Game-of-life-migration/metrics/migration_metrics.csv
[exit=0]

$ python3 /home/ivo/Evaluation-of-Live-Migration-Strategies-at-the-Edge/Game-of-life-migration/scripts/setup/reset_nodes.py edge-node-1 edge-node-2
[03:51:54] Resetting nodes: edge-node-1 -> edge-node-2
[03:51:54] Step 1: Killing any existing processes on source...
[03:51:54]   Killing PID 85585 (from /home/ubuntu/app.pid)
[03:51:55]   Killing PID 85585 (from /home/ubuntu/gol.pid)
[03:51:55]   Killing any remaining background processes...
[03:51:57] Step 2: Cleaning source node...
[03:51:58] Step 3: Cleaning destination node...
[03:51:58]   Killing PID 85585 on destination (from /home/ubuntu/app.pid)
[03:51:59]   Killing PID 85585 on destination (from /home/ubuntu/gol.pid)
[03:51:59]   Killing all remaining gol processes on destination...
[03:52:03] ✓ Reset complete, nodes are clean
[03:52:03]   Next: Start your application
[exit=0]

$ bash /home/ivo/Evaluation-of-Live-Migration-Strategies-at-the-Edge/Game-of-life-migration/scripts/workloads/start_gol_c.sh edge-node-1
[03:52:03] Ensuring gol binary on edge-node-1...
[03:52:03] Reusing existing /tmp/gol on edge-node-1
[03:52:03] Starting gol on edge-node-1...
[03:52:04] ✓ Gol started
[exit=0]
[repeat] warmup 2s

$ python3 /home/ivo/Evaluation-of-Live-Migration-Strategies-at-the-Edge/Game-of-life-migration/scripts/orchestrators/criu_benchmark.py postcopy --source edge-node-1 --dest edge-node-2 --transfer-mode direct --run-id 01-05-2026-direct-postcopy-0003 --page-server-port 9999 --profile-name 1_WiFi_6
[03:52:07] Starting postcopy migration...
[03:52:07] Source: edge-node-1, Dest: edge-node-2
[03:52:07] Transfer mode: direct

[03:52:07] === POST-COPY (LAZY-PAGES) MIGRATION ===
[03:52:07] Step 1: Checking source process...
[03:52:07]   Using PID from /home/ubuntu/gol.pid: 87455
[03:52:09]   Page-server endpoint: 10.138.215.218:9999
[03:52:09] Step 2: Final dump (freezing service) with --lazy-pages...
[03:52:09]   Dump PID: 87895
[03:52:10]   Dump init time (approx freeze duration): 957 ms
[03:52:10] Step 3: Page-server ready on source (served by dump process)
[03:52:10] Step 4: Creating archive...
[03:52:10]   Archive size: 23362 bytes
[03:52:10] Step 5: Transferring archive...
[03:52:10]   Setting up direct SSH trust...
Setting up SSH trust: edge-node-1 → ubuntu@10.138.215.137
  Adding public key to destination's authorized_keys...
  Testing SSH connectivity...
  ✓ SSH trust ready
Setting up SSH trust: edge-node-1 → ubuntu@10.138.215.137
  Adding public key to destination's authorized_keys...
  Testing SSH connectivity...
  ✓ SSH trust ready
  Transferring /home/ubuntu/CRIU-gol.tar.gz via SCP...
[03:52:15]   Transfer time: 3167 ms
[03:52:15] Step 6: Unpacking on destination...
[03:52:16] Step 6.8: Ensuring /tmp/gol binary is present on destination...
[03:52:16] Step 7: Starting lazy-pages daemon on destination...
[03:52:17]   Lazy-pages PID: 91164
[03:52:17] Step 8: Restoring process...
[03:52:17]   Restore time: 321 ms
[03:52:18]   Restored PID: 87455 (written to /home/ubuntu/gol.pid)
[03:52:18] Step 9: Verifying migration...
[03:52:24] ✓ gol.out updated after migration (mtime 1777600340 → 1777600343), simulation running!
[03:52:24] Total downtime: 4445 ms (dump: 957 + transfer: 3167 + restore: 321)
[03:52:25] Metrics saved to /home/ivo/Evaluation-of-Live-Migration-Strategies-at-the-Edge/Game-of-life-migration/metrics/migration_metrics.csv
[exit=0]

$ python3 /home/ivo/Evaluation-of-Live-Migration-Strategies-at-the-Edge/Game-of-life-migration/scripts/setup/reset_nodes.py edge-node-1 edge-node-2
[03:52:25] Resetting nodes: edge-node-1 -> edge-node-2
[03:52:25] Step 1: Killing any existing processes on source...
[03:52:25]   Killing PID 87455 (from /home/ubuntu/app.pid)
[03:52:26]   Killing PID 87455 (from /home/ubuntu/gol.pid)
[03:52:27]   Killing any remaining background processes...
[03:52:28] Step 2: Cleaning source node...
[03:52:29] Step 3: Cleaning destination node...
[03:52:29]   Killing PID 87455 on destination (from /home/ubuntu/app.pid)
[03:52:30]   Killing PID 87455 on destination (from /home/ubuntu/gol.pid)
[03:52:31]   Killing all remaining gol processes on destination...
[03:52:34] ✓ Reset complete, nodes are clean
[03:52:34]   Next: Start your application
[exit=0]

$ bash /home/ivo/Evaluation-of-Live-Migration-Strategies-at-the-Edge/Game-of-life-migration/scripts/workloads/start_gol_c.sh edge-node-1
[03:52:34] Ensuring gol binary on edge-node-1...
[03:52:34] Reusing existing /tmp/gol on edge-node-1
[03:52:34] Starting gol on edge-node-1...
[03:52:36] ✓ Gol started
[exit=0]
[repeat] warmup 2s

$ python3 /home/ivo/Evaluation-of-Live-Migration-Strategies-at-the-Edge/Game-of-life-migration/scripts/orchestrators/criu_benchmark.py postcopy --source edge-node-1 --dest edge-node-2 --transfer-mode direct --run-id 01-05-2026-direct-postcopy-0004 --page-server-port 9999 --profile-name 1_WiFi_6
[03:52:38] Starting postcopy migration...
[03:52:38] Source: edge-node-1, Dest: edge-node-2
[03:52:38] Transfer mode: direct

[03:52:38] === POST-COPY (LAZY-PAGES) MIGRATION ===
[03:52:38] Step 1: Checking source process...
[03:52:39]   Using PID from /home/ubuntu/gol.pid: 89319
[03:52:40]   Page-server endpoint: 10.138.215.218:9999
[03:52:40] Step 2: Final dump (freezing service) with --lazy-pages...
[03:52:41]   Dump PID: 90012
[03:52:41]   Dump init time (approx freeze duration): 1058 ms
[03:52:41] Step 3: Page-server ready on source (served by dump process)
[03:52:41] Step 4: Creating archive...
[03:52:42]   Archive size: 23374 bytes
[03:52:42] Step 5: Transferring archive...
[03:52:42]   Setting up direct SSH trust...
Setting up SSH trust: edge-node-1 → ubuntu@10.138.215.137
  Adding public key to destination's authorized_keys...
  Testing SSH connectivity...
  ✓ SSH trust ready
Setting up SSH trust: edge-node-1 → ubuntu@10.138.215.137
  Adding public key to destination's authorized_keys...
  Testing SSH connectivity...
  ✓ SSH trust ready
  Transferring /home/ubuntu/CRIU-gol.tar.gz via SCP...
[03:52:47]   Transfer time: 3116 ms
[03:52:47] Step 6: Unpacking on destination...
[03:52:48] Step 6.8: Ensuring /tmp/gol binary is present on destination...
[03:52:48] Step 7: Starting lazy-pages daemon on destination...
[03:52:48]   Lazy-pages PID: 93355
[03:52:49] Step 8: Restoring process...
[03:52:49]   Restore time: 322 ms
[03:52:49]   Restored PID: 89319 (written to /home/ubuntu/gol.pid)
[03:52:49] Step 9: Verifying migration...
[03:52:55] ✓ gol.out updated after migration (mtime 1777600372 → 1777600374), simulation running!
[03:52:55] Total downtime: 4496 ms (dump: 1058 + transfer: 3116 + restore: 322)
[03:52:56] Metrics saved to /home/ivo/Evaluation-of-Live-Migration-Strategies-at-the-Edge/Game-of-life-migration/metrics/migration_metrics.csv
[exit=0]

$ python3 /home/ivo/Evaluation-of-Live-Migration-Strategies-at-the-Edge/Game-of-life-migration/scripts/setup/reset_nodes.py edge-node-1 edge-node-2
[03:52:57] Resetting nodes: edge-node-1 -> edge-node-2
[03:52:57] Step 1: Killing any existing processes on source...
[03:52:57]   Killing PID 89319 (from /home/ubuntu/app.pid)
[03:52:58]   Killing PID 89319 (from /home/ubuntu/gol.pid)
[03:52:58]   Killing any remaining background processes...
[03:53:00] Step 2: Cleaning source node...
[03:53:01] Step 3: Cleaning destination node...
[03:53:01]   Killing PID 89319 on destination (from /home/ubuntu/app.pid)
[03:53:02]   Killing PID 89319 on destination (from /home/ubuntu/gol.pid)
[03:53:02]   Killing all remaining gol processes on destination...
[03:53:06] ✓ Reset complete, nodes are clean
[03:53:06]   Next: Start your application
[exit=0]

$ bash /home/ivo/Evaluation-of-Live-Migration-Strategies-at-the-Edge/Game-of-life-migration/scripts/workloads/start_gol_c.sh edge-node-1
[03:53:06] Ensuring gol binary on edge-node-1...
[03:53:06] Reusing existing /tmp/gol on edge-node-1
[03:53:06] Starting gol on edge-node-1...
[03:53:07] ✓ Gol started
[exit=0]
[repeat] warmup 2s

$ python3 /home/ivo/Evaluation-of-Live-Migration-Strategies-at-the-Edge/Game-of-life-migration/scripts/orchestrators/criu_benchmark.py postcopy --source edge-node-1 --dest edge-node-2 --transfer-mode direct --run-id 01-05-2026-direct-postcopy-0005 --page-server-port 9999 --profile-name 1_WiFi_6
[03:53:10] Starting postcopy migration...
[03:53:10] Source: edge-node-1, Dest: edge-node-2
[03:53:10] Transfer mode: direct

[03:53:10] === POST-COPY (LAZY-PAGES) MIGRATION ===
[03:53:10] Step 1: Checking source process...
[03:53:10]   Using PID from /home/ubuntu/gol.pid: 91443
[03:53:12]   Page-server endpoint: 10.138.215.218:9999
[03:53:12] Step 2: Final dump (freezing service) with --lazy-pages...
[03:53:12]   Dump PID: 91884
[03:53:13]   Dump init time (approx freeze duration): 1017 ms
[03:53:13] Step 3: Page-server ready on source (served by dump process)
[03:53:13] Step 4: Creating archive...
[03:53:13]   Archive size: 23156 bytes
[03:53:13] Step 5: Transferring archive...
[03:53:13]   Setting up direct SSH trust...
Setting up SSH trust: edge-node-1 → ubuntu@10.138.215.137
  Adding public key to destination's authorized_keys...
  Testing SSH connectivity...
  ✓ SSH trust ready
Setting up SSH trust: edge-node-1 → ubuntu@10.138.215.137
  Adding public key to destination's authorized_keys...
  Testing SSH connectivity...
  ✓ SSH trust ready
  Transferring /home/ubuntu/CRIU-gol.tar.gz via SCP...
[03:53:18]   Transfer time: 3082 ms
[03:53:18] Step 6: Unpacking on destination...
[03:53:19] Step 6.8: Ensuring /tmp/gol binary is present on destination...
[03:53:19] Step 7: Starting lazy-pages daemon on destination...
[03:53:20]   Lazy-pages PID: 95270
[03:53:20] Step 8: Restoring process...
[03:53:20]   Restore time: 334 ms
[03:53:20]   Restored PID: 91443 (written to /home/ubuntu/gol.pid)
[03:53:21] Step 9: Verifying migration...
[03:53:26] ✓ gol.out updated after migration (mtime 1777600403 → 1777600406), simulation running!
[03:53:26] Total downtime: 4433 ms (dump: 1017 + transfer: 3082 + restore: 334)
[03:53:27] Metrics saved to /home/ivo/Evaluation-of-Live-Migration-Strategies-at-the-Edge/Game-of-life-migration/metrics/migration_metrics.csv
[exit=0]

$ python3 /home/ivo/Evaluation-of-Live-Migration-Strategies-at-the-Edge/Game-of-life-migration/scripts/setup/reset_nodes.py edge-node-1 edge-node-2
[03:53:28] Resetting nodes: edge-node-1 -> edge-node-2
[03:53:28] Step 1: Killing any existing processes on source...
[03:53:28]   Killing PID 91443 (from /home/ubuntu/app.pid)
[03:53:29]   Killing PID 91443 (from /home/ubuntu/gol.pid)
[03:53:29]   Killing any remaining background processes...
[03:53:31] Step 2: Cleaning source node...
[03:53:32] Step 3: Cleaning destination node...
[03:53:32]   Killing PID 91443 on destination (from /home/ubuntu/app.pid)
[03:53:33]   Killing PID 91443 on destination (from /home/ubuntu/gol.pid)
[03:53:33]   Killing all remaining gol processes on destination...
[03:53:37] ✓ Reset complete, nodes are clean
[03:53:37]   Next: Start your application
[exit=0]

$ bash /home/ivo/Evaluation-of-Live-Migration-Strategies-at-the-Edge/Game-of-life-migration/scripts/workloads/start_gol_c.sh edge-node-1
[03:53:37] Ensuring gol binary on edge-node-1...
[03:53:37] Reusing existing /tmp/gol on edge-node-1
[03:53:37] Starting gol on edge-node-1...
[03:53:38] ✓ Gol started
[exit=0]
[repeat] warmup 2s

$ python3 /home/ivo/Evaluation-of-Live-Migration-Strategies-at-the-Edge/Game-of-life-migration/scripts/orchestrators/criu_benchmark.py postcopy --source edge-node-1 --dest edge-node-2 --transfer-mode direct --run-id 01-05-2026-direct-postcopy-0006 --page-server-port 9999 --profile-name 1_WiFi_6
[03:53:41] Starting postcopy migration...
[03:53:41] Source: edge-node-1, Dest: edge-node-2
[03:53:41] Transfer mode: direct

[03:53:41] === POST-COPY (LAZY-PAGES) MIGRATION ===
[03:53:41] Step 1: Checking source process...
[03:53:42]   Using PID from /home/ubuntu/gol.pid: 93312
[03:53:43]   Page-server endpoint: 10.138.215.218:9999
[03:53:43] Step 2: Final dump (freezing service) with --lazy-pages...
[03:53:43]   Dump PID: 93744
[03:53:44]   Dump init time (approx freeze duration): 1100 ms
[03:53:44] Step 3: Page-server ready on source (served by dump process)
[03:53:44] Step 4: Creating archive...
[03:53:45]   Archive size: 23296 bytes
[03:53:45] Step 5: Transferring archive...
[03:53:45]   Setting up direct SSH trust...
Setting up SSH trust: edge-node-1 → ubuntu@10.138.215.137
  Adding public key to destination's authorized_keys...
  Testing SSH connectivity...
  ✓ SSH trust ready
Setting up SSH trust: edge-node-1 → ubuntu@10.138.215.137
  Adding public key to destination's authorized_keys...
  Testing SSH connectivity...
  ✓ SSH trust ready
  Transferring /home/ubuntu/CRIU-gol.tar.gz via SCP...
[03:53:50]   Transfer time: 2998 ms
[03:53:50] Step 6: Unpacking on destination...
[03:53:50] Step 6.8: Ensuring /tmp/gol binary is present on destination...
[03:53:50] Step 7: Starting lazy-pages daemon on destination...
[03:53:51]   Lazy-pages PID: 97194
[03:53:51] Step 8: Restoring process...
[03:53:51]   Restore time: 335 ms
[03:53:52]   Restored PID: 93312 (written to /home/ubuntu/gol.pid)
[03:53:52] Step 9: Verifying migration...
[03:53:58] ✓ gol.out updated after migration (mtime 1777600435 → 1777600438), simulation running!
[03:53:58] Total downtime: 4433 ms (dump: 1100 + transfer: 2998 + restore: 335)
[03:53:59] Metrics saved to /home/ivo/Evaluation-of-Live-Migration-Strategies-at-the-Edge/Game-of-life-migration/metrics/migration_metrics.csv
[exit=0]

$ python3 /home/ivo/Evaluation-of-Live-Migration-Strategies-at-the-Edge/Game-of-life-migration/scripts/setup/reset_nodes.py edge-node-1 edge-node-2
[03:54:00] Resetting nodes: edge-node-1 -> edge-node-2
[03:54:00] Step 1: Killing any existing processes on source...
[03:54:00]   Killing PID 93312 (from /home/ubuntu/app.pid)
[03:54:01]   Killing PID 93312 (from /home/ubuntu/gol.pid)
[03:54:01]   Killing any remaining background processes...
[03:54:03] Step 2: Cleaning source node...
[03:54:04] Step 3: Cleaning destination node...
[03:54:04]   Killing PID 93312 on destination (from /home/ubuntu/app.pid)
[03:54:05]   Killing PID 93312 on destination (from /home/ubuntu/gol.pid)
[03:54:05]   Killing all remaining gol processes on destination...
[03:54:09] ✓ Reset complete, nodes are clean
[03:54:09]   Next: Start your application
[exit=0]

$ bash /home/ivo/Evaluation-of-Live-Migration-Strategies-at-the-Edge/Game-of-life-migration/scripts/workloads/start_gol_c.sh edge-node-1
[03:54:09] Ensuring gol binary on edge-node-1...
[03:54:09] Reusing existing /tmp/gol on edge-node-1
[03:54:09] Starting gol on edge-node-1...
[03:54:10] ✓ Gol started
[exit=0]
[repeat] warmup 2s

$ python3 /home/ivo/Evaluation-of-Live-Migration-Strategies-at-the-Edge/Game-of-life-migration/scripts/orchestrators/criu_benchmark.py postcopy --source edge-node-1 --dest edge-node-2 --transfer-mode direct --run-id 01-05-2026-direct-postcopy-0007 --page-server-port 9999 --profile-name 1_WiFi_6
[03:54:13] Starting postcopy migration...
[03:54:13] Source: edge-node-1, Dest: edge-node-2
[03:54:13] Transfer mode: direct

[03:54:13] === POST-COPY (LAZY-PAGES) MIGRATION ===
[03:54:13] Step 1: Checking source process...
[03:54:13]   Using PID from /home/ubuntu/gol.pid: 95181
[03:54:15]   Page-server endpoint: 10.138.215.218:9999
[03:54:15] Step 2: Final dump (freezing service) with --lazy-pages...
[03:54:15]   Dump PID: 95613
[03:54:16]   Dump init time (approx freeze duration): 992 ms
[03:54:16] Step 3: Page-server ready on source (served by dump process)
[03:54:16] Step 4: Creating archive...
[03:54:16]   Archive size: 23387 bytes
[03:54:16] Step 5: Transferring archive...
[03:54:16]   Setting up direct SSH trust...
Setting up SSH trust: edge-node-1 → ubuntu@10.138.215.137
  Adding public key to destination's authorized_keys...
  Testing SSH connectivity...
  ✓ SSH trust ready
Setting up SSH trust: edge-node-1 → ubuntu@10.138.215.137
  Adding public key to destination's authorized_keys...
  Testing SSH connectivity...
  ✓ SSH trust ready
  Transferring /home/ubuntu/CRIU-gol.tar.gz via SCP...
[03:54:21]   Transfer time: 3026 ms
[03:54:21] Step 6: Unpacking on destination...
[03:54:22] Step 6.8: Ensuring /tmp/gol binary is present on destination...
[03:54:22] Step 7: Starting lazy-pages daemon on destination...
[03:54:22]   Lazy-pages PID: 99109
[03:54:23] Step 8: Restoring process...
[03:54:23]   Restore time: 328 ms
[03:54:23]   Restored PID: 95181 (written to /home/ubuntu/gol.pid)
[03:54:24] Step 9: Verifying migration...
[03:54:29] ✓ gol.out updated after migration (mtime 1777600466 → 1777600469), simulation running!
[03:54:29] Total downtime: 4346 ms (dump: 992 + transfer: 3026 + restore: 328)
[03:54:30] Metrics saved to /home/ivo/Evaluation-of-Live-Migration-Strategies-at-the-Edge/Game-of-life-migration/metrics/migration_metrics.csv
[exit=0]

$ python3 /home/ivo/Evaluation-of-Live-Migration-Strategies-at-the-Edge/Game-of-life-migration/scripts/setup/reset_nodes.py edge-node-1 edge-node-2
[03:54:31] Resetting nodes: edge-node-1 -> edge-node-2
[03:54:31] Step 1: Killing any existing processes on source...
[03:54:31]   Killing PID 95181 (from /home/ubuntu/app.pid)
[03:54:32]   Killing PID 95181 (from /home/ubuntu/gol.pid)
[03:54:32]   Killing any remaining background processes...
[03:54:34] Step 2: Cleaning source node...
[03:54:35] Step 3: Cleaning destination node...
[03:54:35]   Killing PID 95181 on destination (from /home/ubuntu/app.pid)
[03:54:36]   Killing PID 95181 on destination (from /home/ubuntu/gol.pid)
[03:54:36]   Killing all remaining gol processes on destination...
[03:54:40] ✓ Reset complete, nodes are clean
[03:54:40]   Next: Start your application
[exit=0]

$ bash /home/ivo/Evaluation-of-Live-Migration-Strategies-at-the-Edge/Game-of-life-migration/scripts/workloads/start_gol_c.sh edge-node-1
[03:54:40] Ensuring gol binary on edge-node-1...
[03:54:40] Reusing existing /tmp/gol on edge-node-1
[03:54:40] Starting gol on edge-node-1...
[03:54:41] ✓ Gol started
[exit=0]
[repeat] warmup 2s

$ python3 /home/ivo/Evaluation-of-Live-Migration-Strategies-at-the-Edge/Game-of-life-migration/scripts/orchestrators/criu_benchmark.py postcopy --source edge-node-1 --dest edge-node-2 --transfer-mode direct --run-id 01-05-2026-direct-postcopy-0008 --page-server-port 9999 --profile-name 1_WiFi_6
[03:54:44] Starting postcopy migration...
[03:54:44] Source: edge-node-1, Dest: edge-node-2
[03:54:44] Transfer mode: direct

[03:54:44] === POST-COPY (LAZY-PAGES) MIGRATION ===
[03:54:44] Step 1: Checking source process...
[03:54:45]   Using PID from /home/ubuntu/gol.pid: 97041
[03:54:46]   Page-server endpoint: 10.138.215.218:9999
[03:54:46] Step 2: Final dump (freezing service) with --lazy-pages...
[03:54:47]   Dump PID: 97473
[03:54:47]   Dump init time (approx freeze duration): 983 ms
[03:54:47] Step 3: Page-server ready on source (served by dump process)
[03:54:47] Step 4: Creating archive...
[03:54:48]   Archive size: 23247 bytes
[03:54:48] Step 5: Transferring archive...
[03:54:48]   Setting up direct SSH trust...
Setting up SSH trust: edge-node-1 → ubuntu@10.138.215.137
  Adding public key to destination's authorized_keys...
  Testing SSH connectivity...
  ✓ SSH trust ready
Setting up SSH trust: edge-node-1 → ubuntu@10.138.215.137
  Adding public key to destination's authorized_keys...
  Testing SSH connectivity...
  ✓ SSH trust ready
  Transferring /home/ubuntu/CRIU-gol.tar.gz via SCP...
[03:54:53]   Transfer time: 3061 ms
[03:54:53] Step 6: Unpacking on destination...
[03:54:53] Step 6.8: Ensuring /tmp/gol binary is present on destination...
[03:54:54] Step 7: Starting lazy-pages daemon on destination...
[03:54:54]   Lazy-pages PID: 101032
[03:54:54] Step 8: Restoring process...
[03:54:55]   Restore time: 317 ms
[03:54:55]   Restored PID: 97041 (written to /home/ubuntu/gol.pid)
[03:54:55] Step 9: Verifying migration...
[03:55:01] ✓ gol.out updated after migration (mtime 1777600498 → 1777600501), simulation running!
[03:55:01] Total downtime: 4361 ms (dump: 983 + transfer: 3061 + restore: 317)
[03:55:02] Metrics saved to /home/ivo/Evaluation-of-Live-Migration-Strategies-at-the-Edge/Game-of-life-migration/metrics/migration_metrics.csv
[exit=0]

$ python3 /home/ivo/Evaluation-of-Live-Migration-Strategies-at-the-Edge/Game-of-life-migration/scripts/setup/reset_nodes.py edge-node-1 edge-node-2
[03:55:03] Resetting nodes: edge-node-1 -> edge-node-2
[03:55:03] Step 1: Killing any existing processes on source...
[03:55:03]   Killing PID 97041 (from /home/ubuntu/app.pid)
[03:55:04]   Killing PID 97041 (from /home/ubuntu/gol.pid)
[03:55:04]   Killing any remaining background processes...
[03:55:05] Step 2: Cleaning source node...
[03:55:07] Step 3: Cleaning destination node...
[03:55:07]   Killing PID 97041 on destination (from /home/ubuntu/app.pid)
[03:55:08]   Killing PID 97041 on destination (from /home/ubuntu/gol.pid)
[03:55:08]   Killing all remaining gol processes on destination...
[03:55:11] ✓ Reset complete, nodes are clean
[03:55:11]   Next: Start your application
[exit=0]

$ bash /home/ivo/Evaluation-of-Live-Migration-Strategies-at-the-Edge/Game-of-life-migration/scripts/workloads/start_gol_c.sh edge-node-1
[03:55:11] Ensuring gol binary on edge-node-1...
[03:55:12] Reusing existing /tmp/gol on edge-node-1
[03:55:12] Starting gol on edge-node-1...
[03:55:13] ✓ Gol started
[exit=0]
[repeat] warmup 2s

$ python3 /home/ivo/Evaluation-of-Live-Migration-Strategies-at-the-Edge/Game-of-life-migration/scripts/orchestrators/criu_benchmark.py postcopy --source edge-node-1 --dest edge-node-2 --transfer-mode direct --run-id 01-05-2026-direct-postcopy-0009 --page-server-port 9999 --profile-name 1_WiFi_6
[03:55:15] Starting postcopy migration...
[03:55:15] Source: edge-node-1, Dest: edge-node-2
[03:55:15] Transfer mode: direct

[03:55:15] === POST-COPY (LAZY-PAGES) MIGRATION ===
[03:55:15] Step 1: Checking source process...
[03:55:16]   Using PID from /home/ubuntu/gol.pid: 98914
[03:55:17]   Page-server endpoint: 10.138.215.218:9999
[03:55:17] Step 2: Final dump (freezing service) with --lazy-pages...
[03:55:18]   Dump PID: 99346
[03:55:18]   Dump init time (approx freeze duration): 1005 ms
[03:55:18] Step 3: Page-server ready on source (served by dump process)
[03:55:18] Step 4: Creating archive...
[03:55:19]   Archive size: 23373 bytes
[03:55:19] Step 5: Transferring archive...
[03:55:19]   Setting up direct SSH trust...
Setting up SSH trust: edge-node-1 → ubuntu@10.138.215.137
  Adding public key to destination's authorized_keys...
  Testing SSH connectivity...
  ✓ SSH trust ready
Setting up SSH trust: edge-node-1 → ubuntu@10.138.215.137
  Adding public key to destination's authorized_keys...
  Testing SSH connectivity...
  ✓ SSH trust ready
  Transferring /home/ubuntu/CRIU-gol.tar.gz via SCP...
[03:55:24]   Transfer time: 3080 ms
[03:55:24] Step 6: Unpacking on destination...
[03:55:24] Step 6.8: Ensuring /tmp/gol binary is present on destination...
[03:55:25] Step 7: Starting lazy-pages daemon on destination...
[03:55:25]   Lazy-pages PID: 102953
[03:55:25] Step 8: Restoring process...
[03:55:26]   Restore time: 328 ms
[03:55:26]   Restored PID: 98914 (written to /home/ubuntu/gol.pid)
[03:55:26] Step 9: Verifying migration...
[03:55:32] ✓ gol.out updated after migration (mtime 1777600529 → 1777600532), simulation running!
[03:55:32] Total downtime: 4413 ms (dump: 1005 + transfer: 3080 + restore: 328)
[03:55:33] Metrics saved to /home/ivo/Evaluation-of-Live-Migration-Strategies-at-the-Edge/Game-of-life-migration/metrics/migration_metrics.csv
[exit=0]
[repeat] run_ids_file=/home/ivo/Evaluation-of-Live-Migration-Strategies-at-the-Edge/Game-of-life-migration/metrics/run_logs/01-05-2026-gol-cold-precopy-postcopy-h10-d10-i3-relay-edge-host-1-snap-noplots-032343.run_ids.txt
