=== repeat_benchmarks.py 2026-05-01T11:20:22.031445 ===
base_run_id=01-05-2026-gol-cold-precopy-postcopy-h10-d10-i3-relay-edge-host-1-snap-noplots-112022
strategies=cold,precopy,postcopy workload=gol source=edge-node-1 dest=edge-node-2 host_runs=10 direct_runs=10 iterations=3 relay_node=edge-host-1 profile_name=2_5G snapshot_node_metrics=True no_plots=True

$ python3 /home/ivo/Evaluation-of-Live-Migration-Strategies-at-the-Edge/Game-of-life-migration/scripts/setup/reset_nodes.py edge-node-1 edge-node-2
[11:20:22] Resetting nodes: edge-node-1 -> edge-node-2
[11:20:22] Step 1: Killing any existing processes on source...
[11:20:22]   Killing PID 103533 (from /home/ubuntu/app.pid)
[11:20:23]   Killing PID 97583 (from /home/ubuntu/gol.pid)
[11:20:23]   Killing any remaining background processes...
[11:20:25] Step 2: Cleaning source node...
[11:20:26] Step 3: Cleaning destination node...
[11:20:27]   Killing PID 103533 on destination (from /home/ubuntu/app.pid)
[11:20:27]   Killing PID 97583 on destination (from /home/ubuntu/gol.pid)
[11:20:28]   Killing all remaining gol processes on destination...
[11:20:31] ✓ Reset complete, nodes are clean
[11:20:31]   Next: Start your application
[exit=0]

$ bash /home/ivo/Evaluation-of-Live-Migration-Strategies-at-the-Edge/Game-of-life-migration/scripts/workloads/start_gol_c.sh edge-node-1
[11:20:31] Ensuring gol binary on edge-node-1...
[11:20:32] Transferring gol.c to edge-node-1...
[11:20:32] Compiling gol.c on edge-node-1...
[11:20:32] Starting gol on edge-node-1...
[11:20:34] ✓ Gol started
[exit=0]
[repeat] warmup 2s

$ python3 /home/ivo/Evaluation-of-Live-Migration-Strategies-at-the-Edge/Game-of-life-migration/scripts/orchestrators/criu_benchmark.py cold --source edge-node-1 --dest edge-node-2 --transfer-mode host --run-id 01-05-2026-host-cold-0040 --relay-node edge-host-1 --profile-name 2_5G
[11:20:36] Starting cold migration...
[11:20:36] Source: edge-node-1, Dest: edge-node-2
[11:20:36] Transfer mode: host
[11:20:36] Relay node: edge-host-1

[11:20:36] === COLD MIGRATION ===
[11:20:36] Step 1: Checking source process...
[11:20:37]   Using PID from /home/ubuntu/gol.pid: 2655
[11:20:37]   Architecture: x86_64 (compatible)
[11:20:37] Step 2: Dumping process with CRIU...
[11:20:38]   Checkpoint time: 492 ms
[11:20:38] Step 3: Creating archive...
[11:20:38]   Archive size: 26250 bytes
[11:20:38] Step 4: Transferring archive...
  Transferring /home/ubuntu/CRIU-gol.tar.gz via relay node edge-host-1...
Setting up SSH trust: edge-node-1 → ubuntu@10.138.215.36
  Adding public key to destination's authorized_keys...
  Testing SSH connectivity...
  ✓ SSH trust ready
Setting up SSH trust: edge-host-1 → ubuntu@10.138.215.137
  Adding public key to destination's authorized_keys...
  Testing SSH connectivity...
  ✓ SSH trust ready
[11:20:46]   Transfer time: 7957 ms
[11:20:46] Step 5: Unpacking on destination...
[11:20:47] Step 6: Preparing restore environment...
[11:20:47] Step 6.5: Ensuring /tmp/gol binary is present on destination...
[11:20:47]   /tmp/gol missing on destination, copying from source...
[11:20:48] Step 7: Restoring process...
[11:20:48]   Restore time: 405 ms
[11:20:49]   Restored PID: 2655 (written to /home/ubuntu/gol.pid)
[11:20:49] Step 8: Verifying migration...
[11:20:54] ✓ gol.out updated after migration (mtime 1777627251 → 1777627253), simulation running!
[11:20:54] Total downtime: 8854 ms
[11:20:54] Effective bandwidth: 0.03 Mbps
[11:20:54] Metrics saved to /home/ivo/Evaluation-of-Live-Migration-Strategies-at-the-Edge/Game-of-life-migration/metrics/migration_metrics.csv
[exit=0]

$ python3 /home/ivo/Evaluation-of-Live-Migration-Strategies-at-the-Edge/Game-of-life-migration/scripts/setup/reset_nodes.py edge-node-1 edge-node-2
[11:20:55] Resetting nodes: edge-node-1 -> edge-node-2
[11:20:55] Step 1: Killing any existing processes on source...
[11:20:55]   Killing PID 2655 (from /home/ubuntu/app.pid)
[11:20:56]   Killing PID 2655 (from /home/ubuntu/gol.pid)
[11:20:56]   Killing any remaining background processes...
[11:20:58] Step 2: Cleaning source node...
[11:20:59] Step 3: Cleaning destination node...
[11:20:59]   Killing PID 2655 on destination (from /home/ubuntu/app.pid)
[11:21:00]   Killing PID 2655 on destination (from /home/ubuntu/gol.pid)
[11:21:00]   Killing all remaining gol processes on destination...
[11:21:04] ✓ Reset complete, nodes are clean
[11:21:04]   Next: Start your application
[exit=0]

$ bash /home/ivo/Evaluation-of-Live-Migration-Strategies-at-the-Edge/Game-of-life-migration/scripts/workloads/start_gol_c.sh edge-node-1
[11:21:04] Ensuring gol binary on edge-node-1...
[11:21:04] Reusing existing /tmp/gol on edge-node-1
[11:21:04] Starting gol on edge-node-1...
[11:21:05] ✓ Gol started
[exit=0]
[repeat] warmup 2s

$ python3 /home/ivo/Evaluation-of-Live-Migration-Strategies-at-the-Edge/Game-of-life-migration/scripts/orchestrators/criu_benchmark.py cold --source edge-node-1 --dest edge-node-2 --transfer-mode host --run-id 01-05-2026-host-cold-0041 --relay-node edge-host-1 --profile-name 2_5G
[11:21:08] Starting cold migration...
[11:21:08] Source: edge-node-1, Dest: edge-node-2
[11:21:08] Transfer mode: host
[11:21:08] Relay node: edge-host-1

[11:21:08] === COLD MIGRATION ===
[11:21:08] Step 1: Checking source process...
[11:21:08]   Using PID from /home/ubuntu/gol.pid: 4089
[11:21:09]   Architecture: x86_64 (compatible)
[11:21:09] Step 2: Dumping process with CRIU...
[11:21:09]   Checkpoint time: 332 ms
[11:21:09] Step 3: Creating archive...
[11:21:10]   Archive size: 25369 bytes
[11:21:10] Step 4: Transferring archive...
  Transferring /home/ubuntu/CRIU-gol.tar.gz via relay node edge-host-1...
Setting up SSH trust: edge-node-1 → ubuntu@10.138.215.36
  Adding public key to destination's authorized_keys...
  Testing SSH connectivity...
  ✓ SSH trust ready
Setting up SSH trust: edge-host-1 → ubuntu@10.138.215.137
  Adding public key to destination's authorized_keys...
  Testing SSH connectivity...
  ✓ SSH trust ready
[11:21:18]   Transfer time: 7663 ms
[11:21:18] Step 5: Unpacking on destination...
[11:21:18] Step 6: Preparing restore environment...
[11:21:18] Step 6.5: Ensuring /tmp/gol binary is present on destination...
[11:21:19] Step 7: Restoring process...
[11:21:19]   Restore time: 308 ms
[11:21:19]   Restored PID: 4089 (written to /home/ubuntu/gol.pid)
[11:21:19] Step 8: Verifying migration...
[11:21:25] ✓ gol.out updated after migration (mtime 1777627282 → 1777627284), simulation running!
[11:21:25] Total downtime: 8303 ms
[11:21:25] Effective bandwidth: 0.03 Mbps
[11:21:25] Metrics saved to /home/ivo/Evaluation-of-Live-Migration-Strategies-at-the-Edge/Game-of-life-migration/metrics/migration_metrics.csv
[exit=0]

$ python3 /home/ivo/Evaluation-of-Live-Migration-Strategies-at-the-Edge/Game-of-life-migration/scripts/setup/reset_nodes.py edge-node-1 edge-node-2
[11:21:26] Resetting nodes: edge-node-1 -> edge-node-2
[11:21:26] Step 1: Killing any existing processes on source...
[11:21:26]   Killing PID 4089 (from /home/ubuntu/app.pid)
[11:21:27]   Killing PID 4089 (from /home/ubuntu/gol.pid)
[11:21:27]   Killing any remaining background processes...
[11:21:29] Step 2: Cleaning source node...
[11:21:30] Step 3: Cleaning destination node...
[11:21:30]   Killing PID 4089 on destination (from /home/ubuntu/app.pid)
[11:21:31]   Killing PID 4089 on destination (from /home/ubuntu/gol.pid)
[11:21:31]   Killing all remaining gol processes on destination...
[11:21:35] ✓ Reset complete, nodes are clean
[11:21:35]   Next: Start your application
[exit=0]

$ bash /home/ivo/Evaluation-of-Live-Migration-Strategies-at-the-Edge/Game-of-life-migration/scripts/workloads/start_gol_c.sh edge-node-1
[11:21:35] Ensuring gol binary on edge-node-1...
[11:21:35] Reusing existing /tmp/gol on edge-node-1
[11:21:35] Starting gol on edge-node-1...
[11:21:37] ✓ Gol started
[exit=0]
[repeat] warmup 2s

$ python3 /home/ivo/Evaluation-of-Live-Migration-Strategies-at-the-Edge/Game-of-life-migration/scripts/orchestrators/criu_benchmark.py cold --source edge-node-1 --dest edge-node-2 --transfer-mode host --run-id 01-05-2026-host-cold-0042 --relay-node edge-host-1 --profile-name 2_5G
[11:21:39] Starting cold migration...
[11:21:39] Source: edge-node-1, Dest: edge-node-2
[11:21:39] Transfer mode: host
[11:21:39] Relay node: edge-host-1

[11:21:39] === COLD MIGRATION ===
[11:21:39] Step 1: Checking source process...
[11:21:39]   Using PID from /home/ubuntu/gol.pid: 5449
[11:21:40]   Architecture: x86_64 (compatible)
[11:21:40] Step 2: Dumping process with CRIU...
[11:21:40]   Checkpoint time: 326 ms
[11:21:40] Step 3: Creating archive...
[11:21:41]   Archive size: 25603 bytes
[11:21:41] Step 4: Transferring archive...
  Transferring /home/ubuntu/CRIU-gol.tar.gz via relay node edge-host-1...
Setting up SSH trust: edge-node-1 → ubuntu@10.138.215.36
  Adding public key to destination's authorized_keys...
  Testing SSH connectivity...
  ✓ SSH trust ready
Setting up SSH trust: edge-host-1 → ubuntu@10.138.215.137
  Adding public key to destination's authorized_keys...
  Testing SSH connectivity...
  ✓ SSH trust ready
[11:21:49]   Transfer time: 7920 ms
[11:21:49] Step 5: Unpacking on destination...
[11:21:49] Step 6: Preparing restore environment...
[11:21:50] Step 6.5: Ensuring /tmp/gol binary is present on destination...
[11:21:50] Step 7: Restoring process...
[11:21:50]   Restore time: 281 ms
[11:21:51]   Restored PID: 5449 (written to /home/ubuntu/gol.pid)
[11:21:51] Step 8: Verifying migration...
[11:21:56] ✓ gol.out updated after migration (mtime 1777627313 → 1777627315), simulation running!
[11:21:56] Total downtime: 8527 ms
[11:21:56] Effective bandwidth: 0.03 Mbps
[11:21:56] Metrics saved to /home/ivo/Evaluation-of-Live-Migration-Strategies-at-the-Edge/Game-of-life-migration/metrics/migration_metrics.csv
[exit=0]

$ python3 /home/ivo/Evaluation-of-Live-Migration-Strategies-at-the-Edge/Game-of-life-migration/scripts/setup/reset_nodes.py edge-node-1 edge-node-2
[11:21:57] Resetting nodes: edge-node-1 -> edge-node-2
[11:21:57] Step 1: Killing any existing processes on source...
[11:21:57]   Killing PID 5449 (from /home/ubuntu/app.pid)
[11:21:58]   Killing PID 5449 (from /home/ubuntu/gol.pid)
[11:21:58]   Killing any remaining background processes...
[11:22:00] Step 2: Cleaning source node...
[11:22:01] Step 3: Cleaning destination node...
[11:22:01]   Killing PID 5449 on destination (from /home/ubuntu/app.pid)
[11:22:02]   Killing PID 5449 on destination (from /home/ubuntu/gol.pid)
[11:22:02]   Killing all remaining gol processes on destination...
[11:22:05] ✓ Reset complete, nodes are clean
[11:22:05]   Next: Start your application
[exit=0]

$ bash /home/ivo/Evaluation-of-Live-Migration-Strategies-at-the-Edge/Game-of-life-migration/scripts/workloads/start_gol_c.sh edge-node-1
[11:22:05] Ensuring gol binary on edge-node-1...
[11:22:06] Reusing existing /tmp/gol on edge-node-1
[11:22:06] Starting gol on edge-node-1...
[11:22:07] ✓ Gol started
[exit=0]
[repeat] warmup 2s

$ python3 /home/ivo/Evaluation-of-Live-Migration-Strategies-at-the-Edge/Game-of-life-migration/scripts/orchestrators/criu_benchmark.py cold --source edge-node-1 --dest edge-node-2 --transfer-mode host --run-id 01-05-2026-host-cold-0043 --relay-node edge-host-1 --profile-name 2_5G
[11:22:10] Starting cold migration...
[11:22:10] Source: edge-node-1, Dest: edge-node-2
[11:22:10] Transfer mode: host
[11:22:10] Relay node: edge-host-1

[11:22:10] === COLD MIGRATION ===
[11:22:10] Step 1: Checking source process...
[11:22:10]   Using PID from /home/ubuntu/gol.pid: 6800
[11:22:11]   Architecture: x86_64 (compatible)
[11:22:11] Step 2: Dumping process with CRIU...
[11:22:11]   Checkpoint time: 321 ms
[11:22:11] Step 3: Creating archive...
[11:22:11]   Archive size: 25603 bytes
[11:22:11] Step 4: Transferring archive...
  Transferring /home/ubuntu/CRIU-gol.tar.gz via relay node edge-host-1...
Setting up SSH trust: edge-node-1 → ubuntu@10.138.215.36
  Adding public key to destination's authorized_keys...
  Testing SSH connectivity...
  ✓ SSH trust ready
Setting up SSH trust: edge-host-1 → ubuntu@10.138.215.137
  Adding public key to destination's authorized_keys...
  Testing SSH connectivity...
  ✓ SSH trust ready
[11:22:19]   Transfer time: 7300 ms
[11:22:19] Step 5: Unpacking on destination...
[11:22:19] Step 6: Preparing restore environment...
[11:22:20] Step 6.5: Ensuring /tmp/gol binary is present on destination...
[11:22:20] Step 7: Restoring process...
[11:22:20]   Restore time: 296 ms
[11:22:21]   Restored PID: 6800 (written to /home/ubuntu/gol.pid)
[11:22:21] Step 8: Verifying migration...
[11:22:26] ✓ gol.out updated after migration (mtime 1777627343 → 1777627345), simulation running!
[11:22:26] Total downtime: 7917 ms
[11:22:26] Effective bandwidth: 0.03 Mbps
[11:22:26] Metrics saved to /home/ivo/Evaluation-of-Live-Migration-Strategies-at-the-Edge/Game-of-life-migration/metrics/migration_metrics.csv
[exit=0]

$ python3 /home/ivo/Evaluation-of-Live-Migration-Strategies-at-the-Edge/Game-of-life-migration/scripts/setup/reset_nodes.py edge-node-1 edge-node-2
[11:22:27] Resetting nodes: edge-node-1 -> edge-node-2
[11:22:27] Step 1: Killing any existing processes on source...
[11:22:27]   Killing PID 6800 (from /home/ubuntu/app.pid)
[11:22:28]   Killing PID 6800 (from /home/ubuntu/gol.pid)
[11:22:28]   Killing any remaining background processes...
[11:22:30] Step 2: Cleaning source node...
[11:22:31] Step 3: Cleaning destination node...
[11:22:31]   Killing PID 6800 on destination (from /home/ubuntu/app.pid)
[11:22:32]   Killing PID 6800 on destination (from /home/ubuntu/gol.pid)
[11:22:32]   Killing all remaining gol processes on destination...
[11:22:36] ✓ Reset complete, nodes are clean
[11:22:36]   Next: Start your application
[exit=0]

$ bash /home/ivo/Evaluation-of-Live-Migration-Strategies-at-the-Edge/Game-of-life-migration/scripts/workloads/start_gol_c.sh edge-node-1
[11:22:36] Ensuring gol binary on edge-node-1...
[11:22:36] Reusing existing /tmp/gol on edge-node-1
[11:22:36] Starting gol on edge-node-1...
[11:22:37] ✓ Gol started
[exit=0]
[repeat] warmup 2s

$ python3 /home/ivo/Evaluation-of-Live-Migration-Strategies-at-the-Edge/Game-of-life-migration/scripts/orchestrators/criu_benchmark.py cold --source edge-node-1 --dest edge-node-2 --transfer-mode host --run-id 01-05-2026-host-cold-0044 --relay-node edge-host-1 --profile-name 2_5G
[11:22:40] Starting cold migration...
[11:22:40] Source: edge-node-1, Dest: edge-node-2
[11:22:40] Transfer mode: host
[11:22:40] Relay node: edge-host-1

[11:22:40] === COLD MIGRATION ===
[11:22:40] Step 1: Checking source process...
[11:22:40]   Using PID from /home/ubuntu/gol.pid: 8161
[11:22:41]   Architecture: x86_64 (compatible)
[11:22:41] Step 2: Dumping process with CRIU...
[11:22:41]   Checkpoint time: 322 ms
[11:22:41] Step 3: Creating archive...
[11:22:42]   Archive size: 25228 bytes
[11:22:42] Step 4: Transferring archive...
  Transferring /home/ubuntu/CRIU-gol.tar.gz via relay node edge-host-1...
Setting up SSH trust: edge-node-1 → ubuntu@10.138.215.36
  Adding public key to destination's authorized_keys...
  Testing SSH connectivity...
  ✓ SSH trust ready
Setting up SSH trust: edge-host-1 → ubuntu@10.138.215.137
  Adding public key to destination's authorized_keys...
  Testing SSH connectivity...
  ✓ SSH trust ready
[11:22:50]   Transfer time: 7899 ms
[11:22:50] Step 5: Unpacking on destination...
[11:22:50] Step 6: Preparing restore environment...
[11:22:51] Step 6.5: Ensuring /tmp/gol binary is present on destination...
[11:22:51] Step 7: Restoring process...
[11:22:51]   Restore time: 316 ms
[11:22:51]   Restored PID: 8161 (written to /home/ubuntu/gol.pid)
[11:22:51] Step 8: Verifying migration...
[11:22:57] ✓ gol.out updated after migration (mtime 1777627374 → 1777627376), simulation running!
[11:22:57] Total downtime: 8537 ms
[11:22:57] Effective bandwidth: 0.03 Mbps
[11:22:57] Metrics saved to /home/ivo/Evaluation-of-Live-Migration-Strategies-at-the-Edge/Game-of-life-migration/metrics/migration_metrics.csv
[exit=0]

$ python3 /home/ivo/Evaluation-of-Live-Migration-Strategies-at-the-Edge/Game-of-life-migration/scripts/setup/reset_nodes.py edge-node-1 edge-node-2
[11:22:57] Resetting nodes: edge-node-1 -> edge-node-2
[11:22:57] Step 1: Killing any existing processes on source...
[11:22:58]   Killing PID 8161 (from /home/ubuntu/app.pid)
[11:22:58]   Killing PID 8161 (from /home/ubuntu/gol.pid)
[11:22:59]   Killing any remaining background processes...
[11:23:00] Step 2: Cleaning source node...
[11:23:01] Step 3: Cleaning destination node...
[11:23:02]   Killing PID 8161 on destination (from /home/ubuntu/app.pid)
[11:23:02]   Killing PID 8161 on destination (from /home/ubuntu/gol.pid)
[11:23:03]   Killing all remaining gol processes on destination...
[11:23:06] ✓ Reset complete, nodes are clean
[11:23:06]   Next: Start your application
[exit=0]

$ bash /home/ivo/Evaluation-of-Live-Migration-Strategies-at-the-Edge/Game-of-life-migration/scripts/workloads/start_gol_c.sh edge-node-1
[11:23:06] Ensuring gol binary on edge-node-1...
[11:23:07] Reusing existing /tmp/gol on edge-node-1
[11:23:07] Starting gol on edge-node-1...
[11:23:08] ✓ Gol started
[exit=0]
[repeat] warmup 2s

$ python3 /home/ivo/Evaluation-of-Live-Migration-Strategies-at-the-Edge/Game-of-life-migration/scripts/orchestrators/criu_benchmark.py cold --source edge-node-1 --dest edge-node-2 --transfer-mode host --run-id 01-05-2026-host-cold-0045 --relay-node edge-host-1 --profile-name 2_5G
[11:23:10] Starting cold migration...
[11:23:10] Source: edge-node-1, Dest: edge-node-2
[11:23:10] Transfer mode: host
[11:23:10] Relay node: edge-host-1

[11:23:10] === COLD MIGRATION ===
[11:23:10] Step 1: Checking source process...
[11:23:11]   Using PID from /home/ubuntu/gol.pid: 9512
[11:23:11]   Architecture: x86_64 (compatible)
[11:23:11] Step 2: Dumping process with CRIU...
[11:23:12]   Checkpoint time: 333 ms
[11:23:12] Step 3: Creating archive...
[11:23:12]   Archive size: 25503 bytes
[11:23:12] Step 4: Transferring archive...
  Transferring /home/ubuntu/CRIU-gol.tar.gz via relay node edge-host-1...
Setting up SSH trust: edge-node-1 → ubuntu@10.138.215.36
  Adding public key to destination's authorized_keys...
  Testing SSH connectivity...
  ✓ SSH trust ready
Setting up SSH trust: edge-host-1 → ubuntu@10.138.215.137
  Adding public key to destination's authorized_keys...
  Testing SSH connectivity...
  ✓ SSH trust ready
[11:23:20]   Transfer time: 7340 ms
[11:23:20] Step 5: Unpacking on destination...
[11:23:20] Step 6: Preparing restore environment...
[11:23:21] Step 6.5: Ensuring /tmp/gol binary is present on destination...
[11:23:21] Step 7: Restoring process...
[11:23:21]   Restore time: 306 ms
[11:23:21]   Restored PID: 9512 (written to /home/ubuntu/gol.pid)
[11:23:21] Step 8: Verifying migration...
[11:23:27] ✓ gol.out updated after migration (mtime 1777627404 → 1777627406), simulation running!
[11:23:27] Total downtime: 7979 ms
[11:23:27] Effective bandwidth: 0.03 Mbps
[11:23:27] Metrics saved to /home/ivo/Evaluation-of-Live-Migration-Strategies-at-the-Edge/Game-of-life-migration/metrics/migration_metrics.csv
[exit=0]

$ python3 /home/ivo/Evaluation-of-Live-Migration-Strategies-at-the-Edge/Game-of-life-migration/scripts/setup/reset_nodes.py edge-node-1 edge-node-2
[11:23:28] Resetting nodes: edge-node-1 -> edge-node-2
[11:23:28] Step 1: Killing any existing processes on source...
[11:23:28]   Killing PID 9512 (from /home/ubuntu/app.pid)
[11:23:29]   Killing PID 9512 (from /home/ubuntu/gol.pid)
[11:23:29]   Killing any remaining background processes...
[11:23:31] Step 2: Cleaning source node...
[11:23:32] Step 3: Cleaning destination node...
[11:23:32]   Killing PID 9512 on destination (from /home/ubuntu/app.pid)
[11:23:33]   Killing PID 9512 on destination (from /home/ubuntu/gol.pid)
[11:23:33]   Killing all remaining gol processes on destination...
[11:23:37] ✓ Reset complete, nodes are clean
[11:23:37]   Next: Start your application
[exit=0]

$ bash /home/ivo/Evaluation-of-Live-Migration-Strategies-at-the-Edge/Game-of-life-migration/scripts/workloads/start_gol_c.sh edge-node-1
[11:23:37] Ensuring gol binary on edge-node-1...
[11:23:37] Reusing existing /tmp/gol on edge-node-1
[11:23:37] Starting gol on edge-node-1...
[11:23:39] ✓ Gol started
[exit=0]
[repeat] warmup 2s

$ python3 /home/ivo/Evaluation-of-Live-Migration-Strategies-at-the-Edge/Game-of-life-migration/scripts/orchestrators/criu_benchmark.py cold --source edge-node-1 --dest edge-node-2 --transfer-mode host --run-id 01-05-2026-host-cold-0046 --relay-node edge-host-1 --profile-name 2_5G
[11:23:41] Starting cold migration...
[11:23:41] Source: edge-node-1, Dest: edge-node-2
[11:23:41] Transfer mode: host
[11:23:41] Relay node: edge-host-1

[11:23:41] === COLD MIGRATION ===
[11:23:41] Step 1: Checking source process...
[11:23:42]   Using PID from /home/ubuntu/gol.pid: 10911
[11:23:42]   Architecture: x86_64 (compatible)
[11:23:42] Step 2: Dumping process with CRIU...
[11:23:42]   Checkpoint time: 355 ms
[11:23:42] Step 3: Creating archive...
[11:23:43]   Archive size: 25474 bytes
[11:23:43] Step 4: Transferring archive...
  Transferring /home/ubuntu/CRIU-gol.tar.gz via relay node edge-host-1...
Setting up SSH trust: edge-node-1 → ubuntu@10.138.215.36
  Adding public key to destination's authorized_keys...
  Testing SSH connectivity...
  ✓ SSH trust ready
Setting up SSH trust: edge-host-1 → ubuntu@10.138.215.137
  Adding public key to destination's authorized_keys...
  Testing SSH connectivity...
  ✓ SSH trust ready
[11:23:51]   Transfer time: 7788 ms
[11:23:51] Step 5: Unpacking on destination...
[11:23:51] Step 6: Preparing restore environment...
[11:23:52] Step 6.5: Ensuring /tmp/gol binary is present on destination...
[11:23:52] Step 7: Restoring process...
[11:23:52]   Restore time: 308 ms
[11:23:53]   Restored PID: 10911 (written to /home/ubuntu/gol.pid)
[11:23:53] Step 8: Verifying migration...
[11:23:58] ✓ gol.out updated after migration (mtime 1777627435 → 1777627437), simulation running!
[11:23:58] Total downtime: 8451 ms
[11:23:58] Effective bandwidth: 0.03 Mbps
[11:23:58] Metrics saved to /home/ivo/Evaluation-of-Live-Migration-Strategies-at-the-Edge/Game-of-life-migration/metrics/migration_metrics.csv
[exit=0]

$ python3 /home/ivo/Evaluation-of-Live-Migration-Strategies-at-the-Edge/Game-of-life-migration/scripts/setup/reset_nodes.py edge-node-1 edge-node-2
[11:23:59] Resetting nodes: edge-node-1 -> edge-node-2
[11:23:59] Step 1: Killing any existing processes on source...
[11:23:59]   Killing PID 10911 (from /home/ubuntu/app.pid)
[11:24:00]   Killing PID 10911 (from /home/ubuntu/gol.pid)
[11:24:00]   Killing any remaining background processes...
[11:24:01] Step 2: Cleaning source node...
[11:24:03] Step 3: Cleaning destination node...
[11:24:03]   Killing PID 10911 on destination (from /home/ubuntu/app.pid)
[11:24:04]   Killing PID 10911 on destination (from /home/ubuntu/gol.pid)
[11:24:04]   Killing all remaining gol processes on destination...
[11:24:07] ✓ Reset complete, nodes are clean
[11:24:07]   Next: Start your application
[exit=0]

$ bash /home/ivo/Evaluation-of-Live-Migration-Strategies-at-the-Edge/Game-of-life-migration/scripts/workloads/start_gol_c.sh edge-node-1
[11:24:07] Ensuring gol binary on edge-node-1...
[11:24:08] Reusing existing /tmp/gol on edge-node-1
[11:24:08] Starting gol on edge-node-1...
[11:24:09] ✓ Gol started
[exit=0]
[repeat] warmup 2s

$ python3 /home/ivo/Evaluation-of-Live-Migration-Strategies-at-the-Edge/Game-of-life-migration/scripts/orchestrators/criu_benchmark.py cold --source edge-node-1 --dest edge-node-2 --transfer-mode host --run-id 01-05-2026-host-cold-0047 --relay-node edge-host-1 --profile-name 2_5G
[11:24:11] Starting cold migration...
[11:24:11] Source: edge-node-1, Dest: edge-node-2
[11:24:11] Transfer mode: host
[11:24:11] Relay node: edge-host-1

[11:24:11] === COLD MIGRATION ===
[11:24:11] Step 1: Checking source process...
[11:24:12]   Using PID from /home/ubuntu/gol.pid: 12266
[11:24:13]   Architecture: x86_64 (compatible)
[11:24:13] Step 2: Dumping process with CRIU...
[11:24:13]   Checkpoint time: 332 ms
[11:24:13] Step 3: Creating archive...
[11:24:13]   Archive size: 25283 bytes
[11:24:13] Step 4: Transferring archive...
  Transferring /home/ubuntu/CRIU-gol.tar.gz via relay node edge-host-1...
Setting up SSH trust: edge-node-1 → ubuntu@10.138.215.36
  Adding public key to destination's authorized_keys...
  Testing SSH connectivity...
  ✓ SSH trust ready
Setting up SSH trust: edge-host-1 → ubuntu@10.138.215.137
  Adding public key to destination's authorized_keys...
  Testing SSH connectivity...
  ✓ SSH trust ready
[11:24:21]   Transfer time: 7534 ms
[11:24:21] Step 5: Unpacking on destination...
[11:24:21] Step 6: Preparing restore environment...
[11:24:22] Step 6.5: Ensuring /tmp/gol binary is present on destination...
[11:24:22] Step 7: Restoring process...
[11:24:22]   Restore time: 307 ms
[11:24:23]   Restored PID: 12266 (written to /home/ubuntu/gol.pid)
[11:24:23] Step 8: Verifying migration...
[11:24:28] ✓ gol.out updated after migration (mtime 1777627465 → 1777627467), simulation running!
[11:24:28] Total downtime: 8173 ms
[11:24:28] Effective bandwidth: 0.03 Mbps
[11:24:28] Metrics saved to /home/ivo/Evaluation-of-Live-Migration-Strategies-at-the-Edge/Game-of-life-migration/metrics/migration_metrics.csv
[exit=0]

$ python3 /home/ivo/Evaluation-of-Live-Migration-Strategies-at-the-Edge/Game-of-life-migration/scripts/setup/reset_nodes.py edge-node-1 edge-node-2
[11:24:29] Resetting nodes: edge-node-1 -> edge-node-2
[11:24:29] Step 1: Killing any existing processes on source...
[11:24:29]   Killing PID 12266 (from /home/ubuntu/app.pid)
[11:24:30]   Killing PID 12266 (from /home/ubuntu/gol.pid)
[11:24:31]   Killing any remaining background processes...
[11:24:32] Step 2: Cleaning source node...
[11:24:33] Step 3: Cleaning destination node...
[11:24:34]   Killing PID 12266 on destination (from /home/ubuntu/app.pid)
[11:24:34]   Killing PID 12266 on destination (from /home/ubuntu/gol.pid)
[11:24:35]   Killing all remaining gol processes on destination...
[11:24:38] ✓ Reset complete, nodes are clean
[11:24:38]   Next: Start your application
[exit=0]

$ bash /home/ivo/Evaluation-of-Live-Migration-Strategies-at-the-Edge/Game-of-life-migration/scripts/workloads/start_gol_c.sh edge-node-1
[11:24:38] Ensuring gol binary on edge-node-1...
[11:24:39] Reusing existing /tmp/gol on edge-node-1
[11:24:39] Starting gol on edge-node-1...
[11:24:40] ✓ Gol started
[exit=0]
[repeat] warmup 2s

$ python3 /home/ivo/Evaluation-of-Live-Migration-Strategies-at-the-Edge/Game-of-life-migration/scripts/orchestrators/criu_benchmark.py cold --source edge-node-1 --dest edge-node-2 --transfer-mode host --run-id 01-05-2026-host-cold-0048 --relay-node edge-host-1 --profile-name 2_5G
[11:24:42] Starting cold migration...
[11:24:42] Source: edge-node-1, Dest: edge-node-2
[11:24:42] Transfer mode: host
[11:24:42] Relay node: edge-host-1

[11:24:42] === COLD MIGRATION ===
[11:24:42] Step 1: Checking source process...
[11:24:43]   Using PID from /home/ubuntu/gol.pid: 13625
[11:24:43]   Architecture: x86_64 (compatible)
[11:24:43] Step 2: Dumping process with CRIU...
[11:24:44]   Checkpoint time: 337 ms
[11:24:44] Step 3: Creating archive...
[11:24:44]   Archive size: 25429 bytes
[11:24:44] Step 4: Transferring archive...
  Transferring /home/ubuntu/CRIU-gol.tar.gz via relay node edge-host-1...
Setting up SSH trust: edge-node-1 → ubuntu@10.138.215.36
  Adding public key to destination's authorized_keys...
  Testing SSH connectivity...
  ✓ SSH trust ready
Setting up SSH trust: edge-host-1 → ubuntu@10.138.215.137
  Adding public key to destination's authorized_keys...
  Testing SSH connectivity...
  ✓ SSH trust ready
[11:24:52]   Transfer time: 7533 ms
[11:24:52] Step 5: Unpacking on destination...
[11:24:52] Step 6: Preparing restore environment...
[11:24:53] Step 6.5: Ensuring /tmp/gol binary is present on destination...
[11:24:53] Step 7: Restoring process...
[11:24:53]   Restore time: 358 ms
[11:24:54]   Restored PID: 13625 (written to /home/ubuntu/gol.pid)
[11:24:54] Step 8: Verifying migration...
[11:24:59] ✓ gol.out updated after migration (mtime 1777627496 → 1777627498), simulation running!
[11:24:59] Total downtime: 8228 ms
[11:24:59] Effective bandwidth: 0.03 Mbps
[11:24:59] Metrics saved to /home/ivo/Evaluation-of-Live-Migration-Strategies-at-the-Edge/Game-of-life-migration/metrics/migration_metrics.csv
[exit=0]

$ python3 /home/ivo/Evaluation-of-Live-Migration-Strategies-at-the-Edge/Game-of-life-migration/scripts/setup/reset_nodes.py edge-node-1 edge-node-2
[11:25:00] Resetting nodes: edge-node-1 -> edge-node-2
[11:25:00] Step 1: Killing any existing processes on source...
[11:25:00]   Killing PID 13625 (from /home/ubuntu/app.pid)
[11:25:01]   Killing PID 13625 (from /home/ubuntu/gol.pid)
[11:25:01]   Killing any remaining background processes...
[11:25:03] Step 2: Cleaning source node...
[11:25:04] Step 3: Cleaning destination node...
[11:25:04]   Killing PID 13625 on destination (from /home/ubuntu/app.pid)
[11:25:05]   Killing PID 13625 on destination (from /home/ubuntu/gol.pid)
[11:25:05]   Killing all remaining gol processes on destination...
[11:25:09] ✓ Reset complete, nodes are clean
[11:25:09]   Next: Start your application
[exit=0]

$ bash /home/ivo/Evaluation-of-Live-Migration-Strategies-at-the-Edge/Game-of-life-migration/scripts/workloads/start_gol_c.sh edge-node-1
[11:25:09] Ensuring gol binary on edge-node-1...
[11:25:09] Reusing existing /tmp/gol on edge-node-1
[11:25:09] Starting gol on edge-node-1...
[11:25:10] ✓ Gol started
[exit=0]
[repeat] warmup 2s

$ python3 /home/ivo/Evaluation-of-Live-Migration-Strategies-at-the-Edge/Game-of-life-migration/scripts/orchestrators/criu_benchmark.py cold --source edge-node-1 --dest edge-node-2 --transfer-mode host --run-id 01-05-2026-host-cold-0049 --relay-node edge-host-1 --profile-name 2_5G
[11:25:13] Starting cold migration...
[11:25:13] Source: edge-node-1, Dest: edge-node-2
[11:25:13] Transfer mode: host
[11:25:13] Relay node: edge-host-1

[11:25:13] === COLD MIGRATION ===
[11:25:13] Step 1: Checking source process...
[11:25:13]   Using PID from /home/ubuntu/gol.pid: 14979
[11:25:14]   Architecture: x86_64 (compatible)
[11:25:14] Step 2: Dumping process with CRIU...
[11:25:14]   Checkpoint time: 282 ms
[11:25:14] Step 3: Creating archive...
[11:25:15]   Archive size: 25400 bytes
[11:25:15] Step 4: Transferring archive...
  Transferring /home/ubuntu/CRIU-gol.tar.gz via relay node edge-host-1...
Setting up SSH trust: edge-node-1 → ubuntu@10.138.215.36
  Adding public key to destination's authorized_keys...
  Testing SSH connectivity...
  ✓ SSH trust ready
Setting up SSH trust: edge-host-1 → ubuntu@10.138.215.137
  Adding public key to destination's authorized_keys...
  Testing SSH connectivity...
  ✓ SSH trust ready
[11:25:22]   Transfer time: 7585 ms
[11:25:22] Step 5: Unpacking on destination...
[11:25:22] Step 6: Preparing restore environment...
[11:25:23] Step 6.5: Ensuring /tmp/gol binary is present on destination...
[11:25:23] Step 7: Restoring process...
[11:25:24]   Restore time: 314 ms
[11:25:24]   Restored PID: 14979 (written to /home/ubuntu/gol.pid)
[11:25:24] Step 8: Verifying migration...
[11:25:30] ✓ gol.out updated after migration (mtime 1777627527 → 1777627529), simulation running!
[11:25:30] Total downtime: 8181 ms
[11:25:30] Effective bandwidth: 0.03 Mbps
[11:25:30] Metrics saved to /home/ivo/Evaluation-of-Live-Migration-Strategies-at-the-Edge/Game-of-life-migration/metrics/migration_metrics.csv
[exit=0]

$ python3 /home/ivo/Evaluation-of-Live-Migration-Strategies-at-the-Edge/Game-of-life-migration/scripts/setup/reset_nodes.py edge-node-1 edge-node-2
[11:25:30] Resetting nodes: edge-node-1 -> edge-node-2
[11:25:30] Step 1: Killing any existing processes on source...
[11:25:31]   Killing PID 14979 (from /home/ubuntu/app.pid)
[11:25:31]   Killing PID 14979 (from /home/ubuntu/gol.pid)
[11:25:32]   Killing any remaining background processes...
[11:25:33] Step 2: Cleaning source node...
[11:25:34] Step 3: Cleaning destination node...
[11:25:35]   Killing PID 14979 on destination (from /home/ubuntu/app.pid)
[11:25:36]   Killing PID 14979 on destination (from /home/ubuntu/gol.pid)
[11:25:36]   Killing all remaining gol processes on destination...
[11:25:40] ✓ Reset complete, nodes are clean
[11:25:40]   Next: Start your application
[exit=0]

$ bash /home/ivo/Evaluation-of-Live-Migration-Strategies-at-the-Edge/Game-of-life-migration/scripts/workloads/start_gol_c.sh edge-node-1
[11:25:40] Ensuring gol binary on edge-node-1...
[11:25:40] Reusing existing /tmp/gol on edge-node-1
[11:25:40] Starting gol on edge-node-1...
[11:25:41] ✓ Gol started
[exit=0]
[repeat] warmup 2s

$ python3 /home/ivo/Evaluation-of-Live-Migration-Strategies-at-the-Edge/Game-of-life-migration/scripts/orchestrators/criu_benchmark.py cold --source edge-node-1 --dest edge-node-2 --transfer-mode direct --run-id 01-05-2026-direct-cold-0040 --profile-name 2_5G
[11:25:44] Starting cold migration...
[11:25:44] Source: edge-node-1, Dest: edge-node-2
[11:25:44] Transfer mode: direct

[11:25:44] === COLD MIGRATION ===
[11:25:44] Step 1: Checking source process...
[11:25:44]   Using PID from /home/ubuntu/gol.pid: 16341
[11:25:45]   Architecture: x86_64 (compatible)
[11:25:45] Step 2: Dumping process with CRIU...
[11:25:45]   Checkpoint time: 324 ms
[11:25:45] Step 3: Creating archive...
[11:25:46]   Archive size: 25284 bytes
[11:25:46] Step 4: Transferring archive...
[11:25:46]   Setting up direct SSH trust...
Setting up SSH trust: edge-node-1 → ubuntu@10.138.215.137
  Adding public key to destination's authorized_keys...
  Testing SSH connectivity...
  ✓ SSH trust ready
Setting up SSH trust: edge-node-1 → ubuntu@10.138.215.137
  Adding public key to destination's authorized_keys...
  Testing SSH connectivity...
  ✓ SSH trust ready
  Transferring /home/ubuntu/CRIU-gol.tar.gz via SCP...
[11:25:51]   Transfer time: 3508 ms
[11:25:51] Step 5: Unpacking on destination...
[11:25:52] Step 6: Preparing restore environment...
[11:25:52] Step 6.5: Ensuring /tmp/gol binary is present on destination...
[11:25:52] Step 7: Restoring process...
[11:25:53]   Restore time: 351 ms
[11:25:53]   Restored PID: 16341 (written to /home/ubuntu/gol.pid)
[11:25:53] Step 8: Verifying migration...
[11:25:59] ✓ gol.out updated after migration (mtime 1777627556 → 1777627558), simulation running!
[11:25:59] Total downtime: 4183 ms
[11:25:59] Effective bandwidth: 0.06 Mbps
[11:25:59] Metrics saved to /home/ivo/Evaluation-of-Live-Migration-Strategies-at-the-Edge/Game-of-life-migration/metrics/migration_metrics.csv
[exit=0]

$ python3 /home/ivo/Evaluation-of-Live-Migration-Strategies-at-the-Edge/Game-of-life-migration/scripts/setup/reset_nodes.py edge-node-1 edge-node-2
[11:25:59] Resetting nodes: edge-node-1 -> edge-node-2
[11:25:59] Step 1: Killing any existing processes on source...
[11:25:59]   Killing PID 16341 (from /home/ubuntu/app.pid)
[11:26:00]   Killing PID 16341 (from /home/ubuntu/gol.pid)
[11:26:01]   Killing any remaining background processes...
[11:26:02] Step 2: Cleaning source node...
[11:26:03] Step 3: Cleaning destination node...
[11:26:03]   Killing PID 16341 on destination (from /home/ubuntu/app.pid)
[11:26:04]   Killing PID 16341 on destination (from /home/ubuntu/gol.pid)
[11:26:05]   Killing all remaining gol processes on destination...
[11:26:08] ✓ Reset complete, nodes are clean
[11:26:08]   Next: Start your application
[exit=0]

$ bash /home/ivo/Evaluation-of-Live-Migration-Strategies-at-the-Edge/Game-of-life-migration/scripts/workloads/start_gol_c.sh edge-node-1
[11:26:08] Ensuring gol binary on edge-node-1...
[11:26:08] Reusing existing /tmp/gol on edge-node-1
[11:26:08] Starting gol on edge-node-1...
[11:26:09] ✓ Gol started
[exit=0]
[repeat] warmup 2s

$ python3 /home/ivo/Evaluation-of-Live-Migration-Strategies-at-the-Edge/Game-of-life-migration/scripts/orchestrators/criu_benchmark.py cold --source edge-node-1 --dest edge-node-2 --transfer-mode direct --run-id 01-05-2026-direct-cold-0041 --profile-name 2_5G
[11:26:12] Starting cold migration...
[11:26:12] Source: edge-node-1, Dest: edge-node-2
[11:26:12] Transfer mode: direct

[11:26:12] === COLD MIGRATION ===
[11:26:12] Step 1: Checking source process...
[11:26:12]   Using PID from /home/ubuntu/gol.pid: 17787
[11:26:13]   Architecture: x86_64 (compatible)
[11:26:13] Step 2: Dumping process with CRIU...
[11:26:13]   Checkpoint time: 337 ms
[11:26:13] Step 3: Creating archive...
[11:26:14]   Archive size: 25320 bytes
[11:26:14] Step 4: Transferring archive...
[11:26:14]   Setting up direct SSH trust...
Setting up SSH trust: edge-node-1 → ubuntu@10.138.215.137
  Adding public key to destination's authorized_keys...
  Testing SSH connectivity...
  ✓ SSH trust ready
Setting up SSH trust: edge-node-1 → ubuntu@10.138.215.137
  Adding public key to destination's authorized_keys...
  Testing SSH connectivity...
  ✓ SSH trust ready
  Transferring /home/ubuntu/CRIU-gol.tar.gz via SCP...
[11:26:20]   Transfer time: 3471 ms
[11:26:20] Step 5: Unpacking on destination...
[11:26:20] Step 6: Preparing restore environment...
[11:26:21] Step 6.5: Ensuring /tmp/gol binary is present on destination...
[11:26:21] Step 7: Restoring process...
[11:26:21]   Restore time: 291 ms
[11:26:21]   Restored PID: 17787 (written to /home/ubuntu/gol.pid)
[11:26:21] Step 8: Verifying migration...
[11:26:27] ✓ gol.out updated after migration (mtime 1777627584 → 1777627586), simulation running!
[11:26:27] Total downtime: 4099 ms
[11:26:27] Effective bandwidth: 0.06 Mbps
[11:26:27] Metrics saved to /home/ivo/Evaluation-of-Live-Migration-Strategies-at-the-Edge/Game-of-life-migration/metrics/migration_metrics.csv
[exit=0]

$ python3 /home/ivo/Evaluation-of-Live-Migration-Strategies-at-the-Edge/Game-of-life-migration/scripts/setup/reset_nodes.py edge-node-1 edge-node-2
[11:26:27] Resetting nodes: edge-node-1 -> edge-node-2
[11:26:27] Step 1: Killing any existing processes on source...
[11:26:28]   Killing PID 17787 (from /home/ubuntu/app.pid)
[11:26:28]   Killing PID 17787 (from /home/ubuntu/gol.pid)
[11:26:29]   Killing any remaining background processes...
[11:26:30] Step 2: Cleaning source node...
[11:26:32] Step 3: Cleaning destination node...
[11:26:32]   Killing PID 17787 on destination (from /home/ubuntu/app.pid)
[11:26:33]   Killing PID 17787 on destination (from /home/ubuntu/gol.pid)
[11:26:33]   Killing all remaining gol processes on destination...
[11:26:37] ✓ Reset complete, nodes are clean
[11:26:37]   Next: Start your application
[exit=0]

$ bash /home/ivo/Evaluation-of-Live-Migration-Strategies-at-the-Edge/Game-of-life-migration/scripts/workloads/start_gol_c.sh edge-node-1
[11:26:37] Ensuring gol binary on edge-node-1...
[11:26:37] Reusing existing /tmp/gol on edge-node-1
[11:26:37] Starting gol on edge-node-1...
[11:26:39] ✓ Gol started
[exit=0]
[repeat] warmup 2s

$ python3 /home/ivo/Evaluation-of-Live-Migration-Strategies-at-the-Edge/Game-of-life-migration/scripts/orchestrators/criu_benchmark.py cold --source edge-node-1 --dest edge-node-2 --transfer-mode direct --run-id 01-05-2026-direct-cold-0042 --profile-name 2_5G
[11:26:41] Starting cold migration...
[11:26:41] Source: edge-node-1, Dest: edge-node-2
[11:26:41] Transfer mode: direct

[11:26:41] === COLD MIGRATION ===
[11:26:41] Step 1: Checking source process...
[11:26:42]   Using PID from /home/ubuntu/gol.pid: 19249
[11:26:42]   Architecture: x86_64 (compatible)
[11:26:42] Step 2: Dumping process with CRIU...
[11:26:42]   Checkpoint time: 309 ms
[11:26:42] Step 3: Creating archive...
[11:26:43]   Archive size: 25363 bytes
[11:26:43] Step 4: Transferring archive...
[11:26:43]   Setting up direct SSH trust...
Setting up SSH trust: edge-node-1 → ubuntu@10.138.215.137
  Adding public key to destination's authorized_keys...
  Testing SSH connectivity...
  ✓ SSH trust ready
Setting up SSH trust: edge-node-1 → ubuntu@10.138.215.137
  Adding public key to destination's authorized_keys...
  Testing SSH connectivity...
  ✓ SSH trust ready
  Transferring /home/ubuntu/CRIU-gol.tar.gz via SCP...
[11:26:48]   Transfer time: 3465 ms
[11:26:48] Step 5: Unpacking on destination...
[11:26:49] Step 6: Preparing restore environment...
[11:26:49] Step 6.5: Ensuring /tmp/gol binary is present on destination...
[11:26:50] Step 7: Restoring process...
[11:26:50]   Restore time: 291 ms
[11:26:50]   Restored PID: 19249 (written to /home/ubuntu/gol.pid)
[11:26:50] Step 8: Verifying migration...
[11:26:56] ✓ gol.out updated after migration (mtime 1777627613 → 1777627615), simulation running!
[11:26:56] Total downtime: 4065 ms
[11:26:56] Effective bandwidth: 0.06 Mbps
[11:26:56] Metrics saved to /home/ivo/Evaluation-of-Live-Migration-Strategies-at-the-Edge/Game-of-life-migration/metrics/migration_metrics.csv
[exit=0]

$ python3 /home/ivo/Evaluation-of-Live-Migration-Strategies-at-the-Edge/Game-of-life-migration/scripts/setup/reset_nodes.py edge-node-1 edge-node-2
[11:26:56] Resetting nodes: edge-node-1 -> edge-node-2
[11:26:56] Step 1: Killing any existing processes on source...
[11:26:56]   Killing PID 19249 (from /home/ubuntu/app.pid)
[11:26:57]   Killing PID 19249 (from /home/ubuntu/gol.pid)
[11:26:58]   Killing any remaining background processes...
[11:26:59] Step 2: Cleaning source node...
[11:27:00] Step 3: Cleaning destination node...
[11:27:00]   Killing PID 19249 on destination (from /home/ubuntu/app.pid)
[11:27:01]   Killing PID 19249 on destination (from /home/ubuntu/gol.pid)
[11:27:02]   Killing all remaining gol processes on destination...
[11:27:05] ✓ Reset complete, nodes are clean
[11:27:05]   Next: Start your application
[exit=0]

$ bash /home/ivo/Evaluation-of-Live-Migration-Strategies-at-the-Edge/Game-of-life-migration/scripts/workloads/start_gol_c.sh edge-node-1
[11:27:05] Ensuring gol binary on edge-node-1...
[11:27:05] Reusing existing /tmp/gol on edge-node-1
[11:27:05] Starting gol on edge-node-1...
[11:27:06] ✓ Gol started
[exit=0]
[repeat] warmup 2s

$ python3 /home/ivo/Evaluation-of-Live-Migration-Strategies-at-the-Edge/Game-of-life-migration/scripts/orchestrators/criu_benchmark.py cold --source edge-node-1 --dest edge-node-2 --transfer-mode direct --run-id 01-05-2026-direct-cold-0043 --profile-name 2_5G
[11:27:09] Starting cold migration...
[11:27:09] Source: edge-node-1, Dest: edge-node-2
[11:27:09] Transfer mode: direct

[11:27:09] === COLD MIGRATION ===
[11:27:09] Step 1: Checking source process...
[11:27:09]   Using PID from /home/ubuntu/gol.pid: 20702
[11:27:10]   Architecture: x86_64 (compatible)
[11:27:10] Step 2: Dumping process with CRIU...
[11:27:10]   Checkpoint time: 403 ms
[11:27:10] Step 3: Creating archive...
[11:27:11]   Archive size: 25560 bytes
[11:27:11] Step 4: Transferring archive...
[11:27:11]   Setting up direct SSH trust...
Setting up SSH trust: edge-node-1 → ubuntu@10.138.215.137
  Adding public key to destination's authorized_keys...
  Testing SSH connectivity...
  ✓ SSH trust ready
Setting up SSH trust: edge-node-1 → ubuntu@10.138.215.137
  Adding public key to destination's authorized_keys...
  Testing SSH connectivity...
  ✓ SSH trust ready
  Transferring /home/ubuntu/CRIU-gol.tar.gz via SCP...
[11:27:17]   Transfer time: 3519 ms
[11:27:17] Step 5: Unpacking on destination...
[11:27:17] Step 6: Preparing restore environment...
[11:27:17] Step 6.5: Ensuring /tmp/gol binary is present on destination...
[11:27:18] Step 7: Restoring process...
[11:27:18]   Restore time: 320 ms
[11:27:18]   Restored PID: 20702 (written to /home/ubuntu/gol.pid)
[11:27:18] Step 8: Verifying migration...
[11:27:24] ✓ gol.out updated after migration (mtime 1777627641 → 1777627643), simulation running!
[11:27:24] Total downtime: 4242 ms
[11:27:24] Effective bandwidth: 0.06 Mbps
[11:27:24] Metrics saved to /home/ivo/Evaluation-of-Live-Migration-Strategies-at-the-Edge/Game-of-life-migration/metrics/migration_metrics.csv
[exit=0]

$ python3 /home/ivo/Evaluation-of-Live-Migration-Strategies-at-the-Edge/Game-of-life-migration/scripts/setup/reset_nodes.py edge-node-1 edge-node-2
[11:27:24] Resetting nodes: edge-node-1 -> edge-node-2
[11:27:24] Step 1: Killing any existing processes on source...
[11:27:25]   Killing PID 20702 (from /home/ubuntu/app.pid)
[11:27:25]   Killing PID 20702 (from /home/ubuntu/gol.pid)
[11:27:26]   Killing any remaining background processes...
[11:27:27] Step 2: Cleaning source node...
[11:27:28] Step 3: Cleaning destination node...
[11:27:29]   Killing PID 20702 on destination (from /home/ubuntu/app.pid)
[11:27:29]   Killing PID 20702 on destination (from /home/ubuntu/gol.pid)
[11:27:30]   Killing all remaining gol processes on destination...
[11:27:33] ✓ Reset complete, nodes are clean
[11:27:33]   Next: Start your application
[exit=0]

$ bash /home/ivo/Evaluation-of-Live-Migration-Strategies-at-the-Edge/Game-of-life-migration/scripts/workloads/start_gol_c.sh edge-node-1
[11:27:33] Ensuring gol binary on edge-node-1...
[11:27:34] Reusing existing /tmp/gol on edge-node-1
[11:27:34] Starting gol on edge-node-1...
[11:27:35] ✓ Gol started
[exit=0]
[repeat] warmup 2s

$ python3 /home/ivo/Evaluation-of-Live-Migration-Strategies-at-the-Edge/Game-of-life-migration/scripts/orchestrators/criu_benchmark.py cold --source edge-node-1 --dest edge-node-2 --transfer-mode direct --run-id 01-05-2026-direct-cold-0044 --profile-name 2_5G
[11:27:38] Starting cold migration...
[11:27:38] Source: edge-node-1, Dest: edge-node-2
[11:27:38] Transfer mode: direct

[11:27:38] === COLD MIGRATION ===
[11:27:38] Step 1: Checking source process...
[11:27:38]   Using PID from /home/ubuntu/gol.pid: 22164
[11:27:39]   Architecture: x86_64 (compatible)
[11:27:39] Step 2: Dumping process with CRIU...
[11:27:39]   Checkpoint time: 308 ms
[11:27:39] Step 3: Creating archive...
[11:27:40]   Archive size: 25498 bytes
[11:27:40] Step 4: Transferring archive...
[11:27:40]   Setting up direct SSH trust...
Setting up SSH trust: edge-node-1 → ubuntu@10.138.215.137
  Adding public key to destination's authorized_keys...
  Testing SSH connectivity...
  ✓ SSH trust ready
Setting up SSH trust: edge-node-1 → ubuntu@10.138.215.137
  Adding public key to destination's authorized_keys...
  Testing SSH connectivity...
  ✓ SSH trust ready
  Transferring /home/ubuntu/CRIU-gol.tar.gz via SCP...
[11:27:45]   Transfer time: 3464 ms
[11:27:45] Step 5: Unpacking on destination...
[11:27:46] Step 6: Preparing restore environment...
[11:27:46] Step 6.5: Ensuring /tmp/gol binary is present on destination...
[11:27:46] Step 7: Restoring process...
[11:27:47]   Restore time: 333 ms
[11:27:47]   Restored PID: 22164 (written to /home/ubuntu/gol.pid)
[11:27:47] Step 8: Verifying migration...
[11:27:53] ✓ gol.out updated after migration (mtime 1777627670 → 1777627672), simulation running!
[11:27:53] Total downtime: 4105 ms
[11:27:53] Effective bandwidth: 0.06 Mbps
[11:27:53] Metrics saved to /home/ivo/Evaluation-of-Live-Migration-Strategies-at-the-Edge/Game-of-life-migration/metrics/migration_metrics.csv
[exit=0]

$ python3 /home/ivo/Evaluation-of-Live-Migration-Strategies-at-the-Edge/Game-of-life-migration/scripts/setup/reset_nodes.py edge-node-1 edge-node-2
[11:27:53] Resetting nodes: edge-node-1 -> edge-node-2
[11:27:53] Step 1: Killing any existing processes on source...
[11:27:53]   Killing PID 22164 (from /home/ubuntu/app.pid)
[11:27:54]   Killing PID 22164 (from /home/ubuntu/gol.pid)
[11:27:55]   Killing any remaining background processes...
[11:27:56] Step 2: Cleaning source node...
[11:27:57] Step 3: Cleaning destination node...
[11:27:58]   Killing PID 22164 on destination (from /home/ubuntu/app.pid)
[11:27:58]   Killing PID 22164 on destination (from /home/ubuntu/gol.pid)
[11:27:59]   Killing all remaining gol processes on destination...
[11:28:02] ✓ Reset complete, nodes are clean
[11:28:02]   Next: Start your application
[exit=0]

$ bash /home/ivo/Evaluation-of-Live-Migration-Strategies-at-the-Edge/Game-of-life-migration/scripts/workloads/start_gol_c.sh edge-node-1
[11:28:02] Ensuring gol binary on edge-node-1...
[11:28:02] Reusing existing /tmp/gol on edge-node-1
[11:28:02] Starting gol on edge-node-1...
[11:28:04] ✓ Gol started
[exit=0]
[repeat] warmup 2s

$ python3 /home/ivo/Evaluation-of-Live-Migration-Strategies-at-the-Edge/Game-of-life-migration/scripts/orchestrators/criu_benchmark.py cold --source edge-node-1 --dest edge-node-2 --transfer-mode direct --run-id 01-05-2026-direct-cold-0045 --profile-name 2_5G
[11:28:06] Starting cold migration...
[11:28:06] Source: edge-node-1, Dest: edge-node-2
[11:28:06] Transfer mode: direct

[11:28:06] === COLD MIGRATION ===
[11:28:06] Step 1: Checking source process...
[11:28:07]   Using PID from /home/ubuntu/gol.pid: 23618
[11:28:07]   Architecture: x86_64 (compatible)
[11:28:07] Step 2: Dumping process with CRIU...
[11:28:08]   Checkpoint time: 350 ms
[11:28:08] Step 3: Creating archive...
[11:28:08]   Archive size: 25256 bytes
[11:28:08] Step 4: Transferring archive...
[11:28:08]   Setting up direct SSH trust...
Setting up SSH trust: edge-node-1 → ubuntu@10.138.215.137
  Adding public key to destination's authorized_keys...
  Testing SSH connectivity...
  ✓ SSH trust ready
Setting up SSH trust: edge-node-1 → ubuntu@10.138.215.137
  Adding public key to destination's authorized_keys...
  Testing SSH connectivity...
  ✓ SSH trust ready
  Transferring /home/ubuntu/CRIU-gol.tar.gz via SCP...
[11:28:14]   Transfer time: 3402 ms
[11:28:14] Step 5: Unpacking on destination...
[11:28:14] Step 6: Preparing restore environment...
[11:28:15] Step 6.5: Ensuring /tmp/gol binary is present on destination...
[11:28:15] Step 7: Restoring process...
[11:28:15]   Restore time: 301 ms
[11:28:15]   Restored PID: 23618 (written to /home/ubuntu/gol.pid)
[11:28:15] Step 8: Verifying migration...
[11:28:21] ✓ gol.out updated after migration (mtime 1777627698 → 1777627700), simulation running!
[11:28:21] Total downtime: 4053 ms
[11:28:21] Effective bandwidth: 0.06 Mbps
[11:28:21] Metrics saved to /home/ivo/Evaluation-of-Live-Migration-Strategies-at-the-Edge/Game-of-life-migration/metrics/migration_metrics.csv
[exit=0]

$ python3 /home/ivo/Evaluation-of-Live-Migration-Strategies-at-the-Edge/Game-of-life-migration/scripts/setup/reset_nodes.py edge-node-1 edge-node-2
[11:28:21] Resetting nodes: edge-node-1 -> edge-node-2
[11:28:21] Step 1: Killing any existing processes on source...
[11:28:22]   Killing PID 23618 (from /home/ubuntu/app.pid)
[11:28:22]   Killing PID 23618 (from /home/ubuntu/gol.pid)
[11:28:23]   Killing any remaining background processes...
[11:28:24] Step 2: Cleaning source node...
[11:28:25] Step 3: Cleaning destination node...
[11:28:26]   Killing PID 23618 on destination (from /home/ubuntu/app.pid)
[11:28:26]   Killing PID 23618 on destination (from /home/ubuntu/gol.pid)
[11:28:27]   Killing all remaining gol processes on destination...
[11:28:30] ✓ Reset complete, nodes are clean
[11:28:30]   Next: Start your application
[exit=0]

$ bash /home/ivo/Evaluation-of-Live-Migration-Strategies-at-the-Edge/Game-of-life-migration/scripts/workloads/start_gol_c.sh edge-node-1
[11:28:30] Ensuring gol binary on edge-node-1...
[11:28:31] Reusing existing /tmp/gol on edge-node-1
[11:28:31] Starting gol on edge-node-1...
[11:28:32] ✓ Gol started
[exit=0]
[repeat] warmup 2s

$ python3 /home/ivo/Evaluation-of-Live-Migration-Strategies-at-the-Edge/Game-of-life-migration/scripts/orchestrators/criu_benchmark.py cold --source edge-node-1 --dest edge-node-2 --transfer-mode direct --run-id 01-05-2026-direct-cold-0046 --profile-name 2_5G
[11:28:35] Starting cold migration...
[11:28:35] Source: edge-node-1, Dest: edge-node-2
[11:28:35] Transfer mode: direct

[11:28:35] === COLD MIGRATION ===
[11:28:35] Step 1: Checking source process...
[11:28:35]   Using PID from /home/ubuntu/gol.pid: 25063
[11:28:36]   Architecture: x86_64 (compatible)
[11:28:36] Step 2: Dumping process with CRIU...
[11:28:36]   Checkpoint time: 284 ms
[11:28:36] Step 3: Creating archive...
[11:28:37]   Archive size: 25250 bytes
[11:28:37] Step 4: Transferring archive...
[11:28:37]   Setting up direct SSH trust...
Setting up SSH trust: edge-node-1 → ubuntu@10.138.215.137
  Adding public key to destination's authorized_keys...
  Testing SSH connectivity...
  ✓ SSH trust ready
Setting up SSH trust: edge-node-1 → ubuntu@10.138.215.137
  Adding public key to destination's authorized_keys...
  Testing SSH connectivity...
  ✓ SSH trust ready
  Transferring /home/ubuntu/CRIU-gol.tar.gz via SCP...
[11:28:43]   Transfer time: 3511 ms
[11:28:43] Step 5: Unpacking on destination...
[11:28:43] Step 6: Preparing restore environment...
[11:28:43] Step 6.5: Ensuring /tmp/gol binary is present on destination...
[11:28:44] Step 7: Restoring process...
[11:28:44]   Restore time: 294 ms
[11:28:44]   Restored PID: 25063 (written to /home/ubuntu/gol.pid)
[11:28:44] Step 8: Verifying migration...
[11:28:50] ✓ gol.out updated after migration (mtime 1777627727 → 1777627729), simulation running!
[11:28:50] Total downtime: 4089 ms
[11:28:50] Effective bandwidth: 0.06 Mbps
[11:28:50] Metrics saved to /home/ivo/Evaluation-of-Live-Migration-Strategies-at-the-Edge/Game-of-life-migration/metrics/migration_metrics.csv
[exit=0]

$ python3 /home/ivo/Evaluation-of-Live-Migration-Strategies-at-the-Edge/Game-of-life-migration/scripts/setup/reset_nodes.py edge-node-1 edge-node-2
[11:28:50] Resetting nodes: edge-node-1 -> edge-node-2
[11:28:50] Step 1: Killing any existing processes on source...
[11:28:51]   Killing PID 25063 (from /home/ubuntu/app.pid)
[11:28:51]   Killing PID 25063 (from /home/ubuntu/gol.pid)
[11:28:52]   Killing any remaining background processes...
[11:28:53] Step 2: Cleaning source node...
[11:28:54] Step 3: Cleaning destination node...
[11:28:55]   Killing PID 25063 on destination (from /home/ubuntu/app.pid)
[11:28:55]   Killing PID 25063 on destination (from /home/ubuntu/gol.pid)
[11:28:56]   Killing all remaining gol processes on destination...
[11:28:59] ✓ Reset complete, nodes are clean
[11:28:59]   Next: Start your application
[exit=0]

$ bash /home/ivo/Evaluation-of-Live-Migration-Strategies-at-the-Edge/Game-of-life-migration/scripts/workloads/start_gol_c.sh edge-node-1
[11:28:59] Ensuring gol binary on edge-node-1...
[11:28:59] Reusing existing /tmp/gol on edge-node-1
[11:28:59] Starting gol on edge-node-1...
[11:29:01] ✓ Gol started
[exit=0]
[repeat] warmup 2s

$ python3 /home/ivo/Evaluation-of-Live-Migration-Strategies-at-the-Edge/Game-of-life-migration/scripts/orchestrators/criu_benchmark.py cold --source edge-node-1 --dest edge-node-2 --transfer-mode direct --run-id 01-05-2026-direct-cold-0047 --profile-name 2_5G
[11:29:03] Starting cold migration...
[11:29:03] Source: edge-node-1, Dest: edge-node-2
[11:29:03] Transfer mode: direct

[11:29:03] === COLD MIGRATION ===
[11:29:03] Step 1: Checking source process...
[11:29:04]   Using PID from /home/ubuntu/gol.pid: 26525
[11:29:04]   Architecture: x86_64 (compatible)
[11:29:04] Step 2: Dumping process with CRIU...
[11:29:05]   Checkpoint time: 351 ms
[11:29:05] Step 3: Creating archive...
[11:29:05]   Archive size: 25405 bytes
[11:29:05] Step 4: Transferring archive...
[11:29:05]   Setting up direct SSH trust...
Setting up SSH trust: edge-node-1 → ubuntu@10.138.215.137
  Adding public key to destination's authorized_keys...
  Testing SSH connectivity...
  ✓ SSH trust ready
Setting up SSH trust: edge-node-1 → ubuntu@10.138.215.137
  Adding public key to destination's authorized_keys...
  Testing SSH connectivity...
  ✓ SSH trust ready
  Transferring /home/ubuntu/CRIU-gol.tar.gz via SCP...
[11:29:11]   Transfer time: 3487 ms
[11:29:11] Step 5: Unpacking on destination...
[11:29:11] Step 6: Preparing restore environment...
[11:29:12] Step 6.5: Ensuring /tmp/gol binary is present on destination...
[11:29:12] Step 7: Restoring process...
[11:29:12]   Restore time: 308 ms
[11:29:13]   Restored PID: 26525 (written to /home/ubuntu/gol.pid)
[11:29:13] Step 8: Verifying migration...
[11:29:18] ✓ gol.out updated after migration (mtime 1777627755 → 1777627757), simulation running!
[11:29:18] Total downtime: 4146 ms
[11:29:18] Effective bandwidth: 0.06 Mbps
[11:29:18] Metrics saved to /home/ivo/Evaluation-of-Live-Migration-Strategies-at-the-Edge/Game-of-life-migration/metrics/migration_metrics.csv
[exit=0]

$ python3 /home/ivo/Evaluation-of-Live-Migration-Strategies-at-the-Edge/Game-of-life-migration/scripts/setup/reset_nodes.py edge-node-1 edge-node-2
[11:29:18] Resetting nodes: edge-node-1 -> edge-node-2
[11:29:18] Step 1: Killing any existing processes on source...
[11:29:19]   Killing PID 26525 (from /home/ubuntu/app.pid)
[11:29:20]   Killing PID 26525 (from /home/ubuntu/gol.pid)
[11:29:20]   Killing any remaining background processes...
[11:29:21] Step 2: Cleaning source node...
[11:29:23] Step 3: Cleaning destination node...
[11:29:23]   Killing PID 26525 on destination (from /home/ubuntu/app.pid)
[11:29:24]   Killing PID 26525 on destination (from /home/ubuntu/gol.pid)
[11:29:24]   Killing all remaining gol processes on destination...
[11:29:27] ✓ Reset complete, nodes are clean
[11:29:27]   Next: Start your application
[exit=0]

$ bash /home/ivo/Evaluation-of-Live-Migration-Strategies-at-the-Edge/Game-of-life-migration/scripts/workloads/start_gol_c.sh edge-node-1
[11:29:27] Ensuring gol binary on edge-node-1...
[11:29:28] Reusing existing /tmp/gol on edge-node-1
[11:29:28] Starting gol on edge-node-1...
[11:29:29] ✓ Gol started
[exit=0]
[repeat] warmup 2s

$ python3 /home/ivo/Evaluation-of-Live-Migration-Strategies-at-the-Edge/Game-of-life-migration/scripts/orchestrators/criu_benchmark.py cold --source edge-node-1 --dest edge-node-2 --transfer-mode direct --run-id 01-05-2026-direct-cold-0048 --profile-name 2_5G
[11:29:32] Starting cold migration...
[11:29:32] Source: edge-node-1, Dest: edge-node-2
[11:29:32] Transfer mode: direct

[11:29:32] === COLD MIGRATION ===
[11:29:32] Step 1: Checking source process...
[11:29:32]   Using PID from /home/ubuntu/gol.pid: 27983
[11:29:33]   Architecture: x86_64 (compatible)
[11:29:33] Step 2: Dumping process with CRIU...
[11:29:33]   Checkpoint time: 407 ms
[11:29:33] Step 3: Creating archive...
[11:29:34]   Archive size: 25363 bytes
[11:29:34] Step 4: Transferring archive...
[11:29:34]   Setting up direct SSH trust...
Setting up SSH trust: edge-node-1 → ubuntu@10.138.215.137
  Adding public key to destination's authorized_keys...
  Testing SSH connectivity...
  ✓ SSH trust ready
Setting up SSH trust: edge-node-1 → ubuntu@10.138.215.137
  Adding public key to destination's authorized_keys...
  Testing SSH connectivity...
  ✓ SSH trust ready
  Transferring /home/ubuntu/CRIU-gol.tar.gz via SCP...
[11:29:40]   Transfer time: 3718 ms
[11:29:40] Step 5: Unpacking on destination...
[11:29:40] Step 6: Preparing restore environment...
[11:29:41] Step 6.5: Ensuring /tmp/gol binary is present on destination...
[11:29:41] Step 7: Restoring process...
[11:29:41]   Restore time: 301 ms
[11:29:42]   Restored PID: 27983 (written to /home/ubuntu/gol.pid)
[11:29:42] Step 8: Verifying migration...
[11:29:47] ✓ gol.out updated after migration (mtime 1777627784 → 1777627786), simulation running!
[11:29:47] Total downtime: 4426 ms
[11:29:47] Effective bandwidth: 0.05 Mbps
[11:29:47] Metrics saved to /home/ivo/Evaluation-of-Live-Migration-Strategies-at-the-Edge/Game-of-life-migration/metrics/migration_metrics.csv
[exit=0]

$ python3 /home/ivo/Evaluation-of-Live-Migration-Strategies-at-the-Edge/Game-of-life-migration/scripts/setup/reset_nodes.py edge-node-1 edge-node-2
[11:29:48] Resetting nodes: edge-node-1 -> edge-node-2
[11:29:48] Step 1: Killing any existing processes on source...
[11:29:48]   Killing PID 27983 (from /home/ubuntu/app.pid)
[11:29:49]   Killing PID 27983 (from /home/ubuntu/gol.pid)
[11:29:49]   Killing any remaining background processes...
[11:29:51] Step 2: Cleaning source node...
[11:29:52] Step 3: Cleaning destination node...
[11:29:52]   Killing PID 27983 on destination (from /home/ubuntu/app.pid)
[11:29:53]   Killing PID 27983 on destination (from /home/ubuntu/gol.pid)
[11:29:53]   Killing all remaining gol processes on destination...
[11:29:57] ✓ Reset complete, nodes are clean
[11:29:57]   Next: Start your application
[exit=0]

$ bash /home/ivo/Evaluation-of-Live-Migration-Strategies-at-the-Edge/Game-of-life-migration/scripts/workloads/start_gol_c.sh edge-node-1
[11:29:57] Ensuring gol binary on edge-node-1...
[11:29:57] Reusing existing /tmp/gol on edge-node-1
[11:29:57] Starting gol on edge-node-1...
[11:29:58] ✓ Gol started
[exit=0]
[repeat] warmup 2s

$ python3 /home/ivo/Evaluation-of-Live-Migration-Strategies-at-the-Edge/Game-of-life-migration/scripts/orchestrators/criu_benchmark.py cold --source edge-node-1 --dest edge-node-2 --transfer-mode direct --run-id 01-05-2026-direct-cold-0049 --profile-name 2_5G
[11:30:01] Starting cold migration...
[11:30:01] Source: edge-node-1, Dest: edge-node-2
[11:30:01] Transfer mode: direct

[11:30:01] === COLD MIGRATION ===
[11:30:01] Step 1: Checking source process...
[11:30:01]   Using PID from /home/ubuntu/gol.pid: 29445
[11:30:02]   Architecture: x86_64 (compatible)
[11:30:02] Step 2: Dumping process with CRIU...
[11:30:02]   Checkpoint time: 314 ms
[11:30:02] Step 3: Creating archive...
[11:30:03]   Archive size: 25498 bytes
[11:30:03] Step 4: Transferring archive...
[11:30:03]   Setting up direct SSH trust...
Setting up SSH trust: edge-node-1 → ubuntu@10.138.215.137
  Adding public key to destination's authorized_keys...
  Testing SSH connectivity...
  ✓ SSH trust ready
Setting up SSH trust: edge-node-1 → ubuntu@10.138.215.137
  Adding public key to destination's authorized_keys...
  Testing SSH connectivity...
  ✓ SSH trust ready
  Transferring /home/ubuntu/CRIU-gol.tar.gz via SCP...
[11:30:08]   Transfer time: 3324 ms
[11:30:08] Step 5: Unpacking on destination...
[11:30:08] Step 6: Preparing restore environment...
[11:30:09] Step 6.5: Ensuring /tmp/gol binary is present on destination...
[11:30:09] Step 7: Restoring process...
[11:30:10]   Restore time: 385 ms
[11:30:10]   Restored PID: 29445 (written to /home/ubuntu/gol.pid)
[11:30:10] Step 8: Verifying migration...
[11:30:15] ✓ gol.out updated after migration (mtime 1777627813 → 1777627815), simulation running!
[11:30:15] Total downtime: 4023 ms
[11:30:15] Effective bandwidth: 0.06 Mbps
[11:30:15] Metrics saved to /home/ivo/Evaluation-of-Live-Migration-Strategies-at-the-Edge/Game-of-life-migration/metrics/migration_metrics.csv
[exit=0]

$ python3 /home/ivo/Evaluation-of-Live-Migration-Strategies-at-the-Edge/Game-of-life-migration/scripts/setup/reset_nodes.py edge-node-1 edge-node-2
[11:30:16] Resetting nodes: edge-node-1 -> edge-node-2
[11:30:16] Step 1: Killing any existing processes on source...
[11:30:16]   Killing PID 29445 (from /home/ubuntu/app.pid)
[11:30:17]   Killing PID 29445 (from /home/ubuntu/gol.pid)
[11:30:17]   Killing any remaining background processes...
[11:30:19] Step 2: Cleaning source node...
[11:30:20] Step 3: Cleaning destination node...
[11:30:20]   Killing PID 29445 on destination (from /home/ubuntu/app.pid)
[11:30:21]   Killing PID 29445 on destination (from /home/ubuntu/gol.pid)
[11:30:21]   Killing all remaining gol processes on destination...
[11:30:25] ✓ Reset complete, nodes are clean
[11:30:25]   Next: Start your application
[exit=0]

$ bash /home/ivo/Evaluation-of-Live-Migration-Strategies-at-the-Edge/Game-of-life-migration/scripts/workloads/start_gol_c.sh edge-node-1
[11:30:25] Ensuring gol binary on edge-node-1...
[11:30:25] Reusing existing /tmp/gol on edge-node-1
[11:30:25] Starting gol on edge-node-1...
[11:30:26] ✓ Gol started
[exit=0]
[repeat] warmup 2s

$ python3 /home/ivo/Evaluation-of-Live-Migration-Strategies-at-the-Edge/Game-of-life-migration/scripts/orchestrators/criu_benchmark.py precopy --source edge-node-1 --dest edge-node-2 --transfer-mode host --run-id 01-05-2026-host-precopy-0040 --relay-node edge-host-1 --iterations 3 --profile-name 2_5G
[11:30:29] Starting precopy migration...
[11:30:29] Source: edge-node-1, Dest: edge-node-2
[11:30:29] Transfer mode: host
[11:30:29] Relay node: edge-host-1

[11:30:29] === PRE-COPY LIVE MIGRATION ===
[11:30:29] Step 1: Checking source process...
[11:30:29]   Using PID from /home/ubuntu/gol.pid: 30901
[11:30:30]   Architecture: x86_64 (compatible)
[11:30:30] Step 2: Preparing dump directory...
[11:30:30] Step 3: Running 3 pre-dumps...
[11:30:30]   Pre-dump 1/3...
[11:30:32]   Pre-dump 2/3...
[11:30:33]   Pre-dump 3/3...
[11:30:34]   Total pre-dump time: 3948 ms
[11:30:34] Step 4: Final dump (freezing service)...
[11:30:35]   Final dump time (freeze duration): 286 ms
[11:30:35] Step 5: Creating archive...
[11:30:36]   Archive size: 33741 bytes
[11:30:36] Step 6: Transferring archive...
  Transferring /tmp/CRIU-gol.tar.gz via relay node edge-host-1...
Setting up SSH trust: edge-node-1 → ubuntu@10.138.215.36
  Adding public key to destination's authorized_keys...
  Testing SSH connectivity...
  ✓ SSH trust ready
Setting up SSH trust: edge-host-1 → ubuntu@10.138.215.137
  Adding public key to destination's authorized_keys...
  Testing SSH connectivity...
  ✓ SSH trust ready
[11:30:44]   Transfer time: 8091 ms
[11:30:44] Step 7: Unpacking on destination...
[11:30:44] Step 7.5: Ensuring gol output file exists on destination...
[11:30:44] Step 7.8: Ensuring /tmp/gol binary is present on destination...
[11:30:45] Step 8: Restoring process...
[11:30:45]   Restore time: 313 ms
[11:30:45]   Restored PID: 30901 (written to /home/ubuntu/gol.pid)
[11:30:45] Step 9: Verifying migration...
[11:30:51] ✓ gol.out updated after migration (mtime 1777627848 → 1777627850), simulation running!
[11:30:51] Total downtime: 8690 ms (final_dump: 286 + transfer: 8091 + restore: 313)
[11:30:51] Pre-dump time (not counted as downtime): 3948 ms
[11:30:51] Effective bandwidth: 0.03 Mbps
[11:30:51] Metrics saved to /home/ivo/Evaluation-of-Live-Migration-Strategies-at-the-Edge/Game-of-life-migration/metrics/migration_metrics.csv
[exit=0]

$ python3 /home/ivo/Evaluation-of-Live-Migration-Strategies-at-the-Edge/Game-of-life-migration/scripts/setup/reset_nodes.py edge-node-1 edge-node-2
[11:30:51] Resetting nodes: edge-node-1 -> edge-node-2
[11:30:51] Step 1: Killing any existing processes on source...
[11:30:52]   Killing PID 30901 (from /home/ubuntu/app.pid)
[11:30:52]   Killing PID 30901 (from /home/ubuntu/gol.pid)
[11:30:53]   Killing any remaining background processes...
[11:30:54] Step 2: Cleaning source node...
[11:30:55] Step 3: Cleaning destination node...
[11:30:56]   Killing PID 30901 on destination (from /home/ubuntu/app.pid)
[11:30:56]   Killing PID 30901 on destination (from /home/ubuntu/gol.pid)
[11:30:57]   Killing all remaining gol processes on destination...
[11:31:00] ✓ Reset complete, nodes are clean
[11:31:00]   Next: Start your application
[exit=0]

$ bash /home/ivo/Evaluation-of-Live-Migration-Strategies-at-the-Edge/Game-of-life-migration/scripts/workloads/start_gol_c.sh edge-node-1
[11:31:00] Ensuring gol binary on edge-node-1...
[11:31:00] Reusing existing /tmp/gol on edge-node-1
[11:31:00] Starting gol on edge-node-1...
[11:31:02] ✓ Gol started
[exit=0]
[repeat] warmup 2s

$ python3 /home/ivo/Evaluation-of-Live-Migration-Strategies-at-the-Edge/Game-of-life-migration/scripts/orchestrators/criu_benchmark.py precopy --source edge-node-1 --dest edge-node-2 --transfer-mode host --run-id 01-05-2026-host-precopy-0041 --relay-node edge-host-1 --iterations 3 --profile-name 2_5G
[11:31:04] Starting precopy migration...
[11:31:04] Source: edge-node-1, Dest: edge-node-2
[11:31:04] Transfer mode: host
[11:31:04] Relay node: edge-host-1

[11:31:04] === PRE-COPY LIVE MIGRATION ===
[11:31:04] Step 1: Checking source process...
[11:31:05]   Using PID from /home/ubuntu/gol.pid: 32469
[11:31:05]   Architecture: x86_64 (compatible)
[11:31:05] Step 2: Preparing dump directory...
[11:31:06] Step 3: Running 3 pre-dumps...
[11:31:06]   Pre-dump 1/3...
[11:31:07]   Pre-dump 2/3...
[11:31:08]   Pre-dump 3/3...
[11:31:09]   Total pre-dump time: 3962 ms
[11:31:09] Step 4: Final dump (freezing service)...
[11:31:10]   Final dump time (freeze duration): 289 ms
[11:31:10] Step 5: Creating archive...
[11:31:10]   Archive size: 33129 bytes
[11:31:10] Step 6: Transferring archive...
  Transferring /tmp/CRIU-gol.tar.gz via relay node edge-host-1...
Setting up SSH trust: edge-node-1 → ubuntu@10.138.215.36
  Adding public key to destination's authorized_keys...
  Testing SSH connectivity...
  ✓ SSH trust ready
Setting up SSH trust: edge-host-1 → ubuntu@10.138.215.137
  Adding public key to destination's authorized_keys...
  Testing SSH connectivity...
  ✓ SSH trust ready
[11:31:18]   Transfer time: 7353 ms
[11:31:18] Step 7: Unpacking on destination...
[11:31:18] Step 7.5: Ensuring gol output file exists on destination...
[11:31:18] Step 7.8: Ensuring /tmp/gol binary is present on destination...
[11:31:19] Step 8: Restoring process...
[11:31:19]   Restore time: 302 ms
[11:31:19]   Restored PID: 32469 (written to /home/ubuntu/gol.pid)
[11:31:19] Step 9: Verifying migration...
[11:31:25] ✓ gol.out updated after migration (mtime 1777627882 → 1777627884), simulation running!
[11:31:25] Total downtime: 7944 ms (final_dump: 289 + transfer: 7353 + restore: 302)
[11:31:25] Pre-dump time (not counted as downtime): 3962 ms
[11:31:25] Effective bandwidth: 0.04 Mbps
[11:31:25] Metrics saved to /home/ivo/Evaluation-of-Live-Migration-Strategies-at-the-Edge/Game-of-life-migration/metrics/migration_metrics.csv
[exit=0]

$ python3 /home/ivo/Evaluation-of-Live-Migration-Strategies-at-the-Edge/Game-of-life-migration/scripts/setup/reset_nodes.py edge-node-1 edge-node-2
[11:31:25] Resetting nodes: edge-node-1 -> edge-node-2
[11:31:25] Step 1: Killing any existing processes on source...
[11:31:25]   Killing PID 32469 (from /home/ubuntu/app.pid)
[11:31:26]   Killing PID 32469 (from /home/ubuntu/gol.pid)
[11:31:27]   Killing any remaining background processes...
[11:31:28] Step 2: Cleaning source node...
[11:31:29] Step 3: Cleaning destination node...
[11:31:30]   Killing PID 32469 on destination (from /home/ubuntu/app.pid)
[11:31:30]   Killing PID 32469 on destination (from /home/ubuntu/gol.pid)
[11:31:31]   Killing all remaining gol processes on destination...
[11:31:34] ✓ Reset complete, nodes are clean
[11:31:34]   Next: Start your application
[exit=0]

$ bash /home/ivo/Evaluation-of-Live-Migration-Strategies-at-the-Edge/Game-of-life-migration/scripts/workloads/start_gol_c.sh edge-node-1
[11:31:34] Ensuring gol binary on edge-node-1...
[11:31:35] Reusing existing /tmp/gol on edge-node-1
[11:31:35] Starting gol on edge-node-1...
[11:31:36] ✓ Gol started
[exit=0]
[repeat] warmup 2s

$ python3 /home/ivo/Evaluation-of-Live-Migration-Strategies-at-the-Edge/Game-of-life-migration/scripts/orchestrators/criu_benchmark.py precopy --source edge-node-1 --dest edge-node-2 --transfer-mode host --run-id 01-05-2026-host-precopy-0042 --relay-node edge-host-1 --iterations 3 --profile-name 2_5G
[11:31:39] Starting precopy migration...
[11:31:39] Source: edge-node-1, Dest: edge-node-2
[11:31:39] Transfer mode: host
[11:31:39] Relay node: edge-host-1

[11:31:39] === PRE-COPY LIVE MIGRATION ===
[11:31:39] Step 1: Checking source process...
[11:31:39]   Using PID from /home/ubuntu/gol.pid: 34029
[11:31:40]   Architecture: x86_64 (compatible)
[11:31:40] Step 2: Preparing dump directory...
[11:31:41] Step 3: Running 3 pre-dumps...
[11:31:41]   Pre-dump 1/3...
[11:31:42]   Pre-dump 2/3...
[11:31:43]   Pre-dump 3/3...
[11:31:45]   Total pre-dump time: 3989 ms
[11:31:45] Step 4: Final dump (freezing service)...
[11:31:45]   Final dump time (freeze duration): 304 ms
[11:31:45] Step 5: Creating archive...
[11:31:45]   Archive size: 33150 bytes
[11:31:45] Step 6: Transferring archive...
  Transferring /tmp/CRIU-gol.tar.gz via relay node edge-host-1...
Setting up SSH trust: edge-node-1 → ubuntu@10.138.215.36
  Adding public key to destination's authorized_keys...
  Testing SSH connectivity...
  ✓ SSH trust ready
Setting up SSH trust: edge-host-1 → ubuntu@10.138.215.137
  Adding public key to destination's authorized_keys...
  Testing SSH connectivity...
  ✓ SSH trust ready
[11:31:53]   Transfer time: 7906 ms
[11:31:53] Step 7: Unpacking on destination...
[11:31:54] Step 7.5: Ensuring gol output file exists on destination...
[11:31:54] Step 7.8: Ensuring /tmp/gol binary is present on destination...
[11:31:54] Step 8: Restoring process...
[11:31:55]   Restore time: 415 ms
[11:31:55]   Restored PID: 34029 (written to /home/ubuntu/gol.pid)
[11:31:55] Step 9: Verifying migration...
[11:32:00] ✓ gol.out updated after migration (mtime 1777627918 → 1777627920), simulation running!
[11:32:00] Total downtime: 8625 ms (final_dump: 304 + transfer: 7906 + restore: 415)
[11:32:00] Pre-dump time (not counted as downtime): 3989 ms
[11:32:00] Effective bandwidth: 0.03 Mbps
[11:32:00] Metrics saved to /home/ivo/Evaluation-of-Live-Migration-Strategies-at-the-Edge/Game-of-life-migration/metrics/migration_metrics.csv
[exit=0]

$ python3 /home/ivo/Evaluation-of-Live-Migration-Strategies-at-the-Edge/Game-of-life-migration/scripts/setup/reset_nodes.py edge-node-1 edge-node-2
[11:32:01] Resetting nodes: edge-node-1 -> edge-node-2
[11:32:01] Step 1: Killing any existing processes on source...
[11:32:01]   Killing PID 34029 (from /home/ubuntu/app.pid)
[11:32:02]   Killing PID 34029 (from /home/ubuntu/gol.pid)
[11:32:02]   Killing any remaining background processes...
[11:32:04] Step 2: Cleaning source node...
[11:32:05] Step 3: Cleaning destination node...
[11:32:05]   Killing PID 34029 on destination (from /home/ubuntu/app.pid)
[11:32:06]   Killing PID 34029 on destination (from /home/ubuntu/gol.pid)
[11:32:07]   Killing all remaining gol processes on destination...
[11:32:10] ✓ Reset complete, nodes are clean
[11:32:10]   Next: Start your application
[exit=0]

$ bash /home/ivo/Evaluation-of-Live-Migration-Strategies-at-the-Edge/Game-of-life-migration/scripts/workloads/start_gol_c.sh edge-node-1
[11:32:10] Ensuring gol binary on edge-node-1...
[11:32:10] Reusing existing /tmp/gol on edge-node-1
[11:32:10] Starting gol on edge-node-1...
[11:32:11] ✓ Gol started
[exit=0]
[repeat] warmup 2s

$ python3 /home/ivo/Evaluation-of-Live-Migration-Strategies-at-the-Edge/Game-of-life-migration/scripts/orchestrators/criu_benchmark.py precopy --source edge-node-1 --dest edge-node-2 --transfer-mode host --run-id 01-05-2026-host-precopy-0043 --relay-node edge-host-1 --iterations 3 --profile-name 2_5G
[11:32:14] Starting precopy migration...
[11:32:14] Source: edge-node-1, Dest: edge-node-2
[11:32:14] Transfer mode: host
[11:32:14] Relay node: edge-host-1

[11:32:14] === PRE-COPY LIVE MIGRATION ===
[11:32:14] Step 1: Checking source process...
[11:32:14]   Using PID from /home/ubuntu/gol.pid: 35606
[11:32:15]   Architecture: x86_64 (compatible)
[11:32:15] Step 2: Preparing dump directory...
[11:32:15] Step 3: Running 3 pre-dumps...
[11:32:15]   Pre-dump 1/3...
[11:32:17]   Pre-dump 2/3...
[11:32:18]   Pre-dump 3/3...
[11:32:19]   Total pre-dump time: 3909 ms
[11:32:19] Step 4: Final dump (freezing service)...
[11:32:19]   Final dump time (freeze duration): 283 ms
[11:32:19] Step 5: Creating archive...
[11:32:20]   Archive size: 33102 bytes
[11:32:20] Step 6: Transferring archive...
  Transferring /tmp/CRIU-gol.tar.gz via relay node edge-host-1...
Setting up SSH trust: edge-node-1 → ubuntu@10.138.215.36
  Adding public key to destination's authorized_keys...
  Testing SSH connectivity...
  ✓ SSH trust ready
Setting up SSH trust: edge-host-1 → ubuntu@10.138.215.137
  Adding public key to destination's authorized_keys...
  Testing SSH connectivity...
  ✓ SSH trust ready
[11:32:28]   Transfer time: 7487 ms
[11:32:28] Step 7: Unpacking on destination...
[11:32:28] Step 7.5: Ensuring gol output file exists on destination...
[11:32:28] Step 7.8: Ensuring /tmp/gol binary is present on destination...
[11:32:28] Step 8: Restoring process...
[11:32:29]   Restore time: 329 ms
[11:32:29]   Restored PID: 35606 (written to /home/ubuntu/gol.pid)
[11:32:29] Step 9: Verifying migration...
[11:32:35] ✓ gol.out updated after migration (mtime 1777627952 → 1777627954), simulation running!
[11:32:35] Total downtime: 8099 ms (final_dump: 283 + transfer: 7487 + restore: 329)
[11:32:35] Pre-dump time (not counted as downtime): 3909 ms
[11:32:35] Effective bandwidth: 0.04 Mbps
[11:32:35] Metrics saved to /home/ivo/Evaluation-of-Live-Migration-Strategies-at-the-Edge/Game-of-life-migration/metrics/migration_metrics.csv
[exit=0]

$ python3 /home/ivo/Evaluation-of-Live-Migration-Strategies-at-the-Edge/Game-of-life-migration/scripts/setup/reset_nodes.py edge-node-1 edge-node-2
[11:32:35] Resetting nodes: edge-node-1 -> edge-node-2
[11:32:35] Step 1: Killing any existing processes on source...
[11:32:35]   Killing PID 35606 (from /home/ubuntu/app.pid)
[11:32:36]   Killing PID 35606 (from /home/ubuntu/gol.pid)
[11:32:37]   Killing any remaining background processes...
[11:32:38] Step 2: Cleaning source node...
[11:32:39] Step 3: Cleaning destination node...
[11:32:40]   Killing PID 35606 on destination (from /home/ubuntu/app.pid)
[11:32:41]   Killing PID 35606 on destination (from /home/ubuntu/gol.pid)
[11:32:41]   Killing all remaining gol processes on destination...
[11:32:45] ✓ Reset complete, nodes are clean
[11:32:45]   Next: Start your application
[exit=0]

$ bash /home/ivo/Evaluation-of-Live-Migration-Strategies-at-the-Edge/Game-of-life-migration/scripts/workloads/start_gol_c.sh edge-node-1
[11:32:45] Ensuring gol binary on edge-node-1...
[11:32:45] Reusing existing /tmp/gol on edge-node-1
[11:32:45] Starting gol on edge-node-1...
[11:32:46] ✓ Gol started
[exit=0]
[repeat] warmup 2s

$ python3 /home/ivo/Evaluation-of-Live-Migration-Strategies-at-the-Edge/Game-of-life-migration/scripts/orchestrators/criu_benchmark.py precopy --source edge-node-1 --dest edge-node-2 --transfer-mode host --run-id 01-05-2026-host-precopy-0044 --relay-node edge-host-1 --iterations 3 --profile-name 2_5G
[11:32:49] Starting precopy migration...
[11:32:49] Source: edge-node-1, Dest: edge-node-2
[11:32:49] Transfer mode: host
[11:32:49] Relay node: edge-host-1

[11:32:49] === PRE-COPY LIVE MIGRATION ===
[11:32:49] Step 1: Checking source process...
[11:32:49]   Using PID from /home/ubuntu/gol.pid: 37177
[11:32:50]   Architecture: x86_64 (compatible)
[11:32:50] Step 2: Preparing dump directory...
[11:32:50] Step 3: Running 3 pre-dumps...
[11:32:50]   Pre-dump 1/3...
[11:32:51]   Pre-dump 2/3...
[11:32:53]   Pre-dump 3/3...
[11:32:54]   Total pre-dump time: 3901 ms
[11:32:54] Step 4: Final dump (freezing service)...
[11:32:54]   Final dump time (freeze duration): 292 ms
[11:32:54] Step 5: Creating archive...
[11:32:55]   Archive size: 33563 bytes
[11:32:55] Step 6: Transferring archive...
  Transferring /tmp/CRIU-gol.tar.gz via relay node edge-host-1...
Setting up SSH trust: edge-node-1 → ubuntu@10.138.215.36
  Adding public key to destination's authorized_keys...
  Testing SSH connectivity...
  ✓ SSH trust ready
Setting up SSH trust: edge-host-1 → ubuntu@10.138.215.137
  Adding public key to destination's authorized_keys...
  Testing SSH connectivity...
  ✓ SSH trust ready
[11:33:03]   Transfer time: 7835 ms
[11:33:03] Step 7: Unpacking on destination...
[11:33:03] Step 7.5: Ensuring gol output file exists on destination...
[11:33:03] Step 7.8: Ensuring /tmp/gol binary is present on destination...
[11:33:04] Step 8: Restoring process...
[11:33:04]   Restore time: 276 ms
[11:33:04]   Restored PID: 37177 (written to /home/ubuntu/gol.pid)
[11:33:04] Step 9: Verifying migration...
[11:33:10] ✓ gol.out updated after migration (mtime 1777627987 → 1777627989), simulation running!
[11:33:10] Total downtime: 8403 ms (final_dump: 292 + transfer: 7835 + restore: 276)
[11:33:10] Pre-dump time (not counted as downtime): 3901 ms
[11:33:10] Effective bandwidth: 0.03 Mbps
[11:33:10] Metrics saved to /home/ivo/Evaluation-of-Live-Migration-Strategies-at-the-Edge/Game-of-life-migration/metrics/migration_metrics.csv
[exit=0]

$ python3 /home/ivo/Evaluation-of-Live-Migration-Strategies-at-the-Edge/Game-of-life-migration/scripts/setup/reset_nodes.py edge-node-1 edge-node-2
[11:33:10] Resetting nodes: edge-node-1 -> edge-node-2
[11:33:10] Step 1: Killing any existing processes on source...
[11:33:11]   Killing PID 37177 (from /home/ubuntu/app.pid)
[11:33:11]   Killing PID 37177 (from /home/ubuntu/gol.pid)
[11:33:12]   Killing any remaining background processes...
[11:33:13] Step 2: Cleaning source node...
[11:33:14] Step 3: Cleaning destination node...
[11:33:15]   Killing PID 37177 on destination (from /home/ubuntu/app.pid)
[11:33:15]   Killing PID 37177 on destination (from /home/ubuntu/gol.pid)
[11:33:16]   Killing all remaining gol processes on destination...
[11:33:19] ✓ Reset complete, nodes are clean
[11:33:19]   Next: Start your application
[exit=0]

$ bash /home/ivo/Evaluation-of-Live-Migration-Strategies-at-the-Edge/Game-of-life-migration/scripts/workloads/start_gol_c.sh edge-node-1
[11:33:19] Ensuring gol binary on edge-node-1...
[11:33:19] Reusing existing /tmp/gol on edge-node-1
[11:33:19] Starting gol on edge-node-1...
[11:33:21] ✓ Gol started
[exit=0]
[repeat] warmup 2s

$ python3 /home/ivo/Evaluation-of-Live-Migration-Strategies-at-the-Edge/Game-of-life-migration/scripts/orchestrators/criu_benchmark.py precopy --source edge-node-1 --dest edge-node-2 --transfer-mode host --run-id 01-05-2026-host-precopy-0045 --relay-node edge-host-1 --iterations 3 --profile-name 2_5G
[11:33:23] Starting precopy migration...
[11:33:23] Source: edge-node-1, Dest: edge-node-2
[11:33:23] Transfer mode: host
[11:33:23] Relay node: edge-host-1

[11:33:23] === PRE-COPY LIVE MIGRATION ===
[11:33:23] Step 1: Checking source process...
[11:33:24]   Using PID from /home/ubuntu/gol.pid: 38745
[11:33:24]   Architecture: x86_64 (compatible)
[11:33:24] Step 2: Preparing dump directory...
[11:33:25] Step 3: Running 3 pre-dumps...
[11:33:25]   Pre-dump 1/3...
[11:33:26]   Pre-dump 2/3...
[11:33:27]   Pre-dump 3/3...
[11:33:29]   Total pre-dump time: 3958 ms
[11:33:29] Step 4: Final dump (freezing service)...
[11:33:29]   Final dump time (freeze duration): 283 ms
[11:33:29] Step 5: Creating archive...
[11:33:29]   Archive size: 33189 bytes
[11:33:29] Step 6: Transferring archive...
  Transferring /tmp/CRIU-gol.tar.gz via relay node edge-host-1...
Setting up SSH trust: edge-node-1 → ubuntu@10.138.215.36
  Adding public key to destination's authorized_keys...
  Testing SSH connectivity...
  ✓ SSH trust ready
Setting up SSH trust: edge-host-1 → ubuntu@10.138.215.137
  Adding public key to destination's authorized_keys...
  Testing SSH connectivity...
  ✓ SSH trust ready
[11:33:37]   Transfer time: 7520 ms
[11:33:37] Step 7: Unpacking on destination...
[11:33:37] Step 7.5: Ensuring gol output file exists on destination...
[11:33:37] Step 7.8: Ensuring /tmp/gol binary is present on destination...
[11:33:38] Step 8: Restoring process...
[11:33:38]   Restore time: 332 ms
[11:33:38]   Restored PID: 38745 (written to /home/ubuntu/gol.pid)
[11:33:38] Step 9: Verifying migration...
[11:33:44] ✓ gol.out updated after migration (mtime 1777628021 → 1777628024), simulation running!
[11:33:44] Total downtime: 8135 ms (final_dump: 283 + transfer: 7520 + restore: 332)
[11:33:44] Pre-dump time (not counted as downtime): 3958 ms
[11:33:44] Effective bandwidth: 0.04 Mbps
[11:33:44] Metrics saved to /home/ivo/Evaluation-of-Live-Migration-Strategies-at-the-Edge/Game-of-life-migration/metrics/migration_metrics.csv
[exit=0]

$ python3 /home/ivo/Evaluation-of-Live-Migration-Strategies-at-the-Edge/Game-of-life-migration/scripts/setup/reset_nodes.py edge-node-1 edge-node-2
[11:33:45] Resetting nodes: edge-node-1 -> edge-node-2
[11:33:45] Step 1: Killing any existing processes on source...
[11:33:45]   Killing PID 38745 (from /home/ubuntu/app.pid)
[11:33:46]   Killing PID 38745 (from /home/ubuntu/gol.pid)
[11:33:47]   Killing any remaining background processes...
[11:33:48] Step 2: Cleaning source node...
[11:33:49] Step 3: Cleaning destination node...
[11:33:49]   Killing PID 38745 on destination (from /home/ubuntu/app.pid)
[11:33:50]   Killing PID 38745 on destination (from /home/ubuntu/gol.pid)
[11:33:51]   Killing all remaining gol processes on destination...
[11:33:54] ✓ Reset complete, nodes are clean
[11:33:54]   Next: Start your application
[exit=0]

$ bash /home/ivo/Evaluation-of-Live-Migration-Strategies-at-the-Edge/Game-of-life-migration/scripts/workloads/start_gol_c.sh edge-node-1
[11:33:54] Ensuring gol binary on edge-node-1...
[11:33:54] Reusing existing /tmp/gol on edge-node-1
[11:33:54] Starting gol on edge-node-1...
[11:33:56] ✓ Gol started
[exit=0]
[repeat] warmup 2s

$ python3 /home/ivo/Evaluation-of-Live-Migration-Strategies-at-the-Edge/Game-of-life-migration/scripts/orchestrators/criu_benchmark.py precopy --source edge-node-1 --dest edge-node-2 --transfer-mode host --run-id 01-05-2026-host-precopy-0046 --relay-node edge-host-1 --iterations 3 --profile-name 2_5G
[11:33:58] Starting precopy migration...
[11:33:58] Source: edge-node-1, Dest: edge-node-2
[11:33:58] Transfer mode: host
[11:33:58] Relay node: edge-host-1

[11:33:58] === PRE-COPY LIVE MIGRATION ===
[11:33:58] Step 1: Checking source process...
[11:33:59]   Using PID from /home/ubuntu/gol.pid: 40313
[11:33:59]   Architecture: x86_64 (compatible)
[11:33:59] Step 2: Preparing dump directory...
[11:33:59] Step 3: Running 3 pre-dumps...
[11:33:59]   Pre-dump 1/3...
[11:34:01]   Pre-dump 2/3...
[11:34:02]   Pre-dump 3/3...
[11:34:03]   Total pre-dump time: 3934 ms
[11:34:03] Step 4: Final dump (freezing service)...
[11:34:04]   Final dump time (freeze duration): 299 ms
[11:34:04] Step 5: Creating archive...
[11:34:04]   Archive size: 33073 bytes
[11:34:04] Step 6: Transferring archive...
  Transferring /tmp/CRIU-gol.tar.gz via relay node edge-host-1...
Setting up SSH trust: edge-node-1 → ubuntu@10.138.215.36
  Adding public key to destination's authorized_keys...
  Testing SSH connectivity...
  ✓ SSH trust ready
Setting up SSH trust: edge-host-1 → ubuntu@10.138.215.137
  Adding public key to destination's authorized_keys...
  Testing SSH connectivity...
  ✓ SSH trust ready
[11:34:12]   Transfer time: 7827 ms
[11:34:12] Step 7: Unpacking on destination...
[11:34:12] Step 7.5: Ensuring gol output file exists on destination...
[11:34:13] Step 7.8: Ensuring /tmp/gol binary is present on destination...
[11:34:13] Step 8: Restoring process...
[11:34:13]   Restore time: 320 ms
[11:34:14]   Restored PID: 40313 (written to /home/ubuntu/gol.pid)
[11:34:14] Step 9: Verifying migration...
[11:34:19] ✓ gol.out updated after migration (mtime 1777628056 → 1777628058), simulation running!
[11:34:19] Total downtime: 8446 ms (final_dump: 299 + transfer: 7827 + restore: 320)
[11:34:19] Pre-dump time (not counted as downtime): 3934 ms
[11:34:19] Effective bandwidth: 0.03 Mbps
[11:34:19] Metrics saved to /home/ivo/Evaluation-of-Live-Migration-Strategies-at-the-Edge/Game-of-life-migration/metrics/migration_metrics.csv
[exit=0]

$ python3 /home/ivo/Evaluation-of-Live-Migration-Strategies-at-the-Edge/Game-of-life-migration/scripts/setup/reset_nodes.py edge-node-1 edge-node-2
[11:34:20] Resetting nodes: edge-node-1 -> edge-node-2
[11:34:20] Step 1: Killing any existing processes on source...
[11:34:20]   Killing PID 40313 (from /home/ubuntu/app.pid)
[11:34:21]   Killing PID 40313 (from /home/ubuntu/gol.pid)
[11:34:21]   Killing any remaining background processes...
[11:34:22] Step 2: Cleaning source node...
[11:34:24] Step 3: Cleaning destination node...
[11:34:24]   Killing PID 40313 on destination (from /home/ubuntu/app.pid)
[11:34:25]   Killing PID 40313 on destination (from /home/ubuntu/gol.pid)
[11:34:25]   Killing all remaining gol processes on destination...
[11:34:29] ✓ Reset complete, nodes are clean
[11:34:29]   Next: Start your application
[exit=0]

$ bash /home/ivo/Evaluation-of-Live-Migration-Strategies-at-the-Edge/Game-of-life-migration/scripts/workloads/start_gol_c.sh edge-node-1
[11:34:29] Ensuring gol binary on edge-node-1...
[11:34:29] Reusing existing /tmp/gol on edge-node-1
[11:34:29] Starting gol on edge-node-1...
[11:34:30] ✓ Gol started
[exit=0]
[repeat] warmup 2s

$ python3 /home/ivo/Evaluation-of-Live-Migration-Strategies-at-the-Edge/Game-of-life-migration/scripts/orchestrators/criu_benchmark.py precopy --source edge-node-1 --dest edge-node-2 --transfer-mode host --run-id 01-05-2026-host-precopy-0047 --relay-node edge-host-1 --iterations 3 --profile-name 2_5G
[11:34:33] Starting precopy migration...
[11:34:33] Source: edge-node-1, Dest: edge-node-2
[11:34:33] Transfer mode: host
[11:34:33] Relay node: edge-host-1

[11:34:33] === PRE-COPY LIVE MIGRATION ===
[11:34:33] Step 1: Checking source process...
[11:34:33]   Using PID from /home/ubuntu/gol.pid: 42131
[11:34:34]   Architecture: x86_64 (compatible)
[11:34:34] Step 2: Preparing dump directory...
[11:34:34] Step 3: Running 3 pre-dumps...
[11:34:34]   Pre-dump 1/3...
[11:34:35]   Pre-dump 2/3...
[11:34:37]   Pre-dump 3/3...
[11:34:38]   Total pre-dump time: 3913 ms
[11:34:38] Step 4: Final dump (freezing service)...
[11:34:38]   Final dump time (freeze duration): 336 ms
[11:34:38] Step 5: Creating archive...
[11:34:39]   Archive size: 32542 bytes
[11:34:39] Step 6: Transferring archive...
  Transferring /tmp/CRIU-gol.tar.gz via relay node edge-host-1...
Setting up SSH trust: edge-node-1 → ubuntu@10.138.215.36
  Adding public key to destination's authorized_keys...
  Testing SSH connectivity...
  ✓ SSH trust ready
Setting up SSH trust: edge-host-1 → ubuntu@10.138.215.137
  Adding public key to destination's authorized_keys...
  Testing SSH connectivity...
  ✓ SSH trust ready
[11:34:47]   Transfer time: 7806 ms
[11:34:47] Step 7: Unpacking on destination...
[11:34:47] Step 7.5: Ensuring gol output file exists on destination...
[11:34:47] Step 7.8: Ensuring /tmp/gol binary is present on destination...
[11:34:47] Step 8: Restoring process...
[11:34:48]   Restore time: 306 ms
[11:34:48]   Restored PID: 42131 (written to /home/ubuntu/gol.pid)
[11:34:48] Step 9: Verifying migration...
[11:34:54] ✓ gol.out updated after migration (mtime 1777628091 → 1777628093), simulation running!
[11:34:54] Total downtime: 8448 ms (final_dump: 336 + transfer: 7806 + restore: 306)
[11:34:54] Pre-dump time (not counted as downtime): 3913 ms
[11:34:54] Effective bandwidth: 0.03 Mbps
[11:34:54] Metrics saved to /home/ivo/Evaluation-of-Live-Migration-Strategies-at-the-Edge/Game-of-life-migration/metrics/migration_metrics.csv
[exit=0]

$ python3 /home/ivo/Evaluation-of-Live-Migration-Strategies-at-the-Edge/Game-of-life-migration/scripts/setup/reset_nodes.py edge-node-1 edge-node-2
[11:34:54] Resetting nodes: edge-node-1 -> edge-node-2
[11:34:54] Step 1: Killing any existing processes on source...
[11:34:55]   Killing PID 42131 (from /home/ubuntu/app.pid)
[11:34:55]   Killing PID 42131 (from /home/ubuntu/gol.pid)
[11:34:56]   Killing any remaining background processes...
[11:34:57] Step 2: Cleaning source node...
[11:34:58] Step 3: Cleaning destination node...
[11:34:59]   Killing PID 42131 on destination (from /home/ubuntu/app.pid)
[11:34:59]   Killing PID 42131 on destination (from /home/ubuntu/gol.pid)
[11:35:00]   Killing all remaining gol processes on destination...
[11:35:03] ✓ Reset complete, nodes are clean
[11:35:03]   Next: Start your application
[exit=0]

$ bash /home/ivo/Evaluation-of-Live-Migration-Strategies-at-the-Edge/Game-of-life-migration/scripts/workloads/start_gol_c.sh edge-node-1
[11:35:03] Ensuring gol binary on edge-node-1...
[11:35:03] Reusing existing /tmp/gol on edge-node-1
[11:35:03] Starting gol on edge-node-1...
[11:35:05] ✓ Gol started
[exit=0]
[repeat] warmup 2s

$ python3 /home/ivo/Evaluation-of-Live-Migration-Strategies-at-the-Edge/Game-of-life-migration/scripts/orchestrators/criu_benchmark.py precopy --source edge-node-1 --dest edge-node-2 --transfer-mode host --run-id 01-05-2026-host-precopy-0048 --relay-node edge-host-1 --iterations 3 --profile-name 2_5G
[11:35:07] Starting precopy migration...
[11:35:07] Source: edge-node-1, Dest: edge-node-2
[11:35:07] Transfer mode: host
[11:35:07] Relay node: edge-host-1

[11:35:07] === PRE-COPY LIVE MIGRATION ===
[11:35:07] Step 1: Checking source process...
[11:35:08]   Using PID from /home/ubuntu/gol.pid: 43711
[11:35:08]   Architecture: x86_64 (compatible)
[11:35:08] Step 2: Preparing dump directory...
[11:35:09] Step 3: Running 3 pre-dumps...
[11:35:09]   Pre-dump 1/3...
[11:35:10]   Pre-dump 2/3...
[11:35:11]   Pre-dump 3/3...
[11:35:13]   Total pre-dump time: 3916 ms
[11:35:13] Step 4: Final dump (freezing service)...
[11:35:13]   Final dump time (freeze duration): 314 ms
[11:35:13] Step 5: Creating archive...
[11:35:13]   Archive size: 33162 bytes
[11:35:13] Step 6: Transferring archive...
  Transferring /tmp/CRIU-gol.tar.gz via relay node edge-host-1...
Setting up SSH trust: edge-node-1 → ubuntu@10.138.215.36
  Adding public key to destination's authorized_keys...
  Testing SSH connectivity...
  ✓ SSH trust ready
Setting up SSH trust: edge-host-1 → ubuntu@10.138.215.137
  Adding public key to destination's authorized_keys...
  Testing SSH connectivity...
  ✓ SSH trust ready
[11:35:21]   Transfer time: 7724 ms
[11:35:21] Step 7: Unpacking on destination...
[11:35:21] Step 7.5: Ensuring gol output file exists on destination...
[11:35:22] Step 7.8: Ensuring /tmp/gol binary is present on destination...
[11:35:22] Step 8: Restoring process...
[11:35:22]   Restore time: 279 ms
[11:35:23]   Restored PID: 43711 (written to /home/ubuntu/gol.pid)
[11:35:23] Step 9: Verifying migration...
[11:35:28] ✓ gol.out updated after migration (mtime 1777628125 → 1777628127), simulation running!
[11:35:28] Total downtime: 8317 ms (final_dump: 314 + transfer: 7724 + restore: 279)
[11:35:28] Pre-dump time (not counted as downtime): 3916 ms
[11:35:28] Effective bandwidth: 0.03 Mbps
[11:35:28] Metrics saved to /home/ivo/Evaluation-of-Live-Migration-Strategies-at-the-Edge/Game-of-life-migration/metrics/migration_metrics.csv
[exit=0]

$ python3 /home/ivo/Evaluation-of-Live-Migration-Strategies-at-the-Edge/Game-of-life-migration/scripts/setup/reset_nodes.py edge-node-1 edge-node-2
[11:35:29] Resetting nodes: edge-node-1 -> edge-node-2
[11:35:29] Step 1: Killing any existing processes on source...
[11:35:29]   Killing PID 43711 (from /home/ubuntu/app.pid)
[11:35:30]   Killing PID 43711 (from /home/ubuntu/gol.pid)
[11:35:30]   Killing any remaining background processes...
[11:35:32] Step 2: Cleaning source node...
[11:35:33] Step 3: Cleaning destination node...
[11:35:33]   Killing PID 43711 on destination (from /home/ubuntu/app.pid)
[11:35:34]   Killing PID 43711 on destination (from /home/ubuntu/gol.pid)
[11:35:34]   Killing all remaining gol processes on destination...
[11:35:37] ✓ Reset complete, nodes are clean
[11:35:37]   Next: Start your application
[exit=0]

$ bash /home/ivo/Evaluation-of-Live-Migration-Strategies-at-the-Edge/Game-of-life-migration/scripts/workloads/start_gol_c.sh edge-node-1
[11:35:37] Ensuring gol binary on edge-node-1...
[11:35:38] Reusing existing /tmp/gol on edge-node-1
[11:35:38] Starting gol on edge-node-1...
[11:35:39] ✓ Gol started
[exit=0]
[repeat] warmup 2s

$ python3 /home/ivo/Evaluation-of-Live-Migration-Strategies-at-the-Edge/Game-of-life-migration/scripts/orchestrators/criu_benchmark.py precopy --source edge-node-1 --dest edge-node-2 --transfer-mode host --run-id 01-05-2026-host-precopy-0049 --relay-node edge-host-1 --iterations 3 --profile-name 2_5G
[11:35:42] Starting precopy migration...
[11:35:42] Source: edge-node-1, Dest: edge-node-2
[11:35:42] Transfer mode: host
[11:35:42] Relay node: edge-host-1

[11:35:42] === PRE-COPY LIVE MIGRATION ===
[11:35:42] Step 1: Checking source process...
[11:35:42]   Using PID from /home/ubuntu/gol.pid: 45272
[11:35:43]   Architecture: x86_64 (compatible)
[11:35:43] Step 2: Preparing dump directory...
[11:35:43] Step 3: Running 3 pre-dumps...
[11:35:43]   Pre-dump 1/3...
[11:35:45]   Pre-dump 2/3...
[11:35:46]   Pre-dump 3/3...
[11:35:47]   Total pre-dump time: 4011 ms
[11:35:47] Step 4: Final dump (freezing service)...
[11:35:48]   Final dump time (freeze duration): 311 ms
[11:35:48] Step 5: Creating archive...
[11:35:48]   Archive size: 33063 bytes
[11:35:48] Step 6: Transferring archive...
  Transferring /tmp/CRIU-gol.tar.gz via relay node edge-host-1...
Setting up SSH trust: edge-node-1 → ubuntu@10.138.215.36
  Adding public key to destination's authorized_keys...
  Testing SSH connectivity...
  ✓ SSH trust ready
Setting up SSH trust: edge-host-1 → ubuntu@10.138.215.137
  Adding public key to destination's authorized_keys...
  Testing SSH connectivity...
  ✓ SSH trust ready
[11:35:55]   Transfer time: 7375 ms
[11:35:55] Step 7: Unpacking on destination...
[11:35:56] Step 7.5: Ensuring gol output file exists on destination...
[11:35:56] Step 7.8: Ensuring /tmp/gol binary is present on destination...
[11:35:56] Step 8: Restoring process...
[11:35:57]   Restore time: 323 ms
[11:35:57]   Restored PID: 45272 (written to /home/ubuntu/gol.pid)
[11:35:57] Step 9: Verifying migration...
[11:36:03] ✓ gol.out updated after migration (mtime 1777628160 → 1777628162), simulation running!
[11:36:03] Total downtime: 8009 ms (final_dump: 311 + transfer: 7375 + restore: 323)
[11:36:03] Pre-dump time (not counted as downtime): 4011 ms
[11:36:03] Effective bandwidth: 0.04 Mbps
[11:36:03] Metrics saved to /home/ivo/Evaluation-of-Live-Migration-Strategies-at-the-Edge/Game-of-life-migration/metrics/migration_metrics.csv
[exit=0]

$ python3 /home/ivo/Evaluation-of-Live-Migration-Strategies-at-the-Edge/Game-of-life-migration/scripts/setup/reset_nodes.py edge-node-1 edge-node-2
[11:36:03] Resetting nodes: edge-node-1 -> edge-node-2
[11:36:03] Step 1: Killing any existing processes on source...
[11:36:04]   Killing PID 45272 (from /home/ubuntu/app.pid)
[11:36:04]   Killing PID 45272 (from /home/ubuntu/gol.pid)
[11:36:05]   Killing any remaining background processes...
[11:36:06] Step 2: Cleaning source node...
[11:36:07] Step 3: Cleaning destination node...
[11:36:08]   Killing PID 45272 on destination (from /home/ubuntu/app.pid)
[11:36:08]   Killing PID 45272 on destination (from /home/ubuntu/gol.pid)
[11:36:09]   Killing all remaining gol processes on destination...
[11:36:12] ✓ Reset complete, nodes are clean
[11:36:12]   Next: Start your application
[exit=0]

$ bash /home/ivo/Evaluation-of-Live-Migration-Strategies-at-the-Edge/Game-of-life-migration/scripts/workloads/start_gol_c.sh edge-node-1
[11:36:12] Ensuring gol binary on edge-node-1...
[11:36:12] Reusing existing /tmp/gol on edge-node-1
[11:36:12] Starting gol on edge-node-1...
[11:36:14] ✓ Gol started
[exit=0]
[repeat] warmup 2s

$ python3 /home/ivo/Evaluation-of-Live-Migration-Strategies-at-the-Edge/Game-of-life-migration/scripts/orchestrators/criu_benchmark.py precopy --source edge-node-1 --dest edge-node-2 --transfer-mode direct --run-id 01-05-2026-direct-precopy-0040 --iterations 3 --profile-name 2_5G
[11:36:16] Starting precopy migration...
[11:36:16] Source: edge-node-1, Dest: edge-node-2
[11:36:16] Transfer mode: direct

[11:36:16] === PRE-COPY LIVE MIGRATION ===
[11:36:16] Step 1: Checking source process...
[11:36:17]   Using PID from /home/ubuntu/gol.pid: 46851
[11:36:17]   Architecture: x86_64 (compatible)
[11:36:17] Step 2: Preparing dump directory...
[11:36:18] Step 3: Running 3 pre-dumps...
[11:36:18]   Pre-dump 1/3...
[11:36:19]   Pre-dump 2/3...
[11:36:20]   Pre-dump 3/3...
[11:36:22]   Total pre-dump time: 3957 ms
[11:36:22] Step 4: Final dump (freezing service)...
[11:36:22]   Final dump time (freeze duration): 294 ms
[11:36:22] Step 5: Creating archive...
[11:36:23]   Archive size: 32805 bytes
[11:36:23] Step 6: Transferring archive...
[11:36:23]   Setting up direct SSH trust...
Setting up SSH trust: edge-node-1 → ubuntu@10.138.215.137
  Adding public key to destination's authorized_keys...
  Testing SSH connectivity...
  ✓ SSH trust ready
Setting up SSH trust: edge-node-1 → ubuntu@10.138.215.137
  Adding public key to destination's authorized_keys...
  Testing SSH connectivity...
  ✓ SSH trust ready
  Transferring /tmp/CRIU-gol.tar.gz via SCP...
[11:36:28]   Transfer time: 3759 ms
[11:36:28] Step 7: Unpacking on destination...
[11:36:29] Step 7.5: Ensuring gol output file exists on destination...
[11:36:29] Step 7.8: Ensuring /tmp/gol binary is present on destination...
[11:36:29] Step 8: Restoring process...
[11:36:29]   Restore time: 283 ms
[11:36:30]   Restored PID: 46851 (written to /home/ubuntu/gol.pid)
[11:36:30] Step 9: Verifying migration...
[11:36:35] ✓ gol.out updated after migration (mtime 1777628192 → 1777628194), simulation running!
[11:36:35] Total downtime: 4336 ms (final_dump: 294 + transfer: 3759 + restore: 283)
[11:36:35] Pre-dump time (not counted as downtime): 3957 ms
[11:36:35] Effective bandwidth: 0.07 Mbps
[11:36:35] Metrics saved to /home/ivo/Evaluation-of-Live-Migration-Strategies-at-the-Edge/Game-of-life-migration/metrics/migration_metrics.csv
[exit=0]

$ python3 /home/ivo/Evaluation-of-Live-Migration-Strategies-at-the-Edge/Game-of-life-migration/scripts/setup/reset_nodes.py edge-node-1 edge-node-2
[11:36:36] Resetting nodes: edge-node-1 -> edge-node-2
[11:36:36] Step 1: Killing any existing processes on source...
[11:36:36]   Killing PID 46851 (from /home/ubuntu/app.pid)
[11:36:37]   Killing PID 46851 (from /home/ubuntu/gol.pid)
[11:36:37]   Killing any remaining background processes...
[11:36:39] Step 2: Cleaning source node...
[11:36:40] Step 3: Cleaning destination node...
[11:36:40]   Killing PID 46851 on destination (from /home/ubuntu/app.pid)
[11:36:41]   Killing PID 46851 on destination (from /home/ubuntu/gol.pid)
[11:36:41]   Killing all remaining gol processes on destination...
[11:36:45] ✓ Reset complete, nodes are clean
[11:36:45]   Next: Start your application
[exit=0]

$ bash /home/ivo/Evaluation-of-Live-Migration-Strategies-at-the-Edge/Game-of-life-migration/scripts/workloads/start_gol_c.sh edge-node-1
[11:36:45] Ensuring gol binary on edge-node-1...
[11:36:45] Reusing existing /tmp/gol on edge-node-1
[11:36:45] Starting gol on edge-node-1...
[11:36:46] ✓ Gol started
[exit=0]
[repeat] warmup 2s

$ python3 /home/ivo/Evaluation-of-Live-Migration-Strategies-at-the-Edge/Game-of-life-migration/scripts/orchestrators/criu_benchmark.py precopy --source edge-node-1 --dest edge-node-2 --transfer-mode direct --run-id 01-05-2026-direct-precopy-0041 --iterations 3 --profile-name 2_5G
[11:36:49] Starting precopy migration...
[11:36:49] Source: edge-node-1, Dest: edge-node-2
[11:36:49] Transfer mode: direct

[11:36:49] === PRE-COPY LIVE MIGRATION ===
[11:36:49] Step 1: Checking source process...
[11:36:49]   Using PID from /home/ubuntu/gol.pid: 48513
[11:36:50]   Architecture: x86_64 (compatible)
[11:36:50] Step 2: Preparing dump directory...
[11:36:50] Step 3: Running 3 pre-dumps...
[11:36:50]   Pre-dump 1/3...
[11:36:52]   Pre-dump 2/3...
[11:36:53]   Pre-dump 3/3...
[11:36:54]   Total pre-dump time: 3962 ms
[11:36:54] Step 4: Final dump (freezing service)...
[11:36:55]   Final dump time (freeze duration): 303 ms
[11:36:55] Step 5: Creating archive...
[11:36:55]   Archive size: 33652 bytes
[11:36:55] Step 6: Transferring archive...
[11:36:55]   Setting up direct SSH trust...
Setting up SSH trust: edge-node-1 → ubuntu@10.138.215.137
  Adding public key to destination's authorized_keys...
  Testing SSH connectivity...
  ✓ SSH trust ready
Setting up SSH trust: edge-node-1 → ubuntu@10.138.215.137
  Adding public key to destination's authorized_keys...
  Testing SSH connectivity...
  ✓ SSH trust ready
  Transferring /tmp/CRIU-gol.tar.gz via SCP...
[11:37:01]   Transfer time: 3447 ms
[11:37:01] Step 7: Unpacking on destination...
[11:37:01] Step 7.5: Ensuring gol output file exists on destination...
[11:37:01] Step 7.8: Ensuring /tmp/gol binary is present on destination...
[11:37:01] Step 8: Restoring process...
[11:37:02]   Restore time: 310 ms
[11:37:02]   Restored PID: 48513 (written to /home/ubuntu/gol.pid)
[11:37:02] Step 9: Verifying migration...
[11:37:08] ✓ gol.out updated after migration (mtime 1777628225 → 1777628227), simulation running!
[11:37:08] Total downtime: 4060 ms (final_dump: 303 + transfer: 3447 + restore: 310)
[11:37:08] Pre-dump time (not counted as downtime): 3962 ms
[11:37:08] Effective bandwidth: 0.08 Mbps
[11:37:08] Metrics saved to /home/ivo/Evaluation-of-Live-Migration-Strategies-at-the-Edge/Game-of-life-migration/metrics/migration_metrics.csv
[exit=0]

$ python3 /home/ivo/Evaluation-of-Live-Migration-Strategies-at-the-Edge/Game-of-life-migration/scripts/setup/reset_nodes.py edge-node-1 edge-node-2
[11:37:08] Resetting nodes: edge-node-1 -> edge-node-2
[11:37:08] Step 1: Killing any existing processes on source...
[11:37:09]   Killing PID 48513 (from /home/ubuntu/app.pid)
[11:37:09]   Killing PID 48513 (from /home/ubuntu/gol.pid)
[11:37:10]   Killing any remaining background processes...
[11:37:11] Step 2: Cleaning source node...
[11:37:12] Step 3: Cleaning destination node...
[11:37:13]   Killing PID 48513 on destination (from /home/ubuntu/app.pid)
[11:37:13]   Killing PID 48513 on destination (from /home/ubuntu/gol.pid)
[11:37:14]   Killing all remaining gol processes on destination...
[11:37:17] ✓ Reset complete, nodes are clean
[11:37:17]   Next: Start your application
[exit=0]

$ bash /home/ivo/Evaluation-of-Live-Migration-Strategies-at-the-Edge/Game-of-life-migration/scripts/workloads/start_gol_c.sh edge-node-1
[11:37:17] Ensuring gol binary on edge-node-1...
[11:37:17] Reusing existing /tmp/gol on edge-node-1
[11:37:17] Starting gol on edge-node-1...
[11:37:19] ✓ Gol started
[exit=0]
[repeat] warmup 2s

$ python3 /home/ivo/Evaluation-of-Live-Migration-Strategies-at-the-Edge/Game-of-life-migration/scripts/orchestrators/criu_benchmark.py precopy --source edge-node-1 --dest edge-node-2 --transfer-mode direct --run-id 01-05-2026-direct-precopy-0042 --iterations 3 --profile-name 2_5G
[11:37:21] Starting precopy migration...
[11:37:21] Source: edge-node-1, Dest: edge-node-2
[11:37:21] Transfer mode: direct

[11:37:21] === PRE-COPY LIVE MIGRATION ===
[11:37:21] Step 1: Checking source process...
[11:37:22]   Using PID from /home/ubuntu/gol.pid: 50187
[11:37:22]   Architecture: x86_64 (compatible)
[11:37:22] Step 2: Preparing dump directory...
[11:37:23] Step 3: Running 3 pre-dumps...
[11:37:23]   Pre-dump 1/3...
[11:37:24]   Pre-dump 2/3...
[11:37:25]   Pre-dump 3/3...
[11:37:27]   Total pre-dump time: 3924 ms
[11:37:27] Step 4: Final dump (freezing service)...
[11:37:27]   Final dump time (freeze duration): 318 ms
[11:37:27] Step 5: Creating archive...
[11:37:27]   Archive size: 33209 bytes
[11:37:27] Step 6: Transferring archive...
[11:37:27]   Setting up direct SSH trust...
Setting up SSH trust: edge-node-1 → ubuntu@10.138.215.137
  Adding public key to destination's authorized_keys...
  Testing SSH connectivity...
  ✓ SSH trust ready
Setting up SSH trust: edge-node-1 → ubuntu@10.138.215.137
  Adding public key to destination's authorized_keys...
  Testing SSH connectivity...
  ✓ SSH trust ready
  Transferring /tmp/CRIU-gol.tar.gz via SCP...
[11:37:33]   Transfer time: 3466 ms
[11:37:33] Step 7: Unpacking on destination...
[11:37:33] Step 7.5: Ensuring gol output file exists on destination...
[11:37:33] Step 7.8: Ensuring /tmp/gol binary is present on destination...
[11:37:34] Step 8: Restoring process...
[11:37:34]   Restore time: 293 ms
[11:37:34]   Restored PID: 50187 (written to /home/ubuntu/gol.pid)
[11:37:34] Step 9: Verifying migration...
[11:37:40] ✓ gol.out updated after migration (mtime 1777628257 → 1777628260), simulation running!
[11:37:40] Total downtime: 4077 ms (final_dump: 318 + transfer: 3466 + restore: 293)
[11:37:40] Pre-dump time (not counted as downtime): 3924 ms
[11:37:40] Effective bandwidth: 0.08 Mbps
[11:37:40] Metrics saved to /home/ivo/Evaluation-of-Live-Migration-Strategies-at-the-Edge/Game-of-life-migration/metrics/migration_metrics.csv
[exit=0]

$ python3 /home/ivo/Evaluation-of-Live-Migration-Strategies-at-the-Edge/Game-of-life-migration/scripts/setup/reset_nodes.py edge-node-1 edge-node-2
[11:37:41] Resetting nodes: edge-node-1 -> edge-node-2
[11:37:41] Step 1: Killing any existing processes on source...
[11:37:41]   Killing PID 50187 (from /home/ubuntu/app.pid)
[11:37:42]   Killing PID 50187 (from /home/ubuntu/gol.pid)
[11:37:42]   Killing any remaining background processes...
[11:37:43] Step 2: Cleaning source node...
[11:37:45] Step 3: Cleaning destination node...
[11:37:45]   Killing PID 50187 on destination (from /home/ubuntu/app.pid)
[11:37:46]   Killing PID 50187 on destination (from /home/ubuntu/gol.pid)
[11:37:46]   Killing all remaining gol processes on destination...
[11:37:50] ✓ Reset complete, nodes are clean
[11:37:50]   Next: Start your application
[exit=0]

$ bash /home/ivo/Evaluation-of-Live-Migration-Strategies-at-the-Edge/Game-of-life-migration/scripts/workloads/start_gol_c.sh edge-node-1
[11:37:50] Ensuring gol binary on edge-node-1...
[11:37:50] Reusing existing /tmp/gol on edge-node-1
[11:37:50] Starting gol on edge-node-1...
[11:37:51] ✓ Gol started
[exit=0]
[repeat] warmup 2s

$ python3 /home/ivo/Evaluation-of-Live-Migration-Strategies-at-the-Edge/Game-of-life-migration/scripts/orchestrators/criu_benchmark.py precopy --source edge-node-1 --dest edge-node-2 --transfer-mode direct --run-id 01-05-2026-direct-precopy-0043 --iterations 3 --profile-name 2_5G
[11:37:54] Starting precopy migration...
[11:37:54] Source: edge-node-1, Dest: edge-node-2
[11:37:54] Transfer mode: direct

[11:37:54] === PRE-COPY LIVE MIGRATION ===
[11:37:54] Step 1: Checking source process...
[11:37:54]   Using PID from /home/ubuntu/gol.pid: 51850
[11:37:55]   Architecture: x86_64 (compatible)
[11:37:55] Step 2: Preparing dump directory...
[11:37:55] Step 3: Running 3 pre-dumps...
[11:37:55]   Pre-dump 1/3...
[11:37:56]   Pre-dump 2/3...
[11:37:58]   Pre-dump 3/3...
[11:37:59]   Total pre-dump time: 3893 ms
[11:37:59] Step 4: Final dump (freezing service)...
[11:37:59]   Final dump time (freeze duration): 268 ms
[11:37:59] Step 5: Creating archive...
[11:38:00]   Archive size: 33891 bytes
[11:38:00] Step 6: Transferring archive...
[11:38:00]   Setting up direct SSH trust...
Setting up SSH trust: edge-node-1 → ubuntu@10.138.215.137
  Adding public key to destination's authorized_keys...
  Testing SSH connectivity...
  ✓ SSH trust ready
Setting up SSH trust: edge-node-1 → ubuntu@10.138.215.137
  Adding public key to destination's authorized_keys...
  Testing SSH connectivity...
  ✓ SSH trust ready
  Transferring /tmp/CRIU-gol.tar.gz via SCP...
[11:38:05]   Transfer time: 3466 ms
[11:38:05] Step 7: Unpacking on destination...
[11:38:06] Step 7.5: Ensuring gol output file exists on destination...
[11:38:06] Step 7.8: Ensuring /tmp/gol binary is present on destination...
[11:38:06] Step 8: Restoring process...
[11:38:07]   Restore time: 311 ms
[11:38:07]   Restored PID: 51850 (written to /home/ubuntu/gol.pid)
[11:38:07] Step 9: Verifying migration...
[11:38:12] ✓ gol.out updated after migration (mtime 1777628290 → 1777628292), simulation running!
[11:38:12] Total downtime: 4045 ms (final_dump: 268 + transfer: 3466 + restore: 311)
[11:38:12] Pre-dump time (not counted as downtime): 3893 ms
[11:38:12] Effective bandwidth: 0.08 Mbps
[11:38:12] Metrics saved to /home/ivo/Evaluation-of-Live-Migration-Strategies-at-the-Edge/Game-of-life-migration/metrics/migration_metrics.csv
[exit=0]

$ python3 /home/ivo/Evaluation-of-Live-Migration-Strategies-at-the-Edge/Game-of-life-migration/scripts/setup/reset_nodes.py edge-node-1 edge-node-2
[11:38:13] Resetting nodes: edge-node-1 -> edge-node-2
[11:38:13] Step 1: Killing any existing processes on source...
[11:38:13]   Killing PID 51850 (from /home/ubuntu/app.pid)
[11:38:14]   Killing PID 51850 (from /home/ubuntu/gol.pid)
[11:38:15]   Killing any remaining background processes...
[11:38:16] Step 2: Cleaning source node...
[11:38:17] Step 3: Cleaning destination node...
[11:38:18]   Killing PID 51850 on destination (from /home/ubuntu/app.pid)
[11:38:18]   Killing PID 51850 on destination (from /home/ubuntu/gol.pid)
[11:38:19]   Killing all remaining gol processes on destination...
[11:38:22] ✓ Reset complete, nodes are clean
[11:38:22]   Next: Start your application
[exit=0]

$ bash /home/ivo/Evaluation-of-Live-Migration-Strategies-at-the-Edge/Game-of-life-migration/scripts/workloads/start_gol_c.sh edge-node-1
[11:38:22] Ensuring gol binary on edge-node-1...
[11:38:22] Reusing existing /tmp/gol on edge-node-1
[11:38:22] Starting gol on edge-node-1...
[11:38:24] ✓ Gol started
[exit=0]
[repeat] warmup 2s

$ python3 /home/ivo/Evaluation-of-Live-Migration-Strategies-at-the-Edge/Game-of-life-migration/scripts/orchestrators/criu_benchmark.py precopy --source edge-node-1 --dest edge-node-2 --transfer-mode direct --run-id 01-05-2026-direct-precopy-0044 --iterations 3 --profile-name 2_5G
[11:38:26] Starting precopy migration...
[11:38:26] Source: edge-node-1, Dest: edge-node-2
[11:38:26] Transfer mode: direct

[11:38:26] === PRE-COPY LIVE MIGRATION ===
[11:38:26] Step 1: Checking source process...
[11:38:27]   Using PID from /home/ubuntu/gol.pid: 53520
[11:38:27]   Architecture: x86_64 (compatible)
[11:38:27] Step 2: Preparing dump directory...
[11:38:28] Step 3: Running 3 pre-dumps...
[11:38:28]   Pre-dump 1/3...
[11:38:29]   Pre-dump 2/3...
[11:38:30]   Pre-dump 3/3...
[11:38:32]   Total pre-dump time: 3996 ms
[11:38:32] Step 4: Final dump (freezing service)...
[11:38:32]   Final dump time (freeze duration): 286 ms
[11:38:32] Step 5: Creating archive...
[11:38:32]   Archive size: 32903 bytes
[11:38:32] Step 6: Transferring archive...
[11:38:32]   Setting up direct SSH trust...
Setting up SSH trust: edge-node-1 → ubuntu@10.138.215.137
  Adding public key to destination's authorized_keys...
  Testing SSH connectivity...
  ✓ SSH trust ready
Setting up SSH trust: edge-node-1 → ubuntu@10.138.215.137
  Adding public key to destination's authorized_keys...
  Testing SSH connectivity...
  ✓ SSH trust ready
  Transferring /tmp/CRIU-gol.tar.gz via SCP...
[11:38:38]   Transfer time: 3499 ms
[11:38:38] Step 7: Unpacking on destination...
[11:38:38] Step 7.5: Ensuring gol output file exists on destination...
[11:38:39] Step 7.8: Ensuring /tmp/gol binary is present on destination...
[11:38:39] Step 8: Restoring process...
[11:38:39]   Restore time: 300 ms
[11:38:39]   Restored PID: 53520 (written to /home/ubuntu/gol.pid)
[11:38:39] Step 9: Verifying migration...
[11:38:45] ✓ gol.out updated after migration (mtime 1777628322 → 1777628324), simulation running!
[11:38:45] Total downtime: 4085 ms (final_dump: 286 + transfer: 3499 + restore: 300)
[11:38:45] Pre-dump time (not counted as downtime): 3996 ms
[11:38:45] Effective bandwidth: 0.08 Mbps
[11:38:45] Metrics saved to /home/ivo/Evaluation-of-Live-Migration-Strategies-at-the-Edge/Game-of-life-migration/metrics/migration_metrics.csv
[exit=0]

$ python3 /home/ivo/Evaluation-of-Live-Migration-Strategies-at-the-Edge/Game-of-life-migration/scripts/setup/reset_nodes.py edge-node-1 edge-node-2
[11:38:46] Resetting nodes: edge-node-1 -> edge-node-2
[11:38:46] Step 1: Killing any existing processes on source...
[11:38:46]   Killing PID 53520 (from /home/ubuntu/app.pid)
[11:38:47]   Killing PID 53520 (from /home/ubuntu/gol.pid)
[11:38:47]   Killing any remaining background processes...
[11:38:49] Step 2: Cleaning source node...
[11:38:50] Step 3: Cleaning destination node...
[11:38:50]   Killing PID 53520 on destination (from /home/ubuntu/app.pid)
[11:38:51]   Killing PID 53520 on destination (from /home/ubuntu/gol.pid)
[11:38:51]   Killing all remaining gol processes on destination...
[11:38:55] ✓ Reset complete, nodes are clean
[11:38:55]   Next: Start your application
[exit=0]

$ bash /home/ivo/Evaluation-of-Live-Migration-Strategies-at-the-Edge/Game-of-life-migration/scripts/workloads/start_gol_c.sh edge-node-1
[11:38:55] Ensuring gol binary on edge-node-1...
[11:38:55] Reusing existing /tmp/gol on edge-node-1
[11:38:55] Starting gol on edge-node-1...
[11:38:56] ✓ Gol started
[exit=0]
[repeat] warmup 2s

$ python3 /home/ivo/Evaluation-of-Live-Migration-Strategies-at-the-Edge/Game-of-life-migration/scripts/orchestrators/criu_benchmark.py precopy --source edge-node-1 --dest edge-node-2 --transfer-mode direct --run-id 01-05-2026-direct-precopy-0045 --iterations 3 --profile-name 2_5G
[11:38:59] Starting precopy migration...
[11:38:59] Source: edge-node-1, Dest: edge-node-2
[11:38:59] Transfer mode: direct

[11:38:59] === PRE-COPY LIVE MIGRATION ===
[11:38:59] Step 1: Checking source process...
[11:38:59]   Using PID from /home/ubuntu/gol.pid: 55183
[11:39:00]   Architecture: x86_64 (compatible)
[11:39:00] Step 2: Preparing dump directory...
[11:39:00] Step 3: Running 3 pre-dumps...
[11:39:00]   Pre-dump 1/3...
[11:39:01]   Pre-dump 2/3...
[11:39:03]   Pre-dump 3/3...
[11:39:04]   Total pre-dump time: 3898 ms
[11:39:04] Step 4: Final dump (freezing service)...
[11:39:04]   Final dump time (freeze duration): 295 ms
[11:39:04] Step 5: Creating archive...
[11:39:05]   Archive size: 33764 bytes
[11:39:05] Step 6: Transferring archive...
[11:39:05]   Setting up direct SSH trust...
Setting up SSH trust: edge-node-1 → ubuntu@10.138.215.137
  Adding public key to destination's authorized_keys...
  Testing SSH connectivity...
  ✓ SSH trust ready
Setting up SSH trust: edge-node-1 → ubuntu@10.138.215.137
  Adding public key to destination's authorized_keys...
  Testing SSH connectivity...
  ✓ SSH trust ready
  Transferring /tmp/CRIU-gol.tar.gz via SCP...
[11:39:10]   Transfer time: 3253 ms
[11:39:10] Step 7: Unpacking on destination...
[11:39:10] Step 7.5: Ensuring gol output file exists on destination...
[11:39:11] Step 7.8: Ensuring /tmp/gol binary is present on destination...
[11:39:11] Step 8: Restoring process...
[11:39:11]   Restore time: 297 ms
[11:39:12]   Restored PID: 55183 (written to /home/ubuntu/gol.pid)
[11:39:12] Step 9: Verifying migration...
[11:39:17] ✓ gol.out updated after migration (mtime 1777628354 → 1777628356), simulation running!
[11:39:17] Total downtime: 3845 ms (final_dump: 295 + transfer: 3253 + restore: 297)
[11:39:17] Pre-dump time (not counted as downtime): 3898 ms
[11:39:17] Effective bandwidth: 0.08 Mbps
[11:39:17] Metrics saved to /home/ivo/Evaluation-of-Live-Migration-Strategies-at-the-Edge/Game-of-life-migration/metrics/migration_metrics.csv
[exit=0]

$ python3 /home/ivo/Evaluation-of-Live-Migration-Strategies-at-the-Edge/Game-of-life-migration/scripts/setup/reset_nodes.py edge-node-1 edge-node-2
[11:39:18] Resetting nodes: edge-node-1 -> edge-node-2
[11:39:18] Step 1: Killing any existing processes on source...
[11:39:18]   Killing PID 55183 (from /home/ubuntu/app.pid)
[11:39:19]   Killing PID 55183 (from /home/ubuntu/gol.pid)
[11:39:19]   Killing any remaining background processes...
[11:39:21] Step 2: Cleaning source node...
[11:39:22] Step 3: Cleaning destination node...
[11:39:22]   Killing PID 55183 on destination (from /home/ubuntu/app.pid)
[11:39:23]   Killing PID 55183 on destination (from /home/ubuntu/gol.pid)
[11:39:24]   Killing all remaining gol processes on destination...
[11:39:27] ✓ Reset complete, nodes are clean
[11:39:27]   Next: Start your application
[exit=0]

$ bash /home/ivo/Evaluation-of-Live-Migration-Strategies-at-the-Edge/Game-of-life-migration/scripts/workloads/start_gol_c.sh edge-node-1
[11:39:27] Ensuring gol binary on edge-node-1...
[11:39:27] Reusing existing /tmp/gol on edge-node-1
[11:39:27] Starting gol on edge-node-1...
[11:39:28] ✓ Gol started
[exit=0]
[repeat] warmup 2s

$ python3 /home/ivo/Evaluation-of-Live-Migration-Strategies-at-the-Edge/Game-of-life-migration/scripts/orchestrators/criu_benchmark.py precopy --source edge-node-1 --dest edge-node-2 --transfer-mode direct --run-id 01-05-2026-direct-precopy-0046 --iterations 3 --profile-name 2_5G
[11:39:31] Starting precopy migration...
[11:39:31] Source: edge-node-1, Dest: edge-node-2
[11:39:31] Transfer mode: direct

[11:39:31] === PRE-COPY LIVE MIGRATION ===
[11:39:31] Step 1: Checking source process...
[11:39:31]   Using PID from /home/ubuntu/gol.pid: 56864
[11:39:32]   Architecture: x86_64 (compatible)
[11:39:32] Step 2: Preparing dump directory...
[11:39:32] Step 3: Running 3 pre-dumps...
[11:39:32]   Pre-dump 1/3...
[11:39:34]   Pre-dump 2/3...
[11:39:35]   Pre-dump 3/3...
[11:39:36]   Total pre-dump time: 3921 ms
[11:39:36] Step 4: Final dump (freezing service)...
[11:39:37]   Final dump time (freeze duration): 319 ms
[11:39:37] Step 5: Creating archive...
[11:39:37]   Archive size: 33158 bytes
[11:39:37] Step 6: Transferring archive...
[11:39:37]   Setting up direct SSH trust...
Setting up SSH trust: edge-node-1 → ubuntu@10.138.215.137
  Adding public key to destination's authorized_keys...
  Testing SSH connectivity...
  ✓ SSH trust ready
Setting up SSH trust: edge-node-1 → ubuntu@10.138.215.137
  Adding public key to destination's authorized_keys...
  Testing SSH connectivity...
  ✓ SSH trust ready
  Transferring /tmp/CRIU-gol.tar.gz via SCP...
[11:39:43]   Transfer time: 3518 ms
[11:39:43] Step 7: Unpacking on destination...
[11:39:43] Step 7.5: Ensuring gol output file exists on destination...
[11:39:43] Step 7.8: Ensuring /tmp/gol binary is present on destination...
[11:39:44] Step 8: Restoring process...
[11:39:44]   Restore time: 302 ms
[11:39:44]   Restored PID: 56864 (written to /home/ubuntu/gol.pid)
[11:39:44] Step 9: Verifying migration...
[11:39:50] ✓ gol.out updated after migration (mtime 1777628387 → 1777628390), simulation running!
[11:39:50] Total downtime: 4139 ms (final_dump: 319 + transfer: 3518 + restore: 302)
[11:39:50] Pre-dump time (not counted as downtime): 3921 ms
[11:39:50] Effective bandwidth: 0.08 Mbps
[11:39:50] Metrics saved to /home/ivo/Evaluation-of-Live-Migration-Strategies-at-the-Edge/Game-of-life-migration/metrics/migration_metrics.csv
[exit=0]

$ python3 /home/ivo/Evaluation-of-Live-Migration-Strategies-at-the-Edge/Game-of-life-migration/scripts/setup/reset_nodes.py edge-node-1 edge-node-2
[11:39:51] Resetting nodes: edge-node-1 -> edge-node-2
[11:39:51] Step 1: Killing any existing processes on source...
[11:39:51]   Killing PID 56864 (from /home/ubuntu/app.pid)
[11:39:52]   Killing PID 56864 (from /home/ubuntu/gol.pid)
[11:39:52]   Killing any remaining background processes...
[11:39:53] Step 2: Cleaning source node...
[11:39:54] Step 3: Cleaning destination node...
[11:39:55]   Killing PID 56864 on destination (from /home/ubuntu/app.pid)
[11:39:55]   Killing PID 56864 on destination (from /home/ubuntu/gol.pid)
[11:39:56]   Killing all remaining gol processes on destination...
[11:39:59] ✓ Reset complete, nodes are clean
[11:39:59]   Next: Start your application
[exit=0]

$ bash /home/ivo/Evaluation-of-Live-Migration-Strategies-at-the-Edge/Game-of-life-migration/scripts/workloads/start_gol_c.sh edge-node-1
[11:39:59] Ensuring gol binary on edge-node-1...
[11:40:00] Reusing existing /tmp/gol on edge-node-1
[11:40:00] Starting gol on edge-node-1...
[11:40:01] ✓ Gol started
[exit=0]
[repeat] warmup 2s

$ python3 /home/ivo/Evaluation-of-Live-Migration-Strategies-at-the-Edge/Game-of-life-migration/scripts/orchestrators/criu_benchmark.py precopy --source edge-node-1 --dest edge-node-2 --transfer-mode direct --run-id 01-05-2026-direct-precopy-0047 --iterations 3 --profile-name 2_5G
[11:40:03] Starting precopy migration...
[11:40:03] Source: edge-node-1, Dest: edge-node-2
[11:40:03] Transfer mode: direct

[11:40:03] === PRE-COPY LIVE MIGRATION ===
[11:40:03] Step 1: Checking source process...
[11:40:04]   Using PID from /home/ubuntu/gol.pid: 58529
[11:40:04]   Architecture: x86_64 (compatible)
[11:40:04] Step 2: Preparing dump directory...
[11:40:05] Step 3: Running 3 pre-dumps...
[11:40:05]   Pre-dump 1/3...
[11:40:06]   Pre-dump 2/3...
[11:40:07]   Pre-dump 3/3...
[11:40:09]   Total pre-dump time: 3915 ms
[11:40:09] Step 4: Final dump (freezing service)...
[11:40:09]   Final dump time (freeze duration): 364 ms
[11:40:09] Step 5: Creating archive...
[11:40:09]   Archive size: 33160 bytes
[11:40:09] Step 6: Transferring archive...
[11:40:09]   Setting up direct SSH trust...
Setting up SSH trust: edge-node-1 → ubuntu@10.138.215.137
  Adding public key to destination's authorized_keys...
  Testing SSH connectivity...
  ✓ SSH trust ready
Setting up SSH trust: edge-node-1 → ubuntu@10.138.215.137
  Adding public key to destination's authorized_keys...
  Testing SSH connectivity...
  ✓ SSH trust ready
  Transferring /tmp/CRIU-gol.tar.gz via SCP...
[11:40:15]   Transfer time: 3321 ms
[11:40:15] Step 7: Unpacking on destination...
[11:40:15] Step 7.5: Ensuring gol output file exists on destination...
[11:40:15] Step 7.8: Ensuring /tmp/gol binary is present on destination...
[11:40:16] Step 8: Restoring process...
[11:40:16]   Restore time: 309 ms
[11:40:16]   Restored PID: 58529 (written to /home/ubuntu/gol.pid)
[11:40:16] Step 9: Verifying migration...
[11:40:22] ✓ gol.out updated after migration (mtime 1777628419 → 1777628422), simulation running!
[11:40:22] Total downtime: 3994 ms (final_dump: 364 + transfer: 3321 + restore: 309)
[11:40:22] Pre-dump time (not counted as downtime): 3915 ms
[11:40:22] Effective bandwidth: 0.08 Mbps
[11:40:22] Metrics saved to /home/ivo/Evaluation-of-Live-Migration-Strategies-at-the-Edge/Game-of-life-migration/metrics/migration_metrics.csv
[exit=0]

$ python3 /home/ivo/Evaluation-of-Live-Migration-Strategies-at-the-Edge/Game-of-life-migration/scripts/setup/reset_nodes.py edge-node-1 edge-node-2
[11:40:23] Resetting nodes: edge-node-1 -> edge-node-2
[11:40:23] Step 1: Killing any existing processes on source...
[11:40:23]   Killing PID 58529 (from /home/ubuntu/app.pid)
[11:40:24]   Killing PID 58529 (from /home/ubuntu/gol.pid)
[11:40:24]   Killing any remaining background processes...
[11:40:26] Step 2: Cleaning source node...
[11:40:27] Step 3: Cleaning destination node...
[11:40:27]   Killing PID 58529 on destination (from /home/ubuntu/app.pid)
[11:40:28]   Killing PID 58529 on destination (from /home/ubuntu/gol.pid)
[11:40:28]   Killing all remaining gol processes on destination...
[11:40:32] ✓ Reset complete, nodes are clean
[11:40:32]   Next: Start your application
[exit=0]

$ bash /home/ivo/Evaluation-of-Live-Migration-Strategies-at-the-Edge/Game-of-life-migration/scripts/workloads/start_gol_c.sh edge-node-1
[11:40:32] Ensuring gol binary on edge-node-1...
[11:40:32] Reusing existing /tmp/gol on edge-node-1
[11:40:32] Starting gol on edge-node-1...
[11:40:33] ✓ Gol started
[exit=0]
[repeat] warmup 2s

$ python3 /home/ivo/Evaluation-of-Live-Migration-Strategies-at-the-Edge/Game-of-life-migration/scripts/orchestrators/criu_benchmark.py precopy --source edge-node-1 --dest edge-node-2 --transfer-mode direct --run-id 01-05-2026-direct-precopy-0048 --iterations 3 --profile-name 2_5G
[11:40:36] Starting precopy migration...
[11:40:36] Source: edge-node-1, Dest: edge-node-2
[11:40:36] Transfer mode: direct

[11:40:36] === PRE-COPY LIVE MIGRATION ===
[11:40:36] Step 1: Checking source process...
[11:40:36]   Using PID from /home/ubuntu/gol.pid: 60200
[11:40:37]   Architecture: x86_64 (compatible)
[11:40:37] Step 2: Preparing dump directory...
[11:40:37] Step 3: Running 3 pre-dumps...
[11:40:37]   Pre-dump 1/3...
[11:40:38]   Pre-dump 2/3...
[11:40:40]   Pre-dump 3/3...
[11:40:41]   Total pre-dump time: 3924 ms
[11:40:41] Step 4: Final dump (freezing service)...
[11:40:41]   Final dump time (freeze duration): 306 ms
[11:40:41] Step 5: Creating archive...
[11:40:42]   Archive size: 32808 bytes
[11:40:42] Step 6: Transferring archive...
[11:40:42]   Setting up direct SSH trust...
Setting up SSH trust: edge-node-1 → ubuntu@10.138.215.137
  Adding public key to destination's authorized_keys...
  Testing SSH connectivity...
  ✓ SSH trust ready
Setting up SSH trust: edge-node-1 → ubuntu@10.138.215.137
  Adding public key to destination's authorized_keys...
  Testing SSH connectivity...
  ✓ SSH trust ready
  Transferring /tmp/CRIU-gol.tar.gz via SCP...
[11:40:47]   Transfer time: 3416 ms
[11:40:47] Step 7: Unpacking on destination...
[11:40:48] Step 7.5: Ensuring gol output file exists on destination...
[11:40:48] Step 7.8: Ensuring /tmp/gol binary is present on destination...
[11:40:48] Step 8: Restoring process...
[11:40:49]   Restore time: 312 ms
[11:40:49]   Restored PID: 60200 (written to /home/ubuntu/gol.pid)
[11:40:49] Step 9: Verifying migration...
[11:40:54] ✓ gol.out updated after migration (mtime 1777628452 → 1777628454), simulation running!
[11:40:54] Total downtime: 4034 ms (final_dump: 306 + transfer: 3416 + restore: 312)
[11:40:54] Pre-dump time (not counted as downtime): 3924 ms
[11:40:54] Effective bandwidth: 0.08 Mbps
[11:40:54] Metrics saved to /home/ivo/Evaluation-of-Live-Migration-Strategies-at-the-Edge/Game-of-life-migration/metrics/migration_metrics.csv
[exit=0]

$ python3 /home/ivo/Evaluation-of-Live-Migration-Strategies-at-the-Edge/Game-of-life-migration/scripts/setup/reset_nodes.py edge-node-1 edge-node-2
[11:40:55] Resetting nodes: edge-node-1 -> edge-node-2
[11:40:55] Step 1: Killing any existing processes on source...
[11:40:55]   Killing PID 60200 (from /home/ubuntu/app.pid)
[11:40:56]   Killing PID 60200 (from /home/ubuntu/gol.pid)
[11:40:56]   Killing any remaining background processes...
[11:40:58] Step 2: Cleaning source node...
[11:40:59] Step 3: Cleaning destination node...
[11:40:59]   Killing PID 60200 on destination (from /home/ubuntu/app.pid)
[11:41:00]   Killing PID 60200 on destination (from /home/ubuntu/gol.pid)
[11:41:00]   Killing all remaining gol processes on destination...
[11:41:04] ✓ Reset complete, nodes are clean
[11:41:04]   Next: Start your application
[exit=0]

$ bash /home/ivo/Evaluation-of-Live-Migration-Strategies-at-the-Edge/Game-of-life-migration/scripts/workloads/start_gol_c.sh edge-node-1
[11:41:04] Ensuring gol binary on edge-node-1...
[11:41:04] Reusing existing /tmp/gol on edge-node-1
[11:41:04] Starting gol on edge-node-1...
[11:41:05] ✓ Gol started
[exit=0]
[repeat] warmup 2s

$ python3 /home/ivo/Evaluation-of-Live-Migration-Strategies-at-the-Edge/Game-of-life-migration/scripts/orchestrators/criu_benchmark.py precopy --source edge-node-1 --dest edge-node-2 --transfer-mode direct --run-id 01-05-2026-direct-precopy-0049 --iterations 3 --profile-name 2_5G
[11:41:08] Starting precopy migration...
[11:41:08] Source: edge-node-1, Dest: edge-node-2
[11:41:08] Transfer mode: direct

[11:41:08] === PRE-COPY LIVE MIGRATION ===
[11:41:08] Step 1: Checking source process...
[11:41:08]   Using PID from /home/ubuntu/gol.pid: 61862
[11:41:09]   Architecture: x86_64 (compatible)
[11:41:09] Step 2: Preparing dump directory...
[11:41:09] Step 3: Running 3 pre-dumps...
[11:41:09]   Pre-dump 1/3...
[11:41:10]   Pre-dump 2/3...
[11:41:12]   Pre-dump 3/3...
[11:41:13]   Total pre-dump time: 3910 ms
[11:41:13] Step 4: Final dump (freezing service)...
[11:41:13]   Final dump time (freeze duration): 350 ms
[11:41:13] Step 5: Creating archive...
[11:41:14]   Archive size: 33731 bytes
[11:41:14] Step 6: Transferring archive...
[11:41:14]   Setting up direct SSH trust...
Setting up SSH trust: edge-node-1 → ubuntu@10.138.215.137
  Adding public key to destination's authorized_keys...
  Testing SSH connectivity...
  ✓ SSH trust ready
Setting up SSH trust: edge-node-1 → ubuntu@10.138.215.137
  Adding public key to destination's authorized_keys...
  Testing SSH connectivity...
  ✓ SSH trust ready
  Transferring /tmp/CRIU-gol.tar.gz via SCP...
[11:41:19]   Transfer time: 3464 ms
[11:41:19] Step 7: Unpacking on destination...
[11:41:20] Step 7.5: Ensuring gol output file exists on destination...
[11:41:20] Step 7.8: Ensuring /tmp/gol binary is present on destination...
[11:41:20] Step 8: Restoring process...
[11:41:20]   Restore time: 291 ms
[11:41:21]   Restored PID: 61862 (written to /home/ubuntu/gol.pid)
[11:41:21] Step 9: Verifying migration...
[11:41:26] ✓ gol.out updated after migration (mtime 1777628483 → 1777628485), simulation running!
[11:41:26] Total downtime: 4105 ms (final_dump: 350 + transfer: 3464 + restore: 291)
[11:41:26] Pre-dump time (not counted as downtime): 3910 ms
[11:41:26] Effective bandwidth: 0.08 Mbps
[11:41:26] Metrics saved to /home/ivo/Evaluation-of-Live-Migration-Strategies-at-the-Edge/Game-of-life-migration/metrics/migration_metrics.csv
[exit=0]

$ python3 /home/ivo/Evaluation-of-Live-Migration-Strategies-at-the-Edge/Game-of-life-migration/scripts/setup/reset_nodes.py edge-node-1 edge-node-2
[11:41:27] Resetting nodes: edge-node-1 -> edge-node-2
[11:41:27] Step 1: Killing any existing processes on source...
[11:41:27]   Killing PID 61862 (from /home/ubuntu/app.pid)
[11:41:28]   Killing PID 61862 (from /home/ubuntu/gol.pid)
[11:41:29]   Killing any remaining background processes...
[11:41:30] Step 2: Cleaning source node...
[11:41:31] Step 3: Cleaning destination node...
[11:41:31]   Killing PID 61862 on destination (from /home/ubuntu/app.pid)
[11:41:32]   Killing PID 61862 on destination (from /home/ubuntu/gol.pid)
[11:41:32]   Killing all remaining gol processes on destination...
[11:41:36] ✓ Reset complete, nodes are clean
[11:41:36]   Next: Start your application
[exit=0]

$ bash /home/ivo/Evaluation-of-Live-Migration-Strategies-at-the-Edge/Game-of-life-migration/scripts/workloads/start_gol_c.sh edge-node-1
[11:41:36] Ensuring gol binary on edge-node-1...
[11:41:36] Reusing existing /tmp/gol on edge-node-1
[11:41:36] Starting gol on edge-node-1...
[11:41:37] ✓ Gol started
[exit=0]
[repeat] warmup 2s

$ python3 /home/ivo/Evaluation-of-Live-Migration-Strategies-at-the-Edge/Game-of-life-migration/scripts/orchestrators/criu_benchmark.py postcopy --source edge-node-1 --dest edge-node-2 --transfer-mode host --run-id 01-05-2026-host-postcopy-0040 --relay-node edge-host-1 --page-server-port 9999 --profile-name 2_5G
[11:41:40] Starting postcopy migration...
[11:41:40] Source: edge-node-1, Dest: edge-node-2
[11:41:40] Transfer mode: host
[11:41:40] Relay node: edge-host-1

[11:41:40] === POST-COPY (LAZY-PAGES) MIGRATION ===
[11:41:40] Step 1: Checking source process...
[11:41:40]   Using PID from /home/ubuntu/gol.pid: 63533
[11:41:42]   Page-server endpoint: 10.138.215.218:9999
[11:41:42] Step 2: Final dump (freezing service) with --lazy-pages...
[11:41:42]   Dump PID: 63965
[11:41:43]   Dump init time (approx freeze duration): 1001 ms
[11:41:43] Step 3: Page-server ready on source (served by dump process)
[11:41:43] Step 4: Creating archive...
[11:41:43]   Archive size: 23390 bytes
[11:41:43] Step 5: Transferring archive...
  Transferring /home/ubuntu/CRIU-gol.tar.gz via relay node edge-host-1...
Setting up SSH trust: edge-node-1 → ubuntu@10.138.215.36
  Adding public key to destination's authorized_keys...
  Testing SSH connectivity...
  ✓ SSH trust ready
Setting up SSH trust: edge-host-1 → ubuntu@10.138.215.137
  Adding public key to destination's authorized_keys...
  Testing SSH connectivity...
  ✓ SSH trust ready
[11:41:51]   Transfer time: 8000 ms
[11:41:51] Step 6: Unpacking on destination...
[11:41:52] Step 6.8: Ensuring /tmp/gol binary is present on destination...
[11:41:52] Step 7: Starting lazy-pages daemon on destination...
[11:41:53]   Lazy-pages PID: 67590
[11:41:53] Step 8: Restoring process...
[11:41:53]   Restore time: 384 ms
[11:41:54]   Restored PID: 63533 (written to /home/ubuntu/gol.pid)
[11:41:55] Step 9: Verifying migration...
[11:42:01] ✓ gol.out updated after migration (mtime 1777628518 → 1777628520), simulation running!
[11:42:01] Total downtime: 9385 ms (dump: 1001 + transfer: 8000 + restore: 384)
[11:42:02] Metrics saved to /home/ivo/Evaluation-of-Live-Migration-Strategies-at-the-Edge/Game-of-life-migration/metrics/migration_metrics.csv
[exit=0]

$ python3 /home/ivo/Evaluation-of-Live-Migration-Strategies-at-the-Edge/Game-of-life-migration/scripts/setup/reset_nodes.py edge-node-1 edge-node-2
[11:42:02] Resetting nodes: edge-node-1 -> edge-node-2
[11:42:02] Step 1: Killing any existing processes on source...
[11:42:03]   Killing PID 63533 (from /home/ubuntu/app.pid)
[11:42:03]   Killing PID 63533 (from /home/ubuntu/gol.pid)
[11:42:04]   Killing any remaining background processes...
[11:42:05] Step 2: Cleaning source node...
[11:42:06] Step 3: Cleaning destination node...
[11:42:07]   Killing PID 63533 on destination (from /home/ubuntu/app.pid)
[11:42:07]   Killing PID 63533 on destination (from /home/ubuntu/gol.pid)
[11:42:08]   Killing all remaining gol processes on destination...
[11:42:11] ✓ Reset complete, nodes are clean
[11:42:11]   Next: Start your application
[exit=0]

$ bash /home/ivo/Evaluation-of-Live-Migration-Strategies-at-the-Edge/Game-of-life-migration/scripts/workloads/start_gol_c.sh edge-node-1
[11:42:11] Ensuring gol binary on edge-node-1...
[11:42:12] Reusing existing /tmp/gol on edge-node-1
[11:42:12] Starting gol on edge-node-1...
[11:42:13] ✓ Gol started
[exit=0]
[repeat] warmup 2s

$ python3 /home/ivo/Evaluation-of-Live-Migration-Strategies-at-the-Edge/Game-of-life-migration/scripts/orchestrators/criu_benchmark.py postcopy --source edge-node-1 --dest edge-node-2 --transfer-mode host --run-id 01-05-2026-host-postcopy-0041 --relay-node edge-host-1 --page-server-port 9999 --profile-name 2_5G
[11:42:15] Starting postcopy migration...
[11:42:15] Source: edge-node-1, Dest: edge-node-2
[11:42:15] Transfer mode: host
[11:42:15] Relay node: edge-host-1

[11:42:15] === POST-COPY (LAZY-PAGES) MIGRATION ===
[11:42:15] Step 1: Checking source process...
[11:42:16]   Using PID from /home/ubuntu/gol.pid: 65265
[11:42:17]   Page-server endpoint: 10.138.215.218:9999
[11:42:17] Step 2: Final dump (freezing service) with --lazy-pages...
[11:42:18]   Dump PID: 65689
[11:42:18]   Dump init time (approx freeze duration): 1030 ms
[11:42:18] Step 3: Page-server ready on source (served by dump process)
[11:42:18] Step 4: Creating archive...
[11:42:19]   Archive size: 23409 bytes
[11:42:19] Step 5: Transferring archive...
  Transferring /home/ubuntu/CRIU-gol.tar.gz via relay node edge-host-1...
Setting up SSH trust: edge-node-1 → ubuntu@10.138.215.36
  Adding public key to destination's authorized_keys...
  Testing SSH connectivity...
  ✓ SSH trust ready
Setting up SSH trust: edge-host-1 → ubuntu@10.138.215.137
  Adding public key to destination's authorized_keys...
  Testing SSH connectivity...
  ✓ SSH trust ready
[11:42:26]   Transfer time: 7331 ms
[11:42:26] Step 6: Unpacking on destination...
[11:42:27] Step 6.8: Ensuring /tmp/gol binary is present on destination...
[11:42:27] Step 7: Starting lazy-pages daemon on destination...
[11:42:28]   Lazy-pages PID: 69410
[11:42:28] Step 8: Restoring process...
[11:42:28]   Restore time: 448 ms
[11:42:29]   Restored PID: 65265 (written to /home/ubuntu/gol.pid)
[11:42:30] Step 9: Verifying migration...
[11:42:36] ✓ gol.out updated after migration (mtime 1777628553 → 1777628555), simulation running!
[11:42:36] Total downtime: 8809 ms (dump: 1030 + transfer: 7331 + restore: 448)
[11:42:37] Metrics saved to /home/ivo/Evaluation-of-Live-Migration-Strategies-at-the-Edge/Game-of-life-migration/metrics/migration_metrics.csv
[exit=0]

$ python3 /home/ivo/Evaluation-of-Live-Migration-Strategies-at-the-Edge/Game-of-life-migration/scripts/setup/reset_nodes.py edge-node-1 edge-node-2
[11:42:37] Resetting nodes: edge-node-1 -> edge-node-2
[11:42:37] Step 1: Killing any existing processes on source...
[11:42:38]   Killing PID 65265 (from /home/ubuntu/app.pid)
[11:42:39]   Killing PID 65265 (from /home/ubuntu/gol.pid)
[11:42:39]   Killing any remaining background processes...
[11:42:40] Step 2: Cleaning source node...
[11:42:41] Step 3: Cleaning destination node...
[11:42:42]   Killing PID 65265 on destination (from /home/ubuntu/app.pid)
[11:42:43]   Killing PID 65265 on destination (from /home/ubuntu/gol.pid)
[11:42:43]   Killing all remaining gol processes on destination...
[11:42:46] ✓ Reset complete, nodes are clean
[11:42:46]   Next: Start your application
[exit=0]

$ bash /home/ivo/Evaluation-of-Live-Migration-Strategies-at-the-Edge/Game-of-life-migration/scripts/workloads/start_gol_c.sh edge-node-1
[11:42:46] Ensuring gol binary on edge-node-1...
[11:42:47] Reusing existing /tmp/gol on edge-node-1
[11:42:47] Starting gol on edge-node-1...
[11:42:48] ✓ Gol started
[exit=0]
[repeat] warmup 2s

$ python3 /home/ivo/Evaluation-of-Live-Migration-Strategies-at-the-Edge/Game-of-life-migration/scripts/orchestrators/criu_benchmark.py postcopy --source edge-node-1 --dest edge-node-2 --transfer-mode host --run-id 01-05-2026-host-postcopy-0042 --relay-node edge-host-1 --page-server-port 9999 --profile-name 2_5G
[11:42:51] Starting postcopy migration...
[11:42:51] Source: edge-node-1, Dest: edge-node-2
[11:42:51] Transfer mode: host
[11:42:51] Relay node: edge-host-1

[11:42:51] === POST-COPY (LAZY-PAGES) MIGRATION ===
[11:42:51] Step 1: Checking source process...
[11:42:51]   Using PID from /home/ubuntu/gol.pid: 66999
[11:42:53]   Page-server endpoint: 10.138.215.218:9999
[11:42:53] Step 2: Final dump (freezing service) with --lazy-pages...
[11:42:53]   Dump PID: 67434
[11:42:54]   Dump init time (approx freeze duration): 1019 ms
[11:42:54] Step 3: Page-server ready on source (served by dump process)
[11:42:54] Step 4: Creating archive...
[11:42:54]   Archive size: 23374 bytes
[11:42:54] Step 5: Transferring archive...
  Transferring /home/ubuntu/CRIU-gol.tar.gz via relay node edge-host-1...
Setting up SSH trust: edge-node-1 → ubuntu@10.138.215.36
  Adding public key to destination's authorized_keys...
  Testing SSH connectivity...
  ✓ SSH trust ready
Setting up SSH trust: edge-host-1 → ubuntu@10.138.215.137
  Adding public key to destination's authorized_keys...
  Testing SSH connectivity...
  ✓ SSH trust ready
[11:43:02]   Transfer time: 7881 ms
[11:43:02] Step 6: Unpacking on destination...
[11:43:03] Step 6.8: Ensuring /tmp/gol binary is present on destination...
[11:43:03] Step 7: Starting lazy-pages daemon on destination...
[11:43:03]   Lazy-pages PID: 71231
[11:43:04] Step 8: Restoring process...
[11:43:04]   Restore time: 372 ms
[11:43:04]   Restored PID: 66999 (written to /home/ubuntu/gol.pid)
[11:43:06] Step 9: Verifying migration...
[11:43:12] ✓ gol.out updated after migration (mtime 1777628589 → 1777628591), simulation running!
[11:43:12] Total downtime: 9272 ms (dump: 1019 + transfer: 7881 + restore: 372)
[11:43:13] Metrics saved to /home/ivo/Evaluation-of-Live-Migration-Strategies-at-the-Edge/Game-of-life-migration/metrics/migration_metrics.csv
[exit=0]

$ python3 /home/ivo/Evaluation-of-Live-Migration-Strategies-at-the-Edge/Game-of-life-migration/scripts/setup/reset_nodes.py edge-node-1 edge-node-2
[11:43:13] Resetting nodes: edge-node-1 -> edge-node-2
[11:43:13] Step 1: Killing any existing processes on source...
[11:43:13]   Killing PID 66999 (from /home/ubuntu/app.pid)
[11:43:14]   Killing PID 66999 (from /home/ubuntu/gol.pid)
[11:43:15]   Killing any remaining background processes...
[11:43:16] Step 2: Cleaning source node...
[11:43:17] Step 3: Cleaning destination node...
[11:43:17]   Killing PID 66999 on destination (from /home/ubuntu/app.pid)
[11:43:18]   Killing PID 66999 on destination (from /home/ubuntu/gol.pid)
[11:43:19]   Killing all remaining gol processes on destination...
[11:43:22] ✓ Reset complete, nodes are clean
[11:43:22]   Next: Start your application
[exit=0]

$ bash /home/ivo/Evaluation-of-Live-Migration-Strategies-at-the-Edge/Game-of-life-migration/scripts/workloads/start_gol_c.sh edge-node-1
[11:43:22] Ensuring gol binary on edge-node-1...
[11:43:22] Reusing existing /tmp/gol on edge-node-1
[11:43:22] Starting gol on edge-node-1...
[11:43:24] ✓ Gol started
[exit=0]
[repeat] warmup 2s

$ python3 /home/ivo/Evaluation-of-Live-Migration-Strategies-at-the-Edge/Game-of-life-migration/scripts/orchestrators/criu_benchmark.py postcopy --source edge-node-1 --dest edge-node-2 --transfer-mode host --run-id 01-05-2026-host-postcopy-0043 --relay-node edge-host-1 --page-server-port 9999 --profile-name 2_5G
[11:43:26] Starting postcopy migration...
[11:43:26] Source: edge-node-1, Dest: edge-node-2
[11:43:26] Transfer mode: host
[11:43:26] Relay node: edge-host-1

[11:43:26] === POST-COPY (LAZY-PAGES) MIGRATION ===
[11:43:26] Step 1: Checking source process...
[11:43:27]   Using PID from /home/ubuntu/gol.pid: 68735
[11:43:28]   Page-server endpoint: 10.138.215.218:9999
[11:43:28] Step 2: Final dump (freezing service) with --lazy-pages...
[11:43:29]   Dump PID: 69159
[11:43:29]   Dump init time (approx freeze duration): 1037 ms
[11:43:29] Step 3: Page-server ready on source (served by dump process)
[11:43:29] Step 4: Creating archive...
[11:43:30]   Archive size: 23312 bytes
[11:43:30] Step 5: Transferring archive...
  Transferring /home/ubuntu/CRIU-gol.tar.gz via relay node edge-host-1...
Setting up SSH trust: edge-node-1 → ubuntu@10.138.215.36
  Adding public key to destination's authorized_keys...
  Testing SSH connectivity...
  ✓ SSH trust ready
Setting up SSH trust: edge-host-1 → ubuntu@10.138.215.137
  Adding public key to destination's authorized_keys...
  Testing SSH connectivity...
  ✓ SSH trust ready
[11:43:37]   Transfer time: 7367 ms
[11:43:37] Step 6: Unpacking on destination...
[11:43:38] Step 6.8: Ensuring /tmp/gol binary is present on destination...
[11:43:38] Step 7: Starting lazy-pages daemon on destination...
[11:43:38]   Lazy-pages PID: 73052
[11:43:39] Step 8: Restoring process...
[11:43:39]   Restore time: 473 ms
[11:43:39]   Restored PID: 68735 (written to /home/ubuntu/gol.pid)
[11:43:41] Step 9: Verifying migration...
[11:43:47] ✓ gol.out updated after migration (mtime 1777628624 → 1777628626), simulation running!
[11:43:47] Total downtime: 8877 ms (dump: 1037 + transfer: 7367 + restore: 473)
[11:43:48] Metrics saved to /home/ivo/Evaluation-of-Live-Migration-Strategies-at-the-Edge/Game-of-life-migration/metrics/migration_metrics.csv
[exit=0]

$ python3 /home/ivo/Evaluation-of-Live-Migration-Strategies-at-the-Edge/Game-of-life-migration/scripts/setup/reset_nodes.py edge-node-1 edge-node-2
[11:43:48] Resetting nodes: edge-node-1 -> edge-node-2
[11:43:48] Step 1: Killing any existing processes on source...
[11:43:49]   Killing PID 68735 (from /home/ubuntu/app.pid)
[11:43:49]   Killing PID 68735 (from /home/ubuntu/gol.pid)
[11:43:50]   Killing any remaining background processes...
[11:43:51] Step 2: Cleaning source node...
[11:43:53] Step 3: Cleaning destination node...
[11:43:53]   Killing PID 68735 on destination (from /home/ubuntu/app.pid)
[11:43:54]   Killing PID 68735 on destination (from /home/ubuntu/gol.pid)
[11:43:54]   Killing all remaining gol processes on destination...
[11:43:58] ✓ Reset complete, nodes are clean
[11:43:58]   Next: Start your application
[exit=0]

$ bash /home/ivo/Evaluation-of-Live-Migration-Strategies-at-the-Edge/Game-of-life-migration/scripts/workloads/start_gol_c.sh edge-node-1
[11:43:58] Ensuring gol binary on edge-node-1...
[11:43:58] Reusing existing /tmp/gol on edge-node-1
[11:43:58] Starting gol on edge-node-1...
[11:43:59] ✓ Gol started
[exit=0]
[repeat] warmup 2s

$ python3 /home/ivo/Evaluation-of-Live-Migration-Strategies-at-the-Edge/Game-of-life-migration/scripts/orchestrators/criu_benchmark.py postcopy --source edge-node-1 --dest edge-node-2 --transfer-mode host --run-id 01-05-2026-host-postcopy-0044 --relay-node edge-host-1 --page-server-port 9999 --profile-name 2_5G
[11:44:02] Starting postcopy migration...
[11:44:02] Source: edge-node-1, Dest: edge-node-2
[11:44:02] Transfer mode: host
[11:44:02] Relay node: edge-host-1

[11:44:02] === POST-COPY (LAZY-PAGES) MIGRATION ===
[11:44:02] Step 1: Checking source process...
[11:44:02]   Using PID from /home/ubuntu/gol.pid: 70468
[11:44:04]   Page-server endpoint: 10.138.215.218:9999
[11:44:04] Step 2: Final dump (freezing service) with --lazy-pages...
[11:44:04]   Dump PID: 70900
[11:44:05]   Dump init time (approx freeze duration): 1038 ms
[11:44:05] Step 3: Page-server ready on source (served by dump process)
[11:44:05] Step 4: Creating archive...
[11:44:05]   Archive size: 23315 bytes
[11:44:05] Step 5: Transferring archive...
  Transferring /home/ubuntu/CRIU-gol.tar.gz via relay node edge-host-1...
Setting up SSH trust: edge-node-1 → ubuntu@10.138.215.36
  Adding public key to destination's authorized_keys...
  Testing SSH connectivity...
  ✓ SSH trust ready
Setting up SSH trust: edge-host-1 → ubuntu@10.138.215.137
  Adding public key to destination's authorized_keys...
  Testing SSH connectivity...
  ✓ SSH trust ready
[11:44:13]   Transfer time: 7917 ms
[11:44:13] Step 6: Unpacking on destination...
[11:44:14] Step 6.8: Ensuring /tmp/gol binary is present on destination...
[11:44:14] Step 7: Starting lazy-pages daemon on destination...
[11:44:15]   Lazy-pages PID: 74876
[11:44:15] Step 8: Restoring process...
[11:44:15]   Restore time: 359 ms
[11:44:16]   Restored PID: 70468 (written to /home/ubuntu/gol.pid)
[11:44:17] Step 9: Verifying migration...
[11:44:23] ✓ gol.out updated after migration (mtime 1777628659 → 1777628662), simulation running!
[11:44:23] Total downtime: 9314 ms (dump: 1038 + transfer: 7917 + restore: 359)
[11:44:24] Metrics saved to /home/ivo/Evaluation-of-Live-Migration-Strategies-at-the-Edge/Game-of-life-migration/metrics/migration_metrics.csv
[exit=0]

$ python3 /home/ivo/Evaluation-of-Live-Migration-Strategies-at-the-Edge/Game-of-life-migration/scripts/setup/reset_nodes.py edge-node-1 edge-node-2
[11:44:24] Resetting nodes: edge-node-1 -> edge-node-2
[11:44:24] Step 1: Killing any existing processes on source...
[11:44:24]   Killing PID 70468 (from /home/ubuntu/app.pid)
[11:44:25]   Killing PID 70468 (from /home/ubuntu/gol.pid)
[11:44:26]   Killing any remaining background processes...
[11:44:27] Step 2: Cleaning source node...
[11:44:28] Step 3: Cleaning destination node...
[11:44:29]   Killing PID 70468 on destination (from /home/ubuntu/app.pid)
[11:44:29]   Killing PID 70468 on destination (from /home/ubuntu/gol.pid)
[11:44:30]   Killing all remaining gol processes on destination...
[11:44:33] ✓ Reset complete, nodes are clean
[11:44:33]   Next: Start your application
[exit=0]

$ bash /home/ivo/Evaluation-of-Live-Migration-Strategies-at-the-Edge/Game-of-life-migration/scripts/workloads/start_gol_c.sh edge-node-1
[11:44:33] Ensuring gol binary on edge-node-1...
[11:44:33] Reusing existing /tmp/gol on edge-node-1
[11:44:33] Starting gol on edge-node-1...
[11:44:35] ✓ Gol started
[exit=0]
[repeat] warmup 2s

$ python3 /home/ivo/Evaluation-of-Live-Migration-Strategies-at-the-Edge/Game-of-life-migration/scripts/orchestrators/criu_benchmark.py postcopy --source edge-node-1 --dest edge-node-2 --transfer-mode host --run-id 01-05-2026-host-postcopy-0045 --relay-node edge-host-1 --page-server-port 9999 --profile-name 2_5G
[11:44:37] Starting postcopy migration...
[11:44:37] Source: edge-node-1, Dest: edge-node-2
[11:44:37] Transfer mode: host
[11:44:37] Relay node: edge-host-1

[11:44:37] === POST-COPY (LAZY-PAGES) MIGRATION ===
[11:44:37] Step 1: Checking source process...
[11:44:38]   Using PID from /home/ubuntu/gol.pid: 72201
[11:44:39]   Page-server endpoint: 10.138.215.218:9999
[11:44:39] Step 2: Final dump (freezing service) with --lazy-pages...
[11:44:40]   Dump PID: 72625
[11:44:40]   Dump init time (approx freeze duration): 1142 ms
[11:44:40] Step 3: Page-server ready on source (served by dump process)
[11:44:40] Step 4: Creating archive...
[11:44:41]   Archive size: 23254 bytes
[11:44:41] Step 5: Transferring archive...
  Transferring /home/ubuntu/CRIU-gol.tar.gz via relay node edge-host-1...
Setting up SSH trust: edge-node-1 → ubuntu@10.138.215.36
  Adding public key to destination's authorized_keys...
  Testing SSH connectivity...
  ✓ SSH trust ready
Setting up SSH trust: edge-host-1 → ubuntu@10.138.215.137
  Adding public key to destination's authorized_keys...
  Testing SSH connectivity...
  ✓ SSH trust ready
[11:44:48]   Transfer time: 7458 ms
[11:44:48] Step 6: Unpacking on destination...
[11:44:49] Step 6.8: Ensuring /tmp/gol binary is present on destination...
[11:44:49] Step 7: Starting lazy-pages daemon on destination...
[11:44:50]   Lazy-pages PID: 76697
[11:44:50] Step 8: Restoring process...
[11:44:50]   Restore time: 381 ms
[11:44:51]   Restored PID: 72201 (written to /home/ubuntu/gol.pid)
[11:44:52] Step 9: Verifying migration...
[11:44:58] ✓ gol.out updated after migration (mtime 1777628695 → 1777628697), simulation running!
[11:44:58] Total downtime: 8981 ms (dump: 1142 + transfer: 7458 + restore: 381)
[11:45:00] Metrics saved to /home/ivo/Evaluation-of-Live-Migration-Strategies-at-the-Edge/Game-of-life-migration/metrics/migration_metrics.csv
[exit=0]

$ python3 /home/ivo/Evaluation-of-Live-Migration-Strategies-at-the-Edge/Game-of-life-migration/scripts/setup/reset_nodes.py edge-node-1 edge-node-2
[11:45:00] Resetting nodes: edge-node-1 -> edge-node-2
[11:45:00] Step 1: Killing any existing processes on source...
[11:45:00]   Killing PID 72201 (from /home/ubuntu/app.pid)
[11:45:01]   Killing PID 72201 (from /home/ubuntu/gol.pid)
[11:45:01]   Killing any remaining background processes...
[11:45:03] Step 2: Cleaning source node...
[11:45:04] Step 3: Cleaning destination node...
[11:45:04]   Killing PID 72201 on destination (from /home/ubuntu/app.pid)
[11:45:05]   Killing PID 72201 on destination (from /home/ubuntu/gol.pid)
[11:45:05]   Killing all remaining gol processes on destination...
[11:45:09] ✓ Reset complete, nodes are clean
[11:45:09]   Next: Start your application
[exit=0]

$ bash /home/ivo/Evaluation-of-Live-Migration-Strategies-at-the-Edge/Game-of-life-migration/scripts/workloads/start_gol_c.sh edge-node-1
[11:45:09] Ensuring gol binary on edge-node-1...
[11:45:09] Reusing existing /tmp/gol on edge-node-1
[11:45:09] Starting gol on edge-node-1...
[11:45:10] ✓ Gol started
[exit=0]
[repeat] warmup 2s

$ python3 /home/ivo/Evaluation-of-Live-Migration-Strategies-at-the-Edge/Game-of-life-migration/scripts/orchestrators/criu_benchmark.py postcopy --source edge-node-1 --dest edge-node-2 --transfer-mode host --run-id 01-05-2026-host-postcopy-0046 --relay-node edge-host-1 --page-server-port 9999 --profile-name 2_5G
[11:45:13] Starting postcopy migration...
[11:45:13] Source: edge-node-1, Dest: edge-node-2
[11:45:13] Transfer mode: host
[11:45:13] Relay node: edge-host-1

[11:45:13] === POST-COPY (LAZY-PAGES) MIGRATION ===
[11:45:13] Step 1: Checking source process...
[11:45:13]   Using PID from /home/ubuntu/gol.pid: 73936
[11:45:15]   Page-server endpoint: 10.138.215.218:9999
[11:45:15] Step 2: Final dump (freezing service) with --lazy-pages...
[11:45:15]   Dump PID: 74368
[11:45:16]   Dump init time (approx freeze duration): 1064 ms
[11:45:16] Step 3: Page-server ready on source (served by dump process)
[11:45:16] Step 4: Creating archive...
[11:45:17]   Archive size: 23355 bytes
[11:45:17] Step 5: Transferring archive...
  Transferring /home/ubuntu/CRIU-gol.tar.gz via relay node edge-host-1...
Setting up SSH trust: edge-node-1 → ubuntu@10.138.215.36
  Adding public key to destination's authorized_keys...
  Testing SSH connectivity...
  ✓ SSH trust ready
Setting up SSH trust: edge-host-1 → ubuntu@10.138.215.137
  Adding public key to destination's authorized_keys...
  Testing SSH connectivity...
  ✓ SSH trust ready
[11:45:24]   Transfer time: 7780 ms
[11:45:24] Step 6: Unpacking on destination...
[11:45:25] Step 6.8: Ensuring /tmp/gol binary is present on destination...
[11:45:25] Step 7: Starting lazy-pages daemon on destination...
[11:45:26]   Lazy-pages PID: 78521
[11:45:26] Step 8: Restoring process...
[11:45:26]   Restore time: 402 ms
[11:45:27]   Restored PID: 73936 (written to /home/ubuntu/gol.pid)
[11:45:28] Step 9: Verifying migration...
[11:45:34] ✓ gol.out updated after migration (mtime 1777628731 → 1777628733), simulation running!
[11:45:34] Total downtime: 9246 ms (dump: 1064 + transfer: 7780 + restore: 402)
[11:45:35] Metrics saved to /home/ivo/Evaluation-of-Live-Migration-Strategies-at-the-Edge/Game-of-life-migration/metrics/migration_metrics.csv
[exit=0]

$ python3 /home/ivo/Evaluation-of-Live-Migration-Strategies-at-the-Edge/Game-of-life-migration/scripts/setup/reset_nodes.py edge-node-1 edge-node-2
[11:45:35] Resetting nodes: edge-node-1 -> edge-node-2
[11:45:35] Step 1: Killing any existing processes on source...
[11:45:35]   Killing PID 73936 (from /home/ubuntu/app.pid)
[11:45:36]   Killing PID 73936 (from /home/ubuntu/gol.pid)
[11:45:37]   Killing any remaining background processes...
[11:45:38] Step 2: Cleaning source node...
[11:45:39] Step 3: Cleaning destination node...
[11:45:40]   Killing PID 73936 on destination (from /home/ubuntu/app.pid)
[11:45:40]   Killing PID 73936 on destination (from /home/ubuntu/gol.pid)
[11:45:41]   Killing all remaining gol processes on destination...
[11:45:44] ✓ Reset complete, nodes are clean
[11:45:44]   Next: Start your application
[exit=0]

$ bash /home/ivo/Evaluation-of-Live-Migration-Strategies-at-the-Edge/Game-of-life-migration/scripts/workloads/start_gol_c.sh edge-node-1
[11:45:44] Ensuring gol binary on edge-node-1...
[11:45:44] Reusing existing /tmp/gol on edge-node-1
[11:45:44] Starting gol on edge-node-1...
[11:45:46] ✓ Gol started
[exit=0]
[repeat] warmup 2s

$ python3 /home/ivo/Evaluation-of-Live-Migration-Strategies-at-the-Edge/Game-of-life-migration/scripts/orchestrators/criu_benchmark.py postcopy --source edge-node-1 --dest edge-node-2 --transfer-mode host --run-id 01-05-2026-host-postcopy-0047 --relay-node edge-host-1 --page-server-port 9999 --profile-name 2_5G
[11:45:48] Starting postcopy migration...
[11:45:48] Source: edge-node-1, Dest: edge-node-2
[11:45:48] Transfer mode: host
[11:45:48] Relay node: edge-host-1

[11:45:48] === POST-COPY (LAZY-PAGES) MIGRATION ===
[11:45:48] Step 1: Checking source process...
[11:45:49]   Using PID from /home/ubuntu/gol.pid: 75667
[11:45:50]   Page-server endpoint: 10.138.215.218:9999
[11:45:50] Step 2: Final dump (freezing service) with --lazy-pages...
[11:45:50]   Dump PID: 76091
[11:45:51]   Dump init time (approx freeze duration): 1033 ms
[11:45:51] Step 3: Page-server ready on source (served by dump process)
[11:45:51] Step 4: Creating archive...
[11:45:52]   Archive size: 23343 bytes
[11:45:52] Step 5: Transferring archive...
  Transferring /home/ubuntu/CRIU-gol.tar.gz via relay node edge-host-1...
Setting up SSH trust: edge-node-1 → ubuntu@10.138.215.36
  Adding public key to destination's authorized_keys...
  Testing SSH connectivity...
  ✓ SSH trust ready
Setting up SSH trust: edge-host-1 → ubuntu@10.138.215.137
  Adding public key to destination's authorized_keys...
  Testing SSH connectivity...
  ✓ SSH trust ready
[11:46:00]   Transfer time: 7806 ms
[11:46:00] Step 6: Unpacking on destination...
[11:46:00] Step 6.8: Ensuring /tmp/gol binary is present on destination...
[11:46:00] Step 7: Starting lazy-pages daemon on destination...
[11:46:01]   Lazy-pages PID: 80352
[11:46:01] Step 8: Restoring process...
[11:46:01]   Restore time: 392 ms
[11:46:02]   Restored PID: 75667 (written to /home/ubuntu/gol.pid)
[11:46:02] Step 9: Verifying migration...
[11:46:08] ✓ gol.out updated after migration (mtime 1777628765 → 1777628768), simulation running!
[11:46:08] Total downtime: 9231 ms (dump: 1033 + transfer: 7806 + restore: 392)
[11:46:09] Metrics saved to /home/ivo/Evaluation-of-Live-Migration-Strategies-at-the-Edge/Game-of-life-migration/metrics/migration_metrics.csv
[exit=0]

$ python3 /home/ivo/Evaluation-of-Live-Migration-Strategies-at-the-Edge/Game-of-life-migration/scripts/setup/reset_nodes.py edge-node-1 edge-node-2
[11:46:10] Resetting nodes: edge-node-1 -> edge-node-2
[11:46:10] Step 1: Killing any existing processes on source...
[11:46:10]   Killing PID 75667 (from /home/ubuntu/app.pid)
[11:46:11]   Killing PID 75667 (from /home/ubuntu/gol.pid)
[11:46:11]   Killing any remaining background processes...
[11:46:12] Step 2: Cleaning source node...
[11:46:13] Step 3: Cleaning destination node...
[11:46:14]   Killing PID 75667 on destination (from /home/ubuntu/app.pid)
[11:46:14]   Killing PID 75667 on destination (from /home/ubuntu/gol.pid)
[11:46:15]   Killing all remaining gol processes on destination...
[11:46:18] ✓ Reset complete, nodes are clean
[11:46:18]   Next: Start your application
[exit=0]

$ bash /home/ivo/Evaluation-of-Live-Migration-Strategies-at-the-Edge/Game-of-life-migration/scripts/workloads/start_gol_c.sh edge-node-1
[11:46:18] Ensuring gol binary on edge-node-1...
[11:46:19] Reusing existing /tmp/gol on edge-node-1
[11:46:19] Starting gol on edge-node-1...
[11:46:20] ✓ Gol started
[exit=0]
[repeat] warmup 2s

$ python3 /home/ivo/Evaluation-of-Live-Migration-Strategies-at-the-Edge/Game-of-life-migration/scripts/orchestrators/criu_benchmark.py postcopy --source edge-node-1 --dest edge-node-2 --transfer-mode host --run-id 01-05-2026-host-postcopy-0048 --relay-node edge-host-1 --page-server-port 9999 --profile-name 2_5G
[11:46:22] Starting postcopy migration...
[11:46:22] Source: edge-node-1, Dest: edge-node-2
[11:46:22] Transfer mode: host
[11:46:22] Relay node: edge-host-1

[11:46:22] === POST-COPY (LAZY-PAGES) MIGRATION ===
[11:46:22] Step 1: Checking source process...
[11:46:23]   Using PID from /home/ubuntu/gol.pid: 77399
[11:46:24]   Page-server endpoint: 10.138.215.218:9999
[11:46:24] Step 2: Final dump (freezing service) with --lazy-pages...
[11:46:25]   Dump PID: 77831
[11:46:25]   Dump init time (approx freeze duration): 1084 ms
[11:46:25] Step 3: Page-server ready on source (served by dump process)
[11:46:25] Step 4: Creating archive...
[11:46:26]   Archive size: 23158 bytes
[11:46:26] Step 5: Transferring archive...
  Transferring /home/ubuntu/CRIU-gol.tar.gz via relay node edge-host-1...
Setting up SSH trust: edge-node-1 → ubuntu@10.138.215.36
  Adding public key to destination's authorized_keys...
  Testing SSH connectivity...
  ✓ SSH trust ready
Setting up SSH trust: edge-host-1 → ubuntu@10.138.215.137
  Adding public key to destination's authorized_keys...
  Testing SSH connectivity...
  ✓ SSH trust ready
[11:46:34]   Transfer time: 8029 ms
[11:46:34] Step 6: Unpacking on destination...
[11:46:35] Step 6.8: Ensuring /tmp/gol binary is present on destination...
[11:46:35] Step 7: Starting lazy-pages daemon on destination...
[11:46:35]   Lazy-pages PID: 82113
[11:46:36] Step 8: Restoring process...
[11:46:36]   Restore time: 352 ms
[11:46:36]   Restored PID: 77399 (written to /home/ubuntu/gol.pid)
[11:46:38] Step 9: Verifying migration...
[11:46:43] ✓ gol.out updated after migration (mtime 1777628800 → 1777628803), simulation running!
[11:46:43] Total downtime: 9465 ms (dump: 1084 + transfer: 8029 + restore: 352)
[11:46:45] Metrics saved to /home/ivo/Evaluation-of-Live-Migration-Strategies-at-the-Edge/Game-of-life-migration/metrics/migration_metrics.csv
[exit=0]

$ python3 /home/ivo/Evaluation-of-Live-Migration-Strategies-at-the-Edge/Game-of-life-migration/scripts/setup/reset_nodes.py edge-node-1 edge-node-2
[11:46:45] Resetting nodes: edge-node-1 -> edge-node-2
[11:46:45] Step 1: Killing any existing processes on source...
[11:46:45]   Killing PID 77399 (from /home/ubuntu/app.pid)
[11:46:46]   Killing PID 77399 (from /home/ubuntu/gol.pid)
[11:46:47]   Killing any remaining background processes...
[11:46:48] Step 2: Cleaning source node...
[11:46:49] Step 3: Cleaning destination node...
[11:46:50]   Killing PID 77399 on destination (from /home/ubuntu/app.pid)
[11:46:50]   Killing PID 77399 on destination (from /home/ubuntu/gol.pid)
[11:46:51]   Killing all remaining gol processes on destination...
[11:46:54] ✓ Reset complete, nodes are clean
[11:46:54]   Next: Start your application
[exit=0]

$ bash /home/ivo/Evaluation-of-Live-Migration-Strategies-at-the-Edge/Game-of-life-migration/scripts/workloads/start_gol_c.sh edge-node-1
[11:46:54] Ensuring gol binary on edge-node-1...
[11:46:54] Reusing existing /tmp/gol on edge-node-1
[11:46:54] Starting gol on edge-node-1...
[11:46:56] ✓ Gol started
[exit=0]
[repeat] warmup 2s

$ python3 /home/ivo/Evaluation-of-Live-Migration-Strategies-at-the-Edge/Game-of-life-migration/scripts/orchestrators/criu_benchmark.py postcopy --source edge-node-1 --dest edge-node-2 --transfer-mode host --run-id 01-05-2026-host-postcopy-0049 --relay-node edge-host-1 --page-server-port 9999 --profile-name 2_5G
[11:46:59] Starting postcopy migration...
[11:46:59] Source: edge-node-1, Dest: edge-node-2
[11:46:59] Transfer mode: host
[11:46:59] Relay node: edge-host-1

[11:46:59] === POST-COPY (LAZY-PAGES) MIGRATION ===
[11:46:59] Step 1: Checking source process...
[11:46:59]   Using PID from /home/ubuntu/gol.pid: 79130
[11:47:00]   Page-server endpoint: 10.138.215.218:9999
[11:47:00] Step 2: Final dump (freezing service) with --lazy-pages...
[11:47:01]   Dump PID: 79554
[11:47:01]   Dump init time (approx freeze duration): 954 ms
[11:47:01] Step 3: Page-server ready on source (served by dump process)
[11:47:01] Step 4: Creating archive...
[11:47:02]   Archive size: 25214 bytes
[11:47:02] Step 5: Transferring archive...
  Transferring /home/ubuntu/CRIU-gol.tar.gz via relay node edge-host-1...
Setting up SSH trust: edge-node-1 → ubuntu@10.138.215.36
  Adding public key to destination's authorized_keys...
  Testing SSH connectivity...
  ✓ SSH trust ready
Setting up SSH trust: edge-host-1 → ubuntu@10.138.215.137
  Adding public key to destination's authorized_keys...
  Testing SSH connectivity...
  ✓ SSH trust ready
[11:47:10]   Transfer time: 7614 ms
[11:47:10] Step 6: Unpacking on destination...
[11:47:10] Step 6.8: Ensuring /tmp/gol binary is present on destination...
[11:47:10] Step 7: Starting lazy-pages daemon on destination...
[11:47:11]   Lazy-pages PID: 83942
[11:47:11] Step 8: Restoring process...
[11:47:11]   Restore time: 300 ms
[11:47:12]   Restored PID: 79130 (written to /home/ubuntu/gol.pid)
[11:47:12] Step 9: Verifying migration...
[11:47:17] ✓ gol.out updated after migration (mtime 1777628834 → 1777628837), simulation running!
[11:47:17] Total downtime: 8868 ms (dump: 954 + transfer: 7614 + restore: 300)
[11:47:19] Metrics saved to /home/ivo/Evaluation-of-Live-Migration-Strategies-at-the-Edge/Game-of-life-migration/metrics/migration_metrics.csv
[exit=0]

$ python3 /home/ivo/Evaluation-of-Live-Migration-Strategies-at-the-Edge/Game-of-life-migration/scripts/setup/reset_nodes.py edge-node-1 edge-node-2
[11:47:20] Resetting nodes: edge-node-1 -> edge-node-2
[11:47:20] Step 1: Killing any existing processes on source...
[11:47:20]   Killing PID 79130 (from /home/ubuntu/app.pid)
[11:47:21]   Killing PID 79130 (from /home/ubuntu/gol.pid)
[11:47:21]   Killing any remaining background processes...
[11:47:22] Step 2: Cleaning source node...
[11:47:23] Step 3: Cleaning destination node...
[11:47:24]   Killing PID 79130 on destination (from /home/ubuntu/app.pid)
[11:47:25]   Killing PID 79130 on destination (from /home/ubuntu/gol.pid)
[11:47:25]   Killing all remaining gol processes on destination...
[11:47:28] ✓ Reset complete, nodes are clean
[11:47:28]   Next: Start your application
[exit=0]

$ bash /home/ivo/Evaluation-of-Live-Migration-Strategies-at-the-Edge/Game-of-life-migration/scripts/workloads/start_gol_c.sh edge-node-1
[11:47:28] Ensuring gol binary on edge-node-1...
[11:47:29] Reusing existing /tmp/gol on edge-node-1
[11:47:29] Starting gol on edge-node-1...
[11:47:30] ✓ Gol started
[exit=0]
[repeat] warmup 2s

$ python3 /home/ivo/Evaluation-of-Live-Migration-Strategies-at-the-Edge/Game-of-life-migration/scripts/orchestrators/criu_benchmark.py postcopy --source edge-node-1 --dest edge-node-2 --transfer-mode direct --run-id 01-05-2026-direct-postcopy-0040 --page-server-port 9999 --profile-name 2_5G
[11:47:32] Starting postcopy migration...
[11:47:32] Source: edge-node-1, Dest: edge-node-2
[11:47:32] Transfer mode: direct

[11:47:32] === POST-COPY (LAZY-PAGES) MIGRATION ===
[11:47:32] Step 1: Checking source process...
[11:47:33]   Using PID from /home/ubuntu/gol.pid: 80862
[11:47:34]   Page-server endpoint: 10.138.215.218:9999
[11:47:34] Step 2: Final dump (freezing service) with --lazy-pages...
[11:47:35]   Dump PID: 81286
[11:47:35]   Dump init time (approx freeze duration): 1076 ms
[11:47:35] Step 3: Page-server ready on source (served by dump process)
[11:47:35] Step 4: Creating archive...
[11:47:36]   Archive size: 23239 bytes
[11:47:36] Step 5: Transferring archive...
[11:47:36]   Setting up direct SSH trust...
Setting up SSH trust: edge-node-1 → ubuntu@10.138.215.137
  Adding public key to destination's authorized_keys...
  Testing SSH connectivity...
  ✓ SSH trust ready
Setting up SSH trust: edge-node-1 → ubuntu@10.138.215.137
  Adding public key to destination's authorized_keys...
  Testing SSH connectivity...
  ✓ SSH trust ready
  Transferring /home/ubuntu/CRIU-gol.tar.gz via SCP...
[11:47:42]   Transfer time: 3577 ms
[11:47:42] Step 6: Unpacking on destination...
[11:47:42] Step 6.8: Ensuring /tmp/gol binary is present on destination...
[11:47:42] Step 7: Starting lazy-pages daemon on destination...
[11:47:43]   Lazy-pages PID: 85857
[11:47:43] Step 8: Restoring process...
[11:47:44]   Restore time: 365 ms
[11:47:44]   Restored PID: 80862 (written to /home/ubuntu/gol.pid)
[11:47:45] Step 9: Verifying migration...
[11:47:51] ✓ gol.out updated after migration (mtime 1777628869 → 1777628871), simulation running!
[11:47:51] Total downtime: 5018 ms (dump: 1076 + transfer: 3577 + restore: 365)
[11:47:52] Metrics saved to /home/ivo/Evaluation-of-Live-Migration-Strategies-at-the-Edge/Game-of-life-migration/metrics/migration_metrics.csv
[exit=0]

$ python3 /home/ivo/Evaluation-of-Live-Migration-Strategies-at-the-Edge/Game-of-life-migration/scripts/setup/reset_nodes.py edge-node-1 edge-node-2
[11:47:52] Resetting nodes: edge-node-1 -> edge-node-2
[11:47:52] Step 1: Killing any existing processes on source...
[11:47:53]   Killing PID 80862 (from /home/ubuntu/app.pid)
[11:47:53]   Killing PID 80862 (from /home/ubuntu/gol.pid)
[11:47:54]   Killing any remaining background processes...
[11:47:55] Step 2: Cleaning source node...
[11:47:57] Step 3: Cleaning destination node...
[11:47:57]   Killing PID 80862 on destination (from /home/ubuntu/app.pid)
[11:47:58]   Killing PID 80862 on destination (from /home/ubuntu/gol.pid)
[11:47:58]   Killing all remaining gol processes on destination...
[11:48:02] ✓ Reset complete, nodes are clean
[11:48:02]   Next: Start your application
[exit=0]

$ bash /home/ivo/Evaluation-of-Live-Migration-Strategies-at-the-Edge/Game-of-life-migration/scripts/workloads/start_gol_c.sh edge-node-1
[11:48:02] Ensuring gol binary on edge-node-1...
[11:48:02] Reusing existing /tmp/gol on edge-node-1
[11:48:02] Starting gol on edge-node-1...
[11:48:03] ✓ Gol started
[exit=0]
[repeat] warmup 2s

$ python3 /home/ivo/Evaluation-of-Live-Migration-Strategies-at-the-Edge/Game-of-life-migration/scripts/orchestrators/criu_benchmark.py postcopy --source edge-node-1 --dest edge-node-2 --transfer-mode direct --run-id 01-05-2026-direct-postcopy-0041 --page-server-port 9999 --profile-name 2_5G
[11:48:06] Starting postcopy migration...
[11:48:06] Source: edge-node-1, Dest: edge-node-2
[11:48:06] Transfer mode: direct

[11:48:06] === POST-COPY (LAZY-PAGES) MIGRATION ===
[11:48:06] Step 1: Checking source process...
[11:48:06]   Using PID from /home/ubuntu/gol.pid: 82685
[11:48:08]   Page-server endpoint: 10.138.215.218:9999
[11:48:08] Step 2: Final dump (freezing service) with --lazy-pages...
[11:48:08]   Dump PID: 83117
[11:48:09]   Dump init time (approx freeze duration): 994 ms
[11:48:09] Step 3: Page-server ready on source (served by dump process)
[11:48:09] Step 4: Creating archive...
[11:48:09]   Archive size: 23272 bytes
[11:48:09] Step 5: Transferring archive...
[11:48:09]   Setting up direct SSH trust...
Setting up SSH trust: edge-node-1 → ubuntu@10.138.215.137
  Adding public key to destination's authorized_keys...
  Testing SSH connectivity...
  ✓ SSH trust ready
Setting up SSH trust: edge-node-1 → ubuntu@10.138.215.137
  Adding public key to destination's authorized_keys...
  Testing SSH connectivity...
  ✓ SSH trust ready
  Transferring /home/ubuntu/CRIU-gol.tar.gz via SCP...
[11:48:15]   Transfer time: 3384 ms
[11:48:15] Step 6: Unpacking on destination...
[11:48:15] Step 6.8: Ensuring /tmp/gol binary is present on destination...
[11:48:15] Step 7: Starting lazy-pages daemon on destination...
[11:48:16]   Lazy-pages PID: 87833
[11:48:16] Step 8: Restoring process...
[11:48:17]   Restore time: 334 ms
[11:48:17]   Restored PID: 82685 (written to /home/ubuntu/gol.pid)
[11:48:18] Step 9: Verifying migration...
[11:48:24] ✓ gol.out updated after migration (mtime 1777628902 → 1777628904), simulation running!
[11:48:24] Total downtime: 4712 ms (dump: 994 + transfer: 3384 + restore: 334)
[11:48:25] Metrics saved to /home/ivo/Evaluation-of-Live-Migration-Strategies-at-the-Edge/Game-of-life-migration/metrics/migration_metrics.csv
[exit=0]

$ python3 /home/ivo/Evaluation-of-Live-Migration-Strategies-at-the-Edge/Game-of-life-migration/scripts/setup/reset_nodes.py edge-node-1 edge-node-2
[11:48:26] Resetting nodes: edge-node-1 -> edge-node-2
[11:48:26] Step 1: Killing any existing processes on source...
[11:48:26]   Killing PID 82685 (from /home/ubuntu/app.pid)
[11:48:27]   Killing PID 82685 (from /home/ubuntu/gol.pid)
[11:48:27]   Killing any remaining background processes...
[11:48:29] Step 2: Cleaning source node...
[11:48:30] Step 3: Cleaning destination node...
[11:48:30]   Killing PID 82685 on destination (from /home/ubuntu/app.pid)
[11:48:31]   Killing PID 82685 on destination (from /home/ubuntu/gol.pid)
[11:48:32]   Killing all remaining gol processes on destination...
[11:48:35] ✓ Reset complete, nodes are clean
[11:48:35]   Next: Start your application
[exit=0]

$ bash /home/ivo/Evaluation-of-Live-Migration-Strategies-at-the-Edge/Game-of-life-migration/scripts/workloads/start_gol_c.sh edge-node-1
[11:48:35] Ensuring gol binary on edge-node-1...
[11:48:35] Reusing existing /tmp/gol on edge-node-1
[11:48:35] Starting gol on edge-node-1...
[11:48:37] ✓ Gol started
[exit=0]
[repeat] warmup 2s

$ python3 /home/ivo/Evaluation-of-Live-Migration-Strategies-at-the-Edge/Game-of-life-migration/scripts/orchestrators/criu_benchmark.py postcopy --source edge-node-1 --dest edge-node-2 --transfer-mode direct --run-id 01-05-2026-direct-postcopy-0042 --page-server-port 9999 --profile-name 2_5G
[11:48:39] Starting postcopy migration...
[11:48:39] Source: edge-node-1, Dest: edge-node-2
[11:48:39] Transfer mode: direct

[11:48:39] === POST-COPY (LAZY-PAGES) MIGRATION ===
[11:48:39] Step 1: Checking source process...
[11:48:40]   Using PID from /home/ubuntu/gol.pid: 84520
[11:48:41]   Page-server endpoint: 10.138.215.218:9999
[11:48:41] Step 2: Final dump (freezing service) with --lazy-pages...
[11:48:41]   Dump PID: 84952
[11:48:42]   Dump init time (approx freeze duration): 973 ms
[11:48:42] Step 3: Page-server ready on source (served by dump process)
[11:48:42] Step 4: Creating archive...
[11:48:43]   Archive size: 23352 bytes
[11:48:43] Step 5: Transferring archive...
[11:48:43]   Setting up direct SSH trust...
Setting up SSH trust: edge-node-1 → ubuntu@10.138.215.137
  Adding public key to destination's authorized_keys...
  Testing SSH connectivity...
  ✓ SSH trust ready
Setting up SSH trust: edge-node-1 → ubuntu@10.138.215.137
  Adding public key to destination's authorized_keys...
  Testing SSH connectivity...
  ✓ SSH trust ready
  Transferring /home/ubuntu/CRIU-gol.tar.gz via SCP...
[11:48:48]   Transfer time: 3440 ms
[11:48:48] Step 6: Unpacking on destination...
[11:48:49] Step 6.8: Ensuring /tmp/gol binary is present on destination...
[11:48:49] Step 7: Starting lazy-pages daemon on destination...
[11:48:50]   Lazy-pages PID: 89802
[11:48:50] Step 8: Restoring process...
[11:48:50]   Restore time: 356 ms
[11:48:50]   Restored PID: 84520 (written to /home/ubuntu/gol.pid)
[11:48:52] Step 9: Verifying migration...
[11:48:58] ✓ gol.out updated after migration (mtime 1777628935 → 1777628937), simulation running!
[11:48:58] Total downtime: 4769 ms (dump: 973 + transfer: 3440 + restore: 356)
[11:48:59] Metrics saved to /home/ivo/Evaluation-of-Live-Migration-Strategies-at-the-Edge/Game-of-life-migration/metrics/migration_metrics.csv
[exit=0]

$ python3 /home/ivo/Evaluation-of-Live-Migration-Strategies-at-the-Edge/Game-of-life-migration/scripts/setup/reset_nodes.py edge-node-1 edge-node-2
[11:49:00] Resetting nodes: edge-node-1 -> edge-node-2
[11:49:00] Step 1: Killing any existing processes on source...
[11:49:00]   Killing PID 84520 (from /home/ubuntu/app.pid)
[11:49:01]   Killing PID 84520 (from /home/ubuntu/gol.pid)
[11:49:01]   Killing any remaining background processes...
[11:49:02] Step 2: Cleaning source node...
[11:49:04] Step 3: Cleaning destination node...
[11:49:04]   Killing PID 84520 on destination (from /home/ubuntu/app.pid)
[11:49:05]   Killing PID 84520 on destination (from /home/ubuntu/gol.pid)
[11:49:05]   Killing all remaining gol processes on destination...
[11:49:08] ✓ Reset complete, nodes are clean
[11:49:08]   Next: Start your application
[exit=0]

$ bash /home/ivo/Evaluation-of-Live-Migration-Strategies-at-the-Edge/Game-of-life-migration/scripts/workloads/start_gol_c.sh edge-node-1
[11:49:08] Ensuring gol binary on edge-node-1...
[11:49:09] Reusing existing /tmp/gol on edge-node-1
[11:49:09] Starting gol on edge-node-1...
[11:49:10] ✓ Gol started
[exit=0]
[repeat] warmup 2s

$ python3 /home/ivo/Evaluation-of-Live-Migration-Strategies-at-the-Edge/Game-of-life-migration/scripts/orchestrators/criu_benchmark.py postcopy --source edge-node-1 --dest edge-node-2 --transfer-mode direct --run-id 01-05-2026-direct-postcopy-0043 --page-server-port 9999 --profile-name 2_5G
[11:49:12] Starting postcopy migration...
[11:49:12] Source: edge-node-1, Dest: edge-node-2
[11:49:12] Transfer mode: direct

[11:49:12] === POST-COPY (LAZY-PAGES) MIGRATION ===
[11:49:12] Step 1: Checking source process...
[11:49:13]   Using PID from /home/ubuntu/gol.pid: 86355
[11:49:14]   Page-server endpoint: 10.138.215.218:9999
[11:49:14] Step 2: Final dump (freezing service) with --lazy-pages...
[11:49:15]   Dump PID: 87034
[11:49:15]   Dump init time (approx freeze duration): 938 ms
[11:49:15] Step 3: Page-server ready on source (served by dump process)
[11:49:15] Step 4: Creating archive...
[11:49:16]   Archive size: 23242 bytes
[11:49:16] Step 5: Transferring archive...
[11:49:16]   Setting up direct SSH trust...
Setting up SSH trust: edge-node-1 → ubuntu@10.138.215.137
  Adding public key to destination's authorized_keys...
  Testing SSH connectivity...
  ✓ SSH trust ready
Setting up SSH trust: edge-node-1 → ubuntu@10.138.215.137
  Adding public key to destination's authorized_keys...
  Testing SSH connectivity...
  ✓ SSH trust ready
  Transferring /home/ubuntu/CRIU-gol.tar.gz via SCP...
[11:49:21]   Transfer time: 3497 ms
[11:49:21] Step 6: Unpacking on destination...
[11:49:22] Step 6.8: Ensuring /tmp/gol binary is present on destination...
[11:49:22] Step 7: Starting lazy-pages daemon on destination...
[11:49:23]   Lazy-pages PID: 92041
[11:49:23] Step 8: Restoring process...
[11:49:23]   Restore time: 357 ms
[11:49:24]   Restored PID: 86355 (written to /home/ubuntu/gol.pid)
[11:49:25] Step 9: Verifying migration...
[11:49:31] ✓ gol.out updated after migration (mtime 1777628968 → 1777628970), simulation running!
[11:49:31] Total downtime: 4792 ms (dump: 938 + transfer: 3497 + restore: 357)
[11:49:32] Metrics saved to /home/ivo/Evaluation-of-Live-Migration-Strategies-at-the-Edge/Game-of-life-migration/metrics/migration_metrics.csv
[exit=0]

$ python3 /home/ivo/Evaluation-of-Live-Migration-Strategies-at-the-Edge/Game-of-life-migration/scripts/setup/reset_nodes.py edge-node-1 edge-node-2
[11:49:33] Resetting nodes: edge-node-1 -> edge-node-2
[11:49:33] Step 1: Killing any existing processes on source...
[11:49:33]   Killing PID 86355 (from /home/ubuntu/app.pid)
[11:49:34]   Killing PID 86355 (from /home/ubuntu/gol.pid)
[11:49:34]   Killing any remaining background processes...
[11:49:36] Step 2: Cleaning source node...
[11:49:37] Step 3: Cleaning destination node...
[11:49:37]   Killing PID 86355 on destination (from /home/ubuntu/app.pid)
[11:49:38]   Killing PID 86355 on destination (from /home/ubuntu/gol.pid)
[11:49:38]   Killing all remaining gol processes on destination...
[11:49:42] ✓ Reset complete, nodes are clean
[11:49:42]   Next: Start your application
[exit=0]

$ bash /home/ivo/Evaluation-of-Live-Migration-Strategies-at-the-Edge/Game-of-life-migration/scripts/workloads/start_gol_c.sh edge-node-1
[11:49:42] Ensuring gol binary on edge-node-1...
[11:49:42] Reusing existing /tmp/gol on edge-node-1
[11:49:42] Starting gol on edge-node-1...
[11:49:43] ✓ Gol started
[exit=0]
[repeat] warmup 2s

$ python3 /home/ivo/Evaluation-of-Live-Migration-Strategies-at-the-Edge/Game-of-life-migration/scripts/orchestrators/criu_benchmark.py postcopy --source edge-node-1 --dest edge-node-2 --transfer-mode direct --run-id 01-05-2026-direct-postcopy-0044 --page-server-port 9999 --profile-name 2_5G
[11:49:46] Starting postcopy migration...
[11:49:46] Source: edge-node-1, Dest: edge-node-2
[11:49:46] Transfer mode: direct

[11:49:46] === POST-COPY (LAZY-PAGES) MIGRATION ===
[11:49:46] Step 1: Checking source process...
[11:49:46]   Using PID from /home/ubuntu/gol.pid: 88445
[11:49:48]   Page-server endpoint: 10.138.215.218:9999
[11:49:48] Step 2: Final dump (freezing service) with --lazy-pages...
[11:49:48]   Dump PID: 88869
[11:49:49]   Dump init time (approx freeze duration): 1025 ms
[11:49:49] Step 3: Page-server ready on source (served by dump process)
[11:49:49] Step 4: Creating archive...
[11:49:49]   Archive size: 23336 bytes
[11:49:49] Step 5: Transferring archive...
[11:49:49]   Setting up direct SSH trust...
Setting up SSH trust: edge-node-1 → ubuntu@10.138.215.137
  Adding public key to destination's authorized_keys...
  Testing SSH connectivity...
  ✓ SSH trust ready
Setting up SSH trust: edge-node-1 → ubuntu@10.138.215.137
  Adding public key to destination's authorized_keys...
  Testing SSH connectivity...
  ✓ SSH trust ready
  Transferring /home/ubuntu/CRIU-gol.tar.gz via SCP...
[11:49:55]   Transfer time: 3368 ms
[11:49:55] Step 6: Unpacking on destination...
[11:49:55] Step 6.8: Ensuring /tmp/gol binary is present on destination...
[11:49:56] Step 7: Starting lazy-pages daemon on destination...
[11:49:56]   Lazy-pages PID: 94009
[11:49:56] Step 8: Restoring process...
[11:49:57]   Restore time: 338 ms
[11:49:57]   Restored PID: 88445 (written to /home/ubuntu/gol.pid)
[11:49:59] Step 9: Verifying migration...
[11:50:04] ✓ gol.out updated after migration (mtime 1777629002 → 1777629004), simulation running!
[11:50:04] Total downtime: 4731 ms (dump: 1025 + transfer: 3368 + restore: 338)
[11:50:06] Metrics saved to /home/ivo/Evaluation-of-Live-Migration-Strategies-at-the-Edge/Game-of-life-migration/metrics/migration_metrics.csv
[exit=0]

$ python3 /home/ivo/Evaluation-of-Live-Migration-Strategies-at-the-Edge/Game-of-life-migration/scripts/setup/reset_nodes.py edge-node-1 edge-node-2
[11:50:06] Resetting nodes: edge-node-1 -> edge-node-2
[11:50:06] Step 1: Killing any existing processes on source...
[11:50:06]   Killing PID 88445 (from /home/ubuntu/app.pid)
[11:50:07]   Killing PID 88445 (from /home/ubuntu/gol.pid)
[11:50:08]   Killing any remaining background processes...
[11:50:09] Step 2: Cleaning source node...
[11:50:10] Step 3: Cleaning destination node...
[11:50:10]   Killing PID 88445 on destination (from /home/ubuntu/app.pid)
[11:50:11]   Killing PID 88445 on destination (from /home/ubuntu/gol.pid)
[11:50:12]   Killing all remaining gol processes on destination...
[11:50:15] ✓ Reset complete, nodes are clean
[11:50:15]   Next: Start your application
[exit=0]

$ bash /home/ivo/Evaluation-of-Live-Migration-Strategies-at-the-Edge/Game-of-life-migration/scripts/workloads/start_gol_c.sh edge-node-1
[11:50:15] Ensuring gol binary on edge-node-1...
[11:50:15] Reusing existing /tmp/gol on edge-node-1
[11:50:15] Starting gol on edge-node-1...
[11:50:17] ✓ Gol started
[exit=0]
[repeat] warmup 2s

$ python3 /home/ivo/Evaluation-of-Live-Migration-Strategies-at-the-Edge/Game-of-life-migration/scripts/orchestrators/criu_benchmark.py postcopy --source edge-node-1 --dest edge-node-2 --transfer-mode direct --run-id 01-05-2026-direct-postcopy-0045 --page-server-port 9999 --profile-name 2_5G
[11:50:19] Starting postcopy migration...
[11:50:19] Source: edge-node-1, Dest: edge-node-2
[11:50:19] Transfer mode: direct

[11:50:19] === POST-COPY (LAZY-PAGES) MIGRATION ===
[11:50:19] Step 1: Checking source process...
[11:50:20]   Using PID from /home/ubuntu/gol.pid: 90272
[11:50:21]   Page-server endpoint: 10.138.215.218:9999
[11:50:21] Step 2: Final dump (freezing service) with --lazy-pages...
[11:50:22]   Dump PID: 90704
[11:50:22]   Dump init time (approx freeze duration): 1022 ms
[11:50:22] Step 3: Page-server ready on source (served by dump process)
[11:50:22] Step 4: Creating archive...
[11:50:23]   Archive size: 23176 bytes
[11:50:23] Step 5: Transferring archive...
[11:50:23]   Setting up direct SSH trust...
Setting up SSH trust: edge-node-1 → ubuntu@10.138.215.137
  Adding public key to destination's authorized_keys...
  Testing SSH connectivity...
  ✓ SSH trust ready
Setting up SSH trust: edge-node-1 → ubuntu@10.138.215.137
  Adding public key to destination's authorized_keys...
  Testing SSH connectivity...
  ✓ SSH trust ready
  Transferring /home/ubuntu/CRIU-gol.tar.gz via SCP...
[11:50:28]   Transfer time: 3433 ms
[11:50:28] Step 6: Unpacking on destination...
[11:50:29] Step 6.8: Ensuring /tmp/gol binary is present on destination...
[11:50:29] Step 7: Starting lazy-pages daemon on destination...
[11:50:30]   Lazy-pages PID: 95987
[11:50:30] Step 8: Restoring process...
[11:50:30]   Restore time: 365 ms
[11:50:30]   Restored PID: 90272 (written to /home/ubuntu/gol.pid)
[11:50:31] Step 9: Verifying migration...
[11:50:36] ✓ gol.out updated after migration (mtime 1777629033 → 1777629036), simulation running!
[11:50:36] Total downtime: 4820 ms (dump: 1022 + transfer: 3433 + restore: 365)
[11:50:38] Metrics saved to /home/ivo/Evaluation-of-Live-Migration-Strategies-at-the-Edge/Game-of-life-migration/metrics/migration_metrics.csv
[exit=0]

$ python3 /home/ivo/Evaluation-of-Live-Migration-Strategies-at-the-Edge/Game-of-life-migration/scripts/setup/reset_nodes.py edge-node-1 edge-node-2
[11:50:38] Resetting nodes: edge-node-1 -> edge-node-2
[11:50:38] Step 1: Killing any existing processes on source...
[11:50:39]   Killing PID 90272 (from /home/ubuntu/app.pid)
[11:50:39]   Killing PID 90272 (from /home/ubuntu/gol.pid)
[11:50:40]   Killing any remaining background processes...
[11:50:41] Step 2: Cleaning source node...
[11:50:42] Step 3: Cleaning destination node...
[11:50:43]   Killing PID 90272 on destination (from /home/ubuntu/app.pid)
[11:50:43]   Killing PID 90272 on destination (from /home/ubuntu/gol.pid)
[11:50:44]   Killing all remaining gol processes on destination...
[11:50:47] ✓ Reset complete, nodes are clean
[11:50:47]   Next: Start your application
[exit=0]

$ bash /home/ivo/Evaluation-of-Live-Migration-Strategies-at-the-Edge/Game-of-life-migration/scripts/workloads/start_gol_c.sh edge-node-1
[11:50:47] Ensuring gol binary on edge-node-1...
[11:50:48] Reusing existing /tmp/gol on edge-node-1
[11:50:48] Starting gol on edge-node-1...
[11:50:49] ✓ Gol started
[exit=0]
[repeat] warmup 2s

$ python3 /home/ivo/Evaluation-of-Live-Migration-Strategies-at-the-Edge/Game-of-life-migration/scripts/orchestrators/criu_benchmark.py postcopy --source edge-node-1 --dest edge-node-2 --transfer-mode direct --run-id 01-05-2026-direct-postcopy-0046 --page-server-port 9999 --profile-name 2_5G
[11:50:51] Starting postcopy migration...
[11:50:51] Source: edge-node-1, Dest: edge-node-2
[11:50:51] Transfer mode: direct

[11:50:51] === POST-COPY (LAZY-PAGES) MIGRATION ===
[11:50:51] Step 1: Checking source process...
[11:50:52]   Using PID from /home/ubuntu/gol.pid: 92106
[11:50:53]   Page-server endpoint: 10.138.215.218:9999
[11:50:53] Step 2: Final dump (freezing service) with --lazy-pages...
[11:50:54]   Dump PID: 92538
[11:50:54]   Dump init time (approx freeze duration): 1036 ms
[11:50:54] Step 3: Page-server ready on source (served by dump process)
[11:50:54] Step 4: Creating archive...
[11:50:55]   Archive size: 23486 bytes
[11:50:55] Step 5: Transferring archive...
[11:50:55]   Setting up direct SSH trust...
Setting up SSH trust: edge-node-1 → ubuntu@10.138.215.137
  Adding public key to destination's authorized_keys...
  Testing SSH connectivity...
  ✓ SSH trust ready
Setting up SSH trust: edge-node-1 → ubuntu@10.138.215.137
  Adding public key to destination's authorized_keys...
  Testing SSH connectivity...
  ✓ SSH trust ready
  Transferring /home/ubuntu/CRIU-gol.tar.gz via SCP...
[11:51:00]   Transfer time: 3457 ms
[11:51:00] Step 6: Unpacking on destination...
[11:51:01] Step 6.8: Ensuring /tmp/gol binary is present on destination...
[11:51:01] Step 7: Starting lazy-pages daemon on destination...
[11:51:02]   Lazy-pages PID: 97901
[11:51:02] Step 8: Restoring process...
[11:51:02]   Restore time: 360 ms
[11:51:03]   Restored PID: 92106 (written to /home/ubuntu/gol.pid)
[11:51:03] Step 9: Verifying migration...
[11:51:09] ✓ gol.out updated after migration (mtime 1777629066 → 1777629068), simulation running!
[11:51:09] Total downtime: 4853 ms (dump: 1036 + transfer: 3457 + restore: 360)
[11:51:10] Metrics saved to /home/ivo/Evaluation-of-Live-Migration-Strategies-at-the-Edge/Game-of-life-migration/metrics/migration_metrics.csv
[exit=0]

$ python3 /home/ivo/Evaluation-of-Live-Migration-Strategies-at-the-Edge/Game-of-life-migration/scripts/setup/reset_nodes.py edge-node-1 edge-node-2
[11:51:10] Resetting nodes: edge-node-1 -> edge-node-2
[11:51:10] Step 1: Killing any existing processes on source...
[11:51:11]   Killing PID 92106 (from /home/ubuntu/app.pid)
[11:51:11]   Killing PID 92106 (from /home/ubuntu/gol.pid)
[11:51:12]   Killing any remaining background processes...
[11:51:13] Step 2: Cleaning source node...
[11:51:14] Step 3: Cleaning destination node...
[11:51:15]   Killing PID 92106 on destination (from /home/ubuntu/app.pid)
[11:51:15]   Killing PID 92106 on destination (from /home/ubuntu/gol.pid)
[11:51:16]   Killing all remaining gol processes on destination...
[11:51:19] ✓ Reset complete, nodes are clean
[11:51:19]   Next: Start your application
[exit=0]

$ bash /home/ivo/Evaluation-of-Live-Migration-Strategies-at-the-Edge/Game-of-life-migration/scripts/workloads/start_gol_c.sh edge-node-1
[11:51:19] Ensuring gol binary on edge-node-1...
[11:51:19] Reusing existing /tmp/gol on edge-node-1
[11:51:19] Starting gol on edge-node-1...
[11:51:21] ✓ Gol started
[exit=0]
[repeat] warmup 2s

$ python3 /home/ivo/Evaluation-of-Live-Migration-Strategies-at-the-Edge/Game-of-life-migration/scripts/orchestrators/criu_benchmark.py postcopy --source edge-node-1 --dest edge-node-2 --transfer-mode direct --run-id 01-05-2026-direct-postcopy-0047 --page-server-port 9999 --profile-name 2_5G
[11:51:23] Starting postcopy migration...
[11:51:23] Source: edge-node-1, Dest: edge-node-2
[11:51:23] Transfer mode: direct

[11:51:23] === POST-COPY (LAZY-PAGES) MIGRATION ===
[11:51:23] Step 1: Checking source process...
[11:51:24]   Using PID from /home/ubuntu/gol.pid: 93932
[11:51:25]   Page-server endpoint: 10.138.215.218:9999
[11:51:25] Step 2: Final dump (freezing service) with --lazy-pages...
[11:51:26]   Dump PID: 94364
[11:51:26]   Dump init time (approx freeze duration): 1027 ms
[11:51:26] Step 3: Page-server ready on source (served by dump process)
[11:51:26] Step 4: Creating archive...
[11:51:27]   Archive size: 23362 bytes
[11:51:27] Step 5: Transferring archive...
[11:51:27]   Setting up direct SSH trust...
Setting up SSH trust: edge-node-1 → ubuntu@10.138.215.137
  Adding public key to destination's authorized_keys...
  Testing SSH connectivity...
  ✓ SSH trust ready
Setting up SSH trust: edge-node-1 → ubuntu@10.138.215.137
  Adding public key to destination's authorized_keys...
  Testing SSH connectivity...
  ✓ SSH trust ready
  Transferring /home/ubuntu/CRIU-gol.tar.gz via SCP...
[11:51:32]   Transfer time: 3427 ms
[11:51:32] Step 6: Unpacking on destination...
[11:51:33] Step 6.8: Ensuring /tmp/gol binary is present on destination...
[11:51:33] Step 7: Starting lazy-pages daemon on destination...
[11:51:34]   Lazy-pages PID: 99825
[11:51:34] Step 8: Restoring process...
[11:51:34]   Restore time: 366 ms
[11:51:35]   Restored PID: 93932 (written to /home/ubuntu/gol.pid)
[11:51:35] Step 9: Verifying migration...
[11:51:40] ✓ gol.out updated after migration (mtime 1777629097 → 1777629100), simulation running!
[11:51:40] Total downtime: 4820 ms (dump: 1027 + transfer: 3427 + restore: 366)
[11:51:42] Metrics saved to /home/ivo/Evaluation-of-Live-Migration-Strategies-at-the-Edge/Game-of-life-migration/metrics/migration_metrics.csv
[exit=0]

$ python3 /home/ivo/Evaluation-of-Live-Migration-Strategies-at-the-Edge/Game-of-life-migration/scripts/setup/reset_nodes.py edge-node-1 edge-node-2
[11:51:43] Resetting nodes: edge-node-1 -> edge-node-2
[11:51:43] Step 1: Killing any existing processes on source...
[11:51:43]   Killing PID 93932 (from /home/ubuntu/app.pid)
[11:51:44]   Killing PID 93932 (from /home/ubuntu/gol.pid)
[11:51:44]   Killing any remaining background processes...
[11:51:45] Step 2: Cleaning source node...
[11:51:47] Step 3: Cleaning destination node...
[11:51:47]   Killing PID 93932 on destination (from /home/ubuntu/app.pid)
[11:51:48]   Killing PID 93932 on destination (from /home/ubuntu/gol.pid)
[11:51:48]   Killing all remaining gol processes on destination...
[11:51:52] ✓ Reset complete, nodes are clean
[11:51:52]   Next: Start your application
[exit=0]

$ bash /home/ivo/Evaluation-of-Live-Migration-Strategies-at-the-Edge/Game-of-life-migration/scripts/workloads/start_gol_c.sh edge-node-1
[11:51:52] Ensuring gol binary on edge-node-1...
[11:51:52] Reusing existing /tmp/gol on edge-node-1
[11:51:52] Starting gol on edge-node-1...
[11:51:53] ✓ Gol started
[exit=0]
[repeat] warmup 2s

$ python3 /home/ivo/Evaluation-of-Live-Migration-Strategies-at-the-Edge/Game-of-life-migration/scripts/orchestrators/criu_benchmark.py postcopy --source edge-node-1 --dest edge-node-2 --transfer-mode direct --run-id 01-05-2026-direct-postcopy-0048 --page-server-port 9999 --profile-name 2_5G
[11:51:56] Starting postcopy migration...
[11:51:56] Source: edge-node-1, Dest: edge-node-2
[11:51:56] Transfer mode: direct

[11:51:56] === POST-COPY (LAZY-PAGES) MIGRATION ===
[11:51:56] Step 1: Checking source process...
[11:51:56]   Using PID from /home/ubuntu/gol.pid: 95773
[11:51:58]   Page-server endpoint: 10.138.215.218:9999
[11:51:58] Step 2: Final dump (freezing service) with --lazy-pages...
[11:51:58]   Dump PID: 96197
[11:51:59]   Dump init time (approx freeze duration): 1024 ms
[11:51:59] Step 3: Page-server ready on source (served by dump process)
[11:51:59] Step 4: Creating archive...
[11:51:59]   Archive size: 23164 bytes
[11:51:59] Step 5: Transferring archive...
[11:51:59]   Setting up direct SSH trust...
Setting up SSH trust: edge-node-1 → ubuntu@10.138.215.137
  Adding public key to destination's authorized_keys...
  Testing SSH connectivity...
  ✓ SSH trust ready
Setting up SSH trust: edge-node-1 → ubuntu@10.138.215.137
  Adding public key to destination's authorized_keys...
  Testing SSH connectivity...
  ✓ SSH trust ready
  Transferring /home/ubuntu/CRIU-gol.tar.gz via SCP...
[11:52:05]   Transfer time: 3915 ms
[11:52:05] Step 6: Unpacking on destination...
[11:52:06] Step 6.8: Ensuring /tmp/gol binary is present on destination...
[11:52:06] Step 7: Starting lazy-pages daemon on destination...
[11:52:07]   Lazy-pages PID: 101759
[11:52:07] Step 8: Restoring process...
[11:52:07]   Restore time: 370 ms
[11:52:08]   Restored PID: 95773 (written to /home/ubuntu/gol.pid)
[11:52:09] Step 9: Verifying migration...
[11:52:15] ✓ gol.out updated after migration (mtime 1777629132 → 1777629134), simulation running!
[11:52:15] Total downtime: 5309 ms (dump: 1024 + transfer: 3915 + restore: 370)
[11:52:16] Metrics saved to /home/ivo/Evaluation-of-Live-Migration-Strategies-at-the-Edge/Game-of-life-migration/metrics/migration_metrics.csv
[exit=0]

$ python3 /home/ivo/Evaluation-of-Live-Migration-Strategies-at-the-Edge/Game-of-life-migration/scripts/setup/reset_nodes.py edge-node-1 edge-node-2
[11:52:16] Resetting nodes: edge-node-1 -> edge-node-2
[11:52:16] Step 1: Killing any existing processes on source...
[11:52:17]   Killing PID 95773 (from /home/ubuntu/app.pid)
[11:52:17]   Killing PID 95773 (from /home/ubuntu/gol.pid)
[11:52:18]   Killing any remaining background processes...
[11:52:19] Step 2: Cleaning source node...
[11:52:20] Step 3: Cleaning destination node...
[11:52:21]   Killing PID 95773 on destination (from /home/ubuntu/app.pid)
[11:52:22]   Killing PID 95773 on destination (from /home/ubuntu/gol.pid)
[11:52:22]   Killing all remaining gol processes on destination...
[11:52:25] ✓ Reset complete, nodes are clean
[11:52:25]   Next: Start your application
[exit=0]

$ bash /home/ivo/Evaluation-of-Live-Migration-Strategies-at-the-Edge/Game-of-life-migration/scripts/workloads/start_gol_c.sh edge-node-1
[11:52:25] Ensuring gol binary on edge-node-1...
[11:52:26] Reusing existing /tmp/gol on edge-node-1
[11:52:26] Starting gol on edge-node-1...
[11:52:27] ✓ Gol started
[exit=0]
[repeat] warmup 2s

$ python3 /home/ivo/Evaluation-of-Live-Migration-Strategies-at-the-Edge/Game-of-life-migration/scripts/orchestrators/criu_benchmark.py postcopy --source edge-node-1 --dest edge-node-2 --transfer-mode direct --run-id 01-05-2026-direct-postcopy-0049 --page-server-port 9999 --profile-name 2_5G
[11:52:30] Starting postcopy migration...
[11:52:30] Source: edge-node-1, Dest: edge-node-2
[11:52:30] Transfer mode: direct

[11:52:30] === POST-COPY (LAZY-PAGES) MIGRATION ===
[11:52:30] Step 1: Checking source process...
[11:52:30]   Using PID from /home/ubuntu/gol.pid: 97599
[11:52:32]   Page-server endpoint: 10.138.215.218:9999
[11:52:32] Step 2: Final dump (freezing service) with --lazy-pages...
[11:52:32]   Dump PID: 98023
[11:52:33]   Dump init time (approx freeze duration): 1041 ms
[11:52:33] Step 3: Page-server ready on source (served by dump process)
[11:52:33] Step 4: Creating archive...
[11:52:33]   Archive size: 23157 bytes
[11:52:33] Step 5: Transferring archive...
[11:52:33]   Setting up direct SSH trust...
Setting up SSH trust: edge-node-1 → ubuntu@10.138.215.137
  Adding public key to destination's authorized_keys...
  Testing SSH connectivity...
  ✓ SSH trust ready
Setting up SSH trust: edge-node-1 → ubuntu@10.138.215.137
  Adding public key to destination's authorized_keys...
  Testing SSH connectivity...
  ✓ SSH trust ready
  Transferring /home/ubuntu/CRIU-gol.tar.gz via SCP...
[11:52:38]   Transfer time: 3259 ms
[11:52:38] Step 6: Unpacking on destination...
[11:52:39] Step 6.8: Ensuring /tmp/gol binary is present on destination...
[11:52:39] Step 7: Starting lazy-pages daemon on destination...
[11:52:40]   Lazy-pages PID: 103725
[11:52:40] Step 8: Restoring process...
[11:52:40]   Restore time: 397 ms
[11:52:41]   Restored PID: 97599 (written to /home/ubuntu/gol.pid)
[11:52:42] Step 9: Verifying migration...
[11:52:48] ✓ gol.out updated after migration (mtime 1777629166 → 1777629168), simulation running!
[11:52:48] Total downtime: 4697 ms (dump: 1041 + transfer: 3259 + restore: 397)
[11:52:49] Metrics saved to /home/ivo/Evaluation-of-Live-Migration-Strategies-at-the-Edge/Game-of-life-migration/metrics/migration_metrics.csv
[exit=0]
[repeat] run_ids_file=/home/ivo/Evaluation-of-Live-Migration-Strategies-at-the-Edge/Game-of-life-migration/metrics/run_logs/01-05-2026-gol-cold-precopy-postcopy-h10-d10-i3-relay-edge-host-1-snap-noplots-112022.run_ids.txt
