=== repeat_benchmarks.py 2026-05-10T23:09:42.876876 ===
base_run_id=10-05-2026-gol-cold-precopy-postcopy-h10-d10-i3-relay-edge-host-1-snap-noplots-230942
strategies=cold,precopy,postcopy workload=gol source=edge-node-1 dest=edge-node-2 host_runs=10 direct_runs=10 iterations=3 relay_node=edge-host-1 profile_name=2_5G snapshot_node_metrics=True no_plots=True

$ python3 /home/ivo/Evaluation-of-Live-Migration-Strategies-at-the-Edge/Game-of-life-migration/scripts/setup/reset_nodes.py edge-node-1 edge-node-2
[23:09:42] Resetting nodes: edge-node-1 -> edge-node-2
[23:09:42] Step 1: Killing any existing processes on source...
[23:09:43]   Killing PID 124614 (from /home/ubuntu/app.pid)
[23:09:44]   Killing PID 119812 (from /home/ubuntu/gol.pid)
[23:09:44]   Killing any remaining background processes...
[23:09:46] Step 2: Cleaning source node...
[23:09:47] Step 3: Cleaning destination node...
[23:09:47]   Killing PID 124614 on destination (from /home/ubuntu/app.pid)
[23:09:48]   Killing PID 119812 on destination (from /home/ubuntu/gol.pid)
[23:09:49]   Killing all remaining gol processes on destination...
[23:09:52] ✓ Reset complete, nodes are clean
[23:09:52]   Next: Start your application
[exit=0]

$ bash /home/ivo/Evaluation-of-Live-Migration-Strategies-at-the-Edge/Game-of-life-migration/scripts/workloads/start_gol_c.sh edge-node-1
[23:09:52] Ensuring gol binary on edge-node-1...
[23:09:52] Transferring gol.c to edge-node-1...
[23:09:53] Compiling gol.c on edge-node-1...
[23:09:53] Starting gol on edge-node-1...
[23:09:53] Grid: 2048x2048 (two uint32 grids, approx 32 MiB heap)
[23:09:53] Output mode: summary
[23:09:53] Pattern: random
[23:09:55] ✓ Gol started
[exit=0]
[repeat] warmup 2s

$ python3 /home/ivo/Evaluation-of-Live-Migration-Strategies-at-the-Edge/Game-of-life-migration/scripts/orchestrators/criu_benchmark.py cold --source edge-node-1 --dest edge-node-2 --transfer-mode host --run-id 10-05-2026-host-cold-0000 --relay-node edge-host-1 --profile-name 2_5G
[23:09:57] Starting cold migration...
[23:09:57] Source: edge-node-1, Dest: edge-node-2
[23:09:57] Transfer mode: host
[23:09:57] Relay node: edge-host-1

[23:09:57] === COLD MIGRATION ===
[23:09:57] Step 1: Checking source process...
[23:09:58]   Using PID from /home/ubuntu/gol.pid: 2715
[23:09:58]   Architecture: x86_64 (compatible)
[23:09:58] Step 2: Dumping process with CRIU...
[23:09:59]   Checkpoint time: 438 ms
[23:09:59] Step 3: Creating archive...
[23:10:00]   Archive size: 12681987 bytes
[23:10:00] Step 4: Transferring archive...
  Transferring /home/ubuntu/CRIU-gol.tar.gz via relay node edge-host-1...
Setting up SSH trust: edge-node-1 → ubuntu@10.138.215.36
  Adding public key to destination's authorized_keys...
  Testing SSH connectivity...
  ✓ SSH trust ready
Setting up SSH trust: edge-host-1 → ubuntu@10.138.215.137
  Adding public key to destination's authorized_keys...
  Testing SSH connectivity...
  ✓ SSH trust ready
[23:10:09]   Transfer time: 8622 ms
[23:10:09] Step 5: Unpacking on destination...
[23:10:10] Step 6: Preparing restore environment...
[23:10:10] Step 6.5: Ensuring /tmp/gol binary is present on destination...
[23:10:10]   /tmp/gol missing on destination, copying from source...
[23:10:11] Step 7: Restoring process...
[23:10:11]   Restore time: 488 ms
[23:10:12]   Restored PID: 2715 (written to /home/ubuntu/gol.pid)
[23:10:12] Step 8: Verifying migration...
[23:10:17] ✓ gol.out updated after migration (mtime 1778447414 → 1778447417), simulation running!
[23:10:17] Total downtime: 9548 ms
[23:10:17] Effective bandwidth: 11.77 Mbps
[23:10:17] Metrics saved to /home/ivo/Evaluation-of-Live-Migration-Strategies-at-the-Edge/Game-of-life-migration/metrics/migration_metrics.csv
[exit=0]

$ python3 /home/ivo/Evaluation-of-Live-Migration-Strategies-at-the-Edge/Game-of-life-migration/scripts/setup/reset_nodes.py edge-node-1 edge-node-2
[23:10:18] Resetting nodes: edge-node-1 -> edge-node-2
[23:10:18] Step 1: Killing any existing processes on source...
[23:10:18]   Killing PID 2715 (from /home/ubuntu/app.pid)
[23:10:19]   Killing PID 2715 (from /home/ubuntu/gol.pid)
[23:10:19]   Killing any remaining background processes...
[23:10:21] Step 2: Cleaning source node...
[23:10:22] Step 3: Cleaning destination node...
[23:10:22]   Killing PID 2715 on destination (from /home/ubuntu/app.pid)
[23:10:23]   Killing PID 2715 on destination (from /home/ubuntu/gol.pid)
[23:10:23]   Killing all remaining gol processes on destination...
[23:10:27] ✓ Reset complete, nodes are clean
[23:10:27]   Next: Start your application
[exit=0]

$ bash /home/ivo/Evaluation-of-Live-Migration-Strategies-at-the-Edge/Game-of-life-migration/scripts/workloads/start_gol_c.sh edge-node-1
[23:10:27] Ensuring gol binary on edge-node-1...
[23:10:27] Reusing existing /tmp/gol on edge-node-1
[23:10:27] Starting gol on edge-node-1...
[23:10:27] Grid: 2048x2048 (two uint32 grids, approx 32 MiB heap)
[23:10:27] Output mode: summary
[23:10:27] Pattern: random
[23:10:28] ✓ Gol started
[exit=0]
[repeat] warmup 2s

$ python3 /home/ivo/Evaluation-of-Live-Migration-Strategies-at-the-Edge/Game-of-life-migration/scripts/orchestrators/criu_benchmark.py cold --source edge-node-1 --dest edge-node-2 --transfer-mode host --run-id 10-05-2026-host-cold-0001 --relay-node edge-host-1 --profile-name 2_5G
[23:10:31] Starting cold migration...
[23:10:31] Source: edge-node-1, Dest: edge-node-2
[23:10:31] Transfer mode: host
[23:10:31] Relay node: edge-host-1

[23:10:31] === COLD MIGRATION ===
[23:10:31] Step 1: Checking source process...
[23:10:31]   Using PID from /home/ubuntu/gol.pid: 4145
[23:10:32]   Architecture: x86_64 (compatible)
[23:10:32] Step 2: Dumping process with CRIU...
[23:10:32]   Checkpoint time: 350 ms
[23:10:32] Step 3: Creating archive...
[23:10:34]   Archive size: 12681324 bytes
[23:10:34] Step 4: Transferring archive...
  Transferring /home/ubuntu/CRIU-gol.tar.gz via relay node edge-host-1...
Setting up SSH trust: edge-node-1 → ubuntu@10.138.215.36
  Adding public key to destination's authorized_keys...
  Testing SSH connectivity...
  ✓ SSH trust ready
Setting up SSH trust: edge-host-1 → ubuntu@10.138.215.137
  Adding public key to destination's authorized_keys...
  Testing SSH connectivity...
  ✓ SSH trust ready
[23:10:42]   Transfer time: 8435 ms
[23:10:42] Step 5: Unpacking on destination...
[23:10:43] Step 6: Preparing restore environment...
[23:10:43] Step 6.5: Ensuring /tmp/gol binary is present on destination...
[23:10:44] Step 7: Restoring process...
[23:10:44]   Restore time: 312 ms
[23:10:44]   Restored PID: 4145 (written to /home/ubuntu/gol.pid)
[23:10:44] Step 8: Verifying migration...
[23:10:50] ✓ gol.out updated after migration (mtime 1778447448 → 1778447449), simulation running!
[23:10:50] Total downtime: 9097 ms
[23:10:50] Effective bandwidth: 12.03 Mbps
[23:10:50] Metrics saved to /home/ivo/Evaluation-of-Live-Migration-Strategies-at-the-Edge/Game-of-life-migration/metrics/migration_metrics.csv
[exit=0]

$ python3 /home/ivo/Evaluation-of-Live-Migration-Strategies-at-the-Edge/Game-of-life-migration/scripts/setup/reset_nodes.py edge-node-1 edge-node-2
[23:10:51] Resetting nodes: edge-node-1 -> edge-node-2
[23:10:51] Step 1: Killing any existing processes on source...
[23:10:51]   Killing PID 4145 (from /home/ubuntu/app.pid)
[23:10:52]   Killing PID 4145 (from /home/ubuntu/gol.pid)
[23:10:52]   Killing any remaining background processes...
[23:10:54] Step 2: Cleaning source node...
[23:10:55] Step 3: Cleaning destination node...
[23:10:55]   Killing PID 4145 on destination (from /home/ubuntu/app.pid)
[23:10:56]   Killing PID 4145 on destination (from /home/ubuntu/gol.pid)
[23:10:56]   Killing all remaining gol processes on destination...
[23:11:00] ✓ Reset complete, nodes are clean
[23:11:00]   Next: Start your application
[exit=0]

$ bash /home/ivo/Evaluation-of-Live-Migration-Strategies-at-the-Edge/Game-of-life-migration/scripts/workloads/start_gol_c.sh edge-node-1
[23:11:00] Ensuring gol binary on edge-node-1...
[23:11:00] Reusing existing /tmp/gol on edge-node-1
[23:11:00] Starting gol on edge-node-1...
[23:11:00] Grid: 2048x2048 (two uint32 grids, approx 32 MiB heap)
[23:11:00] Output mode: summary
[23:11:00] Pattern: random
[23:11:02] ✓ Gol started
[exit=0]
[repeat] warmup 2s

$ python3 /home/ivo/Evaluation-of-Live-Migration-Strategies-at-the-Edge/Game-of-life-migration/scripts/orchestrators/criu_benchmark.py cold --source edge-node-1 --dest edge-node-2 --transfer-mode host --run-id 10-05-2026-host-cold-0002 --relay-node edge-host-1 --profile-name 2_5G
[23:11:04] Starting cold migration...
[23:11:04] Source: edge-node-1, Dest: edge-node-2
[23:11:04] Transfer mode: host
[23:11:04] Relay node: edge-host-1

[23:11:04] === COLD MIGRATION ===
[23:11:04] Step 1: Checking source process...
[23:11:04]   Using PID from /home/ubuntu/gol.pid: 5516
[23:11:05]   Architecture: x86_64 (compatible)
[23:11:05] Step 2: Dumping process with CRIU...
[23:11:05]   Checkpoint time: 332 ms
[23:11:05] Step 3: Creating archive...
[23:11:07]   Archive size: 12681457 bytes
[23:11:07] Step 4: Transferring archive...
  Transferring /home/ubuntu/CRIU-gol.tar.gz via relay node edge-host-1...
Setting up SSH trust: edge-node-1 → ubuntu@10.138.215.36
  Adding public key to destination's authorized_keys...
  Testing SSH connectivity...
  ✓ SSH trust ready
Setting up SSH trust: edge-host-1 → ubuntu@10.138.215.137
  Adding public key to destination's authorized_keys...
  Testing SSH connectivity...
  ✓ SSH trust ready
[23:11:16]   Transfer time: 8701 ms
[23:11:16] Step 5: Unpacking on destination...
[23:11:16] Step 6: Preparing restore environment...
[23:11:17] Step 6.5: Ensuring /tmp/gol binary is present on destination...
[23:11:17] Step 7: Restoring process...
[23:11:18]   Restore time: 326 ms
[23:11:18]   Restored PID: 5516 (written to /home/ubuntu/gol.pid)
[23:11:18] Step 8: Verifying migration...
[23:11:24] ✓ gol.out updated after migration (mtime 1778447480 → 1778447483), simulation running!
[23:11:24] Total downtime: 9359 ms
[23:11:24] Effective bandwidth: 11.66 Mbps
[23:11:24] Metrics saved to /home/ivo/Evaluation-of-Live-Migration-Strategies-at-the-Edge/Game-of-life-migration/metrics/migration_metrics.csv
[exit=0]

$ python3 /home/ivo/Evaluation-of-Live-Migration-Strategies-at-the-Edge/Game-of-life-migration/scripts/setup/reset_nodes.py edge-node-1 edge-node-2
[23:11:24] Resetting nodes: edge-node-1 -> edge-node-2
[23:11:24] Step 1: Killing any existing processes on source...
[23:11:24]   Killing PID 5516 (from /home/ubuntu/app.pid)
[23:11:25]   Killing PID 5516 (from /home/ubuntu/gol.pid)
[23:11:26]   Killing any remaining background processes...
[23:11:27] Step 2: Cleaning source node...
[23:11:28] Step 3: Cleaning destination node...
[23:11:28]   Killing PID 5516 on destination (from /home/ubuntu/app.pid)
[23:11:29]   Killing PID 5516 on destination (from /home/ubuntu/gol.pid)
[23:11:29]   Killing all remaining gol processes on destination...
[23:11:33] ✓ Reset complete, nodes are clean
[23:11:33]   Next: Start your application
[exit=0]

$ bash /home/ivo/Evaluation-of-Live-Migration-Strategies-at-the-Edge/Game-of-life-migration/scripts/workloads/start_gol_c.sh edge-node-1
[23:11:33] Ensuring gol binary on edge-node-1...
[23:11:33] Reusing existing /tmp/gol on edge-node-1
[23:11:33] Starting gol on edge-node-1...
[23:11:33] Grid: 2048x2048 (two uint32 grids, approx 32 MiB heap)
[23:11:33] Output mode: summary
[23:11:33] Pattern: random
[23:11:35] ✓ Gol started
[exit=0]
[repeat] warmup 2s

$ python3 /home/ivo/Evaluation-of-Live-Migration-Strategies-at-the-Edge/Game-of-life-migration/scripts/orchestrators/criu_benchmark.py cold --source edge-node-1 --dest edge-node-2 --transfer-mode host --run-id 10-05-2026-host-cold-0003 --relay-node edge-host-1 --profile-name 2_5G
[23:11:37] Starting cold migration...
[23:11:37] Source: edge-node-1, Dest: edge-node-2
[23:11:37] Transfer mode: host
[23:11:37] Relay node: edge-host-1

[23:11:37] === COLD MIGRATION ===
[23:11:37] Step 1: Checking source process...
[23:11:37]   Using PID from /home/ubuntu/gol.pid: 6869
[23:11:38]   Architecture: x86_64 (compatible)
[23:11:38] Step 2: Dumping process with CRIU...
[23:11:38]   Checkpoint time: 341 ms
[23:11:38] Step 3: Creating archive...
[23:11:40]   Archive size: 12681318 bytes
[23:11:40] Step 4: Transferring archive...
  Transferring /home/ubuntu/CRIU-gol.tar.gz via relay node edge-host-1...
Setting up SSH trust: edge-node-1 → ubuntu@10.138.215.36
  Adding public key to destination's authorized_keys...
  Testing SSH connectivity...
  ✓ SSH trust ready
Setting up SSH trust: edge-host-1 → ubuntu@10.138.215.137
  Adding public key to destination's authorized_keys...
  Testing SSH connectivity...
  ✓ SSH trust ready
[23:11:49]   Transfer time: 8456 ms
[23:11:49] Step 5: Unpacking on destination...
[23:11:50] Step 6: Preparing restore environment...
[23:11:50] Step 6.5: Ensuring /tmp/gol binary is present on destination...
[23:11:50] Step 7: Restoring process...
[23:11:51]   Restore time: 332 ms
[23:11:51]   Restored PID: 6869 (written to /home/ubuntu/gol.pid)
[23:11:51] Step 8: Verifying migration...
[23:11:57] ✓ gol.out updated after migration (mtime 1778447513 → 1778447516), simulation running!
[23:11:57] Total downtime: 9129 ms
[23:11:57] Effective bandwidth: 12.00 Mbps
[23:11:57] Metrics saved to /home/ivo/Evaluation-of-Live-Migration-Strategies-at-the-Edge/Game-of-life-migration/metrics/migration_metrics.csv
[exit=0]

$ python3 /home/ivo/Evaluation-of-Live-Migration-Strategies-at-the-Edge/Game-of-life-migration/scripts/setup/reset_nodes.py edge-node-1 edge-node-2
[23:11:57] Resetting nodes: edge-node-1 -> edge-node-2
[23:11:57] Step 1: Killing any existing processes on source...
[23:11:58]   Killing PID 6869 (from /home/ubuntu/app.pid)
[23:11:58]   Killing PID 6869 (from /home/ubuntu/gol.pid)
[23:11:59]   Killing any remaining background processes...
[23:12:00] Step 2: Cleaning source node...
[23:12:01] Step 3: Cleaning destination node...
[23:12:02]   Killing PID 6869 on destination (from /home/ubuntu/app.pid)
[23:12:02]   Killing PID 6869 on destination (from /home/ubuntu/gol.pid)
[23:12:03]   Killing all remaining gol processes on destination...
[23:12:06] ✓ Reset complete, nodes are clean
[23:12:06]   Next: Start your application
[exit=0]

$ bash /home/ivo/Evaluation-of-Live-Migration-Strategies-at-the-Edge/Game-of-life-migration/scripts/workloads/start_gol_c.sh edge-node-1
[23:12:06] Ensuring gol binary on edge-node-1...
[23:12:07] Reusing existing /tmp/gol on edge-node-1
[23:12:07] Starting gol on edge-node-1...
[23:12:07] Grid: 2048x2048 (two uint32 grids, approx 32 MiB heap)
[23:12:07] Output mode: summary
[23:12:07] Pattern: random
[23:12:08] ✓ Gol started
[exit=0]
[repeat] warmup 2s

$ python3 /home/ivo/Evaluation-of-Live-Migration-Strategies-at-the-Edge/Game-of-life-migration/scripts/orchestrators/criu_benchmark.py cold --source edge-node-1 --dest edge-node-2 --transfer-mode host --run-id 10-05-2026-host-cold-0004 --relay-node edge-host-1 --profile-name 2_5G
[23:12:10] Starting cold migration...
[23:12:10] Source: edge-node-1, Dest: edge-node-2
[23:12:10] Transfer mode: host
[23:12:10] Relay node: edge-host-1

[23:12:10] === COLD MIGRATION ===
[23:12:10] Step 1: Checking source process...
[23:12:11]   Using PID from /home/ubuntu/gol.pid: 8231
[23:12:11]   Architecture: x86_64 (compatible)
[23:12:11] Step 2: Dumping process with CRIU...
[23:12:12]   Checkpoint time: 380 ms
[23:12:12] Step 3: Creating archive...
[23:12:14]   Archive size: 12681500 bytes
[23:12:14] Step 4: Transferring archive...
  Transferring /home/ubuntu/CRIU-gol.tar.gz via relay node edge-host-1...
Setting up SSH trust: edge-node-1 → ubuntu@10.138.215.36
  Adding public key to destination's authorized_keys...
  Testing SSH connectivity...
  ✓ SSH trust ready
Setting up SSH trust: edge-host-1 → ubuntu@10.138.215.137
  Adding public key to destination's authorized_keys...
  Testing SSH connectivity...
  ✓ SSH trust ready
[23:12:22]   Transfer time: 8637 ms
[23:12:22] Step 5: Unpacking on destination...
[23:12:23] Step 6: Preparing restore environment...
[23:12:23] Step 6.5: Ensuring /tmp/gol binary is present on destination...
[23:12:24] Step 7: Restoring process...
[23:12:24]   Restore time: 334 ms
[23:12:24]   Restored PID: 8231 (written to /home/ubuntu/gol.pid)
[23:12:24] Step 8: Verifying migration...
[23:12:30] ✓ gol.out updated after migration (mtime 1778447547 → 1778447549), simulation running!
[23:12:30] Total downtime: 9351 ms
[23:12:30] Effective bandwidth: 11.75 Mbps
[23:12:30] Metrics saved to /home/ivo/Evaluation-of-Live-Migration-Strategies-at-the-Edge/Game-of-life-migration/metrics/migration_metrics.csv
[exit=0]

$ python3 /home/ivo/Evaluation-of-Live-Migration-Strategies-at-the-Edge/Game-of-life-migration/scripts/setup/reset_nodes.py edge-node-1 edge-node-2
[23:12:30] Resetting nodes: edge-node-1 -> edge-node-2
[23:12:30] Step 1: Killing any existing processes on source...
[23:12:31]   Killing PID 8231 (from /home/ubuntu/app.pid)
[23:12:31]   Killing PID 8231 (from /home/ubuntu/gol.pid)
[23:12:32]   Killing any remaining background processes...
[23:12:33] Step 2: Cleaning source node...
[23:12:34] Step 3: Cleaning destination node...
[23:12:35]   Killing PID 8231 on destination (from /home/ubuntu/app.pid)
[23:12:35]   Killing PID 8231 on destination (from /home/ubuntu/gol.pid)
[23:12:36]   Killing all remaining gol processes on destination...
[23:12:39] ✓ Reset complete, nodes are clean
[23:12:39]   Next: Start your application
[exit=0]

$ bash /home/ivo/Evaluation-of-Live-Migration-Strategies-at-the-Edge/Game-of-life-migration/scripts/workloads/start_gol_c.sh edge-node-1
[23:12:39] Ensuring gol binary on edge-node-1...
[23:12:40] Reusing existing /tmp/gol on edge-node-1
[23:12:40] Starting gol on edge-node-1...
[23:12:40] Grid: 2048x2048 (two uint32 grids, approx 32 MiB heap)
[23:12:40] Output mode: summary
[23:12:40] Pattern: random
[23:12:41] ✓ Gol started
[exit=0]
[repeat] warmup 2s

$ python3 /home/ivo/Evaluation-of-Live-Migration-Strategies-at-the-Edge/Game-of-life-migration/scripts/orchestrators/criu_benchmark.py cold --source edge-node-1 --dest edge-node-2 --transfer-mode host --run-id 10-05-2026-host-cold-0005 --relay-node edge-host-1 --profile-name 2_5G
[23:12:43] Starting cold migration...
[23:12:43] Source: edge-node-1, Dest: edge-node-2
[23:12:43] Transfer mode: host
[23:12:43] Relay node: edge-host-1

[23:12:43] === COLD MIGRATION ===
[23:12:43] Step 1: Checking source process...
[23:12:44]   Using PID from /home/ubuntu/gol.pid: 9584
[23:12:44]   Architecture: x86_64 (compatible)
[23:12:44] Step 2: Dumping process with CRIU...
[23:12:45]   Checkpoint time: 339 ms
[23:12:45] Step 3: Creating archive...
[23:12:47]   Archive size: 12681394 bytes
[23:12:47] Step 4: Transferring archive...
  Transferring /home/ubuntu/CRIU-gol.tar.gz via relay node edge-host-1...
Setting up SSH trust: edge-node-1 → ubuntu@10.138.215.36
  Adding public key to destination's authorized_keys...
  Testing SSH connectivity...
  ✓ SSH trust ready
Setting up SSH trust: edge-host-1 → ubuntu@10.138.215.137
  Adding public key to destination's authorized_keys...
  Testing SSH connectivity...
  ✓ SSH trust ready
[23:12:56]   Transfer time: 8954 ms
[23:12:56] Step 5: Unpacking on destination...
[23:12:56] Step 6: Preparing restore environment...
[23:12:57] Step 6.5: Ensuring /tmp/gol binary is present on destination...
[23:12:57] Step 7: Restoring process...
[23:12:57]   Restore time: 330 ms
[23:12:58]   Restored PID: 9584 (written to /home/ubuntu/gol.pid)
[23:12:58] Step 8: Verifying migration...
[23:13:03] ✓ gol.out updated after migration (mtime 1778447580 → 1778447582), simulation running!
[23:13:03] Total downtime: 9623 ms
[23:13:03] Effective bandwidth: 11.33 Mbps
[23:13:03] Metrics saved to /home/ivo/Evaluation-of-Live-Migration-Strategies-at-the-Edge/Game-of-life-migration/metrics/migration_metrics.csv
[exit=0]

$ python3 /home/ivo/Evaluation-of-Live-Migration-Strategies-at-the-Edge/Game-of-life-migration/scripts/setup/reset_nodes.py edge-node-1 edge-node-2
[23:13:04] Resetting nodes: edge-node-1 -> edge-node-2
[23:13:04] Step 1: Killing any existing processes on source...
[23:13:04]   Killing PID 9584 (from /home/ubuntu/app.pid)
[23:13:05]   Killing PID 9584 (from /home/ubuntu/gol.pid)
[23:13:05]   Killing any remaining background processes...
[23:13:07] Step 2: Cleaning source node...
[23:13:08] Step 3: Cleaning destination node...
[23:13:08]   Killing PID 9584 on destination (from /home/ubuntu/app.pid)
[23:13:09]   Killing PID 9584 on destination (from /home/ubuntu/gol.pid)
[23:13:09]   Killing all remaining gol processes on destination...
[23:13:13] ✓ Reset complete, nodes are clean
[23:13:13]   Next: Start your application
[exit=0]

$ bash /home/ivo/Evaluation-of-Live-Migration-Strategies-at-the-Edge/Game-of-life-migration/scripts/workloads/start_gol_c.sh edge-node-1
[23:13:13] Ensuring gol binary on edge-node-1...
[23:13:13] Reusing existing /tmp/gol on edge-node-1
[23:13:13] Starting gol on edge-node-1...
[23:13:13] Grid: 2048x2048 (two uint32 grids, approx 32 MiB heap)
[23:13:13] Output mode: summary
[23:13:13] Pattern: random
[23:13:15] ✓ Gol started
[exit=0]
[repeat] warmup 2s

$ python3 /home/ivo/Evaluation-of-Live-Migration-Strategies-at-the-Edge/Game-of-life-migration/scripts/orchestrators/criu_benchmark.py cold --source edge-node-1 --dest edge-node-2 --transfer-mode host --run-id 10-05-2026-host-cold-0006 --relay-node edge-host-1 --profile-name 2_5G
[23:13:17] Starting cold migration...
[23:13:17] Source: edge-node-1, Dest: edge-node-2
[23:13:17] Transfer mode: host
[23:13:17] Relay node: edge-host-1

[23:13:17] === COLD MIGRATION ===
[23:13:17] Step 1: Checking source process...
[23:13:17]   Using PID from /home/ubuntu/gol.pid: 10958
[23:13:18]   Architecture: x86_64 (compatible)
[23:13:18] Step 2: Dumping process with CRIU...
[23:13:18]   Checkpoint time: 354 ms
[23:13:18] Step 3: Creating archive...
[23:13:20]   Archive size: 12681327 bytes
[23:13:20] Step 4: Transferring archive...
  Transferring /home/ubuntu/CRIU-gol.tar.gz via relay node edge-host-1...
Setting up SSH trust: edge-node-1 → ubuntu@10.138.215.36
  Adding public key to destination's authorized_keys...
  Testing SSH connectivity...
  ✓ SSH trust ready
Setting up SSH trust: edge-host-1 → ubuntu@10.138.215.137
  Adding public key to destination's authorized_keys...
  Testing SSH connectivity...
  ✓ SSH trust ready
[23:13:29]   Transfer time: 8619 ms
[23:13:29] Step 5: Unpacking on destination...
[23:13:29] Step 6: Preparing restore environment...
[23:13:30] Step 6.5: Ensuring /tmp/gol binary is present on destination...
[23:13:30] Step 7: Restoring process...
[23:13:31]   Restore time: 313 ms
[23:13:31]   Restored PID: 10958 (written to /home/ubuntu/gol.pid)
[23:13:31] Step 8: Verifying migration...
[23:13:36] ✓ gol.out updated after migration (mtime 1778447613 → 1778447616), simulation running!
[23:13:36] Total downtime: 9286 ms
[23:13:36] Effective bandwidth: 11.77 Mbps
[23:13:36] Metrics saved to /home/ivo/Evaluation-of-Live-Migration-Strategies-at-the-Edge/Game-of-life-migration/metrics/migration_metrics.csv
[exit=0]

$ python3 /home/ivo/Evaluation-of-Live-Migration-Strategies-at-the-Edge/Game-of-life-migration/scripts/setup/reset_nodes.py edge-node-1 edge-node-2
[23:13:37] Resetting nodes: edge-node-1 -> edge-node-2
[23:13:37] Step 1: Killing any existing processes on source...
[23:13:37]   Killing PID 10958 (from /home/ubuntu/app.pid)
[23:13:38]   Killing PID 10958 (from /home/ubuntu/gol.pid)
[23:13:38]   Killing any remaining background processes...
[23:13:40] Step 2: Cleaning source node...
[23:13:41] Step 3: Cleaning destination node...
[23:13:41]   Killing PID 10958 on destination (from /home/ubuntu/app.pid)
[23:13:42]   Killing PID 10958 on destination (from /home/ubuntu/gol.pid)
[23:13:42]   Killing all remaining gol processes on destination...
[23:13:46] ✓ Reset complete, nodes are clean
[23:13:46]   Next: Start your application
[exit=0]

$ bash /home/ivo/Evaluation-of-Live-Migration-Strategies-at-the-Edge/Game-of-life-migration/scripts/workloads/start_gol_c.sh edge-node-1
[23:13:46] Ensuring gol binary on edge-node-1...
[23:13:46] Reusing existing /tmp/gol on edge-node-1
[23:13:46] Starting gol on edge-node-1...
[23:13:46] Grid: 2048x2048 (two uint32 grids, approx 32 MiB heap)
[23:13:46] Output mode: summary
[23:13:46] Pattern: random
[23:13:47] ✓ Gol started
[exit=0]
[repeat] warmup 2s

$ python3 /home/ivo/Evaluation-of-Live-Migration-Strategies-at-the-Edge/Game-of-life-migration/scripts/orchestrators/criu_benchmark.py cold --source edge-node-1 --dest edge-node-2 --transfer-mode host --run-id 10-05-2026-host-cold-0007 --relay-node edge-host-1 --profile-name 2_5G
[23:13:50] Starting cold migration...
[23:13:50] Source: edge-node-1, Dest: edge-node-2
[23:13:50] Transfer mode: host
[23:13:50] Relay node: edge-host-1

[23:13:50] === COLD MIGRATION ===
[23:13:50] Step 1: Checking source process...
[23:13:50]   Using PID from /home/ubuntu/gol.pid: 12312
[23:13:51]   Architecture: x86_64 (compatible)
[23:13:51] Step 2: Dumping process with CRIU...
[23:13:51]   Checkpoint time: 328 ms
[23:13:51] Step 3: Creating archive...
[23:13:53]   Archive size: 12681442 bytes
[23:13:53] Step 4: Transferring archive...
  Transferring /home/ubuntu/CRIU-gol.tar.gz via relay node edge-host-1...
Setting up SSH trust: edge-node-1 → ubuntu@10.138.215.36
  Adding public key to destination's authorized_keys...
  Testing SSH connectivity...
  ✓ SSH trust ready
Setting up SSH trust: edge-host-1 → ubuntu@10.138.215.137
  Adding public key to destination's authorized_keys...
  Testing SSH connectivity...
  ✓ SSH trust ready
[23:14:02]   Transfer time: 8442 ms
[23:14:02] Step 5: Unpacking on destination...
[23:14:02] Step 6: Preparing restore environment...
[23:14:03] Step 6.5: Ensuring /tmp/gol binary is present on destination...
[23:14:03] Step 7: Restoring process...
[23:14:04]   Restore time: 328 ms
[23:14:04]   Restored PID: 12312 (written to /home/ubuntu/gol.pid)
[23:14:04] Step 8: Verifying migration...
[23:14:09] ✓ gol.out updated after migration (mtime 1778447646 → 1778447649), simulation running!
[23:14:09] Total downtime: 9098 ms
[23:14:09] Effective bandwidth: 12.02 Mbps
[23:14:09] Metrics saved to /home/ivo/Evaluation-of-Live-Migration-Strategies-at-the-Edge/Game-of-life-migration/metrics/migration_metrics.csv
[exit=0]

$ python3 /home/ivo/Evaluation-of-Live-Migration-Strategies-at-the-Edge/Game-of-life-migration/scripts/setup/reset_nodes.py edge-node-1 edge-node-2
[23:14:10] Resetting nodes: edge-node-1 -> edge-node-2
[23:14:10] Step 1: Killing any existing processes on source...
[23:14:10]   Killing PID 12312 (from /home/ubuntu/app.pid)
[23:14:11]   Killing PID 12312 (from /home/ubuntu/gol.pid)
[23:14:12]   Killing any remaining background processes...
[23:14:13] Step 2: Cleaning source node...
[23:14:14] Step 3: Cleaning destination node...
[23:14:14]   Killing PID 12312 on destination (from /home/ubuntu/app.pid)
[23:14:15]   Killing PID 12312 on destination (from /home/ubuntu/gol.pid)
[23:14:16]   Killing all remaining gol processes on destination...
[23:14:19] ✓ Reset complete, nodes are clean
[23:14:19]   Next: Start your application
[exit=0]

$ bash /home/ivo/Evaluation-of-Live-Migration-Strategies-at-the-Edge/Game-of-life-migration/scripts/workloads/start_gol_c.sh edge-node-1
[23:14:19] Ensuring gol binary on edge-node-1...
[23:14:19] Reusing existing /tmp/gol on edge-node-1
[23:14:19] Starting gol on edge-node-1...
[23:14:19] Grid: 2048x2048 (two uint32 grids, approx 32 MiB heap)
[23:14:19] Output mode: summary
[23:14:19] Pattern: random
[23:14:21] ✓ Gol started
[exit=0]
[repeat] warmup 2s

$ python3 /home/ivo/Evaluation-of-Live-Migration-Strategies-at-the-Edge/Game-of-life-migration/scripts/orchestrators/criu_benchmark.py cold --source edge-node-1 --dest edge-node-2 --transfer-mode host --run-id 10-05-2026-host-cold-0008 --relay-node edge-host-1 --profile-name 2_5G
[23:14:23] Starting cold migration...
[23:14:23] Source: edge-node-1, Dest: edge-node-2
[23:14:23] Transfer mode: host
[23:14:23] Relay node: edge-host-1

[23:14:23] === COLD MIGRATION ===
[23:14:23] Step 1: Checking source process...
[23:14:24]   Using PID from /home/ubuntu/gol.pid: 13677
[23:14:24]   Architecture: x86_64 (compatible)
[23:14:24] Step 2: Dumping process with CRIU...
[23:14:25]   Checkpoint time: 362 ms
[23:14:25] Step 3: Creating archive...
[23:14:26]   Archive size: 12681495 bytes
[23:14:26] Step 4: Transferring archive...
  Transferring /home/ubuntu/CRIU-gol.tar.gz via relay node edge-host-1...
Setting up SSH trust: edge-node-1 → ubuntu@10.138.215.36
  Adding public key to destination's authorized_keys...
  Testing SSH connectivity...
  ✓ SSH trust ready
Setting up SSH trust: edge-host-1 → ubuntu@10.138.215.137
  Adding public key to destination's authorized_keys...
  Testing SSH connectivity...
  ✓ SSH trust ready
[23:14:35]   Transfer time: 8752 ms
[23:14:35] Step 5: Unpacking on destination...
[23:14:36] Step 6: Preparing restore environment...
[23:14:36] Step 6.5: Ensuring /tmp/gol binary is present on destination...
[23:14:37] Step 7: Restoring process...
[23:14:37]   Restore time: 331 ms
[23:14:37]   Restored PID: 13677 (written to /home/ubuntu/gol.pid)
[23:14:37] Step 8: Verifying migration...
[23:14:43] ✓ gol.out updated after migration (mtime 1778447680 → 1778447682), simulation running!
[23:14:43] Total downtime: 9445 ms
[23:14:43] Effective bandwidth: 11.59 Mbps
[23:14:43] Metrics saved to /home/ivo/Evaluation-of-Live-Migration-Strategies-at-the-Edge/Game-of-life-migration/metrics/migration_metrics.csv
[exit=0]

$ python3 /home/ivo/Evaluation-of-Live-Migration-Strategies-at-the-Edge/Game-of-life-migration/scripts/setup/reset_nodes.py edge-node-1 edge-node-2
[23:14:43] Resetting nodes: edge-node-1 -> edge-node-2
[23:14:43] Step 1: Killing any existing processes on source...
[23:14:44]   Killing PID 13677 (from /home/ubuntu/app.pid)
[23:14:44]   Killing PID 13677 (from /home/ubuntu/gol.pid)
[23:14:45]   Killing any remaining background processes...
[23:14:46] Step 2: Cleaning source node...
[23:14:47] Step 3: Cleaning destination node...
[23:14:48]   Killing PID 13677 on destination (from /home/ubuntu/app.pid)
[23:14:48]   Killing PID 13677 on destination (from /home/ubuntu/gol.pid)
[23:14:49]   Killing all remaining gol processes on destination...
[23:14:52] ✓ Reset complete, nodes are clean
[23:14:52]   Next: Start your application
[exit=0]

$ bash /home/ivo/Evaluation-of-Live-Migration-Strategies-at-the-Edge/Game-of-life-migration/scripts/workloads/start_gol_c.sh edge-node-1
[23:14:52] Ensuring gol binary on edge-node-1...
[23:14:53] Reusing existing /tmp/gol on edge-node-1
[23:14:53] Starting gol on edge-node-1...
[23:14:53] Grid: 2048x2048 (two uint32 grids, approx 32 MiB heap)
[23:14:53] Output mode: summary
[23:14:53] Pattern: random
[23:14:54] ✓ Gol started
[exit=0]
[repeat] warmup 2s

$ python3 /home/ivo/Evaluation-of-Live-Migration-Strategies-at-the-Edge/Game-of-life-migration/scripts/orchestrators/criu_benchmark.py cold --source edge-node-1 --dest edge-node-2 --transfer-mode host --run-id 10-05-2026-host-cold-0009 --relay-node edge-host-1 --profile-name 2_5G
[23:14:57] Starting cold migration...
[23:14:57] Source: edge-node-1, Dest: edge-node-2
[23:14:57] Transfer mode: host
[23:14:57] Relay node: edge-host-1

[23:14:57] === COLD MIGRATION ===
[23:14:57] Step 1: Checking source process...
[23:14:57]   Using PID from /home/ubuntu/gol.pid: 15032
[23:14:58]   Architecture: x86_64 (compatible)
[23:14:58] Step 2: Dumping process with CRIU...
[23:14:58]   Checkpoint time: 336 ms
[23:14:58] Step 3: Creating archive...
[23:15:00]   Archive size: 12681441 bytes
[23:15:00] Step 4: Transferring archive...
  Transferring /home/ubuntu/CRIU-gol.tar.gz via relay node edge-host-1...
Setting up SSH trust: edge-node-1 → ubuntu@10.138.215.36
  Adding public key to destination's authorized_keys...
  Testing SSH connectivity...
  ✓ SSH trust ready
Setting up SSH trust: edge-host-1 → ubuntu@10.138.215.137
  Adding public key to destination's authorized_keys...
  Testing SSH connectivity...
  ✓ SSH trust ready
[23:15:08]   Transfer time: 8313 ms
[23:15:08] Step 5: Unpacking on destination...
[23:15:09] Step 6: Preparing restore environment...
[23:15:09] Step 6.5: Ensuring /tmp/gol binary is present on destination...
[23:15:10] Step 7: Restoring process...
[23:15:10]   Restore time: 318 ms
[23:15:10]   Restored PID: 15032 (written to /home/ubuntu/gol.pid)
[23:15:10] Step 8: Verifying migration...
[23:15:16] ✓ gol.out updated after migration (mtime 1778447712 → 1778447715), simulation running!
[23:15:16] Total downtime: 8967 ms
[23:15:16] Effective bandwidth: 12.20 Mbps
[23:15:16] Metrics saved to /home/ivo/Evaluation-of-Live-Migration-Strategies-at-the-Edge/Game-of-life-migration/metrics/migration_metrics.csv
[exit=0]

$ python3 /home/ivo/Evaluation-of-Live-Migration-Strategies-at-the-Edge/Game-of-life-migration/scripts/setup/reset_nodes.py edge-node-1 edge-node-2
[23:15:17] Resetting nodes: edge-node-1 -> edge-node-2
[23:15:17] Step 1: Killing any existing processes on source...
[23:15:17]   Killing PID 15032 (from /home/ubuntu/app.pid)
[23:15:18]   Killing PID 15032 (from /home/ubuntu/gol.pid)
[23:15:18]   Killing any remaining background processes...
[23:15:19] Step 2: Cleaning source node...
[23:15:21] Step 3: Cleaning destination node...
[23:15:21]   Killing PID 15032 on destination (from /home/ubuntu/app.pid)
[23:15:22]   Killing PID 15032 on destination (from /home/ubuntu/gol.pid)
[23:15:22]   Killing all remaining gol processes on destination...
[23:15:25] ✓ Reset complete, nodes are clean
[23:15:25]   Next: Start your application
[exit=0]

$ bash /home/ivo/Evaluation-of-Live-Migration-Strategies-at-the-Edge/Game-of-life-migration/scripts/workloads/start_gol_c.sh edge-node-1
[23:15:25] Ensuring gol binary on edge-node-1...
[23:15:26] Reusing existing /tmp/gol on edge-node-1
[23:15:26] Starting gol on edge-node-1...
[23:15:26] Grid: 2048x2048 (two uint32 grids, approx 32 MiB heap)
[23:15:26] Output mode: summary
[23:15:26] Pattern: random
[23:15:27] ✓ Gol started
[exit=0]
[repeat] warmup 2s

$ python3 /home/ivo/Evaluation-of-Live-Migration-Strategies-at-the-Edge/Game-of-life-migration/scripts/orchestrators/criu_benchmark.py cold --source edge-node-1 --dest edge-node-2 --transfer-mode direct --run-id 10-05-2026-direct-cold-0000 --profile-name 2_5G
[23:15:29] Starting cold migration...
[23:15:29] Source: edge-node-1, Dest: edge-node-2
[23:15:29] Transfer mode: direct

[23:15:29] === COLD MIGRATION ===
[23:15:29] Step 1: Checking source process...
[23:15:30]   Using PID from /home/ubuntu/gol.pid: 16405
[23:15:30]   Architecture: x86_64 (compatible)
[23:15:30] Step 2: Dumping process with CRIU...
[23:15:31]   Checkpoint time: 378 ms
[23:15:31] Step 3: Creating archive...
[23:15:33]   Archive size: 12681328 bytes
[23:15:33] Step 4: Transferring archive...
[23:15:33]   Setting up direct SSH trust...
Setting up SSH trust: edge-node-1 → ubuntu@10.138.215.137
  Adding public key to destination's authorized_keys...
  Testing SSH connectivity...
  ✓ SSH trust ready
Setting up SSH trust: edge-node-1 → ubuntu@10.138.215.137
  Adding public key to destination's authorized_keys...
  Testing SSH connectivity...
  ✓ SSH trust ready
  Transferring /home/ubuntu/CRIU-gol.tar.gz via SCP...
[23:15:39]   Transfer time: 3913 ms
[23:15:39] Step 5: Unpacking on destination...
[23:15:39] Step 6: Preparing restore environment...
[23:15:40] Step 6.5: Ensuring /tmp/gol binary is present on destination...
[23:15:40] Step 7: Restoring process...
[23:15:40]   Restore time: 331 ms
[23:15:41]   Restored PID: 16405 (written to /home/ubuntu/gol.pid)
[23:15:41] Step 8: Verifying migration...
[23:15:46] ✓ gol.out updated after migration (mtime 1778447743 → 1778447745), simulation running!
[23:15:46] Total downtime: 4622 ms
[23:15:46] Effective bandwidth: 25.93 Mbps
[23:15:46] Metrics saved to /home/ivo/Evaluation-of-Live-Migration-Strategies-at-the-Edge/Game-of-life-migration/metrics/migration_metrics.csv
[exit=0]

$ python3 /home/ivo/Evaluation-of-Live-Migration-Strategies-at-the-Edge/Game-of-life-migration/scripts/setup/reset_nodes.py edge-node-1 edge-node-2
[23:15:47] Resetting nodes: edge-node-1 -> edge-node-2
[23:15:47] Step 1: Killing any existing processes on source...
[23:15:47]   Killing PID 16405 (from /home/ubuntu/app.pid)
[23:15:48]   Killing PID 16405 (from /home/ubuntu/gol.pid)
[23:15:48]   Killing any remaining background processes...
[23:15:50] Step 2: Cleaning source node...
[23:15:51] Step 3: Cleaning destination node...
[23:15:51]   Killing PID 16405 on destination (from /home/ubuntu/app.pid)
[23:15:52]   Killing PID 16405 on destination (from /home/ubuntu/gol.pid)
[23:15:53]   Killing all remaining gol processes on destination...
[23:15:56] ✓ Reset complete, nodes are clean
[23:15:56]   Next: Start your application
[exit=0]

$ bash /home/ivo/Evaluation-of-Live-Migration-Strategies-at-the-Edge/Game-of-life-migration/scripts/workloads/start_gol_c.sh edge-node-1
[23:15:56] Ensuring gol binary on edge-node-1...
[23:15:56] Reusing existing /tmp/gol on edge-node-1
[23:15:56] Starting gol on edge-node-1...
[23:15:56] Grid: 2048x2048 (two uint32 grids, approx 32 MiB heap)
[23:15:56] Output mode: summary
[23:15:56] Pattern: random
[23:15:58] ✓ Gol started
[exit=0]
[repeat] warmup 2s

$ python3 /home/ivo/Evaluation-of-Live-Migration-Strategies-at-the-Edge/Game-of-life-migration/scripts/orchestrators/criu_benchmark.py cold --source edge-node-1 --dest edge-node-2 --transfer-mode direct --run-id 10-05-2026-direct-cold-0001 --profile-name 2_5G
[23:16:00] Starting cold migration...
[23:16:00] Source: edge-node-1, Dest: edge-node-2
[23:16:00] Transfer mode: direct

[23:16:00] === COLD MIGRATION ===
[23:16:00] Step 1: Checking source process...
[23:16:01]   Using PID from /home/ubuntu/gol.pid: 17862
[23:16:01]   Architecture: x86_64 (compatible)
[23:16:01] Step 2: Dumping process with CRIU...
[23:16:01]   Checkpoint time: 351 ms
[23:16:01] Step 3: Creating archive...
[23:16:03]   Archive size: 12681502 bytes
[23:16:03] Step 4: Transferring archive...
[23:16:03]   Setting up direct SSH trust...
Setting up SSH trust: edge-node-1 → ubuntu@10.138.215.137
  Adding public key to destination's authorized_keys...
  Testing SSH connectivity...
  ✓ SSH trust ready
Setting up SSH trust: edge-node-1 → ubuntu@10.138.215.137
  Adding public key to destination's authorized_keys...
  Testing SSH connectivity...
  ✓ SSH trust ready
  Transferring /home/ubuntu/CRIU-gol.tar.gz via SCP...
[23:16:09]   Transfer time: 3681 ms
[23:16:09] Step 5: Unpacking on destination...
[23:16:10] Step 6: Preparing restore environment...
[23:16:10] Step 6.5: Ensuring /tmp/gol binary is present on destination...
[23:16:11] Step 7: Restoring process...
[23:16:11]   Restore time: 365 ms
[23:16:11]   Restored PID: 17862 (written to /home/ubuntu/gol.pid)
[23:16:11] Step 8: Verifying migration...
[23:16:17] ✓ gol.out updated after migration (mtime 1778447774 → 1778447776), simulation running!
[23:16:17] Total downtime: 4397 ms
[23:16:17] Effective bandwidth: 27.56 Mbps
[23:16:17] Metrics saved to /home/ivo/Evaluation-of-Live-Migration-Strategies-at-the-Edge/Game-of-life-migration/metrics/migration_metrics.csv
[exit=0]

$ python3 /home/ivo/Evaluation-of-Live-Migration-Strategies-at-the-Edge/Game-of-life-migration/scripts/setup/reset_nodes.py edge-node-1 edge-node-2
[23:16:18] Resetting nodes: edge-node-1 -> edge-node-2
[23:16:18] Step 1: Killing any existing processes on source...
[23:16:18]   Killing PID 17862 (from /home/ubuntu/app.pid)
[23:16:19]   Killing PID 17862 (from /home/ubuntu/gol.pid)
[23:16:19]   Killing any remaining background processes...
[23:16:20] Step 2: Cleaning source node...
[23:16:22] Step 3: Cleaning destination node...
[23:16:22]   Killing PID 17862 on destination (from /home/ubuntu/app.pid)
[23:16:23]   Killing PID 17862 on destination (from /home/ubuntu/gol.pid)
[23:16:23]   Killing all remaining gol processes on destination...
[23:16:26] ✓ Reset complete, nodes are clean
[23:16:26]   Next: Start your application
[exit=0]

$ bash /home/ivo/Evaluation-of-Live-Migration-Strategies-at-the-Edge/Game-of-life-migration/scripts/workloads/start_gol_c.sh edge-node-1
[23:16:26] Ensuring gol binary on edge-node-1...
[23:16:27] Reusing existing /tmp/gol on edge-node-1
[23:16:27] Starting gol on edge-node-1...
[23:16:27] Grid: 2048x2048 (two uint32 grids, approx 32 MiB heap)
[23:16:27] Output mode: summary
[23:16:27] Pattern: random
[23:16:28] ✓ Gol started
[exit=0]
[repeat] warmup 2s

$ python3 /home/ivo/Evaluation-of-Live-Migration-Strategies-at-the-Edge/Game-of-life-migration/scripts/orchestrators/criu_benchmark.py cold --source edge-node-1 --dest edge-node-2 --transfer-mode direct --run-id 10-05-2026-direct-cold-0002 --profile-name 2_5G
[23:16:30] Starting cold migration...
[23:16:30] Source: edge-node-1, Dest: edge-node-2
[23:16:30] Transfer mode: direct

[23:16:30] === COLD MIGRATION ===
[23:16:30] Step 1: Checking source process...
[23:16:31]   Using PID from /home/ubuntu/gol.pid: 19330
[23:16:32]   Architecture: x86_64 (compatible)
[23:16:32] Step 2: Dumping process with CRIU...
[23:16:32]   Checkpoint time: 334 ms
[23:16:32] Step 3: Creating archive...
[23:16:34]   Archive size: 12681265 bytes
[23:16:34] Step 4: Transferring archive...
[23:16:34]   Setting up direct SSH trust...
Setting up SSH trust: edge-node-1 → ubuntu@10.138.215.137
  Adding public key to destination's authorized_keys...
  Testing SSH connectivity...
  ✓ SSH trust ready
Setting up SSH trust: edge-node-1 → ubuntu@10.138.215.137
  Adding public key to destination's authorized_keys...
  Testing SSH connectivity...
  ✓ SSH trust ready
  Transferring /home/ubuntu/CRIU-gol.tar.gz via SCP...
[23:16:40]   Transfer time: 3821 ms
[23:16:40] Step 5: Unpacking on destination...
[23:16:40] Step 6: Preparing restore environment...
[23:16:41] Step 6.5: Ensuring /tmp/gol binary is present on destination...
[23:16:41] Step 7: Restoring process...
[23:16:41]   Restore time: 321 ms
[23:16:42]   Restored PID: 19330 (written to /home/ubuntu/gol.pid)
[23:16:42] Step 8: Verifying migration...
[23:16:47] ✓ gol.out updated after migration (mtime 1778447804 → 1778447806), simulation running!
[23:16:47] Total downtime: 4476 ms
[23:16:47] Effective bandwidth: 26.55 Mbps
[23:16:47] Metrics saved to /home/ivo/Evaluation-of-Live-Migration-Strategies-at-the-Edge/Game-of-life-migration/metrics/migration_metrics.csv
[exit=0]

$ python3 /home/ivo/Evaluation-of-Live-Migration-Strategies-at-the-Edge/Game-of-life-migration/scripts/setup/reset_nodes.py edge-node-1 edge-node-2
[23:16:48] Resetting nodes: edge-node-1 -> edge-node-2
[23:16:48] Step 1: Killing any existing processes on source...
[23:16:48]   Killing PID 19330 (from /home/ubuntu/app.pid)
[23:16:49]   Killing PID 19330 (from /home/ubuntu/gol.pid)
[23:16:49]   Killing any remaining background processes...
[23:16:50] Step 2: Cleaning source node...
[23:16:52] Step 3: Cleaning destination node...
[23:16:52]   Killing PID 19330 on destination (from /home/ubuntu/app.pid)
[23:16:53]   Killing PID 19330 on destination (from /home/ubuntu/gol.pid)
[23:16:53]   Killing all remaining gol processes on destination...
[23:16:57] ✓ Reset complete, nodes are clean
[23:16:57]   Next: Start your application
[exit=0]

$ bash /home/ivo/Evaluation-of-Live-Migration-Strategies-at-the-Edge/Game-of-life-migration/scripts/workloads/start_gol_c.sh edge-node-1
[23:16:57] Ensuring gol binary on edge-node-1...
[23:16:57] Reusing existing /tmp/gol on edge-node-1
[23:16:57] Starting gol on edge-node-1...
[23:16:57] Grid: 2048x2048 (two uint32 grids, approx 32 MiB heap)
[23:16:57] Output mode: summary
[23:16:57] Pattern: random
[23:16:58] ✓ Gol started
[exit=0]
[repeat] warmup 2s

$ python3 /home/ivo/Evaluation-of-Live-Migration-Strategies-at-the-Edge/Game-of-life-migration/scripts/orchestrators/criu_benchmark.py cold --source edge-node-1 --dest edge-node-2 --transfer-mode direct --run-id 10-05-2026-direct-cold-0003 --profile-name 2_5G
[23:17:01] Starting cold migration...
[23:17:01] Source: edge-node-1, Dest: edge-node-2
[23:17:01] Transfer mode: direct

[23:17:01] === COLD MIGRATION ===
[23:17:01] Step 1: Checking source process...
[23:17:01]   Using PID from /home/ubuntu/gol.pid: 20786
[23:17:02]   Architecture: x86_64 (compatible)
[23:17:02] Step 2: Dumping process with CRIU...
[23:17:02]   Checkpoint time: 363 ms
[23:17:02] Step 3: Creating archive...
[23:17:04]   Archive size: 12681483 bytes
[23:17:04] Step 4: Transferring archive...
[23:17:04]   Setting up direct SSH trust...
Setting up SSH trust: edge-node-1 → ubuntu@10.138.215.137
  Adding public key to destination's authorized_keys...
  Testing SSH connectivity...
  ✓ SSH trust ready
Setting up SSH trust: edge-node-1 → ubuntu@10.138.215.137
  Adding public key to destination's authorized_keys...
  Testing SSH connectivity...
  ✓ SSH trust ready
  Transferring /home/ubuntu/CRIU-gol.tar.gz via SCP...
[23:17:10]   Transfer time: 3839 ms
[23:17:10] Step 5: Unpacking on destination...
[23:17:11] Step 6: Preparing restore environment...
[23:17:11] Step 6.5: Ensuring /tmp/gol binary is present on destination...
[23:17:11] Step 7: Restoring process...
[23:17:12]   Restore time: 333 ms
[23:17:12]   Restored PID: 20786 (written to /home/ubuntu/gol.pid)
[23:17:12] Step 8: Verifying migration...
[23:17:18] ✓ gol.out updated after migration (mtime 1778447834 → 1778447837), simulation running!
[23:17:18] Total downtime: 4535 ms
[23:17:18] Effective bandwidth: 26.43 Mbps
[23:17:18] Metrics saved to /home/ivo/Evaluation-of-Live-Migration-Strategies-at-the-Edge/Game-of-life-migration/metrics/migration_metrics.csv
[exit=0]

$ python3 /home/ivo/Evaluation-of-Live-Migration-Strategies-at-the-Edge/Game-of-life-migration/scripts/setup/reset_nodes.py edge-node-1 edge-node-2
[23:17:18] Resetting nodes: edge-node-1 -> edge-node-2
[23:17:18] Step 1: Killing any existing processes on source...
[23:17:19]   Killing PID 20786 (from /home/ubuntu/app.pid)
[23:17:20]   Killing PID 20786 (from /home/ubuntu/gol.pid)
[23:17:20]   Killing any remaining background processes...
[23:17:21] Step 2: Cleaning source node...
[23:17:22] Step 3: Cleaning destination node...
[23:17:23]   Killing PID 20786 on destination (from /home/ubuntu/app.pid)
[23:17:23]   Killing PID 20786 on destination (from /home/ubuntu/gol.pid)
[23:17:24]   Killing all remaining gol processes on destination...
[23:17:27] ✓ Reset complete, nodes are clean
[23:17:27]   Next: Start your application
[exit=0]

$ bash /home/ivo/Evaluation-of-Live-Migration-Strategies-at-the-Edge/Game-of-life-migration/scripts/workloads/start_gol_c.sh edge-node-1
[23:17:27] Ensuring gol binary on edge-node-1...
[23:17:28] Reusing existing /tmp/gol on edge-node-1
[23:17:28] Starting gol on edge-node-1...
[23:17:28] Grid: 2048x2048 (two uint32 grids, approx 32 MiB heap)
[23:17:28] Output mode: summary
[23:17:28] Pattern: random
[23:17:29] ✓ Gol started
[exit=0]
[repeat] warmup 2s

$ python3 /home/ivo/Evaluation-of-Live-Migration-Strategies-at-the-Edge/Game-of-life-migration/scripts/orchestrators/criu_benchmark.py cold --source edge-node-1 --dest edge-node-2 --transfer-mode direct --run-id 10-05-2026-direct-cold-0004 --profile-name 2_5G
[23:17:31] Starting cold migration...
[23:17:31] Source: edge-node-1, Dest: edge-node-2
[23:17:31] Transfer mode: direct

[23:17:31] === COLD MIGRATION ===
[23:17:31] Step 1: Checking source process...
[23:17:32]   Using PID from /home/ubuntu/gol.pid: 22254
[23:17:32]   Architecture: x86_64 (compatible)
[23:17:32] Step 2: Dumping process with CRIU...
[23:17:33]   Checkpoint time: 388 ms
[23:17:33] Step 3: Creating archive...
[23:17:35]   Archive size: 12681373 bytes
[23:17:35] Step 4: Transferring archive...
[23:17:35]   Setting up direct SSH trust...
Setting up SSH trust: edge-node-1 → ubuntu@10.138.215.137
  Adding public key to destination's authorized_keys...
  Testing SSH connectivity...
  ✓ SSH trust ready
Setting up SSH trust: edge-node-1 → ubuntu@10.138.215.137
  Adding public key to destination's authorized_keys...
  Testing SSH connectivity...
  ✓ SSH trust ready
  Transferring /home/ubuntu/CRIU-gol.tar.gz via SCP...
[23:17:41]   Transfer time: 3741 ms
[23:17:41] Step 5: Unpacking on destination...
[23:17:41] Step 6: Preparing restore environment...
[23:17:42] Step 6.5: Ensuring /tmp/gol binary is present on destination...
[23:17:42] Step 7: Restoring process...
[23:17:42]   Restore time: 324 ms
[23:17:43]   Restored PID: 22254 (written to /home/ubuntu/gol.pid)
[23:17:43] Step 8: Verifying migration...
[23:17:48] ✓ gol.out updated after migration (mtime 1778447865 → 1778447867), simulation running!
[23:17:48] Total downtime: 4453 ms
[23:17:48] Effective bandwidth: 27.12 Mbps
[23:17:48] Metrics saved to /home/ivo/Evaluation-of-Live-Migration-Strategies-at-the-Edge/Game-of-life-migration/metrics/migration_metrics.csv
[exit=0]

$ python3 /home/ivo/Evaluation-of-Live-Migration-Strategies-at-the-Edge/Game-of-life-migration/scripts/setup/reset_nodes.py edge-node-1 edge-node-2
[23:17:49] Resetting nodes: edge-node-1 -> edge-node-2
[23:17:49] Step 1: Killing any existing processes on source...
[23:17:49]   Killing PID 22254 (from /home/ubuntu/app.pid)
[23:17:50]   Killing PID 22254 (from /home/ubuntu/gol.pid)
[23:17:50]   Killing any remaining background processes...
[23:17:51] Step 2: Cleaning source node...
[23:17:52] Step 3: Cleaning destination node...
[23:17:53]   Killing PID 22254 on destination (from /home/ubuntu/app.pid)
[23:17:54]   Killing PID 22254 on destination (from /home/ubuntu/gol.pid)
[23:17:54]   Killing all remaining gol processes on destination...
[23:17:58] ✓ Reset complete, nodes are clean
[23:17:58]   Next: Start your application
[exit=0]

$ bash /home/ivo/Evaluation-of-Live-Migration-Strategies-at-the-Edge/Game-of-life-migration/scripts/workloads/start_gol_c.sh edge-node-1
[23:17:58] Ensuring gol binary on edge-node-1...
[23:17:58] Reusing existing /tmp/gol on edge-node-1
[23:17:58] Starting gol on edge-node-1...
[23:17:58] Grid: 2048x2048 (two uint32 grids, approx 32 MiB heap)
[23:17:58] Output mode: summary
[23:17:58] Pattern: random
[23:17:59] ✓ Gol started
[exit=0]
[repeat] warmup 2s

$ python3 /home/ivo/Evaluation-of-Live-Migration-Strategies-at-the-Edge/Game-of-life-migration/scripts/orchestrators/criu_benchmark.py cold --source edge-node-1 --dest edge-node-2 --transfer-mode direct --run-id 10-05-2026-direct-cold-0005 --profile-name 2_5G
[23:18:02] Starting cold migration...
[23:18:02] Source: edge-node-1, Dest: edge-node-2
[23:18:02] Transfer mode: direct

[23:18:02] === COLD MIGRATION ===
[23:18:02] Step 1: Checking source process...
[23:18:02]   Using PID from /home/ubuntu/gol.pid: 23713
[23:18:03]   Architecture: x86_64 (compatible)
[23:18:03] Step 2: Dumping process with CRIU...
[23:18:03]   Checkpoint time: 368 ms
[23:18:03] Step 3: Creating archive...
[23:18:05]   Archive size: 12681227 bytes
[23:18:05] Step 4: Transferring archive...
[23:18:05]   Setting up direct SSH trust...
Setting up SSH trust: edge-node-1 → ubuntu@10.138.215.137
  Adding public key to destination's authorized_keys...
  Testing SSH connectivity...
  ✓ SSH trust ready
Setting up SSH trust: edge-node-1 → ubuntu@10.138.215.137
  Adding public key to destination's authorized_keys...
  Testing SSH connectivity...
  ✓ SSH trust ready
  Transferring /home/ubuntu/CRIU-gol.tar.gz via SCP...
[23:18:11]   Transfer time: 3969 ms
[23:18:11] Step 5: Unpacking on destination...
[23:18:12] Step 6: Preparing restore environment...
[23:18:12] Step 6.5: Ensuring /tmp/gol binary is present on destination...
[23:18:13] Step 7: Restoring process...
[23:18:13]   Restore time: 312 ms
[23:18:13]   Restored PID: 23713 (written to /home/ubuntu/gol.pid)
[23:18:13] Step 8: Verifying migration...
[23:18:19] ✓ gol.out updated after migration (mtime 1778447896 → 1778447898), simulation running!
[23:18:19] Total downtime: 4649 ms
[23:18:19] Effective bandwidth: 25.56 Mbps
[23:18:19] Metrics saved to /home/ivo/Evaluation-of-Live-Migration-Strategies-at-the-Edge/Game-of-life-migration/metrics/migration_metrics.csv
[exit=0]

$ python3 /home/ivo/Evaluation-of-Live-Migration-Strategies-at-the-Edge/Game-of-life-migration/scripts/setup/reset_nodes.py edge-node-1 edge-node-2
[23:18:20] Resetting nodes: edge-node-1 -> edge-node-2
[23:18:20] Step 1: Killing any existing processes on source...
[23:18:20]   Killing PID 23713 (from /home/ubuntu/app.pid)
[23:18:20]   Killing PID 23713 (from /home/ubuntu/gol.pid)
[23:18:21]   Killing any remaining background processes...
[23:18:22] Step 2: Cleaning source node...
[23:18:23] Step 3: Cleaning destination node...
[23:18:24]   Killing PID 23713 on destination (from /home/ubuntu/app.pid)
[23:18:24]   Killing PID 23713 on destination (from /home/ubuntu/gol.pid)
[23:18:25]   Killing all remaining gol processes on destination...
[23:18:28] ✓ Reset complete, nodes are clean
[23:18:28]   Next: Start your application
[exit=0]

$ bash /home/ivo/Evaluation-of-Live-Migration-Strategies-at-the-Edge/Game-of-life-migration/scripts/workloads/start_gol_c.sh edge-node-1
[23:18:28] Ensuring gol binary on edge-node-1...
[23:18:28] Reusing existing /tmp/gol on edge-node-1
[23:18:28] Starting gol on edge-node-1...
[23:18:28] Grid: 2048x2048 (two uint32 grids, approx 32 MiB heap)
[23:18:28] Output mode: summary
[23:18:28] Pattern: random
[23:18:30] ✓ Gol started
[exit=0]
[repeat] warmup 2s

$ python3 /home/ivo/Evaluation-of-Live-Migration-Strategies-at-the-Edge/Game-of-life-migration/scripts/orchestrators/criu_benchmark.py cold --source edge-node-1 --dest edge-node-2 --transfer-mode direct --run-id 10-05-2026-direct-cold-0006 --profile-name 2_5G
[23:18:32] Starting cold migration...
[23:18:32] Source: edge-node-1, Dest: edge-node-2
[23:18:32] Transfer mode: direct

[23:18:32] === COLD MIGRATION ===
[23:18:32] Step 1: Checking source process...
[23:18:33]   Using PID from /home/ubuntu/gol.pid: 25181
[23:18:33]   Architecture: x86_64 (compatible)
[23:18:33] Step 2: Dumping process with CRIU...
[23:18:34]   Checkpoint time: 348 ms
[23:18:34] Step 3: Creating archive...
[23:18:36]   Archive size: 12681390 bytes
[23:18:36] Step 4: Transferring archive...
[23:18:36]   Setting up direct SSH trust...
Setting up SSH trust: edge-node-1 → ubuntu@10.138.215.137
  Adding public key to destination's authorized_keys...
  Testing SSH connectivity...
  ✓ SSH trust ready
Setting up SSH trust: edge-node-1 → ubuntu@10.138.215.137
  Adding public key to destination's authorized_keys...
  Testing SSH connectivity...
  ✓ SSH trust ready
  Transferring /home/ubuntu/CRIU-gol.tar.gz via SCP...
[23:18:41]   Transfer time: 3854 ms
[23:18:41] Step 5: Unpacking on destination...
[23:18:42] Step 6: Preparing restore environment...
[23:18:42] Step 6.5: Ensuring /tmp/gol binary is present on destination...
[23:18:43] Step 7: Restoring process...
[23:18:43]   Restore time: 331 ms
[23:18:43]   Restored PID: 25181 (written to /home/ubuntu/gol.pid)
[23:18:43] Step 8: Verifying migration...
[23:18:49] ✓ gol.out updated after migration (mtime 1778447926 → 1778447928), simulation running!
[23:18:49] Total downtime: 4533 ms
[23:18:49] Effective bandwidth: 26.32 Mbps
[23:18:49] Metrics saved to /home/ivo/Evaluation-of-Live-Migration-Strategies-at-the-Edge/Game-of-life-migration/metrics/migration_metrics.csv
[exit=0]

$ python3 /home/ivo/Evaluation-of-Live-Migration-Strategies-at-the-Edge/Game-of-life-migration/scripts/setup/reset_nodes.py edge-node-1 edge-node-2
[23:18:50] Resetting nodes: edge-node-1 -> edge-node-2
[23:18:50] Step 1: Killing any existing processes on source...
[23:18:50]   Killing PID 25181 (from /home/ubuntu/app.pid)
[23:18:51]   Killing PID 25181 (from /home/ubuntu/gol.pid)
[23:18:51]   Killing any remaining background processes...
[23:18:53] Step 2: Cleaning source node...
[23:18:54] Step 3: Cleaning destination node...
[23:18:54]   Killing PID 25181 on destination (from /home/ubuntu/app.pid)
[23:18:55]   Killing PID 25181 on destination (from /home/ubuntu/gol.pid)
[23:18:56]   Killing all remaining gol processes on destination...
[23:18:59] ✓ Reset complete, nodes are clean
[23:18:59]   Next: Start your application
[exit=0]

$ bash /home/ivo/Evaluation-of-Live-Migration-Strategies-at-the-Edge/Game-of-life-migration/scripts/workloads/start_gol_c.sh edge-node-1
[23:18:59] Ensuring gol binary on edge-node-1...
[23:18:59] Reusing existing /tmp/gol on edge-node-1
[23:18:59] Starting gol on edge-node-1...
[23:18:59] Grid: 2048x2048 (two uint32 grids, approx 32 MiB heap)
[23:18:59] Output mode: summary
[23:18:59] Pattern: random
[23:19:00] ✓ Gol started
[exit=0]
[repeat] warmup 2s

$ python3 /home/ivo/Evaluation-of-Live-Migration-Strategies-at-the-Edge/Game-of-life-migration/scripts/orchestrators/criu_benchmark.py cold --source edge-node-1 --dest edge-node-2 --transfer-mode direct --run-id 10-05-2026-direct-cold-0007 --profile-name 2_5G
[23:19:03] Starting cold migration...
[23:19:03] Source: edge-node-1, Dest: edge-node-2
[23:19:03] Transfer mode: direct

[23:19:03] === COLD MIGRATION ===
[23:19:03] Step 1: Checking source process...
[23:19:03]   Using PID from /home/ubuntu/gol.pid: 26640
[23:19:04]   Architecture: x86_64 (compatible)
[23:19:04] Step 2: Dumping process with CRIU...
[23:19:04]   Checkpoint time: 340 ms
[23:19:04] Step 3: Creating archive...
[23:19:06]   Archive size: 12681521 bytes
[23:19:06] Step 4: Transferring archive...
[23:19:06]   Setting up direct SSH trust...
Setting up SSH trust: edge-node-1 → ubuntu@10.138.215.137
  Adding public key to destination's authorized_keys...
  Testing SSH connectivity...
  ✓ SSH trust ready
Setting up SSH trust: edge-node-1 → ubuntu@10.138.215.137
  Adding public key to destination's authorized_keys...
  Testing SSH connectivity...
  ✓ SSH trust ready
  Transferring /home/ubuntu/CRIU-gol.tar.gz via SCP...
[23:19:12]   Transfer time: 3894 ms
[23:19:12] Step 5: Unpacking on destination...
[23:19:13] Step 6: Preparing restore environment...
[23:19:13] Step 6.5: Ensuring /tmp/gol binary is present on destination...
[23:19:14] Step 7: Restoring process...
[23:19:14]   Restore time: 376 ms
[23:19:14]   Restored PID: 26640 (written to /home/ubuntu/gol.pid)
[23:19:14] Step 8: Verifying migration...
[23:19:20] ✓ gol.out updated after migration (mtime 1778447956 → 1778447959), simulation running!
[23:19:20] Total downtime: 4610 ms
[23:19:20] Effective bandwidth: 26.05 Mbps
[23:19:20] Metrics saved to /home/ivo/Evaluation-of-Live-Migration-Strategies-at-the-Edge/Game-of-life-migration/metrics/migration_metrics.csv
[exit=0]

$ python3 /home/ivo/Evaluation-of-Live-Migration-Strategies-at-the-Edge/Game-of-life-migration/scripts/setup/reset_nodes.py edge-node-1 edge-node-2
[23:19:20] Resetting nodes: edge-node-1 -> edge-node-2
[23:19:20] Step 1: Killing any existing processes on source...
[23:19:21]   Killing PID 26640 (from /home/ubuntu/app.pid)
[23:19:22]   Killing PID 26640 (from /home/ubuntu/gol.pid)
[23:19:22]   Killing any remaining background processes...
[23:19:23] Step 2: Cleaning source node...
[23:19:25] Step 3: Cleaning destination node...
[23:19:25]   Killing PID 26640 on destination (from /home/ubuntu/app.pid)
[23:19:26]   Killing PID 26640 on destination (from /home/ubuntu/gol.pid)
[23:19:26]   Killing all remaining gol processes on destination...
[23:19:30] ✓ Reset complete, nodes are clean
[23:19:30]   Next: Start your application
[exit=0]

$ bash /home/ivo/Evaluation-of-Live-Migration-Strategies-at-the-Edge/Game-of-life-migration/scripts/workloads/start_gol_c.sh edge-node-1
[23:19:30] Ensuring gol binary on edge-node-1...
[23:19:30] Reusing existing /tmp/gol on edge-node-1
[23:19:30] Starting gol on edge-node-1...
[23:19:30] Grid: 2048x2048 (two uint32 grids, approx 32 MiB heap)
[23:19:30] Output mode: summary
[23:19:30] Pattern: random
[23:19:31] ✓ Gol started
[exit=0]
[repeat] warmup 2s

$ python3 /home/ivo/Evaluation-of-Live-Migration-Strategies-at-the-Edge/Game-of-life-migration/scripts/orchestrators/criu_benchmark.py cold --source edge-node-1 --dest edge-node-2 --transfer-mode direct --run-id 10-05-2026-direct-cold-0008 --profile-name 2_5G
[23:19:34] Starting cold migration...
[23:19:34] Source: edge-node-1, Dest: edge-node-2
[23:19:34] Transfer mode: direct

[23:19:34] === COLD MIGRATION ===
[23:19:34] Step 1: Checking source process...
[23:19:34]   Using PID from /home/ubuntu/gol.pid: 28107
[23:19:35]   Architecture: x86_64 (compatible)
[23:19:35] Step 2: Dumping process with CRIU...
[23:19:35]   Checkpoint time: 440 ms
[23:19:35] Step 3: Creating archive...
[23:19:37]   Archive size: 12681560 bytes
[23:19:37] Step 4: Transferring archive...
[23:19:37]   Setting up direct SSH trust...
Setting up SSH trust: edge-node-1 → ubuntu@10.138.215.137
  Adding public key to destination's authorized_keys...
  Testing SSH connectivity...
  ✓ SSH trust ready
Setting up SSH trust: edge-node-1 → ubuntu@10.138.215.137
  Adding public key to destination's authorized_keys...
  Testing SSH connectivity...
  ✓ SSH trust ready
  Transferring /home/ubuntu/CRIU-gol.tar.gz via SCP...
[23:19:43]   Transfer time: 3799 ms
[23:19:43] Step 5: Unpacking on destination...
[23:19:43] Step 6: Preparing restore environment...
[23:19:44] Step 6.5: Ensuring /tmp/gol binary is present on destination...
[23:19:44] Step 7: Restoring process...
[23:19:45]   Restore time: 335 ms
[23:19:45]   Restored PID: 28107 (written to /home/ubuntu/gol.pid)
[23:19:45] Step 8: Verifying migration...
[23:19:50] ✓ gol.out updated after migration (mtime 1778447987 → 1778447990), simulation running!
[23:19:50] Total downtime: 4574 ms
[23:19:50] Effective bandwidth: 26.71 Mbps
[23:19:50] Metrics saved to /home/ivo/Evaluation-of-Live-Migration-Strategies-at-the-Edge/Game-of-life-migration/metrics/migration_metrics.csv
[exit=0]

$ python3 /home/ivo/Evaluation-of-Live-Migration-Strategies-at-the-Edge/Game-of-life-migration/scripts/setup/reset_nodes.py edge-node-1 edge-node-2
[23:19:51] Resetting nodes: edge-node-1 -> edge-node-2
[23:19:51] Step 1: Killing any existing processes on source...
[23:19:51]   Killing PID 28107 (from /home/ubuntu/app.pid)
[23:19:52]   Killing PID 28107 (from /home/ubuntu/gol.pid)
[23:19:52]   Killing any remaining background processes...
[23:19:54] Step 2: Cleaning source node...
[23:19:55] Step 3: Cleaning destination node...
[23:19:55]   Killing PID 28107 on destination (from /home/ubuntu/app.pid)
[23:19:56]   Killing PID 28107 on destination (from /home/ubuntu/gol.pid)
[23:19:57]   Killing all remaining gol processes on destination...
[23:20:00] ✓ Reset complete, nodes are clean
[23:20:00]   Next: Start your application
[exit=0]

$ bash /home/ivo/Evaluation-of-Live-Migration-Strategies-at-the-Edge/Game-of-life-migration/scripts/workloads/start_gol_c.sh edge-node-1
[23:20:00] Ensuring gol binary on edge-node-1...
[23:20:00] Reusing existing /tmp/gol on edge-node-1
[23:20:00] Starting gol on edge-node-1...
[23:20:00] Grid: 2048x2048 (two uint32 grids, approx 32 MiB heap)
[23:20:00] Output mode: summary
[23:20:00] Pattern: random
[23:20:02] ✓ Gol started
[exit=0]
[repeat] warmup 2s

$ python3 /home/ivo/Evaluation-of-Live-Migration-Strategies-at-the-Edge/Game-of-life-migration/scripts/orchestrators/criu_benchmark.py cold --source edge-node-1 --dest edge-node-2 --transfer-mode direct --run-id 10-05-2026-direct-cold-0009 --profile-name 2_5G
[23:20:04] Starting cold migration...
[23:20:04] Source: edge-node-1, Dest: edge-node-2
[23:20:04] Transfer mode: direct

[23:20:04] === COLD MIGRATION ===
[23:20:04] Step 1: Checking source process...
[23:20:05]   Using PID from /home/ubuntu/gol.pid: 29567
[23:20:05]   Architecture: x86_64 (compatible)
[23:20:05] Step 2: Dumping process with CRIU...
[23:20:05]   Checkpoint time: 371 ms
[23:20:05] Step 3: Creating archive...
[23:20:07]   Archive size: 12681260 bytes
[23:20:07] Step 4: Transferring archive...
[23:20:07]   Setting up direct SSH trust...
Setting up SSH trust: edge-node-1 → ubuntu@10.138.215.137
  Adding public key to destination's authorized_keys...
  Testing SSH connectivity...
  ✓ SSH trust ready
Setting up SSH trust: edge-node-1 → ubuntu@10.138.215.137
  Adding public key to destination's authorized_keys...
  Testing SSH connectivity...
  ✓ SSH trust ready
  Transferring /home/ubuntu/CRIU-gol.tar.gz via SCP...
[23:20:13]   Transfer time: 3916 ms
[23:20:13] Step 5: Unpacking on destination...
[23:20:14] Step 6: Preparing restore environment...
[23:20:14] Step 6.5: Ensuring /tmp/gol binary is present on destination...
[23:20:15] Step 7: Restoring process...
[23:20:15]   Restore time: 354 ms
[23:20:15]   Restored PID: 29567 (written to /home/ubuntu/gol.pid)
[23:20:15] Step 8: Verifying migration...
[23:20:21] ✓ gol.out updated after migration (mtime 1778448018 → 1778448020), simulation running!
[23:20:21] Total downtime: 4641 ms
[23:20:21] Effective bandwidth: 25.91 Mbps
[23:20:21] Metrics saved to /home/ivo/Evaluation-of-Live-Migration-Strategies-at-the-Edge/Game-of-life-migration/metrics/migration_metrics.csv
[exit=0]

$ python3 /home/ivo/Evaluation-of-Live-Migration-Strategies-at-the-Edge/Game-of-life-migration/scripts/setup/reset_nodes.py edge-node-1 edge-node-2
[23:20:22] Resetting nodes: edge-node-1 -> edge-node-2
[23:20:22] Step 1: Killing any existing processes on source...
[23:20:22]   Killing PID 29567 (from /home/ubuntu/app.pid)
[23:20:23]   Killing PID 29567 (from /home/ubuntu/gol.pid)
[23:20:23]   Killing any remaining background processes...
[23:20:25] Step 2: Cleaning source node...
[23:20:26] Step 3: Cleaning destination node...
[23:20:26]   Killing PID 29567 on destination (from /home/ubuntu/app.pid)
[23:20:27]   Killing PID 29567 on destination (from /home/ubuntu/gol.pid)
[23:20:27]   Killing all remaining gol processes on destination...
[23:20:31] ✓ Reset complete, nodes are clean
[23:20:31]   Next: Start your application
[exit=0]

$ bash /home/ivo/Evaluation-of-Live-Migration-Strategies-at-the-Edge/Game-of-life-migration/scripts/workloads/start_gol_c.sh edge-node-1
[23:20:31] Ensuring gol binary on edge-node-1...
[23:20:31] Reusing existing /tmp/gol on edge-node-1
[23:20:31] Starting gol on edge-node-1...
[23:20:31] Grid: 2048x2048 (two uint32 grids, approx 32 MiB heap)
[23:20:31] Output mode: summary
[23:20:31] Pattern: random
[23:20:32] ✓ Gol started
[exit=0]
[repeat] warmup 2s

$ python3 /home/ivo/Evaluation-of-Live-Migration-Strategies-at-the-Edge/Game-of-life-migration/scripts/orchestrators/criu_benchmark.py precopy --source edge-node-1 --dest edge-node-2 --transfer-mode host --run-id 10-05-2026-host-precopy-0000 --relay-node edge-host-1 --iterations 3 --profile-name 2_5G
[23:20:34] Starting precopy migration...
[23:20:34] Source: edge-node-1, Dest: edge-node-2
[23:20:34] Transfer mode: host
[23:20:34] Relay node: edge-host-1

[23:20:34] === PRE-COPY LIVE MIGRATION ===
[23:20:34] Step 1: Checking source process...
[23:20:35]   Using PID from /home/ubuntu/gol.pid: 31034
[23:20:36]   Architecture: x86_64 (compatible)
[23:20:36] Step 2: Preparing dump directory...
[23:20:36] Step 3: Running 3 pre-dumps and transferring them while service keeps running...
[23:20:36]   Pre-dump 1/3...
[23:20:36]   Archiving and transferring pre-dump 1...
  Transferring /home/ubuntu/CRIU-gol-iter-0.tar.gz via relay node edge-host-1...
Setting up SSH trust: edge-node-1 → ubuntu@10.138.215.36
  Adding public key to destination's authorized_keys...
  Testing SSH connectivity...
  ✓ SSH trust ready
Setting up SSH trust: edge-host-1 → ubuntu@10.138.215.137
  Adding public key to destination's authorized_keys...
  Testing SSH connectivity...
  ✓ SSH trust ready
[23:20:51]   Pre-dump 2/3...
[23:20:52]   Archiving and transferring pre-dump 2...
  Transferring /home/ubuntu/CRIU-gol-iter-1.tar.gz via relay node edge-host-1...
Setting up SSH trust: edge-node-1 → ubuntu@10.138.215.36
  Adding public key to destination's authorized_keys...
  Testing SSH connectivity...
  ✓ SSH trust ready
Setting up SSH trust: edge-host-1 → ubuntu@10.138.215.137
  Adding public key to destination's authorized_keys...
  Testing SSH connectivity...
  ✓ SSH trust ready
[23:21:03]   Pre-dump 3/3...
[23:21:03]   Archiving and transferring pre-dump 3...
  Transferring /home/ubuntu/CRIU-gol-iter-2.tar.gz via relay node edge-host-1...
Setting up SSH trust: edge-node-1 → ubuntu@10.138.215.36
  Adding public key to destination's authorized_keys...
  Testing SSH connectivity...
  ✓ SSH trust ready
Setting up SSH trust: edge-host-1 → ubuntu@10.138.215.137
  Adding public key to destination's authorized_keys...
  Testing SSH connectivity...
  ✓ SSH trust ready
[23:21:14]   Total pre-dump time: 38323 ms
[23:21:14]   Pre-copy transfer outside downtime: archive=3775 ms, transfer=28276 ms, unpack=1469 ms, bytes=29053703
[23:21:14] Step 4: Final dump (freezing service)...
[23:21:15]   Final dump time (freeze duration): 370 ms
[23:21:15] Step 5: Creating final dump archive...
[23:21:16]   Archive size: 6724141 bytes
[23:21:16] Step 6: Transferring archive...
  Transferring /home/ubuntu/CRIU-gol-final.tar.gz via relay node edge-host-1...
Setting up SSH trust: edge-node-1 → ubuntu@10.138.215.36
  Adding public key to destination's authorized_keys...
  Testing SSH connectivity...
  ✓ SSH trust ready
Setting up SSH trust: edge-host-1 → ubuntu@10.138.215.137
  Adding public key to destination's authorized_keys...
  Testing SSH connectivity...
  ✓ SSH trust ready
[23:21:24]   Transfer time: 8245 ms
[23:21:24] Step 7: Unpacking on destination...
[23:21:25] Step 7.5: Ensuring gol output file exists on destination...
[23:21:25] Step 7.8: Ensuring /tmp/gol binary is present on destination...
[23:21:25] Step 8: Restoring process...
[23:21:25]   Restore time: 325 ms
[23:21:26]   Restored PID: 31034 (written to /home/ubuntu/gol.pid)
[23:21:26] Step 9: Verifying migration...
[23:21:31] ✓ gol.out updated after migration (mtime 1778448088 → 1778448090), simulation running!
[23:21:31] Total downtime: 8940 ms (final_dump: 370 + transfer: 8245 + restore: 325)
[23:21:31] Pre-dump time (not counted as downtime): 38323 ms
[23:21:31] Effective bandwidth: 6.52 Mbps
[23:21:31] Metrics saved to /home/ivo/Evaluation-of-Live-Migration-Strategies-at-the-Edge/Game-of-life-migration/metrics/migration_metrics.csv
[exit=0]

$ python3 /home/ivo/Evaluation-of-Live-Migration-Strategies-at-the-Edge/Game-of-life-migration/scripts/setup/reset_nodes.py edge-node-1 edge-node-2
[23:21:32] Resetting nodes: edge-node-1 -> edge-node-2
[23:21:32] Step 1: Killing any existing processes on source...
[23:21:32]   Killing PID 31034 (from /home/ubuntu/app.pid)
[23:21:33]   Killing PID 31034 (from /home/ubuntu/gol.pid)
[23:21:34]   Killing any remaining background processes...
[23:21:35] Step 2: Cleaning source node...
[23:21:36] Step 3: Cleaning destination node...
[23:21:36]   Killing PID 31034 on destination (from /home/ubuntu/app.pid)
[23:21:37]   Killing PID 31034 on destination (from /home/ubuntu/gol.pid)
[23:21:38]   Killing all remaining gol processes on destination...
[23:21:41] ✓ Reset complete, nodes are clean
[23:21:41]   Next: Start your application
[exit=0]

$ bash /home/ivo/Evaluation-of-Live-Migration-Strategies-at-the-Edge/Game-of-life-migration/scripts/workloads/start_gol_c.sh edge-node-1
[23:21:41] Ensuring gol binary on edge-node-1...
[23:21:41] Reusing existing /tmp/gol on edge-node-1
[23:21:41] Starting gol on edge-node-1...
[23:21:41] Grid: 2048x2048 (two uint32 grids, approx 32 MiB heap)
[23:21:41] Output mode: summary
[23:21:41] Pattern: random
[23:21:43] ✓ Gol started
[exit=0]
[repeat] warmup 2s

$ python3 /home/ivo/Evaluation-of-Live-Migration-Strategies-at-the-Edge/Game-of-life-migration/scripts/orchestrators/criu_benchmark.py precopy --source edge-node-1 --dest edge-node-2 --transfer-mode host --run-id 10-05-2026-host-precopy-0001 --relay-node edge-host-1 --iterations 3 --profile-name 2_5G
[23:21:45] Starting precopy migration...
[23:21:45] Source: edge-node-1, Dest: edge-node-2
[23:21:45] Transfer mode: host
[23:21:45] Relay node: edge-host-1

[23:21:45] === PRE-COPY LIVE MIGRATION ===
[23:21:45] Step 1: Checking source process...
[23:21:46]   Using PID from /home/ubuntu/gol.pid: 33729
[23:21:46]   Architecture: x86_64 (compatible)
[23:21:46] Step 2: Preparing dump directory...
[23:21:47] Step 3: Running 3 pre-dumps and transferring them while service keeps running...
[23:21:47]   Pre-dump 1/3...
[23:21:47]   Archiving and transferring pre-dump 1...
  Transferring /home/ubuntu/CRIU-gol-iter-0.tar.gz via relay node edge-host-1...
Setting up SSH trust: edge-node-1 → ubuntu@10.138.215.36
  Adding public key to destination's authorized_keys...
  Testing SSH connectivity...
  ✓ SSH trust ready
Setting up SSH trust: edge-host-1 → ubuntu@10.138.215.137
  Adding public key to destination's authorized_keys...
  Testing SSH connectivity...
  ✓ SSH trust ready
[23:21:59]   Pre-dump 2/3...
[23:21:59]   Archiving and transferring pre-dump 2...
  Transferring /home/ubuntu/CRIU-gol-iter-1.tar.gz via relay node edge-host-1...
Setting up SSH trust: edge-node-1 → ubuntu@10.138.215.36
  Adding public key to destination's authorized_keys...
  Testing SSH connectivity...
  ✓ SSH trust ready
Setting up SSH trust: edge-host-1 → ubuntu@10.138.215.137
  Adding public key to destination's authorized_keys...
  Testing SSH connectivity...
  ✓ SSH trust ready
[23:22:10]   Pre-dump 3/3...
[23:22:11]   Archiving and transferring pre-dump 3...
  Transferring /home/ubuntu/CRIU-gol-iter-2.tar.gz via relay node edge-host-1...
Setting up SSH trust: edge-node-1 → ubuntu@10.138.215.36
  Adding public key to destination's authorized_keys...
  Testing SSH connectivity...
  ✓ SSH trust ready
Setting up SSH trust: edge-host-1 → ubuntu@10.138.215.137
  Adding public key to destination's authorized_keys...
  Testing SSH connectivity...
  ✓ SSH trust ready
[23:22:21]   Total pre-dump time: 34897 ms
[23:22:21]   Pre-copy transfer outside downtime: archive=3866 ms, transfer=24321 ms, unpack=1793 ms, bytes=29821039
[23:22:21] Step 4: Final dump (freezing service)...
[23:22:22]   Final dump time (freeze duration): 319 ms
[23:22:22] Step 5: Creating final dump archive...
[23:22:23]   Archive size: 6950536 bytes
[23:22:23] Step 6: Transferring archive...
  Transferring /home/ubuntu/CRIU-gol-final.tar.gz via relay node edge-host-1...
Setting up SSH trust: edge-node-1 → ubuntu@10.138.215.36
  Adding public key to destination's authorized_keys...
  Testing SSH connectivity...
  ✓ SSH trust ready
Setting up SSH trust: edge-host-1 → ubuntu@10.138.215.137
  Adding public key to destination's authorized_keys...
  Testing SSH connectivity...
  ✓ SSH trust ready
[23:22:31]   Transfer time: 8004 ms
[23:22:31] Step 7: Unpacking on destination...
[23:22:31] Step 7.5: Ensuring gol output file exists on destination...
[23:22:32] Step 7.8: Ensuring /tmp/gol binary is present on destination...
[23:22:32] Step 8: Restoring process...
[23:22:32]   Restore time: 330 ms
[23:22:33]   Restored PID: 33729 (written to /home/ubuntu/gol.pid)
[23:22:33] Step 9: Verifying migration...
[23:22:38] ✓ gol.out updated after migration (mtime 1778448155 → 1778448157), simulation running!
[23:22:38] Total downtime: 8653 ms (final_dump: 319 + transfer: 8004 + restore: 330)
[23:22:38] Pre-dump time (not counted as downtime): 34897 ms
[23:22:38] Effective bandwidth: 6.95 Mbps
[23:22:38] Metrics saved to /home/ivo/Evaluation-of-Live-Migration-Strategies-at-the-Edge/Game-of-life-migration/metrics/migration_metrics.csv
[exit=0]

$ python3 /home/ivo/Evaluation-of-Live-Migration-Strategies-at-the-Edge/Game-of-life-migration/scripts/setup/reset_nodes.py edge-node-1 edge-node-2
[23:22:39] Resetting nodes: edge-node-1 -> edge-node-2
[23:22:39] Step 1: Killing any existing processes on source...
[23:22:39]   Killing PID 33729 (from /home/ubuntu/app.pid)
[23:22:40]   Killing PID 33729 (from /home/ubuntu/gol.pid)
[23:22:40]   Killing any remaining background processes...
[23:22:42] Step 2: Cleaning source node...
[23:22:43] Step 3: Cleaning destination node...
[23:22:43]   Killing PID 33729 on destination (from /home/ubuntu/app.pid)
[23:22:44]   Killing PID 33729 on destination (from /home/ubuntu/gol.pid)
[23:22:44]   Killing all remaining gol processes on destination...
[23:22:48] ✓ Reset complete, nodes are clean
[23:22:48]   Next: Start your application
[exit=0]

$ bash /home/ivo/Evaluation-of-Live-Migration-Strategies-at-the-Edge/Game-of-life-migration/scripts/workloads/start_gol_c.sh edge-node-1
[23:22:48] Ensuring gol binary on edge-node-1...
[23:22:48] Reusing existing /tmp/gol on edge-node-1
[23:22:48] Starting gol on edge-node-1...
[23:22:48] Grid: 2048x2048 (two uint32 grids, approx 32 MiB heap)
[23:22:48] Output mode: summary
[23:22:48] Pattern: random
[23:22:49] ✓ Gol started
[exit=0]
[repeat] warmup 2s

$ python3 /home/ivo/Evaluation-of-Live-Migration-Strategies-at-the-Edge/Game-of-life-migration/scripts/orchestrators/criu_benchmark.py precopy --source edge-node-1 --dest edge-node-2 --transfer-mode host --run-id 10-05-2026-host-precopy-0002 --relay-node edge-host-1 --iterations 3 --profile-name 2_5G
[23:22:52] Starting precopy migration...
[23:22:52] Source: edge-node-1, Dest: edge-node-2
[23:22:52] Transfer mode: host
[23:22:52] Relay node: edge-host-1

[23:22:52] === PRE-COPY LIVE MIGRATION ===
[23:22:52] Step 1: Checking source process...
[23:22:52]   Using PID from /home/ubuntu/gol.pid: 36430
[23:22:53]   Architecture: x86_64 (compatible)
[23:22:53] Step 2: Preparing dump directory...
[23:22:53] Step 3: Running 3 pre-dumps and transferring them while service keeps running...
[23:22:53]   Pre-dump 1/3...
[23:22:54]   Archiving and transferring pre-dump 1...
  Transferring /home/ubuntu/CRIU-gol-iter-0.tar.gz via relay node edge-host-1...
Setting up SSH trust: edge-node-1 → ubuntu@10.138.215.36
  Adding public key to destination's authorized_keys...
  Testing SSH connectivity...
  ✓ SSH trust ready
Setting up SSH trust: edge-host-1 → ubuntu@10.138.215.137
  Adding public key to destination's authorized_keys...
  Testing SSH connectivity...
  ✓ SSH trust ready
[23:23:05]   Pre-dump 2/3...
[23:23:06]   Archiving and transferring pre-dump 2...
  Transferring /home/ubuntu/CRIU-gol-iter-1.tar.gz via relay node edge-host-1...
Setting up SSH trust: edge-node-1 → ubuntu@10.138.215.36
  Adding public key to destination's authorized_keys...
  Testing SSH connectivity...
  ✓ SSH trust ready
Setting up SSH trust: edge-host-1 → ubuntu@10.138.215.137
  Adding public key to destination's authorized_keys...
  Testing SSH connectivity...
  ✓ SSH trust ready
[23:23:17]   Pre-dump 3/3...
[23:23:17]   Archiving and transferring pre-dump 3...
  Transferring /home/ubuntu/CRIU-gol-iter-2.tar.gz via relay node edge-host-1...
Setting up SSH trust: edge-node-1 → ubuntu@10.138.215.36
  Adding public key to destination's authorized_keys...
  Testing SSH connectivity...
  ✓ SSH trust ready
Setting up SSH trust: edge-host-1 → ubuntu@10.138.215.137
  Adding public key to destination's authorized_keys...
  Testing SSH connectivity...
  ✓ SSH trust ready
[23:23:28]   Total pre-dump time: 34864 ms
[23:23:28]   Pre-copy transfer outside downtime: archive=4009 ms, transfer=24514 ms, unpack=1458 ms, bytes=29821561
[23:23:28] Step 4: Final dump (freezing service)...
[23:23:28]   Final dump time (freeze duration): 354 ms
[23:23:28] Step 5: Creating final dump archive...
[23:23:30]   Archive size: 6950502 bytes
[23:23:30] Step 6: Transferring archive...
  Transferring /home/ubuntu/CRIU-gol-final.tar.gz via relay node edge-host-1...
Setting up SSH trust: edge-node-1 → ubuntu@10.138.215.36
  Adding public key to destination's authorized_keys...
  Testing SSH connectivity...
  ✓ SSH trust ready
Setting up SSH trust: edge-host-1 → ubuntu@10.138.215.137
  Adding public key to destination's authorized_keys...
  Testing SSH connectivity...
  ✓ SSH trust ready
[23:23:38]   Transfer time: 8156 ms
[23:23:38] Step 7: Unpacking on destination...
[23:23:38] Step 7.5: Ensuring gol output file exists on destination...
[23:23:39] Step 7.8: Ensuring /tmp/gol binary is present on destination...
[23:23:39] Step 8: Restoring process...
[23:23:39]   Restore time: 354 ms
[23:23:40]   Restored PID: 36430 (written to /home/ubuntu/gol.pid)
[23:23:40] Step 9: Verifying migration...
[23:23:45] ✓ gol.out updated after migration (mtime 1778448222 → 1778448224), simulation running!
[23:23:45] Total downtime: 8864 ms (final_dump: 354 + transfer: 8156 + restore: 354)
[23:23:45] Pre-dump time (not counted as downtime): 34864 ms
[23:23:45] Effective bandwidth: 6.82 Mbps
[23:23:45] Metrics saved to /home/ivo/Evaluation-of-Live-Migration-Strategies-at-the-Edge/Game-of-life-migration/metrics/migration_metrics.csv
[exit=0]

$ python3 /home/ivo/Evaluation-of-Live-Migration-Strategies-at-the-Edge/Game-of-life-migration/scripts/setup/reset_nodes.py edge-node-1 edge-node-2
[23:23:46] Resetting nodes: edge-node-1 -> edge-node-2
[23:23:46] Step 1: Killing any existing processes on source...
[23:23:46]   Killing PID 36430 (from /home/ubuntu/app.pid)
[23:23:47]   Killing PID 36430 (from /home/ubuntu/gol.pid)
[23:23:47]   Killing any remaining background processes...
[23:23:49] Step 2: Cleaning source node...
[23:23:50] Step 3: Cleaning destination node...
[23:23:50]   Killing PID 36430 on destination (from /home/ubuntu/app.pid)
[23:23:51]   Killing PID 36430 on destination (from /home/ubuntu/gol.pid)
[23:23:51]   Killing all remaining gol processes on destination...
[23:23:55] ✓ Reset complete, nodes are clean
[23:23:55]   Next: Start your application
[exit=0]

$ bash /home/ivo/Evaluation-of-Live-Migration-Strategies-at-the-Edge/Game-of-life-migration/scripts/workloads/start_gol_c.sh edge-node-1
[23:23:55] Ensuring gol binary on edge-node-1...
[23:23:55] Reusing existing /tmp/gol on edge-node-1
[23:23:55] Starting gol on edge-node-1...
[23:23:55] Grid: 2048x2048 (two uint32 grids, approx 32 MiB heap)
[23:23:55] Output mode: summary
[23:23:55] Pattern: random
[23:23:57] ✓ Gol started
[exit=0]
[repeat] warmup 2s

$ python3 /home/ivo/Evaluation-of-Live-Migration-Strategies-at-the-Edge/Game-of-life-migration/scripts/orchestrators/criu_benchmark.py precopy --source edge-node-1 --dest edge-node-2 --transfer-mode host --run-id 10-05-2026-host-precopy-0003 --relay-node edge-host-1 --iterations 3 --profile-name 2_5G
[23:23:59] Starting precopy migration...
[23:23:59] Source: edge-node-1, Dest: edge-node-2
[23:23:59] Transfer mode: host
[23:23:59] Relay node: edge-host-1

[23:23:59] === PRE-COPY LIVE MIGRATION ===
[23:23:59] Step 1: Checking source process...
[23:24:00]   Using PID from /home/ubuntu/gol.pid: 39389
[23:24:00]   Architecture: x86_64 (compatible)
[23:24:00] Step 2: Preparing dump directory...
[23:24:01] Step 3: Running 3 pre-dumps and transferring them while service keeps running...
[23:24:01]   Pre-dump 1/3...
[23:24:01]   Archiving and transferring pre-dump 1...
  Transferring /home/ubuntu/CRIU-gol-iter-0.tar.gz via relay node edge-host-1...
Setting up SSH trust: edge-node-1 → ubuntu@10.138.215.36
  Adding public key to destination's authorized_keys...
  Testing SSH connectivity...
  ✓ SSH trust ready
Setting up SSH trust: edge-host-1 → ubuntu@10.138.215.137
  Adding public key to destination's authorized_keys...
  Testing SSH connectivity...
  ✓ SSH trust ready
[23:24:13]   Pre-dump 2/3...
[23:24:13]   Archiving and transferring pre-dump 2...
  Transferring /home/ubuntu/CRIU-gol-iter-1.tar.gz via relay node edge-host-1...
Setting up SSH trust: edge-node-1 → ubuntu@10.138.215.36
  Adding public key to destination's authorized_keys...
  Testing SSH connectivity...
  ✓ SSH trust ready
Setting up SSH trust: edge-host-1 → ubuntu@10.138.215.137
  Adding public key to destination's authorized_keys...
  Testing SSH connectivity...
  ✓ SSH trust ready
[23:24:24]   Pre-dump 3/3...
[23:24:25]   Archiving and transferring pre-dump 3...
  Transferring /home/ubuntu/CRIU-gol-iter-2.tar.gz via relay node edge-host-1...
Setting up SSH trust: edge-node-1 → ubuntu@10.138.215.36
  Adding public key to destination's authorized_keys...
  Testing SSH connectivity...
  ✓ SSH trust ready
Setting up SSH trust: edge-host-1 → ubuntu@10.138.215.137
  Adding public key to destination's authorized_keys...
  Testing SSH connectivity...
  ✓ SSH trust ready
[23:24:35]   Total pre-dump time: 34609 ms
[23:24:35]   Pre-copy transfer outside downtime: archive=3959 ms, transfer=24152 ms, unpack=1510 ms, bytes=29655006
[23:24:35] Step 4: Final dump (freezing service)...
[23:24:36]   Final dump time (freeze duration): 397 ms
[23:24:36] Step 5: Creating final dump archive...
[23:24:37]   Archive size: 6950661 bytes
[23:24:37] Step 6: Transferring archive...
  Transferring /home/ubuntu/CRIU-gol-final.tar.gz via relay node edge-host-1...
Setting up SSH trust: edge-node-1 → ubuntu@10.138.215.36
  Adding public key to destination's authorized_keys...
  Testing SSH connectivity...
  ✓ SSH trust ready
Setting up SSH trust: edge-host-1 → ubuntu@10.138.215.137
  Adding public key to destination's authorized_keys...
  Testing SSH connectivity...
  ✓ SSH trust ready
[23:24:47]   Transfer time: 9641 ms
[23:24:47] Step 7: Unpacking on destination...
[23:24:47] Step 7.5: Ensuring gol output file exists on destination...
[23:24:47] Step 7.8: Ensuring /tmp/gol binary is present on destination...
[23:24:48] Step 8: Restoring process...
[23:24:48]   Restore time: 333 ms
[23:24:48]   Restored PID: 39389 (written to /home/ubuntu/gol.pid)
[23:24:48] Step 9: Verifying migration...
[23:24:54] ✓ gol.out updated after migration (mtime 1778448291 → 1778448293), simulation running!
[23:24:54] Total downtime: 10371 ms (final_dump: 397 + transfer: 9641 + restore: 333)
[23:24:54] Pre-dump time (not counted as downtime): 34609 ms
[23:24:54] Effective bandwidth: 5.77 Mbps
[23:24:54] Metrics saved to /home/ivo/Evaluation-of-Live-Migration-Strategies-at-the-Edge/Game-of-life-migration/metrics/migration_metrics.csv
[exit=0]

$ python3 /home/ivo/Evaluation-of-Live-Migration-Strategies-at-the-Edge/Game-of-life-migration/scripts/setup/reset_nodes.py edge-node-1 edge-node-2
[23:24:55] Resetting nodes: edge-node-1 -> edge-node-2
[23:24:55] Step 1: Killing any existing processes on source...
[23:24:55]   Killing PID 39389 (from /home/ubuntu/app.pid)
[23:24:56]   Killing PID 39389 (from /home/ubuntu/gol.pid)
[23:24:56]   Killing any remaining background processes...
[23:24:58] Step 2: Cleaning source node...
[23:24:59] Step 3: Cleaning destination node...
[23:24:59]   Killing PID 39389 on destination (from /home/ubuntu/app.pid)
[23:25:00]   Killing PID 39389 on destination (from /home/ubuntu/gol.pid)
[23:25:00]   Killing all remaining gol processes on destination...
[23:25:04] ✓ Reset complete, nodes are clean
[23:25:04]   Next: Start your application
[exit=0]

$ bash /home/ivo/Evaluation-of-Live-Migration-Strategies-at-the-Edge/Game-of-life-migration/scripts/workloads/start_gol_c.sh edge-node-1
[23:25:04] Ensuring gol binary on edge-node-1...
[23:25:04] Reusing existing /tmp/gol on edge-node-1
[23:25:04] Starting gol on edge-node-1...
[23:25:04] Grid: 2048x2048 (two uint32 grids, approx 32 MiB heap)
[23:25:04] Output mode: summary
[23:25:04] Pattern: random
[23:25:05] ✓ Gol started
[exit=0]
[repeat] warmup 2s

$ python3 /home/ivo/Evaluation-of-Live-Migration-Strategies-at-the-Edge/Game-of-life-migration/scripts/orchestrators/criu_benchmark.py precopy --source edge-node-1 --dest edge-node-2 --transfer-mode host --run-id 10-05-2026-host-precopy-0004 --relay-node edge-host-1 --iterations 3 --profile-name 2_5G
[23:25:08] Starting precopy migration...
[23:25:08] Source: edge-node-1, Dest: edge-node-2
[23:25:08] Transfer mode: host
[23:25:08] Relay node: edge-host-1

[23:25:08] === PRE-COPY LIVE MIGRATION ===
[23:25:08] Step 1: Checking source process...
[23:25:08]   Using PID from /home/ubuntu/gol.pid: 42085
[23:25:09]   Architecture: x86_64 (compatible)
[23:25:09] Step 2: Preparing dump directory...
[23:25:09] Step 3: Running 3 pre-dumps and transferring them while service keeps running...
[23:25:09]   Pre-dump 1/3...
[23:25:09]   Archiving and transferring pre-dump 1...
  Transferring /home/ubuntu/CRIU-gol-iter-0.tar.gz via relay node edge-host-1...
Setting up SSH trust: edge-node-1 → ubuntu@10.138.215.36
  Adding public key to destination's authorized_keys...
  Testing SSH connectivity...
  ✓ SSH trust ready
Setting up SSH trust: edge-host-1 → ubuntu@10.138.215.137
  Adding public key to destination's authorized_keys...
  Testing SSH connectivity...
  ✓ SSH trust ready
[23:25:21]   Pre-dump 2/3...
[23:25:22]   Archiving and transferring pre-dump 2...
  Transferring /home/ubuntu/CRIU-gol-iter-1.tar.gz via relay node edge-host-1...
Setting up SSH trust: edge-node-1 → ubuntu@10.138.215.36
  Adding public key to destination's authorized_keys...
  Testing SSH connectivity...
  ✓ SSH trust ready
Setting up SSH trust: edge-host-1 → ubuntu@10.138.215.137
  Adding public key to destination's authorized_keys...
  Testing SSH connectivity...
  ✓ SSH trust ready
[23:25:32]   Pre-dump 3/3...
[23:25:33]   Archiving and transferring pre-dump 3...
  Transferring /home/ubuntu/CRIU-gol-iter-2.tar.gz via relay node edge-host-1...
Setting up SSH trust: edge-node-1 → ubuntu@10.138.215.36
  Adding public key to destination's authorized_keys...
  Testing SSH connectivity...
  ✓ SSH trust ready
Setting up SSH trust: edge-host-1 → ubuntu@10.138.215.137
  Adding public key to destination's authorized_keys...
  Testing SSH connectivity...
  ✓ SSH trust ready
[23:25:44]   Total pre-dump time: 34390 ms
[23:25:44]   Pre-copy transfer outside downtime: archive=3830 ms, transfer=24206 ms, unpack=1562 ms, bytes=29820905
[23:25:44] Step 4: Final dump (freezing service)...
[23:25:44]   Final dump time (freeze duration): 316 ms
[23:25:44] Step 5: Creating final dump archive...
[23:25:45]   Archive size: 6950566 bytes
[23:25:45] Step 6: Transferring archive...
  Transferring /home/ubuntu/CRIU-gol-final.tar.gz via relay node edge-host-1...
Setting up SSH trust: edge-node-1 → ubuntu@10.138.215.36
  Adding public key to destination's authorized_keys...
  Testing SSH connectivity...
  ✓ SSH trust ready
Setting up SSH trust: edge-host-1 → ubuntu@10.138.215.137
  Adding public key to destination's authorized_keys...
  Testing SSH connectivity...
  ✓ SSH trust ready
[23:25:53]   Transfer time: 8331 ms
[23:25:53] Step 7: Unpacking on destination...
[23:25:54] Step 7.5: Ensuring gol output file exists on destination...
[23:25:54] Step 7.8: Ensuring /tmp/gol binary is present on destination...
[23:25:55] Step 8: Restoring process...
[23:25:55]   Restore time: 333 ms
[23:25:55]   Restored PID: 42085 (written to /home/ubuntu/gol.pid)
[23:25:55] Step 9: Verifying migration...
[23:26:01] ✓ gol.out updated after migration (mtime 1778448357 → 1778448360), simulation running!
[23:26:01] Total downtime: 8980 ms (final_dump: 316 + transfer: 8331 + restore: 333)
[23:26:01] Pre-dump time (not counted as downtime): 34390 ms
[23:26:01] Effective bandwidth: 6.67 Mbps
[23:26:01] Metrics saved to /home/ivo/Evaluation-of-Live-Migration-Strategies-at-the-Edge/Game-of-life-migration/metrics/migration_metrics.csv
[exit=0]

$ python3 /home/ivo/Evaluation-of-Live-Migration-Strategies-at-the-Edge/Game-of-life-migration/scripts/setup/reset_nodes.py edge-node-1 edge-node-2
[23:26:02] Resetting nodes: edge-node-1 -> edge-node-2
[23:26:02] Step 1: Killing any existing processes on source...
[23:26:02]   Killing PID 42085 (from /home/ubuntu/app.pid)
[23:26:03]   Killing PID 42085 (from /home/ubuntu/gol.pid)
[23:26:03]   Killing any remaining background processes...
[23:26:04] Step 2: Cleaning source node...
[23:26:06] Step 3: Cleaning destination node...
[23:26:06]   Killing PID 42085 on destination (from /home/ubuntu/app.pid)
[23:26:07]   Killing PID 42085 on destination (from /home/ubuntu/gol.pid)
[23:26:07]   Killing all remaining gol processes on destination...
[23:26:11] ✓ Reset complete, nodes are clean
[23:26:11]   Next: Start your application
[exit=0]

$ bash /home/ivo/Evaluation-of-Live-Migration-Strategies-at-the-Edge/Game-of-life-migration/scripts/workloads/start_gol_c.sh edge-node-1
[23:26:11] Ensuring gol binary on edge-node-1...
[23:26:11] Reusing existing /tmp/gol on edge-node-1
[23:26:11] Starting gol on edge-node-1...
[23:26:11] Grid: 2048x2048 (two uint32 grids, approx 32 MiB heap)
[23:26:11] Output mode: summary
[23:26:11] Pattern: random
[23:26:12] ✓ Gol started
[exit=0]
[repeat] warmup 2s

$ python3 /home/ivo/Evaluation-of-Live-Migration-Strategies-at-the-Edge/Game-of-life-migration/scripts/orchestrators/criu_benchmark.py precopy --source edge-node-1 --dest edge-node-2 --transfer-mode host --run-id 10-05-2026-host-precopy-0005 --relay-node edge-host-1 --iterations 3 --profile-name 2_5G
[23:26:15] Starting precopy migration...
[23:26:15] Source: edge-node-1, Dest: edge-node-2
[23:26:15] Transfer mode: host
[23:26:15] Relay node: edge-host-1

[23:26:15] === PRE-COPY LIVE MIGRATION ===
[23:26:15] Step 1: Checking source process...
[23:26:15]   Using PID from /home/ubuntu/gol.pid: 44788
[23:26:16]   Architecture: x86_64 (compatible)
[23:26:16] Step 2: Preparing dump directory...
[23:26:16] Step 3: Running 3 pre-dumps and transferring them while service keeps running...
[23:26:16]   Pre-dump 1/3...
[23:26:16]   Archiving and transferring pre-dump 1...
  Transferring /home/ubuntu/CRIU-gol-iter-0.tar.gz via relay node edge-host-1...
Setting up SSH trust: edge-node-1 → ubuntu@10.138.215.36
  Adding public key to destination's authorized_keys...
  Testing SSH connectivity...
  ✓ SSH trust ready
Setting up SSH trust: edge-host-1 → ubuntu@10.138.215.137
  Adding public key to destination's authorized_keys...
  Testing SSH connectivity...
  ✓ SSH trust ready
[23:26:28]   Pre-dump 2/3...
[23:26:29]   Archiving and transferring pre-dump 2...
  Transferring /home/ubuntu/CRIU-gol-iter-1.tar.gz via relay node edge-host-1...
Setting up SSH trust: edge-node-1 → ubuntu@10.138.215.36
  Adding public key to destination's authorized_keys...
  Testing SSH connectivity...
  ✓ SSH trust ready
Setting up SSH trust: edge-host-1 → ubuntu@10.138.215.137
  Adding public key to destination's authorized_keys...
  Testing SSH connectivity...
  ✓ SSH trust ready
[23:26:40]   Pre-dump 3/3...
[23:26:40]   Archiving and transferring pre-dump 3...
  Transferring /home/ubuntu/CRIU-gol-iter-2.tar.gz via relay node edge-host-1...
Setting up SSH trust: edge-node-1 → ubuntu@10.138.215.36
  Adding public key to destination's authorized_keys...
  Testing SSH connectivity...
  ✓ SSH trust ready
Setting up SSH trust: edge-host-1 → ubuntu@10.138.215.137
  Adding public key to destination's authorized_keys...
  Testing SSH connectivity...
  ✓ SSH trust ready
[23:26:51]   Total pre-dump time: 34771 ms
[23:26:51]   Pre-copy transfer outside downtime: archive=3841 ms, transfer=24477 ms, unpack=1487 ms, bytes=29821060
[23:26:51] Step 4: Final dump (freezing service)...
[23:26:51]   Final dump time (freeze duration): 313 ms
[23:26:51] Step 5: Creating final dump archive...
[23:26:52]   Archive size: 6950661 bytes
[23:26:52] Step 6: Transferring archive...
  Transferring /home/ubuntu/CRIU-gol-final.tar.gz via relay node edge-host-1...
Setting up SSH trust: edge-node-1 → ubuntu@10.138.215.36
  Adding public key to destination's authorized_keys...
  Testing SSH connectivity...
  ✓ SSH trust ready
Setting up SSH trust: edge-host-1 → ubuntu@10.138.215.137
  Adding public key to destination's authorized_keys...
  Testing SSH connectivity...
  ✓ SSH trust ready
[23:27:00]   Transfer time: 8040 ms
[23:27:00] Step 7: Unpacking on destination...
[23:27:01] Step 7.5: Ensuring gol output file exists on destination...
[23:27:01] Step 7.8: Ensuring /tmp/gol binary is present on destination...
[23:27:02] Step 8: Restoring process...
[23:27:02]   Restore time: 306 ms
[23:27:02]   Restored PID: 44788 (written to /home/ubuntu/gol.pid)
[23:27:02] Step 9: Verifying migration...
[23:27:08] ✓ gol.out updated after migration (mtime 1778448425 → 1778448427), simulation running!
[23:27:08] Total downtime: 8659 ms (final_dump: 313 + transfer: 8040 + restore: 306)
[23:27:08] Pre-dump time (not counted as downtime): 34771 ms
[23:27:08] Effective bandwidth: 6.92 Mbps
[23:27:08] Metrics saved to /home/ivo/Evaluation-of-Live-Migration-Strategies-at-the-Edge/Game-of-life-migration/metrics/migration_metrics.csv
[exit=0]

$ python3 /home/ivo/Evaluation-of-Live-Migration-Strategies-at-the-Edge/Game-of-life-migration/scripts/setup/reset_nodes.py edge-node-1 edge-node-2
[23:27:09] Resetting nodes: edge-node-1 -> edge-node-2
[23:27:09] Step 1: Killing any existing processes on source...
[23:27:09]   Killing PID 44788 (from /home/ubuntu/app.pid)
[23:27:10]   Killing PID 44788 (from /home/ubuntu/gol.pid)
[23:27:10]   Killing any remaining background processes...
[23:27:11] Step 2: Cleaning source node...
[23:27:13] Step 3: Cleaning destination node...
[23:27:13]   Killing PID 44788 on destination (from /home/ubuntu/app.pid)
[23:27:14]   Killing PID 44788 on destination (from /home/ubuntu/gol.pid)
[23:27:14]   Killing all remaining gol processes on destination...
[23:27:17] ✓ Reset complete, nodes are clean
[23:27:17]   Next: Start your application
[exit=0]

$ bash /home/ivo/Evaluation-of-Live-Migration-Strategies-at-the-Edge/Game-of-life-migration/scripts/workloads/start_gol_c.sh edge-node-1
[23:27:17] Ensuring gol binary on edge-node-1...
[23:27:18] Reusing existing /tmp/gol on edge-node-1
[23:27:18] Starting gol on edge-node-1...
[23:27:18] Grid: 2048x2048 (two uint32 grids, approx 32 MiB heap)
[23:27:18] Output mode: summary
[23:27:18] Pattern: random
[23:27:19] ✓ Gol started
[exit=0]
[repeat] warmup 2s

$ python3 /home/ivo/Evaluation-of-Live-Migration-Strategies-at-the-Edge/Game-of-life-migration/scripts/orchestrators/criu_benchmark.py precopy --source edge-node-1 --dest edge-node-2 --transfer-mode host --run-id 10-05-2026-host-precopy-0006 --relay-node edge-host-1 --iterations 3 --profile-name 2_5G
[23:27:21] Starting precopy migration...
[23:27:21] Source: edge-node-1, Dest: edge-node-2
[23:27:21] Transfer mode: host
[23:27:21] Relay node: edge-host-1

[23:27:21] === PRE-COPY LIVE MIGRATION ===
[23:27:21] Step 1: Checking source process...
[23:27:22]   Using PID from /home/ubuntu/gol.pid: 47484
[23:27:23]   Architecture: x86_64 (compatible)
[23:27:23] Step 2: Preparing dump directory...
[23:27:23] Step 3: Running 3 pre-dumps and transferring them while service keeps running...
[23:27:23]   Pre-dump 1/3...
[23:27:23]   Archiving and transferring pre-dump 1...
  Transferring /home/ubuntu/CRIU-gol-iter-0.tar.gz via relay node edge-host-1...
Setting up SSH trust: edge-node-1 → ubuntu@10.138.215.36
  Adding public key to destination's authorized_keys...
  Testing SSH connectivity...
  ✓ SSH trust ready
Setting up SSH trust: edge-host-1 → ubuntu@10.138.215.137
  Adding public key to destination's authorized_keys...
  Testing SSH connectivity...
  ✓ SSH trust ready
[23:27:35]   Pre-dump 2/3...
[23:27:35]   Archiving and transferring pre-dump 2...
  Transferring /home/ubuntu/CRIU-gol-iter-1.tar.gz via relay node edge-host-1...
Setting up SSH trust: edge-node-1 → ubuntu@10.138.215.36
  Adding public key to destination's authorized_keys...
  Testing SSH connectivity...
  ✓ SSH trust ready
Setting up SSH trust: edge-host-1 → ubuntu@10.138.215.137
  Adding public key to destination's authorized_keys...
  Testing SSH connectivity...
  ✓ SSH trust ready
[23:27:46]   Pre-dump 3/3...
[23:27:47]   Archiving and transferring pre-dump 3...
  Transferring /home/ubuntu/CRIU-gol-iter-2.tar.gz via relay node edge-host-1...
Setting up SSH trust: edge-node-1 → ubuntu@10.138.215.36
  Adding public key to destination's authorized_keys...
  Testing SSH connectivity...
  ✓ SSH trust ready
Setting up SSH trust: edge-host-1 → ubuntu@10.138.215.137
  Adding public key to destination's authorized_keys...
  Testing SSH connectivity...
  ✓ SSH trust ready
[23:27:58]   Total pre-dump time: 34719 ms
[23:27:58]   Pre-copy transfer outside downtime: archive=3842 ms, transfer=24605 ms, unpack=1469 ms, bytes=29810420
[23:27:58] Step 4: Final dump (freezing service)...
[23:27:58]   Final dump time (freeze duration): 314 ms
[23:27:58] Step 5: Creating final dump archive...
[23:27:59]   Archive size: 6950615 bytes
[23:27:59] Step 6: Transferring archive...
  Transferring /home/ubuntu/CRIU-gol-final.tar.gz via relay node edge-host-1...
Setting up SSH trust: edge-node-1 → ubuntu@10.138.215.36
  Adding public key to destination's authorized_keys...
  Testing SSH connectivity...
  ✓ SSH trust ready
Setting up SSH trust: edge-host-1 → ubuntu@10.138.215.137
  Adding public key to destination's authorized_keys...
  Testing SSH connectivity...
  ✓ SSH trust ready
[23:28:08]   Transfer time: 8369 ms
[23:28:08] Step 7: Unpacking on destination...
[23:28:08] Step 7.5: Ensuring gol output file exists on destination...
[23:28:08] Step 7.8: Ensuring /tmp/gol binary is present on destination...
[23:28:09] Step 8: Restoring process...
[23:28:09]   Restore time: 353 ms
[23:28:09]   Restored PID: 47484 (written to /home/ubuntu/gol.pid)
[23:28:09] Step 9: Verifying migration...
[23:28:15] ✓ gol.out updated after migration (mtime 1778448491 → 1778448494), simulation running!
[23:28:15] Total downtime: 9036 ms (final_dump: 314 + transfer: 8369 + restore: 353)
[23:28:15] Pre-dump time (not counted as downtime): 34719 ms
[23:28:15] Effective bandwidth: 6.64 Mbps
[23:28:15] Metrics saved to /home/ivo/Evaluation-of-Live-Migration-Strategies-at-the-Edge/Game-of-life-migration/metrics/migration_metrics.csv
[exit=0]

$ python3 /home/ivo/Evaluation-of-Live-Migration-Strategies-at-the-Edge/Game-of-life-migration/scripts/setup/reset_nodes.py edge-node-1 edge-node-2
[23:28:16] Resetting nodes: edge-node-1 -> edge-node-2
[23:28:16] Step 1: Killing any existing processes on source...
[23:28:16]   Killing PID 47484 (from /home/ubuntu/app.pid)
[23:28:17]   Killing PID 47484 (from /home/ubuntu/gol.pid)
[23:28:17]   Killing any remaining background processes...
[23:28:19] Step 2: Cleaning source node...
[23:28:20] Step 3: Cleaning destination node...
[23:28:20]   Killing PID 47484 on destination (from /home/ubuntu/app.pid)
[23:28:21]   Killing PID 47484 on destination (from /home/ubuntu/gol.pid)
[23:28:21]   Killing all remaining gol processes on destination...
[23:28:25] ✓ Reset complete, nodes are clean
[23:28:25]   Next: Start your application
[exit=0]

$ bash /home/ivo/Evaluation-of-Live-Migration-Strategies-at-the-Edge/Game-of-life-migration/scripts/workloads/start_gol_c.sh edge-node-1
[23:28:25] Ensuring gol binary on edge-node-1...
[23:28:25] Reusing existing /tmp/gol on edge-node-1
[23:28:25] Starting gol on edge-node-1...
[23:28:25] Grid: 2048x2048 (two uint32 grids, approx 32 MiB heap)
[23:28:25] Output mode: summary
[23:28:25] Pattern: random
[23:28:26] ✓ Gol started
[exit=0]
[repeat] warmup 2s

$ python3 /home/ivo/Evaluation-of-Live-Migration-Strategies-at-the-Edge/Game-of-life-migration/scripts/orchestrators/criu_benchmark.py precopy --source edge-node-1 --dest edge-node-2 --transfer-mode host --run-id 10-05-2026-host-precopy-0007 --relay-node edge-host-1 --iterations 3 --profile-name 2_5G
[23:28:29] Starting precopy migration...
[23:28:29] Source: edge-node-1, Dest: edge-node-2
[23:28:29] Transfer mode: host
[23:28:29] Relay node: edge-host-1

[23:28:29] === PRE-COPY LIVE MIGRATION ===
[23:28:29] Step 1: Checking source process...
[23:28:29]   Using PID from /home/ubuntu/gol.pid: 50190
[23:28:30]   Architecture: x86_64 (compatible)
[23:28:30] Step 2: Preparing dump directory...
[23:28:30] Step 3: Running 3 pre-dumps and transferring them while service keeps running...
[23:28:30]   Pre-dump 1/3...
[23:28:30]   Archiving and transferring pre-dump 1...
  Transferring /home/ubuntu/CRIU-gol-iter-0.tar.gz via relay node edge-host-1...
Setting up SSH trust: edge-node-1 → ubuntu@10.138.215.36
  Adding public key to destination's authorized_keys...
  Testing SSH connectivity...
  ✓ SSH trust ready
Setting up SSH trust: edge-host-1 → ubuntu@10.138.215.137
  Adding public key to destination's authorized_keys...
  Testing SSH connectivity...
  ✓ SSH trust ready
[23:28:42]   Pre-dump 2/3...
[23:28:43]   Archiving and transferring pre-dump 2...
  Transferring /home/ubuntu/CRIU-gol-iter-1.tar.gz via relay node edge-host-1...
Setting up SSH trust: edge-node-1 → ubuntu@10.138.215.36
  Adding public key to destination's authorized_keys...
  Testing SSH connectivity...
  ✓ SSH trust ready
Setting up SSH trust: edge-host-1 → ubuntu@10.138.215.137
  Adding public key to destination's authorized_keys...
  Testing SSH connectivity...
  ✓ SSH trust ready
[23:28:54]   Pre-dump 3/3...
[23:28:54]   Archiving and transferring pre-dump 3...
  Transferring /home/ubuntu/CRIU-gol-iter-2.tar.gz via relay node edge-host-1...
Setting up SSH trust: edge-node-1 → ubuntu@10.138.215.36
  Adding public key to destination's authorized_keys...
  Testing SSH connectivity...
  ✓ SSH trust ready
Setting up SSH trust: edge-host-1 → ubuntu@10.138.215.137
  Adding public key to destination's authorized_keys...
  Testing SSH connectivity...
  ✓ SSH trust ready
[23:29:05]   Total pre-dump time: 35204 ms
[23:29:05]   Pre-copy transfer outside downtime: archive=3818 ms, transfer=24684 ms, unpack=1838 ms, bytes=29783566
[23:29:05] Step 4: Final dump (freezing service)...
[23:29:06]   Final dump time (freeze duration): 323 ms
[23:29:06] Step 5: Creating final dump archive...
[23:29:07]   Archive size: 6911433 bytes
[23:29:07] Step 6: Transferring archive...
  Transferring /home/ubuntu/CRIU-gol-final.tar.gz via relay node edge-host-1...
Setting up SSH trust: edge-node-1 → ubuntu@10.138.215.36
  Adding public key to destination's authorized_keys...
  Testing SSH connectivity...
  ✓ SSH trust ready
Setting up SSH trust: edge-host-1 → ubuntu@10.138.215.137
  Adding public key to destination's authorized_keys...
  Testing SSH connectivity...
  ✓ SSH trust ready
[23:29:15]   Transfer time: 8220 ms
[23:29:15] Step 7: Unpacking on destination...
[23:29:16] Step 7.5: Ensuring gol output file exists on destination...
[23:29:16] Step 7.8: Ensuring /tmp/gol binary is present on destination...
[23:29:16] Step 8: Restoring process...
[23:29:16]   Restore time: 413 ms
[23:29:17]   Restored PID: 50190 (written to /home/ubuntu/gol.pid)
[23:29:17] Step 9: Verifying migration...
[23:29:22] ✓ gol.out updated after migration (mtime 1778448560 → 1778448561), simulation running!
[23:29:22] Total downtime: 8956 ms (final_dump: 323 + transfer: 8220 + restore: 413)
[23:29:22] Pre-dump time (not counted as downtime): 35204 ms
[23:29:22] Effective bandwidth: 6.73 Mbps
[23:29:22] Metrics saved to /home/ivo/Evaluation-of-Live-Migration-Strategies-at-the-Edge/Game-of-life-migration/metrics/migration_metrics.csv
[exit=0]

$ python3 /home/ivo/Evaluation-of-Live-Migration-Strategies-at-the-Edge/Game-of-life-migration/scripts/setup/reset_nodes.py edge-node-1 edge-node-2
[23:29:23] Resetting nodes: edge-node-1 -> edge-node-2
[23:29:23] Step 1: Killing any existing processes on source...
[23:29:23]   Killing PID 50190 (from /home/ubuntu/app.pid)
[23:29:24]   Killing PID 50190 (from /home/ubuntu/gol.pid)
[23:29:25]   Killing any remaining background processes...
[23:29:26] Step 2: Cleaning source node...
[23:29:27] Step 3: Cleaning destination node...
[23:29:27]   Killing PID 50190 on destination (from /home/ubuntu/app.pid)
[23:29:28]   Killing PID 50190 on destination (from /home/ubuntu/gol.pid)
[23:29:29]   Killing all remaining gol processes on destination...
[23:29:32] ✓ Reset complete, nodes are clean
[23:29:32]   Next: Start your application
[exit=0]

$ bash /home/ivo/Evaluation-of-Live-Migration-Strategies-at-the-Edge/Game-of-life-migration/scripts/workloads/start_gol_c.sh edge-node-1
[23:29:32] Ensuring gol binary on edge-node-1...
[23:29:32] Reusing existing /tmp/gol on edge-node-1
[23:29:32] Starting gol on edge-node-1...
[23:29:32] Grid: 2048x2048 (two uint32 grids, approx 32 MiB heap)
[23:29:32] Output mode: summary
[23:29:32] Pattern: random
[23:29:34] ✓ Gol started
[exit=0]
[repeat] warmup 2s

$ python3 /home/ivo/Evaluation-of-Live-Migration-Strategies-at-the-Edge/Game-of-life-migration/scripts/orchestrators/criu_benchmark.py precopy --source edge-node-1 --dest edge-node-2 --transfer-mode host --run-id 10-05-2026-host-precopy-0008 --relay-node edge-host-1 --iterations 3 --profile-name 2_5G
[23:29:36] Starting precopy migration...
[23:29:36] Source: edge-node-1, Dest: edge-node-2
[23:29:36] Transfer mode: host
[23:29:36] Relay node: edge-host-1

[23:29:36] === PRE-COPY LIVE MIGRATION ===
[23:29:36] Step 1: Checking source process...
[23:29:37]   Using PID from /home/ubuntu/gol.pid: 52892
[23:29:37]   Architecture: x86_64 (compatible)
[23:29:37] Step 2: Preparing dump directory...
[23:29:37] Step 3: Running 3 pre-dumps and transferring them while service keeps running...
[23:29:37]   Pre-dump 1/3...
[23:29:38]   Archiving and transferring pre-dump 1...
  Transferring /home/ubuntu/CRIU-gol-iter-0.tar.gz via relay node edge-host-1...
Setting up SSH trust: edge-node-1 → ubuntu@10.138.215.36
  Adding public key to destination's authorized_keys...
  Testing SSH connectivity...
  ✓ SSH trust ready
Setting up SSH trust: edge-host-1 → ubuntu@10.138.215.137
  Adding public key to destination's authorized_keys...
  Testing SSH connectivity...
  ✓ SSH trust ready
[23:29:49]   Pre-dump 2/3...
[23:29:50]   Archiving and transferring pre-dump 2...
  Transferring /home/ubuntu/CRIU-gol-iter-1.tar.gz via relay node edge-host-1...
Setting up SSH trust: edge-node-1 → ubuntu@10.138.215.36
  Adding public key to destination's authorized_keys...
  Testing SSH connectivity...
  ✓ SSH trust ready
Setting up SSH trust: edge-host-1 → ubuntu@10.138.215.137
  Adding public key to destination's authorized_keys...
  Testing SSH connectivity...
  ✓ SSH trust ready
[23:30:01]   Pre-dump 3/3...
[23:30:01]   Archiving and transferring pre-dump 3...
  Transferring /home/ubuntu/CRIU-gol-iter-2.tar.gz via relay node edge-host-1...
Setting up SSH trust: edge-node-1 → ubuntu@10.138.215.36
  Adding public key to destination's authorized_keys...
  Testing SSH connectivity...
  ✓ SSH trust ready
Setting up SSH trust: edge-host-1 → ubuntu@10.138.215.137
  Adding public key to destination's authorized_keys...
  Testing SSH connectivity...
  ✓ SSH trust ready
[23:30:12]   Total pre-dump time: 34833 ms
[23:30:12]   Pre-copy transfer outside downtime: archive=3928 ms, transfer=24508 ms, unpack=1601 ms, bytes=29820692
[23:30:12] Step 4: Final dump (freezing service)...
[23:30:12]   Final dump time (freeze duration): 298 ms
[23:30:12] Step 5: Creating final dump archive...
[23:30:14]   Archive size: 6940517 bytes
[23:30:14] Step 6: Transferring archive...
  Transferring /home/ubuntu/CRIU-gol-final.tar.gz via relay node edge-host-1...
Setting up SSH trust: edge-node-1 → ubuntu@10.138.215.36
  Adding public key to destination's authorized_keys...
  Testing SSH connectivity...
  ✓ SSH trust ready
Setting up SSH trust: edge-host-1 → ubuntu@10.138.215.137
  Adding public key to destination's authorized_keys...
  Testing SSH connectivity...
  ✓ SSH trust ready
[23:30:22]   Transfer time: 8001 ms
[23:30:22] Step 7: Unpacking on destination...
[23:30:22] Step 7.5: Ensuring gol output file exists on destination...
[23:30:23] Step 7.8: Ensuring /tmp/gol binary is present on destination...
[23:30:23] Step 8: Restoring process...
[23:30:23]   Restore time: 326 ms
[23:30:23]   Restored PID: 52892 (written to /home/ubuntu/gol.pid)
[23:30:23] Step 9: Verifying migration...
[23:30:29] ✓ gol.out updated after migration (mtime 1778448626 → 1778448628), simulation running!
[23:30:29] Total downtime: 8625 ms (final_dump: 298 + transfer: 8001 + restore: 326)
[23:30:29] Pre-dump time (not counted as downtime): 34833 ms
[23:30:29] Effective bandwidth: 6.94 Mbps
[23:30:29] Metrics saved to /home/ivo/Evaluation-of-Live-Migration-Strategies-at-the-Edge/Game-of-life-migration/metrics/migration_metrics.csv
[exit=0]

$ python3 /home/ivo/Evaluation-of-Live-Migration-Strategies-at-the-Edge/Game-of-life-migration/scripts/setup/reset_nodes.py edge-node-1 edge-node-2
[23:30:30] Resetting nodes: edge-node-1 -> edge-node-2
[23:30:30] Step 1: Killing any existing processes on source...
[23:30:30]   Killing PID 52892 (from /home/ubuntu/app.pid)
[23:30:31]   Killing PID 52892 (from /home/ubuntu/gol.pid)
[23:30:31]   Killing any remaining background processes...
[23:30:33] Step 2: Cleaning source node...
[23:30:34] Step 3: Cleaning destination node...
[23:30:34]   Killing PID 52892 on destination (from /home/ubuntu/app.pid)
[23:30:35]   Killing PID 52892 on destination (from /home/ubuntu/gol.pid)
[23:30:35]   Killing all remaining gol processes on destination...
[23:30:39] ✓ Reset complete, nodes are clean
[23:30:39]   Next: Start your application
[exit=0]

$ bash /home/ivo/Evaluation-of-Live-Migration-Strategies-at-the-Edge/Game-of-life-migration/scripts/workloads/start_gol_c.sh edge-node-1
[23:30:39] Ensuring gol binary on edge-node-1...
[23:30:39] Reusing existing /tmp/gol on edge-node-1
[23:30:39] Starting gol on edge-node-1...
[23:30:39] Grid: 2048x2048 (two uint32 grids, approx 32 MiB heap)
[23:30:39] Output mode: summary
[23:30:39] Pattern: random
[23:30:40] ✓ Gol started
[exit=0]
[repeat] warmup 2s

$ python3 /home/ivo/Evaluation-of-Live-Migration-Strategies-at-the-Edge/Game-of-life-migration/scripts/orchestrators/criu_benchmark.py precopy --source edge-node-1 --dest edge-node-2 --transfer-mode host --run-id 10-05-2026-host-precopy-0009 --relay-node edge-host-1 --iterations 3 --profile-name 2_5G
[23:30:43] Starting precopy migration...
[23:30:43] Source: edge-node-1, Dest: edge-node-2
[23:30:43] Transfer mode: host
[23:30:43] Relay node: edge-host-1

[23:30:43] === PRE-COPY LIVE MIGRATION ===
[23:30:43] Step 1: Checking source process...
[23:30:43]   Using PID from /home/ubuntu/gol.pid: 55587
[23:30:44]   Architecture: x86_64 (compatible)
[23:30:44] Step 2: Preparing dump directory...
[23:30:44] Step 3: Running 3 pre-dumps and transferring them while service keeps running...
[23:30:44]   Pre-dump 1/3...
[23:30:45]   Archiving and transferring pre-dump 1...
  Transferring /home/ubuntu/CRIU-gol-iter-0.tar.gz via relay node edge-host-1...
Setting up SSH trust: edge-node-1 → ubuntu@10.138.215.36
  Adding public key to destination's authorized_keys...
  Testing SSH connectivity...
  ✓ SSH trust ready
Setting up SSH trust: edge-host-1 → ubuntu@10.138.215.137
  Adding public key to destination's authorized_keys...
  Testing SSH connectivity...
  ✓ SSH trust ready
[23:30:56]   Pre-dump 2/3...
[23:30:57]   Archiving and transferring pre-dump 2...
  Transferring /home/ubuntu/CRIU-gol-iter-1.tar.gz via relay node edge-host-1...
Setting up SSH trust: edge-node-1 → ubuntu@10.138.215.36
  Adding public key to destination's authorized_keys...
  Testing SSH connectivity...
  ✓ SSH trust ready
Setting up SSH trust: edge-host-1 → ubuntu@10.138.215.137
  Adding public key to destination's authorized_keys...
  Testing SSH connectivity...
  ✓ SSH trust ready
[23:31:08]   Pre-dump 3/3...
[23:31:08]   Archiving and transferring pre-dump 3...
  Transferring /home/ubuntu/CRIU-gol-iter-2.tar.gz via relay node edge-host-1...
Setting up SSH trust: edge-node-1 → ubuntu@10.138.215.36
  Adding public key to destination's authorized_keys...
  Testing SSH connectivity...
  ✓ SSH trust ready
Setting up SSH trust: edge-host-1 → ubuntu@10.138.215.137
  Adding public key to destination's authorized_keys...
  Testing SSH connectivity...
  ✓ SSH trust ready
[23:31:19]   Total pre-dump time: 34880 ms
[23:31:19]   Pre-copy transfer outside downtime: archive=3819 ms, transfer=24387 ms, unpack=1796 ms, bytes=29765099
[23:31:19] Step 4: Final dump (freezing service)...
[23:31:19]   Final dump time (freeze duration): 340 ms
[23:31:19] Step 5: Creating final dump archive...
[23:31:21]   Archive size: 6950262 bytes
[23:31:21] Step 6: Transferring archive...
  Transferring /home/ubuntu/CRIU-gol-final.tar.gz via relay node edge-host-1...
Setting up SSH trust: edge-node-1 → ubuntu@10.138.215.36
  Adding public key to destination's authorized_keys...
  Testing SSH connectivity...
  ✓ SSH trust ready
Setting up SSH trust: edge-host-1 → ubuntu@10.138.215.137
  Adding public key to destination's authorized_keys...
  Testing SSH connectivity...
  ✓ SSH trust ready
[23:31:29]   Transfer time: 8294 ms
[23:31:29] Step 7: Unpacking on destination...
[23:31:29] Step 7.5: Ensuring gol output file exists on destination...
[23:31:30] Step 7.8: Ensuring /tmp/gol binary is present on destination...
[23:31:30] Step 8: Restoring process...
[23:31:30]   Restore time: 334 ms
[23:31:31]   Restored PID: 55587 (written to /home/ubuntu/gol.pid)
[23:31:31] Step 9: Verifying migration...
[23:31:36] ✓ gol.out updated after migration (mtime 1778448693 → 1778448695), simulation running!
[23:31:36] Total downtime: 8968 ms (final_dump: 340 + transfer: 8294 + restore: 334)
[23:31:36] Pre-dump time (not counted as downtime): 34880 ms
[23:31:36] Effective bandwidth: 6.70 Mbps
[23:31:36] Metrics saved to /home/ivo/Evaluation-of-Live-Migration-Strategies-at-the-Edge/Game-of-life-migration/metrics/migration_metrics.csv
[exit=0]

$ python3 /home/ivo/Evaluation-of-Live-Migration-Strategies-at-the-Edge/Game-of-life-migration/scripts/setup/reset_nodes.py edge-node-1 edge-node-2
[23:31:37] Resetting nodes: edge-node-1 -> edge-node-2
[23:31:37] Step 1: Killing any existing processes on source...
[23:31:37]   Killing PID 55587 (from /home/ubuntu/app.pid)
[23:31:38]   Killing PID 55587 (from /home/ubuntu/gol.pid)
[23:31:38]   Killing any remaining background processes...
[23:31:40] Step 2: Cleaning source node...
[23:31:41] Step 3: Cleaning destination node...
[23:31:41]   Killing PID 55587 on destination (from /home/ubuntu/app.pid)
[23:31:42]   Killing PID 55587 on destination (from /home/ubuntu/gol.pid)
[23:31:42]   Killing all remaining gol processes on destination...
[23:31:46] ✓ Reset complete, nodes are clean
[23:31:46]   Next: Start your application
[exit=0]

$ bash /home/ivo/Evaluation-of-Live-Migration-Strategies-at-the-Edge/Game-of-life-migration/scripts/workloads/start_gol_c.sh edge-node-1
[23:31:46] Ensuring gol binary on edge-node-1...
[23:31:46] Reusing existing /tmp/gol on edge-node-1
[23:31:46] Starting gol on edge-node-1...
[23:31:46] Grid: 2048x2048 (two uint32 grids, approx 32 MiB heap)
[23:31:46] Output mode: summary
[23:31:46] Pattern: random
[23:31:47] ✓ Gol started
[exit=0]
[repeat] warmup 2s

$ python3 /home/ivo/Evaluation-of-Live-Migration-Strategies-at-the-Edge/Game-of-life-migration/scripts/orchestrators/criu_benchmark.py precopy --source edge-node-1 --dest edge-node-2 --transfer-mode direct --run-id 10-05-2026-direct-precopy-0000 --iterations 3 --profile-name 2_5G
[23:31:50] Starting precopy migration...
[23:31:50] Source: edge-node-1, Dest: edge-node-2
[23:31:50] Transfer mode: direct

[23:31:50] === PRE-COPY LIVE MIGRATION ===
[23:31:50] Step 1: Checking source process...
[23:31:50]   Using PID from /home/ubuntu/gol.pid: 58290
[23:31:51]   Architecture: x86_64 (compatible)
[23:31:51] Step 2: Preparing dump directory...
[23:31:51] Step 3: Running 3 pre-dumps and transferring them while service keeps running...
[23:31:51]   Pre-dump 1/3...
[23:31:52]   Archiving and transferring pre-dump 1...
Setting up SSH trust: edge-node-1 → ubuntu@10.138.215.137
  Adding public key to destination's authorized_keys...
  Testing SSH connectivity...
  ✓ SSH trust ready
  Transferring /home/ubuntu/CRIU-gol-iter-0.tar.gz via SCP...
[23:31:59]   Pre-dump 2/3...
[23:31:59]   Archiving and transferring pre-dump 2...
Setting up SSH trust: edge-node-1 → ubuntu@10.138.215.137
  Adding public key to destination's authorized_keys...
  Testing SSH connectivity...
  ✓ SSH trust ready
  Transferring /home/ubuntu/CRIU-gol-iter-1.tar.gz via SCP...
[23:32:06]   Pre-dump 3/3...
[23:32:06]   Archiving and transferring pre-dump 3...
Setting up SSH trust: edge-node-1 → ubuntu@10.138.215.137
  Adding public key to destination's authorized_keys...
  Testing SSH connectivity...
  ✓ SSH trust ready
  Transferring /home/ubuntu/CRIU-gol-iter-2.tar.gz via SCP...
[23:32:13]   Total pre-dump time: 21808 ms
[23:32:13]   Pre-copy transfer outside downtime: archive=4097 ms, transfer=11294 ms, unpack=1566 ms, bytes=31911425
[23:32:13] Step 4: Final dump (freezing service)...
[23:32:14]   Final dump time (freeze duration): 341 ms
[23:32:14] Step 5: Creating final dump archive...
[23:32:15]   Archive size: 7987075 bytes
[23:32:15] Step 6: Transferring archive...
[23:32:15]   Setting up direct SSH trust...
Setting up SSH trust: edge-node-1 → ubuntu@10.138.215.137
  Adding public key to destination's authorized_keys...
  Testing SSH connectivity...
  ✓ SSH trust ready
Setting up SSH trust: edge-node-1 → ubuntu@10.138.215.137
  Adding public key to destination's authorized_keys...
  Testing SSH connectivity...
  ✓ SSH trust ready
  Transferring /home/ubuntu/CRIU-gol-final.tar.gz via SCP...
[23:32:21]   Transfer time: 3906 ms
[23:32:21] Step 7: Unpacking on destination...
[23:32:21] Step 7.5: Ensuring gol output file exists on destination...
[23:32:22] Step 7.8: Ensuring /tmp/gol binary is present on destination...
[23:32:22] Step 8: Restoring process...
[23:32:22]   Restore time: 315 ms
[23:32:23]   Restored PID: 58290 (written to /home/ubuntu/gol.pid)
[23:32:23] Step 9: Verifying migration...
[23:32:28] ✓ gol.out updated after migration (mtime 1778448745 → 1778448747), simulation running!
[23:32:28] Total downtime: 4562 ms (final_dump: 341 + transfer: 3906 + restore: 315)
[23:32:28] Pre-dump time (not counted as downtime): 21808 ms
[23:32:28] Effective bandwidth: 16.36 Mbps
[23:32:28] Metrics saved to /home/ivo/Evaluation-of-Live-Migration-Strategies-at-the-Edge/Game-of-life-migration/metrics/migration_metrics.csv
[exit=0]

$ python3 /home/ivo/Evaluation-of-Live-Migration-Strategies-at-the-Edge/Game-of-life-migration/scripts/setup/reset_nodes.py edge-node-1 edge-node-2
[23:32:29] Resetting nodes: edge-node-1 -> edge-node-2
[23:32:29] Step 1: Killing any existing processes on source...
[23:32:29]   Killing PID 58290 (from /home/ubuntu/app.pid)
[23:32:29]   Killing PID 58290 (from /home/ubuntu/gol.pid)
[23:32:30]   Killing any remaining background processes...
[23:32:31] Step 2: Cleaning source node...
[23:32:32] Step 3: Cleaning destination node...
[23:32:33]   Killing PID 58290 on destination (from /home/ubuntu/app.pid)
[23:32:33]   Killing PID 58290 on destination (from /home/ubuntu/gol.pid)
[23:32:34]   Killing all remaining gol processes on destination...
[23:32:37] ✓ Reset complete, nodes are clean
[23:32:37]   Next: Start your application
[exit=0]

$ bash /home/ivo/Evaluation-of-Live-Migration-Strategies-at-the-Edge/Game-of-life-migration/scripts/workloads/start_gol_c.sh edge-node-1
[23:32:37] Ensuring gol binary on edge-node-1...
[23:32:38] Reusing existing /tmp/gol on edge-node-1
[23:32:38] Starting gol on edge-node-1...
[23:32:38] Grid: 2048x2048 (two uint32 grids, approx 32 MiB heap)
[23:32:38] Output mode: summary
[23:32:38] Pattern: random
[23:32:39] ✓ Gol started
[exit=0]
[repeat] warmup 2s

$ python3 /home/ivo/Evaluation-of-Live-Migration-Strategies-at-the-Edge/Game-of-life-migration/scripts/orchestrators/criu_benchmark.py precopy --source edge-node-1 --dest edge-node-2 --transfer-mode direct --run-id 10-05-2026-direct-precopy-0001 --iterations 3 --profile-name 2_5G
[23:32:42] Starting precopy migration...
[23:32:42] Source: edge-node-1, Dest: edge-node-2
[23:32:42] Transfer mode: direct

[23:32:42] === PRE-COPY LIVE MIGRATION ===
[23:32:42] Step 1: Checking source process...
[23:32:42]   Using PID from /home/ubuntu/gol.pid: 60929
[23:32:43]   Architecture: x86_64 (compatible)
[23:32:43] Step 2: Preparing dump directory...
[23:32:43] Step 3: Running 3 pre-dumps and transferring them while service keeps running...
[23:32:43]   Pre-dump 1/3...
[23:32:43]   Archiving and transferring pre-dump 1...
Setting up SSH trust: edge-node-1 → ubuntu@10.138.215.137
  Adding public key to destination's authorized_keys...
  Testing SSH connectivity...
  ✓ SSH trust ready
  Transferring /home/ubuntu/CRIU-gol-iter-0.tar.gz via SCP...
[23:32:51]   Pre-dump 2/3...
[23:32:51]   Archiving and transferring pre-dump 2...
Setting up SSH trust: edge-node-1 → ubuntu@10.138.215.137
  Adding public key to destination's authorized_keys...
  Testing SSH connectivity...
  ✓ SSH trust ready
  Transferring /home/ubuntu/CRIU-gol-iter-1.tar.gz via SCP...
[23:32:58]   Pre-dump 3/3...
[23:32:58]   Archiving and transferring pre-dump 3...
Setting up SSH trust: edge-node-1 → ubuntu@10.138.215.137
  Adding public key to destination's authorized_keys...
  Testing SSH connectivity...
  ✓ SSH trust ready
  Transferring /home/ubuntu/CRIU-gol-iter-2.tar.gz via SCP...
[23:33:04]   Total pre-dump time: 21444 ms
[23:33:04]   Pre-copy transfer outside downtime: archive=4083 ms, transfer=10971 ms, unpack=1524 ms, bytes=31913019
[23:33:04] Step 4: Final dump (freezing service)...
[23:33:05]   Final dump time (freeze duration): 322 ms
[23:33:05] Step 5: Creating final dump archive...
[23:33:06]   Archive size: 7987119 bytes
[23:33:06] Step 6: Transferring archive...
[23:33:06]   Setting up direct SSH trust...
Setting up SSH trust: edge-node-1 → ubuntu@10.138.215.137
  Adding public key to destination's authorized_keys...
  Testing SSH connectivity...
  ✓ SSH trust ready
Setting up SSH trust: edge-node-1 → ubuntu@10.138.215.137
  Adding public key to destination's authorized_keys...
  Testing SSH connectivity...
  ✓ SSH trust ready
  Transferring /home/ubuntu/CRIU-gol-final.tar.gz via SCP...
[23:33:12]   Transfer time: 4057 ms
[23:33:12] Step 7: Unpacking on destination...
[23:33:13] Step 7.5: Ensuring gol output file exists on destination...
[23:33:13] Step 7.8: Ensuring /tmp/gol binary is present on destination...
[23:33:13] Step 8: Restoring process...
[23:33:14]   Restore time: 366 ms
[23:33:14]   Restored PID: 60929 (written to /home/ubuntu/gol.pid)
[23:33:14] Step 9: Verifying migration...
[23:33:20] ✓ gol.out updated after migration (mtime 1778448796 → 1778448799), simulation running!
[23:33:20] Total downtime: 4745 ms (final_dump: 322 + transfer: 4057 + restore: 366)
[23:33:20] Pre-dump time (not counted as downtime): 21444 ms
[23:33:20] Effective bandwidth: 15.75 Mbps
[23:33:20] Metrics saved to /home/ivo/Evaluation-of-Live-Migration-Strategies-at-the-Edge/Game-of-life-migration/metrics/migration_metrics.csv
[exit=0]

$ python3 /home/ivo/Evaluation-of-Live-Migration-Strategies-at-the-Edge/Game-of-life-migration/scripts/setup/reset_nodes.py edge-node-1 edge-node-2
[23:33:20] Resetting nodes: edge-node-1 -> edge-node-2
[23:33:20] Step 1: Killing any existing processes on source...
[23:33:20]   Killing PID 60929 (from /home/ubuntu/app.pid)
[23:33:21]   Killing PID 60929 (from /home/ubuntu/gol.pid)
[23:33:22]   Killing any remaining background processes...
[23:33:23] Step 2: Cleaning source node...
[23:33:24] Step 3: Cleaning destination node...
[23:33:24]   Killing PID 60929 on destination (from /home/ubuntu/app.pid)
[23:33:25]   Killing PID 60929 on destination (from /home/ubuntu/gol.pid)
[23:33:26]   Killing all remaining gol processes on destination...
[23:33:29] ✓ Reset complete, nodes are clean
[23:33:29]   Next: Start your application
[exit=0]

$ bash /home/ivo/Evaluation-of-Live-Migration-Strategies-at-the-Edge/Game-of-life-migration/scripts/workloads/start_gol_c.sh edge-node-1
[23:33:29] Ensuring gol binary on edge-node-1...
[23:33:29] Reusing existing /tmp/gol on edge-node-1
[23:33:29] Starting gol on edge-node-1...
[23:33:29] Grid: 2048x2048 (two uint32 grids, approx 32 MiB heap)
[23:33:29] Output mode: summary
[23:33:29] Pattern: random
[23:33:30] ✓ Gol started
[exit=0]
[repeat] warmup 2s

$ python3 /home/ivo/Evaluation-of-Live-Migration-Strategies-at-the-Edge/Game-of-life-migration/scripts/orchestrators/criu_benchmark.py precopy --source edge-node-1 --dest edge-node-2 --transfer-mode direct --run-id 10-05-2026-direct-precopy-0002 --iterations 3 --profile-name 2_5G
[23:33:33] Starting precopy migration...
[23:33:33] Source: edge-node-1, Dest: edge-node-2
[23:33:33] Transfer mode: direct

[23:33:33] === PRE-COPY LIVE MIGRATION ===
[23:33:33] Step 1: Checking source process...
[23:33:33]   Using PID from /home/ubuntu/gol.pid: 63559
[23:33:34]   Architecture: x86_64 (compatible)
[23:33:34] Step 2: Preparing dump directory...
[23:33:34] Step 3: Running 3 pre-dumps and transferring them while service keeps running...
[23:33:34]   Pre-dump 1/3...
[23:33:35]   Archiving and transferring pre-dump 1...
Setting up SSH trust: edge-node-1 → ubuntu@10.138.215.137
  Adding public key to destination's authorized_keys...
  Testing SSH connectivity...
  ✓ SSH trust ready
  Transferring /home/ubuntu/CRIU-gol-iter-0.tar.gz via SCP...
[23:33:42]   Pre-dump 2/3...
[23:33:42]   Archiving and transferring pre-dump 2...
Setting up SSH trust: edge-node-1 → ubuntu@10.138.215.137
  Adding public key to destination's authorized_keys...
  Testing SSH connectivity...
  ✓ SSH trust ready
  Transferring /home/ubuntu/CRIU-gol-iter-1.tar.gz via SCP...
[23:33:49]   Pre-dump 3/3...
[23:33:49]   Archiving and transferring pre-dump 3...
Setting up SSH trust: edge-node-1 → ubuntu@10.138.215.137
  Adding public key to destination's authorized_keys...
  Testing SSH connectivity...
  ✓ SSH trust ready
  Transferring /home/ubuntu/CRIU-gol-iter-2.tar.gz via SCP...
[23:33:56]   Total pre-dump time: 21621 ms
[23:33:56]   Pre-copy transfer outside downtime: archive=4048 ms, transfer=11299 ms, unpack=1514 ms, bytes=31911425
[23:33:56] Step 4: Final dump (freezing service)...
[23:33:56]   Final dump time (freeze duration): 404 ms
[23:33:56] Step 5: Creating final dump archive...
[23:33:58]   Archive size: 7986871 bytes
[23:33:58] Step 6: Transferring archive...
[23:33:58]   Setting up direct SSH trust...
Setting up SSH trust: edge-node-1 → ubuntu@10.138.215.137
  Adding public key to destination's authorized_keys...
  Testing SSH connectivity...
  ✓ SSH trust ready
Setting up SSH trust: edge-node-1 → ubuntu@10.138.215.137
  Adding public key to destination's authorized_keys...
  Testing SSH connectivity...
  ✓ SSH trust ready
  Transferring /home/ubuntu/CRIU-gol-final.tar.gz via SCP...
[23:34:03]   Transfer time: 3705 ms
[23:34:03] Step 7: Unpacking on destination...
[23:34:04] Step 7.5: Ensuring gol output file exists on destination...
[23:34:04] Step 7.8: Ensuring /tmp/gol binary is present on destination...
[23:34:04] Step 8: Restoring process...
[23:34:05]   Restore time: 324 ms
[23:34:05]   Restored PID: 63559 (written to /home/ubuntu/gol.pid)
[23:34:05] Step 9: Verifying migration...
[23:34:11] ✓ gol.out updated after migration (mtime 1778448847 → 1778448850), simulation running!
[23:34:11] Total downtime: 4433 ms (final_dump: 404 + transfer: 3705 + restore: 324)
[23:34:11] Pre-dump time (not counted as downtime): 21621 ms
[23:34:11] Effective bandwidth: 17.25 Mbps
[23:34:11] Metrics saved to /home/ivo/Evaluation-of-Live-Migration-Strategies-at-the-Edge/Game-of-life-migration/metrics/migration_metrics.csv
[exit=0]

$ python3 /home/ivo/Evaluation-of-Live-Migration-Strategies-at-the-Edge/Game-of-life-migration/scripts/setup/reset_nodes.py edge-node-1 edge-node-2
[23:34:11] Resetting nodes: edge-node-1 -> edge-node-2
[23:34:11] Step 1: Killing any existing processes on source...
[23:34:12]   Killing PID 63559 (from /home/ubuntu/app.pid)
[23:34:12]   Killing PID 63559 (from /home/ubuntu/gol.pid)
[23:34:13]   Killing any remaining background processes...
[23:34:14] Step 2: Cleaning source node...
[23:34:15] Step 3: Cleaning destination node...
[23:34:16]   Killing PID 63559 on destination (from /home/ubuntu/app.pid)
[23:34:16]   Killing PID 63559 on destination (from /home/ubuntu/gol.pid)
[23:34:17]   Killing all remaining gol processes on destination...
[23:34:20] ✓ Reset complete, nodes are clean
[23:34:20]   Next: Start your application
[exit=0]

$ bash /home/ivo/Evaluation-of-Live-Migration-Strategies-at-the-Edge/Game-of-life-migration/scripts/workloads/start_gol_c.sh edge-node-1
[23:34:20] Ensuring gol binary on edge-node-1...
[23:34:21] Reusing existing /tmp/gol on edge-node-1
[23:34:21] Starting gol on edge-node-1...
[23:34:21] Grid: 2048x2048 (two uint32 grids, approx 32 MiB heap)
[23:34:21] Output mode: summary
[23:34:21] Pattern: random
[23:34:22] ✓ Gol started
[exit=0]
[repeat] warmup 2s

$ python3 /home/ivo/Evaluation-of-Live-Migration-Strategies-at-the-Edge/Game-of-life-migration/scripts/orchestrators/criu_benchmark.py precopy --source edge-node-1 --dest edge-node-2 --transfer-mode direct --run-id 10-05-2026-direct-precopy-0003 --iterations 3 --profile-name 2_5G
[23:34:24] Starting precopy migration...
[23:34:24] Source: edge-node-1, Dest: edge-node-2
[23:34:24] Transfer mode: direct

[23:34:24] === PRE-COPY LIVE MIGRATION ===
[23:34:24] Step 1: Checking source process...
[23:34:25]   Using PID from /home/ubuntu/gol.pid: 66197
[23:34:25]   Architecture: x86_64 (compatible)
[23:34:25] Step 2: Preparing dump directory...
[23:34:26] Step 3: Running 3 pre-dumps and transferring them while service keeps running...
[23:34:26]   Pre-dump 1/3...
[23:34:26]   Archiving and transferring pre-dump 1...
Setting up SSH trust: edge-node-1 → ubuntu@10.138.215.137
  Adding public key to destination's authorized_keys...
  Testing SSH connectivity...
  ✓ SSH trust ready
  Transferring /home/ubuntu/CRIU-gol-iter-0.tar.gz via SCP...
[23:34:33]   Pre-dump 2/3...
[23:34:34]   Archiving and transferring pre-dump 2...
Setting up SSH trust: edge-node-1 → ubuntu@10.138.215.137
  Adding public key to destination's authorized_keys...
  Testing SSH connectivity...
  ✓ SSH trust ready
  Transferring /home/ubuntu/CRIU-gol-iter-1.tar.gz via SCP...
[23:34:41]   Pre-dump 3/3...
[23:34:41]   Archiving and transferring pre-dump 3...
Setting up SSH trust: edge-node-1 → ubuntu@10.138.215.137
  Adding public key to destination's authorized_keys...
  Testing SSH connectivity...
  ✓ SSH trust ready
  Transferring /home/ubuntu/CRIU-gol-iter-2.tar.gz via SCP...
[23:34:48]   Total pre-dump time: 22137 ms
[23:34:48]   Pre-copy transfer outside downtime: archive=4103 ms, transfer=11248 ms, unpack=1541 ms, bytes=31911376
[23:34:48] Step 4: Final dump (freezing service)...
[23:34:48]   Final dump time (freeze duration): 382 ms
[23:34:48] Step 5: Creating final dump archive...
[23:34:50]   Archive size: 7986957 bytes
[23:34:50] Step 6: Transferring archive...
[23:34:50]   Setting up direct SSH trust...
Setting up SSH trust: edge-node-1 → ubuntu@10.138.215.137
  Adding public key to destination's authorized_keys...
  Testing SSH connectivity...
  ✓ SSH trust ready
Setting up SSH trust: edge-node-1 → ubuntu@10.138.215.137
  Adding public key to destination's authorized_keys...
  Testing SSH connectivity...
  ✓ SSH trust ready
  Transferring /home/ubuntu/CRIU-gol-final.tar.gz via SCP...
[23:34:55]   Transfer time: 3537 ms
[23:34:55] Step 7: Unpacking on destination...
[23:34:56] Step 7.5: Ensuring gol output file exists on destination...
[23:34:56] Step 7.8: Ensuring /tmp/gol binary is present on destination...
[23:34:56] Step 8: Restoring process...
[23:34:57]   Restore time: 353 ms
[23:34:57]   Restored PID: 66197 (written to /home/ubuntu/gol.pid)
[23:34:57] Step 9: Verifying migration...
[23:35:03] ✓ gol.out updated after migration (mtime 1778448899 → 1778448902), simulation running!
[23:35:03] Total downtime: 4272 ms (final_dump: 382 + transfer: 3537 + restore: 353)
[23:35:03] Pre-dump time (not counted as downtime): 22137 ms
[23:35:03] Effective bandwidth: 18.06 Mbps
[23:35:03] Metrics saved to /home/ivo/Evaluation-of-Live-Migration-Strategies-at-the-Edge/Game-of-life-migration/metrics/migration_metrics.csv
[exit=0]

$ python3 /home/ivo/Evaluation-of-Live-Migration-Strategies-at-the-Edge/Game-of-life-migration/scripts/setup/reset_nodes.py edge-node-1 edge-node-2
[23:35:03] Resetting nodes: edge-node-1 -> edge-node-2
[23:35:03] Step 1: Killing any existing processes on source...
[23:35:03]   Killing PID 66197 (from /home/ubuntu/app.pid)
[23:35:04]   Killing PID 66197 (from /home/ubuntu/gol.pid)
[23:35:05]   Killing any remaining background processes...
[23:35:06] Step 2: Cleaning source node...
[23:35:07] Step 3: Cleaning destination node...
[23:35:07]   Killing PID 66197 on destination (from /home/ubuntu/app.pid)
[23:35:08]   Killing PID 66197 on destination (from /home/ubuntu/gol.pid)
[23:35:09]   Killing all remaining gol processes on destination...
[23:35:12] ✓ Reset complete, nodes are clean
[23:35:12]   Next: Start your application
[exit=0]

$ bash /home/ivo/Evaluation-of-Live-Migration-Strategies-at-the-Edge/Game-of-life-migration/scripts/workloads/start_gol_c.sh edge-node-1
[23:35:12] Ensuring gol binary on edge-node-1...
[23:35:13] Reusing existing /tmp/gol on edge-node-1
[23:35:13] Starting gol on edge-node-1...
[23:35:13] Grid: 2048x2048 (two uint32 grids, approx 32 MiB heap)
[23:35:13] Output mode: summary
[23:35:13] Pattern: random
[23:35:14] ✓ Gol started
[exit=0]
[repeat] warmup 2s

$ python3 /home/ivo/Evaluation-of-Live-Migration-Strategies-at-the-Edge/Game-of-life-migration/scripts/orchestrators/criu_benchmark.py precopy --source edge-node-1 --dest edge-node-2 --transfer-mode direct --run-id 10-05-2026-direct-precopy-0004 --iterations 3 --profile-name 2_5G
[23:35:17] Starting precopy migration...
[23:35:17] Source: edge-node-1, Dest: edge-node-2
[23:35:17] Transfer mode: direct

[23:35:17] === PRE-COPY LIVE MIGRATION ===
[23:35:17] Step 1: Checking source process...
[23:35:17]   Using PID from /home/ubuntu/gol.pid: 68836
[23:35:18]   Architecture: x86_64 (compatible)
[23:35:18] Step 2: Preparing dump directory...
[23:35:18] Step 3: Running 3 pre-dumps and transferring them while service keeps running...
[23:35:18]   Pre-dump 1/3...
[23:35:18]   Archiving and transferring pre-dump 1...
Setting up SSH trust: edge-node-1 → ubuntu@10.138.215.137
  Adding public key to destination's authorized_keys...
  Testing SSH connectivity...
  ✓ SSH trust ready
  Transferring /home/ubuntu/CRIU-gol-iter-0.tar.gz via SCP...
[23:35:26]   Pre-dump 2/3...
[23:35:26]   Archiving and transferring pre-dump 2...
Setting up SSH trust: edge-node-1 → ubuntu@10.138.215.137
  Adding public key to destination's authorized_keys...
  Testing SSH connectivity...
  ✓ SSH trust ready
  Transferring /home/ubuntu/CRIU-gol-iter-1.tar.gz via SCP...
[23:35:33]   Pre-dump 3/3...
[23:35:33]   Archiving and transferring pre-dump 3...
Setting up SSH trust: edge-node-1 → ubuntu@10.138.215.137
  Adding public key to destination's authorized_keys...
  Testing SSH connectivity...
  ✓ SSH trust ready
  Transferring /home/ubuntu/CRIU-gol-iter-2.tar.gz via SCP...
[23:35:40]   Total pre-dump time: 21486 ms
[23:35:40]   Pre-copy transfer outside downtime: archive=4014 ms, transfer=11083 ms, unpack=1548 ms, bytes=31812271
[23:35:40] Step 4: Final dump (freezing service)...
[23:35:40]   Final dump time (freeze duration): 339 ms
[23:35:40] Step 5: Creating final dump archive...
[23:35:42]   Archive size: 7987166 bytes
[23:35:42] Step 6: Transferring archive...
[23:35:42]   Setting up direct SSH trust...
Setting up SSH trust: edge-node-1 → ubuntu@10.138.215.137
  Adding public key to destination's authorized_keys...
  Testing SSH connectivity...
  ✓ SSH trust ready
Setting up SSH trust: edge-node-1 → ubuntu@10.138.215.137
  Adding public key to destination's authorized_keys...
  Testing SSH connectivity...
  ✓ SSH trust ready
  Transferring /home/ubuntu/CRIU-gol-final.tar.gz via SCP...
[23:35:47]   Transfer time: 3600 ms
[23:35:47] Step 7: Unpacking on destination...
[23:35:48] Step 7.5: Ensuring gol output file exists on destination...
[23:35:48] Step 7.8: Ensuring /tmp/gol binary is present on destination...
[23:35:48] Step 8: Restoring process...
[23:35:49]   Restore time: 314 ms
[23:35:49]   Restored PID: 68836 (written to /home/ubuntu/gol.pid)
[23:35:49] Step 9: Verifying migration...
[23:35:55] ✓ gol.out updated after migration (mtime 1778448951 → 1778448954), simulation running!
[23:35:55] Total downtime: 4253 ms (final_dump: 339 + transfer: 3600 + restore: 314)
[23:35:55] Pre-dump time (not counted as downtime): 21486 ms
[23:35:55] Effective bandwidth: 17.75 Mbps
[23:35:55] Metrics saved to /home/ivo/Evaluation-of-Live-Migration-Strategies-at-the-Edge/Game-of-life-migration/metrics/migration_metrics.csv
[exit=0]

$ python3 /home/ivo/Evaluation-of-Live-Migration-Strategies-at-the-Edge/Game-of-life-migration/scripts/setup/reset_nodes.py edge-node-1 edge-node-2
[23:35:55] Resetting nodes: edge-node-1 -> edge-node-2
[23:35:55] Step 1: Killing any existing processes on source...
[23:35:55]   Killing PID 68836 (from /home/ubuntu/app.pid)
[23:35:56]   Killing PID 68836 (from /home/ubuntu/gol.pid)
[23:35:56]   Killing any remaining background processes...
[23:35:58] Step 2: Cleaning source node...
[23:35:59] Step 3: Cleaning destination node...
[23:35:59]   Killing PID 68836 on destination (from /home/ubuntu/app.pid)
[23:36:00]   Killing PID 68836 on destination (from /home/ubuntu/gol.pid)
[23:36:00]   Killing all remaining gol processes on destination...
[23:36:04] ✓ Reset complete, nodes are clean
[23:36:04]   Next: Start your application
[exit=0]

$ bash /home/ivo/Evaluation-of-Live-Migration-Strategies-at-the-Edge/Game-of-life-migration/scripts/workloads/start_gol_c.sh edge-node-1
[23:36:04] Ensuring gol binary on edge-node-1...
[23:36:04] Reusing existing /tmp/gol on edge-node-1
[23:36:04] Starting gol on edge-node-1...
[23:36:04] Grid: 2048x2048 (two uint32 grids, approx 32 MiB heap)
[23:36:04] Output mode: summary
[23:36:04] Pattern: random
[23:36:05] ✓ Gol started
[exit=0]
[repeat] warmup 2s

$ python3 /home/ivo/Evaluation-of-Live-Migration-Strategies-at-the-Edge/Game-of-life-migration/scripts/orchestrators/criu_benchmark.py precopy --source edge-node-1 --dest edge-node-2 --transfer-mode direct --run-id 10-05-2026-direct-precopy-0005 --iterations 3 --profile-name 2_5G
[23:36:08] Starting precopy migration...
[23:36:08] Source: edge-node-1, Dest: edge-node-2
[23:36:08] Transfer mode: direct

[23:36:08] === PRE-COPY LIVE MIGRATION ===
[23:36:08] Step 1: Checking source process...
[23:36:08]   Using PID from /home/ubuntu/gol.pid: 71471
[23:36:09]   Architecture: x86_64 (compatible)
[23:36:09] Step 2: Preparing dump directory...
[23:36:09] Step 3: Running 3 pre-dumps and transferring them while service keeps running...
[23:36:09]   Pre-dump 1/3...
[23:36:10]   Archiving and transferring pre-dump 1...
Setting up SSH trust: edge-node-1 → ubuntu@10.138.215.137
  Adding public key to destination's authorized_keys...
  Testing SSH connectivity...
  ✓ SSH trust ready
  Transferring /home/ubuntu/CRIU-gol-iter-0.tar.gz via SCP...
[23:36:17]   Pre-dump 2/3...
[23:36:17]   Archiving and transferring pre-dump 2...
Setting up SSH trust: edge-node-1 → ubuntu@10.138.215.137
  Adding public key to destination's authorized_keys...
  Testing SSH connectivity...
  ✓ SSH trust ready
  Transferring /home/ubuntu/CRIU-gol-iter-1.tar.gz via SCP...
[23:36:24]   Pre-dump 3/3...
[23:36:24]   Archiving and transferring pre-dump 3...
Setting up SSH trust: edge-node-1 → ubuntu@10.138.215.137
  Adding public key to destination's authorized_keys...
  Testing SSH connectivity...
  ✓ SSH trust ready
  Transferring /home/ubuntu/CRIU-gol-iter-2.tar.gz via SCP...
[23:36:31]   Total pre-dump time: 21744 ms
[23:36:31]   Pre-copy transfer outside downtime: archive=4035 ms, transfer=11411 ms, unpack=1541 ms, bytes=31873830
[23:36:31] Step 4: Final dump (freezing service)...
[23:36:31]   Final dump time (freeze duration): 378 ms
[23:36:31] Step 5: Creating final dump archive...
[23:36:33]   Archive size: 7986930 bytes
[23:36:33] Step 6: Transferring archive...
[23:36:33]   Setting up direct SSH trust...
Setting up SSH trust: edge-node-1 → ubuntu@10.138.215.137
  Adding public key to destination's authorized_keys...
  Testing SSH connectivity...
  ✓ SSH trust ready
Setting up SSH trust: edge-node-1 → ubuntu@10.138.215.137
  Adding public key to destination's authorized_keys...
  Testing SSH connectivity...
  ✓ SSH trust ready
  Transferring /home/ubuntu/CRIU-gol-final.tar.gz via SCP...
[23:36:39]   Transfer time: 3710 ms
[23:36:39] Step 7: Unpacking on destination...
[23:36:39] Step 7.5: Ensuring gol output file exists on destination...
[23:36:39] Step 7.8: Ensuring /tmp/gol binary is present on destination...
[23:36:40] Step 8: Restoring process...
[23:36:40]   Restore time: 317 ms
[23:36:40]   Restored PID: 71471 (written to /home/ubuntu/gol.pid)
[23:36:40] Step 9: Verifying migration...
[23:36:46] ✓ gol.out updated after migration (mtime 1778449002 → 1778449005), simulation running!
[23:36:46] Total downtime: 4405 ms (final_dump: 378 + transfer: 3710 + restore: 317)
[23:36:46] Pre-dump time (not counted as downtime): 21744 ms
[23:36:46] Effective bandwidth: 17.22 Mbps
[23:36:46] Metrics saved to /home/ivo/Evaluation-of-Live-Migration-Strategies-at-the-Edge/Game-of-life-migration/metrics/migration_metrics.csv
[exit=0]

$ python3 /home/ivo/Evaluation-of-Live-Migration-Strategies-at-the-Edge/Game-of-life-migration/scripts/setup/reset_nodes.py edge-node-1 edge-node-2
[23:36:47] Resetting nodes: edge-node-1 -> edge-node-2
[23:36:47] Step 1: Killing any existing processes on source...
[23:36:47]   Killing PID 71471 (from /home/ubuntu/app.pid)
[23:36:48]   Killing PID 71471 (from /home/ubuntu/gol.pid)
[23:36:48]   Killing any remaining background processes...
[23:36:49] Step 2: Cleaning source node...
[23:36:51] Step 3: Cleaning destination node...
[23:36:51]   Killing PID 71471 on destination (from /home/ubuntu/app.pid)
[23:36:52]   Killing PID 71471 on destination (from /home/ubuntu/gol.pid)
[23:36:52]   Killing all remaining gol processes on destination...
[23:36:55] ✓ Reset complete, nodes are clean
[23:36:55]   Next: Start your application
[exit=0]

$ bash /home/ivo/Evaluation-of-Live-Migration-Strategies-at-the-Edge/Game-of-life-migration/scripts/workloads/start_gol_c.sh edge-node-1
[23:36:55] Ensuring gol binary on edge-node-1...
[23:36:56] Reusing existing /tmp/gol on edge-node-1
[23:36:56] Starting gol on edge-node-1...
[23:36:56] Grid: 2048x2048 (two uint32 grids, approx 32 MiB heap)
[23:36:56] Output mode: summary
[23:36:56] Pattern: random
[23:36:57] ✓ Gol started
[exit=0]
[repeat] warmup 2s

$ python3 /home/ivo/Evaluation-of-Live-Migration-Strategies-at-the-Edge/Game-of-life-migration/scripts/orchestrators/criu_benchmark.py precopy --source edge-node-1 --dest edge-node-2 --transfer-mode direct --run-id 10-05-2026-direct-precopy-0006 --iterations 3 --profile-name 2_5G
[23:36:59] Starting precopy migration...
[23:36:59] Source: edge-node-1, Dest: edge-node-2
[23:36:59] Transfer mode: direct

[23:36:59] === PRE-COPY LIVE MIGRATION ===
[23:36:59] Step 1: Checking source process...
[23:37:00]   Using PID from /home/ubuntu/gol.pid: 74110
[23:37:01]   Architecture: x86_64 (compatible)
[23:37:01] Step 2: Preparing dump directory...
[23:37:01] Step 3: Running 3 pre-dumps and transferring them while service keeps running...
[23:37:01]   Pre-dump 1/3...
[23:37:01]   Archiving and transferring pre-dump 1...
Setting up SSH trust: edge-node-1 → ubuntu@10.138.215.137
  Adding public key to destination's authorized_keys...
  Testing SSH connectivity...
  ✓ SSH trust ready
  Transferring /home/ubuntu/CRIU-gol-iter-0.tar.gz via SCP...
[23:37:08]   Pre-dump 2/3...
[23:37:09]   Archiving and transferring pre-dump 2...
Setting up SSH trust: edge-node-1 → ubuntu@10.138.215.137
  Adding public key to destination's authorized_keys...
  Testing SSH connectivity...
  ✓ SSH trust ready
  Transferring /home/ubuntu/CRIU-gol-iter-1.tar.gz via SCP...
[23:37:16]   Pre-dump 3/3...
[23:37:16]   Archiving and transferring pre-dump 3...
Setting up SSH trust: edge-node-1 → ubuntu@10.138.215.137
  Adding public key to destination's authorized_keys...
  Testing SSH connectivity...
  ✓ SSH trust ready
  Transferring /home/ubuntu/CRIU-gol-iter-2.tar.gz via SCP...
[23:37:23]   Total pre-dump time: 22056 ms
[23:37:23]   Pre-copy transfer outside downtime: archive=4045 ms, transfer=11697 ms, unpack=1547 ms, bytes=31911410
[23:37:23] Step 4: Final dump (freezing service)...
[23:37:23]   Final dump time (freeze duration): 322 ms
[23:37:23] Step 5: Creating final dump archive...
[23:37:25]   Archive size: 7987113 bytes
[23:37:25] Step 6: Transferring archive...
[23:37:25]   Setting up direct SSH trust...
Setting up SSH trust: edge-node-1 → ubuntu@10.138.215.137
  Adding public key to destination's authorized_keys...
  Testing SSH connectivity...
  ✓ SSH trust ready
Setting up SSH trust: edge-node-1 → ubuntu@10.138.215.137
  Adding public key to destination's authorized_keys...
  Testing SSH connectivity...
  ✓ SSH trust ready
  Transferring /home/ubuntu/CRIU-gol-final.tar.gz via SCP...
[23:37:31]   Transfer time: 3876 ms
[23:37:31] Step 7: Unpacking on destination...
[23:37:31] Step 7.5: Ensuring gol output file exists on destination...
[23:37:31] Step 7.8: Ensuring /tmp/gol binary is present on destination...
[23:37:32] Step 8: Restoring process...
[23:37:32]   Restore time: 322 ms
[23:37:32]   Restored PID: 74110 (written to /home/ubuntu/gol.pid)
[23:37:32] Step 9: Verifying migration...
[23:37:38] ✓ gol.out updated after migration (mtime 1778449055 → 1778449057), simulation running!
[23:37:38] Total downtime: 4520 ms (final_dump: 322 + transfer: 3876 + restore: 322)
[23:37:38] Pre-dump time (not counted as downtime): 22056 ms
[23:37:38] Effective bandwidth: 16.49 Mbps
[23:37:38] Metrics saved to /home/ivo/Evaluation-of-Live-Migration-Strategies-at-the-Edge/Game-of-life-migration/metrics/migration_metrics.csv
[exit=0]

$ python3 /home/ivo/Evaluation-of-Live-Migration-Strategies-at-the-Edge/Game-of-life-migration/scripts/setup/reset_nodes.py edge-node-1 edge-node-2
[23:37:38] Resetting nodes: edge-node-1 -> edge-node-2
[23:37:38] Step 1: Killing any existing processes on source...
[23:37:39]   Killing PID 74110 (from /home/ubuntu/app.pid)
[23:37:39]   Killing PID 74110 (from /home/ubuntu/gol.pid)
[23:37:40]   Killing any remaining background processes...
[23:37:41] Step 2: Cleaning source node...
[23:37:43] Step 3: Cleaning destination node...
[23:37:43]   Killing PID 74110 on destination (from /home/ubuntu/app.pid)
[23:37:44]   Killing PID 74110 on destination (from /home/ubuntu/gol.pid)
[23:37:44]   Killing all remaining gol processes on destination...
[23:37:47] ✓ Reset complete, nodes are clean
[23:37:47]   Next: Start your application
[exit=0]

$ bash /home/ivo/Evaluation-of-Live-Migration-Strategies-at-the-Edge/Game-of-life-migration/scripts/workloads/start_gol_c.sh edge-node-1
[23:37:47] Ensuring gol binary on edge-node-1...
[23:37:48] Reusing existing /tmp/gol on edge-node-1
[23:37:48] Starting gol on edge-node-1...
[23:37:48] Grid: 2048x2048 (two uint32 grids, approx 32 MiB heap)
[23:37:48] Output mode: summary
[23:37:48] Pattern: random
[23:37:49] ✓ Gol started
[exit=0]
[repeat] warmup 2s

$ python3 /home/ivo/Evaluation-of-Live-Migration-Strategies-at-the-Edge/Game-of-life-migration/scripts/orchestrators/criu_benchmark.py precopy --source edge-node-1 --dest edge-node-2 --transfer-mode direct --run-id 10-05-2026-direct-precopy-0007 --iterations 3 --profile-name 2_5G
[23:37:52] Starting precopy migration...
[23:37:52] Source: edge-node-1, Dest: edge-node-2
[23:37:52] Transfer mode: direct

[23:37:52] === PRE-COPY LIVE MIGRATION ===
[23:37:52] Step 1: Checking source process...
[23:37:52]   Using PID from /home/ubuntu/gol.pid: 76745
[23:37:53]   Architecture: x86_64 (compatible)
[23:37:53] Step 2: Preparing dump directory...
[23:37:53] Step 3: Running 3 pre-dumps and transferring them while service keeps running...
[23:37:53]   Pre-dump 1/3...
[23:37:53]   Archiving and transferring pre-dump 1...
Setting up SSH trust: edge-node-1 → ubuntu@10.138.215.137
  Adding public key to destination's authorized_keys...
  Testing SSH connectivity...
  ✓ SSH trust ready
  Transferring /home/ubuntu/CRIU-gol-iter-0.tar.gz via SCP...
[23:38:01]   Pre-dump 2/3...
[23:38:01]   Archiving and transferring pre-dump 2...
Setting up SSH trust: edge-node-1 → ubuntu@10.138.215.137
  Adding public key to destination's authorized_keys...
  Testing SSH connectivity...
  ✓ SSH trust ready
  Transferring /home/ubuntu/CRIU-gol-iter-1.tar.gz via SCP...
[23:38:08]   Pre-dump 3/3...
[23:38:08]   Archiving and transferring pre-dump 3...
Setting up SSH trust: edge-node-1 → ubuntu@10.138.215.137
  Adding public key to destination's authorized_keys...
  Testing SSH connectivity...
  ✓ SSH trust ready
  Transferring /home/ubuntu/CRIU-gol-iter-2.tar.gz via SCP...
[23:38:15]   Total pre-dump time: 21947 ms
[23:38:15]   Pre-copy transfer outside downtime: archive=4071 ms, transfer=11281 ms, unpack=1820 ms, bytes=31912990
[23:38:15] Step 4: Final dump (freezing service)...
[23:38:15]   Final dump time (freeze duration): 315 ms
[23:38:15] Step 5: Creating final dump archive...
[23:38:17]   Archive size: 7987204 bytes
[23:38:17] Step 6: Transferring archive...
[23:38:17]   Setting up direct SSH trust...
Setting up SSH trust: edge-node-1 → ubuntu@10.138.215.137
  Adding public key to destination's authorized_keys...
  Testing SSH connectivity...
  ✓ SSH trust ready
Setting up SSH trust: edge-node-1 → ubuntu@10.138.215.137
  Adding public key to destination's authorized_keys...
  Testing SSH connectivity...
  ✓ SSH trust ready
  Transferring /home/ubuntu/CRIU-gol-final.tar.gz via SCP...
[23:38:22]   Transfer time: 3739 ms
[23:38:22] Step 7: Unpacking on destination...
[23:38:23] Step 7.5: Ensuring gol output file exists on destination...
[23:38:23] Step 7.8: Ensuring /tmp/gol binary is present on destination...
[23:38:24] Step 8: Restoring process...
[23:38:24]   Restore time: 325 ms
[23:38:24]   Restored PID: 76745 (written to /home/ubuntu/gol.pid)
[23:38:24] Step 9: Verifying migration...
[23:38:30] ✓ gol.out updated after migration (mtime 1778449106 → 1778449109), simulation running!
[23:38:30] Total downtime: 4379 ms (final_dump: 315 + transfer: 3739 + restore: 325)
[23:38:30] Pre-dump time (not counted as downtime): 21947 ms
[23:38:30] Effective bandwidth: 17.09 Mbps
[23:38:30] Metrics saved to /home/ivo/Evaluation-of-Live-Migration-Strategies-at-the-Edge/Game-of-life-migration/metrics/migration_metrics.csv
[exit=0]

$ python3 /home/ivo/Evaluation-of-Live-Migration-Strategies-at-the-Edge/Game-of-life-migration/scripts/setup/reset_nodes.py edge-node-1 edge-node-2
[23:38:30] Resetting nodes: edge-node-1 -> edge-node-2
[23:38:30] Step 1: Killing any existing processes on source...
[23:38:30]   Killing PID 76745 (from /home/ubuntu/app.pid)
[23:38:31]   Killing PID 76745 (from /home/ubuntu/gol.pid)
[23:38:32]   Killing any remaining background processes...
[23:38:33] Step 2: Cleaning source node...
[23:38:34] Step 3: Cleaning destination node...
[23:38:35]   Killing PID 76745 on destination (from /home/ubuntu/app.pid)
[23:38:35]   Killing PID 76745 on destination (from /home/ubuntu/gol.pid)
[23:38:36]   Killing all remaining gol processes on destination...
[23:38:39] ✓ Reset complete, nodes are clean
[23:38:39]   Next: Start your application
[exit=0]

$ bash /home/ivo/Evaluation-of-Live-Migration-Strategies-at-the-Edge/Game-of-life-migration/scripts/workloads/start_gol_c.sh edge-node-1
[23:38:39] Ensuring gol binary on edge-node-1...
[23:38:39] Reusing existing /tmp/gol on edge-node-1
[23:38:39] Starting gol on edge-node-1...
[23:38:39] Grid: 2048x2048 (two uint32 grids, approx 32 MiB heap)
[23:38:39] Output mode: summary
[23:38:39] Pattern: random
[23:38:41] ✓ Gol started
[exit=0]
[repeat] warmup 2s

$ python3 /home/ivo/Evaluation-of-Live-Migration-Strategies-at-the-Edge/Game-of-life-migration/scripts/orchestrators/criu_benchmark.py precopy --source edge-node-1 --dest edge-node-2 --transfer-mode direct --run-id 10-05-2026-direct-precopy-0008 --iterations 3 --profile-name 2_5G
[23:38:43] Starting precopy migration...
[23:38:43] Source: edge-node-1, Dest: edge-node-2
[23:38:43] Transfer mode: direct

[23:38:43] === PRE-COPY LIVE MIGRATION ===
[23:38:43] Step 1: Checking source process...
[23:38:44]   Using PID from /home/ubuntu/gol.pid: 79629
[23:38:44]   Architecture: x86_64 (compatible)
[23:38:44] Step 2: Preparing dump directory...
[23:38:44] Step 3: Running 3 pre-dumps and transferring them while service keeps running...
[23:38:44]   Pre-dump 1/3...
[23:38:45]   Archiving and transferring pre-dump 1...
Setting up SSH trust: edge-node-1 → ubuntu@10.138.215.137
  Adding public key to destination's authorized_keys...
  Testing SSH connectivity...
  ✓ SSH trust ready
  Transferring /home/ubuntu/CRIU-gol-iter-0.tar.gz via SCP...
[23:38:52]   Pre-dump 2/3...
[23:38:52]   Archiving and transferring pre-dump 2...
Setting up SSH trust: edge-node-1 → ubuntu@10.138.215.137
  Adding public key to destination's authorized_keys...
  Testing SSH connectivity...
  ✓ SSH trust ready
  Transferring /home/ubuntu/CRIU-gol-iter-1.tar.gz via SCP...
[23:38:59]   Pre-dump 3/3...
[23:39:00]   Archiving and transferring pre-dump 3...
Setting up SSH trust: edge-node-1 → ubuntu@10.138.215.137
  Adding public key to destination's authorized_keys...
  Testing SSH connectivity...
  ✓ SSH trust ready
  Transferring /home/ubuntu/CRIU-gol-iter-2.tar.gz via SCP...
[23:39:06]   Total pre-dump time: 21731 ms
[23:39:06]   Pre-copy transfer outside downtime: archive=4056 ms, transfer=11374 ms, unpack=1502 ms, bytes=31888338
[23:39:06] Step 4: Final dump (freezing service)...
[23:39:06]   Final dump time (freeze duration): 325 ms
[23:39:06] Step 5: Creating final dump archive...
[23:39:08]   Archive size: 7987084 bytes
[23:39:08] Step 6: Transferring archive...
[23:39:08]   Setting up direct SSH trust...
Setting up SSH trust: edge-node-1 → ubuntu@10.138.215.137
  Adding public key to destination's authorized_keys...
  Testing SSH connectivity...
  ✓ SSH trust ready
Setting up SSH trust: edge-node-1 → ubuntu@10.138.215.137
  Adding public key to destination's authorized_keys...
  Testing SSH connectivity...
  ✓ SSH trust ready
  Transferring /home/ubuntu/CRIU-gol-final.tar.gz via SCP...
[23:39:14]   Transfer time: 3716 ms
[23:39:14] Step 7: Unpacking on destination...
[23:39:14] Step 7.5: Ensuring gol output file exists on destination...
[23:39:15] Step 7.8: Ensuring /tmp/gol binary is present on destination...
[23:39:15] Step 8: Restoring process...
[23:39:15]   Restore time: 350 ms
[23:39:16]   Restored PID: 79629 (written to /home/ubuntu/gol.pid)
[23:39:16] Step 9: Verifying migration...
[23:39:21] ✓ gol.out updated after migration (mtime 1778449158 → 1778449161), simulation running!
[23:39:21] Total downtime: 4391 ms (final_dump: 325 + transfer: 3716 + restore: 350)
[23:39:21] Pre-dump time (not counted as downtime): 21731 ms
[23:39:21] Effective bandwidth: 17.20 Mbps
[23:39:21] Metrics saved to /home/ivo/Evaluation-of-Live-Migration-Strategies-at-the-Edge/Game-of-life-migration/metrics/migration_metrics.csv
[exit=0]

$ python3 /home/ivo/Evaluation-of-Live-Migration-Strategies-at-the-Edge/Game-of-life-migration/scripts/setup/reset_nodes.py edge-node-1 edge-node-2
[23:39:22] Resetting nodes: edge-node-1 -> edge-node-2
[23:39:22] Step 1: Killing any existing processes on source...
[23:39:22]   Killing PID 79629 (from /home/ubuntu/app.pid)
[23:39:23]   Killing PID 79629 (from /home/ubuntu/gol.pid)
[23:39:23]   Killing any remaining background processes...
[23:39:25] Step 2: Cleaning source node...
[23:39:26] Step 3: Cleaning destination node...
[23:39:26]   Killing PID 79629 on destination (from /home/ubuntu/app.pid)
[23:39:27]   Killing PID 79629 on destination (from /home/ubuntu/gol.pid)
[23:39:27]   Killing all remaining gol processes on destination...
[23:39:31] ✓ Reset complete, nodes are clean
[23:39:31]   Next: Start your application
[exit=0]

$ bash /home/ivo/Evaluation-of-Live-Migration-Strategies-at-the-Edge/Game-of-life-migration/scripts/workloads/start_gol_c.sh edge-node-1
[23:39:31] Ensuring gol binary on edge-node-1...
[23:39:31] Reusing existing /tmp/gol on edge-node-1
[23:39:31] Starting gol on edge-node-1...
[23:39:31] Grid: 2048x2048 (two uint32 grids, approx 32 MiB heap)
[23:39:31] Output mode: summary
[23:39:31] Pattern: random
[23:39:32] ✓ Gol started
[exit=0]
[repeat] warmup 2s

$ python3 /home/ivo/Evaluation-of-Live-Migration-Strategies-at-the-Edge/Game-of-life-migration/scripts/orchestrators/criu_benchmark.py precopy --source edge-node-1 --dest edge-node-2 --transfer-mode direct --run-id 10-05-2026-direct-precopy-0009 --iterations 3 --profile-name 2_5G
[23:39:35] Starting precopy migration...
[23:39:35] Source: edge-node-1, Dest: edge-node-2
[23:39:35] Transfer mode: direct

[23:39:35] === PRE-COPY LIVE MIGRATION ===
[23:39:35] Step 1: Checking source process...
[23:39:35]   Using PID from /home/ubuntu/gol.pid: 82267
[23:39:36]   Architecture: x86_64 (compatible)
[23:39:36] Step 2: Preparing dump directory...
[23:39:36] Step 3: Running 3 pre-dumps and transferring them while service keeps running...
[23:39:36]   Pre-dump 1/3...
[23:39:36]   Archiving and transferring pre-dump 1...
Setting up SSH trust: edge-node-1 → ubuntu@10.138.215.137
  Adding public key to destination's authorized_keys...
  Testing SSH connectivity...
  ✓ SSH trust ready
  Transferring /home/ubuntu/CRIU-gol-iter-0.tar.gz via SCP...
[23:39:43]   Pre-dump 2/3...
[23:39:44]   Archiving and transferring pre-dump 2...
Setting up SSH trust: edge-node-1 → ubuntu@10.138.215.137
  Adding public key to destination's authorized_keys...
  Testing SSH connectivity...
  ✓ SSH trust ready
  Transferring /home/ubuntu/CRIU-gol-iter-1.tar.gz via SCP...
[23:39:51]   Pre-dump 3/3...
[23:39:51]   Archiving and transferring pre-dump 3...
Setting up SSH trust: edge-node-1 → ubuntu@10.138.215.137
  Adding public key to destination's authorized_keys...
  Testing SSH connectivity...
  ✓ SSH trust ready
  Transferring /home/ubuntu/CRIU-gol-iter-2.tar.gz via SCP...
[23:39:58]   Total pre-dump time: 21801 ms
[23:39:58]   Pre-copy transfer outside downtime: archive=4057 ms, transfer=10950 ms, unpack=1499 ms, bytes=31912400
[23:39:58] Step 4: Final dump (freezing service)...
[23:39:58]   Final dump time (freeze duration): 299 ms
[23:39:58] Step 5: Creating final dump archive...
[23:40:00]   Archive size: 7987164 bytes
[23:40:00] Step 6: Transferring archive...
[23:40:00]   Setting up direct SSH trust...
Setting up SSH trust: edge-node-1 → ubuntu@10.138.215.137
  Adding public key to destination's authorized_keys...
  Testing SSH connectivity...
  ✓ SSH trust ready
Setting up SSH trust: edge-node-1 → ubuntu@10.138.215.137
  Adding public key to destination's authorized_keys...
  Testing SSH connectivity...
  ✓ SSH trust ready
  Transferring /home/ubuntu/CRIU-gol-final.tar.gz via SCP...
[23:40:05]   Transfer time: 3751 ms
[23:40:05] Step 7: Unpacking on destination...
[23:40:06] Step 7.5: Ensuring gol output file exists on destination...
[23:40:06] Step 7.8: Ensuring /tmp/gol binary is present on destination...
[23:40:06] Step 8: Restoring process...
[23:40:07]   Restore time: 323 ms
[23:40:07]   Restored PID: 82267 (written to /home/ubuntu/gol.pid)
[23:40:07] Step 9: Verifying migration...
[23:40:13] ✓ gol.out updated after migration (mtime 1778449209 → 1778449212), simulation running!
[23:40:13] Total downtime: 4373 ms (final_dump: 299 + transfer: 3751 + restore: 323)
[23:40:13] Pre-dump time (not counted as downtime): 21801 ms
[23:40:13] Effective bandwidth: 17.03 Mbps
[23:40:13] Metrics saved to /home/ivo/Evaluation-of-Live-Migration-Strategies-at-the-Edge/Game-of-life-migration/metrics/migration_metrics.csv
[exit=0]

$ python3 /home/ivo/Evaluation-of-Live-Migration-Strategies-at-the-Edge/Game-of-life-migration/scripts/setup/reset_nodes.py edge-node-1 edge-node-2
[23:40:13] Resetting nodes: edge-node-1 -> edge-node-2
[23:40:13] Step 1: Killing any existing processes on source...
[23:40:13]   Killing PID 82267 (from /home/ubuntu/app.pid)
[23:40:14]   Killing PID 82267 (from /home/ubuntu/gol.pid)
[23:40:15]   Killing any remaining background processes...
[23:40:16] Step 2: Cleaning source node...
[23:40:17] Step 3: Cleaning destination node...
[23:40:18]   Killing PID 82267 on destination (from /home/ubuntu/app.pid)
[23:40:18]   Killing PID 82267 on destination (from /home/ubuntu/gol.pid)
[23:40:19]   Killing all remaining gol processes on destination...
[23:40:22] ✓ Reset complete, nodes are clean
[23:40:22]   Next: Start your application
[exit=0]

$ bash /home/ivo/Evaluation-of-Live-Migration-Strategies-at-the-Edge/Game-of-life-migration/scripts/workloads/start_gol_c.sh edge-node-1
[23:40:22] Ensuring gol binary on edge-node-1...
[23:40:23] Reusing existing /tmp/gol on edge-node-1
[23:40:23] Starting gol on edge-node-1...
[23:40:23] Grid: 2048x2048 (two uint32 grids, approx 32 MiB heap)
[23:40:23] Output mode: summary
[23:40:23] Pattern: random
[23:40:24] ✓ Gol started
[exit=0]
[repeat] warmup 2s

$ python3 /home/ivo/Evaluation-of-Live-Migration-Strategies-at-the-Edge/Game-of-life-migration/scripts/orchestrators/criu_benchmark.py postcopy --source edge-node-1 --dest edge-node-2 --transfer-mode host --run-id 10-05-2026-host-postcopy-0000 --relay-node edge-host-1 --page-server-port 9999 --profile-name 2_5G
[23:40:26] Starting postcopy migration...
[23:40:26] Source: edge-node-1, Dest: edge-node-2
[23:40:26] Transfer mode: host
[23:40:26] Relay node: edge-host-1

[23:40:26] === POST-COPY (LAZY-PAGES) MIGRATION ===
[23:40:26] Step 1: Checking source process...
[23:40:27]   Using PID from /home/ubuntu/gol.pid: 84914
[23:40:28]   Page-server endpoint: 10.138.215.218:9999
[23:40:28] Step 2: Final dump (freezing service) with --lazy-pages...
[23:40:29]   Dump PID: 85338
[23:40:29]   Dump init time (approx freeze duration): 1136 ms
[23:40:29] Step 3: Page-server ready on source (served by dump process)
[23:40:29] Step 4: Creating archive...
[23:40:30]   Archive size: 25952 bytes
[23:40:30] Step 5: Transferring archive...
  Transferring /home/ubuntu/CRIU-gol.tar.gz via relay node edge-host-1...
Setting up SSH trust: edge-node-1 → ubuntu@10.138.215.36
  Adding public key to destination's authorized_keys...
  Testing SSH connectivity...
  ✓ SSH trust ready
Setting up SSH trust: edge-host-1 → ubuntu@10.138.215.137
  Adding public key to destination's authorized_keys...
  Testing SSH connectivity...
  ✓ SSH trust ready
[23:40:38]   Transfer time: 7833 ms
[23:40:38] Step 6: Unpacking on destination...
[23:40:38] Step 6.8: Ensuring /tmp/gol binary is present on destination...
[23:40:39] Step 7: Starting lazy-pages daemon on destination...
[23:40:39]   Lazy-pages PID: 87417
[23:40:39] Step 8: Restoring process...
[23:40:40]   Restore time: 352 ms
[23:40:40]   Restored PID: 84914 (written to /home/ubuntu/gol.pid)
[23:40:48] Step 9: Verifying migration...
[23:40:54] ✓ gol.out updated after migration (mtime 1778449251 → 1778449253), simulation running!
[23:40:54] Total downtime: 9321 ms (dump: 1136 + transfer: 7833 + restore: 352)
[23:40:55] Metrics saved to /home/ivo/Evaluation-of-Live-Migration-Strategies-at-the-Edge/Game-of-life-migration/metrics/migration_metrics.csv
[exit=0]

$ python3 /home/ivo/Evaluation-of-Live-Migration-Strategies-at-the-Edge/Game-of-life-migration/scripts/setup/reset_nodes.py edge-node-1 edge-node-2
[23:40:55] Resetting nodes: edge-node-1 -> edge-node-2
[23:40:55] Step 1: Killing any existing processes on source...
[23:40:56]   Killing PID 84914 (from /home/ubuntu/app.pid)
[23:40:56]   Killing PID 84914 (from /home/ubuntu/gol.pid)
[23:40:57]   Killing any remaining background processes...
[23:40:58] Step 2: Cleaning source node...
[23:40:59] Step 3: Cleaning destination node...
[23:41:00]   Killing PID 84914 on destination (from /home/ubuntu/app.pid)
[23:41:00]   Killing PID 84914 on destination (from /home/ubuntu/gol.pid)
[23:41:01]   Killing all remaining gol processes on destination...
[23:41:04] ✓ Reset complete, nodes are clean
[23:41:04]   Next: Start your application
[exit=0]

$ bash /home/ivo/Evaluation-of-Live-Migration-Strategies-at-the-Edge/Game-of-life-migration/scripts/workloads/start_gol_c.sh edge-node-1
[23:41:04] Ensuring gol binary on edge-node-1...
[23:41:04] Reusing existing /tmp/gol on edge-node-1
[23:41:04] Starting gol on edge-node-1...
[23:41:04] Grid: 2048x2048 (two uint32 grids, approx 32 MiB heap)
[23:41:04] Output mode: summary
[23:41:05] Pattern: random
[23:41:06] ✓ Gol started
[exit=0]
[repeat] warmup 2s

$ python3 /home/ivo/Evaluation-of-Live-Migration-Strategies-at-the-Edge/Game-of-life-migration/scripts/orchestrators/criu_benchmark.py postcopy --source edge-node-1 --dest edge-node-2 --transfer-mode host --run-id 10-05-2026-host-postcopy-0001 --relay-node edge-host-1 --page-server-port 9999 --profile-name 2_5G
[23:41:08] Starting postcopy migration...
[23:41:08] Source: edge-node-1, Dest: edge-node-2
[23:41:08] Transfer mode: host
[23:41:08] Relay node: edge-host-1

[23:41:08] === POST-COPY (LAZY-PAGES) MIGRATION ===
[23:41:08] Step 1: Checking source process...
[23:41:09]   Using PID from /home/ubuntu/gol.pid: 86656
[23:41:10]   Page-server endpoint: 10.138.215.218:9999
[23:41:10] Step 2: Final dump (freezing service) with --lazy-pages...
[23:41:11]   Dump PID: 87080
[23:41:11]   Dump init time (approx freeze duration): 1077 ms
[23:41:11] Step 3: Page-server ready on source (served by dump process)
[23:41:11] Step 4: Creating archive...
[23:41:12]   Archive size: 26056 bytes
[23:41:12] Step 5: Transferring archive...
  Transferring /home/ubuntu/CRIU-gol.tar.gz via relay node edge-host-1...
Setting up SSH trust: edge-node-1 → ubuntu@10.138.215.36
  Adding public key to destination's authorized_keys...
  Testing SSH connectivity...
  ✓ SSH trust ready
Setting up SSH trust: edge-host-1 → ubuntu@10.138.215.137
  Adding public key to destination's authorized_keys...
  Testing SSH connectivity...
  ✓ SSH trust ready
[23:41:20]   Transfer time: 7786 ms
[23:41:20] Step 6: Unpacking on destination...
[23:41:20] Step 6.8: Ensuring /tmp/gol binary is present on destination...
[23:41:20] Step 7: Starting lazy-pages daemon on destination...
[23:41:21]   Lazy-pages PID: 89544
[23:41:21] Step 8: Restoring process...
[23:41:21]   Restore time: 356 ms
[23:41:22]   Restored PID: 86656 (written to /home/ubuntu/gol.pid)
[23:41:30] Step 9: Verifying migration...
[23:41:35] ✓ gol.out updated after migration (mtime 1778449293 → 1778449294), simulation running!
[23:41:35] Total downtime: 9219 ms (dump: 1077 + transfer: 7786 + restore: 356)
[23:41:36] Metrics saved to /home/ivo/Evaluation-of-Live-Migration-Strategies-at-the-Edge/Game-of-life-migration/metrics/migration_metrics.csv
[exit=0]

$ python3 /home/ivo/Evaluation-of-Live-Migration-Strategies-at-the-Edge/Game-of-life-migration/scripts/setup/reset_nodes.py edge-node-1 edge-node-2
[23:41:37] Resetting nodes: edge-node-1 -> edge-node-2
[23:41:37] Step 1: Killing any existing processes on source...
[23:41:37]   Killing PID 86656 (from /home/ubuntu/app.pid)
[23:41:38]   Killing PID 86656 (from /home/ubuntu/gol.pid)
[23:41:38]   Killing any remaining background processes...
[23:41:40] Step 2: Cleaning source node...
[23:41:41] Step 3: Cleaning destination node...
[23:41:41]   Killing PID 86656 on destination (from /home/ubuntu/app.pid)
[23:41:42]   Killing PID 86656 on destination (from /home/ubuntu/gol.pid)
[23:41:42]   Killing all remaining gol processes on destination...
[23:41:46] ✓ Reset complete, nodes are clean
[23:41:46]   Next: Start your application
[exit=0]

$ bash /home/ivo/Evaluation-of-Live-Migration-Strategies-at-the-Edge/Game-of-life-migration/scripts/workloads/start_gol_c.sh edge-node-1
[23:41:46] Ensuring gol binary on edge-node-1...
[23:41:46] Reusing existing /tmp/gol on edge-node-1
[23:41:46] Starting gol on edge-node-1...
[23:41:46] Grid: 2048x2048 (two uint32 grids, approx 32 MiB heap)
[23:41:46] Output mode: summary
[23:41:46] Pattern: random
[23:41:47] ✓ Gol started
[exit=0]
[repeat] warmup 2s

$ python3 /home/ivo/Evaluation-of-Live-Migration-Strategies-at-the-Edge/Game-of-life-migration/scripts/orchestrators/criu_benchmark.py postcopy --source edge-node-1 --dest edge-node-2 --transfer-mode host --run-id 10-05-2026-host-postcopy-0002 --relay-node edge-host-1 --page-server-port 9999 --profile-name 2_5G
[23:41:50] Starting postcopy migration...
[23:41:50] Source: edge-node-1, Dest: edge-node-2
[23:41:50] Transfer mode: host
[23:41:50] Relay node: edge-host-1

[23:41:50] === POST-COPY (LAZY-PAGES) MIGRATION ===
[23:41:50] Step 1: Checking source process...
[23:41:50]   Using PID from /home/ubuntu/gol.pid: 88389
[23:41:52]   Page-server endpoint: 10.138.215.218:9999
[23:41:52] Step 2: Final dump (freezing service) with --lazy-pages...
[23:41:52]   Dump PID: 88813
[23:41:53]   Dump init time (approx freeze duration): 964 ms
[23:41:53] Step 3: Page-server ready on source (served by dump process)
[23:41:53] Step 4: Creating archive...
[23:41:53]   Archive size: 25907 bytes
[23:41:53] Step 5: Transferring archive...
  Transferring /home/ubuntu/CRIU-gol.tar.gz via relay node edge-host-1...
Setting up SSH trust: edge-node-1 → ubuntu@10.138.215.36
  Adding public key to destination's authorized_keys...
  Testing SSH connectivity...
  ✓ SSH trust ready
Setting up SSH trust: edge-host-1 → ubuntu@10.138.215.137
  Adding public key to destination's authorized_keys...
  Testing SSH connectivity...
  ✓ SSH trust ready
[23:42:01]   Transfer time: 7838 ms
[23:42:01] Step 6: Unpacking on destination...
[23:42:02] Step 6.8: Ensuring /tmp/gol binary is present on destination...
[23:42:02] Step 7: Starting lazy-pages daemon on destination...
[23:42:03]   Lazy-pages PID: 91665
[23:42:03] Step 8: Restoring process...
[23:42:03]   Restore time: 351 ms
[23:42:04]   Restored PID: 88389 (written to /home/ubuntu/gol.pid)
[23:42:11] Step 9: Verifying migration...
[23:42:17] ✓ gol.out updated after migration (mtime 1778449335 → 1778449336), simulation running!
[23:42:17] Total downtime: 9153 ms (dump: 964 + transfer: 7838 + restore: 351)
[23:42:18] Metrics saved to /home/ivo/Evaluation-of-Live-Migration-Strategies-at-the-Edge/Game-of-life-migration/metrics/migration_metrics.csv
[exit=0]

$ python3 /home/ivo/Evaluation-of-Live-Migration-Strategies-at-the-Edge/Game-of-life-migration/scripts/setup/reset_nodes.py edge-node-1 edge-node-2
[23:42:19] Resetting nodes: edge-node-1 -> edge-node-2
[23:42:19] Step 1: Killing any existing processes on source...
[23:42:19]   Killing PID 88389 (from /home/ubuntu/app.pid)
[23:42:20]   Killing PID 88389 (from /home/ubuntu/gol.pid)
[23:42:20]   Killing any remaining background processes...
[23:42:21] Step 2: Cleaning source node...
[23:42:23] Step 3: Cleaning destination node...
[23:42:23]   Killing PID 88389 on destination (from /home/ubuntu/app.pid)
[23:42:24]   Killing PID 88389 on destination (from /home/ubuntu/gol.pid)
[23:42:24]   Killing all remaining gol processes on destination...
[23:42:28] ✓ Reset complete, nodes are clean
[23:42:28]   Next: Start your application
[exit=0]

$ bash /home/ivo/Evaluation-of-Live-Migration-Strategies-at-the-Edge/Game-of-life-migration/scripts/workloads/start_gol_c.sh edge-node-1
[23:42:28] Ensuring gol binary on edge-node-1...
[23:42:28] Reusing existing /tmp/gol on edge-node-1
[23:42:28] Starting gol on edge-node-1...
[23:42:28] Grid: 2048x2048 (two uint32 grids, approx 32 MiB heap)
[23:42:28] Output mode: summary
[23:42:28] Pattern: random
[23:42:29] ✓ Gol started
[exit=0]
[repeat] warmup 2s

$ python3 /home/ivo/Evaluation-of-Live-Migration-Strategies-at-the-Edge/Game-of-life-migration/scripts/orchestrators/criu_benchmark.py postcopy --source edge-node-1 --dest edge-node-2 --transfer-mode host --run-id 10-05-2026-host-postcopy-0003 --relay-node edge-host-1 --page-server-port 9999 --profile-name 2_5G
[23:42:32] Starting postcopy migration...
[23:42:32] Source: edge-node-1, Dest: edge-node-2
[23:42:32] Transfer mode: host
[23:42:32] Relay node: edge-host-1

[23:42:32] === POST-COPY (LAZY-PAGES) MIGRATION ===
[23:42:32] Step 1: Checking source process...
[23:42:32]   Using PID from /home/ubuntu/gol.pid: 90131
[23:42:34]   Page-server endpoint: 10.138.215.218:9999
[23:42:34] Step 2: Final dump (freezing service) with --lazy-pages...
[23:42:34]   Dump PID: 90555
[23:42:35]   Dump init time (approx freeze duration): 1010 ms
[23:42:35] Step 3: Page-server ready on source (served by dump process)
[23:42:35] Step 4: Creating archive...
[23:42:35]   Archive size: 25803 bytes
[23:42:35] Step 5: Transferring archive...
  Transferring /home/ubuntu/CRIU-gol.tar.gz via relay node edge-host-1...
Setting up SSH trust: edge-node-1 → ubuntu@10.138.215.36
  Adding public key to destination's authorized_keys...
  Testing SSH connectivity...
  ✓ SSH trust ready
Setting up SSH trust: edge-host-1 → ubuntu@10.138.215.137
  Adding public key to destination's authorized_keys...
  Testing SSH connectivity...
  ✓ SSH trust ready
[23:42:43]   Transfer time: 7429 ms
[23:42:43] Step 6: Unpacking on destination...
[23:42:43] Step 6.8: Ensuring /tmp/gol binary is present on destination...
[23:42:44] Step 7: Starting lazy-pages daemon on destination...
[23:42:44]   Lazy-pages PID: 93803
[23:42:44] Step 8: Restoring process...
[23:42:45]   Restore time: 341 ms
[23:42:45]   Restored PID: 90131 (written to /home/ubuntu/gol.pid)
[23:42:53] Step 9: Verifying migration...
[23:42:58] ✓ gol.out updated after migration (mtime 1778449376 → 1778449378), simulation running!
[23:42:58] Total downtime: 8780 ms (dump: 1010 + transfer: 7429 + restore: 341)
[23:43:00] Metrics saved to /home/ivo/Evaluation-of-Live-Migration-Strategies-at-the-Edge/Game-of-life-migration/metrics/migration_metrics.csv
[exit=0]

$ python3 /home/ivo/Evaluation-of-Live-Migration-Strategies-at-the-Edge/Game-of-life-migration/scripts/setup/reset_nodes.py edge-node-1 edge-node-2
[23:43:00] Resetting nodes: edge-node-1 -> edge-node-2
[23:43:00] Step 1: Killing any existing processes on source...
[23:43:01]   Killing PID 90131 (from /home/ubuntu/app.pid)
[23:43:01]   Killing PID 90131 (from /home/ubuntu/gol.pid)
[23:43:02]   Killing any remaining background processes...
[23:43:03] Step 2: Cleaning source node...
[23:43:04] Step 3: Cleaning destination node...
[23:43:05]   Killing PID 90131 on destination (from /home/ubuntu/app.pid)
[23:43:05]   Killing PID 90131 on destination (from /home/ubuntu/gol.pid)
[23:43:06]   Killing all remaining gol processes on destination...
[23:43:09] ✓ Reset complete, nodes are clean
[23:43:09]   Next: Start your application
[exit=0]

$ bash /home/ivo/Evaluation-of-Live-Migration-Strategies-at-the-Edge/Game-of-life-migration/scripts/workloads/start_gol_c.sh edge-node-1
[23:43:09] Ensuring gol binary on edge-node-1...
[23:43:09] Reusing existing /tmp/gol on edge-node-1
[23:43:09] Starting gol on edge-node-1...
[23:43:09] Grid: 2048x2048 (two uint32 grids, approx 32 MiB heap)
[23:43:09] Output mode: summary
[23:43:09] Pattern: random
[23:43:11] ✓ Gol started
[exit=0]
[repeat] warmup 2s

$ python3 /home/ivo/Evaluation-of-Live-Migration-Strategies-at-the-Edge/Game-of-life-migration/scripts/orchestrators/criu_benchmark.py postcopy --source edge-node-1 --dest edge-node-2 --transfer-mode host --run-id 10-05-2026-host-postcopy-0004 --relay-node edge-host-1 --page-server-port 9999 --profile-name 2_5G
[23:43:13] Starting postcopy migration...
[23:43:13] Source: edge-node-1, Dest: edge-node-2
[23:43:13] Transfer mode: host
[23:43:13] Relay node: edge-host-1

[23:43:13] === POST-COPY (LAZY-PAGES) MIGRATION ===
[23:43:13] Step 1: Checking source process...
[23:43:14]   Using PID from /home/ubuntu/gol.pid: 91873
[23:43:15]   Page-server endpoint: 10.138.215.218:9999
[23:43:15] Step 2: Final dump (freezing service) with --lazy-pages...
[23:43:16]   Dump PID: 92297
[23:43:16]   Dump init time (approx freeze duration): 966 ms
[23:43:16] Step 3: Page-server ready on source (served by dump process)
[23:43:16] Step 4: Creating archive...
[23:43:17]   Archive size: 25796 bytes
[23:43:17] Step 5: Transferring archive...
  Transferring /home/ubuntu/CRIU-gol.tar.gz via relay node edge-host-1...
Setting up SSH trust: edge-node-1 → ubuntu@10.138.215.36
  Adding public key to destination's authorized_keys...
  Testing SSH connectivity...
  ✓ SSH trust ready
Setting up SSH trust: edge-host-1 → ubuntu@10.138.215.137
  Adding public key to destination's authorized_keys...
  Testing SSH connectivity...
  ✓ SSH trust ready
[23:43:25]   Transfer time: 8298 ms
[23:43:25] Step 6: Unpacking on destination...
[23:43:26] Step 6.8: Ensuring /tmp/gol binary is present on destination...
[23:43:26] Step 7: Starting lazy-pages daemon on destination...
[23:43:26]   Lazy-pages PID: 95933
[23:43:27] Step 8: Restoring process...
[23:43:27]   Restore time: 412 ms
[23:43:27]   Restored PID: 91873 (written to /home/ubuntu/gol.pid)
[23:43:35] Step 9: Verifying migration...
[23:43:41] ✓ gol.out updated after migration (mtime 1778449418 → 1778449420), simulation running!
[23:43:41] Total downtime: 9676 ms (dump: 966 + transfer: 8298 + restore: 412)
[23:43:42] Metrics saved to /home/ivo/Evaluation-of-Live-Migration-Strategies-at-the-Edge/Game-of-life-migration/metrics/migration_metrics.csv
[exit=0]

$ python3 /home/ivo/Evaluation-of-Live-Migration-Strategies-at-the-Edge/Game-of-life-migration/scripts/setup/reset_nodes.py edge-node-1 edge-node-2
[23:43:42] Resetting nodes: edge-node-1 -> edge-node-2
[23:43:42] Step 1: Killing any existing processes on source...
[23:43:43]   Killing PID 91873 (from /home/ubuntu/app.pid)
[23:43:43]   Killing PID 91873 (from /home/ubuntu/gol.pid)
[23:43:44]   Killing any remaining background processes...
[23:43:45] Step 2: Cleaning source node...
[23:43:46] Step 3: Cleaning destination node...
[23:43:47]   Killing PID 91873 on destination (from /home/ubuntu/app.pid)
[23:43:47]   Killing PID 91873 on destination (from /home/ubuntu/gol.pid)
[23:43:48]   Killing all remaining gol processes on destination...
[23:43:51] ✓ Reset complete, nodes are clean
[23:43:51]   Next: Start your application
[exit=0]

$ bash /home/ivo/Evaluation-of-Live-Migration-Strategies-at-the-Edge/Game-of-life-migration/scripts/workloads/start_gol_c.sh edge-node-1
[23:43:51] Ensuring gol binary on edge-node-1...
[23:43:52] Reusing existing /tmp/gol on edge-node-1
[23:43:52] Starting gol on edge-node-1...
[23:43:52] Grid: 2048x2048 (two uint32 grids, approx 32 MiB heap)
[23:43:52] Output mode: summary
[23:43:52] Pattern: random
[23:43:53] ✓ Gol started
[exit=0]
[repeat] warmup 2s

$ python3 /home/ivo/Evaluation-of-Live-Migration-Strategies-at-the-Edge/Game-of-life-migration/scripts/orchestrators/criu_benchmark.py postcopy --source edge-node-1 --dest edge-node-2 --transfer-mode host --run-id 10-05-2026-host-postcopy-0005 --relay-node edge-host-1 --page-server-port 9999 --profile-name 2_5G
[23:43:55] Starting postcopy migration...
[23:43:55] Source: edge-node-1, Dest: edge-node-2
[23:43:55] Transfer mode: host
[23:43:55] Relay node: edge-host-1

[23:43:55] === POST-COPY (LAZY-PAGES) MIGRATION ===
[23:43:55] Step 1: Checking source process...
[23:43:56]   Using PID from /home/ubuntu/gol.pid: 93608
[23:43:57]   Page-server endpoint: 10.138.215.218:9999
[23:43:57] Step 2: Final dump (freezing service) with --lazy-pages...
[23:43:58]   Dump PID: 94040
[23:43:58]   Dump init time (approx freeze duration): 1031 ms
[23:43:58] Step 3: Page-server ready on source (served by dump process)
[23:43:58] Step 4: Creating archive...
[23:43:59]   Archive size: 26148 bytes
[23:43:59] Step 5: Transferring archive...
  Transferring /home/ubuntu/CRIU-gol.tar.gz via relay node edge-host-1...
Setting up SSH trust: edge-node-1 → ubuntu@10.138.215.36
  Adding public key to destination's authorized_keys...
  Testing SSH connectivity...
  ✓ SSH trust ready
Setting up SSH trust: edge-host-1 → ubuntu@10.138.215.137
  Adding public key to destination's authorized_keys...
  Testing SSH connectivity...
  ✓ SSH trust ready
[23:44:07]   Transfer time: 7808 ms
[23:44:07] Step 6: Unpacking on destination...
[23:44:07] Step 6.8: Ensuring /tmp/gol binary is present on destination...
[23:44:08] Step 7: Starting lazy-pages daemon on destination...
[23:44:08]   Lazy-pages PID: 98058
[23:44:08] Step 8: Restoring process...
[23:44:09]   Restore time: 356 ms
[23:44:09]   Restored PID: 93608 (written to /home/ubuntu/gol.pid)
[23:44:17] Step 9: Verifying migration...
[23:44:23] ✓ gol.out updated after migration (mtime 1778449460 → 1778449461), simulation running!
[23:44:23] Total downtime: 9195 ms (dump: 1031 + transfer: 7808 + restore: 356)
[23:44:24] Metrics saved to /home/ivo/Evaluation-of-Live-Migration-Strategies-at-the-Edge/Game-of-life-migration/metrics/migration_metrics.csv
[exit=0]

$ python3 /home/ivo/Evaluation-of-Live-Migration-Strategies-at-the-Edge/Game-of-life-migration/scripts/setup/reset_nodes.py edge-node-1 edge-node-2
[23:44:24] Resetting nodes: edge-node-1 -> edge-node-2
[23:44:24] Step 1: Killing any existing processes on source...
[23:44:25]   Killing PID 93608 (from /home/ubuntu/app.pid)
[23:44:25]   Killing PID 93608 (from /home/ubuntu/gol.pid)
[23:44:26]   Killing any remaining background processes...
[23:44:27] Step 2: Cleaning source node...
[23:44:28] Step 3: Cleaning destination node...
[23:44:29]   Killing PID 93608 on destination (from /home/ubuntu/app.pid)
[23:44:30]   Killing PID 93608 on destination (from /home/ubuntu/gol.pid)
[23:44:30]   Killing all remaining gol processes on destination...
[23:44:33] ✓ Reset complete, nodes are clean
[23:44:33]   Next: Start your application
[exit=0]

$ bash /home/ivo/Evaluation-of-Live-Migration-Strategies-at-the-Edge/Game-of-life-migration/scripts/workloads/start_gol_c.sh edge-node-1
[23:44:34] Ensuring gol binary on edge-node-1...
[23:44:34] Reusing existing /tmp/gol on edge-node-1
[23:44:34] Starting gol on edge-node-1...
[23:44:34] Grid: 2048x2048 (two uint32 grids, approx 32 MiB heap)
[23:44:34] Output mode: summary
[23:44:34] Pattern: random
[23:44:35] ✓ Gol started
[exit=0]
[repeat] warmup 2s

$ python3 /home/ivo/Evaluation-of-Live-Migration-Strategies-at-the-Edge/Game-of-life-migration/scripts/orchestrators/criu_benchmark.py postcopy --source edge-node-1 --dest edge-node-2 --transfer-mode host --run-id 10-05-2026-host-postcopy-0006 --relay-node edge-host-1 --page-server-port 9999 --profile-name 2_5G
[23:44:38] Starting postcopy migration...
[23:44:38] Source: edge-node-1, Dest: edge-node-2
[23:44:38] Transfer mode: host
[23:44:38] Relay node: edge-host-1

[23:44:38] === POST-COPY (LAZY-PAGES) MIGRATION ===
[23:44:38] Step 1: Checking source process...
[23:44:38]   Using PID from /home/ubuntu/gol.pid: 95350
[23:44:39]   Page-server endpoint: 10.138.215.218:9999
[23:44:39] Step 2: Final dump (freezing service) with --lazy-pages...
[23:44:40]   Dump PID: 95782
[23:44:40]   Dump init time (approx freeze duration): 1041 ms
[23:44:40] Step 3: Page-server ready on source (served by dump process)
[23:44:40] Step 4: Creating archive...
[23:44:41]   Archive size: 25843 bytes
[23:44:41] Step 5: Transferring archive...
  Transferring /home/ubuntu/CRIU-gol.tar.gz via relay node edge-host-1...
Setting up SSH trust: edge-node-1 → ubuntu@10.138.215.36
  Adding public key to destination's authorized_keys...
  Testing SSH connectivity...
  ✓ SSH trust ready
Setting up SSH trust: edge-host-1 → ubuntu@10.138.215.137
  Adding public key to destination's authorized_keys...
  Testing SSH connectivity...
  ✓ SSH trust ready
[23:44:49]   Transfer time: 7716 ms
[23:44:49] Step 6: Unpacking on destination...
[23:44:49] Step 6.8: Ensuring /tmp/gol binary is present on destination...
[23:44:50] Step 7: Starting lazy-pages daemon on destination...
[23:44:50]   Lazy-pages PID: 100187
[23:44:50] Step 8: Restoring process...
[23:44:51]   Restore time: 352 ms
[23:44:51]   Restored PID: 95350 (written to /home/ubuntu/gol.pid)
[23:44:59] Step 9: Verifying migration...
[23:45:04] ✓ gol.out updated after migration (mtime 1778449502 → 1778449504), simulation running!
[23:45:04] Total downtime: 9109 ms (dump: 1041 + transfer: 7716 + restore: 352)
[23:45:06] Metrics saved to /home/ivo/Evaluation-of-Live-Migration-Strategies-at-the-Edge/Game-of-life-migration/metrics/migration_metrics.csv
[exit=0]

$ python3 /home/ivo/Evaluation-of-Live-Migration-Strategies-at-the-Edge/Game-of-life-migration/scripts/setup/reset_nodes.py edge-node-1 edge-node-2
[23:45:06] Resetting nodes: edge-node-1 -> edge-node-2
[23:45:06] Step 1: Killing any existing processes on source...
[23:45:07]   Killing PID 95350 (from /home/ubuntu/app.pid)
[23:45:07]   Killing PID 95350 (from /home/ubuntu/gol.pid)
[23:45:08]   Killing any remaining background processes...
[23:45:09] Step 2: Cleaning source node...
[23:45:10] Step 3: Cleaning destination node...
[23:45:10]   Killing PID 95350 on destination (from /home/ubuntu/app.pid)
[23:45:11]   Killing PID 95350 on destination (from /home/ubuntu/gol.pid)
[23:45:12]   Killing all remaining gol processes on destination...
[23:45:15] ✓ Reset complete, nodes are clean
[23:45:15]   Next: Start your application
[exit=0]

$ bash /home/ivo/Evaluation-of-Live-Migration-Strategies-at-the-Edge/Game-of-life-migration/scripts/workloads/start_gol_c.sh edge-node-1
[23:45:15] Ensuring gol binary on edge-node-1...
[23:45:15] Reusing existing /tmp/gol on edge-node-1
[23:45:15] Starting gol on edge-node-1...
[23:45:15] Grid: 2048x2048 (two uint32 grids, approx 32 MiB heap)
[23:45:15] Output mode: summary
[23:45:15] Pattern: random
[23:45:17] ✓ Gol started
[exit=0]
[repeat] warmup 2s

$ python3 /home/ivo/Evaluation-of-Live-Migration-Strategies-at-the-Edge/Game-of-life-migration/scripts/orchestrators/criu_benchmark.py postcopy --source edge-node-1 --dest edge-node-2 --transfer-mode host --run-id 10-05-2026-host-postcopy-0007 --relay-node edge-host-1 --page-server-port 9999 --profile-name 2_5G
[23:45:19] Starting postcopy migration...
[23:45:19] Source: edge-node-1, Dest: edge-node-2
[23:45:19] Transfer mode: host
[23:45:19] Relay node: edge-host-1

[23:45:19] === POST-COPY (LAZY-PAGES) MIGRATION ===
[23:45:19] Step 1: Checking source process...
[23:45:20]   Using PID from /home/ubuntu/gol.pid: 97097
[23:45:21]   Page-server endpoint: 10.138.215.218:9999
[23:45:21] Step 2: Final dump (freezing service) with --lazy-pages...
[23:45:22]   Dump PID: 97529
[23:45:22]   Dump init time (approx freeze duration): 1044 ms
[23:45:22] Step 3: Page-server ready on source (served by dump process)
[23:45:22] Step 4: Creating archive...
[23:45:23]   Archive size: 25950 bytes
[23:45:23] Step 5: Transferring archive...
  Transferring /home/ubuntu/CRIU-gol.tar.gz via relay node edge-host-1...
Setting up SSH trust: edge-node-1 → ubuntu@10.138.215.36
  Adding public key to destination's authorized_keys...
  Testing SSH connectivity...
  ✓ SSH trust ready
Setting up SSH trust: edge-host-1 → ubuntu@10.138.215.137
  Adding public key to destination's authorized_keys...
  Testing SSH connectivity...
  ✓ SSH trust ready
[23:45:30]   Transfer time: 7719 ms
[23:45:30] Step 6: Unpacking on destination...
[23:45:31] Step 6.8: Ensuring /tmp/gol binary is present on destination...
[23:45:31] Step 7: Starting lazy-pages daemon on destination...
[23:45:32]   Lazy-pages PID: 102319
[23:45:32] Step 8: Restoring process...
[23:45:32]   Restore time: 347 ms
[23:45:33]   Restored PID: 97097 (written to /home/ubuntu/gol.pid)
[23:45:41] Step 9: Verifying migration...
[23:45:46] ✓ gol.out updated after migration (mtime 1778449544 → 1778449546), simulation running!
[23:45:46] Total downtime: 9110 ms (dump: 1044 + transfer: 7719 + restore: 347)
[23:45:47] Metrics saved to /home/ivo/Evaluation-of-Live-Migration-Strategies-at-the-Edge/Game-of-life-migration/metrics/migration_metrics.csv
[exit=0]

$ python3 /home/ivo/Evaluation-of-Live-Migration-Strategies-at-the-Edge/Game-of-life-migration/scripts/setup/reset_nodes.py edge-node-1 edge-node-2
[23:45:48] Resetting nodes: edge-node-1 -> edge-node-2
[23:45:48] Step 1: Killing any existing processes on source...
[23:45:48]   Killing PID 97097 (from /home/ubuntu/app.pid)
[23:45:49]   Killing PID 97097 (from /home/ubuntu/gol.pid)
[23:45:49]   Killing any remaining background processes...
[23:45:51] Step 2: Cleaning source node...
[23:45:52] Step 3: Cleaning destination node...
[23:45:52]   Killing PID 97097 on destination (from /home/ubuntu/app.pid)
[23:45:53]   Killing PID 97097 on destination (from /home/ubuntu/gol.pid)
[23:45:53]   Killing all remaining gol processes on destination...
[23:45:57] ✓ Reset complete, nodes are clean
[23:45:57]   Next: Start your application
[exit=0]

$ bash /home/ivo/Evaluation-of-Live-Migration-Strategies-at-the-Edge/Game-of-life-migration/scripts/workloads/start_gol_c.sh edge-node-1
[23:45:57] Ensuring gol binary on edge-node-1...
[23:45:57] Reusing existing /tmp/gol on edge-node-1
[23:45:57] Starting gol on edge-node-1...
[23:45:57] Grid: 2048x2048 (two uint32 grids, approx 32 MiB heap)
[23:45:57] Output mode: summary
[23:45:57] Pattern: random
[23:45:58] ✓ Gol started
[exit=0]
[repeat] warmup 2s

$ python3 /home/ivo/Evaluation-of-Live-Migration-Strategies-at-the-Edge/Game-of-life-migration/scripts/orchestrators/criu_benchmark.py postcopy --source edge-node-1 --dest edge-node-2 --transfer-mode host --run-id 10-05-2026-host-postcopy-0008 --relay-node edge-host-1 --page-server-port 9999 --profile-name 2_5G
[23:46:01] Starting postcopy migration...
[23:46:01] Source: edge-node-1, Dest: edge-node-2
[23:46:01] Transfer mode: host
[23:46:01] Relay node: edge-host-1

[23:46:01] === POST-COPY (LAZY-PAGES) MIGRATION ===
[23:46:01] Step 1: Checking source process...
[23:46:01]   Using PID from /home/ubuntu/gol.pid: 98833
[23:46:03]   Page-server endpoint: 10.138.215.218:9999
[23:46:03] Step 2: Final dump (freezing service) with --lazy-pages...
[23:46:03]   Dump PID: 99265
[23:46:04]   Dump init time (approx freeze duration): 1089 ms
[23:46:04] Step 3: Page-server ready on source (served by dump process)
[23:46:04] Step 4: Creating archive...
[23:46:04]   Archive size: 25842 bytes
[23:46:04] Step 5: Transferring archive...
  Transferring /home/ubuntu/CRIU-gol.tar.gz via relay node edge-host-1...
Setting up SSH trust: edge-node-1 → ubuntu@10.138.215.36
  Adding public key to destination's authorized_keys...
  Testing SSH connectivity...
  ✓ SSH trust ready
Setting up SSH trust: edge-host-1 → ubuntu@10.138.215.137
  Adding public key to destination's authorized_keys...
  Testing SSH connectivity...
  ✓ SSH trust ready
[23:46:12]   Transfer time: 8009 ms
[23:46:12] Step 6: Unpacking on destination...
[23:46:13] Step 6.8: Ensuring /tmp/gol binary is present on destination...
[23:46:13] Step 7: Starting lazy-pages daemon on destination...
[23:46:14]   Lazy-pages PID: 104438
[23:46:14] Step 8: Restoring process...
[23:46:14]   Restore time: 365 ms
[23:46:15]   Restored PID: 98833 (written to /home/ubuntu/gol.pid)
[23:46:23] Step 9: Verifying migration...
[23:46:28] ✓ gol.out updated after migration (mtime 1778449586 → 1778449587), simulation running!
[23:46:28] Total downtime: 9463 ms (dump: 1089 + transfer: 8009 + restore: 365)
[23:46:29] Metrics saved to /home/ivo/Evaluation-of-Live-Migration-Strategies-at-the-Edge/Game-of-life-migration/metrics/migration_metrics.csv
[exit=0]

$ python3 /home/ivo/Evaluation-of-Live-Migration-Strategies-at-the-Edge/Game-of-life-migration/scripts/setup/reset_nodes.py edge-node-1 edge-node-2
[23:46:30] Resetting nodes: edge-node-1 -> edge-node-2
[23:46:30] Step 1: Killing any existing processes on source...
[23:46:30]   Killing PID 98833 (from /home/ubuntu/app.pid)
[23:46:31]   Killing PID 98833 (from /home/ubuntu/gol.pid)
[23:46:31]   Killing any remaining background processes...
[23:46:32] Step 2: Cleaning source node...
[23:46:34] Step 3: Cleaning destination node...
[23:46:34]   Killing PID 98833 on destination (from /home/ubuntu/app.pid)
[23:46:35]   Killing PID 98833 on destination (from /home/ubuntu/gol.pid)
[23:46:35]   Killing all remaining gol processes on destination...
[23:46:39] ✓ Reset complete, nodes are clean
[23:46:39]   Next: Start your application
[exit=0]

$ bash /home/ivo/Evaluation-of-Live-Migration-Strategies-at-the-Edge/Game-of-life-migration/scripts/workloads/start_gol_c.sh edge-node-1
[23:46:39] Ensuring gol binary on edge-node-1...
[23:46:39] Reusing existing /tmp/gol on edge-node-1
[23:46:39] Starting gol on edge-node-1...
[23:46:39] Grid: 2048x2048 (two uint32 grids, approx 32 MiB heap)
[23:46:39] Output mode: summary
[23:46:39] Pattern: random
[23:46:40] ✓ Gol started
[exit=0]
[repeat] warmup 2s

$ python3 /home/ivo/Evaluation-of-Live-Migration-Strategies-at-the-Edge/Game-of-life-migration/scripts/orchestrators/criu_benchmark.py postcopy --source edge-node-1 --dest edge-node-2 --transfer-mode host --run-id 10-05-2026-host-postcopy-0009 --relay-node edge-host-1 --page-server-port 9999 --profile-name 2_5G
[23:46:43] Starting postcopy migration...
[23:46:43] Source: edge-node-1, Dest: edge-node-2
[23:46:43] Transfer mode: host
[23:46:43] Relay node: edge-host-1

[23:46:43] === POST-COPY (LAZY-PAGES) MIGRATION ===
[23:46:43] Step 1: Checking source process...
[23:46:43]   Using PID from /home/ubuntu/gol.pid: 100575
[23:46:45]   Page-server endpoint: 10.138.215.218:9999
[23:46:45] Step 2: Final dump (freezing service) with --lazy-pages...
[23:46:45]   Dump PID: 101007
[23:46:46]   Dump init time (approx freeze duration): 1019 ms
[23:46:46] Step 3: Page-server ready on source (served by dump process)
[23:46:46] Step 4: Creating archive...
[23:46:46]   Archive size: 25874 bytes
[23:46:46] Step 5: Transferring archive...
  Transferring /home/ubuntu/CRIU-gol.tar.gz via relay node edge-host-1...
Setting up SSH trust: edge-node-1 → ubuntu@10.138.215.36
  Adding public key to destination's authorized_keys...
  Testing SSH connectivity...
  ✓ SSH trust ready
Setting up SSH trust: edge-host-1 → ubuntu@10.138.215.137
  Adding public key to destination's authorized_keys...
  Testing SSH connectivity...
  ✓ SSH trust ready
[23:46:54]   Transfer time: 7464 ms
[23:46:54] Step 6: Unpacking on destination...
[23:46:54] Step 6.8: Ensuring /tmp/gol binary is present on destination...
[23:46:55] Step 7: Starting lazy-pages daemon on destination...
[23:46:55]   Lazy-pages PID: 106566
[23:46:55] Step 8: Restoring process...
[23:46:56]   Restore time: 350 ms
[23:46:56]   Restored PID: 100575 (written to /home/ubuntu/gol.pid)
[23:47:04] Step 9: Verifying migration...
[23:47:09] ✓ gol.out updated after migration (mtime 1778449627 → 1778449628), simulation running!
[23:47:09] Total downtime: 8833 ms (dump: 1019 + transfer: 7464 + restore: 350)
[23:47:11] Metrics saved to /home/ivo/Evaluation-of-Live-Migration-Strategies-at-the-Edge/Game-of-life-migration/metrics/migration_metrics.csv
[exit=0]

$ python3 /home/ivo/Evaluation-of-Live-Migration-Strategies-at-the-Edge/Game-of-life-migration/scripts/setup/reset_nodes.py edge-node-1 edge-node-2
[23:47:11] Resetting nodes: edge-node-1 -> edge-node-2
[23:47:11] Step 1: Killing any existing processes on source...
[23:47:12]   Killing PID 100575 (from /home/ubuntu/app.pid)
[23:47:12]   Killing PID 100575 (from /home/ubuntu/gol.pid)
[23:47:13]   Killing any remaining background processes...
[23:47:14] Step 2: Cleaning source node...
[23:47:15] Step 3: Cleaning destination node...
[23:47:16]   Killing PID 100575 on destination (from /home/ubuntu/app.pid)
[23:47:16]   Killing PID 100575 on destination (from /home/ubuntu/gol.pid)
[23:47:17]   Killing all remaining gol processes on destination...
[23:47:20] ✓ Reset complete, nodes are clean
[23:47:20]   Next: Start your application
[exit=0]

$ bash /home/ivo/Evaluation-of-Live-Migration-Strategies-at-the-Edge/Game-of-life-migration/scripts/workloads/start_gol_c.sh edge-node-1
[23:47:20] Ensuring gol binary on edge-node-1...
[23:47:20] Reusing existing /tmp/gol on edge-node-1
[23:47:20] Starting gol on edge-node-1...
[23:47:20] Grid: 2048x2048 (two uint32 grids, approx 32 MiB heap)
[23:47:20] Output mode: summary
[23:47:20] Pattern: random
[23:47:22] ✓ Gol started
[exit=0]
[repeat] warmup 2s

$ python3 /home/ivo/Evaluation-of-Live-Migration-Strategies-at-the-Edge/Game-of-life-migration/scripts/orchestrators/criu_benchmark.py postcopy --source edge-node-1 --dest edge-node-2 --transfer-mode direct --run-id 10-05-2026-direct-postcopy-0000 --page-server-port 9999 --profile-name 2_5G
[23:47:24] Starting postcopy migration...
[23:47:24] Source: edge-node-1, Dest: edge-node-2
[23:47:24] Transfer mode: direct

[23:47:24] === POST-COPY (LAZY-PAGES) MIGRATION ===
[23:47:24] Step 1: Checking source process...
[23:47:25]   Using PID from /home/ubuntu/gol.pid: 102317
[23:47:26]   Page-server endpoint: 10.138.215.218:9999
[23:47:26] Step 2: Final dump (freezing service) with --lazy-pages...
[23:47:26]   Dump PID: 102749
[23:47:27]   Dump init time (approx freeze duration): 1029 ms
[23:47:27] Step 3: Page-server ready on source (served by dump process)
[23:47:27] Step 4: Creating archive...
[23:47:28]   Archive size: 26066 bytes
[23:47:28] Step 5: Transferring archive...
[23:47:28]   Setting up direct SSH trust...
Setting up SSH trust: edge-node-1 → ubuntu@10.138.215.137
  Adding public key to destination's authorized_keys...
  Testing SSH connectivity...
  ✓ SSH trust ready
Setting up SSH trust: edge-node-1 → ubuntu@10.138.215.137
  Adding public key to destination's authorized_keys...
  Testing SSH connectivity...
  ✓ SSH trust ready
  Transferring /home/ubuntu/CRIU-gol.tar.gz via SCP...
[23:47:33]   Transfer time: 3487 ms
[23:47:33] Step 6: Unpacking on destination...
[23:47:34] Step 6.8: Ensuring /tmp/gol binary is present on destination...
[23:47:34] Step 7: Starting lazy-pages daemon on destination...
[23:47:35]   Lazy-pages PID: 108858
[23:47:35] Step 8: Restoring process...
[23:47:35]   Restore time: 375 ms
[23:47:36]   Restored PID: 102317 (written to /home/ubuntu/gol.pid)
[23:47:44] Step 9: Verifying migration...
[23:47:49] ✓ gol.out updated after migration (mtime 1778449666 → 1778449669), simulation running!
[23:47:49] Total downtime: 4891 ms (dump: 1029 + transfer: 3487 + restore: 375)
[23:47:50] Metrics saved to /home/ivo/Evaluation-of-Live-Migration-Strategies-at-the-Edge/Game-of-life-migration/metrics/migration_metrics.csv
[exit=0]

$ python3 /home/ivo/Evaluation-of-Live-Migration-Strategies-at-the-Edge/Game-of-life-migration/scripts/setup/reset_nodes.py edge-node-1 edge-node-2
[23:47:51] Resetting nodes: edge-node-1 -> edge-node-2
[23:47:51] Step 1: Killing any existing processes on source...
[23:47:51]   Killing PID 102317 (from /home/ubuntu/app.pid)
[23:47:52]   Killing PID 102317 (from /home/ubuntu/gol.pid)
[23:47:52]   Killing any remaining background processes...
[23:47:54] Step 2: Cleaning source node...
[23:47:55] Step 3: Cleaning destination node...
[23:47:55]   Killing PID 102317 on destination (from /home/ubuntu/app.pid)
[23:47:56]   Killing PID 102317 on destination (from /home/ubuntu/gol.pid)
[23:47:56]   Killing all remaining gol processes on destination...
[23:48:00] ✓ Reset complete, nodes are clean
[23:48:00]   Next: Start your application
[exit=0]

$ bash /home/ivo/Evaluation-of-Live-Migration-Strategies-at-the-Edge/Game-of-life-migration/scripts/workloads/start_gol_c.sh edge-node-1
[23:48:00] Ensuring gol binary on edge-node-1...
[23:48:00] Reusing existing /tmp/gol on edge-node-1
[23:48:00] Starting gol on edge-node-1...
[23:48:00] Grid: 2048x2048 (two uint32 grids, approx 32 MiB heap)
[23:48:00] Output mode: summary
[23:48:00] Pattern: random
[23:48:01] ✓ Gol started
[exit=0]
[repeat] warmup 2s

$ python3 /home/ivo/Evaluation-of-Live-Migration-Strategies-at-the-Edge/Game-of-life-migration/scripts/orchestrators/criu_benchmark.py postcopy --source edge-node-1 --dest edge-node-2 --transfer-mode direct --run-id 10-05-2026-direct-postcopy-0001 --page-server-port 9999 --profile-name 2_5G
[23:48:04] Starting postcopy migration...
[23:48:04] Source: edge-node-1, Dest: edge-node-2
[23:48:04] Transfer mode: direct

[23:48:04] === POST-COPY (LAZY-PAGES) MIGRATION ===
[23:48:04] Step 1: Checking source process...
[23:48:04]   Using PID from /home/ubuntu/gol.pid: 104154
[23:48:06]   Page-server endpoint: 10.138.215.218:9999
[23:48:06] Step 2: Final dump (freezing service) with --lazy-pages...
[23:48:06]   Dump PID: 104585
[23:48:07]   Dump init time (approx freeze duration): 982 ms
[23:48:07] Step 3: Page-server ready on source (served by dump process)
[23:48:07] Step 4: Creating archive...
[23:48:07]   Archive size: 26230 bytes
[23:48:07] Step 5: Transferring archive...
[23:48:07]   Setting up direct SSH trust...
Setting up SSH trust: edge-node-1 → ubuntu@10.138.215.137
  Adding public key to destination's authorized_keys...
  Testing SSH connectivity...
  ✓ SSH trust ready
Setting up SSH trust: edge-node-1 → ubuntu@10.138.215.137
  Adding public key to destination's authorized_keys...
  Testing SSH connectivity...
  ✓ SSH trust ready
  Transferring /home/ubuntu/CRIU-gol.tar.gz via SCP...
[23:48:13]   Transfer time: 3727 ms
[23:48:13] Step 6: Unpacking on destination...
[23:48:14] Step 6.8: Ensuring /tmp/gol binary is present on destination...
[23:48:14] Step 7: Starting lazy-pages daemon on destination...
[23:48:15]   Lazy-pages PID: 111136
[23:48:15] Step 8: Restoring process...
[23:48:15]   Restore time: 363 ms
[23:48:15]   Restored PID: 104154 (written to /home/ubuntu/gol.pid)
[23:48:23] Step 9: Verifying migration...
[23:48:29] ✓ gol.out updated after migration (mtime 1778449706 → 1778449709), simulation running!
[23:48:29] Total downtime: 5072 ms (dump: 982 + transfer: 3727 + restore: 363)
[23:48:30] Metrics saved to /home/ivo/Evaluation-of-Live-Migration-Strategies-at-the-Edge/Game-of-life-migration/metrics/migration_metrics.csv
[exit=0]

$ python3 /home/ivo/Evaluation-of-Live-Migration-Strategies-at-the-Edge/Game-of-life-migration/scripts/setup/reset_nodes.py edge-node-1 edge-node-2
[23:48:31] Resetting nodes: edge-node-1 -> edge-node-2
[23:48:31] Step 1: Killing any existing processes on source...
[23:48:31]   Killing PID 104154 (from /home/ubuntu/app.pid)
[23:48:32]   Killing PID 104154 (from /home/ubuntu/gol.pid)
[23:48:32]   Killing any remaining background processes...
[23:48:33] Step 2: Cleaning source node...
[23:48:34] Step 3: Cleaning destination node...
[23:48:35]   Killing PID 104154 on destination (from /home/ubuntu/app.pid)
[23:48:36]   Killing PID 104154 on destination (from /home/ubuntu/gol.pid)
[23:48:36]   Killing all remaining gol processes on destination...
[23:48:40] ✓ Reset complete, nodes are clean
[23:48:40]   Next: Start your application
[exit=0]

$ bash /home/ivo/Evaluation-of-Live-Migration-Strategies-at-the-Edge/Game-of-life-migration/scripts/workloads/start_gol_c.sh edge-node-1
[23:48:40] Ensuring gol binary on edge-node-1...
[23:48:40] Reusing existing /tmp/gol on edge-node-1
[23:48:40] Starting gol on edge-node-1...
[23:48:40] Grid: 2048x2048 (two uint32 grids, approx 32 MiB heap)
[23:48:40] Output mode: summary
[23:48:40] Pattern: random
[23:48:41] ✓ Gol started
[exit=0]
[repeat] warmup 2s

$ python3 /home/ivo/Evaluation-of-Live-Migration-Strategies-at-the-Edge/Game-of-life-migration/scripts/orchestrators/criu_benchmark.py postcopy --source edge-node-1 --dest edge-node-2 --transfer-mode direct --run-id 10-05-2026-direct-postcopy-0002 --page-server-port 9999 --profile-name 2_5G
[23:48:44] Starting postcopy migration...
[23:48:44] Source: edge-node-1, Dest: edge-node-2
[23:48:44] Transfer mode: direct

[23:48:44] === POST-COPY (LAZY-PAGES) MIGRATION ===
[23:48:44] Step 1: Checking source process...
[23:48:44]   Using PID from /home/ubuntu/gol.pid: 106004
[23:48:46]   Page-server endpoint: 10.138.215.218:9999
[23:48:46] Step 2: Final dump (freezing service) with --lazy-pages...
[23:48:46]   Dump PID: 106436
[23:48:47]   Dump init time (approx freeze duration): 1036 ms
[23:48:47] Step 3: Page-server ready on source (served by dump process)
[23:48:47] Step 4: Creating archive...
[23:48:47]   Archive size: 25782 bytes
[23:48:47] Step 5: Transferring archive...
[23:48:47]   Setting up direct SSH trust...
Setting up SSH trust: edge-node-1 → ubuntu@10.138.215.137
  Adding public key to destination's authorized_keys...
  Testing SSH connectivity...
  ✓ SSH trust ready
Setting up SSH trust: edge-node-1 → ubuntu@10.138.215.137
  Adding public key to destination's authorized_keys...
  Testing SSH connectivity...
  ✓ SSH trust ready
  Transferring /home/ubuntu/CRIU-gol.tar.gz via SCP...
[23:48:53]   Transfer time: 3431 ms
[23:48:53] Step 6: Unpacking on destination...
[23:48:53] Step 6.8: Ensuring /tmp/gol binary is present on destination...
[23:48:54] Step 7: Starting lazy-pages daemon on destination...
[23:48:54]   Lazy-pages PID: 113426
[23:48:54] Step 8: Restoring process...
[23:48:55]   Restore time: 359 ms
[23:48:55]   Restored PID: 106004 (written to /home/ubuntu/gol.pid)
[23:49:04] Step 9: Verifying migration...
[23:49:10] ✓ gol.out updated after migration (mtime 1778449746 → 1778449749), simulation running!
[23:49:10] Total downtime: 4826 ms (dump: 1036 + transfer: 3431 + restore: 359)
[23:49:11] Metrics saved to /home/ivo/Evaluation-of-Live-Migration-Strategies-at-the-Edge/Game-of-life-migration/metrics/migration_metrics.csv
[exit=0]

$ python3 /home/ivo/Evaluation-of-Live-Migration-Strategies-at-the-Edge/Game-of-life-migration/scripts/setup/reset_nodes.py edge-node-1 edge-node-2
[23:49:11] Resetting nodes: edge-node-1 -> edge-node-2
[23:49:11] Step 1: Killing any existing processes on source...
[23:49:12]   Killing PID 106004 (from /home/ubuntu/app.pid)
[23:49:13]   Killing PID 106004 (from /home/ubuntu/gol.pid)
[23:49:13]   Killing any remaining background processes...
[23:49:15] Step 2: Cleaning source node...
[23:49:16] Step 3: Cleaning destination node...
[23:49:16]   Killing PID 106004 on destination (from /home/ubuntu/app.pid)
[23:49:17]   Killing PID 106004 on destination (from /home/ubuntu/gol.pid)
[23:49:17]   Killing all remaining gol processes on destination...
[23:49:21] ✓ Reset complete, nodes are clean
[23:49:21]   Next: Start your application
[exit=0]

$ bash /home/ivo/Evaluation-of-Live-Migration-Strategies-at-the-Edge/Game-of-life-migration/scripts/workloads/start_gol_c.sh edge-node-1
[23:49:21] Ensuring gol binary on edge-node-1...
[23:49:21] Reusing existing /tmp/gol on edge-node-1
[23:49:21] Starting gol on edge-node-1...
[23:49:21] Grid: 2048x2048 (two uint32 grids, approx 32 MiB heap)
[23:49:21] Output mode: summary
[23:49:21] Pattern: random
[23:49:22] ✓ Gol started
[exit=0]
[repeat] warmup 2s

$ python3 /home/ivo/Evaluation-of-Live-Migration-Strategies-at-the-Edge/Game-of-life-migration/scripts/orchestrators/criu_benchmark.py postcopy --source edge-node-1 --dest edge-node-2 --transfer-mode direct --run-id 10-05-2026-direct-postcopy-0003 --page-server-port 9999 --profile-name 2_5G
[23:49:25] Starting postcopy migration...
[23:49:25] Source: edge-node-1, Dest: edge-node-2
[23:49:25] Transfer mode: direct

[23:49:25] === POST-COPY (LAZY-PAGES) MIGRATION ===
[23:49:25] Step 1: Checking source process...
[23:49:25]   Using PID from /home/ubuntu/gol.pid: 107850
[23:49:27]   Page-server endpoint: 10.138.215.218:9999
[23:49:27] Step 2: Final dump (freezing service) with --lazy-pages...
[23:49:27]   Dump PID: 108283
[23:49:28]   Dump init time (approx freeze duration): 1030 ms
[23:49:28] Step 3: Page-server ready on source (served by dump process)
[23:49:28] Step 4: Creating archive...
[23:49:28]   Archive size: 25798 bytes
[23:49:28] Step 5: Transferring archive...
[23:49:28]   Setting up direct SSH trust...
Setting up SSH trust: edge-node-1 → ubuntu@10.138.215.137
  Adding public key to destination's authorized_keys...
  Testing SSH connectivity...
  ✓ SSH trust ready
Setting up SSH trust: edge-node-1 → ubuntu@10.138.215.137
  Adding public key to destination's authorized_keys...
  Testing SSH connectivity...
  ✓ SSH trust ready
  Transferring /home/ubuntu/CRIU-gol.tar.gz via SCP...
[23:49:34]   Transfer time: 3323 ms
[23:49:34] Step 6: Unpacking on destination...
[23:49:34] Step 6.8: Ensuring /tmp/gol binary is present on destination...
[23:49:34] Step 7: Starting lazy-pages daemon on destination...
[23:49:35]   Lazy-pages PID: 115758
[23:49:35] Step 8: Restoring process...
[23:49:36]   Restore time: 364 ms
[23:49:36]   Restored PID: 107850 (written to /home/ubuntu/gol.pid)
[23:49:45] Step 9: Verifying migration...
[23:49:51] ✓ gol.out updated after migration (mtime 1778449787 → 1778449790), simulation running!
[23:49:51] Total downtime: 4717 ms (dump: 1030 + transfer: 3323 + restore: 364)
[23:49:52] Metrics saved to /home/ivo/Evaluation-of-Live-Migration-Strategies-at-the-Edge/Game-of-life-migration/metrics/migration_metrics.csv
[exit=0]

$ python3 /home/ivo/Evaluation-of-Live-Migration-Strategies-at-the-Edge/Game-of-life-migration/scripts/setup/reset_nodes.py edge-node-1 edge-node-2
[23:49:53] Resetting nodes: edge-node-1 -> edge-node-2
[23:49:53] Step 1: Killing any existing processes on source...
[23:49:53]   Killing PID 107850 (from /home/ubuntu/app.pid)
[23:49:54]   Killing PID 107850 (from /home/ubuntu/gol.pid)
[23:49:54]   Killing any remaining background processes...
[23:49:55] Step 2: Cleaning source node...
[23:49:56] Step 3: Cleaning destination node...
[23:49:57]   Killing PID 107850 on destination (from /home/ubuntu/app.pid)
[23:49:58]   Killing PID 107850 on destination (from /home/ubuntu/gol.pid)
[23:49:58]   Killing all remaining gol processes on destination...
[23:50:01] ✓ Reset complete, nodes are clean
[23:50:01]   Next: Start your application
[exit=0]

$ bash /home/ivo/Evaluation-of-Live-Migration-Strategies-at-the-Edge/Game-of-life-migration/scripts/workloads/start_gol_c.sh edge-node-1
[23:50:01] Ensuring gol binary on edge-node-1...
[23:50:02] Reusing existing /tmp/gol on edge-node-1
[23:50:02] Starting gol on edge-node-1...
[23:50:02] Grid: 2048x2048 (two uint32 grids, approx 32 MiB heap)
[23:50:02] Output mode: summary
[23:50:02] Pattern: random
[23:50:03] ✓ Gol started
[exit=0]
[repeat] warmup 2s

$ python3 /home/ivo/Evaluation-of-Live-Migration-Strategies-at-the-Edge/Game-of-life-migration/scripts/orchestrators/criu_benchmark.py postcopy --source edge-node-1 --dest edge-node-2 --transfer-mode direct --run-id 10-05-2026-direct-postcopy-0004 --page-server-port 9999 --profile-name 2_5G
[23:50:05] Starting postcopy migration...
[23:50:05] Source: edge-node-1, Dest: edge-node-2
[23:50:05] Transfer mode: direct

[23:50:05] === POST-COPY (LAZY-PAGES) MIGRATION ===
[23:50:05] Step 1: Checking source process...
[23:50:06]   Using PID from /home/ubuntu/gol.pid: 109690
[23:50:07]   Page-server endpoint: 10.138.215.218:9999
[23:50:07] Step 2: Final dump (freezing service) with --lazy-pages...
[23:50:08]   Dump PID: 110122
[23:50:08]   Dump init time (approx freeze duration): 1055 ms
[23:50:08] Step 3: Page-server ready on source (served by dump process)
[23:50:08] Step 4: Creating archive...
[23:50:09]   Archive size: 25769 bytes
[23:50:09] Step 5: Transferring archive...
[23:50:09]   Setting up direct SSH trust...
Setting up SSH trust: edge-node-1 → ubuntu@10.138.215.137
  Adding public key to destination's authorized_keys...
  Testing SSH connectivity...
  ✓ SSH trust ready
Setting up SSH trust: edge-node-1 → ubuntu@10.138.215.137
  Adding public key to destination's authorized_keys...
  Testing SSH connectivity...
  ✓ SSH trust ready
  Transferring /home/ubuntu/CRIU-gol.tar.gz via SCP...
[23:50:15]   Transfer time: 3762 ms
[23:50:15] Step 6: Unpacking on destination...
[23:50:15] Step 6.8: Ensuring /tmp/gol binary is present on destination...
[23:50:16] Step 7: Starting lazy-pages daemon on destination...
[23:50:16]   Lazy-pages PID: 118103
[23:50:16] Step 8: Restoring process...
[23:50:17]   Restore time: 353 ms
[23:50:17]   Restored PID: 109690 (written to /home/ubuntu/gol.pid)
[23:50:25] Step 9: Verifying migration...
[23:50:31] ✓ gol.out updated after migration (mtime 1778449828 → 1778449830), simulation running!
[23:50:31] Total downtime: 5170 ms (dump: 1055 + transfer: 3762 + restore: 353)
[23:50:32] Metrics saved to /home/ivo/Evaluation-of-Live-Migration-Strategies-at-the-Edge/Game-of-life-migration/metrics/migration_metrics.csv
[exit=0]

$ python3 /home/ivo/Evaluation-of-Live-Migration-Strategies-at-the-Edge/Game-of-life-migration/scripts/setup/reset_nodes.py edge-node-1 edge-node-2
[23:50:32] Resetting nodes: edge-node-1 -> edge-node-2
[23:50:32] Step 1: Killing any existing processes on source...
[23:50:32]   Killing PID 109690 (from /home/ubuntu/app.pid)
[23:50:33]   Killing PID 109690 (from /home/ubuntu/gol.pid)
[23:50:34]   Killing any remaining background processes...
[23:50:35] Step 2: Cleaning source node...
[23:50:36] Step 3: Cleaning destination node...
[23:50:37]   Killing PID 109690 on destination (from /home/ubuntu/app.pid)
[23:50:38]   Killing PID 109690 on destination (from /home/ubuntu/gol.pid)
[23:50:38]   Killing all remaining gol processes on destination...
[23:50:41] ✓ Reset complete, nodes are clean
[23:50:41]   Next: Start your application
[exit=0]

$ bash /home/ivo/Evaluation-of-Live-Migration-Strategies-at-the-Edge/Game-of-life-migration/scripts/workloads/start_gol_c.sh edge-node-1
[23:50:41] Ensuring gol binary on edge-node-1...
[23:50:42] Reusing existing /tmp/gol on edge-node-1
[23:50:42] Starting gol on edge-node-1...
[23:50:42] Grid: 2048x2048 (two uint32 grids, approx 32 MiB heap)
[23:50:42] Output mode: summary
[23:50:42] Pattern: random
[23:50:43] ✓ Gol started
[exit=0]
[repeat] warmup 2s

$ python3 /home/ivo/Evaluation-of-Live-Migration-Strategies-at-the-Edge/Game-of-life-migration/scripts/orchestrators/criu_benchmark.py postcopy --source edge-node-1 --dest edge-node-2 --transfer-mode direct --run-id 10-05-2026-direct-postcopy-0005 --page-server-port 9999 --profile-name 2_5G
[23:50:45] Starting postcopy migration...
[23:50:45] Source: edge-node-1, Dest: edge-node-2
[23:50:45] Transfer mode: direct

[23:50:45] === POST-COPY (LAZY-PAGES) MIGRATION ===
[23:50:45] Step 1: Checking source process...
[23:50:46]   Using PID from /home/ubuntu/gol.pid: 111536
[23:50:47]   Page-server endpoint: 10.138.215.218:9999
[23:50:47] Step 2: Final dump (freezing service) with --lazy-pages...
[23:50:48]   Dump PID: 111968
[23:50:48]   Dump init time (approx freeze duration): 1008 ms
[23:50:48] Step 3: Page-server ready on source (served by dump process)
[23:50:48] Step 4: Creating archive...
[23:50:49]   Archive size: 25941 bytes
[23:50:49] Step 5: Transferring archive...
[23:50:49]   Setting up direct SSH trust...
Setting up SSH trust: edge-node-1 → ubuntu@10.138.215.137
  Adding public key to destination's authorized_keys...
  Testing SSH connectivity...
  ✓ SSH trust ready
Setting up SSH trust: edge-node-1 → ubuntu@10.138.215.137
  Adding public key to destination's authorized_keys...
  Testing SSH connectivity...
  ✓ SSH trust ready
  Transferring /home/ubuntu/CRIU-gol.tar.gz via SCP...
[23:50:55]   Transfer time: 3485 ms
[23:50:55] Step 6: Unpacking on destination...
[23:50:55] Step 6.8: Ensuring /tmp/gol binary is present on destination...
[23:50:55] Step 7: Starting lazy-pages daemon on destination...
[23:50:56]   Lazy-pages PID: 120390
[23:50:56] Step 8: Restoring process...
[23:50:57]   Restore time: 387 ms
[23:50:57]   Restored PID: 111536 (written to /home/ubuntu/gol.pid)
[23:51:06] Step 9: Verifying migration...
[23:51:12] ✓ gol.out updated after migration (mtime 1778449869 → 1778449871), simulation running!
[23:51:12] Total downtime: 4880 ms (dump: 1008 + transfer: 3485 + restore: 387)
[23:51:13] Metrics saved to /home/ivo/Evaluation-of-Live-Migration-Strategies-at-the-Edge/Game-of-life-migration/metrics/migration_metrics.csv
[exit=0]

$ python3 /home/ivo/Evaluation-of-Live-Migration-Strategies-at-the-Edge/Game-of-life-migration/scripts/setup/reset_nodes.py edge-node-1 edge-node-2
[23:51:14] Resetting nodes: edge-node-1 -> edge-node-2
[23:51:14] Step 1: Killing any existing processes on source...
[23:51:14]   Killing PID 111536 (from /home/ubuntu/app.pid)
[23:51:15]   Killing PID 111536 (from /home/ubuntu/gol.pid)
[23:51:15]   Killing any remaining background processes...
[23:51:16] Step 2: Cleaning source node...
[23:51:18] Step 3: Cleaning destination node...
[23:51:18]   Killing PID 111536 on destination (from /home/ubuntu/app.pid)
[23:51:19]   Killing PID 111536 on destination (from /home/ubuntu/gol.pid)
[23:51:19]   Killing all remaining gol processes on destination...
[23:51:22] ✓ Reset complete, nodes are clean
[23:51:22]   Next: Start your application
[exit=0]

$ bash /home/ivo/Evaluation-of-Live-Migration-Strategies-at-the-Edge/Game-of-life-migration/scripts/workloads/start_gol_c.sh edge-node-1
[23:51:22] Ensuring gol binary on edge-node-1...
[23:51:23] Reusing existing /tmp/gol on edge-node-1
[23:51:23] Starting gol on edge-node-1...
[23:51:23] Grid: 2048x2048 (two uint32 grids, approx 32 MiB heap)
[23:51:23] Output mode: summary
[23:51:23] Pattern: random
[23:51:24] ✓ Gol started
[exit=0]
[repeat] warmup 2s

$ python3 /home/ivo/Evaluation-of-Live-Migration-Strategies-at-the-Edge/Game-of-life-migration/scripts/orchestrators/criu_benchmark.py postcopy --source edge-node-1 --dest edge-node-2 --transfer-mode direct --run-id 10-05-2026-direct-postcopy-0006 --page-server-port 9999 --profile-name 2_5G
[23:51:26] Starting postcopy migration...
[23:51:26] Source: edge-node-1, Dest: edge-node-2
[23:51:26] Transfer mode: direct

[23:51:26] === POST-COPY (LAZY-PAGES) MIGRATION ===
[23:51:26] Step 1: Checking source process...
[23:51:27]   Using PID from /home/ubuntu/gol.pid: 113382
[23:51:29]   Page-server endpoint: 10.138.215.218:9999
[23:51:29] Step 2: Final dump (freezing service) with --lazy-pages...
[23:51:29]   Dump PID: 113814
[23:51:30]   Dump init time (approx freeze duration): 1105 ms
[23:51:30] Step 3: Page-server ready on source (served by dump process)
[23:51:30] Step 4: Creating archive...
[23:51:30]   Archive size: 25953 bytes
[23:51:30] Step 5: Transferring archive...
[23:51:30]   Setting up direct SSH trust...
Setting up SSH trust: edge-node-1 → ubuntu@10.138.215.137
  Adding public key to destination's authorized_keys...
  Testing SSH connectivity...
  ✓ SSH trust ready
Setting up SSH trust: edge-node-1 → ubuntu@10.138.215.137
  Adding public key to destination's authorized_keys...
  Testing SSH connectivity...
  ✓ SSH trust ready
  Transferring /home/ubuntu/CRIU-gol.tar.gz via SCP...
[23:51:36]   Transfer time: 3503 ms
[23:51:36] Step 6: Unpacking on destination...
[23:51:36] Step 6.8: Ensuring /tmp/gol binary is present on destination...
[23:51:37] Step 7: Starting lazy-pages daemon on destination...
[23:51:37]   Lazy-pages PID: 122730
[23:51:38] Step 8: Restoring process...
[23:51:38]   Restore time: 374 ms
[23:51:38]   Restored PID: 113382 (written to /home/ubuntu/gol.pid)
[23:51:46] Step 9: Verifying migration...
[23:51:52] ✓ gol.out updated after migration (mtime 1778449909 → 1778449912), simulation running!
[23:51:52] Total downtime: 4982 ms (dump: 1105 + transfer: 3503 + restore: 374)
[23:51:53] Metrics saved to /home/ivo/Evaluation-of-Live-Migration-Strategies-at-the-Edge/Game-of-life-migration/metrics/migration_metrics.csv
[exit=0]

$ python3 /home/ivo/Evaluation-of-Live-Migration-Strategies-at-the-Edge/Game-of-life-migration/scripts/setup/reset_nodes.py edge-node-1 edge-node-2
[23:51:53] Resetting nodes: edge-node-1 -> edge-node-2
[23:51:53] Step 1: Killing any existing processes on source...
[23:51:54]   Killing PID 113382 (from /home/ubuntu/app.pid)
[23:51:55]   Killing PID 113382 (from /home/ubuntu/gol.pid)
[23:51:55]   Killing any remaining background processes...
[23:51:56] Step 2: Cleaning source node...
[23:51:58] Step 3: Cleaning destination node...
[23:51:58]   Killing PID 113382 on destination (from /home/ubuntu/app.pid)
[23:51:59]   Killing PID 113382 on destination (from /home/ubuntu/gol.pid)
[23:51:59]   Killing all remaining gol processes on destination...
[23:52:02] ✓ Reset complete, nodes are clean
[23:52:02]   Next: Start your application
[exit=0]

$ bash /home/ivo/Evaluation-of-Live-Migration-Strategies-at-the-Edge/Game-of-life-migration/scripts/workloads/start_gol_c.sh edge-node-1
[23:52:02] Ensuring gol binary on edge-node-1...
[23:52:03] Reusing existing /tmp/gol on edge-node-1
[23:52:03] Starting gol on edge-node-1...
[23:52:03] Grid: 2048x2048 (two uint32 grids, approx 32 MiB heap)
[23:52:03] Output mode: summary
[23:52:03] Pattern: random
[23:52:04] ✓ Gol started
[exit=0]
[repeat] warmup 2s

$ python3 /home/ivo/Evaluation-of-Live-Migration-Strategies-at-the-Edge/Game-of-life-migration/scripts/orchestrators/criu_benchmark.py postcopy --source edge-node-1 --dest edge-node-2 --transfer-mode direct --run-id 10-05-2026-direct-postcopy-0007 --page-server-port 9999 --profile-name 2_5G
[23:52:06] Starting postcopy migration...
[23:52:06] Source: edge-node-1, Dest: edge-node-2
[23:52:06] Transfer mode: direct

[23:52:06] === POST-COPY (LAZY-PAGES) MIGRATION ===
[23:52:06] Step 1: Checking source process...
[23:52:07]   Using PID from /home/ubuntu/gol.pid: 115221
[23:52:08]   Page-server endpoint: 10.138.215.218:9999
[23:52:08] Step 2: Final dump (freezing service) with --lazy-pages...
[23:52:09]   Dump PID: 115654
[23:52:09]   Dump init time (approx freeze duration): 1141 ms
[23:52:09] Step 3: Page-server ready on source (served by dump process)
[23:52:09] Step 4: Creating archive...
[23:52:10]   Archive size: 25708 bytes
[23:52:10] Step 5: Transferring archive...
[23:52:10]   Setting up direct SSH trust...
Setting up SSH trust: edge-node-1 → ubuntu@10.138.215.137
  Adding public key to destination's authorized_keys...
  Testing SSH connectivity...
  ✓ SSH trust ready
Setting up SSH trust: edge-node-1 → ubuntu@10.138.215.137
  Adding public key to destination's authorized_keys...
  Testing SSH connectivity...
  ✓ SSH trust ready
  Transferring /home/ubuntu/CRIU-gol.tar.gz via SCP...
[23:52:16]   Transfer time: 3660 ms
[23:52:16] Step 6: Unpacking on destination...
[23:52:16] Step 6.8: Ensuring /tmp/gol binary is present on destination...
[23:52:17] Step 7: Starting lazy-pages daemon on destination...
[23:52:17]   Lazy-pages PID: 125008
[23:52:17] Step 8: Restoring process...
[23:52:18]   Restore time: 366 ms
[23:52:18]   Restored PID: 115221 (written to /home/ubuntu/gol.pid)
[23:52:28] Step 9: Verifying migration...
[23:52:34] ✓ gol.out updated after migration (mtime 1778449952 → 1778449953), simulation running!
[23:52:34] Total downtime: 5167 ms (dump: 1141 + transfer: 3660 + restore: 366)
[23:52:35] Metrics saved to /home/ivo/Evaluation-of-Live-Migration-Strategies-at-the-Edge/Game-of-life-migration/metrics/migration_metrics.csv
[exit=0]

$ python3 /home/ivo/Evaluation-of-Live-Migration-Strategies-at-the-Edge/Game-of-life-migration/scripts/setup/reset_nodes.py edge-node-1 edge-node-2
[23:52:36] Resetting nodes: edge-node-1 -> edge-node-2
[23:52:36] Step 1: Killing any existing processes on source...
[23:52:36]   Killing PID 115221 (from /home/ubuntu/app.pid)
[23:52:37]   Killing PID 115221 (from /home/ubuntu/gol.pid)
[23:52:37]   Killing any remaining background processes...
[23:52:39] Step 2: Cleaning source node...
[23:52:40] Step 3: Cleaning destination node...
[23:52:40]   Killing PID 115221 on destination (from /home/ubuntu/app.pid)
[23:52:41]   Killing PID 115221 on destination (from /home/ubuntu/gol.pid)
[23:52:41]   Killing all remaining gol processes on destination...
[23:52:45] ✓ Reset complete, nodes are clean
[23:52:45]   Next: Start your application
[exit=0]

$ bash /home/ivo/Evaluation-of-Live-Migration-Strategies-at-the-Edge/Game-of-life-migration/scripts/workloads/start_gol_c.sh edge-node-1
[23:52:45] Ensuring gol binary on edge-node-1...
[23:52:45] Reusing existing /tmp/gol on edge-node-1
[23:52:45] Starting gol on edge-node-1...
[23:52:45] Grid: 2048x2048 (two uint32 grids, approx 32 MiB heap)
[23:52:45] Output mode: summary
[23:52:45] Pattern: random
[23:52:46] ✓ Gol started
[exit=0]
[repeat] warmup 2s

$ python3 /home/ivo/Evaluation-of-Live-Migration-Strategies-at-the-Edge/Game-of-life-migration/scripts/orchestrators/criu_benchmark.py postcopy --source edge-node-1 --dest edge-node-2 --transfer-mode direct --run-id 10-05-2026-direct-postcopy-0008 --page-server-port 9999 --profile-name 2_5G
[23:52:49] Starting postcopy migration...
[23:52:49] Source: edge-node-1, Dest: edge-node-2
[23:52:49] Transfer mode: direct

[23:52:49] === POST-COPY (LAZY-PAGES) MIGRATION ===
[23:52:49] Step 1: Checking source process...
[23:52:49]   Using PID from /home/ubuntu/gol.pid: 117068
[23:52:51]   Page-server endpoint: 10.138.215.218:9999
[23:52:51] Step 2: Final dump (freezing service) with --lazy-pages...
[23:52:51]   Dump PID: 117501
[23:52:52]   Dump init time (approx freeze duration): 1146 ms
[23:52:52] Step 3: Page-server ready on source (served by dump process)
[23:52:52] Step 4: Creating archive...
[23:52:53]   Archive size: 25923 bytes
[23:52:53] Step 5: Transferring archive...
[23:52:53]   Setting up direct SSH trust...
Setting up SSH trust: edge-node-1 → ubuntu@10.138.215.137
  Adding public key to destination's authorized_keys...
  Testing SSH connectivity...
  ✓ SSH trust ready
Setting up SSH trust: edge-node-1 → ubuntu@10.138.215.137
  Adding public key to destination's authorized_keys...
  Testing SSH connectivity...
  ✓ SSH trust ready
  Transferring /home/ubuntu/CRIU-gol.tar.gz via SCP...
[23:52:58]   Transfer time: 3541 ms
[23:52:58] Step 6: Unpacking on destination...
[23:52:59] Step 6.8: Ensuring /tmp/gol binary is present on destination...
[23:52:59] Step 7: Starting lazy-pages daemon on destination...
[23:52:59]   Lazy-pages PID: 127402
[23:53:00] Step 8: Restoring process...
[23:53:00]   Restore time: 442 ms
[23:53:00]   Restored PID: 117068 (written to /home/ubuntu/gol.pid)
[23:53:08] Step 9: Verifying migration...
[23:53:14] ✓ gol.out updated after migration (mtime 1778449991 → 1778449994), simulation running!
[23:53:14] Total downtime: 5129 ms (dump: 1146 + transfer: 3541 + restore: 442)
[23:53:15] Metrics saved to /home/ivo/Evaluation-of-Live-Migration-Strategies-at-the-Edge/Game-of-life-migration/metrics/migration_metrics.csv
[exit=0]

$ python3 /home/ivo/Evaluation-of-Live-Migration-Strategies-at-the-Edge/Game-of-life-migration/scripts/setup/reset_nodes.py edge-node-1 edge-node-2
[23:53:16] Resetting nodes: edge-node-1 -> edge-node-2
[23:53:16] Step 1: Killing any existing processes on source...
[23:53:16]   Killing PID 117068 (from /home/ubuntu/app.pid)
[23:53:17]   Killing PID 117068 (from /home/ubuntu/gol.pid)
[23:53:17]   Killing any remaining background processes...
[23:53:19] Step 2: Cleaning source node...
[23:53:20] Step 3: Cleaning destination node...
[23:53:20]   Killing PID 117068 on destination (from /home/ubuntu/app.pid)
[23:53:21]   Killing PID 117068 on destination (from /home/ubuntu/gol.pid)
[23:53:21]   Killing all remaining gol processes on destination...
[23:53:25] ✓ Reset complete, nodes are clean
[23:53:25]   Next: Start your application
[exit=0]

$ bash /home/ivo/Evaluation-of-Live-Migration-Strategies-at-the-Edge/Game-of-life-migration/scripts/workloads/start_gol_c.sh edge-node-1
[23:53:25] Ensuring gol binary on edge-node-1...
[23:53:25] Reusing existing /tmp/gol on edge-node-1
[23:53:25] Starting gol on edge-node-1...
[23:53:25] Grid: 2048x2048 (two uint32 grids, approx 32 MiB heap)
[23:53:25] Output mode: summary
[23:53:25] Pattern: random
[23:53:26] ✓ Gol started
[exit=0]
[repeat] warmup 2s

$ python3 /home/ivo/Evaluation-of-Live-Migration-Strategies-at-the-Edge/Game-of-life-migration/scripts/orchestrators/criu_benchmark.py postcopy --source edge-node-1 --dest edge-node-2 --transfer-mode direct --run-id 10-05-2026-direct-postcopy-0009 --page-server-port 9999 --profile-name 2_5G
[23:53:29] Starting postcopy migration...
[23:53:29] Source: edge-node-1, Dest: edge-node-2
[23:53:29] Transfer mode: direct

[23:53:29] === POST-COPY (LAZY-PAGES) MIGRATION ===
[23:53:29] Step 1: Checking source process...
[23:53:29]   Using PID from /home/ubuntu/gol.pid: 119171
[23:53:31]   Page-server endpoint: 10.138.215.218:9999
[23:53:31] Step 2: Final dump (freezing service) with --lazy-pages...
[23:53:31]   Dump PID: 119602
[23:53:32]   Dump init time (approx freeze duration): 1074 ms
[23:53:32] Step 3: Page-server ready on source (served by dump process)
[23:53:32] Step 4: Creating archive...
[23:53:33]   Archive size: 25965 bytes
[23:53:33] Step 5: Transferring archive...
[23:53:33]   Setting up direct SSH trust...
Setting up SSH trust: edge-node-1 → ubuntu@10.138.215.137
  Adding public key to destination's authorized_keys...
  Testing SSH connectivity...
  ✓ SSH trust ready
Setting up SSH trust: edge-node-1 → ubuntu@10.138.215.137
  Adding public key to destination's authorized_keys...
  Testing SSH connectivity...
  ✓ SSH trust ready
  Transferring /home/ubuntu/CRIU-gol.tar.gz via SCP...
[23:53:38]   Transfer time: 3314 ms
[23:53:38] Step 6: Unpacking on destination...
[23:53:38] Step 6.8: Ensuring /tmp/gol binary is present on destination...
[23:53:39] Step 7: Starting lazy-pages daemon on destination...
[23:53:39]   Lazy-pages PID: 129938
[23:53:39] Step 8: Restoring process...
[23:53:40]   Restore time: 370 ms
[23:53:40]   Restored PID: 119171 (written to /home/ubuntu/gol.pid)
[23:53:48] Step 9: Verifying migration...
[23:53:54] ✓ gol.out updated after migration (mtime 1778450031 → 1778450033), simulation running!
[23:53:54] Total downtime: 4758 ms (dump: 1074 + transfer: 3314 + restore: 370)
[23:53:55] Metrics saved to /home/ivo/Evaluation-of-Live-Migration-Strategies-at-the-Edge/Game-of-life-migration/metrics/migration_metrics.csv
[exit=0]
[repeat] run_ids_file=/home/ivo/Evaluation-of-Live-Migration-Strategies-at-the-Edge/Game-of-life-migration/metrics/run_logs/10-05-2026-gol-cold-precopy-postcopy-h10-d10-i3-relay-edge-host-1-snap-noplots-230942.run_ids.txt
