=== repeat_benchmarks.py 2026-05-11T19:31:50.867757 ===
base_run_id=11-05-2026-gol-cold-precopy-postcopy-h10-d10-i3-relay-edge-host-1-snap-noplots-193150
strategies=cold,precopy,postcopy workload=gol source=edge-node-1 dest=edge-node-2 host_runs=10 direct_runs=10 iterations=3 relay_node=edge-host-1 profile_name=3_LTE snapshot_node_metrics=True no_plots=True

$ python3 /home/ivo/Evaluation-of-Live-Migration-Strategies-at-the-Edge/Game-of-life-migration/scripts/setup/reset_nodes.py edge-node-1 edge-node-2
[19:31:50] Resetting nodes: edge-node-1 -> edge-node-2
[19:31:50] Step 1: Killing any existing processes on source...
[19:31:51]   Killing PID 120331 (from /home/ubuntu/app.pid)
[19:31:52]   Killing PID 120331 (from /home/ubuntu/gol.pid)
[19:31:52]   Killing any remaining background processes...
[19:31:54] Step 2: Cleaning source node...
[19:31:55] Step 3: Cleaning destination node...
[19:31:55]   Killing PID 120331 on destination (from /home/ubuntu/app.pid)
[19:31:56]   Killing PID 120331 on destination (from /home/ubuntu/gol.pid)
[19:31:57]   Killing all remaining gol processes on destination...
[19:32:00] ✓ Reset complete, nodes are clean
[19:32:00]   Next: Start your application
[exit=0]

$ bash /home/ivo/Evaluation-of-Live-Migration-Strategies-at-the-Edge/Game-of-life-migration/scripts/workloads/start_gol_c.sh edge-node-1
[19:32:00] Ensuring gol binary on edge-node-1...
[19:32:00] Transferring gol.c to edge-node-1...
[19:32:01] Compiling gol.c on edge-node-1...
[19:32:01] Starting gol on edge-node-1...
[19:32:01] Grid: 2048x2048 (two uint32 grids, approx 32 MiB heap)
[19:32:01] Output mode: summary
[19:32:01] Pattern: random
[19:32:03] ✓ Gol started
[exit=0]
[repeat] warmup 2s

$ python3 /home/ivo/Evaluation-of-Live-Migration-Strategies-at-the-Edge/Game-of-life-migration/scripts/orchestrators/criu_benchmark.py cold --source edge-node-1 --dest edge-node-2 --transfer-mode host --run-id 11-05-2026-host-cold-0030 --relay-node edge-host-1 --profile-name 3_LTE
[19:32:05] Starting cold migration...
[19:32:05] Source: edge-node-1, Dest: edge-node-2
[19:32:05] Transfer mode: host
[19:32:05] Relay node: edge-host-1

[19:32:05] === COLD MIGRATION ===
[19:32:05] Step 1: Checking source process...
[19:32:06]   Using PID from /home/ubuntu/gol.pid: 2768
[19:32:06]   Architecture: x86_64 (compatible)
[19:32:06] Step 2: Dumping process with CRIU...
[19:32:07]   Checkpoint time: 416 ms
[19:32:07] Step 3: Creating archive...
[19:32:09]   Archive size: 12682176 bytes
[19:32:09] Step 4: Transferring archive...
  Transferring /home/ubuntu/CRIU-gol.tar.gz via relay node edge-host-1...
Setting up SSH trust: edge-node-1 → ubuntu@10.138.215.36
  Adding public key to destination's authorized_keys...
  Testing SSH connectivity...
  ✓ SSH trust ready
Setting up SSH trust: edge-host-1 → ubuntu@10.138.215.137
  Adding public key to destination's authorized_keys...
  Testing SSH connectivity...
  ✓ SSH trust ready
[19:32:39]   Transfer time: 30588 ms
[19:32:39] Step 5: Unpacking on destination...
[19:32:40] Step 6: Preparing restore environment...
[19:32:40] Step 6.5: Ensuring /tmp/gol binary is present on destination...
[19:32:40]   /tmp/gol missing on destination, copying from source...
[19:32:41] Step 7: Restoring process...
[19:32:42]   Restore time: 442 ms
[19:32:42]   Restored PID: 2768 (written to /home/ubuntu/gol.pid)
[19:32:42] Step 8: Verifying migration...
[19:32:47] ✓ gol.out updated after migration (mtime 1778520764 → 1778520767), simulation running!
[19:32:47] Total downtime: 31446 ms
[19:32:47] Effective bandwidth: 3.32 Mbps
[19:32:47] Metrics saved to /home/ivo/Evaluation-of-Live-Migration-Strategies-at-the-Edge/Game-of-life-migration/metrics/migration_metrics.csv
[exit=0]

$ python3 /home/ivo/Evaluation-of-Live-Migration-Strategies-at-the-Edge/Game-of-life-migration/scripts/setup/reset_nodes.py edge-node-1 edge-node-2
[19:32:48] Resetting nodes: edge-node-1 -> edge-node-2
[19:32:48] Step 1: Killing any existing processes on source...
[19:32:48]   Killing PID 2768 (from /home/ubuntu/app.pid)
[19:32:49]   Killing PID 2768 (from /home/ubuntu/gol.pid)
[19:32:49]   Killing any remaining background processes...
[19:32:51] Step 2: Cleaning source node...
[19:32:52] Step 3: Cleaning destination node...
[19:32:52]   Killing PID 2768 on destination (from /home/ubuntu/app.pid)
[19:32:53]   Killing PID 2768 on destination (from /home/ubuntu/gol.pid)
[19:32:54]   Killing all remaining gol processes on destination...
[19:32:57] ✓ Reset complete, nodes are clean
[19:32:57]   Next: Start your application
[exit=0]

$ bash /home/ivo/Evaluation-of-Live-Migration-Strategies-at-the-Edge/Game-of-life-migration/scripts/workloads/start_gol_c.sh edge-node-1
[19:32:57] Ensuring gol binary on edge-node-1...
[19:32:58] Reusing existing /tmp/gol on edge-node-1
[19:32:58] Starting gol on edge-node-1...
[19:32:58] Grid: 2048x2048 (two uint32 grids, approx 32 MiB heap)
[19:32:58] Output mode: summary
[19:32:58] Pattern: random
[19:32:59] ✓ Gol started
[exit=0]
[repeat] warmup 2s

$ python3 /home/ivo/Evaluation-of-Live-Migration-Strategies-at-the-Edge/Game-of-life-migration/scripts/orchestrators/criu_benchmark.py cold --source edge-node-1 --dest edge-node-2 --transfer-mode host --run-id 11-05-2026-host-cold-0031 --relay-node edge-host-1 --profile-name 3_LTE
[19:33:02] Starting cold migration...
[19:33:02] Source: edge-node-1, Dest: edge-node-2
[19:33:02] Transfer mode: host
[19:33:02] Relay node: edge-host-1

[19:33:02] === COLD MIGRATION ===
[19:33:02] Step 1: Checking source process...
[19:33:02]   Using PID from /home/ubuntu/gol.pid: 4221
[19:33:03]   Architecture: x86_64 (compatible)
[19:33:03] Step 2: Dumping process with CRIU...
[19:33:03]   Checkpoint time: 344 ms
[19:33:03] Step 3: Creating archive...
[19:33:05]   Archive size: 12681407 bytes
[19:33:05] Step 4: Transferring archive...
  Transferring /home/ubuntu/CRIU-gol.tar.gz via relay node edge-host-1...
Setting up SSH trust: edge-node-1 → ubuntu@10.138.215.36
  Adding public key to destination's authorized_keys...
  Testing SSH connectivity...
  ✓ SSH trust ready
Setting up SSH trust: edge-host-1 → ubuntu@10.138.215.137
  Adding public key to destination's authorized_keys...
  Testing SSH connectivity...
  ✓ SSH trust ready
[19:33:22]   Transfer time: 16695 ms
[19:33:22] Step 5: Unpacking on destination...
[19:33:22] Step 6: Preparing restore environment...
[19:33:23] Step 6.5: Ensuring /tmp/gol binary is present on destination...
[19:33:23] Step 7: Restoring process...
[19:33:24]   Restore time: 315 ms
[19:33:24]   Restored PID: 4221 (written to /home/ubuntu/gol.pid)
[19:33:24] Step 8: Verifying migration...
[19:33:29] ✓ gol.out updated after migration (mtime 1778520806 → 1778520809), simulation running!
[19:33:29] Total downtime: 17354 ms
[19:33:29] Effective bandwidth: 6.08 Mbps
[19:33:29] Metrics saved to /home/ivo/Evaluation-of-Live-Migration-Strategies-at-the-Edge/Game-of-life-migration/metrics/migration_metrics.csv
[exit=0]

$ python3 /home/ivo/Evaluation-of-Live-Migration-Strategies-at-the-Edge/Game-of-life-migration/scripts/setup/reset_nodes.py edge-node-1 edge-node-2
[19:33:30] Resetting nodes: edge-node-1 -> edge-node-2
[19:33:30] Step 1: Killing any existing processes on source...
[19:33:30]   Killing PID 4221 (from /home/ubuntu/app.pid)
[19:33:31]   Killing PID 4221 (from /home/ubuntu/gol.pid)
[19:33:31]   Killing any remaining background processes...
[19:33:33] Step 2: Cleaning source node...
[19:33:34] Step 3: Cleaning destination node...
[19:33:34]   Killing PID 4221 on destination (from /home/ubuntu/app.pid)
[19:33:35]   Killing PID 4221 on destination (from /home/ubuntu/gol.pid)
[19:33:35]   Killing all remaining gol processes on destination...
[19:33:39] ✓ Reset complete, nodes are clean
[19:33:39]   Next: Start your application
[exit=0]

$ bash /home/ivo/Evaluation-of-Live-Migration-Strategies-at-the-Edge/Game-of-life-migration/scripts/workloads/start_gol_c.sh edge-node-1
[19:33:39] Ensuring gol binary on edge-node-1...
[19:33:39] Reusing existing /tmp/gol on edge-node-1
[19:33:39] Starting gol on edge-node-1...
[19:33:39] Grid: 2048x2048 (two uint32 grids, approx 32 MiB heap)
[19:33:39] Output mode: summary
[19:33:39] Pattern: random
[19:33:40] ✓ Gol started
[exit=0]
[repeat] warmup 2s

$ python3 /home/ivo/Evaluation-of-Live-Migration-Strategies-at-the-Edge/Game-of-life-migration/scripts/orchestrators/criu_benchmark.py cold --source edge-node-1 --dest edge-node-2 --transfer-mode host --run-id 11-05-2026-host-cold-0032 --relay-node edge-host-1 --profile-name 3_LTE
[19:33:43] Starting cold migration...
[19:33:43] Source: edge-node-1, Dest: edge-node-2
[19:33:43] Transfer mode: host
[19:33:43] Relay node: edge-host-1

[19:33:43] === COLD MIGRATION ===
[19:33:43] Step 1: Checking source process...
[19:33:43]   Using PID from /home/ubuntu/gol.pid: 5610
[19:33:44]   Architecture: x86_64 (compatible)
[19:33:44] Step 2: Dumping process with CRIU...
[19:33:44]   Checkpoint time: 355 ms
[19:33:44] Step 3: Creating archive...
[19:33:46]   Archive size: 12681339 bytes
[19:33:46] Step 4: Transferring archive...
  Transferring /home/ubuntu/CRIU-gol.tar.gz via relay node edge-host-1...
Setting up SSH trust: edge-node-1 → ubuntu@10.138.215.36
  Adding public key to destination's authorized_keys...
  Testing SSH connectivity...
  ✓ SSH trust ready
Setting up SSH trust: edge-host-1 → ubuntu@10.138.215.137
  Adding public key to destination's authorized_keys...
  Testing SSH connectivity...
  ✓ SSH trust ready
[19:34:12]   Transfer time: 26455 ms
[19:34:12] Step 5: Unpacking on destination...
[19:34:13] Step 6: Preparing restore environment...
[19:34:13] Step 6.5: Ensuring /tmp/gol binary is present on destination...
[19:34:14] Step 7: Restoring process...
[19:34:14]   Restore time: 342 ms
[19:34:14]   Restored PID: 5610 (written to /home/ubuntu/gol.pid)
[19:34:14] Step 8: Verifying migration...
[19:34:20] ✓ gol.out updated after migration (mtime 1778520857 → 1778520859), simulation running!
[19:34:20] Total downtime: 27152 ms
[19:34:20] Effective bandwidth: 3.83 Mbps
[19:34:20] Metrics saved to /home/ivo/Evaluation-of-Live-Migration-Strategies-at-the-Edge/Game-of-life-migration/metrics/migration_metrics.csv
[exit=0]

$ python3 /home/ivo/Evaluation-of-Live-Migration-Strategies-at-the-Edge/Game-of-life-migration/scripts/setup/reset_nodes.py edge-node-1 edge-node-2
[19:34:20] Resetting nodes: edge-node-1 -> edge-node-2
[19:34:20] Step 1: Killing any existing processes on source...
[19:34:21]   Killing PID 5610 (from /home/ubuntu/app.pid)
[19:34:21]   Killing PID 5610 (from /home/ubuntu/gol.pid)
[19:34:22]   Killing any remaining background processes...
[19:34:23] Step 2: Cleaning source node...
[19:34:24] Step 3: Cleaning destination node...
[19:34:25]   Killing PID 5610 on destination (from /home/ubuntu/app.pid)
[19:34:25]   Killing PID 5610 on destination (from /home/ubuntu/gol.pid)
[19:34:26]   Killing all remaining gol processes on destination...
[19:34:29] ✓ Reset complete, nodes are clean
[19:34:29]   Next: Start your application
[exit=0]

$ bash /home/ivo/Evaluation-of-Live-Migration-Strategies-at-the-Edge/Game-of-life-migration/scripts/workloads/start_gol_c.sh edge-node-1
[19:34:29] Ensuring gol binary on edge-node-1...
[19:34:30] Reusing existing /tmp/gol on edge-node-1
[19:34:30] Starting gol on edge-node-1...
[19:34:30] Grid: 2048x2048 (two uint32 grids, approx 32 MiB heap)
[19:34:30] Output mode: summary
[19:34:30] Pattern: random
[19:34:31] ✓ Gol started
[exit=0]
[repeat] warmup 2s

$ python3 /home/ivo/Evaluation-of-Live-Migration-Strategies-at-the-Edge/Game-of-life-migration/scripts/orchestrators/criu_benchmark.py cold --source edge-node-1 --dest edge-node-2 --transfer-mode host --run-id 11-05-2026-host-cold-0033 --relay-node edge-host-1 --profile-name 3_LTE
[19:34:33] Starting cold migration...
[19:34:33] Source: edge-node-1, Dest: edge-node-2
[19:34:33] Transfer mode: host
[19:34:33] Relay node: edge-host-1

[19:34:33] === COLD MIGRATION ===
[19:34:33] Step 1: Checking source process...
[19:34:34]   Using PID from /home/ubuntu/gol.pid: 7014
[19:34:34]   Architecture: x86_64 (compatible)
[19:34:34] Step 2: Dumping process with CRIU...
[19:34:35]   Checkpoint time: 393 ms
[19:34:35] Step 3: Creating archive...
[19:34:37]   Archive size: 12681578 bytes
[19:34:37] Step 4: Transferring archive...
  Transferring /home/ubuntu/CRIU-gol.tar.gz via relay node edge-host-1...
Setting up SSH trust: edge-node-1 → ubuntu@10.138.215.36
  Adding public key to destination's authorized_keys...
  Testing SSH connectivity...
  ✓ SSH trust ready
Setting up SSH trust: edge-host-1 → ubuntu@10.138.215.137
  Adding public key to destination's authorized_keys...
  Testing SSH connectivity...
  ✓ SSH trust ready
[19:34:55]   Transfer time: 18265 ms
[19:34:55] Step 5: Unpacking on destination...
[19:34:56] Step 6: Preparing restore environment...
[19:34:56] Step 6.5: Ensuring /tmp/gol binary is present on destination...
[19:34:56] Step 7: Restoring process...
[19:34:57]   Restore time: 308 ms
[19:34:57]   Restored PID: 7014 (written to /home/ubuntu/gol.pid)
[19:34:57] Step 8: Verifying migration...
[19:35:03] ✓ gol.out updated after migration (mtime 1778520901 → 1778520902), simulation running!
[19:35:03] Total downtime: 18966 ms
[19:35:03] Effective bandwidth: 5.55 Mbps
[19:35:03] Metrics saved to /home/ivo/Evaluation-of-Live-Migration-Strategies-at-the-Edge/Game-of-life-migration/metrics/migration_metrics.csv
[exit=0]

$ python3 /home/ivo/Evaluation-of-Live-Migration-Strategies-at-the-Edge/Game-of-life-migration/scripts/setup/reset_nodes.py edge-node-1 edge-node-2
[19:35:04] Resetting nodes: edge-node-1 -> edge-node-2
[19:35:04] Step 1: Killing any existing processes on source...
[19:35:04]   Killing PID 7014 (from /home/ubuntu/app.pid)
[19:35:05]   Killing PID 7014 (from /home/ubuntu/gol.pid)
[19:35:05]   Killing any remaining background processes...
[19:35:06] Step 2: Cleaning source node...
[19:35:08] Step 3: Cleaning destination node...
[19:35:08]   Killing PID 7014 on destination (from /home/ubuntu/app.pid)
[19:35:09]   Killing PID 7014 on destination (from /home/ubuntu/gol.pid)
[19:35:09]   Killing all remaining gol processes on destination...
[19:35:12] ✓ Reset complete, nodes are clean
[19:35:12]   Next: Start your application
[exit=0]

$ bash /home/ivo/Evaluation-of-Live-Migration-Strategies-at-the-Edge/Game-of-life-migration/scripts/workloads/start_gol_c.sh edge-node-1
[19:35:12] Ensuring gol binary on edge-node-1...
[19:35:13] Reusing existing /tmp/gol on edge-node-1
[19:35:13] Starting gol on edge-node-1...
[19:35:13] Grid: 2048x2048 (two uint32 grids, approx 32 MiB heap)
[19:35:13] Output mode: summary
[19:35:13] Pattern: random
[19:35:14] ✓ Gol started
[exit=0]
[repeat] warmup 2s

$ python3 /home/ivo/Evaluation-of-Live-Migration-Strategies-at-the-Edge/Game-of-life-migration/scripts/orchestrators/criu_benchmark.py cold --source edge-node-1 --dest edge-node-2 --transfer-mode host --run-id 11-05-2026-host-cold-0034 --relay-node edge-host-1 --profile-name 3_LTE
[19:35:16] Starting cold migration...
[19:35:16] Source: edge-node-1, Dest: edge-node-2
[19:35:16] Transfer mode: host
[19:35:16] Relay node: edge-host-1

[19:35:16] === COLD MIGRATION ===
[19:35:16] Step 1: Checking source process...
[19:35:17]   Using PID from /home/ubuntu/gol.pid: 8420
[19:35:18]   Architecture: x86_64 (compatible)
[19:35:18] Step 2: Dumping process with CRIU...
[19:35:18]   Checkpoint time: 366 ms
[19:35:18] Step 3: Creating archive...
[19:35:20]   Archive size: 12681566 bytes
[19:35:20] Step 4: Transferring archive...
  Transferring /home/ubuntu/CRIU-gol.tar.gz via relay node edge-host-1...
Setting up SSH trust: edge-node-1 → ubuntu@10.138.215.36
  Adding public key to destination's authorized_keys...
  Testing SSH connectivity...
  ✓ SSH trust ready
Setting up SSH trust: edge-host-1 → ubuntu@10.138.215.137
  Adding public key to destination's authorized_keys...
  Testing SSH connectivity...
  ✓ SSH trust ready
[19:35:36]   Transfer time: 16537 ms
[19:35:36] Step 5: Unpacking on destination...
[19:35:37] Step 6: Preparing restore environment...
[19:35:37] Step 6.5: Ensuring /tmp/gol binary is present on destination...
[19:35:38] Step 7: Restoring process...
[19:35:38]   Restore time: 315 ms
[19:35:38]   Restored PID: 8420 (written to /home/ubuntu/gol.pid)
[19:35:38] Step 8: Verifying migration...
[19:35:44] ✓ gol.out updated after migration (mtime 1778520941 → 1778520943), simulation running!
[19:35:44] Total downtime: 17218 ms
[19:35:44] Effective bandwidth: 6.13 Mbps
[19:35:44] Metrics saved to /home/ivo/Evaluation-of-Live-Migration-Strategies-at-the-Edge/Game-of-life-migration/metrics/migration_metrics.csv
[exit=0]

$ python3 /home/ivo/Evaluation-of-Live-Migration-Strategies-at-the-Edge/Game-of-life-migration/scripts/setup/reset_nodes.py edge-node-1 edge-node-2
[19:35:44] Resetting nodes: edge-node-1 -> edge-node-2
[19:35:44] Step 1: Killing any existing processes on source...
[19:35:45]   Killing PID 8420 (from /home/ubuntu/app.pid)
[19:35:45]   Killing PID 8420 (from /home/ubuntu/gol.pid)
[19:35:46]   Killing any remaining background processes...
[19:35:47] Step 2: Cleaning source node...
[19:35:48] Step 3: Cleaning destination node...
[19:35:49]   Killing PID 8420 on destination (from /home/ubuntu/app.pid)
[19:35:49]   Killing PID 8420 on destination (from /home/ubuntu/gol.pid)
[19:35:50]   Killing all remaining gol processes on destination...
[19:35:53] ✓ Reset complete, nodes are clean
[19:35:53]   Next: Start your application
[exit=0]

$ bash /home/ivo/Evaluation-of-Live-Migration-Strategies-at-the-Edge/Game-of-life-migration/scripts/workloads/start_gol_c.sh edge-node-1
[19:35:53] Ensuring gol binary on edge-node-1...
[19:35:54] Reusing existing /tmp/gol on edge-node-1
[19:35:54] Starting gol on edge-node-1...
[19:35:54] Grid: 2048x2048 (two uint32 grids, approx 32 MiB heap)
[19:35:54] Output mode: summary
[19:35:54] Pattern: random
[19:35:55] ✓ Gol started
[exit=0]
[repeat] warmup 2s

$ python3 /home/ivo/Evaluation-of-Live-Migration-Strategies-at-the-Edge/Game-of-life-migration/scripts/orchestrators/criu_benchmark.py cold --source edge-node-1 --dest edge-node-2 --transfer-mode host --run-id 11-05-2026-host-cold-0035 --relay-node edge-host-1 --profile-name 3_LTE
[19:35:57] Starting cold migration...
[19:35:57] Source: edge-node-1, Dest: edge-node-2
[19:35:57] Transfer mode: host
[19:35:57] Relay node: edge-host-1

[19:35:57] === COLD MIGRATION ===
[19:35:57] Step 1: Checking source process...
[19:35:58]   Using PID from /home/ubuntu/gol.pid: 9811
[19:35:58]   Architecture: x86_64 (compatible)
[19:35:58] Step 2: Dumping process with CRIU...
[19:35:59]   Checkpoint time: 361 ms
[19:35:59] Step 3: Creating archive...
[19:36:01]   Archive size: 12681585 bytes
[19:36:01] Step 4: Transferring archive...
  Transferring /home/ubuntu/CRIU-gol.tar.gz via relay node edge-host-1...
Setting up SSH trust: edge-node-1 → ubuntu@10.138.215.36
  Adding public key to destination's authorized_keys...
  Testing SSH connectivity...
  ✓ SSH trust ready
Setting up SSH trust: edge-host-1 → ubuntu@10.138.215.137
  Adding public key to destination's authorized_keys...
  Testing SSH connectivity...
  ✓ SSH trust ready
[19:36:18]   Transfer time: 16888 ms
[19:36:18] Step 5: Unpacking on destination...
[19:36:18] Step 6: Preparing restore environment...
[19:36:19] Step 6.5: Ensuring /tmp/gol binary is present on destination...
[19:36:19] Step 7: Restoring process...
[19:36:19]   Restore time: 369 ms
[19:36:20]   Restored PID: 9811 (written to /home/ubuntu/gol.pid)
[19:36:20] Step 8: Verifying migration...
[19:36:25] ✓ gol.out updated after migration (mtime 1778520982 → 1778520984), simulation running!
[19:36:25] Total downtime: 17618 ms
[19:36:25] Effective bandwidth: 6.01 Mbps
[19:36:25] Metrics saved to /home/ivo/Evaluation-of-Live-Migration-Strategies-at-the-Edge/Game-of-life-migration/metrics/migration_metrics.csv
[exit=0]

$ python3 /home/ivo/Evaluation-of-Live-Migration-Strategies-at-the-Edge/Game-of-life-migration/scripts/setup/reset_nodes.py edge-node-1 edge-node-2
[19:36:26] Resetting nodes: edge-node-1 -> edge-node-2
[19:36:26] Step 1: Killing any existing processes on source...
[19:36:26]   Killing PID 9811 (from /home/ubuntu/app.pid)
[19:36:27]   Killing PID 9811 (from /home/ubuntu/gol.pid)
[19:36:27]   Killing any remaining background processes...
[19:36:28] Step 2: Cleaning source node...
[19:36:29] Step 3: Cleaning destination node...
[19:36:30]   Killing PID 9811 on destination (from /home/ubuntu/app.pid)
[19:36:30]   Killing PID 9811 on destination (from /home/ubuntu/gol.pid)
[19:36:31]   Killing all remaining gol processes on destination...
[19:36:34] ✓ Reset complete, nodes are clean
[19:36:34]   Next: Start your application
[exit=0]

$ bash /home/ivo/Evaluation-of-Live-Migration-Strategies-at-the-Edge/Game-of-life-migration/scripts/workloads/start_gol_c.sh edge-node-1
[19:36:34] Ensuring gol binary on edge-node-1...
[19:36:35] Reusing existing /tmp/gol on edge-node-1
[19:36:35] Starting gol on edge-node-1...
[19:36:35] Grid: 2048x2048 (two uint32 grids, approx 32 MiB heap)
[19:36:35] Output mode: summary
[19:36:35] Pattern: random
[19:36:36] ✓ Gol started
[exit=0]
[repeat] warmup 2s

$ python3 /home/ivo/Evaluation-of-Live-Migration-Strategies-at-the-Edge/Game-of-life-migration/scripts/orchestrators/criu_benchmark.py cold --source edge-node-1 --dest edge-node-2 --transfer-mode host --run-id 11-05-2026-host-cold-0036 --relay-node edge-host-1 --profile-name 3_LTE
[19:36:38] Starting cold migration...
[19:36:38] Source: edge-node-1, Dest: edge-node-2
[19:36:38] Transfer mode: host
[19:36:38] Relay node: edge-host-1

[19:36:38] === COLD MIGRATION ===
[19:36:38] Step 1: Checking source process...
[19:36:39]   Using PID from /home/ubuntu/gol.pid: 11207
[19:36:39]   Architecture: x86_64 (compatible)
[19:36:39] Step 2: Dumping process with CRIU...
[19:36:40]   Checkpoint time: 412 ms
[19:36:40] Step 3: Creating archive...
[19:36:42]   Archive size: 12681558 bytes
[19:36:42] Step 4: Transferring archive...
  Transferring /home/ubuntu/CRIU-gol.tar.gz via relay node edge-host-1...
Setting up SSH trust: edge-node-1 → ubuntu@10.138.215.36
  Adding public key to destination's authorized_keys...
  Testing SSH connectivity...
  ✓ SSH trust ready
Setting up SSH trust: edge-host-1 → ubuntu@10.138.215.137
  Adding public key to destination's authorized_keys...
  Testing SSH connectivity...
  ✓ SSH trust ready
[19:36:58]   Transfer time: 16655 ms
[19:36:58] Step 5: Unpacking on destination...
[19:36:59] Step 6: Preparing restore environment...
[19:36:59] Step 6.5: Ensuring /tmp/gol binary is present on destination...
[19:37:00] Step 7: Restoring process...
[19:37:00]   Restore time: 307 ms
[19:37:00]   Restored PID: 11207 (written to /home/ubuntu/gol.pid)
[19:37:00] Step 8: Verifying migration...
[19:37:06] ✓ gol.out updated after migration (mtime 1778521024 → 1778521025), simulation running!
[19:37:06] Total downtime: 17374 ms
[19:37:06] Effective bandwidth: 6.09 Mbps
[19:37:06] Metrics saved to /home/ivo/Evaluation-of-Live-Migration-Strategies-at-the-Edge/Game-of-life-migration/metrics/migration_metrics.csv
[exit=0]

$ python3 /home/ivo/Evaluation-of-Live-Migration-Strategies-at-the-Edge/Game-of-life-migration/scripts/setup/reset_nodes.py edge-node-1 edge-node-2
[19:37:07] Resetting nodes: edge-node-1 -> edge-node-2
[19:37:07] Step 1: Killing any existing processes on source...
[19:37:07]   Killing PID 11207 (from /home/ubuntu/app.pid)
[19:37:08]   Killing PID 11207 (from /home/ubuntu/gol.pid)
[19:37:09]   Killing any remaining background processes...
[19:37:10] Step 2: Cleaning source node...
[19:37:11] Step 3: Cleaning destination node...
[19:37:11]   Killing PID 11207 on destination (from /home/ubuntu/app.pid)
[19:37:12]   Killing PID 11207 on destination (from /home/ubuntu/gol.pid)
[19:37:13]   Killing all remaining gol processes on destination...
[19:37:16] ✓ Reset complete, nodes are clean
[19:37:16]   Next: Start your application
[exit=0]

$ bash /home/ivo/Evaluation-of-Live-Migration-Strategies-at-the-Edge/Game-of-life-migration/scripts/workloads/start_gol_c.sh edge-node-1
[19:37:16] Ensuring gol binary on edge-node-1...
[19:37:16] Reusing existing /tmp/gol on edge-node-1
[19:37:16] Starting gol on edge-node-1...
[19:37:16] Grid: 2048x2048 (two uint32 grids, approx 32 MiB heap)
[19:37:16] Output mode: summary
[19:37:16] Pattern: random
[19:37:18] ✓ Gol started
[exit=0]
[repeat] warmup 2s

$ python3 /home/ivo/Evaluation-of-Live-Migration-Strategies-at-the-Edge/Game-of-life-migration/scripts/orchestrators/criu_benchmark.py cold --source edge-node-1 --dest edge-node-2 --transfer-mode host --run-id 11-05-2026-host-cold-0037 --relay-node edge-host-1 --profile-name 3_LTE
[19:37:20] Starting cold migration...
[19:37:20] Source: edge-node-1, Dest: edge-node-2
[19:37:20] Transfer mode: host
[19:37:20] Relay node: edge-host-1

[19:37:20] === COLD MIGRATION ===
[19:37:20] Step 1: Checking source process...
[19:37:21]   Using PID from /home/ubuntu/gol.pid: 12604
[19:37:21]   Architecture: x86_64 (compatible)
[19:37:21] Step 2: Dumping process with CRIU...
[19:37:22]   Checkpoint time: 309 ms
[19:37:22] Step 3: Creating archive...
[19:37:23]   Archive size: 12681632 bytes
[19:37:23] Step 4: Transferring archive...
  Transferring /home/ubuntu/CRIU-gol.tar.gz via relay node edge-host-1...
Setting up SSH trust: edge-node-1 → ubuntu@10.138.215.36
  Adding public key to destination's authorized_keys...
  Testing SSH connectivity...
  ✓ SSH trust ready
Setting up SSH trust: edge-host-1 → ubuntu@10.138.215.137
  Adding public key to destination's authorized_keys...
  Testing SSH connectivity...
  ✓ SSH trust ready
[19:37:40]   Transfer time: 16539 ms
[19:37:40] Step 5: Unpacking on destination...
[19:37:40] Step 6: Preparing restore environment...
[19:37:41] Step 6.5: Ensuring /tmp/gol binary is present on destination...
[19:37:41] Step 7: Restoring process...
[19:37:42]   Restore time: 336 ms
[19:37:42]   Restored PID: 12604 (written to /home/ubuntu/gol.pid)
[19:37:42] Step 8: Verifying migration...
[19:37:47] ✓ gol.out updated after migration (mtime 1778521064 → 1778521067), simulation running!
[19:37:47] Total downtime: 17184 ms
[19:37:47] Effective bandwidth: 6.13 Mbps
[19:37:47] Metrics saved to /home/ivo/Evaluation-of-Live-Migration-Strategies-at-the-Edge/Game-of-life-migration/metrics/migration_metrics.csv
[exit=0]

$ python3 /home/ivo/Evaluation-of-Live-Migration-Strategies-at-the-Edge/Game-of-life-migration/scripts/setup/reset_nodes.py edge-node-1 edge-node-2
[19:37:48] Resetting nodes: edge-node-1 -> edge-node-2
[19:37:48] Step 1: Killing any existing processes on source...
[19:37:48]   Killing PID 12604 (from /home/ubuntu/app.pid)
[19:37:49]   Killing PID 12604 (from /home/ubuntu/gol.pid)
[19:37:49]   Killing any remaining background processes...
[19:37:51] Step 2: Cleaning source node...
[19:37:52] Step 3: Cleaning destination node...
[19:37:52]   Killing PID 12604 on destination (from /home/ubuntu/app.pid)
[19:37:53]   Killing PID 12604 on destination (from /home/ubuntu/gol.pid)
[19:37:53]   Killing all remaining gol processes on destination...
[19:37:57] ✓ Reset complete, nodes are clean
[19:37:57]   Next: Start your application
[exit=0]

$ bash /home/ivo/Evaluation-of-Live-Migration-Strategies-at-the-Edge/Game-of-life-migration/scripts/workloads/start_gol_c.sh edge-node-1
[19:37:57] Ensuring gol binary on edge-node-1...
[19:37:57] Reusing existing /tmp/gol on edge-node-1
[19:37:57] Starting gol on edge-node-1...
[19:37:57] Grid: 2048x2048 (two uint32 grids, approx 32 MiB heap)
[19:37:57] Output mode: summary
[19:37:57] Pattern: random
[19:37:58] ✓ Gol started
[exit=0]
[repeat] warmup 2s

$ python3 /home/ivo/Evaluation-of-Live-Migration-Strategies-at-the-Edge/Game-of-life-migration/scripts/orchestrators/criu_benchmark.py cold --source edge-node-1 --dest edge-node-2 --transfer-mode host --run-id 11-05-2026-host-cold-0038 --relay-node edge-host-1 --profile-name 3_LTE
[19:38:01] Starting cold migration...
[19:38:01] Source: edge-node-1, Dest: edge-node-2
[19:38:01] Transfer mode: host
[19:38:01] Relay node: edge-host-1

[19:38:01] === COLD MIGRATION ===
[19:38:01] Step 1: Checking source process...
[19:38:01]   Using PID from /home/ubuntu/gol.pid: 13991
[19:38:02]   Architecture: x86_64 (compatible)
[19:38:02] Step 2: Dumping process with CRIU...
[19:38:02]   Checkpoint time: 336 ms
[19:38:02] Step 3: Creating archive...
[19:38:04]   Archive size: 12681756 bytes
[19:38:04] Step 4: Transferring archive...
  Transferring /home/ubuntu/CRIU-gol.tar.gz via relay node edge-host-1...
Setting up SSH trust: edge-node-1 → ubuntu@10.138.215.36
  Adding public key to destination's authorized_keys...
  Testing SSH connectivity...
  ✓ SSH trust ready
Setting up SSH trust: edge-host-1 → ubuntu@10.138.215.137
  Adding public key to destination's authorized_keys...
  Testing SSH connectivity...
  ✓ SSH trust ready
[19:38:21]   Transfer time: 17193 ms
[19:38:21] Step 5: Unpacking on destination...
[19:38:22] Step 6: Preparing restore environment...
[19:38:22] Step 6.5: Ensuring /tmp/gol binary is present on destination...
[19:38:23] Step 7: Restoring process...
[19:38:23]   Restore time: 324 ms
[19:38:23]   Restored PID: 13991 (written to /home/ubuntu/gol.pid)
[19:38:23] Step 8: Verifying migration...
[19:38:29] ✓ gol.out updated after migration (mtime 1778521106 → 1778521108), simulation running!
[19:38:29] Total downtime: 17853 ms
[19:38:29] Effective bandwidth: 5.90 Mbps
[19:38:29] Metrics saved to /home/ivo/Evaluation-of-Live-Migration-Strategies-at-the-Edge/Game-of-life-migration/metrics/migration_metrics.csv
[exit=0]

$ python3 /home/ivo/Evaluation-of-Live-Migration-Strategies-at-the-Edge/Game-of-life-migration/scripts/setup/reset_nodes.py edge-node-1 edge-node-2
[19:38:29] Resetting nodes: edge-node-1 -> edge-node-2
[19:38:29] Step 1: Killing any existing processes on source...
[19:38:29]   Killing PID 13991 (from /home/ubuntu/app.pid)
[19:38:30]   Killing PID 13991 (from /home/ubuntu/gol.pid)
[19:38:31]   Killing any remaining background processes...
[19:38:32] Step 2: Cleaning source node...
[19:38:33] Step 3: Cleaning destination node...
[19:38:33]   Killing PID 13991 on destination (from /home/ubuntu/app.pid)
[19:38:34]   Killing PID 13991 on destination (from /home/ubuntu/gol.pid)
[19:38:35]   Killing all remaining gol processes on destination...
[19:38:38] ✓ Reset complete, nodes are clean
[19:38:38]   Next: Start your application
[exit=0]

$ bash /home/ivo/Evaluation-of-Live-Migration-Strategies-at-the-Edge/Game-of-life-migration/scripts/workloads/start_gol_c.sh edge-node-1
[19:38:38] Ensuring gol binary on edge-node-1...
[19:38:38] Reusing existing /tmp/gol on edge-node-1
[19:38:38] Starting gol on edge-node-1...
[19:38:38] Grid: 2048x2048 (two uint32 grids, approx 32 MiB heap)
[19:38:38] Output mode: summary
[19:38:38] Pattern: random
[19:38:39] ✓ Gol started
[exit=0]
[repeat] warmup 2s

$ python3 /home/ivo/Evaluation-of-Live-Migration-Strategies-at-the-Edge/Game-of-life-migration/scripts/orchestrators/criu_benchmark.py cold --source edge-node-1 --dest edge-node-2 --transfer-mode host --run-id 11-05-2026-host-cold-0039 --relay-node edge-host-1 --profile-name 3_LTE
[19:38:42] Starting cold migration...
[19:38:42] Source: edge-node-1, Dest: edge-node-2
[19:38:42] Transfer mode: host
[19:38:42] Relay node: edge-host-1

[19:38:42] === COLD MIGRATION ===
[19:38:42] Step 1: Checking source process...
[19:38:42]   Using PID from /home/ubuntu/gol.pid: 15391
[19:38:43]   Architecture: x86_64 (compatible)
[19:38:43] Step 2: Dumping process with CRIU...
[19:38:43]   Checkpoint time: 360 ms
[19:38:43] Step 3: Creating archive...
[19:38:45]   Archive size: 12681539 bytes
[19:38:45] Step 4: Transferring archive...
  Transferring /home/ubuntu/CRIU-gol.tar.gz via relay node edge-host-1...
Setting up SSH trust: edge-node-1 → ubuntu@10.138.215.36
  Adding public key to destination's authorized_keys...
  Testing SSH connectivity...
  ✓ SSH trust ready
Setting up SSH trust: edge-host-1 → ubuntu@10.138.215.137
  Adding public key to destination's authorized_keys...
  Testing SSH connectivity...
  ✓ SSH trust ready
[19:39:02]   Transfer time: 16343 ms
[19:39:02] Step 5: Unpacking on destination...
[19:39:02] Step 6: Preparing restore environment...
[19:39:03] Step 6.5: Ensuring /tmp/gol binary is present on destination...
[19:39:03] Step 7: Restoring process...
[19:39:03]   Restore time: 325 ms
[19:39:03]   Restored PID: 15391 (written to /home/ubuntu/gol.pid)
[19:39:03] Step 8: Verifying migration...
[19:39:09] ✓ gol.out updated after migration (mtime 1778521147 → 1778521148), simulation running!
[19:39:09] Total downtime: 17028 ms
[19:39:09] Effective bandwidth: 6.21 Mbps
[19:39:09] Metrics saved to /home/ivo/Evaluation-of-Live-Migration-Strategies-at-the-Edge/Game-of-life-migration/metrics/migration_metrics.csv
[exit=0]

$ python3 /home/ivo/Evaluation-of-Live-Migration-Strategies-at-the-Edge/Game-of-life-migration/scripts/setup/reset_nodes.py edge-node-1 edge-node-2
[19:39:10] Resetting nodes: edge-node-1 -> edge-node-2
[19:39:10] Step 1: Killing any existing processes on source...
[19:39:10]   Killing PID 15391 (from /home/ubuntu/app.pid)
[19:39:11]   Killing PID 15391 (from /home/ubuntu/gol.pid)
[19:39:12]   Killing any remaining background processes...
[19:39:13] Step 2: Cleaning source node...
[19:39:14] Step 3: Cleaning destination node...
[19:39:15]   Killing PID 15391 on destination (from /home/ubuntu/app.pid)
[19:39:15]   Killing PID 15391 on destination (from /home/ubuntu/gol.pid)
[19:39:16]   Killing all remaining gol processes on destination...
[19:39:19] ✓ Reset complete, nodes are clean
[19:39:19]   Next: Start your application
[exit=0]

$ bash /home/ivo/Evaluation-of-Live-Migration-Strategies-at-the-Edge/Game-of-life-migration/scripts/workloads/start_gol_c.sh edge-node-1
[19:39:19] Ensuring gol binary on edge-node-1...
[19:39:19] Reusing existing /tmp/gol on edge-node-1
[19:39:19] Starting gol on edge-node-1...
[19:39:19] Grid: 2048x2048 (two uint32 grids, approx 32 MiB heap)
[19:39:19] Output mode: summary
[19:39:19] Pattern: random
[19:39:21] ✓ Gol started
[exit=0]
[repeat] warmup 2s

$ python3 /home/ivo/Evaluation-of-Live-Migration-Strategies-at-the-Edge/Game-of-life-migration/scripts/orchestrators/criu_benchmark.py cold --source edge-node-1 --dest edge-node-2 --transfer-mode direct --run-id 11-05-2026-direct-cold-0030 --profile-name 3_LTE
[19:39:23] Starting cold migration...
[19:39:23] Source: edge-node-1, Dest: edge-node-2
[19:39:23] Transfer mode: direct

[19:39:23] === COLD MIGRATION ===
[19:39:23] Step 1: Checking source process...
[19:39:24]   Using PID from /home/ubuntu/gol.pid: 16787
[19:39:24]   Architecture: x86_64 (compatible)
[19:39:24] Step 2: Dumping process with CRIU...
[19:39:25]   Checkpoint time: 349 ms
[19:39:25] Step 3: Creating archive...
[19:39:26]   Archive size: 12681588 bytes
[19:39:26] Step 4: Transferring archive...
[19:39:26]   Setting up direct SSH trust...
Setting up SSH trust: edge-node-1 → ubuntu@10.138.215.137
  Adding public key to destination's authorized_keys...
  Testing SSH connectivity...
  ✓ SSH trust ready
Setting up SSH trust: edge-node-1 → ubuntu@10.138.215.137
  Adding public key to destination's authorized_keys...
  Testing SSH connectivity...
  ✓ SSH trust ready
  Transferring /home/ubuntu/CRIU-gol.tar.gz via SCP...
[19:39:37]   Transfer time: 7798 ms
[19:39:37] Step 5: Unpacking on destination...
[19:39:37] Step 6: Preparing restore environment...
[19:39:38] Step 6.5: Ensuring /tmp/gol binary is present on destination...
[19:39:38] Step 7: Restoring process...
[19:39:38]   Restore time: 326 ms
[19:39:39]   Restored PID: 16787 (written to /home/ubuntu/gol.pid)
[19:39:39] Step 8: Verifying migration...
[19:39:44] ✓ gol.out updated after migration (mtime 1778521181 → 1778521184), simulation running!
[19:39:44] Total downtime: 8473 ms
[19:39:44] Effective bandwidth: 13.01 Mbps
[19:39:44] Metrics saved to /home/ivo/Evaluation-of-Live-Migration-Strategies-at-the-Edge/Game-of-life-migration/metrics/migration_metrics.csv
[exit=0]

$ python3 /home/ivo/Evaluation-of-Live-Migration-Strategies-at-the-Edge/Game-of-life-migration/scripts/setup/reset_nodes.py edge-node-1 edge-node-2
[19:39:45] Resetting nodes: edge-node-1 -> edge-node-2
[19:39:45] Step 1: Killing any existing processes on source...
[19:39:45]   Killing PID 16787 (from /home/ubuntu/app.pid)
[19:39:46]   Killing PID 16787 (from /home/ubuntu/gol.pid)
[19:39:46]   Killing any remaining background processes...
[19:39:48] Step 2: Cleaning source node...
[19:39:49] Step 3: Cleaning destination node...
[19:39:49]   Killing PID 16787 on destination (from /home/ubuntu/app.pid)
[19:39:50]   Killing PID 16787 on destination (from /home/ubuntu/gol.pid)
[19:39:50]   Killing all remaining gol processes on destination...
[19:39:53] ✓ Reset complete, nodes are clean
[19:39:53]   Next: Start your application
[exit=0]

$ bash /home/ivo/Evaluation-of-Live-Migration-Strategies-at-the-Edge/Game-of-life-migration/scripts/workloads/start_gol_c.sh edge-node-1
[19:39:53] Ensuring gol binary on edge-node-1...
[19:39:54] Reusing existing /tmp/gol on edge-node-1
[19:39:54] Starting gol on edge-node-1...
[19:39:54] Grid: 2048x2048 (two uint32 grids, approx 32 MiB heap)
[19:39:54] Output mode: summary
[19:39:54] Pattern: random
[19:39:55] ✓ Gol started
[exit=0]
[repeat] warmup 2s

$ python3 /home/ivo/Evaluation-of-Live-Migration-Strategies-at-the-Edge/Game-of-life-migration/scripts/orchestrators/criu_benchmark.py cold --source edge-node-1 --dest edge-node-2 --transfer-mode direct --run-id 11-05-2026-direct-cold-0031 --profile-name 3_LTE
[19:39:57] Starting cold migration...
[19:39:57] Source: edge-node-1, Dest: edge-node-2
[19:39:57] Transfer mode: direct

[19:39:57] === COLD MIGRATION ===
[19:39:57] Step 1: Checking source process...
[19:39:58]   Using PID from /home/ubuntu/gol.pid: 18274
[19:39:59]   Architecture: x86_64 (compatible)
[19:39:59] Step 2: Dumping process with CRIU...
[19:39:59]   Checkpoint time: 348 ms
[19:39:59] Step 3: Creating archive...
[19:40:01]   Archive size: 12681404 bytes
[19:40:01] Step 4: Transferring archive...
[19:40:01]   Setting up direct SSH trust...
Setting up SSH trust: edge-node-1 → ubuntu@10.138.215.137
  Adding public key to destination's authorized_keys...
  Testing SSH connectivity...
  ✓ SSH trust ready
Setting up SSH trust: edge-node-1 → ubuntu@10.138.215.137
  Adding public key to destination's authorized_keys...
  Testing SSH connectivity...
  ✓ SSH trust ready
  Transferring /home/ubuntu/CRIU-gol.tar.gz via SCP...
[19:40:12]   Transfer time: 8208 ms
[19:40:12] Step 5: Unpacking on destination...
[19:40:12] Step 6: Preparing restore environment...
[19:40:13] Step 6.5: Ensuring /tmp/gol binary is present on destination...
[19:40:13] Step 7: Restoring process...
[19:40:14]   Restore time: 355 ms
[19:40:14]   Restored PID: 18274 (written to /home/ubuntu/gol.pid)
[19:40:14] Step 8: Verifying migration...
[19:40:19] ✓ gol.out updated after migration (mtime 1778521216 → 1778521219), simulation running!
[19:40:19] Total downtime: 8911 ms
[19:40:19] Effective bandwidth: 12.36 Mbps
[19:40:19] Metrics saved to /home/ivo/Evaluation-of-Live-Migration-Strategies-at-the-Edge/Game-of-life-migration/metrics/migration_metrics.csv
[exit=0]

$ python3 /home/ivo/Evaluation-of-Live-Migration-Strategies-at-the-Edge/Game-of-life-migration/scripts/setup/reset_nodes.py edge-node-1 edge-node-2
[19:40:20] Resetting nodes: edge-node-1 -> edge-node-2
[19:40:20] Step 1: Killing any existing processes on source...
[19:40:20]   Killing PID 18274 (from /home/ubuntu/app.pid)
[19:40:21]   Killing PID 18274 (from /home/ubuntu/gol.pid)
[19:40:22]   Killing any remaining background processes...
[19:40:23] Step 2: Cleaning source node...
[19:40:24] Step 3: Cleaning destination node...
[19:40:24]   Killing PID 18274 on destination (from /home/ubuntu/app.pid)
[19:40:25]   Killing PID 18274 on destination (from /home/ubuntu/gol.pid)
[19:40:26]   Killing all remaining gol processes on destination...
[19:40:29] ✓ Reset complete, nodes are clean
[19:40:29]   Next: Start your application
[exit=0]

$ bash /home/ivo/Evaluation-of-Live-Migration-Strategies-at-the-Edge/Game-of-life-migration/scripts/workloads/start_gol_c.sh edge-node-1
[19:40:29] Ensuring gol binary on edge-node-1...
[19:40:29] Reusing existing /tmp/gol on edge-node-1
[19:40:29] Starting gol on edge-node-1...
[19:40:29] Grid: 2048x2048 (two uint32 grids, approx 32 MiB heap)
[19:40:29] Output mode: summary
[19:40:29] Pattern: random
[19:40:31] ✓ Gol started
[exit=0]
[repeat] warmup 2s

$ python3 /home/ivo/Evaluation-of-Live-Migration-Strategies-at-the-Edge/Game-of-life-migration/scripts/orchestrators/criu_benchmark.py cold --source edge-node-1 --dest edge-node-2 --transfer-mode direct --run-id 11-05-2026-direct-cold-0032 --profile-name 3_LTE
[19:40:33] Starting cold migration...
[19:40:33] Source: edge-node-1, Dest: edge-node-2
[19:40:33] Transfer mode: direct

[19:40:33] === COLD MIGRATION ===
[19:40:33] Step 1: Checking source process...
[19:40:34]   Using PID from /home/ubuntu/gol.pid: 19782
[19:40:34]   Architecture: x86_64 (compatible)
[19:40:34] Step 2: Dumping process with CRIU...
[19:40:34]   Checkpoint time: 346 ms
[19:40:34] Step 3: Creating archive...
[19:40:36]   Archive size: 12681567 bytes
[19:40:36] Step 4: Transferring archive...
[19:40:36]   Setting up direct SSH trust...
Setting up SSH trust: edge-node-1 → ubuntu@10.138.215.137
  Adding public key to destination's authorized_keys...
  Testing SSH connectivity...
  ✓ SSH trust ready
Setting up SSH trust: edge-node-1 → ubuntu@10.138.215.137
  Adding public key to destination's authorized_keys...
  Testing SSH connectivity...
  ✓ SSH trust ready
  Transferring /home/ubuntu/CRIU-gol.tar.gz via SCP...
[19:40:47]   Transfer time: 7741 ms
[19:40:47] Step 5: Unpacking on destination...
[19:40:47] Step 6: Preparing restore environment...
[19:40:48] Step 6.5: Ensuring /tmp/gol binary is present on destination...
[19:40:48] Step 7: Restoring process...
[19:40:48]   Restore time: 357 ms
[19:40:49]   Restored PID: 19782 (written to /home/ubuntu/gol.pid)
[19:40:49] Step 8: Verifying migration...
[19:40:54] ✓ gol.out updated after migration (mtime 1778521251 → 1778521254), simulation running!
[19:40:54] Total downtime: 8444 ms
[19:40:54] Effective bandwidth: 13.11 Mbps
[19:40:54] Metrics saved to /home/ivo/Evaluation-of-Live-Migration-Strategies-at-the-Edge/Game-of-life-migration/metrics/migration_metrics.csv
[exit=0]

$ python3 /home/ivo/Evaluation-of-Live-Migration-Strategies-at-the-Edge/Game-of-life-migration/scripts/setup/reset_nodes.py edge-node-1 edge-node-2
[19:40:55] Resetting nodes: edge-node-1 -> edge-node-2
[19:40:55] Step 1: Killing any existing processes on source...
[19:40:55]   Killing PID 19782 (from /home/ubuntu/app.pid)
[19:40:56]   Killing PID 19782 (from /home/ubuntu/gol.pid)
[19:40:56]   Killing any remaining background processes...
[19:40:58] Step 2: Cleaning source node...
[19:40:59] Step 3: Cleaning destination node...
[19:40:59]   Killing PID 19782 on destination (from /home/ubuntu/app.pid)
[19:41:00]   Killing PID 19782 on destination (from /home/ubuntu/gol.pid)
[19:41:00]   Killing all remaining gol processes on destination...
[19:41:04] ✓ Reset complete, nodes are clean
[19:41:04]   Next: Start your application
[exit=0]

$ bash /home/ivo/Evaluation-of-Live-Migration-Strategies-at-the-Edge/Game-of-life-migration/scripts/workloads/start_gol_c.sh edge-node-1
[19:41:04] Ensuring gol binary on edge-node-1...
[19:41:04] Reusing existing /tmp/gol on edge-node-1
[19:41:04] Starting gol on edge-node-1...
[19:41:04] Grid: 2048x2048 (two uint32 grids, approx 32 MiB heap)
[19:41:04] Output mode: summary
[19:41:04] Pattern: random
[19:41:05] ✓ Gol started
[exit=0]
[repeat] warmup 2s

$ python3 /home/ivo/Evaluation-of-Live-Migration-Strategies-at-the-Edge/Game-of-life-migration/scripts/orchestrators/criu_benchmark.py cold --source edge-node-1 --dest edge-node-2 --transfer-mode direct --run-id 11-05-2026-direct-cold-0033 --profile-name 3_LTE
[19:41:08] Starting cold migration...
[19:41:08] Source: edge-node-1, Dest: edge-node-2
[19:41:08] Transfer mode: direct

[19:41:08] === COLD MIGRATION ===
[19:41:08] Step 1: Checking source process...
[19:41:08]   Using PID from /home/ubuntu/gol.pid: 21267
[19:41:09]   Architecture: x86_64 (compatible)
[19:41:09] Step 2: Dumping process with CRIU...
[19:41:10]   Checkpoint time: 332 ms
[19:41:10] Step 3: Creating archive...
[19:41:12]   Archive size: 12681414 bytes
[19:41:12] Step 4: Transferring archive...
[19:41:12]   Setting up direct SSH trust...
Setting up SSH trust: edge-node-1 → ubuntu@10.138.215.137
  Adding public key to destination's authorized_keys...
  Testing SSH connectivity...
  ✓ SSH trust ready
Setting up SSH trust: edge-node-1 → ubuntu@10.138.215.137
  Adding public key to destination's authorized_keys...
  Testing SSH connectivity...
  ✓ SSH trust ready
  Transferring /home/ubuntu/CRIU-gol.tar.gz via SCP...
[19:41:22]   Transfer time: 7800 ms
[19:41:22] Step 5: Unpacking on destination...
[19:41:23] Step 6: Preparing restore environment...
[19:41:23] Step 6.5: Ensuring /tmp/gol binary is present on destination...
[19:41:23] Step 7: Restoring process...
[19:41:24]   Restore time: 318 ms
[19:41:24]   Restored PID: 21267 (written to /home/ubuntu/gol.pid)
[19:41:24] Step 8: Verifying migration...
[19:41:30] ✓ gol.out updated after migration (mtime 1778521286 → 1778521289), simulation running!
[19:41:30] Total downtime: 8450 ms
[19:41:30] Effective bandwidth: 13.01 Mbps
[19:41:30] Metrics saved to /home/ivo/Evaluation-of-Live-Migration-Strategies-at-the-Edge/Game-of-life-migration/metrics/migration_metrics.csv
[exit=0]

$ python3 /home/ivo/Evaluation-of-Live-Migration-Strategies-at-the-Edge/Game-of-life-migration/scripts/setup/reset_nodes.py edge-node-1 edge-node-2
[19:41:30] Resetting nodes: edge-node-1 -> edge-node-2
[19:41:30] Step 1: Killing any existing processes on source...
[19:41:31]   Killing PID 21267 (from /home/ubuntu/app.pid)
[19:41:31]   Killing PID 21267 (from /home/ubuntu/gol.pid)
[19:41:32]   Killing any remaining background processes...
[19:41:33] Step 2: Cleaning source node...
[19:41:34] Step 3: Cleaning destination node...
[19:41:34]   Killing PID 21267 on destination (from /home/ubuntu/app.pid)
[19:41:35]   Killing PID 21267 on destination (from /home/ubuntu/gol.pid)
[19:41:36]   Killing all remaining gol processes on destination...
[19:41:39] ✓ Reset complete, nodes are clean
[19:41:39]   Next: Start your application
[exit=0]

$ bash /home/ivo/Evaluation-of-Live-Migration-Strategies-at-the-Edge/Game-of-life-migration/scripts/workloads/start_gol_c.sh edge-node-1
[19:41:39] Ensuring gol binary on edge-node-1...
[19:41:39] Reusing existing /tmp/gol on edge-node-1
[19:41:39] Starting gol on edge-node-1...
[19:41:39] Grid: 2048x2048 (two uint32 grids, approx 32 MiB heap)
[19:41:39] Output mode: summary
[19:41:39] Pattern: random
[19:41:41] ✓ Gol started
[exit=0]
[repeat] warmup 2s

$ python3 /home/ivo/Evaluation-of-Live-Migration-Strategies-at-the-Edge/Game-of-life-migration/scripts/orchestrators/criu_benchmark.py cold --source edge-node-1 --dest edge-node-2 --transfer-mode direct --run-id 11-05-2026-direct-cold-0034 --profile-name 3_LTE
[19:41:43] Starting cold migration...
[19:41:43] Source: edge-node-1, Dest: edge-node-2
[19:41:43] Transfer mode: direct

[19:41:43] === COLD MIGRATION ===
[19:41:43] Step 1: Checking source process...
[19:41:44]   Using PID from /home/ubuntu/gol.pid: 22762
[19:41:44]   Architecture: x86_64 (compatible)
[19:41:44] Step 2: Dumping process with CRIU...
[19:41:44]   Checkpoint time: 353 ms
[19:41:45] Step 3: Creating archive...
[19:41:46]   Archive size: 12681565 bytes
[19:41:46] Step 4: Transferring archive...
[19:41:46]   Setting up direct SSH trust...
Setting up SSH trust: edge-node-1 → ubuntu@10.138.215.137
  Adding public key to destination's authorized_keys...
  Testing SSH connectivity...
  ✓ SSH trust ready
Setting up SSH trust: edge-node-1 → ubuntu@10.138.215.137
  Adding public key to destination's authorized_keys...
  Testing SSH connectivity...
  ✓ SSH trust ready
  Transferring /home/ubuntu/CRIU-gol.tar.gz via SCP...
[19:41:57]   Transfer time: 7803 ms
[19:41:57] Step 5: Unpacking on destination...
[19:41:58] Step 6: Preparing restore environment...
[19:41:58] Step 6.5: Ensuring /tmp/gol binary is present on destination...
[19:41:58] Step 7: Restoring process...
[19:41:59]   Restore time: 313 ms
[19:41:59]   Restored PID: 22762 (written to /home/ubuntu/gol.pid)
[19:41:59] Step 8: Verifying migration...
[19:42:04] ✓ gol.out updated after migration (mtime 1778521321 → 1778521324), simulation running!
[19:42:04] Total downtime: 8469 ms
[19:42:04] Effective bandwidth: 13.00 Mbps
[19:42:04] Metrics saved to /home/ivo/Evaluation-of-Live-Migration-Strategies-at-the-Edge/Game-of-life-migration/metrics/migration_metrics.csv
[exit=0]

$ python3 /home/ivo/Evaluation-of-Live-Migration-Strategies-at-the-Edge/Game-of-life-migration/scripts/setup/reset_nodes.py edge-node-1 edge-node-2
[19:42:05] Resetting nodes: edge-node-1 -> edge-node-2
[19:42:05] Step 1: Killing any existing processes on source...
[19:42:05]   Killing PID 22762 (from /home/ubuntu/app.pid)
[19:42:06]   Killing PID 22762 (from /home/ubuntu/gol.pid)
[19:42:06]   Killing any remaining background processes...
[19:42:08] Step 2: Cleaning source node...
[19:42:09] Step 3: Cleaning destination node...
[19:42:09]   Killing PID 22762 on destination (from /home/ubuntu/app.pid)
[19:42:10]   Killing PID 22762 on destination (from /home/ubuntu/gol.pid)
[19:42:11]   Killing all remaining gol processes on destination...
[19:42:14] ✓ Reset complete, nodes are clean
[19:42:14]   Next: Start your application
[exit=0]

$ bash /home/ivo/Evaluation-of-Live-Migration-Strategies-at-the-Edge/Game-of-life-migration/scripts/workloads/start_gol_c.sh edge-node-1
[19:42:14] Ensuring gol binary on edge-node-1...
[19:42:14] Reusing existing /tmp/gol on edge-node-1
[19:42:14] Starting gol on edge-node-1...
[19:42:14] Grid: 2048x2048 (two uint32 grids, approx 32 MiB heap)
[19:42:14] Output mode: summary
[19:42:14] Pattern: random
[19:42:16] ✓ Gol started
[exit=0]
[repeat] warmup 2s

$ python3 /home/ivo/Evaluation-of-Live-Migration-Strategies-at-the-Edge/Game-of-life-migration/scripts/orchestrators/criu_benchmark.py cold --source edge-node-1 --dest edge-node-2 --transfer-mode direct --run-id 11-05-2026-direct-cold-0035 --profile-name 3_LTE
[19:42:18] Starting cold migration...
[19:42:18] Source: edge-node-1, Dest: edge-node-2
[19:42:18] Transfer mode: direct

[19:42:18] === COLD MIGRATION ===
[19:42:18] Step 1: Checking source process...
[19:42:19]   Using PID from /home/ubuntu/gol.pid: 24256
[19:42:19]   Architecture: x86_64 (compatible)
[19:42:19] Step 2: Dumping process with CRIU...
[19:42:19]   Checkpoint time: 337 ms
[19:42:19] Step 3: Creating archive...
[19:42:21]   Archive size: 12681398 bytes
[19:42:21] Step 4: Transferring archive...
[19:42:21]   Setting up direct SSH trust...
Setting up SSH trust: edge-node-1 → ubuntu@10.138.215.137
  Adding public key to destination's authorized_keys...
  Testing SSH connectivity...
  ✓ SSH trust ready
Setting up SSH trust: edge-node-1 → ubuntu@10.138.215.137
  Adding public key to destination's authorized_keys...
  Testing SSH connectivity...
  ✓ SSH trust ready
  Transferring /home/ubuntu/CRIU-gol.tar.gz via SCP...
[19:42:32]   Transfer time: 7860 ms
[19:42:32] Step 5: Unpacking on destination...
[19:42:32] Step 6: Preparing restore environment...
[19:42:33] Step 6.5: Ensuring /tmp/gol binary is present on destination...
[19:42:33] Step 7: Restoring process...
[19:42:34]   Restore time: 324 ms
[19:42:34]   Restored PID: 24256 (written to /home/ubuntu/gol.pid)
[19:42:34] Step 8: Verifying migration...
[19:42:39] ✓ gol.out updated after migration (mtime 1778521356 → 1778521359), simulation running!
[19:42:39] Total downtime: 8521 ms
[19:42:39] Effective bandwidth: 12.91 Mbps
[19:42:39] Metrics saved to /home/ivo/Evaluation-of-Live-Migration-Strategies-at-the-Edge/Game-of-life-migration/metrics/migration_metrics.csv
[exit=0]

$ python3 /home/ivo/Evaluation-of-Live-Migration-Strategies-at-the-Edge/Game-of-life-migration/scripts/setup/reset_nodes.py edge-node-1 edge-node-2
[19:42:40] Resetting nodes: edge-node-1 -> edge-node-2
[19:42:40] Step 1: Killing any existing processes on source...
[19:42:40]   Killing PID 24256 (from /home/ubuntu/app.pid)
[19:42:41]   Killing PID 24256 (from /home/ubuntu/gol.pid)
[19:42:42]   Killing any remaining background processes...
[19:42:43] Step 2: Cleaning source node...
[19:42:44] Step 3: Cleaning destination node...
[19:42:44]   Killing PID 24256 on destination (from /home/ubuntu/app.pid)
[19:42:45]   Killing PID 24256 on destination (from /home/ubuntu/gol.pid)
[19:42:45]   Killing all remaining gol processes on destination...
[19:42:49] ✓ Reset complete, nodes are clean
[19:42:49]   Next: Start your application
[exit=0]

$ bash /home/ivo/Evaluation-of-Live-Migration-Strategies-at-the-Edge/Game-of-life-migration/scripts/workloads/start_gol_c.sh edge-node-1
[19:42:49] Ensuring gol binary on edge-node-1...
[19:42:49] Reusing existing /tmp/gol on edge-node-1
[19:42:49] Starting gol on edge-node-1...
[19:42:49] Grid: 2048x2048 (two uint32 grids, approx 32 MiB heap)
[19:42:49] Output mode: summary
[19:42:49] Pattern: random
[19:42:50] ✓ Gol started
[exit=0]
[repeat] warmup 2s

$ python3 /home/ivo/Evaluation-of-Live-Migration-Strategies-at-the-Edge/Game-of-life-migration/scripts/orchestrators/criu_benchmark.py cold --source edge-node-1 --dest edge-node-2 --transfer-mode direct --run-id 11-05-2026-direct-cold-0036 --profile-name 3_LTE
[19:42:53] Starting cold migration...
[19:42:53] Source: edge-node-1, Dest: edge-node-2
[19:42:53] Transfer mode: direct

[19:42:53] === COLD MIGRATION ===
[19:42:53] Step 1: Checking source process...
[19:42:54]   Using PID from /home/ubuntu/gol.pid: 25750
[19:42:54]   Architecture: x86_64 (compatible)
[19:42:54] Step 2: Dumping process with CRIU...
[19:42:54]   Checkpoint time: 349 ms
[19:42:54] Step 3: Creating archive...
[19:42:56]   Archive size: 12681402 bytes
[19:42:56] Step 4: Transferring archive...
[19:42:56]   Setting up direct SSH trust...
Setting up SSH trust: edge-node-1 → ubuntu@10.138.215.137
  Adding public key to destination's authorized_keys...
  Testing SSH connectivity...
  ✓ SSH trust ready
Setting up SSH trust: edge-node-1 → ubuntu@10.138.215.137
  Adding public key to destination's authorized_keys...
  Testing SSH connectivity...
  ✓ SSH trust ready
  Transferring /home/ubuntu/CRIU-gol.tar.gz via SCP...
[19:43:07]   Transfer time: 7743 ms
[19:43:07] Step 5: Unpacking on destination...
[19:43:07] Step 6: Preparing restore environment...
[19:43:08] Step 6.5: Ensuring /tmp/gol binary is present on destination...
[19:43:08] Step 7: Restoring process...
[19:43:09]   Restore time: 412 ms
[19:43:09]   Restored PID: 25750 (written to /home/ubuntu/gol.pid)
[19:43:09] Step 8: Verifying migration...
[19:43:15] ✓ gol.out updated after migration (mtime 1778521392 → 1778521394), simulation running!
[19:43:15] Total downtime: 8504 ms
[19:43:15] Effective bandwidth: 13.10 Mbps
[19:43:15] Metrics saved to /home/ivo/Evaluation-of-Live-Migration-Strategies-at-the-Edge/Game-of-life-migration/metrics/migration_metrics.csv
[exit=0]

$ python3 /home/ivo/Evaluation-of-Live-Migration-Strategies-at-the-Edge/Game-of-life-migration/scripts/setup/reset_nodes.py edge-node-1 edge-node-2
[19:43:15] Resetting nodes: edge-node-1 -> edge-node-2
[19:43:15] Step 1: Killing any existing processes on source...
[19:43:15]   Killing PID 25750 (from /home/ubuntu/app.pid)
[19:43:16]   Killing PID 25750 (from /home/ubuntu/gol.pid)
[19:43:17]   Killing any remaining background processes...
[19:43:18] Step 2: Cleaning source node...
[19:43:19] Step 3: Cleaning destination node...
[19:43:19]   Killing PID 25750 on destination (from /home/ubuntu/app.pid)
[19:43:20]   Killing PID 25750 on destination (from /home/ubuntu/gol.pid)
[19:43:21]   Killing all remaining gol processes on destination...
[19:43:24] ✓ Reset complete, nodes are clean
[19:43:24]   Next: Start your application
[exit=0]

$ bash /home/ivo/Evaluation-of-Live-Migration-Strategies-at-the-Edge/Game-of-life-migration/scripts/workloads/start_gol_c.sh edge-node-1
[19:43:24] Ensuring gol binary on edge-node-1...
[19:43:24] Reusing existing /tmp/gol on edge-node-1
[19:43:24] Starting gol on edge-node-1...
[19:43:24] Grid: 2048x2048 (two uint32 grids, approx 32 MiB heap)
[19:43:24] Output mode: summary
[19:43:24] Pattern: random
[19:43:26] ✓ Gol started
[exit=0]
[repeat] warmup 2s

$ python3 /home/ivo/Evaluation-of-Live-Migration-Strategies-at-the-Edge/Game-of-life-migration/scripts/orchestrators/criu_benchmark.py cold --source edge-node-1 --dest edge-node-2 --transfer-mode direct --run-id 11-05-2026-direct-cold-0037 --profile-name 3_LTE
[19:43:28] Starting cold migration...
[19:43:28] Source: edge-node-1, Dest: edge-node-2
[19:43:28] Transfer mode: direct

[19:43:28] === COLD MIGRATION ===
[19:43:28] Step 1: Checking source process...
[19:43:29]   Using PID from /home/ubuntu/gol.pid: 27244
[19:43:29]   Architecture: x86_64 (compatible)
[19:43:29] Step 2: Dumping process with CRIU...
[19:43:30]   Checkpoint time: 344 ms
[19:43:30] Step 3: Creating archive...
[19:43:32]   Archive size: 12681287 bytes
[19:43:32] Step 4: Transferring archive...
[19:43:32]   Setting up direct SSH trust...
Setting up SSH trust: edge-node-1 → ubuntu@10.138.215.137
  Adding public key to destination's authorized_keys...
  Testing SSH connectivity...
  ✓ SSH trust ready
Setting up SSH trust: edge-node-1 → ubuntu@10.138.215.137
  Adding public key to destination's authorized_keys...
  Testing SSH connectivity...
  ✓ SSH trust ready
  Transferring /home/ubuntu/CRIU-gol.tar.gz via SCP...
[19:43:42]   Transfer time: 7700 ms
[19:43:42] Step 5: Unpacking on destination...
[19:43:43] Step 6: Preparing restore environment...
[19:43:43] Step 6.5: Ensuring /tmp/gol binary is present on destination...
[19:43:43] Step 7: Restoring process...
[19:43:44]   Restore time: 332 ms
[19:43:44]   Restored PID: 27244 (written to /home/ubuntu/gol.pid)
[19:43:44] Step 8: Verifying migration...
[19:43:49] ✓ gol.out updated after migration (mtime 1778521426 → 1778521429), simulation running!
[19:43:49] Total downtime: 8376 ms
[19:43:49] Effective bandwidth: 13.18 Mbps
[19:43:49] Metrics saved to /home/ivo/Evaluation-of-Live-Migration-Strategies-at-the-Edge/Game-of-life-migration/metrics/migration_metrics.csv
[exit=0]

$ python3 /home/ivo/Evaluation-of-Live-Migration-Strategies-at-the-Edge/Game-of-life-migration/scripts/setup/reset_nodes.py edge-node-1 edge-node-2
[19:43:50] Resetting nodes: edge-node-1 -> edge-node-2
[19:43:50] Step 1: Killing any existing processes on source...
[19:43:51]   Killing PID 27244 (from /home/ubuntu/app.pid)
[19:43:51]   Killing PID 27244 (from /home/ubuntu/gol.pid)
[19:43:52]   Killing any remaining background processes...
[19:43:53] Step 2: Cleaning source node...
[19:43:54] Step 3: Cleaning destination node...
[19:43:55]   Killing PID 27244 on destination (from /home/ubuntu/app.pid)
[19:43:55]   Killing PID 27244 on destination (from /home/ubuntu/gol.pid)
[19:43:56]   Killing all remaining gol processes on destination...
[19:43:59] ✓ Reset complete, nodes are clean
[19:43:59]   Next: Start your application
[exit=0]

$ bash /home/ivo/Evaluation-of-Live-Migration-Strategies-at-the-Edge/Game-of-life-migration/scripts/workloads/start_gol_c.sh edge-node-1
[19:43:59] Ensuring gol binary on edge-node-1...
[19:43:59] Reusing existing /tmp/gol on edge-node-1
[19:43:59] Starting gol on edge-node-1...
[19:43:59] Grid: 2048x2048 (two uint32 grids, approx 32 MiB heap)
[19:43:59] Output mode: summary
[19:43:59] Pattern: random
[19:44:01] ✓ Gol started
[exit=0]
[repeat] warmup 2s

$ python3 /home/ivo/Evaluation-of-Live-Migration-Strategies-at-the-Edge/Game-of-life-migration/scripts/orchestrators/criu_benchmark.py cold --source edge-node-1 --dest edge-node-2 --transfer-mode direct --run-id 11-05-2026-direct-cold-0038 --profile-name 3_LTE
[19:44:03] Starting cold migration...
[19:44:03] Source: edge-node-1, Dest: edge-node-2
[19:44:03] Transfer mode: direct

[19:44:03] === COLD MIGRATION ===
[19:44:03] Step 1: Checking source process...
[19:44:04]   Using PID from /home/ubuntu/gol.pid: 28738
[19:44:04]   Architecture: x86_64 (compatible)
[19:44:04] Step 2: Dumping process with CRIU...
[19:44:05]   Checkpoint time: 365 ms
[19:44:05] Step 3: Creating archive...
[19:44:07]   Archive size: 12681597 bytes
[19:44:07] Step 4: Transferring archive...
[19:44:07]   Setting up direct SSH trust...
Setting up SSH trust: edge-node-1 → ubuntu@10.138.215.137
  Adding public key to destination's authorized_keys...
  Testing SSH connectivity...
  ✓ SSH trust ready
Setting up SSH trust: edge-node-1 → ubuntu@10.138.215.137
  Adding public key to destination's authorized_keys...
  Testing SSH connectivity...
  ✓ SSH trust ready
  Transferring /home/ubuntu/CRIU-gol.tar.gz via SCP...
[19:44:34]   Transfer time: 25137 ms
[19:44:34] Step 5: Unpacking on destination...
[19:44:35] Step 6: Preparing restore environment...
[19:44:35] Step 6.5: Ensuring /tmp/gol binary is present on destination...
[19:44:36] Step 7: Restoring process...
[19:44:36]   Restore time: 316 ms
[19:44:36]   Restored PID: 28738 (written to /home/ubuntu/gol.pid)
[19:44:36] Step 8: Verifying migration...
[19:44:42] ✓ gol.out updated after migration (mtime 1778521479 → 1778521481), simulation running!
[19:44:42] Total downtime: 25818 ms
[19:44:42] Effective bandwidth: 4.04 Mbps
[19:44:42] Metrics saved to /home/ivo/Evaluation-of-Live-Migration-Strategies-at-the-Edge/Game-of-life-migration/metrics/migration_metrics.csv
[exit=0]

$ python3 /home/ivo/Evaluation-of-Live-Migration-Strategies-at-the-Edge/Game-of-life-migration/scripts/setup/reset_nodes.py edge-node-1 edge-node-2
[19:44:42] Resetting nodes: edge-node-1 -> edge-node-2
[19:44:42] Step 1: Killing any existing processes on source...
[19:44:43]   Killing PID 28738 (from /home/ubuntu/app.pid)
[19:44:43]   Killing PID 28738 (from /home/ubuntu/gol.pid)
[19:44:44]   Killing any remaining background processes...
[19:44:45] Step 2: Cleaning source node...
[19:44:46] Step 3: Cleaning destination node...
[19:44:47]   Killing PID 28738 on destination (from /home/ubuntu/app.pid)
[19:44:47]   Killing PID 28738 on destination (from /home/ubuntu/gol.pid)
[19:44:48]   Killing all remaining gol processes on destination...
[19:44:51] ✓ Reset complete, nodes are clean
[19:44:51]   Next: Start your application
[exit=0]

$ bash /home/ivo/Evaluation-of-Live-Migration-Strategies-at-the-Edge/Game-of-life-migration/scripts/workloads/start_gol_c.sh edge-node-1
[19:44:51] Ensuring gol binary on edge-node-1...
[19:44:52] Reusing existing /tmp/gol on edge-node-1
[19:44:52] Starting gol on edge-node-1...
[19:44:52] Grid: 2048x2048 (two uint32 grids, approx 32 MiB heap)
[19:44:52] Output mode: summary
[19:44:52] Pattern: random
[19:44:53] ✓ Gol started
[exit=0]
[repeat] warmup 2s

$ python3 /home/ivo/Evaluation-of-Live-Migration-Strategies-at-the-Edge/Game-of-life-migration/scripts/orchestrators/criu_benchmark.py cold --source edge-node-1 --dest edge-node-2 --transfer-mode direct --run-id 11-05-2026-direct-cold-0039 --profile-name 3_LTE
[19:44:55] Starting cold migration...
[19:44:55] Source: edge-node-1, Dest: edge-node-2
[19:44:55] Transfer mode: direct

[19:44:55] === COLD MIGRATION ===
[19:44:55] Step 1: Checking source process...
[19:44:56]   Using PID from /home/ubuntu/gol.pid: 30250
[19:44:56]   Architecture: x86_64 (compatible)
[19:44:56] Step 2: Dumping process with CRIU...
[19:44:57]   Checkpoint time: 342 ms
[19:44:57] Step 3: Creating archive...
[19:44:59]   Archive size: 12681364 bytes
[19:44:59] Step 4: Transferring archive...
[19:44:59]   Setting up direct SSH trust...
Setting up SSH trust: edge-node-1 → ubuntu@10.138.215.137
  Adding public key to destination's authorized_keys...
  Testing SSH connectivity...
  ✓ SSH trust ready
Setting up SSH trust: edge-node-1 → ubuntu@10.138.215.137
  Adding public key to destination's authorized_keys...
  Testing SSH connectivity...
  ✓ SSH trust ready
  Transferring /home/ubuntu/CRIU-gol.tar.gz via SCP...
[19:45:09]   Transfer time: 7865 ms
[19:45:09] Step 5: Unpacking on destination...
[19:45:10] Step 6: Preparing restore environment...
[19:45:10] Step 6.5: Ensuring /tmp/gol binary is present on destination...
[19:45:11] Step 7: Restoring process...
[19:45:11]   Restore time: 360 ms
[19:45:11]   Restored PID: 30250 (written to /home/ubuntu/gol.pid)
[19:45:11] Step 8: Verifying migration...
[19:45:17] ✓ gol.out updated after migration (mtime 1778521515 → 1778521516), simulation running!
[19:45:17] Total downtime: 8567 ms
[19:45:17] Effective bandwidth: 12.90 Mbps
[19:45:17] Metrics saved to /home/ivo/Evaluation-of-Live-Migration-Strategies-at-the-Edge/Game-of-life-migration/metrics/migration_metrics.csv
[exit=0]

$ python3 /home/ivo/Evaluation-of-Live-Migration-Strategies-at-the-Edge/Game-of-life-migration/scripts/setup/reset_nodes.py edge-node-1 edge-node-2
[19:45:18] Resetting nodes: edge-node-1 -> edge-node-2
[19:45:18] Step 1: Killing any existing processes on source...
[19:45:18]   Killing PID 30250 (from /home/ubuntu/app.pid)
[19:45:19]   Killing PID 30250 (from /home/ubuntu/gol.pid)
[19:45:19]   Killing any remaining background processes...
[19:45:20] Step 2: Cleaning source node...
[19:45:22] Step 3: Cleaning destination node...
[19:45:22]   Killing PID 30250 on destination (from /home/ubuntu/app.pid)
[19:45:23]   Killing PID 30250 on destination (from /home/ubuntu/gol.pid)
[19:45:23]   Killing all remaining gol processes on destination...
[19:45:27] ✓ Reset complete, nodes are clean
[19:45:27]   Next: Start your application
[exit=0]

$ bash /home/ivo/Evaluation-of-Live-Migration-Strategies-at-the-Edge/Game-of-life-migration/scripts/workloads/start_gol_c.sh edge-node-1
[19:45:27] Ensuring gol binary on edge-node-1...
[19:45:27] Reusing existing /tmp/gol on edge-node-1
[19:45:27] Starting gol on edge-node-1...
[19:45:27] Grid: 2048x2048 (two uint32 grids, approx 32 MiB heap)
[19:45:27] Output mode: summary
[19:45:27] Pattern: random
[19:45:28] ✓ Gol started
[exit=0]
[repeat] warmup 2s

$ python3 /home/ivo/Evaluation-of-Live-Migration-Strategies-at-the-Edge/Game-of-life-migration/scripts/orchestrators/criu_benchmark.py precopy --source edge-node-1 --dest edge-node-2 --transfer-mode host --run-id 11-05-2026-host-precopy-0030 --relay-node edge-host-1 --iterations 3 --profile-name 3_LTE
[19:45:31] Starting precopy migration...
[19:45:31] Source: edge-node-1, Dest: edge-node-2
[19:45:31] Transfer mode: host
[19:45:31] Relay node: edge-host-1

[19:45:31] === PRE-COPY LIVE MIGRATION ===
[19:45:31] Step 1: Checking source process...
[19:45:31]   Using PID from /home/ubuntu/gol.pid: 32006
[19:45:32]   Architecture: x86_64 (compatible)
[19:45:32] Step 2: Preparing dump directory...
[19:45:32] Step 3: Running 3 pre-dumps and transferring them while service keeps running...
[19:45:32]   Pre-dump 1/3...
[19:45:32]   Archiving and transferring pre-dump 1...
  Transferring /home/ubuntu/CRIU-gol-iter-0.tar.gz via relay node edge-host-1...
Setting up SSH trust: edge-node-1 → ubuntu@10.138.215.36
  Adding public key to destination's authorized_keys...
  Testing SSH connectivity...
  ✓ SSH trust ready
Setting up SSH trust: edge-host-1 → ubuntu@10.138.215.137
  Adding public key to destination's authorized_keys...
  Testing SSH connectivity...
  ✓ SSH trust ready
[19:45:56]   Pre-dump 2/3...
[19:45:56]   Archiving and transferring pre-dump 2...
  Transferring /home/ubuntu/CRIU-gol-iter-1.tar.gz via relay node edge-host-1...
Setting up SSH trust: edge-node-1 → ubuntu@10.138.215.36
  Adding public key to destination's authorized_keys...
  Testing SSH connectivity...
  ✓ SSH trust ready
Setting up SSH trust: edge-host-1 → ubuntu@10.138.215.137
  Adding public key to destination's authorized_keys...
  Testing SSH connectivity...
  ✓ SSH trust ready
[19:46:13]   Pre-dump 3/3...
[19:46:14]   Archiving and transferring pre-dump 3...
  Transferring /home/ubuntu/CRIU-gol-iter-2.tar.gz via relay node edge-host-1...
Setting up SSH trust: edge-node-1 → ubuntu@10.138.215.36
  Adding public key to destination's authorized_keys...
  Testing SSH connectivity...
  ✓ SSH trust ready
Setting up SSH trust: edge-host-1 → ubuntu@10.138.215.137
  Adding public key to destination's authorized_keys...
  Testing SSH connectivity...
  ✓ SSH trust ready
[19:46:30]   Total pre-dump time: 58506 ms
[19:46:30]   Pre-copy transfer outside downtime: archive=3603 ms, transfer=48278 ms, unpack=1498 ms, bytes=27076854
[19:46:30] Step 4: Final dump (freezing service)...
[19:46:31]   Final dump time (freeze duration): 582 ms
[19:46:31] Step 5: Creating final dump archive...
[19:46:32]   Archive size: 5889898 bytes
[19:46:32] Step 6: Transferring archive...
  Transferring /home/ubuntu/CRIU-gol-final.tar.gz via relay node edge-host-1...
Setting up SSH trust: edge-node-1 → ubuntu@10.138.215.36
  Adding public key to destination's authorized_keys...
  Testing SSH connectivity...
  ✓ SSH trust ready
Setting up SSH trust: edge-host-1 → ubuntu@10.138.215.137
  Adding public key to destination's authorized_keys...
  Testing SSH connectivity...
  ✓ SSH trust ready
[19:46:47]   Transfer time: 14624 ms
[19:46:47] Step 7: Unpacking on destination...
[19:46:47] Step 7.5: Ensuring gol output file exists on destination...
[19:46:48] Step 7.8: Ensuring /tmp/gol binary is present on destination...
[19:46:48] Step 8: Restoring process...
[19:46:48]   Restore time: 325 ms
[19:46:49]   Restored PID: 32006 (written to /home/ubuntu/gol.pid)
[19:46:49] Step 9: Verifying migration...
[19:46:54] ✓ gol.out updated after migration (mtime 1778521611 → 1778521613), simulation running!
[19:46:54] Total downtime: 15531 ms (final_dump: 582 + transfer: 14624 + restore: 325)
[19:46:54] Pre-dump time (not counted as downtime): 58506 ms
[19:46:54] Effective bandwidth: 3.22 Mbps
[19:46:54] Metrics saved to /home/ivo/Evaluation-of-Live-Migration-Strategies-at-the-Edge/Game-of-life-migration/metrics/migration_metrics.csv
[exit=0]

$ python3 /home/ivo/Evaluation-of-Live-Migration-Strategies-at-the-Edge/Game-of-life-migration/scripts/setup/reset_nodes.py edge-node-1 edge-node-2
[19:46:55] Resetting nodes: edge-node-1 -> edge-node-2
[19:46:55] Step 1: Killing any existing processes on source...
[19:46:55]   Killing PID 32006 (from /home/ubuntu/app.pid)
[19:46:56]   Killing PID 32006 (from /home/ubuntu/gol.pid)
[19:46:56]   Killing any remaining background processes...
[19:46:58] Step 2: Cleaning source node...
[19:46:59] Step 3: Cleaning destination node...
[19:46:59]   Killing PID 32006 on destination (from /home/ubuntu/app.pid)
[19:47:00]   Killing PID 32006 on destination (from /home/ubuntu/gol.pid)
[19:47:00]   Killing all remaining gol processes on destination...
[19:47:04] ✓ Reset complete, nodes are clean
[19:47:04]   Next: Start your application
[exit=0]

$ bash /home/ivo/Evaluation-of-Live-Migration-Strategies-at-the-Edge/Game-of-life-migration/scripts/workloads/start_gol_c.sh edge-node-1
[19:47:04] Ensuring gol binary on edge-node-1...
[19:47:04] Reusing existing /tmp/gol on edge-node-1
[19:47:04] Starting gol on edge-node-1...
[19:47:04] Grid: 2048x2048 (two uint32 grids, approx 32 MiB heap)
[19:47:04] Output mode: summary
[19:47:04] Pattern: random
[19:47:05] ✓ Gol started
[exit=0]
[repeat] warmup 2s

$ python3 /home/ivo/Evaluation-of-Live-Migration-Strategies-at-the-Edge/Game-of-life-migration/scripts/orchestrators/criu_benchmark.py precopy --source edge-node-1 --dest edge-node-2 --transfer-mode host --run-id 11-05-2026-host-precopy-0031 --relay-node edge-host-1 --iterations 3 --profile-name 3_LTE
[19:47:08] Starting precopy migration...
[19:47:08] Source: edge-node-1, Dest: edge-node-2
[19:47:08] Transfer mode: host
[19:47:08] Relay node: edge-host-1

[19:47:08] === PRE-COPY LIVE MIGRATION ===
[19:47:08] Step 1: Checking source process...
[19:47:08]   Using PID from /home/ubuntu/gol.pid: 34785
[19:47:09]   Architecture: x86_64 (compatible)
[19:47:09] Step 2: Preparing dump directory...
[19:47:09] Step 3: Running 3 pre-dumps and transferring them while service keeps running...
[19:47:09]   Pre-dump 1/3...
[19:47:09]   Archiving and transferring pre-dump 1...
  Transferring /home/ubuntu/CRIU-gol-iter-0.tar.gz via relay node edge-host-1...
Setting up SSH trust: edge-node-1 → ubuntu@10.138.215.36
  Adding public key to destination's authorized_keys...
  Testing SSH connectivity...
  ✓ SSH trust ready
Setting up SSH trust: edge-host-1 → ubuntu@10.138.215.137
  Adding public key to destination's authorized_keys...
  Testing SSH connectivity...
  ✓ SSH trust ready
[19:47:29]   Pre-dump 2/3...
[19:47:30]   Archiving and transferring pre-dump 2...
  Transferring /home/ubuntu/CRIU-gol-iter-1.tar.gz via relay node edge-host-1...
Setting up SSH trust: edge-node-1 → ubuntu@10.138.215.36
  Adding public key to destination's authorized_keys...
  Testing SSH connectivity...
  ✓ SSH trust ready
Setting up SSH trust: edge-host-1 → ubuntu@10.138.215.137
  Adding public key to destination's authorized_keys...
  Testing SSH connectivity...
  ✓ SSH trust ready
[19:47:47]   Pre-dump 3/3...
[19:47:48]   Archiving and transferring pre-dump 3...
  Transferring /home/ubuntu/CRIU-gol-iter-2.tar.gz via relay node edge-host-1...
Setting up SSH trust: edge-node-1 → ubuntu@10.138.215.36
  Adding public key to destination's authorized_keys...
  Testing SSH connectivity...
  ✓ SSH trust ready
Setting up SSH trust: edge-host-1 → ubuntu@10.138.215.137
  Adding public key to destination's authorized_keys...
  Testing SSH connectivity...
  ✓ SSH trust ready
[19:48:05]   Total pre-dump time: 55388 ms
[19:48:05]   Pre-copy transfer outside downtime: archive=3680 ms, transfer=45482 ms, unpack=1472 ms, bytes=27614262
[19:48:05] Step 4: Final dump (freezing service)...
[19:48:05]   Final dump time (freeze duration): 859 ms
[19:48:05] Step 5: Creating final dump archive...
[19:48:07]   Archive size: 5979380 bytes
[19:48:07] Step 6: Transferring archive...
  Transferring /home/ubuntu/CRIU-gol-final.tar.gz via relay node edge-host-1...
Setting up SSH trust: edge-node-1 → ubuntu@10.138.215.36
  Adding public key to destination's authorized_keys...
  Testing SSH connectivity...
  ✓ SSH trust ready
Setting up SSH trust: edge-host-1 → ubuntu@10.138.215.137
  Adding public key to destination's authorized_keys...
  Testing SSH connectivity...
  ✓ SSH trust ready
[19:48:21]   Transfer time: 14343 ms
[19:48:21] Step 7: Unpacking on destination...
[19:48:21] Step 7.5: Ensuring gol output file exists on destination...
[19:48:22] Step 7.8: Ensuring /tmp/gol binary is present on destination...
[19:48:22] Step 8: Restoring process...
[19:48:22]   Restore time: 371 ms
[19:48:23]   Restored PID: 34785 (written to /home/ubuntu/gol.pid)
[19:48:23] Step 9: Verifying migration...
[19:48:28] ✓ gol.out updated after migration (mtime 1778521705 → 1778521707), simulation running!
[19:48:28] Total downtime: 15573 ms (final_dump: 859 + transfer: 14343 + restore: 371)
[19:48:28] Pre-dump time (not counted as downtime): 55388 ms
[19:48:28] Effective bandwidth: 3.34 Mbps
[19:48:28] Metrics saved to /home/ivo/Evaluation-of-Live-Migration-Strategies-at-the-Edge/Game-of-life-migration/metrics/migration_metrics.csv
[exit=0]

$ python3 /home/ivo/Evaluation-of-Live-Migration-Strategies-at-the-Edge/Game-of-life-migration/scripts/setup/reset_nodes.py edge-node-1 edge-node-2
[19:48:29] Resetting nodes: edge-node-1 -> edge-node-2
[19:48:29] Step 1: Killing any existing processes on source...
[19:48:29]   Killing PID 34785 (from /home/ubuntu/app.pid)
[19:48:30]   Killing PID 34785 (from /home/ubuntu/gol.pid)
[19:48:30]   Killing any remaining background processes...
[19:48:32] Step 2: Cleaning source node...
[19:48:33] Step 3: Cleaning destination node...
[19:48:33]   Killing PID 34785 on destination (from /home/ubuntu/app.pid)
[19:48:34]   Killing PID 34785 on destination (from /home/ubuntu/gol.pid)
[19:48:34]   Killing all remaining gol processes on destination...
[19:48:38] ✓ Reset complete, nodes are clean
[19:48:38]   Next: Start your application
[exit=0]

$ bash /home/ivo/Evaluation-of-Live-Migration-Strategies-at-the-Edge/Game-of-life-migration/scripts/workloads/start_gol_c.sh edge-node-1
[19:48:38] Ensuring gol binary on edge-node-1...
[19:48:38] Reusing existing /tmp/gol on edge-node-1
[19:48:38] Starting gol on edge-node-1...
[19:48:38] Grid: 2048x2048 (two uint32 grids, approx 32 MiB heap)
[19:48:38] Output mode: summary
[19:48:38] Pattern: random
[19:48:39] ✓ Gol started
[exit=0]
[repeat] warmup 2s

$ python3 /home/ivo/Evaluation-of-Live-Migration-Strategies-at-the-Edge/Game-of-life-migration/scripts/orchestrators/criu_benchmark.py precopy --source edge-node-1 --dest edge-node-2 --transfer-mode host --run-id 11-05-2026-host-precopy-0032 --relay-node edge-host-1 --iterations 3 --profile-name 3_LTE
[19:48:42] Starting precopy migration...
[19:48:42] Source: edge-node-1, Dest: edge-node-2
[19:48:42] Transfer mode: host
[19:48:42] Relay node: edge-host-1

[19:48:42] === PRE-COPY LIVE MIGRATION ===
[19:48:42] Step 1: Checking source process...
[19:48:42]   Using PID from /home/ubuntu/gol.pid: 37553
[19:48:43]   Architecture: x86_64 (compatible)
[19:48:43] Step 2: Preparing dump directory...
[19:48:43] Step 3: Running 3 pre-dumps and transferring them while service keeps running...
[19:48:43]   Pre-dump 1/3...
[19:48:43]   Archiving and transferring pre-dump 1...
  Transferring /home/ubuntu/CRIU-gol-iter-0.tar.gz via relay node edge-host-1...
Setting up SSH trust: edge-node-1 → ubuntu@10.138.215.36
  Adding public key to destination's authorized_keys...
  Testing SSH connectivity...
  ✓ SSH trust ready
Setting up SSH trust: edge-host-1 → ubuntu@10.138.215.137
  Adding public key to destination's authorized_keys...
  Testing SSH connectivity...
  ✓ SSH trust ready
[19:49:04]   Pre-dump 2/3...
[19:49:04]   Archiving and transferring pre-dump 2...
  Transferring /home/ubuntu/CRIU-gol-iter-1.tar.gz via relay node edge-host-1...
Setting up SSH trust: edge-node-1 → ubuntu@10.138.215.36
  Adding public key to destination's authorized_keys...
  Testing SSH connectivity...
  ✓ SSH trust ready
Setting up SSH trust: edge-host-1 → ubuntu@10.138.215.137
  Adding public key to destination's authorized_keys...
  Testing SSH connectivity...
  ✓ SSH trust ready
[19:49:23]   Pre-dump 3/3...
[19:49:23]   Archiving and transferring pre-dump 3...
  Transferring /home/ubuntu/CRIU-gol-iter-2.tar.gz via relay node edge-host-1...
Setting up SSH trust: edge-node-1 → ubuntu@10.138.215.36
  Adding public key to destination's authorized_keys...
  Testing SSH connectivity...
  ✓ SSH trust ready
Setting up SSH trust: edge-host-1 → ubuntu@10.138.215.137
  Adding public key to destination's authorized_keys...
  Testing SSH connectivity...
  ✓ SSH trust ready
[19:49:40]   Total pre-dump time: 56785 ms
[19:49:40]   Pre-copy transfer outside downtime: archive=3656 ms, transfer=46209 ms, unpack=1792 ms, bytes=27399047
[19:49:40] Step 4: Final dump (freezing service)...
[19:49:40]   Final dump time (freeze duration): 314 ms
[19:49:40] Step 5: Creating final dump archive...
[19:49:41]   Archive size: 5935226 bytes
[19:49:41] Step 6: Transferring archive...
  Transferring /home/ubuntu/CRIU-gol-final.tar.gz via relay node edge-host-1...
Setting up SSH trust: edge-node-1 → ubuntu@10.138.215.36
  Adding public key to destination's authorized_keys...
  Testing SSH connectivity...
  ✓ SSH trust ready
Setting up SSH trust: edge-host-1 → ubuntu@10.138.215.137
  Adding public key to destination's authorized_keys...
  Testing SSH connectivity...
  ✓ SSH trust ready
[19:49:56]   Transfer time: 14243 ms
[19:49:56] Step 7: Unpacking on destination...
[19:49:56] Step 7.5: Ensuring gol output file exists on destination...
[19:49:56] Step 7.8: Ensuring /tmp/gol binary is present on destination...
[19:49:57] Step 8: Restoring process...
[19:49:57]   Restore time: 327 ms
[19:49:57]   Restored PID: 37553 (written to /home/ubuntu/gol.pid)
[19:49:57] Step 9: Verifying migration...
[19:50:03] ✓ gol.out updated after migration (mtime 1778521799 → 1778521802), simulation running!
[19:50:03] Total downtime: 14884 ms (final_dump: 314 + transfer: 14243 + restore: 327)
[19:50:03] Pre-dump time (not counted as downtime): 56785 ms
[19:50:03] Effective bandwidth: 3.33 Mbps
[19:50:03] Metrics saved to /home/ivo/Evaluation-of-Live-Migration-Strategies-at-the-Edge/Game-of-life-migration/metrics/migration_metrics.csv
[exit=0]

$ python3 /home/ivo/Evaluation-of-Live-Migration-Strategies-at-the-Edge/Game-of-life-migration/scripts/setup/reset_nodes.py edge-node-1 edge-node-2
[19:50:03] Resetting nodes: edge-node-1 -> edge-node-2
[19:50:03] Step 1: Killing any existing processes on source...
[19:50:04]   Killing PID 37553 (from /home/ubuntu/app.pid)
[19:50:04]   Killing PID 37553 (from /home/ubuntu/gol.pid)
[19:50:05]   Killing any remaining background processes...
[19:50:06] Step 2: Cleaning source node...
[19:50:08] Step 3: Cleaning destination node...
[19:50:08]   Killing PID 37553 on destination (from /home/ubuntu/app.pid)
[19:50:09]   Killing PID 37553 on destination (from /home/ubuntu/gol.pid)
[19:50:09]   Killing all remaining gol processes on destination...
[19:50:13] ✓ Reset complete, nodes are clean
[19:50:13]   Next: Start your application
[exit=0]

$ bash /home/ivo/Evaluation-of-Live-Migration-Strategies-at-the-Edge/Game-of-life-migration/scripts/workloads/start_gol_c.sh edge-node-1
[19:50:13] Ensuring gol binary on edge-node-1...
[19:50:13] Reusing existing /tmp/gol on edge-node-1
[19:50:13] Starting gol on edge-node-1...
[19:50:13] Grid: 2048x2048 (two uint32 grids, approx 32 MiB heap)
[19:50:13] Output mode: summary
[19:50:13] Pattern: random
[19:50:14] ✓ Gol started
[exit=0]
[repeat] warmup 2s

$ python3 /home/ivo/Evaluation-of-Live-Migration-Strategies-at-the-Edge/Game-of-life-migration/scripts/orchestrators/criu_benchmark.py precopy --source edge-node-1 --dest edge-node-2 --transfer-mode host --run-id 11-05-2026-host-precopy-0033 --relay-node edge-host-1 --iterations 3 --profile-name 3_LTE
[19:50:17] Starting precopy migration...
[19:50:17] Source: edge-node-1, Dest: edge-node-2
[19:50:17] Transfer mode: host
[19:50:17] Relay node: edge-host-1

[19:50:17] === PRE-COPY LIVE MIGRATION ===
[19:50:17] Step 1: Checking source process...
[19:50:17]   Using PID from /home/ubuntu/gol.pid: 40340
[19:50:18]   Architecture: x86_64 (compatible)
[19:50:18] Step 2: Preparing dump directory...
[19:50:18] Step 3: Running 3 pre-dumps and transferring them while service keeps running...
[19:50:18]   Pre-dump 1/3...
[19:50:18]   Archiving and transferring pre-dump 1...
  Transferring /home/ubuntu/CRIU-gol-iter-0.tar.gz via relay node edge-host-1...
Setting up SSH trust: edge-node-1 → ubuntu@10.138.215.36
  Adding public key to destination's authorized_keys...
  Testing SSH connectivity...
  ✓ SSH trust ready
Setting up SSH trust: edge-host-1 → ubuntu@10.138.215.137
  Adding public key to destination's authorized_keys...
  Testing SSH connectivity...
  ✓ SSH trust ready
[19:50:38]   Pre-dump 2/3...
[19:50:39]   Archiving and transferring pre-dump 2...
  Transferring /home/ubuntu/CRIU-gol-iter-1.tar.gz via relay node edge-host-1...
Setting up SSH trust: edge-node-1 → ubuntu@10.138.215.36
  Adding public key to destination's authorized_keys...
  Testing SSH connectivity...
  ✓ SSH trust ready
Setting up SSH trust: edge-host-1 → ubuntu@10.138.215.137
  Adding public key to destination's authorized_keys...
  Testing SSH connectivity...
  ✓ SSH trust ready
[19:50:57]   Pre-dump 3/3...
[19:50:57]   Archiving and transferring pre-dump 3...
  Transferring /home/ubuntu/CRIU-gol-iter-2.tar.gz via relay node edge-host-1...
Setting up SSH trust: edge-node-1 → ubuntu@10.138.215.36
  Adding public key to destination's authorized_keys...
  Testing SSH connectivity...
  ✓ SSH trust ready
Setting up SSH trust: edge-host-1 → ubuntu@10.138.215.137
  Adding public key to destination's authorized_keys...
  Testing SSH connectivity...
  ✓ SSH trust ready
[19:51:25]   Total pre-dump time: 67311 ms
[19:51:25]   Pre-copy transfer outside downtime: archive=3678 ms, transfer=57331 ms, unpack=1453 ms, bytes=27614026
[19:51:25] Step 4: Final dump (freezing service)...
[19:51:26]   Final dump time (freeze duration): 675 ms
[19:51:26] Step 5: Creating final dump archive...
[19:51:27]   Archive size: 5649043 bytes
[19:51:27] Step 6: Transferring archive...
  Transferring /home/ubuntu/CRIU-gol-final.tar.gz via relay node edge-host-1...
Setting up SSH trust: edge-node-1 → ubuntu@10.138.215.36
  Adding public key to destination's authorized_keys...
  Testing SSH connectivity...
  ✓ SSH trust ready
Setting up SSH trust: edge-host-1 → ubuntu@10.138.215.137
  Adding public key to destination's authorized_keys...
  Testing SSH connectivity...
  ✓ SSH trust ready
[19:51:41]   Transfer time: 14217 ms
[19:51:41] Step 7: Unpacking on destination...
[19:51:42] Step 7.5: Ensuring gol output file exists on destination...
[19:51:42] Step 7.8: Ensuring /tmp/gol binary is present on destination...
[19:51:42] Step 8: Restoring process...
[19:51:43]   Restore time: 306 ms
[19:51:43]   Restored PID: 40340 (written to /home/ubuntu/gol.pid)
[19:51:43] Step 9: Verifying migration...
[19:51:49] ✓ gol.out updated after migration (mtime 1778521905 → 1778521908), simulation running!
[19:51:49] Total downtime: 15198 ms (final_dump: 675 + transfer: 14217 + restore: 306)
[19:51:49] Pre-dump time (not counted as downtime): 67311 ms
[19:51:49] Effective bandwidth: 3.18 Mbps
[19:51:49] Metrics saved to /home/ivo/Evaluation-of-Live-Migration-Strategies-at-the-Edge/Game-of-life-migration/metrics/migration_metrics.csv
[exit=0]

$ python3 /home/ivo/Evaluation-of-Live-Migration-Strategies-at-the-Edge/Game-of-life-migration/scripts/setup/reset_nodes.py edge-node-1 edge-node-2
[19:51:49] Resetting nodes: edge-node-1 -> edge-node-2
[19:51:49] Step 1: Killing any existing processes on source...
[19:51:49]   Killing PID 40340 (from /home/ubuntu/app.pid)
[19:51:50]   Killing PID 40340 (from /home/ubuntu/gol.pid)
[19:51:50]   Killing any remaining background processes...
[19:51:52] Step 2: Cleaning source node...
[19:51:53] Step 3: Cleaning destination node...
[19:51:53]   Killing PID 40340 on destination (from /home/ubuntu/app.pid)
[19:51:54]   Killing PID 40340 on destination (from /home/ubuntu/gol.pid)
[19:51:54]   Killing all remaining gol processes on destination...
[19:51:58] ✓ Reset complete, nodes are clean
[19:51:58]   Next: Start your application
[exit=0]

$ bash /home/ivo/Evaluation-of-Live-Migration-Strategies-at-the-Edge/Game-of-life-migration/scripts/workloads/start_gol_c.sh edge-node-1
[19:51:58] Ensuring gol binary on edge-node-1...
[19:51:58] Reusing existing /tmp/gol on edge-node-1
[19:51:58] Starting gol on edge-node-1...
[19:51:58] Grid: 2048x2048 (two uint32 grids, approx 32 MiB heap)
[19:51:58] Output mode: summary
[19:51:58] Pattern: random
[19:51:59] ✓ Gol started
[exit=0]
[repeat] warmup 2s

$ python3 /home/ivo/Evaluation-of-Live-Migration-Strategies-at-the-Edge/Game-of-life-migration/scripts/orchestrators/criu_benchmark.py precopy --source edge-node-1 --dest edge-node-2 --transfer-mode host --run-id 11-05-2026-host-precopy-0034 --relay-node edge-host-1 --iterations 3 --profile-name 3_LTE
[19:52:02] Starting precopy migration...
[19:52:02] Source: edge-node-1, Dest: edge-node-2
[19:52:02] Transfer mode: host
[19:52:02] Relay node: edge-host-1

[19:52:02] === PRE-COPY LIVE MIGRATION ===
[19:52:02] Step 1: Checking source process...
[19:52:02]   Using PID from /home/ubuntu/gol.pid: 43120
[19:52:03]   Architecture: x86_64 (compatible)
[19:52:03] Step 2: Preparing dump directory...
[19:52:03] Step 3: Running 3 pre-dumps and transferring them while service keeps running...
[19:52:03]   Pre-dump 1/3...
[19:52:04]   Archiving and transferring pre-dump 1...
  Transferring /home/ubuntu/CRIU-gol-iter-0.tar.gz via relay node edge-host-1...
Setting up SSH trust: edge-node-1 → ubuntu@10.138.215.36
  Adding public key to destination's authorized_keys...
  Testing SSH connectivity...
  ✓ SSH trust ready
Setting up SSH trust: edge-host-1 → ubuntu@10.138.215.137
  Adding public key to destination's authorized_keys...
  Testing SSH connectivity...
  ✓ SSH trust ready
[19:52:23]   Pre-dump 2/3...
[19:52:24]   Archiving and transferring pre-dump 2...
  Transferring /home/ubuntu/CRIU-gol-iter-1.tar.gz via relay node edge-host-1...
Setting up SSH trust: edge-node-1 → ubuntu@10.138.215.36
  Adding public key to destination's authorized_keys...
  Testing SSH connectivity...
  ✓ SSH trust ready
Setting up SSH trust: edge-host-1 → ubuntu@10.138.215.137
  Adding public key to destination's authorized_keys...
  Testing SSH connectivity...
  ✓ SSH trust ready
[19:52:48]   Pre-dump 3/3...
[19:52:48]   Archiving and transferring pre-dump 3...
  Transferring /home/ubuntu/CRIU-gol-iter-2.tar.gz via relay node edge-host-1...
Setting up SSH trust: edge-node-1 → ubuntu@10.138.215.36
  Adding public key to destination's authorized_keys...
  Testing SSH connectivity...
  ✓ SSH trust ready
Setting up SSH trust: edge-host-1 → ubuntu@10.138.215.137
  Adding public key to destination's authorized_keys...
  Testing SSH connectivity...
  ✓ SSH trust ready
[19:53:05]   Total pre-dump time: 61276 ms
[19:53:05]   Pre-copy transfer outside downtime: archive=3617 ms, transfer=51383 ms, unpack=1465 ms, bytes=27329912
[19:53:05] Step 4: Final dump (freezing service)...
[19:53:05]   Final dump time (freeze duration): 353 ms
[19:53:05] Step 5: Creating final dump archive...
[19:53:06]   Archive size: 5816594 bytes
[19:53:06] Step 6: Transferring archive...
  Transferring /home/ubuntu/CRIU-gol-final.tar.gz via relay node edge-host-1...
Setting up SSH trust: edge-node-1 → ubuntu@10.138.215.36
  Adding public key to destination's authorized_keys...
  Testing SSH connectivity...
  ✓ SSH trust ready
Setting up SSH trust: edge-host-1 → ubuntu@10.138.215.137
  Adding public key to destination's authorized_keys...
  Testing SSH connectivity...
  ✓ SSH trust ready
[19:53:20]   Transfer time: 14252 ms
[19:53:20] Step 7: Unpacking on destination...
[19:53:21] Step 7.5: Ensuring gol output file exists on destination...
[19:53:21] Step 7.8: Ensuring /tmp/gol binary is present on destination...
[19:53:22] Step 8: Restoring process...
[19:53:22]   Restore time: 345 ms
[19:53:22]   Restored PID: 43120 (written to /home/ubuntu/gol.pid)
[19:53:22] Step 9: Verifying migration...
[19:53:28] ✓ gol.out updated after migration (mtime 1778522004 → 1778522007), simulation running!
[19:53:28] Total downtime: 14950 ms (final_dump: 353 + transfer: 14252 + restore: 345)
[19:53:28] Pre-dump time (not counted as downtime): 61276 ms
[19:53:28] Effective bandwidth: 3.26 Mbps
[19:53:28] Metrics saved to /home/ivo/Evaluation-of-Live-Migration-Strategies-at-the-Edge/Game-of-life-migration/metrics/migration_metrics.csv
[exit=0]

$ python3 /home/ivo/Evaluation-of-Live-Migration-Strategies-at-the-Edge/Game-of-life-migration/scripts/setup/reset_nodes.py edge-node-1 edge-node-2
[19:53:28] Resetting nodes: edge-node-1 -> edge-node-2
[19:53:28] Step 1: Killing any existing processes on source...
[19:53:29]   Killing PID 43120 (from /home/ubuntu/app.pid)
[19:53:30]   Killing PID 43120 (from /home/ubuntu/gol.pid)
[19:53:30]   Killing any remaining background processes...
[19:53:31] Step 2: Cleaning source node...
[19:53:32] Step 3: Cleaning destination node...
[19:53:33]   Killing PID 43120 on destination (from /home/ubuntu/app.pid)
[19:53:34]   Killing PID 43120 on destination (from /home/ubuntu/gol.pid)
[19:53:34]   Killing all remaining gol processes on destination...
[19:53:38] ✓ Reset complete, nodes are clean
[19:53:38]   Next: Start your application
[exit=0]

$ bash /home/ivo/Evaluation-of-Live-Migration-Strategies-at-the-Edge/Game-of-life-migration/scripts/workloads/start_gol_c.sh edge-node-1
[19:53:38] Ensuring gol binary on edge-node-1...
[19:53:38] Reusing existing /tmp/gol on edge-node-1
[19:53:38] Starting gol on edge-node-1...
[19:53:38] Grid: 2048x2048 (two uint32 grids, approx 32 MiB heap)
[19:53:38] Output mode: summary
[19:53:38] Pattern: random
[19:53:39] ✓ Gol started
[exit=0]
[repeat] warmup 2s

$ python3 /home/ivo/Evaluation-of-Live-Migration-Strategies-at-the-Edge/Game-of-life-migration/scripts/orchestrators/criu_benchmark.py precopy --source edge-node-1 --dest edge-node-2 --transfer-mode host --run-id 11-05-2026-host-precopy-0035 --relay-node edge-host-1 --iterations 3 --profile-name 3_LTE
[19:53:42] Starting precopy migration...
[19:53:42] Source: edge-node-1, Dest: edge-node-2
[19:53:42] Transfer mode: host
[19:53:42] Relay node: edge-host-1

[19:53:42] === PRE-COPY LIVE MIGRATION ===
[19:53:42] Step 1: Checking source process...
[19:53:42]   Using PID from /home/ubuntu/gol.pid: 45906
[19:53:43]   Architecture: x86_64 (compatible)
[19:53:43] Step 2: Preparing dump directory...
[19:53:43] Step 3: Running 3 pre-dumps and transferring them while service keeps running...
[19:53:43]   Pre-dump 1/3...
[19:53:43]   Archiving and transferring pre-dump 1...
  Transferring /home/ubuntu/CRIU-gol-iter-0.tar.gz via relay node edge-host-1...
Setting up SSH trust: edge-node-1 → ubuntu@10.138.215.36
  Adding public key to destination's authorized_keys...
  Testing SSH connectivity...
  ✓ SSH trust ready
Setting up SSH trust: edge-host-1 → ubuntu@10.138.215.137
  Adding public key to destination's authorized_keys...
  Testing SSH connectivity...
  ✓ SSH trust ready
[19:54:14]   Pre-dump 2/3...
[19:54:14]   Archiving and transferring pre-dump 2...
  Transferring /home/ubuntu/CRIU-gol-iter-1.tar.gz via relay node edge-host-1...
Setting up SSH trust: edge-node-1 → ubuntu@10.138.215.36
  Adding public key to destination's authorized_keys...
  Testing SSH connectivity...
  ✓ SSH trust ready
Setting up SSH trust: edge-host-1 → ubuntu@10.138.215.137
  Adding public key to destination's authorized_keys...
  Testing SSH connectivity...
  ✓ SSH trust ready
[19:54:31]   Pre-dump 3/3...
[19:54:32]   Archiving and transferring pre-dump 3...
  Transferring /home/ubuntu/CRIU-gol-iter-2.tar.gz via relay node edge-host-1...
Setting up SSH trust: edge-node-1 → ubuntu@10.138.215.36
  Adding public key to destination's authorized_keys...
  Testing SSH connectivity...
  ✓ SSH trust ready
Setting up SSH trust: edge-host-1 → ubuntu@10.138.215.137
  Adding public key to destination's authorized_keys...
  Testing SSH connectivity...
  ✓ SSH trust ready
[19:54:49]   Total pre-dump time: 65897 ms
[19:54:49]   Pre-copy transfer outside downtime: archive=3549 ms, transfer=55723 ms, unpack=1485 ms, bytes=26116564
[19:54:49] Step 4: Final dump (freezing service)...
[19:54:49]   Final dump time (freeze duration): 314 ms
[19:54:49] Step 5: Creating final dump archive...
[19:54:50]   Archive size: 5682047 bytes
[19:54:50] Step 6: Transferring archive...
  Transferring /home/ubuntu/CRIU-gol-final.tar.gz via relay node edge-host-1...
Setting up SSH trust: edge-node-1 → ubuntu@10.138.215.36
  Adding public key to destination's authorized_keys...
  Testing SSH connectivity...
  ✓ SSH trust ready
Setting up SSH trust: edge-host-1 → ubuntu@10.138.215.137
  Adding public key to destination's authorized_keys...
  Testing SSH connectivity...
  ✓ SSH trust ready
[19:55:05]   Transfer time: 14807 ms
[19:55:05] Step 7: Unpacking on destination...
[19:55:06] Step 7.5: Ensuring gol output file exists on destination...
[19:55:06] Step 7.8: Ensuring /tmp/gol binary is present on destination...
[19:55:06] Step 8: Restoring process...
[19:55:06]   Restore time: 320 ms
[19:55:07]   Restored PID: 45906 (written to /home/ubuntu/gol.pid)
[19:55:07] Step 9: Verifying migration...
[19:55:12] ✓ gol.out updated after migration (mtime 1778522109 → 1778522111), simulation running!
[19:55:12] Total downtime: 15441 ms (final_dump: 314 + transfer: 14807 + restore: 320)
[19:55:12] Pre-dump time (not counted as downtime): 65897 ms
[19:55:12] Effective bandwidth: 3.07 Mbps
[19:55:12] Metrics saved to /home/ivo/Evaluation-of-Live-Migration-Strategies-at-the-Edge/Game-of-life-migration/metrics/migration_metrics.csv
[exit=0]

$ python3 /home/ivo/Evaluation-of-Live-Migration-Strategies-at-the-Edge/Game-of-life-migration/scripts/setup/reset_nodes.py edge-node-1 edge-node-2
[19:55:13] Resetting nodes: edge-node-1 -> edge-node-2
[19:55:13] Step 1: Killing any existing processes on source...
[19:55:13]   Killing PID 45906 (from /home/ubuntu/app.pid)
[19:55:14]   Killing PID 45906 (from /home/ubuntu/gol.pid)
[19:55:14]   Killing any remaining background processes...
[19:55:16] Step 2: Cleaning source node...
[19:55:17] Step 3: Cleaning destination node...
[19:55:17]   Killing PID 45906 on destination (from /home/ubuntu/app.pid)
[19:55:18]   Killing PID 45906 on destination (from /home/ubuntu/gol.pid)
[19:55:18]   Killing all remaining gol processes on destination...
[19:55:22] ✓ Reset complete, nodes are clean
[19:55:22]   Next: Start your application
[exit=0]

$ bash /home/ivo/Evaluation-of-Live-Migration-Strategies-at-the-Edge/Game-of-life-migration/scripts/workloads/start_gol_c.sh edge-node-1
[19:55:22] Ensuring gol binary on edge-node-1...
[19:55:22] Reusing existing /tmp/gol on edge-node-1
[19:55:22] Starting gol on edge-node-1...
[19:55:22] Grid: 2048x2048 (two uint32 grids, approx 32 MiB heap)
[19:55:22] Output mode: summary
[19:55:22] Pattern: random
[19:55:23] ✓ Gol started
[exit=0]
[repeat] warmup 2s

$ python3 /home/ivo/Evaluation-of-Live-Migration-Strategies-at-the-Edge/Game-of-life-migration/scripts/orchestrators/criu_benchmark.py precopy --source edge-node-1 --dest edge-node-2 --transfer-mode host --run-id 11-05-2026-host-precopy-0036 --relay-node edge-host-1 --iterations 3 --profile-name 3_LTE
[19:55:26] Starting precopy migration...
[19:55:26] Source: edge-node-1, Dest: edge-node-2
[19:55:26] Transfer mode: host
[19:55:26] Relay node: edge-host-1

[19:55:26] === PRE-COPY LIVE MIGRATION ===
[19:55:26] Step 1: Checking source process...
[19:55:26]   Using PID from /home/ubuntu/gol.pid: 48687
[19:55:27]   Architecture: x86_64 (compatible)
[19:55:27] Step 2: Preparing dump directory...
[19:55:27] Step 3: Running 3 pre-dumps and transferring them while service keeps running...
[19:55:27]   Pre-dump 1/3...
[19:55:27]   Archiving and transferring pre-dump 1...
  Transferring /home/ubuntu/CRIU-gol-iter-0.tar.gz via relay node edge-host-1...
Setting up SSH trust: edge-node-1 → ubuntu@10.138.215.36
  Adding public key to destination's authorized_keys...
  Testing SSH connectivity...
  ✓ SSH trust ready
Setting up SSH trust: edge-host-1 → ubuntu@10.138.215.137
  Adding public key to destination's authorized_keys...
  Testing SSH connectivity...
  ✓ SSH trust ready
[19:55:48]   Pre-dump 2/3...
[19:55:48]   Archiving and transferring pre-dump 2...
  Transferring /home/ubuntu/CRIU-gol-iter-1.tar.gz via relay node edge-host-1...
Setting up SSH trust: edge-node-1 → ubuntu@10.138.215.36
  Adding public key to destination's authorized_keys...
  Testing SSH connectivity...
  ✓ SSH trust ready
Setting up SSH trust: edge-host-1 → ubuntu@10.138.215.137
  Adding public key to destination's authorized_keys...
  Testing SSH connectivity...
  ✓ SSH trust ready
[19:56:07]   Pre-dump 3/3...
[19:56:07]   Archiving and transferring pre-dump 3...
  Transferring /home/ubuntu/CRIU-gol-iter-2.tar.gz via relay node edge-host-1...
Setting up SSH trust: edge-node-1 → ubuntu@10.138.215.36
  Adding public key to destination's authorized_keys...
  Testing SSH connectivity...
  ✓ SSH trust ready
Setting up SSH trust: edge-host-1 → ubuntu@10.138.215.137
  Adding public key to destination's authorized_keys...
  Testing SSH connectivity...
  ✓ SSH trust ready
[19:56:24]   Total pre-dump time: 56869 ms
[19:56:24]   Pre-copy transfer outside downtime: archive=3669 ms, transfer=46896 ms, unpack=1514 ms, bytes=27533461
[19:56:24] Step 4: Final dump (freezing service)...
[19:56:24]   Final dump time (freeze duration): 385 ms
[19:56:24] Step 5: Creating final dump archive...
[19:56:26]   Archive size: 5935306 bytes
[19:56:26] Step 6: Transferring archive...
  Transferring /home/ubuntu/CRIU-gol-final.tar.gz via relay node edge-host-1...
Setting up SSH trust: edge-node-1 → ubuntu@10.138.215.36
  Adding public key to destination's authorized_keys...
  Testing SSH connectivity...
  ✓ SSH trust ready
Setting up SSH trust: edge-host-1 → ubuntu@10.138.215.137
  Adding public key to destination's authorized_keys...
  Testing SSH connectivity...
  ✓ SSH trust ready
[19:56:42]   Transfer time: 16658 ms
[19:56:42] Step 7: Unpacking on destination...
[19:56:43] Step 7.5: Ensuring gol output file exists on destination...
[19:56:43] Step 7.8: Ensuring /tmp/gol binary is present on destination...
[19:56:43] Step 8: Restoring process...
[19:56:44]   Restore time: 312 ms
[19:56:44]   Restored PID: 48687 (written to /home/ubuntu/gol.pid)
[19:56:44] Step 9: Verifying migration...
[19:56:49] ✓ gol.out updated after migration (mtime 1778522206 → 1778522209), simulation running!
[19:56:49] Total downtime: 17355 ms (final_dump: 385 + transfer: 16658 + restore: 312)
[19:56:49] Pre-dump time (not counted as downtime): 56869 ms
[19:56:49] Effective bandwidth: 2.85 Mbps
[19:56:49] Metrics saved to /home/ivo/Evaluation-of-Live-Migration-Strategies-at-the-Edge/Game-of-life-migration/metrics/migration_metrics.csv
[exit=0]

$ python3 /home/ivo/Evaluation-of-Live-Migration-Strategies-at-the-Edge/Game-of-life-migration/scripts/setup/reset_nodes.py edge-node-1 edge-node-2
[19:56:50] Resetting nodes: edge-node-1 -> edge-node-2
[19:56:50] Step 1: Killing any existing processes on source...
[19:56:50]   Killing PID 48687 (from /home/ubuntu/app.pid)
[19:56:51]   Killing PID 48687 (from /home/ubuntu/gol.pid)
[19:56:52]   Killing any remaining background processes...
[19:56:53] Step 2: Cleaning source node...
[19:56:54] Step 3: Cleaning destination node...
[19:56:54]   Killing PID 48687 on destination (from /home/ubuntu/app.pid)
[19:56:55]   Killing PID 48687 on destination (from /home/ubuntu/gol.pid)
[19:56:56]   Killing all remaining gol processes on destination...
[19:56:59] ✓ Reset complete, nodes are clean
[19:56:59]   Next: Start your application
[exit=0]

$ bash /home/ivo/Evaluation-of-Live-Migration-Strategies-at-the-Edge/Game-of-life-migration/scripts/workloads/start_gol_c.sh edge-node-1
[19:56:59] Ensuring gol binary on edge-node-1...
[19:56:59] Reusing existing /tmp/gol on edge-node-1
[19:56:59] Starting gol on edge-node-1...
[19:56:59] Grid: 2048x2048 (two uint32 grids, approx 32 MiB heap)
[19:56:59] Output mode: summary
[19:56:59] Pattern: random
[19:57:01] ✓ Gol started
[exit=0]
[repeat] warmup 2s

$ python3 /home/ivo/Evaluation-of-Live-Migration-Strategies-at-the-Edge/Game-of-life-migration/scripts/orchestrators/criu_benchmark.py precopy --source edge-node-1 --dest edge-node-2 --transfer-mode host --run-id 11-05-2026-host-precopy-0037 --relay-node edge-host-1 --iterations 3 --profile-name 3_LTE
[19:57:03] Starting precopy migration...
[19:57:03] Source: edge-node-1, Dest: edge-node-2
[19:57:03] Transfer mode: host
[19:57:03] Relay node: edge-host-1

[19:57:03] === PRE-COPY LIVE MIGRATION ===
[19:57:03] Step 1: Checking source process...
[19:57:04]   Using PID from /home/ubuntu/gol.pid: 51475
[19:57:04]   Architecture: x86_64 (compatible)
[19:57:04] Step 2: Preparing dump directory...
[19:57:04] Step 3: Running 3 pre-dumps and transferring them while service keeps running...
[19:57:04]   Pre-dump 1/3...
[19:57:05]   Archiving and transferring pre-dump 1...
  Transferring /home/ubuntu/CRIU-gol-iter-0.tar.gz via relay node edge-host-1...
Setting up SSH trust: edge-node-1 → ubuntu@10.138.215.36
  Adding public key to destination's authorized_keys...
  Testing SSH connectivity...
  ✓ SSH trust ready
Setting up SSH trust: edge-host-1 → ubuntu@10.138.215.137
  Adding public key to destination's authorized_keys...
  Testing SSH connectivity...
  ✓ SSH trust ready
[19:57:34]   Pre-dump 2/3...
[19:57:35]   Archiving and transferring pre-dump 2...
  Transferring /home/ubuntu/CRIU-gol-iter-1.tar.gz via relay node edge-host-1...
Setting up SSH trust: edge-node-1 → ubuntu@10.138.215.36
  Adding public key to destination's authorized_keys...
  Testing SSH connectivity...
  ✓ SSH trust ready
Setting up SSH trust: edge-host-1 → ubuntu@10.138.215.137
  Adding public key to destination's authorized_keys...
  Testing SSH connectivity...
  ✓ SSH trust ready
[19:57:52]   Pre-dump 3/3...
[19:57:52]   Archiving and transferring pre-dump 3...
  Transferring /home/ubuntu/CRIU-gol-iter-2.tar.gz via relay node edge-host-1...
Setting up SSH trust: edge-node-1 → ubuntu@10.138.215.36
  Adding public key to destination's authorized_keys...
  Testing SSH connectivity...
  ✓ SSH trust ready
Setting up SSH trust: edge-host-1 → ubuntu@10.138.215.137
  Adding public key to destination's authorized_keys...
  Testing SSH connectivity...
  ✓ SSH trust ready
[19:58:09]   Total pre-dump time: 64686 ms
[19:58:09]   Pre-copy transfer outside downtime: archive=3652 ms, transfer=54490 ms, unpack=1438 ms, bytes=26239380
[19:58:09] Step 4: Final dump (freezing service)...
[19:58:09]   Final dump time (freeze duration): 323 ms
[19:58:09] Step 5: Creating final dump archive...
[19:58:11]   Archive size: 5705405 bytes
[19:58:11] Step 6: Transferring archive...
  Transferring /home/ubuntu/CRIU-gol-final.tar.gz via relay node edge-host-1...
Setting up SSH trust: edge-node-1 → ubuntu@10.138.215.36
  Adding public key to destination's authorized_keys...
  Testing SSH connectivity...
  ✓ SSH trust ready
Setting up SSH trust: edge-host-1 → ubuntu@10.138.215.137
  Adding public key to destination's authorized_keys...
  Testing SSH connectivity...
  ✓ SSH trust ready
[19:58:27]   Transfer time: 16676 ms
[19:58:27] Step 7: Unpacking on destination...
[19:58:28] Step 7.5: Ensuring gol output file exists on destination...
[19:58:28] Step 7.8: Ensuring /tmp/gol binary is present on destination...
[19:58:28] Step 8: Restoring process...
[19:58:29]   Restore time: 329 ms
[19:58:29]   Restored PID: 51475 (written to /home/ubuntu/gol.pid)
[19:58:29] Step 9: Verifying migration...
[19:58:35] ✓ gol.out updated after migration (mtime 1778522311 → 1778522314), simulation running!
[19:58:35] Total downtime: 17328 ms (final_dump: 323 + transfer: 16676 + restore: 329)
[19:58:35] Pre-dump time (not counted as downtime): 64686 ms
[19:58:35] Effective bandwidth: 2.74 Mbps
[19:58:35] Metrics saved to /home/ivo/Evaluation-of-Live-Migration-Strategies-at-the-Edge/Game-of-life-migration/metrics/migration_metrics.csv
[exit=0]

$ python3 /home/ivo/Evaluation-of-Live-Migration-Strategies-at-the-Edge/Game-of-life-migration/scripts/setup/reset_nodes.py edge-node-1 edge-node-2
[19:58:35] Resetting nodes: edge-node-1 -> edge-node-2
[19:58:35] Step 1: Killing any existing processes on source...
[19:58:35]   Killing PID 51475 (from /home/ubuntu/app.pid)
[19:58:36]   Killing PID 51475 (from /home/ubuntu/gol.pid)
[19:58:37]   Killing any remaining background processes...
[19:58:38] Step 2: Cleaning source node...
[19:58:39] Step 3: Cleaning destination node...
[19:58:39]   Killing PID 51475 on destination (from /home/ubuntu/app.pid)
[19:58:40]   Killing PID 51475 on destination (from /home/ubuntu/gol.pid)
[19:58:41]   Killing all remaining gol processes on destination...
[19:58:44] ✓ Reset complete, nodes are clean
[19:58:44]   Next: Start your application
[exit=0]

$ bash /home/ivo/Evaluation-of-Live-Migration-Strategies-at-the-Edge/Game-of-life-migration/scripts/workloads/start_gol_c.sh edge-node-1
[19:58:44] Ensuring gol binary on edge-node-1...
[19:58:45] Reusing existing /tmp/gol on edge-node-1
[19:58:45] Starting gol on edge-node-1...
[19:58:45] Grid: 2048x2048 (two uint32 grids, approx 32 MiB heap)
[19:58:45] Output mode: summary
[19:58:45] Pattern: random
[19:58:46] ✓ Gol started
[exit=0]
[repeat] warmup 2s

$ python3 /home/ivo/Evaluation-of-Live-Migration-Strategies-at-the-Edge/Game-of-life-migration/scripts/orchestrators/criu_benchmark.py precopy --source edge-node-1 --dest edge-node-2 --transfer-mode host --run-id 11-05-2026-host-precopy-0038 --relay-node edge-host-1 --iterations 3 --profile-name 3_LTE
[19:58:48] Starting precopy migration...
[19:58:48] Source: edge-node-1, Dest: edge-node-2
[19:58:48] Transfer mode: host
[19:58:48] Relay node: edge-host-1

[19:58:48] === PRE-COPY LIVE MIGRATION ===
[19:58:48] Step 1: Checking source process...
[19:58:49]   Using PID from /home/ubuntu/gol.pid: 54253
[19:58:49]   Architecture: x86_64 (compatible)
[19:58:49] Step 2: Preparing dump directory...
[19:58:50] Step 3: Running 3 pre-dumps and transferring them while service keeps running...
[19:58:50]   Pre-dump 1/3...
[19:58:50]   Archiving and transferring pre-dump 1...
  Transferring /home/ubuntu/CRIU-gol-iter-0.tar.gz via relay node edge-host-1...
Setting up SSH trust: edge-node-1 → ubuntu@10.138.215.36
  Adding public key to destination's authorized_keys...
  Testing SSH connectivity...
  ✓ SSH trust ready
Setting up SSH trust: edge-host-1 → ubuntu@10.138.215.137
  Adding public key to destination's authorized_keys...
  Testing SSH connectivity...
  ✓ SSH trust ready
[19:59:10]   Pre-dump 2/3...
[19:59:10]   Archiving and transferring pre-dump 2...
  Transferring /home/ubuntu/CRIU-gol-iter-1.tar.gz via relay node edge-host-1...
Setting up SSH trust: edge-node-1 → ubuntu@10.138.215.36
  Adding public key to destination's authorized_keys...
  Testing SSH connectivity...
  ✓ SSH trust ready
Setting up SSH trust: edge-host-1 → ubuntu@10.138.215.137
  Adding public key to destination's authorized_keys...
  Testing SSH connectivity...
  ✓ SSH trust ready
[19:59:28]   Pre-dump 3/3...
[19:59:28]   Archiving and transferring pre-dump 3...
  Transferring /home/ubuntu/CRIU-gol-iter-2.tar.gz via relay node edge-host-1...
Setting up SSH trust: edge-node-1 → ubuntu@10.138.215.36
  Adding public key to destination's authorized_keys...
  Testing SSH connectivity...
  ✓ SSH trust ready
Setting up SSH trust: edge-host-1 → ubuntu@10.138.215.137
  Adding public key to destination's authorized_keys...
  Testing SSH connectivity...
  ✓ SSH trust ready
[19:59:45]   Total pre-dump time: 55456 ms
[19:59:45]   Pre-copy transfer outside downtime: archive=3709 ms, transfer=45175 ms, unpack=1778 ms, bytes=27672692
[19:59:45] Step 4: Final dump (freezing service)...
[19:59:45]   Final dump time (freeze duration): 314 ms
[19:59:45] Step 5: Creating final dump archive...
[19:59:47]   Archive size: 6022312 bytes
[19:59:47] Step 6: Transferring archive...
  Transferring /home/ubuntu/CRIU-gol-final.tar.gz via relay node edge-host-1...
Setting up SSH trust: edge-node-1 → ubuntu@10.138.215.36
  Adding public key to destination's authorized_keys...
  Testing SSH connectivity...
  ✓ SSH trust ready
Setting up SSH trust: edge-host-1 → ubuntu@10.138.215.137
  Adding public key to destination's authorized_keys...
  Testing SSH connectivity...
  ✓ SSH trust ready
[20:00:07]   Transfer time: 20025 ms
[20:00:07] Step 7: Unpacking on destination...
[20:00:07] Step 7.5: Ensuring gol output file exists on destination...
[20:00:07] Step 7.8: Ensuring /tmp/gol binary is present on destination...
[20:00:08] Step 8: Restoring process...
[20:00:08]   Restore time: 314 ms
[20:00:08]   Restored PID: 54253 (written to /home/ubuntu/gol.pid)
[20:00:08] Step 9: Verifying migration...
[20:00:14] ✓ gol.out updated after migration (mtime 1778522411 → 1778522413), simulation running!
[20:00:14] Total downtime: 20653 ms (final_dump: 314 + transfer: 20025 + restore: 314)
[20:00:14] Pre-dump time (not counted as downtime): 55456 ms
[20:00:14] Effective bandwidth: 2.41 Mbps
[20:00:14] Metrics saved to /home/ivo/Evaluation-of-Live-Migration-Strategies-at-the-Edge/Game-of-life-migration/metrics/migration_metrics.csv
[exit=0]

$ python3 /home/ivo/Evaluation-of-Live-Migration-Strategies-at-the-Edge/Game-of-life-migration/scripts/setup/reset_nodes.py edge-node-1 edge-node-2
[20:00:15] Resetting nodes: edge-node-1 -> edge-node-2
[20:00:15] Step 1: Killing any existing processes on source...
[20:00:15]   Killing PID 54253 (from /home/ubuntu/app.pid)
[20:00:16]   Killing PID 54253 (from /home/ubuntu/gol.pid)
[20:00:16]   Killing any remaining background processes...
[20:00:18] Step 2: Cleaning source node...
[20:00:19] Step 3: Cleaning destination node...
[20:00:19]   Killing PID 54253 on destination (from /home/ubuntu/app.pid)
[20:00:20]   Killing PID 54253 on destination (from /home/ubuntu/gol.pid)
[20:00:20]   Killing all remaining gol processes on destination...
[20:00:24] ✓ Reset complete, nodes are clean
[20:00:24]   Next: Start your application
[exit=0]

$ bash /home/ivo/Evaluation-of-Live-Migration-Strategies-at-the-Edge/Game-of-life-migration/scripts/workloads/start_gol_c.sh edge-node-1
[20:00:24] Ensuring gol binary on edge-node-1...
[20:00:24] Reusing existing /tmp/gol on edge-node-1
[20:00:24] Starting gol on edge-node-1...
[20:00:24] Grid: 2048x2048 (two uint32 grids, approx 32 MiB heap)
[20:00:24] Output mode: summary
[20:00:24] Pattern: random
[20:00:25] ✓ Gol started
[exit=0]
[repeat] warmup 2s

$ python3 /home/ivo/Evaluation-of-Live-Migration-Strategies-at-the-Edge/Game-of-life-migration/scripts/orchestrators/criu_benchmark.py precopy --source edge-node-1 --dest edge-node-2 --transfer-mode host --run-id 11-05-2026-host-precopy-0039 --relay-node edge-host-1 --iterations 3 --profile-name 3_LTE
[20:00:28] Starting precopy migration...
[20:00:28] Source: edge-node-1, Dest: edge-node-2
[20:00:28] Transfer mode: host
[20:00:28] Relay node: edge-host-1

[20:00:28] === PRE-COPY LIVE MIGRATION ===
[20:00:28] Step 1: Checking source process...
[20:00:28]   Using PID from /home/ubuntu/gol.pid: 57089
[20:00:29]   Architecture: x86_64 (compatible)
[20:00:29] Step 2: Preparing dump directory...
[20:00:29] Step 3: Running 3 pre-dumps and transferring them while service keeps running...
[20:00:29]   Pre-dump 1/3...
[20:00:30]   Archiving and transferring pre-dump 1...
  Transferring /home/ubuntu/CRIU-gol-iter-0.tar.gz via relay node edge-host-1...
Setting up SSH trust: edge-node-1 → ubuntu@10.138.215.36
  Adding public key to destination's authorized_keys...
  Testing SSH connectivity...
  ✓ SSH trust ready
Setting up SSH trust: edge-host-1 → ubuntu@10.138.215.137
  Adding public key to destination's authorized_keys...
  Testing SSH connectivity...
  ✓ SSH trust ready
[20:00:49]   Pre-dump 2/3...
[20:00:50]   Archiving and transferring pre-dump 2...
  Transferring /home/ubuntu/CRIU-gol-iter-1.tar.gz via relay node edge-host-1...
Setting up SSH trust: edge-node-1 → ubuntu@10.138.215.36
  Adding public key to destination's authorized_keys...
  Testing SSH connectivity...
  ✓ SSH trust ready
Setting up SSH trust: edge-host-1 → ubuntu@10.138.215.137
  Adding public key to destination's authorized_keys...
  Testing SSH connectivity...
  ✓ SSH trust ready
[20:01:07]   Pre-dump 3/3...
[20:01:08]   Archiving and transferring pre-dump 3...
  Transferring /home/ubuntu/CRIU-gol-iter-2.tar.gz via relay node edge-host-1...
Setting up SSH trust: edge-node-1 → ubuntu@10.138.215.36
  Adding public key to destination's authorized_keys...
  Testing SSH connectivity...
  ✓ SSH trust ready
Setting up SSH trust: edge-host-1 → ubuntu@10.138.215.137
  Adding public key to destination's authorized_keys...
  Testing SSH connectivity...
  ✓ SSH trust ready
[20:01:25]   Total pre-dump time: 55417 ms
[20:01:25]   Pre-copy transfer outside downtime: archive=3676 ms, transfer=45165 ms, unpack=1760 ms, bytes=27614755
[20:01:25] Step 4: Final dump (freezing service)...
[20:01:25]   Final dump time (freeze duration): 324 ms
[20:01:25] Step 5: Creating final dump archive...
[20:01:26]   Archive size: 5979394 bytes
[20:01:26] Step 6: Transferring archive...
  Transferring /home/ubuntu/CRIU-gol-final.tar.gz via relay node edge-host-1...
Setting up SSH trust: edge-node-1 → ubuntu@10.138.215.36
  Adding public key to destination's authorized_keys...
  Testing SSH connectivity...
  ✓ SSH trust ready
Setting up SSH trust: edge-host-1 → ubuntu@10.138.215.137
  Adding public key to destination's authorized_keys...
  Testing SSH connectivity...
  ✓ SSH trust ready
[20:01:40]   Transfer time: 14127 ms
[20:01:40] Step 7: Unpacking on destination...
[20:01:41] Step 7.5: Ensuring gol output file exists on destination...
[20:01:41] Step 7.8: Ensuring /tmp/gol binary is present on destination...
[20:01:41] Step 8: Restoring process...
[20:01:42]   Restore time: 306 ms
[20:01:42]   Restored PID: 57089 (written to /home/ubuntu/gol.pid)
[20:01:42] Step 9: Verifying migration...
[20:01:47] ✓ gol.out updated after migration (mtime 1778522504 → 1778522507), simulation running!
[20:01:47] Total downtime: 14757 ms (final_dump: 324 + transfer: 14127 + restore: 306)
[20:01:47] Pre-dump time (not counted as downtime): 55417 ms
[20:01:47] Effective bandwidth: 3.39 Mbps
[20:01:47] Metrics saved to /home/ivo/Evaluation-of-Live-Migration-Strategies-at-the-Edge/Game-of-life-migration/metrics/migration_metrics.csv
[exit=0]

$ python3 /home/ivo/Evaluation-of-Live-Migration-Strategies-at-the-Edge/Game-of-life-migration/scripts/setup/reset_nodes.py edge-node-1 edge-node-2
[20:01:48] Resetting nodes: edge-node-1 -> edge-node-2
[20:01:48] Step 1: Killing any existing processes on source...
[20:01:48]   Killing PID 57089 (from /home/ubuntu/app.pid)
[20:01:49]   Killing PID 57089 (from /home/ubuntu/gol.pid)
[20:01:49]   Killing any remaining background processes...
[20:01:51] Step 2: Cleaning source node...
[20:01:52] Step 3: Cleaning destination node...
[20:01:52]   Killing PID 57089 on destination (from /home/ubuntu/app.pid)
[20:01:53]   Killing PID 57089 on destination (from /home/ubuntu/gol.pid)
[20:01:54]   Killing all remaining gol processes on destination...
[20:01:57] ✓ Reset complete, nodes are clean
[20:01:57]   Next: Start your application
[exit=0]

$ bash /home/ivo/Evaluation-of-Live-Migration-Strategies-at-the-Edge/Game-of-life-migration/scripts/workloads/start_gol_c.sh edge-node-1
[20:01:57] Ensuring gol binary on edge-node-1...
[20:01:57] Reusing existing /tmp/gol on edge-node-1
[20:01:57] Starting gol on edge-node-1...
[20:01:57] Grid: 2048x2048 (two uint32 grids, approx 32 MiB heap)
[20:01:57] Output mode: summary
[20:01:57] Pattern: random
[20:01:59] ✓ Gol started
[exit=0]
[repeat] warmup 2s

$ python3 /home/ivo/Evaluation-of-Live-Migration-Strategies-at-the-Edge/Game-of-life-migration/scripts/orchestrators/criu_benchmark.py precopy --source edge-node-1 --dest edge-node-2 --transfer-mode direct --run-id 11-05-2026-direct-precopy-0030 --iterations 3 --profile-name 3_LTE
[20:02:01] Starting precopy migration...
[20:02:01] Source: edge-node-1, Dest: edge-node-2
[20:02:01] Transfer mode: direct

[20:02:01] === PRE-COPY LIVE MIGRATION ===
[20:02:01] Step 1: Checking source process...
[20:02:02]   Using PID from /home/ubuntu/gol.pid: 60066
[20:02:02]   Architecture: x86_64 (compatible)
[20:02:02] Step 2: Preparing dump directory...
[20:02:02] Step 3: Running 3 pre-dumps and transferring them while service keeps running...
[20:02:02]   Pre-dump 1/3...
[20:02:03]   Archiving and transferring pre-dump 1...
Setting up SSH trust: edge-node-1 → ubuntu@10.138.215.137
  Adding public key to destination's authorized_keys...
  Testing SSH connectivity...
  ✓ SSH trust ready
  Transferring /home/ubuntu/CRIU-gol-iter-0.tar.gz via SCP...
[20:02:14]   Pre-dump 2/3...
[20:02:14]   Archiving and transferring pre-dump 2...
Setting up SSH trust: edge-node-1 → ubuntu@10.138.215.137
  Adding public key to destination's authorized_keys...
  Testing SSH connectivity...
  ✓ SSH trust ready
  Transferring /home/ubuntu/CRIU-gol-iter-1.tar.gz via SCP...
[20:02:25]   Pre-dump 3/3...
[20:02:25]   Archiving and transferring pre-dump 3...
Setting up SSH trust: edge-node-1 → ubuntu@10.138.215.137
  Adding public key to destination's authorized_keys...
  Testing SSH connectivity...
  ✓ SSH trust ready
  Transferring /home/ubuntu/CRIU-gol-iter-2.tar.gz via SCP...
[20:02:35]   Total pre-dump time: 32441 ms
[20:02:35]   Pre-copy transfer outside downtime: archive=3988 ms, transfer=21805 ms, unpack=1477 ms, bytes=30155845
[20:02:35] Step 4: Final dump (freezing service)...
[20:02:35]   Final dump time (freeze duration): 346 ms
[20:02:35] Step 5: Creating final dump archive...
[20:02:37]   Archive size: 7131064 bytes
[20:02:37] Step 6: Transferring archive...
[20:02:37]   Setting up direct SSH trust...
Setting up SSH trust: edge-node-1 → ubuntu@10.138.215.137
  Adding public key to destination's authorized_keys...
  Testing SSH connectivity...
  ✓ SSH trust ready
Setting up SSH trust: edge-node-1 → ubuntu@10.138.215.137
  Adding public key to destination's authorized_keys...
  Testing SSH connectivity...
  ✓ SSH trust ready
  Transferring /home/ubuntu/CRIU-gol-final.tar.gz via SCP...
[20:02:46]   Transfer time: 6937 ms
[20:02:46] Step 7: Unpacking on destination...
[20:02:47] Step 7.5: Ensuring gol output file exists on destination...
[20:02:47] Step 7.8: Ensuring /tmp/gol binary is present on destination...
[20:02:47] Step 8: Restoring process...
[20:02:48]   Restore time: 343 ms
[20:02:48]   Restored PID: 60066 (written to /home/ubuntu/gol.pid)
[20:02:48] Step 9: Verifying migration...
[20:02:54] ✓ gol.out updated after migration (mtime 1778522570 → 1778522573), simulation running!
[20:02:54] Total downtime: 7626 ms (final_dump: 346 + transfer: 6937 + restore: 343)
[20:02:54] Pre-dump time (not counted as downtime): 32441 ms
[20:02:54] Effective bandwidth: 8.22 Mbps
[20:02:54] Metrics saved to /home/ivo/Evaluation-of-Live-Migration-Strategies-at-the-Edge/Game-of-life-migration/metrics/migration_metrics.csv
[exit=0]

$ python3 /home/ivo/Evaluation-of-Live-Migration-Strategies-at-the-Edge/Game-of-life-migration/scripts/setup/reset_nodes.py edge-node-1 edge-node-2
[20:02:54] Resetting nodes: edge-node-1 -> edge-node-2
[20:02:54] Step 1: Killing any existing processes on source...
[20:02:55]   Killing PID 60066 (from /home/ubuntu/app.pid)
[20:02:55]   Killing PID 60066 (from /home/ubuntu/gol.pid)
[20:02:56]   Killing any remaining background processes...
[20:02:57] Step 2: Cleaning source node...
[20:02:58] Step 3: Cleaning destination node...
[20:02:59]   Killing PID 60066 on destination (from /home/ubuntu/app.pid)
[20:02:59]   Killing PID 60066 on destination (from /home/ubuntu/gol.pid)
[20:03:00]   Killing all remaining gol processes on destination...
[20:03:03] ✓ Reset complete, nodes are clean
[20:03:03]   Next: Start your application
[exit=0]

$ bash /home/ivo/Evaluation-of-Live-Migration-Strategies-at-the-Edge/Game-of-life-migration/scripts/workloads/start_gol_c.sh edge-node-1
[20:03:03] Ensuring gol binary on edge-node-1...
[20:03:04] Reusing existing /tmp/gol on edge-node-1
[20:03:04] Starting gol on edge-node-1...
[20:03:04] Grid: 2048x2048 (two uint32 grids, approx 32 MiB heap)
[20:03:04] Output mode: summary
[20:03:04] Pattern: random
[20:03:05] ✓ Gol started
[exit=0]
[repeat] warmup 2s

$ python3 /home/ivo/Evaluation-of-Live-Migration-Strategies-at-the-Edge/Game-of-life-migration/scripts/orchestrators/criu_benchmark.py precopy --source edge-node-1 --dest edge-node-2 --transfer-mode direct --run-id 11-05-2026-direct-precopy-0031 --iterations 3 --profile-name 3_LTE
[20:03:07] Starting precopy migration...
[20:03:07] Source: edge-node-1, Dest: edge-node-2
[20:03:07] Transfer mode: direct

[20:03:07] === PRE-COPY LIVE MIGRATION ===
[20:03:07] Step 1: Checking source process...
[20:03:08]   Using PID from /home/ubuntu/gol.pid: 62760
[20:03:08]   Architecture: x86_64 (compatible)
[20:03:08] Step 2: Preparing dump directory...
[20:03:09] Step 3: Running 3 pre-dumps and transferring them while service keeps running...
[20:03:09]   Pre-dump 1/3...
[20:03:09]   Archiving and transferring pre-dump 1...
Setting up SSH trust: edge-node-1 → ubuntu@10.138.215.137
  Adding public key to destination's authorized_keys...
  Testing SSH connectivity...
  ✓ SSH trust ready
  Transferring /home/ubuntu/CRIU-gol-iter-0.tar.gz via SCP...
[20:03:20]   Pre-dump 2/3...
[20:03:21]   Archiving and transferring pre-dump 2...
Setting up SSH trust: edge-node-1 → ubuntu@10.138.215.137
  Adding public key to destination's authorized_keys...
  Testing SSH connectivity...
  ✓ SSH trust ready
  Transferring /home/ubuntu/CRIU-gol-iter-1.tar.gz via SCP...
[20:03:31]   Pre-dump 3/3...
[20:03:31]   Archiving and transferring pre-dump 3...
Setting up SSH trust: edge-node-1 → ubuntu@10.138.215.137
  Adding public key to destination's authorized_keys...
  Testing SSH connectivity...
  ✓ SSH trust ready
  Transferring /home/ubuntu/CRIU-gol-iter-2.tar.gz via SCP...
[20:03:53]   Total pre-dump time: 43726 ms
[20:03:53]   Pre-copy transfer outside downtime: archive=3875 ms, transfer=33191 ms, unpack=1517 ms, bytes=30177330
[20:03:53] Step 4: Final dump (freezing service)...
[20:03:53]   Final dump time (freeze duration): 328 ms
[20:03:53] Step 5: Creating final dump archive...
[20:03:54]   Archive size: 6461848 bytes
[20:03:54] Step 6: Transferring archive...
[20:03:54]   Setting up direct SSH trust...
Setting up SSH trust: edge-node-1 → ubuntu@10.138.215.137
  Adding public key to destination's authorized_keys...
  Testing SSH connectivity...
  ✓ SSH trust ready
Setting up SSH trust: edge-node-1 → ubuntu@10.138.215.137
  Adding public key to destination's authorized_keys...
  Testing SSH connectivity...
  ✓ SSH trust ready
  Transferring /home/ubuntu/CRIU-gol-final.tar.gz via SCP...
[20:04:04]   Transfer time: 6647 ms
[20:04:04] Step 7: Unpacking on destination...
[20:04:04] Step 7.5: Ensuring gol output file exists on destination...
[20:04:05] Step 7.8: Ensuring /tmp/gol binary is present on destination...
[20:04:05] Step 8: Restoring process...
[20:04:05]   Restore time: 344 ms
[20:04:06]   Restored PID: 62760 (written to /home/ubuntu/gol.pid)
[20:04:06] Step 9: Verifying migration...
[20:04:11] ✓ gol.out updated after migration (mtime 1778522648 → 1778522650), simulation running!
[20:04:11] Total downtime: 7319 ms (final_dump: 328 + transfer: 6647 + restore: 344)
[20:04:11] Pre-dump time (not counted as downtime): 43726 ms
[20:04:11] Effective bandwidth: 7.78 Mbps
[20:04:11] Metrics saved to /home/ivo/Evaluation-of-Live-Migration-Strategies-at-the-Edge/Game-of-life-migration/metrics/migration_metrics.csv
[exit=0]

$ python3 /home/ivo/Evaluation-of-Live-Migration-Strategies-at-the-Edge/Game-of-life-migration/scripts/setup/reset_nodes.py edge-node-1 edge-node-2
[20:04:12] Resetting nodes: edge-node-1 -> edge-node-2
[20:04:12] Step 1: Killing any existing processes on source...
[20:04:12]   Killing PID 62760 (from /home/ubuntu/app.pid)
[20:04:13]   Killing PID 62760 (from /home/ubuntu/gol.pid)
[20:04:13]   Killing any remaining background processes...
[20:04:15] Step 2: Cleaning source node...
[20:04:16] Step 3: Cleaning destination node...
[20:04:16]   Killing PID 62760 on destination (from /home/ubuntu/app.pid)
[20:04:17]   Killing PID 62760 on destination (from /home/ubuntu/gol.pid)
[20:04:17]   Killing all remaining gol processes on destination...
[20:04:21] ✓ Reset complete, nodes are clean
[20:04:21]   Next: Start your application
[exit=0]

$ bash /home/ivo/Evaluation-of-Live-Migration-Strategies-at-the-Edge/Game-of-life-migration/scripts/workloads/start_gol_c.sh edge-node-1
[20:04:21] Ensuring gol binary on edge-node-1...
[20:04:21] Reusing existing /tmp/gol on edge-node-1
[20:04:21] Starting gol on edge-node-1...
[20:04:21] Grid: 2048x2048 (two uint32 grids, approx 32 MiB heap)
[20:04:21] Output mode: summary
[20:04:21] Pattern: random
[20:04:23] ✓ Gol started
[exit=0]
[repeat] warmup 2s

$ python3 /home/ivo/Evaluation-of-Live-Migration-Strategies-at-the-Edge/Game-of-life-migration/scripts/orchestrators/criu_benchmark.py precopy --source edge-node-1 --dest edge-node-2 --transfer-mode direct --run-id 11-05-2026-direct-precopy-0032 --iterations 3 --profile-name 3_LTE
[20:04:25] Starting precopy migration...
[20:04:25] Source: edge-node-1, Dest: edge-node-2
[20:04:25] Transfer mode: direct

[20:04:25] === PRE-COPY LIVE MIGRATION ===
[20:04:25] Step 1: Checking source process...
[20:04:26]   Using PID from /home/ubuntu/gol.pid: 65482
[20:04:26]   Architecture: x86_64 (compatible)
[20:04:26] Step 2: Preparing dump directory...
[20:04:26] Step 3: Running 3 pre-dumps and transferring them while service keeps running...
[20:04:26]   Pre-dump 1/3...
[20:04:27]   Archiving and transferring pre-dump 1...
Setting up SSH trust: edge-node-1 → ubuntu@10.138.215.137
  Adding public key to destination's authorized_keys...
  Testing SSH connectivity...
  ✓ SSH trust ready
  Transferring /home/ubuntu/CRIU-gol-iter-0.tar.gz via SCP...
[20:04:38]   Pre-dump 2/3...
[20:04:38]   Archiving and transferring pre-dump 2...
Setting up SSH trust: edge-node-1 → ubuntu@10.138.215.137
  Adding public key to destination's authorized_keys...
  Testing SSH connectivity...
  ✓ SSH trust ready
  Transferring /home/ubuntu/CRIU-gol-iter-1.tar.gz via SCP...
[20:04:48]   Pre-dump 3/3...
[20:04:49]   Archiving and transferring pre-dump 3...
Setting up SSH trust: edge-node-1 → ubuntu@10.138.215.137
  Adding public key to destination's authorized_keys...
  Testing SSH connectivity...
  ✓ SSH trust ready
  Transferring /home/ubuntu/CRIU-gol-iter-2.tar.gz via SCP...
[20:04:59]   Total pre-dump time: 32482 ms
[20:04:59]   Pre-copy transfer outside downtime: archive=3969 ms, transfer=21753 ms, unpack=1995 ms, bytes=30181585
[20:04:59] Step 4: Final dump (freezing service)...
[20:04:59]   Final dump time (freeze duration): 314 ms
[20:04:59] Step 5: Creating final dump archive...
[20:05:00]   Archive size: 7045842 bytes
[20:05:00] Step 6: Transferring archive...
[20:05:00]   Setting up direct SSH trust...
Setting up SSH trust: edge-node-1 → ubuntu@10.138.215.137
  Adding public key to destination's authorized_keys...
  Testing SSH connectivity...
  ✓ SSH trust ready
Setting up SSH trust: edge-node-1 → ubuntu@10.138.215.137
  Adding public key to destination's authorized_keys...
  Testing SSH connectivity...
  ✓ SSH trust ready
  Transferring /home/ubuntu/CRIU-gol-final.tar.gz via SCP...
[20:05:10]   Transfer time: 6913 ms
[20:05:10] Step 7: Unpacking on destination...
[20:05:11] Step 7.5: Ensuring gol output file exists on destination...
[20:05:11] Step 7.8: Ensuring /tmp/gol binary is present on destination...
[20:05:11] Step 8: Restoring process...
[20:05:12]   Restore time: 333 ms
[20:05:12]   Restored PID: 65482 (written to /home/ubuntu/gol.pid)
[20:05:12] Step 9: Verifying migration...
[20:05:17] ✓ gol.out updated after migration (mtime 1778522714 → 1778522717), simulation running!
[20:05:17] Total downtime: 7560 ms (final_dump: 314 + transfer: 6913 + restore: 333)
[20:05:17] Pre-dump time (not counted as downtime): 32482 ms
[20:05:17] Effective bandwidth: 8.15 Mbps
[20:05:17] Metrics saved to /home/ivo/Evaluation-of-Live-Migration-Strategies-at-the-Edge/Game-of-life-migration/metrics/migration_metrics.csv
[exit=0]

$ python3 /home/ivo/Evaluation-of-Live-Migration-Strategies-at-the-Edge/Game-of-life-migration/scripts/setup/reset_nodes.py edge-node-1 edge-node-2
[20:05:18] Resetting nodes: edge-node-1 -> edge-node-2
[20:05:18] Step 1: Killing any existing processes on source...
[20:05:18]   Killing PID 65482 (from /home/ubuntu/app.pid)
[20:05:19]   Killing PID 65482 (from /home/ubuntu/gol.pid)
[20:05:19]   Killing any remaining background processes...
[20:05:21] Step 2: Cleaning source node...
[20:05:22] Step 3: Cleaning destination node...
[20:05:23]   Killing PID 65482 on destination (from /home/ubuntu/app.pid)
[20:05:23]   Killing PID 65482 on destination (from /home/ubuntu/gol.pid)
[20:05:24]   Killing all remaining gol processes on destination...
[20:05:27] ✓ Reset complete, nodes are clean
[20:05:27]   Next: Start your application
[exit=0]

$ bash /home/ivo/Evaluation-of-Live-Migration-Strategies-at-the-Edge/Game-of-life-migration/scripts/workloads/start_gol_c.sh edge-node-1
[20:05:27] Ensuring gol binary on edge-node-1...
[20:05:28] Reusing existing /tmp/gol on edge-node-1
[20:05:28] Starting gol on edge-node-1...
[20:05:28] Grid: 2048x2048 (two uint32 grids, approx 32 MiB heap)
[20:05:28] Output mode: summary
[20:05:28] Pattern: random
[20:05:29] ✓ Gol started
[exit=0]
[repeat] warmup 2s

$ python3 /home/ivo/Evaluation-of-Live-Migration-Strategies-at-the-Edge/Game-of-life-migration/scripts/orchestrators/criu_benchmark.py precopy --source edge-node-1 --dest edge-node-2 --transfer-mode direct --run-id 11-05-2026-direct-precopy-0033 --iterations 3 --profile-name 3_LTE
[20:05:31] Starting precopy migration...
[20:05:31] Source: edge-node-1, Dest: edge-node-2
[20:05:31] Transfer mode: direct

[20:05:31] === PRE-COPY LIVE MIGRATION ===
[20:05:31] Step 1: Checking source process...
[20:05:32]   Using PID from /home/ubuntu/gol.pid: 68181
[20:05:32]   Architecture: x86_64 (compatible)
[20:05:32] Step 2: Preparing dump directory...
[20:05:33] Step 3: Running 3 pre-dumps and transferring them while service keeps running...
[20:05:33]   Pre-dump 1/3...
[20:05:33]   Archiving and transferring pre-dump 1...
Setting up SSH trust: edge-node-1 → ubuntu@10.138.215.137
  Adding public key to destination's authorized_keys...
  Testing SSH connectivity...
  ✓ SSH trust ready
  Transferring /home/ubuntu/CRIU-gol-iter-0.tar.gz via SCP...
[20:05:44]   Pre-dump 2/3...
[20:05:44]   Archiving and transferring pre-dump 2...
Setting up SSH trust: edge-node-1 → ubuntu@10.138.215.137
  Adding public key to destination's authorized_keys...
  Testing SSH connectivity...
  ✓ SSH trust ready
  Transferring /home/ubuntu/CRIU-gol-iter-1.tar.gz via SCP...
[20:05:55]   Pre-dump 3/3...
[20:05:55]   Archiving and transferring pre-dump 3...
Setting up SSH trust: edge-node-1 → ubuntu@10.138.215.137
  Adding public key to destination's authorized_keys...
  Testing SSH connectivity...
  ✓ SSH trust ready
  Transferring /home/ubuntu/CRIU-gol-iter-2.tar.gz via SCP...
[20:06:05]   Total pre-dump time: 32500 ms
[20:06:05]   Pre-copy transfer outside downtime: archive=3873 ms, transfer=22193 ms, unpack=1549 ms, bytes=30181014
[20:06:05] Step 4: Final dump (freezing service)...
[20:06:05]   Final dump time (freeze duration): 309 ms
[20:06:05] Step 5: Creating final dump archive...
[20:06:07]   Archive size: 7045596 bytes
[20:06:07] Step 6: Transferring archive...
[20:06:07]   Setting up direct SSH trust...
Setting up SSH trust: edge-node-1 → ubuntu@10.138.215.137
  Adding public key to destination's authorized_keys...
  Testing SSH connectivity...
  ✓ SSH trust ready
Setting up SSH trust: edge-node-1 → ubuntu@10.138.215.137
  Adding public key to destination's authorized_keys...
  Testing SSH connectivity...
  ✓ SSH trust ready
  Transferring /home/ubuntu/CRIU-gol-final.tar.gz via SCP...
[20:06:17]   Transfer time: 7147 ms
[20:06:17] Step 7: Unpacking on destination...
[20:06:17] Step 7.5: Ensuring gol output file exists on destination...
[20:06:18] Step 7.8: Ensuring /tmp/gol binary is present on destination...
[20:06:18] Step 8: Restoring process...
[20:06:18]   Restore time: 331 ms
[20:06:18]   Restored PID: 68181 (written to /home/ubuntu/gol.pid)
[20:06:18] Step 9: Verifying migration...
[20:06:24] ✓ gol.out updated after migration (mtime 1778522781 → 1778522783), simulation running!
[20:06:24] Total downtime: 7787 ms (final_dump: 309 + transfer: 7147 + restore: 331)
[20:06:24] Pre-dump time (not counted as downtime): 32500 ms
[20:06:24] Effective bandwidth: 7.89 Mbps
[20:06:24] Metrics saved to /home/ivo/Evaluation-of-Live-Migration-Strategies-at-the-Edge/Game-of-life-migration/metrics/migration_metrics.csv
[exit=0]

$ python3 /home/ivo/Evaluation-of-Live-Migration-Strategies-at-the-Edge/Game-of-life-migration/scripts/setup/reset_nodes.py edge-node-1 edge-node-2
[20:06:25] Resetting nodes: edge-node-1 -> edge-node-2
[20:06:25] Step 1: Killing any existing processes on source...
[20:06:25]   Killing PID 68181 (from /home/ubuntu/app.pid)
[20:06:26]   Killing PID 68181 (from /home/ubuntu/gol.pid)
[20:06:26]   Killing any remaining background processes...
[20:06:28] Step 2: Cleaning source node...
[20:06:29] Step 3: Cleaning destination node...
[20:06:29]   Killing PID 68181 on destination (from /home/ubuntu/app.pid)
[20:06:30]   Killing PID 68181 on destination (from /home/ubuntu/gol.pid)
[20:06:30]   Killing all remaining gol processes on destination...
[20:06:34] ✓ Reset complete, nodes are clean
[20:06:34]   Next: Start your application
[exit=0]

$ bash /home/ivo/Evaluation-of-Live-Migration-Strategies-at-the-Edge/Game-of-life-migration/scripts/workloads/start_gol_c.sh edge-node-1
[20:06:34] Ensuring gol binary on edge-node-1...
[20:06:34] Reusing existing /tmp/gol on edge-node-1
[20:06:34] Starting gol on edge-node-1...
[20:06:34] Grid: 2048x2048 (two uint32 grids, approx 32 MiB heap)
[20:06:34] Output mode: summary
[20:06:34] Pattern: random
[20:06:35] ✓ Gol started
[exit=0]
[repeat] warmup 2s

$ python3 /home/ivo/Evaluation-of-Live-Migration-Strategies-at-the-Edge/Game-of-life-migration/scripts/orchestrators/criu_benchmark.py precopy --source edge-node-1 --dest edge-node-2 --transfer-mode direct --run-id 11-05-2026-direct-precopy-0034 --iterations 3 --profile-name 3_LTE
[20:06:38] Starting precopy migration...
[20:06:38] Source: edge-node-1, Dest: edge-node-2
[20:06:38] Transfer mode: direct

[20:06:38] === PRE-COPY LIVE MIGRATION ===
[20:06:38] Step 1: Checking source process...
[20:06:38]   Using PID from /home/ubuntu/gol.pid: 70883
[20:06:39]   Architecture: x86_64 (compatible)
[20:06:39] Step 2: Preparing dump directory...
[20:06:39] Step 3: Running 3 pre-dumps and transferring them while service keeps running...
[20:06:39]   Pre-dump 1/3...
[20:06:39]   Archiving and transferring pre-dump 1...
Setting up SSH trust: edge-node-1 → ubuntu@10.138.215.137
  Adding public key to destination's authorized_keys...
  Testing SSH connectivity...
  ✓ SSH trust ready
  Transferring /home/ubuntu/CRIU-gol-iter-0.tar.gz via SCP...
[20:06:51]   Pre-dump 2/3...
[20:06:51]   Archiving and transferring pre-dump 2...
Setting up SSH trust: edge-node-1 → ubuntu@10.138.215.137
  Adding public key to destination's authorized_keys...
  Testing SSH connectivity...
  ✓ SSH trust ready
  Transferring /home/ubuntu/CRIU-gol-iter-1.tar.gz via SCP...
[20:07:10]   Pre-dump 3/3...
[20:07:10]   Archiving and transferring pre-dump 3...
Setting up SSH trust: edge-node-1 → ubuntu@10.138.215.137
  Adding public key to destination's authorized_keys...
  Testing SSH connectivity...
  ✓ SSH trust ready
  Transferring /home/ubuntu/CRIU-gol-iter-2.tar.gz via SCP...
[20:07:19]   Total pre-dump time: 40456 ms
[20:07:19]   Pre-copy transfer outside downtime: archive=3852 ms, transfer=29923 ms, unpack=1878 ms, bytes=29429326
[20:07:19] Step 4: Final dump (freezing service)...
[20:07:20]   Final dump time (freeze duration): 309 ms
[20:07:20] Step 5: Creating final dump archive...
[20:07:21]   Archive size: 6649467 bytes
[20:07:21] Step 6: Transferring archive...
[20:07:21]   Setting up direct SSH trust...
Setting up SSH trust: edge-node-1 → ubuntu@10.138.215.137
  Adding public key to destination's authorized_keys...
  Testing SSH connectivity...
  ✓ SSH trust ready
Setting up SSH trust: edge-node-1 → ubuntu@10.138.215.137
  Adding public key to destination's authorized_keys...
  Testing SSH connectivity...
  ✓ SSH trust ready
  Transferring /home/ubuntu/CRIU-gol-final.tar.gz via SCP...
[20:07:31]   Transfer time: 7095 ms
[20:07:31] Step 7: Unpacking on destination...
[20:07:31] Step 7.5: Ensuring gol output file exists on destination...
[20:07:32] Step 7.8: Ensuring /tmp/gol binary is present on destination...
[20:07:32] Step 8: Restoring process...
[20:07:32]   Restore time: 317 ms
[20:07:33]   Restored PID: 70883 (written to /home/ubuntu/gol.pid)
[20:07:33] Step 9: Verifying migration...
[20:07:38] ✓ gol.out updated after migration (mtime 1778522855 → 1778522857), simulation running!
[20:07:38] Total downtime: 7721 ms (final_dump: 309 + transfer: 7095 + restore: 317)
[20:07:38] Pre-dump time (not counted as downtime): 40456 ms
[20:07:38] Effective bandwidth: 7.50 Mbps
[20:07:38] Metrics saved to /home/ivo/Evaluation-of-Live-Migration-Strategies-at-the-Edge/Game-of-life-migration/metrics/migration_metrics.csv
[exit=0]

$ python3 /home/ivo/Evaluation-of-Live-Migration-Strategies-at-the-Edge/Game-of-life-migration/scripts/setup/reset_nodes.py edge-node-1 edge-node-2
[20:07:39] Resetting nodes: edge-node-1 -> edge-node-2
[20:07:39] Step 1: Killing any existing processes on source...
[20:07:39]   Killing PID 70883 (from /home/ubuntu/app.pid)
[20:07:40]   Killing PID 70883 (from /home/ubuntu/gol.pid)
[20:07:40]   Killing any remaining background processes...
[20:07:42] Step 2: Cleaning source node...
[20:07:43] Step 3: Cleaning destination node...
[20:07:43]   Killing PID 70883 on destination (from /home/ubuntu/app.pid)
[20:07:44]   Killing PID 70883 on destination (from /home/ubuntu/gol.pid)
[20:07:44]   Killing all remaining gol processes on destination...
[20:07:48] ✓ Reset complete, nodes are clean
[20:07:48]   Next: Start your application
[exit=0]

$ bash /home/ivo/Evaluation-of-Live-Migration-Strategies-at-the-Edge/Game-of-life-migration/scripts/workloads/start_gol_c.sh edge-node-1
[20:07:48] Ensuring gol binary on edge-node-1...
[20:07:48] Reusing existing /tmp/gol on edge-node-1
[20:07:48] Starting gol on edge-node-1...
[20:07:48] Grid: 2048x2048 (two uint32 grids, approx 32 MiB heap)
[20:07:48] Output mode: summary
[20:07:48] Pattern: random
[20:07:49] ✓ Gol started
[exit=0]
[repeat] warmup 2s

$ python3 /home/ivo/Evaluation-of-Live-Migration-Strategies-at-the-Edge/Game-of-life-migration/scripts/orchestrators/criu_benchmark.py precopy --source edge-node-1 --dest edge-node-2 --transfer-mode direct --run-id 11-05-2026-direct-precopy-0035 --iterations 3 --profile-name 3_LTE
[20:07:52] Starting precopy migration...
[20:07:52] Source: edge-node-1, Dest: edge-node-2
[20:07:52] Transfer mode: direct

[20:07:52] === PRE-COPY LIVE MIGRATION ===
[20:07:52] Step 1: Checking source process...
[20:07:52]   Using PID from /home/ubuntu/gol.pid: 73586
[20:07:53]   Architecture: x86_64 (compatible)
[20:07:53] Step 2: Preparing dump directory...
[20:07:53] Step 3: Running 3 pre-dumps and transferring them while service keeps running...
[20:07:53]   Pre-dump 1/3...
[20:07:53]   Archiving and transferring pre-dump 1...
Setting up SSH trust: edge-node-1 → ubuntu@10.138.215.137
  Adding public key to destination's authorized_keys...
  Testing SSH connectivity...
  ✓ SSH trust ready
  Transferring /home/ubuntu/CRIU-gol-iter-0.tar.gz via SCP...
[20:08:05]   Pre-dump 2/3...
[20:08:05]   Archiving and transferring pre-dump 2...
Setting up SSH trust: edge-node-1 → ubuntu@10.138.215.137
  Adding public key to destination's authorized_keys...
  Testing SSH connectivity...
  ✓ SSH trust ready
  Transferring /home/ubuntu/CRIU-gol-iter-1.tar.gz via SCP...
[20:08:15]   Pre-dump 3/3...
[20:08:16]   Archiving and transferring pre-dump 3...
Setting up SSH trust: edge-node-1 → ubuntu@10.138.215.137
  Adding public key to destination's authorized_keys...
  Testing SSH connectivity...
  ✓ SSH trust ready
  Transferring /home/ubuntu/CRIU-gol-iter-2.tar.gz via SCP...
[20:08:25]   Total pre-dump time: 32311 ms
[20:08:25]   Pre-copy transfer outside downtime: archive=3925 ms, transfer=22111 ms, unpack=1468 ms, bytes=30182114
[20:08:25] Step 4: Final dump (freezing service)...
[20:08:26]   Final dump time (freeze duration): 896 ms
[20:08:26] Step 5: Creating final dump archive...
[20:08:28]   Archive size: 7045602 bytes
[20:08:28] Step 6: Transferring archive...
[20:08:28]   Setting up direct SSH trust...
Setting up SSH trust: edge-node-1 → ubuntu@10.138.215.137
  Adding public key to destination's authorized_keys...
  Testing SSH connectivity...
  ✓ SSH trust ready
Setting up SSH trust: edge-node-1 → ubuntu@10.138.215.137
  Adding public key to destination's authorized_keys...
  Testing SSH connectivity...
  ✓ SSH trust ready
  Transferring /home/ubuntu/CRIU-gol-final.tar.gz via SCP...
[20:08:37]   Transfer time: 6910 ms
[20:08:37] Step 7: Unpacking on destination...
[20:08:38] Step 7.5: Ensuring gol output file exists on destination...
[20:08:38] Step 7.8: Ensuring /tmp/gol binary is present on destination...
[20:08:38] Step 8: Restoring process...
[20:08:39]   Restore time: 352 ms
[20:08:39]   Restored PID: 73586 (written to /home/ubuntu/gol.pid)
[20:08:39] Step 9: Verifying migration...
[20:08:44] ✓ gol.out updated after migration (mtime 1778522921 → 1778522924), simulation running!
[20:08:44] Total downtime: 8158 ms (final_dump: 896 + transfer: 6910 + restore: 352)
[20:08:44] Pre-dump time (not counted as downtime): 32311 ms
[20:08:44] Effective bandwidth: 8.16 Mbps
[20:08:44] Metrics saved to /home/ivo/Evaluation-of-Live-Migration-Strategies-at-the-Edge/Game-of-life-migration/metrics/migration_metrics.csv
[exit=0]

$ python3 /home/ivo/Evaluation-of-Live-Migration-Strategies-at-the-Edge/Game-of-life-migration/scripts/setup/reset_nodes.py edge-node-1 edge-node-2
[20:08:45] Resetting nodes: edge-node-1 -> edge-node-2
[20:08:45] Step 1: Killing any existing processes on source...
[20:08:45]   Killing PID 73586 (from /home/ubuntu/app.pid)
[20:08:46]   Killing PID 73586 (from /home/ubuntu/gol.pid)
[20:08:46]   Killing any remaining background processes...
[20:08:48] Step 2: Cleaning source node...
[20:08:49] Step 3: Cleaning destination node...
[20:08:49]   Killing PID 73586 on destination (from /home/ubuntu/app.pid)
[20:08:50]   Killing PID 73586 on destination (from /home/ubuntu/gol.pid)
[20:08:50]   Killing all remaining gol processes on destination...
[20:08:54] ✓ Reset complete, nodes are clean
[20:08:54]   Next: Start your application
[exit=0]

$ bash /home/ivo/Evaluation-of-Live-Migration-Strategies-at-the-Edge/Game-of-life-migration/scripts/workloads/start_gol_c.sh edge-node-1
[20:08:54] Ensuring gol binary on edge-node-1...
[20:08:54] Reusing existing /tmp/gol on edge-node-1
[20:08:54] Starting gol on edge-node-1...
[20:08:54] Grid: 2048x2048 (two uint32 grids, approx 32 MiB heap)
[20:08:54] Output mode: summary
[20:08:54] Pattern: random
[20:08:55] ✓ Gol started
[exit=0]
[repeat] warmup 2s

$ python3 /home/ivo/Evaluation-of-Live-Migration-Strategies-at-the-Edge/Game-of-life-migration/scripts/orchestrators/criu_benchmark.py precopy --source edge-node-1 --dest edge-node-2 --transfer-mode direct --run-id 11-05-2026-direct-precopy-0036 --iterations 3 --profile-name 3_LTE
[20:08:58] Starting precopy migration...
[20:08:58] Source: edge-node-1, Dest: edge-node-2
[20:08:58] Transfer mode: direct

[20:08:58] === PRE-COPY LIVE MIGRATION ===
[20:08:58] Step 1: Checking source process...
[20:08:58]   Using PID from /home/ubuntu/gol.pid: 76290
[20:08:59]   Architecture: x86_64 (compatible)
[20:08:59] Step 2: Preparing dump directory...
[20:08:59] Step 3: Running 3 pre-dumps and transferring them while service keeps running...
[20:08:59]   Pre-dump 1/3...
[20:08:59]   Archiving and transferring pre-dump 1...
Setting up SSH trust: edge-node-1 → ubuntu@10.138.215.137
  Adding public key to destination's authorized_keys...
  Testing SSH connectivity...
  ✓ SSH trust ready
  Transferring /home/ubuntu/CRIU-gol-iter-0.tar.gz via SCP...
[20:09:11]   Pre-dump 2/3...
[20:09:11]   Archiving and transferring pre-dump 2...
Setting up SSH trust: edge-node-1 → ubuntu@10.138.215.137
  Adding public key to destination's authorized_keys...
  Testing SSH connectivity...
  ✓ SSH trust ready
  Transferring /home/ubuntu/CRIU-gol-iter-1.tar.gz via SCP...
[20:09:21]   Pre-dump 3/3...
[20:09:22]   Archiving and transferring pre-dump 3...
Setting up SSH trust: edge-node-1 → ubuntu@10.138.215.137
  Adding public key to destination's authorized_keys...
  Testing SSH connectivity...
  ✓ SSH trust ready
  Transferring /home/ubuntu/CRIU-gol-iter-2.tar.gz via SCP...
[20:09:32]   Total pre-dump time: 32867 ms
[20:09:32]   Pre-copy transfer outside downtime: archive=3923 ms, transfer=22698 ms, unpack=1447 ms, bytes=30182161
[20:09:32] Step 4: Final dump (freezing service)...
[20:09:32]   Final dump time (freeze duration): 321 ms
[20:09:32] Step 5: Creating final dump archive...
[20:09:34]   Archive size: 7045665 bytes
[20:09:34] Step 6: Transferring archive...
[20:09:34]   Setting up direct SSH trust...
Setting up SSH trust: edge-node-1 → ubuntu@10.138.215.137
  Adding public key to destination's authorized_keys...
  Testing SSH connectivity...
  ✓ SSH trust ready
Setting up SSH trust: edge-node-1 → ubuntu@10.138.215.137
  Adding public key to destination's authorized_keys...
  Testing SSH connectivity...
  ✓ SSH trust ready
  Transferring /home/ubuntu/CRIU-gol-final.tar.gz via SCP...
[20:09:43]   Transfer time: 6765 ms
[20:09:43] Step 7: Unpacking on destination...
[20:09:44] Step 7.5: Ensuring gol output file exists on destination...
[20:09:44] Step 7.8: Ensuring /tmp/gol binary is present on destination...
[20:09:44] Step 8: Restoring process...
[20:09:44]   Restore time: 324 ms
[20:09:45]   Restored PID: 76290 (written to /home/ubuntu/gol.pid)
[20:09:45] Step 9: Verifying migration...
[20:09:50] ✓ gol.out updated after migration (mtime 1778522987 → 1778522989), simulation running!
[20:09:50] Total downtime: 7410 ms (final_dump: 321 + transfer: 6765 + restore: 324)
[20:09:50] Pre-dump time (not counted as downtime): 32867 ms
[20:09:50] Effective bandwidth: 8.33 Mbps
[20:09:50] Metrics saved to /home/ivo/Evaluation-of-Live-Migration-Strategies-at-the-Edge/Game-of-life-migration/metrics/migration_metrics.csv
[exit=0]

$ python3 /home/ivo/Evaluation-of-Live-Migration-Strategies-at-the-Edge/Game-of-life-migration/scripts/setup/reset_nodes.py edge-node-1 edge-node-2
[20:09:51] Resetting nodes: edge-node-1 -> edge-node-2
[20:09:51] Step 1: Killing any existing processes on source...
[20:09:51]   Killing PID 76290 (from /home/ubuntu/app.pid)
[20:09:52]   Killing PID 76290 (from /home/ubuntu/gol.pid)
[20:09:52]   Killing any remaining background processes...
[20:09:54] Step 2: Cleaning source node...
[20:09:55] Step 3: Cleaning destination node...
[20:09:55]   Killing PID 76290 on destination (from /home/ubuntu/app.pid)
[20:09:56]   Killing PID 76290 on destination (from /home/ubuntu/gol.pid)
[20:09:56]   Killing all remaining gol processes on destination...
[20:10:00] ✓ Reset complete, nodes are clean
[20:10:00]   Next: Start your application
[exit=0]

$ bash /home/ivo/Evaluation-of-Live-Migration-Strategies-at-the-Edge/Game-of-life-migration/scripts/workloads/start_gol_c.sh edge-node-1
[20:10:00] Ensuring gol binary on edge-node-1...
[20:10:00] Reusing existing /tmp/gol on edge-node-1
[20:10:00] Starting gol on edge-node-1...
[20:10:00] Grid: 2048x2048 (two uint32 grids, approx 32 MiB heap)
[20:10:00] Output mode: summary
[20:10:00] Pattern: random
[20:10:01] ✓ Gol started
[exit=0]
[repeat] warmup 2s

$ python3 /home/ivo/Evaluation-of-Live-Migration-Strategies-at-the-Edge/Game-of-life-migration/scripts/orchestrators/criu_benchmark.py precopy --source edge-node-1 --dest edge-node-2 --transfer-mode direct --run-id 11-05-2026-direct-precopy-0037 --iterations 3 --profile-name 3_LTE
[20:10:04] Starting precopy migration...
[20:10:04] Source: edge-node-1, Dest: edge-node-2
[20:10:04] Transfer mode: direct

[20:10:04] === PRE-COPY LIVE MIGRATION ===
[20:10:04] Step 1: Checking source process...
[20:10:04]   Using PID from /home/ubuntu/gol.pid: 78987
[20:10:05]   Architecture: x86_64 (compatible)
[20:10:05] Step 2: Preparing dump directory...
[20:10:05] Step 3: Running 3 pre-dumps and transferring them while service keeps running...
[20:10:05]   Pre-dump 1/3...
[20:10:06]   Archiving and transferring pre-dump 1...
Setting up SSH trust: edge-node-1 → ubuntu@10.138.215.137
  Adding public key to destination's authorized_keys...
  Testing SSH connectivity...
  ✓ SSH trust ready
  Transferring /home/ubuntu/CRIU-gol-iter-0.tar.gz via SCP...
[20:10:17]   Pre-dump 2/3...
[20:10:17]   Archiving and transferring pre-dump 2...
Setting up SSH trust: edge-node-1 → ubuntu@10.138.215.137
  Adding public key to destination's authorized_keys...
  Testing SSH connectivity...
  ✓ SSH trust ready
  Transferring /home/ubuntu/CRIU-gol-iter-1.tar.gz via SCP...
[20:10:28]   Pre-dump 3/3...
[20:10:28]   Archiving and transferring pre-dump 3...
Setting up SSH trust: edge-node-1 → ubuntu@10.138.215.137
  Adding public key to destination's authorized_keys...
  Testing SSH connectivity...
  ✓ SSH trust ready
  Transferring /home/ubuntu/CRIU-gol-iter-2.tar.gz via SCP...
[20:10:38]   Total pre-dump time: 32645 ms
[20:10:38]   Pre-copy transfer outside downtime: archive=3966 ms, transfer=21691 ms, unpack=1905 ms, bytes=30067160
[20:10:38] Step 4: Final dump (freezing service)...
[20:10:38]   Final dump time (freeze duration): 309 ms
[20:10:38] Step 5: Creating final dump archive...
[20:10:39]   Archive size: 7131237 bytes
[20:10:39] Step 6: Transferring archive...
[20:10:39]   Setting up direct SSH trust...
Setting up SSH trust: edge-node-1 → ubuntu@10.138.215.137
  Adding public key to destination's authorized_keys...
  Testing SSH connectivity...
  ✓ SSH trust ready
Setting up SSH trust: edge-node-1 → ubuntu@10.138.215.137
  Adding public key to destination's authorized_keys...
  Testing SSH connectivity...
  ✓ SSH trust ready
  Transferring /home/ubuntu/CRIU-gol-final.tar.gz via SCP...
[20:10:49]   Transfer time: 6868 ms
[20:10:49] Step 7: Unpacking on destination...
[20:10:50] Step 7.5: Ensuring gol output file exists on destination...
[20:10:50] Step 7.8: Ensuring /tmp/gol binary is present on destination...
[20:10:50] Step 8: Restoring process...
[20:10:51]   Restore time: 333 ms
[20:10:51]   Restored PID: 78987 (written to /home/ubuntu/gol.pid)
[20:10:51] Step 9: Verifying migration...
[20:10:56] ✓ gol.out updated after migration (mtime 1778523053 → 1778523056), simulation running!
[20:10:56] Total downtime: 7510 ms (final_dump: 309 + transfer: 6868 + restore: 333)
[20:10:56] Pre-dump time (not counted as downtime): 32645 ms
[20:10:56] Effective bandwidth: 8.31 Mbps
[20:10:56] Metrics saved to /home/ivo/Evaluation-of-Live-Migration-Strategies-at-the-Edge/Game-of-life-migration/metrics/migration_metrics.csv
[exit=0]

$ python3 /home/ivo/Evaluation-of-Live-Migration-Strategies-at-the-Edge/Game-of-life-migration/scripts/setup/reset_nodes.py edge-node-1 edge-node-2
[20:10:57] Resetting nodes: edge-node-1 -> edge-node-2
[20:10:57] Step 1: Killing any existing processes on source...
[20:10:57]   Killing PID 78987 (from /home/ubuntu/app.pid)
[20:10:58]   Killing PID 78987 (from /home/ubuntu/gol.pid)
[20:10:58]   Killing any remaining background processes...
[20:11:00] Step 2: Cleaning source node...
[20:11:01] Step 3: Cleaning destination node...
[20:11:01]   Killing PID 78987 on destination (from /home/ubuntu/app.pid)
[20:11:02]   Killing PID 78987 on destination (from /home/ubuntu/gol.pid)
[20:11:02]   Killing all remaining gol processes on destination...
[20:11:06] ✓ Reset complete, nodes are clean
[20:11:06]   Next: Start your application
[exit=0]

$ bash /home/ivo/Evaluation-of-Live-Migration-Strategies-at-the-Edge/Game-of-life-migration/scripts/workloads/start_gol_c.sh edge-node-1
[20:11:06] Ensuring gol binary on edge-node-1...
[20:11:06] Reusing existing /tmp/gol on edge-node-1
[20:11:06] Starting gol on edge-node-1...
[20:11:06] Grid: 2048x2048 (two uint32 grids, approx 32 MiB heap)
[20:11:06] Output mode: summary
[20:11:06] Pattern: random
[20:11:07] ✓ Gol started
[exit=0]
[repeat] warmup 2s

$ python3 /home/ivo/Evaluation-of-Live-Migration-Strategies-at-the-Edge/Game-of-life-migration/scripts/orchestrators/criu_benchmark.py precopy --source edge-node-1 --dest edge-node-2 --transfer-mode direct --run-id 11-05-2026-direct-precopy-0038 --iterations 3 --profile-name 3_LTE
[20:11:10] Starting precopy migration...
[20:11:10] Source: edge-node-1, Dest: edge-node-2
[20:11:10] Transfer mode: direct

[20:11:10] === PRE-COPY LIVE MIGRATION ===
[20:11:10] Step 1: Checking source process...
[20:11:10]   Using PID from /home/ubuntu/gol.pid: 81694
[20:11:11]   Architecture: x86_64 (compatible)
[20:11:11] Step 2: Preparing dump directory...
[20:11:11] Step 3: Running 3 pre-dumps and transferring them while service keeps running...
[20:11:11]   Pre-dump 1/3...
[20:11:11]   Archiving and transferring pre-dump 1...
Setting up SSH trust: edge-node-1 → ubuntu@10.138.215.137
  Adding public key to destination's authorized_keys...
  Testing SSH connectivity...
  ✓ SSH trust ready
  Transferring /home/ubuntu/CRIU-gol-iter-0.tar.gz via SCP...
[20:11:23]   Pre-dump 2/3...
[20:11:23]   Archiving and transferring pre-dump 2...
Setting up SSH trust: edge-node-1 → ubuntu@10.138.215.137
  Adding public key to destination's authorized_keys...
  Testing SSH connectivity...
  ✓ SSH trust ready
  Transferring /home/ubuntu/CRIU-gol-iter-1.tar.gz via SCP...
[20:11:34]   Pre-dump 3/3...
[20:11:35]   Archiving and transferring pre-dump 3...
Setting up SSH trust: edge-node-1 → ubuntu@10.138.215.137
  Adding public key to destination's authorized_keys...
  Testing SSH connectivity...
  ✓ SSH trust ready
  Transferring /home/ubuntu/CRIU-gol-iter-2.tar.gz via SCP...
[20:11:44]   Total pre-dump time: 33379 ms
[20:11:44]   Pre-copy transfer outside downtime: archive=3915 ms, transfer=22672 ms, unpack=1652 ms, bytes=30034086
[20:11:44] Step 4: Final dump (freezing service)...
[20:11:45]   Final dump time (freeze duration): 322 ms
[20:11:45] Step 5: Creating final dump archive...
[20:11:46]   Archive size: 7090565 bytes
[20:11:46] Step 6: Transferring archive...
[20:11:46]   Setting up direct SSH trust...
Setting up SSH trust: edge-node-1 → ubuntu@10.138.215.137
  Adding public key to destination's authorized_keys...
  Testing SSH connectivity...
  ✓ SSH trust ready
Setting up SSH trust: edge-node-1 → ubuntu@10.138.215.137
  Adding public key to destination's authorized_keys...
  Testing SSH connectivity...
  ✓ SSH trust ready
  Transferring /home/ubuntu/CRIU-gol-final.tar.gz via SCP...
[20:11:56]   Transfer time: 6825 ms
[20:11:56] Step 7: Unpacking on destination...
[20:11:56] Step 7.5: Ensuring gol output file exists on destination...
[20:11:56] Step 7.8: Ensuring /tmp/gol binary is present on destination...
[20:11:57] Step 8: Restoring process...
[20:11:57]   Restore time: 314 ms
[20:11:57]   Restored PID: 81694 (written to /home/ubuntu/gol.pid)
[20:11:57] Step 9: Verifying migration...
[20:12:03] ✓ gol.out updated after migration (mtime 1778523121 → 1778523122), simulation running!
[20:12:03] Total downtime: 7461 ms (final_dump: 322 + transfer: 6825 + restore: 314)
[20:12:03] Pre-dump time (not counted as downtime): 33379 ms
[20:12:03] Effective bandwidth: 8.31 Mbps
[20:12:03] Metrics saved to /home/ivo/Evaluation-of-Live-Migration-Strategies-at-the-Edge/Game-of-life-migration/metrics/migration_metrics.csv
[exit=0]

$ python3 /home/ivo/Evaluation-of-Live-Migration-Strategies-at-the-Edge/Game-of-life-migration/scripts/setup/reset_nodes.py edge-node-1 edge-node-2
[20:12:03] Resetting nodes: edge-node-1 -> edge-node-2
[20:12:03] Step 1: Killing any existing processes on source...
[20:12:04]   Killing PID 81694 (from /home/ubuntu/app.pid)
[20:12:04]   Killing PID 81694 (from /home/ubuntu/gol.pid)
[20:12:05]   Killing any remaining background processes...
[20:12:06] Step 2: Cleaning source node...
[20:12:07] Step 3: Cleaning destination node...
[20:12:08]   Killing PID 81694 on destination (from /home/ubuntu/app.pid)
[20:12:08]   Killing PID 81694 on destination (from /home/ubuntu/gol.pid)
[20:12:09]   Killing all remaining gol processes on destination...
[20:12:12] ✓ Reset complete, nodes are clean
[20:12:12]   Next: Start your application
[exit=0]

$ bash /home/ivo/Evaluation-of-Live-Migration-Strategies-at-the-Edge/Game-of-life-migration/scripts/workloads/start_gol_c.sh edge-node-1
[20:12:12] Ensuring gol binary on edge-node-1...
[20:12:13] Reusing existing /tmp/gol on edge-node-1
[20:12:13] Starting gol on edge-node-1...
[20:12:13] Grid: 2048x2048 (two uint32 grids, approx 32 MiB heap)
[20:12:13] Output mode: summary
[20:12:13] Pattern: random
[20:12:14] ✓ Gol started
[exit=0]
[repeat] warmup 2s

$ python3 /home/ivo/Evaluation-of-Live-Migration-Strategies-at-the-Edge/Game-of-life-migration/scripts/orchestrators/criu_benchmark.py precopy --source edge-node-1 --dest edge-node-2 --transfer-mode direct --run-id 11-05-2026-direct-precopy-0039 --iterations 3 --profile-name 3_LTE
[20:12:16] Starting precopy migration...
[20:12:16] Source: edge-node-1, Dest: edge-node-2
[20:12:16] Transfer mode: direct

[20:12:16] === PRE-COPY LIVE MIGRATION ===
[20:12:16] Step 1: Checking source process...
[20:12:17]   Using PID from /home/ubuntu/gol.pid: 84385
[20:12:18]   Architecture: x86_64 (compatible)
[20:12:18] Step 2: Preparing dump directory...
[20:12:18] Step 3: Running 3 pre-dumps and transferring them while service keeps running...
[20:12:18]   Pre-dump 1/3...
[20:12:18]   Archiving and transferring pre-dump 1...
Setting up SSH trust: edge-node-1 → ubuntu@10.138.215.137
  Adding public key to destination's authorized_keys...
  Testing SSH connectivity...
  ✓ SSH trust ready
  Transferring /home/ubuntu/CRIU-gol-iter-0.tar.gz via SCP...
[20:12:29]   Pre-dump 2/3...
[20:12:30]   Archiving and transferring pre-dump 2...
Setting up SSH trust: edge-node-1 → ubuntu@10.138.215.137
  Adding public key to destination's authorized_keys...
  Testing SSH connectivity...
  ✓ SSH trust ready
  Transferring /home/ubuntu/CRIU-gol-iter-1.tar.gz via SCP...
[20:12:40]   Pre-dump 3/3...
[20:12:41]   Archiving and transferring pre-dump 3...
Setting up SSH trust: edge-node-1 → ubuntu@10.138.215.137
  Adding public key to destination's authorized_keys...
  Testing SSH connectivity...
  ✓ SSH trust ready
  Transferring /home/ubuntu/CRIU-gol-iter-2.tar.gz via SCP...
[20:12:50]   Total pre-dump time: 32490 ms
[20:12:50]   Pre-copy transfer outside downtime: archive=3900 ms, transfer=21933 ms, unpack=1557 ms, bytes=30105722
[20:12:50] Step 4: Final dump (freezing service)...
[20:12:51]   Final dump time (freeze duration): 359 ms
[20:12:51] Step 5: Creating final dump archive...
[20:12:52]   Archive size: 7130870 bytes
[20:12:52] Step 6: Transferring archive...
[20:12:52]   Setting up direct SSH trust...
Setting up SSH trust: edge-node-1 → ubuntu@10.138.215.137
  Adding public key to destination's authorized_keys...
  Testing SSH connectivity...
  ✓ SSH trust ready
Setting up SSH trust: edge-node-1 → ubuntu@10.138.215.137
  Adding public key to destination's authorized_keys...
  Testing SSH connectivity...
  ✓ SSH trust ready
  Transferring /home/ubuntu/CRIU-gol-final.tar.gz via SCP...
[20:13:02]   Transfer time: 6780 ms
[20:13:02] Step 7: Unpacking on destination...
[20:13:02] Step 7.5: Ensuring gol output file exists on destination...
[20:13:02] Step 7.8: Ensuring /tmp/gol binary is present on destination...
[20:13:03] Step 8: Restoring process...
[20:13:03]   Restore time: 364 ms
[20:13:03]   Restored PID: 84385 (written to /home/ubuntu/gol.pid)
[20:13:03] Step 9: Verifying migration...
[20:13:09] ✓ gol.out updated after migration (mtime 1778523186 → 1778523188), simulation running!
[20:13:09] Total downtime: 7503 ms (final_dump: 359 + transfer: 6780 + restore: 364)
[20:13:09] Pre-dump time (not counted as downtime): 32490 ms
[20:13:09] Effective bandwidth: 8.41 Mbps
[20:13:09] Metrics saved to /home/ivo/Evaluation-of-Live-Migration-Strategies-at-the-Edge/Game-of-life-migration/metrics/migration_metrics.csv
[exit=0]

$ python3 /home/ivo/Evaluation-of-Live-Migration-Strategies-at-the-Edge/Game-of-life-migration/scripts/setup/reset_nodes.py edge-node-1 edge-node-2
[20:13:09] Resetting nodes: edge-node-1 -> edge-node-2
[20:13:09] Step 1: Killing any existing processes on source...
[20:13:10]   Killing PID 84385 (from /home/ubuntu/app.pid)
[20:13:10]   Killing PID 84385 (from /home/ubuntu/gol.pid)
[20:13:11]   Killing any remaining background processes...
[20:13:12] Step 2: Cleaning source node...
[20:13:14] Step 3: Cleaning destination node...
[20:13:14]   Killing PID 84385 on destination (from /home/ubuntu/app.pid)
[20:13:15]   Killing PID 84385 on destination (from /home/ubuntu/gol.pid)
[20:13:15]   Killing all remaining gol processes on destination...
[20:13:19] ✓ Reset complete, nodes are clean
[20:13:19]   Next: Start your application
[exit=0]

$ bash /home/ivo/Evaluation-of-Live-Migration-Strategies-at-the-Edge/Game-of-life-migration/scripts/workloads/start_gol_c.sh edge-node-1
[20:13:19] Ensuring gol binary on edge-node-1...
[20:13:19] Reusing existing /tmp/gol on edge-node-1
[20:13:19] Starting gol on edge-node-1...
[20:13:19] Grid: 2048x2048 (two uint32 grids, approx 32 MiB heap)
[20:13:19] Output mode: summary
[20:13:19] Pattern: random
[20:13:21] ✓ Gol started
[exit=0]
[repeat] warmup 2s

$ python3 /home/ivo/Evaluation-of-Live-Migration-Strategies-at-the-Edge/Game-of-life-migration/scripts/orchestrators/criu_benchmark.py postcopy --source edge-node-1 --dest edge-node-2 --transfer-mode host --run-id 11-05-2026-host-postcopy-0030 --relay-node edge-host-1 --page-server-port 9999 --profile-name 3_LTE
[20:13:23] Starting postcopy migration...
[20:13:23] Source: edge-node-1, Dest: edge-node-2
[20:13:23] Transfer mode: host
[20:13:23] Relay node: edge-host-1

[20:13:23] === POST-COPY (LAZY-PAGES) MIGRATION ===
[20:13:23] Step 1: Checking source process...
[20:13:24]   Using PID from /home/ubuntu/gol.pid: 87089
[20:13:25]   Page-server endpoint: 10.138.215.218:9999
[20:13:25] Step 2: Final dump (freezing service) with --lazy-pages...
[20:13:25]   Dump PID: 87521
[20:13:26]   Dump init time (approx freeze duration): 1001 ms
[20:13:26] Step 3: Page-server ready on source (served by dump process)
[20:13:26] Step 4: Creating archive...
[20:13:26]   Archive size: 26158 bytes
[20:13:26] Step 5: Transferring archive...
  Transferring /home/ubuntu/CRIU-gol.tar.gz via relay node edge-host-1...
Setting up SSH trust: edge-node-1 → ubuntu@10.138.215.36
  Adding public key to destination's authorized_keys...
  Testing SSH connectivity...
  ✓ SSH trust ready
Setting up SSH trust: edge-host-1 → ubuntu@10.138.215.137
  Adding public key to destination's authorized_keys...
  Testing SSH connectivity...
  ✓ SSH trust ready
[20:13:38]   Transfer time: 11962 ms
[20:13:38] Step 6: Unpacking on destination...
[20:13:39] Step 6.8: Ensuring /tmp/gol binary is present on destination...
[20:13:39] Step 7: Starting lazy-pages daemon on destination...
[20:13:40]   Lazy-pages PID: 87754
[20:13:40] Step 8: Restoring process...
[20:13:41]   Restore time: 509 ms
[20:13:41]   Restored PID: 87089 (written to /home/ubuntu/gol.pid)
[20:14:00] Step 9: Verifying migration...
[20:14:06] WARNING: gol.out not updated after migration; process may not be running
[20:14:06] Total downtime: 13472 ms (dump: 1001 + transfer: 11962 + restore: 509)
[20:14:07] Metrics saved to /home/ivo/Evaluation-of-Live-Migration-Strategies-at-the-Edge/Game-of-life-migration/metrics/migration_metrics.csv
[exit=0]

$ python3 /home/ivo/Evaluation-of-Live-Migration-Strategies-at-the-Edge/Game-of-life-migration/scripts/setup/reset_nodes.py edge-node-1 edge-node-2
[20:14:07] Resetting nodes: edge-node-1 -> edge-node-2
[20:14:07] Step 1: Killing any existing processes on source...
[20:14:08]   Killing PID 87089 (from /home/ubuntu/app.pid)
[20:14:08]   Killing PID 87089 (from /home/ubuntu/gol.pid)
[20:14:09]   Killing any remaining background processes...
[20:14:10] Step 2: Cleaning source node...
[20:14:11] Step 3: Cleaning destination node...
[20:14:12]   Killing PID 87089 on destination (from /home/ubuntu/app.pid)
[20:14:12]   Killing PID 87089 on destination (from /home/ubuntu/gol.pid)
[20:14:13]   Killing all remaining gol processes on destination...
[20:14:16] ✓ Reset complete, nodes are clean
[20:14:16]   Next: Start your application
[exit=0]

$ bash /home/ivo/Evaluation-of-Live-Migration-Strategies-at-the-Edge/Game-of-life-migration/scripts/workloads/start_gol_c.sh edge-node-1
[20:14:16] Ensuring gol binary on edge-node-1...
[20:14:16] Reusing existing /tmp/gol on edge-node-1
[20:14:16] Starting gol on edge-node-1...
[20:14:16] Grid: 2048x2048 (two uint32 grids, approx 32 MiB heap)
[20:14:16] Output mode: summary
[20:14:16] Pattern: random
[20:14:18] ✓ Gol started
[exit=0]
[repeat] warmup 2s

$ python3 /home/ivo/Evaluation-of-Live-Migration-Strategies-at-the-Edge/Game-of-life-migration/scripts/orchestrators/criu_benchmark.py postcopy --source edge-node-1 --dest edge-node-2 --transfer-mode host --run-id 11-05-2026-host-postcopy-0031 --relay-node edge-host-1 --page-server-port 9999 --profile-name 3_LTE
[20:14:21] Starting postcopy migration...
[20:14:21] Source: edge-node-1, Dest: edge-node-2
[20:14:21] Transfer mode: host
[20:14:21] Relay node: edge-host-1

[20:14:21] === POST-COPY (LAZY-PAGES) MIGRATION ===
[20:14:21] Step 1: Checking source process...
[20:14:21]   Using PID from /home/ubuntu/gol.pid: 88872
[20:14:23]   Page-server endpoint: 10.138.215.218:9999
[20:14:23] Step 2: Final dump (freezing service) with --lazy-pages...
[20:14:23]   Dump PID: 89312
[20:14:24]   Dump init time (approx freeze duration): 1012 ms
[20:14:24] Step 3: Page-server ready on source (served by dump process)
[20:14:24] Step 4: Creating archive...
[20:14:24]   Archive size: 25951 bytes
[20:14:24] Step 5: Transferring archive...
  Transferring /home/ubuntu/CRIU-gol.tar.gz via relay node edge-host-1...
Setting up SSH trust: edge-node-1 → ubuntu@10.138.215.36
  Adding public key to destination's authorized_keys...
  Testing SSH connectivity...
  ✓ SSH trust ready
Setting up SSH trust: edge-host-1 → ubuntu@10.138.215.137
  Adding public key to destination's authorized_keys...
  Testing SSH connectivity...
  ✓ SSH trust ready
[20:14:36]   Transfer time: 11621 ms
[20:14:36] Step 6: Unpacking on destination...
[20:14:36] Step 6.8: Ensuring /tmp/gol binary is present on destination...
[20:14:37] Step 7: Starting lazy-pages daemon on destination...
[20:14:37]   Lazy-pages PID: 90322
[20:14:37] Step 8: Restoring process...
[20:14:38]   Restore time: 557 ms
[20:14:38]   Restored PID: 88872 (written to /home/ubuntu/gol.pid)
[20:14:57] Step 9: Verifying migration...
[20:15:03] WARNING: gol.out not updated after migration; process may not be running
[20:15:03] Total downtime: 13190 ms (dump: 1012 + transfer: 11621 + restore: 557)
[20:15:04] Metrics saved to /home/ivo/Evaluation-of-Live-Migration-Strategies-at-the-Edge/Game-of-life-migration/metrics/migration_metrics.csv
[exit=0]

$ python3 /home/ivo/Evaluation-of-Live-Migration-Strategies-at-the-Edge/Game-of-life-migration/scripts/setup/reset_nodes.py edge-node-1 edge-node-2
[20:15:04] Resetting nodes: edge-node-1 -> edge-node-2
[20:15:04] Step 1: Killing any existing processes on source...
[20:15:05]   Killing PID 88872 (from /home/ubuntu/app.pid)
[20:15:05]   Killing PID 88872 (from /home/ubuntu/gol.pid)
[20:15:06]   Killing any remaining background processes...
[20:15:07] Step 2: Cleaning source node...
[20:15:09] Step 3: Cleaning destination node...
[20:15:09]   Killing PID 88872 on destination (from /home/ubuntu/app.pid)
[20:15:10]   Killing PID 88872 on destination (from /home/ubuntu/gol.pid)
[20:15:10]   Killing all remaining gol processes on destination...
[20:15:14] ✓ Reset complete, nodes are clean
[20:15:14]   Next: Start your application
[exit=0]

$ bash /home/ivo/Evaluation-of-Live-Migration-Strategies-at-the-Edge/Game-of-life-migration/scripts/workloads/start_gol_c.sh edge-node-1
[20:15:14] Ensuring gol binary on edge-node-1...
[20:15:14] Reusing existing /tmp/gol on edge-node-1
[20:15:14] Starting gol on edge-node-1...
[20:15:14] Grid: 2048x2048 (two uint32 grids, approx 32 MiB heap)
[20:15:14] Output mode: summary
[20:15:14] Pattern: random
[20:15:15] ✓ Gol started
[exit=0]
[repeat] warmup 2s

$ python3 /home/ivo/Evaluation-of-Live-Migration-Strategies-at-the-Edge/Game-of-life-migration/scripts/orchestrators/criu_benchmark.py postcopy --source edge-node-1 --dest edge-node-2 --transfer-mode host --run-id 11-05-2026-host-postcopy-0032 --relay-node edge-host-1 --page-server-port 9999 --profile-name 3_LTE
[20:15:18] Starting postcopy migration...
[20:15:18] Source: edge-node-1, Dest: edge-node-2
[20:15:18] Transfer mode: host
[20:15:18] Relay node: edge-host-1

[20:15:18] === POST-COPY (LAZY-PAGES) MIGRATION ===
[20:15:18] Step 1: Checking source process...
[20:15:18]   Using PID from /home/ubuntu/gol.pid: 90666
[20:15:20]   Page-server endpoint: 10.138.215.218:9999
[20:15:20] Step 2: Final dump (freezing service) with --lazy-pages...
[20:15:20]   Dump PID: 91098
[20:15:20]   Dump init time (approx freeze duration): 955 ms
[20:15:20] Step 3: Page-server ready on source (served by dump process)
[20:15:20] Step 4: Creating archive...
[20:15:21]   Archive size: 25761 bytes
[20:15:21] Step 5: Transferring archive...
  Transferring /home/ubuntu/CRIU-gol.tar.gz via relay node edge-host-1...
Setting up SSH trust: edge-node-1 → ubuntu@10.138.215.36
  Adding public key to destination's authorized_keys...
  Testing SSH connectivity...
  ✓ SSH trust ready
Setting up SSH trust: edge-host-1 → ubuntu@10.138.215.137
  Adding public key to destination's authorized_keys...
  Testing SSH connectivity...
  ✓ SSH trust ready
[20:15:33]   Transfer time: 11840 ms
[20:15:33] Step 6: Unpacking on destination...
[20:15:33] Step 6.8: Ensuring /tmp/gol binary is present on destination...
[20:15:34] Step 7: Starting lazy-pages daemon on destination...
[20:15:34]   Lazy-pages PID: 92886
[20:15:35] Step 8: Restoring process...
[20:15:35]   Restore time: 528 ms
[20:15:35]   Restored PID: 90666 (written to /home/ubuntu/gol.pid)
[20:15:55] Step 9: Verifying migration...
[20:16:00] WARNING: gol.out not updated after migration; process may not be running
[20:16:00] Total downtime: 13323 ms (dump: 955 + transfer: 11840 + restore: 528)
[20:16:01] Metrics saved to /home/ivo/Evaluation-of-Live-Migration-Strategies-at-the-Edge/Game-of-life-migration/metrics/migration_metrics.csv
[exit=0]

$ python3 /home/ivo/Evaluation-of-Live-Migration-Strategies-at-the-Edge/Game-of-life-migration/scripts/setup/reset_nodes.py edge-node-1 edge-node-2
[20:16:02] Resetting nodes: edge-node-1 -> edge-node-2
[20:16:02] Step 1: Killing any existing processes on source...
[20:16:02]   Killing PID 90666 (from /home/ubuntu/app.pid)
[20:16:03]   Killing PID 90666 (from /home/ubuntu/gol.pid)
[20:16:03]   Killing any remaining background processes...
[20:16:05] Step 2: Cleaning source node...
[20:16:06] Step 3: Cleaning destination node...
[20:16:06]   Killing PID 90666 on destination (from /home/ubuntu/app.pid)
[20:16:07]   Killing PID 90666 on destination (from /home/ubuntu/gol.pid)
[20:16:07]   Killing all remaining gol processes on destination...
[20:16:11] ✓ Reset complete, nodes are clean
[20:16:11]   Next: Start your application
[exit=0]

$ bash /home/ivo/Evaluation-of-Live-Migration-Strategies-at-the-Edge/Game-of-life-migration/scripts/workloads/start_gol_c.sh edge-node-1
[20:16:11] Ensuring gol binary on edge-node-1...
[20:16:11] Reusing existing /tmp/gol on edge-node-1
[20:16:11] Starting gol on edge-node-1...
[20:16:11] Grid: 2048x2048 (two uint32 grids, approx 32 MiB heap)
[20:16:11] Output mode: summary
[20:16:11] Pattern: random
[20:16:13] ✓ Gol started
[exit=0]
[repeat] warmup 2s

$ python3 /home/ivo/Evaluation-of-Live-Migration-Strategies-at-the-Edge/Game-of-life-migration/scripts/orchestrators/criu_benchmark.py postcopy --source edge-node-1 --dest edge-node-2 --transfer-mode host --run-id 11-05-2026-host-postcopy-0033 --relay-node edge-host-1 --page-server-port 9999 --profile-name 3_LTE
[20:16:15] Starting postcopy migration...
[20:16:15] Source: edge-node-1, Dest: edge-node-2
[20:16:15] Transfer mode: host
[20:16:15] Relay node: edge-host-1

[20:16:15] === POST-COPY (LAZY-PAGES) MIGRATION ===
[20:16:15] Step 1: Checking source process...
[20:16:16]   Using PID from /home/ubuntu/gol.pid: 92715
[20:16:17]   Page-server endpoint: 10.138.215.218:9999
[20:16:17] Step 2: Final dump (freezing service) with --lazy-pages...
[20:16:18]   Dump PID: 93147
[20:16:18]   Dump init time (approx freeze duration): 1058 ms
[20:16:18] Step 3: Page-server ready on source (served by dump process)
[20:16:18] Step 4: Creating archive...
[20:16:19]   Archive size: 26142 bytes
[20:16:19] Step 5: Transferring archive...
  Transferring /home/ubuntu/CRIU-gol.tar.gz via relay node edge-host-1...
Setting up SSH trust: edge-node-1 → ubuntu@10.138.215.36
  Adding public key to destination's authorized_keys...
  Testing SSH connectivity...
  ✓ SSH trust ready
Setting up SSH trust: edge-host-1 → ubuntu@10.138.215.137
  Adding public key to destination's authorized_keys...
  Testing SSH connectivity...
  ✓ SSH trust ready
[20:16:31]   Transfer time: 11924 ms
[20:16:31] Step 6: Unpacking on destination...
[20:16:31] Step 6.8: Ensuring /tmp/gol binary is present on destination...
[20:16:32] Step 7: Starting lazy-pages daemon on destination...
[20:16:32]   Lazy-pages PID: 95713
[20:16:32] Step 8: Restoring process...
[20:16:33]   Restore time: 486 ms
[20:16:33]   Restored PID: 92715 (written to /home/ubuntu/gol.pid)
[20:16:52] Step 9: Verifying migration...
[20:16:58] WARNING: gol.out not updated after migration; process may not be running
[20:16:58] Total downtime: 13468 ms (dump: 1058 + transfer: 11924 + restore: 486)
[20:16:59] Metrics saved to /home/ivo/Evaluation-of-Live-Migration-Strategies-at-the-Edge/Game-of-life-migration/metrics/migration_metrics.csv
[exit=0]

$ python3 /home/ivo/Evaluation-of-Live-Migration-Strategies-at-the-Edge/Game-of-life-migration/scripts/setup/reset_nodes.py edge-node-1 edge-node-2
[20:16:59] Resetting nodes: edge-node-1 -> edge-node-2
[20:16:59] Step 1: Killing any existing processes on source...
[20:17:00]   Killing PID 92715 (from /home/ubuntu/app.pid)
[20:17:00]   Killing PID 92715 (from /home/ubuntu/gol.pid)
[20:17:01]   Killing any remaining background processes...
[20:17:02] Step 2: Cleaning source node...
[20:17:03] Step 3: Cleaning destination node...
[20:17:03]   Killing PID 92715 on destination (from /home/ubuntu/app.pid)
[20:17:04]   Killing PID 92715 on destination (from /home/ubuntu/gol.pid)
[20:17:05]   Killing all remaining gol processes on destination...
[20:17:08] ✓ Reset complete, nodes are clean
[20:17:08]   Next: Start your application
[exit=0]

$ bash /home/ivo/Evaluation-of-Live-Migration-Strategies-at-the-Edge/Game-of-life-migration/scripts/workloads/start_gol_c.sh edge-node-1
[20:17:08] Ensuring gol binary on edge-node-1...
[20:17:08] Reusing existing /tmp/gol on edge-node-1
[20:17:08] Starting gol on edge-node-1...
[20:17:08] Grid: 2048x2048 (two uint32 grids, approx 32 MiB heap)
[20:17:08] Output mode: summary
[20:17:08] Pattern: random
[20:17:10] ✓ Gol started
[exit=0]
[repeat] warmup 2s

$ python3 /home/ivo/Evaluation-of-Live-Migration-Strategies-at-the-Edge/Game-of-life-migration/scripts/orchestrators/criu_benchmark.py postcopy --source edge-node-1 --dest edge-node-2 --transfer-mode host --run-id 11-05-2026-host-postcopy-0034 --relay-node edge-host-1 --page-server-port 9999 --profile-name 3_LTE
[20:17:12] Starting postcopy migration...
[20:17:12] Source: edge-node-1, Dest: edge-node-2
[20:17:12] Transfer mode: host
[20:17:12] Relay node: edge-host-1

[20:17:12] === POST-COPY (LAZY-PAGES) MIGRATION ===
[20:17:12] Step 1: Checking source process...
[20:17:13]   Using PID from /home/ubuntu/gol.pid: 94496
[20:17:14]   Page-server endpoint: 10.138.215.218:9999
[20:17:14] Step 2: Final dump (freezing service) with --lazy-pages...
[20:17:15]   Dump PID: 94945
[20:17:15]   Dump init time (approx freeze duration): 972 ms
[20:17:15] Step 3: Page-server ready on source (served by dump process)
[20:17:15] Step 4: Creating archive...
[20:17:16]   Archive size: 25846 bytes
[20:17:16] Step 5: Transferring archive...
  Transferring /home/ubuntu/CRIU-gol.tar.gz via relay node edge-host-1...
Setting up SSH trust: edge-node-1 → ubuntu@10.138.215.36
  Adding public key to destination's authorized_keys...
  Testing SSH connectivity...
  ✓ SSH trust ready
Setting up SSH trust: edge-host-1 → ubuntu@10.138.215.137
  Adding public key to destination's authorized_keys...
  Testing SSH connectivity...
  ✓ SSH trust ready
[20:17:28]   Transfer time: 12033 ms
[20:17:28] Step 6: Unpacking on destination...
[20:17:29] Step 6.8: Ensuring /tmp/gol binary is present on destination...
[20:17:29] Step 7: Starting lazy-pages daemon on destination...
[20:17:29]   Lazy-pages PID: 98278
[20:17:30] Step 8: Restoring process...
[20:17:30]   Restore time: 489 ms
[20:17:30]   Restored PID: 94496 (written to /home/ubuntu/gol.pid)
[20:17:49] Step 9: Verifying migration...
[20:17:55] WARNING: gol.out not updated after migration; process may not be running
[20:17:55] Total downtime: 13494 ms (dump: 972 + transfer: 12033 + restore: 489)
[20:17:56] Metrics saved to /home/ivo/Evaluation-of-Live-Migration-Strategies-at-the-Edge/Game-of-life-migration/metrics/migration_metrics.csv
[exit=0]

$ python3 /home/ivo/Evaluation-of-Live-Migration-Strategies-at-the-Edge/Game-of-life-migration/scripts/setup/reset_nodes.py edge-node-1 edge-node-2
[20:17:57] Resetting nodes: edge-node-1 -> edge-node-2
[20:17:57] Step 1: Killing any existing processes on source...
[20:17:57]   Killing PID 94496 (from /home/ubuntu/app.pid)
[20:17:58]   Killing PID 94496 (from /home/ubuntu/gol.pid)
[20:17:58]   Killing any remaining background processes...
[20:17:59] Step 2: Cleaning source node...
[20:18:00] Step 3: Cleaning destination node...
[20:18:01]   Killing PID 94496 on destination (from /home/ubuntu/app.pid)
[20:18:01]   Killing PID 94496 on destination (from /home/ubuntu/gol.pid)
[20:18:02]   Killing all remaining gol processes on destination...
[20:18:05] ✓ Reset complete, nodes are clean
[20:18:05]   Next: Start your application
[exit=0]

$ bash /home/ivo/Evaluation-of-Live-Migration-Strategies-at-the-Edge/Game-of-life-migration/scripts/workloads/start_gol_c.sh edge-node-1
[20:18:05] Ensuring gol binary on edge-node-1...
[20:18:06] Reusing existing /tmp/gol on edge-node-1
[20:18:06] Starting gol on edge-node-1...
[20:18:06] Grid: 2048x2048 (two uint32 grids, approx 32 MiB heap)
[20:18:06] Output mode: summary
[20:18:06] Pattern: random
[20:18:07] ✓ Gol started
[exit=0]
[repeat] warmup 2s

$ python3 /home/ivo/Evaluation-of-Live-Migration-Strategies-at-the-Edge/Game-of-life-migration/scripts/orchestrators/criu_benchmark.py postcopy --source edge-node-1 --dest edge-node-2 --transfer-mode host --run-id 11-05-2026-host-postcopy-0035 --relay-node edge-host-1 --page-server-port 9999 --profile-name 3_LTE
[20:18:09] Starting postcopy migration...
[20:18:09] Source: edge-node-1, Dest: edge-node-2
[20:18:09] Transfer mode: host
[20:18:09] Relay node: edge-host-1

[20:18:09] === POST-COPY (LAZY-PAGES) MIGRATION ===
[20:18:09] Step 1: Checking source process...
[20:18:10]   Using PID from /home/ubuntu/gol.pid: 96287
[20:18:11]   Page-server endpoint: 10.138.215.218:9999
[20:18:11] Step 2: Final dump (freezing service) with --lazy-pages...
[20:18:12]   Dump PID: 96719
[20:18:13]   Dump init time (approx freeze duration): 1294 ms
[20:18:13] Step 3: Page-server ready on source (served by dump process)
[20:18:13] Step 4: Creating archive...
[20:18:13]   Archive size: 25904 bytes
[20:18:13] Step 5: Transferring archive...
  Transferring /home/ubuntu/CRIU-gol.tar.gz via relay node edge-host-1...
Setting up SSH trust: edge-node-1 → ubuntu@10.138.215.36
  Adding public key to destination's authorized_keys...
  Testing SSH connectivity...
  ✓ SSH trust ready
Setting up SSH trust: edge-host-1 → ubuntu@10.138.215.137
  Adding public key to destination's authorized_keys...
  Testing SSH connectivity...
  ✓ SSH trust ready
[20:18:25]   Transfer time: 11713 ms
[20:18:25] Step 6: Unpacking on destination...
[20:18:26] Step 6.8: Ensuring /tmp/gol binary is present on destination...
[20:18:26] Step 7: Starting lazy-pages daemon on destination...
[20:18:26]   Lazy-pages PID: 100839
[20:18:27] Step 8: Restoring process...
[20:18:27]   Restore time: 819 ms
[20:18:28]   Restored PID: 96287 (written to /home/ubuntu/gol.pid)
[20:18:47] Step 9: Verifying migration...
[20:18:52] WARNING: gol.out not updated after migration; process may not be running
[20:18:52] Total downtime: 13826 ms (dump: 1294 + transfer: 11713 + restore: 819)
[20:18:53] Metrics saved to /home/ivo/Evaluation-of-Live-Migration-Strategies-at-the-Edge/Game-of-life-migration/metrics/migration_metrics.csv
[exit=0]

$ python3 /home/ivo/Evaluation-of-Live-Migration-Strategies-at-the-Edge/Game-of-life-migration/scripts/setup/reset_nodes.py edge-node-1 edge-node-2
[20:18:54] Resetting nodes: edge-node-1 -> edge-node-2
[20:18:54] Step 1: Killing any existing processes on source...
[20:18:54]   Killing PID 96287 (from /home/ubuntu/app.pid)
[20:18:55]   Killing PID 96287 (from /home/ubuntu/gol.pid)
[20:18:55]   Killing any remaining background processes...
[20:18:57] Step 2: Cleaning source node...
[20:18:58] Step 3: Cleaning destination node...
[20:18:58]   Killing PID 96287 on destination (from /home/ubuntu/app.pid)
[20:18:59]   Killing PID 96287 on destination (from /home/ubuntu/gol.pid)
[20:18:59]   Killing all remaining gol processes on destination...
[20:19:03] ✓ Reset complete, nodes are clean
[20:19:03]   Next: Start your application
[exit=0]

$ bash /home/ivo/Evaluation-of-Live-Migration-Strategies-at-the-Edge/Game-of-life-migration/scripts/workloads/start_gol_c.sh edge-node-1
[20:19:03] Ensuring gol binary on edge-node-1...
[20:19:03] Reusing existing /tmp/gol on edge-node-1
[20:19:03] Starting gol on edge-node-1...
[20:19:03] Grid: 2048x2048 (two uint32 grids, approx 32 MiB heap)
[20:19:03] Output mode: summary
[20:19:03] Pattern: random
[20:19:04] ✓ Gol started
[exit=0]
[repeat] warmup 2s

$ python3 /home/ivo/Evaluation-of-Live-Migration-Strategies-at-the-Edge/Game-of-life-migration/scripts/orchestrators/criu_benchmark.py postcopy --source edge-node-1 --dest edge-node-2 --transfer-mode host --run-id 11-05-2026-host-postcopy-0036 --relay-node edge-host-1 --page-server-port 9999 --profile-name 3_LTE
[20:19:07] Starting postcopy migration...
[20:19:07] Source: edge-node-1, Dest: edge-node-2
[20:19:07] Transfer mode: host
[20:19:07] Relay node: edge-host-1

[20:19:07] === POST-COPY (LAZY-PAGES) MIGRATION ===
[20:19:07] Step 1: Checking source process...
[20:19:07]   Using PID from /home/ubuntu/gol.pid: 98070
[20:19:09]   Page-server endpoint: 10.138.215.218:9999
[20:19:09] Step 2: Final dump (freezing service) with --lazy-pages...
[20:19:09]   Dump PID: 98510
[20:19:10]   Dump init time (approx freeze duration): 963 ms
[20:19:10] Step 3: Page-server ready on source (served by dump process)
[20:19:10] Step 4: Creating archive...
[20:19:10]   Archive size: 25790 bytes
[20:19:10] Step 5: Transferring archive...
  Transferring /home/ubuntu/CRIU-gol.tar.gz via relay node edge-host-1...
Setting up SSH trust: edge-node-1 → ubuntu@10.138.215.36
  Adding public key to destination's authorized_keys...
  Testing SSH connectivity...
  ✓ SSH trust ready
Setting up SSH trust: edge-host-1 → ubuntu@10.138.215.137
  Adding public key to destination's authorized_keys...
  Testing SSH connectivity...
  ✓ SSH trust ready
[20:19:22]   Transfer time: 11842 ms
[20:19:22] Step 6: Unpacking on destination...
[20:19:23] Step 6.8: Ensuring /tmp/gol binary is present on destination...
[20:19:23] Step 7: Starting lazy-pages daemon on destination...
[20:19:23]   Lazy-pages PID: 103409
[20:19:24] Step 8: Restoring process...
[20:19:24]   Restore time: 436 ms
[20:19:24]   Restored PID: 98070 (written to /home/ubuntu/gol.pid)
[20:19:44] Step 9: Verifying migration...
[20:19:49] WARNING: gol.out not updated after migration; process may not be running
[20:19:49] Total downtime: 13241 ms (dump: 963 + transfer: 11842 + restore: 436)
[20:19:50] Metrics saved to /home/ivo/Evaluation-of-Live-Migration-Strategies-at-the-Edge/Game-of-life-migration/metrics/migration_metrics.csv
[exit=0]

$ python3 /home/ivo/Evaluation-of-Live-Migration-Strategies-at-the-Edge/Game-of-life-migration/scripts/setup/reset_nodes.py edge-node-1 edge-node-2
[20:19:51] Resetting nodes: edge-node-1 -> edge-node-2
[20:19:51] Step 1: Killing any existing processes on source...
[20:19:51]   Killing PID 98070 (from /home/ubuntu/app.pid)
[20:19:52]   Killing PID 98070 (from /home/ubuntu/gol.pid)
[20:19:52]   Killing any remaining background processes...
[20:19:54] Step 2: Cleaning source node...
[20:19:55] Step 3: Cleaning destination node...
[20:19:55]   Killing PID 98070 on destination (from /home/ubuntu/app.pid)
[20:19:56]   Killing PID 98070 on destination (from /home/ubuntu/gol.pid)
[20:19:56]   Killing all remaining gol processes on destination...
[20:20:00] ✓ Reset complete, nodes are clean
[20:20:00]   Next: Start your application
[exit=0]

$ bash /home/ivo/Evaluation-of-Live-Migration-Strategies-at-the-Edge/Game-of-life-migration/scripts/workloads/start_gol_c.sh edge-node-1
[20:20:00] Ensuring gol binary on edge-node-1...
[20:20:00] Reusing existing /tmp/gol on edge-node-1
[20:20:00] Starting gol on edge-node-1...
[20:20:00] Grid: 2048x2048 (two uint32 grids, approx 32 MiB heap)
[20:20:00] Output mode: summary
[20:20:00] Pattern: random
[20:20:01] ✓ Gol started
[exit=0]
[repeat] warmup 2s

$ python3 /home/ivo/Evaluation-of-Live-Migration-Strategies-at-the-Edge/Game-of-life-migration/scripts/orchestrators/criu_benchmark.py postcopy --source edge-node-1 --dest edge-node-2 --transfer-mode host --run-id 11-05-2026-host-postcopy-0037 --relay-node edge-host-1 --page-server-port 9999 --profile-name 3_LTE
[20:20:04] Starting postcopy migration...
[20:20:04] Source: edge-node-1, Dest: edge-node-2
[20:20:04] Transfer mode: host
[20:20:04] Relay node: edge-host-1

[20:20:04] === POST-COPY (LAZY-PAGES) MIGRATION ===
[20:20:04] Step 1: Checking source process...
[20:20:04]   Using PID from /home/ubuntu/gol.pid: 99865
[20:20:06]   Page-server endpoint: 10.138.215.218:9999
[20:20:06] Step 2: Final dump (freezing service) with --lazy-pages...
[20:20:06]   Dump PID: 100297
[20:20:07]   Dump init time (approx freeze duration): 1052 ms
[20:20:07] Step 3: Page-server ready on source (served by dump process)
[20:20:07] Step 4: Creating archive...
[20:20:07]   Archive size: 25977 bytes
[20:20:07] Step 5: Transferring archive...
  Transferring /home/ubuntu/CRIU-gol.tar.gz via relay node edge-host-1...
Setting up SSH trust: edge-node-1 → ubuntu@10.138.215.36
  Adding public key to destination's authorized_keys...
  Testing SSH connectivity...
  ✓ SSH trust ready
Setting up SSH trust: edge-host-1 → ubuntu@10.138.215.137
  Adding public key to destination's authorized_keys...
  Testing SSH connectivity...
  ✓ SSH trust ready
[20:20:19]   Transfer time: 11568 ms
[20:20:19] Step 6: Unpacking on destination...
[20:20:20] Step 6.8: Ensuring /tmp/gol binary is present on destination...
[20:20:20] Step 7: Starting lazy-pages daemon on destination...
[20:20:20]   Lazy-pages PID: 105973
[20:20:21] Step 8: Restoring process...
[20:20:21]   Restore time: 491 ms
[20:20:21]   Restored PID: 99865 (written to /home/ubuntu/gol.pid)
[20:20:41] Step 9: Verifying migration...
[20:20:46] WARNING: gol.out not updated after migration; process may not be running
[20:20:46] Total downtime: 13111 ms (dump: 1052 + transfer: 11568 + restore: 491)
[20:20:48] Metrics saved to /home/ivo/Evaluation-of-Live-Migration-Strategies-at-the-Edge/Game-of-life-migration/metrics/migration_metrics.csv
[exit=0]

$ python3 /home/ivo/Evaluation-of-Live-Migration-Strategies-at-the-Edge/Game-of-life-migration/scripts/setup/reset_nodes.py edge-node-1 edge-node-2
[20:20:48] Resetting nodes: edge-node-1 -> edge-node-2
[20:20:48] Step 1: Killing any existing processes on source...
[20:20:48]   Killing PID 99865 (from /home/ubuntu/app.pid)
[20:20:49]   Killing PID 99865 (from /home/ubuntu/gol.pid)
[20:20:50]   Killing any remaining background processes...
[20:20:51] Step 2: Cleaning source node...
[20:20:52] Step 3: Cleaning destination node...
[20:20:52]   Killing PID 99865 on destination (from /home/ubuntu/app.pid)
[20:20:53]   Killing PID 99865 on destination (from /home/ubuntu/gol.pid)
[20:20:54]   Killing all remaining gol processes on destination...
[20:20:57] ✓ Reset complete, nodes are clean
[20:20:57]   Next: Start your application
[exit=0]

$ bash /home/ivo/Evaluation-of-Live-Migration-Strategies-at-the-Edge/Game-of-life-migration/scripts/workloads/start_gol_c.sh edge-node-1
[20:20:57] Ensuring gol binary on edge-node-1...
[20:20:57] Reusing existing /tmp/gol on edge-node-1
[20:20:57] Starting gol on edge-node-1...
[20:20:57] Grid: 2048x2048 (two uint32 grids, approx 32 MiB heap)
[20:20:57] Output mode: summary
[20:20:57] Pattern: random
[20:20:58] ✓ Gol started
[exit=0]
[repeat] warmup 2s

$ python3 /home/ivo/Evaluation-of-Live-Migration-Strategies-at-the-Edge/Game-of-life-migration/scripts/orchestrators/criu_benchmark.py postcopy --source edge-node-1 --dest edge-node-2 --transfer-mode host --run-id 11-05-2026-host-postcopy-0038 --relay-node edge-host-1 --page-server-port 9999 --profile-name 3_LTE
[20:21:01] Starting postcopy migration...
[20:21:01] Source: edge-node-1, Dest: edge-node-2
[20:21:01] Transfer mode: host
[20:21:01] Relay node: edge-host-1

[20:21:01] === POST-COPY (LAZY-PAGES) MIGRATION ===
[20:21:01] Step 1: Checking source process...
[20:21:01]   Using PID from /home/ubuntu/gol.pid: 101650
[20:21:03]   Page-server endpoint: 10.138.215.218:9999
[20:21:03] Step 2: Final dump (freezing service) with --lazy-pages...
[20:21:03]   Dump PID: 102090
[20:21:04]   Dump init time (approx freeze duration): 1114 ms
[20:21:04] Step 3: Page-server ready on source (served by dump process)
[20:21:04] Step 4: Creating archive...
[20:21:05]   Archive size: 26312 bytes
[20:21:05] Step 5: Transferring archive...
  Transferring /home/ubuntu/CRIU-gol.tar.gz via relay node edge-host-1...
Setting up SSH trust: edge-node-1 → ubuntu@10.138.215.36
  Adding public key to destination's authorized_keys...
  Testing SSH connectivity...
  ✓ SSH trust ready
Setting up SSH trust: edge-host-1 → ubuntu@10.138.215.137
  Adding public key to destination's authorized_keys...
  Testing SSH connectivity...
  ✓ SSH trust ready
[20:21:16]   Transfer time: 11679 ms
[20:21:16] Step 6: Unpacking on destination...
[20:21:17] Step 6.8: Ensuring /tmp/gol binary is present on destination...
[20:21:17] Step 7: Starting lazy-pages daemon on destination...
[20:21:18]   Lazy-pages PID: 108547
[20:21:18] Step 8: Restoring process...
[20:21:18]   Restore time: 472 ms
[20:21:19]   Restored PID: 101650 (written to /home/ubuntu/gol.pid)
[20:21:38] Step 9: Verifying migration...
[20:21:43] WARNING: gol.out not updated after migration; process may not be running
[20:21:43] Total downtime: 13265 ms (dump: 1114 + transfer: 11679 + restore: 472)
[20:21:45] Metrics saved to /home/ivo/Evaluation-of-Live-Migration-Strategies-at-the-Edge/Game-of-life-migration/metrics/migration_metrics.csv
[exit=0]

$ python3 /home/ivo/Evaluation-of-Live-Migration-Strategies-at-the-Edge/Game-of-life-migration/scripts/setup/reset_nodes.py edge-node-1 edge-node-2
[20:21:45] Resetting nodes: edge-node-1 -> edge-node-2
[20:21:45] Step 1: Killing any existing processes on source...
[20:21:45]   Killing PID 101650 (from /home/ubuntu/app.pid)
[20:21:46]   Killing PID 101650 (from /home/ubuntu/gol.pid)
[20:21:47]   Killing any remaining background processes...
[20:21:48] Step 2: Cleaning source node...
[20:21:49] Step 3: Cleaning destination node...
[20:21:50]   Killing PID 101650 on destination (from /home/ubuntu/app.pid)
[20:21:50]   Killing PID 101650 on destination (from /home/ubuntu/gol.pid)
[20:21:51]   Killing all remaining gol processes on destination...
[20:21:54] ✓ Reset complete, nodes are clean
[20:21:54]   Next: Start your application
[exit=0]

$ bash /home/ivo/Evaluation-of-Live-Migration-Strategies-at-the-Edge/Game-of-life-migration/scripts/workloads/start_gol_c.sh edge-node-1
[20:21:54] Ensuring gol binary on edge-node-1...
[20:21:55] Reusing existing /tmp/gol on edge-node-1
[20:21:55] Starting gol on edge-node-1...
[20:21:55] Grid: 2048x2048 (two uint32 grids, approx 32 MiB heap)
[20:21:55] Output mode: summary
[20:21:55] Pattern: random
[20:21:56] ✓ Gol started
[exit=0]
[repeat] warmup 2s

$ python3 /home/ivo/Evaluation-of-Live-Migration-Strategies-at-the-Edge/Game-of-life-migration/scripts/orchestrators/criu_benchmark.py postcopy --source edge-node-1 --dest edge-node-2 --transfer-mode host --run-id 11-05-2026-host-postcopy-0039 --relay-node edge-host-1 --page-server-port 9999 --profile-name 3_LTE
[20:21:58] Starting postcopy migration...
[20:21:58] Source: edge-node-1, Dest: edge-node-2
[20:21:58] Transfer mode: host
[20:21:58] Relay node: edge-host-1

[20:21:58] === POST-COPY (LAZY-PAGES) MIGRATION ===
[20:21:58] Step 1: Checking source process...
[20:21:59]   Using PID from /home/ubuntu/gol.pid: 103443
[20:22:00]   Page-server endpoint: 10.138.215.218:9999
[20:22:00] Step 2: Final dump (freezing service) with --lazy-pages...
[20:22:01]   Dump PID: 103884
[20:22:01]   Dump init time (approx freeze duration): 916 ms
[20:22:01] Step 3: Page-server ready on source (served by dump process)
[20:22:01] Step 4: Creating archive...
[20:22:02]   Archive size: 25854 bytes
[20:22:02] Step 5: Transferring archive...
  Transferring /home/ubuntu/CRIU-gol.tar.gz via relay node edge-host-1...
Setting up SSH trust: edge-node-1 → ubuntu@10.138.215.36
  Adding public key to destination's authorized_keys...
  Testing SSH connectivity...
  ✓ SSH trust ready
Setting up SSH trust: edge-host-1 → ubuntu@10.138.215.137
  Adding public key to destination's authorized_keys...
  Testing SSH connectivity...
  ✓ SSH trust ready
[20:22:13]   Transfer time: 11472 ms
[20:22:13] Step 6: Unpacking on destination...
[20:22:14] Step 6.8: Ensuring /tmp/gol binary is present on destination...
[20:22:14] Step 7: Starting lazy-pages daemon on destination...
[20:22:15]   Lazy-pages PID: 111109
[20:22:15] Step 8: Restoring process...
[20:22:15]   Restore time: 469 ms
[20:22:16]   Restored PID: 103443 (written to /home/ubuntu/gol.pid)
[20:22:35] Step 9: Verifying migration...
[20:22:41] WARNING: gol.out not updated after migration; process may not be running
[20:22:41] Total downtime: 12857 ms (dump: 916 + transfer: 11472 + restore: 469)
[20:22:42] Metrics saved to /home/ivo/Evaluation-of-Live-Migration-Strategies-at-the-Edge/Game-of-life-migration/metrics/migration_metrics.csv
[exit=0]

$ python3 /home/ivo/Evaluation-of-Live-Migration-Strategies-at-the-Edge/Game-of-life-migration/scripts/setup/reset_nodes.py edge-node-1 edge-node-2
[20:22:42] Resetting nodes: edge-node-1 -> edge-node-2
[20:22:42] Step 1: Killing any existing processes on source...
[20:22:42]   Killing PID 103443 (from /home/ubuntu/app.pid)
[20:22:43]   Killing PID 103443 (from /home/ubuntu/gol.pid)
[20:22:44]   Killing any remaining background processes...
[20:22:45] Step 2: Cleaning source node...
[20:22:46] Step 3: Cleaning destination node...
[20:22:46]   Killing PID 103443 on destination (from /home/ubuntu/app.pid)
[20:22:47]   Killing PID 103443 on destination (from /home/ubuntu/gol.pid)
[20:22:47]   Killing all remaining gol processes on destination...
[20:22:51] ✓ Reset complete, nodes are clean
[20:22:51]   Next: Start your application
[exit=0]

$ bash /home/ivo/Evaluation-of-Live-Migration-Strategies-at-the-Edge/Game-of-life-migration/scripts/workloads/start_gol_c.sh edge-node-1
[20:22:51] Ensuring gol binary on edge-node-1...
[20:22:51] Reusing existing /tmp/gol on edge-node-1
[20:22:51] Starting gol on edge-node-1...
[20:22:51] Grid: 2048x2048 (two uint32 grids, approx 32 MiB heap)
[20:22:51] Output mode: summary
[20:22:51] Pattern: random
[20:22:53] ✓ Gol started
[exit=0]
[repeat] warmup 2s

$ python3 /home/ivo/Evaluation-of-Live-Migration-Strategies-at-the-Edge/Game-of-life-migration/scripts/orchestrators/criu_benchmark.py postcopy --source edge-node-1 --dest edge-node-2 --transfer-mode direct --run-id 11-05-2026-direct-postcopy-0030 --page-server-port 9999 --profile-name 3_LTE
[20:22:55] Starting postcopy migration...
[20:22:55] Source: edge-node-1, Dest: edge-node-2
[20:22:55] Transfer mode: direct

[20:22:55] === POST-COPY (LAZY-PAGES) MIGRATION ===
[20:22:55] Step 1: Checking source process...
[20:22:56]   Using PID from /home/ubuntu/gol.pid: 105239
[20:22:57]   Page-server endpoint: 10.138.215.218:9999
[20:22:57] Step 2: Final dump (freezing service) with --lazy-pages...
[20:22:58]   Dump PID: 105671
[20:22:58]   Dump init time (approx freeze duration): 1076 ms
[20:22:58] Step 3: Page-server ready on source (served by dump process)
[20:22:58] Step 4: Creating archive...
[20:22:59]   Archive size: 25889 bytes
[20:22:59] Step 5: Transferring archive...
[20:22:59]   Setting up direct SSH trust...
Setting up SSH trust: edge-node-1 → ubuntu@10.138.215.137
  Adding public key to destination's authorized_keys...
  Testing SSH connectivity...
  ✓ SSH trust ready
Setting up SSH trust: edge-node-1 → ubuntu@10.138.215.137
  Adding public key to destination's authorized_keys...
  Testing SSH connectivity...
  ✓ SSH trust ready
  Transferring /home/ubuntu/CRIU-gol.tar.gz via SCP...
[20:23:07]   Transfer time: 5395 ms
[20:23:07] Step 6: Unpacking on destination...
[20:23:08] Step 6.8: Ensuring /tmp/gol binary is present on destination...
[20:23:08] Step 7: Starting lazy-pages daemon on destination...
[20:23:08]   Lazy-pages PID: 113836
[20:23:09] Step 8: Restoring process...
[20:23:09]   Restore time: 442 ms
[20:23:09]   Restored PID: 105239 (written to /home/ubuntu/gol.pid)
[20:23:28] Step 9: Verifying migration...
[20:23:34] WARNING: gol.out not updated after migration; process may not be running
[20:23:34] Total downtime: 6913 ms (dump: 1076 + transfer: 5395 + restore: 442)
[20:23:35] Metrics saved to /home/ivo/Evaluation-of-Live-Migration-Strategies-at-the-Edge/Game-of-life-migration/metrics/migration_metrics.csv
[exit=0]

$ python3 /home/ivo/Evaluation-of-Live-Migration-Strategies-at-the-Edge/Game-of-life-migration/scripts/setup/reset_nodes.py edge-node-1 edge-node-2
[20:23:36] Resetting nodes: edge-node-1 -> edge-node-2
[20:23:36] Step 1: Killing any existing processes on source...
[20:23:36]   Killing PID 105239 (from /home/ubuntu/app.pid)
[20:23:37]   Killing PID 105239 (from /home/ubuntu/gol.pid)
[20:23:37]   Killing any remaining background processes...
[20:23:39] Step 2: Cleaning source node...
[20:23:40] Step 3: Cleaning destination node...
[20:23:40]   Killing PID 105239 on destination (from /home/ubuntu/app.pid)
[20:23:41]   Killing PID 105239 on destination (from /home/ubuntu/gol.pid)
[20:23:41]   Killing all remaining gol processes on destination...
[20:23:45] ✓ Reset complete, nodes are clean
[20:23:45]   Next: Start your application
[exit=0]

$ bash /home/ivo/Evaluation-of-Live-Migration-Strategies-at-the-Edge/Game-of-life-migration/scripts/workloads/start_gol_c.sh edge-node-1
[20:23:45] Ensuring gol binary on edge-node-1...
[20:23:45] Reusing existing /tmp/gol on edge-node-1
[20:23:45] Starting gol on edge-node-1...
[20:23:45] Grid: 2048x2048 (two uint32 grids, approx 32 MiB heap)
[20:23:45] Output mode: summary
[20:23:45] Pattern: random
[20:23:46] ✓ Gol started
[exit=0]
[repeat] warmup 2s

$ python3 /home/ivo/Evaluation-of-Live-Migration-Strategies-at-the-Edge/Game-of-life-migration/scripts/orchestrators/criu_benchmark.py postcopy --source edge-node-1 --dest edge-node-2 --transfer-mode direct --run-id 11-05-2026-direct-postcopy-0031 --page-server-port 9999 --profile-name 3_LTE
[20:23:49] Starting postcopy migration...
[20:23:49] Source: edge-node-1, Dest: edge-node-2
[20:23:49] Transfer mode: direct

[20:23:49] === POST-COPY (LAZY-PAGES) MIGRATION ===
[20:23:49] Step 1: Checking source process...
[20:23:49]   Using PID from /home/ubuntu/gol.pid: 107123
[20:23:51]   Page-server endpoint: 10.138.215.218:9999
[20:23:51] Step 2: Final dump (freezing service) with --lazy-pages...
[20:23:51]   Dump PID: 107555
[20:23:52]   Dump init time (approx freeze duration): 1314 ms
[20:23:52] Step 3: Page-server ready on source (served by dump process)
[20:23:52] Step 4: Creating archive...
[20:23:52]   Archive size: 25826 bytes
[20:23:52] Step 5: Transferring archive...
[20:23:52]   Setting up direct SSH trust...
Setting up SSH trust: edge-node-1 → ubuntu@10.138.215.137
  Adding public key to destination's authorized_keys...
  Testing SSH connectivity...
  ✓ SSH trust ready
Setting up SSH trust: edge-node-1 → ubuntu@10.138.215.137
  Adding public key to destination's authorized_keys...
  Testing SSH connectivity...
  ✓ SSH trust ready
  Transferring /home/ubuntu/CRIU-gol.tar.gz via SCP...
[20:24:01]   Transfer time: 5357 ms
[20:24:01] Step 6: Unpacking on destination...
[20:24:01] Step 6.8: Ensuring /tmp/gol binary is present on destination...
[20:24:01] Step 7: Starting lazy-pages daemon on destination...
[20:24:02]   Lazy-pages PID: 116555
[20:24:02] Step 8: Restoring process...
[20:24:02]   Restore time: 474 ms
[20:24:03]   Restored PID: 107123 (written to /home/ubuntu/gol.pid)
[20:24:22] Step 9: Verifying migration...
[20:24:27] WARNING: gol.out not updated after migration; process may not be running
[20:24:27] Total downtime: 7145 ms (dump: 1314 + transfer: 5357 + restore: 474)
[20:24:29] Metrics saved to /home/ivo/Evaluation-of-Live-Migration-Strategies-at-the-Edge/Game-of-life-migration/metrics/migration_metrics.csv
[exit=0]

$ python3 /home/ivo/Evaluation-of-Live-Migration-Strategies-at-the-Edge/Game-of-life-migration/scripts/setup/reset_nodes.py edge-node-1 edge-node-2
[20:24:29] Resetting nodes: edge-node-1 -> edge-node-2
[20:24:29] Step 1: Killing any existing processes on source...
[20:24:29]   Killing PID 107123 (from /home/ubuntu/app.pid)
[20:24:30]   Killing PID 107123 (from /home/ubuntu/gol.pid)
[20:24:31]   Killing any remaining background processes...
[20:24:32] Step 2: Cleaning source node...
[20:24:33] Step 3: Cleaning destination node...
[20:24:34]   Killing PID 107123 on destination (from /home/ubuntu/app.pid)
[20:24:34]   Killing PID 107123 on destination (from /home/ubuntu/gol.pid)
[20:24:35]   Killing all remaining gol processes on destination...
[20:24:38] ✓ Reset complete, nodes are clean
[20:24:38]   Next: Start your application
[exit=0]

$ bash /home/ivo/Evaluation-of-Live-Migration-Strategies-at-the-Edge/Game-of-life-migration/scripts/workloads/start_gol_c.sh edge-node-1
[20:24:38] Ensuring gol binary on edge-node-1...
[20:24:39] Reusing existing /tmp/gol on edge-node-1
[20:24:39] Starting gol on edge-node-1...
[20:24:39] Grid: 2048x2048 (two uint32 grids, approx 32 MiB heap)
[20:24:39] Output mode: summary
[20:24:39] Pattern: random
[20:24:40] ✓ Gol started
[exit=0]
[repeat] warmup 2s

$ python3 /home/ivo/Evaluation-of-Live-Migration-Strategies-at-the-Edge/Game-of-life-migration/scripts/orchestrators/criu_benchmark.py postcopy --source edge-node-1 --dest edge-node-2 --transfer-mode direct --run-id 11-05-2026-direct-postcopy-0032 --page-server-port 9999 --profile-name 3_LTE
[20:24:42] Starting postcopy migration...
[20:24:42] Source: edge-node-1, Dest: edge-node-2
[20:24:42] Transfer mode: direct

[20:24:42] === POST-COPY (LAZY-PAGES) MIGRATION ===
[20:24:42] Step 1: Checking source process...
[20:24:43]   Using PID from /home/ubuntu/gol.pid: 109012
[20:24:44]   Page-server endpoint: 10.138.215.218:9999
[20:24:44] Step 2: Final dump (freezing service) with --lazy-pages...
[20:24:45]   Dump PID: 109453
[20:24:45]   Dump init time (approx freeze duration): 990 ms
[20:24:45] Step 3: Page-server ready on source (served by dump process)
[20:24:45] Step 4: Creating archive...
[20:24:46]   Archive size: 25836 bytes
[20:24:46] Step 5: Transferring archive...
[20:24:46]   Setting up direct SSH trust...
Setting up SSH trust: edge-node-1 → ubuntu@10.138.215.137
  Adding public key to destination's authorized_keys...
  Testing SSH connectivity...
  ✓ SSH trust ready
Setting up SSH trust: edge-node-1 → ubuntu@10.138.215.137
  Adding public key to destination's authorized_keys...
  Testing SSH connectivity...
  ✓ SSH trust ready
  Transferring /home/ubuntu/CRIU-gol.tar.gz via SCP...
[20:24:54]   Transfer time: 5629 ms
[20:24:54] Step 6: Unpacking on destination...
[20:24:55] Step 6.8: Ensuring /tmp/gol binary is present on destination...
[20:24:55] Step 7: Starting lazy-pages daemon on destination...
[20:24:56]   Lazy-pages PID: 119280
[20:24:56] Step 8: Restoring process...
[20:24:56]   Restore time: 488 ms
[20:24:57]   Restored PID: 109012 (written to /home/ubuntu/gol.pid)
[20:25:16] Step 9: Verifying migration...
[20:25:21] WARNING: gol.out not updated after migration; process may not be running
[20:25:21] Total downtime: 7107 ms (dump: 990 + transfer: 5629 + restore: 488)
[20:25:22] Metrics saved to /home/ivo/Evaluation-of-Live-Migration-Strategies-at-the-Edge/Game-of-life-migration/metrics/migration_metrics.csv
[exit=0]

$ python3 /home/ivo/Evaluation-of-Live-Migration-Strategies-at-the-Edge/Game-of-life-migration/scripts/setup/reset_nodes.py edge-node-1 edge-node-2
[20:25:23] Resetting nodes: edge-node-1 -> edge-node-2
[20:25:23] Step 1: Killing any existing processes on source...
[20:25:23]   Killing PID 109012 (from /home/ubuntu/app.pid)
[20:25:24]   Killing PID 109012 (from /home/ubuntu/gol.pid)
[20:25:24]   Killing any remaining background processes...
[20:25:26] Step 2: Cleaning source node...
[20:25:27] Step 3: Cleaning destination node...
[20:25:27]   Killing PID 109012 on destination (from /home/ubuntu/app.pid)
[20:25:28]   Killing PID 109012 on destination (from /home/ubuntu/gol.pid)
[20:25:28]   Killing all remaining gol processes on destination...
[20:25:32] ✓ Reset complete, nodes are clean
[20:25:32]   Next: Start your application
[exit=0]

$ bash /home/ivo/Evaluation-of-Live-Migration-Strategies-at-the-Edge/Game-of-life-migration/scripts/workloads/start_gol_c.sh edge-node-1
[20:25:32] Ensuring gol binary on edge-node-1...
[20:25:32] Reusing existing /tmp/gol on edge-node-1
[20:25:32] Starting gol on edge-node-1...
[20:25:32] Grid: 2048x2048 (two uint32 grids, approx 32 MiB heap)
[20:25:32] Output mode: summary
[20:25:32] Pattern: random
[20:25:33] ✓ Gol started
[exit=0]
[repeat] warmup 2s

$ python3 /home/ivo/Evaluation-of-Live-Migration-Strategies-at-the-Edge/Game-of-life-migration/scripts/orchestrators/criu_benchmark.py postcopy --source edge-node-1 --dest edge-node-2 --transfer-mode direct --run-id 11-05-2026-direct-postcopy-0033 --page-server-port 9999 --profile-name 3_LTE
[20:25:36] Starting postcopy migration...
[20:25:36] Source: edge-node-1, Dest: edge-node-2
[20:25:36] Transfer mode: direct

[20:25:36] === POST-COPY (LAZY-PAGES) MIGRATION ===
[20:25:36] Step 1: Checking source process...
[20:25:37]   Using PID from /home/ubuntu/gol.pid: 110905
[20:25:38]   Page-server endpoint: 10.138.215.218:9999
[20:25:38] Step 2: Final dump (freezing service) with --lazy-pages...
[20:25:38]   Dump PID: 111347
[20:25:39]   Dump init time (approx freeze duration): 981 ms
[20:25:39] Step 3: Page-server ready on source (served by dump process)
[20:25:39] Step 4: Creating archive...
[20:25:40]   Archive size: 25938 bytes
[20:25:40] Step 5: Transferring archive...
[20:25:40]   Setting up direct SSH trust...
Setting up SSH trust: edge-node-1 → ubuntu@10.138.215.137
  Adding public key to destination's authorized_keys...
  Testing SSH connectivity...
  ✓ SSH trust ready
Setting up SSH trust: edge-node-1 → ubuntu@10.138.215.137
  Adding public key to destination's authorized_keys...
  Testing SSH connectivity...
  ✓ SSH trust ready
  Transferring /home/ubuntu/CRIU-gol.tar.gz via SCP...
[20:25:48]   Transfer time: 5230 ms
[20:25:48] Step 6: Unpacking on destination...
[20:25:48] Step 6.8: Ensuring /tmp/gol binary is present on destination...
[20:25:49] Step 7: Starting lazy-pages daemon on destination...
[20:25:49]   Lazy-pages PID: 122005
[20:25:49] Step 8: Restoring process...
[20:25:50]   Restore time: 482 ms
[20:25:50]   Restored PID: 110905 (written to /home/ubuntu/gol.pid)
[20:26:09] Step 9: Verifying migration...
[20:26:15] WARNING: gol.out not updated after migration; process may not be running
[20:26:15] Total downtime: 6693 ms (dump: 981 + transfer: 5230 + restore: 482)
[20:26:16] Metrics saved to /home/ivo/Evaluation-of-Live-Migration-Strategies-at-the-Edge/Game-of-life-migration/metrics/migration_metrics.csv
[exit=0]

$ python3 /home/ivo/Evaluation-of-Live-Migration-Strategies-at-the-Edge/Game-of-life-migration/scripts/setup/reset_nodes.py edge-node-1 edge-node-2
[20:26:17] Resetting nodes: edge-node-1 -> edge-node-2
[20:26:17] Step 1: Killing any existing processes on source...
[20:26:17]   Killing PID 110905 (from /home/ubuntu/app.pid)
[20:26:18]   Killing PID 110905 (from /home/ubuntu/gol.pid)
[20:26:18]   Killing any remaining background processes...
[20:26:19] Step 2: Cleaning source node...
[20:26:21] Step 3: Cleaning destination node...
[20:26:21]   Killing PID 110905 on destination (from /home/ubuntu/app.pid)
[20:26:22]   Killing PID 110905 on destination (from /home/ubuntu/gol.pid)
[20:26:22]   Killing all remaining gol processes on destination...
[20:26:25] ✓ Reset complete, nodes are clean
[20:26:25]   Next: Start your application
[exit=0]

$ bash /home/ivo/Evaluation-of-Live-Migration-Strategies-at-the-Edge/Game-of-life-migration/scripts/workloads/start_gol_c.sh edge-node-1
[20:26:25] Ensuring gol binary on edge-node-1...
[20:26:26] Reusing existing /tmp/gol on edge-node-1
[20:26:26] Starting gol on edge-node-1...
[20:26:26] Grid: 2048x2048 (two uint32 grids, approx 32 MiB heap)
[20:26:26] Output mode: summary
[20:26:26] Pattern: random
[20:26:27] ✓ Gol started
[exit=0]
[repeat] warmup 2s

$ python3 /home/ivo/Evaluation-of-Live-Migration-Strategies-at-the-Edge/Game-of-life-migration/scripts/orchestrators/criu_benchmark.py postcopy --source edge-node-1 --dest edge-node-2 --transfer-mode direct --run-id 11-05-2026-direct-postcopy-0034 --page-server-port 9999 --profile-name 3_LTE
[20:26:29] Starting postcopy migration...
[20:26:29] Source: edge-node-1, Dest: edge-node-2
[20:26:29] Transfer mode: direct

[20:26:29] === POST-COPY (LAZY-PAGES) MIGRATION ===
[20:26:29] Step 1: Checking source process...
[20:26:30]   Using PID from /home/ubuntu/gol.pid: 112804
[20:26:31]   Page-server endpoint: 10.138.215.218:9999
[20:26:31] Step 2: Final dump (freezing service) with --lazy-pages...
[20:26:32]   Dump PID: 113236
[20:26:32]   Dump init time (approx freeze duration): 945 ms
[20:26:32] Step 3: Page-server ready on source (served by dump process)
[20:26:32] Step 4: Creating archive...
[20:26:33]   Archive size: 25849 bytes
[20:26:33] Step 5: Transferring archive...
[20:26:33]   Setting up direct SSH trust...
Setting up SSH trust: edge-node-1 → ubuntu@10.138.215.137
  Adding public key to destination's authorized_keys...
  Testing SSH connectivity...
  ✓ SSH trust ready
Setting up SSH trust: edge-node-1 → ubuntu@10.138.215.137
  Adding public key to destination's authorized_keys...
  Testing SSH connectivity...
  ✓ SSH trust ready
  Transferring /home/ubuntu/CRIU-gol.tar.gz via SCP...
[20:26:41]   Transfer time: 5655 ms
[20:26:41] Step 6: Unpacking on destination...
[20:26:42] Step 6.8: Ensuring /tmp/gol binary is present on destination...
[20:26:42] Step 7: Starting lazy-pages daemon on destination...
[20:26:42]   Lazy-pages PID: 124733
[20:26:43] Step 8: Restoring process...
[20:26:43]   Restore time: 552 ms
[20:26:44]   Restored PID: 112804 (written to /home/ubuntu/gol.pid)
[20:27:03] Step 9: Verifying migration...
[20:27:08] WARNING: gol.out not updated after migration; process may not be running
[20:27:08] Total downtime: 7152 ms (dump: 945 + transfer: 5655 + restore: 552)
[20:27:09] Metrics saved to /home/ivo/Evaluation-of-Live-Migration-Strategies-at-the-Edge/Game-of-life-migration/metrics/migration_metrics.csv
[exit=0]

$ python3 /home/ivo/Evaluation-of-Live-Migration-Strategies-at-the-Edge/Game-of-life-migration/scripts/setup/reset_nodes.py edge-node-1 edge-node-2
[20:27:10] Resetting nodes: edge-node-1 -> edge-node-2
[20:27:10] Step 1: Killing any existing processes on source...
[20:27:10]   Killing PID 112804 (from /home/ubuntu/app.pid)
[20:27:11]   Killing PID 112804 (from /home/ubuntu/gol.pid)
[20:27:11]   Killing any remaining background processes...
[20:27:13] Step 2: Cleaning source node...
[20:27:14] Step 3: Cleaning destination node...
[20:27:14]   Killing PID 112804 on destination (from /home/ubuntu/app.pid)
[20:27:15]   Killing PID 112804 on destination (from /home/ubuntu/gol.pid)
[20:27:15]   Killing all remaining gol processes on destination...
[20:27:19] ✓ Reset complete, nodes are clean
[20:27:19]   Next: Start your application
[exit=0]

$ bash /home/ivo/Evaluation-of-Live-Migration-Strategies-at-the-Edge/Game-of-life-migration/scripts/workloads/start_gol_c.sh edge-node-1
[20:27:19] Ensuring gol binary on edge-node-1...
[20:27:19] Reusing existing /tmp/gol on edge-node-1
[20:27:19] Starting gol on edge-node-1...
[20:27:19] Grid: 2048x2048 (two uint32 grids, approx 32 MiB heap)
[20:27:19] Output mode: summary
[20:27:19] Pattern: random
[20:27:21] ✓ Gol started
[exit=0]
[repeat] warmup 2s

$ python3 /home/ivo/Evaluation-of-Live-Migration-Strategies-at-the-Edge/Game-of-life-migration/scripts/orchestrators/criu_benchmark.py postcopy --source edge-node-1 --dest edge-node-2 --transfer-mode direct --run-id 11-05-2026-direct-postcopy-0035 --page-server-port 9999 --profile-name 3_LTE
[20:27:23] Starting postcopy migration...
[20:27:23] Source: edge-node-1, Dest: edge-node-2
[20:27:23] Transfer mode: direct

[20:27:23] === POST-COPY (LAZY-PAGES) MIGRATION ===
[20:27:23] Step 1: Checking source process...
[20:27:24]   Using PID from /home/ubuntu/gol.pid: 114694
[20:27:25]   Page-server endpoint: 10.138.215.218:9999
[20:27:25] Step 2: Final dump (freezing service) with --lazy-pages...
[20:27:26]   Dump PID: 115134
[20:27:26]   Dump init time (approx freeze duration): 1072 ms
[20:27:26] Step 3: Page-server ready on source (served by dump process)
[20:27:26] Step 4: Creating archive...
[20:27:27]   Archive size: 25830 bytes
[20:27:27] Step 5: Transferring archive...
[20:27:27]   Setting up direct SSH trust...
Setting up SSH trust: edge-node-1 → ubuntu@10.138.215.137
  Adding public key to destination's authorized_keys...
  Testing SSH connectivity...
  ✓ SSH trust ready
Setting up SSH trust: edge-node-1 → ubuntu@10.138.215.137
  Adding public key to destination's authorized_keys...
  Testing SSH connectivity...
  ✓ SSH trust ready
  Transferring /home/ubuntu/CRIU-gol.tar.gz via SCP...
[20:27:35]   Transfer time: 5379 ms
[20:27:35] Step 6: Unpacking on destination...
[20:27:36] Step 6.8: Ensuring /tmp/gol binary is present on destination...
[20:27:36] Step 7: Starting lazy-pages daemon on destination...
[20:27:36]   Lazy-pages PID: 127445
[20:27:37] Step 8: Restoring process...
[20:27:38]   Restore time: 468 ms
[20:27:38]   Restored PID: 114694 (written to /home/ubuntu/gol.pid)
[20:27:57] Step 9: Verifying migration...
[20:28:03] WARNING: gol.out not updated after migration; process may not be running
[20:28:03] Total downtime: 6919 ms (dump: 1072 + transfer: 5379 + restore: 468)
[20:28:04] Metrics saved to /home/ivo/Evaluation-of-Live-Migration-Strategies-at-the-Edge/Game-of-life-migration/metrics/migration_metrics.csv
[exit=0]

$ python3 /home/ivo/Evaluation-of-Live-Migration-Strategies-at-the-Edge/Game-of-life-migration/scripts/setup/reset_nodes.py edge-node-1 edge-node-2
[20:28:04] Resetting nodes: edge-node-1 -> edge-node-2
[20:28:04] Step 1: Killing any existing processes on source...
[20:28:04]   Killing PID 114694 (from /home/ubuntu/app.pid)
[20:28:05]   Killing PID 114694 (from /home/ubuntu/gol.pid)
[20:28:06]   Killing any remaining background processes...
[20:28:07] Step 2: Cleaning source node...
[20:28:08] Step 3: Cleaning destination node...
[20:28:08]   Killing PID 114694 on destination (from /home/ubuntu/app.pid)
[20:28:09]   Killing PID 114694 on destination (from /home/ubuntu/gol.pid)
[20:28:10]   Killing all remaining gol processes on destination...
[20:28:13] ✓ Reset complete, nodes are clean
[20:28:13]   Next: Start your application
[exit=0]

$ bash /home/ivo/Evaluation-of-Live-Migration-Strategies-at-the-Edge/Game-of-life-migration/scripts/workloads/start_gol_c.sh edge-node-1
[20:28:13] Ensuring gol binary on edge-node-1...
[20:28:13] Reusing existing /tmp/gol on edge-node-1
[20:28:13] Starting gol on edge-node-1...
[20:28:13] Grid: 2048x2048 (two uint32 grids, approx 32 MiB heap)
[20:28:13] Output mode: summary
[20:28:13] Pattern: random
[20:28:14] ✓ Gol started
[exit=0]
[repeat] warmup 2s

$ python3 /home/ivo/Evaluation-of-Live-Migration-Strategies-at-the-Edge/Game-of-life-migration/scripts/orchestrators/criu_benchmark.py postcopy --source edge-node-1 --dest edge-node-2 --transfer-mode direct --run-id 11-05-2026-direct-postcopy-0036 --page-server-port 9999 --profile-name 3_LTE
[20:28:17] Starting postcopy migration...
[20:28:17] Source: edge-node-1, Dest: edge-node-2
[20:28:17] Transfer mode: direct

[20:28:17] === POST-COPY (LAZY-PAGES) MIGRATION ===
[20:28:17] Step 1: Checking source process...
[20:28:17]   Using PID from /home/ubuntu/gol.pid: 116575
[20:28:19]   Page-server endpoint: 10.138.215.218:9999
[20:28:19] Step 2: Final dump (freezing service) with --lazy-pages...
[20:28:19]   Dump PID: 117016
[20:28:20]   Dump init time (approx freeze duration): 1331 ms
[20:28:20] Step 3: Page-server ready on source (served by dump process)
[20:28:20] Step 4: Creating archive...
[20:28:21]   Archive size: 25873 bytes
[20:28:21] Step 5: Transferring archive...
[20:28:21]   Setting up direct SSH trust...
Setting up SSH trust: edge-node-1 → ubuntu@10.138.215.137
  Adding public key to destination's authorized_keys...
  Testing SSH connectivity...
  ✓ SSH trust ready
Setting up SSH trust: edge-node-1 → ubuntu@10.138.215.137
  Adding public key to destination's authorized_keys...
  Testing SSH connectivity...
  ✓ SSH trust ready
  Transferring /home/ubuntu/CRIU-gol.tar.gz via SCP...
[20:28:29]   Transfer time: 5192 ms
[20:28:29] Step 6: Unpacking on destination...
[20:28:29] Step 6.8: Ensuring /tmp/gol binary is present on destination...
[20:28:30] Step 7: Starting lazy-pages daemon on destination...
[20:28:30]   Lazy-pages PID: 130164
[20:28:30] Step 8: Restoring process...
[20:28:31]   Restore time: 495 ms
[20:28:31]   Restored PID: 116575 (written to /home/ubuntu/gol.pid)
[20:28:51] Step 9: Verifying migration...
[20:28:56] WARNING: gol.out not updated after migration; process may not be running
[20:28:56] Total downtime: 7018 ms (dump: 1331 + transfer: 5192 + restore: 495)
[20:28:57] Metrics saved to /home/ivo/Evaluation-of-Live-Migration-Strategies-at-the-Edge/Game-of-life-migration/metrics/migration_metrics.csv
[exit=0]

$ python3 /home/ivo/Evaluation-of-Live-Migration-Strategies-at-the-Edge/Game-of-life-migration/scripts/setup/reset_nodes.py edge-node-1 edge-node-2
[20:28:58] Resetting nodes: edge-node-1 -> edge-node-2
[20:28:58] Step 1: Killing any existing processes on source...
[20:28:58]   Killing PID 116575 (from /home/ubuntu/app.pid)
[20:28:59]   Killing PID 116575 (from /home/ubuntu/gol.pid)
[20:28:59]   Killing any remaining background processes...
[20:29:00] Step 2: Cleaning source node...
[20:29:02] Step 3: Cleaning destination node...
[20:29:02]   Killing PID 116575 on destination (from /home/ubuntu/app.pid)
[20:29:03]   Killing PID 116575 on destination (from /home/ubuntu/gol.pid)
[20:29:03]   Killing all remaining gol processes on destination...
[20:29:06] ✓ Reset complete, nodes are clean
[20:29:06]   Next: Start your application
[exit=0]

$ bash /home/ivo/Evaluation-of-Live-Migration-Strategies-at-the-Edge/Game-of-life-migration/scripts/workloads/start_gol_c.sh edge-node-1
[20:29:06] Ensuring gol binary on edge-node-1...
[20:29:07] Reusing existing /tmp/gol on edge-node-1
[20:29:07] Starting gol on edge-node-1...
[20:29:07] Grid: 2048x2048 (two uint32 grids, approx 32 MiB heap)
[20:29:07] Output mode: summary
[20:29:07] Pattern: random
[20:29:08] ✓ Gol started
[exit=0]
[repeat] warmup 2s

$ python3 /home/ivo/Evaluation-of-Live-Migration-Strategies-at-the-Edge/Game-of-life-migration/scripts/orchestrators/criu_benchmark.py postcopy --source edge-node-1 --dest edge-node-2 --transfer-mode direct --run-id 11-05-2026-direct-postcopy-0037 --page-server-port 9999 --profile-name 3_LTE
[20:29:10] Starting postcopy migration...
[20:29:10] Source: edge-node-1, Dest: edge-node-2
[20:29:10] Transfer mode: direct

[20:29:10] === POST-COPY (LAZY-PAGES) MIGRATION ===
[20:29:10] Step 1: Checking source process...
[20:29:11]   Using PID from /home/ubuntu/gol.pid: 118465
[20:29:12]   Page-server endpoint: 10.138.215.218:9999
[20:29:12] Step 2: Final dump (freezing service) with --lazy-pages...
[20:29:13]   Dump PID: 118905
[20:29:14]   Dump init time (approx freeze duration): 1021 ms
[20:29:14] Step 3: Page-server ready on source (served by dump process)
[20:29:14] Step 4: Creating archive...
[20:29:14]   Archive size: 26226 bytes
[20:29:14] Step 5: Transferring archive...
[20:29:14]   Setting up direct SSH trust...
Setting up SSH trust: edge-node-1 → ubuntu@10.138.215.137
  Adding public key to destination's authorized_keys...
  Testing SSH connectivity...
  ✓ SSH trust ready
Setting up SSH trust: edge-node-1 → ubuntu@10.138.215.137
  Adding public key to destination's authorized_keys...
  Testing SSH connectivity...
  ✓ SSH trust ready
  Transferring /home/ubuntu/CRIU-gol.tar.gz via SCP...
[20:29:23]   Transfer time: 5931 ms
[20:29:23] Step 6: Unpacking on destination...
[20:29:24] Step 6.8: Ensuring /tmp/gol binary is present on destination...
[20:29:24] Step 7: Starting lazy-pages daemon on destination...
[20:29:24]   Lazy-pages PID: 132885
[20:29:25] Step 8: Restoring process...
[20:29:25]   Restore time: 485 ms
[20:29:25]   Restored PID: 118465 (written to /home/ubuntu/gol.pid)
[20:29:45] Step 9: Verifying migration...
[20:29:50] WARNING: gol.out not updated after migration; process may not be running
[20:29:50] Total downtime: 7437 ms (dump: 1021 + transfer: 5931 + restore: 485)
[20:29:51] Metrics saved to /home/ivo/Evaluation-of-Live-Migration-Strategies-at-the-Edge/Game-of-life-migration/metrics/migration_metrics.csv
[exit=0]

$ python3 /home/ivo/Evaluation-of-Live-Migration-Strategies-at-the-Edge/Game-of-life-migration/scripts/setup/reset_nodes.py edge-node-1 edge-node-2
[20:29:52] Resetting nodes: edge-node-1 -> edge-node-2
[20:29:52] Step 1: Killing any existing processes on source...
[20:29:52]   Killing PID 118465 (from /home/ubuntu/app.pid)
[20:29:53]   Killing PID 118465 (from /home/ubuntu/gol.pid)
[20:29:54]   Killing any remaining background processes...
[20:29:55] Step 2: Cleaning source node...
[20:29:56] Step 3: Cleaning destination node...
[20:29:56]   Killing PID 118465 on destination (from /home/ubuntu/app.pid)
[20:29:57]   Killing PID 118465 on destination (from /home/ubuntu/gol.pid)
[20:29:57]   Killing all remaining gol processes on destination...
[20:30:01] ✓ Reset complete, nodes are clean
[20:30:01]   Next: Start your application
[exit=0]

$ bash /home/ivo/Evaluation-of-Live-Migration-Strategies-at-the-Edge/Game-of-life-migration/scripts/workloads/start_gol_c.sh edge-node-1
[20:30:01] Ensuring gol binary on edge-node-1...
[20:30:01] Reusing existing /tmp/gol on edge-node-1
[20:30:01] Starting gol on edge-node-1...
[20:30:01] Grid: 2048x2048 (two uint32 grids, approx 32 MiB heap)
[20:30:01] Output mode: summary
[20:30:01] Pattern: random
[20:30:02] ✓ Gol started
[exit=0]
[repeat] warmup 2s

$ python3 /home/ivo/Evaluation-of-Live-Migration-Strategies-at-the-Edge/Game-of-life-migration/scripts/orchestrators/criu_benchmark.py postcopy --source edge-node-1 --dest edge-node-2 --transfer-mode direct --run-id 11-05-2026-direct-postcopy-0038 --page-server-port 9999 --profile-name 3_LTE
[20:30:05] Starting postcopy migration...
[20:30:05] Source: edge-node-1, Dest: edge-node-2
[20:30:05] Transfer mode: direct

[20:30:05] === POST-COPY (LAZY-PAGES) MIGRATION ===
[20:30:05] Step 1: Checking source process...
[20:30:05]   Using PID from /home/ubuntu/gol.pid: 120364
[20:30:07]   Page-server endpoint: 10.138.215.218:9999
[20:30:07] Step 2: Final dump (freezing service) with --lazy-pages...
[20:30:07]   Dump PID: 120796
[20:30:08]   Dump init time (approx freeze duration): 1044 ms
[20:30:08] Step 3: Page-server ready on source (served by dump process)
[20:30:08] Step 4: Creating archive...
[20:30:08]   Archive size: 25993 bytes
[20:30:08] Step 5: Transferring archive...
[20:30:08]   Setting up direct SSH trust...
Setting up SSH trust: edge-node-1 → ubuntu@10.138.215.137
  Adding public key to destination's authorized_keys...
  Testing SSH connectivity...
  ✓ SSH trust ready
Setting up SSH trust: edge-node-1 → ubuntu@10.138.215.137
  Adding public key to destination's authorized_keys...
  Testing SSH connectivity...
  ✓ SSH trust ready
  Transferring /home/ubuntu/CRIU-gol.tar.gz via SCP...
[20:30:17]   Transfer time: 5654 ms
[20:30:17] Step 6: Unpacking on destination...
[20:30:17] Step 6.8: Ensuring /tmp/gol binary is present on destination...
[20:30:18] Step 7: Starting lazy-pages daemon on destination...
[20:30:18]   Lazy-pages PID: 135617
[20:30:18] Step 8: Restoring process...
[20:30:19]   Restore time: 477 ms
[20:30:19]   Restored PID: 120364 (written to /home/ubuntu/gol.pid)
[20:30:38] Step 9: Verifying migration...
[20:30:45] WARNING: gol.out not updated after migration; process may not be running
[20:30:45] Total downtime: 7175 ms (dump: 1044 + transfer: 5654 + restore: 477)
[20:30:46] Metrics saved to /home/ivo/Evaluation-of-Live-Migration-Strategies-at-the-Edge/Game-of-life-migration/metrics/migration_metrics.csv
[exit=0]

$ python3 /home/ivo/Evaluation-of-Live-Migration-Strategies-at-the-Edge/Game-of-life-migration/scripts/setup/reset_nodes.py edge-node-1 edge-node-2
[20:30:46] Resetting nodes: edge-node-1 -> edge-node-2
[20:30:46] Step 1: Killing any existing processes on source...
[20:30:47]   Killing PID 120364 (from /home/ubuntu/app.pid)
[20:30:47]   Killing PID 120364 (from /home/ubuntu/gol.pid)
[20:30:48]   Killing any remaining background processes...
[20:30:49] Step 2: Cleaning source node...
[20:30:50] Step 3: Cleaning destination node...
[20:30:51]   Killing PID 120364 on destination (from /home/ubuntu/app.pid)
[20:30:51]   Killing PID 120364 on destination (from /home/ubuntu/gol.pid)
[20:30:52]   Killing all remaining gol processes on destination...
[20:30:55] ✓ Reset complete, nodes are clean
[20:30:55]   Next: Start your application
[exit=0]

$ bash /home/ivo/Evaluation-of-Live-Migration-Strategies-at-the-Edge/Game-of-life-migration/scripts/workloads/start_gol_c.sh edge-node-1
[20:30:55] Ensuring gol binary on edge-node-1...
[20:30:56] Reusing existing /tmp/gol on edge-node-1
[20:30:56] Starting gol on edge-node-1...
[20:30:56] Grid: 2048x2048 (two uint32 grids, approx 32 MiB heap)
[20:30:56] Output mode: summary
[20:30:56] Pattern: random
[20:30:57] ✓ Gol started
[exit=0]
[repeat] warmup 2s

$ python3 /home/ivo/Evaluation-of-Live-Migration-Strategies-at-the-Edge/Game-of-life-migration/scripts/orchestrators/criu_benchmark.py postcopy --source edge-node-1 --dest edge-node-2 --transfer-mode direct --run-id 11-05-2026-direct-postcopy-0039 --page-server-port 9999 --profile-name 3_LTE
[20:30:59] Starting postcopy migration...
[20:30:59] Source: edge-node-1, Dest: edge-node-2
[20:30:59] Transfer mode: direct

[20:30:59] === POST-COPY (LAZY-PAGES) MIGRATION ===
[20:30:59] Step 1: Checking source process...
[20:31:00]   Using PID from /home/ubuntu/gol.pid: 122551
[20:31:01]   Page-server endpoint: 10.138.215.218:9999
[20:31:01] Step 2: Final dump (freezing service) with --lazy-pages...
[20:31:02]   Dump PID: 122991
[20:31:02]   Dump init time (approx freeze duration): 927 ms
[20:31:02] Step 3: Page-server ready on source (served by dump process)
[20:31:02] Step 4: Creating archive...
[20:31:03]   Archive size: 26159 bytes
[20:31:03] Step 5: Transferring archive...
[20:31:03]   Setting up direct SSH trust...
Setting up SSH trust: edge-node-1 → ubuntu@10.138.215.137
  Adding public key to destination's authorized_keys...
  Testing SSH connectivity...
  ✓ SSH trust ready
Setting up SSH trust: edge-node-1 → ubuntu@10.138.215.137
  Adding public key to destination's authorized_keys...
  Testing SSH connectivity...
  ✓ SSH trust ready
  Transferring /home/ubuntu/CRIU-gol.tar.gz via SCP...
[20:31:11]   Transfer time: 5407 ms
[20:31:11] Step 6: Unpacking on destination...
[20:31:12] Step 6.8: Ensuring /tmp/gol binary is present on destination...
[20:31:12] Step 7: Starting lazy-pages daemon on destination...
[20:31:12]   Lazy-pages PID: 138635
[20:31:13] Step 8: Restoring process...
[20:31:13]   Restore time: 478 ms
[20:31:13]   Restored PID: 122551 (written to /home/ubuntu/gol.pid)
[20:31:33] Step 9: Verifying migration...
[20:31:38] WARNING: gol.out not updated after migration; process may not be running
[20:31:38] Total downtime: 6812 ms (dump: 927 + transfer: 5407 + restore: 478)
[20:31:39] Metrics saved to /home/ivo/Evaluation-of-Live-Migration-Strategies-at-the-Edge/Game-of-life-migration/metrics/migration_metrics.csv
[exit=0]
[repeat] run_ids_file=/home/ivo/Evaluation-of-Live-Migration-Strategies-at-the-Edge/Game-of-life-migration/metrics/run_logs/11-05-2026-gol-cold-precopy-postcopy-h10-d10-i3-relay-edge-host-1-snap-noplots-193150.run_ids.txt
