=== repeat_benchmarks.py 2026-04-30T19:33:18.737167 ===
base_run_id=30-04-2026-gol-cold-precopy-postcopy-h10-d10-i3-relay-edge-host-1-snap-noplots-193318
strategies=cold,precopy,postcopy workload=gol source=edge-node-1 dest=edge-node-2 host_runs=10 direct_runs=10 iterations=3 relay_node=edge-host-1 profile_name=1_WiFi_6 snapshot_node_metrics=True no_plots=True

$ python3 /home/ivo/Evaluation-of-Live-Migration-Strategies-at-the-Edge/Game-of-life-migration/scripts/setup/reset_nodes.py edge-node-1 edge-node-2
[19:33:18] Resetting nodes: edge-node-1 -> edge-node-2
[19:33:18] Step 1: Killing any existing processes on source...
[19:33:19]   Killing PID 97743 (from /home/ubuntu/app.pid)
[19:33:20]   Killing PID 97743 (from /home/ubuntu/gol.pid)
[19:33:20]   Killing any remaining background processes...
[19:33:22] Step 2: Cleaning source node...
[19:33:23] Step 3: Cleaning destination node...
[19:33:24]   Killing PID 97743 on destination (from /home/ubuntu/app.pid)
[19:33:24]   Killing PID 97743 on destination (from /home/ubuntu/gol.pid)
[19:33:25]   Killing all remaining gol processes on destination...
[19:33:28] ✓ Reset complete, nodes are clean
[19:33:28]   Next: Start your application
[exit=0]

$ bash /home/ivo/Evaluation-of-Live-Migration-Strategies-at-the-Edge/Game-of-life-migration/scripts/workloads/start_gol_c.sh edge-node-1
[19:33:28] Ensuring gol binary on edge-node-1...
[19:33:28] Transferring gol.c to edge-node-1...
[19:33:29] Compiling gol.c on edge-node-1...
[19:33:29] Starting gol on edge-node-1...
[19:33:31] ✓ Gol started
[exit=0]
[repeat] warmup 2s

$ python3 /home/ivo/Evaluation-of-Live-Migration-Strategies-at-the-Edge/Game-of-life-migration/scripts/orchestrators/criu_benchmark.py cold --source edge-node-1 --dest edge-node-2 --transfer-mode host --run-id 30-04-2026-host-cold-0062 --relay-node edge-host-1 --profile-name 1_WiFi_6
[19:33:33] Starting cold migration...
[19:33:33] Source: edge-node-1, Dest: edge-node-2
[19:33:33] Transfer mode: host
[19:33:33] Relay node: edge-host-1

[19:33:33] === COLD MIGRATION ===
[19:33:33] Step 1: Checking source process...
[19:33:34]   Using PID from /home/ubuntu/gol.pid: 2734
[19:33:34]   Architecture: x86_64 (compatible)
[19:33:34] Step 2: Dumping process with CRIU...
[19:33:35]   Checkpoint time: 406 ms
[19:33:35] Step 3: Creating archive...
[19:33:35]   Archive size: 26106 bytes
[19:33:35] Step 4: Transferring archive...
  Transferring /home/ubuntu/CRIU-gol.tar.gz via relay node edge-host-1...
Setting up SSH trust: edge-node-1 → ubuntu@10.138.215.36
  Adding public key to destination's authorized_keys...
  Testing SSH connectivity...
  ✓ SSH trust ready
Setting up SSH trust: edge-host-1 → ubuntu@10.138.215.137
  Adding public key to destination's authorized_keys...
  Testing SSH connectivity...
  ✓ SSH trust ready
[19:33:42]   Transfer time: 7260 ms
[19:33:42] Step 5: Unpacking on destination...
[19:33:43] Step 6: Preparing restore environment...
[19:33:43] Step 6.5: Ensuring /tmp/gol binary is present on destination...
[19:33:44]   /tmp/gol missing on destination, copying from source...
[19:33:44] Step 7: Restoring process...
[19:33:45]   Restore time: 408 ms
[19:33:45]   Restored PID: 2734 (written to /home/ubuntu/gol.pid)
[19:33:45] Step 8: Verifying migration...
[19:33:50] ✓ gol.out updated after migration (mtime 1777570428 → 1777570430), simulation running!
[19:33:50] Total downtime: 8074 ms
[19:33:50] Effective bandwidth: 0.03 Mbps
[19:33:50] Metrics saved to /home/ivo/Evaluation-of-Live-Migration-Strategies-at-the-Edge/Game-of-life-migration/metrics/migration_metrics.csv
[exit=0]

$ python3 /home/ivo/Evaluation-of-Live-Migration-Strategies-at-the-Edge/Game-of-life-migration/scripts/setup/reset_nodes.py edge-node-1 edge-node-2
[19:33:51] Resetting nodes: edge-node-1 -> edge-node-2
[19:33:51] Step 1: Killing any existing processes on source...
[19:33:51]   Killing PID 2734 (from /home/ubuntu/app.pid)
[19:33:52]   Killing PID 2734 (from /home/ubuntu/gol.pid)
[19:33:52]   Killing any remaining background processes...
[19:33:54] Step 2: Cleaning source node...
[19:33:55] Step 3: Cleaning destination node...
[19:33:55]   Killing PID 2734 on destination (from /home/ubuntu/app.pid)
[19:33:56]   Killing PID 2734 on destination (from /home/ubuntu/gol.pid)
[19:33:56]   Killing all remaining gol processes on destination...
[19:34:00] ✓ Reset complete, nodes are clean
[19:34:00]   Next: Start your application
[exit=0]

$ bash /home/ivo/Evaluation-of-Live-Migration-Strategies-at-the-Edge/Game-of-life-migration/scripts/workloads/start_gol_c.sh edge-node-1
[19:34:00] Ensuring gol binary on edge-node-1...
[19:34:00] Reusing existing /tmp/gol on edge-node-1
[19:34:00] Starting gol on edge-node-1...
[19:34:01] ✓ Gol started
[exit=0]
[repeat] warmup 2s

$ python3 /home/ivo/Evaluation-of-Live-Migration-Strategies-at-the-Edge/Game-of-life-migration/scripts/orchestrators/criu_benchmark.py cold --source edge-node-1 --dest edge-node-2 --transfer-mode host --run-id 30-04-2026-host-cold-0063 --relay-node edge-host-1 --profile-name 1_WiFi_6
[19:34:04] Starting cold migration...
[19:34:04] Source: edge-node-1, Dest: edge-node-2
[19:34:04] Transfer mode: host
[19:34:04] Relay node: edge-host-1

[19:34:04] === COLD MIGRATION ===
[19:34:04] Step 1: Checking source process...
[19:34:04]   Using PID from /home/ubuntu/gol.pid: 4160
[19:34:05]   Architecture: x86_64 (compatible)
[19:34:05] Step 2: Dumping process with CRIU...
[19:34:05]   Checkpoint time: 290 ms
[19:34:05] Step 3: Creating archive...
[19:34:06]   Archive size: 25349 bytes
[19:34:06] Step 4: Transferring archive...
  Transferring /home/ubuntu/CRIU-gol.tar.gz via relay node edge-host-1...
Setting up SSH trust: edge-node-1 → ubuntu@10.138.215.36
  Adding public key to destination's authorized_keys...
  Testing SSH connectivity...
  ✓ SSH trust ready
Setting up SSH trust: edge-host-1 → ubuntu@10.138.215.137
  Adding public key to destination's authorized_keys...
  Testing SSH connectivity...
  ✓ SSH trust ready
[19:34:13]   Transfer time: 6797 ms
[19:34:13] Step 5: Unpacking on destination...
[19:34:13] Step 6: Preparing restore environment...
[19:34:14] Step 6.5: Ensuring /tmp/gol binary is present on destination...
[19:34:14] Step 7: Restoring process...
[19:34:14]   Restore time: 329 ms
[19:34:14]   Restored PID: 4160 (written to /home/ubuntu/gol.pid)
[19:34:14] Step 8: Verifying migration...
[19:34:20] ✓ gol.out updated after migration (mtime 1777570457 → 1777570459), simulation running!
[19:34:20] Total downtime: 7416 ms
[19:34:20] Effective bandwidth: 0.03 Mbps
[19:34:20] Metrics saved to /home/ivo/Evaluation-of-Live-Migration-Strategies-at-the-Edge/Game-of-life-migration/metrics/migration_metrics.csv
[exit=0]

$ python3 /home/ivo/Evaluation-of-Live-Migration-Strategies-at-the-Edge/Game-of-life-migration/scripts/setup/reset_nodes.py edge-node-1 edge-node-2
[19:34:21] Resetting nodes: edge-node-1 -> edge-node-2
[19:34:21] Step 1: Killing any existing processes on source...
[19:34:21]   Killing PID 4160 (from /home/ubuntu/app.pid)
[19:34:22]   Killing PID 4160 (from /home/ubuntu/gol.pid)
[19:34:22]   Killing any remaining background processes...
[19:34:24] Step 2: Cleaning source node...
[19:34:25] Step 3: Cleaning destination node...
[19:34:25]   Killing PID 4160 on destination (from /home/ubuntu/app.pid)
[19:34:26]   Killing PID 4160 on destination (from /home/ubuntu/gol.pid)
[19:34:27]   Killing all remaining gol processes on destination...
[19:34:30] ✓ Reset complete, nodes are clean
[19:34:30]   Next: Start your application
[exit=0]

$ bash /home/ivo/Evaluation-of-Live-Migration-Strategies-at-the-Edge/Game-of-life-migration/scripts/workloads/start_gol_c.sh edge-node-1
[19:34:30] Ensuring gol binary on edge-node-1...
[19:34:30] Reusing existing /tmp/gol on edge-node-1
[19:34:30] Starting gol on edge-node-1...
[19:34:32] ✓ Gol started
[exit=0]
[repeat] warmup 2s

$ python3 /home/ivo/Evaluation-of-Live-Migration-Strategies-at-the-Edge/Game-of-life-migration/scripts/orchestrators/criu_benchmark.py cold --source edge-node-1 --dest edge-node-2 --transfer-mode host --run-id 30-04-2026-host-cold-0064 --relay-node edge-host-1 --profile-name 1_WiFi_6
[19:34:34] Starting cold migration...
[19:34:34] Source: edge-node-1, Dest: edge-node-2
[19:34:34] Transfer mode: host
[19:34:34] Relay node: edge-host-1

[19:34:34] === COLD MIGRATION ===
[19:34:34] Step 1: Checking source process...
[19:34:35]   Using PID from /home/ubuntu/gol.pid: 5519
[19:34:35]   Architecture: x86_64 (compatible)
[19:34:35] Step 2: Dumping process with CRIU...
[19:34:35]   Checkpoint time: 330 ms
[19:34:35] Step 3: Creating archive...
[19:34:36]   Archive size: 25481 bytes
[19:34:36] Step 4: Transferring archive...
  Transferring /home/ubuntu/CRIU-gol.tar.gz via relay node edge-host-1...
Setting up SSH trust: edge-node-1 → ubuntu@10.138.215.36
  Adding public key to destination's authorized_keys...
  Testing SSH connectivity...
  ✓ SSH trust ready
Setting up SSH trust: edge-host-1 → ubuntu@10.138.215.137
  Adding public key to destination's authorized_keys...
  Testing SSH connectivity...
  ✓ SSH trust ready
[19:34:43]   Transfer time: 7127 ms
[19:34:43] Step 5: Unpacking on destination...
[19:34:43] Step 6: Preparing restore environment...
[19:34:44] Step 6.5: Ensuring /tmp/gol binary is present on destination...
[19:34:44] Step 7: Restoring process...
[19:34:45]   Restore time: 309 ms
[19:34:45]   Restored PID: 5519 (written to /home/ubuntu/gol.pid)
[19:34:45] Step 8: Verifying migration...
[19:34:50] ✓ gol.out updated after migration (mtime 1777570488 → 1777570490), simulation running!
[19:34:50] Total downtime: 7766 ms
[19:34:50] Effective bandwidth: 0.03 Mbps
[19:34:50] Metrics saved to /home/ivo/Evaluation-of-Live-Migration-Strategies-at-the-Edge/Game-of-life-migration/metrics/migration_metrics.csv
[exit=0]

$ python3 /home/ivo/Evaluation-of-Live-Migration-Strategies-at-the-Edge/Game-of-life-migration/scripts/setup/reset_nodes.py edge-node-1 edge-node-2
[19:34:51] Resetting nodes: edge-node-1 -> edge-node-2
[19:34:51] Step 1: Killing any existing processes on source...
[19:34:51]   Killing PID 5519 (from /home/ubuntu/app.pid)
[19:34:52]   Killing PID 5519 (from /home/ubuntu/gol.pid)
[19:34:52]   Killing any remaining background processes...
[19:34:54] Step 2: Cleaning source node...
[19:34:55] Step 3: Cleaning destination node...
[19:34:55]   Killing PID 5519 on destination (from /home/ubuntu/app.pid)
[19:34:56]   Killing PID 5519 on destination (from /home/ubuntu/gol.pid)
[19:34:56]   Killing all remaining gol processes on destination...
[19:35:00] ✓ Reset complete, nodes are clean
[19:35:00]   Next: Start your application
[exit=0]

$ bash /home/ivo/Evaluation-of-Live-Migration-Strategies-at-the-Edge/Game-of-life-migration/scripts/workloads/start_gol_c.sh edge-node-1
[19:35:00] Ensuring gol binary on edge-node-1...
[19:35:00] Reusing existing /tmp/gol on edge-node-1
[19:35:00] Starting gol on edge-node-1...
[19:35:01] ✓ Gol started
[exit=0]
[repeat] warmup 2s

$ python3 /home/ivo/Evaluation-of-Live-Migration-Strategies-at-the-Edge/Game-of-life-migration/scripts/orchestrators/criu_benchmark.py cold --source edge-node-1 --dest edge-node-2 --transfer-mode host --run-id 30-04-2026-host-cold-0065 --relay-node edge-host-1 --profile-name 1_WiFi_6
[19:35:04] Starting cold migration...
[19:35:04] Source: edge-node-1, Dest: edge-node-2
[19:35:04] Transfer mode: host
[19:35:04] Relay node: edge-host-1

[19:35:04] === COLD MIGRATION ===
[19:35:04] Step 1: Checking source process...
[19:35:05]   Using PID from /home/ubuntu/gol.pid: 6873
[19:35:05]   Architecture: x86_64 (compatible)
[19:35:05] Step 2: Dumping process with CRIU...
[19:35:05]   Checkpoint time: 345 ms
[19:35:05] Step 3: Creating archive...
[19:35:06]   Archive size: 25350 bytes
[19:35:06] Step 4: Transferring archive...
  Transferring /home/ubuntu/CRIU-gol.tar.gz via relay node edge-host-1...
Setting up SSH trust: edge-node-1 → ubuntu@10.138.215.36
  Adding public key to destination's authorized_keys...
  Testing SSH connectivity...
  ✓ SSH trust ready
Setting up SSH trust: edge-host-1 → ubuntu@10.138.215.137
  Adding public key to destination's authorized_keys...
  Testing SSH connectivity...
  ✓ SSH trust ready
[19:35:13]   Transfer time: 6706 ms
[19:35:13] Step 5: Unpacking on destination...
[19:35:13] Step 6: Preparing restore environment...
[19:35:14] Step 6.5: Ensuring /tmp/gol binary is present on destination...
[19:35:14] Step 7: Restoring process...
[19:35:14]   Restore time: 304 ms
[19:35:14]   Restored PID: 6873 (written to /home/ubuntu/gol.pid)
[19:35:14] Step 8: Verifying migration...
[19:35:20] ✓ gol.out updated after migration (mtime 1777570517 → 1777570519), simulation running!
[19:35:20] Total downtime: 7355 ms
[19:35:20] Effective bandwidth: 0.03 Mbps
[19:35:20] Metrics saved to /home/ivo/Evaluation-of-Live-Migration-Strategies-at-the-Edge/Game-of-life-migration/metrics/migration_metrics.csv
[exit=0]

$ python3 /home/ivo/Evaluation-of-Live-Migration-Strategies-at-the-Edge/Game-of-life-migration/scripts/setup/reset_nodes.py edge-node-1 edge-node-2
[19:35:20] Resetting nodes: edge-node-1 -> edge-node-2
[19:35:20] Step 1: Killing any existing processes on source...
[19:35:21]   Killing PID 6873 (from /home/ubuntu/app.pid)
[19:35:22]   Killing PID 6873 (from /home/ubuntu/gol.pid)
[19:35:22]   Killing any remaining background processes...
[19:35:24] Step 2: Cleaning source node...
[19:35:25] Step 3: Cleaning destination node...
[19:35:25]   Killing PID 6873 on destination (from /home/ubuntu/app.pid)
[19:35:26]   Killing PID 6873 on destination (from /home/ubuntu/gol.pid)
[19:35:27]   Killing all remaining gol processes on destination...
[19:35:30] ✓ Reset complete, nodes are clean
[19:35:30]   Next: Start your application
[exit=0]

$ bash /home/ivo/Evaluation-of-Live-Migration-Strategies-at-the-Edge/Game-of-life-migration/scripts/workloads/start_gol_c.sh edge-node-1
[19:35:30] Ensuring gol binary on edge-node-1...
[19:35:30] Reusing existing /tmp/gol on edge-node-1
[19:35:30] Starting gol on edge-node-1...
[19:35:32] ✓ Gol started
[exit=0]
[repeat] warmup 2s

$ python3 /home/ivo/Evaluation-of-Live-Migration-Strategies-at-the-Edge/Game-of-life-migration/scripts/orchestrators/criu_benchmark.py cold --source edge-node-1 --dest edge-node-2 --transfer-mode host --run-id 30-04-2026-host-cold-0066 --relay-node edge-host-1 --profile-name 1_WiFi_6
[19:35:34] Starting cold migration...
[19:35:34] Source: edge-node-1, Dest: edge-node-2
[19:35:34] Transfer mode: host
[19:35:34] Relay node: edge-host-1

[19:35:34] === COLD MIGRATION ===
[19:35:34] Step 1: Checking source process...
[19:35:35]   Using PID from /home/ubuntu/gol.pid: 8237
[19:35:35]   Architecture: x86_64 (compatible)
[19:35:35] Step 2: Dumping process with CRIU...
[19:35:35]   Checkpoint time: 292 ms
[19:35:35] Step 3: Creating archive...
[19:35:36]   Archive size: 25490 bytes
[19:35:36] Step 4: Transferring archive...
  Transferring /home/ubuntu/CRIU-gol.tar.gz via relay node edge-host-1...
Setting up SSH trust: edge-node-1 → ubuntu@10.138.215.36
  Adding public key to destination's authorized_keys...
  Testing SSH connectivity...
  ✓ SSH trust ready
Setting up SSH trust: edge-host-1 → ubuntu@10.138.215.137
  Adding public key to destination's authorized_keys...
  Testing SSH connectivity...
  ✓ SSH trust ready
[19:35:43]   Transfer time: 7165 ms
[19:35:43] Step 5: Unpacking on destination...
[19:35:43] Step 6: Preparing restore environment...
[19:35:44] Step 6.5: Ensuring /tmp/gol binary is present on destination...
[19:35:44] Step 7: Restoring process...
[19:35:45]   Restore time: 319 ms
[19:35:45]   Restored PID: 8237 (written to /home/ubuntu/gol.pid)
[19:35:45] Step 8: Verifying migration...
[19:35:50] ✓ gol.out updated after migration (mtime 1777570548 → 1777570550), simulation running!
[19:35:50] Total downtime: 7776 ms
[19:35:50] Effective bandwidth: 0.03 Mbps
[19:35:50] Metrics saved to /home/ivo/Evaluation-of-Live-Migration-Strategies-at-the-Edge/Game-of-life-migration/metrics/migration_metrics.csv
[exit=0]

$ python3 /home/ivo/Evaluation-of-Live-Migration-Strategies-at-the-Edge/Game-of-life-migration/scripts/setup/reset_nodes.py edge-node-1 edge-node-2
[19:35:51] Resetting nodes: edge-node-1 -> edge-node-2
[19:35:51] Step 1: Killing any existing processes on source...
[19:35:51]   Killing PID 8237 (from /home/ubuntu/app.pid)
[19:35:52]   Killing PID 8237 (from /home/ubuntu/gol.pid)
[19:35:52]   Killing any remaining background processes...
[19:35:54] Step 2: Cleaning source node...
[19:35:55] Step 3: Cleaning destination node...
[19:35:55]   Killing PID 8237 on destination (from /home/ubuntu/app.pid)
[19:35:56]   Killing PID 8237 on destination (from /home/ubuntu/gol.pid)
[19:35:56]   Killing all remaining gol processes on destination...
[19:36:00] ✓ Reset complete, nodes are clean
[19:36:00]   Next: Start your application
[exit=0]

$ bash /home/ivo/Evaluation-of-Live-Migration-Strategies-at-the-Edge/Game-of-life-migration/scripts/workloads/start_gol_c.sh edge-node-1
[19:36:00] Ensuring gol binary on edge-node-1...
[19:36:00] Reusing existing /tmp/gol on edge-node-1
[19:36:00] Starting gol on edge-node-1...
[19:36:01] ✓ Gol started
[exit=0]
[repeat] warmup 2s

$ python3 /home/ivo/Evaluation-of-Live-Migration-Strategies-at-the-Edge/Game-of-life-migration/scripts/orchestrators/criu_benchmark.py cold --source edge-node-1 --dest edge-node-2 --transfer-mode host --run-id 30-04-2026-host-cold-0067 --relay-node edge-host-1 --profile-name 1_WiFi_6
[19:36:04] Starting cold migration...
[19:36:04] Source: edge-node-1, Dest: edge-node-2
[19:36:04] Transfer mode: host
[19:36:04] Relay node: edge-host-1

[19:36:04] === COLD MIGRATION ===
[19:36:04] Step 1: Checking source process...
[19:36:04]   Using PID from /home/ubuntu/gol.pid: 9588
[19:36:05]   Architecture: x86_64 (compatible)
[19:36:05] Step 2: Dumping process with CRIU...
[19:36:05]   Checkpoint time: 329 ms
[19:36:05] Step 3: Creating archive...
[19:36:06]   Archive size: 25611 bytes
[19:36:06] Step 4: Transferring archive...
  Transferring /home/ubuntu/CRIU-gol.tar.gz via relay node edge-host-1...
Setting up SSH trust: edge-node-1 → ubuntu@10.138.215.36
  Adding public key to destination's authorized_keys...
  Testing SSH connectivity...
  ✓ SSH trust ready
Setting up SSH trust: edge-host-1 → ubuntu@10.138.215.137
  Adding public key to destination's authorized_keys...
  Testing SSH connectivity...
  ✓ SSH trust ready
[19:36:12]   Transfer time: 6804 ms
[19:36:12] Step 5: Unpacking on destination...
[19:36:13] Step 6: Preparing restore environment...
[19:36:13] Step 6.5: Ensuring /tmp/gol binary is present on destination...
[19:36:14] Step 7: Restoring process...
[19:36:14]   Restore time: 306 ms
[19:36:14]   Restored PID: 9588 (written to /home/ubuntu/gol.pid)
[19:36:14] Step 8: Verifying migration...
[19:36:20] ✓ gol.out updated after migration (mtime 1777570577 → 1777570579), simulation running!
[19:36:20] Total downtime: 7439 ms
[19:36:20] Effective bandwidth: 0.03 Mbps
[19:36:20] Metrics saved to /home/ivo/Evaluation-of-Live-Migration-Strategies-at-the-Edge/Game-of-life-migration/metrics/migration_metrics.csv
[exit=0]

$ python3 /home/ivo/Evaluation-of-Live-Migration-Strategies-at-the-Edge/Game-of-life-migration/scripts/setup/reset_nodes.py edge-node-1 edge-node-2
[19:36:20] Resetting nodes: edge-node-1 -> edge-node-2
[19:36:20] Step 1: Killing any existing processes on source...
[19:36:20]   Killing PID 9588 (from /home/ubuntu/app.pid)
[19:36:22]   Killing PID 9588 (from /home/ubuntu/gol.pid)
[19:36:22]   Killing any remaining background processes...
[19:36:23] Step 2: Cleaning source node...
[19:36:24] Step 3: Cleaning destination node...
[19:36:25]   Killing PID 9588 on destination (from /home/ubuntu/app.pid)
[19:36:26]   Killing PID 9588 on destination (from /home/ubuntu/gol.pid)
[19:36:26]   Killing all remaining gol processes on destination...
[19:36:30] ✓ Reset complete, nodes are clean
[19:36:30]   Next: Start your application
[exit=0]

$ bash /home/ivo/Evaluation-of-Live-Migration-Strategies-at-the-Edge/Game-of-life-migration/scripts/workloads/start_gol_c.sh edge-node-1
[19:36:30] Ensuring gol binary on edge-node-1...
[19:36:30] Reusing existing /tmp/gol on edge-node-1
[19:36:30] Starting gol on edge-node-1...
[19:36:31] ✓ Gol started
[exit=0]
[repeat] warmup 2s

$ python3 /home/ivo/Evaluation-of-Live-Migration-Strategies-at-the-Edge/Game-of-life-migration/scripts/orchestrators/criu_benchmark.py cold --source edge-node-1 --dest edge-node-2 --transfer-mode host --run-id 30-04-2026-host-cold-0068 --relay-node edge-host-1 --profile-name 1_WiFi_6
[19:36:34] Starting cold migration...
[19:36:34] Source: edge-node-1, Dest: edge-node-2
[19:36:34] Transfer mode: host
[19:36:34] Relay node: edge-host-1

[19:36:34] === COLD MIGRATION ===
[19:36:34] Step 1: Checking source process...
[19:36:34]   Using PID from /home/ubuntu/gol.pid: 10948
[19:36:35]   Architecture: x86_64 (compatible)
[19:36:35] Step 2: Dumping process with CRIU...
[19:36:35]   Checkpoint time: 338 ms
[19:36:35] Step 3: Creating archive...
[19:36:36]   Archive size: 25611 bytes
[19:36:36] Step 4: Transferring archive...
  Transferring /home/ubuntu/CRIU-gol.tar.gz via relay node edge-host-1...
Setting up SSH trust: edge-node-1 → ubuntu@10.138.215.36
  Adding public key to destination's authorized_keys...
  Testing SSH connectivity...
  ✓ SSH trust ready
Setting up SSH trust: edge-host-1 → ubuntu@10.138.215.137
  Adding public key to destination's authorized_keys...
  Testing SSH connectivity...
  ✓ SSH trust ready
[19:36:43]   Transfer time: 7169 ms
[19:36:43] Step 5: Unpacking on destination...
[19:36:43] Step 6: Preparing restore environment...
[19:36:44] Step 6.5: Ensuring /tmp/gol binary is present on destination...
[19:36:44] Step 7: Restoring process...
[19:36:44]   Restore time: 286 ms
[19:36:45]   Restored PID: 10948 (written to /home/ubuntu/gol.pid)
[19:36:45] Step 8: Verifying migration...
[19:36:50] ✓ gol.out updated after migration (mtime 1777570607 → 1777570609), simulation running!
[19:36:50] Total downtime: 7793 ms
[19:36:50] Effective bandwidth: 0.03 Mbps
[19:36:50] Metrics saved to /home/ivo/Evaluation-of-Live-Migration-Strategies-at-the-Edge/Game-of-life-migration/metrics/migration_metrics.csv
[exit=0]

$ python3 /home/ivo/Evaluation-of-Live-Migration-Strategies-at-the-Edge/Game-of-life-migration/scripts/setup/reset_nodes.py edge-node-1 edge-node-2
[19:36:51] Resetting nodes: edge-node-1 -> edge-node-2
[19:36:51] Step 1: Killing any existing processes on source...
[19:36:51]   Killing PID 10948 (from /home/ubuntu/app.pid)
[19:36:52]   Killing PID 10948 (from /home/ubuntu/gol.pid)
[19:36:52]   Killing any remaining background processes...
[19:36:54] Step 2: Cleaning source node...
[19:36:55] Step 3: Cleaning destination node...
[19:36:55]   Killing PID 10948 on destination (from /home/ubuntu/app.pid)
[19:36:56]   Killing PID 10948 on destination (from /home/ubuntu/gol.pid)
[19:36:56]   Killing all remaining gol processes on destination...
[19:37:00] ✓ Reset complete, nodes are clean
[19:37:00]   Next: Start your application
[exit=0]

$ bash /home/ivo/Evaluation-of-Live-Migration-Strategies-at-the-Edge/Game-of-life-migration/scripts/workloads/start_gol_c.sh edge-node-1
[19:37:00] Ensuring gol binary on edge-node-1...
[19:37:00] Reusing existing /tmp/gol on edge-node-1
[19:37:00] Starting gol on edge-node-1...
[19:37:01] ✓ Gol started
[exit=0]
[repeat] warmup 2s

$ python3 /home/ivo/Evaluation-of-Live-Migration-Strategies-at-the-Edge/Game-of-life-migration/scripts/orchestrators/criu_benchmark.py cold --source edge-node-1 --dest edge-node-2 --transfer-mode host --run-id 30-04-2026-host-cold-0069 --relay-node edge-host-1 --profile-name 1_WiFi_6
[19:37:04] Starting cold migration...
[19:37:04] Source: edge-node-1, Dest: edge-node-2
[19:37:04] Transfer mode: host
[19:37:04] Relay node: edge-host-1

[19:37:04] === COLD MIGRATION ===
[19:37:04] Step 1: Checking source process...
[19:37:04]   Using PID from /home/ubuntu/gol.pid: 12303
[19:37:05]   Architecture: x86_64 (compatible)
[19:37:05] Step 2: Dumping process with CRIU...
[19:37:05]   Checkpoint time: 324 ms
[19:37:05] Step 3: Creating archive...
[19:37:06]   Archive size: 25485 bytes
[19:37:06] Step 4: Transferring archive...
  Transferring /home/ubuntu/CRIU-gol.tar.gz via relay node edge-host-1...
Setting up SSH trust: edge-node-1 → ubuntu@10.138.215.36
  Adding public key to destination's authorized_keys...
  Testing SSH connectivity...
  ✓ SSH trust ready
Setting up SSH trust: edge-host-1 → ubuntu@10.138.215.137
  Adding public key to destination's authorized_keys...
  Testing SSH connectivity...
  ✓ SSH trust ready
[19:37:12]   Transfer time: 6712 ms
[19:37:12] Step 5: Unpacking on destination...
[19:37:13] Step 6: Preparing restore environment...
[19:37:13] Step 6.5: Ensuring /tmp/gol binary is present on destination...
[19:37:13] Step 7: Restoring process...
[19:37:14]   Restore time: 313 ms
[19:37:14]   Restored PID: 12303 (written to /home/ubuntu/gol.pid)
[19:37:14] Step 8: Verifying migration...
[19:37:20] ✓ gol.out updated after migration (mtime 1777570637 → 1777570639), simulation running!
[19:37:20] Total downtime: 7349 ms
[19:37:20] Effective bandwidth: 0.03 Mbps
[19:37:20] Metrics saved to /home/ivo/Evaluation-of-Live-Migration-Strategies-at-the-Edge/Game-of-life-migration/metrics/migration_metrics.csv
[exit=0]

$ python3 /home/ivo/Evaluation-of-Live-Migration-Strategies-at-the-Edge/Game-of-life-migration/scripts/setup/reset_nodes.py edge-node-1 edge-node-2
[19:37:20] Resetting nodes: edge-node-1 -> edge-node-2
[19:37:20] Step 1: Killing any existing processes on source...
[19:37:20]   Killing PID 12303 (from /home/ubuntu/app.pid)
[19:37:21]   Killing PID 12303 (from /home/ubuntu/gol.pid)
[19:37:22]   Killing any remaining background processes...
[19:37:23] Step 2: Cleaning source node...
[19:37:24] Step 3: Cleaning destination node...
[19:37:25]   Killing PID 12303 on destination (from /home/ubuntu/app.pid)
[19:37:25]   Killing PID 12303 on destination (from /home/ubuntu/gol.pid)
[19:37:26]   Killing all remaining gol processes on destination...
[19:37:30] ✓ Reset complete, nodes are clean
[19:37:30]   Next: Start your application
[exit=0]

$ bash /home/ivo/Evaluation-of-Live-Migration-Strategies-at-the-Edge/Game-of-life-migration/scripts/workloads/start_gol_c.sh edge-node-1
[19:37:30] Ensuring gol binary on edge-node-1...
[19:37:30] Reusing existing /tmp/gol on edge-node-1
[19:37:30] Starting gol on edge-node-1...
[19:37:31] ✓ Gol started
[exit=0]
[repeat] warmup 2s

$ python3 /home/ivo/Evaluation-of-Live-Migration-Strategies-at-the-Edge/Game-of-life-migration/scripts/orchestrators/criu_benchmark.py cold --source edge-node-1 --dest edge-node-2 --transfer-mode host --run-id 30-04-2026-host-cold-0070 --relay-node edge-host-1 --profile-name 1_WiFi_6
[19:37:34] Starting cold migration...
[19:37:34] Source: edge-node-1, Dest: edge-node-2
[19:37:34] Transfer mode: host
[19:37:34] Relay node: edge-host-1

[19:37:34] === COLD MIGRATION ===
[19:37:34] Step 1: Checking source process...
[19:37:34]   Using PID from /home/ubuntu/gol.pid: 13663
[19:37:35]   Architecture: x86_64 (compatible)
[19:37:35] Step 2: Dumping process with CRIU...
[19:37:35]   Checkpoint time: 323 ms
[19:37:35] Step 3: Creating archive...
[19:37:36]   Archive size: 25275 bytes
[19:37:36] Step 4: Transferring archive...
  Transferring /home/ubuntu/CRIU-gol.tar.gz via relay node edge-host-1...
Setting up SSH trust: edge-node-1 → ubuntu@10.138.215.36
  Adding public key to destination's authorized_keys...
  Testing SSH connectivity...
  ✓ SSH trust ready
Setting up SSH trust: edge-host-1 → ubuntu@10.138.215.137
  Adding public key to destination's authorized_keys...
  Testing SSH connectivity...
  ✓ SSH trust ready
[19:37:43]   Transfer time: 7301 ms
[19:37:43] Step 5: Unpacking on destination...
[19:37:43] Step 6: Preparing restore environment...
[19:37:44] Step 6.5: Ensuring /tmp/gol binary is present on destination...
[19:37:44] Step 7: Restoring process...
[19:37:44]   Restore time: 315 ms
[19:37:45]   Restored PID: 13663 (written to /home/ubuntu/gol.pid)
[19:37:45] Step 8: Verifying migration...
[19:37:50] ✓ gol.out updated after migration (mtime 1777570667 → 1777570669), simulation running!
[19:37:50] Total downtime: 7939 ms
[19:37:50] Effective bandwidth: 0.03 Mbps
[19:37:50] Metrics saved to /home/ivo/Evaluation-of-Live-Migration-Strategies-at-the-Edge/Game-of-life-migration/metrics/migration_metrics.csv
[exit=0]

$ python3 /home/ivo/Evaluation-of-Live-Migration-Strategies-at-the-Edge/Game-of-life-migration/scripts/setup/reset_nodes.py edge-node-1 edge-node-2
[19:37:51] Resetting nodes: edge-node-1 -> edge-node-2
[19:37:51] Step 1: Killing any existing processes on source...
[19:37:51]   Killing PID 13663 (from /home/ubuntu/app.pid)
[19:37:52]   Killing PID 13663 (from /home/ubuntu/gol.pid)
[19:37:52]   Killing any remaining background processes...
[19:37:54] Step 2: Cleaning source node...
[19:37:55] Step 3: Cleaning destination node...
[19:37:55]   Killing PID 13663 on destination (from /home/ubuntu/app.pid)
[19:37:56]   Killing PID 13663 on destination (from /home/ubuntu/gol.pid)
[19:37:56]   Killing all remaining gol processes on destination...
[19:37:59] ✓ Reset complete, nodes are clean
[19:37:59]   Next: Start your application
[exit=0]

$ bash /home/ivo/Evaluation-of-Live-Migration-Strategies-at-the-Edge/Game-of-life-migration/scripts/workloads/start_gol_c.sh edge-node-1
[19:37:59] Ensuring gol binary on edge-node-1...
[19:38:00] Reusing existing /tmp/gol on edge-node-1
[19:38:00] Starting gol on edge-node-1...
[19:38:01] ✓ Gol started
[exit=0]
[repeat] warmup 2s

$ python3 /home/ivo/Evaluation-of-Live-Migration-Strategies-at-the-Edge/Game-of-life-migration/scripts/orchestrators/criu_benchmark.py cold --source edge-node-1 --dest edge-node-2 --transfer-mode host --run-id 30-04-2026-host-cold-0071 --relay-node edge-host-1 --profile-name 1_WiFi_6
[19:38:03] Starting cold migration...
[19:38:03] Source: edge-node-1, Dest: edge-node-2
[19:38:03] Transfer mode: host
[19:38:03] Relay node: edge-host-1

[19:38:03] === COLD MIGRATION ===
[19:38:03] Step 1: Checking source process...
[19:38:04]   Using PID from /home/ubuntu/gol.pid: 15015
[19:38:04]   Architecture: x86_64 (compatible)
[19:38:04] Step 2: Dumping process with CRIU...
[19:38:05]   Checkpoint time: 320 ms
[19:38:05] Step 3: Creating archive...
[19:38:05]   Archive size: 25544 bytes
[19:38:05] Step 4: Transferring archive...
  Transferring /home/ubuntu/CRIU-gol.tar.gz via relay node edge-host-1...
Setting up SSH trust: edge-node-1 → ubuntu@10.138.215.36
  Adding public key to destination's authorized_keys...
  Testing SSH connectivity...
  ✓ SSH trust ready
Setting up SSH trust: edge-host-1 → ubuntu@10.138.215.137
  Adding public key to destination's authorized_keys...
  Testing SSH connectivity...
  ✓ SSH trust ready
[19:38:12]   Transfer time: 6924 ms
[19:38:12] Step 5: Unpacking on destination...
[19:38:13] Step 6: Preparing restore environment...
[19:38:13] Step 6.5: Ensuring /tmp/gol binary is present on destination...
[19:38:13] Step 7: Restoring process...
[19:38:14]   Restore time: 279 ms
[19:38:14]   Restored PID: 15015 (written to /home/ubuntu/gol.pid)
[19:38:14] Step 8: Verifying migration...
[19:38:20] ✓ gol.out updated after migration (mtime 1777570697 → 1777570699), simulation running!
[19:38:20] Total downtime: 7523 ms
[19:38:20] Effective bandwidth: 0.03 Mbps
[19:38:20] Metrics saved to /home/ivo/Evaluation-of-Live-Migration-Strategies-at-the-Edge/Game-of-life-migration/metrics/migration_metrics.csv
[exit=0]

$ python3 /home/ivo/Evaluation-of-Live-Migration-Strategies-at-the-Edge/Game-of-life-migration/scripts/setup/reset_nodes.py edge-node-1 edge-node-2
[19:38:20] Resetting nodes: edge-node-1 -> edge-node-2
[19:38:20] Step 1: Killing any existing processes on source...
[19:38:20]   Killing PID 15015 (from /home/ubuntu/app.pid)
[19:38:21]   Killing PID 15015 (from /home/ubuntu/gol.pid)
[19:38:22]   Killing any remaining background processes...
[19:38:23] Step 2: Cleaning source node...
[19:38:24] Step 3: Cleaning destination node...
[19:38:25]   Killing PID 15015 on destination (from /home/ubuntu/app.pid)
[19:38:25]   Killing PID 15015 on destination (from /home/ubuntu/gol.pid)
[19:38:26]   Killing all remaining gol processes on destination...
[19:38:30] ✓ Reset complete, nodes are clean
[19:38:30]   Next: Start your application
[exit=0]

$ bash /home/ivo/Evaluation-of-Live-Migration-Strategies-at-the-Edge/Game-of-life-migration/scripts/workloads/start_gol_c.sh edge-node-1
[19:38:30] Ensuring gol binary on edge-node-1...
[19:38:30] Reusing existing /tmp/gol on edge-node-1
[19:38:30] Starting gol on edge-node-1...
[19:38:31] ✓ Gol started
[exit=0]
[repeat] warmup 2s

$ python3 /home/ivo/Evaluation-of-Live-Migration-Strategies-at-the-Edge/Game-of-life-migration/scripts/orchestrators/criu_benchmark.py cold --source edge-node-1 --dest edge-node-2 --transfer-mode direct --run-id 30-04-2026-direct-cold-0062 --profile-name 1_WiFi_6
[19:38:34] Starting cold migration...
[19:38:34] Source: edge-node-1, Dest: edge-node-2
[19:38:34] Transfer mode: direct

[19:38:34] === COLD MIGRATION ===
[19:38:34] Step 1: Checking source process...
[19:38:34]   Using PID from /home/ubuntu/gol.pid: 16375
[19:38:35]   Architecture: x86_64 (compatible)
[19:38:35] Step 2: Dumping process with CRIU...
[19:38:35]   Checkpoint time: 309 ms
[19:38:35] Step 3: Creating archive...
[19:38:36]   Archive size: 25464 bytes
[19:38:36] Step 4: Transferring archive...
[19:38:36]   Setting up direct SSH trust...
Setting up SSH trust: edge-node-1 → ubuntu@10.138.215.137
  Adding public key to destination's authorized_keys...
  Testing SSH connectivity...
  ✓ SSH trust ready
Setting up SSH trust: edge-node-1 → ubuntu@10.138.215.137
  Adding public key to destination's authorized_keys...
  Testing SSH connectivity...
  ✓ SSH trust ready
  Transferring /home/ubuntu/CRIU-gol.tar.gz via SCP...
[19:38:40]   Transfer time: 2984 ms
[19:38:40] Step 5: Unpacking on destination...
[19:38:41] Step 6: Preparing restore environment...
[19:38:41] Step 6.5: Ensuring /tmp/gol binary is present on destination...
[19:38:42] Step 7: Restoring process...
[19:38:42]   Restore time: 293 ms
[19:38:42]   Restored PID: 16375 (written to /home/ubuntu/gol.pid)
[19:38:42] Step 8: Verifying migration...
[19:38:48] ✓ gol.out updated after migration (mtime 1777570725 → 1777570727), simulation running!
[19:38:48] Total downtime: 3586 ms
[19:38:48] Effective bandwidth: 0.07 Mbps
[19:38:48] Metrics saved to /home/ivo/Evaluation-of-Live-Migration-Strategies-at-the-Edge/Game-of-life-migration/metrics/migration_metrics.csv
[exit=0]

$ python3 /home/ivo/Evaluation-of-Live-Migration-Strategies-at-the-Edge/Game-of-life-migration/scripts/setup/reset_nodes.py edge-node-1 edge-node-2
[19:38:48] Resetting nodes: edge-node-1 -> edge-node-2
[19:38:48] Step 1: Killing any existing processes on source...
[19:38:49]   Killing PID 16375 (from /home/ubuntu/app.pid)
[19:38:49]   Killing PID 16375 (from /home/ubuntu/gol.pid)
[19:38:50]   Killing any remaining background processes...
[19:38:51] Step 2: Cleaning source node...
[19:38:52] Step 3: Cleaning destination node...
[19:38:53]   Killing PID 16375 on destination (from /home/ubuntu/app.pid)
[19:38:53]   Killing PID 16375 on destination (from /home/ubuntu/gol.pid)
[19:38:54]   Killing all remaining gol processes on destination...
[19:38:57] ✓ Reset complete, nodes are clean
[19:38:57]   Next: Start your application
[exit=0]

$ bash /home/ivo/Evaluation-of-Live-Migration-Strategies-at-the-Edge/Game-of-life-migration/scripts/workloads/start_gol_c.sh edge-node-1
[19:38:57] Ensuring gol binary on edge-node-1...
[19:38:57] Reusing existing /tmp/gol on edge-node-1
[19:38:57] Starting gol on edge-node-1...
[19:38:59] ✓ Gol started
[exit=0]
[repeat] warmup 2s

$ python3 /home/ivo/Evaluation-of-Live-Migration-Strategies-at-the-Edge/Game-of-life-migration/scripts/orchestrators/criu_benchmark.py cold --source edge-node-1 --dest edge-node-2 --transfer-mode direct --run-id 30-04-2026-direct-cold-0063 --profile-name 1_WiFi_6
[19:39:01] Starting cold migration...
[19:39:01] Source: edge-node-1, Dest: edge-node-2
[19:39:01] Transfer mode: direct

[19:39:01] === COLD MIGRATION ===
[19:39:01] Step 1: Checking source process...
[19:39:02]   Using PID from /home/ubuntu/gol.pid: 17829
[19:39:02]   Architecture: x86_64 (compatible)
[19:39:02] Step 2: Dumping process with CRIU...
[19:39:03]   Checkpoint time: 343 ms
[19:39:03] Step 3: Creating archive...
[19:39:03]   Archive size: 25636 bytes
[19:39:03] Step 4: Transferring archive...
[19:39:03]   Setting up direct SSH trust...
Setting up SSH trust: edge-node-1 → ubuntu@10.138.215.137
  Adding public key to destination's authorized_keys...
  Testing SSH connectivity...
  ✓ SSH trust ready
Setting up SSH trust: edge-node-1 → ubuntu@10.138.215.137
  Adding public key to destination's authorized_keys...
  Testing SSH connectivity...
  ✓ SSH trust ready
  Transferring /home/ubuntu/CRIU-gol.tar.gz via SCP...
[19:39:08]   Transfer time: 3205 ms
[19:39:08] Step 5: Unpacking on destination...
[19:39:09] Step 6: Preparing restore environment...
[19:39:09] Step 6.5: Ensuring /tmp/gol binary is present on destination...
[19:39:10] Step 7: Restoring process...
[19:39:10]   Restore time: 317 ms
[19:39:10]   Restored PID: 17829 (written to /home/ubuntu/gol.pid)
[19:39:10] Step 8: Verifying migration...
[19:39:16] ✓ gol.out updated after migration (mtime 1777570753 → 1777570755), simulation running!
[19:39:16] Total downtime: 3865 ms
[19:39:16] Effective bandwidth: 0.06 Mbps
[19:39:16] Metrics saved to /home/ivo/Evaluation-of-Live-Migration-Strategies-at-the-Edge/Game-of-life-migration/metrics/migration_metrics.csv
[exit=0]

$ python3 /home/ivo/Evaluation-of-Live-Migration-Strategies-at-the-Edge/Game-of-life-migration/scripts/setup/reset_nodes.py edge-node-1 edge-node-2
[19:39:16] Resetting nodes: edge-node-1 -> edge-node-2
[19:39:16] Step 1: Killing any existing processes on source...
[19:39:16]   Killing PID 17829 (from /home/ubuntu/app.pid)
[19:39:17]   Killing PID 17829 (from /home/ubuntu/gol.pid)
[19:39:18]   Killing any remaining background processes...
[19:39:19] Step 2: Cleaning source node...
[19:39:20] Step 3: Cleaning destination node...
[19:39:20]   Killing PID 17829 on destination (from /home/ubuntu/app.pid)
[19:39:21]   Killing PID 17829 on destination (from /home/ubuntu/gol.pid)
[19:39:22]   Killing all remaining gol processes on destination...
[19:39:25] ✓ Reset complete, nodes are clean
[19:39:25]   Next: Start your application
[exit=0]

$ bash /home/ivo/Evaluation-of-Live-Migration-Strategies-at-the-Edge/Game-of-life-migration/scripts/workloads/start_gol_c.sh edge-node-1
[19:39:25] Ensuring gol binary on edge-node-1...
[19:39:26] Reusing existing /tmp/gol on edge-node-1
[19:39:26] Starting gol on edge-node-1...
[19:39:27] ✓ Gol started
[exit=0]
[repeat] warmup 2s

$ python3 /home/ivo/Evaluation-of-Live-Migration-Strategies-at-the-Edge/Game-of-life-migration/scripts/orchestrators/criu_benchmark.py cold --source edge-node-1 --dest edge-node-2 --transfer-mode direct --run-id 30-04-2026-direct-cold-0064 --profile-name 1_WiFi_6
[19:39:30] Starting cold migration...
[19:39:30] Source: edge-node-1, Dest: edge-node-2
[19:39:30] Transfer mode: direct

[19:39:30] === COLD MIGRATION ===
[19:39:30] Step 1: Checking source process...
[19:39:30]   Using PID from /home/ubuntu/gol.pid: 19284
[19:39:31]   Architecture: x86_64 (compatible)
[19:39:31] Step 2: Dumping process with CRIU...
[19:39:31]   Checkpoint time: 338 ms
[19:39:31] Step 3: Creating archive...
[19:39:32]   Archive size: 25618 bytes
[19:39:32] Step 4: Transferring archive...
[19:39:32]   Setting up direct SSH trust...
Setting up SSH trust: edge-node-1 → ubuntu@10.138.215.137
  Adding public key to destination's authorized_keys...
  Testing SSH connectivity...
  ✓ SSH trust ready
Setting up SSH trust: edge-node-1 → ubuntu@10.138.215.137
  Adding public key to destination's authorized_keys...
  Testing SSH connectivity...
  ✓ SSH trust ready
  Transferring /home/ubuntu/CRIU-gol.tar.gz via SCP...
[19:39:37]   Transfer time: 3125 ms
[19:39:37] Step 5: Unpacking on destination...
[19:39:37] Step 6: Preparing restore environment...
[19:39:38] Step 6.5: Ensuring /tmp/gol binary is present on destination...
[19:39:38] Step 7: Restoring process...
[19:39:38]   Restore time: 328 ms
[19:39:39]   Restored PID: 19284 (written to /home/ubuntu/gol.pid)
[19:39:39] Step 8: Verifying migration...
[19:39:44] ✓ gol.out updated after migration (mtime 1777570781 → 1777570784), simulation running!
[19:39:44] Total downtime: 3791 ms
[19:39:44] Effective bandwidth: 0.07 Mbps
[19:39:44] Metrics saved to /home/ivo/Evaluation-of-Live-Migration-Strategies-at-the-Edge/Game-of-life-migration/metrics/migration_metrics.csv
[exit=0]

$ python3 /home/ivo/Evaluation-of-Live-Migration-Strategies-at-the-Edge/Game-of-life-migration/scripts/setup/reset_nodes.py edge-node-1 edge-node-2
[19:39:45] Resetting nodes: edge-node-1 -> edge-node-2
[19:39:45] Step 1: Killing any existing processes on source...
[19:39:45]   Killing PID 19284 (from /home/ubuntu/app.pid)
[19:39:46]   Killing PID 19284 (from /home/ubuntu/gol.pid)
[19:39:46]   Killing any remaining background processes...
[19:39:48] Step 2: Cleaning source node...
[19:39:49] Step 3: Cleaning destination node...
[19:39:49]   Killing PID 19284 on destination (from /home/ubuntu/app.pid)
[19:39:50]   Killing PID 19284 on destination (from /home/ubuntu/gol.pid)
[19:39:50]   Killing all remaining gol processes on destination...
[19:39:54] ✓ Reset complete, nodes are clean
[19:39:54]   Next: Start your application
[exit=0]

$ bash /home/ivo/Evaluation-of-Live-Migration-Strategies-at-the-Edge/Game-of-life-migration/scripts/workloads/start_gol_c.sh edge-node-1
[19:39:54] Ensuring gol binary on edge-node-1...
[19:39:54] Reusing existing /tmp/gol on edge-node-1
[19:39:54] Starting gol on edge-node-1...
[19:39:55] ✓ Gol started
[exit=0]
[repeat] warmup 2s

$ python3 /home/ivo/Evaluation-of-Live-Migration-Strategies-at-the-Edge/Game-of-life-migration/scripts/orchestrators/criu_benchmark.py cold --source edge-node-1 --dest edge-node-2 --transfer-mode direct --run-id 30-04-2026-direct-cold-0065 --profile-name 1_WiFi_6
[19:39:58] Starting cold migration...
[19:39:58] Source: edge-node-1, Dest: edge-node-2
[19:39:58] Transfer mode: direct

[19:39:58] === COLD MIGRATION ===
[19:39:58] Step 1: Checking source process...
[19:39:58]   Using PID from /home/ubuntu/gol.pid: 20737
[19:39:59]   Architecture: x86_64 (compatible)
[19:39:59] Step 2: Dumping process with CRIU...
[19:39:59]   Checkpoint time: 296 ms
[19:39:59] Step 3: Creating archive...
[19:40:00]   Archive size: 25331 bytes
[19:40:00] Step 4: Transferring archive...
[19:40:00]   Setting up direct SSH trust...
Setting up SSH trust: edge-node-1 → ubuntu@10.138.215.137
  Adding public key to destination's authorized_keys...
  Testing SSH connectivity...
  ✓ SSH trust ready
Setting up SSH trust: edge-node-1 → ubuntu@10.138.215.137
  Adding public key to destination's authorized_keys...
  Testing SSH connectivity...
  ✓ SSH trust ready
  Transferring /home/ubuntu/CRIU-gol.tar.gz via SCP...
[19:40:05]   Transfer time: 3179 ms
[19:40:05] Step 5: Unpacking on destination...
[19:40:05] Step 6: Preparing restore environment...
[19:40:06] Step 6.5: Ensuring /tmp/gol binary is present on destination...
[19:40:06] Step 7: Restoring process...
[19:40:06]   Restore time: 275 ms
[19:40:07]   Restored PID: 20737 (written to /home/ubuntu/gol.pid)
[19:40:07] Step 8: Verifying migration...
[19:40:12] ✓ gol.out updated after migration (mtime 1777570809 → 1777570811), simulation running!
[19:40:12] Total downtime: 3750 ms
[19:40:12] Effective bandwidth: 0.06 Mbps
[19:40:12] Metrics saved to /home/ivo/Evaluation-of-Live-Migration-Strategies-at-the-Edge/Game-of-life-migration/metrics/migration_metrics.csv
[exit=0]

$ python3 /home/ivo/Evaluation-of-Live-Migration-Strategies-at-the-Edge/Game-of-life-migration/scripts/setup/reset_nodes.py edge-node-1 edge-node-2
[19:40:13] Resetting nodes: edge-node-1 -> edge-node-2
[19:40:13] Step 1: Killing any existing processes on source...
[19:40:13]   Killing PID 20737 (from /home/ubuntu/app.pid)
[19:40:14]   Killing PID 20737 (from /home/ubuntu/gol.pid)
[19:40:14]   Killing any remaining background processes...
[19:40:16] Step 2: Cleaning source node...
[19:40:17] Step 3: Cleaning destination node...
[19:40:17]   Killing PID 20737 on destination (from /home/ubuntu/app.pid)
[19:40:18]   Killing PID 20737 on destination (from /home/ubuntu/gol.pid)
[19:40:18]   Killing all remaining gol processes on destination...
[19:40:22] ✓ Reset complete, nodes are clean
[19:40:22]   Next: Start your application
[exit=0]

$ bash /home/ivo/Evaluation-of-Live-Migration-Strategies-at-the-Edge/Game-of-life-migration/scripts/workloads/start_gol_c.sh edge-node-1
[19:40:22] Ensuring gol binary on edge-node-1...
[19:40:22] Reusing existing /tmp/gol on edge-node-1
[19:40:22] Starting gol on edge-node-1...
[19:40:23] ✓ Gol started
[exit=0]
[repeat] warmup 2s

$ python3 /home/ivo/Evaluation-of-Live-Migration-Strategies-at-the-Edge/Game-of-life-migration/scripts/orchestrators/criu_benchmark.py cold --source edge-node-1 --dest edge-node-2 --transfer-mode direct --run-id 30-04-2026-direct-cold-0066 --profile-name 1_WiFi_6
[19:40:26] Starting cold migration...
[19:40:26] Source: edge-node-1, Dest: edge-node-2
[19:40:26] Transfer mode: direct

[19:40:26] === COLD MIGRATION ===
[19:40:26] Step 1: Checking source process...
[19:40:26]   Using PID from /home/ubuntu/gol.pid: 22194
[19:40:27]   Architecture: x86_64 (compatible)
[19:40:27] Step 2: Dumping process with CRIU...
[19:40:27]   Checkpoint time: 327 ms
[19:40:27] Step 3: Creating archive...
[19:40:28]   Archive size: 25339 bytes
[19:40:28] Step 4: Transferring archive...
[19:40:28]   Setting up direct SSH trust...
Setting up SSH trust: edge-node-1 → ubuntu@10.138.215.137
  Adding public key to destination's authorized_keys...
  Testing SSH connectivity...
  ✓ SSH trust ready
Setting up SSH trust: edge-node-1 → ubuntu@10.138.215.137
  Adding public key to destination's authorized_keys...
  Testing SSH connectivity...
  ✓ SSH trust ready
  Transferring /home/ubuntu/CRIU-gol.tar.gz via SCP...
[19:40:33]   Transfer time: 3114 ms
[19:40:33] Step 5: Unpacking on destination...
[19:40:34] Step 6: Preparing restore environment...
[19:40:34] Step 6.5: Ensuring /tmp/gol binary is present on destination...
[19:40:34] Step 7: Restoring process...
[19:40:35]   Restore time: 347 ms
[19:40:35]   Restored PID: 22194 (written to /home/ubuntu/gol.pid)
[19:40:35] Step 8: Verifying migration...
[19:40:41] ✓ gol.out updated after migration (mtime 1777570838 → 1777570840), simulation running!
[19:40:41] Total downtime: 3788 ms
[19:40:41] Effective bandwidth: 0.07 Mbps
[19:40:41] Metrics saved to /home/ivo/Evaluation-of-Live-Migration-Strategies-at-the-Edge/Game-of-life-migration/metrics/migration_metrics.csv
[exit=0]

$ python3 /home/ivo/Evaluation-of-Live-Migration-Strategies-at-the-Edge/Game-of-life-migration/scripts/setup/reset_nodes.py edge-node-1 edge-node-2
[19:40:41] Resetting nodes: edge-node-1 -> edge-node-2
[19:40:41] Step 1: Killing any existing processes on source...
[19:40:41]   Killing PID 22194 (from /home/ubuntu/app.pid)
[19:40:42]   Killing PID 22194 (from /home/ubuntu/gol.pid)
[19:40:43]   Killing any remaining background processes...
[19:40:44] Step 2: Cleaning source node...
[19:40:45] Step 3: Cleaning destination node...
[19:40:45]   Killing PID 22194 on destination (from /home/ubuntu/app.pid)
[19:40:46]   Killing PID 22194 on destination (from /home/ubuntu/gol.pid)
[19:40:47]   Killing all remaining gol processes on destination...
[19:40:50] ✓ Reset complete, nodes are clean
[19:40:50]   Next: Start your application
[exit=0]

$ bash /home/ivo/Evaluation-of-Live-Migration-Strategies-at-the-Edge/Game-of-life-migration/scripts/workloads/start_gol_c.sh edge-node-1
[19:40:50] Ensuring gol binary on edge-node-1...
[19:40:50] Reusing existing /tmp/gol on edge-node-1
[19:40:50] Starting gol on edge-node-1...
[19:40:52] ✓ Gol started
[exit=0]
[repeat] warmup 2s

$ python3 /home/ivo/Evaluation-of-Live-Migration-Strategies-at-the-Edge/Game-of-life-migration/scripts/orchestrators/criu_benchmark.py cold --source edge-node-1 --dest edge-node-2 --transfer-mode direct --run-id 30-04-2026-direct-cold-0067 --profile-name 1_WiFi_6
[19:40:54] Starting cold migration...
[19:40:54] Source: edge-node-1, Dest: edge-node-2
[19:40:54] Transfer mode: direct

[19:40:54] === COLD MIGRATION ===
[19:40:54] Step 1: Checking source process...
[19:40:55]   Using PID from /home/ubuntu/gol.pid: 23656
[19:40:55]   Architecture: x86_64 (compatible)
[19:40:55] Step 2: Dumping process with CRIU...
[19:40:56]   Checkpoint time: 337 ms
[19:40:56] Step 3: Creating archive...
[19:40:56]   Archive size: 25373 bytes
[19:40:56] Step 4: Transferring archive...
[19:40:56]   Setting up direct SSH trust...
Setting up SSH trust: edge-node-1 → ubuntu@10.138.215.137
  Adding public key to destination's authorized_keys...
  Testing SSH connectivity...
  ✓ SSH trust ready
Setting up SSH trust: edge-node-1 → ubuntu@10.138.215.137
  Adding public key to destination's authorized_keys...
  Testing SSH connectivity...
  ✓ SSH trust ready
  Transferring /home/ubuntu/CRIU-gol.tar.gz via SCP...
[19:41:01]   Transfer time: 3045 ms
[19:41:01] Step 5: Unpacking on destination...
[19:41:01] Step 6: Preparing restore environment...
[19:41:02] Step 6.5: Ensuring /tmp/gol binary is present on destination...
[19:41:02] Step 7: Restoring process...
[19:41:03]   Restore time: 305 ms
[19:41:03]   Restored PID: 23656 (written to /home/ubuntu/gol.pid)
[19:41:03] Step 8: Verifying migration...
[19:41:08] ✓ gol.out updated after migration (mtime 1777570866 → 1777570868), simulation running!
[19:41:08] Total downtime: 3687 ms
[19:41:08] Effective bandwidth: 0.07 Mbps
[19:41:08] Metrics saved to /home/ivo/Evaluation-of-Live-Migration-Strategies-at-the-Edge/Game-of-life-migration/metrics/migration_metrics.csv
[exit=0]

$ python3 /home/ivo/Evaluation-of-Live-Migration-Strategies-at-the-Edge/Game-of-life-migration/scripts/setup/reset_nodes.py edge-node-1 edge-node-2
[19:41:09] Resetting nodes: edge-node-1 -> edge-node-2
[19:41:09] Step 1: Killing any existing processes on source...
[19:41:09]   Killing PID 23656 (from /home/ubuntu/app.pid)
[19:41:10]   Killing PID 23656 (from /home/ubuntu/gol.pid)
[19:41:10]   Killing any remaining background processes...
[19:41:12] Step 2: Cleaning source node...
[19:41:13] Step 3: Cleaning destination node...
[19:41:13]   Killing PID 23656 on destination (from /home/ubuntu/app.pid)
[19:41:14]   Killing PID 23656 on destination (from /home/ubuntu/gol.pid)
[19:41:14]   Killing all remaining gol processes on destination...
[19:41:18] ✓ Reset complete, nodes are clean
[19:41:18]   Next: Start your application
[exit=0]

$ bash /home/ivo/Evaluation-of-Live-Migration-Strategies-at-the-Edge/Game-of-life-migration/scripts/workloads/start_gol_c.sh edge-node-1
[19:41:18] Ensuring gol binary on edge-node-1...
[19:41:18] Reusing existing /tmp/gol on edge-node-1
[19:41:18] Starting gol on edge-node-1...
[19:41:19] ✓ Gol started
[exit=0]
[repeat] warmup 2s

$ python3 /home/ivo/Evaluation-of-Live-Migration-Strategies-at-the-Edge/Game-of-life-migration/scripts/orchestrators/criu_benchmark.py cold --source edge-node-1 --dest edge-node-2 --transfer-mode direct --run-id 30-04-2026-direct-cold-0068 --profile-name 1_WiFi_6
[19:41:22] Starting cold migration...
[19:41:22] Source: edge-node-1, Dest: edge-node-2
[19:41:22] Transfer mode: direct

[19:41:22] === COLD MIGRATION ===
[19:41:22] Step 1: Checking source process...
[19:41:22]   Using PID from /home/ubuntu/gol.pid: 25100
[19:41:23]   Architecture: x86_64 (compatible)
[19:41:23] Step 2: Dumping process with CRIU...
[19:41:23]   Checkpoint time: 311 ms
[19:41:23] Step 3: Creating archive...
[19:41:24]   Archive size: 25509 bytes
[19:41:24] Step 4: Transferring archive...
[19:41:24]   Setting up direct SSH trust...
Setting up SSH trust: edge-node-1 → ubuntu@10.138.215.137
  Adding public key to destination's authorized_keys...
  Testing SSH connectivity...
  ✓ SSH trust ready
Setting up SSH trust: edge-node-1 → ubuntu@10.138.215.137
  Adding public key to destination's authorized_keys...
  Testing SSH connectivity...
  ✓ SSH trust ready
  Transferring /home/ubuntu/CRIU-gol.tar.gz via SCP...
[19:41:29]   Transfer time: 3503 ms
[19:41:29] Step 5: Unpacking on destination...
[19:41:30] Step 6: Preparing restore environment...
[19:41:31] Step 6.5: Ensuring /tmp/gol binary is present on destination...
[19:41:31] Step 7: Restoring process...
[19:41:31]   Restore time: 299 ms
[19:41:31]   Restored PID: 25100 (written to /home/ubuntu/gol.pid)
[19:41:31] Step 8: Verifying migration...
[19:41:37] ✓ gol.out updated after migration (mtime 1777570894 → 1777570897), simulation running!
[19:41:37] Total downtime: 4113 ms
[19:41:37] Effective bandwidth: 0.06 Mbps
[19:41:37] Metrics saved to /home/ivo/Evaluation-of-Live-Migration-Strategies-at-the-Edge/Game-of-life-migration/metrics/migration_metrics.csv
[exit=0]

$ python3 /home/ivo/Evaluation-of-Live-Migration-Strategies-at-the-Edge/Game-of-life-migration/scripts/setup/reset_nodes.py edge-node-1 edge-node-2
[19:41:38] Resetting nodes: edge-node-1 -> edge-node-2
[19:41:38] Step 1: Killing any existing processes on source...
[19:41:38]   Killing PID 25100 (from /home/ubuntu/app.pid)
[19:41:39]   Killing PID 25100 (from /home/ubuntu/gol.pid)
[19:41:39]   Killing any remaining background processes...
[19:41:40] Step 2: Cleaning source node...
[19:41:42] Step 3: Cleaning destination node...
[19:41:42]   Killing PID 25100 on destination (from /home/ubuntu/app.pid)
[19:41:43]   Killing PID 25100 on destination (from /home/ubuntu/gol.pid)
[19:41:43]   Killing all remaining gol processes on destination...
[19:41:46] ✓ Reset complete, nodes are clean
[19:41:46]   Next: Start your application
[exit=0]

$ bash /home/ivo/Evaluation-of-Live-Migration-Strategies-at-the-Edge/Game-of-life-migration/scripts/workloads/start_gol_c.sh edge-node-1
[19:41:46] Ensuring gol binary on edge-node-1...
[19:41:47] Reusing existing /tmp/gol on edge-node-1
[19:41:47] Starting gol on edge-node-1...
[19:41:48] ✓ Gol started
[exit=0]
[repeat] warmup 2s

$ python3 /home/ivo/Evaluation-of-Live-Migration-Strategies-at-the-Edge/Game-of-life-migration/scripts/orchestrators/criu_benchmark.py cold --source edge-node-1 --dest edge-node-2 --transfer-mode direct --run-id 30-04-2026-direct-cold-0069 --profile-name 1_WiFi_6
[19:41:50] Starting cold migration...
[19:41:50] Source: edge-node-1, Dest: edge-node-2
[19:41:50] Transfer mode: direct

[19:41:50] === COLD MIGRATION ===
[19:41:50] Step 1: Checking source process...
[19:41:51]   Using PID from /home/ubuntu/gol.pid: 26563
[19:41:51]   Architecture: x86_64 (compatible)
[19:41:51] Step 2: Dumping process with CRIU...
[19:41:52]   Checkpoint time: 323 ms
[19:41:52] Step 3: Creating archive...
[19:41:52]   Archive size: 25264 bytes
[19:41:52] Step 4: Transferring archive...
[19:41:52]   Setting up direct SSH trust...
Setting up SSH trust: edge-node-1 → ubuntu@10.138.215.137
  Adding public key to destination's authorized_keys...
  Testing SSH connectivity...
  ✓ SSH trust ready
Setting up SSH trust: edge-node-1 → ubuntu@10.138.215.137
  Adding public key to destination's authorized_keys...
  Testing SSH connectivity...
  ✓ SSH trust ready
  Transferring /home/ubuntu/CRIU-gol.tar.gz via SCP...
[19:41:57]   Transfer time: 3168 ms
[19:41:57] Step 5: Unpacking on destination...
[19:41:58] Step 6: Preparing restore environment...
[19:41:58] Step 6.5: Ensuring /tmp/gol binary is present on destination...
[19:41:59] Step 7: Restoring process...
[19:41:59]   Restore time: 272 ms
[19:41:59]   Restored PID: 26563 (written to /home/ubuntu/gol.pid)
[19:41:59] Step 8: Verifying migration...
[19:42:05] ✓ gol.out updated after migration (mtime 1777570922 → 1777570924), simulation running!
[19:42:05] Total downtime: 3763 ms
[19:42:05] Effective bandwidth: 0.06 Mbps
[19:42:05] Metrics saved to /home/ivo/Evaluation-of-Live-Migration-Strategies-at-the-Edge/Game-of-life-migration/metrics/migration_metrics.csv
[exit=0]

$ python3 /home/ivo/Evaluation-of-Live-Migration-Strategies-at-the-Edge/Game-of-life-migration/scripts/setup/reset_nodes.py edge-node-1 edge-node-2
[19:42:05] Resetting nodes: edge-node-1 -> edge-node-2
[19:42:05] Step 1: Killing any existing processes on source...
[19:42:05]   Killing PID 26563 (from /home/ubuntu/app.pid)
[19:42:06]   Killing PID 26563 (from /home/ubuntu/gol.pid)
[19:42:07]   Killing any remaining background processes...
[19:42:08] Step 2: Cleaning source node...
[19:42:09] Step 3: Cleaning destination node...
[19:42:09]   Killing PID 26563 on destination (from /home/ubuntu/app.pid)
[19:42:10]   Killing PID 26563 on destination (from /home/ubuntu/gol.pid)
[19:42:11]   Killing all remaining gol processes on destination...
[19:42:14] ✓ Reset complete, nodes are clean
[19:42:14]   Next: Start your application
[exit=0]

$ bash /home/ivo/Evaluation-of-Live-Migration-Strategies-at-the-Edge/Game-of-life-migration/scripts/workloads/start_gol_c.sh edge-node-1
[19:42:14] Ensuring gol binary on edge-node-1...
[19:42:14] Reusing existing /tmp/gol on edge-node-1
[19:42:14] Starting gol on edge-node-1...
[19:42:16] ✓ Gol started
[exit=0]
[repeat] warmup 2s

$ python3 /home/ivo/Evaluation-of-Live-Migration-Strategies-at-the-Edge/Game-of-life-migration/scripts/orchestrators/criu_benchmark.py cold --source edge-node-1 --dest edge-node-2 --transfer-mode direct --run-id 30-04-2026-direct-cold-0070 --profile-name 1_WiFi_6
[19:42:18] Starting cold migration...
[19:42:18] Source: edge-node-1, Dest: edge-node-2
[19:42:18] Transfer mode: direct

[19:42:18] === COLD MIGRATION ===
[19:42:18] Step 1: Checking source process...
[19:42:19]   Using PID from /home/ubuntu/gol.pid: 28020
[19:42:19]   Architecture: x86_64 (compatible)
[19:42:19] Step 2: Dumping process with CRIU...
[19:42:19]   Checkpoint time: 322 ms
[19:42:19] Step 3: Creating archive...
[19:42:20]   Archive size: 25351 bytes
[19:42:20] Step 4: Transferring archive...
[19:42:20]   Setting up direct SSH trust...
Setting up SSH trust: edge-node-1 → ubuntu@10.138.215.137
  Adding public key to destination's authorized_keys...
  Testing SSH connectivity...
  ✓ SSH trust ready
Setting up SSH trust: edge-node-1 → ubuntu@10.138.215.137
  Adding public key to destination's authorized_keys...
  Testing SSH connectivity...
  ✓ SSH trust ready
  Transferring /home/ubuntu/CRIU-gol.tar.gz via SCP...
[19:42:25]   Transfer time: 3088 ms
[19:42:25] Step 5: Unpacking on destination...
[19:42:25] Step 6: Preparing restore environment...
[19:42:26] Step 6.5: Ensuring /tmp/gol binary is present on destination...
[19:42:26] Step 7: Restoring process...
[19:42:26]   Restore time: 310 ms
[19:42:27]   Restored PID: 28020 (written to /home/ubuntu/gol.pid)
[19:42:27] Step 8: Verifying migration...
[19:42:33] ✓ gol.out updated after migration (mtime 1777570949 → 1777570952), simulation running!
[19:42:33] Total downtime: 3720 ms
[19:42:33] Effective bandwidth: 0.07 Mbps
[19:42:33] Metrics saved to /home/ivo/Evaluation-of-Live-Migration-Strategies-at-the-Edge/Game-of-life-migration/metrics/migration_metrics.csv
[exit=0]

$ python3 /home/ivo/Evaluation-of-Live-Migration-Strategies-at-the-Edge/Game-of-life-migration/scripts/setup/reset_nodes.py edge-node-1 edge-node-2
[19:42:33] Resetting nodes: edge-node-1 -> edge-node-2
[19:42:33] Step 1: Killing any existing processes on source...
[19:42:34]   Killing PID 28020 (from /home/ubuntu/app.pid)
[19:42:34]   Killing PID 28020 (from /home/ubuntu/gol.pid)
[19:42:35]   Killing any remaining background processes...
[19:42:36] Step 2: Cleaning source node...
[19:42:37] Step 3: Cleaning destination node...
[19:42:38]   Killing PID 28020 on destination (from /home/ubuntu/app.pid)
[19:42:38]   Killing PID 28020 on destination (from /home/ubuntu/gol.pid)
[19:42:39]   Killing all remaining gol processes on destination...
[19:42:42] ✓ Reset complete, nodes are clean
[19:42:42]   Next: Start your application
[exit=0]

$ bash /home/ivo/Evaluation-of-Live-Migration-Strategies-at-the-Edge/Game-of-life-migration/scripts/workloads/start_gol_c.sh edge-node-1
[19:42:42] Ensuring gol binary on edge-node-1...
[19:42:43] Reusing existing /tmp/gol on edge-node-1
[19:42:43] Starting gol on edge-node-1...
[19:42:44] ✓ Gol started
[exit=0]
[repeat] warmup 2s

$ python3 /home/ivo/Evaluation-of-Live-Migration-Strategies-at-the-Edge/Game-of-life-migration/scripts/orchestrators/criu_benchmark.py cold --source edge-node-1 --dest edge-node-2 --transfer-mode direct --run-id 30-04-2026-direct-cold-0071 --profile-name 1_WiFi_6
[19:42:46] Starting cold migration...
[19:42:46] Source: edge-node-1, Dest: edge-node-2
[19:42:46] Transfer mode: direct

[19:42:46] === COLD MIGRATION ===
[19:42:46] Step 1: Checking source process...
[19:42:47]   Using PID from /home/ubuntu/gol.pid: 29482
[19:42:47]   Architecture: x86_64 (compatible)
[19:42:47] Step 2: Dumping process with CRIU...
[19:42:48]   Checkpoint time: 347 ms
[19:42:48] Step 3: Creating archive...
[19:42:48]   Archive size: 25296 bytes
[19:42:48] Step 4: Transferring archive...
[19:42:48]   Setting up direct SSH trust...
Setting up SSH trust: edge-node-1 → ubuntu@10.138.215.137
  Adding public key to destination's authorized_keys...
  Testing SSH connectivity...
  ✓ SSH trust ready
Setting up SSH trust: edge-node-1 → ubuntu@10.138.215.137
  Adding public key to destination's authorized_keys...
  Testing SSH connectivity...
  ✓ SSH trust ready
  Transferring /home/ubuntu/CRIU-gol.tar.gz via SCP...
[19:42:53]   Transfer time: 3073 ms
[19:42:53] Step 5: Unpacking on destination...
[19:42:54] Step 6: Preparing restore environment...
[19:42:54] Step 6.5: Ensuring /tmp/gol binary is present on destination...
[19:42:55] Step 7: Restoring process...
[19:42:55]   Restore time: 287 ms
[19:42:55]   Restored PID: 29482 (written to /home/ubuntu/gol.pid)
[19:42:55] Step 8: Verifying migration...
[19:43:01] ✓ gol.out updated after migration (mtime 1777570978 → 1777570980), simulation running!
[19:43:01] Total downtime: 3707 ms
[19:43:01] Effective bandwidth: 0.07 Mbps
[19:43:01] Metrics saved to /home/ivo/Evaluation-of-Live-Migration-Strategies-at-the-Edge/Game-of-life-migration/metrics/migration_metrics.csv
[exit=0]

$ python3 /home/ivo/Evaluation-of-Live-Migration-Strategies-at-the-Edge/Game-of-life-migration/scripts/setup/reset_nodes.py edge-node-1 edge-node-2
[19:43:01] Resetting nodes: edge-node-1 -> edge-node-2
[19:43:01] Step 1: Killing any existing processes on source...
[19:43:01]   Killing PID 29482 (from /home/ubuntu/app.pid)
[19:43:02]   Killing PID 29482 (from /home/ubuntu/gol.pid)
[19:43:03]   Killing any remaining background processes...
[19:43:04] Step 2: Cleaning source node...
[19:43:05] Step 3: Cleaning destination node...
[19:43:06]   Killing PID 29482 on destination (from /home/ubuntu/app.pid)
[19:43:06]   Killing PID 29482 on destination (from /home/ubuntu/gol.pid)
[19:43:07]   Killing all remaining gol processes on destination...
[19:43:10] ✓ Reset complete, nodes are clean
[19:43:10]   Next: Start your application
[exit=0]

$ bash /home/ivo/Evaluation-of-Live-Migration-Strategies-at-the-Edge/Game-of-life-migration/scripts/workloads/start_gol_c.sh edge-node-1
[19:43:10] Ensuring gol binary on edge-node-1...
[19:43:10] Reusing existing /tmp/gol on edge-node-1
[19:43:10] Starting gol on edge-node-1...
[19:43:12] ✓ Gol started
[exit=0]
[repeat] warmup 2s

$ python3 /home/ivo/Evaluation-of-Live-Migration-Strategies-at-the-Edge/Game-of-life-migration/scripts/orchestrators/criu_benchmark.py precopy --source edge-node-1 --dest edge-node-2 --transfer-mode host --run-id 30-04-2026-host-precopy-0026 --relay-node edge-host-1 --iterations 3 --profile-name 1_WiFi_6
[19:43:14] Starting precopy migration...
[19:43:14] Source: edge-node-1, Dest: edge-node-2
[19:43:14] Transfer mode: host
[19:43:14] Relay node: edge-host-1

[19:43:14] === PRE-COPY LIVE MIGRATION ===
[19:43:14] Step 1: Checking source process...
[19:43:15]   Using PID from /home/ubuntu/gol.pid: 30927
[19:43:15]   Architecture: x86_64 (compatible)
[19:43:15] Step 2: Preparing dump directory...
[19:43:16] Step 3: Running 3 pre-dumps...
[19:43:16]   Pre-dump 1/3...
[19:43:17]   Pre-dump 2/3...
[19:43:18]   Pre-dump 3/3...
[19:43:20]   Total pre-dump time: 3916 ms
[19:43:20] Step 4: Final dump (freezing service)...
[19:43:20]   Final dump time (freeze duration): 297 ms
[19:43:20] Step 5: Creating archive...
[19:43:20]   Archive size: 33767 bytes
[19:43:20] Step 6: Transferring archive...
  Transferring /tmp/CRIU-gol.tar.gz via relay node edge-host-1...
Setting up SSH trust: edge-node-1 → ubuntu@10.138.215.36
  Adding public key to destination's authorized_keys...
  Testing SSH connectivity...
  ✓ SSH trust ready
Setting up SSH trust: edge-host-1 → ubuntu@10.138.215.137
  Adding public key to destination's authorized_keys...
  Testing SSH connectivity...
  ✓ SSH trust ready
[19:43:27]   Transfer time: 7074 ms
[19:43:27] Step 7: Unpacking on destination...
[19:43:28] Step 7.5: Ensuring gol output file exists on destination...
[19:43:28] Step 7.8: Ensuring /tmp/gol binary is present on destination...
[19:43:28] Step 8: Restoring process...
[19:43:29]   Restore time: 271 ms
[19:43:29]   Restored PID: 30927 (written to /home/ubuntu/gol.pid)
[19:43:29] Step 9: Verifying migration...
[19:43:35] ✓ gol.out updated after migration (mtime 1777571012 → 1777571015), simulation running!
[19:43:35] Total downtime: 7642 ms (final_dump: 297 + transfer: 7074 + restore: 271)
[19:43:35] Pre-dump time (not counted as downtime): 3916 ms
[19:43:35] Effective bandwidth: 0.04 Mbps
[19:43:35] Metrics saved to /home/ivo/Evaluation-of-Live-Migration-Strategies-at-the-Edge/Game-of-life-migration/metrics/migration_metrics.csv
[exit=0]

$ python3 /home/ivo/Evaluation-of-Live-Migration-Strategies-at-the-Edge/Game-of-life-migration/scripts/setup/reset_nodes.py edge-node-1 edge-node-2
[19:43:35] Resetting nodes: edge-node-1 -> edge-node-2
[19:43:35] Step 1: Killing any existing processes on source...
[19:43:36]   Killing PID 30927 (from /home/ubuntu/app.pid)
[19:43:36]   Killing PID 30927 (from /home/ubuntu/gol.pid)
[19:43:37]   Killing any remaining background processes...
[19:43:38] Step 2: Cleaning source node...
[19:43:39] Step 3: Cleaning destination node...
[19:43:40]   Killing PID 30927 on destination (from /home/ubuntu/app.pid)
[19:43:40]   Killing PID 30927 on destination (from /home/ubuntu/gol.pid)
[19:43:41]   Killing all remaining gol processes on destination...
[19:43:44] ✓ Reset complete, nodes are clean
[19:43:44]   Next: Start your application
[exit=0]

$ bash /home/ivo/Evaluation-of-Live-Migration-Strategies-at-the-Edge/Game-of-life-migration/scripts/workloads/start_gol_c.sh edge-node-1
[19:43:44] Ensuring gol binary on edge-node-1...
[19:43:45] Reusing existing /tmp/gol on edge-node-1
[19:43:45] Starting gol on edge-node-1...
[19:43:46] ✓ Gol started
[exit=0]
[repeat] warmup 2s

$ python3 /home/ivo/Evaluation-of-Live-Migration-Strategies-at-the-Edge/Game-of-life-migration/scripts/orchestrators/criu_benchmark.py precopy --source edge-node-1 --dest edge-node-2 --transfer-mode host --run-id 30-04-2026-host-precopy-0027 --relay-node edge-host-1 --iterations 3 --profile-name 1_WiFi_6
[19:43:48] Starting precopy migration...
[19:43:48] Source: edge-node-1, Dest: edge-node-2
[19:43:48] Transfer mode: host
[19:43:48] Relay node: edge-host-1

[19:43:48] === PRE-COPY LIVE MIGRATION ===
[19:43:48] Step 1: Checking source process...
[19:43:49]   Using PID from /home/ubuntu/gol.pid: 32505
[19:43:49]   Architecture: x86_64 (compatible)
[19:43:49] Step 2: Preparing dump directory...
[19:43:50] Step 3: Running 3 pre-dumps...
[19:43:50]   Pre-dump 1/3...
[19:43:51]   Pre-dump 2/3...
[19:43:52]   Pre-dump 3/3...
[19:43:54]   Total pre-dump time: 3899 ms
[19:43:54] Step 4: Final dump (freezing service)...
[19:43:54]   Final dump time (freeze duration): 298 ms
[19:43:54] Step 5: Creating archive...
[19:43:54]   Archive size: 33607 bytes
[19:43:54] Step 6: Transferring archive...
  Transferring /tmp/CRIU-gol.tar.gz via relay node edge-host-1...
Setting up SSH trust: edge-node-1 → ubuntu@10.138.215.36
  Adding public key to destination's authorized_keys...
  Testing SSH connectivity...
  ✓ SSH trust ready
Setting up SSH trust: edge-host-1 → ubuntu@10.138.215.137
  Adding public key to destination's authorized_keys...
  Testing SSH connectivity...
  ✓ SSH trust ready
[19:44:01]   Transfer time: 6809 ms
[19:44:01] Step 7: Unpacking on destination...
[19:44:02] Step 7.5: Ensuring gol output file exists on destination...
[19:44:02] Step 7.8: Ensuring /tmp/gol binary is present on destination...
[19:44:02] Step 8: Restoring process...
[19:44:02]   Restore time: 314 ms
[19:44:03]   Restored PID: 32505 (written to /home/ubuntu/gol.pid)
[19:44:03] Step 9: Verifying migration...
[19:44:08] ✓ gol.out updated after migration (mtime 1777571045 → 1777571047), simulation running!
[19:44:08] Total downtime: 7421 ms (final_dump: 298 + transfer: 6809 + restore: 314)
[19:44:08] Pre-dump time (not counted as downtime): 3899 ms
[19:44:08] Effective bandwidth: 0.04 Mbps
[19:44:08] Metrics saved to /home/ivo/Evaluation-of-Live-Migration-Strategies-at-the-Edge/Game-of-life-migration/metrics/migration_metrics.csv
[exit=0]

$ python3 /home/ivo/Evaluation-of-Live-Migration-Strategies-at-the-Edge/Game-of-life-migration/scripts/setup/reset_nodes.py edge-node-1 edge-node-2
[19:44:09] Resetting nodes: edge-node-1 -> edge-node-2
[19:44:09] Step 1: Killing any existing processes on source...
[19:44:09]   Killing PID 32505 (from /home/ubuntu/app.pid)
[19:44:10]   Killing PID 32505 (from /home/ubuntu/gol.pid)
[19:44:10]   Killing any remaining background processes...
[19:44:12] Step 2: Cleaning source node...
[19:44:13] Step 3: Cleaning destination node...
[19:44:13]   Killing PID 32505 on destination (from /home/ubuntu/app.pid)
[19:44:14]   Killing PID 32505 on destination (from /home/ubuntu/gol.pid)
[19:44:14]   Killing all remaining gol processes on destination...
[19:44:18] ✓ Reset complete, nodes are clean
[19:44:18]   Next: Start your application
[exit=0]

$ bash /home/ivo/Evaluation-of-Live-Migration-Strategies-at-the-Edge/Game-of-life-migration/scripts/workloads/start_gol_c.sh edge-node-1
[19:44:18] Ensuring gol binary on edge-node-1...
[19:44:18] Reusing existing /tmp/gol on edge-node-1
[19:44:18] Starting gol on edge-node-1...
[19:44:19] ✓ Gol started
[exit=0]
[repeat] warmup 2s

$ python3 /home/ivo/Evaluation-of-Live-Migration-Strategies-at-the-Edge/Game-of-life-migration/scripts/orchestrators/criu_benchmark.py precopy --source edge-node-1 --dest edge-node-2 --transfer-mode host --run-id 30-04-2026-host-precopy-0028 --relay-node edge-host-1 --iterations 3 --profile-name 1_WiFi_6
[19:44:22] Starting precopy migration...
[19:44:22] Source: edge-node-1, Dest: edge-node-2
[19:44:22] Transfer mode: host
[19:44:22] Relay node: edge-host-1

[19:44:22] === PRE-COPY LIVE MIGRATION ===
[19:44:22] Step 1: Checking source process...
[19:44:22]   Using PID from /home/ubuntu/gol.pid: 34065
[19:44:23]   Architecture: x86_64 (compatible)
[19:44:23] Step 2: Preparing dump directory...
[19:44:23] Step 3: Running 3 pre-dumps...
[19:44:23]   Pre-dump 1/3...
[19:44:24]   Pre-dump 2/3...
[19:44:26]   Pre-dump 3/3...
[19:44:27]   Total pre-dump time: 4030 ms
[19:44:27] Step 4: Final dump (freezing service)...
[19:44:28]   Final dump time (freeze duration): 303 ms
[19:44:28] Step 5: Creating archive...
[19:44:28]   Archive size: 33690 bytes
[19:44:28] Step 6: Transferring archive...
  Transferring /tmp/CRIU-gol.tar.gz via relay node edge-host-1...
Setting up SSH trust: edge-node-1 → ubuntu@10.138.215.36
  Adding public key to destination's authorized_keys...
  Testing SSH connectivity...
  ✓ SSH trust ready
Setting up SSH trust: edge-host-1 → ubuntu@10.138.215.137
  Adding public key to destination's authorized_keys...
  Testing SSH connectivity...
  ✓ SSH trust ready
[19:44:35]   Transfer time: 7103 ms
[19:44:35] Step 7: Unpacking on destination...
[19:44:36] Step 7.5: Ensuring gol output file exists on destination...
[19:44:36] Step 7.8: Ensuring /tmp/gol binary is present on destination...
[19:44:36] Step 8: Restoring process...
[19:44:37]   Restore time: 264 ms
[19:44:37]   Restored PID: 34065 (written to /home/ubuntu/gol.pid)
[19:44:37] Step 9: Verifying migration...
[19:44:42] ✓ gol.out updated after migration (mtime 1777571080 → 1777571082), simulation running!
[19:44:42] Total downtime: 7670 ms (final_dump: 303 + transfer: 7103 + restore: 264)
[19:44:42] Pre-dump time (not counted as downtime): 4030 ms
[19:44:42] Effective bandwidth: 0.04 Mbps
[19:44:42] Metrics saved to /home/ivo/Evaluation-of-Live-Migration-Strategies-at-the-Edge/Game-of-life-migration/metrics/migration_metrics.csv
[exit=0]

$ python3 /home/ivo/Evaluation-of-Live-Migration-Strategies-at-the-Edge/Game-of-life-migration/scripts/setup/reset_nodes.py edge-node-1 edge-node-2
[19:44:43] Resetting nodes: edge-node-1 -> edge-node-2
[19:44:43] Step 1: Killing any existing processes on source...
[19:44:44]   Killing PID 34065 (from /home/ubuntu/app.pid)
[19:44:44]   Killing PID 34065 (from /home/ubuntu/gol.pid)
[19:44:45]   Killing any remaining background processes...
[19:44:46] Step 2: Cleaning source node...
[19:44:47] Step 3: Cleaning destination node...
[19:44:48]   Killing PID 34065 on destination (from /home/ubuntu/app.pid)
[19:44:48]   Killing PID 34065 on destination (from /home/ubuntu/gol.pid)
[19:44:49]   Killing all remaining gol processes on destination...
[19:44:52] ✓ Reset complete, nodes are clean
[19:44:52]   Next: Start your application
[exit=0]

$ bash /home/ivo/Evaluation-of-Live-Migration-Strategies-at-the-Edge/Game-of-life-migration/scripts/workloads/start_gol_c.sh edge-node-1
[19:44:52] Ensuring gol binary on edge-node-1...
[19:44:53] Reusing existing /tmp/gol on edge-node-1
[19:44:53] Starting gol on edge-node-1...
[19:44:54] ✓ Gol started
[exit=0]
[repeat] warmup 2s

$ python3 /home/ivo/Evaluation-of-Live-Migration-Strategies-at-the-Edge/Game-of-life-migration/scripts/orchestrators/criu_benchmark.py precopy --source edge-node-1 --dest edge-node-2 --transfer-mode host --run-id 30-04-2026-host-precopy-0029 --relay-node edge-host-1 --iterations 3 --profile-name 1_WiFi_6
[19:44:56] Starting precopy migration...
[19:44:56] Source: edge-node-1, Dest: edge-node-2
[19:44:56] Transfer mode: host
[19:44:56] Relay node: edge-host-1

[19:44:56] === PRE-COPY LIVE MIGRATION ===
[19:44:56] Step 1: Checking source process...
[19:44:57]   Using PID from /home/ubuntu/gol.pid: 35635
[19:44:57]   Architecture: x86_64 (compatible)
[19:44:57] Step 2: Preparing dump directory...
[19:44:58] Step 3: Running 3 pre-dumps...
[19:44:58]   Pre-dump 1/3...
[19:44:59]   Pre-dump 2/3...
[19:45:00]   Pre-dump 3/3...
[19:45:02]   Total pre-dump time: 3926 ms
[19:45:02] Step 4: Final dump (freezing service)...
[19:45:02]   Final dump time (freeze duration): 329 ms
[19:45:02] Step 5: Creating archive...
[19:45:03]   Archive size: 33134 bytes
[19:45:03] Step 6: Transferring archive...
  Transferring /tmp/CRIU-gol.tar.gz via relay node edge-host-1...
Setting up SSH trust: edge-node-1 → ubuntu@10.138.215.36
  Adding public key to destination's authorized_keys...
  Testing SSH connectivity...
  ✓ SSH trust ready
Setting up SSH trust: edge-host-1 → ubuntu@10.138.215.137
  Adding public key to destination's authorized_keys...
  Testing SSH connectivity...
  ✓ SSH trust ready
[19:45:09]   Transfer time: 6691 ms
[19:45:09] Step 7: Unpacking on destination...
[19:45:10] Step 7.5: Ensuring gol output file exists on destination...
[19:45:10] Step 7.8: Ensuring /tmp/gol binary is present on destination...
[19:45:10] Step 8: Restoring process...
[19:45:11]   Restore time: 384 ms
[19:45:11]   Restored PID: 35635 (written to /home/ubuntu/gol.pid)
[19:45:11] Step 9: Verifying migration...
[19:45:16] ✓ gol.out updated after migration (mtime 1777571114 → 1777571116), simulation running!
[19:45:16] Total downtime: 7404 ms (final_dump: 329 + transfer: 6691 + restore: 384)
[19:45:16] Pre-dump time (not counted as downtime): 3926 ms
[19:45:16] Effective bandwidth: 0.04 Mbps
[19:45:16] Metrics saved to /home/ivo/Evaluation-of-Live-Migration-Strategies-at-the-Edge/Game-of-life-migration/metrics/migration_metrics.csv
[exit=0]

$ python3 /home/ivo/Evaluation-of-Live-Migration-Strategies-at-the-Edge/Game-of-life-migration/scripts/setup/reset_nodes.py edge-node-1 edge-node-2
[19:45:17] Resetting nodes: edge-node-1 -> edge-node-2
[19:45:17] Step 1: Killing any existing processes on source...
[19:45:17]   Killing PID 35635 (from /home/ubuntu/app.pid)
[19:45:18]   Killing PID 35635 (from /home/ubuntu/gol.pid)
[19:45:18]   Killing any remaining background processes...
[19:45:20] Step 2: Cleaning source node...
[19:45:21] Step 3: Cleaning destination node...
[19:45:21]   Killing PID 35635 on destination (from /home/ubuntu/app.pid)
[19:45:22]   Killing PID 35635 on destination (from /home/ubuntu/gol.pid)
[19:45:22]   Killing all remaining gol processes on destination...
[19:45:26] ✓ Reset complete, nodes are clean
[19:45:26]   Next: Start your application
[exit=0]

$ bash /home/ivo/Evaluation-of-Live-Migration-Strategies-at-the-Edge/Game-of-life-migration/scripts/workloads/start_gol_c.sh edge-node-1
[19:45:26] Ensuring gol binary on edge-node-1...
[19:45:26] Reusing existing /tmp/gol on edge-node-1
[19:45:26] Starting gol on edge-node-1...
[19:45:27] ✓ Gol started
[exit=0]
[repeat] warmup 2s

$ python3 /home/ivo/Evaluation-of-Live-Migration-Strategies-at-the-Edge/Game-of-life-migration/scripts/orchestrators/criu_benchmark.py precopy --source edge-node-1 --dest edge-node-2 --transfer-mode host --run-id 30-04-2026-host-precopy-0030 --relay-node edge-host-1 --iterations 3 --profile-name 1_WiFi_6
[19:45:30] Starting precopy migration...
[19:45:30] Source: edge-node-1, Dest: edge-node-2
[19:45:30] Transfer mode: host
[19:45:30] Relay node: edge-host-1

[19:45:30] === PRE-COPY LIVE MIGRATION ===
[19:45:30] Step 1: Checking source process...
[19:45:30]   Using PID from /home/ubuntu/gol.pid: 37206
[19:45:31]   Architecture: x86_64 (compatible)
[19:45:31] Step 2: Preparing dump directory...
[19:45:31] Step 3: Running 3 pre-dumps...
[19:45:31]   Pre-dump 1/3...
[19:45:32]   Pre-dump 2/3...
[19:45:34]   Pre-dump 3/3...
[19:45:35]   Total pre-dump time: 3938 ms
[19:45:35] Step 4: Final dump (freezing service)...
[19:45:35]   Final dump time (freeze duration): 312 ms
[19:45:35] Step 5: Creating archive...
[19:45:36]   Archive size: 33570 bytes
[19:45:36] Step 6: Transferring archive...
  Transferring /tmp/CRIU-gol.tar.gz via relay node edge-host-1...
Setting up SSH trust: edge-node-1 → ubuntu@10.138.215.36
  Adding public key to destination's authorized_keys...
  Testing SSH connectivity...
  ✓ SSH trust ready
Setting up SSH trust: edge-host-1 → ubuntu@10.138.215.137
  Adding public key to destination's authorized_keys...
  Testing SSH connectivity...
  ✓ SSH trust ready
[19:45:43]   Transfer time: 7192 ms
[19:45:43] Step 7: Unpacking on destination...
[19:45:43] Step 7.5: Ensuring gol output file exists on destination...
[19:45:44] Step 7.8: Ensuring /tmp/gol binary is present on destination...
[19:45:44] Step 8: Restoring process...
[19:45:44]   Restore time: 267 ms
[19:45:45]   Restored PID: 37206 (written to /home/ubuntu/gol.pid)
[19:45:45] Step 9: Verifying migration...
[19:45:50] ✓ gol.out updated after migration (mtime 1777571147 → 1777571149), simulation running!
[19:45:50] Total downtime: 7771 ms (final_dump: 312 + transfer: 7192 + restore: 267)
[19:45:50] Pre-dump time (not counted as downtime): 3938 ms
[19:45:50] Effective bandwidth: 0.04 Mbps
[19:45:50] Metrics saved to /home/ivo/Evaluation-of-Live-Migration-Strategies-at-the-Edge/Game-of-life-migration/metrics/migration_metrics.csv
[exit=0]

$ python3 /home/ivo/Evaluation-of-Live-Migration-Strategies-at-the-Edge/Game-of-life-migration/scripts/setup/reset_nodes.py edge-node-1 edge-node-2
[19:45:51] Resetting nodes: edge-node-1 -> edge-node-2
[19:45:51] Step 1: Killing any existing processes on source...
[19:45:51]   Killing PID 37206 (from /home/ubuntu/app.pid)
[19:45:52]   Killing PID 37206 (from /home/ubuntu/gol.pid)
[19:45:52]   Killing any remaining background processes...
[19:45:54] Step 2: Cleaning source node...
[19:45:55] Step 3: Cleaning destination node...
[19:45:55]   Killing PID 37206 on destination (from /home/ubuntu/app.pid)
[19:45:56]   Killing PID 37206 on destination (from /home/ubuntu/gol.pid)
[19:45:57]   Killing all remaining gol processes on destination...
[19:46:00] ✓ Reset complete, nodes are clean
[19:46:00]   Next: Start your application
[exit=0]

$ bash /home/ivo/Evaluation-of-Live-Migration-Strategies-at-the-Edge/Game-of-life-migration/scripts/workloads/start_gol_c.sh edge-node-1
[19:46:00] Ensuring gol binary on edge-node-1...
[19:46:00] Reusing existing /tmp/gol on edge-node-1
[19:46:00] Starting gol on edge-node-1...
[19:46:01] ✓ Gol started
[exit=0]
[repeat] warmup 2s

$ python3 /home/ivo/Evaluation-of-Live-Migration-Strategies-at-the-Edge/Game-of-life-migration/scripts/orchestrators/criu_benchmark.py precopy --source edge-node-1 --dest edge-node-2 --transfer-mode host --run-id 30-04-2026-host-precopy-0031 --relay-node edge-host-1 --iterations 3 --profile-name 1_WiFi_6
[19:46:04] Starting precopy migration...
[19:46:04] Source: edge-node-1, Dest: edge-node-2
[19:46:04] Transfer mode: host
[19:46:04] Relay node: edge-host-1

[19:46:04] === PRE-COPY LIVE MIGRATION ===
[19:46:04] Step 1: Checking source process...
[19:46:04]   Using PID from /home/ubuntu/gol.pid: 38776
[19:46:05]   Architecture: x86_64 (compatible)
[19:46:05] Step 2: Preparing dump directory...
[19:46:05] Step 3: Running 3 pre-dumps...
[19:46:05]   Pre-dump 1/3...
[19:46:07]   Pre-dump 2/3...
[19:46:08]   Pre-dump 3/3...
[19:46:09]   Total pre-dump time: 3898 ms
[19:46:09] Step 4: Final dump (freezing service)...
[19:46:09]   Final dump time (freeze duration): 294 ms
[19:46:09] Step 5: Creating archive...
[19:46:10]   Archive size: 33723 bytes
[19:46:10] Step 6: Transferring archive...
  Transferring /tmp/CRIU-gol.tar.gz via relay node edge-host-1...
Setting up SSH trust: edge-node-1 → ubuntu@10.138.215.36
  Adding public key to destination's authorized_keys...
  Testing SSH connectivity...
  ✓ SSH trust ready
Setting up SSH trust: edge-host-1 → ubuntu@10.138.215.137
  Adding public key to destination's authorized_keys...
  Testing SSH connectivity...
  ✓ SSH trust ready
[19:46:17]   Transfer time: 6830 ms
[19:46:17] Step 7: Unpacking on destination...
[19:46:17] Step 7.5: Ensuring gol output file exists on destination...
[19:46:17] Step 7.8: Ensuring /tmp/gol binary is present on destination...
[19:46:18] Step 8: Restoring process...
[19:46:18]   Restore time: 317 ms
[19:46:18]   Restored PID: 38776 (written to /home/ubuntu/gol.pid)
[19:46:18] Step 9: Verifying migration...
[19:46:24] ✓ gol.out updated after migration (mtime 1777571181 → 1777571183), simulation running!
[19:46:24] Total downtime: 7441 ms (final_dump: 294 + transfer: 6830 + restore: 317)
[19:46:24] Pre-dump time (not counted as downtime): 3898 ms
[19:46:24] Effective bandwidth: 0.04 Mbps
[19:46:24] Metrics saved to /home/ivo/Evaluation-of-Live-Migration-Strategies-at-the-Edge/Game-of-life-migration/metrics/migration_metrics.csv
[exit=0]

$ python3 /home/ivo/Evaluation-of-Live-Migration-Strategies-at-the-Edge/Game-of-life-migration/scripts/setup/reset_nodes.py edge-node-1 edge-node-2
[19:46:24] Resetting nodes: edge-node-1 -> edge-node-2
[19:46:24] Step 1: Killing any existing processes on source...
[19:46:25]   Killing PID 38776 (from /home/ubuntu/app.pid)
[19:46:25]   Killing PID 38776 (from /home/ubuntu/gol.pid)
[19:46:26]   Killing any remaining background processes...
[19:46:27] Step 2: Cleaning source node...
[19:46:28] Step 3: Cleaning destination node...
[19:46:29]   Killing PID 38776 on destination (from /home/ubuntu/app.pid)
[19:46:29]   Killing PID 38776 on destination (from /home/ubuntu/gol.pid)
[19:46:30]   Killing all remaining gol processes on destination...
[19:46:33] ✓ Reset complete, nodes are clean
[19:46:33]   Next: Start your application
[exit=0]

$ bash /home/ivo/Evaluation-of-Live-Migration-Strategies-at-the-Edge/Game-of-life-migration/scripts/workloads/start_gol_c.sh edge-node-1
[19:46:33] Ensuring gol binary on edge-node-1...
[19:46:34] Reusing existing /tmp/gol on edge-node-1
[19:46:34] Starting gol on edge-node-1...
[19:46:35] ✓ Gol started
[exit=0]
[repeat] warmup 2s

$ python3 /home/ivo/Evaluation-of-Live-Migration-Strategies-at-the-Edge/Game-of-life-migration/scripts/orchestrators/criu_benchmark.py precopy --source edge-node-1 --dest edge-node-2 --transfer-mode host --run-id 30-04-2026-host-precopy-0032 --relay-node edge-host-1 --iterations 3 --profile-name 1_WiFi_6
[19:46:37] Starting precopy migration...
[19:46:37] Source: edge-node-1, Dest: edge-node-2
[19:46:37] Transfer mode: host
[19:46:37] Relay node: edge-host-1

[19:46:37] === PRE-COPY LIVE MIGRATION ===
[19:46:37] Step 1: Checking source process...
[19:46:38]   Using PID from /home/ubuntu/gol.pid: 40338
[19:46:39]   Architecture: x86_64 (compatible)
[19:46:39] Step 2: Preparing dump directory...
[19:46:39] Step 3: Running 3 pre-dumps...
[19:46:39]   Pre-dump 1/3...
[19:46:40]   Pre-dump 2/3...
[19:46:42]   Pre-dump 3/3...
[19:46:43]   Total pre-dump time: 3928 ms
[19:46:43] Step 4: Final dump (freezing service)...
[19:46:43]   Final dump time (freeze duration): 286 ms
[19:46:43] Step 5: Creating archive...
[19:46:44]   Archive size: 33142 bytes
[19:46:44] Step 6: Transferring archive...
  Transferring /tmp/CRIU-gol.tar.gz via relay node edge-host-1...
Setting up SSH trust: edge-node-1 → ubuntu@10.138.215.36
  Adding public key to destination's authorized_keys...
  Testing SSH connectivity...
  ✓ SSH trust ready
Setting up SSH trust: edge-host-1 → ubuntu@10.138.215.137
  Adding public key to destination's authorized_keys...
  Testing SSH connectivity...
  ✓ SSH trust ready
[19:46:51]   Transfer time: 7217 ms
[19:46:51] Step 7: Unpacking on destination...
[19:46:51] Step 7.5: Ensuring gol output file exists on destination...
[19:46:52] Step 7.8: Ensuring /tmp/gol binary is present on destination...
[19:46:52] Step 8: Restoring process...
[19:46:52]   Restore time: 376 ms
[19:46:52]   Restored PID: 40338 (written to /home/ubuntu/gol.pid)
[19:46:52] Step 9: Verifying migration...
[19:46:58] ✓ gol.out updated after migration (mtime 1777571215 → 1777571217), simulation running!
[19:46:58] Total downtime: 7879 ms (final_dump: 286 + transfer: 7217 + restore: 376)
[19:46:58] Pre-dump time (not counted as downtime): 3928 ms
[19:46:58] Effective bandwidth: 0.04 Mbps
[19:46:58] Metrics saved to /home/ivo/Evaluation-of-Live-Migration-Strategies-at-the-Edge/Game-of-life-migration/metrics/migration_metrics.csv
[exit=0]

$ python3 /home/ivo/Evaluation-of-Live-Migration-Strategies-at-the-Edge/Game-of-life-migration/scripts/setup/reset_nodes.py edge-node-1 edge-node-2
[19:46:59] Resetting nodes: edge-node-1 -> edge-node-2
[19:46:59] Step 1: Killing any existing processes on source...
[19:46:59]   Killing PID 40338 (from /home/ubuntu/app.pid)
[19:47:00]   Killing PID 40338 (from /home/ubuntu/gol.pid)
[19:47:00]   Killing any remaining background processes...
[19:47:02] Step 2: Cleaning source node...
[19:47:03] Step 3: Cleaning destination node...
[19:47:03]   Killing PID 40338 on destination (from /home/ubuntu/app.pid)
[19:47:04]   Killing PID 40338 on destination (from /home/ubuntu/gol.pid)
[19:47:04]   Killing all remaining gol processes on destination...
[19:47:08] ✓ Reset complete, nodes are clean
[19:47:08]   Next: Start your application
[exit=0]

$ bash /home/ivo/Evaluation-of-Live-Migration-Strategies-at-the-Edge/Game-of-life-migration/scripts/workloads/start_gol_c.sh edge-node-1
[19:47:08] Ensuring gol binary on edge-node-1...
[19:47:08] Reusing existing /tmp/gol on edge-node-1
[19:47:08] Starting gol on edge-node-1...
[19:47:09] ✓ Gol started
[exit=0]
[repeat] warmup 2s

$ python3 /home/ivo/Evaluation-of-Live-Migration-Strategies-at-the-Edge/Game-of-life-migration/scripts/orchestrators/criu_benchmark.py precopy --source edge-node-1 --dest edge-node-2 --transfer-mode host --run-id 30-04-2026-host-precopy-0033 --relay-node edge-host-1 --iterations 3 --profile-name 1_WiFi_6
[19:47:12] Starting precopy migration...
[19:47:12] Source: edge-node-1, Dest: edge-node-2
[19:47:12] Transfer mode: host
[19:47:12] Relay node: edge-host-1

[19:47:12] === PRE-COPY LIVE MIGRATION ===
[19:47:12] Step 1: Checking source process...
[19:47:13]   Using PID from /home/ubuntu/gol.pid: 42172
[19:47:13]   Architecture: x86_64 (compatible)
[19:47:13] Step 2: Preparing dump directory...
[19:47:13] Step 3: Running 3 pre-dumps...
[19:47:13]   Pre-dump 1/3...
[19:47:15]   Pre-dump 2/3...
[19:47:16]   Pre-dump 3/3...
[19:47:17]   Total pre-dump time: 4016 ms
[19:47:17] Step 4: Final dump (freezing service)...
[19:47:18]   Final dump time (freeze duration): 278 ms
[19:47:18] Step 5: Creating archive...
[19:47:18]   Archive size: 32642 bytes
[19:47:18] Step 6: Transferring archive...
  Transferring /tmp/CRIU-gol.tar.gz via relay node edge-host-1...
Setting up SSH trust: edge-node-1 → ubuntu@10.138.215.36
  Adding public key to destination's authorized_keys...
  Testing SSH connectivity...
  ✓ SSH trust ready
Setting up SSH trust: edge-host-1 → ubuntu@10.138.215.137
  Adding public key to destination's authorized_keys...
  Testing SSH connectivity...
  ✓ SSH trust ready
[19:47:25]   Transfer time: 6762 ms
[19:47:25] Step 7: Unpacking on destination...
[19:47:25] Step 7.5: Ensuring gol output file exists on destination...
[19:47:26] Step 7.8: Ensuring /tmp/gol binary is present on destination...
[19:47:26] Step 8: Restoring process...
[19:47:26]   Restore time: 357 ms
[19:47:26]   Restored PID: 42172 (written to /home/ubuntu/gol.pid)
[19:47:26] Step 9: Verifying migration...
[19:47:32] ✓ gol.out updated after migration (mtime 1777571249 → 1777571251), simulation running!
[19:47:32] Total downtime: 7397 ms (final_dump: 278 + transfer: 6762 + restore: 357)
[19:47:32] Pre-dump time (not counted as downtime): 4016 ms
[19:47:32] Effective bandwidth: 0.04 Mbps
[19:47:32] Metrics saved to /home/ivo/Evaluation-of-Live-Migration-Strategies-at-the-Edge/Game-of-life-migration/metrics/migration_metrics.csv
[exit=0]

$ python3 /home/ivo/Evaluation-of-Live-Migration-Strategies-at-the-Edge/Game-of-life-migration/scripts/setup/reset_nodes.py edge-node-1 edge-node-2
[19:47:33] Resetting nodes: edge-node-1 -> edge-node-2
[19:47:33] Step 1: Killing any existing processes on source...
[19:47:33]   Killing PID 42172 (from /home/ubuntu/app.pid)
[19:47:34]   Killing PID 42172 (from /home/ubuntu/gol.pid)
[19:47:34]   Killing any remaining background processes...
[19:47:36] Step 2: Cleaning source node...
[19:47:37] Step 3: Cleaning destination node...
[19:47:37]   Killing PID 42172 on destination (from /home/ubuntu/app.pid)
[19:47:38]   Killing PID 42172 on destination (from /home/ubuntu/gol.pid)
[19:47:38]   Killing all remaining gol processes on destination...
[19:47:42] ✓ Reset complete, nodes are clean
[19:47:42]   Next: Start your application
[exit=0]

$ bash /home/ivo/Evaluation-of-Live-Migration-Strategies-at-the-Edge/Game-of-life-migration/scripts/workloads/start_gol_c.sh edge-node-1
[19:47:42] Ensuring gol binary on edge-node-1...
[19:47:42] Reusing existing /tmp/gol on edge-node-1
[19:47:42] Starting gol on edge-node-1...
[19:47:44] ✓ Gol started
[exit=0]
[repeat] warmup 2s

$ python3 /home/ivo/Evaluation-of-Live-Migration-Strategies-at-the-Edge/Game-of-life-migration/scripts/orchestrators/criu_benchmark.py precopy --source edge-node-1 --dest edge-node-2 --transfer-mode host --run-id 30-04-2026-host-precopy-0034 --relay-node edge-host-1 --iterations 3 --profile-name 1_WiFi_6
[19:47:46] Starting precopy migration...
[19:47:46] Source: edge-node-1, Dest: edge-node-2
[19:47:46] Transfer mode: host
[19:47:46] Relay node: edge-host-1

[19:47:46] === PRE-COPY LIVE MIGRATION ===
[19:47:46] Step 1: Checking source process...
[19:47:47]   Using PID from /home/ubuntu/gol.pid: 43734
[19:47:47]   Architecture: x86_64 (compatible)
[19:47:47] Step 2: Preparing dump directory...
[19:47:47] Step 3: Running 3 pre-dumps...
[19:47:47]   Pre-dump 1/3...
[19:47:49]   Pre-dump 2/3...
[19:47:50]   Pre-dump 3/3...
[19:47:51]   Total pre-dump time: 4006 ms
[19:47:51] Step 4: Final dump (freezing service)...
[19:47:52]   Final dump time (freeze duration): 297 ms
[19:47:52] Step 5: Creating archive...
[19:47:52]   Archive size: 32676 bytes
[19:47:52] Step 6: Transferring archive...
  Transferring /tmp/CRIU-gol.tar.gz via relay node edge-host-1...
Setting up SSH trust: edge-node-1 → ubuntu@10.138.215.36
  Adding public key to destination's authorized_keys...
  Testing SSH connectivity...
  ✓ SSH trust ready
Setting up SSH trust: edge-host-1 → ubuntu@10.138.215.137
  Adding public key to destination's authorized_keys...
  Testing SSH connectivity...
  ✓ SSH trust ready
[19:47:59]   Transfer time: 7073 ms
[19:47:59] Step 7: Unpacking on destination...
[19:48:00] Step 7.5: Ensuring gol output file exists on destination...
[19:48:00] Step 7.8: Ensuring /tmp/gol binary is present on destination...
[19:48:00] Step 8: Restoring process...
[19:48:01]   Restore time: 301 ms
[19:48:01]   Restored PID: 43734 (written to /home/ubuntu/gol.pid)
[19:48:01] Step 9: Verifying migration...
[19:48:06] ✓ gol.out updated after migration (mtime 1777571284 → 1777571286), simulation running!
[19:48:06] Total downtime: 7671 ms (final_dump: 297 + transfer: 7073 + restore: 301)
[19:48:06] Pre-dump time (not counted as downtime): 4006 ms
[19:48:06] Effective bandwidth: 0.04 Mbps
[19:48:06] Metrics saved to /home/ivo/Evaluation-of-Live-Migration-Strategies-at-the-Edge/Game-of-life-migration/metrics/migration_metrics.csv
[exit=0]

$ python3 /home/ivo/Evaluation-of-Live-Migration-Strategies-at-the-Edge/Game-of-life-migration/scripts/setup/reset_nodes.py edge-node-1 edge-node-2
[19:48:07] Resetting nodes: edge-node-1 -> edge-node-2
[19:48:07] Step 1: Killing any existing processes on source...
[19:48:07]   Killing PID 43734 (from /home/ubuntu/app.pid)
[19:48:08]   Killing PID 43734 (from /home/ubuntu/gol.pid)
[19:48:09]   Killing any remaining background processes...
[19:48:10] Step 2: Cleaning source node...
[19:48:11] Step 3: Cleaning destination node...
[19:48:12]   Killing PID 43734 on destination (from /home/ubuntu/app.pid)
[19:48:12]   Killing PID 43734 on destination (from /home/ubuntu/gol.pid)
[19:48:13]   Killing all remaining gol processes on destination...
[19:48:16] ✓ Reset complete, nodes are clean
[19:48:16]   Next: Start your application
[exit=0]

$ bash /home/ivo/Evaluation-of-Live-Migration-Strategies-at-the-Edge/Game-of-life-migration/scripts/workloads/start_gol_c.sh edge-node-1
[19:48:16] Ensuring gol binary on edge-node-1...
[19:48:17] Reusing existing /tmp/gol on edge-node-1
[19:48:17] Starting gol on edge-node-1...
[19:48:18] ✓ Gol started
[exit=0]
[repeat] warmup 2s

$ python3 /home/ivo/Evaluation-of-Live-Migration-Strategies-at-the-Edge/Game-of-life-migration/scripts/orchestrators/criu_benchmark.py precopy --source edge-node-1 --dest edge-node-2 --transfer-mode host --run-id 30-04-2026-host-precopy-0035 --relay-node edge-host-1 --iterations 3 --profile-name 1_WiFi_6
[19:48:20] Starting precopy migration...
[19:48:20] Source: edge-node-1, Dest: edge-node-2
[19:48:20] Transfer mode: host
[19:48:20] Relay node: edge-host-1

[19:48:20] === PRE-COPY LIVE MIGRATION ===
[19:48:20] Step 1: Checking source process...
[19:48:21]   Using PID from /home/ubuntu/gol.pid: 45302
[19:48:21]   Architecture: x86_64 (compatible)
[19:48:21] Step 2: Preparing dump directory...
[19:48:22] Step 3: Running 3 pre-dumps...
[19:48:22]   Pre-dump 1/3...
[19:48:23]   Pre-dump 2/3...
[19:48:24]   Pre-dump 3/3...
[19:48:25]   Total pre-dump time: 3912 ms
[19:48:25] Step 4: Final dump (freezing service)...
[19:48:26]   Final dump time (freeze duration): 278 ms
[19:48:26] Step 5: Creating archive...
[19:48:26]   Archive size: 33069 bytes
[19:48:26] Step 6: Transferring archive...
  Transferring /tmp/CRIU-gol.tar.gz via relay node edge-host-1...
Setting up SSH trust: edge-node-1 → ubuntu@10.138.215.36
  Adding public key to destination's authorized_keys...
  Testing SSH connectivity...
  ✓ SSH trust ready
Setting up SSH trust: edge-host-1 → ubuntu@10.138.215.137
  Adding public key to destination's authorized_keys...
  Testing SSH connectivity...
  ✓ SSH trust ready
[19:48:33]   Transfer time: 6623 ms
[19:48:33] Step 7: Unpacking on destination...
[19:48:33] Step 7.5: Ensuring gol output file exists on destination...
[19:48:34] Step 7.8: Ensuring /tmp/gol binary is present on destination...
[19:48:34] Step 8: Restoring process...
[19:48:34]   Restore time: 302 ms
[19:48:34]   Restored PID: 45302 (written to /home/ubuntu/gol.pid)
[19:48:34] Step 9: Verifying migration...
[19:48:40] ✓ gol.out updated after migration (mtime 1777571317 → 1777571320), simulation running!
[19:48:40] Total downtime: 7203 ms (final_dump: 278 + transfer: 6623 + restore: 302)
[19:48:40] Pre-dump time (not counted as downtime): 3912 ms
[19:48:40] Effective bandwidth: 0.04 Mbps
[19:48:40] Metrics saved to /home/ivo/Evaluation-of-Live-Migration-Strategies-at-the-Edge/Game-of-life-migration/metrics/migration_metrics.csv
[exit=0]

$ python3 /home/ivo/Evaluation-of-Live-Migration-Strategies-at-the-Edge/Game-of-life-migration/scripts/setup/reset_nodes.py edge-node-1 edge-node-2
[19:48:41] Resetting nodes: edge-node-1 -> edge-node-2
[19:48:41] Step 1: Killing any existing processes on source...
[19:48:41]   Killing PID 45302 (from /home/ubuntu/app.pid)
[19:48:42]   Killing PID 45302 (from /home/ubuntu/gol.pid)
[19:48:42]   Killing any remaining background processes...
[19:48:44] Step 2: Cleaning source node...
[19:48:45] Step 3: Cleaning destination node...
[19:48:45]   Killing PID 45302 on destination (from /home/ubuntu/app.pid)
[19:48:46]   Killing PID 45302 on destination (from /home/ubuntu/gol.pid)
[19:48:46]   Killing all remaining gol processes on destination...
[19:48:50] ✓ Reset complete, nodes are clean
[19:48:50]   Next: Start your application
[exit=0]

$ bash /home/ivo/Evaluation-of-Live-Migration-Strategies-at-the-Edge/Game-of-life-migration/scripts/workloads/start_gol_c.sh edge-node-1
[19:48:50] Ensuring gol binary on edge-node-1...
[19:48:50] Reusing existing /tmp/gol on edge-node-1
[19:48:50] Starting gol on edge-node-1...
[19:48:51] ✓ Gol started
[exit=0]
[repeat] warmup 2s

$ python3 /home/ivo/Evaluation-of-Live-Migration-Strategies-at-the-Edge/Game-of-life-migration/scripts/orchestrators/criu_benchmark.py precopy --source edge-node-1 --dest edge-node-2 --transfer-mode direct --run-id 30-04-2026-direct-precopy-0012 --iterations 3 --profile-name 1_WiFi_6
[19:48:54] Starting precopy migration...
[19:48:54] Source: edge-node-1, Dest: edge-node-2
[19:48:54] Transfer mode: direct

[19:48:54] === PRE-COPY LIVE MIGRATION ===
[19:48:54] Step 1: Checking source process...
[19:48:54]   Using PID from /home/ubuntu/gol.pid: 46870
[19:48:55]   Architecture: x86_64 (compatible)
[19:48:55] Step 2: Preparing dump directory...
[19:48:55] Step 3: Running 3 pre-dumps...
[19:48:55]   Pre-dump 1/3...
[19:48:56]   Pre-dump 2/3...
[19:48:58]   Pre-dump 3/3...
[19:48:59]   Total pre-dump time: 3936 ms
[19:48:59] Step 4: Final dump (freezing service)...
[19:48:59]   Final dump time (freeze duration): 288 ms
[19:48:59] Step 5: Creating archive...
[19:49:00]   Archive size: 33690 bytes
[19:49:00] Step 6: Transferring archive...
[19:49:00]   Setting up direct SSH trust...
Setting up SSH trust: edge-node-1 → ubuntu@10.138.215.137
  Adding public key to destination's authorized_keys...
  Testing SSH connectivity...
  ✓ SSH trust ready
Setting up SSH trust: edge-node-1 → ubuntu@10.138.215.137
  Adding public key to destination's authorized_keys...
  Testing SSH connectivity...
  ✓ SSH trust ready
  Transferring /tmp/CRIU-gol.tar.gz via SCP...
[19:49:05]   Transfer time: 3123 ms
[19:49:05] Step 7: Unpacking on destination...
[19:49:05] Step 7.5: Ensuring gol output file exists on destination...
[19:49:05] Step 7.8: Ensuring /tmp/gol binary is present on destination...
[19:49:06] Step 8: Restoring process...
[19:49:06]   Restore time: 309 ms
[19:49:06]   Restored PID: 46870 (written to /home/ubuntu/gol.pid)
[19:49:06] Step 9: Verifying migration...
[19:49:12] ✓ gol.out updated after migration (mtime 1777571349 → 1777571351), simulation running!
[19:49:12] Total downtime: 3720 ms (final_dump: 288 + transfer: 3123 + restore: 309)
[19:49:12] Pre-dump time (not counted as downtime): 3936 ms
[19:49:12] Effective bandwidth: 0.09 Mbps
[19:49:12] Metrics saved to /home/ivo/Evaluation-of-Live-Migration-Strategies-at-the-Edge/Game-of-life-migration/metrics/migration_metrics.csv
[exit=0]

$ python3 /home/ivo/Evaluation-of-Live-Migration-Strategies-at-the-Edge/Game-of-life-migration/scripts/setup/reset_nodes.py edge-node-1 edge-node-2
[19:49:13] Resetting nodes: edge-node-1 -> edge-node-2
[19:49:13] Step 1: Killing any existing processes on source...
[19:49:13]   Killing PID 46870 (from /home/ubuntu/app.pid)
[19:49:14]   Killing PID 46870 (from /home/ubuntu/gol.pid)
[19:49:14]   Killing any remaining background processes...
[19:49:16] Step 2: Cleaning source node...
[19:49:17] Step 3: Cleaning destination node...
[19:49:17]   Killing PID 46870 on destination (from /home/ubuntu/app.pid)
[19:49:18]   Killing PID 46870 on destination (from /home/ubuntu/gol.pid)
[19:49:18]   Killing all remaining gol processes on destination...
[19:49:22] ✓ Reset complete, nodes are clean
[19:49:22]   Next: Start your application
[exit=0]

$ bash /home/ivo/Evaluation-of-Live-Migration-Strategies-at-the-Edge/Game-of-life-migration/scripts/workloads/start_gol_c.sh edge-node-1
[19:49:22] Ensuring gol binary on edge-node-1...
[19:49:22] Reusing existing /tmp/gol on edge-node-1
[19:49:22] Starting gol on edge-node-1...
[19:49:23] ✓ Gol started
[exit=0]
[repeat] warmup 2s

$ python3 /home/ivo/Evaluation-of-Live-Migration-Strategies-at-the-Edge/Game-of-life-migration/scripts/orchestrators/criu_benchmark.py precopy --source edge-node-1 --dest edge-node-2 --transfer-mode direct --run-id 30-04-2026-direct-precopy-0013 --iterations 3 --profile-name 1_WiFi_6
[19:49:26] Starting precopy migration...
[19:49:26] Source: edge-node-1, Dest: edge-node-2
[19:49:26] Transfer mode: direct

[19:49:26] === PRE-COPY LIVE MIGRATION ===
[19:49:26] Step 1: Checking source process...
[19:49:26]   Using PID from /home/ubuntu/gol.pid: 48543
[19:49:27]   Architecture: x86_64 (compatible)
[19:49:27] Step 2: Preparing dump directory...
[19:49:27] Step 3: Running 3 pre-dumps...
[19:49:27]   Pre-dump 1/3...
[19:49:28]   Pre-dump 2/3...
[19:49:30]   Pre-dump 3/3...
[19:49:31]   Total pre-dump time: 4041 ms
[19:49:31] Step 4: Final dump (freezing service)...
[19:49:31]   Final dump time (freeze duration): 360 ms
[19:49:31] Step 5: Creating archive...
[19:49:32]   Archive size: 33658 bytes
[19:49:32] Step 6: Transferring archive...
[19:49:32]   Setting up direct SSH trust...
Setting up SSH trust: edge-node-1 → ubuntu@10.138.215.137
  Adding public key to destination's authorized_keys...
  Testing SSH connectivity...
  ✓ SSH trust ready
Setting up SSH trust: edge-node-1 → ubuntu@10.138.215.137
  Adding public key to destination's authorized_keys...
  Testing SSH connectivity...
  ✓ SSH trust ready
  Transferring /tmp/CRIU-gol.tar.gz via SCP...
[19:49:37]   Transfer time: 3159 ms
[19:49:37] Step 7: Unpacking on destination...
[19:49:38] Step 7.5: Ensuring gol output file exists on destination...
[19:49:38] Step 7.8: Ensuring /tmp/gol binary is present on destination...
[19:49:38] Step 8: Restoring process...
[19:49:38]   Restore time: 306 ms
[19:49:39]   Restored PID: 48543 (written to /home/ubuntu/gol.pid)
[19:49:39] Step 9: Verifying migration...
[19:49:45] ✓ gol.out updated after migration (mtime 1777571381 → 1777571384), simulation running!
[19:49:45] Total downtime: 3825 ms (final_dump: 360 + transfer: 3159 + restore: 306)
[19:49:45] Pre-dump time (not counted as downtime): 4041 ms
[19:49:45] Effective bandwidth: 0.09 Mbps
[19:49:45] Metrics saved to /home/ivo/Evaluation-of-Live-Migration-Strategies-at-the-Edge/Game-of-life-migration/metrics/migration_metrics.csv
[exit=0]

$ python3 /home/ivo/Evaluation-of-Live-Migration-Strategies-at-the-Edge/Game-of-life-migration/scripts/setup/reset_nodes.py edge-node-1 edge-node-2
[19:49:45] Resetting nodes: edge-node-1 -> edge-node-2
[19:49:45] Step 1: Killing any existing processes on source...
[19:49:45]   Killing PID 48543 (from /home/ubuntu/app.pid)
[19:49:46]   Killing PID 48543 (from /home/ubuntu/gol.pid)
[19:49:47]   Killing any remaining background processes...
[19:49:48] Step 2: Cleaning source node...
[19:49:49] Step 3: Cleaning destination node...
[19:49:49]   Killing PID 48543 on destination (from /home/ubuntu/app.pid)
[19:49:50]   Killing PID 48543 on destination (from /home/ubuntu/gol.pid)
[19:49:51]   Killing all remaining gol processes on destination...
[19:49:54] ✓ Reset complete, nodes are clean
[19:49:54]   Next: Start your application
[exit=0]

$ bash /home/ivo/Evaluation-of-Live-Migration-Strategies-at-the-Edge/Game-of-life-migration/scripts/workloads/start_gol_c.sh edge-node-1
[19:49:54] Ensuring gol binary on edge-node-1...
[19:49:54] Reusing existing /tmp/gol on edge-node-1
[19:49:54] Starting gol on edge-node-1...
[19:49:56] ✓ Gol started
[exit=0]
[repeat] warmup 2s

$ python3 /home/ivo/Evaluation-of-Live-Migration-Strategies-at-the-Edge/Game-of-life-migration/scripts/orchestrators/criu_benchmark.py precopy --source edge-node-1 --dest edge-node-2 --transfer-mode direct --run-id 30-04-2026-direct-precopy-0014 --iterations 3 --profile-name 1_WiFi_6
[19:49:58] Starting precopy migration...
[19:49:58] Source: edge-node-1, Dest: edge-node-2
[19:49:58] Transfer mode: direct

[19:49:58] === PRE-COPY LIVE MIGRATION ===
[19:49:58] Step 1: Checking source process...
[19:49:59]   Using PID from /home/ubuntu/gol.pid: 50206
[19:49:59]   Architecture: x86_64 (compatible)
[19:49:59] Step 2: Preparing dump directory...
[19:49:59] Step 3: Running 3 pre-dumps...
[19:49:59]   Pre-dump 1/3...
[19:50:01]   Pre-dump 2/3...
[19:50:02]   Pre-dump 3/3...
[19:50:03]   Total pre-dump time: 4012 ms
[19:50:03] Step 4: Final dump (freezing service)...
[19:50:04]   Final dump time (freeze duration): 278 ms
[19:50:04] Step 5: Creating archive...
[19:50:04]   Archive size: 32713 bytes
[19:50:04] Step 6: Transferring archive...
[19:50:04]   Setting up direct SSH trust...
Setting up SSH trust: edge-node-1 → ubuntu@10.138.215.137
  Adding public key to destination's authorized_keys...
  Testing SSH connectivity...
  ✓ SSH trust ready
Setting up SSH trust: edge-node-1 → ubuntu@10.138.215.137
  Adding public key to destination's authorized_keys...
  Testing SSH connectivity...
  ✓ SSH trust ready
  Transferring /tmp/CRIU-gol.tar.gz via SCP...
[19:50:09]   Transfer time: 3225 ms
[19:50:09] Step 7: Unpacking on destination...
[19:50:10] Step 7.5: Ensuring gol output file exists on destination...
[19:50:10] Step 7.8: Ensuring /tmp/gol binary is present on destination...
[19:50:10] Step 8: Restoring process...
[19:50:11]   Restore time: 303 ms
[19:50:11]   Restored PID: 50206 (written to /home/ubuntu/gol.pid)
[19:50:11] Step 9: Verifying migration...
[19:50:16] ✓ gol.out updated after migration (mtime 1777571414 → 1777571416), simulation running!
[19:50:16] Total downtime: 3806 ms (final_dump: 278 + transfer: 3225 + restore: 303)
[19:50:16] Pre-dump time (not counted as downtime): 4012 ms
[19:50:16] Effective bandwidth: 0.08 Mbps
[19:50:16] Metrics saved to /home/ivo/Evaluation-of-Live-Migration-Strategies-at-the-Edge/Game-of-life-migration/metrics/migration_metrics.csv
[exit=0]

$ python3 /home/ivo/Evaluation-of-Live-Migration-Strategies-at-the-Edge/Game-of-life-migration/scripts/setup/reset_nodes.py edge-node-1 edge-node-2
[19:50:17] Resetting nodes: edge-node-1 -> edge-node-2
[19:50:17] Step 1: Killing any existing processes on source...
[19:50:17]   Killing PID 50206 (from /home/ubuntu/app.pid)
[19:50:18]   Killing PID 50206 (from /home/ubuntu/gol.pid)
[19:50:19]   Killing any remaining background processes...
[19:50:20] Step 2: Cleaning source node...
[19:50:21] Step 3: Cleaning destination node...
[19:50:22]   Killing PID 50206 on destination (from /home/ubuntu/app.pid)
[19:50:22]   Killing PID 50206 on destination (from /home/ubuntu/gol.pid)
[19:50:23]   Killing all remaining gol processes on destination...
[19:50:26] ✓ Reset complete, nodes are clean
[19:50:26]   Next: Start your application
[exit=0]

$ bash /home/ivo/Evaluation-of-Live-Migration-Strategies-at-the-Edge/Game-of-life-migration/scripts/workloads/start_gol_c.sh edge-node-1
[19:50:26] Ensuring gol binary on edge-node-1...
[19:50:26] Reusing existing /tmp/gol on edge-node-1
[19:50:26] Starting gol on edge-node-1...
[19:50:28] ✓ Gol started
[exit=0]
[repeat] warmup 2s

$ python3 /home/ivo/Evaluation-of-Live-Migration-Strategies-at-the-Edge/Game-of-life-migration/scripts/orchestrators/criu_benchmark.py precopy --source edge-node-1 --dest edge-node-2 --transfer-mode direct --run-id 30-04-2026-direct-precopy-0015 --iterations 3 --profile-name 1_WiFi_6
[19:50:30] Starting precopy migration...
[19:50:30] Source: edge-node-1, Dest: edge-node-2
[19:50:30] Transfer mode: direct

[19:50:30] === PRE-COPY LIVE MIGRATION ===
[19:50:30] Step 1: Checking source process...
[19:50:31]   Using PID from /home/ubuntu/gol.pid: 51880
[19:50:31]   Architecture: x86_64 (compatible)
[19:50:31] Step 2: Preparing dump directory...
[19:50:32] Step 3: Running 3 pre-dumps...
[19:50:32]   Pre-dump 1/3...
[19:50:33]   Pre-dump 2/3...
[19:50:34]   Pre-dump 3/3...
[19:50:36]   Total pre-dump time: 3926 ms
[19:50:36] Step 4: Final dump (freezing service)...
[19:50:36]   Final dump time (freeze duration): 318 ms
[19:50:36] Step 5: Creating archive...
[19:50:36]   Archive size: 33807 bytes
[19:50:36] Step 6: Transferring archive...
[19:50:36]   Setting up direct SSH trust...
Setting up SSH trust: edge-node-1 → ubuntu@10.138.215.137
  Adding public key to destination's authorized_keys...
  Testing SSH connectivity...
  ✓ SSH trust ready
Setting up SSH trust: edge-node-1 → ubuntu@10.138.215.137
  Adding public key to destination's authorized_keys...
  Testing SSH connectivity...
  ✓ SSH trust ready
  Transferring /tmp/CRIU-gol.tar.gz via SCP...
[19:50:42]   Transfer time: 3223 ms
[19:50:42] Step 7: Unpacking on destination...
[19:50:42] Step 7.5: Ensuring gol output file exists on destination...
[19:50:42] Step 7.8: Ensuring /tmp/gol binary is present on destination...
[19:50:43] Step 8: Restoring process...
[19:50:43]   Restore time: 302 ms
[19:50:44]   Restored PID: 51880 (written to /home/ubuntu/gol.pid)
[19:50:44] Step 9: Verifying migration...
[19:50:49] ✓ gol.out updated after migration (mtime 1777571446 → 1777571448), simulation running!
[19:50:49] Total downtime: 3843 ms (final_dump: 318 + transfer: 3223 + restore: 302)
[19:50:49] Pre-dump time (not counted as downtime): 3926 ms
[19:50:49] Effective bandwidth: 0.08 Mbps
[19:50:49] Metrics saved to /home/ivo/Evaluation-of-Live-Migration-Strategies-at-the-Edge/Game-of-life-migration/metrics/migration_metrics.csv
[exit=0]

$ python3 /home/ivo/Evaluation-of-Live-Migration-Strategies-at-the-Edge/Game-of-life-migration/scripts/setup/reset_nodes.py edge-node-1 edge-node-2
[19:50:50] Resetting nodes: edge-node-1 -> edge-node-2
[19:50:50] Step 1: Killing any existing processes on source...
[19:50:50]   Killing PID 51880 (from /home/ubuntu/app.pid)
[19:50:51]   Killing PID 51880 (from /home/ubuntu/gol.pid)
[19:50:51]   Killing any remaining background processes...
[19:50:52] Step 2: Cleaning source node...
[19:50:54] Step 3: Cleaning destination node...
[19:50:54]   Killing PID 51880 on destination (from /home/ubuntu/app.pid)
[19:50:55]   Killing PID 51880 on destination (from /home/ubuntu/gol.pid)
[19:50:55]   Killing all remaining gol processes on destination...
[19:50:58] ✓ Reset complete, nodes are clean
[19:50:58]   Next: Start your application
[exit=0]

$ bash /home/ivo/Evaluation-of-Live-Migration-Strategies-at-the-Edge/Game-of-life-migration/scripts/workloads/start_gol_c.sh edge-node-1
[19:50:58] Ensuring gol binary on edge-node-1...
[19:50:59] Reusing existing /tmp/gol on edge-node-1
[19:50:59] Starting gol on edge-node-1...
[19:51:00] ✓ Gol started
[exit=0]
[repeat] warmup 2s

$ python3 /home/ivo/Evaluation-of-Live-Migration-Strategies-at-the-Edge/Game-of-life-migration/scripts/orchestrators/criu_benchmark.py precopy --source edge-node-1 --dest edge-node-2 --transfer-mode direct --run-id 30-04-2026-direct-precopy-0016 --iterations 3 --profile-name 1_WiFi_6
[19:51:02] Starting precopy migration...
[19:51:02] Source: edge-node-1, Dest: edge-node-2
[19:51:02] Transfer mode: direct

[19:51:02] === PRE-COPY LIVE MIGRATION ===
[19:51:02] Step 1: Checking source process...
[19:51:03]   Using PID from /home/ubuntu/gol.pid: 53543
[19:51:04]   Architecture: x86_64 (compatible)
[19:51:04] Step 2: Preparing dump directory...
[19:51:04] Step 3: Running 3 pre-dumps...
[19:51:04]   Pre-dump 1/3...
[19:51:05]   Pre-dump 2/3...
[19:51:07]   Pre-dump 3/3...
[19:51:08]   Total pre-dump time: 3917 ms
[19:51:08] Step 4: Final dump (freezing service)...
[19:51:08]   Final dump time (freeze duration): 296 ms
[19:51:08] Step 5: Creating archive...
[19:51:09]   Archive size: 33156 bytes
[19:51:09] Step 6: Transferring archive...
[19:51:09]   Setting up direct SSH trust...
Setting up SSH trust: edge-node-1 → ubuntu@10.138.215.137
  Adding public key to destination's authorized_keys...
  Testing SSH connectivity...
  ✓ SSH trust ready
Setting up SSH trust: edge-node-1 → ubuntu@10.138.215.137
  Adding public key to destination's authorized_keys...
  Testing SSH connectivity...
  ✓ SSH trust ready
  Transferring /tmp/CRIU-gol.tar.gz via SCP...
[19:51:14]   Transfer time: 3068 ms
[19:51:14] Step 7: Unpacking on destination...
[19:51:14] Step 7.5: Ensuring gol output file exists on destination...
[19:51:14] Step 7.8: Ensuring /tmp/gol binary is present on destination...
[19:51:15] Step 8: Restoring process...
[19:51:15]   Restore time: 312 ms
[19:51:15]   Restored PID: 53543 (written to /home/ubuntu/gol.pid)
[19:51:15] Step 9: Verifying migration...
[19:51:21] ✓ gol.out updated after migration (mtime 1777571478 → 1777571480), simulation running!
[19:51:21] Total downtime: 3676 ms (final_dump: 296 + transfer: 3068 + restore: 312)
[19:51:21] Pre-dump time (not counted as downtime): 3917 ms
[19:51:21] Effective bandwidth: 0.09 Mbps
[19:51:21] Metrics saved to /home/ivo/Evaluation-of-Live-Migration-Strategies-at-the-Edge/Game-of-life-migration/metrics/migration_metrics.csv
[exit=0]

$ python3 /home/ivo/Evaluation-of-Live-Migration-Strategies-at-the-Edge/Game-of-life-migration/scripts/setup/reset_nodes.py edge-node-1 edge-node-2
[19:51:21] Resetting nodes: edge-node-1 -> edge-node-2
[19:51:21] Step 1: Killing any existing processes on source...
[19:51:22]   Killing PID 53543 (from /home/ubuntu/app.pid)
[19:51:22]   Killing PID 53543 (from /home/ubuntu/gol.pid)
[19:51:23]   Killing any remaining background processes...
[19:51:24] Step 2: Cleaning source node...
[19:51:25] Step 3: Cleaning destination node...
[19:51:26]   Killing PID 53543 on destination (from /home/ubuntu/app.pid)
[19:51:26]   Killing PID 53543 on destination (from /home/ubuntu/gol.pid)
[19:51:27]   Killing all remaining gol processes on destination...
[19:51:30] ✓ Reset complete, nodes are clean
[19:51:30]   Next: Start your application
[exit=0]

$ bash /home/ivo/Evaluation-of-Live-Migration-Strategies-at-the-Edge/Game-of-life-migration/scripts/workloads/start_gol_c.sh edge-node-1
[19:51:30] Ensuring gol binary on edge-node-1...
[19:51:31] Reusing existing /tmp/gol on edge-node-1
[19:51:31] Starting gol on edge-node-1...
[19:51:32] ✓ Gol started
[exit=0]
[repeat] warmup 2s

$ python3 /home/ivo/Evaluation-of-Live-Migration-Strategies-at-the-Edge/Game-of-life-migration/scripts/orchestrators/criu_benchmark.py precopy --source edge-node-1 --dest edge-node-2 --transfer-mode direct --run-id 30-04-2026-direct-precopy-0017 --iterations 3 --profile-name 1_WiFi_6
[19:51:34] Starting precopy migration...
[19:51:34] Source: edge-node-1, Dest: edge-node-2
[19:51:34] Transfer mode: direct

[19:51:34] === PRE-COPY LIVE MIGRATION ===
[19:51:34] Step 1: Checking source process...
[19:51:35]   Using PID from /home/ubuntu/gol.pid: 55223
[19:51:35]   Architecture: x86_64 (compatible)
[19:51:35] Step 2: Preparing dump directory...
[19:51:36] Step 3: Running 3 pre-dumps...
[19:51:36]   Pre-dump 1/3...
[19:51:37]   Pre-dump 2/3...
[19:51:38]   Pre-dump 3/3...
[19:51:40]   Total pre-dump time: 3913 ms
[19:51:40] Step 4: Final dump (freezing service)...
[19:51:40]   Final dump time (freeze duration): 342 ms
[19:51:40] Step 5: Creating archive...
[19:51:41]   Archive size: 33787 bytes
[19:51:41] Step 6: Transferring archive...
[19:51:41]   Setting up direct SSH trust...
Setting up SSH trust: edge-node-1 → ubuntu@10.138.215.137
  Adding public key to destination's authorized_keys...
  Testing SSH connectivity...
  ✓ SSH trust ready
Setting up SSH trust: edge-node-1 → ubuntu@10.138.215.137
  Adding public key to destination's authorized_keys...
  Testing SSH connectivity...
  ✓ SSH trust ready
  Transferring /tmp/CRIU-gol.tar.gz via SCP...
[19:51:46]   Transfer time: 3491 ms
[19:51:46] Step 7: Unpacking on destination...
[19:51:46] Step 7.5: Ensuring gol output file exists on destination...
[19:51:47] Step 7.8: Ensuring /tmp/gol binary is present on destination...
[19:51:47] Step 8: Restoring process...
[19:51:47]   Restore time: 354 ms
[19:51:48]   Restored PID: 55223 (written to /home/ubuntu/gol.pid)
[19:51:48] Step 9: Verifying migration...
[19:51:53] ✓ gol.out updated after migration (mtime 1777571510 → 1777571512), simulation running!
[19:51:53] Total downtime: 4187 ms (final_dump: 342 + transfer: 3491 + restore: 354)
[19:51:53] Pre-dump time (not counted as downtime): 3913 ms
[19:51:53] Effective bandwidth: 0.08 Mbps
[19:51:53] Metrics saved to /home/ivo/Evaluation-of-Live-Migration-Strategies-at-the-Edge/Game-of-life-migration/metrics/migration_metrics.csv
[exit=0]

$ python3 /home/ivo/Evaluation-of-Live-Migration-Strategies-at-the-Edge/Game-of-life-migration/scripts/setup/reset_nodes.py edge-node-1 edge-node-2
[19:51:54] Resetting nodes: edge-node-1 -> edge-node-2
[19:51:54] Step 1: Killing any existing processes on source...
[19:51:54]   Killing PID 55223 (from /home/ubuntu/app.pid)
[19:51:55]   Killing PID 55223 (from /home/ubuntu/gol.pid)
[19:51:55]   Killing any remaining background processes...
[19:51:56] Step 2: Cleaning source node...
[19:51:58] Step 3: Cleaning destination node...
[19:51:58]   Killing PID 55223 on destination (from /home/ubuntu/app.pid)
[19:51:59]   Killing PID 55223 on destination (from /home/ubuntu/gol.pid)
[19:51:59]   Killing all remaining gol processes on destination...
[19:52:03] ✓ Reset complete, nodes are clean
[19:52:03]   Next: Start your application
[exit=0]

$ bash /home/ivo/Evaluation-of-Live-Migration-Strategies-at-the-Edge/Game-of-life-migration/scripts/workloads/start_gol_c.sh edge-node-1
[19:52:03] Ensuring gol binary on edge-node-1...
[19:52:03] Reusing existing /tmp/gol on edge-node-1
[19:52:03] Starting gol on edge-node-1...
[19:52:04] ✓ Gol started
[exit=0]
[repeat] warmup 2s

$ python3 /home/ivo/Evaluation-of-Live-Migration-Strategies-at-the-Edge/Game-of-life-migration/scripts/orchestrators/criu_benchmark.py precopy --source edge-node-1 --dest edge-node-2 --transfer-mode direct --run-id 30-04-2026-direct-precopy-0018 --iterations 3 --profile-name 1_WiFi_6
[19:52:07] Starting precopy migration...
[19:52:07] Source: edge-node-1, Dest: edge-node-2
[19:52:07] Transfer mode: direct

[19:52:07] === PRE-COPY LIVE MIGRATION ===
[19:52:07] Step 1: Checking source process...
[19:52:07]   Using PID from /home/ubuntu/gol.pid: 56887
[19:52:08]   Architecture: x86_64 (compatible)
[19:52:08] Step 2: Preparing dump directory...
[19:52:08] Step 3: Running 3 pre-dumps...
[19:52:08]   Pre-dump 1/3...
[19:52:09]   Pre-dump 2/3...
[19:52:11]   Pre-dump 3/3...
[19:52:12]   Total pre-dump time: 3935 ms
[19:52:12] Step 4: Final dump (freezing service)...
[19:52:12]   Final dump time (freeze duration): 293 ms
[19:52:12] Step 5: Creating archive...
[19:52:13]   Archive size: 33158 bytes
[19:52:13] Step 6: Transferring archive...
[19:52:13]   Setting up direct SSH trust...
Setting up SSH trust: edge-node-1 → ubuntu@10.138.215.137
  Adding public key to destination's authorized_keys...
  Testing SSH connectivity...
  ✓ SSH trust ready
Setting up SSH trust: edge-node-1 → ubuntu@10.138.215.137
  Adding public key to destination's authorized_keys...
  Testing SSH connectivity...
  ✓ SSH trust ready
  Transferring /tmp/CRIU-gol.tar.gz via SCP...
[19:52:18]   Transfer time: 3193 ms
[19:52:18] Step 7: Unpacking on destination...
[19:52:18] Step 7.5: Ensuring gol output file exists on destination...
[19:52:19] Step 7.8: Ensuring /tmp/gol binary is present on destination...
[19:52:19] Step 8: Restoring process...
[19:52:19]   Restore time: 359 ms
[19:52:20]   Restored PID: 56887 (written to /home/ubuntu/gol.pid)
[19:52:20] Step 9: Verifying migration...
[19:52:25] ✓ gol.out updated after migration (mtime 1777571542 → 1777571544), simulation running!
[19:52:25] Total downtime: 3845 ms (final_dump: 293 + transfer: 3193 + restore: 359)
[19:52:25] Pre-dump time (not counted as downtime): 3935 ms
[19:52:25] Effective bandwidth: 0.08 Mbps
[19:52:25] Metrics saved to /home/ivo/Evaluation-of-Live-Migration-Strategies-at-the-Edge/Game-of-life-migration/metrics/migration_metrics.csv
[exit=0]

$ python3 /home/ivo/Evaluation-of-Live-Migration-Strategies-at-the-Edge/Game-of-life-migration/scripts/setup/reset_nodes.py edge-node-1 edge-node-2
[19:52:26] Resetting nodes: edge-node-1 -> edge-node-2
[19:52:26] Step 1: Killing any existing processes on source...
[19:52:26]   Killing PID 56887 (from /home/ubuntu/app.pid)
[19:52:27]   Killing PID 56887 (from /home/ubuntu/gol.pid)
[19:52:27]   Killing any remaining background processes...
[19:52:29] Step 2: Cleaning source node...
[19:52:30] Step 3: Cleaning destination node...
[19:52:30]   Killing PID 56887 on destination (from /home/ubuntu/app.pid)
[19:52:31]   Killing PID 56887 on destination (from /home/ubuntu/gol.pid)
[19:52:31]   Killing all remaining gol processes on destination...
[19:52:35] ✓ Reset complete, nodes are clean
[19:52:35]   Next: Start your application
[exit=0]

$ bash /home/ivo/Evaluation-of-Live-Migration-Strategies-at-the-Edge/Game-of-life-migration/scripts/workloads/start_gol_c.sh edge-node-1
[19:52:35] Ensuring gol binary on edge-node-1...
[19:52:35] Reusing existing /tmp/gol on edge-node-1
[19:52:35] Starting gol on edge-node-1...
[19:52:36] ✓ Gol started
[exit=0]
[repeat] warmup 2s

$ python3 /home/ivo/Evaluation-of-Live-Migration-Strategies-at-the-Edge/Game-of-life-migration/scripts/orchestrators/criu_benchmark.py precopy --source edge-node-1 --dest edge-node-2 --transfer-mode direct --run-id 30-04-2026-direct-precopy-0019 --iterations 3 --profile-name 1_WiFi_6
[19:52:39] Starting precopy migration...
[19:52:39] Source: edge-node-1, Dest: edge-node-2
[19:52:39] Transfer mode: direct

[19:52:39] === PRE-COPY LIVE MIGRATION ===
[19:52:39] Step 1: Checking source process...
[19:52:39]   Using PID from /home/ubuntu/gol.pid: 58559
[19:52:40]   Architecture: x86_64 (compatible)
[19:52:40] Step 2: Preparing dump directory...
[19:52:40] Step 3: Running 3 pre-dumps...
[19:52:40]   Pre-dump 1/3...
[19:52:42]   Pre-dump 2/3...
[19:52:43]   Pre-dump 3/3...
[19:52:44]   Total pre-dump time: 3903 ms
[19:52:44] Step 4: Final dump (freezing service)...
[19:52:45]   Final dump time (freeze duration): 316 ms
[19:52:45] Step 5: Creating archive...
[19:52:45]   Archive size: 32951 bytes
[19:52:45] Step 6: Transferring archive...
[19:52:45]   Setting up direct SSH trust...
Setting up SSH trust: edge-node-1 → ubuntu@10.138.215.137
  Adding public key to destination's authorized_keys...
  Testing SSH connectivity...
  ✓ SSH trust ready
Setting up SSH trust: edge-node-1 → ubuntu@10.138.215.137
  Adding public key to destination's authorized_keys...
  Testing SSH connectivity...
  ✓ SSH trust ready
  Transferring /tmp/CRIU-gol.tar.gz via SCP...
[19:52:50]   Transfer time: 3071 ms
[19:52:50] Step 7: Unpacking on destination...
[19:52:51] Step 7.5: Ensuring gol output file exists on destination...
[19:52:51] Step 7.8: Ensuring /tmp/gol binary is present on destination...
[19:52:51] Step 8: Restoring process...
[19:52:52]   Restore time: 282 ms
[19:52:52]   Restored PID: 58559 (written to /home/ubuntu/gol.pid)
[19:52:52] Step 9: Verifying migration...
[19:52:57] ✓ gol.out updated after migration (mtime 1777571574 → 1777571576), simulation running!
[19:52:57] Total downtime: 3669 ms (final_dump: 316 + transfer: 3071 + restore: 282)
[19:52:57] Pre-dump time (not counted as downtime): 3903 ms
[19:52:57] Effective bandwidth: 0.09 Mbps
[19:52:57] Metrics saved to /home/ivo/Evaluation-of-Live-Migration-Strategies-at-the-Edge/Game-of-life-migration/metrics/migration_metrics.csv
[exit=0]

$ python3 /home/ivo/Evaluation-of-Live-Migration-Strategies-at-the-Edge/Game-of-life-migration/scripts/setup/reset_nodes.py edge-node-1 edge-node-2
[19:52:58] Resetting nodes: edge-node-1 -> edge-node-2
[19:52:58] Step 1: Killing any existing processes on source...
[19:52:58]   Killing PID 58559 (from /home/ubuntu/app.pid)
[19:52:59]   Killing PID 58559 (from /home/ubuntu/gol.pid)
[19:52:59]   Killing any remaining background processes...
[19:53:01] Step 2: Cleaning source node...
[19:53:02] Step 3: Cleaning destination node...
[19:53:02]   Killing PID 58559 on destination (from /home/ubuntu/app.pid)
[19:53:03]   Killing PID 58559 on destination (from /home/ubuntu/gol.pid)
[19:53:03]   Killing all remaining gol processes on destination...
[19:53:07] ✓ Reset complete, nodes are clean
[19:53:07]   Next: Start your application
[exit=0]

$ bash /home/ivo/Evaluation-of-Live-Migration-Strategies-at-the-Edge/Game-of-life-migration/scripts/workloads/start_gol_c.sh edge-node-1
[19:53:07] Ensuring gol binary on edge-node-1...
[19:53:07] Reusing existing /tmp/gol on edge-node-1
[19:53:07] Starting gol on edge-node-1...
[19:53:08] ✓ Gol started
[exit=0]
[repeat] warmup 2s

$ python3 /home/ivo/Evaluation-of-Live-Migration-Strategies-at-the-Edge/Game-of-life-migration/scripts/orchestrators/criu_benchmark.py precopy --source edge-node-1 --dest edge-node-2 --transfer-mode direct --run-id 30-04-2026-direct-precopy-0020 --iterations 3 --profile-name 1_WiFi_6
[19:53:11] Starting precopy migration...
[19:53:11] Source: edge-node-1, Dest: edge-node-2
[19:53:11] Transfer mode: direct

[19:53:11] === PRE-COPY LIVE MIGRATION ===
[19:53:11] Step 1: Checking source process...
[19:53:11]   Using PID from /home/ubuntu/gol.pid: 60221
[19:53:12]   Architecture: x86_64 (compatible)
[19:53:12] Step 2: Preparing dump directory...
[19:53:12] Step 3: Running 3 pre-dumps...
[19:53:12]   Pre-dump 1/3...
[19:53:14]   Pre-dump 2/3...
[19:53:15]   Pre-dump 3/3...
[19:53:16]   Total pre-dump time: 4038 ms
[19:53:16] Step 4: Final dump (freezing service)...
[19:53:17]   Final dump time (freeze duration): 285 ms
[19:53:17] Step 5: Creating archive...
[19:53:17]   Archive size: 33798 bytes
[19:53:17] Step 6: Transferring archive...
[19:53:17]   Setting up direct SSH trust...
Setting up SSH trust: edge-node-1 → ubuntu@10.138.215.137
  Adding public key to destination's authorized_keys...
  Testing SSH connectivity...
  ✓ SSH trust ready
Setting up SSH trust: edge-node-1 → ubuntu@10.138.215.137
  Adding public key to destination's authorized_keys...
  Testing SSH connectivity...
  ✓ SSH trust ready
  Transferring /tmp/CRIU-gol.tar.gz via SCP...
[19:53:22]   Transfer time: 3163 ms
[19:53:22] Step 7: Unpacking on destination...
[19:53:23] Step 7.5: Ensuring gol output file exists on destination...
[19:53:23] Step 7.8: Ensuring /tmp/gol binary is present on destination...
[19:53:23] Step 8: Restoring process...
[19:53:23]   Restore time: 297 ms
[19:53:24]   Restored PID: 60221 (written to /home/ubuntu/gol.pid)
[19:53:24] Step 9: Verifying migration...
[19:53:29] ✓ gol.out updated after migration (mtime 1777571606 → 1777571608), simulation running!
[19:53:29] Total downtime: 3745 ms (final_dump: 285 + transfer: 3163 + restore: 297)
[19:53:29] Pre-dump time (not counted as downtime): 4038 ms
[19:53:29] Effective bandwidth: 0.09 Mbps
[19:53:29] Metrics saved to /home/ivo/Evaluation-of-Live-Migration-Strategies-at-the-Edge/Game-of-life-migration/metrics/migration_metrics.csv
[exit=0]

$ python3 /home/ivo/Evaluation-of-Live-Migration-Strategies-at-the-Edge/Game-of-life-migration/scripts/setup/reset_nodes.py edge-node-1 edge-node-2
[19:53:30] Resetting nodes: edge-node-1 -> edge-node-2
[19:53:30] Step 1: Killing any existing processes on source...
[19:53:30]   Killing PID 60221 (from /home/ubuntu/app.pid)
[19:53:31]   Killing PID 60221 (from /home/ubuntu/gol.pid)
[19:53:32]   Killing any remaining background processes...
[19:53:33] Step 2: Cleaning source node...
[19:53:34] Step 3: Cleaning destination node...
[19:53:34]   Killing PID 60221 on destination (from /home/ubuntu/app.pid)
[19:53:35]   Killing PID 60221 on destination (from /home/ubuntu/gol.pid)
[19:53:35]   Killing all remaining gol processes on destination...
[19:53:39] ✓ Reset complete, nodes are clean
[19:53:39]   Next: Start your application
[exit=0]

$ bash /home/ivo/Evaluation-of-Live-Migration-Strategies-at-the-Edge/Game-of-life-migration/scripts/workloads/start_gol_c.sh edge-node-1
[19:53:39] Ensuring gol binary on edge-node-1...
[19:53:39] Reusing existing /tmp/gol on edge-node-1
[19:53:39] Starting gol on edge-node-1...
[19:53:40] ✓ Gol started
[exit=0]
[repeat] warmup 2s

$ python3 /home/ivo/Evaluation-of-Live-Migration-Strategies-at-the-Edge/Game-of-life-migration/scripts/orchestrators/criu_benchmark.py precopy --source edge-node-1 --dest edge-node-2 --transfer-mode direct --run-id 30-04-2026-direct-precopy-0021 --iterations 3 --profile-name 1_WiFi_6
[19:53:43] Starting precopy migration...
[19:53:43] Source: edge-node-1, Dest: edge-node-2
[19:53:43] Transfer mode: direct

[19:53:43] === PRE-COPY LIVE MIGRATION ===
[19:53:43] Step 1: Checking source process...
[19:53:43]   Using PID from /home/ubuntu/gol.pid: 61892
[19:53:44]   Architecture: x86_64 (compatible)
[19:53:44] Step 2: Preparing dump directory...
[19:53:44] Step 3: Running 3 pre-dumps...
[19:53:44]   Pre-dump 1/3...
[19:53:46]   Pre-dump 2/3...
[19:53:47]   Pre-dump 3/3...
[19:53:48]   Total pre-dump time: 3926 ms
[19:53:48] Step 4: Final dump (freezing service)...
[19:53:49]   Final dump time (freeze duration): 312 ms
[19:53:49] Step 5: Creating archive...
[19:53:49]   Archive size: 33739 bytes
[19:53:49] Step 6: Transferring archive...
[19:53:49]   Setting up direct SSH trust...
Setting up SSH trust: edge-node-1 → ubuntu@10.138.215.137
  Adding public key to destination's authorized_keys...
  Testing SSH connectivity...
  ✓ SSH trust ready
Setting up SSH trust: edge-node-1 → ubuntu@10.138.215.137
  Adding public key to destination's authorized_keys...
  Testing SSH connectivity...
  ✓ SSH trust ready
  Transferring /tmp/CRIU-gol.tar.gz via SCP...
[19:53:54]   Transfer time: 3036 ms
[19:53:54] Step 7: Unpacking on destination...
[19:53:55] Step 7.5: Ensuring gol output file exists on destination...
[19:53:55] Step 7.8: Ensuring /tmp/gol binary is present on destination...
[19:53:55] Step 8: Restoring process...
[19:53:56]   Restore time: 348 ms
[19:53:56]   Restored PID: 61892 (written to /home/ubuntu/gol.pid)
[19:53:56] Step 9: Verifying migration...
[19:54:02] ✓ gol.out updated after migration (mtime 1777571639 → 1777571641), simulation running!
[19:54:02] Total downtime: 3696 ms (final_dump: 312 + transfer: 3036 + restore: 348)
[19:54:02] Pre-dump time (not counted as downtime): 3926 ms
[19:54:02] Effective bandwidth: 0.09 Mbps
[19:54:02] Metrics saved to /home/ivo/Evaluation-of-Live-Migration-Strategies-at-the-Edge/Game-of-life-migration/metrics/migration_metrics.csv
[exit=0]

$ python3 /home/ivo/Evaluation-of-Live-Migration-Strategies-at-the-Edge/Game-of-life-migration/scripts/setup/reset_nodes.py edge-node-1 edge-node-2
[19:54:02] Resetting nodes: edge-node-1 -> edge-node-2
[19:54:02] Step 1: Killing any existing processes on source...
[19:54:02]   Killing PID 61892 (from /home/ubuntu/app.pid)
[19:54:03]   Killing PID 61892 (from /home/ubuntu/gol.pid)
[19:54:04]   Killing any remaining background processes...
[19:54:05] Step 2: Cleaning source node...
[19:54:06] Step 3: Cleaning destination node...
[19:54:06]   Killing PID 61892 on destination (from /home/ubuntu/app.pid)
[19:54:07]   Killing PID 61892 on destination (from /home/ubuntu/gol.pid)
[19:54:08]   Killing all remaining gol processes on destination...
[19:54:11] ✓ Reset complete, nodes are clean
[19:54:11]   Next: Start your application
[exit=0]

$ bash /home/ivo/Evaluation-of-Live-Migration-Strategies-at-the-Edge/Game-of-life-migration/scripts/workloads/start_gol_c.sh edge-node-1
[19:54:11] Ensuring gol binary on edge-node-1...
[19:54:11] Reusing existing /tmp/gol on edge-node-1
[19:54:11] Starting gol on edge-node-1...
[19:54:13] ✓ Gol started
[exit=0]
[repeat] warmup 2s

$ python3 /home/ivo/Evaluation-of-Live-Migration-Strategies-at-the-Edge/Game-of-life-migration/scripts/orchestrators/criu_benchmark.py postcopy --source edge-node-1 --dest edge-node-2 --transfer-mode host --run-id 30-04-2026-host-postcopy-0012 --relay-node edge-host-1 --page-server-port 9999 --profile-name 1_WiFi_6
[19:54:15] Starting postcopy migration...
[19:54:15] Source: edge-node-1, Dest: edge-node-2
[19:54:15] Transfer mode: host
[19:54:15] Relay node: edge-host-1

[19:54:15] === POST-COPY (LAZY-PAGES) MIGRATION ===
[19:54:15] Step 1: Checking source process...
[19:54:16]   Using PID from /home/ubuntu/gol.pid: 63556
[19:54:17]   Page-server endpoint: 10.138.215.218:9999
[19:54:17] Step 2: Final dump (freezing service) with --lazy-pages...
[19:54:18]   Dump PID: 63988
[19:54:18]   Dump init time (approx freeze duration): 1058 ms
[19:54:18] Step 3: Page-server ready on source (served by dump process)
[19:54:18] Step 4: Creating archive...
[19:54:19]   Archive size: 23246 bytes
[19:54:19] Step 5: Transferring archive...
  Transferring /home/ubuntu/CRIU-gol.tar.gz via relay node edge-host-1...
Setting up SSH trust: edge-node-1 → ubuntu@10.138.215.36
  Adding public key to destination's authorized_keys...
  Testing SSH connectivity...
  ✓ SSH trust ready
Setting up SSH trust: edge-host-1 → ubuntu@10.138.215.137
  Adding public key to destination's authorized_keys...
  Testing SSH connectivity...
  ✓ SSH trust ready
[19:54:26]   Transfer time: 6962 ms
[19:54:26] Step 6: Unpacking on destination...
[19:54:26] Step 6.8: Ensuring /tmp/gol binary is present on destination...
[19:54:27] Step 7: Starting lazy-pages daemon on destination...
[19:54:27]   Lazy-pages PID: 67614
[19:54:27] Step 8: Restoring process...
[19:54:28]   Restore time: 323 ms
[19:54:28]   Restored PID: 63556 (written to /home/ubuntu/gol.pid)
[19:54:28] Step 9: Verifying migration...
[19:54:34] ✓ gol.out updated after migration (mtime 1777571671 → 1777571674), simulation running!
[19:54:34] Total downtime: 8343 ms (dump: 1058 + transfer: 6962 + restore: 323)
[19:54:35] Metrics saved to /home/ivo/Evaluation-of-Live-Migration-Strategies-at-the-Edge/Game-of-life-migration/metrics/migration_metrics.csv
[exit=0]

$ python3 /home/ivo/Evaluation-of-Live-Migration-Strategies-at-the-Edge/Game-of-life-migration/scripts/setup/reset_nodes.py edge-node-1 edge-node-2
[19:54:36] Resetting nodes: edge-node-1 -> edge-node-2
[19:54:36] Step 1: Killing any existing processes on source...
[19:54:36]   Killing PID 63556 (from /home/ubuntu/app.pid)
[19:54:37]   Killing PID 63556 (from /home/ubuntu/gol.pid)
[19:54:37]   Killing any remaining background processes...
[19:54:39] Step 2: Cleaning source node...
[19:54:40] Step 3: Cleaning destination node...
[19:54:40]   Killing PID 63556 on destination (from /home/ubuntu/app.pid)
[19:54:41]   Killing PID 63556 on destination (from /home/ubuntu/gol.pid)
[19:54:41]   Killing all remaining gol processes on destination...
[19:54:44] ✓ Reset complete, nodes are clean
[19:54:44]   Next: Start your application
[exit=0]

$ bash /home/ivo/Evaluation-of-Live-Migration-Strategies-at-the-Edge/Game-of-life-migration/scripts/workloads/start_gol_c.sh edge-node-1
[19:54:44] Ensuring gol binary on edge-node-1...
[19:54:45] Reusing existing /tmp/gol on edge-node-1
[19:54:45] Starting gol on edge-node-1...
[19:54:46] ✓ Gol started
[exit=0]
[repeat] warmup 2s

$ python3 /home/ivo/Evaluation-of-Live-Migration-Strategies-at-the-Edge/Game-of-life-migration/scripts/orchestrators/criu_benchmark.py postcopy --source edge-node-1 --dest edge-node-2 --transfer-mode host --run-id 30-04-2026-host-postcopy-0013 --relay-node edge-host-1 --page-server-port 9999 --profile-name 1_WiFi_6
[19:54:48] Starting postcopy migration...
[19:54:48] Source: edge-node-1, Dest: edge-node-2
[19:54:48] Transfer mode: host
[19:54:48] Relay node: edge-host-1

[19:54:48] === POST-COPY (LAZY-PAGES) MIGRATION ===
[19:54:48] Step 1: Checking source process...
[19:54:49]   Using PID from /home/ubuntu/gol.pid: 65297
[19:54:50]   Page-server endpoint: 10.138.215.218:9999
[19:54:50] Step 2: Final dump (freezing service) with --lazy-pages...
[19:54:51]   Dump PID: 65721
[19:54:51]   Dump init time (approx freeze duration): 977 ms
[19:54:51] Step 3: Page-server ready on source (served by dump process)
[19:54:51] Step 4: Creating archive...
[19:54:52]   Archive size: 23385 bytes
[19:54:52] Step 5: Transferring archive...
  Transferring /home/ubuntu/CRIU-gol.tar.gz via relay node edge-host-1...
Setting up SSH trust: edge-node-1 → ubuntu@10.138.215.36
  Adding public key to destination's authorized_keys...
  Testing SSH connectivity...
  ✓ SSH trust ready
Setting up SSH trust: edge-host-1 → ubuntu@10.138.215.137
  Adding public key to destination's authorized_keys...
  Testing SSH connectivity...
  ✓ SSH trust ready
[19:54:59]   Transfer time: 7187 ms
[19:54:59] Step 6: Unpacking on destination...
[19:55:00] Step 6.8: Ensuring /tmp/gol binary is present on destination...
[19:55:00] Step 7: Starting lazy-pages daemon on destination...
[19:55:00]   Lazy-pages PID: 69383
[19:55:01] Step 8: Restoring process...
[19:55:01]   Restore time: 323 ms
[19:55:01]   Restored PID: 65297 (written to /home/ubuntu/gol.pid)
[19:55:02] Step 9: Verifying migration...
[19:55:07] ✓ gol.out updated after migration (mtime 1777571704 → 1777571707), simulation running!
[19:55:07] Total downtime: 8487 ms (dump: 977 + transfer: 7187 + restore: 323)
[19:55:08] Metrics saved to /home/ivo/Evaluation-of-Live-Migration-Strategies-at-the-Edge/Game-of-life-migration/metrics/migration_metrics.csv
[exit=0]

$ python3 /home/ivo/Evaluation-of-Live-Migration-Strategies-at-the-Edge/Game-of-life-migration/scripts/setup/reset_nodes.py edge-node-1 edge-node-2
[19:55:09] Resetting nodes: edge-node-1 -> edge-node-2
[19:55:09] Step 1: Killing any existing processes on source...
[19:55:09]   Killing PID 65297 (from /home/ubuntu/app.pid)
[19:55:10]   Killing PID 65297 (from /home/ubuntu/gol.pid)
[19:55:10]   Killing any remaining background processes...
[19:55:12] Step 2: Cleaning source node...
[19:55:13] Step 3: Cleaning destination node...
[19:55:13]   Killing PID 65297 on destination (from /home/ubuntu/app.pid)
[19:55:14]   Killing PID 65297 on destination (from /home/ubuntu/gol.pid)
[19:55:14]   Killing all remaining gol processes on destination...
[19:55:18] ✓ Reset complete, nodes are clean
[19:55:18]   Next: Start your application
[exit=0]

$ bash /home/ivo/Evaluation-of-Live-Migration-Strategies-at-the-Edge/Game-of-life-migration/scripts/workloads/start_gol_c.sh edge-node-1
[19:55:18] Ensuring gol binary on edge-node-1...
[19:55:18] Reusing existing /tmp/gol on edge-node-1
[19:55:18] Starting gol on edge-node-1...
[19:55:19] ✓ Gol started
[exit=0]
[repeat] warmup 2s

$ python3 /home/ivo/Evaluation-of-Live-Migration-Strategies-at-the-Edge/Game-of-life-migration/scripts/orchestrators/criu_benchmark.py postcopy --source edge-node-1 --dest edge-node-2 --transfer-mode host --run-id 30-04-2026-host-postcopy-0014 --relay-node edge-host-1 --page-server-port 9999 --profile-name 1_WiFi_6
[19:55:22] Starting postcopy migration...
[19:55:22] Source: edge-node-1, Dest: edge-node-2
[19:55:22] Transfer mode: host
[19:55:22] Relay node: edge-host-1

[19:55:22] === POST-COPY (LAZY-PAGES) MIGRATION ===
[19:55:22] Step 1: Checking source process...
[19:55:22]   Using PID from /home/ubuntu/gol.pid: 67022
[19:55:24]   Page-server endpoint: 10.138.215.218:9999
[19:55:24] Step 2: Final dump (freezing service) with --lazy-pages...
[19:55:24]   Dump PID: 67446
[19:55:25]   Dump init time (approx freeze duration): 1077 ms
[19:55:25] Step 3: Page-server ready on source (served by dump process)
[19:55:25] Step 4: Creating archive...
[19:55:25]   Archive size: 23208 bytes
[19:55:25] Step 5: Transferring archive...
  Transferring /home/ubuntu/CRIU-gol.tar.gz via relay node edge-host-1...
Setting up SSH trust: edge-node-1 → ubuntu@10.138.215.36
  Adding public key to destination's authorized_keys...
  Testing SSH connectivity...
  ✓ SSH trust ready
Setting up SSH trust: edge-host-1 → ubuntu@10.138.215.137
  Adding public key to destination's authorized_keys...
  Testing SSH connectivity...
  ✓ SSH trust ready
[19:55:32]   Transfer time: 7055 ms
[19:55:32] Step 6: Unpacking on destination...
[19:55:33] Step 6.8: Ensuring /tmp/gol binary is present on destination...
[19:55:33] Step 7: Starting lazy-pages daemon on destination...
[19:55:34]   Lazy-pages PID: 71147
[19:55:34] Step 8: Restoring process...
[19:55:34]   Restore time: 337 ms
[19:55:35]   Restored PID: 67022 (written to /home/ubuntu/gol.pid)
[19:55:35] Step 9: Verifying migration...
[19:55:40] ✓ gol.out updated after migration (mtime 1777571737 → 1777571740), simulation running!
[19:55:40] Total downtime: 8469 ms (dump: 1077 + transfer: 7055 + restore: 337)
[19:55:42] Metrics saved to /home/ivo/Evaluation-of-Live-Migration-Strategies-at-the-Edge/Game-of-life-migration/metrics/migration_metrics.csv
[exit=0]

$ python3 /home/ivo/Evaluation-of-Live-Migration-Strategies-at-the-Edge/Game-of-life-migration/scripts/setup/reset_nodes.py edge-node-1 edge-node-2
[19:55:42] Resetting nodes: edge-node-1 -> edge-node-2
[19:55:42] Step 1: Killing any existing processes on source...
[19:55:43]   Killing PID 67022 (from /home/ubuntu/app.pid)
[19:55:43]   Killing PID 67022 (from /home/ubuntu/gol.pid)
[19:55:44]   Killing any remaining background processes...
[19:55:45] Step 2: Cleaning source node...
[19:55:46] Step 3: Cleaning destination node...
[19:55:47]   Killing PID 67022 on destination (from /home/ubuntu/app.pid)
[19:55:47]   Killing PID 67022 on destination (from /home/ubuntu/gol.pid)
[19:55:48]   Killing all remaining gol processes on destination...
[19:55:51] ✓ Reset complete, nodes are clean
[19:55:51]   Next: Start your application
[exit=0]

$ bash /home/ivo/Evaluation-of-Live-Migration-Strategies-at-the-Edge/Game-of-life-migration/scripts/workloads/start_gol_c.sh edge-node-1
[19:55:51] Ensuring gol binary on edge-node-1...
[19:55:51] Reusing existing /tmp/gol on edge-node-1
[19:55:51] Starting gol on edge-node-1...
[19:55:53] ✓ Gol started
[exit=0]
[repeat] warmup 2s

$ python3 /home/ivo/Evaluation-of-Live-Migration-Strategies-at-the-Edge/Game-of-life-migration/scripts/orchestrators/criu_benchmark.py postcopy --source edge-node-1 --dest edge-node-2 --transfer-mode host --run-id 30-04-2026-host-postcopy-0015 --relay-node edge-host-1 --page-server-port 9999 --profile-name 1_WiFi_6
[19:55:56] Starting postcopy migration...
[19:55:56] Source: edge-node-1, Dest: edge-node-2
[19:55:56] Transfer mode: host
[19:55:56] Relay node: edge-host-1

[19:55:56] === POST-COPY (LAZY-PAGES) MIGRATION ===
[19:55:56] Step 1: Checking source process...
[19:55:56]   Using PID from /home/ubuntu/gol.pid: 68755
[19:55:57]   Page-server endpoint: 10.138.215.218:9999
[19:55:57] Step 2: Final dump (freezing service) with --lazy-pages...
[19:55:58]   Dump PID: 69188
[19:55:59]   Dump init time (approx freeze duration): 1074 ms
[19:55:59] Step 3: Page-server ready on source (served by dump process)
[19:55:59] Step 4: Creating archive...
[19:55:59]   Archive size: 23361 bytes
[19:55:59] Step 5: Transferring archive...
  Transferring /home/ubuntu/CRIU-gol.tar.gz via relay node edge-host-1...
Setting up SSH trust: edge-node-1 → ubuntu@10.138.215.36
  Adding public key to destination's authorized_keys...
  Testing SSH connectivity...
  ✓ SSH trust ready
Setting up SSH trust: edge-host-1 → ubuntu@10.138.215.137
  Adding public key to destination's authorized_keys...
  Testing SSH connectivity...
  ✓ SSH trust ready
[19:56:06]   Transfer time: 6794 ms
[19:56:06] Step 6: Unpacking on destination...
[19:56:06] Step 6.8: Ensuring /tmp/gol binary is present on destination...
[19:56:07] Step 7: Starting lazy-pages daemon on destination...
[19:56:07]   Lazy-pages PID: 72916
[19:56:07] Step 8: Restoring process...
[19:56:08]   Restore time: 353 ms
[19:56:08]   Restored PID: 68755 (written to /home/ubuntu/gol.pid)
[19:56:08] Step 9: Verifying migration...
[19:56:14] ✓ gol.out updated after migration (mtime 1777571771 → 1777571774), simulation running!
[19:56:14] Total downtime: 8221 ms (dump: 1074 + transfer: 6794 + restore: 353)
[19:56:15] Metrics saved to /home/ivo/Evaluation-of-Live-Migration-Strategies-at-the-Edge/Game-of-life-migration/metrics/migration_metrics.csv
[exit=0]

$ python3 /home/ivo/Evaluation-of-Live-Migration-Strategies-at-the-Edge/Game-of-life-migration/scripts/setup/reset_nodes.py edge-node-1 edge-node-2
[19:56:15] Resetting nodes: edge-node-1 -> edge-node-2
[19:56:15] Step 1: Killing any existing processes on source...
[19:56:16]   Killing PID 68755 (from /home/ubuntu/app.pid)
[19:56:17]   Killing PID 68755 (from /home/ubuntu/gol.pid)
[19:56:17]   Killing any remaining background processes...
[19:56:18] Step 2: Cleaning source node...
[19:56:19] Step 3: Cleaning destination node...
[19:56:20]   Killing PID 68755 on destination (from /home/ubuntu/app.pid)
[19:56:20]   Killing PID 68755 on destination (from /home/ubuntu/gol.pid)
[19:56:21]   Killing all remaining gol processes on destination...
[19:56:24] ✓ Reset complete, nodes are clean
[19:56:24]   Next: Start your application
[exit=0]

$ bash /home/ivo/Evaluation-of-Live-Migration-Strategies-at-the-Edge/Game-of-life-migration/scripts/workloads/start_gol_c.sh edge-node-1
[19:56:24] Ensuring gol binary on edge-node-1...
[19:56:24] Reusing existing /tmp/gol on edge-node-1
[19:56:24] Starting gol on edge-node-1...
[19:56:26] ✓ Gol started
[exit=0]
[repeat] warmup 2s

$ python3 /home/ivo/Evaluation-of-Live-Migration-Strategies-at-the-Edge/Game-of-life-migration/scripts/orchestrators/criu_benchmark.py postcopy --source edge-node-1 --dest edge-node-2 --transfer-mode host --run-id 30-04-2026-host-postcopy-0016 --relay-node edge-host-1 --page-server-port 9999 --profile-name 1_WiFi_6
[19:56:28] Starting postcopy migration...
[19:56:28] Source: edge-node-1, Dest: edge-node-2
[19:56:28] Transfer mode: host
[19:56:28] Relay node: edge-host-1

[19:56:28] === POST-COPY (LAZY-PAGES) MIGRATION ===
[19:56:28] Step 1: Checking source process...
[19:56:29]   Using PID from /home/ubuntu/gol.pid: 70480
[19:56:30]   Page-server endpoint: 10.138.215.218:9999
[19:56:30] Step 2: Final dump (freezing service) with --lazy-pages...
[19:56:31]   Dump PID: 70912
[19:56:31]   Dump init time (approx freeze duration): 1048 ms
[19:56:31] Step 3: Page-server ready on source (served by dump process)
[19:56:31] Step 4: Creating archive...
[19:56:32]   Archive size: 23253 bytes
[19:56:32] Step 5: Transferring archive...
  Transferring /home/ubuntu/CRIU-gol.tar.gz via relay node edge-host-1...
Setting up SSH trust: edge-node-1 → ubuntu@10.138.215.36
  Adding public key to destination's authorized_keys...
  Testing SSH connectivity...
  ✓ SSH trust ready
Setting up SSH trust: edge-host-1 → ubuntu@10.138.215.137
  Adding public key to destination's authorized_keys...
  Testing SSH connectivity...
  ✓ SSH trust ready
[19:56:39]   Transfer time: 6859 ms
[19:56:39] Step 6: Unpacking on destination...
[19:56:39] Step 6.8: Ensuring /tmp/gol binary is present on destination...
[19:56:40] Step 7: Starting lazy-pages daemon on destination...
[19:56:40]   Lazy-pages PID: 74685
[19:56:40] Step 8: Restoring process...
[19:56:41]   Restore time: 351 ms
[19:56:41]   Restored PID: 70480 (written to /home/ubuntu/gol.pid)
[19:56:41] Step 9: Verifying migration...
[19:56:47] ✓ gol.out updated after migration (mtime 1777571804 → 1777571807), simulation running!
[19:56:47] Total downtime: 8258 ms (dump: 1048 + transfer: 6859 + restore: 351)
[19:56:48] Metrics saved to /home/ivo/Evaluation-of-Live-Migration-Strategies-at-the-Edge/Game-of-life-migration/metrics/migration_metrics.csv
[exit=0]

$ python3 /home/ivo/Evaluation-of-Live-Migration-Strategies-at-the-Edge/Game-of-life-migration/scripts/setup/reset_nodes.py edge-node-1 edge-node-2
[19:56:49] Resetting nodes: edge-node-1 -> edge-node-2
[19:56:49] Step 1: Killing any existing processes on source...
[19:56:49]   Killing PID 70480 (from /home/ubuntu/app.pid)
[19:56:50]   Killing PID 70480 (from /home/ubuntu/gol.pid)
[19:56:50]   Killing any remaining background processes...
[19:56:51] Step 2: Cleaning source node...
[19:56:53] Step 3: Cleaning destination node...
[19:56:53]   Killing PID 70480 on destination (from /home/ubuntu/app.pid)
[19:56:54]   Killing PID 70480 on destination (from /home/ubuntu/gol.pid)
[19:56:54]   Killing all remaining gol processes on destination...
[19:56:58] ✓ Reset complete, nodes are clean
[19:56:58]   Next: Start your application
[exit=0]

$ bash /home/ivo/Evaluation-of-Live-Migration-Strategies-at-the-Edge/Game-of-life-migration/scripts/workloads/start_gol_c.sh edge-node-1
[19:56:58] Ensuring gol binary on edge-node-1...
[19:56:58] Reusing existing /tmp/gol on edge-node-1
[19:56:58] Starting gol on edge-node-1...
[19:56:59] ✓ Gol started
[exit=0]
[repeat] warmup 2s

$ python3 /home/ivo/Evaluation-of-Live-Migration-Strategies-at-the-Edge/Game-of-life-migration/scripts/orchestrators/criu_benchmark.py postcopy --source edge-node-1 --dest edge-node-2 --transfer-mode host --run-id 30-04-2026-host-postcopy-0017 --relay-node edge-host-1 --page-server-port 9999 --profile-name 1_WiFi_6
[19:57:02] Starting postcopy migration...
[19:57:02] Source: edge-node-1, Dest: edge-node-2
[19:57:02] Transfer mode: host
[19:57:02] Relay node: edge-host-1

[19:57:02] === POST-COPY (LAZY-PAGES) MIGRATION ===
[19:57:02] Step 1: Checking source process...
[19:57:02]   Using PID from /home/ubuntu/gol.pid: 72220
[19:57:04]   Page-server endpoint: 10.138.215.218:9999
[19:57:04] Step 2: Final dump (freezing service) with --lazy-pages...
[19:57:04]   Dump PID: 72646
[19:57:05]   Dump init time (approx freeze duration): 1000 ms
[19:57:05] Step 3: Page-server ready on source (served by dump process)
[19:57:05] Step 4: Creating archive...
[19:57:05]   Archive size: 23296 bytes
[19:57:05] Step 5: Transferring archive...
  Transferring /home/ubuntu/CRIU-gol.tar.gz via relay node edge-host-1...
Setting up SSH trust: edge-node-1 → ubuntu@10.138.215.36
  Adding public key to destination's authorized_keys...
  Testing SSH connectivity...
  ✓ SSH trust ready
Setting up SSH trust: edge-host-1 → ubuntu@10.138.215.137
  Adding public key to destination's authorized_keys...
  Testing SSH connectivity...
  ✓ SSH trust ready
[19:57:12]   Transfer time: 6801 ms
[19:57:12] Step 6: Unpacking on destination...
[19:57:13] Step 6.8: Ensuring /tmp/gol binary is present on destination...
[19:57:13] Step 7: Starting lazy-pages daemon on destination...
[19:57:14]   Lazy-pages PID: 76456
[19:57:14] Step 8: Restoring process...
[19:57:14]   Restore time: 420 ms
[19:57:15]   Restored PID: 72220 (written to /home/ubuntu/gol.pid)
[19:57:15] Step 9: Verifying migration...
[19:57:20] ✓ gol.out updated after migration (mtime 1777571837 → 1777571840), simulation running!
[19:57:20] Total downtime: 8221 ms (dump: 1000 + transfer: 6801 + restore: 420)
[19:57:22] Metrics saved to /home/ivo/Evaluation-of-Live-Migration-Strategies-at-the-Edge/Game-of-life-migration/metrics/migration_metrics.csv
[exit=0]

$ python3 /home/ivo/Evaluation-of-Live-Migration-Strategies-at-the-Edge/Game-of-life-migration/scripts/setup/reset_nodes.py edge-node-1 edge-node-2
[19:57:22] Resetting nodes: edge-node-1 -> edge-node-2
[19:57:22] Step 1: Killing any existing processes on source...
[19:57:22]   Killing PID 72220 (from /home/ubuntu/app.pid)
[19:57:23]   Killing PID 72220 (from /home/ubuntu/gol.pid)
[19:57:24]   Killing any remaining background processes...
[19:57:25] Step 2: Cleaning source node...
[19:57:26] Step 3: Cleaning destination node...
[19:57:26]   Killing PID 72220 on destination (from /home/ubuntu/app.pid)
[19:57:27]   Killing PID 72220 on destination (from /home/ubuntu/gol.pid)
[19:57:28]   Killing all remaining gol processes on destination...
[19:57:31] ✓ Reset complete, nodes are clean
[19:57:31]   Next: Start your application
[exit=0]

$ bash /home/ivo/Evaluation-of-Live-Migration-Strategies-at-the-Edge/Game-of-life-migration/scripts/workloads/start_gol_c.sh edge-node-1
[19:57:31] Ensuring gol binary on edge-node-1...
[19:57:31] Reusing existing /tmp/gol on edge-node-1
[19:57:31] Starting gol on edge-node-1...
[19:57:32] ✓ Gol started
[exit=0]
[repeat] warmup 2s

$ python3 /home/ivo/Evaluation-of-Live-Migration-Strategies-at-the-Edge/Game-of-life-migration/scripts/orchestrators/criu_benchmark.py postcopy --source edge-node-1 --dest edge-node-2 --transfer-mode host --run-id 30-04-2026-host-postcopy-0018 --relay-node edge-host-1 --page-server-port 9999 --profile-name 1_WiFi_6
[19:57:35] Starting postcopy migration...
[19:57:35] Source: edge-node-1, Dest: edge-node-2
[19:57:35] Transfer mode: host
[19:57:35] Relay node: edge-host-1

[19:57:35] === POST-COPY (LAZY-PAGES) MIGRATION ===
[19:57:35] Step 1: Checking source process...
[19:57:35]   Using PID from /home/ubuntu/gol.pid: 73944
[19:57:37]   Page-server endpoint: 10.138.215.218:9999
[19:57:37] Step 2: Final dump (freezing service) with --lazy-pages...
[19:57:37]   Dump PID: 74368
[19:57:38]   Dump init time (approx freeze duration): 992 ms
[19:57:38] Step 3: Page-server ready on source (served by dump process)
[19:57:38] Step 4: Creating archive...
[19:57:39]   Archive size: 23391 bytes
[19:57:39] Step 5: Transferring archive...
  Transferring /home/ubuntu/CRIU-gol.tar.gz via relay node edge-host-1...
Setting up SSH trust: edge-node-1 → ubuntu@10.138.215.36
  Adding public key to destination's authorized_keys...
  Testing SSH connectivity...
  ✓ SSH trust ready
Setting up SSH trust: edge-host-1 → ubuntu@10.138.215.137
  Adding public key to destination's authorized_keys...
  Testing SSH connectivity...
  ✓ SSH trust ready
[19:57:45]   Transfer time: 6821 ms
[19:57:45] Step 6: Unpacking on destination...
[19:57:46] Step 6.8: Ensuring /tmp/gol binary is present on destination...
[19:57:46] Step 7: Starting lazy-pages daemon on destination...
[19:57:47]   Lazy-pages PID: 78216
[19:57:47] Step 8: Restoring process...
[19:57:47]   Restore time: 325 ms
[19:57:48]   Restored PID: 73944 (written to /home/ubuntu/gol.pid)
[19:57:48] Step 9: Verifying migration...
[19:57:54] ✓ gol.out updated after migration (mtime 1777571870 → 1777571873), simulation running!
[19:57:54] Total downtime: 8138 ms (dump: 992 + transfer: 6821 + restore: 325)
[19:57:55] Metrics saved to /home/ivo/Evaluation-of-Live-Migration-Strategies-at-the-Edge/Game-of-life-migration/metrics/migration_metrics.csv
[exit=0]

$ python3 /home/ivo/Evaluation-of-Live-Migration-Strategies-at-the-Edge/Game-of-life-migration/scripts/setup/reset_nodes.py edge-node-1 edge-node-2
[19:57:55] Resetting nodes: edge-node-1 -> edge-node-2
[19:57:55] Step 1: Killing any existing processes on source...
[19:57:56]   Killing PID 73944 (from /home/ubuntu/app.pid)
[19:57:57]   Killing PID 73944 (from /home/ubuntu/gol.pid)
[19:57:57]   Killing any remaining background processes...
[19:57:59] Step 2: Cleaning source node...
[19:58:00] Step 3: Cleaning destination node...
[19:58:00]   Killing PID 73944 on destination (from /home/ubuntu/app.pid)
[19:58:01]   Killing PID 73944 on destination (from /home/ubuntu/gol.pid)
[19:58:01]   Killing all remaining gol processes on destination...
[19:58:05] ✓ Reset complete, nodes are clean
[19:58:05]   Next: Start your application
[exit=0]

$ bash /home/ivo/Evaluation-of-Live-Migration-Strategies-at-the-Edge/Game-of-life-migration/scripts/workloads/start_gol_c.sh edge-node-1
[19:58:05] Ensuring gol binary on edge-node-1...
[19:58:05] Reusing existing /tmp/gol on edge-node-1
[19:58:05] Starting gol on edge-node-1...
[19:58:06] ✓ Gol started
[exit=0]
[repeat] warmup 2s

$ python3 /home/ivo/Evaluation-of-Live-Migration-Strategies-at-the-Edge/Game-of-life-migration/scripts/orchestrators/criu_benchmark.py postcopy --source edge-node-1 --dest edge-node-2 --transfer-mode host --run-id 30-04-2026-host-postcopy-0019 --relay-node edge-host-1 --page-server-port 9999 --profile-name 1_WiFi_6
[19:58:09] Starting postcopy migration...
[19:58:09] Source: edge-node-1, Dest: edge-node-2
[19:58:09] Transfer mode: host
[19:58:09] Relay node: edge-host-1

[19:58:09] === POST-COPY (LAZY-PAGES) MIGRATION ===
[19:58:09] Step 1: Checking source process...
[19:58:09]   Using PID from /home/ubuntu/gol.pid: 75676
[19:58:11]   Page-server endpoint: 10.138.215.218:9999
[19:58:11] Step 2: Final dump (freezing service) with --lazy-pages...
[19:58:11]   Dump PID: 76108
[19:58:12]   Dump init time (approx freeze duration): 1057 ms
[19:58:12] Step 3: Page-server ready on source (served by dump process)
[19:58:12] Step 4: Creating archive...
[19:58:13]   Archive size: 23262 bytes
[19:58:13] Step 5: Transferring archive...
  Transferring /home/ubuntu/CRIU-gol.tar.gz via relay node edge-host-1...
Setting up SSH trust: edge-node-1 → ubuntu@10.138.215.36
  Adding public key to destination's authorized_keys...
  Testing SSH connectivity...
  ✓ SSH trust ready
Setting up SSH trust: edge-host-1 → ubuntu@10.138.215.137
  Adding public key to destination's authorized_keys...
  Testing SSH connectivity...
  ✓ SSH trust ready
[19:58:19]   Transfer time: 6618 ms
[19:58:19] Step 6: Unpacking on destination...
[19:58:20] Step 6.8: Ensuring /tmp/gol binary is present on destination...
[19:58:20] Step 7: Starting lazy-pages daemon on destination...
[19:58:20]   Lazy-pages PID: 79985
[19:58:21] Step 8: Restoring process...
[19:58:21]   Restore time: 327 ms
[19:58:21]   Restored PID: 75676 (written to /home/ubuntu/gol.pid)
[19:58:22] Step 9: Verifying migration...
[19:58:27] ✓ gol.out updated after migration (mtime 1777571904 → 1777571907), simulation running!
[19:58:27] Total downtime: 8002 ms (dump: 1057 + transfer: 6618 + restore: 327)
[19:58:28] Metrics saved to /home/ivo/Evaluation-of-Live-Migration-Strategies-at-the-Edge/Game-of-life-migration/metrics/migration_metrics.csv
[exit=0]

$ python3 /home/ivo/Evaluation-of-Live-Migration-Strategies-at-the-Edge/Game-of-life-migration/scripts/setup/reset_nodes.py edge-node-1 edge-node-2
[19:58:29] Resetting nodes: edge-node-1 -> edge-node-2
[19:58:29] Step 1: Killing any existing processes on source...
[19:58:29]   Killing PID 75676 (from /home/ubuntu/app.pid)
[19:58:30]   Killing PID 75676 (from /home/ubuntu/gol.pid)
[19:58:30]   Killing any remaining background processes...
[19:58:31] Step 2: Cleaning source node...
[19:58:33] Step 3: Cleaning destination node...
[19:58:33]   Killing PID 75676 on destination (from /home/ubuntu/app.pid)
[19:58:34]   Killing PID 75676 on destination (from /home/ubuntu/gol.pid)
[19:58:34]   Killing all remaining gol processes on destination...
[19:58:37] ✓ Reset complete, nodes are clean
[19:58:37]   Next: Start your application
[exit=0]

$ bash /home/ivo/Evaluation-of-Live-Migration-Strategies-at-the-Edge/Game-of-life-migration/scripts/workloads/start_gol_c.sh edge-node-1
[19:58:37] Ensuring gol binary on edge-node-1...
[19:58:38] Reusing existing /tmp/gol on edge-node-1
[19:58:38] Starting gol on edge-node-1...
[19:58:39] ✓ Gol started
[exit=0]
[repeat] warmup 2s

$ python3 /home/ivo/Evaluation-of-Live-Migration-Strategies-at-the-Edge/Game-of-life-migration/scripts/orchestrators/criu_benchmark.py postcopy --source edge-node-1 --dest edge-node-2 --transfer-mode host --run-id 30-04-2026-host-postcopy-0020 --relay-node edge-host-1 --page-server-port 9999 --profile-name 1_WiFi_6
[19:58:42] Starting postcopy migration...
[19:58:42] Source: edge-node-1, Dest: edge-node-2
[19:58:42] Transfer mode: host
[19:58:42] Relay node: edge-host-1

[19:58:42] === POST-COPY (LAZY-PAGES) MIGRATION ===
[19:58:42] Step 1: Checking source process...
[19:58:42]   Using PID from /home/ubuntu/gol.pid: 77399
[19:58:44]   Page-server endpoint: 10.138.215.218:9999
[19:58:44] Step 2: Final dump (freezing service) with --lazy-pages...
[19:58:44]   Dump PID: 77832
[19:58:45]   Dump init time (approx freeze duration): 1090 ms
[19:58:45] Step 3: Page-server ready on source (served by dump process)
[19:58:45] Step 4: Creating archive...
[19:58:45]   Archive size: 23173 bytes
[19:58:45] Step 5: Transferring archive...
  Transferring /home/ubuntu/CRIU-gol.tar.gz via relay node edge-host-1...
Setting up SSH trust: edge-node-1 → ubuntu@10.138.215.36
  Adding public key to destination's authorized_keys...
  Testing SSH connectivity...
  ✓ SSH trust ready
Setting up SSH trust: edge-host-1 → ubuntu@10.138.215.137
  Adding public key to destination's authorized_keys...
  Testing SSH connectivity...
  ✓ SSH trust ready
[19:58:52]   Transfer time: 6883 ms
[19:58:52] Step 6: Unpacking on destination...
[19:58:53] Step 6.8: Ensuring /tmp/gol binary is present on destination...
[19:58:53] Step 7: Starting lazy-pages daemon on destination...
[19:58:53]   Lazy-pages PID: 81755
[19:58:54] Step 8: Restoring process...
[19:58:54]   Restore time: 323 ms
[19:58:54]   Restored PID: 77399 (written to /home/ubuntu/gol.pid)
[19:58:55] Step 9: Verifying migration...
[19:59:00] ✓ gol.out updated after migration (mtime 1777571937 → 1777571940), simulation running!
[19:59:00] Total downtime: 8296 ms (dump: 1090 + transfer: 6883 + restore: 323)
[19:59:02] Metrics saved to /home/ivo/Evaluation-of-Live-Migration-Strategies-at-the-Edge/Game-of-life-migration/metrics/migration_metrics.csv
[exit=0]

$ python3 /home/ivo/Evaluation-of-Live-Migration-Strategies-at-the-Edge/Game-of-life-migration/scripts/setup/reset_nodes.py edge-node-1 edge-node-2
[19:59:03] Resetting nodes: edge-node-1 -> edge-node-2
[19:59:03] Step 1: Killing any existing processes on source...
[19:59:03]   Killing PID 77399 (from /home/ubuntu/app.pid)
[19:59:04]   Killing PID 77399 (from /home/ubuntu/gol.pid)
[19:59:04]   Killing any remaining background processes...
[19:59:05] Step 2: Cleaning source node...
[19:59:07] Step 3: Cleaning destination node...
[19:59:07]   Killing PID 77399 on destination (from /home/ubuntu/app.pid)
[19:59:08]   Killing PID 77399 on destination (from /home/ubuntu/gol.pid)
[19:59:08]   Killing all remaining gol processes on destination...
[19:59:12] ✓ Reset complete, nodes are clean
[19:59:12]   Next: Start your application
[exit=0]

$ bash /home/ivo/Evaluation-of-Live-Migration-Strategies-at-the-Edge/Game-of-life-migration/scripts/workloads/start_gol_c.sh edge-node-1
[19:59:12] Ensuring gol binary on edge-node-1...
[19:59:12] Reusing existing /tmp/gol on edge-node-1
[19:59:12] Starting gol on edge-node-1...
[19:59:13] ✓ Gol started
[exit=0]
[repeat] warmup 2s

$ python3 /home/ivo/Evaluation-of-Live-Migration-Strategies-at-the-Edge/Game-of-life-migration/scripts/orchestrators/criu_benchmark.py postcopy --source edge-node-1 --dest edge-node-2 --transfer-mode host --run-id 30-04-2026-host-postcopy-0021 --relay-node edge-host-1 --page-server-port 9999 --profile-name 1_WiFi_6
[19:59:16] Starting postcopy migration...
[19:59:16] Source: edge-node-1, Dest: edge-node-2
[19:59:16] Transfer mode: host
[19:59:16] Relay node: edge-host-1

[19:59:16] === POST-COPY (LAZY-PAGES) MIGRATION ===
[19:59:16] Step 1: Checking source process...
[19:59:17]   Using PID from /home/ubuntu/gol.pid: 79140
[19:59:18]   Page-server endpoint: 10.138.215.218:9999
[19:59:18] Step 2: Final dump (freezing service) with --lazy-pages...
[19:59:18]   Dump PID: 79564
[19:59:19]   Dump init time (approx freeze duration): 1042 ms
[19:59:19] Step 3: Page-server ready on source (served by dump process)
[19:59:19] Step 4: Creating archive...
[19:59:20]   Archive size: 23377 bytes
[19:59:20] Step 5: Transferring archive...
  Transferring /home/ubuntu/CRIU-gol.tar.gz via relay node edge-host-1...
Setting up SSH trust: edge-node-1 → ubuntu@10.138.215.36
  Adding public key to destination's authorized_keys...
  Testing SSH connectivity...
  ✓ SSH trust ready
Setting up SSH trust: edge-host-1 → ubuntu@10.138.215.137
  Adding public key to destination's authorized_keys...
  Testing SSH connectivity...
  ✓ SSH trust ready
[19:59:26]   Transfer time: 6829 ms
[19:59:26] Step 6: Unpacking on destination...
[19:59:27] Step 6.8: Ensuring /tmp/gol binary is present on destination...
[19:59:27] Step 7: Starting lazy-pages daemon on destination...
[19:59:28]   Lazy-pages PID: 83525
[19:59:28] Step 8: Restoring process...
[19:59:28]   Restore time: 325 ms
[19:59:29]   Restored PID: 79140 (written to /home/ubuntu/gol.pid)
[19:59:29] Step 9: Verifying migration...
[19:59:35] ✓ gol.out updated after migration (mtime 1777571971 → 1777571974), simulation running!
[19:59:35] Total downtime: 8196 ms (dump: 1042 + transfer: 6829 + restore: 325)
[19:59:36] Metrics saved to /home/ivo/Evaluation-of-Live-Migration-Strategies-at-the-Edge/Game-of-life-migration/metrics/migration_metrics.csv
[exit=0]

$ python3 /home/ivo/Evaluation-of-Live-Migration-Strategies-at-the-Edge/Game-of-life-migration/scripts/setup/reset_nodes.py edge-node-1 edge-node-2
[19:59:36] Resetting nodes: edge-node-1 -> edge-node-2
[19:59:36] Step 1: Killing any existing processes on source...
[19:59:36]   Killing PID 79140 (from /home/ubuntu/app.pid)
[19:59:37]   Killing PID 79140 (from /home/ubuntu/gol.pid)
[19:59:37]   Killing any remaining background processes...
[19:59:39] Step 2: Cleaning source node...
[19:59:40] Step 3: Cleaning destination node...
[19:59:40]   Killing PID 79140 on destination (from /home/ubuntu/app.pid)
[19:59:41]   Killing PID 79140 on destination (from /home/ubuntu/gol.pid)
[19:59:42]   Killing all remaining gol processes on destination...
[19:59:45] ✓ Reset complete, nodes are clean
[19:59:45]   Next: Start your application
[exit=0]

$ bash /home/ivo/Evaluation-of-Live-Migration-Strategies-at-the-Edge/Game-of-life-migration/scripts/workloads/start_gol_c.sh edge-node-1
[19:59:45] Ensuring gol binary on edge-node-1...
[19:59:45] Reusing existing /tmp/gol on edge-node-1
[19:59:45] Starting gol on edge-node-1...
[19:59:46] ✓ Gol started
[exit=0]
[repeat] warmup 2s

$ python3 /home/ivo/Evaluation-of-Live-Migration-Strategies-at-the-Edge/Game-of-life-migration/scripts/orchestrators/criu_benchmark.py postcopy --source edge-node-1 --dest edge-node-2 --transfer-mode direct --run-id 30-04-2026-direct-postcopy-0012 --page-server-port 9999 --profile-name 1_WiFi_6
[19:59:49] Starting postcopy migration...
[19:59:49] Source: edge-node-1, Dest: edge-node-2
[19:59:49] Transfer mode: direct

[19:59:49] === POST-COPY (LAZY-PAGES) MIGRATION ===
[19:59:49] Step 1: Checking source process...
[19:59:50]   Using PID from /home/ubuntu/gol.pid: 80864
[19:59:51]   Page-server endpoint: 10.138.215.218:9999
[19:59:51] Step 2: Final dump (freezing service) with --lazy-pages...
[19:59:51]   Dump PID: 81296
[19:59:52]   Dump init time (approx freeze duration): 1029 ms
[19:59:52] Step 3: Page-server ready on source (served by dump process)
[19:59:52] Step 4: Creating archive...
[19:59:53]   Archive size: 23260 bytes
[19:59:53] Step 5: Transferring archive...
[19:59:53]   Setting up direct SSH trust...
Setting up SSH trust: edge-node-1 → ubuntu@10.138.215.137
  Adding public key to destination's authorized_keys...
  Testing SSH connectivity...
  ✓ SSH trust ready
Setting up SSH trust: edge-node-1 → ubuntu@10.138.215.137
  Adding public key to destination's authorized_keys...
  Testing SSH connectivity...
  ✓ SSH trust ready
  Transferring /home/ubuntu/CRIU-gol.tar.gz via SCP...
[19:59:58]   Transfer time: 3038 ms
[19:59:58] Step 6: Unpacking on destination...
[19:59:58] Step 6.8: Ensuring /tmp/gol binary is present on destination...
[19:59:59] Step 7: Starting lazy-pages daemon on destination...
[19:59:59]   Lazy-pages PID: 85440
[19:59:59] Step 8: Restoring process...
[20:00:00]   Restore time: 370 ms
[20:00:00]   Restored PID: 80864 (written to /home/ubuntu/gol.pid)
[20:00:00] Step 9: Verifying migration...
[20:00:06] ✓ gol.out updated after migration (mtime 1777572004 → 1777572006), simulation running!
[20:00:06] Total downtime: 4437 ms (dump: 1029 + transfer: 3038 + restore: 370)
[20:00:07] Metrics saved to /home/ivo/Evaluation-of-Live-Migration-Strategies-at-the-Edge/Game-of-life-migration/metrics/migration_metrics.csv
[exit=0]

$ python3 /home/ivo/Evaluation-of-Live-Migration-Strategies-at-the-Edge/Game-of-life-migration/scripts/setup/reset_nodes.py edge-node-1 edge-node-2
[20:00:08] Resetting nodes: edge-node-1 -> edge-node-2
[20:00:08] Step 1: Killing any existing processes on source...
[20:00:08]   Killing PID 80864 (from /home/ubuntu/app.pid)
[20:00:09]   Killing PID 80864 (from /home/ubuntu/gol.pid)
[20:00:09]   Killing any remaining background processes...
[20:00:11] Step 2: Cleaning source node...
[20:00:12] Step 3: Cleaning destination node...
[20:00:12]   Killing PID 80864 on destination (from /home/ubuntu/app.pid)
[20:00:13]   Killing PID 80864 on destination (from /home/ubuntu/gol.pid)
[20:00:13]   Killing all remaining gol processes on destination...
[20:00:17] ✓ Reset complete, nodes are clean
[20:00:17]   Next: Start your application
[exit=0]

$ bash /home/ivo/Evaluation-of-Live-Migration-Strategies-at-the-Edge/Game-of-life-migration/scripts/workloads/start_gol_c.sh edge-node-1
[20:00:17] Ensuring gol binary on edge-node-1...
[20:00:17] Reusing existing /tmp/gol on edge-node-1
[20:00:17] Starting gol on edge-node-1...
[20:00:18] ✓ Gol started
[exit=0]
[repeat] warmup 2s

$ python3 /home/ivo/Evaluation-of-Live-Migration-Strategies-at-the-Edge/Game-of-life-migration/scripts/orchestrators/criu_benchmark.py postcopy --source edge-node-1 --dest edge-node-2 --transfer-mode direct --run-id 30-04-2026-direct-postcopy-0013 --page-server-port 9999 --profile-name 1_WiFi_6
[20:00:21] Starting postcopy migration...
[20:00:21] Source: edge-node-1, Dest: edge-node-2
[20:00:21] Transfer mode: direct

[20:00:21] === POST-COPY (LAZY-PAGES) MIGRATION ===
[20:00:21] Step 1: Checking source process...
[20:00:21]   Using PID from /home/ubuntu/gol.pid: 82700
[20:00:23]   Page-server endpoint: 10.138.215.218:9999
[20:00:23] Step 2: Final dump (freezing service) with --lazy-pages...
[20:00:23]   Dump PID: 83132
[20:00:24]   Dump init time (approx freeze duration): 1119 ms
[20:00:24] Step 3: Page-server ready on source (served by dump process)
[20:00:24] Step 4: Creating archive...
[20:00:24]   Archive size: 23383 bytes
[20:00:24] Step 5: Transferring archive...
[20:00:24]   Setting up direct SSH trust...
Setting up SSH trust: edge-node-1 → ubuntu@10.138.215.137
  Adding public key to destination's authorized_keys...
  Testing SSH connectivity...
  ✓ SSH trust ready
Setting up SSH trust: edge-node-1 → ubuntu@10.138.215.137
  Adding public key to destination's authorized_keys...
  Testing SSH connectivity...
  ✓ SSH trust ready
  Transferring /home/ubuntu/CRIU-gol.tar.gz via SCP...
[20:00:30]   Transfer time: 3159 ms
[20:00:30] Step 6: Unpacking on destination...
[20:00:30] Step 6.8: Ensuring /tmp/gol binary is present on destination...
[20:00:31] Step 7: Starting lazy-pages daemon on destination...
[20:00:31]   Lazy-pages PID: 87367
[20:00:31] Step 8: Restoring process...
[20:00:32]   Restore time: 387 ms
[20:00:32]   Restored PID: 82700 (written to /home/ubuntu/gol.pid)
[20:00:32] Step 9: Verifying migration...
[20:00:38] ✓ gol.out updated after migration (mtime 1777572035 → 1777572038), simulation running!
[20:00:38] Total downtime: 4665 ms (dump: 1119 + transfer: 3159 + restore: 387)
[20:00:39] Metrics saved to /home/ivo/Evaluation-of-Live-Migration-Strategies-at-the-Edge/Game-of-life-migration/metrics/migration_metrics.csv
[exit=0]

$ python3 /home/ivo/Evaluation-of-Live-Migration-Strategies-at-the-Edge/Game-of-life-migration/scripts/setup/reset_nodes.py edge-node-1 edge-node-2
[20:00:39] Resetting nodes: edge-node-1 -> edge-node-2
[20:00:39] Step 1: Killing any existing processes on source...
[20:00:40]   Killing PID 82700 (from /home/ubuntu/app.pid)
[20:00:40]   Killing PID 82700 (from /home/ubuntu/gol.pid)
[20:00:41]   Killing any remaining background processes...
[20:00:42] Step 2: Cleaning source node...
[20:00:43] Step 3: Cleaning destination node...
[20:00:44]   Killing PID 82700 on destination (from /home/ubuntu/app.pid)
[20:00:44]   Killing PID 82700 on destination (from /home/ubuntu/gol.pid)
[20:00:45]   Killing all remaining gol processes on destination...
[20:00:48] ✓ Reset complete, nodes are clean
[20:00:48]   Next: Start your application
[exit=0]

$ bash /home/ivo/Evaluation-of-Live-Migration-Strategies-at-the-Edge/Game-of-life-migration/scripts/workloads/start_gol_c.sh edge-node-1
[20:00:48] Ensuring gol binary on edge-node-1...
[20:00:49] Reusing existing /tmp/gol on edge-node-1
[20:00:49] Starting gol on edge-node-1...
[20:00:50] ✓ Gol started
[exit=0]
[repeat] warmup 2s

$ python3 /home/ivo/Evaluation-of-Live-Migration-Strategies-at-the-Edge/Game-of-life-migration/scripts/orchestrators/criu_benchmark.py postcopy --source edge-node-1 --dest edge-node-2 --transfer-mode direct --run-id 30-04-2026-direct-postcopy-0014 --page-server-port 9999 --profile-name 1_WiFi_6
[20:00:52] Starting postcopy migration...
[20:00:52] Source: edge-node-1, Dest: edge-node-2
[20:00:52] Transfer mode: direct

[20:00:52] === POST-COPY (LAZY-PAGES) MIGRATION ===
[20:00:52] Step 1: Checking source process...
[20:00:53]   Using PID from /home/ubuntu/gol.pid: 84525
[20:00:54]   Page-server endpoint: 10.138.215.218:9999
[20:00:54] Step 2: Final dump (freezing service) with --lazy-pages...
[20:00:55]   Dump PID: 84957
[20:00:56]   Dump init time (approx freeze duration): 1086 ms
[20:00:56] Step 3: Page-server ready on source (served by dump process)
[20:00:56] Step 4: Creating archive...
[20:00:56]   Archive size: 23252 bytes
[20:00:56] Step 5: Transferring archive...
[20:00:56]   Setting up direct SSH trust...
Setting up SSH trust: edge-node-1 → ubuntu@10.138.215.137
  Adding public key to destination's authorized_keys...
  Testing SSH connectivity...
  ✓ SSH trust ready
Setting up SSH trust: edge-node-1 → ubuntu@10.138.215.137
  Adding public key to destination's authorized_keys...
  Testing SSH connectivity...
  ✓ SSH trust ready
  Transferring /home/ubuntu/CRIU-gol.tar.gz via SCP...
[20:01:01]   Transfer time: 3045 ms
[20:01:01] Step 6: Unpacking on destination...
[20:01:02] Step 6.8: Ensuring /tmp/gol binary is present on destination...
[20:01:02] Step 7: Starting lazy-pages daemon on destination...
[20:01:02]   Lazy-pages PID: 89282
[20:01:03] Step 8: Restoring process...
[20:01:03]   Restore time: 340 ms
[20:01:03]   Restored PID: 84525 (written to /home/ubuntu/gol.pid)
[20:01:04] Step 9: Verifying migration...
[20:01:09] ✓ gol.out updated after migration (mtime 1777572067 → 1777572069), simulation running!
[20:01:09] Total downtime: 4471 ms (dump: 1086 + transfer: 3045 + restore: 340)
[20:01:11] Metrics saved to /home/ivo/Evaluation-of-Live-Migration-Strategies-at-the-Edge/Game-of-life-migration/metrics/migration_metrics.csv
[exit=0]

$ python3 /home/ivo/Evaluation-of-Live-Migration-Strategies-at-the-Edge/Game-of-life-migration/scripts/setup/reset_nodes.py edge-node-1 edge-node-2
[20:01:11] Resetting nodes: edge-node-1 -> edge-node-2
[20:01:11] Step 1: Killing any existing processes on source...
[20:01:12]   Killing PID 84525 (from /home/ubuntu/app.pid)
[20:01:12]   Killing PID 84525 (from /home/ubuntu/gol.pid)
[20:01:13]   Killing any remaining background processes...
[20:01:14] Step 2: Cleaning source node...
[20:01:15] Step 3: Cleaning destination node...
[20:01:16]   Killing PID 84525 on destination (from /home/ubuntu/app.pid)
[20:01:16]   Killing PID 84525 on destination (from /home/ubuntu/gol.pid)
[20:01:17]   Killing all remaining gol processes on destination...
[20:01:20] ✓ Reset complete, nodes are clean
[20:01:20]   Next: Start your application
[exit=0]

$ bash /home/ivo/Evaluation-of-Live-Migration-Strategies-at-the-Edge/Game-of-life-migration/scripts/workloads/start_gol_c.sh edge-node-1
[20:01:20] Ensuring gol binary on edge-node-1...
[20:01:21] Reusing existing /tmp/gol on edge-node-1
[20:01:21] Starting gol on edge-node-1...
[20:01:22] ✓ Gol started
[exit=0]
[repeat] warmup 2s

$ python3 /home/ivo/Evaluation-of-Live-Migration-Strategies-at-the-Edge/Game-of-life-migration/scripts/orchestrators/criu_benchmark.py postcopy --source edge-node-1 --dest edge-node-2 --transfer-mode direct --run-id 30-04-2026-direct-postcopy-0015 --page-server-port 9999 --profile-name 1_WiFi_6
[20:01:24] Starting postcopy migration...
[20:01:24] Source: edge-node-1, Dest: edge-node-2
[20:01:24] Transfer mode: direct

[20:01:24] === POST-COPY (LAZY-PAGES) MIGRATION ===
[20:01:24] Step 1: Checking source process...
[20:01:25]   Using PID from /home/ubuntu/gol.pid: 86360
[20:01:26]   Page-server endpoint: 10.138.215.218:9999
[20:01:26] Step 2: Final dump (freezing service) with --lazy-pages...
[20:01:27]   Dump PID: 86792
[20:01:27]   Dump init time (approx freeze duration): 1043 ms
[20:01:27] Step 3: Page-server ready on source (served by dump process)
[20:01:27] Step 4: Creating archive...
[20:01:28]   Archive size: 23266 bytes
[20:01:28] Step 5: Transferring archive...
[20:01:28]   Setting up direct SSH trust...
Setting up SSH trust: edge-node-1 → ubuntu@10.138.215.137
  Adding public key to destination's authorized_keys...
  Testing SSH connectivity...
  ✓ SSH trust ready
Setting up SSH trust: edge-node-1 → ubuntu@10.138.215.137
  Adding public key to destination's authorized_keys...
  Testing SSH connectivity...
  ✓ SSH trust ready
  Transferring /home/ubuntu/CRIU-gol.tar.gz via SCP...
[20:01:33]   Transfer time: 3059 ms
[20:01:33] Step 6: Unpacking on destination...
[20:01:33] Step 6.8: Ensuring /tmp/gol binary is present on destination...
[20:01:34] Step 7: Starting lazy-pages daemon on destination...
[20:01:34]   Lazy-pages PID: 91206
[20:01:34] Step 8: Restoring process...
[20:01:35]   Restore time: 347 ms
[20:01:35]   Restored PID: 86360 (written to /home/ubuntu/gol.pid)
[20:01:35] Step 9: Verifying migration...
[20:01:41] ✓ gol.out updated after migration (mtime 1777572098 → 1777572101), simulation running!
[20:01:41] Total downtime: 4449 ms (dump: 1043 + transfer: 3059 + restore: 347)
[20:01:42] Metrics saved to /home/ivo/Evaluation-of-Live-Migration-Strategies-at-the-Edge/Game-of-life-migration/metrics/migration_metrics.csv
[exit=0]

$ python3 /home/ivo/Evaluation-of-Live-Migration-Strategies-at-the-Edge/Game-of-life-migration/scripts/setup/reset_nodes.py edge-node-1 edge-node-2
[20:01:42] Resetting nodes: edge-node-1 -> edge-node-2
[20:01:42] Step 1: Killing any existing processes on source...
[20:01:43]   Killing PID 86360 (from /home/ubuntu/app.pid)
[20:01:44]   Killing PID 86360 (from /home/ubuntu/gol.pid)
[20:01:44]   Killing any remaining background processes...
[20:01:45] Step 2: Cleaning source node...
[20:01:47] Step 3: Cleaning destination node...
[20:01:47]   Killing PID 86360 on destination (from /home/ubuntu/app.pid)
[20:01:48]   Killing PID 86360 on destination (from /home/ubuntu/gol.pid)
[20:01:48]   Killing all remaining gol processes on destination...
[20:01:51] ✓ Reset complete, nodes are clean
[20:01:51]   Next: Start your application
[exit=0]

$ bash /home/ivo/Evaluation-of-Live-Migration-Strategies-at-the-Edge/Game-of-life-migration/scripts/workloads/start_gol_c.sh edge-node-1
[20:01:51] Ensuring gol binary on edge-node-1...
[20:01:52] Reusing existing /tmp/gol on edge-node-1
[20:01:52] Starting gol on edge-node-1...
[20:01:53] ✓ Gol started
[exit=0]
[repeat] warmup 2s

$ python3 /home/ivo/Evaluation-of-Live-Migration-Strategies-at-the-Edge/Game-of-life-migration/scripts/orchestrators/criu_benchmark.py postcopy --source edge-node-1 --dest edge-node-2 --transfer-mode direct --run-id 30-04-2026-direct-postcopy-0016 --page-server-port 9999 --profile-name 1_WiFi_6
[20:01:55] Starting postcopy migration...
[20:01:55] Source: edge-node-1, Dest: edge-node-2
[20:01:55] Transfer mode: direct

[20:01:55] === POST-COPY (LAZY-PAGES) MIGRATION ===
[20:01:55] Step 1: Checking source process...
[20:01:56]   Using PID from /home/ubuntu/gol.pid: 88185
[20:01:57]   Page-server endpoint: 10.138.215.218:9999
[20:01:57] Step 2: Final dump (freezing service) with --lazy-pages...
[20:01:58]   Dump PID: 88617
[20:01:58]   Dump init time (approx freeze duration): 1015 ms
[20:01:58] Step 3: Page-server ready on source (served by dump process)
[20:01:58] Step 4: Creating archive...
[20:01:59]   Archive size: 23238 bytes
[20:01:59] Step 5: Transferring archive...
[20:01:59]   Setting up direct SSH trust...
Setting up SSH trust: edge-node-1 → ubuntu@10.138.215.137
  Adding public key to destination's authorized_keys...
  Testing SSH connectivity...
  ✓ SSH trust ready
Setting up SSH trust: edge-node-1 → ubuntu@10.138.215.137
  Adding public key to destination's authorized_keys...
  Testing SSH connectivity...
  ✓ SSH trust ready
  Transferring /home/ubuntu/CRIU-gol.tar.gz via SCP...
[20:02:04]   Transfer time: 3314 ms
[20:02:04] Step 6: Unpacking on destination...
[20:02:05] Step 6.8: Ensuring /tmp/gol binary is present on destination...
[20:02:05] Step 7: Starting lazy-pages daemon on destination...
[20:02:05]   Lazy-pages PID: 93130
[20:02:06] Step 8: Restoring process...
[20:02:06]   Restore time: 396 ms
[20:02:06]   Restored PID: 88185 (written to /home/ubuntu/gol.pid)
[20:02:07] Step 9: Verifying migration...
[20:02:13] ✓ gol.out updated after migration (mtime 1777572130 → 1777572132), simulation running!
[20:02:13] Total downtime: 4725 ms (dump: 1015 + transfer: 3314 + restore: 396)
[20:02:14] Metrics saved to /home/ivo/Evaluation-of-Live-Migration-Strategies-at-the-Edge/Game-of-life-migration/metrics/migration_metrics.csv
[exit=0]

$ python3 /home/ivo/Evaluation-of-Live-Migration-Strategies-at-the-Edge/Game-of-life-migration/scripts/setup/reset_nodes.py edge-node-1 edge-node-2
[20:02:15] Resetting nodes: edge-node-1 -> edge-node-2
[20:02:15] Step 1: Killing any existing processes on source...
[20:02:15]   Killing PID 88185 (from /home/ubuntu/app.pid)
[20:02:16]   Killing PID 88185 (from /home/ubuntu/gol.pid)
[20:02:16]   Killing any remaining background processes...
[20:02:17] Step 2: Cleaning source node...
[20:02:19] Step 3: Cleaning destination node...
[20:02:19]   Killing PID 88185 on destination (from /home/ubuntu/app.pid)
[20:02:20]   Killing PID 88185 on destination (from /home/ubuntu/gol.pid)
[20:02:20]   Killing all remaining gol processes on destination...
[20:02:23] ✓ Reset complete, nodes are clean
[20:02:23]   Next: Start your application
[exit=0]

$ bash /home/ivo/Evaluation-of-Live-Migration-Strategies-at-the-Edge/Game-of-life-migration/scripts/workloads/start_gol_c.sh edge-node-1
[20:02:23] Ensuring gol binary on edge-node-1...
[20:02:24] Reusing existing /tmp/gol on edge-node-1
[20:02:24] Starting gol on edge-node-1...
[20:02:25] ✓ Gol started
[exit=0]
[repeat] warmup 2s

$ python3 /home/ivo/Evaluation-of-Live-Migration-Strategies-at-the-Edge/Game-of-life-migration/scripts/orchestrators/criu_benchmark.py postcopy --source edge-node-1 --dest edge-node-2 --transfer-mode direct --run-id 30-04-2026-direct-postcopy-0017 --page-server-port 9999 --profile-name 1_WiFi_6
[20:02:27] Starting postcopy migration...
[20:02:27] Source: edge-node-1, Dest: edge-node-2
[20:02:27] Transfer mode: direct

[20:02:27] === POST-COPY (LAZY-PAGES) MIGRATION ===
[20:02:27] Step 1: Checking source process...
[20:02:28]   Using PID from /home/ubuntu/gol.pid: 90300
[20:02:29]   Page-server endpoint: 10.138.215.218:9999
[20:02:29] Step 2: Final dump (freezing service) with --lazy-pages...
[20:02:30]   Dump PID: 90732
[20:02:30]   Dump init time (approx freeze duration): 1046 ms
[20:02:30] Step 3: Page-server ready on source (served by dump process)
[20:02:30] Step 4: Creating archive...
[20:02:31]   Archive size: 23296 bytes
[20:02:31] Step 5: Transferring archive...
[20:02:31]   Setting up direct SSH trust...
Setting up SSH trust: edge-node-1 → ubuntu@10.138.215.137
  Adding public key to destination's authorized_keys...
  Testing SSH connectivity...
  ✓ SSH trust ready
Setting up SSH trust: edge-node-1 → ubuntu@10.138.215.137
  Adding public key to destination's authorized_keys...
  Testing SSH connectivity...
  ✓ SSH trust ready
  Transferring /home/ubuntu/CRIU-gol.tar.gz via SCP...
[20:02:36]   Transfer time: 3171 ms
[20:02:36] Step 6: Unpacking on destination...
[20:02:37] Step 6.8: Ensuring /tmp/gol binary is present on destination...
[20:02:37] Step 7: Starting lazy-pages daemon on destination...
[20:02:37]   Lazy-pages PID: 95311
[20:02:38] Step 8: Restoring process...
[20:02:38]   Restore time: 418 ms
[20:02:38]   Restored PID: 90300 (written to /home/ubuntu/gol.pid)
[20:02:39] Step 9: Verifying migration...
[20:02:44] ✓ gol.out updated after migration (mtime 1777572161 → 1777572164), simulation running!
[20:02:44] Total downtime: 4635 ms (dump: 1046 + transfer: 3171 + restore: 418)
[20:02:45] Metrics saved to /home/ivo/Evaluation-of-Live-Migration-Strategies-at-the-Edge/Game-of-life-migration/metrics/migration_metrics.csv
[exit=0]

$ python3 /home/ivo/Evaluation-of-Live-Migration-Strategies-at-the-Edge/Game-of-life-migration/scripts/setup/reset_nodes.py edge-node-1 edge-node-2
[20:02:46] Resetting nodes: edge-node-1 -> edge-node-2
[20:02:46] Step 1: Killing any existing processes on source...
[20:02:46]   Killing PID 90300 (from /home/ubuntu/app.pid)
[20:02:47]   Killing PID 90300 (from /home/ubuntu/gol.pid)
[20:02:47]   Killing any remaining background processes...
[20:02:49] Step 2: Cleaning source node...
[20:02:50] Step 3: Cleaning destination node...
[20:02:50]   Killing PID 90300 on destination (from /home/ubuntu/app.pid)
[20:02:51]   Killing PID 90300 on destination (from /home/ubuntu/gol.pid)
[20:02:51]   Killing all remaining gol processes on destination...
[20:02:55] ✓ Reset complete, nodes are clean
[20:02:55]   Next: Start your application
[exit=0]

$ bash /home/ivo/Evaluation-of-Live-Migration-Strategies-at-the-Edge/Game-of-life-migration/scripts/workloads/start_gol_c.sh edge-node-1
[20:02:55] Ensuring gol binary on edge-node-1...
[20:02:55] Reusing existing /tmp/gol on edge-node-1
[20:02:55] Starting gol on edge-node-1...
[20:02:57] ✓ Gol started
[exit=0]
[repeat] warmup 2s

$ python3 /home/ivo/Evaluation-of-Live-Migration-Strategies-at-the-Edge/Game-of-life-migration/scripts/orchestrators/criu_benchmark.py postcopy --source edge-node-1 --dest edge-node-2 --transfer-mode direct --run-id 30-04-2026-direct-postcopy-0018 --page-server-port 9999 --profile-name 1_WiFi_6
[20:02:59] Starting postcopy migration...
[20:02:59] Source: edge-node-1, Dest: edge-node-2
[20:02:59] Transfer mode: direct

[20:02:59] === POST-COPY (LAZY-PAGES) MIGRATION ===
[20:02:59] Step 1: Checking source process...
[20:02:59]   Using PID from /home/ubuntu/gol.pid: 92160
[20:03:01]   Page-server endpoint: 10.138.215.218:9999
[20:03:01] Step 2: Final dump (freezing service) with --lazy-pages...
[20:03:02]   Dump PID: 92592
[20:03:02]   Dump init time (approx freeze duration): 1064 ms
[20:03:02] Step 3: Page-server ready on source (served by dump process)
[20:03:02] Step 4: Creating archive...
[20:03:03]   Archive size: 23354 bytes
[20:03:03] Step 5: Transferring archive...
[20:03:03]   Setting up direct SSH trust...
Setting up SSH trust: edge-node-1 → ubuntu@10.138.215.137
  Adding public key to destination's authorized_keys...
  Testing SSH connectivity...
  ✓ SSH trust ready
Setting up SSH trust: edge-node-1 → ubuntu@10.138.215.137
  Adding public key to destination's authorized_keys...
  Testing SSH connectivity...
  ✓ SSH trust ready
  Transferring /home/ubuntu/CRIU-gol.tar.gz via SCP...
[20:03:08]   Transfer time: 3187 ms
[20:03:08] Step 6: Unpacking on destination...
[20:03:09] Step 6.8: Ensuring /tmp/gol binary is present on destination...
[20:03:09] Step 7: Starting lazy-pages daemon on destination...
[20:03:09]   Lazy-pages PID: 97227
[20:03:10] Step 8: Restoring process...
[20:03:10]   Restore time: 330 ms
[20:03:10]   Restored PID: 92160 (written to /home/ubuntu/gol.pid)
[20:03:11] Step 9: Verifying migration...
[20:03:16] ✓ gol.out updated after migration (mtime 1777572194 → 1777572196), simulation running!
[20:03:16] Total downtime: 4581 ms (dump: 1064 + transfer: 3187 + restore: 330)
[20:03:18] Metrics saved to /home/ivo/Evaluation-of-Live-Migration-Strategies-at-the-Edge/Game-of-life-migration/metrics/migration_metrics.csv
[exit=0]

$ python3 /home/ivo/Evaluation-of-Live-Migration-Strategies-at-the-Edge/Game-of-life-migration/scripts/setup/reset_nodes.py edge-node-1 edge-node-2
[20:03:18] Resetting nodes: edge-node-1 -> edge-node-2
[20:03:18] Step 1: Killing any existing processes on source...
[20:03:19]   Killing PID 92160 (from /home/ubuntu/app.pid)
[20:03:19]   Killing PID 92160 (from /home/ubuntu/gol.pid)
[20:03:20]   Killing any remaining background processes...
[20:03:21] Step 2: Cleaning source node...
[20:03:22] Step 3: Cleaning destination node...
[20:03:23]   Killing PID 92160 on destination (from /home/ubuntu/app.pid)
[20:03:24]   Killing PID 92160 on destination (from /home/ubuntu/gol.pid)
[20:03:24]   Killing all remaining gol processes on destination...
[20:03:27] ✓ Reset complete, nodes are clean
[20:03:27]   Next: Start your application
[exit=0]

$ bash /home/ivo/Evaluation-of-Live-Migration-Strategies-at-the-Edge/Game-of-life-migration/scripts/workloads/start_gol_c.sh edge-node-1
[20:03:27] Ensuring gol binary on edge-node-1...
[20:03:28] Reusing existing /tmp/gol on edge-node-1
[20:03:28] Starting gol on edge-node-1...
[20:03:29] ✓ Gol started
[exit=0]
[repeat] warmup 2s

$ python3 /home/ivo/Evaluation-of-Live-Migration-Strategies-at-the-Edge/Game-of-life-migration/scripts/orchestrators/criu_benchmark.py postcopy --source edge-node-1 --dest edge-node-2 --transfer-mode direct --run-id 30-04-2026-direct-postcopy-0019 --page-server-port 9999 --profile-name 1_WiFi_6
[20:03:31] Starting postcopy migration...
[20:03:31] Source: edge-node-1, Dest: edge-node-2
[20:03:31] Transfer mode: direct

[20:03:31] === POST-COPY (LAZY-PAGES) MIGRATION ===
[20:03:31] Step 1: Checking source process...
[20:03:32]   Using PID from /home/ubuntu/gol.pid: 94030
[20:03:34]   Page-server endpoint: 10.138.215.218:9999
[20:03:34] Step 2: Final dump (freezing service) with --lazy-pages...
[20:03:34]   Dump PID: 94463
[20:03:35]   Dump init time (approx freeze duration): 1104 ms
[20:03:35] Step 3: Page-server ready on source (served by dump process)
[20:03:35] Step 4: Creating archive...
[20:03:35]   Archive size: 23306 bytes
[20:03:35] Step 5: Transferring archive...
[20:03:35]   Setting up direct SSH trust...
Setting up SSH trust: edge-node-1 → ubuntu@10.138.215.137
  Adding public key to destination's authorized_keys...
  Testing SSH connectivity...
  ✓ SSH trust ready
Setting up SSH trust: edge-node-1 → ubuntu@10.138.215.137
  Adding public key to destination's authorized_keys...
  Testing SSH connectivity...
  ✓ SSH trust ready
  Transferring /home/ubuntu/CRIU-gol.tar.gz via SCP...
[20:03:40]   Transfer time: 3181 ms
[20:03:40] Step 6: Unpacking on destination...
[20:03:41] Step 6.8: Ensuring /tmp/gol binary is present on destination...
[20:03:41] Step 7: Starting lazy-pages daemon on destination...
[20:03:42]   Lazy-pages PID: 99153
[20:03:42] Step 8: Restoring process...
[20:03:42]   Restore time: 372 ms
[20:03:43]   Restored PID: 94030 (written to /home/ubuntu/gol.pid)
[20:03:43] Step 9: Verifying migration...
[20:03:48] ✓ gol.out updated after migration (mtime 1777572225 → 1777572228), simulation running!
[20:03:48] Total downtime: 4657 ms (dump: 1104 + transfer: 3181 + restore: 372)
[20:03:50] Metrics saved to /home/ivo/Evaluation-of-Live-Migration-Strategies-at-the-Edge/Game-of-life-migration/metrics/migration_metrics.csv
[exit=0]

$ python3 /home/ivo/Evaluation-of-Live-Migration-Strategies-at-the-Edge/Game-of-life-migration/scripts/setup/reset_nodes.py edge-node-1 edge-node-2
[20:03:50] Resetting nodes: edge-node-1 -> edge-node-2
[20:03:50] Step 1: Killing any existing processes on source...
[20:03:51]   Killing PID 94030 (from /home/ubuntu/app.pid)
[20:03:51]   Killing PID 94030 (from /home/ubuntu/gol.pid)
[20:03:52]   Killing any remaining background processes...
[20:03:53] Step 2: Cleaning source node...
[20:03:54] Step 3: Cleaning destination node...
[20:03:55]   Killing PID 94030 on destination (from /home/ubuntu/app.pid)
[20:03:55]   Killing PID 94030 on destination (from /home/ubuntu/gol.pid)
[20:03:56]   Killing all remaining gol processes on destination...
[20:03:59] ✓ Reset complete, nodes are clean
[20:03:59]   Next: Start your application
[exit=0]

$ bash /home/ivo/Evaluation-of-Live-Migration-Strategies-at-the-Edge/Game-of-life-migration/scripts/workloads/start_gol_c.sh edge-node-1
[20:03:59] Ensuring gol binary on edge-node-1...
[20:03:59] Reusing existing /tmp/gol on edge-node-1
[20:03:59] Starting gol on edge-node-1...
[20:04:01] ✓ Gol started
[exit=0]
[repeat] warmup 2s

$ python3 /home/ivo/Evaluation-of-Live-Migration-Strategies-at-the-Edge/Game-of-life-migration/scripts/orchestrators/criu_benchmark.py postcopy --source edge-node-1 --dest edge-node-2 --transfer-mode direct --run-id 30-04-2026-direct-postcopy-0020 --page-server-port 9999 --profile-name 1_WiFi_6
[20:04:03] Starting postcopy migration...
[20:04:03] Source: edge-node-1, Dest: edge-node-2
[20:04:03] Transfer mode: direct

[20:04:03] === POST-COPY (LAZY-PAGES) MIGRATION ===
[20:04:03] Step 1: Checking source process...
[20:04:04]   Using PID from /home/ubuntu/gol.pid: 95892
[20:04:05]   Page-server endpoint: 10.138.215.218:9999
[20:04:05] Step 2: Final dump (freezing service) with --lazy-pages...
[20:04:06]   Dump PID: 96332
[20:04:06]   Dump init time (approx freeze duration): 989 ms
[20:04:06] Step 3: Page-server ready on source (served by dump process)
[20:04:06] Step 4: Creating archive...
[20:04:07]   Archive size: 23488 bytes
[20:04:07] Step 5: Transferring archive...
[20:04:07]   Setting up direct SSH trust...
Setting up SSH trust: edge-node-1 → ubuntu@10.138.215.137
  Adding public key to destination's authorized_keys...
  Testing SSH connectivity...
  ✓ SSH trust ready
Setting up SSH trust: edge-node-1 → ubuntu@10.138.215.137
  Adding public key to destination's authorized_keys...
  Testing SSH connectivity...
  ✓ SSH trust ready
  Transferring /home/ubuntu/CRIU-gol.tar.gz via SCP...
[20:04:12]   Transfer time: 3377 ms
[20:04:12] Step 6: Unpacking on destination...
[20:04:13] Step 6.8: Ensuring /tmp/gol binary is present on destination...
[20:04:13] Step 7: Starting lazy-pages daemon on destination...
[20:04:13]   Lazy-pages PID: 101077
[20:04:14] Step 8: Restoring process...
[20:04:14]   Restore time: 326 ms
[20:04:14]   Restored PID: 95892 (written to /home/ubuntu/gol.pid)
[20:04:15] Step 9: Verifying migration...
[20:04:20] ✓ gol.out updated after migration (mtime 1777572257 → 1777572260), simulation running!
[20:04:20] Total downtime: 4692 ms (dump: 989 + transfer: 3377 + restore: 326)
[20:04:22] Metrics saved to /home/ivo/Evaluation-of-Live-Migration-Strategies-at-the-Edge/Game-of-life-migration/metrics/migration_metrics.csv
[exit=0]

$ python3 /home/ivo/Evaluation-of-Live-Migration-Strategies-at-the-Edge/Game-of-life-migration/scripts/setup/reset_nodes.py edge-node-1 edge-node-2
[20:04:22] Resetting nodes: edge-node-1 -> edge-node-2
[20:04:22] Step 1: Killing any existing processes on source...
[20:04:22]   Killing PID 95892 (from /home/ubuntu/app.pid)
[20:04:23]   Killing PID 95892 (from /home/ubuntu/gol.pid)
[20:04:24]   Killing any remaining background processes...
[20:04:25] Step 2: Cleaning source node...
[20:04:26] Step 3: Cleaning destination node...
[20:04:26]   Killing PID 95892 on destination (from /home/ubuntu/app.pid)
[20:04:27]   Killing PID 95892 on destination (from /home/ubuntu/gol.pid)
[20:04:28]   Killing all remaining gol processes on destination...
[20:04:31] ✓ Reset complete, nodes are clean
[20:04:31]   Next: Start your application
[exit=0]

$ bash /home/ivo/Evaluation-of-Live-Migration-Strategies-at-the-Edge/Game-of-life-migration/scripts/workloads/start_gol_c.sh edge-node-1
[20:04:31] Ensuring gol binary on edge-node-1...
[20:04:31] Reusing existing /tmp/gol on edge-node-1
[20:04:31] Starting gol on edge-node-1...
[20:04:33] ✓ Gol started
[exit=0]
[repeat] warmup 2s

$ python3 /home/ivo/Evaluation-of-Live-Migration-Strategies-at-the-Edge/Game-of-life-migration/scripts/orchestrators/criu_benchmark.py postcopy --source edge-node-1 --dest edge-node-2 --transfer-mode direct --run-id 30-04-2026-direct-postcopy-0021 --page-server-port 9999 --profile-name 1_WiFi_6
[20:04:35] Starting postcopy migration...
[20:04:35] Source: edge-node-1, Dest: edge-node-2
[20:04:35] Transfer mode: direct

[20:04:35] === POST-COPY (LAZY-PAGES) MIGRATION ===
[20:04:35] Step 1: Checking source process...
[20:04:36]   Using PID from /home/ubuntu/gol.pid: 97761
[20:04:37]   Page-server endpoint: 10.138.215.218:9999
[20:04:37] Step 2: Final dump (freezing service) with --lazy-pages...
[20:04:37]   Dump PID: 98201
[20:04:38]   Dump init time (approx freeze duration): 1045 ms
[20:04:38] Step 3: Page-server ready on source (served by dump process)
[20:04:38] Step 4: Creating archive...
[20:04:39]   Archive size: 23317 bytes
[20:04:39] Step 5: Transferring archive...
[20:04:39]   Setting up direct SSH trust...
Setting up SSH trust: edge-node-1 → ubuntu@10.138.215.137
  Adding public key to destination's authorized_keys...
  Testing SSH connectivity...
  ✓ SSH trust ready
Setting up SSH trust: edge-node-1 → ubuntu@10.138.215.137
  Adding public key to destination's authorized_keys...
  Testing SSH connectivity...
  ✓ SSH trust ready
  Transferring /home/ubuntu/CRIU-gol.tar.gz via SCP...
[20:04:44]   Transfer time: 3045 ms
[20:04:44] Step 6: Unpacking on destination...
[20:04:44] Step 6.8: Ensuring /tmp/gol binary is present on destination...
[20:04:45] Step 7: Starting lazy-pages daemon on destination...
[20:04:45]   Lazy-pages PID: 102991
[20:04:45] Step 8: Restoring process...
[20:04:46]   Restore time: 337 ms
[20:04:46]   Restored PID: 97761 (written to /home/ubuntu/gol.pid)
[20:04:46] Step 9: Verifying migration...
[20:04:52] ✓ gol.out updated after migration (mtime 1777572289 → 1777572292), simulation running!
[20:04:52] Total downtime: 4427 ms (dump: 1045 + transfer: 3045 + restore: 337)
[20:04:53] Metrics saved to /home/ivo/Evaluation-of-Live-Migration-Strategies-at-the-Edge/Game-of-life-migration/metrics/migration_metrics.csv
[exit=0]
[repeat] run_ids_file=/home/ivo/Evaluation-of-Live-Migration-Strategies-at-the-Edge/Game-of-life-migration/metrics/run_logs/30-04-2026-gol-cold-precopy-postcopy-h10-d10-i3-relay-edge-host-1-snap-noplots-193318.run_ids.txt
