run_id,profile_label,benchmark,method_label,transfer_mode,success,notes,source_plot_dir
06-05-2026-direct-precopy-0010,WiFi 6,Counter (CRIU),Pre-copy,direct,False,transfer_mode=direct;iterations=3;precopy_streamed_iters=3;precopy_stream_archive_ms=874;precopy_stream_transfer_ms=9247;precopy_stream_unpack_ms=1010;precopy_stream_bytes=17980; restore_failed,Container/metrics/plots/2026-05-06_104305__1_wifi_6__01__counter-migration
10-05-2026-direct-precopy-0015,5G,TCP Client (CRIU),Pre-copy,direct,False,transfer_mode=direct;workload=tcp-client;iterations=3;precopy_streamed_iters=3;precopy_stream_archive_ms=902;precopy_stream_transfer_ms=10083;precopy_stream_unpack_ms=1058;precopy_stream_bytes=22994; ssh_trust_failed,Network-live-migration/metrics/plots/2026-05-10_170423__2_5g__02__tcp-client-migration
11-05-2026-host-precopy-0000,5G,Game of Life (CRIU),Pre-copy,host,False,transfer_mode=host;iterations=3;relay_node=edge-host-1; predump_transfer_failed_3,Game-of-life-migration/metrics/plots/2026-05-10_170423__2_5g__03__game-of-life-migration
11-05-2026-direct-cold-0033,LTE,Counter (CRIU),Cold,direct,False,transfer_mode=direct; restore_failed,Container/metrics/plots/2026-05-11_113631__3_lte__01__counter-migration
11-05-2026-direct-precopy-0048,LTE,Game of Life (CRIU),Pre-copy,direct,False,transfer_mode=direct;iterations=3;precopy_streamed_iters=3;precopy_stream_archive_ms=3685;precopy_stream_transfer_ms=32949;precopy_stream_unpack_ms=1463;precopy_stream_bytes=27853813; transfer_failed,Game-of-life-migration/metrics/plots/2026-05-11_113631__3_lte__03__game-of-life-migration
11-05-2026-direct-postcopy-0020,LTE,Game of Life (CRIU),Post-copy,direct,False,transfer_mode=direct;lazy_pages_port=9999; gol_out_not_updating,Game-of-life-migration/metrics/plots/2026-05-11_113631__3_lte__03__game-of-life-migration
11-05-2026-direct-postcopy-0021,LTE,Game of Life (CRIU),Post-copy,direct,False,transfer_mode=direct;lazy_pages_port=9999; gol_out_not_updating,Game-of-life-migration/metrics/plots/2026-05-11_113631__3_lte__03__game-of-life-migration
11-05-2026-direct-postcopy-0022,LTE,Game of Life (CRIU),Post-copy,direct,False,transfer_mode=direct;lazy_pages_port=9999; gol_out_not_updating,Game-of-life-migration/metrics/plots/2026-05-11_113631__3_lte__03__game-of-life-migration
11-05-2026-direct-postcopy-0023,LTE,Game of Life (CRIU),Post-copy,direct,False,transfer_mode=direct;lazy_pages_port=9999; gol_out_not_updating,Game-of-life-migration/metrics/plots/2026-05-11_113631__3_lte__03__game-of-life-migration
11-05-2026-direct-postcopy-0024,LTE,Game of Life (CRIU),Post-copy,direct,False,transfer_mode=direct;lazy_pages_port=9999; gol_out_not_updating,Game-of-life-migration/metrics/plots/2026-05-11_113631__3_lte__03__game-of-life-migration
11-05-2026-direct-postcopy-0025,LTE,Game of Life (CRIU),Post-copy,direct,False,transfer_mode=direct;lazy_pages_port=9999; gol_out_not_updating,Game-of-life-migration/metrics/plots/2026-05-11_113631__3_lte__03__game-of-life-migration
11-05-2026-direct-postcopy-0026,LTE,Game of Life (CRIU),Post-copy,direct,False,transfer_mode=direct;lazy_pages_port=9999; gol_out_not_updating,Game-of-life-migration/metrics/plots/2026-05-11_113631__3_lte__03__game-of-life-migration
11-05-2026-direct-postcopy-0027,LTE,Game of Life (CRIU),Post-copy,direct,False,transfer_mode=direct;lazy_pages_port=9999; gol_out_not_updating,Game-of-life-migration/metrics/plots/2026-05-11_113631__3_lte__03__game-of-life-migration
11-05-2026-direct-postcopy-0028,LTE,Game of Life (CRIU),Post-copy,direct,False,transfer_mode=direct;lazy_pages_port=9999; gol_out_not_updating,Game-of-life-migration/metrics/plots/2026-05-11_113631__3_lte__03__game-of-life-migration
11-05-2026-direct-postcopy-0029,LTE,Game of Life (CRIU),Post-copy,direct,False,transfer_mode=direct;lazy_pages_port=9999; gol_out_not_updating,Game-of-life-migration/metrics/plots/2026-05-11_113631__3_lte__03__game-of-life-migration
11-05-2026-direct-postcopy-0030,LTE,Game of Life (CRIU),Post-copy,direct,False,transfer_mode=direct;lazy_pages_port=9999; gol_out_not_updating,Game-of-life-migration/metrics/plots/2026-05-11_113631__3_lte__03__game-of-life-migration
11-05-2026-direct-postcopy-0031,LTE,Game of Life (CRIU),Post-copy,direct,False,transfer_mode=direct;lazy_pages_port=9999; gol_out_not_updating,Game-of-life-migration/metrics/plots/2026-05-11_113631__3_lte__03__game-of-life-migration
11-05-2026-direct-postcopy-0032,LTE,Game of Life (CRIU),Post-copy,direct,False,transfer_mode=direct;lazy_pages_port=9999; gol_out_not_updating,Game-of-life-migration/metrics/plots/2026-05-11_113631__3_lte__03__game-of-life-migration
11-05-2026-direct-postcopy-0033,LTE,Game of Life (CRIU),Post-copy,direct,False,transfer_mode=direct;lazy_pages_port=9999; gol_out_not_updating,Game-of-life-migration/metrics/plots/2026-05-11_113631__3_lte__03__game-of-life-migration
11-05-2026-direct-postcopy-0034,LTE,Game of Life (CRIU),Post-copy,direct,False,transfer_mode=direct;lazy_pages_port=9999; gol_out_not_updating,Game-of-life-migration/metrics/plots/2026-05-11_113631__3_lte__03__game-of-life-migration
11-05-2026-direct-postcopy-0035,LTE,Game of Life (CRIU),Post-copy,direct,False,transfer_mode=direct;lazy_pages_port=9999; gol_out_not_updating,Game-of-life-migration/metrics/plots/2026-05-11_113631__3_lte__03__game-of-life-migration
11-05-2026-direct-postcopy-0036,LTE,Game of Life (CRIU),Post-copy,direct,False,transfer_mode=direct;lazy_pages_port=9999; gol_out_not_updating,Game-of-life-migration/metrics/plots/2026-05-11_113631__3_lte__03__game-of-life-migration
11-05-2026-direct-postcopy-0037,LTE,Game of Life (CRIU),Post-copy,direct,False,transfer_mode=direct;lazy_pages_port=9999; gol_out_not_updating,Game-of-life-migration/metrics/plots/2026-05-11_113631__3_lte__03__game-of-life-migration
11-05-2026-direct-postcopy-0038,LTE,Game of Life (CRIU),Post-copy,direct,False,transfer_mode=direct;lazy_pages_port=9999; gol_out_not_updating,Game-of-life-migration/metrics/plots/2026-05-11_113631__3_lte__03__game-of-life-migration
11-05-2026-direct-postcopy-0039,LTE,Game of Life (CRIU),Post-copy,direct,False,transfer_mode=direct;lazy_pages_port=9999; gol_out_not_updating,Game-of-life-migration/metrics/plots/2026-05-11_113631__3_lte__03__game-of-life-migration
11-05-2026-direct-postcopy-0040,LTE,Game of Life (CRIU),Post-copy,direct,False,transfer_mode=direct;lazy_pages_port=9999; gol_out_not_updating,Game-of-life-migration/metrics/plots/2026-05-11_113631__3_lte__03__game-of-life-migration
11-05-2026-direct-postcopy-0041,LTE,Game of Life (CRIU),Post-copy,direct,False,transfer_mode=direct;lazy_pages_port=9999; gol_out_not_updating,Game-of-life-migration/metrics/plots/2026-05-11_113631__3_lte__03__game-of-life-migration
11-05-2026-direct-postcopy-0042,LTE,Game of Life (CRIU),Post-copy,direct,False,transfer_mode=direct;lazy_pages_port=9999; gol_out_not_updating,Game-of-life-migration/metrics/plots/2026-05-11_113631__3_lte__03__game-of-life-migration
11-05-2026-direct-postcopy-0043,LTE,Game of Life (CRIU),Post-copy,direct,False,transfer_mode=direct;lazy_pages_port=9999; gol_out_not_updating,Game-of-life-migration/metrics/plots/2026-05-11_113631__3_lte__03__game-of-life-migration
11-05-2026-direct-postcopy-0044,LTE,Game of Life (CRIU),Post-copy,direct,False,transfer_mode=direct;lazy_pages_port=9999; gol_out_not_updating,Game-of-life-migration/metrics/plots/2026-05-11_113631__3_lte__03__game-of-life-migration
11-05-2026-direct-postcopy-0045,LTE,Game of Life (CRIU),Post-copy,direct,False,transfer_mode=direct;lazy_pages_port=9999; gol_out_not_updating,Game-of-life-migration/metrics/plots/2026-05-11_113631__3_lte__03__game-of-life-migration
11-05-2026-direct-postcopy-0046,LTE,Game of Life (CRIU),Post-copy,direct,False,transfer_mode=direct;lazy_pages_port=9999; gol_out_not_updating,Game-of-life-migration/metrics/plots/2026-05-11_113631__3_lte__03__game-of-life-migration
11-05-2026-direct-postcopy-0047,LTE,Game of Life (CRIU),Post-copy,direct,False,transfer_mode=direct;lazy_pages_port=9999; gol_out_not_updating,Game-of-life-migration/metrics/plots/2026-05-11_113631__3_lte__03__game-of-life-migration
11-05-2026-direct-postcopy-0048,LTE,Game of Life (CRIU),Post-copy,direct,False,transfer_mode=direct;lazy_pages_port=9999; gol_out_not_updating,Game-of-life-migration/metrics/plots/2026-05-11_113631__3_lte__03__game-of-life-migration
11-05-2026-direct-postcopy-0049,LTE,Game of Life (CRIU),Post-copy,direct,False,transfer_mode=direct;lazy_pages_port=9999; gol_out_not_updating,Game-of-life-migration/metrics/plots/2026-05-11_113631__3_lte__03__game-of-life-migration
11-05-2026-direct-postcopy-0050,LTE,Game of Life (CRIU),Post-copy,direct,False,transfer_mode=direct;lazy_pages_port=9999; gol_out_not_updating,Game-of-life-migration/metrics/plots/2026-05-11_113631__3_lte__03__game-of-life-migration
11-05-2026-direct-postcopy-0051,LTE,Game of Life (CRIU),Post-copy,direct,False,transfer_mode=direct;lazy_pages_port=9999; gol_out_not_updating,Game-of-life-migration/metrics/plots/2026-05-11_113631__3_lte__03__game-of-life-migration
11-05-2026-direct-postcopy-0052,LTE,Game of Life (CRIU),Post-copy,direct,False,transfer_mode=direct;lazy_pages_port=9999; gol_out_not_updating,Game-of-life-migration/metrics/plots/2026-05-11_113631__3_lte__03__game-of-life-migration
11-05-2026-direct-postcopy-0053,LTE,Game of Life (CRIU),Post-copy,direct,False,transfer_mode=direct;lazy_pages_port=9999; gol_out_not_updating,Game-of-life-migration/metrics/plots/2026-05-11_113631__3_lte__03__game-of-life-migration
11-05-2026-direct-postcopy-0054,LTE,Game of Life (CRIU),Post-copy,direct,False,transfer_mode=direct;lazy_pages_port=9999; gol_out_not_updating,Game-of-life-migration/metrics/plots/2026-05-11_113631__3_lte__03__game-of-life-migration
11-05-2026-direct-postcopy-0055,LTE,Game of Life (CRIU),Post-copy,direct,False,transfer_mode=direct;lazy_pages_port=9999; gol_out_not_updating,Game-of-life-migration/metrics/plots/2026-05-11_113631__3_lte__03__game-of-life-migration
11-05-2026-direct-postcopy-0056,LTE,Game of Life (CRIU),Post-copy,direct,False,transfer_mode=direct;lazy_pages_port=9999; gol_out_not_updating,Game-of-life-migration/metrics/plots/2026-05-11_113631__3_lte__03__game-of-life-migration
11-05-2026-direct-postcopy-0057,LTE,Game of Life (CRIU),Post-copy,direct,False,transfer_mode=direct;lazy_pages_port=9999; gol_out_not_updating,Game-of-life-migration/metrics/plots/2026-05-11_113631__3_lte__03__game-of-life-migration
11-05-2026-direct-postcopy-0058,LTE,Game of Life (CRIU),Post-copy,direct,False,transfer_mode=direct;lazy_pages_port=9999; gol_out_not_updating,Game-of-life-migration/metrics/plots/2026-05-11_113631__3_lte__03__game-of-life-migration
11-05-2026-direct-postcopy-0059,LTE,Game of Life (CRIU),Post-copy,direct,False,transfer_mode=direct;lazy_pages_port=9999; gol_out_not_updating,Game-of-life-migration/metrics/plots/2026-05-11_113631__3_lte__03__game-of-life-migration
11-05-2026-host-postcopy-0020,LTE,Game of Life (CRIU),Post-copy,host,False,transfer_mode=host;lazy_pages_port=9999;relay_node=edge-host-1; gol_out_not_updating,Game-of-life-migration/metrics/plots/2026-05-11_113631__3_lte__03__game-of-life-migration
11-05-2026-host-postcopy-0021,LTE,Game of Life (CRIU),Post-copy,host,False,transfer_mode=host;lazy_pages_port=9999;relay_node=edge-host-1; gol_out_not_updating,Game-of-life-migration/metrics/plots/2026-05-11_113631__3_lte__03__game-of-life-migration
11-05-2026-host-postcopy-0022,LTE,Game of Life (CRIU),Post-copy,host,False,transfer_mode=host;lazy_pages_port=9999;relay_node=edge-host-1; gol_out_not_updating,Game-of-life-migration/metrics/plots/2026-05-11_113631__3_lte__03__game-of-life-migration
11-05-2026-host-postcopy-0023,LTE,Game of Life (CRIU),Post-copy,host,False,transfer_mode=host;lazy_pages_port=9999;relay_node=edge-host-1; gol_out_not_updating,Game-of-life-migration/metrics/plots/2026-05-11_113631__3_lte__03__game-of-life-migration
11-05-2026-host-postcopy-0024,LTE,Game of Life (CRIU),Post-copy,host,False,transfer_mode=host;lazy_pages_port=9999;relay_node=edge-host-1; gol_out_not_updating,Game-of-life-migration/metrics/plots/2026-05-11_113631__3_lte__03__game-of-life-migration
11-05-2026-host-postcopy-0025,LTE,Game of Life (CRIU),Post-copy,host,False,transfer_mode=host;lazy_pages_port=9999;relay_node=edge-host-1; gol_out_not_updating,Game-of-life-migration/metrics/plots/2026-05-11_113631__3_lte__03__game-of-life-migration
11-05-2026-host-postcopy-0026,LTE,Game of Life (CRIU),Post-copy,host,False,transfer_mode=host;lazy_pages_port=9999;relay_node=edge-host-1; gol_out_not_updating,Game-of-life-migration/metrics/plots/2026-05-11_113631__3_lte__03__game-of-life-migration
11-05-2026-host-postcopy-0027,LTE,Game of Life (CRIU),Post-copy,host,False,transfer_mode=host;lazy_pages_port=9999;relay_node=edge-host-1; gol_out_not_updating,Game-of-life-migration/metrics/plots/2026-05-11_113631__3_lte__03__game-of-life-migration
11-05-2026-host-postcopy-0028,LTE,Game of Life (CRIU),Post-copy,host,False,transfer_mode=host;lazy_pages_port=9999;relay_node=edge-host-1; gol_out_not_updating,Game-of-life-migration/metrics/plots/2026-05-11_113631__3_lte__03__game-of-life-migration
11-05-2026-host-postcopy-0029,LTE,Game of Life (CRIU),Post-copy,host,False,transfer_mode=host;lazy_pages_port=9999;relay_node=edge-host-1; gol_out_not_updating,Game-of-life-migration/metrics/plots/2026-05-11_113631__3_lte__03__game-of-life-migration
11-05-2026-host-postcopy-0030,LTE,Game of Life (CRIU),Post-copy,host,False,transfer_mode=host;lazy_pages_port=9999;relay_node=edge-host-1; gol_out_not_updating,Game-of-life-migration/metrics/plots/2026-05-11_113631__3_lte__03__game-of-life-migration
11-05-2026-host-postcopy-0031,LTE,Game of Life (CRIU),Post-copy,host,False,transfer_mode=host;lazy_pages_port=9999;relay_node=edge-host-1; gol_out_not_updating,Game-of-life-migration/metrics/plots/2026-05-11_113631__3_lte__03__game-of-life-migration
11-05-2026-host-postcopy-0032,LTE,Game of Life (CRIU),Post-copy,host,False,transfer_mode=host;lazy_pages_port=9999;relay_node=edge-host-1; gol_out_not_updating,Game-of-life-migration/metrics/plots/2026-05-11_113631__3_lte__03__game-of-life-migration
11-05-2026-host-postcopy-0033,LTE,Game of Life (CRIU),Post-copy,host,False,transfer_mode=host;lazy_pages_port=9999;relay_node=edge-host-1; gol_out_not_updating,Game-of-life-migration/metrics/plots/2026-05-11_113631__3_lte__03__game-of-life-migration
11-05-2026-host-postcopy-0034,LTE,Game of Life (CRIU),Post-copy,host,False,transfer_mode=host;lazy_pages_port=9999;relay_node=edge-host-1; gol_out_not_updating,Game-of-life-migration/metrics/plots/2026-05-11_113631__3_lte__03__game-of-life-migration
11-05-2026-host-postcopy-0035,LTE,Game of Life (CRIU),Post-copy,host,False,transfer_mode=host;lazy_pages_port=9999;relay_node=edge-host-1; gol_out_not_updating,Game-of-life-migration/metrics/plots/2026-05-11_113631__3_lte__03__game-of-life-migration
11-05-2026-host-postcopy-0036,LTE,Game of Life (CRIU),Post-copy,host,False,transfer_mode=host;lazy_pages_port=9999;relay_node=edge-host-1; gol_out_not_updating,Game-of-life-migration/metrics/plots/2026-05-11_113631__3_lte__03__game-of-life-migration
11-05-2026-host-postcopy-0037,LTE,Game of Life (CRIU),Post-copy,host,False,transfer_mode=host;lazy_pages_port=9999;relay_node=edge-host-1; gol_out_not_updating,Game-of-life-migration/metrics/plots/2026-05-11_113631__3_lte__03__game-of-life-migration
11-05-2026-host-postcopy-0038,LTE,Game of Life (CRIU),Post-copy,host,False,transfer_mode=host;lazy_pages_port=9999;relay_node=edge-host-1; gol_out_not_updating,Game-of-life-migration/metrics/plots/2026-05-11_113631__3_lte__03__game-of-life-migration
11-05-2026-host-postcopy-0039,LTE,Game of Life (CRIU),Post-copy,host,False,transfer_mode=host;lazy_pages_port=9999;relay_node=edge-host-1; gol_out_not_updating,Game-of-life-migration/metrics/plots/2026-05-11_113631__3_lte__03__game-of-life-migration
11-05-2026-host-postcopy-0040,LTE,Game of Life (CRIU),Post-copy,host,False,transfer_mode=host;lazy_pages_port=9999;relay_node=edge-host-1; gol_out_not_updating,Game-of-life-migration/metrics/plots/2026-05-11_113631__3_lte__03__game-of-life-migration
11-05-2026-host-postcopy-0041,LTE,Game of Life (CRIU),Post-copy,host,False,transfer_mode=host;lazy_pages_port=9999;relay_node=edge-host-1; gol_out_not_updating,Game-of-life-migration/metrics/plots/2026-05-11_113631__3_lte__03__game-of-life-migration
11-05-2026-host-postcopy-0042,LTE,Game of Life (CRIU),Post-copy,host,False,transfer_mode=host;lazy_pages_port=9999;relay_node=edge-host-1; gol_out_not_updating,Game-of-life-migration/metrics/plots/2026-05-11_113631__3_lte__03__game-of-life-migration
11-05-2026-host-postcopy-0043,LTE,Game of Life (CRIU),Post-copy,host,False,transfer_mode=host;lazy_pages_port=9999;relay_node=edge-host-1; gol_out_not_updating,Game-of-life-migration/metrics/plots/2026-05-11_113631__3_lte__03__game-of-life-migration
11-05-2026-host-postcopy-0044,LTE,Game of Life (CRIU),Post-copy,host,False,transfer_mode=host;lazy_pages_port=9999;relay_node=edge-host-1; gol_out_not_updating,Game-of-life-migration/metrics/plots/2026-05-11_113631__3_lte__03__game-of-life-migration
11-05-2026-host-postcopy-0045,LTE,Game of Life (CRIU),Post-copy,host,False,transfer_mode=host;lazy_pages_port=9999;relay_node=edge-host-1; gol_out_not_updating,Game-of-life-migration/metrics/plots/2026-05-11_113631__3_lte__03__game-of-life-migration
11-05-2026-host-postcopy-0046,LTE,Game of Life (CRIU),Post-copy,host,False,transfer_mode=host;lazy_pages_port=9999;relay_node=edge-host-1; gol_out_not_updating,Game-of-life-migration/metrics/plots/2026-05-11_113631__3_lte__03__game-of-life-migration
11-05-2026-host-postcopy-0047,LTE,Game of Life (CRIU),Post-copy,host,False,transfer_mode=host;lazy_pages_port=9999;relay_node=edge-host-1; gol_out_not_updating,Game-of-life-migration/metrics/plots/2026-05-11_113631__3_lte__03__game-of-life-migration
11-05-2026-host-postcopy-0048,LTE,Game of Life (CRIU),Post-copy,host,False,transfer_mode=host;lazy_pages_port=9999;relay_node=edge-host-1; gol_out_not_updating,Game-of-life-migration/metrics/plots/2026-05-11_113631__3_lte__03__game-of-life-migration
11-05-2026-host-postcopy-0049,LTE,Game of Life (CRIU),Post-copy,host,False,transfer_mode=host;lazy_pages_port=9999;relay_node=edge-host-1; gol_out_not_updating,Game-of-life-migration/metrics/plots/2026-05-11_113631__3_lte__03__game-of-life-migration
11-05-2026-host-postcopy-0050,LTE,Game of Life (CRIU),Post-copy,host,False,transfer_mode=host;lazy_pages_port=9999;relay_node=edge-host-1; gol_out_not_updating,Game-of-life-migration/metrics/plots/2026-05-11_113631__3_lte__03__game-of-life-migration
11-05-2026-host-postcopy-0051,LTE,Game of Life (CRIU),Post-copy,host,False,transfer_mode=host;lazy_pages_port=9999;relay_node=edge-host-1; gol_out_not_updating,Game-of-life-migration/metrics/plots/2026-05-11_113631__3_lte__03__game-of-life-migration
11-05-2026-host-postcopy-0052,LTE,Game of Life (CRIU),Post-copy,host,False,transfer_mode=host;lazy_pages_port=9999;relay_node=edge-host-1; gol_out_not_updating,Game-of-life-migration/metrics/plots/2026-05-11_113631__3_lte__03__game-of-life-migration
11-05-2026-host-postcopy-0053,LTE,Game of Life (CRIU),Post-copy,host,False,transfer_mode=host;lazy_pages_port=9999;relay_node=edge-host-1; gol_out_not_updating,Game-of-life-migration/metrics/plots/2026-05-11_113631__3_lte__03__game-of-life-migration
11-05-2026-host-postcopy-0054,LTE,Game of Life (CRIU),Post-copy,host,False,transfer_mode=host;lazy_pages_port=9999;relay_node=edge-host-1; gol_out_not_updating,Game-of-life-migration/metrics/plots/2026-05-11_113631__3_lte__03__game-of-life-migration
11-05-2026-host-postcopy-0055,LTE,Game of Life (CRIU),Post-copy,host,False,transfer_mode=host;lazy_pages_port=9999;relay_node=edge-host-1; gol_out_not_updating,Game-of-life-migration/metrics/plots/2026-05-11_113631__3_lte__03__game-of-life-migration
11-05-2026-host-postcopy-0056,LTE,Game of Life (CRIU),Post-copy,host,False,transfer_mode=host;lazy_pages_port=9999;relay_node=edge-host-1; gol_out_not_updating,Game-of-life-migration/metrics/plots/2026-05-11_113631__3_lte__03__game-of-life-migration
11-05-2026-host-postcopy-0057,LTE,Game of Life (CRIU),Post-copy,host,False,transfer_mode=host;lazy_pages_port=9999;relay_node=edge-host-1; gol_out_not_updating,Game-of-life-migration/metrics/plots/2026-05-11_113631__3_lte__03__game-of-life-migration
11-05-2026-host-postcopy-0058,LTE,Game of Life (CRIU),Post-copy,host,False,transfer_mode=host;lazy_pages_port=9999;relay_node=edge-host-1; gol_out_not_updating,Game-of-life-migration/metrics/plots/2026-05-11_113631__3_lte__03__game-of-life-migration
11-05-2026-host-postcopy-0059,LTE,Game of Life (CRIU),Post-copy,host,False,transfer_mode=host;lazy_pages_port=9999;relay_node=edge-host-1; gol_out_not_updating,Game-of-life-migration/metrics/plots/2026-05-11_113631__3_lte__03__game-of-life-migration
12-05-2026-direct-precopy-0028,Starlink,TCP Client (CRIU),Pre-copy,direct,False,transfer_mode=direct;workload=tcp-client;iterations=3;precopy_streamed_iters=3;precopy_stream_archive_ms=854;precopy_stream_transfer_ms=17703;precopy_stream_unpack_ms=928;precopy_stream_bytes=21966; tcp_not_established,Network-live-migration/metrics/plots/2026-05-11_231331__4_starlink__02__tcp-client-migration
12-05-2026-host-precopy-0020,Starlink,TCP Client (CRIU),Pre-copy,host,False,transfer_mode=host;workload=tcp-client;relay_node=edge-host-1;iterations=3;precopy_streamed_iters=3;precopy_stream_archive_ms=877;precopy_stream_transfer_ms=38763;precopy_stream_unpack_ms=942;precopy_stream_bytes=23108; tcp_not_established,Network-live-migration/metrics/plots/2026-05-11_231331__4_starlink__02__tcp-client-migration
12-05-2026-host-precopy-0035,Starlink,TCP Client (CRIU),Pre-copy,host,False,transfer_mode=host;workload=tcp-client;relay_node=edge-host-1;iterations=3;precopy_streamed_iters=3;precopy_stream_archive_ms=937;precopy_stream_transfer_ms=39508;precopy_stream_unpack_ms=1022;precopy_stream_bytes=22379; tcp_not_established,Network-live-migration/metrics/plots/2026-05-11_231331__4_starlink__02__tcp-client-migration
12-05-2026-host-precopy-0036,Starlink,TCP Client (CRIU),Pre-copy,host,False,transfer_mode=host;workload=tcp-client;relay_node=edge-host-1;iterations=3;precopy_streamed_iters=3;precopy_stream_archive_ms=922;precopy_stream_transfer_ms=37686;precopy_stream_unpack_ms=1027;precopy_stream_bytes=21548; tcp_not_established,Network-live-migration/metrics/plots/2026-05-11_231331__4_starlink__02__tcp-client-migration
12-05-2026-direct-postcopy-0000,Starlink,Game of Life (CRIU),Post-copy,direct,False,transfer_mode=direct;lazy_pages_port=9999; gol_out_not_updating,Game-of-life-migration/metrics/plots/2026-05-11_231331__4_starlink__03__game-of-life-migration
12-05-2026-direct-postcopy-0001,Starlink,Game of Life (CRIU),Post-copy,direct,False,transfer_mode=direct;lazy_pages_port=9999; gol_out_not_updating,Game-of-life-migration/metrics/plots/2026-05-11_231331__4_starlink__03__game-of-life-migration
12-05-2026-direct-postcopy-0002,Starlink,Game of Life (CRIU),Post-copy,direct,False,transfer_mode=direct;lazy_pages_port=9999; gol_out_not_updating,Game-of-life-migration/metrics/plots/2026-05-11_231331__4_starlink__03__game-of-life-migration
12-05-2026-direct-postcopy-0003,Starlink,Game of Life (CRIU),Post-copy,direct,False,transfer_mode=direct;lazy_pages_port=9999; gol_out_not_updating,Game-of-life-migration/metrics/plots/2026-05-11_231331__4_starlink__03__game-of-life-migration
12-05-2026-direct-postcopy-0004,Starlink,Game of Life (CRIU),Post-copy,direct,False,transfer_mode=direct;lazy_pages_port=9999; gol_out_not_updating,Game-of-life-migration/metrics/plots/2026-05-11_231331__4_starlink__03__game-of-life-migration
12-05-2026-direct-postcopy-0005,Starlink,Game of Life (CRIU),Post-copy,direct,False,transfer_mode=direct;lazy_pages_port=9999; gol_out_not_updating,Game-of-life-migration/metrics/plots/2026-05-11_231331__4_starlink__03__game-of-life-migration
12-05-2026-direct-postcopy-0006,Starlink,Game of Life (CRIU),Post-copy,direct,False,transfer_mode=direct;lazy_pages_port=9999; gol_out_not_updating,Game-of-life-migration/metrics/plots/2026-05-11_231331__4_starlink__03__game-of-life-migration
12-05-2026-direct-postcopy-0007,Starlink,Game of Life (CRIU),Post-copy,direct,False,transfer_mode=direct;lazy_pages_port=9999; gol_out_not_updating,Game-of-life-migration/metrics/plots/2026-05-11_231331__4_starlink__03__game-of-life-migration
12-05-2026-direct-postcopy-0008,Starlink,Game of Life (CRIU),Post-copy,direct,False,transfer_mode=direct;lazy_pages_port=9999; gol_out_not_updating,Game-of-life-migration/metrics/plots/2026-05-11_231331__4_starlink__03__game-of-life-migration
12-05-2026-direct-postcopy-0009,Starlink,Game of Life (CRIU),Post-copy,direct,False,transfer_mode=direct;lazy_pages_port=9999; gol_out_not_updating,Game-of-life-migration/metrics/plots/2026-05-11_231331__4_starlink__03__game-of-life-migration
12-05-2026-direct-postcopy-0010,Starlink,Game of Life (CRIU),Post-copy,direct,False,transfer_mode=direct;lazy_pages_port=9999; gol_out_not_updating,Game-of-life-migration/metrics/plots/2026-05-11_231331__4_starlink__03__game-of-life-migration
12-05-2026-direct-postcopy-0011,Starlink,Game of Life (CRIU),Post-copy,direct,False,transfer_mode=direct;lazy_pages_port=9999; gol_out_not_updating,Game-of-life-migration/metrics/plots/2026-05-11_231331__4_starlink__03__game-of-life-migration
12-05-2026-direct-postcopy-0012,Starlink,Game of Life (CRIU),Post-copy,direct,False,transfer_mode=direct;lazy_pages_port=9999; gol_out_not_updating,Game-of-life-migration/metrics/plots/2026-05-11_231331__4_starlink__03__game-of-life-migration
12-05-2026-direct-postcopy-0013,Starlink,Game of Life (CRIU),Post-copy,direct,False,transfer_mode=direct;lazy_pages_port=9999; gol_out_not_updating,Game-of-life-migration/metrics/plots/2026-05-11_231331__4_starlink__03__game-of-life-migration
12-05-2026-direct-postcopy-0014,Starlink,Game of Life (CRIU),Post-copy,direct,False,transfer_mode=direct;lazy_pages_port=9999; gol_out_not_updating,Game-of-life-migration/metrics/plots/2026-05-11_231331__4_starlink__03__game-of-life-migration
12-05-2026-direct-postcopy-0015,Starlink,Game of Life (CRIU),Post-copy,direct,False,transfer_mode=direct;lazy_pages_port=9999; gol_out_not_updating,Game-of-life-migration/metrics/plots/2026-05-11_231331__4_starlink__03__game-of-life-migration
12-05-2026-direct-postcopy-0016,Starlink,Game of Life (CRIU),Post-copy,direct,False,transfer_mode=direct;lazy_pages_port=9999; gol_out_not_updating,Game-of-life-migration/metrics/plots/2026-05-11_231331__4_starlink__03__game-of-life-migration
12-05-2026-direct-postcopy-0017,Starlink,Game of Life (CRIU),Post-copy,direct,False,transfer_mode=direct;lazy_pages_port=9999; gol_out_not_updating,Game-of-life-migration/metrics/plots/2026-05-11_231331__4_starlink__03__game-of-life-migration
12-05-2026-direct-postcopy-0018,Starlink,Game of Life (CRIU),Post-copy,direct,False,transfer_mode=direct;lazy_pages_port=9999; gol_out_not_updating,Game-of-life-migration/metrics/plots/2026-05-11_231331__4_starlink__03__game-of-life-migration
12-05-2026-direct-postcopy-0019,Starlink,Game of Life (CRIU),Post-copy,direct,False,transfer_mode=direct;lazy_pages_port=9999; gol_out_not_updating,Game-of-life-migration/metrics/plots/2026-05-11_231331__4_starlink__03__game-of-life-migration
12-05-2026-direct-postcopy-0020,Starlink,Game of Life (CRIU),Post-copy,direct,False,transfer_mode=direct;lazy_pages_port=9999; gol_out_not_updating,Game-of-life-migration/metrics/plots/2026-05-11_231331__4_starlink__03__game-of-life-migration
12-05-2026-direct-postcopy-0021,Starlink,Game of Life (CRIU),Post-copy,direct,False,transfer_mode=direct;lazy_pages_port=9999; gol_out_not_updating,Game-of-life-migration/metrics/plots/2026-05-11_231331__4_starlink__03__game-of-life-migration
12-05-2026-direct-postcopy-0022,Starlink,Game of Life (CRIU),Post-copy,direct,False,transfer_mode=direct;lazy_pages_port=9999; gol_out_not_updating,Game-of-life-migration/metrics/plots/2026-05-11_231331__4_starlink__03__game-of-life-migration
12-05-2026-direct-postcopy-0023,Starlink,Game of Life (CRIU),Post-copy,direct,False,transfer_mode=direct;lazy_pages_port=9999; gol_out_not_updating,Game-of-life-migration/metrics/plots/2026-05-11_231331__4_starlink__03__game-of-life-migration
12-05-2026-direct-postcopy-0024,Starlink,Game of Life (CRIU),Post-copy,direct,False,transfer_mode=direct;lazy_pages_port=9999; gol_out_not_updating,Game-of-life-migration/metrics/plots/2026-05-11_231331__4_starlink__03__game-of-life-migration
12-05-2026-direct-postcopy-0025,Starlink,Game of Life (CRIU),Post-copy,direct,False,transfer_mode=direct;lazy_pages_port=9999; gol_out_not_updating,Game-of-life-migration/metrics/plots/2026-05-11_231331__4_starlink__03__game-of-life-migration
12-05-2026-direct-postcopy-0026,Starlink,Game of Life (CRIU),Post-copy,direct,False,transfer_mode=direct;lazy_pages_port=9999; gol_out_not_updating,Game-of-life-migration/metrics/plots/2026-05-11_231331__4_starlink__03__game-of-life-migration
12-05-2026-direct-postcopy-0027,Starlink,Game of Life (CRIU),Post-copy,direct,False,transfer_mode=direct;lazy_pages_port=9999; gol_out_not_updating,Game-of-life-migration/metrics/plots/2026-05-11_231331__4_starlink__03__game-of-life-migration
12-05-2026-direct-postcopy-0028,Starlink,Game of Life (CRIU),Post-copy,direct,False,transfer_mode=direct;lazy_pages_port=9999; gol_out_not_updating,Game-of-life-migration/metrics/plots/2026-05-11_231331__4_starlink__03__game-of-life-migration
12-05-2026-direct-postcopy-0029,Starlink,Game of Life (CRIU),Post-copy,direct,False,transfer_mode=direct;lazy_pages_port=9999; gol_out_not_updating,Game-of-life-migration/metrics/plots/2026-05-11_231331__4_starlink__03__game-of-life-migration
12-05-2026-direct-postcopy-0030,Starlink,Game of Life (CRIU),Post-copy,direct,False,transfer_mode=direct;lazy_pages_port=9999; gol_out_not_updating,Game-of-life-migration/metrics/plots/2026-05-11_231331__4_starlink__03__game-of-life-migration
12-05-2026-direct-postcopy-0031,Starlink,Game of Life (CRIU),Post-copy,direct,False,transfer_mode=direct;lazy_pages_port=9999; gol_out_not_updating,Game-of-life-migration/metrics/plots/2026-05-11_231331__4_starlink__03__game-of-life-migration
12-05-2026-direct-postcopy-0032,Starlink,Game of Life (CRIU),Post-copy,direct,False,transfer_mode=direct;lazy_pages_port=9999; gol_out_not_updating,Game-of-life-migration/metrics/plots/2026-05-11_231331__4_starlink__03__game-of-life-migration
12-05-2026-direct-postcopy-0033,Starlink,Game of Life (CRIU),Post-copy,direct,False,transfer_mode=direct;lazy_pages_port=9999; gol_out_not_updating,Game-of-life-migration/metrics/plots/2026-05-11_231331__4_starlink__03__game-of-life-migration
12-05-2026-direct-postcopy-0034,Starlink,Game of Life (CRIU),Post-copy,direct,False,transfer_mode=direct;lazy_pages_port=9999; gol_out_not_updating,Game-of-life-migration/metrics/plots/2026-05-11_231331__4_starlink__03__game-of-life-migration
12-05-2026-direct-postcopy-0035,Starlink,Game of Life (CRIU),Post-copy,direct,False,transfer_mode=direct;lazy_pages_port=9999; gol_out_not_updating,Game-of-life-migration/metrics/plots/2026-05-11_231331__4_starlink__03__game-of-life-migration
12-05-2026-direct-postcopy-0036,Starlink,Game of Life (CRIU),Post-copy,direct,False,transfer_mode=direct;lazy_pages_port=9999; gol_out_not_updating,Game-of-life-migration/metrics/plots/2026-05-11_231331__4_starlink__03__game-of-life-migration
12-05-2026-direct-postcopy-0037,Starlink,Game of Life (CRIU),Post-copy,direct,False,transfer_mode=direct;lazy_pages_port=9999; gol_out_not_updating,Game-of-life-migration/metrics/plots/2026-05-11_231331__4_starlink__03__game-of-life-migration
12-05-2026-direct-postcopy-0038,Starlink,Game of Life (CRIU),Post-copy,direct,False,transfer_mode=direct;lazy_pages_port=9999; gol_out_not_updating,Game-of-life-migration/metrics/plots/2026-05-11_231331__4_starlink__03__game-of-life-migration
12-05-2026-direct-postcopy-0039,Starlink,Game of Life (CRIU),Post-copy,direct,False,transfer_mode=direct;lazy_pages_port=9999; gol_out_not_updating,Game-of-life-migration/metrics/plots/2026-05-11_231331__4_starlink__03__game-of-life-migration
12-05-2026-host-precopy-0016,Starlink,Game of Life (CRIU),Pre-copy,host,False,transfer_mode=host;iterations=3;relay_node=edge-host-1;precopy_streamed_iters=3;precopy_stream_archive_ms=3262;precopy_stream_transfer_ms=141344;precopy_stream_unpack_ms=1724;precopy_stream_bytes=21895940; transfer_failed,Game-of-life-migration/metrics/plots/2026-05-11_231331__4_starlink__03__game-of-life-migration
12-05-2026-host-postcopy-0000,Starlink,Game of Life (CRIU),Post-copy,host,False,transfer_mode=host;lazy_pages_port=9999;relay_node=edge-host-1; gol_out_not_updating,Game-of-life-migration/metrics/plots/2026-05-11_231331__4_starlink__03__game-of-life-migration
12-05-2026-host-postcopy-0001,Starlink,Game of Life (CRIU),Post-copy,host,False,transfer_mode=host;lazy_pages_port=9999;relay_node=edge-host-1; gol_out_not_updating,Game-of-life-migration/metrics/plots/2026-05-11_231331__4_starlink__03__game-of-life-migration
12-05-2026-host-postcopy-0002,Starlink,Game of Life (CRIU),Post-copy,host,False,transfer_mode=host;lazy_pages_port=9999;relay_node=edge-host-1; gol_out_not_updating,Game-of-life-migration/metrics/plots/2026-05-11_231331__4_starlink__03__game-of-life-migration
12-05-2026-host-postcopy-0003,Starlink,Game of Life (CRIU),Post-copy,host,False,transfer_mode=host;lazy_pages_port=9999;relay_node=edge-host-1; gol_out_not_updating,Game-of-life-migration/metrics/plots/2026-05-11_231331__4_starlink__03__game-of-life-migration
12-05-2026-host-postcopy-0004,Starlink,Game of Life (CRIU),Post-copy,host,False,transfer_mode=host;lazy_pages_port=9999;relay_node=edge-host-1; gol_out_not_updating,Game-of-life-migration/metrics/plots/2026-05-11_231331__4_starlink__03__game-of-life-migration
12-05-2026-host-postcopy-0005,Starlink,Game of Life (CRIU),Post-copy,host,False,transfer_mode=host;lazy_pages_port=9999;relay_node=edge-host-1; gol_out_not_updating,Game-of-life-migration/metrics/plots/2026-05-11_231331__4_starlink__03__game-of-life-migration
12-05-2026-host-postcopy-0006,Starlink,Game of Life (CRIU),Post-copy,host,False,transfer_mode=host;lazy_pages_port=9999;relay_node=edge-host-1; gol_out_not_updating,Game-of-life-migration/metrics/plots/2026-05-11_231331__4_starlink__03__game-of-life-migration
12-05-2026-host-postcopy-0007,Starlink,Game of Life (CRIU),Post-copy,host,False,transfer_mode=host;lazy_pages_port=9999;relay_node=edge-host-1; gol_out_not_updating,Game-of-life-migration/metrics/plots/2026-05-11_231331__4_starlink__03__game-of-life-migration
12-05-2026-host-postcopy-0008,Starlink,Game of Life (CRIU),Post-copy,host,False,transfer_mode=host;lazy_pages_port=9999;relay_node=edge-host-1; gol_out_not_updating,Game-of-life-migration/metrics/plots/2026-05-11_231331__4_starlink__03__game-of-life-migration
12-05-2026-host-postcopy-0009,Starlink,Game of Life (CRIU),Post-copy,host,False,transfer_mode=host;lazy_pages_port=9999;relay_node=edge-host-1; gol_out_not_updating,Game-of-life-migration/metrics/plots/2026-05-11_231331__4_starlink__03__game-of-life-migration
12-05-2026-host-postcopy-0010,Starlink,Game of Life (CRIU),Post-copy,host,False,transfer_mode=host;lazy_pages_port=9999;relay_node=edge-host-1; gol_out_not_updating,Game-of-life-migration/metrics/plots/2026-05-11_231331__4_starlink__03__game-of-life-migration
12-05-2026-host-postcopy-0011,Starlink,Game of Life (CRIU),Post-copy,host,False,transfer_mode=host;lazy_pages_port=9999;relay_node=edge-host-1; gol_out_not_updating,Game-of-life-migration/metrics/plots/2026-05-11_231331__4_starlink__03__game-of-life-migration
12-05-2026-host-postcopy-0012,Starlink,Game of Life (CRIU),Post-copy,host,False,transfer_mode=host;lazy_pages_port=9999;relay_node=edge-host-1; gol_out_not_updating,Game-of-life-migration/metrics/plots/2026-05-11_231331__4_starlink__03__game-of-life-migration
12-05-2026-host-postcopy-0013,Starlink,Game of Life (CRIU),Post-copy,host,False,transfer_mode=host;lazy_pages_port=9999;relay_node=edge-host-1; gol_out_not_updating,Game-of-life-migration/metrics/plots/2026-05-11_231331__4_starlink__03__game-of-life-migration
12-05-2026-host-postcopy-0014,Starlink,Game of Life (CRIU),Post-copy,host,False,transfer_mode=host;lazy_pages_port=9999;relay_node=edge-host-1; gol_out_not_updating,Game-of-life-migration/metrics/plots/2026-05-11_231331__4_starlink__03__game-of-life-migration
12-05-2026-host-postcopy-0015,Starlink,Game of Life (CRIU),Post-copy,host,False,transfer_mode=host;lazy_pages_port=9999;relay_node=edge-host-1; gol_out_not_updating,Game-of-life-migration/metrics/plots/2026-05-11_231331__4_starlink__03__game-of-life-migration
12-05-2026-host-postcopy-0016,Starlink,Game of Life (CRIU),Post-copy,host,False,transfer_mode=host;lazy_pages_port=9999;relay_node=edge-host-1; gol_out_not_updating,Game-of-life-migration/metrics/plots/2026-05-11_231331__4_starlink__03__game-of-life-migration
12-05-2026-host-postcopy-0017,Starlink,Game of Life (CRIU),Post-copy,host,False,transfer_mode=host;lazy_pages_port=9999;relay_node=edge-host-1; gol_out_not_updating,Game-of-life-migration/metrics/plots/2026-05-11_231331__4_starlink__03__game-of-life-migration
12-05-2026-host-postcopy-0018,Starlink,Game of Life (CRIU),Post-copy,host,False,transfer_mode=host;lazy_pages_port=9999;relay_node=edge-host-1; gol_out_not_updating,Game-of-life-migration/metrics/plots/2026-05-11_231331__4_starlink__03__game-of-life-migration
12-05-2026-host-postcopy-0019,Starlink,Game of Life (CRIU),Post-copy,host,False,transfer_mode=host;lazy_pages_port=9999;relay_node=edge-host-1; gol_out_not_updating,Game-of-life-migration/metrics/plots/2026-05-11_231331__4_starlink__03__game-of-life-migration
12-05-2026-host-postcopy-0020,Starlink,Game of Life (CRIU),Post-copy,host,False,transfer_mode=host;lazy_pages_port=9999;relay_node=edge-host-1; gol_out_not_updating,Game-of-life-migration/metrics/plots/2026-05-11_231331__4_starlink__03__game-of-life-migration
12-05-2026-host-postcopy-0021,Starlink,Game of Life (CRIU),Post-copy,host,False,transfer_mode=host;lazy_pages_port=9999;relay_node=edge-host-1; gol_out_not_updating,Game-of-life-migration/metrics/plots/2026-05-11_231331__4_starlink__03__game-of-life-migration
12-05-2026-host-postcopy-0022,Starlink,Game of Life (CRIU),Post-copy,host,False,transfer_mode=host;lazy_pages_port=9999;relay_node=edge-host-1; gol_out_not_updating,Game-of-life-migration/metrics/plots/2026-05-11_231331__4_starlink__03__game-of-life-migration
12-05-2026-host-postcopy-0023,Starlink,Game of Life (CRIU),Post-copy,host,False,transfer_mode=host;lazy_pages_port=9999;relay_node=edge-host-1; gol_out_not_updating,Game-of-life-migration/metrics/plots/2026-05-11_231331__4_starlink__03__game-of-life-migration
12-05-2026-host-postcopy-0024,Starlink,Game of Life (CRIU),Post-copy,host,False,transfer_mode=host;lazy_pages_port=9999;relay_node=edge-host-1; gol_out_not_updating,Game-of-life-migration/metrics/plots/2026-05-11_231331__4_starlink__03__game-of-life-migration
12-05-2026-host-postcopy-0025,Starlink,Game of Life (CRIU),Post-copy,host,False,transfer_mode=host;lazy_pages_port=9999;relay_node=edge-host-1; gol_out_not_updating,Game-of-life-migration/metrics/plots/2026-05-11_231331__4_starlink__03__game-of-life-migration
12-05-2026-host-postcopy-0026,Starlink,Game of Life (CRIU),Post-copy,host,False,transfer_mode=host;lazy_pages_port=9999;relay_node=edge-host-1; gol_out_not_updating,Game-of-life-migration/metrics/plots/2026-05-11_231331__4_starlink__03__game-of-life-migration
12-05-2026-host-postcopy-0027,Starlink,Game of Life (CRIU),Post-copy,host,False,transfer_mode=host;lazy_pages_port=9999;relay_node=edge-host-1; gol_out_not_updating,Game-of-life-migration/metrics/plots/2026-05-11_231331__4_starlink__03__game-of-life-migration
12-05-2026-host-postcopy-0028,Starlink,Game of Life (CRIU),Post-copy,host,False,transfer_mode=host;lazy_pages_port=9999;relay_node=edge-host-1; gol_out_not_updating,Game-of-life-migration/metrics/plots/2026-05-11_231331__4_starlink__03__game-of-life-migration
12-05-2026-host-postcopy-0029,Starlink,Game of Life (CRIU),Post-copy,host,False,transfer_mode=host;lazy_pages_port=9999;relay_node=edge-host-1; gol_out_not_updating,Game-of-life-migration/metrics/plots/2026-05-11_231331__4_starlink__03__game-of-life-migration
12-05-2026-host-postcopy-0030,Starlink,Game of Life (CRIU),Post-copy,host,False,transfer_mode=host;lazy_pages_port=9999;relay_node=edge-host-1; gol_out_not_updating,Game-of-life-migration/metrics/plots/2026-05-11_231331__4_starlink__03__game-of-life-migration
12-05-2026-host-postcopy-0031,Starlink,Game of Life (CRIU),Post-copy,host,False,transfer_mode=host;lazy_pages_port=9999;relay_node=edge-host-1; gol_out_not_updating,Game-of-life-migration/metrics/plots/2026-05-11_231331__4_starlink__03__game-of-life-migration
12-05-2026-host-postcopy-0032,Starlink,Game of Life (CRIU),Post-copy,host,False,transfer_mode=host;lazy_pages_port=9999;relay_node=edge-host-1; gol_out_not_updating,Game-of-life-migration/metrics/plots/2026-05-11_231331__4_starlink__03__game-of-life-migration
12-05-2026-host-postcopy-0033,Starlink,Game of Life (CRIU),Post-copy,host,False,transfer_mode=host;lazy_pages_port=9999;relay_node=edge-host-1; gol_out_not_updating,Game-of-life-migration/metrics/plots/2026-05-11_231331__4_starlink__03__game-of-life-migration
12-05-2026-host-postcopy-0034,Starlink,Game of Life (CRIU),Post-copy,host,False,transfer_mode=host;lazy_pages_port=9999;relay_node=edge-host-1; gol_out_not_updating,Game-of-life-migration/metrics/plots/2026-05-11_231331__4_starlink__03__game-of-life-migration
12-05-2026-host-postcopy-0035,Starlink,Game of Life (CRIU),Post-copy,host,False,transfer_mode=host;lazy_pages_port=9999;relay_node=edge-host-1; gol_out_not_updating,Game-of-life-migration/metrics/plots/2026-05-11_231331__4_starlink__03__game-of-life-migration
12-05-2026-host-postcopy-0036,Starlink,Game of Life (CRIU),Post-copy,host,False,transfer_mode=host;lazy_pages_port=9999;relay_node=edge-host-1; gol_out_not_updating,Game-of-life-migration/metrics/plots/2026-05-11_231331__4_starlink__03__game-of-life-migration
12-05-2026-host-postcopy-0037,Starlink,Game of Life (CRIU),Post-copy,host,False,transfer_mode=host;lazy_pages_port=9999;relay_node=edge-host-1; gol_out_not_updating,Game-of-life-migration/metrics/plots/2026-05-11_231331__4_starlink__03__game-of-life-migration
12-05-2026-host-postcopy-0038,Starlink,Game of Life (CRIU),Post-copy,host,False,transfer_mode=host;lazy_pages_port=9999;relay_node=edge-host-1; gol_out_not_updating,Game-of-life-migration/metrics/plots/2026-05-11_231331__4_starlink__03__game-of-life-migration
12-05-2026-host-postcopy-0039,Starlink,Game of Life (CRIU),Post-copy,host,False,transfer_mode=host;lazy_pages_port=9999;relay_node=edge-host-1; gol_out_not_updating,Game-of-life-migration/metrics/plots/2026-05-11_231331__4_starlink__03__game-of-life-migration
12-05-2026-host-precopy-0043,TEE Best,Counter (CRIU),Pre-copy,host,False,transfer_mode=host;iterations=3;relay_node=edge-host-1; predump_transfer_failed_3,Container/metrics/plots/2026-05-12_144737__5_tee_best__01__counter-migration
12-05-2026-direct-cold-0040,TEE Best,TCP Client (CRIU),Cold,direct,False,transfer_mode=direct;workload=tcp-client; tcp_not_established,Network-live-migration/metrics/plots/2026-05-12_144737__5_tee_best__02__tcp-client-migration
12-05-2026-direct-cold-0042,TEE Best,TCP Client (CRIU),Cold,direct,False,transfer_mode=direct;workload=tcp-client; tcp_not_established,Network-live-migration/metrics/plots/2026-05-12_144737__5_tee_best__02__tcp-client-migration
12-05-2026-direct-cold-0043,TEE Best,TCP Client (CRIU),Cold,direct,False,transfer_mode=direct;workload=tcp-client; tcp_not_established,Network-live-migration/metrics/plots/2026-05-12_144737__5_tee_best__02__tcp-client-migration
12-05-2026-direct-cold-0046,TEE Best,TCP Client (CRIU),Cold,direct,False,transfer_mode=direct;workload=tcp-client; tcp_not_established,Network-live-migration/metrics/plots/2026-05-12_144737__5_tee_best__02__tcp-client-migration
12-05-2026-direct-cold-0050,TEE Best,TCP Client (CRIU),Cold,direct,False,transfer_mode=direct;workload=tcp-client; tcp_not_established,Network-live-migration/metrics/plots/2026-05-12_144737__5_tee_best__02__tcp-client-migration
12-05-2026-direct-cold-0059,TEE Best,TCP Client (CRIU),Cold,direct,False,transfer_mode=direct;workload=tcp-client; tcp_not_established,Network-live-migration/metrics/plots/2026-05-12_144737__5_tee_best__02__tcp-client-migration
13-05-2026-direct-cold-0000,TEE Best,TCP Client (CRIU),Cold,direct,False,transfer_mode=direct;workload=tcp-client; tcp_not_established,Network-live-migration/metrics/plots/2026-05-12_144737__5_tee_best__02__tcp-client-migration
13-05-2026-direct-cold-0002,TEE Best,TCP Client (CRIU),Cold,direct,False,transfer_mode=direct;workload=tcp-client; tcp_not_established,Network-live-migration/metrics/plots/2026-05-12_144737__5_tee_best__02__tcp-client-migration
13-05-2026-direct-cold-0008,TEE Best,TCP Client (CRIU),Cold,direct,False,transfer_mode=direct;workload=tcp-client; tcp_not_established,Network-live-migration/metrics/plots/2026-05-12_144737__5_tee_best__02__tcp-client-migration
13-05-2026-direct-cold-0011,TEE Best,TCP Client (CRIU),Cold,direct,False,transfer_mode=direct;workload=tcp-client; tcp_not_established,Network-live-migration/metrics/plots/2026-05-12_144737__5_tee_best__02__tcp-client-migration
13-05-2026-direct-cold-0016,TEE Best,TCP Client (CRIU),Cold,direct,False,transfer_mode=direct;workload=tcp-client; tcp_not_established,Network-live-migration/metrics/plots/2026-05-12_144737__5_tee_best__02__tcp-client-migration
13-05-2026-direct-cold-0017,TEE Best,TCP Client (CRIU),Cold,direct,False,transfer_mode=direct;workload=tcp-client; tcp_not_established,Network-live-migration/metrics/plots/2026-05-12_144737__5_tee_best__02__tcp-client-migration
12-05-2026-direct-precopy-0041,TEE Best,TCP Client (CRIU),Pre-copy,direct,False,transfer_mode=direct;workload=tcp-client;iterations=3;precopy_streamed_iters=3;precopy_stream_archive_ms=890;precopy_stream_transfer_ms=60374;precopy_stream_unpack_ms=891;precopy_stream_bytes=23164; tcp_not_established,Network-live-migration/metrics/plots/2026-05-12_144737__5_tee_best__02__tcp-client-migration
12-05-2026-direct-precopy-0047,TEE Best,TCP Client (CRIU),Pre-copy,direct,False,transfer_mode=direct;workload=tcp-client;iterations=3;precopy_streamed_iters=3;precopy_stream_archive_ms=907;precopy_stream_transfer_ms=54045;precopy_stream_unpack_ms=1254;precopy_stream_bytes=21887; tcp_not_established,Network-live-migration/metrics/plots/2026-05-12_144737__5_tee_best__02__tcp-client-migration
13-05-2026-direct-precopy-0002,TEE Best,TCP Client (CRIU),Pre-copy,direct,False,transfer_mode=direct;workload=tcp-client;iterations=3;precopy_streamed_iters=3;precopy_stream_archive_ms=909;precopy_stream_transfer_ms=55292;precopy_stream_unpack_ms=991;precopy_stream_bytes=21912; tcp_not_established,Network-live-migration/metrics/plots/2026-05-12_144737__5_tee_best__02__tcp-client-migration
12-05-2026-direct-postcopy-0052,TEE Best,TCP Client (CRIU),Post-copy,direct,False,transfer_mode=direct;workload=tcp-client;lazy_pages_port=9999; tcp_not_established,Network-live-migration/metrics/plots/2026-05-12_144737__5_tee_best__02__tcp-client-migration
12-05-2026-direct-postcopy-0058,TEE Best,TCP Client (CRIU),Post-copy,direct,False,transfer_mode=direct;workload=tcp-client;lazy_pages_port=9999; tcp_not_established,Network-live-migration/metrics/plots/2026-05-12_144737__5_tee_best__02__tcp-client-migration
12-05-2026-direct-postcopy-0059,TEE Best,TCP Client (CRIU),Post-copy,direct,False,transfer_mode=direct;workload=tcp-client;lazy_pages_port=9999; tcp_not_established,Network-live-migration/metrics/plots/2026-05-12_144737__5_tee_best__02__tcp-client-migration
13-05-2026-direct-postcopy-0003,TEE Best,TCP Client (CRIU),Post-copy,direct,False,transfer_mode=direct;workload=tcp-client;lazy_pages_port=9999; tcp_not_established,Network-live-migration/metrics/plots/2026-05-12_144737__5_tee_best__02__tcp-client-migration
13-05-2026-direct-postcopy-0006,TEE Best,TCP Client (CRIU),Post-copy,direct,False,transfer_mode=direct;workload=tcp-client;lazy_pages_port=9999; tcp_not_established,Network-live-migration/metrics/plots/2026-05-12_144737__5_tee_best__02__tcp-client-migration
13-05-2026-direct-postcopy-0017,TEE Best,TCP Client (CRIU),Post-copy,direct,False,transfer_mode=direct;workload=tcp-client;lazy_pages_port=9999; tcp_not_established,Network-live-migration/metrics/plots/2026-05-12_144737__5_tee_best__02__tcp-client-migration
12-05-2026-host-cold-0040,TEE Best,TCP Client (CRIU),Cold,host,False,transfer_mode=host;workload=tcp-client;relay_node=edge-host-1; tcp_not_established,Network-live-migration/metrics/plots/2026-05-12_144737__5_tee_best__02__tcp-client-migration
12-05-2026-host-cold-0041,TEE Best,TCP Client (CRIU),Cold,host,False,transfer_mode=host;workload=tcp-client;relay_node=edge-host-1; tcp_not_established,Network-live-migration/metrics/plots/2026-05-12_144737__5_tee_best__02__tcp-client-migration
12-05-2026-host-cold-0047,TEE Best,TCP Client (CRIU),Cold,host,False,transfer_mode=host;workload=tcp-client;relay_node=edge-host-1; tcp_not_established,Network-live-migration/metrics/plots/2026-05-12_144737__5_tee_best__02__tcp-client-migration
12-05-2026-host-cold-0048,TEE Best,TCP Client (CRIU),Cold,host,False,transfer_mode=host;workload=tcp-client;relay_node=edge-host-1; tcp_not_established,Network-live-migration/metrics/plots/2026-05-12_144737__5_tee_best__02__tcp-client-migration
12-05-2026-host-cold-0050,TEE Best,TCP Client (CRIU),Cold,host,False,transfer_mode=host;workload=tcp-client;relay_node=edge-host-1; tcp_not_established,Network-live-migration/metrics/plots/2026-05-12_144737__5_tee_best__02__tcp-client-migration
12-05-2026-host-cold-0051,TEE Best,TCP Client (CRIU),Cold,host,False,transfer_mode=host;workload=tcp-client;relay_node=edge-host-1; tcp_not_established,Network-live-migration/metrics/plots/2026-05-12_144737__5_tee_best__02__tcp-client-migration
12-05-2026-host-cold-0052,TEE Best,TCP Client (CRIU),Cold,host,False,transfer_mode=host;workload=tcp-client;relay_node=edge-host-1; tcp_not_established,Network-live-migration/metrics/plots/2026-05-12_144737__5_tee_best__02__tcp-client-migration
12-05-2026-host-cold-0056,TEE Best,TCP Client (CRIU),Cold,host,False,transfer_mode=host;workload=tcp-client;relay_node=edge-host-1; tcp_not_established,Network-live-migration/metrics/plots/2026-05-12_144737__5_tee_best__02__tcp-client-migration
12-05-2026-host-cold-0057,TEE Best,TCP Client (CRIU),Cold,host,False,transfer_mode=host;workload=tcp-client;relay_node=edge-host-1; tcp_not_established,Network-live-migration/metrics/plots/2026-05-12_144737__5_tee_best__02__tcp-client-migration
12-05-2026-host-cold-0059,TEE Best,TCP Client (CRIU),Cold,host,False,transfer_mode=host;workload=tcp-client;relay_node=edge-host-1; tcp_not_established,Network-live-migration/metrics/plots/2026-05-12_144737__5_tee_best__02__tcp-client-migration
13-05-2026-host-cold-0000,TEE Best,TCP Client (CRIU),Cold,host,False,transfer_mode=host;workload=tcp-client;relay_node=edge-host-1; tcp_not_established,Network-live-migration/metrics/plots/2026-05-12_144737__5_tee_best__02__tcp-client-migration
13-05-2026-host-cold-0001,TEE Best,TCP Client (CRIU),Cold,host,False,transfer_mode=host;workload=tcp-client;relay_node=edge-host-1; tcp_not_established,Network-live-migration/metrics/plots/2026-05-12_144737__5_tee_best__02__tcp-client-migration
13-05-2026-host-cold-0005,TEE Best,TCP Client (CRIU),Cold,host,False,transfer_mode=host;workload=tcp-client;relay_node=edge-host-1; tcp_not_established,Network-live-migration/metrics/plots/2026-05-12_144737__5_tee_best__02__tcp-client-migration
13-05-2026-host-cold-0007,TEE Best,TCP Client (CRIU),Cold,host,False,transfer_mode=host;workload=tcp-client;relay_node=edge-host-1; tcp_not_established,Network-live-migration/metrics/plots/2026-05-12_144737__5_tee_best__02__tcp-client-migration
13-05-2026-host-cold-0008,TEE Best,TCP Client (CRIU),Cold,host,False,transfer_mode=host;workload=tcp-client;relay_node=edge-host-1; tcp_not_established,Network-live-migration/metrics/plots/2026-05-12_144737__5_tee_best__02__tcp-client-migration
13-05-2026-host-cold-0010,TEE Best,TCP Client (CRIU),Cold,host,False,transfer_mode=host;workload=tcp-client;relay_node=edge-host-1; tcp_not_established,Network-live-migration/metrics/plots/2026-05-12_144737__5_tee_best__02__tcp-client-migration
13-05-2026-host-cold-0013,TEE Best,TCP Client (CRIU),Cold,host,False,transfer_mode=host;workload=tcp-client;relay_node=edge-host-1; tcp_not_established,Network-live-migration/metrics/plots/2026-05-12_144737__5_tee_best__02__tcp-client-migration
13-05-2026-host-cold-0015,TEE Best,TCP Client (CRIU),Cold,host,False,transfer_mode=host;workload=tcp-client;relay_node=edge-host-1; tcp_not_established,Network-live-migration/metrics/plots/2026-05-12_144737__5_tee_best__02__tcp-client-migration
13-05-2026-host-cold-0018,TEE Best,TCP Client (CRIU),Cold,host,False,transfer_mode=host;workload=tcp-client;relay_node=edge-host-1; tcp_not_established,Network-live-migration/metrics/plots/2026-05-12_144737__5_tee_best__02__tcp-client-migration
13-05-2026-host-cold-0019,TEE Best,TCP Client (CRIU),Cold,host,False,transfer_mode=host;workload=tcp-client;relay_node=edge-host-1; tcp_not_established,Network-live-migration/metrics/plots/2026-05-12_144737__5_tee_best__02__tcp-client-migration
12-05-2026-host-precopy-0040,TEE Best,TCP Client (CRIU),Pre-copy,host,False,transfer_mode=host;workload=tcp-client;relay_node=edge-host-1;iterations=3;precopy_streamed_iters=3;precopy_stream_archive_ms=929;precopy_stream_transfer_ms=118075;precopy_stream_unpack_ms=1216;precopy_stream_bytes=22007; tcp_not_established,Network-live-migration/metrics/plots/2026-05-12_144737__5_tee_best__02__tcp-client-migration
12-05-2026-host-precopy-0049,TEE Best,TCP Client (CRIU),Pre-copy,host,False,transfer_mode=host;workload=tcp-client;relay_node=edge-host-1;iterations=3;precopy_streamed_iters=3;precopy_stream_archive_ms=922;precopy_stream_transfer_ms=110249;precopy_stream_unpack_ms=1222;precopy_stream_bytes=22037; tcp_not_established,Network-live-migration/metrics/plots/2026-05-12_144737__5_tee_best__02__tcp-client-migration
13-05-2026-host-precopy-0014,TEE Best,TCP Client (CRIU),Pre-copy,host,False,transfer_mode=host;workload=tcp-client;relay_node=edge-host-1;iterations=3;precopy_streamed_iters=3;precopy_stream_archive_ms=919;precopy_stream_transfer_ms=106506;precopy_stream_unpack_ms=1270;precopy_stream_bytes=21960; tcp_not_established,Network-live-migration/metrics/plots/2026-05-12_144737__5_tee_best__02__tcp-client-migration
12-05-2026-host-postcopy-0042,TEE Best,TCP Client (CRIU),Post-copy,host,False,transfer_mode=host;workload=tcp-client;relay_node=edge-host-1;lazy_pages_port=9999; tcp_not_established,Network-live-migration/metrics/plots/2026-05-12_144737__5_tee_best__02__tcp-client-migration
12-05-2026-host-postcopy-0047,TEE Best,TCP Client (CRIU),Post-copy,host,False,transfer_mode=host;workload=tcp-client;relay_node=edge-host-1;lazy_pages_port=9999; tcp_not_established,Network-live-migration/metrics/plots/2026-05-12_144737__5_tee_best__02__tcp-client-migration
12-05-2026-host-postcopy-0049,TEE Best,TCP Client (CRIU),Post-copy,host,False,transfer_mode=host;workload=tcp-client;relay_node=edge-host-1;lazy_pages_port=9999; tcp_not_established,Network-live-migration/metrics/plots/2026-05-12_144737__5_tee_best__02__tcp-client-migration
12-05-2026-host-postcopy-0052,TEE Best,TCP Client (CRIU),Post-copy,host,False,transfer_mode=host;workload=tcp-client;relay_node=edge-host-1;lazy_pages_port=9999; tcp_not_established,Network-live-migration/metrics/plots/2026-05-12_144737__5_tee_best__02__tcp-client-migration
12-05-2026-host-postcopy-0058,TEE Best,TCP Client (CRIU),Post-copy,host,False,transfer_mode=host;workload=tcp-client;relay_node=edge-host-1;lazy_pages_port=9999; tcp_not_established,Network-live-migration/metrics/plots/2026-05-12_144737__5_tee_best__02__tcp-client-migration
13-05-2026-host-postcopy-0001,TEE Best,TCP Client (CRIU),Post-copy,host,False,transfer_mode=host;workload=tcp-client;relay_node=edge-host-1;lazy_pages_port=9999; tcp_not_established,Network-live-migration/metrics/plots/2026-05-12_144737__5_tee_best__02__tcp-client-migration
13-05-2026-host-postcopy-0011,TEE Best,TCP Client (CRIU),Post-copy,host,False,transfer_mode=host;workload=tcp-client;relay_node=edge-host-1;lazy_pages_port=9999; tcp_not_established,Network-live-migration/metrics/plots/2026-05-12_144737__5_tee_best__02__tcp-client-migration
13-05-2026-host-postcopy-0018,TEE Best,TCP Client (CRIU),Post-copy,host,False,transfer_mode=host;workload=tcp-client;relay_node=edge-host-1;lazy_pages_port=9999; tcp_not_established,Network-live-migration/metrics/plots/2026-05-12_144737__5_tee_best__02__tcp-client-migration
13-05-2026-direct-postcopy-0000,TEE Best,Game of Life (CRIU),Post-copy,direct,False,transfer_mode=direct;lazy_pages_port=9999; gol_out_not_updating,Game-of-life-migration/metrics/plots/2026-05-12_144737__5_tee_best__03__game-of-life-migration
13-05-2026-direct-postcopy-0001,TEE Best,Game of Life (CRIU),Post-copy,direct,False,transfer_mode=direct;lazy_pages_port=9999; gol_out_not_updating,Game-of-life-migration/metrics/plots/2026-05-12_144737__5_tee_best__03__game-of-life-migration
13-05-2026-direct-postcopy-0002,TEE Best,Game of Life (CRIU),Post-copy,direct,False,transfer_mode=direct;lazy_pages_port=9999; gol_out_not_updating,Game-of-life-migration/metrics/plots/2026-05-12_144737__5_tee_best__03__game-of-life-migration
13-05-2026-direct-postcopy-0003,TEE Best,Game of Life (CRIU),Post-copy,direct,False,transfer_mode=direct;lazy_pages_port=9999; gol_out_not_updating,Game-of-life-migration/metrics/plots/2026-05-12_144737__5_tee_best__03__game-of-life-migration
13-05-2026-direct-postcopy-0004,TEE Best,Game of Life (CRIU),Post-copy,direct,False,transfer_mode=direct;lazy_pages_port=9999; gol_out_not_updating,Game-of-life-migration/metrics/plots/2026-05-12_144737__5_tee_best__03__game-of-life-migration
13-05-2026-direct-postcopy-0005,TEE Best,Game of Life (CRIU),Post-copy,direct,False,transfer_mode=direct;lazy_pages_port=9999; gol_out_not_updating,Game-of-life-migration/metrics/plots/2026-05-12_144737__5_tee_best__03__game-of-life-migration
13-05-2026-direct-postcopy-0006,TEE Best,Game of Life (CRIU),Post-copy,direct,False,transfer_mode=direct;lazy_pages_port=9999; gol_out_not_updating,Game-of-life-migration/metrics/plots/2026-05-12_144737__5_tee_best__03__game-of-life-migration
13-05-2026-direct-postcopy-0007,TEE Best,Game of Life (CRIU),Post-copy,direct,False,transfer_mode=direct;lazy_pages_port=9999; gol_out_not_updating,Game-of-life-migration/metrics/plots/2026-05-12_144737__5_tee_best__03__game-of-life-migration
13-05-2026-direct-postcopy-0008,TEE Best,Game of Life (CRIU),Post-copy,direct,False,transfer_mode=direct;lazy_pages_port=9999; gol_out_not_updating,Game-of-life-migration/metrics/plots/2026-05-12_144737__5_tee_best__03__game-of-life-migration
13-05-2026-direct-postcopy-0009,TEE Best,Game of Life (CRIU),Post-copy,direct,False,transfer_mode=direct;lazy_pages_port=9999; gol_out_not_updating,Game-of-life-migration/metrics/plots/2026-05-12_144737__5_tee_best__03__game-of-life-migration
13-05-2026-direct-postcopy-0010,TEE Best,Game of Life (CRIU),Post-copy,direct,False,transfer_mode=direct;lazy_pages_port=9999; gol_out_not_updating,Game-of-life-migration/metrics/plots/2026-05-12_144737__5_tee_best__03__game-of-life-migration
13-05-2026-direct-postcopy-0011,TEE Best,Game of Life (CRIU),Post-copy,direct,False,transfer_mode=direct;lazy_pages_port=9999; gol_out_not_updating,Game-of-life-migration/metrics/plots/2026-05-12_144737__5_tee_best__03__game-of-life-migration
13-05-2026-direct-postcopy-0012,TEE Best,Game of Life (CRIU),Post-copy,direct,False,transfer_mode=direct;lazy_pages_port=9999; gol_out_not_updating,Game-of-life-migration/metrics/plots/2026-05-12_144737__5_tee_best__03__game-of-life-migration
13-05-2026-direct-postcopy-0013,TEE Best,Game of Life (CRIU),Post-copy,direct,False,transfer_mode=direct;lazy_pages_port=9999; gol_out_not_updating,Game-of-life-migration/metrics/plots/2026-05-12_144737__5_tee_best__03__game-of-life-migration
13-05-2026-direct-postcopy-0014,TEE Best,Game of Life (CRIU),Post-copy,direct,False,transfer_mode=direct;lazy_pages_port=9999; gol_out_not_updating,Game-of-life-migration/metrics/plots/2026-05-12_144737__5_tee_best__03__game-of-life-migration
13-05-2026-direct-postcopy-0015,TEE Best,Game of Life (CRIU),Post-copy,direct,False,transfer_mode=direct;lazy_pages_port=9999; gol_out_not_updating,Game-of-life-migration/metrics/plots/2026-05-12_144737__5_tee_best__03__game-of-life-migration
13-05-2026-direct-postcopy-0016,TEE Best,Game of Life (CRIU),Post-copy,direct,False,transfer_mode=direct;lazy_pages_port=9999; gol_out_not_updating,Game-of-life-migration/metrics/plots/2026-05-12_144737__5_tee_best__03__game-of-life-migration
13-05-2026-direct-postcopy-0017,TEE Best,Game of Life (CRIU),Post-copy,direct,False,transfer_mode=direct;lazy_pages_port=9999; gol_out_not_updating,Game-of-life-migration/metrics/plots/2026-05-12_144737__5_tee_best__03__game-of-life-migration
13-05-2026-direct-postcopy-0018,TEE Best,Game of Life (CRIU),Post-copy,direct,False,transfer_mode=direct;lazy_pages_port=9999; gol_out_not_updating,Game-of-life-migration/metrics/plots/2026-05-12_144737__5_tee_best__03__game-of-life-migration
13-05-2026-direct-postcopy-0019,TEE Best,Game of Life (CRIU),Post-copy,direct,False,transfer_mode=direct;lazy_pages_port=9999; gol_out_not_updating,Game-of-life-migration/metrics/plots/2026-05-12_144737__5_tee_best__03__game-of-life-migration
14-05-2026-direct-postcopy-0000,TEE Best,Game of Life (CRIU),Post-copy,direct,False,transfer_mode=direct;lazy_pages_port=9999; gol_out_not_updating,Game-of-life-migration/metrics/plots/2026-05-12_144737__5_tee_best__03__game-of-life-migration
14-05-2026-direct-postcopy-0001,TEE Best,Game of Life (CRIU),Post-copy,direct,False,transfer_mode=direct;lazy_pages_port=9999; gol_out_not_updating,Game-of-life-migration/metrics/plots/2026-05-12_144737__5_tee_best__03__game-of-life-migration
14-05-2026-direct-postcopy-0002,TEE Best,Game of Life (CRIU),Post-copy,direct,False,transfer_mode=direct;lazy_pages_port=9999; gol_out_not_updating,Game-of-life-migration/metrics/plots/2026-05-12_144737__5_tee_best__03__game-of-life-migration
14-05-2026-direct-postcopy-0003,TEE Best,Game of Life (CRIU),Post-copy,direct,False,transfer_mode=direct;lazy_pages_port=9999; gol_out_not_updating,Game-of-life-migration/metrics/plots/2026-05-12_144737__5_tee_best__03__game-of-life-migration
14-05-2026-direct-postcopy-0004,TEE Best,Game of Life (CRIU),Post-copy,direct,False,transfer_mode=direct;lazy_pages_port=9999; gol_out_not_updating,Game-of-life-migration/metrics/plots/2026-05-12_144737__5_tee_best__03__game-of-life-migration
14-05-2026-direct-postcopy-0005,TEE Best,Game of Life (CRIU),Post-copy,direct,False,transfer_mode=direct;lazy_pages_port=9999; gol_out_not_updating,Game-of-life-migration/metrics/plots/2026-05-12_144737__5_tee_best__03__game-of-life-migration
14-05-2026-direct-postcopy-0006,TEE Best,Game of Life (CRIU),Post-copy,direct,False,transfer_mode=direct;lazy_pages_port=9999; gol_out_not_updating,Game-of-life-migration/metrics/plots/2026-05-12_144737__5_tee_best__03__game-of-life-migration
14-05-2026-direct-postcopy-0007,TEE Best,Game of Life (CRIU),Post-copy,direct,False,transfer_mode=direct;lazy_pages_port=9999; gol_out_not_updating,Game-of-life-migration/metrics/plots/2026-05-12_144737__5_tee_best__03__game-of-life-migration
14-05-2026-direct-postcopy-0008,TEE Best,Game of Life (CRIU),Post-copy,direct,False,transfer_mode=direct;lazy_pages_port=9999; gol_out_not_updating,Game-of-life-migration/metrics/plots/2026-05-12_144737__5_tee_best__03__game-of-life-migration
14-05-2026-direct-postcopy-0009,TEE Best,Game of Life (CRIU),Post-copy,direct,False,transfer_mode=direct;lazy_pages_port=9999; gol_out_not_updating,Game-of-life-migration/metrics/plots/2026-05-12_144737__5_tee_best__03__game-of-life-migration
14-05-2026-direct-postcopy-0010,TEE Best,Game of Life (CRIU),Post-copy,direct,False,transfer_mode=direct;lazy_pages_port=9999; gol_out_not_updating,Game-of-life-migration/metrics/plots/2026-05-12_144737__5_tee_best__03__game-of-life-migration
14-05-2026-direct-postcopy-0011,TEE Best,Game of Life (CRIU),Post-copy,direct,False,transfer_mode=direct;lazy_pages_port=9999; gol_out_not_updating,Game-of-life-migration/metrics/plots/2026-05-12_144737__5_tee_best__03__game-of-life-migration
14-05-2026-direct-postcopy-0012,TEE Best,Game of Life (CRIU),Post-copy,direct,False,transfer_mode=direct;lazy_pages_port=9999; gol_out_not_updating,Game-of-life-migration/metrics/plots/2026-05-12_144737__5_tee_best__03__game-of-life-migration
14-05-2026-direct-postcopy-0013,TEE Best,Game of Life (CRIU),Post-copy,direct,False,transfer_mode=direct;lazy_pages_port=9999; gol_out_not_updating,Game-of-life-migration/metrics/plots/2026-05-12_144737__5_tee_best__03__game-of-life-migration
14-05-2026-direct-postcopy-0014,TEE Best,Game of Life (CRIU),Post-copy,direct,False,transfer_mode=direct;lazy_pages_port=9999; gol_out_not_updating,Game-of-life-migration/metrics/plots/2026-05-12_144737__5_tee_best__03__game-of-life-migration
14-05-2026-direct-postcopy-0015,TEE Best,Game of Life (CRIU),Post-copy,direct,False,transfer_mode=direct;lazy_pages_port=9999; gol_out_not_updating,Game-of-life-migration/metrics/plots/2026-05-12_144737__5_tee_best__03__game-of-life-migration
14-05-2026-direct-postcopy-0016,TEE Best,Game of Life (CRIU),Post-copy,direct,False,transfer_mode=direct;lazy_pages_port=9999; gol_out_not_updating,Game-of-life-migration/metrics/plots/2026-05-12_144737__5_tee_best__03__game-of-life-migration
14-05-2026-direct-postcopy-0017,TEE Best,Game of Life (CRIU),Post-copy,direct,False,transfer_mode=direct;lazy_pages_port=9999; gol_out_not_updating,Game-of-life-migration/metrics/plots/2026-05-12_144737__5_tee_best__03__game-of-life-migration
14-05-2026-direct-postcopy-0018,TEE Best,Game of Life (CRIU),Post-copy,direct,False,transfer_mode=direct;lazy_pages_port=9999; gol_out_not_updating,Game-of-life-migration/metrics/plots/2026-05-12_144737__5_tee_best__03__game-of-life-migration
14-05-2026-direct-postcopy-0019,TEE Best,Game of Life (CRIU),Post-copy,direct,False,transfer_mode=direct;lazy_pages_port=9999; gol_out_not_updating,Game-of-life-migration/metrics/plots/2026-05-12_144737__5_tee_best__03__game-of-life-migration
13-05-2026-host-cold-0018,TEE Best,Game of Life (CRIU),Cold,host,False,transfer_mode=host;relay_node=edge-host-1; transfer_failed,Game-of-life-migration/metrics/plots/2026-05-12_144737__5_tee_best__03__game-of-life-migration
13-05-2026-host-postcopy-0000,TEE Best,Game of Life (CRIU),Post-copy,host,False,transfer_mode=host;lazy_pages_port=9999;relay_node=edge-host-1; gol_out_not_updating,Game-of-life-migration/metrics/plots/2026-05-12_144737__5_tee_best__03__game-of-life-migration
13-05-2026-host-postcopy-0001,TEE Best,Game of Life (CRIU),Post-copy,host,False,transfer_mode=host;lazy_pages_port=9999;relay_node=edge-host-1; gol_out_not_updating,Game-of-life-migration/metrics/plots/2026-05-12_144737__5_tee_best__03__game-of-life-migration
13-05-2026-host-postcopy-0002,TEE Best,Game of Life (CRIU),Post-copy,host,False,transfer_mode=host;lazy_pages_port=9999;relay_node=edge-host-1; gol_out_not_updating,Game-of-life-migration/metrics/plots/2026-05-12_144737__5_tee_best__03__game-of-life-migration
13-05-2026-host-postcopy-0003,TEE Best,Game of Life (CRIU),Post-copy,host,False,transfer_mode=host;lazy_pages_port=9999;relay_node=edge-host-1; gol_out_not_updating,Game-of-life-migration/metrics/plots/2026-05-12_144737__5_tee_best__03__game-of-life-migration
13-05-2026-host-postcopy-0004,TEE Best,Game of Life (CRIU),Post-copy,host,False,transfer_mode=host;lazy_pages_port=9999;relay_node=edge-host-1; gol_out_not_updating,Game-of-life-migration/metrics/plots/2026-05-12_144737__5_tee_best__03__game-of-life-migration
13-05-2026-host-postcopy-0005,TEE Best,Game of Life (CRIU),Post-copy,host,False,transfer_mode=host;lazy_pages_port=9999;relay_node=edge-host-1; gol_out_not_updating,Game-of-life-migration/metrics/plots/2026-05-12_144737__5_tee_best__03__game-of-life-migration
13-05-2026-host-postcopy-0006,TEE Best,Game of Life (CRIU),Post-copy,host,False,transfer_mode=host;lazy_pages_port=9999;relay_node=edge-host-1; gol_out_not_updating,Game-of-life-migration/metrics/plots/2026-05-12_144737__5_tee_best__03__game-of-life-migration
13-05-2026-host-postcopy-0007,TEE Best,Game of Life (CRIU),Post-copy,host,False,transfer_mode=host;lazy_pages_port=9999;relay_node=edge-host-1; gol_out_not_updating,Game-of-life-migration/metrics/plots/2026-05-12_144737__5_tee_best__03__game-of-life-migration
13-05-2026-host-postcopy-0008,TEE Best,Game of Life (CRIU),Post-copy,host,False,transfer_mode=host;lazy_pages_port=9999;relay_node=edge-host-1; gol_out_not_updating,Game-of-life-migration/metrics/plots/2026-05-12_144737__5_tee_best__03__game-of-life-migration
13-05-2026-host-postcopy-0009,TEE Best,Game of Life (CRIU),Post-copy,host,False,transfer_mode=host;lazy_pages_port=9999;relay_node=edge-host-1; gol_out_not_updating,Game-of-life-migration/metrics/plots/2026-05-12_144737__5_tee_best__03__game-of-life-migration
13-05-2026-host-postcopy-0010,TEE Best,Game of Life (CRIU),Post-copy,host,False,transfer_mode=host;lazy_pages_port=9999;relay_node=edge-host-1; gol_out_not_updating,Game-of-life-migration/metrics/plots/2026-05-12_144737__5_tee_best__03__game-of-life-migration
13-05-2026-host-postcopy-0011,TEE Best,Game of Life (CRIU),Post-copy,host,False,transfer_mode=host;lazy_pages_port=9999;relay_node=edge-host-1; gol_out_not_updating,Game-of-life-migration/metrics/plots/2026-05-12_144737__5_tee_best__03__game-of-life-migration
13-05-2026-host-postcopy-0012,TEE Best,Game of Life (CRIU),Post-copy,host,False,transfer_mode=host;lazy_pages_port=9999;relay_node=edge-host-1; gol_out_not_updating,Game-of-life-migration/metrics/plots/2026-05-12_144737__5_tee_best__03__game-of-life-migration
13-05-2026-host-postcopy-0013,TEE Best,Game of Life (CRIU),Post-copy,host,False,transfer_mode=host;lazy_pages_port=9999;relay_node=edge-host-1; gol_out_not_updating,Game-of-life-migration/metrics/plots/2026-05-12_144737__5_tee_best__03__game-of-life-migration
13-05-2026-host-postcopy-0014,TEE Best,Game of Life (CRIU),Post-copy,host,False,transfer_mode=host;lazy_pages_port=9999;relay_node=edge-host-1; gol_out_not_updating,Game-of-life-migration/metrics/plots/2026-05-12_144737__5_tee_best__03__game-of-life-migration
13-05-2026-host-postcopy-0015,TEE Best,Game of Life (CRIU),Post-copy,host,False,transfer_mode=host;lazy_pages_port=9999;relay_node=edge-host-1; gol_out_not_updating,Game-of-life-migration/metrics/plots/2026-05-12_144737__5_tee_best__03__game-of-life-migration
13-05-2026-host-postcopy-0016,TEE Best,Game of Life (CRIU),Post-copy,host,False,transfer_mode=host;lazy_pages_port=9999;relay_node=edge-host-1; gol_out_not_updating,Game-of-life-migration/metrics/plots/2026-05-12_144737__5_tee_best__03__game-of-life-migration
13-05-2026-host-postcopy-0017,TEE Best,Game of Life (CRIU),Post-copy,host,False,transfer_mode=host;lazy_pages_port=9999;relay_node=edge-host-1; gol_out_not_updating,Game-of-life-migration/metrics/plots/2026-05-12_144737__5_tee_best__03__game-of-life-migration
13-05-2026-host-postcopy-0018,TEE Best,Game of Life (CRIU),Post-copy,host,False,transfer_mode=host;lazy_pages_port=9999;relay_node=edge-host-1; gol_out_not_updating,Game-of-life-migration/metrics/plots/2026-05-12_144737__5_tee_best__03__game-of-life-migration
13-05-2026-host-postcopy-0019,TEE Best,Game of Life (CRIU),Post-copy,host,False,transfer_mode=host;lazy_pages_port=9999;relay_node=edge-host-1; gol_out_not_updating,Game-of-life-migration/metrics/plots/2026-05-12_144737__5_tee_best__03__game-of-life-migration
14-05-2026-host-postcopy-0000,TEE Best,Game of Life (CRIU),Post-copy,host,False,transfer_mode=host;lazy_pages_port=9999;relay_node=edge-host-1; gol_out_not_updating,Game-of-life-migration/metrics/plots/2026-05-12_144737__5_tee_best__03__game-of-life-migration
14-05-2026-host-postcopy-0001,TEE Best,Game of Life (CRIU),Post-copy,host,False,transfer_mode=host;lazy_pages_port=9999;relay_node=edge-host-1; gol_out_not_updating,Game-of-life-migration/metrics/plots/2026-05-12_144737__5_tee_best__03__game-of-life-migration
14-05-2026-host-postcopy-0002,TEE Best,Game of Life (CRIU),Post-copy,host,False,transfer_mode=host;lazy_pages_port=9999;relay_node=edge-host-1; gol_out_not_updating,Game-of-life-migration/metrics/plots/2026-05-12_144737__5_tee_best__03__game-of-life-migration
14-05-2026-host-postcopy-0003,TEE Best,Game of Life (CRIU),Post-copy,host,False,transfer_mode=host;lazy_pages_port=9999;relay_node=edge-host-1; gol_out_not_updating,Game-of-life-migration/metrics/plots/2026-05-12_144737__5_tee_best__03__game-of-life-migration
14-05-2026-host-postcopy-0004,TEE Best,Game of Life (CRIU),Post-copy,host,False,transfer_mode=host;lazy_pages_port=9999;relay_node=edge-host-1; gol_out_not_updating,Game-of-life-migration/metrics/plots/2026-05-12_144737__5_tee_best__03__game-of-life-migration
14-05-2026-host-postcopy-0005,TEE Best,Game of Life (CRIU),Post-copy,host,False,transfer_mode=host;lazy_pages_port=9999;relay_node=edge-host-1; gol_out_not_updating,Game-of-life-migration/metrics/plots/2026-05-12_144737__5_tee_best__03__game-of-life-migration
14-05-2026-host-postcopy-0006,TEE Best,Game of Life (CRIU),Post-copy,host,False,transfer_mode=host;lazy_pages_port=9999;relay_node=edge-host-1; gol_out_not_updating,Game-of-life-migration/metrics/plots/2026-05-12_144737__5_tee_best__03__game-of-life-migration
14-05-2026-host-postcopy-0008,TEE Best,Game of Life (CRIU),Post-copy,host,False,transfer_mode=host;lazy_pages_port=9999;relay_node=edge-host-1; gol_out_not_updating,Game-of-life-migration/metrics/plots/2026-05-12_144737__5_tee_best__03__game-of-life-migration
14-05-2026-host-postcopy-0009,TEE Best,Game of Life (CRIU),Post-copy,host,False,transfer_mode=host;lazy_pages_port=9999;relay_node=edge-host-1; gol_out_not_updating,Game-of-life-migration/metrics/plots/2026-05-12_144737__5_tee_best__03__game-of-life-migration
14-05-2026-host-postcopy-0010,TEE Best,Game of Life (CRIU),Post-copy,host,False,transfer_mode=host;lazy_pages_port=9999;relay_node=edge-host-1; gol_out_not_updating,Game-of-life-migration/metrics/plots/2026-05-12_144737__5_tee_best__03__game-of-life-migration
14-05-2026-host-postcopy-0011,TEE Best,Game of Life (CRIU),Post-copy,host,False,transfer_mode=host;lazy_pages_port=9999;relay_node=edge-host-1; gol_out_not_updating,Game-of-life-migration/metrics/plots/2026-05-12_144737__5_tee_best__03__game-of-life-migration
14-05-2026-host-postcopy-0012,TEE Best,Game of Life (CRIU),Post-copy,host,False,transfer_mode=host;lazy_pages_port=9999;relay_node=edge-host-1; gol_out_not_updating,Game-of-life-migration/metrics/plots/2026-05-12_144737__5_tee_best__03__game-of-life-migration
14-05-2026-host-postcopy-0013,TEE Best,Game of Life (CRIU),Post-copy,host,False,transfer_mode=host;lazy_pages_port=9999;relay_node=edge-host-1; gol_out_not_updating,Game-of-life-migration/metrics/plots/2026-05-12_144737__5_tee_best__03__game-of-life-migration
14-05-2026-host-postcopy-0014,TEE Best,Game of Life (CRIU),Post-copy,host,False,transfer_mode=host;lazy_pages_port=9999;relay_node=edge-host-1; gol_out_not_updating,Game-of-life-migration/metrics/plots/2026-05-12_144737__5_tee_best__03__game-of-life-migration
14-05-2026-host-postcopy-0015,TEE Best,Game of Life (CRIU),Post-copy,host,False,transfer_mode=host;lazy_pages_port=9999;relay_node=edge-host-1; gol_out_not_updating,Game-of-life-migration/metrics/plots/2026-05-12_144737__5_tee_best__03__game-of-life-migration
14-05-2026-host-postcopy-0016,TEE Best,Game of Life (CRIU),Post-copy,host,False,transfer_mode=host;lazy_pages_port=9999;relay_node=edge-host-1; gol_out_not_updating,Game-of-life-migration/metrics/plots/2026-05-12_144737__5_tee_best__03__game-of-life-migration
14-05-2026-host-postcopy-0017,TEE Best,Game of Life (CRIU),Post-copy,host,False,transfer_mode=host;lazy_pages_port=9999;relay_node=edge-host-1; gol_out_not_updating,Game-of-life-migration/metrics/plots/2026-05-12_144737__5_tee_best__03__game-of-life-migration
14-05-2026-host-postcopy-0018,TEE Best,Game of Life (CRIU),Post-copy,host,False,transfer_mode=host;lazy_pages_port=9999;relay_node=edge-host-1; gol_out_not_updating,Game-of-life-migration/metrics/plots/2026-05-12_144737__5_tee_best__03__game-of-life-migration
14-05-2026-host-postcopy-0019,TEE Best,Game of Life (CRIU),Post-copy,host,False,transfer_mode=host;lazy_pages_port=9999;relay_node=edge-host-1; gol_out_not_updating,Game-of-life-migration/metrics/plots/2026-05-12_144737__5_tee_best__03__game-of-life-migration
15-05-2026-direct-precopy-0002,TEE Avg,Counter (CRIU),Pre-copy,direct,False,transfer_mode=direct;iterations=3; predump_transfer_failed_2,Container/metrics/plots/2026-05-15_032437__6_tee_avg__01__counter-migration
15-05-2026-host-precopy-0022,TEE Avg,Counter (CRIU),Pre-copy,host,False,transfer_mode=host;iterations=3;relay_node=edge-host-1; predump_transfer_failed_3,Container/metrics/plots/2026-05-15_032437__6_tee_avg__01__counter-migration
15-05-2026-direct-cold-0008,TEE Avg,TCP Client (CRIU),Cold,direct,False,transfer_mode=direct;workload=tcp-client; tcp_not_established,Network-live-migration/metrics/plots/2026-05-15_032437__6_tee_avg__02__tcp-client-migration
16-05-2026-direct-cold-0003,TEE Avg,TCP Client (CRIU),Cold,direct,False,transfer_mode=direct;workload=tcp-client; tcp_not_established,Network-live-migration/metrics/plots/2026-05-15_032437__6_tee_avg__02__tcp-client-migration
15-05-2026-direct-precopy-0004,TEE Avg,TCP Client (CRIU),Pre-copy,direct,False,transfer_mode=direct;workload=tcp-client;iterations=3;precopy_streamed_iters=3;precopy_stream_archive_ms=868;precopy_stream_transfer_ms=128901;precopy_stream_unpack_ms=1247;precopy_stream_bytes=21839; tcp_not_established,Network-live-migration/metrics/plots/2026-05-15_032437__6_tee_avg__02__tcp-client-migration
15-05-2026-direct-precopy-0010,TEE Avg,TCP Client (CRIU),Pre-copy,direct,False,transfer_mode=direct;workload=tcp-client;iterations=3;precopy_streamed_iters=3;precopy_stream_archive_ms=1003;precopy_stream_transfer_ms=123744;precopy_stream_unpack_ms=1194;precopy_stream_bytes=22381; tcp_not_established,Network-live-migration/metrics/plots/2026-05-15_032437__6_tee_avg__02__tcp-client-migration
15-05-2026-direct-precopy-0011,TEE Avg,TCP Client (CRIU),Pre-copy,direct,False,transfer_mode=direct;workload=tcp-client;iterations=3;precopy_streamed_iters=3;precopy_stream_archive_ms=877;precopy_stream_transfer_ms=128343;precopy_stream_unpack_ms=1188;precopy_stream_bytes=22619; tcp_not_established,Network-live-migration/metrics/plots/2026-05-15_032437__6_tee_avg__02__tcp-client-migration
15-05-2026-direct-precopy-0013,TEE Avg,TCP Client (CRIU),Pre-copy,direct,False,transfer_mode=direct;workload=tcp-client;iterations=3;precopy_streamed_iters=3;precopy_stream_archive_ms=903;precopy_stream_transfer_ms=129249;precopy_stream_unpack_ms=876;precopy_stream_bytes=22015; tcp_not_established,Network-live-migration/metrics/plots/2026-05-15_032437__6_tee_avg__02__tcp-client-migration
15-05-2026-direct-precopy-0018,TEE Avg,TCP Client (CRIU),Pre-copy,direct,False,transfer_mode=direct;workload=tcp-client;iterations=3;precopy_streamed_iters=3;precopy_stream_archive_ms=883;precopy_stream_transfer_ms=128537;precopy_stream_unpack_ms=1191;precopy_stream_bytes=23140; tcp_not_established,Network-live-migration/metrics/plots/2026-05-15_032437__6_tee_avg__02__tcp-client-migration
15-05-2026-direct-precopy-0020,TEE Avg,TCP Client (CRIU),Pre-copy,direct,False,transfer_mode=direct;workload=tcp-client;iterations=3;precopy_streamed_iters=3;precopy_stream_archive_ms=992;precopy_stream_transfer_ms=136775;precopy_stream_unpack_ms=944;precopy_stream_bytes=23118; tcp_not_established,Network-live-migration/metrics/plots/2026-05-15_032437__6_tee_avg__02__tcp-client-migration
15-05-2026-direct-precopy-0021,TEE Avg,TCP Client (CRIU),Pre-copy,direct,False,transfer_mode=direct;workload=tcp-client;iterations=3;precopy_streamed_iters=3;precopy_stream_archive_ms=1018;precopy_stream_transfer_ms=160739;precopy_stream_unpack_ms=1295;precopy_stream_bytes=23122; tcp_not_established,Network-live-migration/metrics/plots/2026-05-15_032437__6_tee_avg__02__tcp-client-migration
15-05-2026-direct-precopy-0026,TEE Avg,TCP Client (CRIU),Pre-copy,direct,False,transfer_mode=direct;workload=tcp-client;iterations=3;precopy_streamed_iters=3;precopy_stream_archive_ms=966;precopy_stream_transfer_ms=130956;precopy_stream_unpack_ms=1442;precopy_stream_bytes=22574; tcp_not_established,Network-live-migration/metrics/plots/2026-05-15_032437__6_tee_avg__02__tcp-client-migration
15-05-2026-direct-precopy-0027,TEE Avg,TCP Client (CRIU),Pre-copy,direct,False,transfer_mode=direct;workload=tcp-client;iterations=3; predump_transfer_failed_3,Network-live-migration/metrics/plots/2026-05-15_032437__6_tee_avg__02__tcp-client-migration
16-05-2026-direct-precopy-0005,TEE Avg,TCP Client (CRIU),Pre-copy,direct,False,transfer_mode=direct;workload=tcp-client;iterations=3;precopy_streamed_iters=3;precopy_stream_archive_ms=912;precopy_stream_transfer_ms=134265;precopy_stream_unpack_ms=874;precopy_stream_bytes=21963; tcp_not_established,Network-live-migration/metrics/plots/2026-05-15_032437__6_tee_avg__02__tcp-client-migration
16-05-2026-direct-precopy-0006,TEE Avg,TCP Client (CRIU),Pre-copy,direct,False,transfer_mode=direct;workload=tcp-client;iterations=3;precopy_streamed_iters=3;precopy_stream_archive_ms=926;precopy_stream_transfer_ms=130900;precopy_stream_unpack_ms=860;precopy_stream_bytes=21755; tcp_not_established,Network-live-migration/metrics/plots/2026-05-15_032437__6_tee_avg__02__tcp-client-migration
16-05-2026-direct-precopy-0007,TEE Avg,TCP Client (CRIU),Pre-copy,direct,False,transfer_mode=direct;workload=tcp-client;iterations=3;precopy_streamed_iters=3;precopy_stream_archive_ms=905;precopy_stream_transfer_ms=127067;precopy_stream_unpack_ms=1208;precopy_stream_bytes=23080; tcp_not_established,Network-live-migration/metrics/plots/2026-05-15_032437__6_tee_avg__02__tcp-client-migration
15-05-2026-direct-postcopy-0006,TEE Avg,TCP Client (CRIU),Post-copy,direct,False,transfer_mode=direct;workload=tcp-client;lazy_pages_port=9999; tcp_not_established,Network-live-migration/metrics/plots/2026-05-15_032437__6_tee_avg__02__tcp-client-migration
15-05-2026-direct-postcopy-0011,TEE Avg,TCP Client (CRIU),Post-copy,direct,False,transfer_mode=direct;workload=tcp-client;lazy_pages_port=9999; tcp_not_established,Network-live-migration/metrics/plots/2026-05-15_032437__6_tee_avg__02__tcp-client-migration
15-05-2026-direct-postcopy-0022,TEE Avg,TCP Client (CRIU),Post-copy,direct,False,transfer_mode=direct;workload=tcp-client;lazy_pages_port=9999; tcp_not_established,Network-live-migration/metrics/plots/2026-05-15_032437__6_tee_avg__02__tcp-client-migration
16-05-2026-direct-postcopy-0001,TEE Avg,TCP Client (CRIU),Post-copy,direct,False,transfer_mode=direct;workload=tcp-client;lazy_pages_port=9999; tcp_not_established,Network-live-migration/metrics/plots/2026-05-15_032437__6_tee_avg__02__tcp-client-migration
16-05-2026-direct-postcopy-0004,TEE Avg,TCP Client (CRIU),Post-copy,direct,False,transfer_mode=direct;workload=tcp-client;lazy_pages_port=9999; tcp_not_established,Network-live-migration/metrics/plots/2026-05-15_032437__6_tee_avg__02__tcp-client-migration
16-05-2026-direct-postcopy-0005,TEE Avg,TCP Client (CRIU),Post-copy,direct,False,transfer_mode=direct;workload=tcp-client;lazy_pages_port=9999; tcp_not_established,Network-live-migration/metrics/plots/2026-05-15_032437__6_tee_avg__02__tcp-client-migration
16-05-2026-direct-postcopy-0008,TEE Avg,TCP Client (CRIU),Post-copy,direct,False,transfer_mode=direct;workload=tcp-client;lazy_pages_port=9999; tcp_not_established,Network-live-migration/metrics/plots/2026-05-15_032437__6_tee_avg__02__tcp-client-migration
16-05-2026-direct-postcopy-0009,TEE Avg,TCP Client (CRIU),Post-copy,direct,False,transfer_mode=direct;workload=tcp-client;lazy_pages_port=9999; tcp_not_established,Network-live-migration/metrics/plots/2026-05-15_032437__6_tee_avg__02__tcp-client-migration
15-05-2026-host-cold-0006,TEE Avg,TCP Client (CRIU),Cold,host,False,transfer_mode=host;workload=tcp-client;relay_node=edge-host-1; tcp_not_established,Network-live-migration/metrics/plots/2026-05-15_032437__6_tee_avg__02__tcp-client-migration
15-05-2026-host-cold-0015,TEE Avg,TCP Client (CRIU),Cold,host,False,transfer_mode=host;workload=tcp-client;relay_node=edge-host-1; tcp_not_established,Network-live-migration/metrics/plots/2026-05-15_032437__6_tee_avg__02__tcp-client-migration
15-05-2026-host-cold-0027,TEE Avg,TCP Client (CRIU),Cold,host,False,transfer_mode=host;workload=tcp-client;relay_node=edge-host-1; tcp_not_established,Network-live-migration/metrics/plots/2026-05-15_032437__6_tee_avg__02__tcp-client-migration
16-05-2026-host-cold-0006,TEE Avg,TCP Client (CRIU),Cold,host,False,transfer_mode=host;workload=tcp-client;relay_node=edge-host-1; tcp_not_established,Network-live-migration/metrics/plots/2026-05-15_032437__6_tee_avg__02__tcp-client-migration
15-05-2026-host-precopy-0000,TEE Avg,TCP Client (CRIU),Pre-copy,host,False,transfer_mode=host;workload=tcp-client;relay_node=edge-host-1;iterations=3;precopy_streamed_iters=3;precopy_stream_archive_ms=871;precopy_stream_transfer_ms=229105;precopy_stream_unpack_ms=905;precopy_stream_bytes=22997; tcp_not_established,Network-live-migration/metrics/plots/2026-05-15_032437__6_tee_avg__02__tcp-client-migration
15-05-2026-host-precopy-0003,TEE Avg,TCP Client (CRIU),Pre-copy,host,False,transfer_mode=host;workload=tcp-client;relay_node=edge-host-1;iterations=3;precopy_streamed_iters=3;precopy_stream_archive_ms=944;precopy_stream_transfer_ms=297356;precopy_stream_unpack_ms=915;precopy_stream_bytes=23169; restore_failed,Network-live-migration/metrics/plots/2026-05-15_032437__6_tee_avg__02__tcp-client-migration
15-05-2026-host-precopy-0008,TEE Avg,TCP Client (CRIU),Pre-copy,host,False,transfer_mode=host;workload=tcp-client;relay_node=edge-host-1;iterations=3;precopy_streamed_iters=3;precopy_stream_archive_ms=938;precopy_stream_transfer_ms=325442;precopy_stream_unpack_ms=1581;precopy_stream_bytes=22536; tcp_not_established,Network-live-migration/metrics/plots/2026-05-15_032437__6_tee_avg__02__tcp-client-migration
15-05-2026-host-precopy-0009,TEE Avg,TCP Client (CRIU),Pre-copy,host,False,transfer_mode=host;workload=tcp-client;relay_node=edge-host-1;iterations=3;precopy_streamed_iters=3;precopy_stream_archive_ms=912;precopy_stream_transfer_ms=286616;precopy_stream_unpack_ms=1259;precopy_stream_bytes=23086; tcp_not_established,Network-live-migration/metrics/plots/2026-05-15_032437__6_tee_avg__02__tcp-client-migration
15-05-2026-host-precopy-0012,TEE Avg,TCP Client (CRIU),Pre-copy,host,False,transfer_mode=host;workload=tcp-client;relay_node=edge-host-1;iterations=3;precopy_streamed_iters=3;precopy_stream_archive_ms=977;precopy_stream_transfer_ms=268229;precopy_stream_unpack_ms=1231;precopy_stream_bytes=22389; tcp_not_established,Network-live-migration/metrics/plots/2026-05-15_032437__6_tee_avg__02__tcp-client-migration
15-05-2026-host-precopy-0022,TEE Avg,TCP Client (CRIU),Pre-copy,host,False,transfer_mode=host;workload=tcp-client;relay_node=edge-host-1;iterations=3;precopy_streamed_iters=3;precopy_stream_archive_ms=1005;precopy_stream_transfer_ms=262898;precopy_stream_unpack_ms=1237;precopy_stream_bytes=22076; tcp_not_established,Network-live-migration/metrics/plots/2026-05-15_032437__6_tee_avg__02__tcp-client-migration
15-05-2026-host-precopy-0023,TEE Avg,TCP Client (CRIU),Pre-copy,host,False,transfer_mode=host;workload=tcp-client;relay_node=edge-host-1;iterations=3;precopy_streamed_iters=3;precopy_stream_archive_ms=898;precopy_stream_transfer_ms=229502;precopy_stream_unpack_ms=1599;precopy_stream_bytes=22430; tcp_not_established,Network-live-migration/metrics/plots/2026-05-15_032437__6_tee_avg__02__tcp-client-migration
15-05-2026-host-precopy-0028,TEE Avg,TCP Client (CRIU),Pre-copy,host,False,transfer_mode=host;workload=tcp-client;relay_node=edge-host-1;iterations=3;precopy_streamed_iters=3;precopy_stream_archive_ms=878;precopy_stream_transfer_ms=247144;precopy_stream_unpack_ms=1094;precopy_stream_bytes=21790; tcp_not_established,Network-live-migration/metrics/plots/2026-05-15_032437__6_tee_avg__02__tcp-client-migration
16-05-2026-host-precopy-0003,TEE Avg,TCP Client (CRIU),Pre-copy,host,False,transfer_mode=host;workload=tcp-client;relay_node=edge-host-1;iterations=3;precopy_streamed_iters=3;precopy_stream_archive_ms=931;precopy_stream_transfer_ms=262874;precopy_stream_unpack_ms=1277;precopy_stream_bytes=22560; tcp_not_established,Network-live-migration/metrics/plots/2026-05-15_032437__6_tee_avg__02__tcp-client-migration
16-05-2026-host-precopy-0007,TEE Avg,TCP Client (CRIU),Pre-copy,host,False,transfer_mode=host;workload=tcp-client;relay_node=edge-host-1;iterations=3; predump_transfer_failed_3,Network-live-migration/metrics/plots/2026-05-15_032437__6_tee_avg__02__tcp-client-migration
15-05-2026-host-postcopy-0008,TEE Avg,TCP Client (CRIU),Post-copy,host,False,transfer_mode=host;workload=tcp-client;relay_node=edge-host-1;lazy_pages_port=9999; tcp_not_established,Network-live-migration/metrics/plots/2026-05-15_032437__6_tee_avg__02__tcp-client-migration
15-05-2026-host-postcopy-0015,TEE Avg,TCP Client (CRIU),Post-copy,host,False,transfer_mode=host;workload=tcp-client;relay_node=edge-host-1;lazy_pages_port=9999; tcp_not_established,Network-live-migration/metrics/plots/2026-05-15_032437__6_tee_avg__02__tcp-client-migration
16-05-2026-host-postcopy-0001,TEE Avg,TCP Client (CRIU),Post-copy,host,False,transfer_mode=host;workload=tcp-client;relay_node=edge-host-1;lazy_pages_port=9999; tcp_not_established,Network-live-migration/metrics/plots/2026-05-15_032437__6_tee_avg__02__tcp-client-migration
16-05-2026-host-postcopy-0004,TEE Avg,TCP Client (CRIU),Post-copy,host,False,transfer_mode=host;workload=tcp-client;relay_node=edge-host-1;lazy_pages_port=9999; tcp_not_established,Network-live-migration/metrics/plots/2026-05-15_032437__6_tee_avg__02__tcp-client-migration
16-05-2026-direct-postcopy-0000,TEE Avg,Game of Life (CRIU),Post-copy,direct,False,transfer_mode=direct;lazy_pages_port=9999; gol_out_not_updating,Game-of-life-migration/metrics/plots/2026-05-15_032437__6_tee_avg__03__game-of-life-migration
16-05-2026-direct-postcopy-0001,TEE Avg,Game of Life (CRIU),Post-copy,direct,False,transfer_mode=direct;lazy_pages_port=9999; gol_out_not_updating,Game-of-life-migration/metrics/plots/2026-05-15_032437__6_tee_avg__03__game-of-life-migration
16-05-2026-direct-postcopy-0002,TEE Avg,Game of Life (CRIU),Post-copy,direct,False,transfer_mode=direct;lazy_pages_port=9999; gol_out_not_updating,Game-of-life-migration/metrics/plots/2026-05-15_032437__6_tee_avg__03__game-of-life-migration
16-05-2026-direct-postcopy-0003,TEE Avg,Game of Life (CRIU),Post-copy,direct,False,transfer_mode=direct;lazy_pages_port=9999; gol_out_not_updating,Game-of-life-migration/metrics/plots/2026-05-15_032437__6_tee_avg__03__game-of-life-migration
16-05-2026-direct-postcopy-0004,TEE Avg,Game of Life (CRIU),Post-copy,direct,False,transfer_mode=direct;lazy_pages_port=9999; gol_out_not_updating,Game-of-life-migration/metrics/plots/2026-05-15_032437__6_tee_avg__03__game-of-life-migration
16-05-2026-direct-postcopy-0005,TEE Avg,Game of Life (CRIU),Post-copy,direct,False,transfer_mode=direct;lazy_pages_port=9999; gol_out_not_updating,Game-of-life-migration/metrics/plots/2026-05-15_032437__6_tee_avg__03__game-of-life-migration
16-05-2026-direct-postcopy-0006,TEE Avg,Game of Life (CRIU),Post-copy,direct,False,transfer_mode=direct;lazy_pages_port=9999; gol_out_not_updating,Game-of-life-migration/metrics/plots/2026-05-15_032437__6_tee_avg__03__game-of-life-migration
16-05-2026-direct-postcopy-0007,TEE Avg,Game of Life (CRIU),Post-copy,direct,False,transfer_mode=direct;lazy_pages_port=9999; gol_out_not_updating,Game-of-life-migration/metrics/plots/2026-05-15_032437__6_tee_avg__03__game-of-life-migration
16-05-2026-direct-postcopy-0008,TEE Avg,Game of Life (CRIU),Post-copy,direct,False,transfer_mode=direct;lazy_pages_port=9999; gol_out_not_updating,Game-of-life-migration/metrics/plots/2026-05-15_032437__6_tee_avg__03__game-of-life-migration
16-05-2026-direct-postcopy-0009,TEE Avg,Game of Life (CRIU),Post-copy,direct,False,transfer_mode=direct;lazy_pages_port=9999; gol_out_not_updating,Game-of-life-migration/metrics/plots/2026-05-15_032437__6_tee_avg__03__game-of-life-migration
17-05-2026-direct-postcopy-0000,TEE Avg,Game of Life (CRIU),Post-copy,direct,False,transfer_mode=direct;lazy_pages_port=9999; gol_out_not_updating,Game-of-life-migration/metrics/plots/2026-05-15_032437__6_tee_avg__03__game-of-life-migration
17-05-2026-direct-postcopy-0001,TEE Avg,Game of Life (CRIU),Post-copy,direct,False,transfer_mode=direct;lazy_pages_port=9999; gol_out_not_updating,Game-of-life-migration/metrics/plots/2026-05-15_032437__6_tee_avg__03__game-of-life-migration
17-05-2026-direct-postcopy-0002,TEE Avg,Game of Life (CRIU),Post-copy,direct,False,transfer_mode=direct;lazy_pages_port=9999; gol_out_not_updating,Game-of-life-migration/metrics/plots/2026-05-15_032437__6_tee_avg__03__game-of-life-migration
17-05-2026-direct-postcopy-0003,TEE Avg,Game of Life (CRIU),Post-copy,direct,False,transfer_mode=direct;lazy_pages_port=9999; gol_out_not_updating,Game-of-life-migration/metrics/plots/2026-05-15_032437__6_tee_avg__03__game-of-life-migration
17-05-2026-direct-postcopy-0004,TEE Avg,Game of Life (CRIU),Post-copy,direct,False,transfer_mode=direct;lazy_pages_port=9999; gol_out_not_updating,Game-of-life-migration/metrics/plots/2026-05-15_032437__6_tee_avg__03__game-of-life-migration
17-05-2026-direct-postcopy-0005,TEE Avg,Game of Life (CRIU),Post-copy,direct,False,transfer_mode=direct;lazy_pages_port=9999; gol_out_not_updating,Game-of-life-migration/metrics/plots/2026-05-15_032437__6_tee_avg__03__game-of-life-migration
17-05-2026-direct-postcopy-0006,TEE Avg,Game of Life (CRIU),Post-copy,direct,False,transfer_mode=direct;lazy_pages_port=9999; gol_out_not_updating,Game-of-life-migration/metrics/plots/2026-05-15_032437__6_tee_avg__03__game-of-life-migration
17-05-2026-direct-postcopy-0007,TEE Avg,Game of Life (CRIU),Post-copy,direct,False,transfer_mode=direct;lazy_pages_port=9999; gol_out_not_updating,Game-of-life-migration/metrics/plots/2026-05-15_032437__6_tee_avg__03__game-of-life-migration
17-05-2026-direct-postcopy-0008,TEE Avg,Game of Life (CRIU),Post-copy,direct,False,transfer_mode=direct;lazy_pages_port=9999; gol_out_not_updating,Game-of-life-migration/metrics/plots/2026-05-15_032437__6_tee_avg__03__game-of-life-migration
17-05-2026-direct-postcopy-0009,TEE Avg,Game of Life (CRIU),Post-copy,direct,False,transfer_mode=direct;lazy_pages_port=9999; gol_out_not_updating,Game-of-life-migration/metrics/plots/2026-05-15_032437__6_tee_avg__03__game-of-life-migration
18-05-2026-direct-postcopy-0000,TEE Avg,Game of Life (CRIU),Post-copy,direct,False,transfer_mode=direct;lazy_pages_port=9999; gol_out_not_updating,Game-of-life-migration/metrics/plots/2026-05-15_032437__6_tee_avg__03__game-of-life-migration
18-05-2026-direct-postcopy-0001,TEE Avg,Game of Life (CRIU),Post-copy,direct,False,transfer_mode=direct;lazy_pages_port=9999; gol_out_not_updating,Game-of-life-migration/metrics/plots/2026-05-15_032437__6_tee_avg__03__game-of-life-migration
18-05-2026-direct-postcopy-0002,TEE Avg,Game of Life (CRIU),Post-copy,direct,False,transfer_mode=direct;lazy_pages_port=9999; gol_out_not_updating,Game-of-life-migration/metrics/plots/2026-05-15_032437__6_tee_avg__03__game-of-life-migration
18-05-2026-direct-postcopy-0003,TEE Avg,Game of Life (CRIU),Post-copy,direct,False,transfer_mode=direct;lazy_pages_port=9999; gol_out_not_updating,Game-of-life-migration/metrics/plots/2026-05-15_032437__6_tee_avg__03__game-of-life-migration
18-05-2026-direct-postcopy-0004,TEE Avg,Game of Life (CRIU),Post-copy,direct,False,transfer_mode=direct;lazy_pages_port=9999; gol_out_not_updating,Game-of-life-migration/metrics/plots/2026-05-15_032437__6_tee_avg__03__game-of-life-migration
18-05-2026-direct-postcopy-0005,TEE Avg,Game of Life (CRIU),Post-copy,direct,False,transfer_mode=direct;lazy_pages_port=9999; gol_out_not_updating,Game-of-life-migration/metrics/plots/2026-05-15_032437__6_tee_avg__03__game-of-life-migration
18-05-2026-direct-postcopy-0006,TEE Avg,Game of Life (CRIU),Post-copy,direct,False,transfer_mode=direct;lazy_pages_port=9999; gol_out_not_updating,Game-of-life-migration/metrics/plots/2026-05-15_032437__6_tee_avg__03__game-of-life-migration
18-05-2026-direct-postcopy-0007,TEE Avg,Game of Life (CRIU),Post-copy,direct,False,transfer_mode=direct;lazy_pages_port=9999; gol_out_not_updating,Game-of-life-migration/metrics/plots/2026-05-15_032437__6_tee_avg__03__game-of-life-migration
18-05-2026-direct-postcopy-0008,TEE Avg,Game of Life (CRIU),Post-copy,direct,False,transfer_mode=direct;lazy_pages_port=9999; gol_out_not_updating,Game-of-life-migration/metrics/plots/2026-05-15_032437__6_tee_avg__03__game-of-life-migration
18-05-2026-direct-postcopy-0009,TEE Avg,Game of Life (CRIU),Post-copy,direct,False,transfer_mode=direct;lazy_pages_port=9999; gol_out_not_updating,Game-of-life-migration/metrics/plots/2026-05-15_032437__6_tee_avg__03__game-of-life-migration
19-05-2026-direct-postcopy-0000,TEE Avg,Game of Life (CRIU),Post-copy,direct,False,transfer_mode=direct;lazy_pages_port=9999; gol_out_not_updating,Game-of-life-migration/metrics/plots/2026-05-15_032437__6_tee_avg__03__game-of-life-migration
19-05-2026-direct-postcopy-0001,TEE Avg,Game of Life (CRIU),Post-copy,direct,False,transfer_mode=direct;lazy_pages_port=9999; gol_out_not_updating,Game-of-life-migration/metrics/plots/2026-05-15_032437__6_tee_avg__03__game-of-life-migration
19-05-2026-direct-postcopy-0002,TEE Avg,Game of Life (CRIU),Post-copy,direct,False,transfer_mode=direct;lazy_pages_port=9999; gol_out_not_updating,Game-of-life-migration/metrics/plots/2026-05-15_032437__6_tee_avg__03__game-of-life-migration
19-05-2026-direct-postcopy-0003,TEE Avg,Game of Life (CRIU),Post-copy,direct,False,transfer_mode=direct;lazy_pages_port=9999; gol_out_not_updating,Game-of-life-migration/metrics/plots/2026-05-15_032437__6_tee_avg__03__game-of-life-migration
19-05-2026-direct-postcopy-0004,TEE Avg,Game of Life (CRIU),Post-copy,direct,False,transfer_mode=direct;lazy_pages_port=9999; gol_out_not_updating,Game-of-life-migration/metrics/plots/2026-05-15_032437__6_tee_avg__03__game-of-life-migration
19-05-2026-direct-postcopy-0005,TEE Avg,Game of Life (CRIU),Post-copy,direct,False,transfer_mode=direct;lazy_pages_port=9999; gol_out_not_updating,Game-of-life-migration/metrics/plots/2026-05-15_032437__6_tee_avg__03__game-of-life-migration
19-05-2026-direct-postcopy-0006,TEE Avg,Game of Life (CRIU),Post-copy,direct,False,transfer_mode=direct;lazy_pages_port=9999; gol_out_not_updating,Game-of-life-migration/metrics/plots/2026-05-15_032437__6_tee_avg__03__game-of-life-migration
19-05-2026-direct-postcopy-0007,TEE Avg,Game of Life (CRIU),Post-copy,direct,False,transfer_mode=direct;lazy_pages_port=9999; gol_out_not_updating,Game-of-life-migration/metrics/plots/2026-05-15_032437__6_tee_avg__03__game-of-life-migration
19-05-2026-direct-postcopy-0008,TEE Avg,Game of Life (CRIU),Post-copy,direct,False,transfer_mode=direct;lazy_pages_port=9999; gol_out_not_updating,Game-of-life-migration/metrics/plots/2026-05-15_032437__6_tee_avg__03__game-of-life-migration
19-05-2026-direct-postcopy-0009,TEE Avg,Game of Life (CRIU),Post-copy,direct,False,transfer_mode=direct;lazy_pages_port=9999; gol_out_not_updating,Game-of-life-migration/metrics/plots/2026-05-15_032437__6_tee_avg__03__game-of-life-migration
18-05-2026-host-cold-0006,TEE Avg,Game of Life (CRIU),Cold,host,False,transfer_mode=host;relay_node=edge-host-1; transfer_failed,Game-of-life-migration/metrics/plots/2026-05-15_032437__6_tee_avg__03__game-of-life-migration
17-05-2026-host-precopy-0009,TEE Avg,Game of Life (CRIU),Pre-copy,host,False,transfer_mode=host;iterations=3;relay_node=edge-host-1;precopy_streamed_iters=3;precopy_stream_archive_ms=3021;precopy_stream_transfer_ms=3470955;precopy_stream_unpack_ms=2336;precopy_stream_bytes=16204313; transfer_failed,Game-of-life-migration/metrics/plots/2026-05-15_032437__6_tee_avg__03__game-of-life-migration
16-05-2026-host-postcopy-0000,TEE Avg,Game of Life (CRIU),Post-copy,host,False,transfer_mode=host;lazy_pages_port=9999;relay_node=edge-host-1; gol_out_not_updating,Game-of-life-migration/metrics/plots/2026-05-15_032437__6_tee_avg__03__game-of-life-migration
16-05-2026-host-postcopy-0001,TEE Avg,Game of Life (CRIU),Post-copy,host,False,transfer_mode=host;lazy_pages_port=9999;relay_node=edge-host-1; gol_out_not_updating,Game-of-life-migration/metrics/plots/2026-05-15_032437__6_tee_avg__03__game-of-life-migration
16-05-2026-host-postcopy-0002,TEE Avg,Game of Life (CRIU),Post-copy,host,False,transfer_mode=host;lazy_pages_port=9999;relay_node=edge-host-1; gol_out_not_updating,Game-of-life-migration/metrics/plots/2026-05-15_032437__6_tee_avg__03__game-of-life-migration
16-05-2026-host-postcopy-0003,TEE Avg,Game of Life (CRIU),Post-copy,host,False,transfer_mode=host;lazy_pages_port=9999;relay_node=edge-host-1; gol_out_not_updating,Game-of-life-migration/metrics/plots/2026-05-15_032437__6_tee_avg__03__game-of-life-migration
16-05-2026-host-postcopy-0004,TEE Avg,Game of Life (CRIU),Post-copy,host,False,transfer_mode=host;lazy_pages_port=9999;relay_node=edge-host-1; gol_out_not_updating,Game-of-life-migration/metrics/plots/2026-05-15_032437__6_tee_avg__03__game-of-life-migration
16-05-2026-host-postcopy-0005,TEE Avg,Game of Life (CRIU),Post-copy,host,False,transfer_mode=host;lazy_pages_port=9999;relay_node=edge-host-1; gol_out_not_updating,Game-of-life-migration/metrics/plots/2026-05-15_032437__6_tee_avg__03__game-of-life-migration
16-05-2026-host-postcopy-0006,TEE Avg,Game of Life (CRIU),Post-copy,host,False,transfer_mode=host;lazy_pages_port=9999;relay_node=edge-host-1; gol_out_not_updating,Game-of-life-migration/metrics/plots/2026-05-15_032437__6_tee_avg__03__game-of-life-migration
16-05-2026-host-postcopy-0007,TEE Avg,Game of Life (CRIU),Post-copy,host,False,transfer_mode=host;lazy_pages_port=9999;relay_node=edge-host-1; gol_out_not_updating,Game-of-life-migration/metrics/plots/2026-05-15_032437__6_tee_avg__03__game-of-life-migration
16-05-2026-host-postcopy-0008,TEE Avg,Game of Life (CRIU),Post-copy,host,False,transfer_mode=host;lazy_pages_port=9999;relay_node=edge-host-1; transfer_failed,Game-of-life-migration/metrics/plots/2026-05-15_032437__6_tee_avg__03__game-of-life-migration
16-05-2026-host-postcopy-0009,TEE Avg,Game of Life (CRIU),Post-copy,host,False,transfer_mode=host;lazy_pages_port=9999;relay_node=edge-host-1; gol_out_not_updating,Game-of-life-migration/metrics/plots/2026-05-15_032437__6_tee_avg__03__game-of-life-migration
17-05-2026-host-postcopy-0000,TEE Avg,Game of Life (CRIU),Post-copy,host,False,transfer_mode=host;lazy_pages_port=9999;relay_node=edge-host-1; gol_out_not_updating,Game-of-life-migration/metrics/plots/2026-05-15_032437__6_tee_avg__03__game-of-life-migration
17-05-2026-host-postcopy-0001,TEE Avg,Game of Life (CRIU),Post-copy,host,False,transfer_mode=host;lazy_pages_port=9999;relay_node=edge-host-1; gol_out_not_updating,Game-of-life-migration/metrics/plots/2026-05-15_032437__6_tee_avg__03__game-of-life-migration
17-05-2026-host-postcopy-0002,TEE Avg,Game of Life (CRIU),Post-copy,host,False,transfer_mode=host;lazy_pages_port=9999;relay_node=edge-host-1; gol_out_not_updating,Game-of-life-migration/metrics/plots/2026-05-15_032437__6_tee_avg__03__game-of-life-migration
17-05-2026-host-postcopy-0003,TEE Avg,Game of Life (CRIU),Post-copy,host,False,transfer_mode=host;lazy_pages_port=9999;relay_node=edge-host-1; gol_out_not_updating,Game-of-life-migration/metrics/plots/2026-05-15_032437__6_tee_avg__03__game-of-life-migration
17-05-2026-host-postcopy-0004,TEE Avg,Game of Life (CRIU),Post-copy,host,False,transfer_mode=host;lazy_pages_port=9999;relay_node=edge-host-1; gol_out_not_updating,Game-of-life-migration/metrics/plots/2026-05-15_032437__6_tee_avg__03__game-of-life-migration
17-05-2026-host-postcopy-0005,TEE Avg,Game of Life (CRIU),Post-copy,host,False,transfer_mode=host;lazy_pages_port=9999;relay_node=edge-host-1; gol_out_not_updating,Game-of-life-migration/metrics/plots/2026-05-15_032437__6_tee_avg__03__game-of-life-migration
17-05-2026-host-postcopy-0006,TEE Avg,Game of Life (CRIU),Post-copy,host,False,transfer_mode=host;lazy_pages_port=9999;relay_node=edge-host-1; gol_out_not_updating,Game-of-life-migration/metrics/plots/2026-05-15_032437__6_tee_avg__03__game-of-life-migration
17-05-2026-host-postcopy-0007,TEE Avg,Game of Life (CRIU),Post-copy,host,False,transfer_mode=host;lazy_pages_port=9999;relay_node=edge-host-1; gol_out_not_updating,Game-of-life-migration/metrics/plots/2026-05-15_032437__6_tee_avg__03__game-of-life-migration
17-05-2026-host-postcopy-0008,TEE Avg,Game of Life (CRIU),Post-copy,host,False,transfer_mode=host;lazy_pages_port=9999;relay_node=edge-host-1; gol_out_not_updating,Game-of-life-migration/metrics/plots/2026-05-15_032437__6_tee_avg__03__game-of-life-migration
17-05-2026-host-postcopy-0009,TEE Avg,Game of Life (CRIU),Post-copy,host,False,transfer_mode=host;lazy_pages_port=9999;relay_node=edge-host-1; gol_out_not_updating,Game-of-life-migration/metrics/plots/2026-05-15_032437__6_tee_avg__03__game-of-life-migration
18-05-2026-host-postcopy-0000,TEE Avg,Game of Life (CRIU),Post-copy,host,False,transfer_mode=host;lazy_pages_port=9999;relay_node=edge-host-1; gol_out_not_updating,Game-of-life-migration/metrics/plots/2026-05-15_032437__6_tee_avg__03__game-of-life-migration
18-05-2026-host-postcopy-0001,TEE Avg,Game of Life (CRIU),Post-copy,host,False,transfer_mode=host;lazy_pages_port=9999;relay_node=edge-host-1; gol_out_not_updating,Game-of-life-migration/metrics/plots/2026-05-15_032437__6_tee_avg__03__game-of-life-migration
18-05-2026-host-postcopy-0002,TEE Avg,Game of Life (CRIU),Post-copy,host,False,transfer_mode=host;lazy_pages_port=9999;relay_node=edge-host-1; gol_out_not_updating,Game-of-life-migration/metrics/plots/2026-05-15_032437__6_tee_avg__03__game-of-life-migration
18-05-2026-host-postcopy-0003,TEE Avg,Game of Life (CRIU),Post-copy,host,False,transfer_mode=host;lazy_pages_port=9999;relay_node=edge-host-1; gol_out_not_updating,Game-of-life-migration/metrics/plots/2026-05-15_032437__6_tee_avg__03__game-of-life-migration
18-05-2026-host-postcopy-0004,TEE Avg,Game of Life (CRIU),Post-copy,host,False,transfer_mode=host;lazy_pages_port=9999;relay_node=edge-host-1; gol_out_not_updating,Game-of-life-migration/metrics/plots/2026-05-15_032437__6_tee_avg__03__game-of-life-migration
18-05-2026-host-postcopy-0005,TEE Avg,Game of Life (CRIU),Post-copy,host,False,transfer_mode=host;lazy_pages_port=9999;relay_node=edge-host-1; gol_out_not_updating,Game-of-life-migration/metrics/plots/2026-05-15_032437__6_tee_avg__03__game-of-life-migration
18-05-2026-host-postcopy-0006,TEE Avg,Game of Life (CRIU),Post-copy,host,False,transfer_mode=host;lazy_pages_port=9999;relay_node=edge-host-1; gol_out_not_updating,Game-of-life-migration/metrics/plots/2026-05-15_032437__6_tee_avg__03__game-of-life-migration
18-05-2026-host-postcopy-0007,TEE Avg,Game of Life (CRIU),Post-copy,host,False,transfer_mode=host;lazy_pages_port=9999;relay_node=edge-host-1; gol_out_not_updating,Game-of-life-migration/metrics/plots/2026-05-15_032437__6_tee_avg__03__game-of-life-migration
18-05-2026-host-postcopy-0008,TEE Avg,Game of Life (CRIU),Post-copy,host,False,transfer_mode=host;lazy_pages_port=9999;relay_node=edge-host-1; gol_out_not_updating,Game-of-life-migration/metrics/plots/2026-05-15_032437__6_tee_avg__03__game-of-life-migration
18-05-2026-host-postcopy-0009,TEE Avg,Game of Life (CRIU),Post-copy,host,False,transfer_mode=host;lazy_pages_port=9999;relay_node=edge-host-1; gol_out_not_updating,Game-of-life-migration/metrics/plots/2026-05-15_032437__6_tee_avg__03__game-of-life-migration
19-05-2026-host-postcopy-0000,TEE Avg,Game of Life (CRIU),Post-copy,host,False,transfer_mode=host;lazy_pages_port=9999;relay_node=edge-host-1; gol_out_not_updating,Game-of-life-migration/metrics/plots/2026-05-15_032437__6_tee_avg__03__game-of-life-migration
19-05-2026-host-postcopy-0001,TEE Avg,Game of Life (CRIU),Post-copy,host,False,transfer_mode=host;lazy_pages_port=9999;relay_node=edge-host-1; gol_out_not_updating,Game-of-life-migration/metrics/plots/2026-05-15_032437__6_tee_avg__03__game-of-life-migration
19-05-2026-host-postcopy-0002,TEE Avg,Game of Life (CRIU),Post-copy,host,False,transfer_mode=host;lazy_pages_port=9999;relay_node=edge-host-1; gol_out_not_updating,Game-of-life-migration/metrics/plots/2026-05-15_032437__6_tee_avg__03__game-of-life-migration
19-05-2026-host-postcopy-0003,TEE Avg,Game of Life (CRIU),Post-copy,host,False,transfer_mode=host;lazy_pages_port=9999;relay_node=edge-host-1; gol_out_not_updating,Game-of-life-migration/metrics/plots/2026-05-15_032437__6_tee_avg__03__game-of-life-migration
19-05-2026-host-postcopy-0004,TEE Avg,Game of Life (CRIU),Post-copy,host,False,transfer_mode=host;lazy_pages_port=9999;relay_node=edge-host-1; gol_out_not_updating,Game-of-life-migration/metrics/plots/2026-05-15_032437__6_tee_avg__03__game-of-life-migration
19-05-2026-host-postcopy-0005,TEE Avg,Game of Life (CRIU),Post-copy,host,False,transfer_mode=host;lazy_pages_port=9999;relay_node=edge-host-1; gol_out_not_updating,Game-of-life-migration/metrics/plots/2026-05-15_032437__6_tee_avg__03__game-of-life-migration
19-05-2026-host-postcopy-0006,TEE Avg,Game of Life (CRIU),Post-copy,host,False,transfer_mode=host;lazy_pages_port=9999;relay_node=edge-host-1; gol_out_not_updating,Game-of-life-migration/metrics/plots/2026-05-15_032437__6_tee_avg__03__game-of-life-migration
19-05-2026-host-postcopy-0007,TEE Avg,Game of Life (CRIU),Post-copy,host,False,transfer_mode=host;lazy_pages_port=9999;relay_node=edge-host-1; gol_out_not_updating,Game-of-life-migration/metrics/plots/2026-05-15_032437__6_tee_avg__03__game-of-life-migration
19-05-2026-host-postcopy-0008,TEE Avg,Game of Life (CRIU),Post-copy,host,False,transfer_mode=host;lazy_pages_port=9999;relay_node=edge-host-1; gol_out_not_updating,Game-of-life-migration/metrics/plots/2026-05-15_032437__6_tee_avg__03__game-of-life-migration
19-05-2026-host-postcopy-0009,TEE Avg,Game of Life (CRIU),Post-copy,host,False,transfer_mode=host;lazy_pages_port=9999;relay_node=edge-host-1; gol_out_not_updating,Game-of-life-migration/metrics/plots/2026-05-15_032437__6_tee_avg__03__game-of-life-migration
21-05-2026-host-cold-0025,TEE Avg,WebAssembly,Wasm,host,False,transfer_mode=host;module=3mm_with_cr.wasm;relay_node=edge-host-1;transfer_failed,WASM-migration/metrics/plots/2026-05-21_141223__6_tee_avg__01__wasm-migration
22-05-2026-host-precopy-0015,TEE Worst,Counter (CRIU),Pre-copy,host,False,transfer_mode=host;iterations=3;relay_node=edge-host-1; predump_unpack_failed_3,Container/metrics/plots/2026-05-22_223930__7_tee_worst__01__counter-migration
24-05-2026-direct-cold-0008,TEE Worst,TCP Client (CRIU),Cold,direct,False,transfer_mode=direct;workload=tcp-client; tcp_not_established,Network-live-migration/metrics/plots/2026-05-24_200518__7_tee_worst__01__tcp-client-migration
24-05-2026-direct-cold-0010,TEE Worst,TCP Client (CRIU),Cold,direct,False,transfer_mode=direct;workload=tcp-client; tcp_not_established,Network-live-migration/metrics/plots/2026-05-24_200518__7_tee_worst__01__tcp-client-migration
24-05-2026-direct-cold-0029,TEE Worst,TCP Client (CRIU),Cold,direct,False,transfer_mode=direct;workload=tcp-client; tcp_not_established,Network-live-migration/metrics/plots/2026-05-24_200518__7_tee_worst__01__tcp-client-migration
24-05-2026-direct-precopy-0001,TEE Worst,TCP Client (CRIU),Pre-copy,direct,False,transfer_mode=direct;workload=tcp-client;iterations=3;precopy_streamed_iters=3;precopy_stream_archive_ms=904;precopy_stream_transfer_ms=662237;precopy_stream_unpack_ms=1874;precopy_stream_bytes=22477; tcp_not_established,Network-live-migration/metrics/plots/2026-05-24_200518__7_tee_worst__01__tcp-client-migration
24-05-2026-direct-precopy-0002,TEE Worst,TCP Client (CRIU),Pre-copy,direct,False,transfer_mode=direct;workload=tcp-client;iterations=3;precopy_streamed_iters=3;precopy_stream_archive_ms=908;precopy_stream_transfer_ms=782192;precopy_stream_unpack_ms=1977;precopy_stream_bytes=22442; tcp_not_established,Network-live-migration/metrics/plots/2026-05-24_200518__7_tee_worst__01__tcp-client-migration
24-05-2026-direct-precopy-0004,TEE Worst,TCP Client (CRIU),Pre-copy,direct,False,transfer_mode=direct;workload=tcp-client;iterations=3;precopy_streamed_iters=3;precopy_stream_archive_ms=927;precopy_stream_transfer_ms=974793;precopy_stream_unpack_ms=1952;precopy_stream_bytes=22978; tcp_not_established,Network-live-migration/metrics/plots/2026-05-24_200518__7_tee_worst__01__tcp-client-migration
24-05-2026-direct-precopy-0006,TEE Worst,TCP Client (CRIU),Pre-copy,direct,False,transfer_mode=direct;workload=tcp-client;iterations=3;precopy_streamed_iters=3;precopy_stream_archive_ms=903;precopy_stream_transfer_ms=613086;precopy_stream_unpack_ms=1897;precopy_stream_bytes=21942; tcp_not_established,Network-live-migration/metrics/plots/2026-05-24_200518__7_tee_worst__01__tcp-client-migration
24-05-2026-direct-precopy-0008,TEE Worst,TCP Client (CRIU),Pre-copy,direct,False,transfer_mode=direct;workload=tcp-client;iterations=3;precopy_streamed_iters=3;precopy_stream_archive_ms=922;precopy_stream_transfer_ms=627637;precopy_stream_unpack_ms=1880;precopy_stream_bytes=22959; tcp_not_established,Network-live-migration/metrics/plots/2026-05-24_200518__7_tee_worst__01__tcp-client-migration
24-05-2026-direct-precopy-0009,TEE Worst,TCP Client (CRIU),Pre-copy,direct,False,transfer_mode=direct;workload=tcp-client;iterations=3;precopy_streamed_iters=3;precopy_stream_archive_ms=974;precopy_stream_transfer_ms=719449;precopy_stream_unpack_ms=1893;precopy_stream_bytes=22415; tcp_not_established,Network-live-migration/metrics/plots/2026-05-24_200518__7_tee_worst__01__tcp-client-migration
24-05-2026-direct-precopy-0013,TEE Worst,TCP Client (CRIU),Pre-copy,direct,False,transfer_mode=direct;workload=tcp-client;iterations=3;precopy_streamed_iters=3;precopy_stream_archive_ms=914;precopy_stream_transfer_ms=798705;precopy_stream_unpack_ms=1878;precopy_stream_bytes=21653; tcp_not_established,Network-live-migration/metrics/plots/2026-05-24_200518__7_tee_worst__01__tcp-client-migration
24-05-2026-direct-precopy-0014,TEE Worst,TCP Client (CRIU),Pre-copy,direct,False,transfer_mode=direct;workload=tcp-client;iterations=3;precopy_streamed_iters=3;precopy_stream_archive_ms=888;precopy_stream_transfer_ms=831851;precopy_stream_unpack_ms=1892;precopy_stream_bytes=22599; tcp_not_established,Network-live-migration/metrics/plots/2026-05-24_200518__7_tee_worst__01__tcp-client-migration
24-05-2026-direct-precopy-0021,TEE Worst,TCP Client (CRIU),Pre-copy,direct,False,transfer_mode=direct;workload=tcp-client;iterations=3;precopy_streamed_iters=3;precopy_stream_archive_ms=932;precopy_stream_transfer_ms=749137;precopy_stream_unpack_ms=1883;precopy_stream_bytes=21834; tcp_not_established,Network-live-migration/metrics/plots/2026-05-24_200518__7_tee_worst__01__tcp-client-migration
24-05-2026-direct-precopy-0022,TEE Worst,TCP Client (CRIU),Pre-copy,direct,False,transfer_mode=direct;workload=tcp-client;iterations=3;precopy_streamed_iters=3;precopy_stream_archive_ms=909;precopy_stream_transfer_ms=751420;precopy_stream_unpack_ms=1937;precopy_stream_bytes=22352; tcp_not_established,Network-live-migration/metrics/plots/2026-05-24_200518__7_tee_worst__01__tcp-client-migration
24-05-2026-direct-precopy-0023,TEE Worst,TCP Client (CRIU),Pre-copy,direct,False,transfer_mode=direct;workload=tcp-client;iterations=3;precopy_streamed_iters=3;precopy_stream_archive_ms=888;precopy_stream_transfer_ms=651818;precopy_stream_unpack_ms=1929;precopy_stream_bytes=21952; tcp_not_established,Network-live-migration/metrics/plots/2026-05-24_200518__7_tee_worst__01__tcp-client-migration
24-05-2026-direct-precopy-0026,TEE Worst,TCP Client (CRIU),Pre-copy,direct,False,transfer_mode=direct;workload=tcp-client;iterations=3;precopy_streamed_iters=3;precopy_stream_archive_ms=889;precopy_stream_transfer_ms=721986;precopy_stream_unpack_ms=1880;precopy_stream_bytes=21936; tcp_not_established,Network-live-migration/metrics/plots/2026-05-24_200518__7_tee_worst__01__tcp-client-migration
24-05-2026-direct-precopy-0027,TEE Worst,TCP Client (CRIU),Pre-copy,direct,False,transfer_mode=direct;workload=tcp-client;iterations=3;precopy_streamed_iters=3;precopy_stream_archive_ms=878;precopy_stream_transfer_ms=825749;precopy_stream_unpack_ms=1832;precopy_stream_bytes=23158; tcp_not_established,Network-live-migration/metrics/plots/2026-05-24_200518__7_tee_worst__01__tcp-client-migration
24-05-2026-direct-postcopy-0003,TEE Worst,TCP Client (CRIU),Post-copy,direct,False,transfer_mode=direct;workload=tcp-client;lazy_pages_port=9999; tcp_not_established,Network-live-migration/metrics/plots/2026-05-24_200518__7_tee_worst__01__tcp-client-migration
24-05-2026-direct-postcopy-0005,TEE Worst,TCP Client (CRIU),Post-copy,direct,False,transfer_mode=direct;workload=tcp-client;lazy_pages_port=9999; tcp_not_established,Network-live-migration/metrics/plots/2026-05-24_200518__7_tee_worst__01__tcp-client-migration
24-05-2026-direct-postcopy-0009,TEE Worst,TCP Client (CRIU),Post-copy,direct,False,transfer_mode=direct;workload=tcp-client;lazy_pages_port=9999; tcp_not_established,Network-live-migration/metrics/plots/2026-05-24_200518__7_tee_worst__01__tcp-client-migration
24-05-2026-direct-postcopy-0010,TEE Worst,TCP Client (CRIU),Post-copy,direct,False,transfer_mode=direct;workload=tcp-client;lazy_pages_port=9999; tcp_not_established,Network-live-migration/metrics/plots/2026-05-24_200518__7_tee_worst__01__tcp-client-migration
24-05-2026-direct-postcopy-0011,TEE Worst,TCP Client (CRIU),Post-copy,direct,False,transfer_mode=direct;workload=tcp-client;lazy_pages_port=9999; tcp_not_established,Network-live-migration/metrics/plots/2026-05-24_200518__7_tee_worst__01__tcp-client-migration
24-05-2026-direct-postcopy-0014,TEE Worst,TCP Client (CRIU),Post-copy,direct,False,transfer_mode=direct;workload=tcp-client;lazy_pages_port=9999; tcp_not_established,Network-live-migration/metrics/plots/2026-05-24_200518__7_tee_worst__01__tcp-client-migration
24-05-2026-direct-postcopy-0015,TEE Worst,TCP Client (CRIU),Post-copy,direct,False,transfer_mode=direct;workload=tcp-client;lazy_pages_port=9999; tcp_not_established,Network-live-migration/metrics/plots/2026-05-24_200518__7_tee_worst__01__tcp-client-migration
24-05-2026-direct-postcopy-0016,TEE Worst,TCP Client (CRIU),Post-copy,direct,False,transfer_mode=direct;workload=tcp-client;lazy_pages_port=9999; tcp_not_established,Network-live-migration/metrics/plots/2026-05-24_200518__7_tee_worst__01__tcp-client-migration
24-05-2026-direct-postcopy-0017,TEE Worst,TCP Client (CRIU),Post-copy,direct,False,transfer_mode=direct;workload=tcp-client;lazy_pages_port=9999; tcp_not_established,Network-live-migration/metrics/plots/2026-05-24_200518__7_tee_worst__01__tcp-client-migration
24-05-2026-direct-postcopy-0020,TEE Worst,TCP Client (CRIU),Post-copy,direct,False,transfer_mode=direct;workload=tcp-client;lazy_pages_port=9999; tcp_not_established,Network-live-migration/metrics/plots/2026-05-24_200518__7_tee_worst__01__tcp-client-migration
24-05-2026-direct-postcopy-0022,TEE Worst,TCP Client (CRIU),Post-copy,direct,False,transfer_mode=direct;workload=tcp-client;lazy_pages_port=9999; tcp_not_established,Network-live-migration/metrics/plots/2026-05-24_200518__7_tee_worst__01__tcp-client-migration
24-05-2026-direct-postcopy-0024,TEE Worst,TCP Client (CRIU),Post-copy,direct,False,transfer_mode=direct;workload=tcp-client;lazy_pages_port=9999; tcp_not_established,Network-live-migration/metrics/plots/2026-05-24_200518__7_tee_worst__01__tcp-client-migration
24-05-2026-direct-postcopy-0025,TEE Worst,TCP Client (CRIU),Post-copy,direct,False,transfer_mode=direct;workload=tcp-client;lazy_pages_port=9999; tcp_not_established,Network-live-migration/metrics/plots/2026-05-24_200518__7_tee_worst__01__tcp-client-migration
24-05-2026-direct-postcopy-0026,TEE Worst,TCP Client (CRIU),Post-copy,direct,False,transfer_mode=direct;workload=tcp-client;lazy_pages_port=9999; tcp_not_established,Network-live-migration/metrics/plots/2026-05-24_200518__7_tee_worst__01__tcp-client-migration
24-05-2026-direct-postcopy-0028,TEE Worst,TCP Client (CRIU),Post-copy,direct,False,transfer_mode=direct;workload=tcp-client;lazy_pages_port=9999; tcp_not_established,Network-live-migration/metrics/plots/2026-05-24_200518__7_tee_worst__01__tcp-client-migration
24-05-2026-direct-postcopy-0029,TEE Worst,TCP Client (CRIU),Post-copy,direct,False,transfer_mode=direct;workload=tcp-client;lazy_pages_port=9999; tcp_not_established,Network-live-migration/metrics/plots/2026-05-24_200518__7_tee_worst__01__tcp-client-migration
24-05-2026-host-cold-0013,TEE Worst,TCP Client (CRIU),Cold,host,False,transfer_mode=host;workload=tcp-client;relay_node=edge-host-1; tcp_not_established,Network-live-migration/metrics/plots/2026-05-24_200518__7_tee_worst__01__tcp-client-migration
24-05-2026-host-cold-0015,TEE Worst,TCP Client (CRIU),Cold,host,False,transfer_mode=host;workload=tcp-client;relay_node=edge-host-1; tcp_not_established,Network-live-migration/metrics/plots/2026-05-24_200518__7_tee_worst__01__tcp-client-migration
24-05-2026-host-cold-0016,TEE Worst,TCP Client (CRIU),Cold,host,False,transfer_mode=host;workload=tcp-client;relay_node=edge-host-1; tcp_not_established,Network-live-migration/metrics/plots/2026-05-24_200518__7_tee_worst__01__tcp-client-migration
24-05-2026-host-cold-0022,TEE Worst,TCP Client (CRIU),Cold,host,False,transfer_mode=host;workload=tcp-client;relay_node=edge-host-1; tcp_not_established,Network-live-migration/metrics/plots/2026-05-24_200518__7_tee_worst__01__tcp-client-migration
24-05-2026-host-cold-0025,TEE Worst,TCP Client (CRIU),Cold,host,False,transfer_mode=host;workload=tcp-client;relay_node=edge-host-1; tcp_not_established,Network-live-migration/metrics/plots/2026-05-24_200518__7_tee_worst__01__tcp-client-migration
24-05-2026-host-precopy-0000,TEE Worst,TCP Client (CRIU),Pre-copy,host,False,transfer_mode=host;workload=tcp-client;relay_node=edge-host-1;iterations=3;precopy_streamed_iters=3;precopy_stream_archive_ms=948;precopy_stream_transfer_ms=1605429;precopy_stream_unpack_ms=1888;precopy_stream_bytes=22974; tcp_not_established,Network-live-migration/metrics/plots/2026-05-24_200518__7_tee_worst__01__tcp-client-migration
24-05-2026-host-precopy-0001,TEE Worst,TCP Client (CRIU),Pre-copy,host,False,transfer_mode=host;workload=tcp-client;relay_node=edge-host-1;iterations=3;precopy_streamed_iters=3;precopy_stream_archive_ms=898;precopy_stream_transfer_ms=1442603;precopy_stream_unpack_ms=1871;precopy_stream_bytes=23175; tcp_not_established,Network-live-migration/metrics/plots/2026-05-24_200518__7_tee_worst__01__tcp-client-migration
24-05-2026-host-precopy-0002,TEE Worst,TCP Client (CRIU),Pre-copy,host,False,transfer_mode=host;workload=tcp-client;relay_node=edge-host-1;iterations=3;precopy_streamed_iters=3;precopy_stream_archive_ms=885;precopy_stream_transfer_ms=1197636;precopy_stream_unpack_ms=1904;precopy_stream_bytes=22056; tcp_not_established,Network-live-migration/metrics/plots/2026-05-24_200518__7_tee_worst__01__tcp-client-migration
24-05-2026-host-precopy-0003,TEE Worst,TCP Client (CRIU),Pre-copy,host,False,transfer_mode=host;workload=tcp-client;relay_node=edge-host-1;iterations=3;precopy_streamed_iters=3;precopy_stream_archive_ms=841;precopy_stream_transfer_ms=1344119;precopy_stream_unpack_ms=1874;precopy_stream_bytes=21886; tcp_not_established,Network-live-migration/metrics/plots/2026-05-24_200518__7_tee_worst__01__tcp-client-migration
24-05-2026-host-precopy-0007,TEE Worst,TCP Client (CRIU),Pre-copy,host,False,transfer_mode=host;workload=tcp-client;relay_node=edge-host-1;iterations=3;precopy_streamed_iters=3;precopy_stream_archive_ms=893;precopy_stream_transfer_ms=1518379;precopy_stream_unpack_ms=1900;precopy_stream_bytes=22647; tcp_not_established,Network-live-migration/metrics/plots/2026-05-24_200518__7_tee_worst__01__tcp-client-migration
24-05-2026-host-precopy-0009,TEE Worst,TCP Client (CRIU),Pre-copy,host,False,transfer_mode=host;workload=tcp-client;relay_node=edge-host-1;iterations=3;precopy_streamed_iters=3;precopy_stream_archive_ms=865;precopy_stream_transfer_ms=1494247;precopy_stream_unpack_ms=1846;precopy_stream_bytes=21633; tcp_not_established,Network-live-migration/metrics/plots/2026-05-24_200518__7_tee_worst__01__tcp-client-migration
24-05-2026-host-precopy-0011,TEE Worst,TCP Client (CRIU),Pre-copy,host,False,transfer_mode=host;workload=tcp-client;relay_node=edge-host-1;iterations=3;precopy_streamed_iters=3;precopy_stream_archive_ms=887;precopy_stream_transfer_ms=1321029;precopy_stream_unpack_ms=1908;precopy_stream_bytes=23005; tcp_not_established,Network-live-migration/metrics/plots/2026-05-24_200518__7_tee_worst__01__tcp-client-migration
24-05-2026-host-precopy-0018,TEE Worst,TCP Client (CRIU),Pre-copy,host,False,transfer_mode=host;workload=tcp-client;relay_node=edge-host-1;iterations=3;precopy_streamed_iters=3;precopy_stream_archive_ms=875;precopy_stream_transfer_ms=1557417;precopy_stream_unpack_ms=1848;precopy_stream_bytes=21990; tcp_not_established,Network-live-migration/metrics/plots/2026-05-24_200518__7_tee_worst__01__tcp-client-migration
24-05-2026-host-precopy-0019,TEE Worst,TCP Client (CRIU),Pre-copy,host,False,transfer_mode=host;workload=tcp-client;relay_node=edge-host-1;iterations=3;precopy_streamed_iters=3;precopy_stream_archive_ms=896;precopy_stream_transfer_ms=1334787;precopy_stream_unpack_ms=1863;precopy_stream_bytes=22011; tcp_not_established,Network-live-migration/metrics/plots/2026-05-24_200518__7_tee_worst__01__tcp-client-migration
24-05-2026-host-precopy-0022,TEE Worst,TCP Client (CRIU),Pre-copy,host,False,transfer_mode=host;workload=tcp-client;relay_node=edge-host-1;iterations=3;precopy_streamed_iters=3;precopy_stream_archive_ms=882;precopy_stream_transfer_ms=1195498;precopy_stream_unpack_ms=1878;precopy_stream_bytes=21760; tcp_not_established,Network-live-migration/metrics/plots/2026-05-24_200518__7_tee_worst__01__tcp-client-migration
24-05-2026-host-precopy-0023,TEE Worst,TCP Client (CRIU),Pre-copy,host,False,transfer_mode=host;workload=tcp-client;relay_node=edge-host-1;iterations=3;precopy_streamed_iters=3;precopy_stream_archive_ms=900;precopy_stream_transfer_ms=1109523;precopy_stream_unpack_ms=1858;precopy_stream_bytes=22495; tcp_not_established,Network-live-migration/metrics/plots/2026-05-24_200518__7_tee_worst__01__tcp-client-migration
24-05-2026-host-precopy-0025,TEE Worst,TCP Client (CRIU),Pre-copy,host,False,transfer_mode=host;workload=tcp-client;relay_node=edge-host-1;iterations=3;precopy_streamed_iters=3;precopy_stream_archive_ms=899;precopy_stream_transfer_ms=1593806;precopy_stream_unpack_ms=1917;precopy_stream_bytes=22396; tcp_not_established,Network-live-migration/metrics/plots/2026-05-24_200518__7_tee_worst__01__tcp-client-migration
24-05-2026-host-precopy-0026,TEE Worst,TCP Client (CRIU),Pre-copy,host,False,transfer_mode=host;workload=tcp-client;relay_node=edge-host-1;iterations=3;precopy_streamed_iters=3;precopy_stream_archive_ms=925;precopy_stream_transfer_ms=1252745;precopy_stream_unpack_ms=1879;precopy_stream_bytes=21806; tcp_not_established,Network-live-migration/metrics/plots/2026-05-24_200518__7_tee_worst__01__tcp-client-migration
24-05-2026-host-postcopy-0000,TEE Worst,TCP Client (CRIU),Post-copy,host,False,transfer_mode=host;workload=tcp-client;relay_node=edge-host-1;lazy_pages_port=9999; tcp_not_established,Network-live-migration/metrics/plots/2026-05-24_200518__7_tee_worst__01__tcp-client-migration
24-05-2026-host-postcopy-0001,TEE Worst,TCP Client (CRIU),Post-copy,host,False,transfer_mode=host;workload=tcp-client;relay_node=edge-host-1;lazy_pages_port=9999; tcp_not_established,Network-live-migration/metrics/plots/2026-05-24_200518__7_tee_worst__01__tcp-client-migration
24-05-2026-host-postcopy-0002,TEE Worst,TCP Client (CRIU),Post-copy,host,False,transfer_mode=host;workload=tcp-client;relay_node=edge-host-1;lazy_pages_port=9999; tcp_not_established,Network-live-migration/metrics/plots/2026-05-24_200518__7_tee_worst__01__tcp-client-migration
24-05-2026-host-postcopy-0003,TEE Worst,TCP Client (CRIU),Post-copy,host,False,transfer_mode=host;workload=tcp-client;relay_node=edge-host-1;lazy_pages_port=9999; tcp_not_established,Network-live-migration/metrics/plots/2026-05-24_200518__7_tee_worst__01__tcp-client-migration
24-05-2026-host-postcopy-0004,TEE Worst,TCP Client (CRIU),Post-copy,host,False,transfer_mode=host;workload=tcp-client;relay_node=edge-host-1;lazy_pages_port=9999; tcp_not_established,Network-live-migration/metrics/plots/2026-05-24_200518__7_tee_worst__01__tcp-client-migration
24-05-2026-host-postcopy-0005,TEE Worst,TCP Client (CRIU),Post-copy,host,False,transfer_mode=host;workload=tcp-client;relay_node=edge-host-1;lazy_pages_port=9999; tcp_not_established,Network-live-migration/metrics/plots/2026-05-24_200518__7_tee_worst__01__tcp-client-migration
24-05-2026-host-postcopy-0006,TEE Worst,TCP Client (CRIU),Post-copy,host,False,transfer_mode=host;workload=tcp-client;relay_node=edge-host-1;lazy_pages_port=9999; tcp_not_established,Network-live-migration/metrics/plots/2026-05-24_200518__7_tee_worst__01__tcp-client-migration
24-05-2026-host-postcopy-0014,TEE Worst,TCP Client (CRIU),Post-copy,host,False,transfer_mode=host;workload=tcp-client;relay_node=edge-host-1;lazy_pages_port=9999; tcp_not_established,Network-live-migration/metrics/plots/2026-05-24_200518__7_tee_worst__01__tcp-client-migration
24-05-2026-host-postcopy-0015,TEE Worst,TCP Client (CRIU),Post-copy,host,False,transfer_mode=host;workload=tcp-client;relay_node=edge-host-1;lazy_pages_port=9999; tcp_not_established,Network-live-migration/metrics/plots/2026-05-24_200518__7_tee_worst__01__tcp-client-migration
24-05-2026-host-postcopy-0016,TEE Worst,TCP Client (CRIU),Post-copy,host,False,transfer_mode=host;workload=tcp-client;relay_node=edge-host-1;lazy_pages_port=9999; tcp_not_established,Network-live-migration/metrics/plots/2026-05-24_200518__7_tee_worst__01__tcp-client-migration
24-05-2026-host-postcopy-0017,TEE Worst,TCP Client (CRIU),Post-copy,host,False,transfer_mode=host;workload=tcp-client;relay_node=edge-host-1;lazy_pages_port=9999; tcp_not_established,Network-live-migration/metrics/plots/2026-05-24_200518__7_tee_worst__01__tcp-client-migration
24-05-2026-host-postcopy-0018,TEE Worst,TCP Client (CRIU),Post-copy,host,False,transfer_mode=host;workload=tcp-client;relay_node=edge-host-1;lazy_pages_port=9999; tcp_not_established,Network-live-migration/metrics/plots/2026-05-24_200518__7_tee_worst__01__tcp-client-migration
24-05-2026-host-postcopy-0019,TEE Worst,TCP Client (CRIU),Post-copy,host,False,transfer_mode=host;workload=tcp-client;relay_node=edge-host-1;lazy_pages_port=9999; tcp_not_established,Network-live-migration/metrics/plots/2026-05-24_200518__7_tee_worst__01__tcp-client-migration
24-05-2026-host-postcopy-0020,TEE Worst,TCP Client (CRIU),Post-copy,host,False,transfer_mode=host;workload=tcp-client;relay_node=edge-host-1;lazy_pages_port=9999; tcp_not_established,Network-live-migration/metrics/plots/2026-05-24_200518__7_tee_worst__01__tcp-client-migration
24-05-2026-host-postcopy-0022,TEE Worst,TCP Client (CRIU),Post-copy,host,False,transfer_mode=host;workload=tcp-client;relay_node=edge-host-1;lazy_pages_port=9999; tcp_not_established,Network-live-migration/metrics/plots/2026-05-24_200518__7_tee_worst__01__tcp-client-migration
24-05-2026-host-postcopy-0023,TEE Worst,TCP Client (CRIU),Post-copy,host,False,transfer_mode=host;workload=tcp-client;relay_node=edge-host-1;lazy_pages_port=9999; tcp_not_established,Network-live-migration/metrics/plots/2026-05-24_200518__7_tee_worst__01__tcp-client-migration
24-05-2026-host-postcopy-0024,TEE Worst,TCP Client (CRIU),Post-copy,host,False,transfer_mode=host;workload=tcp-client;relay_node=edge-host-1;lazy_pages_port=9999; tcp_not_established,Network-live-migration/metrics/plots/2026-05-24_200518__7_tee_worst__01__tcp-client-migration
24-05-2026-host-postcopy-0025,TEE Worst,TCP Client (CRIU),Post-copy,host,False,transfer_mode=host;workload=tcp-client;relay_node=edge-host-1;lazy_pages_port=9999; tcp_not_established,Network-live-migration/metrics/plots/2026-05-24_200518__7_tee_worst__01__tcp-client-migration
24-05-2026-host-postcopy-0026,TEE Worst,TCP Client (CRIU),Post-copy,host,False,transfer_mode=host;workload=tcp-client;relay_node=edge-host-1;lazy_pages_port=9999; tcp_not_established,Network-live-migration/metrics/plots/2026-05-24_200518__7_tee_worst__01__tcp-client-migration
24-05-2026-host-postcopy-0028,TEE Worst,TCP Client (CRIU),Post-copy,host,False,transfer_mode=host;workload=tcp-client;relay_node=edge-host-1;lazy_pages_port=9999; tcp_not_established,Network-live-migration/metrics/plots/2026-05-24_200518__7_tee_worst__01__tcp-client-migration
