[CMD] python3 Game-of-life-migration/scripts/orchestrators/repeat_benchmarks.py suite --strategies cold,precopy,postcopy --source edge-node-1 --dest edge-node-2 --relay-node edge-host-1 --host-runs 20 --direct-runs 20 --iterations 3 --snapshot-node-metrics --profile-name "1_WiFi_6"


=== RUN 22-04-2026-host-cold-0000 ===

[20:23:46] Resetting nodes: edge-node-1 -> edge-node-2
[20:23:46] Step 1: Killing any existing processes on source...
[20:23:47]   Killing PID 2326504 (from /home/ubuntu/app.pid)
[20:23:47]   Killing PID 1756607 (from /home/ubuntu/gol.pid)
[20:23:48]   Killing any remaining background processes...
[20:23:49] Step 2: Cleaning source node...
[20:23:50] Step 3: Cleaning destination node...
[20:23:51]   Killing PID 2326504 on destination (from /home/ubuntu/app.pid)
[20:23:52]   Killing PID 1756607 on destination (from /home/ubuntu/gol.pid)
[20:23:52]   Killing all remaining gol processes on destination...
[20:23:56] ✓ Reset complete, nodes are clean
[20:23:56]   Next: Start your application
[20:23:56] Transferring gol.c to edge-node-1...
[20:23:56] Compiling gol.c on edge-node-1...
[20:23:56] Starting gol on edge-node-1...
✓ C gol running (PID: 2328626)
[20:23:58] ✓ Gol started
[20:24:00] Starting cold migration...
[20:24:00] Source: edge-node-1, Dest: edge-node-2
[20:24:00] Transfer mode: host
[20:24:00] Relay node: edge-host-1

[20:24:00] === COLD MIGRATION ===
[20:24:00] Step 1: Checking source process...
[20:24:01]   Using PID from /home/ubuntu/gol.pid: 2328626
[20:24:01]   Last gol value (pre-freeze): 
[20:24:02]   Architecture: x86_64 (compatible)
[20:24:02] Step 2: Dumping process with CRIU...
[20:24:02]   Frozen last gol value: 
[20:24:02]   Expected after restore: unknown
[20:24:02]   Checkpoint time: 599 ms
[20:24:02] Step 3: Creating archive...
[20:24:03]   Archive size: 25498 bytes
[20:24:03] Step 4: Transferring archive...
  Transferring /home/ubuntu/CRIU-gol.tar.gz via relay node edge-host-1...
Setting up SSH trust: edge-node-1 → ubuntu@10.22.132.176
  Adding public key to destination's authorized_keys...
  Testing SSH connectivity...
  ✓ SSH trust ready
Setting up SSH trust: edge-host-1 → ubuntu@10.22.132.239
  Adding public key to destination's authorized_keys...
  Testing SSH connectivity...
  ✓ SSH trust ready
[20:24:09]   Transfer time: 6538 ms
[20:24:09] Step 5: Unpacking on destination...
[20:24:10] Step 6: Preparing restore environment...
[20:24:10] Step 6.5: Ensuring /tmp/gol binary is present on destination...
[20:24:11] Step 7: Restoring process...
[20:24:11]   Restore time: 300 ms
[20:24:11]   Restored PID: 2328626 (written to /home/ubuntu/gol.pid)
[20:24:11] Step 8: Verifying migration...
[20:24:14] WARNING: Could not validate restored process state
[20:24:14] Total downtime: 7437 ms
[20:24:14] Effective bandwidth: 0.03 Mbps
[20:24:14] Metrics saved to /home/ivo/Documents/University/4to/Thesis-AAAAAAAa/Container-vs-Wasm-Service-Migration/Game-of-life-migration/metrics/migration_metrics.csv

=== RUN 22-04-2026-host-cold-0001 ===

[20:24:15] Resetting nodes: edge-node-1 -> edge-node-2
[20:24:15] Step 1: Killing any existing processes on source...
[20:24:15]   Killing PID 2328626 (from /home/ubuntu/app.pid)
[20:24:16]   Killing PID 2328626 (from /home/ubuntu/gol.pid)
[20:24:17]   Killing any remaining background processes...
[20:24:18] Step 2: Cleaning source node...
[20:24:19] Step 3: Cleaning destination node...
[20:24:19]   Killing PID 2328626 on destination (from /home/ubuntu/app.pid)
[20:24:20]   Killing PID 2328626 on destination (from /home/ubuntu/gol.pid)
[20:24:21]   Killing all remaining gol processes on destination...
[20:24:24] ✓ Reset complete, nodes are clean
[20:24:24]   Next: Start your application
[20:24:24] Transferring gol.c to edge-node-1...
[20:24:24] Compiling gol.c on edge-node-1...
[20:24:25] Starting gol on edge-node-1...
✓ C gol running (PID: 2330236)
[20:24:26] ✓ Gol started
[20:24:29] Starting cold migration...
[20:24:29] Source: edge-node-1, Dest: edge-node-2
[20:24:29] Transfer mode: host
[20:24:29] Relay node: edge-host-1

[20:24:29] === COLD MIGRATION ===
[20:24:29] Step 1: Checking source process...
[20:24:29]   Using PID from /home/ubuntu/gol.pid: 2330236
[20:24:30]   Last gol value (pre-freeze): 
[20:24:30]   Architecture: x86_64 (compatible)
[20:24:30] Step 2: Dumping process with CRIU...
[20:24:31]   Frozen last gol value: 
[20:24:31]   Expected after restore: unknown
[20:24:31]   Checkpoint time: 593 ms
[20:24:31] Step 3: Creating archive...
[20:24:31]   Archive size: 25522 bytes
[20:24:31] Step 4: Transferring archive...
  Transferring /home/ubuntu/CRIU-gol.tar.gz via relay node edge-host-1...
Setting up SSH trust: edge-node-1 → ubuntu@10.22.132.176
  Adding public key to destination's authorized_keys...
  Testing SSH connectivity...
  ✓ SSH trust ready
Setting up SSH trust: edge-host-1 → ubuntu@10.22.132.239
  Adding public key to destination's authorized_keys...
  Testing SSH connectivity...
  ✓ SSH trust ready
[20:24:38]   Transfer time: 6254 ms
[20:24:38] Step 5: Unpacking on destination...
[20:24:38] Step 6: Preparing restore environment...
[20:24:39] Step 6.5: Ensuring /tmp/gol binary is present on destination...
[20:24:39] Step 7: Restoring process...
[20:24:39]   Restore time: 367 ms
[20:24:40]   Restored PID: 2330236 (written to /home/ubuntu/gol.pid)
[20:24:40] Step 8: Verifying migration...
[20:24:43] WARNING: Could not validate restored process state
[20:24:43] Total downtime: 7214 ms
[20:24:43] Effective bandwidth: 0.03 Mbps
[20:24:43] Metrics saved to /home/ivo/Documents/University/4to/Thesis-AAAAAAAa/Container-vs-Wasm-Service-Migration/Game-of-life-migration/metrics/migration_metrics.csv

=== RUN 22-04-2026-host-cold-0002 ===

[20:24:44] Resetting nodes: edge-node-1 -> edge-node-2
[20:24:44] Step 1: Killing any existing processes on source...
[20:24:44]   Killing PID 2330236 (from /home/ubuntu/app.pid)
[20:24:45]   Killing PID 2330236 (from /home/ubuntu/gol.pid)
[20:24:45]   Killing any remaining background processes...
[20:24:47] Step 2: Cleaning source node...
[20:24:48] Step 3: Cleaning destination node...
[20:24:48]   Killing PID 2330236 on destination (from /home/ubuntu/app.pid)
[20:24:49]   Killing PID 2330236 on destination (from /home/ubuntu/gol.pid)
[20:24:49]   Killing all remaining gol processes on destination...
[20:24:53] ✓ Reset complete, nodes are clean
[20:24:53]   Next: Start your application
[20:24:53] Transferring gol.c to edge-node-1...
[20:24:53] Compiling gol.c on edge-node-1...
[20:24:54] Starting gol on edge-node-1...
✓ C gol running (PID: 2331802)
[20:24:55] ✓ Gol started
[20:24:58] Starting cold migration...
[20:24:58] Source: edge-node-1, Dest: edge-node-2
[20:24:58] Transfer mode: host
[20:24:58] Relay node: edge-host-1

[20:24:58] === COLD MIGRATION ===
[20:24:58] Step 1: Checking source process...
[20:24:58]   Using PID from /home/ubuntu/gol.pid: 2331802
[20:24:59]   Last gol value (pre-freeze): 
[20:24:59]   Architecture: x86_64 (compatible)
[20:24:59] Step 2: Dumping process with CRIU...
[20:25:00]   Frozen last gol value: 
[20:25:00]   Expected after restore: unknown
[20:25:00]   Checkpoint time: 602 ms
[20:25:00] Step 3: Creating archive...
[20:25:00]   Archive size: 25279 bytes
[20:25:00] Step 4: Transferring archive...
  Transferring /home/ubuntu/CRIU-gol.tar.gz via relay node edge-host-1...
Setting up SSH trust: edge-node-1 → ubuntu@10.22.132.176
  Adding public key to destination's authorized_keys...
  Testing SSH connectivity...
  ✓ SSH trust ready
Setting up SSH trust: edge-host-1 → ubuntu@10.22.132.239
  Adding public key to destination's authorized_keys...
  Testing SSH connectivity...
  ✓ SSH trust ready
[20:25:07]   Transfer time: 6570 ms
[20:25:07] Step 5: Unpacking on destination...
[20:25:07] Step 6: Preparing restore environment...
[20:25:08] Step 6.5: Ensuring /tmp/gol binary is present on destination...
[20:25:08] Step 7: Restoring process...
[20:25:08]   Restore time: 311 ms
[20:25:09]   Restored PID: 2331802 (written to /home/ubuntu/gol.pid)
[20:25:09] Step 8: Verifying migration...
[20:25:12] WARNING: Could not validate restored process state
[20:25:12] Total downtime: 7483 ms
[20:25:12] Effective bandwidth: 0.03 Mbps
[20:25:12] Metrics saved to /home/ivo/Documents/University/4to/Thesis-AAAAAAAa/Container-vs-Wasm-Service-Migration/Game-of-life-migration/metrics/migration_metrics.csv

=== RUN 22-04-2026-host-cold-0003 ===

[20:25:13] Resetting nodes: edge-node-1 -> edge-node-2
[20:25:13] Step 1: Killing any existing processes on source...
[20:25:13]   Killing PID 2331802 (from /home/ubuntu/app.pid)
[20:25:14]   Killing PID 2331802 (from /home/ubuntu/gol.pid)
[20:25:14]   Killing any remaining background processes...
[20:25:16] Step 2: Cleaning source node...
[20:25:17] Step 3: Cleaning destination node...
[20:25:17]   Killing PID 2331802 on destination (from /home/ubuntu/app.pid)
[20:25:18]   Killing PID 2331802 on destination (from /home/ubuntu/gol.pid)
[20:25:18]   Killing all remaining gol processes on destination...
[20:25:22] ✓ Reset complete, nodes are clean
[20:25:22]   Next: Start your application
[20:25:22] Transferring gol.c to edge-node-1...
[20:25:22] Compiling gol.c on edge-node-1...
[20:25:22] Starting gol on edge-node-1...
✓ C gol running (PID: 2333369)
[20:25:24] ✓ Gol started
[20:25:26] Starting cold migration...
[20:25:26] Source: edge-node-1, Dest: edge-node-2
[20:25:26] Transfer mode: host
[20:25:26] Relay node: edge-host-1

[20:25:26] === COLD MIGRATION ===
[20:25:26] Step 1: Checking source process...
[20:25:27]   Using PID from /home/ubuntu/gol.pid: 2333369
[20:25:27]   Last gol value (pre-freeze): 
[20:25:28]   Architecture: x86_64 (compatible)
[20:25:28] Step 2: Dumping process with CRIU...
[20:25:28]   Frozen last gol value: 
[20:25:28]   Expected after restore: unknown
[20:25:28]   Checkpoint time: 592 ms
[20:25:28] Step 3: Creating archive...
[20:25:29]   Archive size: 25449 bytes
[20:25:29] Step 4: Transferring archive...
  Transferring /home/ubuntu/CRIU-gol.tar.gz via relay node edge-host-1...
Setting up SSH trust: edge-node-1 → ubuntu@10.22.132.176
  Adding public key to destination's authorized_keys...
  Testing SSH connectivity...
  ✓ SSH trust ready
Setting up SSH trust: edge-host-1 → ubuntu@10.22.132.239
  Adding public key to destination's authorized_keys...
  Testing SSH connectivity...
  ✓ SSH trust ready
[20:25:35]   Transfer time: 6202 ms
[20:25:35] Step 5: Unpacking on destination...
[20:25:35] Step 6: Preparing restore environment...
[20:25:36] Step 6.5: Ensuring /tmp/gol binary is present on destination...
[20:25:36] Step 7: Restoring process...
[20:25:37]   Restore time: 304 ms
[20:25:37]   Restored PID: 2333369 (written to /home/ubuntu/gol.pid)
[20:25:37] Step 8: Verifying migration...
[20:25:40] WARNING: Could not validate restored process state
[20:25:40] Total downtime: 7098 ms
[20:25:40] Effective bandwidth: 0.03 Mbps
[20:25:40] Metrics saved to /home/ivo/Documents/University/4to/Thesis-AAAAAAAa/Container-vs-Wasm-Service-Migration/Game-of-life-migration/metrics/migration_metrics.csv

=== RUN 22-04-2026-host-cold-0004 ===

[20:25:41] Resetting nodes: edge-node-1 -> edge-node-2
[20:25:41] Step 1: Killing any existing processes on source...
[20:25:41]   Killing PID 2333369 (from /home/ubuntu/app.pid)
[20:25:42]   Killing PID 2333369 (from /home/ubuntu/gol.pid)
[20:25:42]   Killing any remaining background processes...
[20:25:44] Step 2: Cleaning source node...
[20:25:45] Step 3: Cleaning destination node...
[20:25:45]   Killing PID 2333369 on destination (from /home/ubuntu/app.pid)
[20:25:46]   Killing PID 2333369 on destination (from /home/ubuntu/gol.pid)
[20:25:46]   Killing all remaining gol processes on destination...
[20:25:50] ✓ Reset complete, nodes are clean
[20:25:50]   Next: Start your application
[20:25:50] Transferring gol.c to edge-node-1...
[20:25:50] Compiling gol.c on edge-node-1...
[20:25:51] Starting gol on edge-node-1...
✓ C gol running (PID: 2334945)
[20:25:52] ✓ Gol started
[20:25:55] Starting cold migration...
[20:25:55] Source: edge-node-1, Dest: edge-node-2
[20:25:55] Transfer mode: host
[20:25:55] Relay node: edge-host-1

[20:25:55] === COLD MIGRATION ===
[20:25:55] Step 1: Checking source process...
[20:25:56]   Using PID from /home/ubuntu/gol.pid: 2334945
[20:25:56]   Last gol value (pre-freeze): 
[20:25:56]   Architecture: x86_64 (compatible)
[20:25:56] Step 2: Dumping process with CRIU...
[20:25:57]   Frozen last gol value: 
[20:25:57]   Expected after restore: unknown
[20:25:57]   Checkpoint time: 627 ms
[20:25:57] Step 3: Creating archive...
[20:25:58]   Archive size: 25681 bytes
[20:25:58] Step 4: Transferring archive...
  Transferring /home/ubuntu/CRIU-gol.tar.gz via relay node edge-host-1...
Setting up SSH trust: edge-node-1 → ubuntu@10.22.132.176
  Adding public key to destination's authorized_keys...
  Testing SSH connectivity...
  ✓ SSH trust ready
Setting up SSH trust: edge-host-1 → ubuntu@10.22.132.239
  Adding public key to destination's authorized_keys...
  Testing SSH connectivity...
  ✓ SSH trust ready
[20:26:04]   Transfer time: 6233 ms
[20:26:04] Step 5: Unpacking on destination...
[20:26:04] Step 6: Preparing restore environment...
[20:26:05] Step 6.5: Ensuring /tmp/gol binary is present on destination...
[20:26:05] Step 7: Restoring process...
[20:26:05]   Restore time: 312 ms
[20:26:06]   Restored PID: 2334945 (written to /home/ubuntu/gol.pid)
[20:26:06] Step 8: Verifying migration...
[20:26:09] WARNING: Could not validate restored process state
[20:26:09] Total downtime: 7172 ms
[20:26:09] Effective bandwidth: 0.03 Mbps
[20:26:09] Metrics saved to /home/ivo/Documents/University/4to/Thesis-AAAAAAAa/Container-vs-Wasm-Service-Migration/Game-of-life-migration/metrics/migration_metrics.csv

=== RUN 22-04-2026-host-cold-0005 ===

[20:26:10] Resetting nodes: edge-node-1 -> edge-node-2
[20:26:10] Step 1: Killing any existing processes on source...
[20:26:10]   Killing PID 2334945 (from /home/ubuntu/app.pid)
[20:26:11]   Killing PID 2334945 (from /home/ubuntu/gol.pid)
[20:26:11]   Killing any remaining background processes...
[20:26:13] Step 2: Cleaning source node...
[20:26:14] Step 3: Cleaning destination node...
[20:26:14]   Killing PID 2334945 on destination (from /home/ubuntu/app.pid)
[20:26:15]   Killing PID 2334945 on destination (from /home/ubuntu/gol.pid)
[20:26:15]   Killing all remaining gol processes on destination...
[20:26:19] ✓ Reset complete, nodes are clean
[20:26:19]   Next: Start your application
[20:26:19] Transferring gol.c to edge-node-1...
[20:26:19] Compiling gol.c on edge-node-1...
[20:26:19] Starting gol on edge-node-1...
✓ C gol running (PID: 2336763)
[20:26:21] ✓ Gol started
[20:26:23] Starting cold migration...
[20:26:23] Source: edge-node-1, Dest: edge-node-2
[20:26:23] Transfer mode: host
[20:26:23] Relay node: edge-host-1

[20:26:23] === COLD MIGRATION ===
[20:26:23] Step 1: Checking source process...
[20:26:24]   Using PID from /home/ubuntu/gol.pid: 2336763
[20:26:24]   Last gol value (pre-freeze): 
[20:26:25]   Architecture: x86_64 (compatible)
[20:26:25] Step 2: Dumping process with CRIU...
[20:26:25]   Frozen last gol value: 
[20:26:25]   Expected after restore: unknown
[20:26:25]   Checkpoint time: 596 ms
[20:26:25] Step 3: Creating archive...
[20:26:26]   Archive size: 25429 bytes
[20:26:26] Step 4: Transferring archive...
  Transferring /home/ubuntu/CRIU-gol.tar.gz via relay node edge-host-1...
Setting up SSH trust: edge-node-1 → ubuntu@10.22.132.176
  Adding public key to destination's authorized_keys...
  Testing SSH connectivity...
  ✓ SSH trust ready
Setting up SSH trust: edge-host-1 → ubuntu@10.22.132.239
  Adding public key to destination's authorized_keys...
  Testing SSH connectivity...
  ✓ SSH trust ready
[20:26:33]   Transfer time: 6582 ms
[20:26:33] Step 5: Unpacking on destination...
[20:26:33] Step 6: Preparing restore environment...
[20:26:33] Step 6.5: Ensuring /tmp/gol binary is present on destination...
[20:26:34] Step 7: Restoring process...
[20:26:34]   Restore time: 307 ms
[20:26:34]   Restored PID: 2336763 (written to /home/ubuntu/gol.pid)
[20:26:34] Step 8: Verifying migration...
[20:26:38] WARNING: Could not validate restored process state
[20:26:38] Total downtime: 7485 ms
[20:26:38] Effective bandwidth: 0.03 Mbps
[20:26:38] Metrics saved to /home/ivo/Documents/University/4to/Thesis-AAAAAAAa/Container-vs-Wasm-Service-Migration/Game-of-life-migration/metrics/migration_metrics.csv

=== RUN 22-04-2026-host-cold-0006 ===

[20:26:38] Resetting nodes: edge-node-1 -> edge-node-2
[20:26:38] Step 1: Killing any existing processes on source...
[20:26:39]   Killing PID 2336763 (from /home/ubuntu/app.pid)
[20:26:39]   Killing PID 2336763 (from /home/ubuntu/gol.pid)
[20:26:40]   Killing any remaining background processes...
[20:26:41] Step 2: Cleaning source node...
[20:26:42] Step 3: Cleaning destination node...
[20:26:43]   Killing PID 2336763 on destination (from /home/ubuntu/app.pid)
[20:26:43]   Killing PID 2336763 on destination (from /home/ubuntu/gol.pid)
[20:26:44]   Killing all remaining gol processes on destination...
[20:26:47] ✓ Reset complete, nodes are clean
[20:26:47]   Next: Start your application
[20:26:47] Transferring gol.c to edge-node-1...
[20:26:48] Compiling gol.c on edge-node-1...
[20:26:48] Starting gol on edge-node-1...
✓ C gol running (PID: 2338328)
[20:26:49] ✓ Gol started
[20:26:52] Starting cold migration...
[20:26:52] Source: edge-node-1, Dest: edge-node-2
[20:26:52] Transfer mode: host
[20:26:52] Relay node: edge-host-1

[20:26:52] === COLD MIGRATION ===
[20:26:52] Step 1: Checking source process...
[20:26:53]   Using PID from /home/ubuntu/gol.pid: 2338328
[20:26:53]   Last gol value (pre-freeze): 
[20:26:54]   Architecture: x86_64 (compatible)
[20:26:54] Step 2: Dumping process with CRIU...
[20:26:54]   Frozen last gol value: 
[20:26:54]   Expected after restore: unknown
[20:26:54]   Checkpoint time: 600 ms
[20:26:54] Step 3: Creating archive...
[20:26:55]   Archive size: 25401 bytes
[20:26:55] Step 4: Transferring archive...
  Transferring /home/ubuntu/CRIU-gol.tar.gz via relay node edge-host-1...
Setting up SSH trust: edge-node-1 → ubuntu@10.22.132.176
  Adding public key to destination's authorized_keys...
  Testing SSH connectivity...
  ✓ SSH trust ready
Setting up SSH trust: edge-host-1 → ubuntu@10.22.132.239
  Adding public key to destination's authorized_keys...
  Testing SSH connectivity...
  ✓ SSH trust ready
[20:27:01]   Transfer time: 6554 ms
[20:27:01] Step 5: Unpacking on destination...
[20:27:02] Step 6: Preparing restore environment...
[20:27:02] Step 6.5: Ensuring /tmp/gol binary is present on destination...
[20:27:03] Step 7: Restoring process...
[20:27:03]   Restore time: 310 ms
[20:27:03]   Restored PID: 2338328 (written to /home/ubuntu/gol.pid)
[20:27:03] Step 8: Verifying migration...
[20:27:06] WARNING: Could not validate restored process state
[20:27:06] Total downtime: 7464 ms
[20:27:06] Effective bandwidth: 0.03 Mbps
[20:27:06] Metrics saved to /home/ivo/Documents/University/4to/Thesis-AAAAAAAa/Container-vs-Wasm-Service-Migration/Game-of-life-migration/metrics/migration_metrics.csv

=== RUN 22-04-2026-host-cold-0007 ===

[20:27:07] Resetting nodes: edge-node-1 -> edge-node-2
[20:27:07] Step 1: Killing any existing processes on source...
[20:27:07]   Killing PID 2338328 (from /home/ubuntu/app.pid)
[20:27:08]   Killing PID 2338328 (from /home/ubuntu/gol.pid)
[20:27:09]   Killing any remaining background processes...
[20:27:10] Step 2: Cleaning source node...
[20:27:11] Step 3: Cleaning destination node...
[20:27:11]   Killing PID 2338328 on destination (from /home/ubuntu/app.pid)
[20:27:12]   Killing PID 2338328 on destination (from /home/ubuntu/gol.pid)
[20:27:13]   Killing all remaining gol processes on destination...
[20:27:16] ✓ Reset complete, nodes are clean
[20:27:16]   Next: Start your application
[20:27:16] Transferring gol.c to edge-node-1...
[20:27:16] Compiling gol.c on edge-node-1...
[20:27:17] Starting gol on edge-node-1...
✓ C gol running (PID: 2339893)
[20:27:18] ✓ Gol started
[20:27:21] Starting cold migration...
[20:27:21] Source: edge-node-1, Dest: edge-node-2
[20:27:21] Transfer mode: host
[20:27:21] Relay node: edge-host-1

[20:27:21] === COLD MIGRATION ===
[20:27:21] Step 1: Checking source process...
[20:27:21]   Using PID from /home/ubuntu/gol.pid: 2339893
[20:27:22]   Last gol value (pre-freeze): 
[20:27:22]   Architecture: x86_64 (compatible)
[20:27:22] Step 2: Dumping process with CRIU...
[20:27:23]   Frozen last gol value: 
[20:27:23]   Expected after restore: unknown
[20:27:23]   Checkpoint time: 585 ms
[20:27:23] Step 3: Creating archive...
[20:27:23]   Archive size: 25630 bytes
[20:27:23] Step 4: Transferring archive...
  Transferring /home/ubuntu/CRIU-gol.tar.gz via relay node edge-host-1...
Setting up SSH trust: edge-node-1 → ubuntu@10.22.132.176
  Adding public key to destination's authorized_keys...
  Testing SSH connectivity...
  ✓ SSH trust ready
Setting up SSH trust: edge-host-1 → ubuntu@10.22.132.239
  Adding public key to destination's authorized_keys...
  Testing SSH connectivity...
  ✓ SSH trust ready
[20:27:30]   Transfer time: 6836 ms
[20:27:30] Step 5: Unpacking on destination...
[20:27:31] Step 6: Preparing restore environment...
[20:27:31] Step 6.5: Ensuring /tmp/gol binary is present on destination...
[20:27:31] Step 7: Restoring process...
[20:27:32]   Restore time: 296 ms
[20:27:32]   Restored PID: 2339893 (written to /home/ubuntu/gol.pid)
[20:27:32] Step 8: Verifying migration...
[20:27:35] WARNING: Could not validate restored process state
[20:27:35] Total downtime: 7717 ms
[20:27:35] Effective bandwidth: 0.03 Mbps
[20:27:35] Metrics saved to /home/ivo/Documents/University/4to/Thesis-AAAAAAAa/Container-vs-Wasm-Service-Migration/Game-of-life-migration/metrics/migration_metrics.csv

=== RUN 22-04-2026-host-cold-0008 ===

[20:27:36] Resetting nodes: edge-node-1 -> edge-node-2
[20:27:36] Step 1: Killing any existing processes on source...
[20:27:36]   Killing PID 2339893 (from /home/ubuntu/app.pid)
[20:27:37]   Killing PID 2339893 (from /home/ubuntu/gol.pid)
[20:27:38]   Killing any remaining background processes...
[20:27:39] Step 2: Cleaning source node...
[20:27:40] Step 3: Cleaning destination node...
[20:27:40]   Killing PID 2339893 on destination (from /home/ubuntu/app.pid)
[20:27:41]   Killing PID 2339893 on destination (from /home/ubuntu/gol.pid)
[20:27:42]   Killing all remaining gol processes on destination...
[20:27:45] ✓ Reset complete, nodes are clean
[20:27:45]   Next: Start your application
[20:27:45] Transferring gol.c to edge-node-1...
[20:27:45] Compiling gol.c on edge-node-1...
[20:27:46] Starting gol on edge-node-1...
✓ C gol running (PID: 2341458)
[20:27:47] ✓ Gol started
[20:27:50] Starting cold migration...
[20:27:50] Source: edge-node-1, Dest: edge-node-2
[20:27:50] Transfer mode: host
[20:27:50] Relay node: edge-host-1

[20:27:50] === COLD MIGRATION ===
[20:27:50] Step 1: Checking source process...
[20:27:50]   Using PID from /home/ubuntu/gol.pid: 2341458
[20:27:50]   Last gol value (pre-freeze): 
[20:27:51]   Architecture: x86_64 (compatible)
[20:27:51] Step 2: Dumping process with CRIU...
[20:27:52]   Frozen last gol value: 
[20:27:52]   Expected after restore: unknown
[20:27:52]   Checkpoint time: 596 ms
[20:27:52] Step 3: Creating archive...
[20:27:52]   Archive size: 25355 bytes
[20:27:52] Step 4: Transferring archive...
  Transferring /home/ubuntu/CRIU-gol.tar.gz via relay node edge-host-1...
Setting up SSH trust: edge-node-1 → ubuntu@10.22.132.176
  Adding public key to destination's authorized_keys...
  Testing SSH connectivity...
  ✓ SSH trust ready
Setting up SSH trust: edge-host-1 → ubuntu@10.22.132.239
  Adding public key to destination's authorized_keys...
  Testing SSH connectivity...
  ✓ SSH trust ready
[20:27:59]   Transfer time: 6562 ms
[20:27:59] Step 5: Unpacking on destination...
[20:27:59] Step 6: Preparing restore environment...
[20:28:00] Step 6.5: Ensuring /tmp/gol binary is present on destination...
[20:28:00] Step 7: Restoring process...
[20:28:00]   Restore time: 308 ms
[20:28:01]   Restored PID: 2341458 (written to /home/ubuntu/gol.pid)
[20:28:01] Step 8: Verifying migration...
[20:28:04] WARNING: Could not validate restored process state
[20:28:04] Total downtime: 7466 ms
[20:28:04] Effective bandwidth: 0.03 Mbps
[20:28:04] Metrics saved to /home/ivo/Documents/University/4to/Thesis-AAAAAAAa/Container-vs-Wasm-Service-Migration/Game-of-life-migration/metrics/migration_metrics.csv

=== RUN 22-04-2026-host-cold-0009 ===

[20:28:05] Resetting nodes: edge-node-1 -> edge-node-2
[20:28:05] Step 1: Killing any existing processes on source...
[20:28:05]   Killing PID 2341458 (from /home/ubuntu/app.pid)
[20:28:06]   Killing PID 2341458 (from /home/ubuntu/gol.pid)
[20:28:06]   Killing any remaining background processes...
[20:28:08] Step 2: Cleaning source node...
[20:28:09] Step 3: Cleaning destination node...
[20:28:09]   Killing PID 2341458 on destination (from /home/ubuntu/app.pid)
[20:28:10]   Killing PID 2341458 on destination (from /home/ubuntu/gol.pid)
[20:28:10]   Killing all remaining gol processes on destination...
[20:28:14] ✓ Reset complete, nodes are clean
[20:28:14]   Next: Start your application
[20:28:14] Transferring gol.c to edge-node-1...
[20:28:14] Compiling gol.c on edge-node-1...
[20:28:14] Starting gol on edge-node-1...
✓ C gol running (PID: 2343033)
[20:28:16] ✓ Gol started
[20:28:18] Starting cold migration...
[20:28:18] Source: edge-node-1, Dest: edge-node-2
[20:28:18] Transfer mode: host
[20:28:18] Relay node: edge-host-1

[20:28:18] === COLD MIGRATION ===
[20:28:18] Step 1: Checking source process...
[20:28:19]   Using PID from /home/ubuntu/gol.pid: 2343033
[20:28:19]   Last gol value (pre-freeze): 
[20:28:20]   Architecture: x86_64 (compatible)
[20:28:20] Step 2: Dumping process with CRIU...
[20:28:20]   Frozen last gol value: 
[20:28:20]   Expected after restore: unknown
[20:28:20]   Checkpoint time: 579 ms
[20:28:20] Step 3: Creating archive...
[20:28:21]   Archive size: 25445 bytes
[20:28:21] Step 4: Transferring archive...
  Transferring /home/ubuntu/CRIU-gol.tar.gz via relay node edge-host-1...
Setting up SSH trust: edge-node-1 → ubuntu@10.22.132.176
  Adding public key to destination's authorized_keys...
  Testing SSH connectivity...
  ✓ SSH trust ready
Setting up SSH trust: edge-host-1 → ubuntu@10.22.132.239
  Adding public key to destination's authorized_keys...
  Testing SSH connectivity...
  ✓ SSH trust ready
[20:28:27]   Transfer time: 6511 ms
[20:28:27] Step 5: Unpacking on destination...
[20:28:28] Step 6: Preparing restore environment...
[20:28:28] Step 6.5: Ensuring /tmp/gol binary is present on destination...
[20:28:29] Step 7: Restoring process...
[20:28:29]   Restore time: 305 ms
[20:28:29]   Restored PID: 2343033 (written to /home/ubuntu/gol.pid)
[20:28:29] Step 8: Verifying migration...
[20:28:32] WARNING: Could not validate restored process state
[20:28:32] Total downtime: 7395 ms
[20:28:32] Effective bandwidth: 0.03 Mbps
[20:28:32] Metrics saved to /home/ivo/Documents/University/4to/Thesis-AAAAAAAa/Container-vs-Wasm-Service-Migration/Game-of-life-migration/metrics/migration_metrics.csv

=== RUN 22-04-2026-host-cold-0010 ===

[20:28:33] Resetting nodes: edge-node-1 -> edge-node-2
[20:28:33] Step 1: Killing any existing processes on source...
[20:28:33]   Killing PID 2343033 (from /home/ubuntu/app.pid)
[20:28:34]   Killing PID 2343033 (from /home/ubuntu/gol.pid)
[20:28:35]   Killing any remaining background processes...
[20:28:36] Step 2: Cleaning source node...
[20:28:37] Step 3: Cleaning destination node...
[20:28:37]   Killing PID 2343033 on destination (from /home/ubuntu/app.pid)
[20:28:38]   Killing PID 2343033 on destination (from /home/ubuntu/gol.pid)
[20:28:39]   Killing all remaining gol processes on destination...
[20:28:42] ✓ Reset complete, nodes are clean
[20:28:42]   Next: Start your application
[20:28:42] Transferring gol.c to edge-node-1...
[20:28:42] Compiling gol.c on edge-node-1...
[20:28:43] Starting gol on edge-node-1...
✓ C gol running (PID: 2344596)
[20:28:44] ✓ Gol started
[20:28:47] Starting cold migration...
[20:28:47] Source: edge-node-1, Dest: edge-node-2
[20:28:47] Transfer mode: host
[20:28:47] Relay node: edge-host-1

[20:28:47] === COLD MIGRATION ===
[20:28:47] Step 1: Checking source process...
[20:28:47]   Using PID from /home/ubuntu/gol.pid: 2344596
[20:28:47]   Last gol value (pre-freeze): 
[20:28:48]   Architecture: x86_64 (compatible)
[20:28:48] Step 2: Dumping process with CRIU...
[20:28:49]   Frozen last gol value: 
[20:28:49]   Expected after restore: unknown
[20:28:49]   Checkpoint time: 595 ms
[20:28:49] Step 3: Creating archive...
[20:28:49]   Archive size: 25378 bytes
[20:28:49] Step 4: Transferring archive...
  Transferring /home/ubuntu/CRIU-gol.tar.gz via relay node edge-host-1...
Setting up SSH trust: edge-node-1 → ubuntu@10.22.132.176
  Adding public key to destination's authorized_keys...
  Testing SSH connectivity...
  ✓ SSH trust ready
Setting up SSH trust: edge-host-1 → ubuntu@10.22.132.239
  Adding public key to destination's authorized_keys...
  Testing SSH connectivity...
  ✓ SSH trust ready
[20:28:56]   Transfer time: 6564 ms
[20:28:56] Step 5: Unpacking on destination...
[20:28:56] Step 6: Preparing restore environment...
[20:28:57] Step 6.5: Ensuring /tmp/gol binary is present on destination...
[20:28:57] Step 7: Restoring process...
[20:28:58]   Restore time: 339 ms
[20:28:58]   Restored PID: 2344596 (written to /home/ubuntu/gol.pid)
[20:28:58] Step 8: Verifying migration...
[20:29:01] WARNING: Could not validate restored process state
[20:29:01] Total downtime: 7498 ms
[20:29:01] Effective bandwidth: 0.03 Mbps
[20:29:01] Metrics saved to /home/ivo/Documents/University/4to/Thesis-AAAAAAAa/Container-vs-Wasm-Service-Migration/Game-of-life-migration/metrics/migration_metrics.csv

=== RUN 22-04-2026-host-cold-0011 ===

[20:29:02] Resetting nodes: edge-node-1 -> edge-node-2
[20:29:02] Step 1: Killing any existing processes on source...
[20:29:02]   Killing PID 2344596 (from /home/ubuntu/app.pid)
[20:29:03]   Killing PID 2344596 (from /home/ubuntu/gol.pid)
[20:29:03]   Killing any remaining background processes...
[20:29:05] Step 2: Cleaning source node...
[20:29:06] Step 3: Cleaning destination node...
[20:29:06]   Killing PID 2344596 on destination (from /home/ubuntu/app.pid)
[20:29:07]   Killing PID 2344596 on destination (from /home/ubuntu/gol.pid)
[20:29:07]   Killing all remaining gol processes on destination...
[20:29:11] ✓ Reset complete, nodes are clean
[20:29:11]   Next: Start your application
[20:29:11] Transferring gol.c to edge-node-1...
[20:29:11] Compiling gol.c on edge-node-1...
[20:29:11] Starting gol on edge-node-1...
✓ C gol running (PID: 2346169)
[20:29:13] ✓ Gol started
[20:29:15] Starting cold migration...
[20:29:15] Source: edge-node-1, Dest: edge-node-2
[20:29:15] Transfer mode: host
[20:29:15] Relay node: edge-host-1

[20:29:15] === COLD MIGRATION ===
[20:29:15] Step 1: Checking source process...
[20:29:16]   Using PID from /home/ubuntu/gol.pid: 2346169
[20:29:16]   Last gol value (pre-freeze): 
[20:29:17]   Architecture: x86_64 (compatible)
[20:29:17] Step 2: Dumping process with CRIU...
[20:29:17]   Frozen last gol value: 
[20:29:17]   Expected after restore: unknown
[20:29:17]   Checkpoint time: 594 ms
[20:29:17] Step 3: Creating archive...
[20:29:18]   Archive size: 25486 bytes
[20:29:18] Step 4: Transferring archive...
  Transferring /home/ubuntu/CRIU-gol.tar.gz via relay node edge-host-1...
Setting up SSH trust: edge-node-1 → ubuntu@10.22.132.176
  Adding public key to destination's authorized_keys...
  Testing SSH connectivity...
  ✓ SSH trust ready
Setting up SSH trust: edge-host-1 → ubuntu@10.22.132.239
  Adding public key to destination's authorized_keys...
  Testing SSH connectivity...
  ✓ SSH trust ready
[20:29:24]   Transfer time: 6238 ms
[20:29:24] Step 5: Unpacking on destination...
[20:29:24] Step 6: Preparing restore environment...
[20:29:25] Step 6.5: Ensuring /tmp/gol binary is present on destination...
[20:29:25] Step 7: Restoring process...
[20:29:26]   Restore time: 310 ms
[20:29:26]   Restored PID: 2346169 (written to /home/ubuntu/gol.pid)
[20:29:26] Step 8: Verifying migration...
[20:29:29] WARNING: Could not validate restored process state
[20:29:29] Total downtime: 7142 ms
[20:29:29] Effective bandwidth: 0.03 Mbps
[20:29:29] Metrics saved to /home/ivo/Documents/University/4to/Thesis-AAAAAAAa/Container-vs-Wasm-Service-Migration/Game-of-life-migration/metrics/migration_metrics.csv

=== RUN 22-04-2026-host-cold-0012 ===

[20:29:30] Resetting nodes: edge-node-1 -> edge-node-2
[20:29:30] Step 1: Killing any existing processes on source...
[20:29:30]   Killing PID 2346169 (from /home/ubuntu/app.pid)
[20:29:31]   Killing PID 2346169 (from /home/ubuntu/gol.pid)
[20:29:31]   Killing any remaining background processes...
[20:29:33] Step 2: Cleaning source node...
[20:29:34] Step 3: Cleaning destination node...
[20:29:34]   Killing PID 2346169 on destination (from /home/ubuntu/app.pid)
[20:29:35]   Killing PID 2346169 on destination (from /home/ubuntu/gol.pid)
[20:29:35]   Killing all remaining gol processes on destination...
[20:29:39] ✓ Reset complete, nodes are clean
[20:29:39]   Next: Start your application
[20:29:39] Transferring gol.c to edge-node-1...
[20:29:39] Compiling gol.c on edge-node-1...
[20:29:39] Starting gol on edge-node-1...
✓ C gol running (PID: 2347727)
[20:29:41] ✓ Gol started
[20:29:43] Starting cold migration...
[20:29:43] Source: edge-node-1, Dest: edge-node-2
[20:29:43] Transfer mode: host
[20:29:43] Relay node: edge-host-1

[20:29:43] === COLD MIGRATION ===
[20:29:43] Step 1: Checking source process...
[20:29:44]   Using PID from /home/ubuntu/gol.pid: 2347727
[20:29:44]   Last gol value (pre-freeze): 
[20:29:45]   Architecture: x86_64 (compatible)
[20:29:45] Step 2: Dumping process with CRIU...
[20:29:45]   Frozen last gol value: 
[20:29:45]   Expected after restore: unknown
[20:29:45]   Checkpoint time: 595 ms
[20:29:45] Step 3: Creating archive...
[20:29:46]   Archive size: 25550 bytes
[20:29:46] Step 4: Transferring archive...
  Transferring /home/ubuntu/CRIU-gol.tar.gz via relay node edge-host-1...
Setting up SSH trust: edge-node-1 → ubuntu@10.22.132.176
  Adding public key to destination's authorized_keys...
  Testing SSH connectivity...
  ✓ SSH trust ready
Setting up SSH trust: edge-host-1 → ubuntu@10.22.132.239
  Adding public key to destination's authorized_keys...
  Testing SSH connectivity...
  ✓ SSH trust ready
[20:29:53]   Transfer time: 6582 ms
[20:29:53] Step 5: Unpacking on destination...
[20:29:53] Step 6: Preparing restore environment...
[20:29:53] Step 6.5: Ensuring /tmp/gol binary is present on destination...
[20:29:54] Step 7: Restoring process...
[20:29:54]   Restore time: 312 ms
[20:29:54]   Restored PID: 2347727 (written to /home/ubuntu/gol.pid)
[20:29:54] Step 8: Verifying migration...
[20:29:58] WARNING: Could not validate restored process state
[20:29:58] Total downtime: 7489 ms
[20:29:58] Effective bandwidth: 0.03 Mbps
[20:29:58] Metrics saved to /home/ivo/Documents/University/4to/Thesis-AAAAAAAa/Container-vs-Wasm-Service-Migration/Game-of-life-migration/metrics/migration_metrics.csv

=== RUN 22-04-2026-host-cold-0013 ===

[20:29:59] Resetting nodes: edge-node-1 -> edge-node-2
[20:29:59] Step 1: Killing any existing processes on source...
[20:29:59]   Killing PID 2347727 (from /home/ubuntu/app.pid)
[20:30:00]   Killing PID 2347727 (from /home/ubuntu/gol.pid)
[20:30:00]   Killing any remaining background processes...
[20:30:02] Step 2: Cleaning source node...
[20:30:03] Step 3: Cleaning destination node...
[20:30:03]   Killing PID 2347727 on destination (from /home/ubuntu/app.pid)
[20:30:04]   Killing PID 2347727 on destination (from /home/ubuntu/gol.pid)
[20:30:04]   Killing all remaining gol processes on destination...
[20:30:08] ✓ Reset complete, nodes are clean
[20:30:08]   Next: Start your application
[20:30:08] Transferring gol.c to edge-node-1...
[20:30:08] Compiling gol.c on edge-node-1...
[20:30:08] Starting gol on edge-node-1...
✓ C gol running (PID: 2349302)
[20:30:10] ✓ Gol started
[20:30:12] Starting cold migration...
[20:30:12] Source: edge-node-1, Dest: edge-node-2
[20:30:12] Transfer mode: host
[20:30:12] Relay node: edge-host-1

[20:30:12] === COLD MIGRATION ===
[20:30:12] Step 1: Checking source process...
[20:30:13]   Using PID from /home/ubuntu/gol.pid: 2349302
[20:30:13]   Last gol value (pre-freeze): 
[20:30:14]   Architecture: x86_64 (compatible)
[20:30:14] Step 2: Dumping process with CRIU...
[20:30:14]   Frozen last gol value: 
[20:30:14]   Expected after restore: unknown
[20:30:14]   Checkpoint time: 608 ms
[20:30:14] Step 3: Creating archive...
[20:30:15]   Archive size: 25545 bytes
[20:30:15] Step 4: Transferring archive...
  Transferring /home/ubuntu/CRIU-gol.tar.gz via relay node edge-host-1...
Setting up SSH trust: edge-node-1 → ubuntu@10.22.132.176
  Adding public key to destination's authorized_keys...
  Testing SSH connectivity...
  ✓ SSH trust ready
Setting up SSH trust: edge-host-1 → ubuntu@10.22.132.239
  Adding public key to destination's authorized_keys...
  Testing SSH connectivity...
  ✓ SSH trust ready
[20:30:21]   Transfer time: 6290 ms
[20:30:21] Step 5: Unpacking on destination...
[20:30:22] Step 6: Preparing restore environment...
[20:30:22] Step 6.5: Ensuring /tmp/gol binary is present on destination...
[20:30:23] Step 7: Restoring process...
[20:30:23]   Restore time: 309 ms
[20:30:23]   Restored PID: 2349302 (written to /home/ubuntu/gol.pid)
[20:30:23] Step 8: Verifying migration...
[20:30:26] WARNING: Could not validate restored process state
[20:30:26] Total downtime: 7207 ms
[20:30:26] Effective bandwidth: 0.03 Mbps
[20:30:26] Metrics saved to /home/ivo/Documents/University/4to/Thesis-AAAAAAAa/Container-vs-Wasm-Service-Migration/Game-of-life-migration/metrics/migration_metrics.csv

=== RUN 22-04-2026-host-cold-0014 ===

[20:30:27] Resetting nodes: edge-node-1 -> edge-node-2
[20:30:27] Step 1: Killing any existing processes on source...
[20:30:27]   Killing PID 2349302 (from /home/ubuntu/app.pid)
[20:30:28]   Killing PID 2349302 (from /home/ubuntu/gol.pid)
[20:30:29]   Killing any remaining background processes...
[20:30:30] Step 2: Cleaning source node...
[20:30:31] Step 3: Cleaning destination node...
[20:30:31]   Killing PID 2349302 on destination (from /home/ubuntu/app.pid)
[20:30:32]   Killing PID 2349302 on destination (from /home/ubuntu/gol.pid)
[20:30:33]   Killing all remaining gol processes on destination...
[20:30:36] ✓ Reset complete, nodes are clean
[20:30:36]   Next: Start your application
[20:30:36] Transferring gol.c to edge-node-1...
[20:30:36] Compiling gol.c on edge-node-1...
[20:30:37] Starting gol on edge-node-1...
✓ C gol running (PID: 2350868)
[20:30:38] ✓ Gol started
[20:30:41] Starting cold migration...
[20:30:41] Source: edge-node-1, Dest: edge-node-2
[20:30:41] Transfer mode: host
[20:30:41] Relay node: edge-host-1

[20:30:41] === COLD MIGRATION ===
[20:30:41] Step 1: Checking source process...
[20:30:41]   Using PID from /home/ubuntu/gol.pid: 2350868
[20:30:42]   Last gol value (pre-freeze): 
[20:30:42]   Architecture: x86_64 (compatible)
[20:30:42] Step 2: Dumping process with CRIU...
[20:30:43]   Frozen last gol value: 
[20:30:43]   Expected after restore: unknown
[20:30:43]   Checkpoint time: 588 ms
[20:30:43] Step 3: Creating archive...
[20:30:43]   Archive size: 25696 bytes
[20:30:43] Step 4: Transferring archive...
  Transferring /home/ubuntu/CRIU-gol.tar.gz via relay node edge-host-1...
Setting up SSH trust: edge-node-1 → ubuntu@10.22.132.176
  Adding public key to destination's authorized_keys...
  Testing SSH connectivity...
  ✓ SSH trust ready
Setting up SSH trust: edge-host-1 → ubuntu@10.22.132.239
  Adding public key to destination's authorized_keys...
  Testing SSH connectivity...
  ✓ SSH trust ready
[20:30:50]   Transfer time: 6558 ms
[20:30:50] Step 5: Unpacking on destination...
[20:30:50] Step 6: Preparing restore environment...
[20:30:51] Step 6.5: Ensuring /tmp/gol binary is present on destination...
[20:30:51] Step 7: Restoring process...
[20:30:51]   Restore time: 314 ms
[20:30:52]   Restored PID: 2350868 (written to /home/ubuntu/gol.pid)
[20:30:52] Step 8: Verifying migration...
[20:30:55] WARNING: Could not validate restored process state
[20:30:55] Total downtime: 7460 ms
[20:30:55] Effective bandwidth: 0.03 Mbps
[20:30:55] Metrics saved to /home/ivo/Documents/University/4to/Thesis-AAAAAAAa/Container-vs-Wasm-Service-Migration/Game-of-life-migration/metrics/migration_metrics.csv

=== RUN 22-04-2026-host-cold-0015 ===

[20:30:56] Resetting nodes: edge-node-1 -> edge-node-2
[20:30:56] Step 1: Killing any existing processes on source...
[20:30:56]   Killing PID 2350868 (from /home/ubuntu/app.pid)
[20:30:57]   Killing PID 2350868 (from /home/ubuntu/gol.pid)
[20:30:57]   Killing any remaining background processes...
[20:30:59] Step 2: Cleaning source node...
[20:31:00] Step 3: Cleaning destination node...
[20:31:00]   Killing PID 2350868 on destination (from /home/ubuntu/app.pid)
[20:31:01]   Killing PID 2350868 on destination (from /home/ubuntu/gol.pid)
[20:31:02]   Killing all remaining gol processes on destination...
[20:31:05] ✓ Reset complete, nodes are clean
[20:31:05]   Next: Start your application
[20:31:05] Transferring gol.c to edge-node-1...
[20:31:05] Compiling gol.c on edge-node-1...
[20:31:06] Starting gol on edge-node-1...
✓ C gol running (PID: 2352441)
[20:31:07] ✓ Gol started
[20:31:10] Starting cold migration...
[20:31:10] Source: edge-node-1, Dest: edge-node-2
[20:31:10] Transfer mode: host
[20:31:10] Relay node: edge-host-1

[20:31:10] === COLD MIGRATION ===
[20:31:10] Step 1: Checking source process...
[20:31:10]   Using PID from /home/ubuntu/gol.pid: 2352441
[20:31:11]   Last gol value (pre-freeze): 
[20:31:11]   Architecture: x86_64 (compatible)
[20:31:11] Step 2: Dumping process with CRIU...
[20:31:12]   Frozen last gol value: 
[20:31:12]   Expected after restore: unknown
[20:31:12]   Checkpoint time: 617 ms
[20:31:12] Step 3: Creating archive...
[20:31:12]   Archive size: 25499 bytes
[20:31:12] Step 4: Transferring archive...
  Transferring /home/ubuntu/CRIU-gol.tar.gz via relay node edge-host-1...
Setting up SSH trust: edge-node-1 → ubuntu@10.22.132.176
  Adding public key to destination's authorized_keys...
  Testing SSH connectivity...
  ✓ SSH trust ready
Setting up SSH trust: edge-host-1 → ubuntu@10.22.132.239
  Adding public key to destination's authorized_keys...
  Testing SSH connectivity...
  ✓ SSH trust ready
[20:31:19]   Transfer time: 6309 ms
[20:31:19] Step 5: Unpacking on destination...
[20:31:19] Step 6: Preparing restore environment...
[20:31:19] Step 6.5: Ensuring /tmp/gol binary is present on destination...
[20:31:20] Step 7: Restoring process...
[20:31:20]   Restore time: 308 ms
[20:31:20]   Restored PID: 2352441 (written to /home/ubuntu/gol.pid)
[20:31:20] Step 8: Verifying migration...
[20:31:24] WARNING: Could not validate restored process state
[20:31:24] Total downtime: 7234 ms
[20:31:24] Effective bandwidth: 0.03 Mbps
[20:31:24] Metrics saved to /home/ivo/Documents/University/4to/Thesis-AAAAAAAa/Container-vs-Wasm-Service-Migration/Game-of-life-migration/metrics/migration_metrics.csv

=== RUN 22-04-2026-host-cold-0016 ===

[20:31:24] Resetting nodes: edge-node-1 -> edge-node-2
[20:31:24] Step 1: Killing any existing processes on source...
[20:31:25]   Killing PID 2352441 (from /home/ubuntu/app.pid)
[20:31:25]   Killing PID 2352441 (from /home/ubuntu/gol.pid)
[20:31:26]   Killing any remaining background processes...
[20:31:27] Step 2: Cleaning source node...
[20:31:28] Step 3: Cleaning destination node...
[20:31:29]   Killing PID 2352441 on destination (from /home/ubuntu/app.pid)
[20:31:29]   Killing PID 2352441 on destination (from /home/ubuntu/gol.pid)
[20:31:30]   Killing all remaining gol processes on destination...
[20:31:33] ✓ Reset complete, nodes are clean
[20:31:33]   Next: Start your application
[20:31:33] Transferring gol.c to edge-node-1...
[20:31:34] Compiling gol.c on edge-node-1...
[20:31:34] Starting gol on edge-node-1...
✓ C gol running (PID: 2354006)
[20:31:35] ✓ Gol started
[20:31:38] Starting cold migration...
[20:31:38] Source: edge-node-1, Dest: edge-node-2
[20:31:38] Transfer mode: host
[20:31:38] Relay node: edge-host-1

[20:31:38] === COLD MIGRATION ===
[20:31:38] Step 1: Checking source process...
[20:31:39]   Using PID from /home/ubuntu/gol.pid: 2354006
[20:31:39]   Last gol value (pre-freeze): 
[20:31:39]   Architecture: x86_64 (compatible)
[20:31:39] Step 2: Dumping process with CRIU...
[20:31:40]   Frozen last gol value: 
[20:31:40]   Expected after restore: unknown
[20:31:40]   Checkpoint time: 596 ms
[20:31:40] Step 3: Creating archive...
[20:31:41]   Archive size: 25480 bytes
[20:31:41] Step 4: Transferring archive...
  Transferring /home/ubuntu/CRIU-gol.tar.gz via relay node edge-host-1...
Setting up SSH trust: edge-node-1 → ubuntu@10.22.132.176
  Adding public key to destination's authorized_keys...
  Testing SSH connectivity...
  ✓ SSH trust ready
Setting up SSH trust: edge-host-1 → ubuntu@10.22.132.239
  Adding public key to destination's authorized_keys...
  Testing SSH connectivity...
  ✓ SSH trust ready
[20:31:47]   Transfer time: 6303 ms
[20:31:47] Step 5: Unpacking on destination...
[20:31:47] Step 6: Preparing restore environment...
[20:31:48] Step 6.5: Ensuring /tmp/gol binary is present on destination...
[20:31:48] Step 7: Restoring process...
[20:31:48]   Restore time: 307 ms
[20:31:49]   Restored PID: 2354006 (written to /home/ubuntu/gol.pid)
[20:31:49] Step 8: Verifying migration...
[20:31:52] WARNING: Could not validate restored process state
[20:31:52] Total downtime: 7206 ms
[20:31:52] Effective bandwidth: 0.03 Mbps
[20:31:52] Metrics saved to /home/ivo/Documents/University/4to/Thesis-AAAAAAAa/Container-vs-Wasm-Service-Migration/Game-of-life-migration/metrics/migration_metrics.csv

=== RUN 22-04-2026-host-cold-0017 ===

[20:31:53] Resetting nodes: edge-node-1 -> edge-node-2
[20:31:53] Step 1: Killing any existing processes on source...
[20:31:53]   Killing PID 2354006 (from /home/ubuntu/app.pid)
[20:31:54]   Killing PID 2354006 (from /home/ubuntu/gol.pid)
[20:31:54]   Killing any remaining background processes...
[20:31:56] Step 2: Cleaning source node...
[20:31:57] Step 3: Cleaning destination node...
[20:31:57]   Killing PID 2354006 on destination (from /home/ubuntu/app.pid)
[20:31:58]   Killing PID 2354006 on destination (from /home/ubuntu/gol.pid)
[20:31:58]   Killing all remaining gol processes on destination...
[20:32:02] ✓ Reset complete, nodes are clean
[20:32:02]   Next: Start your application
[20:32:02] Transferring gol.c to edge-node-1...
[20:32:02] Compiling gol.c on edge-node-1...
[20:32:03] Starting gol on edge-node-1...
✓ C gol running (PID: 2355581)
[20:32:04] ✓ Gol started
[20:32:07] Starting cold migration...
[20:32:07] Source: edge-node-1, Dest: edge-node-2
[20:32:07] Transfer mode: host
[20:32:07] Relay node: edge-host-1

[20:32:07] === COLD MIGRATION ===
[20:32:07] Step 1: Checking source process...
[20:32:07]   Using PID from /home/ubuntu/gol.pid: 2355581
[20:32:08]   Last gol value (pre-freeze): 
[20:32:08]   Architecture: x86_64 (compatible)
[20:32:08] Step 2: Dumping process with CRIU...
[20:32:09]   Frozen last gol value: 
[20:32:09]   Expected after restore: unknown
[20:32:09]   Checkpoint time: 613 ms
[20:32:09] Step 3: Creating archive...
[20:32:09]   Archive size: 25520 bytes
[20:32:09] Step 4: Transferring archive...
  Transferring /home/ubuntu/CRIU-gol.tar.gz via relay node edge-host-1...
Setting up SSH trust: edge-node-1 → ubuntu@10.22.132.176
  Adding public key to destination's authorized_keys...
  Testing SSH connectivity...
  ✓ SSH trust ready
Setting up SSH trust: edge-host-1 → ubuntu@10.22.132.239
  Adding public key to destination's authorized_keys...
  Testing SSH connectivity...
  ✓ SSH trust ready
[20:32:16]   Transfer time: 6556 ms
[20:32:16] Step 5: Unpacking on destination...
[20:32:16] Step 6: Preparing restore environment...
[20:32:17] Step 6.5: Ensuring /tmp/gol binary is present on destination...
[20:32:17] Step 7: Restoring process...
[20:32:17]   Restore time: 308 ms
[20:32:18]   Restored PID: 2355581 (written to /home/ubuntu/gol.pid)
[20:32:18] Step 8: Verifying migration...
[20:32:21] WARNING: Could not validate restored process state
[20:32:21] Total downtime: 7477 ms
[20:32:21] Effective bandwidth: 0.03 Mbps
[20:32:21] Metrics saved to /home/ivo/Documents/University/4to/Thesis-AAAAAAAa/Container-vs-Wasm-Service-Migration/Game-of-life-migration/metrics/migration_metrics.csv

=== RUN 22-04-2026-host-cold-0018 ===

[20:32:22] Resetting nodes: edge-node-1 -> edge-node-2
[20:32:22] Step 1: Killing any existing processes on source...
[20:32:22]   Killing PID 2355581 (from /home/ubuntu/app.pid)
[20:32:23]   Killing PID 2355581 (from /home/ubuntu/gol.pid)
[20:32:23]   Killing any remaining background processes...
[20:32:25] Step 2: Cleaning source node...
[20:32:26] Step 3: Cleaning destination node...
[20:32:26]   Killing PID 2355581 on destination (from /home/ubuntu/app.pid)
[20:32:27]   Killing PID 2355581 on destination (from /home/ubuntu/gol.pid)
[20:32:27]   Killing all remaining gol processes on destination...
[20:32:31] ✓ Reset complete, nodes are clean
[20:32:31]   Next: Start your application
[20:32:31] Transferring gol.c to edge-node-1...
[20:32:31] Compiling gol.c on edge-node-1...
[20:32:31] Starting gol on edge-node-1...
✓ C gol running (PID: 2357138)
[20:32:33] ✓ Gol started
[20:32:35] Starting cold migration...
[20:32:35] Source: edge-node-1, Dest: edge-node-2
[20:32:35] Transfer mode: host
[20:32:35] Relay node: edge-host-1

[20:32:35] === COLD MIGRATION ===
[20:32:35] Step 1: Checking source process...
[20:32:36]   Using PID from /home/ubuntu/gol.pid: 2357138
[20:32:36]   Last gol value (pre-freeze): 
[20:32:37]   Architecture: x86_64 (compatible)
[20:32:37] Step 2: Dumping process with CRIU...
[20:32:37]   Frozen last gol value: 
[20:32:37]   Expected after restore: unknown
[20:32:37]   Checkpoint time: 589 ms
[20:32:37] Step 3: Creating archive...
[20:32:38]   Archive size: 25572 bytes
[20:32:38] Step 4: Transferring archive...
  Transferring /home/ubuntu/CRIU-gol.tar.gz via relay node edge-host-1...
Setting up SSH trust: edge-node-1 → ubuntu@10.22.132.176
  Adding public key to destination's authorized_keys...
  Testing SSH connectivity...
  ✓ SSH trust ready
Setting up SSH trust: edge-host-1 → ubuntu@10.22.132.239
  Adding public key to destination's authorized_keys...
  Testing SSH connectivity...
  ✓ SSH trust ready
[20:32:44]   Transfer time: 6317 ms
[20:32:44] Step 5: Unpacking on destination...
[20:32:45] Step 6: Preparing restore environment...
[20:32:45] Step 6.5: Ensuring /tmp/gol binary is present on destination...
[20:32:45] Step 7: Restoring process...
[20:32:46]   Restore time: 306 ms
[20:32:46]   Restored PID: 2357138 (written to /home/ubuntu/gol.pid)
[20:32:46] Step 8: Verifying migration...
[20:32:49] WARNING: Could not validate restored process state
[20:32:49] Total downtime: 7212 ms
[20:32:49] Effective bandwidth: 0.03 Mbps
[20:32:49] Metrics saved to /home/ivo/Documents/University/4to/Thesis-AAAAAAAa/Container-vs-Wasm-Service-Migration/Game-of-life-migration/metrics/migration_metrics.csv

=== RUN 22-04-2026-host-cold-0019 ===

[20:32:50] Resetting nodes: edge-node-1 -> edge-node-2
[20:32:50] Step 1: Killing any existing processes on source...
[20:32:50]   Killing PID 2357138 (from /home/ubuntu/app.pid)
[20:32:51]   Killing PID 2357138 (from /home/ubuntu/gol.pid)
[20:32:52]   Killing any remaining background processes...
[20:32:53] Step 2: Cleaning source node...
[20:32:54] Step 3: Cleaning destination node...
[20:32:54]   Killing PID 2357138 on destination (from /home/ubuntu/app.pid)
[20:32:55]   Killing PID 2357138 on destination (from /home/ubuntu/gol.pid)
[20:32:56]   Killing all remaining gol processes on destination...
[20:32:59] ✓ Reset complete, nodes are clean
[20:32:59]   Next: Start your application
[20:32:59] Transferring gol.c to edge-node-1...
[20:32:59] Compiling gol.c on edge-node-1...
[20:33:00] Starting gol on edge-node-1...
✓ C gol running (PID: 2358702)
[20:33:01] ✓ Gol started
[20:33:04] Starting cold migration...
[20:33:04] Source: edge-node-1, Dest: edge-node-2
[20:33:04] Transfer mode: host
[20:33:04] Relay node: edge-host-1

[20:33:04] === COLD MIGRATION ===
[20:33:04] Step 1: Checking source process...
[20:33:05]   Using PID from /home/ubuntu/gol.pid: 2358702
[20:33:05]   Last gol value (pre-freeze): 
[20:33:06]   Architecture: x86_64 (compatible)
[20:33:06] Step 2: Dumping process with CRIU...
[20:33:06]   Frozen last gol value: 
[20:33:06]   Expected after restore: unknown
[20:33:06]   Checkpoint time: 623 ms
[20:33:06] Step 3: Creating archive...
[20:33:07]   Archive size: 25663 bytes
[20:33:07] Step 4: Transferring archive...
  Transferring /home/ubuntu/CRIU-gol.tar.gz via relay node edge-host-1...
Setting up SSH trust: edge-node-1 → ubuntu@10.22.132.176
  Adding public key to destination's authorized_keys...
  Testing SSH connectivity...
  ✓ SSH trust ready
Setting up SSH trust: edge-host-1 → ubuntu@10.22.132.239
  Adding public key to destination's authorized_keys...
  Testing SSH connectivity...
  ✓ SSH trust ready
[20:33:14]   Transfer time: 6811 ms
[20:33:14] Step 5: Unpacking on destination...
[20:33:14] Step 6: Preparing restore environment...
[20:33:15] Step 6.5: Ensuring /tmp/gol binary is present on destination...
[20:33:15] Step 7: Restoring process...
[20:33:15]   Restore time: 302 ms
[20:33:15]   Restored PID: 2358702 (written to /home/ubuntu/gol.pid)
[20:33:15] Step 8: Verifying migration...
[20:33:19] WARNING: Could not validate restored process state
[20:33:19] Total downtime: 7736 ms
[20:33:19] Effective bandwidth: 0.03 Mbps
[20:33:19] Metrics saved to /home/ivo/Documents/University/4to/Thesis-AAAAAAAa/Container-vs-Wasm-Service-Migration/Game-of-life-migration/metrics/migration_metrics.csv

=== RUN 22-04-2026-direct-cold-0000 ===

[20:33:19] Resetting nodes: edge-node-1 -> edge-node-2
[20:33:19] Step 1: Killing any existing processes on source...
[20:33:20]   Killing PID 2358702 (from /home/ubuntu/app.pid)
[20:33:20]   Killing PID 2358702 (from /home/ubuntu/gol.pid)
[20:33:21]   Killing any remaining background processes...
[20:33:22] Step 2: Cleaning source node...
[20:33:23] Step 3: Cleaning destination node...
[20:33:24]   Killing PID 2358702 on destination (from /home/ubuntu/app.pid)
[20:33:25]   Killing PID 2358702 on destination (from /home/ubuntu/gol.pid)
[20:33:25]   Killing all remaining gol processes on destination...
[20:33:28] ✓ Reset complete, nodes are clean
[20:33:28]   Next: Start your application
[20:33:28] Transferring gol.c to edge-node-1...
[20:33:29] Compiling gol.c on edge-node-1...
[20:33:29] Starting gol on edge-node-1...
✓ C gol running (PID: 2360275)
[20:33:30] ✓ Gol started
[20:33:33] Starting cold migration...
[20:33:33] Source: edge-node-1, Dest: edge-node-2
[20:33:33] Transfer mode: direct

[20:33:33] === COLD MIGRATION ===
[20:33:33] Step 1: Checking source process...
[20:33:34]   Using PID from /home/ubuntu/gol.pid: 2360275
[20:33:34]   Last gol value (pre-freeze): 
[20:33:34]   Architecture: x86_64 (compatible)
[20:33:34] Step 2: Dumping process with CRIU...
[20:33:35]   Frozen last gol value: 
[20:33:35]   Expected after restore: unknown
[20:33:35]   Checkpoint time: 594 ms
[20:33:35] Step 3: Creating archive...
[20:33:36]   Archive size: 25711 bytes
[20:33:36] Step 4: Transferring archive...
[20:33:36]   Setting up direct SSH trust...
Setting up SSH trust: edge-node-1 → ubuntu@10.22.132.239
  Adding public key to destination's authorized_keys...
  Testing SSH connectivity...
  ✓ SSH trust ready
Setting up SSH trust: edge-node-1 → ubuntu@10.22.132.239
  Adding public key to destination's authorized_keys...
  Testing SSH connectivity...
  ✓ SSH trust ready
  Transferring /home/ubuntu/CRIU-gol.tar.gz via SCP...
[20:33:40]   Transfer time: 2810 ms
[20:33:40] Step 5: Unpacking on destination...
[20:33:40] Step 6: Preparing restore environment...
[20:33:41] Step 6.5: Ensuring /tmp/gol binary is present on destination...
[20:33:41] Step 7: Restoring process...
[20:33:42]   Restore time: 311 ms
[20:33:42]   Restored PID: 2360275 (written to /home/ubuntu/gol.pid)
[20:33:42] Step 8: Verifying migration...
[20:33:45] WARNING: Could not validate restored process state
[20:33:45] Total downtime: 3715 ms
[20:33:45] Effective bandwidth: 0.07 Mbps
[20:33:45] Metrics saved to /home/ivo/Documents/University/4to/Thesis-AAAAAAAa/Container-vs-Wasm-Service-Migration/Game-of-life-migration/metrics/migration_metrics.csv

=== RUN 22-04-2026-direct-cold-0001 ===

[20:33:46] Resetting nodes: edge-node-1 -> edge-node-2
[20:33:46] Step 1: Killing any existing processes on source...
[20:33:46]   Killing PID 2360275 (from /home/ubuntu/app.pid)
[20:33:47]   Killing PID 2360275 (from /home/ubuntu/gol.pid)
[20:33:47]   Killing any remaining background processes...
[20:33:49] Step 2: Cleaning source node...
[20:33:50] Step 3: Cleaning destination node...
[20:33:50]   Killing PID 2360275 on destination (from /home/ubuntu/app.pid)
[20:33:51]   Killing PID 2360275 on destination (from /home/ubuntu/gol.pid)
[20:33:51]   Killing all remaining gol processes on destination...
[20:33:55] ✓ Reset complete, nodes are clean
[20:33:55]   Next: Start your application
[20:33:55] Transferring gol.c to edge-node-1...
[20:33:55] Compiling gol.c on edge-node-1...
[20:33:55] Starting gol on edge-node-1...
✓ C gol running (PID: 2361948)
[20:33:57] ✓ Gol started
[20:33:59] Starting cold migration...
[20:33:59] Source: edge-node-1, Dest: edge-node-2
[20:33:59] Transfer mode: direct

[20:33:59] === COLD MIGRATION ===
[20:33:59] Step 1: Checking source process...
[20:34:00]   Using PID from /home/ubuntu/gol.pid: 2361948
[20:34:00]   Last gol value (pre-freeze): 
[20:34:01]   Architecture: x86_64 (compatible)
[20:34:01] Step 2: Dumping process with CRIU...
[20:34:01]   Frozen last gol value: 
[20:34:01]   Expected after restore: unknown
[20:34:01]   Checkpoint time: 595 ms
[20:34:01] Step 3: Creating archive...
[20:34:02]   Archive size: 25701 bytes
[20:34:02] Step 4: Transferring archive...
[20:34:02]   Setting up direct SSH trust...
Setting up SSH trust: edge-node-1 → ubuntu@10.22.132.239
  Adding public key to destination's authorized_keys...
  Testing SSH connectivity...
  ✓ SSH trust ready
Setting up SSH trust: edge-node-1 → ubuntu@10.22.132.239
  Adding public key to destination's authorized_keys...
  Testing SSH connectivity...
  ✓ SSH trust ready
  Transferring /home/ubuntu/CRIU-gol.tar.gz via SCP...
[20:34:07]   Transfer time: 3384 ms
[20:34:07] Step 5: Unpacking on destination...
[20:34:07] Step 6: Preparing restore environment...
[20:34:08] Step 6.5: Ensuring /tmp/gol binary is present on destination...
[20:34:08] Step 7: Restoring process...
[20:34:09]   Restore time: 312 ms
[20:34:09]   Restored PID: 2361948 (written to /home/ubuntu/gol.pid)
[20:34:09] Step 8: Verifying migration...
[20:34:12] WARNING: Could not validate restored process state
[20:34:12] Total downtime: 4291 ms
[20:34:12] Effective bandwidth: 0.06 Mbps
[20:34:12] Metrics saved to /home/ivo/Documents/University/4to/Thesis-AAAAAAAa/Container-vs-Wasm-Service-Migration/Game-of-life-migration/metrics/migration_metrics.csv

=== RUN 22-04-2026-direct-cold-0002 ===

[20:34:13] Resetting nodes: edge-node-1 -> edge-node-2
[20:34:13] Step 1: Killing any existing processes on source...
[20:34:13]   Killing PID 2361948 (from /home/ubuntu/app.pid)
[20:34:14]   Killing PID 2361948 (from /home/ubuntu/gol.pid)
[20:34:15]   Killing any remaining background processes...
[20:34:16] Step 2: Cleaning source node...
[20:34:17] Step 3: Cleaning destination node...
[20:34:17]   Killing PID 2361948 on destination (from /home/ubuntu/app.pid)
[20:34:18]   Killing PID 2361948 on destination (from /home/ubuntu/gol.pid)
[20:34:19]   Killing all remaining gol processes on destination...
[20:34:22] ✓ Reset complete, nodes are clean
[20:34:22]   Next: Start your application
[20:34:22] Transferring gol.c to edge-node-1...
[20:34:22] Compiling gol.c on edge-node-1...
[20:34:22] Starting gol on edge-node-1...
✓ C gol running (PID: 2363619)
[20:34:24] ✓ Gol started
[20:34:26] Starting cold migration...
[20:34:26] Source: edge-node-1, Dest: edge-node-2
[20:34:26] Transfer mode: direct

[20:34:26] === COLD MIGRATION ===
[20:34:26] Step 1: Checking source process...
[20:34:27]   Using PID from /home/ubuntu/gol.pid: 2363619
[20:34:27]   Last gol value (pre-freeze): 
[20:34:28]   Architecture: x86_64 (compatible)
[20:34:28] Step 2: Dumping process with CRIU...
[20:34:28]   Frozen last gol value: 
[20:34:28]   Expected after restore: unknown
[20:34:28]   Checkpoint time: 589 ms
[20:34:28] Step 3: Creating archive...
[20:34:29]   Archive size: 25516 bytes
[20:34:29] Step 4: Transferring archive...
[20:34:29]   Setting up direct SSH trust...
Setting up SSH trust: edge-node-1 → ubuntu@10.22.132.239
  Adding public key to destination's authorized_keys...
  Testing SSH connectivity...
  ✓ SSH trust ready
Setting up SSH trust: edge-node-1 → ubuntu@10.22.132.239
  Adding public key to destination's authorized_keys...
  Testing SSH connectivity...
  ✓ SSH trust ready
  Transferring /home/ubuntu/CRIU-gol.tar.gz via SCP...
[20:34:34]   Transfer time: 2842 ms
[20:34:34] Step 5: Unpacking on destination...
[20:34:34] Step 6: Preparing restore environment...
[20:34:35] Step 6.5: Ensuring /tmp/gol binary is present on destination...
[20:34:35] Step 7: Restoring process...
[20:34:35]   Restore time: 306 ms
[20:34:35]   Restored PID: 2363619 (written to /home/ubuntu/gol.pid)
[20:34:35] Step 8: Verifying migration...
[20:34:39] WARNING: Could not validate restored process state
[20:34:39] Total downtime: 3737 ms
[20:34:39] Effective bandwidth: 0.07 Mbps
[20:34:39] Metrics saved to /home/ivo/Documents/University/4to/Thesis-AAAAAAAa/Container-vs-Wasm-Service-Migration/Game-of-life-migration/metrics/migration_metrics.csv

=== RUN 22-04-2026-direct-cold-0003 ===

[20:34:40] Resetting nodes: edge-node-1 -> edge-node-2
[20:34:40] Step 1: Killing any existing processes on source...
[20:34:40]   Killing PID 2363619 (from /home/ubuntu/app.pid)
[20:34:41]   Killing PID 2363619 (from /home/ubuntu/gol.pid)
[20:34:41]   Killing any remaining background processes...
[20:34:42] Step 2: Cleaning source node...
[20:34:43] Step 3: Cleaning destination node...
[20:34:44]   Killing PID 2363619 on destination (from /home/ubuntu/app.pid)
[20:34:45]   Killing PID 2363619 on destination (from /home/ubuntu/gol.pid)
[20:34:45]   Killing all remaining gol processes on destination...
[20:34:48] ✓ Reset complete, nodes are clean
[20:34:48]   Next: Start your application
[20:34:48] Transferring gol.c to edge-node-1...
[20:34:49] Compiling gol.c on edge-node-1...
[20:34:49] Starting gol on edge-node-1...
✓ C gol running (PID: 2365292)
[20:34:50] ✓ Gol started
[20:34:53] Starting cold migration...
[20:34:53] Source: edge-node-1, Dest: edge-node-2
[20:34:53] Transfer mode: direct

[20:34:53] === COLD MIGRATION ===
[20:34:53] Step 1: Checking source process...
[20:34:54]   Using PID from /home/ubuntu/gol.pid: 2365292
[20:34:54]   Last gol value (pre-freeze): 
[20:34:54]   Architecture: x86_64 (compatible)
[20:34:54] Step 2: Dumping process with CRIU...
[20:34:55]   Frozen last gol value: 
[20:34:55]   Expected after restore: unknown
[20:34:55]   Checkpoint time: 598 ms
[20:34:55] Step 3: Creating archive...
[20:34:56]   Archive size: 25440 bytes
[20:34:56] Step 4: Transferring archive...
[20:34:56]   Setting up direct SSH trust...
Setting up SSH trust: edge-node-1 → ubuntu@10.22.132.239
  Adding public key to destination's authorized_keys...
  Testing SSH connectivity...
  ✓ SSH trust ready
Setting up SSH trust: edge-node-1 → ubuntu@10.22.132.239
  Adding public key to destination's authorized_keys...
  Testing SSH connectivity...
  ✓ SSH trust ready
  Transferring /home/ubuntu/CRIU-gol.tar.gz via SCP...
[20:35:00]   Transfer time: 2841 ms
[20:35:00] Step 5: Unpacking on destination...
[20:35:01] Step 6: Preparing restore environment...
[20:35:01] Step 6.5: Ensuring /tmp/gol binary is present on destination...
[20:35:01] Step 7: Restoring process...
[20:35:02]   Restore time: 297 ms
[20:35:02]   Restored PID: 2365292 (written to /home/ubuntu/gol.pid)
[20:35:02] Step 8: Verifying migration...
[20:35:06] WARNING: Could not validate restored process state
[20:35:06] Total downtime: 3736 ms
[20:35:06] Effective bandwidth: 0.07 Mbps
[20:35:06] Metrics saved to /home/ivo/Documents/University/4to/Thesis-AAAAAAAa/Container-vs-Wasm-Service-Migration/Game-of-life-migration/metrics/migration_metrics.csv

=== RUN 22-04-2026-direct-cold-0004 ===

[20:35:07] Resetting nodes: edge-node-1 -> edge-node-2
[20:35:07] Step 1: Killing any existing processes on source...
[20:35:07]   Killing PID 2365292 (from /home/ubuntu/app.pid)
[20:35:08]   Killing PID 2365292 (from /home/ubuntu/gol.pid)
[20:35:08]   Killing any remaining background processes...
[20:35:10] Step 2: Cleaning source node...
[20:35:11] Step 3: Cleaning destination node...
[20:35:11]   Killing PID 2365292 on destination (from /home/ubuntu/app.pid)
[20:35:12]   Killing PID 2365292 on destination (from /home/ubuntu/gol.pid)
[20:35:12]   Killing all remaining gol processes on destination...
[20:35:15] ✓ Reset complete, nodes are clean
[20:35:15]   Next: Start your application
[20:35:15] Transferring gol.c to edge-node-1...
[20:35:16] Compiling gol.c on edge-node-1...
[20:35:16] Starting gol on edge-node-1...
✓ C gol running (PID: 2366974)
[20:35:17] ✓ Gol started
[20:35:20] Starting cold migration...
[20:35:20] Source: edge-node-1, Dest: edge-node-2
[20:35:20] Transfer mode: direct

[20:35:20] === COLD MIGRATION ===
[20:35:20] Step 1: Checking source process...
[20:35:21]   Using PID from /home/ubuntu/gol.pid: 2366974
[20:35:21]   Last gol value (pre-freeze): 
[20:35:22]   Architecture: x86_64 (compatible)
[20:35:22] Step 2: Dumping process with CRIU...
[20:35:22]   Frozen last gol value: 
[20:35:22]   Expected after restore: unknown
[20:35:22]   Checkpoint time: 599 ms
[20:35:22] Step 3: Creating archive...
[20:35:23]   Archive size: 25678 bytes
[20:35:23] Step 4: Transferring archive...
[20:35:23]   Setting up direct SSH trust...
Setting up SSH trust: edge-node-1 → ubuntu@10.22.132.239
  Adding public key to destination's authorized_keys...
  Testing SSH connectivity...
  ✓ SSH trust ready
Setting up SSH trust: edge-node-1 → ubuntu@10.22.132.239
  Adding public key to destination's authorized_keys...
  Testing SSH connectivity...
  ✓ SSH trust ready
  Transferring /home/ubuntu/CRIU-gol.tar.gz via SCP...
[20:35:27]   Transfer time: 2848 ms
[20:35:27] Step 5: Unpacking on destination...
[20:35:28] Step 6: Preparing restore environment...
[20:35:28] Step 6.5: Ensuring /tmp/gol binary is present on destination...
[20:35:29] Step 7: Restoring process...
[20:35:29]   Restore time: 316 ms
[20:35:29]   Restored PID: 2366974 (written to /home/ubuntu/gol.pid)
[20:35:29] Step 8: Verifying migration...
[20:35:32] WARNING: Could not validate restored process state
[20:35:32] Total downtime: 3763 ms
[20:35:32] Effective bandwidth: 0.07 Mbps
[20:35:32] Metrics saved to /home/ivo/Documents/University/4to/Thesis-AAAAAAAa/Container-vs-Wasm-Service-Migration/Game-of-life-migration/metrics/migration_metrics.csv

=== RUN 22-04-2026-direct-cold-0005 ===

[20:35:33] Resetting nodes: edge-node-1 -> edge-node-2
[20:35:33] Step 1: Killing any existing processes on source...
[20:35:33]   Killing PID 2366974 (from /home/ubuntu/app.pid)
[20:35:34]   Killing PID 2366974 (from /home/ubuntu/gol.pid)
[20:35:35]   Killing any remaining background processes...
[20:35:36] Step 2: Cleaning source node...
[20:35:37] Step 3: Cleaning destination node...
[20:35:37]   Killing PID 2366974 on destination (from /home/ubuntu/app.pid)
[20:35:38]   Killing PID 2366974 on destination (from /home/ubuntu/gol.pid)
[20:35:39]   Killing all remaining gol processes on destination...
[20:35:42] ✓ Reset complete, nodes are clean
[20:35:42]   Next: Start your application
[20:35:42] Transferring gol.c to edge-node-1...
[20:35:42] Compiling gol.c on edge-node-1...
[20:35:43] Starting gol on edge-node-1...
✓ C gol running (PID: 2368635)
[20:35:44] ✓ Gol started
[20:35:47] Starting cold migration...
[20:35:47] Source: edge-node-1, Dest: edge-node-2
[20:35:47] Transfer mode: direct

[20:35:47] === COLD MIGRATION ===
[20:35:47] Step 1: Checking source process...
[20:35:47]   Using PID from /home/ubuntu/gol.pid: 2368635
[20:35:48]   Last gol value (pre-freeze): 
[20:35:48]   Architecture: x86_64 (compatible)
[20:35:48] Step 2: Dumping process with CRIU...
[20:35:49]   Frozen last gol value: 
[20:35:49]   Expected after restore: unknown
[20:35:49]   Checkpoint time: 605 ms
[20:35:49] Step 3: Creating archive...
[20:35:49]   Archive size: 25624 bytes
[20:35:49] Step 4: Transferring archive...
[20:35:49]   Setting up direct SSH trust...
Setting up SSH trust: edge-node-1 → ubuntu@10.22.132.239
  Adding public key to destination's authorized_keys...
  Testing SSH connectivity...
  ✓ SSH trust ready
Setting up SSH trust: edge-node-1 → ubuntu@10.22.132.239
  Adding public key to destination's authorized_keys...
  Testing SSH connectivity...
  ✓ SSH trust ready
  Transferring /home/ubuntu/CRIU-gol.tar.gz via SCP...
[20:35:54]   Transfer time: 2859 ms
[20:35:54] Step 5: Unpacking on destination...
[20:35:54] Step 6: Preparing restore environment...
[20:35:55] Step 6.5: Ensuring /tmp/gol binary is present on destination...
[20:35:55] Step 7: Restoring process...
[20:35:55]   Restore time: 301 ms
[20:35:56]   Restored PID: 2368635 (written to /home/ubuntu/gol.pid)
[20:35:56] Step 8: Verifying migration...
[20:35:59] WARNING: Could not validate restored process state
[20:35:59] Total downtime: 3765 ms
[20:35:59] Effective bandwidth: 0.07 Mbps
[20:35:59] Metrics saved to /home/ivo/Documents/University/4to/Thesis-AAAAAAAa/Container-vs-Wasm-Service-Migration/Game-of-life-migration/metrics/migration_metrics.csv

=== RUN 22-04-2026-direct-cold-0006 ===

[20:36:00] Resetting nodes: edge-node-1 -> edge-node-2
[20:36:00] Step 1: Killing any existing processes on source...
[20:36:00]   Killing PID 2368635 (from /home/ubuntu/app.pid)
[20:36:01]   Killing PID 2368635 (from /home/ubuntu/gol.pid)
[20:36:01]   Killing any remaining background processes...
[20:36:03] Step 2: Cleaning source node...
[20:36:04] Step 3: Cleaning destination node...
[20:36:04]   Killing PID 2368635 on destination (from /home/ubuntu/app.pid)
[20:36:05]   Killing PID 2368635 on destination (from /home/ubuntu/gol.pid)
[20:36:05]   Killing all remaining gol processes on destination...
[20:36:09] ✓ Reset complete, nodes are clean
[20:36:09]   Next: Start your application
[20:36:09] Transferring gol.c to edge-node-1...
[20:36:10] Compiling gol.c on edge-node-1...
[20:36:10] Starting gol on edge-node-1...
✓ C gol running (PID: 2370328)
[20:36:11] ✓ Gol started
[20:36:14] Starting cold migration...
[20:36:14] Source: edge-node-1, Dest: edge-node-2
[20:36:14] Transfer mode: direct

[20:36:14] === COLD MIGRATION ===
[20:36:14] Step 1: Checking source process...
[20:36:14]   Using PID from /home/ubuntu/gol.pid: 2370328
[20:36:15]   Last gol value (pre-freeze): 
[20:36:15]   Architecture: x86_64 (compatible)
[20:36:15] Step 2: Dumping process with CRIU...
[20:36:16]   Frozen last gol value: 
[20:36:16]   Expected after restore: unknown
[20:36:16]   Checkpoint time: 604 ms
[20:36:16] Step 3: Creating archive...
[20:36:17]   Archive size: 25534 bytes
[20:36:17] Step 4: Transferring archive...
[20:36:17]   Setting up direct SSH trust...
Setting up SSH trust: edge-node-1 → ubuntu@10.22.132.239
  Adding public key to destination's authorized_keys...
  Testing SSH connectivity...
  ✓ SSH trust ready
Setting up SSH trust: edge-node-1 → ubuntu@10.22.132.239
  Adding public key to destination's authorized_keys...
  Testing SSH connectivity...
  ✓ SSH trust ready
  Transferring /home/ubuntu/CRIU-gol.tar.gz via SCP...
[20:36:21]   Transfer time: 2817 ms
[20:36:21] Step 5: Unpacking on destination...
[20:36:22] Step 6: Preparing restore environment...
[20:36:22] Step 6.5: Ensuring /tmp/gol binary is present on destination...
[20:36:22] Step 7: Restoring process...
[20:36:23]   Restore time: 312 ms
[20:36:23]   Restored PID: 2370328 (written to /home/ubuntu/gol.pid)
[20:36:23] Step 8: Verifying migration...
[20:36:26] WARNING: Could not validate restored process state
[20:36:26] Total downtime: 3733 ms
[20:36:26] Effective bandwidth: 0.07 Mbps
[20:36:26] Metrics saved to /home/ivo/Documents/University/4to/Thesis-AAAAAAAa/Container-vs-Wasm-Service-Migration/Game-of-life-migration/metrics/migration_metrics.csv

=== RUN 22-04-2026-direct-cold-0007 ===

[20:36:27] Resetting nodes: edge-node-1 -> edge-node-2
[20:36:27] Step 1: Killing any existing processes on source...
[20:36:27]   Killing PID 2370328 (from /home/ubuntu/app.pid)
[20:36:28]   Killing PID 2370328 (from /home/ubuntu/gol.pid)
[20:36:29]   Killing any remaining background processes...
[20:36:30] Step 2: Cleaning source node...
[20:36:31] Step 3: Cleaning destination node...
[20:36:31]   Killing PID 2370328 on destination (from /home/ubuntu/app.pid)
[20:36:32]   Killing PID 2370328 on destination (from /home/ubuntu/gol.pid)
[20:36:33]   Killing all remaining gol processes on destination...
[20:36:36] ✓ Reset complete, nodes are clean
[20:36:36]   Next: Start your application
[20:36:36] Transferring gol.c to edge-node-1...
[20:36:36] Compiling gol.c on edge-node-1...
[20:36:37] Starting gol on edge-node-1...
✓ C gol running (PID: 2371993)
[20:36:38] ✓ Gol started
[20:36:41] Starting cold migration...
[20:36:41] Source: edge-node-1, Dest: edge-node-2
[20:36:41] Transfer mode: direct

[20:36:41] === COLD MIGRATION ===
[20:36:41] Step 1: Checking source process...
[20:36:41]   Using PID from /home/ubuntu/gol.pid: 2371993
[20:36:42]   Last gol value (pre-freeze): 
[20:36:42]   Architecture: x86_64 (compatible)
[20:36:42] Step 2: Dumping process with CRIU...
[20:36:43]   Frozen last gol value: 
[20:36:43]   Expected after restore: unknown
[20:36:43]   Checkpoint time: 620 ms
[20:36:43] Step 3: Creating archive...
[20:36:43]   Archive size: 25430 bytes
[20:36:43] Step 4: Transferring archive...
[20:36:43]   Setting up direct SSH trust...
Setting up SSH trust: edge-node-1 → ubuntu@10.22.132.239
  Adding public key to destination's authorized_keys...
  Testing SSH connectivity...
  ✓ SSH trust ready
Setting up SSH trust: edge-node-1 → ubuntu@10.22.132.239
  Adding public key to destination's authorized_keys...
  Testing SSH connectivity...
  ✓ SSH trust ready
  Transferring /home/ubuntu/CRIU-gol.tar.gz via SCP...
[20:36:48]   Transfer time: 2824 ms
[20:36:48] Step 5: Unpacking on destination...
[20:36:48] Step 6: Preparing restore environment...
[20:36:49] Step 6.5: Ensuring /tmp/gol binary is present on destination...
[20:36:49] Step 7: Restoring process...
[20:36:49]   Restore time: 313 ms
[20:36:50]   Restored PID: 2371993 (written to /home/ubuntu/gol.pid)
[20:36:50] Step 8: Verifying migration...
[20:36:53] WARNING: Could not validate restored process state
[20:36:53] Total downtime: 3757 ms
[20:36:53] Effective bandwidth: 0.07 Mbps
[20:36:53] Metrics saved to /home/ivo/Documents/University/4to/Thesis-AAAAAAAa/Container-vs-Wasm-Service-Migration/Game-of-life-migration/metrics/migration_metrics.csv

=== RUN 22-04-2026-direct-cold-0008 ===

[20:36:54] Resetting nodes: edge-node-1 -> edge-node-2
[20:36:54] Step 1: Killing any existing processes on source...
[20:36:54]   Killing PID 2371993 (from /home/ubuntu/app.pid)
[20:36:55]   Killing PID 2371993 (from /home/ubuntu/gol.pid)
[20:36:55]   Killing any remaining background processes...
[20:36:57] Step 2: Cleaning source node...
[20:36:58] Step 3: Cleaning destination node...
[20:36:58]   Killing PID 2371993 on destination (from /home/ubuntu/app.pid)
[20:36:59]   Killing PID 2371993 on destination (from /home/ubuntu/gol.pid)
[20:36:59]   Killing all remaining gol processes on destination...
[20:37:02] ✓ Reset complete, nodes are clean
[20:37:02]   Next: Start your application
[20:37:02] Transferring gol.c to edge-node-1...
[20:37:03] Compiling gol.c on edge-node-1...
[20:37:03] Starting gol on edge-node-1...
✓ C gol running (PID: 2373665)
[20:37:04] ✓ Gol started
[20:37:07] Starting cold migration...
[20:37:07] Source: edge-node-1, Dest: edge-node-2
[20:37:07] Transfer mode: direct

[20:37:07] === COLD MIGRATION ===
[20:37:07] Step 1: Checking source process...
[20:37:08]   Using PID from /home/ubuntu/gol.pid: 2373665
[20:37:08]   Last gol value (pre-freeze): 
[20:37:09]   Architecture: x86_64 (compatible)
[20:37:09] Step 2: Dumping process with CRIU...
[20:37:09]   Frozen last gol value: 
[20:37:09]   Expected after restore: unknown
[20:37:09]   Checkpoint time: 603 ms
[20:37:09] Step 3: Creating archive...
[20:37:10]   Archive size: 25826 bytes
[20:37:10] Step 4: Transferring archive...
[20:37:10]   Setting up direct SSH trust...
Setting up SSH trust: edge-node-1 → ubuntu@10.22.132.239
  Adding public key to destination's authorized_keys...
  Testing SSH connectivity...
  ✓ SSH trust ready
Setting up SSH trust: edge-node-1 → ubuntu@10.22.132.239
  Adding public key to destination's authorized_keys...
  Testing SSH connectivity...
  ✓ SSH trust ready
  Transferring /home/ubuntu/CRIU-gol.tar.gz via SCP...
[20:37:15]   Transfer time: 2837 ms
[20:37:15] Step 5: Unpacking on destination...
[20:37:15] Step 6: Preparing restore environment...
[20:37:16] Step 6.5: Ensuring /tmp/gol binary is present on destination...
[20:37:16] Step 7: Restoring process...
[20:37:16]   Restore time: 310 ms
[20:37:17]   Restored PID: 2373665 (written to /home/ubuntu/gol.pid)
[20:37:17] Step 8: Verifying migration...
[20:37:20] WARNING: Could not validate restored process state
[20:37:20] Total downtime: 3750 ms
[20:37:20] Effective bandwidth: 0.07 Mbps
[20:37:20] Metrics saved to /home/ivo/Documents/University/4to/Thesis-AAAAAAAa/Container-vs-Wasm-Service-Migration/Game-of-life-migration/metrics/migration_metrics.csv

=== RUN 22-04-2026-direct-cold-0009 ===

[20:37:21] Resetting nodes: edge-node-1 -> edge-node-2
[20:37:21] Step 1: Killing any existing processes on source...
[20:37:21]   Killing PID 2373665 (from /home/ubuntu/app.pid)
[20:37:22]   Killing PID 2373665 (from /home/ubuntu/gol.pid)
[20:37:22]   Killing any remaining background processes...
[20:37:24] Step 2: Cleaning source node...
[20:37:25] Step 3: Cleaning destination node...
[20:37:25]   Killing PID 2373665 on destination (from /home/ubuntu/app.pid)
[20:37:26]   Killing PID 2373665 on destination (from /home/ubuntu/gol.pid)
[20:37:26]   Killing all remaining gol processes on destination...
[20:37:30] ✓ Reset complete, nodes are clean
[20:37:30]   Next: Start your application
[20:37:30] Transferring gol.c to edge-node-1...
[20:37:30] Compiling gol.c on edge-node-1...
[20:37:30] Starting gol on edge-node-1...
✓ C gol running (PID: 2375344)
[20:37:32] ✓ Gol started
[20:37:34] Starting cold migration...
[20:37:34] Source: edge-node-1, Dest: edge-node-2
[20:37:34] Transfer mode: direct

[20:37:34] === COLD MIGRATION ===
[20:37:34] Step 1: Checking source process...
[20:37:35]   Using PID from /home/ubuntu/gol.pid: 2375344
[20:37:35]   Last gol value (pre-freeze): 
[20:37:36]   Architecture: x86_64 (compatible)
[20:37:36] Step 2: Dumping process with CRIU...
[20:37:36]   Frozen last gol value: 
[20:37:36]   Expected after restore: unknown
[20:37:36]   Checkpoint time: 689 ms
[20:37:36] Step 3: Creating archive...
[20:37:37]   Archive size: 25795 bytes
[20:37:37] Step 4: Transferring archive...
[20:37:37]   Setting up direct SSH trust...
Setting up SSH trust: edge-node-1 → ubuntu@10.22.132.239
  Adding public key to destination's authorized_keys...
  Testing SSH connectivity...
  ✓ SSH trust ready
Setting up SSH trust: edge-node-1 → ubuntu@10.22.132.239
  Adding public key to destination's authorized_keys...
  Testing SSH connectivity...
  ✓ SSH trust ready
  Transferring /home/ubuntu/CRIU-gol.tar.gz via SCP...
[20:37:42]   Transfer time: 2859 ms
[20:37:42] Step 5: Unpacking on destination...
[20:37:42] Step 6: Preparing restore environment...
[20:37:42] Step 6.5: Ensuring /tmp/gol binary is present on destination...
[20:37:43] Step 7: Restoring process...
[20:37:43]   Restore time: 313 ms
[20:37:43]   Restored PID: 2375344 (written to /home/ubuntu/gol.pid)
[20:37:43] Step 8: Verifying migration...
[20:37:47] WARNING: Could not validate restored process state
[20:37:47] Total downtime: 3861 ms
[20:37:47] Effective bandwidth: 0.07 Mbps
[20:37:47] Metrics saved to /home/ivo/Documents/University/4to/Thesis-AAAAAAAa/Container-vs-Wasm-Service-Migration/Game-of-life-migration/metrics/migration_metrics.csv

=== RUN 22-04-2026-direct-cold-0010 ===

[20:37:47] Resetting nodes: edge-node-1 -> edge-node-2
[20:37:47] Step 1: Killing any existing processes on source...
[20:37:48]   Killing PID 2375344 (from /home/ubuntu/app.pid)
[20:37:48]   Killing PID 2375344 (from /home/ubuntu/gol.pid)
[20:37:49]   Killing any remaining background processes...
[20:37:50] Step 2: Cleaning source node...
[20:37:51] Step 3: Cleaning destination node...
[20:37:52]   Killing PID 2375344 on destination (from /home/ubuntu/app.pid)
[20:37:52]   Killing PID 2375344 on destination (from /home/ubuntu/gol.pid)
[20:37:53]   Killing all remaining gol processes on destination...
[20:37:56] ✓ Reset complete, nodes are clean
[20:37:56]   Next: Start your application
[20:37:56] Transferring gol.c to edge-node-1...
[20:37:57] Compiling gol.c on edge-node-1...
[20:37:57] Starting gol on edge-node-1...
✓ C gol running (PID: 2377007)
[20:37:58] ✓ Gol started
[20:38:01] Starting cold migration...
[20:38:01] Source: edge-node-1, Dest: edge-node-2
[20:38:01] Transfer mode: direct

[20:38:01] === COLD MIGRATION ===
[20:38:01] Step 1: Checking source process...
[20:38:01]   Using PID from /home/ubuntu/gol.pid: 2377007
[20:38:02]   Last gol value (pre-freeze): 
[20:38:02]   Architecture: x86_64 (compatible)
[20:38:02] Step 2: Dumping process with CRIU...
[20:38:03]   Frozen last gol value: 
[20:38:03]   Expected after restore: unknown
[20:38:03]   Checkpoint time: 615 ms
[20:38:03] Step 3: Creating archive...
[20:38:04]   Archive size: 25774 bytes
[20:38:04] Step 4: Transferring archive...
[20:38:04]   Setting up direct SSH trust...
Setting up SSH trust: edge-node-1 → ubuntu@10.22.132.239
  Adding public key to destination's authorized_keys...
  Testing SSH connectivity...
  ✓ SSH trust ready
Setting up SSH trust: edge-node-1 → ubuntu@10.22.132.239
  Adding public key to destination's authorized_keys...
  Testing SSH connectivity...
  ✓ SSH trust ready
  Transferring /home/ubuntu/CRIU-gol.tar.gz via SCP...
[20:38:08]   Transfer time: 3113 ms
[20:38:08] Step 5: Unpacking on destination...
[20:38:09] Step 6: Preparing restore environment...
[20:38:09] Step 6.5: Ensuring /tmp/gol binary is present on destination...
[20:38:10] Step 7: Restoring process...
[20:38:10]   Restore time: 302 ms
[20:38:10]   Restored PID: 2377007 (written to /home/ubuntu/gol.pid)
[20:38:10] Step 8: Verifying migration...
[20:38:13] WARNING: Could not validate restored process state
[20:38:13] Total downtime: 4030 ms
[20:38:13] Effective bandwidth: 0.07 Mbps
[20:38:13] Metrics saved to /home/ivo/Documents/University/4to/Thesis-AAAAAAAa/Container-vs-Wasm-Service-Migration/Game-of-life-migration/metrics/migration_metrics.csv

=== RUN 22-04-2026-direct-cold-0011 ===

[20:38:15] Resetting nodes: edge-node-1 -> edge-node-2
[20:38:15] Step 1: Killing any existing processes on source...
[20:38:15]   Killing PID 2377007 (from /home/ubuntu/app.pid)
[20:38:16]   Killing PID 2377007 (from /home/ubuntu/gol.pid)
[20:38:16]   Killing any remaining background processes...
[20:38:17] Step 2: Cleaning source node...
[20:38:19] Step 3: Cleaning destination node...
[20:38:19]   Killing PID 2377007 on destination (from /home/ubuntu/app.pid)
[20:38:20]   Killing PID 2377007 on destination (from /home/ubuntu/gol.pid)
[20:38:20]   Killing all remaining gol processes on destination...
[20:38:23] ✓ Reset complete, nodes are clean
[20:38:23]   Next: Start your application
[20:38:23] Transferring gol.c to edge-node-1...
[20:38:24] Compiling gol.c on edge-node-1...
[20:38:24] Starting gol on edge-node-1...
✓ C gol running (PID: 2378686)
[20:38:25] ✓ Gol started
[20:38:28] Starting cold migration...
[20:38:28] Source: edge-node-1, Dest: edge-node-2
[20:38:28] Transfer mode: direct

[20:38:28] === COLD MIGRATION ===
[20:38:28] Step 1: Checking source process...
[20:38:29]   Using PID from /home/ubuntu/gol.pid: 2378686
[20:38:29]   Last gol value (pre-freeze): 
[20:38:30]   Architecture: x86_64 (compatible)
[20:38:30] Step 2: Dumping process with CRIU...
[20:38:30]   Frozen last gol value: 
[20:38:30]   Expected after restore: unknown
[20:38:30]   Checkpoint time: 616 ms
[20:38:30] Step 3: Creating archive...
[20:38:31]   Archive size: 25536 bytes
[20:38:31] Step 4: Transferring archive...
[20:38:31]   Setting up direct SSH trust...
Setting up SSH trust: edge-node-1 → ubuntu@10.22.132.239
  Adding public key to destination's authorized_keys...
  Testing SSH connectivity...
  ✓ SSH trust ready
Setting up SSH trust: edge-node-1 → ubuntu@10.22.132.239
  Adding public key to destination's authorized_keys...
  Testing SSH connectivity...
  ✓ SSH trust ready
  Transferring /home/ubuntu/CRIU-gol.tar.gz via SCP...
[20:38:35]   Transfer time: 2879 ms
[20:38:35] Step 5: Unpacking on destination...
[20:38:36] Step 6: Preparing restore environment...
[20:38:36] Step 6.5: Ensuring /tmp/gol binary is present on destination...
[20:38:37] Step 7: Restoring process...
[20:38:37]   Restore time: 303 ms
[20:38:37]   Restored PID: 2378686 (written to /home/ubuntu/gol.pid)
[20:38:37] Step 8: Verifying migration...
[20:38:40] WARNING: Could not validate restored process state
[20:38:40] Total downtime: 3798 ms
[20:38:40] Effective bandwidth: 0.07 Mbps
[20:38:40] Metrics saved to /home/ivo/Documents/University/4to/Thesis-AAAAAAAa/Container-vs-Wasm-Service-Migration/Game-of-life-migration/metrics/migration_metrics.csv

=== RUN 22-04-2026-direct-cold-0012 ===

[20:38:41] Resetting nodes: edge-node-1 -> edge-node-2
[20:38:41] Step 1: Killing any existing processes on source...
[20:38:42]   Killing PID 2378686 (from /home/ubuntu/app.pid)
[20:38:42]   Killing PID 2378686 (from /home/ubuntu/gol.pid)
[20:38:43]   Killing any remaining background processes...
[20:38:44] Step 2: Cleaning source node...
[20:38:45] Step 3: Cleaning destination node...
[20:38:46]   Killing PID 2378686 on destination (from /home/ubuntu/app.pid)
[20:38:46]   Killing PID 2378686 on destination (from /home/ubuntu/gol.pid)
[20:38:47]   Killing all remaining gol processes on destination...
[20:38:50] ✓ Reset complete, nodes are clean
[20:38:50]   Next: Start your application
[20:38:50] Transferring gol.c to edge-node-1...
[20:38:50] Compiling gol.c on edge-node-1...
[20:38:51] Starting gol on edge-node-1...
✓ C gol running (PID: 2380356)
[20:38:52] ✓ Gol started
[20:38:55] Starting cold migration...
[20:38:55] Source: edge-node-1, Dest: edge-node-2
[20:38:55] Transfer mode: direct

[20:38:55] === COLD MIGRATION ===
[20:38:55] Step 1: Checking source process...
[20:38:55]   Using PID from /home/ubuntu/gol.pid: 2380356
[20:38:56]   Last gol value (pre-freeze): 
[20:38:56]   Architecture: x86_64 (compatible)
[20:38:56] Step 2: Dumping process with CRIU...
[20:38:57]   Frozen last gol value: 
[20:38:57]   Expected after restore: unknown
[20:38:57]   Checkpoint time: 604 ms
[20:38:57] Step 3: Creating archive...
[20:38:57]   Archive size: 25715 bytes
[20:38:57] Step 4: Transferring archive...
[20:38:57]   Setting up direct SSH trust...
Setting up SSH trust: edge-node-1 → ubuntu@10.22.132.239
  Adding public key to destination's authorized_keys...
  Testing SSH connectivity...
  ✓ SSH trust ready
Setting up SSH trust: edge-node-1 → ubuntu@10.22.132.239
  Adding public key to destination's authorized_keys...
  Testing SSH connectivity...
  ✓ SSH trust ready
  Transferring /home/ubuntu/CRIU-gol.tar.gz via SCP...
[20:39:02]   Transfer time: 2860 ms
[20:39:02] Step 5: Unpacking on destination...
[20:39:03] Step 6: Preparing restore environment...
[20:39:03] Step 6.5: Ensuring /tmp/gol binary is present on destination...
[20:39:03] Step 7: Restoring process...
[20:39:04]   Restore time: 303 ms
[20:39:04]   Restored PID: 2380356 (written to /home/ubuntu/gol.pid)
[20:39:04] Step 8: Verifying migration...
[20:39:07] WARNING: Could not validate restored process state
[20:39:07] Total downtime: 3767 ms
[20:39:07] Effective bandwidth: 0.07 Mbps
[20:39:07] Metrics saved to /home/ivo/Documents/University/4to/Thesis-AAAAAAAa/Container-vs-Wasm-Service-Migration/Game-of-life-migration/metrics/migration_metrics.csv

=== RUN 22-04-2026-direct-cold-0013 ===

[20:39:08] Resetting nodes: edge-node-1 -> edge-node-2
[20:39:08] Step 1: Killing any existing processes on source...
[20:39:09]   Killing PID 2380356 (from /home/ubuntu/app.pid)
[20:39:09]   Killing PID 2380356 (from /home/ubuntu/gol.pid)
[20:39:10]   Killing any remaining background processes...
[20:39:11] Step 2: Cleaning source node...
[20:39:12] Step 3: Cleaning destination node...
[20:39:13]   Killing PID 2380356 on destination (from /home/ubuntu/app.pid)
[20:39:13]   Killing PID 2380356 on destination (from /home/ubuntu/gol.pid)
[20:39:14]   Killing all remaining gol processes on destination...
[20:39:17] ✓ Reset complete, nodes are clean
[20:39:17]   Next: Start your application
[20:39:17] Transferring gol.c to edge-node-1...
[20:39:18] Compiling gol.c on edge-node-1...
[20:39:18] Starting gol on edge-node-1...
✓ C gol running (PID: 2382028)
[20:39:20] ✓ Gol started
[20:39:22] Starting cold migration...
[20:39:22] Source: edge-node-1, Dest: edge-node-2
[20:39:22] Transfer mode: direct

[20:39:22] === COLD MIGRATION ===
[20:39:22] Step 1: Checking source process...
[20:39:23]   Using PID from /home/ubuntu/gol.pid: 2382028
[20:39:23]   Last gol value (pre-freeze): 
[20:39:24]   Architecture: x86_64 (compatible)
[20:39:24] Step 2: Dumping process with CRIU...
[20:39:24]   Frozen last gol value: 
[20:39:24]   Expected after restore: unknown
[20:39:24]   Checkpoint time: 589 ms
[20:39:24] Step 3: Creating archive...
[20:39:25]   Archive size: 25467 bytes
[20:39:25] Step 4: Transferring archive...
[20:39:25]   Setting up direct SSH trust...
Setting up SSH trust: edge-node-1 → ubuntu@10.22.132.239
  Adding public key to destination's authorized_keys...
  Testing SSH connectivity...
  ✓ SSH trust ready
Setting up SSH trust: edge-node-1 → ubuntu@10.22.132.239
  Adding public key to destination's authorized_keys...
  Testing SSH connectivity...
  ✓ SSH trust ready
  Transferring /home/ubuntu/CRIU-gol.tar.gz via SCP...
[20:39:29]   Transfer time: 2812 ms
[20:39:29] Step 5: Unpacking on destination...
[20:39:30] Step 6: Preparing restore environment...
[20:39:30] Step 6.5: Ensuring /tmp/gol binary is present on destination...
[20:39:31] Step 7: Restoring process...
[20:39:31]   Restore time: 317 ms
[20:39:31]   Restored PID: 2382028 (written to /home/ubuntu/gol.pid)
[20:39:31] Step 8: Verifying migration...
[20:39:35] WARNING: Could not validate restored process state
[20:39:35] Total downtime: 3718 ms
[20:39:35] Effective bandwidth: 0.07 Mbps
[20:39:35] Metrics saved to /home/ivo/Documents/University/4to/Thesis-AAAAAAAa/Container-vs-Wasm-Service-Migration/Game-of-life-migration/metrics/migration_metrics.csv

=== RUN 22-04-2026-direct-cold-0014 ===

[20:39:35] Resetting nodes: edge-node-1 -> edge-node-2
[20:39:35] Step 1: Killing any existing processes on source...
[20:39:36]   Killing PID 2382028 (from /home/ubuntu/app.pid)
[20:39:36]   Killing PID 2382028 (from /home/ubuntu/gol.pid)
[20:39:37]   Killing any remaining background processes...
[20:39:38] Step 2: Cleaning source node...
[20:39:39] Step 3: Cleaning destination node...
[20:39:40]   Killing PID 2382028 on destination (from /home/ubuntu/app.pid)
[20:39:40]   Killing PID 2382028 on destination (from /home/ubuntu/gol.pid)
[20:39:41]   Killing all remaining gol processes on destination...
[20:39:44] ✓ Reset complete, nodes are clean
[20:39:44]   Next: Start your application
[20:39:44] Transferring gol.c to edge-node-1...
[20:39:44] Compiling gol.c on edge-node-1...
[20:39:45] Starting gol on edge-node-1...
✓ C gol running (PID: 2383701)
[20:39:46] ✓ Gol started
[20:39:49] Starting cold migration...
[20:39:49] Source: edge-node-1, Dest: edge-node-2
[20:39:49] Transfer mode: direct

[20:39:49] === COLD MIGRATION ===
[20:39:49] Step 1: Checking source process...
[20:39:49]   Using PID from /home/ubuntu/gol.pid: 2383701
[20:39:50]   Last gol value (pre-freeze): 
[20:39:50]   Architecture: x86_64 (compatible)
[20:39:50] Step 2: Dumping process with CRIU...
[20:39:51]   Frozen last gol value: 
[20:39:51]   Expected after restore: unknown
[20:39:51]   Checkpoint time: 592 ms
[20:39:51] Step 3: Creating archive...
[20:39:51]   Archive size: 25618 bytes
[20:39:51] Step 4: Transferring archive...
[20:39:51]   Setting up direct SSH trust...
Setting up SSH trust: edge-node-1 → ubuntu@10.22.132.239
  Adding public key to destination's authorized_keys...
  Testing SSH connectivity...
  ✓ SSH trust ready
Setting up SSH trust: edge-node-1 → ubuntu@10.22.132.239
  Adding public key to destination's authorized_keys...
  Testing SSH connectivity...
  ✓ SSH trust ready
  Transferring /home/ubuntu/CRIU-gol.tar.gz via SCP...
[20:39:56]   Transfer time: 2830 ms
[20:39:56] Step 5: Unpacking on destination...
[20:39:56] Step 6: Preparing restore environment...
[20:39:57] Step 6.5: Ensuring /tmp/gol binary is present on destination...
[20:39:57] Step 7: Restoring process...
[20:39:57]   Restore time: 311 ms
[20:39:58]   Restored PID: 2383701 (written to /home/ubuntu/gol.pid)
[20:39:58] Step 8: Verifying migration...
[20:40:01] WARNING: Could not validate restored process state
[20:40:01] Total downtime: 3733 ms
[20:40:01] Effective bandwidth: 0.07 Mbps
[20:40:01] Metrics saved to /home/ivo/Documents/University/4to/Thesis-AAAAAAAa/Container-vs-Wasm-Service-Migration/Game-of-life-migration/metrics/migration_metrics.csv

=== RUN 22-04-2026-direct-cold-0015 ===

[20:40:02] Resetting nodes: edge-node-1 -> edge-node-2
[20:40:02] Step 1: Killing any existing processes on source...
[20:40:02]   Killing PID 2383701 (from /home/ubuntu/app.pid)
[20:40:03]   Killing PID 2383701 (from /home/ubuntu/gol.pid)
[20:40:04]   Killing any remaining background processes...
[20:40:05] Step 2: Cleaning source node...
[20:40:06] Step 3: Cleaning destination node...
[20:40:06]   Killing PID 2383701 on destination (from /home/ubuntu/app.pid)
[20:40:07]   Killing PID 2383701 on destination (from /home/ubuntu/gol.pid)
[20:40:08]   Killing all remaining gol processes on destination...
[20:40:11] ✓ Reset complete, nodes are clean
[20:40:11]   Next: Start your application
[20:40:11] Transferring gol.c to edge-node-1...
[20:40:12] Compiling gol.c on edge-node-1...
[20:40:12] Starting gol on edge-node-1...
✓ C gol running (PID: 2385373)
[20:40:13] ✓ Gol started
[20:40:16] Starting cold migration...
[20:40:16] Source: edge-node-1, Dest: edge-node-2
[20:40:16] Transfer mode: direct

[20:40:16] === COLD MIGRATION ===
[20:40:16] Step 1: Checking source process...
[20:40:17]   Using PID from /home/ubuntu/gol.pid: 2385373
[20:40:17]   Last gol value (pre-freeze): 
[20:40:17]   Architecture: x86_64 (compatible)
[20:40:17] Step 2: Dumping process with CRIU...
[20:40:18]   Frozen last gol value: 
[20:40:18]   Expected after restore: unknown
[20:40:18]   Checkpoint time: 889 ms
[20:40:18] Step 3: Creating archive...
[20:40:19]   Archive size: 25575 bytes
[20:40:19] Step 4: Transferring archive...
[20:40:19]   Setting up direct SSH trust...
Setting up SSH trust: edge-node-1 → ubuntu@10.22.132.239
  Adding public key to destination's authorized_keys...
  Testing SSH connectivity...
  ✓ SSH trust ready
Setting up SSH trust: edge-node-1 → ubuntu@10.22.132.239
  Adding public key to destination's authorized_keys...
  Testing SSH connectivity...
  ✓ SSH trust ready
  Transferring /home/ubuntu/CRIU-gol.tar.gz via SCP...
[20:40:24]   Transfer time: 2839 ms
[20:40:24] Step 5: Unpacking on destination...
[20:40:24] Step 6: Preparing restore environment...
[20:40:24] Step 6.5: Ensuring /tmp/gol binary is present on destination...
[20:40:25] Step 7: Restoring process...
[20:40:25]   Restore time: 300 ms
[20:40:25]   Restored PID: 2385373 (written to /home/ubuntu/gol.pid)
[20:40:25] Step 8: Verifying migration...
[20:40:29] WARNING: Could not validate restored process state
[20:40:29] Total downtime: 4028 ms
[20:40:29] Effective bandwidth: 0.07 Mbps
[20:40:29] Metrics saved to /home/ivo/Documents/University/4to/Thesis-AAAAAAAa/Container-vs-Wasm-Service-Migration/Game-of-life-migration/metrics/migration_metrics.csv

=== RUN 22-04-2026-direct-cold-0016 ===

[20:40:29] Resetting nodes: edge-node-1 -> edge-node-2
[20:40:29] Step 1: Killing any existing processes on source...
[20:40:30]   Killing PID 2385373 (from /home/ubuntu/app.pid)
[20:40:30]   Killing PID 2385373 (from /home/ubuntu/gol.pid)
[20:40:31]   Killing any remaining background processes...
[20:40:32] Step 2: Cleaning source node...
[20:40:33] Step 3: Cleaning destination node...
[20:40:34]   Killing PID 2385373 on destination (from /home/ubuntu/app.pid)
[20:40:34]   Killing PID 2385373 on destination (from /home/ubuntu/gol.pid)
[20:40:35]   Killing all remaining gol processes on destination...
[20:40:38] ✓ Reset complete, nodes are clean
[20:40:38]   Next: Start your application
[20:40:38] Transferring gol.c to edge-node-1...
[20:40:38] Compiling gol.c on edge-node-1...
[20:40:39] Starting gol on edge-node-1...
✓ C gol running (PID: 2387043)
[20:40:40] ✓ Gol started
[20:40:43] Starting cold migration...
[20:40:43] Source: edge-node-1, Dest: edge-node-2
[20:40:43] Transfer mode: direct

[20:40:43] === COLD MIGRATION ===
[20:40:43] Step 1: Checking source process...
[20:40:43]   Using PID from /home/ubuntu/gol.pid: 2387043
[20:40:44]   Last gol value (pre-freeze): 
[20:40:44]   Architecture: x86_64 (compatible)
[20:40:44] Step 2: Dumping process with CRIU...
[20:40:45]   Frozen last gol value: 
[20:40:45]   Expected after restore: unknown
[20:40:45]   Checkpoint time: 604 ms
[20:40:45] Step 3: Creating archive...
[20:40:45]   Archive size: 25774 bytes
[20:40:45] Step 4: Transferring archive...
[20:40:45]   Setting up direct SSH trust...
Setting up SSH trust: edge-node-1 → ubuntu@10.22.132.239
  Adding public key to destination's authorized_keys...
  Testing SSH connectivity...
  ✓ SSH trust ready
Setting up SSH trust: edge-node-1 → ubuntu@10.22.132.239
  Adding public key to destination's authorized_keys...
  Testing SSH connectivity...
  ✓ SSH trust ready
  Transferring /home/ubuntu/CRIU-gol.tar.gz via SCP...
[20:40:50]   Transfer time: 2834 ms
[20:40:50] Step 5: Unpacking on destination...
[20:40:50] Step 6: Preparing restore environment...
[20:40:51] Step 6.5: Ensuring /tmp/gol binary is present on destination...
[20:40:51] Step 7: Restoring process...
[20:40:52]   Restore time: 313 ms
[20:40:52]   Restored PID: 2387043 (written to /home/ubuntu/gol.pid)
[20:40:52] Step 8: Verifying migration...
[20:40:55] WARNING: Could not validate restored process state
[20:40:55] Total downtime: 3751 ms
[20:40:55] Effective bandwidth: 0.07 Mbps
[20:40:55] Metrics saved to /home/ivo/Documents/University/4to/Thesis-AAAAAAAa/Container-vs-Wasm-Service-Migration/Game-of-life-migration/metrics/migration_metrics.csv

=== RUN 22-04-2026-direct-cold-0017 ===

[20:40:56] Resetting nodes: edge-node-1 -> edge-node-2
[20:40:56] Step 1: Killing any existing processes on source...
[20:40:56]   Killing PID 2387043 (from /home/ubuntu/app.pid)
[20:40:57]   Killing PID 2387043 (from /home/ubuntu/gol.pid)
[20:40:57]   Killing any remaining background processes...
[20:40:59] Step 2: Cleaning source node...
[20:41:00] Step 3: Cleaning destination node...
[20:41:00]   Killing PID 2387043 on destination (from /home/ubuntu/app.pid)
[20:41:01]   Killing PID 2387043 on destination (from /home/ubuntu/gol.pid)
[20:41:01]   Killing all remaining gol processes on destination...
[20:41:05] ✓ Reset complete, nodes are clean
[20:41:05]   Next: Start your application
[20:41:05] Transferring gol.c to edge-node-1...
[20:41:05] Compiling gol.c on edge-node-1...
[20:41:06] Starting gol on edge-node-1...
✓ C gol running (PID: 2388717)
[20:41:07] ✓ Gol started
[20:41:10] Starting cold migration...
[20:41:10] Source: edge-node-1, Dest: edge-node-2
[20:41:10] Transfer mode: direct

[20:41:10] === COLD MIGRATION ===
[20:41:10] Step 1: Checking source process...
[20:41:10]   Using PID from /home/ubuntu/gol.pid: 2388717
[20:41:11]   Last gol value (pre-freeze): 
[20:41:11]   Architecture: x86_64 (compatible)
[20:41:11] Step 2: Dumping process with CRIU...
[20:41:12]   Frozen last gol value: 
[20:41:12]   Expected after restore: unknown
[20:41:12]   Checkpoint time: 600 ms
[20:41:12] Step 3: Creating archive...
[20:41:13]   Archive size: 25490 bytes
[20:41:13] Step 4: Transferring archive...
[20:41:13]   Setting up direct SSH trust...
Setting up SSH trust: edge-node-1 → ubuntu@10.22.132.239
  Adding public key to destination's authorized_keys...
  Testing SSH connectivity...
  ✓ SSH trust ready
Setting up SSH trust: edge-node-1 → ubuntu@10.22.132.239
  Adding public key to destination's authorized_keys...
  Testing SSH connectivity...
  ✓ SSH trust ready
  Transferring /home/ubuntu/CRIU-gol.tar.gz via SCP...
[20:41:17]   Transfer time: 2835 ms
[20:41:17] Step 5: Unpacking on destination...
[20:41:17] Step 6: Preparing restore environment...
[20:41:18] Step 6.5: Ensuring /tmp/gol binary is present on destination...
[20:41:18] Step 7: Restoring process...
[20:41:19]   Restore time: 308 ms
[20:41:19]   Restored PID: 2388717 (written to /home/ubuntu/gol.pid)
[20:41:19] Step 8: Verifying migration...
[20:41:22] WARNING: Could not validate restored process state
[20:41:22] Total downtime: 3743 ms
[20:41:22] Effective bandwidth: 0.07 Mbps
[20:41:22] Metrics saved to /home/ivo/Documents/University/4to/Thesis-AAAAAAAa/Container-vs-Wasm-Service-Migration/Game-of-life-migration/metrics/migration_metrics.csv

=== RUN 22-04-2026-direct-cold-0018 ===

[20:41:23] Resetting nodes: edge-node-1 -> edge-node-2
[20:41:23] Step 1: Killing any existing processes on source...
[20:41:24]   Killing PID 2388717 (from /home/ubuntu/app.pid)
[20:41:24]   Killing PID 2388717 (from /home/ubuntu/gol.pid)
[20:41:25]   Killing any remaining background processes...
[20:41:26] Step 2: Cleaning source node...
[20:41:27] Step 3: Cleaning destination node...
[20:41:28]   Killing PID 2388717 on destination (from /home/ubuntu/app.pid)
[20:41:28]   Killing PID 2388717 on destination (from /home/ubuntu/gol.pid)
[20:41:29]   Killing all remaining gol processes on destination...
[20:41:32] ✓ Reset complete, nodes are clean
[20:41:32]   Next: Start your application
[20:41:32] Transferring gol.c to edge-node-1...
[20:41:32] Compiling gol.c on edge-node-1...
[20:41:33] Starting gol on edge-node-1...
✓ C gol running (PID: 2390651)
[20:41:34] ✓ Gol started
[20:41:37] Starting cold migration...
[20:41:37] Source: edge-node-1, Dest: edge-node-2
[20:41:37] Transfer mode: direct

[20:41:37] === COLD MIGRATION ===
[20:41:37] Step 1: Checking source process...
[20:41:38]   Using PID from /home/ubuntu/gol.pid: 2390651
[20:41:38]   Last gol value (pre-freeze): 
[20:41:39]   Architecture: x86_64 (compatible)
[20:41:39] Step 2: Dumping process with CRIU...
[20:41:39]   Frozen last gol value: 
[20:41:39]   Expected after restore: unknown
[20:41:39]   Checkpoint time: 603 ms
[20:41:39] Step 3: Creating archive...
[20:41:40]   Archive size: 25359 bytes
[20:41:40] Step 4: Transferring archive...
[20:41:40]   Setting up direct SSH trust...
Setting up SSH trust: edge-node-1 → ubuntu@10.22.132.239
  Adding public key to destination's authorized_keys...
  Testing SSH connectivity...
  ✓ SSH trust ready
Setting up SSH trust: edge-node-1 → ubuntu@10.22.132.239
  Adding public key to destination's authorized_keys...
  Testing SSH connectivity...
  ✓ SSH trust ready
  Transferring /home/ubuntu/CRIU-gol.tar.gz via SCP...
[20:41:44]   Transfer time: 2815 ms
[20:41:44] Step 5: Unpacking on destination...
[20:41:45] Step 6: Preparing restore environment...
[20:41:45] Step 6.5: Ensuring /tmp/gol binary is present on destination...
[20:41:46] Step 7: Restoring process...
[20:41:46]   Restore time: 310 ms
[20:41:46]   Restored PID: 2390651 (written to /home/ubuntu/gol.pid)
[20:41:46] Step 8: Verifying migration...
[20:41:50] WARNING: Could not validate restored process state
[20:41:50] Total downtime: 3728 ms
[20:41:50] Effective bandwidth: 0.07 Mbps
[20:41:50] Metrics saved to /home/ivo/Documents/University/4to/Thesis-AAAAAAAa/Container-vs-Wasm-Service-Migration/Game-of-life-migration/metrics/migration_metrics.csv

=== RUN 22-04-2026-direct-cold-0019 ===

[20:41:50] Resetting nodes: edge-node-1 -> edge-node-2
[20:41:50] Step 1: Killing any existing processes on source...
[20:41:51]   Killing PID 2390651 (from /home/ubuntu/app.pid)
[20:41:51]   Killing PID 2390651 (from /home/ubuntu/gol.pid)
[20:41:52]   Killing any remaining background processes...
[20:41:53] Step 2: Cleaning source node...
[20:41:54] Step 3: Cleaning destination node...
[20:41:55]   Killing PID 2390651 on destination (from /home/ubuntu/app.pid)
[20:41:55]   Killing PID 2390651 on destination (from /home/ubuntu/gol.pid)
[20:41:56]   Killing all remaining gol processes on destination...
[20:41:59] ✓ Reset complete, nodes are clean
[20:41:59]   Next: Start your application
[20:41:59] Transferring gol.c to edge-node-1...
[20:41:59] Compiling gol.c on edge-node-1...
[20:42:00] Starting gol on edge-node-1...
✓ C gol running (PID: 2392314)
[20:42:01] ✓ Gol started
[20:42:04] Starting cold migration...
[20:42:04] Source: edge-node-1, Dest: edge-node-2
[20:42:04] Transfer mode: direct

[20:42:04] === COLD MIGRATION ===
[20:42:04] Step 1: Checking source process...
[20:42:04]   Using PID from /home/ubuntu/gol.pid: 2392314
[20:42:05]   Last gol value (pre-freeze): 
[20:42:05]   Architecture: x86_64 (compatible)
[20:42:05] Step 2: Dumping process with CRIU...
[20:42:06]   Frozen last gol value: 
[20:42:06]   Expected after restore: unknown
[20:42:06]   Checkpoint time: 598 ms
[20:42:06] Step 3: Creating archive...
[20:42:06]   Archive size: 25385 bytes
[20:42:06] Step 4: Transferring archive...
[20:42:06]   Setting up direct SSH trust...
Setting up SSH trust: edge-node-1 → ubuntu@10.22.132.239
  Adding public key to destination's authorized_keys...
  Testing SSH connectivity...
  ✓ SSH trust ready
Setting up SSH trust: edge-node-1 → ubuntu@10.22.132.239
  Adding public key to destination's authorized_keys...
  Testing SSH connectivity...
  ✓ SSH trust ready
  Transferring /home/ubuntu/CRIU-gol.tar.gz via SCP...
[20:42:11]   Transfer time: 3102 ms
[20:42:11] Step 5: Unpacking on destination...
[20:42:12] Step 6: Preparing restore environment...
[20:42:12] Step 6.5: Ensuring /tmp/gol binary is present on destination...
[20:42:13] Step 7: Restoring process...
[20:42:13]   Restore time: 306 ms
[20:42:13]   Restored PID: 2392314 (written to /home/ubuntu/gol.pid)
[20:42:13] Step 8: Verifying migration...
[20:42:16] WARNING: Could not validate restored process state
[20:42:16] Total downtime: 4006 ms
[20:42:16] Effective bandwidth: 0.07 Mbps
[20:42:16] Metrics saved to /home/ivo/Documents/University/4to/Thesis-AAAAAAAa/Container-vs-Wasm-Service-Migration/Game-of-life-migration/metrics/migration_metrics.csv

=== RUN 22-04-2026-host-precopy-0000 ===

[20:42:17] Resetting nodes: edge-node-1 -> edge-node-2
[20:42:17] Step 1: Killing any existing processes on source...
[20:42:17]   Killing PID 2392314 (from /home/ubuntu/app.pid)
[20:42:18]   Killing PID 2392314 (from /home/ubuntu/gol.pid)
[20:42:19]   Killing any remaining background processes...
[20:42:20] Step 2: Cleaning source node...
[20:42:21] Step 3: Cleaning destination node...
[20:42:21]   Killing PID 2392314 on destination (from /home/ubuntu/app.pid)
[20:42:22]   Killing PID 2392314 on destination (from /home/ubuntu/gol.pid)
[20:42:23]   Killing all remaining gol processes on destination...
[20:42:26] ✓ Reset complete, nodes are clean
[20:42:26]   Next: Start your application
[20:42:26] Transferring gol.c to edge-node-1...
[20:42:27] Compiling gol.c on edge-node-1...
[20:42:27] Starting gol on edge-node-1...
✓ C gol running (PID: 2393992)
[20:42:28] ✓ Gol started
[20:42:31] Starting precopy migration...
[20:42:31] Source: edge-node-1, Dest: edge-node-2
[20:42:31] Transfer mode: host
[20:42:31] Relay node: edge-host-1

[20:42:31] === PRE-COPY LIVE MIGRATION ===
[20:42:31] Step 1: Checking source process...
[20:42:32]   Using PID from /home/ubuntu/gol.pid: 2393992
[20:42:32]   Last gol value (pre-dumps start): 
[20:42:32]   Architecture: x86_64 (compatible)
[20:42:32] Step 2: Preparing dump directory...
[20:42:33] Step 3: Running 3 pre-dumps...
[20:42:33]   Pre-dump 1/3...
[20:42:34]   Pre-dump 2/3...
[20:42:35]   Pre-dump 3/3...
[20:42:37]   Total pre-dump time: 3944 ms
[20:42:37] Step 4: Final dump (freezing service)...
[20:42:37]   Frozen last gol value: 
[20:42:37]   Expected after restore: unknown
[20:42:37]   Final dump time (freeze duration): 593 ms
[20:42:37] Step 5: Creating archive...
[20:42:38]   Archive size: 33043 bytes
[20:42:38] Step 6: Transferring archive...
  Transferring /tmp/CRIU-gol.tar.gz via relay node edge-host-1...
Setting up SSH trust: edge-node-1 → ubuntu@10.22.132.176
  Adding public key to destination's authorized_keys...
  Testing SSH connectivity...
  ✓ SSH trust ready
Setting up SSH trust: edge-host-1 → ubuntu@10.22.132.239
  Adding public key to destination's authorized_keys...
  Testing SSH connectivity...
  ✓ SSH trust ready
[20:42:44]   Transfer time: 6482 ms
[20:42:44] Step 7: Unpacking on destination...
[20:42:45] Step 7.5: Ensuring gol output file exists on destination...
[20:42:45] Step 7.8: Ensuring /tmp/gol binary is present on destination...
[20:42:45] Step 8: Restoring process...
[20:42:46]   Restore time: 306 ms
[20:42:46]   Restored PID: 2393992 (written to /home/ubuntu/gol.pid)
[20:42:46] Step 9: Verifying migration...
[20:42:49] WARNING: Could not validate restored process state
[20:42:49] Total downtime: 7381 ms (final_dump: 593 + transfer: 6482 + restore: 306)
[20:42:49] Pre-dump time (not counted as downtime): 3944 ms
[20:42:49] Effective bandwidth: 0.04 Mbps
[20:42:49] Metrics saved to /home/ivo/Documents/University/4to/Thesis-AAAAAAAa/Container-vs-Wasm-Service-Migration/Game-of-life-migration/metrics/migration_metrics.csv

=== RUN 22-04-2026-host-precopy-0001 ===

[20:42:50] Resetting nodes: edge-node-1 -> edge-node-2
[20:42:50] Step 1: Killing any existing processes on source...
[20:42:50]   Killing PID 2393992 (from /home/ubuntu/app.pid)
[20:42:51]   Killing PID 2393992 (from /home/ubuntu/gol.pid)
[20:42:51]   Killing any remaining background processes...
[20:42:53] Step 2: Cleaning source node...
[20:42:54] Step 3: Cleaning destination node...
[20:42:54]   Killing PID 2393992 on destination (from /home/ubuntu/app.pid)
[20:42:55]   Killing PID 2393992 on destination (from /home/ubuntu/gol.pid)
[20:42:55]   Killing all remaining gol processes on destination...
[20:42:59] ✓ Reset complete, nodes are clean
[20:42:59]   Next: Start your application
[20:42:59] Transferring gol.c to edge-node-1...
[20:42:59] Compiling gol.c on edge-node-1...
[20:42:59] Starting gol on edge-node-1...
✓ C gol running (PID: 2395774)
[20:43:01] ✓ Gol started
[20:43:03] Starting precopy migration...
[20:43:03] Source: edge-node-1, Dest: edge-node-2
[20:43:03] Transfer mode: host
[20:43:03] Relay node: edge-host-1

[20:43:03] === PRE-COPY LIVE MIGRATION ===
[20:43:03] Step 1: Checking source process...
[20:43:04]   Using PID from /home/ubuntu/gol.pid: 2395774
[20:43:04]   Last gol value (pre-dumps start): 
[20:43:05]   Architecture: x86_64 (compatible)
[20:43:05] Step 2: Preparing dump directory...
[20:43:05] Step 3: Running 3 pre-dumps...
[20:43:05]   Pre-dump 1/3...
[20:43:06]   Pre-dump 2/3...
[20:43:08]   Pre-dump 3/3...
[20:43:09]   Total pre-dump time: 3942 ms
[20:43:09] Step 4: Final dump (freezing service)...
[20:43:10]   Frozen last gol value: 
[20:43:10]   Expected after restore: unknown
[20:43:10]   Final dump time (freeze duration): 580 ms
[20:43:10] Step 5: Creating archive...
[20:43:10]   Archive size: 33695 bytes
[20:43:10] Step 6: Transferring archive...
  Transferring /tmp/CRIU-gol.tar.gz via relay node edge-host-1...
Setting up SSH trust: edge-node-1 → ubuntu@10.22.132.176
  Adding public key to destination's authorized_keys...
  Testing SSH connectivity...
  ✓ SSH trust ready
Setting up SSH trust: edge-host-1 → ubuntu@10.22.132.239
  Adding public key to destination's authorized_keys...
  Testing SSH connectivity...
  ✓ SSH trust ready
[20:43:17]   Transfer time: 6565 ms
[20:43:17] Step 7: Unpacking on destination...
[20:43:17] Step 7.5: Ensuring gol output file exists on destination...
[20:43:17] Step 7.8: Ensuring /tmp/gol binary is present on destination...
[20:43:18] Step 8: Restoring process...
[20:43:18]   Restore time: 302 ms
[20:43:18]   Restored PID: 2395774 (written to /home/ubuntu/gol.pid)
[20:43:18] Step 9: Verifying migration...
[20:43:22] WARNING: Could not validate restored process state
[20:43:22] Total downtime: 7447 ms (final_dump: 580 + transfer: 6565 + restore: 302)
[20:43:22] Pre-dump time (not counted as downtime): 3942 ms
[20:43:22] Effective bandwidth: 0.04 Mbps
[20:43:22] Metrics saved to /home/ivo/Documents/University/4to/Thesis-AAAAAAAa/Container-vs-Wasm-Service-Migration/Game-of-life-migration/metrics/migration_metrics.csv

=== RUN 22-04-2026-host-precopy-0002 ===

[20:43:22] Resetting nodes: edge-node-1 -> edge-node-2
[20:43:22] Step 1: Killing any existing processes on source...
[20:43:23]   Killing PID 2395774 (from /home/ubuntu/app.pid)
[20:43:23]   Killing PID 2395774 (from /home/ubuntu/gol.pid)
[20:43:24]   Killing any remaining background processes...
[20:43:25] Step 2: Cleaning source node...
[20:43:26] Step 3: Cleaning destination node...
[20:43:27]   Killing PID 2395774 on destination (from /home/ubuntu/app.pid)
[20:43:27]   Killing PID 2395774 on destination (from /home/ubuntu/gol.pid)
[20:43:28]   Killing all remaining gol processes on destination...
[20:43:31] ✓ Reset complete, nodes are clean
[20:43:31]   Next: Start your application
[20:43:31] Transferring gol.c to edge-node-1...
[20:43:32] Compiling gol.c on edge-node-1...
[20:43:32] Starting gol on edge-node-1...
✓ C gol running (PID: 2397566)
[20:43:33] ✓ Gol started
[20:43:36] Starting precopy migration...
[20:43:36] Source: edge-node-1, Dest: edge-node-2
[20:43:36] Transfer mode: host
[20:43:36] Relay node: edge-host-1

[20:43:36] === PRE-COPY LIVE MIGRATION ===
[20:43:36] Step 1: Checking source process...
[20:43:37]   Using PID from /home/ubuntu/gol.pid: 2397566
[20:43:37]   Last gol value (pre-dumps start): 
[20:43:38]   Architecture: x86_64 (compatible)
[20:43:38] Step 2: Preparing dump directory...
[20:43:38] Step 3: Running 3 pre-dumps...
[20:43:38]   Pre-dump 1/3...
[20:43:39]   Pre-dump 2/3...
[20:43:40]   Pre-dump 3/3...
[20:43:42]   Total pre-dump time: 3928 ms
[20:43:42] Step 4: Final dump (freezing service)...
[20:43:42]   Frozen last gol value: 
[20:43:42]   Expected after restore: unknown
[20:43:42]   Final dump time (freeze duration): 584 ms
[20:43:42] Step 5: Creating archive...
[20:43:43]   Archive size: 33310 bytes
[20:43:43] Step 6: Transferring archive...
  Transferring /tmp/CRIU-gol.tar.gz via relay node edge-host-1...
Setting up SSH trust: edge-node-1 → ubuntu@10.22.132.176
  Adding public key to destination's authorized_keys...
  Testing SSH connectivity...
  ✓ SSH trust ready
Setting up SSH trust: edge-host-1 → ubuntu@10.22.132.239
  Adding public key to destination's authorized_keys...
  Testing SSH connectivity...
  ✓ SSH trust ready
[20:43:49]   Transfer time: 6537 ms
[20:43:49] Step 7: Unpacking on destination...
[20:43:50] Step 7.5: Ensuring gol output file exists on destination...
[20:43:50] Step 7.8: Ensuring /tmp/gol binary is present on destination...
[20:43:50] Step 8: Restoring process...
[20:43:51]   Restore time: 312 ms
[20:43:51]   Restored PID: 2397566 (written to /home/ubuntu/gol.pid)
[20:43:51] Step 9: Verifying migration...
[20:43:54] WARNING: Could not validate restored process state
[20:43:54] Total downtime: 7433 ms (final_dump: 584 + transfer: 6537 + restore: 312)
[20:43:54] Pre-dump time (not counted as downtime): 3928 ms
[20:43:54] Effective bandwidth: 0.04 Mbps
[20:43:54] Metrics saved to /home/ivo/Documents/University/4to/Thesis-AAAAAAAa/Container-vs-Wasm-Service-Migration/Game-of-life-migration/metrics/migration_metrics.csv

=== RUN 22-04-2026-host-precopy-0003 ===

[20:43:55] Resetting nodes: edge-node-1 -> edge-node-2
[20:43:55] Step 1: Killing any existing processes on source...
[20:43:55]   Killing PID 2397566 (from /home/ubuntu/app.pid)
[20:43:56]   Killing PID 2397566 (from /home/ubuntu/gol.pid)
[20:43:57]   Killing any remaining background processes...
[20:43:58] Step 2: Cleaning source node...
[20:43:59] Step 3: Cleaning destination node...
[20:43:59]   Killing PID 2397566 on destination (from /home/ubuntu/app.pid)
[20:44:00]   Killing PID 2397566 on destination (from /home/ubuntu/gol.pid)
[20:44:01]   Killing all remaining gol processes on destination...
[20:44:04] ✓ Reset complete, nodes are clean
[20:44:04]   Next: Start your application
[20:44:04] Transferring gol.c to edge-node-1...
[20:44:04] Compiling gol.c on edge-node-1...
[20:44:05] Starting gol on edge-node-1...
✓ C gol running (PID: 2399357)
[20:44:06] ✓ Gol started
[20:44:09] Starting precopy migration...
[20:44:09] Source: edge-node-1, Dest: edge-node-2
[20:44:09] Transfer mode: host
[20:44:09] Relay node: edge-host-1

[20:44:09] === PRE-COPY LIVE MIGRATION ===
[20:44:09] Step 1: Checking source process...
[20:44:09]   Using PID from /home/ubuntu/gol.pid: 2399357
[20:44:09]   Last gol value (pre-dumps start): 
[20:44:10]   Architecture: x86_64 (compatible)
[20:44:10] Step 2: Preparing dump directory...
[20:44:10] Step 3: Running 3 pre-dumps...
[20:44:10]   Pre-dump 1/3...
[20:44:12]   Pre-dump 2/3...
[20:44:13]   Pre-dump 3/3...
[20:44:14]   Total pre-dump time: 3911 ms
[20:44:14] Step 4: Final dump (freezing service)...
[20:44:15]   Frozen last gol value: 
[20:44:15]   Expected after restore: unknown
[20:44:15]   Final dump time (freeze duration): 571 ms
[20:44:15] Step 5: Creating archive...
[20:44:15]   Archive size: 33737 bytes
[20:44:15] Step 6: Transferring archive...
  Transferring /tmp/CRIU-gol.tar.gz via relay node edge-host-1...
Setting up SSH trust: edge-node-1 → ubuntu@10.22.132.176
  Adding public key to destination's authorized_keys...
  Testing SSH connectivity...
  ✓ SSH trust ready
Setting up SSH trust: edge-host-1 → ubuntu@10.22.132.239
  Adding public key to destination's authorized_keys...
  Testing SSH connectivity...
  ✓ SSH trust ready
[20:44:22]   Transfer time: 6579 ms
[20:44:22] Step 7: Unpacking on destination...
[20:44:22] Step 7.5: Ensuring gol output file exists on destination...
[20:44:22] Step 7.8: Ensuring /tmp/gol binary is present on destination...
[20:44:23] Step 8: Restoring process...
[20:44:23]   Restore time: 311 ms
[20:44:23]   Restored PID: 2399357 (written to /home/ubuntu/gol.pid)
[20:44:23] Step 9: Verifying migration...
[20:44:27] WARNING: Could not validate restored process state
[20:44:27] Total downtime: 7461 ms (final_dump: 571 + transfer: 6579 + restore: 311)
[20:44:27] Pre-dump time (not counted as downtime): 3911 ms
[20:44:27] Effective bandwidth: 0.04 Mbps
[20:44:27] Metrics saved to /home/ivo/Documents/University/4to/Thesis-AAAAAAAa/Container-vs-Wasm-Service-Migration/Game-of-life-migration/metrics/migration_metrics.csv

=== RUN 22-04-2026-host-precopy-0004 ===

[20:44:27] Resetting nodes: edge-node-1 -> edge-node-2
[20:44:27] Step 1: Killing any existing processes on source...
[20:44:28]   Killing PID 2399357 (from /home/ubuntu/app.pid)
[20:44:28]   Killing PID 2399357 (from /home/ubuntu/gol.pid)
[20:44:29]   Killing any remaining background processes...
[20:44:30] Step 2: Cleaning source node...
[20:44:31] Step 3: Cleaning destination node...
[20:44:32]   Killing PID 2399357 on destination (from /home/ubuntu/app.pid)
[20:44:32]   Killing PID 2399357 on destination (from /home/ubuntu/gol.pid)
[20:44:33]   Killing all remaining gol processes on destination...
[20:44:36] ✓ Reset complete, nodes are clean
[20:44:36]   Next: Start your application
[20:44:36] Transferring gol.c to edge-node-1...
[20:44:37] Compiling gol.c on edge-node-1...
[20:44:37] Starting gol on edge-node-1...
✓ C gol running (PID: 2401149)
[20:44:38] ✓ Gol started
[20:44:41] Starting precopy migration...
[20:44:41] Source: edge-node-1, Dest: edge-node-2
[20:44:41] Transfer mode: host
[20:44:41] Relay node: edge-host-1

[20:44:41] === PRE-COPY LIVE MIGRATION ===
[20:44:41] Step 1: Checking source process...
[20:44:42]   Using PID from /home/ubuntu/gol.pid: 2401149
[20:44:42]   Last gol value (pre-dumps start): 
[20:44:43]   Architecture: x86_64 (compatible)
[20:44:43] Step 2: Preparing dump directory...
[20:44:43] Step 3: Running 3 pre-dumps...
[20:44:43]   Pre-dump 1/3...
[20:44:44]   Pre-dump 2/3...
[20:44:46]   Pre-dump 3/3...
[20:44:47]   Total pre-dump time: 3926 ms
[20:44:47] Step 4: Final dump (freezing service)...
[20:44:48]   Frozen last gol value: 
[20:44:48]   Expected after restore: unknown
[20:44:48]   Final dump time (freeze duration): 719 ms
[20:44:48] Step 5: Creating archive...
[20:44:48]   Archive size: 32899 bytes
[20:44:48] Step 6: Transferring archive...
  Transferring /tmp/CRIU-gol.tar.gz via relay node edge-host-1...
Setting up SSH trust: edge-node-1 → ubuntu@10.22.132.176
  Adding public key to destination's authorized_keys...
  Testing SSH connectivity...
  ✓ SSH trust ready
Setting up SSH trust: edge-host-1 → ubuntu@10.22.132.239
  Adding public key to destination's authorized_keys...
  Testing SSH connectivity...
  ✓ SSH trust ready
[20:44:55]   Transfer time: 6834 ms
[20:44:55] Step 7: Unpacking on destination...
[20:44:55] Step 7.5: Ensuring gol output file exists on destination...
[20:44:56] Step 7.8: Ensuring /tmp/gol binary is present on destination...
[20:44:56] Step 8: Restoring process...
[20:44:56]   Restore time: 310 ms
[20:44:56]   Restored PID: 2401149 (written to /home/ubuntu/gol.pid)
[20:44:56] Step 9: Verifying migration...
[20:45:00] WARNING: Could not validate restored process state
[20:45:00] Total downtime: 7863 ms (final_dump: 719 + transfer: 6834 + restore: 310)
[20:45:00] Pre-dump time (not counted as downtime): 3926 ms
[20:45:00] Effective bandwidth: 0.04 Mbps
[20:45:00] Metrics saved to /home/ivo/Documents/University/4to/Thesis-AAAAAAAa/Container-vs-Wasm-Service-Migration/Game-of-life-migration/metrics/migration_metrics.csv

=== RUN 22-04-2026-host-precopy-0005 ===

[20:45:00] Resetting nodes: edge-node-1 -> edge-node-2
[20:45:00] Step 1: Killing any existing processes on source...
[20:45:01]   Killing PID 2401149 (from /home/ubuntu/app.pid)
[20:45:02]   Killing PID 2401149 (from /home/ubuntu/gol.pid)
[20:45:02]   Killing any remaining background processes...
[20:45:03] Step 2: Cleaning source node...
[20:45:04] Step 3: Cleaning destination node...
[20:45:05]   Killing PID 2401149 on destination (from /home/ubuntu/app.pid)
[20:45:06]   Killing PID 2401149 on destination (from /home/ubuntu/gol.pid)
[20:45:06]   Killing all remaining gol processes on destination...
[20:45:09] ✓ Reset complete, nodes are clean
[20:45:09]   Next: Start your application
[20:45:09] Transferring gol.c to edge-node-1...
[20:45:10] Compiling gol.c on edge-node-1...
[20:45:10] Starting gol on edge-node-1...
✓ C gol running (PID: 2402933)
[20:45:11] ✓ Gol started
[20:45:14] Starting precopy migration...
[20:45:14] Source: edge-node-1, Dest: edge-node-2
[20:45:14] Transfer mode: host
[20:45:14] Relay node: edge-host-1

[20:45:14] === PRE-COPY LIVE MIGRATION ===
[20:45:14] Step 1: Checking source process...
[20:45:15]   Using PID from /home/ubuntu/gol.pid: 2402933
[20:45:15]   Last gol value (pre-dumps start): 
[20:45:15]   Architecture: x86_64 (compatible)
[20:45:15] Step 2: Preparing dump directory...
[20:45:16] Step 3: Running 3 pre-dumps...
[20:45:16]   Pre-dump 1/3...
[20:45:17]   Pre-dump 2/3...
[20:45:18]   Pre-dump 3/3...
[20:45:20]   Total pre-dump time: 3931 ms
[20:45:20] Step 4: Final dump (freezing service)...
[20:45:20]   Frozen last gol value: 
[20:45:20]   Expected after restore: unknown
[20:45:20]   Final dump time (freeze duration): 591 ms
[20:45:20] Step 5: Creating archive...
[20:45:21]   Archive size: 33317 bytes
[20:45:21] Step 6: Transferring archive...
  Transferring /tmp/CRIU-gol.tar.gz via relay node edge-host-1...
Setting up SSH trust: edge-node-1 → ubuntu@10.22.132.176
  Adding public key to destination's authorized_keys...
  Testing SSH connectivity...
  ✓ SSH trust ready
Setting up SSH trust: edge-host-1 → ubuntu@10.22.132.239
  Adding public key to destination's authorized_keys...
  Testing SSH connectivity...
  ✓ SSH trust ready
[20:45:27]   Transfer time: 6548 ms
[20:45:27] Step 7: Unpacking on destination...
[20:45:28] Step 7.5: Ensuring gol output file exists on destination...
[20:45:28] Step 7.8: Ensuring /tmp/gol binary is present on destination...
[20:45:28] Step 8: Restoring process...
[20:45:29]   Restore time: 293 ms
[20:45:29]   Restored PID: 2402933 (written to /home/ubuntu/gol.pid)
[20:45:29] Step 9: Verifying migration...
[20:45:32] WARNING: Could not validate restored process state
[20:45:32] Total downtime: 7432 ms (final_dump: 591 + transfer: 6548 + restore: 293)
[20:45:32] Pre-dump time (not counted as downtime): 3931 ms
[20:45:32] Effective bandwidth: 0.04 Mbps
[20:45:32] Metrics saved to /home/ivo/Documents/University/4to/Thesis-AAAAAAAa/Container-vs-Wasm-Service-Migration/Game-of-life-migration/metrics/migration_metrics.csv

=== RUN 22-04-2026-host-precopy-0006 ===

[20:45:33] Resetting nodes: edge-node-1 -> edge-node-2
[20:45:33] Step 1: Killing any existing processes on source...
[20:45:33]   Killing PID 2402933 (from /home/ubuntu/app.pid)
[20:45:34]   Killing PID 2402933 (from /home/ubuntu/gol.pid)
[20:45:34]   Killing any remaining background processes...
[20:45:36] Step 2: Cleaning source node...
[20:45:37] Step 3: Cleaning destination node...
[20:45:37]   Killing PID 2402933 on destination (from /home/ubuntu/app.pid)
[20:45:38]   Killing PID 2402933 on destination (from /home/ubuntu/gol.pid)
[20:45:39]   Killing all remaining gol processes on destination...
[20:45:42] ✓ Reset complete, nodes are clean
[20:45:42]   Next: Start your application
[20:45:42] Transferring gol.c to edge-node-1...
[20:45:42] Compiling gol.c on edge-node-1...
[20:45:43] Starting gol on edge-node-1...
✓ C gol running (PID: 2404723)
[20:45:44] ✓ Gol started
[20:45:47] Starting precopy migration...
[20:45:47] Source: edge-node-1, Dest: edge-node-2
[20:45:47] Transfer mode: host
[20:45:47] Relay node: edge-host-1

[20:45:47] === PRE-COPY LIVE MIGRATION ===
[20:45:47] Step 1: Checking source process...
[20:45:47]   Using PID from /home/ubuntu/gol.pid: 2404723
[20:45:48]   Last gol value (pre-dumps start): 
[20:45:48]   Architecture: x86_64 (compatible)
[20:45:48] Step 2: Preparing dump directory...
[20:45:48] Step 3: Running 3 pre-dumps...
[20:45:48]   Pre-dump 1/3...
[20:45:50]   Pre-dump 2/3...
[20:45:51]   Pre-dump 3/3...
[20:45:52]   Total pre-dump time: 3922 ms
[20:45:52] Step 4: Final dump (freezing service)...
[20:45:53]   Frozen last gol value: 
[20:45:53]   Expected after restore: unknown
[20:45:53]   Final dump time (freeze duration): 582 ms
[20:45:53] Step 5: Creating archive...
[20:45:53]   Archive size: 32904 bytes
[20:45:53] Step 6: Transferring archive...
  Transferring /tmp/CRIU-gol.tar.gz via relay node edge-host-1...
Setting up SSH trust: edge-node-1 → ubuntu@10.22.132.176
  Adding public key to destination's authorized_keys...
  Testing SSH connectivity...
  ✓ SSH trust ready
Setting up SSH trust: edge-host-1 → ubuntu@10.22.132.239
  Adding public key to destination's authorized_keys...
  Testing SSH connectivity...
  ✓ SSH trust ready
[20:46:00]   Transfer time: 6681 ms
[20:46:00] Step 7: Unpacking on destination...
[20:46:00] Step 7.5: Ensuring gol output file exists on destination...
[20:46:01] Step 7.8: Ensuring /tmp/gol binary is present on destination...
[20:46:01] Step 8: Restoring process...
[20:46:01]   Restore time: 313 ms
[20:46:02]   Restored PID: 2404723 (written to /home/ubuntu/gol.pid)
[20:46:02] Step 9: Verifying migration...
[20:46:05] WARNING: Could not validate restored process state
[20:46:05] Total downtime: 7576 ms (final_dump: 582 + transfer: 6681 + restore: 313)
[20:46:05] Pre-dump time (not counted as downtime): 3922 ms
[20:46:05] Effective bandwidth: 0.04 Mbps
[20:46:05] Metrics saved to /home/ivo/Documents/University/4to/Thesis-AAAAAAAa/Container-vs-Wasm-Service-Migration/Game-of-life-migration/metrics/migration_metrics.csv

=== RUN 22-04-2026-host-precopy-0007 ===

[20:46:06] Resetting nodes: edge-node-1 -> edge-node-2
[20:46:06] Step 1: Killing any existing processes on source...
[20:46:06]   Killing PID 2404723 (from /home/ubuntu/app.pid)
[20:46:07]   Killing PID 2404723 (from /home/ubuntu/gol.pid)
[20:46:07]   Killing any remaining background processes...
[20:46:09] Step 2: Cleaning source node...
[20:46:10] Step 3: Cleaning destination node...
[20:46:10]   Killing PID 2404723 on destination (from /home/ubuntu/app.pid)
[20:46:11]   Killing PID 2404723 on destination (from /home/ubuntu/gol.pid)
[20:46:11]   Killing all remaining gol processes on destination...
[20:46:14] ✓ Reset complete, nodes are clean
[20:46:14]   Next: Start your application
[20:46:14] Transferring gol.c to edge-node-1...
[20:46:15] Compiling gol.c on edge-node-1...
[20:46:15] Starting gol on edge-node-1...
✓ C gol running (PID: 2406504)
[20:46:16] ✓ Gol started
[20:46:19] Starting precopy migration...
[20:46:19] Source: edge-node-1, Dest: edge-node-2
[20:46:19] Transfer mode: host
[20:46:19] Relay node: edge-host-1

[20:46:19] === PRE-COPY LIVE MIGRATION ===
[20:46:19] Step 1: Checking source process...
[20:46:20]   Using PID from /home/ubuntu/gol.pid: 2406504
[20:46:20]   Last gol value (pre-dumps start): 
[20:46:21]   Architecture: x86_64 (compatible)
[20:46:21] Step 2: Preparing dump directory...
[20:46:21] Step 3: Running 3 pre-dumps...
[20:46:21]   Pre-dump 1/3...
[20:46:22]   Pre-dump 2/3...
[20:46:23]   Pre-dump 3/3...
[20:46:25]   Total pre-dump time: 3922 ms
[20:46:25] Step 4: Final dump (freezing service)...
[20:46:25]   Frozen last gol value: 
[20:46:25]   Expected after restore: unknown
[20:46:25]   Final dump time (freeze duration): 596 ms
[20:46:25] Step 5: Creating archive...
[20:46:26]   Archive size: 33279 bytes
[20:46:26] Step 6: Transferring archive...
  Transferring /tmp/CRIU-gol.tar.gz via relay node edge-host-1...
Setting up SSH trust: edge-node-1 → ubuntu@10.22.132.176
  Adding public key to destination's authorized_keys...
  Testing SSH connectivity...
  ✓ SSH trust ready
Setting up SSH trust: edge-host-1 → ubuntu@10.22.132.239
  Adding public key to destination's authorized_keys...
  Testing SSH connectivity...
  ✓ SSH trust ready
[20:46:32]   Transfer time: 6523 ms
[20:46:32] Step 7: Unpacking on destination...
[20:46:33] Step 7.5: Ensuring gol output file exists on destination...
[20:46:33] Step 7.8: Ensuring /tmp/gol binary is present on destination...
[20:46:33] Step 8: Restoring process...
[20:46:34]   Restore time: 306 ms
[20:46:34]   Restored PID: 2406504 (written to /home/ubuntu/gol.pid)
[20:46:34] Step 9: Verifying migration...
[20:46:37] WARNING: Could not validate restored process state
[20:46:37] Total downtime: 7425 ms (final_dump: 596 + transfer: 6523 + restore: 306)
[20:46:37] Pre-dump time (not counted as downtime): 3922 ms
[20:46:37] Effective bandwidth: 0.04 Mbps
[20:46:37] Metrics saved to /home/ivo/Documents/University/4to/Thesis-AAAAAAAa/Container-vs-Wasm-Service-Migration/Game-of-life-migration/metrics/migration_metrics.csv

=== RUN 22-04-2026-host-precopy-0008 ===

[20:46:38] Resetting nodes: edge-node-1 -> edge-node-2
[20:46:38] Step 1: Killing any existing processes on source...
[20:46:39]   Killing PID 2406504 (from /home/ubuntu/app.pid)
[20:46:39]   Killing PID 2406504 (from /home/ubuntu/gol.pid)
[20:46:40]   Killing any remaining background processes...
[20:46:41] Step 2: Cleaning source node...
[20:46:42] Step 3: Cleaning destination node...
[20:46:43]   Killing PID 2406504 on destination (from /home/ubuntu/app.pid)
[20:46:43]   Killing PID 2406504 on destination (from /home/ubuntu/gol.pid)
[20:46:44]   Killing all remaining gol processes on destination...
[20:46:47] ✓ Reset complete, nodes are clean
[20:46:47]   Next: Start your application
[20:46:47] Transferring gol.c to edge-node-1...
[20:46:47] Compiling gol.c on edge-node-1...
[20:46:48] Starting gol on edge-node-1...
✓ C gol running (PID: 2408305)
[20:46:49] ✓ Gol started
[20:46:52] Starting precopy migration...
[20:46:52] Source: edge-node-1, Dest: edge-node-2
[20:46:52] Transfer mode: host
[20:46:52] Relay node: edge-host-1

[20:46:52] === PRE-COPY LIVE MIGRATION ===
[20:46:52] Step 1: Checking source process...
[20:46:52]   Using PID from /home/ubuntu/gol.pid: 2408305
[20:46:53]   Last gol value (pre-dumps start): 
[20:46:53]   Architecture: x86_64 (compatible)
[20:46:53] Step 2: Preparing dump directory...
[20:46:54] Step 3: Running 3 pre-dumps...
[20:46:54]   Pre-dump 1/3...
[20:46:55]   Pre-dump 2/3...
[20:46:56]   Pre-dump 3/3...
[20:46:58]   Total pre-dump time: 3940 ms
[20:46:58] Step 4: Final dump (freezing service)...
[20:46:58]   Frozen last gol value: 
[20:46:58]   Expected after restore: unknown
[20:46:58]   Final dump time (freeze duration): 588 ms
[20:46:58] Step 5: Creating archive...
[20:46:59]   Archive size: 33206 bytes
[20:46:59] Step 6: Transferring archive...
  Transferring /tmp/CRIU-gol.tar.gz via relay node edge-host-1...
Setting up SSH trust: edge-node-1 → ubuntu@10.22.132.176
  Adding public key to destination's authorized_keys...
  Testing SSH connectivity...
  ✓ SSH trust ready
Setting up SSH trust: edge-host-1 → ubuntu@10.22.132.239
  Adding public key to destination's authorized_keys...
  Testing SSH connectivity...
  ✓ SSH trust ready
[20:47:05]   Transfer time: 6469 ms
[20:47:05] Step 7: Unpacking on destination...
[20:47:05] Step 7.5: Ensuring gol output file exists on destination...
[20:47:06] Step 7.8: Ensuring /tmp/gol binary is present on destination...
[20:47:06] Step 8: Restoring process...
[20:47:06]   Restore time: 303 ms
[20:47:07]   Restored PID: 2408305 (written to /home/ubuntu/gol.pid)
[20:47:07] Step 9: Verifying migration...
[20:47:10] WARNING: Could not validate restored process state
[20:47:10] Total downtime: 7360 ms (final_dump: 588 + transfer: 6469 + restore: 303)
[20:47:10] Pre-dump time (not counted as downtime): 3940 ms
[20:47:10] Effective bandwidth: 0.04 Mbps
[20:47:10] Metrics saved to /home/ivo/Documents/University/4to/Thesis-AAAAAAAa/Container-vs-Wasm-Service-Migration/Game-of-life-migration/metrics/migration_metrics.csv

=== RUN 22-04-2026-host-precopy-0009 ===

[20:47:11] Resetting nodes: edge-node-1 -> edge-node-2
[20:47:11] Step 1: Killing any existing processes on source...
[20:47:11]   Killing PID 2408305 (from /home/ubuntu/app.pid)
[20:47:12]   Killing PID 2408305 (from /home/ubuntu/gol.pid)
[20:47:12]   Killing any remaining background processes...
[20:47:14] Step 2: Cleaning source node...
[20:47:15] Step 3: Cleaning destination node...
[20:47:15]   Killing PID 2408305 on destination (from /home/ubuntu/app.pid)
[20:47:16]   Killing PID 2408305 on destination (from /home/ubuntu/gol.pid)
[20:47:16]   Killing all remaining gol processes on destination...
[20:47:20] ✓ Reset complete, nodes are clean
[20:47:20]   Next: Start your application
[20:47:20] Transferring gol.c to edge-node-1...
[20:47:20] Compiling gol.c on edge-node-1...
[20:47:20] Starting gol on edge-node-1...
✓ C gol running (PID: 2410087)
[20:47:21] ✓ Gol started
[20:47:24] Starting precopy migration...
[20:47:24] Source: edge-node-1, Dest: edge-node-2
[20:47:24] Transfer mode: host
[20:47:24] Relay node: edge-host-1

[20:47:24] === PRE-COPY LIVE MIGRATION ===
[20:47:24] Step 1: Checking source process...
[20:47:25]   Using PID from /home/ubuntu/gol.pid: 2410087
[20:47:25]   Last gol value (pre-dumps start): 
[20:47:26]   Architecture: x86_64 (compatible)
[20:47:26] Step 2: Preparing dump directory...
[20:47:26] Step 3: Running 3 pre-dumps...
[20:47:26]   Pre-dump 1/3...
[20:47:27]   Pre-dump 2/3...
[20:47:29]   Pre-dump 3/3...
[20:47:30]   Total pre-dump time: 3928 ms
[20:47:30] Step 4: Final dump (freezing service)...
[20:47:30]   Frozen last gol value: 
[20:47:30]   Expected after restore: unknown
[20:47:30]   Final dump time (freeze duration): 591 ms
[20:47:30] Step 5: Creating archive...
[20:47:31]   Archive size: 32786 bytes
[20:47:31] Step 6: Transferring archive...
  Transferring /tmp/CRIU-gol.tar.gz via relay node edge-host-1...
Setting up SSH trust: edge-node-1 → ubuntu@10.22.132.176
  Adding public key to destination's authorized_keys...
  Testing SSH connectivity...
  ✓ SSH trust ready
Setting up SSH trust: edge-host-1 → ubuntu@10.22.132.239
  Adding public key to destination's authorized_keys...
  Testing SSH connectivity...
  ✓ SSH trust ready
[20:47:38]   Transfer time: 6530 ms
[20:47:38] Step 7: Unpacking on destination...
[20:47:38] Step 7.5: Ensuring gol output file exists on destination...
[20:47:38] Step 7.8: Ensuring /tmp/gol binary is present on destination...
[20:47:38] Step 8: Restoring process...
[20:47:39]   Restore time: 311 ms
[20:47:39]   Restored PID: 2410087 (written to /home/ubuntu/gol.pid)
[20:47:39] Step 9: Verifying migration...
[20:47:42] WARNING: Could not validate restored process state
[20:47:42] Total downtime: 7432 ms (final_dump: 591 + transfer: 6530 + restore: 311)
[20:47:42] Pre-dump time (not counted as downtime): 3928 ms
[20:47:42] Effective bandwidth: 0.04 Mbps
[20:47:42] Metrics saved to /home/ivo/Documents/University/4to/Thesis-AAAAAAAa/Container-vs-Wasm-Service-Migration/Game-of-life-migration/metrics/migration_metrics.csv

=== RUN 22-04-2026-host-precopy-0010 ===

[20:47:43] Resetting nodes: edge-node-1 -> edge-node-2
[20:47:43] Step 1: Killing any existing processes on source...
[20:47:44]   Killing PID 2410087 (from /home/ubuntu/app.pid)
[20:47:44]   Killing PID 2410087 (from /home/ubuntu/gol.pid)
[20:47:45]   Killing any remaining background processes...
[20:47:46] Step 2: Cleaning source node...
[20:47:47] Step 3: Cleaning destination node...
[20:47:48]   Killing PID 2410087 on destination (from /home/ubuntu/app.pid)
[20:47:48]   Killing PID 2410087 on destination (from /home/ubuntu/gol.pid)
[20:47:49]   Killing all remaining gol processes on destination...
[20:47:52] ✓ Reset complete, nodes are clean
[20:47:52]   Next: Start your application
[20:47:52] Transferring gol.c to edge-node-1...
[20:47:52] Compiling gol.c on edge-node-1...
[20:47:53] Starting gol on edge-node-1...
✓ C gol running (PID: 2411878)
[20:47:54] ✓ Gol started
[20:47:57] Starting precopy migration...
[20:47:57] Source: edge-node-1, Dest: edge-node-2
[20:47:57] Transfer mode: host
[20:47:57] Relay node: edge-host-1

[20:47:57] === PRE-COPY LIVE MIGRATION ===
[20:47:57] Step 1: Checking source process...
[20:47:57]   Using PID from /home/ubuntu/gol.pid: 2411878
[20:47:58]   Last gol value (pre-dumps start): 
[20:47:58]   Architecture: x86_64 (compatible)
[20:47:58] Step 2: Preparing dump directory...
[20:47:59] Step 3: Running 3 pre-dumps...
[20:47:59]   Pre-dump 1/3...
[20:48:00]   Pre-dump 2/3...
[20:48:01]   Pre-dump 3/3...
[20:48:02]   Total pre-dump time: 3937 ms
[20:48:02] Step 4: Final dump (freezing service)...
[20:48:03]   Frozen last gol value: 
[20:48:03]   Expected after restore: unknown
[20:48:03]   Final dump time (freeze duration): 598 ms
[20:48:03] Step 5: Creating archive...
[20:48:04]   Archive size: 32890 bytes
[20:48:04] Step 6: Transferring archive...
  Transferring /tmp/CRIU-gol.tar.gz via relay node edge-host-1...
Setting up SSH trust: edge-node-1 → ubuntu@10.22.132.176
  Adding public key to destination's authorized_keys...
  Testing SSH connectivity...
  ✓ SSH trust ready
Setting up SSH trust: edge-host-1 → ubuntu@10.22.132.239
  Adding public key to destination's authorized_keys...
  Testing SSH connectivity...
  ✓ SSH trust ready
[20:48:10]   Transfer time: 6587 ms
[20:48:10] Step 7: Unpacking on destination...
[20:48:11] Step 7.5: Ensuring gol output file exists on destination...
[20:48:11] Step 7.8: Ensuring /tmp/gol binary is present on destination...
[20:48:11] Step 8: Restoring process...
[20:48:11]   Restore time: 296 ms
[20:48:12]   Restored PID: 2411878 (written to /home/ubuntu/gol.pid)
[20:48:12] Step 9: Verifying migration...
[20:48:15] WARNING: Could not validate restored process state
[20:48:15] Total downtime: 7481 ms (final_dump: 598 + transfer: 6587 + restore: 296)
[20:48:15] Pre-dump time (not counted as downtime): 3937 ms
[20:48:15] Effective bandwidth: 0.04 Mbps
[20:48:15] Metrics saved to /home/ivo/Documents/University/4to/Thesis-AAAAAAAa/Container-vs-Wasm-Service-Migration/Game-of-life-migration/metrics/migration_metrics.csv

=== RUN 22-04-2026-host-precopy-0011 ===

[20:48:16] Resetting nodes: edge-node-1 -> edge-node-2
[20:48:16] Step 1: Killing any existing processes on source...
[20:48:16]   Killing PID 2411878 (from /home/ubuntu/app.pid)
[20:48:17]   Killing PID 2411878 (from /home/ubuntu/gol.pid)
[20:48:17]   Killing any remaining background processes...
[20:48:19] Step 2: Cleaning source node...
[20:48:20] Step 3: Cleaning destination node...
[20:48:20]   Killing PID 2411878 on destination (from /home/ubuntu/app.pid)
[20:48:21]   Killing PID 2411878 on destination (from /home/ubuntu/gol.pid)
[20:48:21]   Killing all remaining gol processes on destination...
[20:48:25] ✓ Reset complete, nodes are clean
[20:48:25]   Next: Start your application
[20:48:25] Transferring gol.c to edge-node-1...
[20:48:25] Compiling gol.c on edge-node-1...
[20:48:25] Starting gol on edge-node-1...
✓ C gol running (PID: 2413660)
[20:48:27] ✓ Gol started
[20:48:29] Starting precopy migration...
[20:48:29] Source: edge-node-1, Dest: edge-node-2
[20:48:29] Transfer mode: host
[20:48:29] Relay node: edge-host-1

[20:48:29] === PRE-COPY LIVE MIGRATION ===
[20:48:29] Step 1: Checking source process...
[20:48:30]   Using PID from /home/ubuntu/gol.pid: 2413660
[20:48:30]   Last gol value (pre-dumps start): 
[20:48:31]   Architecture: x86_64 (compatible)
[20:48:31] Step 2: Preparing dump directory...
[20:48:31] Step 3: Running 3 pre-dumps...
[20:48:31]   Pre-dump 1/3...
[20:48:32]   Pre-dump 2/3...
[20:48:34]   Pre-dump 3/3...
[20:48:35]   Total pre-dump time: 3938 ms
[20:48:35] Step 4: Final dump (freezing service)...
[20:48:35]   Frozen last gol value: 
[20:48:35]   Expected after restore: unknown
[20:48:35]   Final dump time (freeze duration): 584 ms
[20:48:35] Step 5: Creating archive...
[20:48:36]   Archive size: 33899 bytes
[20:48:36] Step 6: Transferring archive...
  Transferring /tmp/CRIU-gol.tar.gz via relay node edge-host-1...
Setting up SSH trust: edge-node-1 → ubuntu@10.22.132.176
  Adding public key to destination's authorized_keys...
  Testing SSH connectivity...
  ✓ SSH trust ready
Setting up SSH trust: edge-host-1 → ubuntu@10.22.132.239
  Adding public key to destination's authorized_keys...
  Testing SSH connectivity...
  ✓ SSH trust ready
[20:48:43]   Transfer time: 6549 ms
[20:48:43] Step 7: Unpacking on destination...
[20:48:43] Step 7.5: Ensuring gol output file exists on destination...
[20:48:43] Step 7.8: Ensuring /tmp/gol binary is present on destination...
[20:48:43] Step 8: Restoring process...
[20:48:44]   Restore time: 311 ms
[20:48:44]   Restored PID: 2413660 (written to /home/ubuntu/gol.pid)
[20:48:44] Step 9: Verifying migration...
[20:48:47] WARNING: Could not validate restored process state
[20:48:47] Total downtime: 7444 ms (final_dump: 584 + transfer: 6549 + restore: 311)
[20:48:47] Pre-dump time (not counted as downtime): 3938 ms
[20:48:47] Effective bandwidth: 0.04 Mbps
[20:48:47] Metrics saved to /home/ivo/Documents/University/4to/Thesis-AAAAAAAa/Container-vs-Wasm-Service-Migration/Game-of-life-migration/metrics/migration_metrics.csv

=== RUN 22-04-2026-host-precopy-0012 ===

[20:48:48] Resetting nodes: edge-node-1 -> edge-node-2
[20:48:48] Step 1: Killing any existing processes on source...
[20:48:49]   Killing PID 2413660 (from /home/ubuntu/app.pid)
[20:48:49]   Killing PID 2413660 (from /home/ubuntu/gol.pid)
[20:48:50]   Killing any remaining background processes...
[20:48:51] Step 2: Cleaning source node...
[20:48:52] Step 3: Cleaning destination node...
[20:48:53]   Killing PID 2413660 on destination (from /home/ubuntu/app.pid)
[20:48:53]   Killing PID 2413660 on destination (from /home/ubuntu/gol.pid)
[20:48:54]   Killing all remaining gol processes on destination...
[20:48:57] ✓ Reset complete, nodes are clean
[20:48:57]   Next: Start your application
[20:48:57] Transferring gol.c to edge-node-1...
[20:48:58] Compiling gol.c on edge-node-1...
[20:48:58] Starting gol on edge-node-1...
✓ C gol running (PID: 2415451)
[20:48:59] ✓ Gol started
[20:49:02] Starting precopy migration...
[20:49:02] Source: edge-node-1, Dest: edge-node-2
[20:49:02] Transfer mode: host
[20:49:02] Relay node: edge-host-1

[20:49:02] === PRE-COPY LIVE MIGRATION ===
[20:49:02] Step 1: Checking source process...
[20:49:02]   Using PID from /home/ubuntu/gol.pid: 2415451
[20:49:03]   Last gol value (pre-dumps start): 
[20:49:03]   Architecture: x86_64 (compatible)
[20:49:03] Step 2: Preparing dump directory...
[20:49:04] Step 3: Running 3 pre-dumps...
[20:49:04]   Pre-dump 1/3...
[20:49:05]   Pre-dump 2/3...
[20:49:06]   Pre-dump 3/3...
[20:49:08]   Total pre-dump time: 3937 ms
[20:49:08] Step 4: Final dump (freezing service)...
[20:49:08]   Frozen last gol value: 
[20:49:08]   Expected after restore: unknown
[20:49:08]   Final dump time (freeze duration): 587 ms
[20:49:08] Step 5: Creating archive...
[20:49:09]   Archive size: 33127 bytes
[20:49:09] Step 6: Transferring archive...
  Transferring /tmp/CRIU-gol.tar.gz via relay node edge-host-1...
Setting up SSH trust: edge-node-1 → ubuntu@10.22.132.176
  Adding public key to destination's authorized_keys...
  Testing SSH connectivity...
  ✓ SSH trust ready
Setting up SSH trust: edge-host-1 → ubuntu@10.22.132.239
  Adding public key to destination's authorized_keys...
  Testing SSH connectivity...
  ✓ SSH trust ready
[20:49:15]   Transfer time: 6535 ms
[20:49:15] Step 7: Unpacking on destination...
[20:49:16] Step 7.5: Ensuring gol output file exists on destination...
[20:49:16] Step 7.8: Ensuring /tmp/gol binary is present on destination...
[20:49:16] Step 8: Restoring process...
[20:49:16]   Restore time: 306 ms
[20:49:17]   Restored PID: 2415451 (written to /home/ubuntu/gol.pid)
[20:49:17] Step 9: Verifying migration...
[20:49:20] WARNING: Could not validate restored process state
[20:49:20] Total downtime: 7428 ms (final_dump: 587 + transfer: 6535 + restore: 306)
[20:49:20] Pre-dump time (not counted as downtime): 3937 ms
[20:49:20] Effective bandwidth: 0.04 Mbps
[20:49:20] Metrics saved to /home/ivo/Documents/University/4to/Thesis-AAAAAAAa/Container-vs-Wasm-Service-Migration/Game-of-life-migration/metrics/migration_metrics.csv

=== RUN 22-04-2026-host-precopy-0013 ===

[20:49:21] Resetting nodes: edge-node-1 -> edge-node-2
[20:49:21] Step 1: Killing any existing processes on source...
[20:49:21]   Killing PID 2415451 (from /home/ubuntu/app.pid)
[20:49:22]   Killing PID 2415451 (from /home/ubuntu/gol.pid)
[20:49:22]   Killing any remaining background processes...
[20:49:24] Step 2: Cleaning source node...
[20:49:25] Step 3: Cleaning destination node...
[20:49:25]   Killing PID 2415451 on destination (from /home/ubuntu/app.pid)
[20:49:26]   Killing PID 2415451 on destination (from /home/ubuntu/gol.pid)
[20:49:26]   Killing all remaining gol processes on destination...
[20:49:30] ✓ Reset complete, nodes are clean
[20:49:30]   Next: Start your application
[20:49:30] Transferring gol.c to edge-node-1...
[20:49:30] Compiling gol.c on edge-node-1...
[20:49:30] Starting gol on edge-node-1...
✓ C gol running (PID: 2417233)
[20:49:32] ✓ Gol started
[20:49:34] Starting precopy migration...
[20:49:34] Source: edge-node-1, Dest: edge-node-2
[20:49:34] Transfer mode: host
[20:49:34] Relay node: edge-host-1

[20:49:34] === PRE-COPY LIVE MIGRATION ===
[20:49:34] Step 1: Checking source process...
[20:49:35]   Using PID from /home/ubuntu/gol.pid: 2417233
[20:49:35]   Last gol value (pre-dumps start): 
[20:49:36]   Architecture: x86_64 (compatible)
[20:49:36] Step 2: Preparing dump directory...
[20:49:36] Step 3: Running 3 pre-dumps...
[20:49:36]   Pre-dump 1/3...
[20:49:37]   Pre-dump 2/3...
[20:49:39]   Pre-dump 3/3...
[20:49:40]   Total pre-dump time: 3944 ms
[20:49:40] Step 4: Final dump (freezing service)...
[20:49:41]   Frozen last gol value: 
[20:49:41]   Expected after restore: unknown
[20:49:41]   Final dump time (freeze duration): 589 ms
[20:49:41] Step 5: Creating archive...
[20:49:41]   Archive size: 33195 bytes
[20:49:41] Step 6: Transferring archive...
  Transferring /tmp/CRIU-gol.tar.gz via relay node edge-host-1...
Setting up SSH trust: edge-node-1 → ubuntu@10.22.132.176
  Adding public key to destination's authorized_keys...
  Testing SSH connectivity...
  ✓ SSH trust ready
Setting up SSH trust: edge-host-1 → ubuntu@10.22.132.239
  Adding public key to destination's authorized_keys...
  Testing SSH connectivity...
  ✓ SSH trust ready
[20:49:48]   Transfer time: 6832 ms
[20:49:48] Step 7: Unpacking on destination...
[20:49:48] Step 7.5: Ensuring gol output file exists on destination...
[20:49:49] Step 7.8: Ensuring /tmp/gol binary is present on destination...
[20:49:49] Step 8: Restoring process...
[20:49:49]   Restore time: 316 ms
[20:49:49]   Restored PID: 2417233 (written to /home/ubuntu/gol.pid)
[20:49:49] Step 9: Verifying migration...
[20:49:53] WARNING: Could not validate restored process state
[20:49:53] Total downtime: 7737 ms (final_dump: 589 + transfer: 6832 + restore: 316)
[20:49:53] Pre-dump time (not counted as downtime): 3944 ms
[20:49:53] Effective bandwidth: 0.04 Mbps
[20:49:53] Metrics saved to /home/ivo/Documents/University/4to/Thesis-AAAAAAAa/Container-vs-Wasm-Service-Migration/Game-of-life-migration/metrics/migration_metrics.csv

=== RUN 22-04-2026-host-precopy-0014 ===

[20:49:54] Resetting nodes: edge-node-1 -> edge-node-2
[20:49:54] Step 1: Killing any existing processes on source...
[20:49:54]   Killing PID 2417233 (from /home/ubuntu/app.pid)
[20:49:55]   Killing PID 2417233 (from /home/ubuntu/gol.pid)
[20:49:55]   Killing any remaining background processes...
[20:49:57] Step 2: Cleaning source node...
[20:49:58] Step 3: Cleaning destination node...
[20:49:58]   Killing PID 2417233 on destination (from /home/ubuntu/app.pid)
[20:49:59]   Killing PID 2417233 on destination (from /home/ubuntu/gol.pid)
[20:49:59]   Killing all remaining gol processes on destination...
[20:50:03] ✓ Reset complete, nodes are clean
[20:50:03]   Next: Start your application
[20:50:03] Transferring gol.c to edge-node-1...
[20:50:03] Compiling gol.c on edge-node-1...
[20:50:03] Starting gol on edge-node-1...
✓ C gol running (PID: 2419033)
[20:50:05] ✓ Gol started
[20:50:07] Starting precopy migration...
[20:50:07] Source: edge-node-1, Dest: edge-node-2
[20:50:07] Transfer mode: host
[20:50:07] Relay node: edge-host-1

[20:50:07] === PRE-COPY LIVE MIGRATION ===
[20:50:07] Step 1: Checking source process...
[20:50:08]   Using PID from /home/ubuntu/gol.pid: 2419033
[20:50:08]   Last gol value (pre-dumps start): 
[20:50:09]   Architecture: x86_64 (compatible)
[20:50:09] Step 2: Preparing dump directory...
[20:50:09] Step 3: Running 3 pre-dumps...
[20:50:09]   Pre-dump 1/3...
[20:50:10]   Pre-dump 2/3...
[20:50:12]   Pre-dump 3/3...
[20:50:13]   Total pre-dump time: 3938 ms
[20:50:13] Step 4: Final dump (freezing service)...
[20:50:14]   Frozen last gol value: 
[20:50:14]   Expected after restore: unknown
[20:50:14]   Final dump time (freeze duration): 575 ms
[20:50:14] Step 5: Creating archive...
[20:50:14]   Archive size: 33147 bytes
[20:50:14] Step 6: Transferring archive...
  Transferring /tmp/CRIU-gol.tar.gz via relay node edge-host-1...
Setting up SSH trust: edge-node-1 → ubuntu@10.22.132.176
  Adding public key to destination's authorized_keys...
  Testing SSH connectivity...
  ✓ SSH trust ready
Setting up SSH trust: edge-host-1 → ubuntu@10.22.132.239
  Adding public key to destination's authorized_keys...
  Testing SSH connectivity...
  ✓ SSH trust ready
[20:50:21]   Transfer time: 6632 ms
[20:50:21] Step 7: Unpacking on destination...
[20:50:21] Step 7.5: Ensuring gol output file exists on destination...
[20:50:21] Step 7.8: Ensuring /tmp/gol binary is present on destination...
[20:50:22] Step 8: Restoring process...
[20:50:22]   Restore time: 311 ms
[20:50:22]   Restored PID: 2419033 (written to /home/ubuntu/gol.pid)
[20:50:22] Step 9: Verifying migration...
[20:50:25] WARNING: Could not validate restored process state
[20:50:25] Total downtime: 7518 ms (final_dump: 575 + transfer: 6632 + restore: 311)
[20:50:25] Pre-dump time (not counted as downtime): 3938 ms
[20:50:25] Effective bandwidth: 0.04 Mbps
[20:50:25] Metrics saved to /home/ivo/Documents/University/4to/Thesis-AAAAAAAa/Container-vs-Wasm-Service-Migration/Game-of-life-migration/metrics/migration_metrics.csv

=== RUN 22-04-2026-host-precopy-0015 ===

[20:50:26] Resetting nodes: edge-node-1 -> edge-node-2
[20:50:26] Step 1: Killing any existing processes on source...
[20:50:26]   Killing PID 2419033 (from /home/ubuntu/app.pid)
[20:50:27]   Killing PID 2419033 (from /home/ubuntu/gol.pid)
[20:50:28]   Killing any remaining background processes...
[20:50:29] Step 2: Cleaning source node...
[20:50:30] Step 3: Cleaning destination node...
[20:50:30]   Killing PID 2419033 on destination (from /home/ubuntu/app.pid)
[20:50:31]   Killing PID 2419033 on destination (from /home/ubuntu/gol.pid)
[20:50:32]   Killing all remaining gol processes on destination...
[20:50:35] ✓ Reset complete, nodes are clean
[20:50:35]   Next: Start your application
[20:50:35] Transferring gol.c to edge-node-1...
[20:50:35] Compiling gol.c on edge-node-1...
[20:50:36] Starting gol on edge-node-1...
✓ C gol running (PID: 2420814)
[20:50:37] ✓ Gol started
[20:50:40] Starting precopy migration...
[20:50:40] Source: edge-node-1, Dest: edge-node-2
[20:50:40] Transfer mode: host
[20:50:40] Relay node: edge-host-1

[20:50:40] === PRE-COPY LIVE MIGRATION ===
[20:50:40] Step 1: Checking source process...
[20:50:40]   Using PID from /home/ubuntu/gol.pid: 2420814
[20:50:41]   Last gol value (pre-dumps start): 
[20:50:41]   Architecture: x86_64 (compatible)
[20:50:41] Step 2: Preparing dump directory...
[20:50:41] Step 3: Running 3 pre-dumps...
[20:50:41]   Pre-dump 1/3...
[20:50:43]   Pre-dump 2/3...
[20:50:44]   Pre-dump 3/3...
[20:50:45]   Total pre-dump time: 3926 ms
[20:50:45] Step 4: Final dump (freezing service)...
[20:50:46]   Frozen last gol value: 
[20:50:46]   Expected after restore: unknown
[20:50:46]   Final dump time (freeze duration): 582 ms
[20:50:46] Step 5: Creating archive...
[20:50:46]   Archive size: 33278 bytes
[20:50:46] Step 6: Transferring archive...
  Transferring /tmp/CRIU-gol.tar.gz via relay node edge-host-1...
Setting up SSH trust: edge-node-1 → ubuntu@10.22.132.176
  Adding public key to destination's authorized_keys...
  Testing SSH connectivity...
  ✓ SSH trust ready
Setting up SSH trust: edge-host-1 → ubuntu@10.22.132.239
  Adding public key to destination's authorized_keys...
  Testing SSH connectivity...
  ✓ SSH trust ready
[20:50:53]   Transfer time: 6536 ms
[20:50:53] Step 7: Unpacking on destination...
[20:50:53] Step 7.5: Ensuring gol output file exists on destination...
[20:50:54] Step 7.8: Ensuring /tmp/gol binary is present on destination...
[20:50:54] Step 8: Restoring process...
[20:50:54]   Restore time: 305 ms
[20:50:55]   Restored PID: 2420814 (written to /home/ubuntu/gol.pid)
[20:50:55] Step 9: Verifying migration...
[20:50:58] WARNING: Could not validate restored process state
[20:50:58] Total downtime: 7423 ms (final_dump: 582 + transfer: 6536 + restore: 305)
[20:50:58] Pre-dump time (not counted as downtime): 3926 ms
[20:50:58] Effective bandwidth: 0.04 Mbps
[20:50:58] Metrics saved to /home/ivo/Documents/University/4to/Thesis-AAAAAAAa/Container-vs-Wasm-Service-Migration/Game-of-life-migration/metrics/migration_metrics.csv

=== RUN 22-04-2026-host-precopy-0016 ===

[20:50:59] Resetting nodes: edge-node-1 -> edge-node-2
[20:50:59] Step 1: Killing any existing processes on source...
[20:50:59]   Killing PID 2420814 (from /home/ubuntu/app.pid)
[20:51:00]   Killing PID 2420814 (from /home/ubuntu/gol.pid)
[20:51:00]   Killing any remaining background processes...
[20:51:02] Step 2: Cleaning source node...
[20:51:03] Step 3: Cleaning destination node...
[20:51:03]   Killing PID 2420814 on destination (from /home/ubuntu/app.pid)
[20:51:04]   Killing PID 2420814 on destination (from /home/ubuntu/gol.pid)
[20:51:04]   Killing all remaining gol processes on destination...
[20:51:08] ✓ Reset complete, nodes are clean
[20:51:08]   Next: Start your application
[20:51:08] Transferring gol.c to edge-node-1...
[20:51:08] Compiling gol.c on edge-node-1...
[20:51:08] Starting gol on edge-node-1...
✓ C gol running (PID: 2422605)
[20:51:10] ✓ Gol started
[20:51:12] Starting precopy migration...
[20:51:12] Source: edge-node-1, Dest: edge-node-2
[20:51:12] Transfer mode: host
[20:51:12] Relay node: edge-host-1

[20:51:12] === PRE-COPY LIVE MIGRATION ===
[20:51:12] Step 1: Checking source process...
[20:51:13]   Using PID from /home/ubuntu/gol.pid: 2422605
[20:51:13]   Last gol value (pre-dumps start): 
[20:51:14]   Architecture: x86_64 (compatible)
[20:51:14] Step 2: Preparing dump directory...
[20:51:14] Step 3: Running 3 pre-dumps...
[20:51:14]   Pre-dump 1/3...
[20:51:15]   Pre-dump 2/3...
[20:51:17]   Pre-dump 3/3...
[20:51:18]   Total pre-dump time: 3937 ms
[20:51:18] Step 4: Final dump (freezing service)...
[20:51:19]   Frozen last gol value: 
[20:51:19]   Expected after restore: unknown
[20:51:19]   Final dump time (freeze duration): 585 ms
[20:51:19] Step 5: Creating archive...
[20:51:19]   Archive size: 33840 bytes
[20:51:19] Step 6: Transferring archive...
  Transferring /tmp/CRIU-gol.tar.gz via relay node edge-host-1...
Setting up SSH trust: edge-node-1 → ubuntu@10.22.132.176
  Adding public key to destination's authorized_keys...
  Testing SSH connectivity...
  ✓ SSH trust ready
Setting up SSH trust: edge-host-1 → ubuntu@10.22.132.239
  Adding public key to destination's authorized_keys...
  Testing SSH connectivity...
  ✓ SSH trust ready
[20:51:26]   Transfer time: 6527 ms
[20:51:26] Step 7: Unpacking on destination...
[20:51:26] Step 7.5: Ensuring gol output file exists on destination...
[20:51:26] Step 7.8: Ensuring /tmp/gol binary is present on destination...
[20:51:27] Step 8: Restoring process...
[20:51:27]   Restore time: 302 ms
[20:51:27]   Restored PID: 2422605 (written to /home/ubuntu/gol.pid)
[20:51:27] Step 9: Verifying migration...
[20:51:30] WARNING: Could not validate restored process state
[20:51:30] Total downtime: 7414 ms (final_dump: 585 + transfer: 6527 + restore: 302)
[20:51:30] Pre-dump time (not counted as downtime): 3937 ms
[20:51:30] Effective bandwidth: 0.04 Mbps
[20:51:30] Metrics saved to /home/ivo/Documents/University/4to/Thesis-AAAAAAAa/Container-vs-Wasm-Service-Migration/Game-of-life-migration/metrics/migration_metrics.csv

=== RUN 22-04-2026-host-precopy-0017 ===

[20:51:31] Resetting nodes: edge-node-1 -> edge-node-2
[20:51:31] Step 1: Killing any existing processes on source...
[20:51:31]   Killing PID 2422605 (from /home/ubuntu/app.pid)
[20:51:32]   Killing PID 2422605 (from /home/ubuntu/gol.pid)
[20:51:33]   Killing any remaining background processes...
[20:51:34] Step 2: Cleaning source node...
[20:51:35] Step 3: Cleaning destination node...
[20:51:35]   Killing PID 2422605 on destination (from /home/ubuntu/app.pid)
[20:51:36]   Killing PID 2422605 on destination (from /home/ubuntu/gol.pid)
[20:51:37]   Killing all remaining gol processes on destination...
[20:51:40] ✓ Reset complete, nodes are clean
[20:51:40]   Next: Start your application
[20:51:40] Transferring gol.c to edge-node-1...
[20:51:40] Compiling gol.c on edge-node-1...
[20:51:41] Starting gol on edge-node-1...
✓ C gol running (PID: 2424387)
[20:51:42] ✓ Gol started
[20:51:45] Starting precopy migration...
[20:51:45] Source: edge-node-1, Dest: edge-node-2
[20:51:45] Transfer mode: host
[20:51:45] Relay node: edge-host-1

[20:51:45] === PRE-COPY LIVE MIGRATION ===
[20:51:45] Step 1: Checking source process...
[20:51:45]   Using PID from /home/ubuntu/gol.pid: 2424387
[20:51:46]   Last gol value (pre-dumps start): 
[20:51:46]   Architecture: x86_64 (compatible)
[20:51:46] Step 2: Preparing dump directory...
[20:51:46] Step 3: Running 3 pre-dumps...
[20:51:46]   Pre-dump 1/3...
[20:51:48]   Pre-dump 2/3...
[20:51:49]   Pre-dump 3/3...
[20:51:50]   Total pre-dump time: 3927 ms
[20:51:50] Step 4: Final dump (freezing service)...
[20:51:51]   Frozen last gol value: 
[20:51:51]   Expected after restore: unknown
[20:51:51]   Final dump time (freeze duration): 587 ms
[20:51:51] Step 5: Creating archive...
[20:51:52]   Archive size: 33074 bytes
[20:51:52] Step 6: Transferring archive...
  Transferring /tmp/CRIU-gol.tar.gz via relay node edge-host-1...
Setting up SSH trust: edge-node-1 → ubuntu@10.22.132.176
  Adding public key to destination's authorized_keys...
  Testing SSH connectivity...
  ✓ SSH trust ready
Setting up SSH trust: edge-host-1 → ubuntu@10.22.132.239
  Adding public key to destination's authorized_keys...
  Testing SSH connectivity...
  ✓ SSH trust ready
[20:51:58]   Transfer time: 6521 ms
[20:51:58] Step 7: Unpacking on destination...
[20:51:58] Step 7.5: Ensuring gol output file exists on destination...
[20:51:59] Step 7.8: Ensuring /tmp/gol binary is present on destination...
[20:51:59] Step 8: Restoring process...
[20:51:59]   Restore time: 308 ms
[20:52:00]   Restored PID: 2424387 (written to /home/ubuntu/gol.pid)
[20:52:00] Step 9: Verifying migration...
[20:52:03] WARNING: Could not validate restored process state
[20:52:03] Total downtime: 7416 ms (final_dump: 587 + transfer: 6521 + restore: 308)
[20:52:03] Pre-dump time (not counted as downtime): 3927 ms
[20:52:03] Effective bandwidth: 0.04 Mbps
[20:52:03] Metrics saved to /home/ivo/Documents/University/4to/Thesis-AAAAAAAa/Container-vs-Wasm-Service-Migration/Game-of-life-migration/metrics/migration_metrics.csv

=== RUN 22-04-2026-host-precopy-0018 ===

[20:52:04] Resetting nodes: edge-node-1 -> edge-node-2
[20:52:04] Step 1: Killing any existing processes on source...
[20:52:04]   Killing PID 2424387 (from /home/ubuntu/app.pid)
[20:52:05]   Killing PID 2424387 (from /home/ubuntu/gol.pid)
[20:52:06]   Killing any remaining background processes...
[20:52:07] Step 2: Cleaning source node...
[20:52:08] Step 3: Cleaning destination node...
[20:52:08]   Killing PID 2424387 on destination (from /home/ubuntu/app.pid)
[20:52:09]   Killing PID 2424387 on destination (from /home/ubuntu/gol.pid)
[20:52:10]   Killing all remaining gol processes on destination...
[20:52:13] ✓ Reset complete, nodes are clean
[20:52:13]   Next: Start your application
[20:52:13] Transferring gol.c to edge-node-1...
[20:52:13] Compiling gol.c on edge-node-1...
[20:52:14] Starting gol on edge-node-1...
✓ C gol running (PID: 2426186)
[20:52:15] ✓ Gol started
[20:52:18] Starting precopy migration...
[20:52:18] Source: edge-node-1, Dest: edge-node-2
[20:52:18] Transfer mode: host
[20:52:18] Relay node: edge-host-1

[20:52:18] === PRE-COPY LIVE MIGRATION ===
[20:52:18] Step 1: Checking source process...
[20:52:18]   Using PID from /home/ubuntu/gol.pid: 2426186
[20:52:18]   Last gol value (pre-dumps start): 
[20:52:19]   Architecture: x86_64 (compatible)
[20:52:19] Step 2: Preparing dump directory...
[20:52:19] Step 3: Running 3 pre-dumps...
[20:52:19]   Pre-dump 1/3...
[20:52:21]   Pre-dump 2/3...
[20:52:22]   Pre-dump 3/3...
[20:52:23]   Total pre-dump time: 3944 ms
[20:52:23] Step 4: Final dump (freezing service)...
[20:52:24]   Frozen last gol value: 
[20:52:24]   Expected after restore: unknown
[20:52:24]   Final dump time (freeze duration): 598 ms
[20:52:24] Step 5: Creating archive...
[20:52:24]   Archive size: 33806 bytes
[20:52:24] Step 6: Transferring archive...
  Transferring /tmp/CRIU-gol.tar.gz via relay node edge-host-1...
Setting up SSH trust: edge-node-1 → ubuntu@10.22.132.176
  Adding public key to destination's authorized_keys...
  Testing SSH connectivity...
  ✓ SSH trust ready
Setting up SSH trust: edge-host-1 → ubuntu@10.22.132.239
  Adding public key to destination's authorized_keys...
  Testing SSH connectivity...
  ✓ SSH trust ready
[20:52:31]   Transfer time: 6521 ms
[20:52:31] Step 7: Unpacking on destination...
[20:52:31] Step 7.5: Ensuring gol output file exists on destination...
[20:52:32] Step 7.8: Ensuring /tmp/gol binary is present on destination...
[20:52:32] Step 8: Restoring process...
[20:52:32]   Restore time: 299 ms
[20:52:32]   Restored PID: 2426186 (written to /home/ubuntu/gol.pid)
[20:52:32] Step 9: Verifying migration...
[20:52:36] WARNING: Could not validate restored process state
[20:52:36] Total downtime: 7418 ms (final_dump: 598 + transfer: 6521 + restore: 299)
[20:52:36] Pre-dump time (not counted as downtime): 3944 ms
[20:52:36] Effective bandwidth: 0.04 Mbps
[20:52:36] Metrics saved to /home/ivo/Documents/University/4to/Thesis-AAAAAAAa/Container-vs-Wasm-Service-Migration/Game-of-life-migration/metrics/migration_metrics.csv

=== RUN 22-04-2026-host-precopy-0019 ===

[20:52:36] Resetting nodes: edge-node-1 -> edge-node-2
[20:52:36] Step 1: Killing any existing processes on source...
[20:52:37]   Killing PID 2426186 (from /home/ubuntu/app.pid)
[20:52:37]   Killing PID 2426186 (from /home/ubuntu/gol.pid)
[20:52:38]   Killing any remaining background processes...
[20:52:39] Step 2: Cleaning source node...
[20:52:40] Step 3: Cleaning destination node...
[20:52:41]   Killing PID 2426186 on destination (from /home/ubuntu/app.pid)
[20:52:41]   Killing PID 2426186 on destination (from /home/ubuntu/gol.pid)
[20:52:42]   Killing all remaining gol processes on destination...
[20:52:45] ✓ Reset complete, nodes are clean
[20:52:45]   Next: Start your application
[20:52:45] Transferring gol.c to edge-node-1...
[20:52:46] Compiling gol.c on edge-node-1...
[20:52:46] Starting gol on edge-node-1...
✓ C gol running (PID: 2427969)
[20:52:47] ✓ Gol started
[20:52:50] Starting precopy migration...
[20:52:50] Source: edge-node-1, Dest: edge-node-2
[20:52:50] Transfer mode: host
[20:52:50] Relay node: edge-host-1

[20:52:50] === PRE-COPY LIVE MIGRATION ===
[20:52:50] Step 1: Checking source process...
[20:52:51]   Using PID from /home/ubuntu/gol.pid: 2427969
[20:52:51]   Last gol value (pre-dumps start): 
[20:52:51]   Architecture: x86_64 (compatible)
[20:52:51] Step 2: Preparing dump directory...
[20:52:52] Step 3: Running 3 pre-dumps...
[20:52:52]   Pre-dump 1/3...
[20:52:53]   Pre-dump 2/3...
[20:52:54]   Pre-dump 3/3...
[20:52:56]   Total pre-dump time: 3921 ms
[20:52:56] Step 4: Final dump (freezing service)...
[20:52:56]   Frozen last gol value: 
[20:52:56]   Expected after restore: unknown
[20:52:56]   Final dump time (freeze duration): 584 ms
[20:52:56] Step 5: Creating archive...
[20:52:57]   Archive size: 33291 bytes
[20:52:57] Step 6: Transferring archive...
  Transferring /tmp/CRIU-gol.tar.gz via relay node edge-host-1...
Setting up SSH trust: edge-node-1 → ubuntu@10.22.132.176
  Adding public key to destination's authorized_keys...
  Testing SSH connectivity...
  ✓ SSH trust ready
Setting up SSH trust: edge-host-1 → ubuntu@10.22.132.239
  Adding public key to destination's authorized_keys...
  Testing SSH connectivity...
  ✓ SSH trust ready
[20:53:03]   Transfer time: 6524 ms
[20:53:03] Step 7: Unpacking on destination...
[20:53:04] Step 7.5: Ensuring gol output file exists on destination...
[20:53:04] Step 7.8: Ensuring /tmp/gol binary is present on destination...
[20:53:04] Step 8: Restoring process...
[20:53:04]   Restore time: 318 ms
[20:53:05]   Restored PID: 2427969 (written to /home/ubuntu/gol.pid)
[20:53:05] Step 9: Verifying migration...
[20:53:08] WARNING: Could not validate restored process state
[20:53:08] Total downtime: 7426 ms (final_dump: 584 + transfer: 6524 + restore: 318)
[20:53:08] Pre-dump time (not counted as downtime): 3921 ms
[20:53:08] Effective bandwidth: 0.04 Mbps
[20:53:08] Metrics saved to /home/ivo/Documents/University/4to/Thesis-AAAAAAAa/Container-vs-Wasm-Service-Migration/Game-of-life-migration/metrics/migration_metrics.csv

=== RUN 22-04-2026-direct-precopy-0000 ===

[20:53:09] Resetting nodes: edge-node-1 -> edge-node-2
[20:53:09] Step 1: Killing any existing processes on source...
[20:53:09]   Killing PID 2427969 (from /home/ubuntu/app.pid)
[20:53:10]   Killing PID 2427969 (from /home/ubuntu/gol.pid)
[20:53:11]   Killing any remaining background processes...
[20:53:12] Step 2: Cleaning source node...
[20:53:13] Step 3: Cleaning destination node...
[20:53:13]   Killing PID 2427969 on destination (from /home/ubuntu/app.pid)
[20:53:14]   Killing PID 2427969 on destination (from /home/ubuntu/gol.pid)
[20:53:15]   Killing all remaining gol processes on destination...
[20:53:18] ✓ Reset complete, nodes are clean
[20:53:18]   Next: Start your application
[20:53:18] Transferring gol.c to edge-node-1...
[20:53:18] Compiling gol.c on edge-node-1...
[20:53:19] Starting gol on edge-node-1...
✓ C gol running (PID: 2429760)
[20:53:20] ✓ Gol started
[20:53:23] Starting precopy migration...
[20:53:23] Source: edge-node-1, Dest: edge-node-2
[20:53:23] Transfer mode: direct

[20:53:23] === PRE-COPY LIVE MIGRATION ===
[20:53:23] Step 1: Checking source process...
[20:53:23]   Using PID from /home/ubuntu/gol.pid: 2429760
[20:53:24]   Last gol value (pre-dumps start): 
[20:53:24]   Architecture: x86_64 (compatible)
[20:53:24] Step 2: Preparing dump directory...
[20:53:24] Step 3: Running 3 pre-dumps...
[20:53:24]   Pre-dump 1/3...
[20:53:26]   Pre-dump 2/3...
[20:53:27]   Pre-dump 3/3...
[20:53:28]   Total pre-dump time: 4015 ms
[20:53:28] Step 4: Final dump (freezing service)...
[20:53:29]   Frozen last gol value: 
[20:53:29]   Expected after restore: unknown
[20:53:29]   Final dump time (freeze duration): 591 ms
[20:53:29] Step 5: Creating archive...
[20:53:30]   Archive size: 33255 bytes
[20:53:30] Step 6: Transferring archive...
[20:53:30]   Setting up direct SSH trust...
Setting up SSH trust: edge-node-1 → ubuntu@10.22.132.239
  Adding public key to destination's authorized_keys...
  Testing SSH connectivity...
  ✓ SSH trust ready
Setting up SSH trust: edge-node-1 → ubuntu@10.22.132.239
  Adding public key to destination's authorized_keys...
  Testing SSH connectivity...
  ✓ SSH trust ready
  Transferring /tmp/CRIU-gol.tar.gz via SCP...
[20:53:34]   Transfer time: 2859 ms
[20:53:34] Step 7: Unpacking on destination...
[20:53:35] Step 7.5: Ensuring gol output file exists on destination...
[20:53:35] Step 7.8: Ensuring /tmp/gol binary is present on destination...
[20:53:35] Step 8: Restoring process...
[20:53:35]   Restore time: 331 ms
[20:53:36]   Restored PID: 2429760 (written to /home/ubuntu/gol.pid)
[20:53:36] Step 9: Verifying migration...
[20:53:39] WARNING: Could not validate restored process state
[20:53:39] Total downtime: 3781 ms (final_dump: 591 + transfer: 2859 + restore: 331)
[20:53:39] Pre-dump time (not counted as downtime): 4015 ms
[20:53:39] Effective bandwidth: 0.09 Mbps
[20:53:39] Metrics saved to /home/ivo/Documents/University/4to/Thesis-AAAAAAAa/Container-vs-Wasm-Service-Migration/Game-of-life-migration/metrics/migration_metrics.csv

=== RUN 22-04-2026-direct-precopy-0001 ===

[20:53:40] Resetting nodes: edge-node-1 -> edge-node-2
[20:53:40] Step 1: Killing any existing processes on source...
[20:53:40]   Killing PID 2429760 (from /home/ubuntu/app.pid)
[20:53:41]   Killing PID 2429760 (from /home/ubuntu/gol.pid)
[20:53:41]   Killing any remaining background processes...
[20:53:43] Step 2: Cleaning source node...
[20:53:44] Step 3: Cleaning destination node...
[20:53:44]   Killing PID 2429760 on destination (from /home/ubuntu/app.pid)
[20:53:45]   Killing PID 2429760 on destination (from /home/ubuntu/gol.pid)
[20:53:45]   Killing all remaining gol processes on destination...
[20:53:49] ✓ Reset complete, nodes are clean
[20:53:49]   Next: Start your application
[20:53:49] Transferring gol.c to edge-node-1...
[20:53:49] Compiling gol.c on edge-node-1...
[20:53:49] Starting gol on edge-node-1...
✓ C gol running (PID: 2431648)
[20:53:51] ✓ Gol started
[20:53:53] Starting precopy migration...
[20:53:53] Source: edge-node-1, Dest: edge-node-2
[20:53:53] Transfer mode: direct

[20:53:53] === PRE-COPY LIVE MIGRATION ===
[20:53:53] Step 1: Checking source process...
[20:53:54]   Using PID from /home/ubuntu/gol.pid: 2431648
[20:53:54]   Last gol value (pre-dumps start): 
[20:53:55]   Architecture: x86_64 (compatible)
[20:53:55] Step 2: Preparing dump directory...
[20:53:55] Step 3: Running 3 pre-dumps...
[20:53:55]   Pre-dump 1/3...
[20:53:56]   Pre-dump 2/3...
[20:53:58]   Pre-dump 3/3...
[20:53:59]   Total pre-dump time: 3915 ms
[20:53:59] Step 4: Final dump (freezing service)...
[20:53:59]   Frozen last gol value: 
[20:53:59]   Expected after restore: unknown
[20:53:59]   Final dump time (freeze duration): 590 ms
[20:53:59] Step 5: Creating archive...
[20:54:00]   Archive size: 33767 bytes
[20:54:00] Step 6: Transferring archive...
[20:54:00]   Setting up direct SSH trust...
Setting up SSH trust: edge-node-1 → ubuntu@10.22.132.239
  Adding public key to destination's authorized_keys...
  Testing SSH connectivity...
  ✓ SSH trust ready
Setting up SSH trust: edge-node-1 → ubuntu@10.22.132.239
  Adding public key to destination's authorized_keys...
  Testing SSH connectivity...
  ✓ SSH trust ready
  Transferring /tmp/CRIU-gol.tar.gz via SCP...
[20:54:05]   Transfer time: 2843 ms
[20:54:05] Step 7: Unpacking on destination...
[20:54:05] Step 7.5: Ensuring gol output file exists on destination...
[20:54:06] Step 7.8: Ensuring /tmp/gol binary is present on destination...
[20:54:06] Step 8: Restoring process...
[20:54:06]   Restore time: 315 ms
[20:54:06]   Restored PID: 2431648 (written to /home/ubuntu/gol.pid)
[20:54:06] Step 9: Verifying migration...
[20:54:10] WARNING: Could not validate restored process state
[20:54:10] Total downtime: 3748 ms (final_dump: 590 + transfer: 2843 + restore: 315)
[20:54:10] Pre-dump time (not counted as downtime): 3915 ms
[20:54:10] Effective bandwidth: 0.10 Mbps
[20:54:10] Metrics saved to /home/ivo/Documents/University/4to/Thesis-AAAAAAAa/Container-vs-Wasm-Service-Migration/Game-of-life-migration/metrics/migration_metrics.csv

=== RUN 22-04-2026-direct-precopy-0002 ===

[20:54:11] Resetting nodes: edge-node-1 -> edge-node-2
[20:54:11] Step 1: Killing any existing processes on source...
[20:54:11]   Killing PID 2431648 (from /home/ubuntu/app.pid)
[20:54:12]   Killing PID 2431648 (from /home/ubuntu/gol.pid)
[20:54:12]   Killing any remaining background processes...
[20:54:14] Step 2: Cleaning source node...
[20:54:15] Step 3: Cleaning destination node...
[20:54:15]   Killing PID 2431648 on destination (from /home/ubuntu/app.pid)
[20:54:16]   Killing PID 2431648 on destination (from /home/ubuntu/gol.pid)
[20:54:16]   Killing all remaining gol processes on destination...
[20:54:20] ✓ Reset complete, nodes are clean
[20:54:20]   Next: Start your application
[20:54:20] Transferring gol.c to edge-node-1...
[20:54:20] Compiling gol.c on edge-node-1...
[20:54:20] Starting gol on edge-node-1...
✓ C gol running (PID: 2433544)
[20:54:22] ✓ Gol started
[20:54:24] Starting precopy migration...
[20:54:24] Source: edge-node-1, Dest: edge-node-2
[20:54:24] Transfer mode: direct

[20:54:24] === PRE-COPY LIVE MIGRATION ===
[20:54:24] Step 1: Checking source process...
[20:54:25]   Using PID from /home/ubuntu/gol.pid: 2433544
[20:54:25]   Last gol value (pre-dumps start): 
[20:54:26]   Architecture: x86_64 (compatible)
[20:54:26] Step 2: Preparing dump directory...
[20:54:26] Step 3: Running 3 pre-dumps...
[20:54:26]   Pre-dump 1/3...
[20:54:27]   Pre-dump 2/3...
[20:54:29]   Pre-dump 3/3...
[20:54:30]   Total pre-dump time: 3920 ms
[20:54:30] Step 4: Final dump (freezing service)...
[20:54:31]   Frozen last gol value: 
[20:54:31]   Expected after restore: unknown
[20:54:31]   Final dump time (freeze duration): 598 ms
[20:54:31] Step 5: Creating archive...
[20:54:31]   Archive size: 33062 bytes
[20:54:31] Step 6: Transferring archive...
[20:54:31]   Setting up direct SSH trust...
Setting up SSH trust: edge-node-1 → ubuntu@10.22.132.239
  Adding public key to destination's authorized_keys...
  Testing SSH connectivity...
  ✓ SSH trust ready
Setting up SSH trust: edge-node-1 → ubuntu@10.22.132.239
  Adding public key to destination's authorized_keys...
  Testing SSH connectivity...
  ✓ SSH trust ready
  Transferring /tmp/CRIU-gol.tar.gz via SCP...
[20:54:36]   Transfer time: 2836 ms
[20:54:36] Step 7: Unpacking on destination...
[20:54:36] Step 7.5: Ensuring gol output file exists on destination...
[20:54:36] Step 7.8: Ensuring /tmp/gol binary is present on destination...
[20:54:37] Step 8: Restoring process...
[20:54:37]   Restore time: 317 ms
[20:54:37]   Restored PID: 2433544 (written to /home/ubuntu/gol.pid)
[20:54:37] Step 9: Verifying migration...
[20:54:41] WARNING: Could not validate restored process state
[20:54:41] Total downtime: 3751 ms (final_dump: 598 + transfer: 2836 + restore: 317)
[20:54:41] Pre-dump time (not counted as downtime): 3920 ms
[20:54:41] Effective bandwidth: 0.09 Mbps
[20:54:41] Metrics saved to /home/ivo/Documents/University/4to/Thesis-AAAAAAAa/Container-vs-Wasm-Service-Migration/Game-of-life-migration/metrics/migration_metrics.csv

=== RUN 22-04-2026-direct-precopy-0003 ===

[20:54:41] Resetting nodes: edge-node-1 -> edge-node-2
[20:54:41] Step 1: Killing any existing processes on source...
[20:54:42]   Killing PID 2433544 (from /home/ubuntu/app.pid)
[20:54:42]   Killing PID 2433544 (from /home/ubuntu/gol.pid)
[20:54:43]   Killing any remaining background processes...
[20:54:44] Step 2: Cleaning source node...
[20:54:45] Step 3: Cleaning destination node...
[20:54:46]   Killing PID 2433544 on destination (from /home/ubuntu/app.pid)
[20:54:46]   Killing PID 2433544 on destination (from /home/ubuntu/gol.pid)
[20:54:47]   Killing all remaining gol processes on destination...
[20:54:50] ✓ Reset complete, nodes are clean
[20:54:50]   Next: Start your application
[20:54:50] Transferring gol.c to edge-node-1...
[20:54:50] Compiling gol.c on edge-node-1...
[20:54:51] Starting gol on edge-node-1...
✓ C gol running (PID: 2435437)
[20:54:52] ✓ Gol started
[20:54:55] Starting precopy migration...
[20:54:55] Source: edge-node-1, Dest: edge-node-2
[20:54:55] Transfer mode: direct

[20:54:55] === PRE-COPY LIVE MIGRATION ===
[20:54:55] Step 1: Checking source process...
[20:54:55]   Using PID from /home/ubuntu/gol.pid: 2435437
[20:54:56]   Last gol value (pre-dumps start): 
[20:54:56]   Architecture: x86_64 (compatible)
[20:54:56] Step 2: Preparing dump directory...
[20:54:57] Step 3: Running 3 pre-dumps...
[20:54:57]   Pre-dump 1/3...
[20:54:58]   Pre-dump 2/3...
[20:54:59]   Pre-dump 3/3...
[20:55:01]   Total pre-dump time: 4052 ms
[20:55:01] Step 4: Final dump (freezing service)...
[20:55:01]   Frozen last gol value: 
[20:55:01]   Expected after restore: unknown
[20:55:01]   Final dump time (freeze duration): 583 ms
[20:55:01] Step 5: Creating archive...
[20:55:02]   Archive size: 33742 bytes
[20:55:02] Step 6: Transferring archive...
[20:55:02]   Setting up direct SSH trust...
Setting up SSH trust: edge-node-1 → ubuntu@10.22.132.239
  Adding public key to destination's authorized_keys...
  Testing SSH connectivity...
  ✓ SSH trust ready
Setting up SSH trust: edge-node-1 → ubuntu@10.22.132.239
  Adding public key to destination's authorized_keys...
  Testing SSH connectivity...
  ✓ SSH trust ready
  Transferring /tmp/CRIU-gol.tar.gz via SCP...
[20:55:07]   Transfer time: 2831 ms
[20:55:07] Step 7: Unpacking on destination...
[20:55:07] Step 7.5: Ensuring gol output file exists on destination...
[20:55:07] Step 7.8: Ensuring /tmp/gol binary is present on destination...
[20:55:08] Step 8: Restoring process...
[20:55:08]   Restore time: 323 ms
[20:55:08]   Restored PID: 2435437 (written to /home/ubuntu/gol.pid)
[20:55:08] Step 9: Verifying migration...
[20:55:11] WARNING: Could not validate restored process state
[20:55:11] Total downtime: 3737 ms (final_dump: 583 + transfer: 2831 + restore: 323)
[20:55:11] Pre-dump time (not counted as downtime): 4052 ms
[20:55:11] Effective bandwidth: 0.10 Mbps
[20:55:11] Metrics saved to /home/ivo/Documents/University/4to/Thesis-AAAAAAAa/Container-vs-Wasm-Service-Migration/Game-of-life-migration/metrics/migration_metrics.csv

=== RUN 22-04-2026-direct-precopy-0004 ===

[20:55:12] Resetting nodes: edge-node-1 -> edge-node-2
[20:55:12] Step 1: Killing any existing processes on source...
[20:55:13]   Killing PID 2435437 (from /home/ubuntu/app.pid)
[20:55:13]   Killing PID 2435437 (from /home/ubuntu/gol.pid)
[20:55:14]   Killing any remaining background processes...
[20:55:15] Step 2: Cleaning source node...
[20:55:16] Step 3: Cleaning destination node...
[20:55:17]   Killing PID 2435437 on destination (from /home/ubuntu/app.pid)
[20:55:17]   Killing PID 2435437 on destination (from /home/ubuntu/gol.pid)
[20:55:18]   Killing all remaining gol processes on destination...
[20:55:21] ✓ Reset complete, nodes are clean
[20:55:21]   Next: Start your application
[20:55:21] Transferring gol.c to edge-node-1...
[20:55:22] Compiling gol.c on edge-node-1...
[20:55:22] Starting gol on edge-node-1...
✓ C gol running (PID: 2437337)
[20:55:23] ✓ Gol started
[20:55:26] Starting precopy migration...
[20:55:26] Source: edge-node-1, Dest: edge-node-2
[20:55:26] Transfer mode: direct

[20:55:26] === PRE-COPY LIVE MIGRATION ===
[20:55:26] Step 1: Checking source process...
[20:55:26]   Using PID from /home/ubuntu/gol.pid: 2437337
[20:55:27]   Last gol value (pre-dumps start): 
[20:55:27]   Architecture: x86_64 (compatible)
[20:55:27] Step 2: Preparing dump directory...
[20:55:28] Step 3: Running 3 pre-dumps...
[20:55:28]   Pre-dump 1/3...
[20:55:29]   Pre-dump 2/3...
[20:55:30]   Pre-dump 3/3...
[20:55:32]   Total pre-dump time: 3925 ms
[20:55:32] Step 4: Final dump (freezing service)...
[20:55:32]   Frozen last gol value: 
[20:55:32]   Expected after restore: unknown
[20:55:32]   Final dump time (freeze duration): 599 ms
[20:55:32] Step 5: Creating archive...
[20:55:33]   Archive size: 33173 bytes
[20:55:33] Step 6: Transferring archive...
[20:55:33]   Setting up direct SSH trust...
Setting up SSH trust: edge-node-1 → ubuntu@10.22.132.239
  Adding public key to destination's authorized_keys...
  Testing SSH connectivity...
  ✓ SSH trust ready
Setting up SSH trust: edge-node-1 → ubuntu@10.22.132.239
  Adding public key to destination's authorized_keys...
  Testing SSH connectivity...
  ✓ SSH trust ready
  Transferring /tmp/CRIU-gol.tar.gz via SCP...
[20:55:37]   Transfer time: 2826 ms
[20:55:37] Step 7: Unpacking on destination...
[20:55:38] Step 7.5: Ensuring gol output file exists on destination...
[20:55:38] Step 7.8: Ensuring /tmp/gol binary is present on destination...
[20:55:38] Step 8: Restoring process...
[20:55:39]   Restore time: 306 ms
[20:55:39]   Restored PID: 2437337 (written to /home/ubuntu/gol.pid)
[20:55:39] Step 9: Verifying migration...
[20:55:42] WARNING: Could not validate restored process state
[20:55:42] Total downtime: 3731 ms (final_dump: 599 + transfer: 2826 + restore: 306)
[20:55:42] Pre-dump time (not counted as downtime): 3925 ms
[20:55:42] Effective bandwidth: 0.09 Mbps
[20:55:42] Metrics saved to /home/ivo/Documents/University/4to/Thesis-AAAAAAAa/Container-vs-Wasm-Service-Migration/Game-of-life-migration/metrics/migration_metrics.csv

=== RUN 22-04-2026-direct-precopy-0005 ===

[20:55:43] Resetting nodes: edge-node-1 -> edge-node-2
[20:55:43] Step 1: Killing any existing processes on source...
[20:55:43]   Killing PID 2437337 (from /home/ubuntu/app.pid)
[20:55:44]   Killing PID 2437337 (from /home/ubuntu/gol.pid)
[20:55:44]   Killing any remaining background processes...
[20:55:46] Step 2: Cleaning source node...
[20:55:47] Step 3: Cleaning destination node...
[20:55:47]   Killing PID 2437337 on destination (from /home/ubuntu/app.pid)
[20:55:48]   Killing PID 2437337 on destination (from /home/ubuntu/gol.pid)
[20:55:48]   Killing all remaining gol processes on destination...
[20:55:52] ✓ Reset complete, nodes are clean
[20:55:52]   Next: Start your application
[20:55:52] Transferring gol.c to edge-node-1...
[20:55:52] Compiling gol.c on edge-node-1...
[20:55:52] Starting gol on edge-node-1...
✓ C gol running (PID: 2439224)
[20:55:54] ✓ Gol started
[20:55:56] Starting precopy migration...
[20:55:56] Source: edge-node-1, Dest: edge-node-2
[20:55:56] Transfer mode: direct

[20:55:56] === PRE-COPY LIVE MIGRATION ===
[20:55:56] Step 1: Checking source process...
[20:55:57]   Using PID from /home/ubuntu/gol.pid: 2439224
[20:55:57]   Last gol value (pre-dumps start): 
[20:55:58]   Architecture: x86_64 (compatible)
[20:55:58] Step 2: Preparing dump directory...
[20:55:58] Step 3: Running 3 pre-dumps...
[20:55:58]   Pre-dump 1/3...
[20:55:59]   Pre-dump 2/3...
[20:56:01]   Pre-dump 3/3...
[20:56:02]   Total pre-dump time: 3930 ms
[20:56:02] Step 4: Final dump (freezing service)...
[20:56:03]   Frozen last gol value: 
[20:56:03]   Expected after restore: unknown
[20:56:03]   Final dump time (freeze duration): 581 ms
[20:56:03] Step 5: Creating archive...
[20:56:03]   Archive size: 33169 bytes
[20:56:03] Step 6: Transferring archive...
[20:56:03]   Setting up direct SSH trust...
Setting up SSH trust: edge-node-1 → ubuntu@10.22.132.239
  Adding public key to destination's authorized_keys...
  Testing SSH connectivity...
  ✓ SSH trust ready
Setting up SSH trust: edge-node-1 → ubuntu@10.22.132.239
  Adding public key to destination's authorized_keys...
  Testing SSH connectivity...
  ✓ SSH trust ready
  Transferring /tmp/CRIU-gol.tar.gz via SCP...
[20:56:08]   Transfer time: 2830 ms
[20:56:08] Step 7: Unpacking on destination...
[20:56:09] Step 7.5: Ensuring gol output file exists on destination...
[20:56:09] Step 7.8: Ensuring /tmp/gol binary is present on destination...
[20:56:09] Step 8: Restoring process...
[20:56:09]   Restore time: 308 ms
[20:56:10]   Restored PID: 2439224 (written to /home/ubuntu/gol.pid)
[20:56:10] Step 9: Verifying migration...
[20:56:13] WARNING: Could not validate restored process state
[20:56:13] Total downtime: 3719 ms (final_dump: 581 + transfer: 2830 + restore: 308)
[20:56:13] Pre-dump time (not counted as downtime): 3930 ms
[20:56:13] Effective bandwidth: 0.09 Mbps
[20:56:13] Metrics saved to /home/ivo/Documents/University/4to/Thesis-AAAAAAAa/Container-vs-Wasm-Service-Migration/Game-of-life-migration/metrics/migration_metrics.csv

=== RUN 22-04-2026-direct-precopy-0006 ===

[20:56:14] Resetting nodes: edge-node-1 -> edge-node-2
[20:56:14] Step 1: Killing any existing processes on source...
[20:56:14]   Killing PID 2439224 (from /home/ubuntu/app.pid)
[20:56:15]   Killing PID 2439224 (from /home/ubuntu/gol.pid)
[20:56:16]   Killing any remaining background processes...
[20:56:17] Step 2: Cleaning source node...
[20:56:18] Step 3: Cleaning destination node...
[20:56:18]   Killing PID 2439224 on destination (from /home/ubuntu/app.pid)
[20:56:19]   Killing PID 2439224 on destination (from /home/ubuntu/gol.pid)
[20:56:20]   Killing all remaining gol processes on destination...
[20:56:23] ✓ Reset complete, nodes are clean
[20:56:23]   Next: Start your application
[20:56:23] Transferring gol.c to edge-node-1...
[20:56:23] Compiling gol.c on edge-node-1...
[20:56:24] Starting gol on edge-node-1...
✓ C gol running (PID: 2441373)
[20:56:25] ✓ Gol started
[20:56:28] Starting precopy migration...
[20:56:28] Source: edge-node-1, Dest: edge-node-2
[20:56:28] Transfer mode: direct

[20:56:28] === PRE-COPY LIVE MIGRATION ===
[20:56:28] Step 1: Checking source process...
[20:56:28]   Using PID from /home/ubuntu/gol.pid: 2441373
[20:56:28]   Last gol value (pre-dumps start): 
[20:56:29]   Architecture: x86_64 (compatible)
[20:56:29] Step 2: Preparing dump directory...
[20:56:29] Step 3: Running 3 pre-dumps...
[20:56:29]   Pre-dump 1/3...
[20:56:31]   Pre-dump 2/3...
[20:56:32]   Pre-dump 3/3...
[20:56:33]   Total pre-dump time: 3948 ms
[20:56:33] Step 4: Final dump (freezing service)...
[20:56:34]   Frozen last gol value: 
[20:56:34]   Expected after restore: unknown
[20:56:34]   Final dump time (freeze duration): 577 ms
[20:56:34] Step 5: Creating archive...
[20:56:34]   Archive size: 33195 bytes
[20:56:34] Step 6: Transferring archive...
[20:56:34]   Setting up direct SSH trust...
Setting up SSH trust: edge-node-1 → ubuntu@10.22.132.239
  Adding public key to destination's authorized_keys...
  Testing SSH connectivity...
  ✓ SSH trust ready
Setting up SSH trust: edge-node-1 → ubuntu@10.22.132.239
  Adding public key to destination's authorized_keys...
  Testing SSH connectivity...
  ✓ SSH trust ready
  Transferring /tmp/CRIU-gol.tar.gz via SCP...
[20:56:39]   Transfer time: 2857 ms
[20:56:39] Step 7: Unpacking on destination...
[20:56:39] Step 7.5: Ensuring gol output file exists on destination...
[20:56:40] Step 7.8: Ensuring /tmp/gol binary is present on destination...
[20:56:40] Step 8: Restoring process...
[20:56:40]   Restore time: 314 ms
[20:56:41]   Restored PID: 2441373 (written to /home/ubuntu/gol.pid)
[20:56:41] Step 9: Verifying migration...
[20:56:44] WARNING: Could not validate restored process state
[20:56:44] Total downtime: 3748 ms (final_dump: 577 + transfer: 2857 + restore: 314)
[20:56:44] Pre-dump time (not counted as downtime): 3948 ms
[20:56:44] Effective bandwidth: 0.09 Mbps
[20:56:44] Metrics saved to /home/ivo/Documents/University/4to/Thesis-AAAAAAAa/Container-vs-Wasm-Service-Migration/Game-of-life-migration/metrics/migration_metrics.csv

=== RUN 22-04-2026-direct-precopy-0007 ===

[20:56:45] Resetting nodes: edge-node-1 -> edge-node-2
[20:56:45] Step 1: Killing any existing processes on source...
[20:56:45]   Killing PID 2441373 (from /home/ubuntu/app.pid)
[20:56:46]   Killing PID 2441373 (from /home/ubuntu/gol.pid)
[20:56:46]   Killing any remaining background processes...
[20:56:47] Step 2: Cleaning source node...
[20:56:49] Step 3: Cleaning destination node...
[20:56:49]   Killing PID 2441373 on destination (from /home/ubuntu/app.pid)
[20:56:50]   Killing PID 2441373 on destination (from /home/ubuntu/gol.pid)
[20:56:50]   Killing all remaining gol processes on destination...
[20:56:53] ✓ Reset complete, nodes are clean
[20:56:53]   Next: Start your application
[20:56:53] Transferring gol.c to edge-node-1...
[20:56:54] Compiling gol.c on edge-node-1...
[20:56:54] Starting gol on edge-node-1...
✓ C gol running (PID: 2443261)
[20:56:55] ✓ Gol started
[20:56:58] Starting precopy migration...
[20:56:58] Source: edge-node-1, Dest: edge-node-2
[20:56:58] Transfer mode: direct

[20:56:58] === PRE-COPY LIVE MIGRATION ===
[20:56:58] Step 1: Checking source process...
[20:56:59]   Using PID from /home/ubuntu/gol.pid: 2443261
[20:56:59]   Last gol value (pre-dumps start): 
[20:57:00]   Architecture: x86_64 (compatible)
[20:57:00] Step 2: Preparing dump directory...
[20:57:00] Step 3: Running 3 pre-dumps...
[20:57:00]   Pre-dump 1/3...
[20:57:01]   Pre-dump 2/3...
[20:57:02]   Pre-dump 3/3...
[20:57:04]   Total pre-dump time: 3942 ms
[20:57:04] Step 4: Final dump (freezing service)...
[20:57:04]   Frozen last gol value: 
[20:57:04]   Expected after restore: unknown
[20:57:04]   Final dump time (freeze duration): 579 ms
[20:57:04] Step 5: Creating archive...
[20:57:05]   Archive size: 33015 bytes
[20:57:05] Step 6: Transferring archive...
[20:57:05]   Setting up direct SSH trust...
Setting up SSH trust: edge-node-1 → ubuntu@10.22.132.239
  Adding public key to destination's authorized_keys...
  Testing SSH connectivity...
  ✓ SSH trust ready
Setting up SSH trust: edge-node-1 → ubuntu@10.22.132.239
  Adding public key to destination's authorized_keys...
  Testing SSH connectivity...
  ✓ SSH trust ready
  Transferring /tmp/CRIU-gol.tar.gz via SCP...
[20:57:10]   Transfer time: 2838 ms
[20:57:10] Step 7: Unpacking on destination...
[20:57:10] Step 7.5: Ensuring gol output file exists on destination...
[20:57:10] Step 7.8: Ensuring /tmp/gol binary is present on destination...
[20:57:11] Step 8: Restoring process...
[20:57:11]   Restore time: 302 ms
[20:57:11]   Restored PID: 2443261 (written to /home/ubuntu/gol.pid)
[20:57:11] Step 9: Verifying migration...
[20:57:15] WARNING: Could not validate restored process state
[20:57:15] Total downtime: 3719 ms (final_dump: 579 + transfer: 2838 + restore: 302)
[20:57:15] Pre-dump time (not counted as downtime): 3942 ms
[20:57:15] Effective bandwidth: 0.09 Mbps
[20:57:15] Metrics saved to /home/ivo/Documents/University/4to/Thesis-AAAAAAAa/Container-vs-Wasm-Service-Migration/Game-of-life-migration/metrics/migration_metrics.csv

=== RUN 22-04-2026-direct-precopy-0008 ===

[20:57:16] Resetting nodes: edge-node-1 -> edge-node-2
[20:57:16] Step 1: Killing any existing processes on source...
[20:57:16]   Killing PID 2443261 (from /home/ubuntu/app.pid)
[20:57:17]   Killing PID 2443261 (from /home/ubuntu/gol.pid)
[20:57:17]   Killing any remaining background processes...
[20:57:19] Step 2: Cleaning source node...
[20:57:20] Step 3: Cleaning destination node...
[20:57:20]   Killing PID 2443261 on destination (from /home/ubuntu/app.pid)
[20:57:21]   Killing PID 2443261 on destination (from /home/ubuntu/gol.pid)
[20:57:21]   Killing all remaining gol processes on destination...
[20:57:25] ✓ Reset complete, nodes are clean
[20:57:25]   Next: Start your application
[20:57:25] Transferring gol.c to edge-node-1...
[20:57:25] Compiling gol.c on edge-node-1...
[20:57:25] Starting gol on edge-node-1...
✓ C gol running (PID: 2445158)
[20:57:26] ✓ Gol started
[20:57:29] Starting precopy migration...
[20:57:29] Source: edge-node-1, Dest: edge-node-2
[20:57:29] Transfer mode: direct

[20:57:29] === PRE-COPY LIVE MIGRATION ===
[20:57:29] Step 1: Checking source process...
[20:57:30]   Using PID from /home/ubuntu/gol.pid: 2445158
[20:57:30]   Last gol value (pre-dumps start): 
[20:57:31]   Architecture: x86_64 (compatible)
[20:57:31] Step 2: Preparing dump directory...
[20:57:31] Step 3: Running 3 pre-dumps...
[20:57:31]   Pre-dump 1/3...
[20:57:33]   Pre-dump 2/3...
[20:57:34]   Pre-dump 3/3...
[20:57:35]   Total pre-dump time: 3930 ms
[20:57:35] Step 4: Final dump (freezing service)...
[20:57:36]   Frozen last gol value: 
[20:57:36]   Expected after restore: unknown
[20:57:36]   Final dump time (freeze duration): 569 ms
[20:57:36] Step 5: Creating archive...
[20:57:36]   Archive size: 33723 bytes
[20:57:36] Step 6: Transferring archive...
[20:57:36]   Setting up direct SSH trust...
Setting up SSH trust: edge-node-1 → ubuntu@10.22.132.239
  Adding public key to destination's authorized_keys...
  Testing SSH connectivity...
  ✓ SSH trust ready
Setting up SSH trust: edge-node-1 → ubuntu@10.22.132.239
  Adding public key to destination's authorized_keys...
  Testing SSH connectivity...
  ✓ SSH trust ready
  Transferring /tmp/CRIU-gol.tar.gz via SCP...
[20:57:41]   Transfer time: 2832 ms
[20:57:41] Step 7: Unpacking on destination...
[20:57:41] Step 7.5: Ensuring gol output file exists on destination...
[20:57:41] Step 7.8: Ensuring /tmp/gol binary is present on destination...
[20:57:42] Step 8: Restoring process...
[20:57:42]   Restore time: 314 ms
[20:57:42]   Restored PID: 2445158 (written to /home/ubuntu/gol.pid)
[20:57:42] Step 9: Verifying migration...
[20:57:46] WARNING: Could not validate restored process state
[20:57:46] Total downtime: 3715 ms (final_dump: 569 + transfer: 2832 + restore: 314)
[20:57:46] Pre-dump time (not counted as downtime): 3930 ms
[20:57:46] Effective bandwidth: 0.10 Mbps
[20:57:46] Metrics saved to /home/ivo/Documents/University/4to/Thesis-AAAAAAAa/Container-vs-Wasm-Service-Migration/Game-of-life-migration/metrics/migration_metrics.csv

=== RUN 22-04-2026-direct-precopy-0009 ===

[20:57:46] Resetting nodes: edge-node-1 -> edge-node-2
[20:57:46] Step 1: Killing any existing processes on source...
[20:57:47]   Killing PID 2445158 (from /home/ubuntu/app.pid)
[20:57:47]   Killing PID 2445158 (from /home/ubuntu/gol.pid)
[20:57:48]   Killing any remaining background processes...
[20:57:49] Step 2: Cleaning source node...
[20:57:50] Step 3: Cleaning destination node...
[20:57:51]   Killing PID 2445158 on destination (from /home/ubuntu/app.pid)
[20:57:51]   Killing PID 2445158 on destination (from /home/ubuntu/gol.pid)
[20:57:52]   Killing all remaining gol processes on destination...
[20:57:55] ✓ Reset complete, nodes are clean
[20:57:55]   Next: Start your application
[20:57:55] Transferring gol.c to edge-node-1...
[20:57:56] Compiling gol.c on edge-node-1...
[20:57:56] Starting gol on edge-node-1...
✓ C gol running (PID: 2447046)
[20:57:57] ✓ Gol started
[20:58:00] Starting precopy migration...
[20:58:00] Source: edge-node-1, Dest: edge-node-2
[20:58:00] Transfer mode: direct

[20:58:00] === PRE-COPY LIVE MIGRATION ===
[20:58:00] Step 1: Checking source process...
[20:58:00]   Using PID from /home/ubuntu/gol.pid: 2447046
[20:58:01]   Last gol value (pre-dumps start): 
[20:58:01]   Architecture: x86_64 (compatible)
[20:58:01] Step 2: Preparing dump directory...
[20:58:02] Step 3: Running 3 pre-dumps...
[20:58:02]   Pre-dump 1/3...
[20:58:03]   Pre-dump 2/3...
[20:58:04]   Pre-dump 3/3...
[20:58:06]   Total pre-dump time: 3931 ms
[20:58:06] Step 4: Final dump (freezing service)...
[20:58:06]   Frozen last gol value: 
[20:58:06]   Expected after restore: unknown
[20:58:06]   Final dump time (freeze duration): 575 ms
[20:58:06] Step 5: Creating archive...
[20:58:07]   Archive size: 33680 bytes
[20:58:07] Step 6: Transferring archive...
[20:58:07]   Setting up direct SSH trust...
Setting up SSH trust: edge-node-1 → ubuntu@10.22.132.239
  Adding public key to destination's authorized_keys...
  Testing SSH connectivity...
  ✓ SSH trust ready
Setting up SSH trust: edge-node-1 → ubuntu@10.22.132.239
  Adding public key to destination's authorized_keys...
  Testing SSH connectivity...
  ✓ SSH trust ready
  Transferring /tmp/CRIU-gol.tar.gz via SCP...
[20:58:12]   Transfer time: 2848 ms
[20:58:12] Step 7: Unpacking on destination...
[20:58:12] Step 7.5: Ensuring gol output file exists on destination...
[20:58:12] Step 7.8: Ensuring /tmp/gol binary is present on destination...
[20:58:12] Step 8: Restoring process...
[20:58:13]   Restore time: 311 ms
[20:58:13]   Restored PID: 2447046 (written to /home/ubuntu/gol.pid)
[20:58:13] Step 9: Verifying migration...
[20:58:16] WARNING: Could not validate restored process state
[20:58:16] Total downtime: 3734 ms (final_dump: 575 + transfer: 2848 + restore: 311)
[20:58:16] Pre-dump time (not counted as downtime): 3931 ms
[20:58:16] Effective bandwidth: 0.09 Mbps
[20:58:16] Metrics saved to /home/ivo/Documents/University/4to/Thesis-AAAAAAAa/Container-vs-Wasm-Service-Migration/Game-of-life-migration/metrics/migration_metrics.csv

=== RUN 22-04-2026-direct-precopy-0010 ===

[20:58:17] Resetting nodes: edge-node-1 -> edge-node-2
[20:58:17] Step 1: Killing any existing processes on source...
[20:58:18]   Killing PID 2447046 (from /home/ubuntu/app.pid)
[20:58:18]   Killing PID 2447046 (from /home/ubuntu/gol.pid)
[20:58:19]   Killing any remaining background processes...
[20:58:20] Step 2: Cleaning source node...
[20:58:21] Step 3: Cleaning destination node...
[20:58:22]   Killing PID 2447046 on destination (from /home/ubuntu/app.pid)
[20:58:22]   Killing PID 2447046 on destination (from /home/ubuntu/gol.pid)
[20:58:23]   Killing all remaining gol processes on destination...
[20:58:26] ✓ Reset complete, nodes are clean
[20:58:26]   Next: Start your application
[20:58:26] Transferring gol.c to edge-node-1...
[20:58:27] Compiling gol.c on edge-node-1...
[20:58:27] Starting gol on edge-node-1...
✓ C gol running (PID: 2448942)
[20:58:28] ✓ Gol started
[20:58:31] Starting precopy migration...
[20:58:31] Source: edge-node-1, Dest: edge-node-2
[20:58:31] Transfer mode: direct

[20:58:31] === PRE-COPY LIVE MIGRATION ===
[20:58:31] Step 1: Checking source process...
[20:58:31]   Using PID from /home/ubuntu/gol.pid: 2448942
[20:58:32]   Last gol value (pre-dumps start): 
[20:58:32]   Architecture: x86_64 (compatible)
[20:58:32] Step 2: Preparing dump directory...
[20:58:33] Step 3: Running 3 pre-dumps...
[20:58:33]   Pre-dump 1/3...
[20:58:34]   Pre-dump 2/3...
[20:58:35]   Pre-dump 3/3...
[20:58:36]   Total pre-dump time: 3919 ms
[20:58:36] Step 4: Final dump (freezing service)...
[20:58:37]   Frozen last gol value: 
[20:58:37]   Expected after restore: unknown
[20:58:37]   Final dump time (freeze duration): 591 ms
[20:58:37] Step 5: Creating archive...
[20:58:38]   Archive size: 33158 bytes
[20:58:38] Step 6: Transferring archive...
[20:58:38]   Setting up direct SSH trust...
Setting up SSH trust: edge-node-1 → ubuntu@10.22.132.239
  Adding public key to destination's authorized_keys...
  Testing SSH connectivity...
  ✓ SSH trust ready
Setting up SSH trust: edge-node-1 → ubuntu@10.22.132.239
  Adding public key to destination's authorized_keys...
  Testing SSH connectivity...
  ✓ SSH trust ready
  Transferring /tmp/CRIU-gol.tar.gz via SCP...
[20:58:42]   Transfer time: 2860 ms
[20:58:42] Step 7: Unpacking on destination...
[20:58:43] Step 7.5: Ensuring gol output file exists on destination...
[20:58:43] Step 7.8: Ensuring /tmp/gol binary is present on destination...
[20:58:43] Step 8: Restoring process...
[20:58:44]   Restore time: 320 ms
[20:58:44]   Restored PID: 2448942 (written to /home/ubuntu/gol.pid)
[20:58:44] Step 9: Verifying migration...
[20:58:47] WARNING: Could not validate restored process state
[20:58:47] Total downtime: 3771 ms (final_dump: 591 + transfer: 2860 + restore: 320)
[20:58:47] Pre-dump time (not counted as downtime): 3919 ms
[20:58:47] Effective bandwidth: 0.09 Mbps
[20:58:47] Metrics saved to /home/ivo/Documents/University/4to/Thesis-AAAAAAAa/Container-vs-Wasm-Service-Migration/Game-of-life-migration/metrics/migration_metrics.csv

=== RUN 22-04-2026-direct-precopy-0011 ===

[20:58:48] Resetting nodes: edge-node-1 -> edge-node-2
[20:58:48] Step 1: Killing any existing processes on source...
[20:58:48]   Killing PID 2448942 (from /home/ubuntu/app.pid)
[20:58:49]   Killing PID 2448942 (from /home/ubuntu/gol.pid)
[20:58:49]   Killing any remaining background processes...
[20:58:51] Step 2: Cleaning source node...
[20:58:52] Step 3: Cleaning destination node...
[20:58:52]   Killing PID 2448942 on destination (from /home/ubuntu/app.pid)
[20:58:53]   Killing PID 2448942 on destination (from /home/ubuntu/gol.pid)
[20:58:53]   Killing all remaining gol processes on destination...
[20:58:57] ✓ Reset complete, nodes are clean
[20:58:57]   Next: Start your application
[20:58:57] Transferring gol.c to edge-node-1...
[20:58:57] Compiling gol.c on edge-node-1...
[20:58:57] Starting gol on edge-node-1...
✓ C gol running (PID: 2450830)
[20:58:59] ✓ Gol started
[20:59:01] Starting precopy migration...
[20:59:01] Source: edge-node-1, Dest: edge-node-2
[20:59:01] Transfer mode: direct

[20:59:01] === PRE-COPY LIVE MIGRATION ===
[20:59:01] Step 1: Checking source process...
[20:59:02]   Using PID from /home/ubuntu/gol.pid: 2450830
[20:59:02]   Last gol value (pre-dumps start): 
[20:59:03]   Architecture: x86_64 (compatible)
[20:59:03] Step 2: Preparing dump directory...
[20:59:03] Step 3: Running 3 pre-dumps...
[20:59:03]   Pre-dump 1/3...
[20:59:04]   Pre-dump 2/3...
[20:59:06]   Pre-dump 3/3...
[20:59:07]   Total pre-dump time: 3928 ms
[20:59:07] Step 4: Final dump (freezing service)...
[20:59:08]   Frozen last gol value: 
[20:59:08]   Expected after restore: unknown
[20:59:08]   Final dump time (freeze duration): 590 ms
[20:59:08] Step 5: Creating archive...
[20:59:08]   Archive size: 33186 bytes
[20:59:08] Step 6: Transferring archive...
[20:59:08]   Setting up direct SSH trust...
Setting up SSH trust: edge-node-1 → ubuntu@10.22.132.239
  Adding public key to destination's authorized_keys...
  Testing SSH connectivity...
  ✓ SSH trust ready
Setting up SSH trust: edge-node-1 → ubuntu@10.22.132.239
  Adding public key to destination's authorized_keys...
  Testing SSH connectivity...
  ✓ SSH trust ready
  Transferring /tmp/CRIU-gol.tar.gz via SCP...
[20:59:13]   Transfer time: 2817 ms
[20:59:13] Step 7: Unpacking on destination...
[20:59:13] Step 7.5: Ensuring gol output file exists on destination...
[20:59:14] Step 7.8: Ensuring /tmp/gol binary is present on destination...
[20:59:14] Step 8: Restoring process...
[20:59:14]   Restore time: 316 ms
[20:59:15]   Restored PID: 2450830 (written to /home/ubuntu/gol.pid)
[20:59:15] Step 9: Verifying migration...
[20:59:18] WARNING: Could not validate restored process state
[20:59:18] Total downtime: 3723 ms (final_dump: 590 + transfer: 2817 + restore: 316)
[20:59:18] Pre-dump time (not counted as downtime): 3928 ms
[20:59:18] Effective bandwidth: 0.09 Mbps
[20:59:18] Metrics saved to /home/ivo/Documents/University/4to/Thesis-AAAAAAAa/Container-vs-Wasm-Service-Migration/Game-of-life-migration/metrics/migration_metrics.csv

=== RUN 22-04-2026-direct-precopy-0012 ===

[20:59:19] Resetting nodes: edge-node-1 -> edge-node-2
[20:59:19] Step 1: Killing any existing processes on source...
[20:59:19]   Killing PID 2450830 (from /home/ubuntu/app.pid)
[20:59:20]   Killing PID 2450830 (from /home/ubuntu/gol.pid)
[20:59:20]   Killing any remaining background processes...
[20:59:22] Step 2: Cleaning source node...
[20:59:23] Step 3: Cleaning destination node...
[20:59:23]   Killing PID 2450830 on destination (from /home/ubuntu/app.pid)
[20:59:24]   Killing PID 2450830 on destination (from /home/ubuntu/gol.pid)
[20:59:24]   Killing all remaining gol processes on destination...
[20:59:28] ✓ Reset complete, nodes are clean
[20:59:28]   Next: Start your application
[20:59:28] Transferring gol.c to edge-node-1...
[20:59:28] Compiling gol.c on edge-node-1...
[20:59:28] Starting gol on edge-node-1...
✓ C gol running (PID: 2452727)
[20:59:30] ✓ Gol started
[20:59:32] Starting precopy migration...
[20:59:32] Source: edge-node-1, Dest: edge-node-2
[20:59:32] Transfer mode: direct

[20:59:32] === PRE-COPY LIVE MIGRATION ===
[20:59:32] Step 1: Checking source process...
[20:59:33]   Using PID from /home/ubuntu/gol.pid: 2452727
[20:59:33]   Last gol value (pre-dumps start): 
[20:59:34]   Architecture: x86_64 (compatible)
[20:59:34] Step 2: Preparing dump directory...
[20:59:34] Step 3: Running 3 pre-dumps...
[20:59:34]   Pre-dump 1/3...
[20:59:35]   Pre-dump 2/3...
[20:59:37]   Pre-dump 3/3...
[20:59:38]   Total pre-dump time: 3922 ms
[20:59:38] Step 4: Final dump (freezing service)...
[20:59:39]   Frozen last gol value: 
[20:59:39]   Expected after restore: unknown
[20:59:39]   Final dump time (freeze duration): 590 ms
[20:59:39] Step 5: Creating archive...
[20:59:39]   Archive size: 33059 bytes
[20:59:39] Step 6: Transferring archive...
[20:59:39]   Setting up direct SSH trust...
Setting up SSH trust: edge-node-1 → ubuntu@10.22.132.239
  Adding public key to destination's authorized_keys...
  Testing SSH connectivity...
  ✓ SSH trust ready
Setting up SSH trust: edge-node-1 → ubuntu@10.22.132.239
  Adding public key to destination's authorized_keys...
  Testing SSH connectivity...
  ✓ SSH trust ready
  Transferring /tmp/CRIU-gol.tar.gz via SCP...
[20:59:44]   Transfer time: 2815 ms
[20:59:44] Step 7: Unpacking on destination...
[20:59:44] Step 7.5: Ensuring gol output file exists on destination...
[20:59:44] Step 7.8: Ensuring /tmp/gol binary is present on destination...
[20:59:45] Step 8: Restoring process...
[20:59:45]   Restore time: 317 ms
[20:59:45]   Restored PID: 2452727 (written to /home/ubuntu/gol.pid)
[20:59:45] Step 9: Verifying migration...
[20:59:48] WARNING: Could not validate restored process state
[20:59:48] Total downtime: 3722 ms (final_dump: 590 + transfer: 2815 + restore: 317)
[20:59:48] Pre-dump time (not counted as downtime): 3922 ms
[20:59:48] Effective bandwidth: 0.09 Mbps
[20:59:48] Metrics saved to /home/ivo/Documents/University/4to/Thesis-AAAAAAAa/Container-vs-Wasm-Service-Migration/Game-of-life-migration/metrics/migration_metrics.csv

=== RUN 22-04-2026-direct-precopy-0013 ===

[20:59:49] Resetting nodes: edge-node-1 -> edge-node-2
[20:59:49] Step 1: Killing any existing processes on source...
[20:59:50]   Killing PID 2452727 (from /home/ubuntu/app.pid)
[20:59:50]   Killing PID 2452727 (from /home/ubuntu/gol.pid)
[20:59:51]   Killing any remaining background processes...
[20:59:52] Step 2: Cleaning source node...
[20:59:53] Step 3: Cleaning destination node...
[20:59:54]   Killing PID 2452727 on destination (from /home/ubuntu/app.pid)
[20:59:54]   Killing PID 2452727 on destination (from /home/ubuntu/gol.pid)
[20:59:55]   Killing all remaining gol processes on destination...
[20:59:58] ✓ Reset complete, nodes are clean
[20:59:58]   Next: Start your application
[20:59:58] Transferring gol.c to edge-node-1...
[20:59:58] Compiling gol.c on edge-node-1...
[20:59:59] Starting gol on edge-node-1...
✓ C gol running (PID: 2454617)
[21:00:00] ✓ Gol started
[21:00:03] Starting precopy migration...
[21:00:03] Source: edge-node-1, Dest: edge-node-2
[21:00:03] Transfer mode: direct

[21:00:03] === PRE-COPY LIVE MIGRATION ===
[21:00:03] Step 1: Checking source process...
[21:00:03]   Using PID from /home/ubuntu/gol.pid: 2454617
[21:00:04]   Last gol value (pre-dumps start): 
[21:00:04]   Architecture: x86_64 (compatible)
[21:00:04] Step 2: Preparing dump directory...
[21:00:04] Step 3: Running 3 pre-dumps...
[21:00:04]   Pre-dump 1/3...
[21:00:06]   Pre-dump 2/3...
[21:00:07]   Pre-dump 3/3...
[21:00:08]   Total pre-dump time: 3929 ms
[21:00:08] Step 4: Final dump (freezing service)...
[21:00:09]   Frozen last gol value: 
[21:00:09]   Expected after restore: unknown
[21:00:09]   Final dump time (freeze duration): 576 ms
[21:00:09] Step 5: Creating archive...
[21:00:10]   Archive size: 32822 bytes
[21:00:10] Step 6: Transferring archive...
[21:00:10]   Setting up direct SSH trust...
Setting up SSH trust: edge-node-1 → ubuntu@10.22.132.239
  Adding public key to destination's authorized_keys...
  Testing SSH connectivity...
  ✓ SSH trust ready
Setting up SSH trust: edge-node-1 → ubuntu@10.22.132.239
  Adding public key to destination's authorized_keys...
  Testing SSH connectivity...
  ✓ SSH trust ready
  Transferring /tmp/CRIU-gol.tar.gz via SCP...
[21:00:14]   Transfer time: 2841 ms
[21:00:14] Step 7: Unpacking on destination...
[21:00:15] Step 7.5: Ensuring gol output file exists on destination...
[21:00:15] Step 7.8: Ensuring /tmp/gol binary is present on destination...
[21:00:15] Step 8: Restoring process...
[21:00:16]   Restore time: 319 ms
[21:00:16]   Restored PID: 2454617 (written to /home/ubuntu/gol.pid)
[21:00:16] Step 9: Verifying migration...
[21:00:19] WARNING: Could not validate restored process state
[21:00:19] Total downtime: 3736 ms (final_dump: 576 + transfer: 2841 + restore: 319)
[21:00:19] Pre-dump time (not counted as downtime): 3929 ms
[21:00:19] Effective bandwidth: 0.09 Mbps
[21:00:19] Metrics saved to /home/ivo/Documents/University/4to/Thesis-AAAAAAAa/Container-vs-Wasm-Service-Migration/Game-of-life-migration/metrics/migration_metrics.csv

=== RUN 22-04-2026-direct-precopy-0014 ===

[21:00:20] Resetting nodes: edge-node-1 -> edge-node-2
[21:00:20] Step 1: Killing any existing processes on source...
[21:00:20]   Killing PID 2454617 (from /home/ubuntu/app.pid)
[21:00:21]   Killing PID 2454617 (from /home/ubuntu/gol.pid)
[21:00:22]   Killing any remaining background processes...
[21:00:23] Step 2: Cleaning source node...
[21:00:24] Step 3: Cleaning destination node...
[21:00:25]   Killing PID 2454617 on destination (from /home/ubuntu/app.pid)
[21:00:25]   Killing PID 2454617 on destination (from /home/ubuntu/gol.pid)
[21:00:26]   Killing all remaining gol processes on destination...
[21:00:29] ✓ Reset complete, nodes are clean
[21:00:29]   Next: Start your application
[21:00:29] Transferring gol.c to edge-node-1...
[21:00:29] Compiling gol.c on edge-node-1...
[21:00:30] Starting gol on edge-node-1...
✓ C gol running (PID: 2456514)
[21:00:31] ✓ Gol started
[21:00:34] Starting precopy migration...
[21:00:34] Source: edge-node-1, Dest: edge-node-2
[21:00:34] Transfer mode: direct

[21:00:34] === PRE-COPY LIVE MIGRATION ===
[21:00:34] Step 1: Checking source process...
[21:00:34]   Using PID from /home/ubuntu/gol.pid: 2456514
[21:00:35]   Last gol value (pre-dumps start): 
[21:00:35]   Architecture: x86_64 (compatible)
[21:00:35] Step 2: Preparing dump directory...
[21:00:36] Step 3: Running 3 pre-dumps...
[21:00:36]   Pre-dump 1/3...
[21:00:37]   Pre-dump 2/3...
[21:00:38]   Pre-dump 3/3...
[21:00:39]   Total pre-dump time: 3925 ms
[21:00:39] Step 4: Final dump (freezing service)...
[21:00:40]   Frozen last gol value: 
[21:00:40]   Expected after restore: unknown
[21:00:40]   Final dump time (freeze duration): 560 ms
[21:00:40] Step 5: Creating archive...
[21:00:41]   Archive size: 33102 bytes
[21:00:41] Step 6: Transferring archive...
[21:00:41]   Setting up direct SSH trust...
Setting up SSH trust: edge-node-1 → ubuntu@10.22.132.239
  Adding public key to destination's authorized_keys...
  Testing SSH connectivity...
  ✓ SSH trust ready
Setting up SSH trust: edge-node-1 → ubuntu@10.22.132.239
  Adding public key to destination's authorized_keys...
  Testing SSH connectivity...
  ✓ SSH trust ready
  Transferring /tmp/CRIU-gol.tar.gz via SCP...
[21:00:45]   Transfer time: 2873 ms
[21:00:45] Step 7: Unpacking on destination...
[21:00:46] Step 7.5: Ensuring gol output file exists on destination...
[21:00:46] Step 7.8: Ensuring /tmp/gol binary is present on destination...
[21:00:46] Step 8: Restoring process...
[21:00:46]   Restore time: 302 ms
[21:00:47]   Restored PID: 2456514 (written to /home/ubuntu/gol.pid)
[21:00:47] Step 9: Verifying migration...
[21:00:50] WARNING: Could not validate restored process state
[21:00:50] Total downtime: 3735 ms (final_dump: 560 + transfer: 2873 + restore: 302)
[21:00:50] Pre-dump time (not counted as downtime): 3925 ms
[21:00:50] Effective bandwidth: 0.09 Mbps
[21:00:50] Metrics saved to /home/ivo/Documents/University/4to/Thesis-AAAAAAAa/Container-vs-Wasm-Service-Migration/Game-of-life-migration/metrics/migration_metrics.csv

=== RUN 22-04-2026-direct-precopy-0015 ===

[21:00:51] Resetting nodes: edge-node-1 -> edge-node-2
[21:00:51] Step 1: Killing any existing processes on source...
[21:00:51]   Killing PID 2456514 (from /home/ubuntu/app.pid)
[21:00:52]   Killing PID 2456514 (from /home/ubuntu/gol.pid)
[21:00:52]   Killing any remaining background processes...
[21:00:54] Step 2: Cleaning source node...
[21:00:55] Step 3: Cleaning destination node...
[21:00:55]   Killing PID 2456514 on destination (from /home/ubuntu/app.pid)
[21:00:56]   Killing PID 2456514 on destination (from /home/ubuntu/gol.pid)
[21:00:56]   Killing all remaining gol processes on destination...
[21:01:00] ✓ Reset complete, nodes are clean
[21:01:00]   Next: Start your application
[21:01:00] Transferring gol.c to edge-node-1...
[21:01:00] Compiling gol.c on edge-node-1...
[21:01:00] Starting gol on edge-node-1...
✓ C gol running (PID: 2458402)
[21:01:02] ✓ Gol started
[21:01:04] Starting precopy migration...
[21:01:04] Source: edge-node-1, Dest: edge-node-2
[21:01:04] Transfer mode: direct

[21:01:04] === PRE-COPY LIVE MIGRATION ===
[21:01:04] Step 1: Checking source process...
[21:01:05]   Using PID from /home/ubuntu/gol.pid: 2458402
[21:01:05]   Last gol value (pre-dumps start): 
[21:01:06]   Architecture: x86_64 (compatible)
[21:01:06] Step 2: Preparing dump directory...
[21:01:06] Step 3: Running 3 pre-dumps...
[21:01:06]   Pre-dump 1/3...
[21:01:07]   Pre-dump 2/3...
[21:01:09]   Pre-dump 3/3...
[21:01:10]   Total pre-dump time: 3927 ms
[21:01:10] Step 4: Final dump (freezing service)...
[21:01:11]   Frozen last gol value: 
[21:01:11]   Expected after restore: unknown
[21:01:11]   Final dump time (freeze duration): 585 ms
[21:01:11] Step 5: Creating archive...
[21:01:11]   Archive size: 33100 bytes
[21:01:11] Step 6: Transferring archive...
[21:01:11]   Setting up direct SSH trust...
Setting up SSH trust: edge-node-1 → ubuntu@10.22.132.239
  Adding public key to destination's authorized_keys...
  Testing SSH connectivity...
  ✓ SSH trust ready
Setting up SSH trust: edge-node-1 → ubuntu@10.22.132.239
  Adding public key to destination's authorized_keys...
  Testing SSH connectivity...
  ✓ SSH trust ready
  Transferring /tmp/CRIU-gol.tar.gz via SCP...
[21:01:16]   Transfer time: 2812 ms
[21:01:16] Step 7: Unpacking on destination...
[21:01:16] Step 7.5: Ensuring gol output file exists on destination...
[21:01:17] Step 7.8: Ensuring /tmp/gol binary is present on destination...
[21:01:17] Step 8: Restoring process...
[21:01:17]   Restore time: 295 ms
[21:01:18]   Restored PID: 2458402 (written to /home/ubuntu/gol.pid)
[21:01:18] Step 9: Verifying migration...
[21:01:21] WARNING: Could not validate restored process state
[21:01:21] Total downtime: 3692 ms (final_dump: 585 + transfer: 2812 + restore: 295)
[21:01:21] Pre-dump time (not counted as downtime): 3927 ms
[21:01:21] Effective bandwidth: 0.09 Mbps
[21:01:21] Metrics saved to /home/ivo/Documents/University/4to/Thesis-AAAAAAAa/Container-vs-Wasm-Service-Migration/Game-of-life-migration/metrics/migration_metrics.csv

=== RUN 22-04-2026-direct-precopy-0016 ===

[21:01:22] Resetting nodes: edge-node-1 -> edge-node-2
[21:01:22] Step 1: Killing any existing processes on source...
[21:01:22]   Killing PID 2458402 (from /home/ubuntu/app.pid)
[21:01:23]   Killing PID 2458402 (from /home/ubuntu/gol.pid)
[21:01:23]   Killing any remaining background processes...
[21:01:25] Step 2: Cleaning source node...
[21:01:26] Step 3: Cleaning destination node...
[21:01:26]   Killing PID 2458402 on destination (from /home/ubuntu/app.pid)
[21:01:27]   Killing PID 2458402 on destination (from /home/ubuntu/gol.pid)
[21:01:27]   Killing all remaining gol processes on destination...
[21:01:31] ✓ Reset complete, nodes are clean
[21:01:31]   Next: Start your application
[21:01:31] Transferring gol.c to edge-node-1...
[21:01:31] Compiling gol.c on edge-node-1...
[21:01:31] Starting gol on edge-node-1...
✓ C gol running (PID: 2460297)
[21:01:33] ✓ Gol started
[21:01:35] Starting precopy migration...
[21:01:35] Source: edge-node-1, Dest: edge-node-2
[21:01:35] Transfer mode: direct

[21:01:35] === PRE-COPY LIVE MIGRATION ===
[21:01:35] Step 1: Checking source process...
[21:01:36]   Using PID from /home/ubuntu/gol.pid: 2460297
[21:01:36]   Last gol value (pre-dumps start): 
[21:01:37]   Architecture: x86_64 (compatible)
[21:01:37] Step 2: Preparing dump directory...
[21:01:37] Step 3: Running 3 pre-dumps...
[21:01:37]   Pre-dump 1/3...
[21:01:38]   Pre-dump 2/3...
[21:01:40]   Pre-dump 3/3...
[21:01:41]   Total pre-dump time: 3912 ms
[21:01:41] Step 4: Final dump (freezing service)...
[21:01:42]   Frozen last gol value: 
[21:01:42]   Expected after restore: unknown
[21:01:42]   Final dump time (freeze duration): 571 ms
[21:01:42] Step 5: Creating archive...
[21:01:42]   Archive size: 33097 bytes
[21:01:42] Step 6: Transferring archive...
[21:01:42]   Setting up direct SSH trust...
Setting up SSH trust: edge-node-1 → ubuntu@10.22.132.239
  Adding public key to destination's authorized_keys...
  Testing SSH connectivity...
  ✓ SSH trust ready
Setting up SSH trust: edge-node-1 → ubuntu@10.22.132.239
  Adding public key to destination's authorized_keys...
  Testing SSH connectivity...
  ✓ SSH trust ready
  Transferring /tmp/CRIU-gol.tar.gz via SCP...
[21:01:47]   Transfer time: 2800 ms
[21:01:47] Step 7: Unpacking on destination...
[21:01:47] Step 7.5: Ensuring gol output file exists on destination...
[21:01:47] Step 7.8: Ensuring /tmp/gol binary is present on destination...
[21:01:48] Step 8: Restoring process...
[21:01:48]   Restore time: 305 ms
[21:01:48]   Restored PID: 2460297 (written to /home/ubuntu/gol.pid)
[21:01:48] Step 9: Verifying migration...
[21:01:52] WARNING: Could not validate restored process state
[21:01:52] Total downtime: 3676 ms (final_dump: 571 + transfer: 2800 + restore: 305)
[21:01:52] Pre-dump time (not counted as downtime): 3912 ms
[21:01:52] Effective bandwidth: 0.09 Mbps
[21:01:52] Metrics saved to /home/ivo/Documents/University/4to/Thesis-AAAAAAAa/Container-vs-Wasm-Service-Migration/Game-of-life-migration/metrics/migration_metrics.csv

=== RUN 22-04-2026-direct-precopy-0017 ===

[21:01:52] Resetting nodes: edge-node-1 -> edge-node-2
[21:01:52] Step 1: Killing any existing processes on source...
[21:01:53]   Killing PID 2460297 (from /home/ubuntu/app.pid)
[21:01:53]   Killing PID 2460297 (from /home/ubuntu/gol.pid)
[21:01:54]   Killing any remaining background processes...
[21:01:55] Step 2: Cleaning source node...
[21:01:56] Step 3: Cleaning destination node...
[21:01:57]   Killing PID 2460297 on destination (from /home/ubuntu/app.pid)
[21:01:57]   Killing PID 2460297 on destination (from /home/ubuntu/gol.pid)
[21:01:58]   Killing all remaining gol processes on destination...
[21:02:01] ✓ Reset complete, nodes are clean
[21:02:01]   Next: Start your application
[21:02:01] Transferring gol.c to edge-node-1...
[21:02:01] Compiling gol.c on edge-node-1...
[21:02:02] Starting gol on edge-node-1...
✓ C gol running (PID: 2462185)
[21:02:03] ✓ Gol started
[21:02:06] Starting precopy migration...
[21:02:06] Source: edge-node-1, Dest: edge-node-2
[21:02:06] Transfer mode: direct

[21:02:06] === PRE-COPY LIVE MIGRATION ===
[21:02:06] Step 1: Checking source process...
[21:02:06]   Using PID from /home/ubuntu/gol.pid: 2462185
[21:02:07]   Last gol value (pre-dumps start): 
[21:02:07]   Architecture: x86_64 (compatible)
[21:02:07] Step 2: Preparing dump directory...
[21:02:08] Step 3: Running 3 pre-dumps...
[21:02:08]   Pre-dump 1/3...
[21:02:09]   Pre-dump 2/3...
[21:02:10]   Pre-dump 3/3...
[21:02:11]   Total pre-dump time: 3938 ms
[21:02:11] Step 4: Final dump (freezing service)...
[21:02:12]   Frozen last gol value: 
[21:02:12]   Expected after restore: unknown
[21:02:12]   Final dump time (freeze duration): 580 ms
[21:02:12] Step 5: Creating archive...
[21:02:13]   Archive size: 33756 bytes
[21:02:13] Step 6: Transferring archive...
[21:02:13]   Setting up direct SSH trust...
Setting up SSH trust: edge-node-1 → ubuntu@10.22.132.239
  Adding public key to destination's authorized_keys...
  Testing SSH connectivity...
  ✓ SSH trust ready
Setting up SSH trust: edge-node-1 → ubuntu@10.22.132.239
  Adding public key to destination's authorized_keys...
  Testing SSH connectivity...
  ✓ SSH trust ready
  Transferring /tmp/CRIU-gol.tar.gz via SCP...
[21:02:18]   Transfer time: 2857 ms
[21:02:18] Step 7: Unpacking on destination...
[21:02:18] Step 7.5: Ensuring gol output file exists on destination...
[21:02:18] Step 7.8: Ensuring /tmp/gol binary is present on destination...
[21:02:18] Step 8: Restoring process...
[21:02:19]   Restore time: 304 ms
[21:02:19]   Restored PID: 2462185 (written to /home/ubuntu/gol.pid)
[21:02:19] Step 9: Verifying migration...
[21:02:22] WARNING: Could not validate restored process state
[21:02:22] Total downtime: 3741 ms (final_dump: 580 + transfer: 2857 + restore: 304)
[21:02:22] Pre-dump time (not counted as downtime): 3938 ms
[21:02:22] Effective bandwidth: 0.09 Mbps
[21:02:22] Metrics saved to /home/ivo/Documents/University/4to/Thesis-AAAAAAAa/Container-vs-Wasm-Service-Migration/Game-of-life-migration/metrics/migration_metrics.csv

=== RUN 22-04-2026-direct-precopy-0018 ===

[21:02:23] Resetting nodes: edge-node-1 -> edge-node-2
[21:02:23] Step 1: Killing any existing processes on source...
[21:02:24]   Killing PID 2462185 (from /home/ubuntu/app.pid)
[21:02:24]   Killing PID 2462185 (from /home/ubuntu/gol.pid)
[21:02:25]   Killing any remaining background processes...
[21:02:26] Step 2: Cleaning source node...
[21:02:27] Step 3: Cleaning destination node...
[21:02:28]   Killing PID 2462185 on destination (from /home/ubuntu/app.pid)
[21:02:28]   Killing PID 2462185 on destination (from /home/ubuntu/gol.pid)
[21:02:29]   Killing all remaining gol processes on destination...
[21:02:32] ✓ Reset complete, nodes are clean
[21:02:32]   Next: Start your application
[21:02:32] Transferring gol.c to edge-node-1...
[21:02:32] Compiling gol.c on edge-node-1...
[21:02:33] Starting gol on edge-node-1...
✓ C gol running (PID: 2464081)
[21:02:34] ✓ Gol started
[21:02:37] Starting precopy migration...
[21:02:37] Source: edge-node-1, Dest: edge-node-2
[21:02:37] Transfer mode: direct

[21:02:37] === PRE-COPY LIVE MIGRATION ===
[21:02:37] Step 1: Checking source process...
[21:02:37]   Using PID from /home/ubuntu/gol.pid: 2464081
[21:02:38]   Last gol value (pre-dumps start): 
[21:02:38]   Architecture: x86_64 (compatible)
[21:02:38] Step 2: Preparing dump directory...
[21:02:39] Step 3: Running 3 pre-dumps...
[21:02:39]   Pre-dump 1/3...
[21:02:40]   Pre-dump 2/3...
[21:02:41]   Pre-dump 3/3...
[21:02:43]   Total pre-dump time: 3922 ms
[21:02:43] Step 4: Final dump (freezing service)...
[21:02:43]   Frozen last gol value: 
[21:02:43]   Expected after restore: unknown
[21:02:43]   Final dump time (freeze duration): 584 ms
[21:02:43] Step 5: Creating archive...
[21:02:44]   Archive size: 33134 bytes
[21:02:44] Step 6: Transferring archive...
[21:02:44]   Setting up direct SSH trust...
Setting up SSH trust: edge-node-1 → ubuntu@10.22.132.239
  Adding public key to destination's authorized_keys...
  Testing SSH connectivity...
  ✓ SSH trust ready
Setting up SSH trust: edge-node-1 → ubuntu@10.22.132.239
  Adding public key to destination's authorized_keys...
  Testing SSH connectivity...
  ✓ SSH trust ready
  Transferring /tmp/CRIU-gol.tar.gz via SCP...
[21:02:48]   Transfer time: 2859 ms
[21:02:48] Step 7: Unpacking on destination...
[21:02:49] Step 7.5: Ensuring gol output file exists on destination...
[21:02:49] Step 7.8: Ensuring /tmp/gol binary is present on destination...
[21:02:49] Step 8: Restoring process...
[21:02:50]   Restore time: 322 ms
[21:02:50]   Restored PID: 2464081 (written to /home/ubuntu/gol.pid)
[21:02:50] Step 9: Verifying migration...
[21:02:53] WARNING: Could not validate restored process state
[21:02:53] Total downtime: 3765 ms (final_dump: 584 + transfer: 2859 + restore: 322)
[21:02:53] Pre-dump time (not counted as downtime): 3922 ms
[21:02:53] Effective bandwidth: 0.09 Mbps
[21:02:53] Metrics saved to /home/ivo/Documents/University/4to/Thesis-AAAAAAAa/Container-vs-Wasm-Service-Migration/Game-of-life-migration/metrics/migration_metrics.csv

=== RUN 22-04-2026-direct-precopy-0019 ===

[21:02:54] Resetting nodes: edge-node-1 -> edge-node-2
[21:02:54] Step 1: Killing any existing processes on source...
[21:02:54]   Killing PID 2464081 (from /home/ubuntu/app.pid)
[21:02:55]   Killing PID 2464081 (from /home/ubuntu/gol.pid)
[21:02:56]   Killing any remaining background processes...
[21:02:57] Step 2: Cleaning source node...
[21:02:58] Step 3: Cleaning destination node...
[21:02:58]   Killing PID 2464081 on destination (from /home/ubuntu/app.pid)
[21:02:59]   Killing PID 2464081 on destination (from /home/ubuntu/gol.pid)
[21:03:00]   Killing all remaining gol processes on destination...
[21:03:03] ✓ Reset complete, nodes are clean
[21:03:03]   Next: Start your application
[21:03:03] Transferring gol.c to edge-node-1...
[21:03:03] Compiling gol.c on edge-node-1...
[21:03:03] Starting gol on edge-node-1...
✓ C gol running (PID: 2465969)
[21:03:05] ✓ Gol started
[21:03:07] Starting precopy migration...
[21:03:07] Source: edge-node-1, Dest: edge-node-2
[21:03:07] Transfer mode: direct

[21:03:07] === PRE-COPY LIVE MIGRATION ===
[21:03:07] Step 1: Checking source process...
[21:03:08]   Using PID from /home/ubuntu/gol.pid: 2465969
[21:03:08]   Last gol value (pre-dumps start): 
[21:03:09]   Architecture: x86_64 (compatible)
[21:03:09] Step 2: Preparing dump directory...
[21:03:09] Step 3: Running 3 pre-dumps...
[21:03:09]   Pre-dump 1/3...
[21:03:11]   Pre-dump 2/3...
[21:03:12]   Pre-dump 3/3...
[21:03:13]   Total pre-dump time: 3941 ms
[21:03:13] Step 4: Final dump (freezing service)...
[21:03:14]   Frozen last gol value: 
[21:03:14]   Expected after restore: unknown
[21:03:14]   Final dump time (freeze duration): 590 ms
[21:03:14] Step 5: Creating archive...
[21:03:14]   Archive size: 33164 bytes
[21:03:14] Step 6: Transferring archive...
[21:03:14]   Setting up direct SSH trust...
Setting up SSH trust: edge-node-1 → ubuntu@10.22.132.239
  Adding public key to destination's authorized_keys...
  Testing SSH connectivity...
  ✓ SSH trust ready
Setting up SSH trust: edge-node-1 → ubuntu@10.22.132.239
  Adding public key to destination's authorized_keys...
  Testing SSH connectivity...
  ✓ SSH trust ready
  Transferring /tmp/CRIU-gol.tar.gz via SCP...
[21:03:19]   Transfer time: 2828 ms
[21:03:19] Step 7: Unpacking on destination...
[21:03:20] Step 7.5: Ensuring gol output file exists on destination...
[21:03:20] Step 7.8: Ensuring /tmp/gol binary is present on destination...
[21:03:20] Step 8: Restoring process...
[21:03:20]   Restore time: 308 ms
[21:03:21]   Restored PID: 2465969 (written to /home/ubuntu/gol.pid)
[21:03:21] Step 9: Verifying migration...
[21:03:24] WARNING: Could not validate restored process state
[21:03:24] Total downtime: 3726 ms (final_dump: 590 + transfer: 2828 + restore: 308)
[21:03:24] Pre-dump time (not counted as downtime): 3941 ms
[21:03:24] Effective bandwidth: 0.09 Mbps
[21:03:24] Metrics saved to /home/ivo/Documents/University/4to/Thesis-AAAAAAAa/Container-vs-Wasm-Service-Migration/Game-of-life-migration/metrics/migration_metrics.csv

=== RUN 22-04-2026-host-postcopy-0000 ===

[21:03:25] Resetting nodes: edge-node-1 -> edge-node-2
[21:03:25] Step 1: Killing any existing processes on source...
[21:03:26]   Killing PID 2465969 (from /home/ubuntu/app.pid)
[21:03:26]   Killing PID 2465969 (from /home/ubuntu/gol.pid)
[21:03:27]   Killing any remaining background processes...
[21:03:28] Step 2: Cleaning source node...
[21:03:29] Step 3: Cleaning destination node...
[21:03:30]   Killing PID 2465969 on destination (from /home/ubuntu/app.pid)
[21:03:30]   Killing PID 2465969 on destination (from /home/ubuntu/gol.pid)
[21:03:31]   Killing all remaining gol processes on destination...
[21:03:34] ✓ Reset complete, nodes are clean
[21:03:34]   Next: Start your application
[21:03:34] Transferring gol.c to edge-node-1...
[21:03:34] Compiling gol.c on edge-node-1...
[21:03:35] Starting gol on edge-node-1...
✓ C gol running (PID: 2467873)
[21:03:36] ✓ Gol started
[21:03:39] Starting postcopy migration...
[21:03:39] Source: edge-node-1, Dest: edge-node-2
[21:03:39] Transfer mode: host
[21:03:39] Relay node: edge-host-1

[21:03:39] === POST-COPY (LAZY-PAGES) MIGRATION ===
[21:03:39] Step 1: Checking source process...
[21:03:39]   Using PID from /home/ubuntu/gol.pid: 2467873
[21:03:40]   Last gol value (pre-freeze): 
[21:03:41]   Page-server endpoint: 10.22.132.29:9999
[21:03:41] Step 2: Final dump (freezing service) with --lazy-pages...
[21:03:42]   Dump PID: 2468366
[21:03:42]   Dump init time (approx freeze duration): 1014 ms
[21:03:42]   Frozen last gol value: 
[21:03:42]   Expected after restore: unknown
[21:03:42] Step 3: Page-server ready on source (served by dump process)
[21:03:42] Step 4: Creating archive...
[21:03:43]   Archive size: 23461 bytes
[21:03:43] Step 5: Transferring archive...
  Transferring /home/ubuntu/CRIU-gol.tar.gz via relay node edge-host-1...
Setting up SSH trust: edge-node-1 → ubuntu@10.22.132.176
  Adding public key to destination's authorized_keys...
  Testing SSH connectivity...
  ✓ SSH trust ready
Setting up SSH trust: edge-host-1 → ubuntu@10.22.132.239
  Adding public key to destination's authorized_keys...
  Testing SSH connectivity...
  ✓ SSH trust ready
[21:03:50]   Transfer time: 6571 ms
[21:03:50] Step 6: Unpacking on destination...
[21:03:50] Step 6.8: Ensuring /tmp/gol binary is present on destination...
[21:03:50] Step 7: Starting lazy-pages daemon on destination...
[21:03:51]   Lazy-pages PID: 2296279
[21:03:51] Step 8: Restoring process...
[21:03:51]   Restore time: 350 ms
[21:03:52]   Restored PID: 2467873 (written to /home/ubuntu/gol.pid)
[21:03:52] Step 9: Verifying migration...
[21:03:55] WARNING: Could not validate restored process state
[21:03:55] Total downtime: 7935 ms (dump: 1014 + transfer: 6571 + restore: 350)
[21:03:56] Metrics saved to /home/ivo/Documents/University/4to/Thesis-AAAAAAAa/Container-vs-Wasm-Service-Migration/Game-of-life-migration/metrics/migration_metrics.csv

=== RUN 22-04-2026-host-postcopy-0001 ===

[21:03:57] Resetting nodes: edge-node-1 -> edge-node-2
[21:03:57] Step 1: Killing any existing processes on source...
[21:03:57]   Killing PID 2467873 (from /home/ubuntu/app.pid)
[21:03:58]   Killing PID 2467873 (from /home/ubuntu/gol.pid)
[21:03:59]   Killing any remaining background processes...
[21:04:00] Step 2: Cleaning source node...
[21:04:01] Step 3: Cleaning destination node...
[21:04:01]   Killing PID 2467873 on destination (from /home/ubuntu/app.pid)
[21:04:02]   Killing PID 2467873 on destination (from /home/ubuntu/gol.pid)
[21:04:03]   Killing all remaining gol processes on destination...
[21:04:06] ✓ Reset complete, nodes are clean
[21:04:06]   Next: Start your application
[21:04:06] Transferring gol.c to edge-node-1...
[21:04:06] Compiling gol.c on edge-node-1...
[21:04:07] Starting gol on edge-node-1...
✓ C gol running (PID: 2469823)
[21:04:08] ✓ Gol started
[21:04:11] Starting postcopy migration...
[21:04:11] Source: edge-node-1, Dest: edge-node-2
[21:04:11] Transfer mode: host
[21:04:11] Relay node: edge-host-1

[21:04:11] === POST-COPY (LAZY-PAGES) MIGRATION ===
[21:04:11] Step 1: Checking source process...
[21:04:11]   Using PID from /home/ubuntu/gol.pid: 2469823
[21:04:11]   Last gol value (pre-freeze): 
[21:04:13]   Page-server endpoint: 10.22.132.29:9999
[21:04:13] Step 2: Final dump (freezing service) with --lazy-pages...
[21:04:13]   Dump PID: 2470316
[21:04:14]   Dump init time (approx freeze duration): 997 ms
[21:04:14]   Frozen last gol value: 
[21:04:14]   Expected after restore: unknown
[21:04:14] Step 3: Page-server ready on source (served by dump process)
[21:04:14] Step 4: Creating archive...
[21:04:15]   Archive size: 23439 bytes
[21:04:15] Step 5: Transferring archive...
  Transferring /home/ubuntu/CRIU-gol.tar.gz via relay node edge-host-1...
Setting up SSH trust: edge-node-1 → ubuntu@10.22.132.176
  Adding public key to destination's authorized_keys...
  Testing SSH connectivity...
  ✓ SSH trust ready
Setting up SSH trust: edge-host-1 → ubuntu@10.22.132.239
  Adding public key to destination's authorized_keys...
  Testing SSH connectivity...
  ✓ SSH trust ready
[21:04:21]   Transfer time: 6517 ms
[21:04:21] Step 6: Unpacking on destination...
[21:04:22] Step 6.8: Ensuring /tmp/gol binary is present on destination...
[21:04:22] Step 7: Starting lazy-pages daemon on destination...
[21:04:22]   Lazy-pages PID: 2298011
[21:04:23] Step 8: Restoring process...
[21:04:23]   Restore time: 334 ms
[21:04:23]   Restored PID: 2469823 (written to /home/ubuntu/gol.pid)
[21:04:24] Step 9: Verifying migration...
[21:04:27] WARNING: Could not validate restored process state
[21:04:27] Total downtime: 7848 ms (dump: 997 + transfer: 6517 + restore: 334)
[21:04:28] Metrics saved to /home/ivo/Documents/University/4to/Thesis-AAAAAAAa/Container-vs-Wasm-Service-Migration/Game-of-life-migration/metrics/migration_metrics.csv

=== RUN 22-04-2026-host-postcopy-0002 ===

[21:04:29] Resetting nodes: edge-node-1 -> edge-node-2
[21:04:29] Step 1: Killing any existing processes on source...
[21:04:29]   Killing PID 2469823 (from /home/ubuntu/app.pid)
[21:04:30]   Killing PID 2469823 (from /home/ubuntu/gol.pid)
[21:04:30]   Killing any remaining background processes...
[21:04:32] Step 2: Cleaning source node...
[21:04:33] Step 3: Cleaning destination node...
[21:04:33]   Killing PID 2469823 on destination (from /home/ubuntu/app.pid)
[21:04:34]   Killing PID 2469823 on destination (from /home/ubuntu/gol.pid)
[21:04:34]   Killing all remaining gol processes on destination...
[21:04:38] ✓ Reset complete, nodes are clean
[21:04:38]   Next: Start your application
[21:04:38] Transferring gol.c to edge-node-1...
[21:04:38] Compiling gol.c on edge-node-1...
[21:04:38] Starting gol on edge-node-1...
✓ C gol running (PID: 2471785)
[21:04:40] ✓ Gol started
[21:04:42] Starting postcopy migration...
[21:04:42] Source: edge-node-1, Dest: edge-node-2
[21:04:42] Transfer mode: host
[21:04:42] Relay node: edge-host-1

[21:04:42] === POST-COPY (LAZY-PAGES) MIGRATION ===
[21:04:42] Step 1: Checking source process...
[21:04:43]   Using PID from /home/ubuntu/gol.pid: 2471785
[21:04:43]   Last gol value (pre-freeze): 
[21:04:45]   Page-server endpoint: 10.22.132.29:9999
[21:04:45] Step 2: Final dump (freezing service) with --lazy-pages...
[21:04:45]   Dump PID: 2472278
[21:04:46]   Dump init time (approx freeze duration): 997 ms
[21:04:46]   Frozen last gol value: 
[21:04:46]   Expected after restore: unknown
[21:04:46] Step 3: Page-server ready on source (served by dump process)
[21:04:46] Step 4: Creating archive...
[21:04:47]   Archive size: 23256 bytes
[21:04:47] Step 5: Transferring archive...
  Transferring /home/ubuntu/CRIU-gol.tar.gz via relay node edge-host-1...
Setting up SSH trust: edge-node-1 → ubuntu@10.22.132.176
  Adding public key to destination's authorized_keys...
  Testing SSH connectivity...
  ✓ SSH trust ready
Setting up SSH trust: edge-host-1 → ubuntu@10.22.132.239
  Adding public key to destination's authorized_keys...
  Testing SSH connectivity...
  ✓ SSH trust ready
[21:04:53]   Transfer time: 6513 ms
[21:04:53] Step 6: Unpacking on destination...
[21:04:54] Step 6.8: Ensuring /tmp/gol binary is present on destination...
[21:04:54] Step 7: Starting lazy-pages daemon on destination...
[21:04:54]   Lazy-pages PID: 2299732
[21:04:55] Step 8: Restoring process...
[21:04:55]   Restore time: 333 ms
[21:04:55]   Restored PID: 2471785 (written to /home/ubuntu/gol.pid)
[21:04:56] Step 9: Verifying migration...
[21:04:59] WARNING: Could not validate restored process state
[21:04:59] Total downtime: 7843 ms (dump: 997 + transfer: 6513 + restore: 333)
[21:05:00] Metrics saved to /home/ivo/Documents/University/4to/Thesis-AAAAAAAa/Container-vs-Wasm-Service-Migration/Game-of-life-migration/metrics/migration_metrics.csv

=== RUN 22-04-2026-host-postcopy-0003 ===

[21:05:00] Resetting nodes: edge-node-1 -> edge-node-2
[21:05:00] Step 1: Killing any existing processes on source...
[21:05:01]   Killing PID 2471785 (from /home/ubuntu/app.pid)
[21:05:01]   Killing PID 2471785 (from /home/ubuntu/gol.pid)
[21:05:02]   Killing any remaining background processes...
[21:05:03] Step 2: Cleaning source node...
[21:05:04] Step 3: Cleaning destination node...
[21:05:05]   Killing PID 2471785 on destination (from /home/ubuntu/app.pid)
[21:05:05]   Killing PID 2471785 on destination (from /home/ubuntu/gol.pid)
[21:05:06]   Killing all remaining gol processes on destination...
[21:05:09] ✓ Reset complete, nodes are clean
[21:05:09]   Next: Start your application
[21:05:09] Transferring gol.c to edge-node-1...
[21:05:10] Compiling gol.c on edge-node-1...
[21:05:10] Starting gol on edge-node-1...
✓ C gol running (PID: 2473739)
[21:05:11] ✓ Gol started
[21:05:14] Starting postcopy migration...
[21:05:14] Source: edge-node-1, Dest: edge-node-2
[21:05:14] Transfer mode: host
[21:05:14] Relay node: edge-host-1

[21:05:14] === POST-COPY (LAZY-PAGES) MIGRATION ===
[21:05:14] Step 1: Checking source process...
[21:05:15]   Using PID from /home/ubuntu/gol.pid: 2473739
[21:05:15]   Last gol value (pre-freeze): 
[21:05:16]   Page-server endpoint: 10.22.132.29:9999
[21:05:16] Step 2: Final dump (freezing service) with --lazy-pages...
[21:05:17]   Dump PID: 2474241
[21:05:17]   Dump init time (approx freeze duration): 1003 ms
[21:05:17]   Frozen last gol value: 
[21:05:17]   Expected after restore: unknown
[21:05:17] Step 3: Page-server ready on source (served by dump process)
[21:05:17] Step 4: Creating archive...
[21:05:18]   Archive size: 23429 bytes
[21:05:18] Step 5: Transferring archive...
  Transferring /home/ubuntu/CRIU-gol.tar.gz via relay node edge-host-1...
Setting up SSH trust: edge-node-1 → ubuntu@10.22.132.176
  Adding public key to destination's authorized_keys...
  Testing SSH connectivity...
  ✓ SSH trust ready
Setting up SSH trust: edge-host-1 → ubuntu@10.22.132.239
  Adding public key to destination's authorized_keys...
  Testing SSH connectivity...
  ✓ SSH trust ready
[21:05:25]   Transfer time: 6528 ms
[21:05:25] Step 6: Unpacking on destination...
[21:05:25] Step 6.8: Ensuring /tmp/gol binary is present on destination...
[21:05:25] Step 7: Starting lazy-pages daemon on destination...
[21:05:26]   Lazy-pages PID: 2301467
[21:05:26] Step 8: Restoring process...
[21:05:26]   Restore time: 329 ms
[21:05:27]   Restored PID: 2473739 (written to /home/ubuntu/gol.pid)
[21:05:27] Step 9: Verifying migration...
[21:05:30] WARNING: Could not validate restored process state
[21:05:30] Total downtime: 7860 ms (dump: 1003 + transfer: 6528 + restore: 329)
[21:05:32] Metrics saved to /home/ivo/Documents/University/4to/Thesis-AAAAAAAa/Container-vs-Wasm-Service-Migration/Game-of-life-migration/metrics/migration_metrics.csv

=== RUN 22-04-2026-host-postcopy-0004 ===

[21:05:32] Resetting nodes: edge-node-1 -> edge-node-2
[21:05:32] Step 1: Killing any existing processes on source...
[21:05:33]   Killing PID 2473739 (from /home/ubuntu/app.pid)
[21:05:33]   Killing PID 2473739 (from /home/ubuntu/gol.pid)
[21:05:34]   Killing any remaining background processes...
[21:05:35] Step 2: Cleaning source node...
[21:05:36] Step 3: Cleaning destination node...
[21:05:37]   Killing PID 2473739 on destination (from /home/ubuntu/app.pid)
[21:05:38]   Killing PID 2473739 on destination (from /home/ubuntu/gol.pid)
[21:05:38]   Killing all remaining gol processes on destination...
[21:05:41] ✓ Reset complete, nodes are clean
[21:05:41]   Next: Start your application
[21:05:41] Transferring gol.c to edge-node-1...
[21:05:42] Compiling gol.c on edge-node-1...
[21:05:42] Starting gol on edge-node-1...
✓ C gol running (PID: 2475700)
[21:05:43] ✓ Gol started
[21:05:46] Starting postcopy migration...
[21:05:46] Source: edge-node-1, Dest: edge-node-2
[21:05:46] Transfer mode: host
[21:05:46] Relay node: edge-host-1

[21:05:46] === POST-COPY (LAZY-PAGES) MIGRATION ===
[21:05:46] Step 1: Checking source process...
[21:05:47]   Using PID from /home/ubuntu/gol.pid: 2475700
[21:05:47]   Last gol value (pre-freeze): 
[21:05:48]   Page-server endpoint: 10.22.132.29:9999
[21:05:48] Step 2: Final dump (freezing service) with --lazy-pages...
[21:05:49]   Dump PID: 2476202
[21:05:49]   Dump init time (approx freeze duration): 1006 ms
[21:05:50]   Frozen last gol value: 
[21:05:50]   Expected after restore: unknown
[21:05:50] Step 3: Page-server ready on source (served by dump process)
[21:05:50] Step 4: Creating archive...
[21:05:50]   Archive size: 23371 bytes
[21:05:50] Step 5: Transferring archive...
  Transferring /home/ubuntu/CRIU-gol.tar.gz via relay node edge-host-1...
Setting up SSH trust: edge-node-1 → ubuntu@10.22.132.176
  Adding public key to destination's authorized_keys...
  Testing SSH connectivity...
  ✓ SSH trust ready
Setting up SSH trust: edge-host-1 → ubuntu@10.22.132.239
  Adding public key to destination's authorized_keys...
  Testing SSH connectivity...
  ✓ SSH trust ready
[21:05:57]   Transfer time: 6543 ms
[21:05:57] Step 6: Unpacking on destination...
[21:05:57] Step 6.8: Ensuring /tmp/gol binary is present on destination...
[21:05:58] Step 7: Starting lazy-pages daemon on destination...
[21:05:58]   Lazy-pages PID: 2303197
[21:05:58] Step 8: Restoring process...
[21:05:59]   Restore time: 332 ms
[21:05:59]   Restored PID: 2475700 (written to /home/ubuntu/gol.pid)
[21:05:59] Step 9: Verifying migration...
[21:06:02] WARNING: Could not validate restored process state
[21:06:02] Total downtime: 7881 ms (dump: 1006 + transfer: 6543 + restore: 332)
[21:06:03] Metrics saved to /home/ivo/Documents/University/4to/Thesis-AAAAAAAa/Container-vs-Wasm-Service-Migration/Game-of-life-migration/metrics/migration_metrics.csv

=== RUN 22-04-2026-host-postcopy-0005 ===

[21:06:04] Resetting nodes: edge-node-1 -> edge-node-2
[21:06:04] Step 1: Killing any existing processes on source...
[21:06:04]   Killing PID 2475700 (from /home/ubuntu/app.pid)
[21:06:05]   Killing PID 2475700 (from /home/ubuntu/gol.pid)
[21:06:06]   Killing any remaining background processes...
[21:06:07] Step 2: Cleaning source node...
[21:06:08] Step 3: Cleaning destination node...
[21:06:08]   Killing PID 2475700 on destination (from /home/ubuntu/app.pid)
[21:06:09]   Killing PID 2475700 on destination (from /home/ubuntu/gol.pid)
[21:06:10]   Killing all remaining gol processes on destination...
[21:06:13] ✓ Reset complete, nodes are clean
[21:06:13]   Next: Start your application
[21:06:13] Transferring gol.c to edge-node-1...
[21:06:13] Compiling gol.c on edge-node-1...
[21:06:14] Starting gol on edge-node-1...
✓ C gol running (PID: 2477652)
[21:06:15] ✓ Gol started
[21:06:18] Starting postcopy migration...
[21:06:18] Source: edge-node-1, Dest: edge-node-2
[21:06:18] Transfer mode: host
[21:06:18] Relay node: edge-host-1

[21:06:18] === POST-COPY (LAZY-PAGES) MIGRATION ===
[21:06:18] Step 1: Checking source process...
[21:06:18]   Using PID from /home/ubuntu/gol.pid: 2477652
[21:06:19]   Last gol value (pre-freeze): 
[21:06:20]   Page-server endpoint: 10.22.132.29:9999
[21:06:20] Step 2: Final dump (freezing service) with --lazy-pages...
[21:06:21]   Dump PID: 2478153
[21:06:21]   Dump init time (approx freeze duration): 989 ms
[21:06:22]   Frozen last gol value: 
[21:06:22]   Expected after restore: unknown
[21:06:22] Step 3: Page-server ready on source (served by dump process)
[21:06:22] Step 4: Creating archive...
[21:06:22]   Archive size: 23255 bytes
[21:06:22] Step 5: Transferring archive...
  Transferring /home/ubuntu/CRIU-gol.tar.gz via relay node edge-host-1...
Setting up SSH trust: edge-node-1 → ubuntu@10.22.132.176
  Adding public key to destination's authorized_keys...
  Testing SSH connectivity...
  ✓ SSH trust ready
Setting up SSH trust: edge-host-1 → ubuntu@10.22.132.239
  Adding public key to destination's authorized_keys...
  Testing SSH connectivity...
  ✓ SSH trust ready
[21:06:28]   Transfer time: 6205 ms
[21:06:28] Step 6: Unpacking on destination...
[21:06:29] Step 6.8: Ensuring /tmp/gol binary is present on destination...
[21:06:29] Step 7: Starting lazy-pages daemon on destination...
[21:06:30]   Lazy-pages PID: 2304927
[21:06:30] Step 8: Restoring process...
[21:06:30]   Restore time: 332 ms
[21:06:31]   Restored PID: 2477652 (written to /home/ubuntu/gol.pid)
[21:06:31] Step 9: Verifying migration...
[21:06:34] WARNING: Could not validate restored process state
[21:06:34] Total downtime: 7526 ms (dump: 989 + transfer: 6205 + restore: 332)
[21:06:35] Metrics saved to /home/ivo/Documents/University/4to/Thesis-AAAAAAAa/Container-vs-Wasm-Service-Migration/Game-of-life-migration/metrics/migration_metrics.csv

=== RUN 22-04-2026-host-postcopy-0006 ===

[21:06:36] Resetting nodes: edge-node-1 -> edge-node-2
[21:06:36] Step 1: Killing any existing processes on source...
[21:06:36]   Killing PID 2477652 (from /home/ubuntu/app.pid)
[21:06:37]   Killing PID 2477652 (from /home/ubuntu/gol.pid)
[21:06:38]   Killing any remaining background processes...
[21:06:39] Step 2: Cleaning source node...
[21:06:40] Step 3: Cleaning destination node...
[21:06:40]   Killing PID 2477652 on destination (from /home/ubuntu/app.pid)
[21:06:41]   Killing PID 2477652 on destination (from /home/ubuntu/gol.pid)
[21:06:42]   Killing all remaining gol processes on destination...
[21:06:45] ✓ Reset complete, nodes are clean
[21:06:45]   Next: Start your application
[21:06:45] Transferring gol.c to edge-node-1...
[21:06:45] Compiling gol.c on edge-node-1...
[21:06:46] Starting gol on edge-node-1...
✓ C gol running (PID: 2479611)
[21:06:47] ✓ Gol started
[21:06:50] Starting postcopy migration...
[21:06:50] Source: edge-node-1, Dest: edge-node-2
[21:06:50] Transfer mode: host
[21:06:50] Relay node: edge-host-1

[21:06:50] === POST-COPY (LAZY-PAGES) MIGRATION ===
[21:06:50] Step 1: Checking source process...
[21:06:50]   Using PID from /home/ubuntu/gol.pid: 2479611
[21:06:51]   Last gol value (pre-freeze): 
[21:06:52]   Page-server endpoint: 10.22.132.29:9999
[21:06:52] Step 2: Final dump (freezing service) with --lazy-pages...
[21:06:52]   Dump PID: 2480112
[21:06:53]   Dump init time (approx freeze duration): 1008 ms
[21:06:53]   Frozen last gol value: 
[21:06:53]   Expected after restore: unknown
[21:06:53] Step 3: Page-server ready on source (served by dump process)
[21:06:53] Step 4: Creating archive...
[21:06:54]   Archive size: 23237 bytes
[21:06:54] Step 5: Transferring archive...
  Transferring /home/ubuntu/CRIU-gol.tar.gz via relay node edge-host-1...
Setting up SSH trust: edge-node-1 → ubuntu@10.22.132.176
  Adding public key to destination's authorized_keys...
  Testing SSH connectivity...
  ✓ SSH trust ready
Setting up SSH trust: edge-host-1 → ubuntu@10.22.132.239
  Adding public key to destination's authorized_keys...
  Testing SSH connectivity...
  ✓ SSH trust ready
[21:07:00]   Transfer time: 6598 ms
[21:07:00] Step 6: Unpacking on destination...
[21:07:01] Step 6.8: Ensuring /tmp/gol binary is present on destination...
[21:07:01] Step 7: Starting lazy-pages daemon on destination...
[21:07:02]   Lazy-pages PID: 2306648
[21:07:02] Step 8: Restoring process...
[21:07:02]   Restore time: 332 ms
[21:07:03]   Restored PID: 2479611 (written to /home/ubuntu/gol.pid)
[21:07:03] Step 9: Verifying migration...
[21:07:06] WARNING: Could not validate restored process state
[21:07:06] Total downtime: 7938 ms (dump: 1008 + transfer: 6598 + restore: 332)
[21:07:07] Metrics saved to /home/ivo/Documents/University/4to/Thesis-AAAAAAAa/Container-vs-Wasm-Service-Migration/Game-of-life-migration/metrics/migration_metrics.csv

=== RUN 22-04-2026-host-postcopy-0007 ===

[21:07:08] Resetting nodes: edge-node-1 -> edge-node-2
[21:07:08] Step 1: Killing any existing processes on source...
[21:07:08]   Killing PID 2479611 (from /home/ubuntu/app.pid)
[21:07:09]   Killing PID 2479611 (from /home/ubuntu/gol.pid)
[21:07:09]   Killing any remaining background processes...
[21:07:11] Step 2: Cleaning source node...
[21:07:12] Step 3: Cleaning destination node...
[21:07:12]   Killing PID 2479611 on destination (from /home/ubuntu/app.pid)
[21:07:13]   Killing PID 2479611 on destination (from /home/ubuntu/gol.pid)
[21:07:13]   Killing all remaining gol processes on destination...
[21:07:17] ✓ Reset complete, nodes are clean
[21:07:17]   Next: Start your application
[21:07:17] Transferring gol.c to edge-node-1...
[21:07:17] Compiling gol.c on edge-node-1...
[21:07:17] Starting gol on edge-node-1...
✓ C gol running (PID: 2481562)
[21:07:19] ✓ Gol started
[21:07:22] Starting postcopy migration...
[21:07:22] Source: edge-node-1, Dest: edge-node-2
[21:07:22] Transfer mode: host
[21:07:22] Relay node: edge-host-1

[21:07:22] === POST-COPY (LAZY-PAGES) MIGRATION ===
[21:07:22] Step 1: Checking source process...
[21:07:22]   Using PID from /home/ubuntu/gol.pid: 2481562
[21:07:23]   Last gol value (pre-freeze): 
[21:07:24]   Page-server endpoint: 10.22.132.29:9999
[21:07:24] Step 2: Final dump (freezing service) with --lazy-pages...
[21:07:24]   Dump PID: 2482063
[21:07:25]   Dump init time (approx freeze duration): 1001 ms
[21:07:25]   Frozen last gol value: 
[21:07:25]   Expected after restore: unknown
[21:07:25] Step 3: Page-server ready on source (served by dump process)
[21:07:25] Step 4: Creating archive...
[21:07:26]   Archive size: 23299 bytes
[21:07:26] Step 5: Transferring archive...
  Transferring /home/ubuntu/CRIU-gol.tar.gz via relay node edge-host-1...
Setting up SSH trust: edge-node-1 → ubuntu@10.22.132.176
  Adding public key to destination's authorized_keys...
  Testing SSH connectivity...
  ✓ SSH trust ready
Setting up SSH trust: edge-host-1 → ubuntu@10.22.132.239
  Adding public key to destination's authorized_keys...
  Testing SSH connectivity...
  ✓ SSH trust ready
[21:07:32]   Transfer time: 6256 ms
[21:07:32] Step 6: Unpacking on destination...
[21:07:33] Step 6.8: Ensuring /tmp/gol binary is present on destination...
[21:07:33] Step 7: Starting lazy-pages daemon on destination...
[21:07:33]   Lazy-pages PID: 2308379
[21:07:34] Step 8: Restoring process...
[21:07:34]   Restore time: 327 ms
[21:07:34]   Restored PID: 2481562 (written to /home/ubuntu/gol.pid)
[21:07:35] Step 9: Verifying migration...
[21:07:38] WARNING: Could not validate restored process state
[21:07:38] Total downtime: 7584 ms (dump: 1001 + transfer: 6256 + restore: 327)
[21:07:39] Metrics saved to /home/ivo/Documents/University/4to/Thesis-AAAAAAAa/Container-vs-Wasm-Service-Migration/Game-of-life-migration/metrics/migration_metrics.csv

=== RUN 22-04-2026-host-postcopy-0008 ===

[21:07:40] Resetting nodes: edge-node-1 -> edge-node-2
[21:07:40] Step 1: Killing any existing processes on source...
[21:07:40]   Killing PID 2481562 (from /home/ubuntu/app.pid)
[21:07:41]   Killing PID 2481562 (from /home/ubuntu/gol.pid)
[21:07:41]   Killing any remaining background processes...
[21:07:43] Step 2: Cleaning source node...
[21:07:44] Step 3: Cleaning destination node...
[21:07:44]   Killing PID 2481562 on destination (from /home/ubuntu/app.pid)
[21:07:45]   Killing PID 2481562 on destination (from /home/ubuntu/gol.pid)
[21:07:45]   Killing all remaining gol processes on destination...
[21:07:49] ✓ Reset complete, nodes are clean
[21:07:49]   Next: Start your application
[21:07:49] Transferring gol.c to edge-node-1...
[21:07:49] Compiling gol.c on edge-node-1...
[21:07:49] Starting gol on edge-node-1...
✓ C gol running (PID: 2483532)
[21:07:51] ✓ Gol started
[21:07:53] Starting postcopy migration...
[21:07:53] Source: edge-node-1, Dest: edge-node-2
[21:07:53] Transfer mode: host
[21:07:53] Relay node: edge-host-1

[21:07:53] === POST-COPY (LAZY-PAGES) MIGRATION ===
[21:07:53] Step 1: Checking source process...
[21:07:54]   Using PID from /home/ubuntu/gol.pid: 2483532
[21:07:54]   Last gol value (pre-freeze): 
[21:07:56]   Page-server endpoint: 10.22.132.29:9999
[21:07:56] Step 2: Final dump (freezing service) with --lazy-pages...
[21:07:56]   Dump PID: 2484026
[21:07:57]   Dump init time (approx freeze duration): 986 ms
[21:07:57]   Frozen last gol value: 
[21:07:57]   Expected after restore: unknown
[21:07:57] Step 3: Page-server ready on source (served by dump process)
[21:07:57] Step 4: Creating archive...
[21:07:57]   Archive size: 23330 bytes
[21:07:57] Step 5: Transferring archive...
  Transferring /home/ubuntu/CRIU-gol.tar.gz via relay node edge-host-1...
Setting up SSH trust: edge-node-1 → ubuntu@10.22.132.176
  Adding public key to destination's authorized_keys...
  Testing SSH connectivity...
  ✓ SSH trust ready
Setting up SSH trust: edge-host-1 → ubuntu@10.22.132.239
  Adding public key to destination's authorized_keys...
  Testing SSH connectivity...
  ✓ SSH trust ready
[21:08:04]   Transfer time: 6815 ms
[21:08:04] Step 6: Unpacking on destination...
[21:08:05] Step 6.8: Ensuring /tmp/gol binary is present on destination...
[21:08:05] Step 7: Starting lazy-pages daemon on destination...
[21:08:06]   Lazy-pages PID: 2310100
[21:08:06] Step 8: Restoring process...
[21:08:06]   Restore time: 343 ms
[21:08:06]   Restored PID: 2483532 (written to /home/ubuntu/gol.pid)
[21:08:07] Step 9: Verifying migration...
[21:08:10] WARNING: Could not validate restored process state
[21:08:10] Total downtime: 8144 ms (dump: 986 + transfer: 6815 + restore: 343)
[21:08:11] Metrics saved to /home/ivo/Documents/University/4to/Thesis-AAAAAAAa/Container-vs-Wasm-Service-Migration/Game-of-life-migration/metrics/migration_metrics.csv

=== RUN 22-04-2026-host-postcopy-0009 ===

[21:08:12] Resetting nodes: edge-node-1 -> edge-node-2
[21:08:12] Step 1: Killing any existing processes on source...
[21:08:12]   Killing PID 2483532 (from /home/ubuntu/app.pid)
[21:08:13]   Killing PID 2483532 (from /home/ubuntu/gol.pid)
[21:08:13]   Killing any remaining background processes...
[21:08:15] Step 2: Cleaning source node...
[21:08:16] Step 3: Cleaning destination node...
[21:08:16]   Killing PID 2483532 on destination (from /home/ubuntu/app.pid)
[21:08:17]   Killing PID 2483532 on destination (from /home/ubuntu/gol.pid)
[21:08:17]   Killing all remaining gol processes on destination...
[21:08:20] ✓ Reset complete, nodes are clean
[21:08:20]   Next: Start your application
[21:08:20] Transferring gol.c to edge-node-1...
[21:08:21] Compiling gol.c on edge-node-1...
[21:08:21] Starting gol on edge-node-1...
✓ C gol running (PID: 2485483)
[21:08:22] ✓ Gol started
[21:08:25] Starting postcopy migration...
[21:08:25] Source: edge-node-1, Dest: edge-node-2
[21:08:25] Transfer mode: host
[21:08:25] Relay node: edge-host-1

[21:08:25] === POST-COPY (LAZY-PAGES) MIGRATION ===
[21:08:25] Step 1: Checking source process...
[21:08:26]   Using PID from /home/ubuntu/gol.pid: 2485483
[21:08:26]   Last gol value (pre-freeze): 
[21:08:28]   Page-server endpoint: 10.22.132.29:9999
[21:08:28] Step 2: Final dump (freezing service) with --lazy-pages...
[21:08:28]   Dump PID: 2485976
[21:08:29]   Dump init time (approx freeze duration): 992 ms
[21:08:29]   Frozen last gol value: 
[21:08:29]   Expected after restore: unknown
[21:08:29] Step 3: Page-server ready on source (served by dump process)
[21:08:29] Step 4: Creating archive...
[21:08:30]   Archive size: 23247 bytes
[21:08:30] Step 5: Transferring archive...
  Transferring /home/ubuntu/CRIU-gol.tar.gz via relay node edge-host-1...
Setting up SSH trust: edge-node-1 → ubuntu@10.22.132.176
  Adding public key to destination's authorized_keys...
  Testing SSH connectivity...
  ✓ SSH trust ready
Setting up SSH trust: edge-host-1 → ubuntu@10.22.132.239
  Adding public key to destination's authorized_keys...
  Testing SSH connectivity...
  ✓ SSH trust ready
[21:08:36]   Transfer time: 6204 ms
[21:08:36] Step 6: Unpacking on destination...
[21:08:36] Step 6.8: Ensuring /tmp/gol binary is present on destination...
[21:08:37] Step 7: Starting lazy-pages daemon on destination...
[21:08:37]   Lazy-pages PID: 2311830
[21:08:37] Step 8: Restoring process...
[21:08:38]   Restore time: 324 ms
[21:08:38]   Restored PID: 2485483 (written to /home/ubuntu/gol.pid)
[21:08:38] Step 9: Verifying migration...
[21:08:41] WARNING: Could not validate restored process state
[21:08:41] Total downtime: 7520 ms (dump: 992 + transfer: 6204 + restore: 324)
[21:08:43] Metrics saved to /home/ivo/Documents/University/4to/Thesis-AAAAAAAa/Container-vs-Wasm-Service-Migration/Game-of-life-migration/metrics/migration_metrics.csv

=== RUN 22-04-2026-host-postcopy-0010 ===

[21:08:43] Resetting nodes: edge-node-1 -> edge-node-2
[21:08:43] Step 1: Killing any existing processes on source...
[21:08:44]   Killing PID 2485483 (from /home/ubuntu/app.pid)
[21:08:44]   Killing PID 2485483 (from /home/ubuntu/gol.pid)
[21:08:45]   Killing any remaining background processes...
[21:08:46] Step 2: Cleaning source node...
[21:08:47] Step 3: Cleaning destination node...
[21:08:48]   Killing PID 2485483 on destination (from /home/ubuntu/app.pid)
[21:08:48]   Killing PID 2485483 on destination (from /home/ubuntu/gol.pid)
[21:08:49]   Killing all remaining gol processes on destination...
[21:08:52] ✓ Reset complete, nodes are clean
[21:08:52]   Next: Start your application
[21:08:52] Transferring gol.c to edge-node-1...
[21:08:53] Compiling gol.c on edge-node-1...
[21:08:53] Starting gol on edge-node-1...
✓ C gol running (PID: 2487443)
[21:08:54] ✓ Gol started
[21:08:57] Starting postcopy migration...
[21:08:57] Source: edge-node-1, Dest: edge-node-2
[21:08:57] Transfer mode: host
[21:08:57] Relay node: edge-host-1

[21:08:57] === POST-COPY (LAZY-PAGES) MIGRATION ===
[21:08:57] Step 1: Checking source process...
[21:08:58]   Using PID from /home/ubuntu/gol.pid: 2487443
[21:08:58]   Last gol value (pre-freeze): 
[21:08:59]   Page-server endpoint: 10.22.132.29:9999
[21:08:59] Step 2: Final dump (freezing service) with --lazy-pages...
[21:09:00]   Dump PID: 2487936
[21:09:00]   Dump init time (approx freeze duration): 1001 ms
[21:09:01]   Frozen last gol value: 
[21:09:01]   Expected after restore: unknown
[21:09:01] Step 3: Page-server ready on source (served by dump process)
[21:09:01] Step 4: Creating archive...
[21:09:01]   Archive size: 23441 bytes
[21:09:01] Step 5: Transferring archive...
  Transferring /home/ubuntu/CRIU-gol.tar.gz via relay node edge-host-1...
Setting up SSH trust: edge-node-1 → ubuntu@10.22.132.176
  Adding public key to destination's authorized_keys...
  Testing SSH connectivity...
  ✓ SSH trust ready
Setting up SSH trust: edge-host-1 → ubuntu@10.22.132.239
  Adding public key to destination's authorized_keys...
  Testing SSH connectivity...
  ✓ SSH trust ready
[21:09:08]   Transfer time: 6598 ms
[21:09:08] Step 6: Unpacking on destination...
[21:09:08] Step 6.8: Ensuring /tmp/gol binary is present on destination...
[21:09:09] Step 7: Starting lazy-pages daemon on destination...
[21:09:09]   Lazy-pages PID: 2313553
[21:09:09] Step 8: Restoring process...
[21:09:10]   Restore time: 337 ms
[21:09:10]   Restored PID: 2487443 (written to /home/ubuntu/gol.pid)
[21:09:10] Step 9: Verifying migration...
[21:09:14] WARNING: Could not validate restored process state
[21:09:14] Total downtime: 7936 ms (dump: 1001 + transfer: 6598 + restore: 337)
[21:09:14] Metrics saved to /home/ivo/Documents/University/4to/Thesis-AAAAAAAa/Container-vs-Wasm-Service-Migration/Game-of-life-migration/metrics/migration_metrics.csv

=== RUN 22-04-2026-host-postcopy-0011 ===

[21:09:15] Resetting nodes: edge-node-1 -> edge-node-2
[21:09:15] Step 1: Killing any existing processes on source...
[21:09:15]   Killing PID 2487443 (from /home/ubuntu/app.pid)
[21:09:16]   Killing PID 2487443 (from /home/ubuntu/gol.pid)
[21:09:17]   Killing any remaining background processes...
[21:09:18] Step 2: Cleaning source node...
[21:09:19] Step 3: Cleaning destination node...
[21:09:19]   Killing PID 2487443 on destination (from /home/ubuntu/app.pid)
[21:09:20]   Killing PID 2487443 on destination (from /home/ubuntu/gol.pid)
[21:09:21]   Killing all remaining gol processes on destination...
[21:09:24] ✓ Reset complete, nodes are clean
[21:09:24]   Next: Start your application
[21:09:24] Transferring gol.c to edge-node-1...
[21:09:24] Compiling gol.c on edge-node-1...
[21:09:25] Starting gol on edge-node-1...
✓ C gol running (PID: 2489393)
[21:09:26] ✓ Gol started
[21:09:29] Starting postcopy migration...
[21:09:29] Source: edge-node-1, Dest: edge-node-2
[21:09:29] Transfer mode: host
[21:09:29] Relay node: edge-host-1

[21:09:29] === POST-COPY (LAZY-PAGES) MIGRATION ===
[21:09:29] Step 1: Checking source process...
[21:09:29]   Using PID from /home/ubuntu/gol.pid: 2489393
[21:09:30]   Last gol value (pre-freeze): 
[21:09:31]   Page-server endpoint: 10.22.132.29:9999
[21:09:31] Step 2: Final dump (freezing service) with --lazy-pages...
[21:09:32]   Dump PID: 2489894
[21:09:32]   Dump init time (approx freeze duration): 1010 ms
[21:09:32]   Frozen last gol value: 
[21:09:32]   Expected after restore: unknown
[21:09:32] Step 3: Page-server ready on source (served by dump process)
[21:09:32] Step 4: Creating archive...
[21:09:33]   Archive size: 23351 bytes
[21:09:33] Step 5: Transferring archive...
  Transferring /home/ubuntu/CRIU-gol.tar.gz via relay node edge-host-1...
Setting up SSH trust: edge-node-1 → ubuntu@10.22.132.176
  Adding public key to destination's authorized_keys...
  Testing SSH connectivity...
  ✓ SSH trust ready
Setting up SSH trust: edge-host-1 → ubuntu@10.22.132.239
  Adding public key to destination's authorized_keys...
  Testing SSH connectivity...
  ✓ SSH trust ready
[21:09:39]   Transfer time: 6232 ms
[21:09:39] Step 6: Unpacking on destination...
[21:09:40] Step 6.8: Ensuring /tmp/gol binary is present on destination...
[21:09:40] Step 7: Starting lazy-pages daemon on destination...
[21:09:41]   Lazy-pages PID: 2315282
[21:09:41] Step 8: Restoring process...
[21:09:41]   Restore time: 337 ms
[21:09:41]   Restored PID: 2489393 (written to /home/ubuntu/gol.pid)
[21:09:42] Step 9: Verifying migration...
[21:09:45] WARNING: Could not validate restored process state
[21:09:45] Total downtime: 7579 ms (dump: 1010 + transfer: 6232 + restore: 337)
[21:09:46] Metrics saved to /home/ivo/Documents/University/4to/Thesis-AAAAAAAa/Container-vs-Wasm-Service-Migration/Game-of-life-migration/metrics/migration_metrics.csv

=== RUN 22-04-2026-host-postcopy-0012 ===

[21:09:47] Resetting nodes: edge-node-1 -> edge-node-2
[21:09:47] Step 1: Killing any existing processes on source...
[21:09:47]   Killing PID 2489393 (from /home/ubuntu/app.pid)
[21:09:48]   Killing PID 2489393 (from /home/ubuntu/gol.pid)
[21:09:48]   Killing any remaining background processes...
[21:09:50] Step 2: Cleaning source node...
[21:09:51] Step 3: Cleaning destination node...
[21:09:51]   Killing PID 2489393 on destination (from /home/ubuntu/app.pid)
[21:09:52]   Killing PID 2489393 on destination (from /home/ubuntu/gol.pid)
[21:09:52]   Killing all remaining gol processes on destination...
[21:09:56] ✓ Reset complete, nodes are clean
[21:09:56]   Next: Start your application
[21:09:56] Transferring gol.c to edge-node-1...
[21:09:56] Compiling gol.c on edge-node-1...
[21:09:56] Starting gol on edge-node-1...
✓ C gol running (PID: 2491357)
[21:09:58] ✓ Gol started
[21:10:00] Starting postcopy migration...
[21:10:00] Source: edge-node-1, Dest: edge-node-2
[21:10:00] Transfer mode: host
[21:10:00] Relay node: edge-host-1

[21:10:00] === POST-COPY (LAZY-PAGES) MIGRATION ===
[21:10:00] Step 1: Checking source process...
[21:10:01]   Using PID from /home/ubuntu/gol.pid: 2491357
[21:10:01]   Last gol value (pre-freeze): 
[21:10:03]   Page-server endpoint: 10.22.132.29:9999
[21:10:03] Step 2: Final dump (freezing service) with --lazy-pages...
[21:10:03]   Dump PID: 2491860
[21:10:04]   Dump init time (approx freeze duration): 996 ms
[21:10:04]   Frozen last gol value: 
[21:10:04]   Expected after restore: unknown
[21:10:04] Step 3: Page-server ready on source (served by dump process)
[21:10:04] Step 4: Creating archive...
[21:10:05]   Archive size: 23347 bytes
[21:10:05] Step 5: Transferring archive...
  Transferring /home/ubuntu/CRIU-gol.tar.gz via relay node edge-host-1...
Setting up SSH trust: edge-node-1 → ubuntu@10.22.132.176
  Adding public key to destination's authorized_keys...
  Testing SSH connectivity...
  ✓ SSH trust ready
Setting up SSH trust: edge-host-1 → ubuntu@10.22.132.239
  Adding public key to destination's authorized_keys...
  Testing SSH connectivity...
  ✓ SSH trust ready
[21:10:11]   Transfer time: 6542 ms
[21:10:11] Step 6: Unpacking on destination...
[21:10:12] Step 6.8: Ensuring /tmp/gol binary is present on destination...
[21:10:12] Step 7: Starting lazy-pages daemon on destination...
[21:10:12]   Lazy-pages PID: 2317006
[21:10:13] Step 8: Restoring process...
[21:10:13]   Restore time: 336 ms
[21:10:13]   Restored PID: 2491357 (written to /home/ubuntu/gol.pid)
[21:10:14] Step 9: Verifying migration...
[21:10:17] WARNING: Could not validate restored process state
[21:10:17] Total downtime: 7874 ms (dump: 996 + transfer: 6542 + restore: 336)
[21:10:18] Metrics saved to /home/ivo/Documents/University/4to/Thesis-AAAAAAAa/Container-vs-Wasm-Service-Migration/Game-of-life-migration/metrics/migration_metrics.csv

=== RUN 22-04-2026-host-postcopy-0013 ===

[21:10:19] Resetting nodes: edge-node-1 -> edge-node-2
[21:10:19] Step 1: Killing any existing processes on source...
[21:10:19]   Killing PID 2491357 (from /home/ubuntu/app.pid)
[21:10:20]   Killing PID 2491357 (from /home/ubuntu/gol.pid)
[21:10:20]   Killing any remaining background processes...
[21:10:21] Step 2: Cleaning source node...
[21:10:22] Step 3: Cleaning destination node...
[21:10:23]   Killing PID 2491357 on destination (from /home/ubuntu/app.pid)
[21:10:24]   Killing PID 2491357 on destination (from /home/ubuntu/gol.pid)
[21:10:24]   Killing all remaining gol processes on destination...
[21:10:28] ✓ Reset complete, nodes are clean
[21:10:28]   Next: Start your application
[21:10:28] Transferring gol.c to edge-node-1...
[21:10:28] Compiling gol.c on edge-node-1...
[21:10:28] Starting gol on edge-node-1...
✓ C gol running (PID: 2493309)
[21:10:30] ✓ Gol started
[21:10:33] Starting postcopy migration...
[21:10:33] Source: edge-node-1, Dest: edge-node-2
[21:10:33] Transfer mode: host
[21:10:33] Relay node: edge-host-1

[21:10:33] === POST-COPY (LAZY-PAGES) MIGRATION ===
[21:10:33] Step 1: Checking source process...
[21:10:33]   Using PID from /home/ubuntu/gol.pid: 2493309
[21:10:34]   Last gol value (pre-freeze): 
[21:10:35]   Page-server endpoint: 10.22.132.29:9999
[21:10:35] Step 2: Final dump (freezing service) with --lazy-pages...
[21:10:36]   Dump PID: 2493810
[21:10:36]   Dump init time (approx freeze duration): 1007 ms
[21:10:36]   Frozen last gol value: 
[21:10:36]   Expected after restore: unknown
[21:10:36] Step 3: Page-server ready on source (served by dump process)
[21:10:36] Step 4: Creating archive...
[21:10:37]   Archive size: 23284 bytes
[21:10:37] Step 5: Transferring archive...
  Transferring /home/ubuntu/CRIU-gol.tar.gz via relay node edge-host-1...
Setting up SSH trust: edge-node-1 → ubuntu@10.22.132.176
  Adding public key to destination's authorized_keys...
  Testing SSH connectivity...
  ✓ SSH trust ready
Setting up SSH trust: edge-host-1 → ubuntu@10.22.132.239
  Adding public key to destination's authorized_keys...
  Testing SSH connectivity...
  ✓ SSH trust ready
[21:10:43]   Transfer time: 6266 ms
[21:10:43] Step 6: Unpacking on destination...
[21:10:44] Step 6.8: Ensuring /tmp/gol binary is present on destination...
[21:10:44] Step 7: Starting lazy-pages daemon on destination...
[21:10:45]   Lazy-pages PID: 2318743
[21:10:45] Step 8: Restoring process...
[21:10:45]   Restore time: 337 ms
[21:10:45]   Restored PID: 2493309 (written to /home/ubuntu/gol.pid)
[21:10:46] Step 9: Verifying migration...
[21:10:49] WARNING: Could not validate restored process state
[21:10:49] Total downtime: 7610 ms (dump: 1007 + transfer: 6266 + restore: 337)
[21:10:50] Metrics saved to /home/ivo/Documents/University/4to/Thesis-AAAAAAAa/Container-vs-Wasm-Service-Migration/Game-of-life-migration/metrics/migration_metrics.csv

=== RUN 22-04-2026-host-postcopy-0014 ===

[21:10:51] Resetting nodes: edge-node-1 -> edge-node-2
[21:10:51] Step 1: Killing any existing processes on source...
[21:10:51]   Killing PID 2493309 (from /home/ubuntu/app.pid)
[21:10:52]   Killing PID 2493309 (from /home/ubuntu/gol.pid)
[21:10:52]   Killing any remaining background processes...
[21:10:54] Step 2: Cleaning source node...
[21:10:55] Step 3: Cleaning destination node...
[21:10:55]   Killing PID 2493309 on destination (from /home/ubuntu/app.pid)
[21:10:56]   Killing PID 2493309 on destination (from /home/ubuntu/gol.pid)
[21:10:57]   Killing all remaining gol processes on destination...
[21:11:00] ✓ Reset complete, nodes are clean
[21:11:00]   Next: Start your application
[21:11:00] Transferring gol.c to edge-node-1...
[21:11:00] Compiling gol.c on edge-node-1...
[21:11:01] Starting gol on edge-node-1...
✓ C gol running (PID: 2495269)
[21:11:02] ✓ Gol started
[21:11:05] Starting postcopy migration...
[21:11:05] Source: edge-node-1, Dest: edge-node-2
[21:11:05] Transfer mode: host
[21:11:05] Relay node: edge-host-1

[21:11:05] === POST-COPY (LAZY-PAGES) MIGRATION ===
[21:11:05] Step 1: Checking source process...
[21:11:05]   Using PID from /home/ubuntu/gol.pid: 2495269
[21:11:06]   Last gol value (pre-freeze): 
[21:11:07]   Page-server endpoint: 10.22.132.29:9999
[21:11:07] Step 2: Final dump (freezing service) with --lazy-pages...
[21:11:08]   Dump PID: 2495770
[21:11:08]   Dump init time (approx freeze duration): 1042 ms
[21:11:08]   Frozen last gol value: 
[21:11:08]   Expected after restore: unknown
[21:11:08] Step 3: Page-server ready on source (served by dump process)
[21:11:08] Step 4: Creating archive...
[21:11:09]   Archive size: 23286 bytes
[21:11:09] Step 5: Transferring archive...
  Transferring /home/ubuntu/CRIU-gol.tar.gz via relay node edge-host-1...
Setting up SSH trust: edge-node-1 → ubuntu@10.22.132.176
  Adding public key to destination's authorized_keys...
  Testing SSH connectivity...
  ✓ SSH trust ready
Setting up SSH trust: edge-host-1 → ubuntu@10.22.132.239
  Adding public key to destination's authorized_keys...
  Testing SSH connectivity...
  ✓ SSH trust ready
[21:11:16]   Transfer time: 6600 ms
[21:11:16] Step 6: Unpacking on destination...
[21:11:16] Step 6.8: Ensuring /tmp/gol binary is present on destination...
[21:11:16] Step 7: Starting lazy-pages daemon on destination...
[21:11:17]   Lazy-pages PID: 2320716
[21:11:17] Step 8: Restoring process...
[21:11:18]   Restore time: 328 ms
[21:11:18]   Restored PID: 2495269 (written to /home/ubuntu/gol.pid)
[21:11:18] Step 9: Verifying migration...
[21:11:21] WARNING: Could not validate restored process state
[21:11:21] Total downtime: 7970 ms (dump: 1042 + transfer: 6600 + restore: 328)
[21:11:22] Metrics saved to /home/ivo/Documents/University/4to/Thesis-AAAAAAAa/Container-vs-Wasm-Service-Migration/Game-of-life-migration/metrics/migration_metrics.csv

=== RUN 22-04-2026-host-postcopy-0015 ===

[21:11:23] Resetting nodes: edge-node-1 -> edge-node-2
[21:11:23] Step 1: Killing any existing processes on source...
[21:11:23]   Killing PID 2495269 (from /home/ubuntu/app.pid)
[21:11:24]   Killing PID 2495269 (from /home/ubuntu/gol.pid)
[21:11:25]   Killing any remaining background processes...
[21:11:26] Step 2: Cleaning source node...
[21:11:27] Step 3: Cleaning destination node...
[21:11:28]   Killing PID 2495269 on destination (from /home/ubuntu/app.pid)
[21:11:28]   Killing PID 2495269 on destination (from /home/ubuntu/gol.pid)
[21:11:29]   Killing all remaining gol processes on destination...
[21:11:32] ✓ Reset complete, nodes are clean
[21:11:32]   Next: Start your application
[21:11:32] Transferring gol.c to edge-node-1...
[21:11:33] Compiling gol.c on edge-node-1...
[21:11:33] Starting gol on edge-node-1...
✓ C gol running (PID: 2497479)
[21:11:34] ✓ Gol started
[21:11:37] Starting postcopy migration...
[21:11:37] Source: edge-node-1, Dest: edge-node-2
[21:11:37] Transfer mode: host
[21:11:37] Relay node: edge-host-1

[21:11:37] === POST-COPY (LAZY-PAGES) MIGRATION ===
[21:11:37] Step 1: Checking source process...
[21:11:38]   Using PID from /home/ubuntu/gol.pid: 2497479
[21:11:38]   Last gol value (pre-freeze): 
[21:11:39]   Page-server endpoint: 10.22.132.29:9999
[21:11:39] Step 2: Final dump (freezing service) with --lazy-pages...
[21:11:40]   Dump PID: 2497972
[21:11:41]   Dump init time (approx freeze duration): 1021 ms
[21:11:41]   Frozen last gol value: 
[21:11:41]   Expected after restore: unknown
[21:11:41] Step 3: Page-server ready on source (served by dump process)
[21:11:41] Step 4: Creating archive...
[21:11:41]   Archive size: 23482 bytes
[21:11:41] Step 5: Transferring archive...
  Transferring /home/ubuntu/CRIU-gol.tar.gz via relay node edge-host-1...
Setting up SSH trust: edge-node-1 → ubuntu@10.22.132.176
  Adding public key to destination's authorized_keys...
  Testing SSH connectivity...
  ✓ SSH trust ready
Setting up SSH trust: edge-host-1 → ubuntu@10.22.132.239
  Adding public key to destination's authorized_keys...
  Testing SSH connectivity...
  ✓ SSH trust ready
[21:11:48]   Transfer time: 6475 ms
[21:11:48] Step 6: Unpacking on destination...
[21:11:49] Step 6.8: Ensuring /tmp/gol binary is present on destination...
[21:11:49] Step 7: Starting lazy-pages daemon on destination...
[21:11:49]   Lazy-pages PID: 2322446
[21:11:50] Step 8: Restoring process...
[21:11:50]   Restore time: 344 ms
[21:11:50]   Restored PID: 2497479 (written to /home/ubuntu/gol.pid)
[21:11:51] Step 9: Verifying migration...
[21:11:54] WARNING: Could not validate restored process state
[21:11:54] Total downtime: 7840 ms (dump: 1021 + transfer: 6475 + restore: 344)
[21:11:55] Metrics saved to /home/ivo/Documents/University/4to/Thesis-AAAAAAAa/Container-vs-Wasm-Service-Migration/Game-of-life-migration/metrics/migration_metrics.csv

=== RUN 22-04-2026-host-postcopy-0016 ===

[21:11:56] Resetting nodes: edge-node-1 -> edge-node-2
[21:11:56] Step 1: Killing any existing processes on source...
[21:11:56]   Killing PID 2497479 (from /home/ubuntu/app.pid)
[21:11:57]   Killing PID 2497479 (from /home/ubuntu/gol.pid)
[21:11:58]   Killing any remaining background processes...
[21:11:59] Step 2: Cleaning source node...
[21:12:00] Step 3: Cleaning destination node...
[21:12:01]   Killing PID 2497479 on destination (from /home/ubuntu/app.pid)
[21:12:01]   Killing PID 2497479 on destination (from /home/ubuntu/gol.pid)
[21:12:02]   Killing all remaining gol processes on destination...
[21:12:05] ✓ Reset complete, nodes are clean
[21:12:05]   Next: Start your application
[21:12:05] Transferring gol.c to edge-node-1...
[21:12:06] Compiling gol.c on edge-node-1...
[21:12:06] Starting gol on edge-node-1...
✓ C gol running (PID: 2499438)
[21:12:07] ✓ Gol started
[21:12:10] Starting postcopy migration...
[21:12:10] Source: edge-node-1, Dest: edge-node-2
[21:12:10] Transfer mode: host
[21:12:10] Relay node: edge-host-1

[21:12:10] === POST-COPY (LAZY-PAGES) MIGRATION ===
[21:12:10] Step 1: Checking source process...
[21:12:11]   Using PID from /home/ubuntu/gol.pid: 2499438
[21:12:11]   Last gol value (pre-freeze): 
[21:12:12]   Page-server endpoint: 10.22.132.29:9999
[21:12:12] Step 2: Final dump (freezing service) with --lazy-pages...
[21:12:13]   Dump PID: 2499931
[21:12:13]   Dump init time (approx freeze duration): 1037 ms
[21:12:14]   Frozen last gol value: 
[21:12:14]   Expected after restore: unknown
[21:12:14] Step 3: Page-server ready on source (served by dump process)
[21:12:14] Step 4: Creating archive...
[21:12:14]   Archive size: 23430 bytes
[21:12:14] Step 5: Transferring archive...
  Transferring /home/ubuntu/CRIU-gol.tar.gz via relay node edge-host-1...
Setting up SSH trust: edge-node-1 → ubuntu@10.22.132.176
  Adding public key to destination's authorized_keys...
  Testing SSH connectivity...
  ✓ SSH trust ready
Setting up SSH trust: edge-host-1 → ubuntu@10.22.132.239
  Adding public key to destination's authorized_keys...
  Testing SSH connectivity...
  ✓ SSH trust ready
[21:12:21]   Transfer time: 6596 ms
[21:12:21] Step 6: Unpacking on destination...
[21:12:22] Step 6.8: Ensuring /tmp/gol binary is present on destination...
[21:12:22] Step 7: Starting lazy-pages daemon on destination...
[21:12:22]   Lazy-pages PID: 2324165
[21:12:22] Step 8: Restoring process...
[21:12:23]   Restore time: 325 ms
[21:12:23]   Restored PID: 2499438 (written to /home/ubuntu/gol.pid)
[21:12:23] Step 9: Verifying migration...
[21:12:27] WARNING: Could not validate restored process state
[21:12:27] Total downtime: 7958 ms (dump: 1037 + transfer: 6596 + restore: 325)
[21:12:28] Metrics saved to /home/ivo/Documents/University/4to/Thesis-AAAAAAAa/Container-vs-Wasm-Service-Migration/Game-of-life-migration/metrics/migration_metrics.csv

=== RUN 22-04-2026-host-postcopy-0017 ===

[21:12:28] Resetting nodes: edge-node-1 -> edge-node-2
[21:12:28] Step 1: Killing any existing processes on source...
[21:12:29]   Killing PID 2499438 (from /home/ubuntu/app.pid)
[21:12:30]   Killing PID 2499438 (from /home/ubuntu/gol.pid)
[21:12:30]   Killing any remaining background processes...
[21:12:31] Step 2: Cleaning source node...
[21:12:33] Step 3: Cleaning destination node...
[21:12:33]   Killing PID 2499438 on destination (from /home/ubuntu/app.pid)
[21:12:34]   Killing PID 2499438 on destination (from /home/ubuntu/gol.pid)
[21:12:34]   Killing all remaining gol processes on destination...
[21:12:38] ✓ Reset complete, nodes are clean
[21:12:38]   Next: Start your application
[21:12:38] Transferring gol.c to edge-node-1...
[21:12:38] Compiling gol.c on edge-node-1...
[21:12:38] Starting gol on edge-node-1...
✓ C gol running (PID: 2501388)
[21:12:40] ✓ Gol started
[21:12:42] Starting postcopy migration...
[21:12:42] Source: edge-node-1, Dest: edge-node-2
[21:12:42] Transfer mode: host
[21:12:42] Relay node: edge-host-1

[21:12:42] === POST-COPY (LAZY-PAGES) MIGRATION ===
[21:12:42] Step 1: Checking source process...
[21:12:43]   Using PID from /home/ubuntu/gol.pid: 2501388
[21:12:43]   Last gol value (pre-freeze): 
[21:12:45]   Page-server endpoint: 10.22.132.29:9999
[21:12:45] Step 2: Final dump (freezing service) with --lazy-pages...
[21:12:45]   Dump PID: 2501889
[21:12:46]   Dump init time (approx freeze duration): 1102 ms
[21:12:46]   Frozen last gol value: 
[21:12:46]   Expected after restore: unknown
[21:12:46] Step 3: Page-server ready on source (served by dump process)
[21:12:46] Step 4: Creating archive...
[21:12:47]   Archive size: 23399 bytes
[21:12:47] Step 5: Transferring archive...
  Transferring /home/ubuntu/CRIU-gol.tar.gz via relay node edge-host-1...
Setting up SSH trust: edge-node-1 → ubuntu@10.22.132.176
  Adding public key to destination's authorized_keys...
  Testing SSH connectivity...
  ✓ SSH trust ready
Setting up SSH trust: edge-host-1 → ubuntu@10.22.132.239
  Adding public key to destination's authorized_keys...
  Testing SSH connectivity...
  ✓ SSH trust ready
[21:12:53]   Transfer time: 6359 ms
[21:12:53] Step 6: Unpacking on destination...
[21:12:54] Step 6.8: Ensuring /tmp/gol binary is present on destination...
[21:12:54] Step 7: Starting lazy-pages daemon on destination...
[21:12:54]   Lazy-pages PID: 2325897
[21:12:55] Step 8: Restoring process...
[21:12:55]   Restore time: 322 ms
[21:12:55]   Restored PID: 2501388 (written to /home/ubuntu/gol.pid)
[21:12:56] Step 9: Verifying migration...
[21:12:59] WARNING: Could not validate restored process state
[21:12:59] Total downtime: 7783 ms (dump: 1102 + transfer: 6359 + restore: 322)
[21:13:00] Metrics saved to /home/ivo/Documents/University/4to/Thesis-AAAAAAAa/Container-vs-Wasm-Service-Migration/Game-of-life-migration/metrics/migration_metrics.csv

=== RUN 22-04-2026-host-postcopy-0018 ===

[21:13:01] Resetting nodes: edge-node-1 -> edge-node-2
[21:13:01] Step 1: Killing any existing processes on source...
[21:13:01]   Killing PID 2501388 (from /home/ubuntu/app.pid)
[21:13:02]   Killing PID 2501388 (from /home/ubuntu/gol.pid)
[21:13:03]   Killing any remaining background processes...
[21:13:04] Step 2: Cleaning source node...
[21:13:05] Step 3: Cleaning destination node...
[21:13:05]   Killing PID 2501388 on destination (from /home/ubuntu/app.pid)
[21:13:06]   Killing PID 2501388 on destination (from /home/ubuntu/gol.pid)
[21:13:07]   Killing all remaining gol processes on destination...
[21:13:10] ✓ Reset complete, nodes are clean
[21:13:10]   Next: Start your application
[21:13:10] Transferring gol.c to edge-node-1...
[21:13:10] Compiling gol.c on edge-node-1...
[21:13:11] Starting gol on edge-node-1...
✓ C gol running (PID: 2503346)
[21:13:12] ✓ Gol started
[21:13:15] Starting postcopy migration...
[21:13:15] Source: edge-node-1, Dest: edge-node-2
[21:13:15] Transfer mode: host
[21:13:15] Relay node: edge-host-1

[21:13:15] === POST-COPY (LAZY-PAGES) MIGRATION ===
[21:13:15] Step 1: Checking source process...
[21:13:16]   Using PID from /home/ubuntu/gol.pid: 2503346
[21:13:16]   Last gol value (pre-freeze): 
[21:13:18]   Page-server endpoint: 10.22.132.29:9999
[21:13:18] Step 2: Final dump (freezing service) with --lazy-pages...
[21:13:18]   Dump PID: 2503847
[21:13:19]   Dump init time (approx freeze duration): 1293 ms
[21:13:19]   Frozen last gol value: 
[21:13:19]   Expected after restore: unknown
[21:13:19] Step 3: Page-server ready on source (served by dump process)
[21:13:19] Step 4: Creating archive...
[21:13:20]   Archive size: 23512 bytes
[21:13:20] Step 5: Transferring archive...
  Transferring /home/ubuntu/CRIU-gol.tar.gz via relay node edge-host-1...
Setting up SSH trust: edge-node-1 → ubuntu@10.22.132.176
  Adding public key to destination's authorized_keys...
  Testing SSH connectivity...
  ✓ SSH trust ready
Setting up SSH trust: edge-host-1 → ubuntu@10.22.132.239
  Adding public key to destination's authorized_keys...
  Testing SSH connectivity...
  ✓ SSH trust ready
[21:13:27]   Transfer time: 6609 ms
[21:13:27] Step 6: Unpacking on destination...
[21:13:27] Step 6.8: Ensuring /tmp/gol binary is present on destination...
[21:13:28] Step 7: Starting lazy-pages daemon on destination...
[21:13:28]   Lazy-pages PID: 2327625
[21:13:29] Step 8: Restoring process...
[21:13:29]   Restore time: 373 ms
[21:13:29]   Restored PID: 2503346 (written to /home/ubuntu/gol.pid)
[21:13:30] Step 9: Verifying migration...
[21:13:33] WARNING: Could not validate restored process state
[21:13:33] Total downtime: 8275 ms (dump: 1293 + transfer: 6609 + restore: 373)
[21:13:34] Metrics saved to /home/ivo/Documents/University/4to/Thesis-AAAAAAAa/Container-vs-Wasm-Service-Migration/Game-of-life-migration/metrics/migration_metrics.csv

=== RUN 22-04-2026-host-postcopy-0019 ===

[21:13:35] Resetting nodes: edge-node-1 -> edge-node-2
[21:13:35] Step 1: Killing any existing processes on source...
[21:13:35]   Killing PID 2503346 (from /home/ubuntu/app.pid)
[21:13:36]   Killing PID 2503346 (from /home/ubuntu/gol.pid)
[21:13:36]   Killing any remaining background processes...
[21:13:38] Step 2: Cleaning source node...
[21:13:39] Step 3: Cleaning destination node...
[21:13:39]   Killing PID 2503346 on destination (from /home/ubuntu/app.pid)
[21:13:40]   Killing PID 2503346 on destination (from /home/ubuntu/gol.pid)
[21:13:41]   Killing all remaining gol processes on destination...
[21:13:44] ✓ Reset complete, nodes are clean
[21:13:44]   Next: Start your application
[21:13:44] Transferring gol.c to edge-node-1...
[21:13:44] Compiling gol.c on edge-node-1...
[21:13:45] Starting gol on edge-node-1...
✓ C gol running (PID: 2505298)
[21:13:46] ✓ Gol started
[21:13:49] Starting postcopy migration...
[21:13:49] Source: edge-node-1, Dest: edge-node-2
[21:13:49] Transfer mode: host
[21:13:49] Relay node: edge-host-1

[21:13:49] === POST-COPY (LAZY-PAGES) MIGRATION ===
[21:13:49] Step 1: Checking source process...
[21:13:49]   Using PID from /home/ubuntu/gol.pid: 2505298
[21:13:49]   Last gol value (pre-freeze): 
[21:13:51]   Page-server endpoint: 10.22.132.29:9999
[21:13:51] Step 2: Final dump (freezing service) with --lazy-pages...
[21:13:51]   Dump PID: 2505799
[21:13:52]   Dump init time (approx freeze duration): 1020 ms
[21:13:52]   Frozen last gol value: 
[21:13:52]   Expected after restore: unknown
[21:13:52] Step 3: Page-server ready on source (served by dump process)
[21:13:52] Step 4: Creating archive...
[21:13:53]   Archive size: 23331 bytes
[21:13:53] Step 5: Transferring archive...
  Transferring /home/ubuntu/CRIU-gol.tar.gz via relay node edge-host-1...
Setting up SSH trust: edge-node-1 → ubuntu@10.22.132.176
  Adding public key to destination's authorized_keys...
  Testing SSH connectivity...
  ✓ SSH trust ready
Setting up SSH trust: edge-host-1 → ubuntu@10.22.132.239
  Adding public key to destination's authorized_keys...
  Testing SSH connectivity...
  ✓ SSH trust ready
[21:13:59]   Transfer time: 6275 ms
[21:13:59] Step 6: Unpacking on destination...
[21:14:00] Step 6.8: Ensuring /tmp/gol binary is present on destination...
[21:14:00] Step 7: Starting lazy-pages daemon on destination...
[21:14:00]   Lazy-pages PID: 2329358
[21:14:01] Step 8: Restoring process...
[21:14:01]   Restore time: 343 ms
[21:14:01]   Restored PID: 2505298 (written to /home/ubuntu/gol.pid)
[21:14:02] Step 9: Verifying migration...
[21:14:05] WARNING: Could not validate restored process state
[21:14:05] Total downtime: 7638 ms (dump: 1020 + transfer: 6275 + restore: 343)
[21:14:06] Metrics saved to /home/ivo/Documents/University/4to/Thesis-AAAAAAAa/Container-vs-Wasm-Service-Migration/Game-of-life-migration/metrics/migration_metrics.csv

=== RUN 22-04-2026-direct-postcopy-0000 ===

[21:14:07] Resetting nodes: edge-node-1 -> edge-node-2
[21:14:07] Step 1: Killing any existing processes on source...
[21:14:07]   Killing PID 2505298 (from /home/ubuntu/app.pid)
[21:14:08]   Killing PID 2505298 (from /home/ubuntu/gol.pid)
[21:14:08]   Killing any remaining background processes...
[21:14:10] Step 2: Cleaning source node...
[21:14:11] Step 3: Cleaning destination node...
[21:14:11]   Killing PID 2505298 on destination (from /home/ubuntu/app.pid)
[21:14:12]   Killing PID 2505298 on destination (from /home/ubuntu/gol.pid)
[21:14:12]   Killing all remaining gol processes on destination...
[21:14:16] ✓ Reset complete, nodes are clean
[21:14:16]   Next: Start your application
[21:14:16] Transferring gol.c to edge-node-1...
[21:14:16] Compiling gol.c on edge-node-1...
[21:14:16] Starting gol on edge-node-1...
✓ C gol running (PID: 2507265)
[21:14:18] ✓ Gol started
[21:14:20] Starting postcopy migration...
[21:14:20] Source: edge-node-1, Dest: edge-node-2
[21:14:20] Transfer mode: direct

[21:14:20] === POST-COPY (LAZY-PAGES) MIGRATION ===
[21:14:20] Step 1: Checking source process...
[21:14:21]   Using PID from /home/ubuntu/gol.pid: 2507265
[21:14:21]   Last gol value (pre-freeze): 
[21:14:23]   Page-server endpoint: 10.22.132.29:9999
[21:14:23] Step 2: Final dump (freezing service) with --lazy-pages...
[21:14:23]   Dump PID: 2507758
[21:14:24]   Dump init time (approx freeze duration): 990 ms
[21:14:24]   Frozen last gol value: 
[21:14:24]   Expected after restore: unknown
[21:14:24] Step 3: Page-server ready on source (served by dump process)
[21:14:24] Step 4: Creating archive...
[21:14:25]   Archive size: 23389 bytes
[21:14:25] Step 5: Transferring archive...
[21:14:25]   Setting up direct SSH trust...
Setting up SSH trust: edge-node-1 → ubuntu@10.22.132.239
  Adding public key to destination's authorized_keys...
  Testing SSH connectivity...
  ✓ SSH trust ready
Setting up SSH trust: edge-node-1 → ubuntu@10.22.132.239
  Adding public key to destination's authorized_keys...
  Testing SSH connectivity...
  ✓ SSH trust ready
  Transferring /home/ubuntu/CRIU-gol.tar.gz via SCP...
[21:14:30]   Transfer time: 2870 ms
[21:14:30] Step 6: Unpacking on destination...
[21:14:30] Step 6.8: Ensuring /tmp/gol binary is present on destination...
[21:14:30] Step 7: Starting lazy-pages daemon on destination...
[21:14:31]   Lazy-pages PID: 2331239
[21:14:31] Step 8: Restoring process...
[21:14:31]   Restore time: 324 ms
[21:14:32]   Restored PID: 2507265 (written to /home/ubuntu/gol.pid)
[21:14:32] Step 9: Verifying migration...
[21:14:35] WARNING: Could not validate restored process state
[21:14:35] Total downtime: 4184 ms (dump: 990 + transfer: 2870 + restore: 324)
[21:14:36] Metrics saved to /home/ivo/Documents/University/4to/Thesis-AAAAAAAa/Container-vs-Wasm-Service-Migration/Game-of-life-migration/metrics/migration_metrics.csv

=== RUN 22-04-2026-direct-postcopy-0001 ===

[21:14:37] Resetting nodes: edge-node-1 -> edge-node-2
[21:14:37] Step 1: Killing any existing processes on source...
[21:14:37]   Killing PID 2507265 (from /home/ubuntu/app.pid)
[21:14:38]   Killing PID 2507265 (from /home/ubuntu/gol.pid)
[21:14:38]   Killing any remaining background processes...
[21:14:40] Step 2: Cleaning source node...
[21:14:41] Step 3: Cleaning destination node...
[21:14:41]   Killing PID 2507265 on destination (from /home/ubuntu/app.pid)
[21:14:42]   Killing PID 2507265 on destination (from /home/ubuntu/gol.pid)
[21:14:43]   Killing all remaining gol processes on destination...
[21:14:46] ✓ Reset complete, nodes are clean
[21:14:46]   Next: Start your application
[21:14:46] Transferring gol.c to edge-node-1...
[21:14:46] Compiling gol.c on edge-node-1...
[21:14:47] Starting gol on edge-node-1...
✓ C gol running (PID: 2509324)
[21:14:48] ✓ Gol started
[21:14:51] Starting postcopy migration...
[21:14:51] Source: edge-node-1, Dest: edge-node-2
[21:14:51] Transfer mode: direct

[21:14:51] === POST-COPY (LAZY-PAGES) MIGRATION ===
[21:14:51] Step 1: Checking source process...
[21:14:51]   Using PID from /home/ubuntu/gol.pid: 2509324
[21:14:52]   Last gol value (pre-freeze): 
[21:14:53]   Page-server endpoint: 10.22.132.29:9999
[21:14:53] Step 2: Final dump (freezing service) with --lazy-pages...
[21:14:53]   Dump PID: 2509817
[21:14:54]   Dump init time (approx freeze duration): 1005 ms
[21:14:54]   Frozen last gol value: 
[21:14:54]   Expected after restore: unknown
[21:14:54] Step 3: Page-server ready on source (served by dump process)
[21:14:54] Step 4: Creating archive...
[21:14:55]   Archive size: 23256 bytes
[21:14:55] Step 5: Transferring archive...
[21:14:55]   Setting up direct SSH trust...
Setting up SSH trust: edge-node-1 → ubuntu@10.22.132.239
  Adding public key to destination's authorized_keys...
  Testing SSH connectivity...
  ✓ SSH trust ready
Setting up SSH trust: edge-node-1 → ubuntu@10.22.132.239
  Adding public key to destination's authorized_keys...
  Testing SSH connectivity...
  ✓ SSH trust ready
  Transferring /home/ubuntu/CRIU-gol.tar.gz via SCP...
[21:15:00]   Transfer time: 2855 ms
[21:15:00] Step 6: Unpacking on destination...
[21:15:00] Step 6.8: Ensuring /tmp/gol binary is present on destination...
[21:15:01] Step 7: Starting lazy-pages daemon on destination...
[21:15:01]   Lazy-pages PID: 2333131
[21:15:01] Step 8: Restoring process...
[21:15:02]   Restore time: 335 ms
[21:15:02]   Restored PID: 2509324 (written to /home/ubuntu/gol.pid)
[21:15:02] Step 9: Verifying migration...
[21:15:05] WARNING: Could not validate restored process state
[21:15:05] Total downtime: 4195 ms (dump: 1005 + transfer: 2855 + restore: 335)
[21:15:07] Metrics saved to /home/ivo/Documents/University/4to/Thesis-AAAAAAAa/Container-vs-Wasm-Service-Migration/Game-of-life-migration/metrics/migration_metrics.csv

=== RUN 22-04-2026-direct-postcopy-0002 ===

[21:15:08] Resetting nodes: edge-node-1 -> edge-node-2
[21:15:08] Step 1: Killing any existing processes on source...
[21:15:08]   Killing PID 2509324 (from /home/ubuntu/app.pid)
[21:15:09]   Killing PID 2509324 (from /home/ubuntu/gol.pid)
[21:15:09]   Killing any remaining background processes...
[21:15:11] Step 2: Cleaning source node...
[21:15:12] Step 3: Cleaning destination node...
[21:15:12]   Killing PID 2509324 on destination (from /home/ubuntu/app.pid)
[21:15:13]   Killing PID 2509324 on destination (from /home/ubuntu/gol.pid)
[21:15:13]   Killing all remaining gol processes on destination...
[21:15:17] ✓ Reset complete, nodes are clean
[21:15:17]   Next: Start your application
[21:15:17] Transferring gol.c to edge-node-1...
[21:15:17] Compiling gol.c on edge-node-1...
[21:15:17] Starting gol on edge-node-1...
✓ C gol running (PID: 2511393)
[21:15:19] ✓ Gol started
[21:15:21] Starting postcopy migration...
[21:15:21] Source: edge-node-1, Dest: edge-node-2
[21:15:21] Transfer mode: direct

[21:15:21] === POST-COPY (LAZY-PAGES) MIGRATION ===
[21:15:21] Step 1: Checking source process...
[21:15:22]   Using PID from /home/ubuntu/gol.pid: 2511393
[21:15:22]   Last gol value (pre-freeze): 
[21:15:24]   Page-server endpoint: 10.22.132.29:9999
[21:15:24] Step 2: Final dump (freezing service) with --lazy-pages...
[21:15:24]   Dump PID: 2511886
[21:15:25]   Dump init time (approx freeze duration): 1007 ms
[21:15:25]   Frozen last gol value: 
[21:15:25]   Expected after restore: unknown
[21:15:25] Step 3: Page-server ready on source (served by dump process)
[21:15:25] Step 4: Creating archive...
[21:15:26]   Archive size: 23406 bytes
[21:15:26] Step 5: Transferring archive...
[21:15:26]   Setting up direct SSH trust...
Setting up SSH trust: edge-node-1 → ubuntu@10.22.132.239
  Adding public key to destination's authorized_keys...
  Testing SSH connectivity...
  ✓ SSH trust ready
Setting up SSH trust: edge-node-1 → ubuntu@10.22.132.239
  Adding public key to destination's authorized_keys...
  Testing SSH connectivity...
  ✓ SSH trust ready
  Transferring /home/ubuntu/CRIU-gol.tar.gz via SCP...
[21:15:30]   Transfer time: 2852 ms
[21:15:30] Step 6: Unpacking on destination...
[21:15:31] Step 6.8: Ensuring /tmp/gol binary is present on destination...
[21:15:31] Step 7: Starting lazy-pages daemon on destination...
[21:15:32]   Lazy-pages PID: 2335015
[21:15:32] Step 8: Restoring process...
[21:15:32]   Restore time: 342 ms
[21:15:33]   Restored PID: 2511393 (written to /home/ubuntu/gol.pid)
[21:15:33] Step 9: Verifying migration...
[21:15:36] WARNING: Could not validate restored process state
[21:15:36] Total downtime: 4201 ms (dump: 1007 + transfer: 2852 + restore: 342)
[21:15:37] Metrics saved to /home/ivo/Documents/University/4to/Thesis-AAAAAAAa/Container-vs-Wasm-Service-Migration/Game-of-life-migration/metrics/migration_metrics.csv

=== RUN 22-04-2026-direct-postcopy-0003 ===

[21:15:38] Resetting nodes: edge-node-1 -> edge-node-2
[21:15:38] Step 1: Killing any existing processes on source...
[21:15:38]   Killing PID 2511393 (from /home/ubuntu/app.pid)
[21:15:39]   Killing PID 2511393 (from /home/ubuntu/gol.pid)
[21:15:39]   Killing any remaining background processes...
[21:15:41] Step 2: Cleaning source node...
[21:15:42] Step 3: Cleaning destination node...
[21:15:42]   Killing PID 2511393 on destination (from /home/ubuntu/app.pid)
[21:15:43]   Killing PID 2511393 on destination (from /home/ubuntu/gol.pid)
[21:15:43]   Killing all remaining gol processes on destination...
[21:15:47] ✓ Reset complete, nodes are clean
[21:15:47]   Next: Start your application
[21:15:47] Transferring gol.c to edge-node-1...
[21:15:47] Compiling gol.c on edge-node-1...
[21:15:47] Starting gol on edge-node-1...
✓ C gol running (PID: 2513452)
[21:15:49] ✓ Gol started
[21:15:51] Starting postcopy migration...
[21:15:51] Source: edge-node-1, Dest: edge-node-2
[21:15:51] Transfer mode: direct

[21:15:51] === POST-COPY (LAZY-PAGES) MIGRATION ===
[21:15:51] Step 1: Checking source process...
[21:15:52]   Using PID from /home/ubuntu/gol.pid: 2513452
[21:15:52]   Last gol value (pre-freeze): 
[21:15:54]   Page-server endpoint: 10.22.132.29:9999
[21:15:54] Step 2: Final dump (freezing service) with --lazy-pages...
[21:15:54]   Dump PID: 2513945
[21:15:55]   Dump init time (approx freeze duration): 1001 ms
[21:15:55]   Frozen last gol value: 
[21:15:55]   Expected after restore: unknown
[21:15:55] Step 3: Page-server ready on source (served by dump process)
[21:15:55] Step 4: Creating archive...
[21:15:56]   Archive size: 23271 bytes
[21:15:56] Step 5: Transferring archive...
[21:15:56]   Setting up direct SSH trust...
Setting up SSH trust: edge-node-1 → ubuntu@10.22.132.239
  Adding public key to destination's authorized_keys...
  Testing SSH connectivity...
  ✓ SSH trust ready
Setting up SSH trust: edge-node-1 → ubuntu@10.22.132.239
  Adding public key to destination's authorized_keys...
  Testing SSH connectivity...
  ✓ SSH trust ready
  Transferring /home/ubuntu/CRIU-gol.tar.gz via SCP...
[21:16:00]   Transfer time: 2843 ms
[21:16:00] Step 6: Unpacking on destination...
[21:16:01] Step 6.8: Ensuring /tmp/gol binary is present on destination...
[21:16:01] Step 7: Starting lazy-pages daemon on destination...
[21:16:02]   Lazy-pages PID: 2336906
[21:16:02] Step 8: Restoring process...
[21:16:02]   Restore time: 337 ms
[21:16:02]   Restored PID: 2513452 (written to /home/ubuntu/gol.pid)
[21:16:03] Step 9: Verifying migration...
[21:16:06] WARNING: Could not validate restored process state
[21:16:06] Total downtime: 4181 ms (dump: 1001 + transfer: 2843 + restore: 337)
[21:16:07] Metrics saved to /home/ivo/Documents/University/4to/Thesis-AAAAAAAa/Container-vs-Wasm-Service-Migration/Game-of-life-migration/metrics/migration_metrics.csv

=== RUN 22-04-2026-direct-postcopy-0004 ===

[21:16:08] Resetting nodes: edge-node-1 -> edge-node-2
[21:16:08] Step 1: Killing any existing processes on source...
[21:16:08]   Killing PID 2513452 (from /home/ubuntu/app.pid)
[21:16:09]   Killing PID 2513452 (from /home/ubuntu/gol.pid)
[21:16:10]   Killing any remaining background processes...
[21:16:11] Step 2: Cleaning source node...
[21:16:12] Step 3: Cleaning destination node...
[21:16:12]   Killing PID 2513452 on destination (from /home/ubuntu/app.pid)
[21:16:13]   Killing PID 2513452 on destination (from /home/ubuntu/gol.pid)
[21:16:14]   Killing all remaining gol processes on destination...
[21:16:17] ✓ Reset complete, nodes are clean
[21:16:17]   Next: Start your application
[21:16:17] Transferring gol.c to edge-node-1...
[21:16:17] Compiling gol.c on edge-node-1...
[21:16:18] Starting gol on edge-node-1...
✓ C gol running (PID: 2515520)
[21:16:19] ✓ Gol started
[21:16:22] Starting postcopy migration...
[21:16:22] Source: edge-node-1, Dest: edge-node-2
[21:16:22] Transfer mode: direct

[21:16:22] === POST-COPY (LAZY-PAGES) MIGRATION ===
[21:16:22] Step 1: Checking source process...
[21:16:22]   Using PID from /home/ubuntu/gol.pid: 2515520
[21:16:23]   Last gol value (pre-freeze): 
[21:16:24]   Page-server endpoint: 10.22.132.29:9999
[21:16:24] Step 2: Final dump (freezing service) with --lazy-pages...
[21:16:24]   Dump PID: 2516013
[21:16:25]   Dump init time (approx freeze duration): 1009 ms
[21:16:25]   Frozen last gol value: 
[21:16:25]   Expected after restore: unknown
[21:16:25] Step 3: Page-server ready on source (served by dump process)
[21:16:25] Step 4: Creating archive...
[21:16:26]   Archive size: 23353 bytes
[21:16:26] Step 5: Transferring archive...
[21:16:26]   Setting up direct SSH trust...
Setting up SSH trust: edge-node-1 → ubuntu@10.22.132.239
  Adding public key to destination's authorized_keys...
  Testing SSH connectivity...
  ✓ SSH trust ready
Setting up SSH trust: edge-node-1 → ubuntu@10.22.132.239
  Adding public key to destination's authorized_keys...
  Testing SSH connectivity...
  ✓ SSH trust ready
  Transferring /home/ubuntu/CRIU-gol.tar.gz via SCP...
[21:16:30]   Transfer time: 2833 ms
[21:16:30] Step 6: Unpacking on destination...
[21:16:31] Step 6.8: Ensuring /tmp/gol binary is present on destination...
[21:16:31] Step 7: Starting lazy-pages daemon on destination...
[21:16:32]   Lazy-pages PID: 2338788
[21:16:32] Step 8: Restoring process...
[21:16:32]   Restore time: 335 ms
[21:16:33]   Restored PID: 2515520 (written to /home/ubuntu/gol.pid)
[21:16:33] Step 9: Verifying migration...
[21:16:36] WARNING: Could not validate restored process state
[21:16:36] Total downtime: 4177 ms (dump: 1009 + transfer: 2833 + restore: 335)
[21:16:37] Metrics saved to /home/ivo/Documents/University/4to/Thesis-AAAAAAAa/Container-vs-Wasm-Service-Migration/Game-of-life-migration/metrics/migration_metrics.csv

=== RUN 22-04-2026-direct-postcopy-0005 ===

[21:16:38] Resetting nodes: edge-node-1 -> edge-node-2
[21:16:38] Step 1: Killing any existing processes on source...
[21:16:38]   Killing PID 2515520 (from /home/ubuntu/app.pid)
[21:16:39]   Killing PID 2515520 (from /home/ubuntu/gol.pid)
[21:16:39]   Killing any remaining background processes...
[21:16:41] Step 2: Cleaning source node...
[21:16:42] Step 3: Cleaning destination node...
[21:16:43]   Killing PID 2515520 on destination (from /home/ubuntu/app.pid)
[21:16:43]   Killing PID 2515520 on destination (from /home/ubuntu/gol.pid)
[21:16:44]   Killing all remaining gol processes on destination...
[21:16:47] ✓ Reset complete, nodes are clean
[21:16:47]   Next: Start your application
[21:16:47] Transferring gol.c to edge-node-1...
[21:16:47] Compiling gol.c on edge-node-1...
[21:16:48] Starting gol on edge-node-1...
✓ C gol running (PID: 2517576)
[21:16:49] ✓ Gol started
[21:16:52] Starting postcopy migration...
[21:16:52] Source: edge-node-1, Dest: edge-node-2
[21:16:52] Transfer mode: direct

[21:16:52] === POST-COPY (LAZY-PAGES) MIGRATION ===
[21:16:52] Step 1: Checking source process...
[21:16:52]   Using PID from /home/ubuntu/gol.pid: 2517576
[21:16:53]   Last gol value (pre-freeze): 
[21:16:54]   Page-server endpoint: 10.22.132.29:9999
[21:16:54] Step 2: Final dump (freezing service) with --lazy-pages...
[21:16:55]   Dump PID: 2518069
[21:16:55]   Dump init time (approx freeze duration): 1025 ms
[21:16:56]   Frozen last gol value: 
[21:16:56]   Expected after restore: unknown
[21:16:56] Step 3: Page-server ready on source (served by dump process)
[21:16:56] Step 4: Creating archive...
[21:16:56]   Archive size: 23481 bytes
[21:16:56] Step 5: Transferring archive...
[21:16:56]   Setting up direct SSH trust...
Setting up SSH trust: edge-node-1 → ubuntu@10.22.132.239
  Adding public key to destination's authorized_keys...
  Testing SSH connectivity...
  ✓ SSH trust ready
Setting up SSH trust: edge-node-1 → ubuntu@10.22.132.239
  Adding public key to destination's authorized_keys...
  Testing SSH connectivity...
  ✓ SSH trust ready
  Transferring /home/ubuntu/CRIU-gol.tar.gz via SCP...
[21:17:01]   Transfer time: 2886 ms
[21:17:01] Step 6: Unpacking on destination...
[21:17:01] Step 6.8: Ensuring /tmp/gol binary is present on destination...
[21:17:02] Step 7: Starting lazy-pages daemon on destination...
[21:17:02]   Lazy-pages PID: 2340683
[21:17:02] Step 8: Restoring process...
[21:17:03]   Restore time: 330 ms
[21:17:03]   Restored PID: 2517576 (written to /home/ubuntu/gol.pid)
[21:17:03] Step 9: Verifying migration...
[21:17:07] WARNING: Could not validate restored process state
[21:17:07] Total downtime: 4241 ms (dump: 1025 + transfer: 2886 + restore: 330)
[21:17:08] Metrics saved to /home/ivo/Documents/University/4to/Thesis-AAAAAAAa/Container-vs-Wasm-Service-Migration/Game-of-life-migration/metrics/migration_metrics.csv

=== RUN 22-04-2026-direct-postcopy-0006 ===

[21:17:09] Resetting nodes: edge-node-1 -> edge-node-2
[21:17:09] Step 1: Killing any existing processes on source...
[21:17:09]   Killing PID 2517576 (from /home/ubuntu/app.pid)
[21:17:10]   Killing PID 2517576 (from /home/ubuntu/gol.pid)
[21:17:10]   Killing any remaining background processes...
[21:17:12] Step 2: Cleaning source node...
[21:17:13] Step 3: Cleaning destination node...
[21:17:13]   Killing PID 2517576 on destination (from /home/ubuntu/app.pid)
[21:17:14]   Killing PID 2517576 on destination (from /home/ubuntu/gol.pid)
[21:17:14]   Killing all remaining gol processes on destination...
[21:17:18] ✓ Reset complete, nodes are clean
[21:17:18]   Next: Start your application
[21:17:18] Transferring gol.c to edge-node-1...
[21:17:18] Compiling gol.c on edge-node-1...
[21:17:18] Starting gol on edge-node-1...
✓ C gol running (PID: 2519644)
[21:17:20] ✓ Gol started
[21:17:22] Starting postcopy migration...
[21:17:22] Source: edge-node-1, Dest: edge-node-2
[21:17:22] Transfer mode: direct

[21:17:22] === POST-COPY (LAZY-PAGES) MIGRATION ===
[21:17:22] Step 1: Checking source process...
[21:17:23]   Using PID from /home/ubuntu/gol.pid: 2519644
[21:17:23]   Last gol value (pre-freeze): 
[21:17:25]   Page-server endpoint: 10.22.132.29:9999
[21:17:25] Step 2: Final dump (freezing service) with --lazy-pages...
[21:17:25]   Dump PID: 2520137
[21:17:26]   Dump init time (approx freeze duration): 1018 ms
[21:17:26]   Frozen last gol value: 
[21:17:26]   Expected after restore: unknown
[21:17:26] Step 3: Page-server ready on source (served by dump process)
[21:17:26] Step 4: Creating archive...
[21:17:27]   Archive size: 23303 bytes
[21:17:27] Step 5: Transferring archive...
[21:17:27]   Setting up direct SSH trust...
Setting up SSH trust: edge-node-1 → ubuntu@10.22.132.239
  Adding public key to destination's authorized_keys...
  Testing SSH connectivity...
  ✓ SSH trust ready
Setting up SSH trust: edge-node-1 → ubuntu@10.22.132.239
  Adding public key to destination's authorized_keys...
  Testing SSH connectivity...
  ✓ SSH trust ready
  Transferring /home/ubuntu/CRIU-gol.tar.gz via SCP...
[21:17:31]   Transfer time: 2934 ms
[21:17:31] Step 6: Unpacking on destination...
[21:17:32] Step 6.8: Ensuring /tmp/gol binary is present on destination...
[21:17:32] Step 7: Starting lazy-pages daemon on destination...
[21:17:33]   Lazy-pages PID: 2342567
[21:17:33] Step 8: Restoring process...
[21:17:33]   Restore time: 357 ms
[21:17:34]   Restored PID: 2519644 (written to /home/ubuntu/gol.pid)
[21:17:34] Step 9: Verifying migration...
[21:17:37] WARNING: Could not validate restored process state
[21:17:37] Total downtime: 4309 ms (dump: 1018 + transfer: 2934 + restore: 357)
[21:17:38] Metrics saved to /home/ivo/Documents/University/4to/Thesis-AAAAAAAa/Container-vs-Wasm-Service-Migration/Game-of-life-migration/metrics/migration_metrics.csv

=== RUN 22-04-2026-direct-postcopy-0007 ===

[21:17:39] Resetting nodes: edge-node-1 -> edge-node-2
[21:17:39] Step 1: Killing any existing processes on source...
[21:17:39]   Killing PID 2519644 (from /home/ubuntu/app.pid)
[21:17:40]   Killing PID 2519644 (from /home/ubuntu/gol.pid)
[21:17:41]   Killing any remaining background processes...
[21:17:42] Step 2: Cleaning source node...
[21:17:43] Step 3: Cleaning destination node...
[21:17:44]   Killing PID 2519644 on destination (from /home/ubuntu/app.pid)
[21:17:44]   Killing PID 2519644 on destination (from /home/ubuntu/gol.pid)
[21:17:45]   Killing all remaining gol processes on destination...
[21:17:48] ✓ Reset complete, nodes are clean
[21:17:48]   Next: Start your application
[21:17:48] Transferring gol.c to edge-node-1...
[21:17:49] Compiling gol.c on edge-node-1...
[21:17:49] Starting gol on edge-node-1...
✓ C gol running (PID: 2521701)
[21:17:50] ✓ Gol started
[21:17:53] Starting postcopy migration...
[21:17:53] Source: edge-node-1, Dest: edge-node-2
[21:17:53] Transfer mode: direct

[21:17:53] === POST-COPY (LAZY-PAGES) MIGRATION ===
[21:17:53] Step 1: Checking source process...
[21:17:53]   Using PID from /home/ubuntu/gol.pid: 2521701
[21:17:54]   Last gol value (pre-freeze): 
[21:17:55]   Page-server endpoint: 10.22.132.29:9999
[21:17:55] Step 2: Final dump (freezing service) with --lazy-pages...
[21:17:56]   Dump PID: 2522195
[21:17:56]   Dump init time (approx freeze duration): 1006 ms
[21:17:57]   Frozen last gol value: 
[21:17:57]   Expected after restore: unknown
[21:17:57] Step 3: Page-server ready on source (served by dump process)
[21:17:57] Step 4: Creating archive...
[21:17:57]   Archive size: 23355 bytes
[21:17:57] Step 5: Transferring archive...
[21:17:57]   Setting up direct SSH trust...
Setting up SSH trust: edge-node-1 → ubuntu@10.22.132.239
  Adding public key to destination's authorized_keys...
  Testing SSH connectivity...
  ✓ SSH trust ready
Setting up SSH trust: edge-node-1 → ubuntu@10.22.132.239
  Adding public key to destination's authorized_keys...
  Testing SSH connectivity...
  ✓ SSH trust ready
  Transferring /home/ubuntu/CRIU-gol.tar.gz via SCP...
[21:18:02]   Transfer time: 2860 ms
[21:18:02] Step 6: Unpacking on destination...
[21:18:02] Step 6.8: Ensuring /tmp/gol binary is present on destination...
[21:18:03] Step 7: Starting lazy-pages daemon on destination...
[21:18:03]   Lazy-pages PID: 2344457
[21:18:03] Step 8: Restoring process...
[21:18:04]   Restore time: 327 ms
[21:18:04]   Restored PID: 2521701 (written to /home/ubuntu/gol.pid)
[21:18:04] Step 9: Verifying migration...
[21:18:08] WARNING: Could not validate restored process state
[21:18:08] Total downtime: 4193 ms (dump: 1006 + transfer: 2860 + restore: 327)
[21:18:09] Metrics saved to /home/ivo/Documents/University/4to/Thesis-AAAAAAAa/Container-vs-Wasm-Service-Migration/Game-of-life-migration/metrics/migration_metrics.csv

=== RUN 22-04-2026-direct-postcopy-0008 ===

[21:18:10] Resetting nodes: edge-node-1 -> edge-node-2
[21:18:10] Step 1: Killing any existing processes on source...
[21:18:10]   Killing PID 2521701 (from /home/ubuntu/app.pid)
[21:18:11]   Killing PID 2521701 (from /home/ubuntu/gol.pid)
[21:18:11]   Killing any remaining background processes...
[21:18:13] Step 2: Cleaning source node...
[21:18:14] Step 3: Cleaning destination node...
[21:18:14]   Killing PID 2521701 on destination (from /home/ubuntu/app.pid)
[21:18:15]   Killing PID 2521701 on destination (from /home/ubuntu/gol.pid)
[21:18:15]   Killing all remaining gol processes on destination...
[21:18:19] ✓ Reset complete, nodes are clean
[21:18:19]   Next: Start your application
[21:18:19] Transferring gol.c to edge-node-1...
[21:18:19] Compiling gol.c on edge-node-1...
[21:18:19] Starting gol on edge-node-1...
✓ C gol running (PID: 2523768)
[21:18:21] ✓ Gol started
[21:18:24] Starting postcopy migration...
[21:18:24] Source: edge-node-1, Dest: edge-node-2
[21:18:24] Transfer mode: direct

[21:18:24] === POST-COPY (LAZY-PAGES) MIGRATION ===
[21:18:24] Step 1: Checking source process...
[21:18:24]   Using PID from /home/ubuntu/gol.pid: 2523768
[21:18:24]   Last gol value (pre-freeze): 
[21:18:26]   Page-server endpoint: 10.22.132.29:9999
[21:18:26] Step 2: Final dump (freezing service) with --lazy-pages...
[21:18:26]   Dump PID: 2524261
[21:18:27]   Dump init time (approx freeze duration): 1015 ms
[21:18:27]   Frozen last gol value: 
[21:18:27]   Expected after restore: unknown
[21:18:27] Step 3: Page-server ready on source (served by dump process)
[21:18:27] Step 4: Creating archive...
[21:18:28]   Archive size: 23312 bytes
[21:18:28] Step 5: Transferring archive...
[21:18:28]   Setting up direct SSH trust...
Setting up SSH trust: edge-node-1 → ubuntu@10.22.132.239
  Adding public key to destination's authorized_keys...
  Testing SSH connectivity...
  ✓ SSH trust ready
Setting up SSH trust: edge-node-1 → ubuntu@10.22.132.239
  Adding public key to destination's authorized_keys...
  Testing SSH connectivity...
  ✓ SSH trust ready
  Transferring /home/ubuntu/CRIU-gol.tar.gz via SCP...
[21:18:33]   Transfer time: 2972 ms
[21:18:33] Step 6: Unpacking on destination...
[21:18:33] Step 6.8: Ensuring /tmp/gol binary is present on destination...
[21:18:33] Step 7: Starting lazy-pages daemon on destination...
[21:18:34]   Lazy-pages PID: 2346339
[21:18:34] Step 8: Restoring process...
[21:18:34]   Restore time: 329 ms
[21:18:35]   Restored PID: 2523768 (written to /home/ubuntu/gol.pid)
[21:18:35] Step 9: Verifying migration...
[21:18:38] WARNING: Could not validate restored process state
[21:18:38] Total downtime: 4316 ms (dump: 1015 + transfer: 2972 + restore: 329)
[21:18:39] Metrics saved to /home/ivo/Documents/University/4to/Thesis-AAAAAAAa/Container-vs-Wasm-Service-Migration/Game-of-life-migration/metrics/migration_metrics.csv

=== RUN 22-04-2026-direct-postcopy-0009 ===

[21:18:40] Resetting nodes: edge-node-1 -> edge-node-2
[21:18:40] Step 1: Killing any existing processes on source...
[21:18:40]   Killing PID 2523768 (from /home/ubuntu/app.pid)
[21:18:41]   Killing PID 2523768 (from /home/ubuntu/gol.pid)
[21:18:42]   Killing any remaining background processes...
[21:18:43] Step 2: Cleaning source node...
[21:18:44] Step 3: Cleaning destination node...
[21:18:45]   Killing PID 2523768 on destination (from /home/ubuntu/app.pid)
[21:18:46]   Killing PID 2523768 on destination (from /home/ubuntu/gol.pid)
[21:18:46]   Killing all remaining gol processes on destination...
[21:18:49] ✓ Reset complete, nodes are clean
[21:18:49]   Next: Start your application
[21:18:49] Transferring gol.c to edge-node-1...
[21:18:50] Compiling gol.c on edge-node-1...
[21:18:50] Starting gol on edge-node-1...
✓ C gol running (PID: 2525824)
[21:18:51] ✓ Gol started
[21:18:54] Starting postcopy migration...
[21:18:54] Source: edge-node-1, Dest: edge-node-2
[21:18:54] Transfer mode: direct

[21:18:54] === POST-COPY (LAZY-PAGES) MIGRATION ===
[21:18:54] Step 1: Checking source process...
[21:18:55]   Using PID from /home/ubuntu/gol.pid: 2525824
[21:18:55]   Last gol value (pre-freeze): 
[21:18:56]   Page-server endpoint: 10.22.132.29:9999
[21:18:56] Step 2: Final dump (freezing service) with --lazy-pages...
[21:18:57]   Dump PID: 2526317
[21:18:57]   Dump init time (approx freeze duration): 1004 ms
[21:18:58]   Frozen last gol value: 
[21:18:58]   Expected after restore: unknown
[21:18:58] Step 3: Page-server ready on source (served by dump process)
[21:18:58] Step 4: Creating archive...
[21:18:58]   Archive size: 23387 bytes
[21:18:58] Step 5: Transferring archive...
[21:18:58]   Setting up direct SSH trust...
Setting up SSH trust: edge-node-1 → ubuntu@10.22.132.239
  Adding public key to destination's authorized_keys...
  Testing SSH connectivity...
  ✓ SSH trust ready
Setting up SSH trust: edge-node-1 → ubuntu@10.22.132.239
  Adding public key to destination's authorized_keys...
  Testing SSH connectivity...
  ✓ SSH trust ready
  Transferring /home/ubuntu/CRIU-gol.tar.gz via SCP...
[21:19:03]   Transfer time: 2847 ms
[21:19:03] Step 6: Unpacking on destination...
[21:19:04] Step 6.8: Ensuring /tmp/gol binary is present on destination...
[21:19:04] Step 7: Starting lazy-pages daemon on destination...
[21:19:04]   Lazy-pages PID: 2348232
[21:19:04] Step 8: Restoring process...
[21:19:05]   Restore time: 338 ms
[21:19:05]   Restored PID: 2525824 (written to /home/ubuntu/gol.pid)
[21:19:05] Step 9: Verifying migration...
[21:19:09] WARNING: Could not validate restored process state
[21:19:09] Total downtime: 4189 ms (dump: 1004 + transfer: 2847 + restore: 338)
[21:19:10] Metrics saved to /home/ivo/Documents/University/4to/Thesis-AAAAAAAa/Container-vs-Wasm-Service-Migration/Game-of-life-migration/metrics/migration_metrics.csv

=== RUN 22-04-2026-direct-postcopy-0010 ===

[21:19:11] Resetting nodes: edge-node-1 -> edge-node-2
[21:19:11] Step 1: Killing any existing processes on source...
[21:19:11]   Killing PID 2525824 (from /home/ubuntu/app.pid)
[21:19:12]   Killing PID 2525824 (from /home/ubuntu/gol.pid)
[21:19:12]   Killing any remaining background processes...
[21:19:13] Step 2: Cleaning source node...
[21:19:15] Step 3: Cleaning destination node...
[21:19:15]   Killing PID 2525824 on destination (from /home/ubuntu/app.pid)
[21:19:16]   Killing PID 2525824 on destination (from /home/ubuntu/gol.pid)
[21:19:16]   Killing all remaining gol processes on destination...
[21:19:20] ✓ Reset complete, nodes are clean
[21:19:20]   Next: Start your application
[21:19:20] Transferring gol.c to edge-node-1...
[21:19:20] Compiling gol.c on edge-node-1...
[21:19:20] Starting gol on edge-node-1...
✓ C gol running (PID: 2527890)
[21:19:21] ✓ Gol started
[21:19:24] Starting postcopy migration...
[21:19:24] Source: edge-node-1, Dest: edge-node-2
[21:19:24] Transfer mode: direct

[21:19:24] === POST-COPY (LAZY-PAGES) MIGRATION ===
[21:19:24] Step 1: Checking source process...
[21:19:25]   Using PID from /home/ubuntu/gol.pid: 2527890
[21:19:25]   Last gol value (pre-freeze): 
[21:19:26]   Page-server endpoint: 10.22.132.29:9999
[21:19:26] Step 2: Final dump (freezing service) with --lazy-pages...
[21:19:27]   Dump PID: 2528383
[21:19:27]   Dump init time (approx freeze duration): 1010 ms
[21:19:28]   Frozen last gol value: 
[21:19:28]   Expected after restore: unknown
[21:19:28] Step 3: Page-server ready on source (served by dump process)
[21:19:28] Step 4: Creating archive...
[21:19:28]   Archive size: 23406 bytes
[21:19:28] Step 5: Transferring archive...
[21:19:28]   Setting up direct SSH trust...
Setting up SSH trust: edge-node-1 → ubuntu@10.22.132.239
  Adding public key to destination's authorized_keys...
  Testing SSH connectivity...
  ✓ SSH trust ready
Setting up SSH trust: edge-node-1 → ubuntu@10.22.132.239
  Adding public key to destination's authorized_keys...
  Testing SSH connectivity...
  ✓ SSH trust ready
  Transferring /home/ubuntu/CRIU-gol.tar.gz via SCP...
[21:19:33]   Transfer time: 2864 ms
[21:19:33] Step 6: Unpacking on destination...
[21:19:34] Step 6.8: Ensuring /tmp/gol binary is present on destination...
[21:19:34] Step 7: Starting lazy-pages daemon on destination...
[21:19:34]   Lazy-pages PID: 2350113
[21:19:35] Step 8: Restoring process...
[21:19:35]   Restore time: 336 ms
[21:19:35]   Restored PID: 2527890 (written to /home/ubuntu/gol.pid)
[21:19:36] Step 9: Verifying migration...
[21:19:39] WARNING: Could not validate restored process state
[21:19:39] Total downtime: 4210 ms (dump: 1010 + transfer: 2864 + restore: 336)
[21:19:40] Metrics saved to /home/ivo/Documents/University/4to/Thesis-AAAAAAAa/Container-vs-Wasm-Service-Migration/Game-of-life-migration/metrics/migration_metrics.csv

=== RUN 22-04-2026-direct-postcopy-0011 ===

[21:19:41] Resetting nodes: edge-node-1 -> edge-node-2
[21:19:41] Step 1: Killing any existing processes on source...
[21:19:41]   Killing PID 2527890 (from /home/ubuntu/app.pid)
[21:19:42]   Killing PID 2527890 (from /home/ubuntu/gol.pid)
[21:19:42]   Killing any remaining background processes...
[21:19:44] Step 2: Cleaning source node...
[21:19:45] Step 3: Cleaning destination node...
[21:19:45]   Killing PID 2527890 on destination (from /home/ubuntu/app.pid)
[21:19:46]   Killing PID 2527890 on destination (from /home/ubuntu/gol.pid)
[21:19:46]   Killing all remaining gol processes on destination...
[21:19:50] ✓ Reset complete, nodes are clean
[21:19:50]   Next: Start your application
[21:19:50] Transferring gol.c to edge-node-1...
[21:19:50] Compiling gol.c on edge-node-1...
[21:19:50] Starting gol on edge-node-1...
✓ C gol running (PID: 2529949)
[21:19:52] ✓ Gol started
[21:19:55] Starting postcopy migration...
[21:19:55] Source: edge-node-1, Dest: edge-node-2
[21:19:55] Transfer mode: direct

[21:19:55] === POST-COPY (LAZY-PAGES) MIGRATION ===
[21:19:55] Step 1: Checking source process...
[21:19:55]   Using PID from /home/ubuntu/gol.pid: 2529949
[21:19:55]   Last gol value (pre-freeze): 
[21:19:57]   Page-server endpoint: 10.22.132.29:9999
[21:19:57] Step 2: Final dump (freezing service) with --lazy-pages...
[21:19:57]   Dump PID: 2530443
[21:19:58]   Dump init time (approx freeze duration): 1026 ms
[21:19:58]   Frozen last gol value: 
[21:19:58]   Expected after restore: unknown
[21:19:58] Step 3: Page-server ready on source (served by dump process)
[21:19:58] Step 4: Creating archive...
[21:19:59]   Archive size: 23438 bytes
[21:19:59] Step 5: Transferring archive...
[21:19:59]   Setting up direct SSH trust...
Setting up SSH trust: edge-node-1 → ubuntu@10.22.132.239
  Adding public key to destination's authorized_keys...
  Testing SSH connectivity...
  ✓ SSH trust ready
Setting up SSH trust: edge-node-1 → ubuntu@10.22.132.239
  Adding public key to destination's authorized_keys...
  Testing SSH connectivity...
  ✓ SSH trust ready
  Transferring /home/ubuntu/CRIU-gol.tar.gz via SCP...
[21:20:04]   Transfer time: 2865 ms
[21:20:04] Step 6: Unpacking on destination...
[21:20:04] Step 6.8: Ensuring /tmp/gol binary is present on destination...
[21:20:04] Step 7: Starting lazy-pages daemon on destination...
[21:20:05]   Lazy-pages PID: 2352007
[21:20:05] Step 8: Restoring process...
[21:20:06]   Restore time: 337 ms
[21:20:06]   Restored PID: 2529949 (written to /home/ubuntu/gol.pid)
[21:20:06] Step 9: Verifying migration...
[21:20:09] WARNING: Could not validate restored process state
[21:20:09] Total downtime: 4228 ms (dump: 1026 + transfer: 2865 + restore: 337)
[21:20:11] Metrics saved to /home/ivo/Documents/University/4to/Thesis-AAAAAAAa/Container-vs-Wasm-Service-Migration/Game-of-life-migration/metrics/migration_metrics.csv

=== RUN 22-04-2026-direct-postcopy-0012 ===

[21:20:11] Resetting nodes: edge-node-1 -> edge-node-2
[21:20:11] Step 1: Killing any existing processes on source...
[21:20:12]   Killing PID 2529949 (from /home/ubuntu/app.pid)
[21:20:12]   Killing PID 2529949 (from /home/ubuntu/gol.pid)
[21:20:13]   Killing any remaining background processes...
[21:20:14] Step 2: Cleaning source node...
[21:20:15] Step 3: Cleaning destination node...
[21:20:16]   Killing PID 2529949 on destination (from /home/ubuntu/app.pid)
[21:20:17]   Killing PID 2529949 on destination (from /home/ubuntu/gol.pid)
[21:20:17]   Killing all remaining gol processes on destination...
[21:20:20] ✓ Reset complete, nodes are clean
[21:20:20]   Next: Start your application
[21:20:20] Transferring gol.c to edge-node-1...
[21:20:21] Compiling gol.c on edge-node-1...
[21:20:21] Starting gol on edge-node-1...
✓ C gol running (PID: 2532018)
[21:20:22] ✓ Gol started
[21:20:25] Starting postcopy migration...
[21:20:25] Source: edge-node-1, Dest: edge-node-2
[21:20:25] Transfer mode: direct

[21:20:25] === POST-COPY (LAZY-PAGES) MIGRATION ===
[21:20:25] Step 1: Checking source process...
[21:20:26]   Using PID from /home/ubuntu/gol.pid: 2532018
[21:20:26]   Last gol value (pre-freeze): 
[21:20:28]   Page-server endpoint: 10.22.132.29:9999
[21:20:28] Step 2: Final dump (freezing service) with --lazy-pages...
[21:20:28]   Dump PID: 2532511
[21:20:29]   Dump init time (approx freeze duration): 1019 ms
[21:20:29]   Frozen last gol value: 
[21:20:29]   Expected after restore: unknown
[21:20:29] Step 3: Page-server ready on source (served by dump process)
[21:20:29] Step 4: Creating archive...
[21:20:30]   Archive size: 23323 bytes
[21:20:30] Step 5: Transferring archive...
[21:20:30]   Setting up direct SSH trust...
Setting up SSH trust: edge-node-1 → ubuntu@10.22.132.239
  Adding public key to destination's authorized_keys...
  Testing SSH connectivity...
  ✓ SSH trust ready
Setting up SSH trust: edge-node-1 → ubuntu@10.22.132.239
  Adding public key to destination's authorized_keys...
  Testing SSH connectivity...
  ✓ SSH trust ready
  Transferring /home/ubuntu/CRIU-gol.tar.gz via SCP...
[21:20:34]   Transfer time: 3170 ms
[21:20:34] Step 6: Unpacking on destination...
[21:20:35] Step 6.8: Ensuring /tmp/gol binary is present on destination...
[21:20:35] Step 7: Starting lazy-pages daemon on destination...
[21:20:36]   Lazy-pages PID: 2353889
[21:20:36] Step 8: Restoring process...
[21:20:36]   Restore time: 329 ms
[21:20:37]   Restored PID: 2532018 (written to /home/ubuntu/gol.pid)
[21:20:37] Step 9: Verifying migration...
[21:20:40] WARNING: Could not validate restored process state
[21:20:40] Total downtime: 4518 ms (dump: 1019 + transfer: 3170 + restore: 329)
[21:20:41] Metrics saved to /home/ivo/Documents/University/4to/Thesis-AAAAAAAa/Container-vs-Wasm-Service-Migration/Game-of-life-migration/metrics/migration_metrics.csv

=== RUN 22-04-2026-direct-postcopy-0013 ===

[21:20:42] Resetting nodes: edge-node-1 -> edge-node-2
[21:20:42] Step 1: Killing any existing processes on source...
[21:20:42]   Killing PID 2532018 (from /home/ubuntu/app.pid)
[21:20:43]   Killing PID 2532018 (from /home/ubuntu/gol.pid)
[21:20:44]   Killing any remaining background processes...
[21:20:45] Step 2: Cleaning source node...
[21:20:46] Step 3: Cleaning destination node...
[21:20:47]   Killing PID 2532018 on destination (from /home/ubuntu/app.pid)
[21:20:48]   Killing PID 2532018 on destination (from /home/ubuntu/gol.pid)
[21:20:48]   Killing all remaining gol processes on destination...
[21:20:52] ✓ Reset complete, nodes are clean
[21:20:52]   Next: Start your application
[21:20:52] Transferring gol.c to edge-node-1...
[21:20:52] Compiling gol.c on edge-node-1...
[21:20:52] Starting gol on edge-node-1...
✓ C gol running (PID: 2534075)
[21:20:54] ✓ Gol started
[21:20:56] Starting postcopy migration...
[21:20:56] Source: edge-node-1, Dest: edge-node-2
[21:20:56] Transfer mode: direct

[21:20:56] === POST-COPY (LAZY-PAGES) MIGRATION ===
[21:20:56] Step 1: Checking source process...
[21:20:57]   Using PID from /home/ubuntu/gol.pid: 2534075
[21:20:57]   Last gol value (pre-freeze): 
[21:20:59]   Page-server endpoint: 10.22.132.29:9999
[21:20:59] Step 2: Final dump (freezing service) with --lazy-pages...
[21:20:59]   Dump PID: 2534568
[21:21:00]   Dump init time (approx freeze duration): 1071 ms
[21:21:00]   Frozen last gol value: 
[21:21:00]   Expected after restore: unknown
[21:21:00] Step 3: Page-server ready on source (served by dump process)
[21:21:00] Step 4: Creating archive...
[21:21:01]   Archive size: 23217 bytes
[21:21:01] Step 5: Transferring archive...
[21:21:01]   Setting up direct SSH trust...
Setting up SSH trust: edge-node-1 → ubuntu@10.22.132.239
  Adding public key to destination's authorized_keys...
  Testing SSH connectivity...
  ✓ SSH trust ready
Setting up SSH trust: edge-node-1 → ubuntu@10.22.132.239
  Adding public key to destination's authorized_keys...
  Testing SSH connectivity...
  ✓ SSH trust ready
  Transferring /home/ubuntu/CRIU-gol.tar.gz via SCP...
[21:21:06]   Transfer time: 3093 ms
[21:21:06] Step 6: Unpacking on destination...
[21:21:06] Step 6.8: Ensuring /tmp/gol binary is present on destination...
[21:21:07] Step 7: Starting lazy-pages daemon on destination...
[21:21:07]   Lazy-pages PID: 2355780
[21:21:07] Step 8: Restoring process...
[21:21:08]   Restore time: 317 ms
[21:21:08]   Restored PID: 2534075 (written to /home/ubuntu/gol.pid)
[21:21:08] Step 9: Verifying migration...
[21:21:11] WARNING: Could not validate restored process state
[21:21:11] Total downtime: 4481 ms (dump: 1071 + transfer: 3093 + restore: 317)
[21:21:13] Metrics saved to /home/ivo/Documents/University/4to/Thesis-AAAAAAAa/Container-vs-Wasm-Service-Migration/Game-of-life-migration/metrics/migration_metrics.csv

=== RUN 22-04-2026-direct-postcopy-0014 ===

[21:21:13] Resetting nodes: edge-node-1 -> edge-node-2
[21:21:13] Step 1: Killing any existing processes on source...
[21:21:14]   Killing PID 2534075 (from /home/ubuntu/app.pid)
[21:21:14]   Killing PID 2534075 (from /home/ubuntu/gol.pid)
[21:21:15]   Killing any remaining background processes...
[21:21:16] Step 2: Cleaning source node...
[21:21:17] Step 3: Cleaning destination node...
[21:21:18]   Killing PID 2534075 on destination (from /home/ubuntu/app.pid)
[21:21:18]   Killing PID 2534075 on destination (from /home/ubuntu/gol.pid)
[21:21:19]   Killing all remaining gol processes on destination...
[21:21:22] ✓ Reset complete, nodes are clean
[21:21:22]   Next: Start your application
[21:21:22] Transferring gol.c to edge-node-1...
[21:21:23] Compiling gol.c on edge-node-1...
[21:21:23] Starting gol on edge-node-1...
✓ C gol running (PID: 2536142)
[21:21:24] ✓ Gol started
[21:21:27] Starting postcopy migration...
[21:21:27] Source: edge-node-1, Dest: edge-node-2
[21:21:27] Transfer mode: direct

[21:21:27] === POST-COPY (LAZY-PAGES) MIGRATION ===
[21:21:27] Step 1: Checking source process...
[21:21:27]   Using PID from /home/ubuntu/gol.pid: 2536142
[21:21:28]   Last gol value (pre-freeze): 
[21:21:29]   Page-server endpoint: 10.22.132.29:9999
[21:21:29] Step 2: Final dump (freezing service) with --lazy-pages...
[21:21:30]   Dump PID: 2536635
[21:21:30]   Dump init time (approx freeze duration): 1010 ms
[21:21:30]   Frozen last gol value: 
[21:21:30]   Expected after restore: unknown
[21:21:30] Step 3: Page-server ready on source (served by dump process)
[21:21:30] Step 4: Creating archive...
[21:21:31]   Archive size: 23270 bytes
[21:21:31] Step 5: Transferring archive...
[21:21:31]   Setting up direct SSH trust...
Setting up SSH trust: edge-node-1 → ubuntu@10.22.132.239
  Adding public key to destination's authorized_keys...
  Testing SSH connectivity...
  ✓ SSH trust ready
Setting up SSH trust: edge-node-1 → ubuntu@10.22.132.239
  Adding public key to destination's authorized_keys...
  Testing SSH connectivity...
  ✓ SSH trust ready
  Transferring /home/ubuntu/CRIU-gol.tar.gz via SCP...
[21:21:36]   Transfer time: 2861 ms
[21:21:36] Step 6: Unpacking on destination...
[21:21:36] Step 6.8: Ensuring /tmp/gol binary is present on destination...
[21:21:37] Step 7: Starting lazy-pages daemon on destination...
[21:21:37]   Lazy-pages PID: 2357661
[21:21:37] Step 8: Restoring process...
[21:21:38]   Restore time: 322 ms
[21:21:38]   Restored PID: 2536142 (written to /home/ubuntu/gol.pid)
[21:21:38] Step 9: Verifying migration...
[21:21:41] WARNING: Could not validate restored process state
[21:21:41] Total downtime: 4193 ms (dump: 1010 + transfer: 2861 + restore: 322)
[21:21:42] Metrics saved to /home/ivo/Documents/University/4to/Thesis-AAAAAAAa/Container-vs-Wasm-Service-Migration/Game-of-life-migration/metrics/migration_metrics.csv

=== RUN 22-04-2026-direct-postcopy-0015 ===

[21:21:43] Resetting nodes: edge-node-1 -> edge-node-2
[21:21:43] Step 1: Killing any existing processes on source...
[21:21:43]   Killing PID 2536142 (from /home/ubuntu/app.pid)
[21:21:44]   Killing PID 2536142 (from /home/ubuntu/gol.pid)
[21:21:45]   Killing any remaining background processes...
[21:21:46] Step 2: Cleaning source node...
[21:21:47] Step 3: Cleaning destination node...
[21:21:48]   Killing PID 2536142 on destination (from /home/ubuntu/app.pid)
[21:21:48]   Killing PID 2536142 on destination (from /home/ubuntu/gol.pid)
[21:21:49]   Killing all remaining gol processes on destination...
[21:21:52] ✓ Reset complete, nodes are clean
[21:21:52]   Next: Start your application
[21:21:52] Transferring gol.c to edge-node-1...
[21:21:52] Compiling gol.c on edge-node-1...
[21:21:53] Starting gol on edge-node-1...
✓ C gol running (PID: 2538200)
[21:21:54] ✓ Gol started
[21:21:57] Starting postcopy migration...
[21:21:57] Source: edge-node-1, Dest: edge-node-2
[21:21:57] Transfer mode: direct

[21:21:57] === POST-COPY (LAZY-PAGES) MIGRATION ===
[21:21:57] Step 1: Checking source process...
[21:21:57]   Using PID from /home/ubuntu/gol.pid: 2538200
[21:21:58]   Last gol value (pre-freeze): 
[21:21:59]   Page-server endpoint: 10.22.132.29:9999
[21:21:59] Step 2: Final dump (freezing service) with --lazy-pages...
[21:22:00]   Dump PID: 2538693
[21:22:00]   Dump init time (approx freeze duration): 995 ms
[21:22:00]   Frozen last gol value: 
[21:22:00]   Expected after restore: unknown
[21:22:00] Step 3: Page-server ready on source (served by dump process)
[21:22:00] Step 4: Creating archive...
[21:22:01]   Archive size: 23302 bytes
[21:22:01] Step 5: Transferring archive...
[21:22:01]   Setting up direct SSH trust...
Setting up SSH trust: edge-node-1 → ubuntu@10.22.132.239
  Adding public key to destination's authorized_keys...
  Testing SSH connectivity...
  ✓ SSH trust ready
Setting up SSH trust: edge-node-1 → ubuntu@10.22.132.239
  Adding public key to destination's authorized_keys...
  Testing SSH connectivity...
  ✓ SSH trust ready
  Transferring /home/ubuntu/CRIU-gol.tar.gz via SCP...
[21:22:06]   Transfer time: 2810 ms
[21:22:06] Step 6: Unpacking on destination...
[21:22:06] Step 6.8: Ensuring /tmp/gol binary is present on destination...
[21:22:07] Step 7: Starting lazy-pages daemon on destination...
[21:22:07]   Lazy-pages PID: 2359551
[21:22:07] Step 8: Restoring process...
[21:22:08]   Restore time: 316 ms
[21:22:08]   Restored PID: 2538200 (written to /home/ubuntu/gol.pid)
[21:22:08] Step 9: Verifying migration...
[21:22:11] WARNING: Could not validate restored process state
[21:22:11] Total downtime: 4121 ms (dump: 995 + transfer: 2810 + restore: 316)
[21:22:12] Metrics saved to /home/ivo/Documents/University/4to/Thesis-AAAAAAAa/Container-vs-Wasm-Service-Migration/Game-of-life-migration/metrics/migration_metrics.csv

=== RUN 22-04-2026-direct-postcopy-0016 ===

[21:22:13] Resetting nodes: edge-node-1 -> edge-node-2
[21:22:13] Step 1: Killing any existing processes on source...
[21:22:14]   Killing PID 2538200 (from /home/ubuntu/app.pid)
[21:22:14]   Killing PID 2538200 (from /home/ubuntu/gol.pid)
[21:22:15]   Killing any remaining background processes...
[21:22:16] Step 2: Cleaning source node...
[21:22:17] Step 3: Cleaning destination node...
[21:22:18]   Killing PID 2538200 on destination (from /home/ubuntu/app.pid)
[21:22:18]   Killing PID 2538200 on destination (from /home/ubuntu/gol.pid)
[21:22:19]   Killing all remaining gol processes on destination...
[21:22:22] ✓ Reset complete, nodes are clean
[21:22:22]   Next: Start your application
[21:22:22] Transferring gol.c to edge-node-1...
[21:22:22] Compiling gol.c on edge-node-1...
[21:22:23] Starting gol on edge-node-1...
✓ C gol running (PID: 2540265)
[21:22:24] ✓ Gol started
[21:22:27] Starting postcopy migration...
[21:22:27] Source: edge-node-1, Dest: edge-node-2
[21:22:27] Transfer mode: direct

[21:22:27] === POST-COPY (LAZY-PAGES) MIGRATION ===
[21:22:27] Step 1: Checking source process...
[21:22:27]   Using PID from /home/ubuntu/gol.pid: 2540265
[21:22:28]   Last gol value (pre-freeze): 
[21:22:29]   Page-server endpoint: 10.22.132.29:9999
[21:22:29] Step 2: Final dump (freezing service) with --lazy-pages...
[21:22:30]   Dump PID: 2540758
[21:22:30]   Dump init time (approx freeze duration): 999 ms
[21:22:30]   Frozen last gol value: 
[21:22:30]   Expected after restore: unknown
[21:22:30] Step 3: Page-server ready on source (served by dump process)
[21:22:30] Step 4: Creating archive...
[21:22:31]   Archive size: 23482 bytes
[21:22:31] Step 5: Transferring archive...
[21:22:31]   Setting up direct SSH trust...
Setting up SSH trust: edge-node-1 → ubuntu@10.22.132.239
  Adding public key to destination's authorized_keys...
  Testing SSH connectivity...
  ✓ SSH trust ready
Setting up SSH trust: edge-node-1 → ubuntu@10.22.132.239
  Adding public key to destination's authorized_keys...
  Testing SSH connectivity...
  ✓ SSH trust ready
  Transferring /home/ubuntu/CRIU-gol.tar.gz via SCP...
[21:22:36]   Transfer time: 2847 ms
[21:22:36] Step 6: Unpacking on destination...
[21:22:36] Step 6.8: Ensuring /tmp/gol binary is present on destination...
[21:22:37] Step 7: Starting lazy-pages daemon on destination...
[21:22:37]   Lazy-pages PID: 2361432
[21:22:38] Step 8: Restoring process...
[21:22:38]   Restore time: 325 ms
[21:22:38]   Restored PID: 2540265 (written to /home/ubuntu/gol.pid)
[21:22:38] Step 9: Verifying migration...
[21:22:42] WARNING: Could not validate restored process state
[21:22:42] Total downtime: 4171 ms (dump: 999 + transfer: 2847 + restore: 325)
[21:22:43] Metrics saved to /home/ivo/Documents/University/4to/Thesis-AAAAAAAa/Container-vs-Wasm-Service-Migration/Game-of-life-migration/metrics/migration_metrics.csv

=== RUN 22-04-2026-direct-postcopy-0017 ===

[21:22:43] Resetting nodes: edge-node-1 -> edge-node-2
[21:22:43] Step 1: Killing any existing processes on source...
[21:22:44]   Killing PID 2540265 (from /home/ubuntu/app.pid)
[21:22:44]   Killing PID 2540265 (from /home/ubuntu/gol.pid)
[21:22:45]   Killing any remaining background processes...
[21:22:46] Step 2: Cleaning source node...
[21:22:47] Step 3: Cleaning destination node...
[21:22:48]   Killing PID 2540265 on destination (from /home/ubuntu/app.pid)
[21:22:49]   Killing PID 2540265 on destination (from /home/ubuntu/gol.pid)
[21:22:49]   Killing all remaining gol processes on destination...
[21:22:53] ✓ Reset complete, nodes are clean
[21:22:53]   Next: Start your application
[21:22:53] Transferring gol.c to edge-node-1...
[21:22:53] Compiling gol.c on edge-node-1...
[21:22:53] Starting gol on edge-node-1...
✓ C gol running (PID: 2542321)
[21:22:54] ✓ Gol started
[21:22:57] Starting postcopy migration...
[21:22:57] Source: edge-node-1, Dest: edge-node-2
[21:22:57] Transfer mode: direct

[21:22:57] === POST-COPY (LAZY-PAGES) MIGRATION ===
[21:22:57] Step 1: Checking source process...
[21:22:58]   Using PID from /home/ubuntu/gol.pid: 2542321
[21:22:58]   Last gol value (pre-freeze): 
[21:22:59]   Page-server endpoint: 10.22.132.29:9999
[21:22:59] Step 2: Final dump (freezing service) with --lazy-pages...
[21:23:00]   Dump PID: 2542814
[21:23:00]   Dump init time (approx freeze duration): 998 ms
[21:23:01]   Frozen last gol value: 
[21:23:01]   Expected after restore: unknown
[21:23:01] Step 3: Page-server ready on source (served by dump process)
[21:23:01] Step 4: Creating archive...
[21:23:01]   Archive size: 23229 bytes
[21:23:01] Step 5: Transferring archive...
[21:23:01]   Setting up direct SSH trust...
Setting up SSH trust: edge-node-1 → ubuntu@10.22.132.239
  Adding public key to destination's authorized_keys...
  Testing SSH connectivity...
  ✓ SSH trust ready
✓ Saved: /home/ivo/Documents/University/4to/Thesis-AAAAAAAa/Container-vs-Wasm-Service-Migration/Game-of-life-migration/metrics/plots/22-04-2026-gol-cold-precopy-postcopy-h20-d20-i3-relay-edge-host-1-snap-plots-202346/downtime_comparison.png
✓ Saved: /home/ivo/Documents/University/4to/Thesis-AAAAAAAa/Container-vs-Wasm-Service-Migration/Game-of-life-migration/metrics/plots/22-04-2026-gol-cold-precopy-postcopy-h20-d20-i3-relay-edge-host-1-snap-plots-202346/phase_breakdown.png
✓ Saved: /home/ivo/Documents/University/4to/Thesis-AAAAAAAa/Container-vs-Wasm-Service-Migration/Game-of-life-migration/metrics/plots/22-04-2026-gol-cold-precopy-postcopy-h20-d20-i3-relay-edge-host-1-snap-plots-202346/transfer_analysis.png
✓ Saved: /home/ivo/Documents/University/4to/Thesis-AAAAAAAa/Container-vs-Wasm-Service-Migration/Game-of-life-migration/metrics/plots/22-04-2026-gol-cold-precopy-postcopy-h20-d20-i3-relay-edge-host-1-snap-plots-202346/node_exporter_summary.png
✓ Saved: /home/ivo/Documents/University/4to/Thesis-AAAAAAAa/Container-vs-Wasm-Service-Migration/Game-of-life-migration/metrics/plots/22-04-2026-gol-cold-precopy-postcopy-h20-d20-i3-relay-edge-host-1-snap-plots-202346/node_exporter_by_node.png
✓ Plots written to: /home/ivo/Documents/University/4to/Thesis-AAAAAAAa/Container-vs-Wasm-Service-Migration/Game-of-life-migration/metrics/plots/22-04-2026-gol-cold-precopy-postcopy-h20-d20-i3-relay-edge-host-1-snap-plots-202346
Setting up SSH trust: edge-node-1 → ubuntu@10.22.132.239
  Adding public key to destination's authorized_keys...
  Testing SSH connectivity...
  ✓ SSH trust ready
  Transferring /home/ubuntu/CRIU-gol.tar.gz via SCP...
[21:23:06]   Transfer time: 2835 ms
[21:23:06] Step 6: Unpacking on destination...
[21:23:07] Step 6.8: Ensuring /tmp/gol binary is present on destination...
[21:23:07] Step 7: Starting lazy-pages daemon on destination...
[21:23:07]   Lazy-pages PID: 2363322
[21:23:08] Step 8: Restoring process...
[21:23:08]   Restore time: 329 ms
[21:23:08]   Restored PID: 2542321 (written to /home/ubuntu/gol.pid)
[21:23:08] Step 9: Verifying migration...
[21:23:12] WARNING: Could not validate restored process state
[21:23:12] Total downtime: 4162 ms (dump: 998 + transfer: 2835 + restore: 329)
[21:23:13] Metrics saved to /home/ivo/Documents/University/4to/Thesis-AAAAAAAa/Container-vs-Wasm-Service-Migration/Game-of-life-migration/metrics/migration_metrics.csv

=== RUN 22-04-2026-direct-postcopy-0018 ===

[21:23:14] Resetting nodes: edge-node-1 -> edge-node-2
[21:23:14] Step 1: Killing any existing processes on source...
[21:23:14]   Killing PID 2542321 (from /home/ubuntu/app.pid)
[21:23:15]   Killing PID 2542321 (from /home/ubuntu/gol.pid)
[21:23:15]   Killing any remaining background processes...
[21:23:17] Step 2: Cleaning source node...
[21:23:18] Step 3: Cleaning destination node...
[21:23:18]   Killing PID 2542321 on destination (from /home/ubuntu/app.pid)
[21:23:19]   Killing PID 2542321 on destination (from /home/ubuntu/gol.pid)
[21:23:19]   Killing all remaining gol processes on destination...
[21:23:23] ✓ Reset complete, nodes are clean
[21:23:23]   Next: Start your application
[21:23:23] Transferring gol.c to edge-node-1...
[21:23:23] Compiling gol.c on edge-node-1...
[21:23:23] Starting gol on edge-node-1...
✓ C gol running (PID: 2544385)
[21:23:24] ✓ Gol started
[21:23:27] Starting postcopy migration...
[21:23:27] Source: edge-node-1, Dest: edge-node-2
[21:23:27] Transfer mode: direct

[21:23:27] === POST-COPY (LAZY-PAGES) MIGRATION ===
[21:23:27] Step 1: Checking source process...
[21:23:28]   Using PID from /home/ubuntu/gol.pid: 2544385
[21:23:28]   Last gol value (pre-freeze): 
[21:23:29]   Page-server endpoint: 10.22.132.29:9999
[21:23:29] Step 2: Final dump (freezing service) with --lazy-pages...
[21:23:30]   Dump PID: 2544878
[21:23:30]   Dump init time (approx freeze duration): 999 ms
[21:23:31]   Frozen last gol value: 
[21:23:31]   Expected after restore: unknown
[21:23:31] Step 3: Page-server ready on source (served by dump process)
[21:23:31] Step 4: Creating archive...
[21:23:31]   Archive size: 23243 bytes
[21:23:31] Step 5: Transferring archive...
[21:23:31]   Setting up direct SSH trust...
Setting up SSH trust: edge-node-1 → ubuntu@10.22.132.239
  Adding public key to destination's authorized_keys...
  Testing SSH connectivity...
  ✓ SSH trust ready
Setting up SSH trust: edge-node-1 → ubuntu@10.22.132.239
  Adding public key to destination's authorized_keys...
  Testing SSH connectivity...
  ✓ SSH trust ready
  Transferring /home/ubuntu/CRIU-gol.tar.gz via SCP...
[21:23:36]   Transfer time: 2802 ms
[21:23:36] Step 6: Unpacking on destination...
[21:23:37] Step 6.8: Ensuring /tmp/gol binary is present on destination...
[21:23:37] Step 7: Starting lazy-pages daemon on destination...
[21:23:37]   Lazy-pages PID: 2365196
[21:23:37] Step 8: Restoring process...
[21:23:38]   Restore time: 326 ms
[21:23:38]   Restored PID: 2544385 (written to /home/ubuntu/gol.pid)
[21:23:38] Step 9: Verifying migration...
[21:23:42] WARNING: Could not validate restored process state
[21:23:42] Total downtime: 4127 ms (dump: 999 + transfer: 2802 + restore: 326)
[21:23:43] Metrics saved to /home/ivo/Documents/University/4to/Thesis-AAAAAAAa/Container-vs-Wasm-Service-Migration/Game-of-life-migration/metrics/migration_metrics.csv

=== RUN 22-04-2026-direct-postcopy-0019 ===

[21:23:43] Resetting nodes: edge-node-1 -> edge-node-2
[21:23:43] Step 1: Killing any existing processes on source...
[21:23:44]   Killing PID 2544385 (from /home/ubuntu/app.pid)
[21:23:44]   Killing PID 2544385 (from /home/ubuntu/gol.pid)
[21:23:45]   Killing any remaining background processes...
[21:23:46] Step 2: Cleaning source node...
[21:23:47] Step 3: Cleaning destination node...
[21:23:48]   Killing PID 2544385 on destination (from /home/ubuntu/app.pid)
[21:23:49]   Killing PID 2544385 on destination (from /home/ubuntu/gol.pid)
[21:23:49]   Killing all remaining gol processes on destination...
[21:23:52] ✓ Reset complete, nodes are clean
[21:23:52]   Next: Start your application
[21:23:52] Transferring gol.c to edge-node-1...
[21:23:53] Compiling gol.c on edge-node-1...
[21:23:53] Starting gol on edge-node-1...
✓ C gol running (PID: 2546434)
[21:23:55] ✓ Gol started
[21:23:57] Starting postcopy migration...
[21:23:57] Source: edge-node-1, Dest: edge-node-2
[21:23:57] Transfer mode: direct

[21:23:57] === POST-COPY (LAZY-PAGES) MIGRATION ===
[21:23:57] Step 1: Checking source process...
[21:23:58]   Using PID from /home/ubuntu/gol.pid: 2546434
[21:23:58]   Last gol value (pre-freeze): 
[21:24:00]   Page-server endpoint: 10.22.132.29:9999
[21:24:00] Step 2: Final dump (freezing service) with --lazy-pages...
[21:24:00]   Dump PID: 2546935
[21:24:01]   Dump init time (approx freeze duration): 1001 ms
[21:24:01]   Frozen last gol value: 
[21:24:01]   Expected after restore: unknown
[21:24:01] Step 3: Page-server ready on source (served by dump process)
[21:24:01] Step 4: Creating archive...
[21:24:02]   Archive size: 23334 bytes
[21:24:02] Step 5: Transferring archive...
[21:24:02]   Setting up direct SSH trust...
Setting up SSH trust: edge-node-1 → ubuntu@10.22.132.239
  Adding public key to destination's authorized_keys...
  Testing SSH connectivity...
  ✓ SSH trust ready
Setting up SSH trust: edge-node-1 → ubuntu@10.22.132.239
  Adding public key to destination's authorized_keys...
  Testing SSH connectivity...
  ✓ SSH trust ready
  Transferring /home/ubuntu/CRIU-gol.tar.gz via SCP...
[21:24:06]   Transfer time: 2847 ms
[21:24:06] Step 6: Unpacking on destination...
[21:24:07] Step 6.8: Ensuring /tmp/gol binary is present on destination...
[21:24:07] Step 7: Starting lazy-pages daemon on destination...
[21:24:08]   Lazy-pages PID: 2367089
[21:24:08] Step 8: Restoring process...
[21:24:08]   Restore time: 330 ms
[21:24:08]   Restored PID: 2546434 (written to /home/ubuntu/gol.pid)
[21:24:09] Step 9: Verifying migration...
[21:24:12] WARNING: Could not validate restored process state
[21:24:12] Total downtime: 4178 ms (dump: 1001 + transfer: 2847 + restore: 330)
[21:24:13] Metrics saved to /home/ivo/Documents/University/4to/Thesis-AAAAAAAa/Container-vs-Wasm-Service-Migration/Game-of-life-migration/metrics/migration_metrics.csv

All runs complete. Log: /home/ivo/Documents/University/4to/Thesis-AAAAAAAa/Container-vs-Wasm-Service-Migration/Game-of-life-migration/metrics/run_logs/22-04-2026-gol-cold-precopy-postcopy-h20-d20-i3-relay-edge-host-1-snap-plots-202346.log
